DATETIME, MESSAGE: 
2015-04-12T09:01:36, Setup Complete
2015-04-12T09:01:38, Data: 2015-04-12T09:01:36,3.92,25631,1754.00,1772.00,1769.00,7.05,45.28,8.59,899.05
2015-04-12T09:01:38, Add row to /TRACKING.csv
2015-04-12T09:01:38, Number of rows in /TRACKING.csv: 1
2015-04-12T09:01:41, Done loop ...
2015-04-12T09:03:01, Setup Complete
2015-04-12T09:03:03, Data: 2015-04-12T09:03:01,3.91,25631,1764.00,1768.00,1766.00,6.92,44.85,7.63,899.03
2015-04-12T09:03:04, Add row to /TRACKING.csv
2015-04-12T09:03:04, Number of rows in /TRACKING.csv: 2
2015-04-12T09:03:06, Done loop ...
2000-01-01T00:00:00, RTC Initialization Failed - Using Default Time
2000-01-01T00:00:00, Setup Complete
2000-01-01T00:00:00, Data: 2000-01-01T00:00:00,4.11,25555,1764.00,1772.00,1769.50,7.14,41.14,8.32,899.05
2000-01-01T00:00:00, Add row to /TRACKING.csv
2000-01-01T00:00:00, Number of rows in /TRACKING.csv: 3
2000-01-01T00:00:00, Done loop ...
2009-12-30T16:44:04, Setup Complete
2009-12-30T16:44:06, Data: 2009-12-30T16:44:04,3.91,25631,1765.00,1772.00,1770.00,7.09,40.39,8.23,899.07
2009-12-30T16:44:06, Add row to /TRACKING.csv
2009-12-30T16:44:06, Number of rows in /TRACKING.csv: 4
2009-12-30T16:44:10, Number of rows in /TRACKING.csv is >= 4
2009-12-30T16:44:10, Remove tracking
2009-12-30T16:44:10, Write to /TRANSMIT.csv: 2009-12-30T16:44:04,3.91,1765.00,7.1,40
2009-12-30T16:44:10, Number of rows in /TRANSMIT.csv: 1
2009-12-30T16:44:10, Current hour = 16, Transmission hour = 1
2009-12-30T16:44:10, Current hour = 16, Transmission hour = 6
2009-12-30T16:44:10, Current hour = 16, Transmission hour = 8
2009-12-30T16:44:10, Current hour = 16, Transmission hour = 10
2009-12-30T16:44:10, Current hour = 16, Transmission hour = 15
2009-12-30T16:44:10, Current hour = 16, Transmission hour = 20
2009-12-30T16:44:10, Current hour = 16, Transmission hour = 22
2009-12-30T16:44:10, Done loop ...
2009-12-30T16:44:30, Setup Complete
2009-12-30T16:44:32, Data: 2009-12-30T16:44:30,3.92,25631,1765.00,1770.00,1768.00,7.05,39.50,7.97,899.10
2009-12-30T16:44:32, Add row to /TRACKING.csv
2009-12-30T16:44:33, Number of rows in /TRACKING.csv: 1
2009-12-30T16:44:35, Done loop ...
2009-12-30T16:44:52, Setup Complete
2009-12-30T16:44:54, Data: 2009-12-30T16:44:52,3.93,25631,1763.00,1772.00,1765.50,7.05,41.09,7.98,899.08
2009-12-30T16:44:54, Add row to /TRACKING.csv
2009-12-30T16:44:54, Number of rows in /TRACKING.csv: 2
2009-12-30T16:44:57, Done loop ...
2009-12-30T16:45:11, Setup Complete
2009-12-30T16:45:13, Data: 2009-12-30T16:45:11,3.97,25631,1767.00,1773.00,1769.00,7.04,43.14,7.98,899.19
2009-12-30T16:45:13, Add row to /TRACKING.csv
2009-12-30T16:45:14, Number of rows in /TRACKING.csv: 3
2009-12-30T16:45:17, Done loop ...
2009-12-30T16:45:37, Setup Complete
2009-12-30T16:45:39, Data: 2009-12-30T16:45:37,3.91,25631,1770.00,1775.00,1772.00,7.04,45.60,8.09,899.07
2009-12-30T16:45:39, Add row to /TRACKING.csv
2009-12-30T16:45:39, Number of rows in /TRACKING.csv: 4
2009-12-30T16:45:42, Number of rows in /TRACKING.csv is >= 4
2009-12-30T16:45:42, Remove tracking
2009-12-30T16:45:43, Write to /TRANSMIT.csv: 2009-12-30T16:45:37,3.91,1770.00,7.0,46
2009-12-30T16:45:43, Number of rows in /TRANSMIT.csv: 2
2009-12-30T16:45:43, Current hour = 16, Transmission hour = 1
2009-12-30T16:45:43, Current hour = 16, Transmission hour = 6
2009-12-30T16:45:43, Current hour = 16, Transmission hour = 8
2009-12-30T16:45:43, Current hour = 16, Transmission hour = 10
2009-12-30T16:45:43, Current hour = 16, Transmission hour = 15
2009-12-30T16:45:43, Current hour = 16, Transmission hour = 20
2009-12-30T16:45:43, Current hour = 16, Transmission hour = 22
2009-12-30T16:45:43, Done loop ...
2009-12-30T16:46:03, Setup Complete
2009-12-30T16:46:05, Data: 2009-12-30T16:46:03,3.92,25631,1763.00,1767.00,1765.00,6.58,36.49,12.14,899.06
2009-12-30T16:46:05, Add row to /TRACKING.csv
2009-12-30T16:46:06, Number of rows in /TRACKING.csv: 1
2009-12-30T16:46:08, Done loop ...
2009-12-30T16:46:27, Setup Complete
2009-12-30T16:46:29, Data: 2009-12-30T16:46:27,3.92,25631,1767.00,1770.00,1768.00,7.90,46.31,12.89,899.15
2009-12-30T16:46:29, Add row to /TRACKING.csv
2009-12-30T16:46:29, Number of rows in /TRACKING.csv: 2
2009-12-30T16:46:32, Done loop ...
2009-12-30T16:46:51, Setup Complete
2009-12-30T16:46:53, Data: 2009-12-30T16:46:51,3.91,25631,1769.00,1774.00,1772.00,7.46,48.50,13.22,899.10
2009-12-30T16:46:53, Add row to /TRACKING.csv
2009-12-30T16:46:53, Number of rows in /TRACKING.csv: 3
2009-12-30T16:46:56, Done loop ...
2009-12-30T16:47:16, Setup Complete
2009-12-30T16:47:18, Data: 2009-12-30T16:47:16,3.91,25631,1757.00,1764.00,1763.00,6.37,51.94,12.28,898.98
2009-12-30T16:47:18, Add row to /TRACKING.csv
2009-12-30T16:47:19, Number of rows in /TRACKING.csv: 4
2009-12-30T16:47:22, Number of rows in /TRACKING.csv is >= 4
2009-12-30T16:47:22, Remove tracking
2009-12-30T16:47:22, Write to /TRANSMIT.csv: 2009-12-30T16:47:16,3.91,1757.00,6.4,52
2009-12-30T16:47:22, Number of rows in /TRANSMIT.csv: 3
2009-12-30T16:47:22, Current hour = 16, Transmission hour = 1
2009-12-30T16:47:22, Current hour = 16, Transmission hour = 6
2009-12-30T16:47:22, Current hour = 16, Transmission hour = 8
2009-12-30T16:47:22, Current hour = 16, Transmission hour = 10
2009-12-30T16:47:22, Current hour = 16, Transmission hour = 15
2009-12-30T16:47:22, Current hour = 16, Transmission hour = 20
2009-12-30T16:47:22, Current hour = 16, Transmission hour = 22
2009-12-30T16:47:22, Done loop ...
2009-12-30T16:47:42, Setup Complete
2009-12-30T16:47:44, Data: 2009-12-30T16:47:42,3.91,25631,1756.00,1761.00,1757.50,6.04,54.93,11.92,898.89
2009-12-30T16:47:44, Add row to /TRACKING.csv
2009-12-30T16:47:44, Number of rows in /TRACKING.csv: 1
2009-12-30T16:47:46, Done loop ...
2009-12-30T16:48:05, Setup Complete
2009-12-30T16:48:07, Data: 2009-12-30T16:48:05,3.91,25631,1752.00,1758.00,1755.50,6.84,51.32,11.78,898.89
2009-12-30T16:48:07, Add row to /TRACKING.csv
2009-12-30T16:48:08, Number of rows in /TRACKING.csv: 2
2009-12-30T16:48:10, Done loop ...
2009-12-30T16:48:29, Setup Complete
2009-12-30T16:48:31, Data: 2009-12-30T16:48:29,3.92,25631,1751.00,1758.00,1755.50,7.69,43.71,11.94,898.74
2009-12-30T16:48:31, Add row to /TRACKING.csv
2009-12-30T16:48:31, Number of rows in /TRACKING.csv: 3
2009-12-30T16:48:34, Done loop ...
2009-12-30T16:48:55, Setup Complete
2009-12-30T16:48:57, Data: 2009-12-30T16:48:55,3.91,25631,1748.00,1752.00,1750.00,6.40,50.08,11.23,898.70
2009-12-30T16:48:57, Add row to /TRACKING.csv
2009-12-30T16:48:57, Number of rows in /TRACKING.csv: 4
2009-12-30T16:49:00, Number of rows in /TRACKING.csv is >= 4
2009-12-30T16:49:00, Remove tracking
2009-12-30T16:49:00, Write to /TRANSMIT.csv: 2009-12-30T16:48:55,3.91,1748.00,6.4,50
2009-12-30T16:49:01, Number of rows in /TRANSMIT.csv: 4
2009-12-30T16:49:01, Current hour = 16, Transmission hour = 1
2009-12-30T16:49:01, Current hour = 16, Transmission hour = 6
2009-12-30T16:49:01, Current hour = 16, Transmission hour = 8
2009-12-30T16:49:01, Current hour = 16, Transmission hour = 10
2009-12-30T16:49:01, Current hour = 16, Transmission hour = 15
2009-12-30T16:49:01, Current hour = 16, Transmission hour = 20
2009-12-30T16:49:01, Current hour = 16, Transmission hour = 22
2009-12-30T16:49:01, Done loop ...
2009-12-30T16:49:20, Setup Complete
2009-12-30T16:49:22, Data: 2009-12-30T16:49:20,3.92,25631,1742.00,1748.00,1744.50,8.39,43.97,10.50,898.62
2009-12-30T16:49:22, Add row to /TRACKING.csv
2009-12-30T16:49:23, Number of rows in /TRACKING.csv: 1
2009-12-30T16:49:25, Done loop ...
2009-12-30T16:49:44, Setup Complete
2009-12-30T16:49:46, Data: 2009-12-30T16:49:44,3.89,25631,1733.00,1740.00,1735.50,9.25,38.34,9.69,898.79
2009-12-30T16:49:46, Add row to /TRACKING.csv
2009-12-30T16:49:46, Number of rows in /TRACKING.csv: 2
2009-12-30T16:49:49, Done loop ...
2009-12-30T16:50:09, Setup Complete
2009-12-30T16:50:11, Data: 2009-12-30T16:50:09,3.68,25631,1733.00,1738.00,1735.00,5.04,44.06,6.05,898.54
2009-12-30T16:50:11, Add row to /TRACKING.csv
2009-12-30T16:50:11, Number of rows in /TRACKING.csv: 3
2009-12-30T16:50:14, Done loop ...
2009-12-30T16:50:30, Setup Complete
2009-12-30T16:50:32, Data: 2009-12-30T16:50:30,3.67,25631,1723.00,1733.00,1728.00,4.37,38.06,4.29,898.58
2009-12-30T16:50:32, Add row to /TRACKING.csv
2009-12-30T16:50:32, Number of rows in /TRACKING.csv: 4
2009-12-30T16:50:35, Number of rows in /TRACKING.csv is >= 4
2009-12-30T16:50:35, Remove tracking
2009-12-30T16:50:35, Write to /TRANSMIT.csv: 2009-12-30T16:50:30,3.67,1723.00,4.4,38
2009-12-30T16:50:35, Number of rows in /TRANSMIT.csv: 5
2009-12-30T16:50:35, Current hour = 16, Transmission hour = 1
2009-12-30T16:50:35, 3016443177+07140:177+07046:176+06452:175+06450:172+04438
2009-12-30T16:50:37,  - attempt to send message: 3016443177+07140:177+07046:176+06452:175+06450:172+04438
2009-12-30T16:50:38,  - Modem begin successful
2009-12-30T16:50:38,  - Sending...
2009-12-30T16:51:36,  - Send response: 
2009-12-30T16:51:36,   - Sync clocks... 
2009-12-30T16:51:36,  - Arduino Old Time: 2010-00-00T00:51:36
2015-04-12T12:31:44,  - Failed to set valid RTC time
2000-01-01T00:00:00, Message sent! Removing /TRANSMIT.csv
2000-01-01T00:00:00, Done loop ...
2015-04-12T12:47:16, Setup Complete
2015-04-12T12:47:18, Data: 2015-04-12T12:47:16,3.68,25631,1731.00,1734.00,1732.00,4.52,37.64,3.56,898.70
2015-04-12T12:47:18, Add row to /TRACKING.csv
2015-04-12T12:47:18, Number of rows in /TRACKING.csv: 1
2015-04-12T12:47:20, Done loop ...
2015-04-12T13:03:53, Setup Complete
2015-04-12T13:03:56, Data: 2015-04-12T13:03:53,3.67,25631,1726.00,1733.00,1730.00,4.75,34.26,3.14,898.76
2015-04-12T13:03:56, Add row to /TRACKING.csv
2015-04-12T13:03:56, Number of rows in /TRACKING.csv: 2
2015-04-12T13:03:58, Done loop ...
2015-04-12T13:20:31, Setup Complete
2015-04-12T13:20:33, Data: 2015-04-12T13:20:31,3.67,25631,1727.00,1733.00,1730.00,3.94,38.57,2.57,898.72
2015-04-12T13:20:33, Add row to /TRACKING.csv
2015-04-12T13:20:33, Number of rows in /TRACKING.csv: 3
2015-04-12T13:20:36, Done loop ...
2015-04-12T13:37:09, Setup Complete
2015-04-12T13:37:11, Data: 2015-04-12T13:37:09,3.67,25631,1726.00,1739.00,1729.00,3.61,38.01,2.11,898.59
2015-04-12T13:37:11, Add row to /TRACKING.csv
2015-04-12T13:37:11, Number of rows in /TRACKING.csv: 4
2015-04-12T13:37:14, Number of rows in /TRACKING.csv is >= 4
2015-04-12T13:37:14, Remove tracking
2015-04-12T13:37:15, Write to /TRANSMIT.csv: 2015-04-12T13:37:09,3.67,1726.00,3.6,38
2015-04-12T13:37:15, Number of rows in /TRANSMIT.csv: 1
2015-04-12T13:37:15, Current hour = 13, Transmission hour = 1
2015-04-12T13:37:15, Current hour = 13, Transmission hour = 6
2015-04-12T13:37:15, Current hour = 13, Transmission hour = 8
2015-04-12T13:37:15, Current hour = 13, Transmission hour = 10
2015-04-12T13:37:15, Current hour = 13, Transmission hour = 15
2015-04-12T13:37:15, Current hour = 13, Transmission hour = 20
2015-04-12T13:37:15, Current hour = 13, Transmission hour = 22
2015-04-12T13:37:15, Done loop ...
2015-04-12T13:53:46, Setup Complete
2015-04-12T13:53:49, Data: 2015-04-12T13:53:47,3.67,25631,1729.00,1735.00,1731.50,4.28,38.17,2.16,898.60
2015-04-12T13:53:49, Add row to /TRACKING.csv
2015-04-12T13:53:49, Number of rows in /TRACKING.csv: 1
2015-04-12T13:53:51, Done loop ...
2015-04-12T14:10:24, Setup Complete
2015-04-12T14:10:26, Data: 2015-04-12T14:10:24,3.67,25631,1729.00,1735.00,1731.00,3.77,36.66,2.02,898.43
2015-04-12T14:10:26, Add row to /TRACKING.csv
2015-04-12T14:10:26, Number of rows in /TRACKING.csv: 2
2015-04-12T14:10:29, Done loop ...
2015-04-12T14:27:02, Setup Complete
2015-04-12T14:27:04, Data: 2015-04-12T14:27:02,3.67,25631,1728.00,1735.00,1730.50,4.23,34.56,2.08,898.26
2015-04-12T14:27:04, Add row to /TRACKING.csv
2015-04-12T14:27:04, Number of rows in /TRACKING.csv: 3
2015-04-12T14:27:07, Done loop ...
2015-04-12T14:43:40, Setup Complete
2015-04-12T14:43:42, Data: 2015-04-12T14:43:40,3.67,25631,1731.00,1735.00,1733.00,4.22,35.53,2.08,898.16
2015-04-12T14:43:42, Add row to /TRACKING.csv
2015-04-12T14:43:42, Number of rows in /TRACKING.csv: 4
2015-04-12T14:43:45, Number of rows in /TRACKING.csv is >= 4
2015-04-12T14:43:45, Remove tracking
2015-04-12T14:43:45, Write to /TRANSMIT.csv: 2015-04-12T14:43:40,3.67,1731.00,4.2,36
2015-04-12T14:43:45, Number of rows in /TRANSMIT.csv: 2
2015-04-12T14:43:45, Current hour = 14, Transmission hour = 1
2015-04-12T14:43:45, Current hour = 14, Transmission hour = 6
2015-04-12T14:43:45, Current hour = 14, Transmission hour = 8
2015-04-12T14:43:46, Current hour = 14, Transmission hour = 10
2015-04-12T14:43:46, Current hour = 14, Transmission hour = 15
2015-04-12T14:43:46, Current hour = 14, Transmission hour = 20
2015-04-12T14:43:46, Current hour = 14, Transmission hour = 22
2015-04-12T14:43:46, Done loop ...
2015-04-12T15:00:17, Setup Complete
2015-04-12T15:00:19, Data: 2015-04-12T15:00:17,3.67,25631,1727.00,1733.00,1728.50,3.54,34.21,1.85,898.07
2015-04-12T15:00:19, Add row to /TRACKING.csv
2015-04-12T15:00:20, Number of rows in /TRACKING.csv: 1
2015-04-12T15:00:22, Done loop ...
2015-04-12T15:16:55, Setup Complete
2015-04-12T15:16:57, Data: 2015-04-12T15:16:55,3.67,25631,1728.00,1736.00,1730.50,4.25,32.55,2.05,898.06
2015-04-12T15:16:57, Add row to /TRACKING.csv
2015-04-12T15:16:57, Number of rows in /TRACKING.csv: 2
2015-04-12T15:17:00, Done loop ...
2015-04-12T15:33:33, Setup Complete
2015-04-12T15:33:35, Data: 2015-04-12T15:33:33,3.67,25631,1728.00,1732.00,1730.00,4.54,29.04,2.46,897.87
2015-04-12T15:33:35, Add row to /TRACKING.csv
2015-04-12T15:33:35, Number of rows in /TRACKING.csv: 3
2015-04-12T15:33:38, Done loop ...
2015-04-12T15:50:10, Setup Complete
2015-04-12T15:50:12, Data: 2015-04-12T15:50:10,3.67,25631,1732.00,1742.00,1737.00,4.46,35.32,2.51,897.75
2015-04-12T15:50:12, Add row to /TRACKING.csv
2015-04-12T15:50:13, Number of rows in /TRACKING.csv: 4
2015-04-12T15:50:16, Number of rows in /TRACKING.csv is >= 4
2015-04-12T15:50:16, Remove tracking
2015-04-12T15:50:16, Write to /TRANSMIT.csv: 2015-04-12T15:50:10,3.67,1732.00,4.5,35
2015-04-12T15:50:16, Number of rows in /TRANSMIT.csv: 3
2015-04-12T15:50:16, Current hour = 15, Transmission hour = 1
2015-04-12T15:50:16, Current hour = 15, Transmission hour = 6
2015-04-12T15:50:16, Current hour = 15, Transmission hour = 8
2015-04-12T15:50:16, Current hour = 15, Transmission hour = 10
2015-04-12T15:50:16, Current hour = 15, Transmission hour = 15
2015-04-12T15:50:16, 1213373173+03638:173+04236:173+04535
2015-04-12T15:50:18,  - attempt to send message: 1213373173+03638:173+04236:173+04535
2015-04-12T15:50:19,  - Modem begin successful
2015-04-12T15:50:19,  - Sending...
2015-04-12T15:50:24,  - Send response: 
2015-04-12T15:50:24,   - Sync clocks... 
2015-04-12T15:50:24,  - Arduino Old Time: 2015-04-12T23:50:24
2015-04-12T15:50:24,  - Failed to set valid RTC time
2000-01-01T00:00:00, Message sent! Removing /TRANSMIT.csv
2000-01-01T00:00:00, Done loop ...
2015-04-12T16:06:48, Setup Complete
2015-04-12T16:06:50, Data: 2015-04-12T16:06:48,3.67,25631,1728.00,1736.00,1733.00,3.99,36.18,2.27,897.74
2015-04-12T16:06:50, Add row to /TRACKING.csv
2015-04-12T16:06:50, Number of rows in /TRACKING.csv: 1
2015-04-12T16:06:53, Done loop ...
2015-04-12T16:23:26, Setup Complete
2015-04-12T16:23:28, Data: 2015-04-12T16:23:26,3.67,25631,1730.00,1738.00,1732.00,3.26,38.01,1.87,897.66
2015-04-12T16:23:28, Add row to /TRACKING.csv
2015-04-12T16:23:28, Number of rows in /TRACKING.csv: 2
2015-04-12T16:23:30, Done loop ...
2015-04-12T16:40:03, Setup Complete
2015-04-12T16:40:05, Data: 2015-04-12T16:40:03,3.67,25631,1731.00,1738.00,1734.00,3.54,34.95,1.66,897.66
2015-04-12T16:40:05, Add row to /TRACKING.csv
2015-04-12T16:40:06, Number of rows in /TRACKING.csv: 3
2015-04-12T16:40:08, Done loop ...
2015-04-12T16:56:41, Setup Complete
2015-04-12T16:56:43, Data: 2015-04-12T16:56:41,3.67,25631,1727.00,1737.00,1731.50,3.75,31.61,1.61,897.66
2015-04-12T16:56:43, Add row to /TRACKING.csv
2015-04-12T16:56:43, Number of rows in /TRACKING.csv: 4
2015-04-12T16:56:46, Number of rows in /TRACKING.csv is >= 4
2015-04-12T16:56:47, Remove tracking
2015-04-12T16:56:47, Write to /TRANSMIT.csv: 2015-04-12T16:56:41,3.67,1727.00,3.8,32
2015-04-12T16:56:47, Number of rows in /TRANSMIT.csv: 1
2015-04-12T16:56:47, Current hour = 16, Transmission hour = 1
2015-04-12T16:56:47, Current hour = 16, Transmission hour = 6
2015-04-12T16:56:47, Current hour = 16, Transmission hour = 8
2015-04-12T16:56:47, Current hour = 16, Transmission hour = 10
2015-04-12T16:56:47, Current hour = 16, Transmission hour = 15
2015-04-12T16:56:47, Current hour = 16, Transmission hour = 20
2015-04-12T16:56:47, Current hour = 16, Transmission hour = 22
2015-04-12T16:56:47, Done loop ...
2015-04-12T17:13:19, Setup Complete
2015-04-12T17:13:21, Data: 2015-04-12T17:13:19,3.67,25631,1730.00,1737.00,1733.50,3.68,34.32,1.76,897.58
2015-04-12T17:13:21, Add row to /TRACKING.csv
2015-04-12T17:13:21, Number of rows in /TRACKING.csv: 1
2015-04-12T17:13:23, Done loop ...
2015-04-12T17:29:56, Setup Complete
2015-04-12T17:29:58, Data: 2015-04-12T17:29:56,3.67,25631,1731.00,1738.00,1733.00,4.28,32.51,1.91,897.45
2015-04-12T17:29:58, Add row to /TRACKING.csv
2015-04-12T17:29:58, Number of rows in /TRACKING.csv: 2
2015-04-12T17:30:01, Done loop ...
2015-04-12T17:46:34, Setup Complete
2015-04-12T17:46:36, Data: 2015-04-12T17:46:34,3.67,25631,1730.00,1740.00,1736.00,3.56,37.22,1.71,897.47
2015-04-12T17:46:36, Add row to /TRACKING.csv
2015-04-12T17:46:36, Number of rows in /TRACKING.csv: 3
2015-04-12T17:46:39, Done loop ...
2015-04-12T18:03:11, Setup Complete
2015-04-12T18:03:14, Data: 2015-04-12T18:03:11,3.67,25631,1731.00,1738.00,1734.00,3.03,35.91,1.38,897.30
2015-04-12T18:03:14, Add row to /TRACKING.csv
2015-04-12T18:03:14, Number of rows in /TRACKING.csv: 4
2015-04-12T18:03:17, Number of rows in /TRACKING.csv is >= 4
2015-04-12T18:03:17, Remove tracking
2015-04-12T18:03:17, Write to /TRANSMIT.csv: 2015-04-12T18:03:11,3.67,1731.00,3.0,36
2015-04-12T18:03:17, Number of rows in /TRANSMIT.csv: 2
2015-04-12T18:03:17, Current hour = 18, Transmission hour = 1
2015-04-12T18:03:17, Current hour = 18, Transmission hour = 6
2015-04-12T18:03:17, Current hour = 18, Transmission hour = 8
2015-04-12T18:03:17, Current hour = 18, Transmission hour = 10
2015-04-12T18:03:17, Current hour = 18, Transmission hour = 15
2015-04-12T18:03:17, Current hour = 18, Transmission hour = 20
2015-04-12T18:03:18, Current hour = 18, Transmission hour = 22
2015-04-12T18:03:18, Done loop ...
2015-04-12T18:19:49, Setup Complete
2015-04-12T18:19:51, Data: 2015-04-12T18:19:49,3.67,25631,1732.00,1740.00,1736.00,3.15,35.77,1.26,897.14
2015-04-12T18:19:51, Add row to /TRACKING.csv
2015-04-12T18:19:52, Number of rows in /TRACKING.csv: 1
2015-04-12T18:19:54, Done loop ...
2015-04-12T18:36:27, Setup Complete
2015-04-12T18:36:29, Data: 2015-04-12T18:36:27,3.67,25631,1732.00,1739.00,1736.00,3.41,32.22,1.33,896.88
2015-04-12T18:36:29, Add row to /TRACKING.csv
2015-04-12T18:36:29, Number of rows in /TRACKING.csv: 2
2015-04-12T18:36:32, Done loop ...
2015-04-12T18:53:04, Setup Complete
2015-04-12T18:53:07, Data: 2015-04-12T18:53:04,3.67,25631,1733.00,1739.00,1736.00,3.57,31.89,1.56,896.76
2015-04-12T18:53:07, Add row to /TRACKING.csv
2015-04-12T18:53:07, Number of rows in /TRACKING.csv: 3
2015-04-12T18:53:10, Done loop ...
2015-04-12T19:09:42, Setup Complete
2015-04-12T19:09:44, Data: 2015-04-12T19:09:42,3.67,25631,1735.00,1741.00,1736.50,3.81,32.79,1.68,896.74
2015-04-12T19:09:44, Add row to /TRACKING.csv
2015-04-12T19:09:44, Number of rows in /TRACKING.csv: 4
2015-04-12T19:09:48, Number of rows in /TRACKING.csv is >= 4
2015-04-12T19:09:48, Remove tracking
2015-04-12T19:09:48, Write to /TRANSMIT.csv: 2015-04-12T19:09:42,3.67,1735.00,3.8,33
2015-04-12T19:09:48, Number of rows in /TRANSMIT.csv: 3
2015-04-12T19:09:48, Current hour = 19, Transmission hour = 1
2015-04-12T19:09:48, Current hour = 19, Transmission hour = 6
2015-04-12T19:09:48, Current hour = 19, Transmission hour = 8
2015-04-12T19:09:48, Current hour = 19, Transmission hour = 10
2015-04-12T19:09:48, Current hour = 19, Transmission hour = 15
2015-04-12T19:09:48, Current hour = 19, Transmission hour = 20
2015-04-12T19:09:48, Current hour = 19, Transmission hour = 22
2015-04-12T19:09:48, Done loop ...
2015-04-12T19:26:20, Setup Complete
2015-04-12T19:26:22, Data: 2015-04-12T19:26:20,3.67,25631,1733.00,1741.00,1739.00,3.68,32.93,1.69,896.91
2015-04-12T19:26:22, Add row to /TRACKING.csv
2015-04-12T19:26:22, Number of rows in /TRACKING.csv: 1
2015-04-12T19:26:24, Done loop ...
2015-04-12T19:42:57, Setup Complete
2015-04-12T19:43:00, Data: 2015-04-12T19:42:57,3.67,25631,1731.00,1739.00,1735.00,4.01,31.26,1.90,896.85
2015-04-12T19:43:00, Add row to /TRACKING.csv
2015-04-12T19:43:00, Number of rows in /TRACKING.csv: 2
2015-04-12T19:43:02, Done loop ...
2015-04-12T19:59:35, Setup Complete
2015-04-12T19:59:37, Data: 2015-04-12T19:59:35,3.67,25631,1735.00,1741.00,1738.50,3.71,34.87,1.73,896.80
2015-04-12T19:59:37, Add row to /TRACKING.csv
2015-04-12T19:59:37, Number of rows in /TRACKING.csv: 3
2015-04-12T19:59:40, Done loop ...
2015-04-12T20:16:13, Setup Complete
2015-04-12T20:16:15, Data: 2015-04-12T20:16:13,3.67,25631,1733.00,1739.00,1738.00,3.99,32.47,1.74,896.75
2015-04-12T20:16:15, Add row to /TRACKING.csv
2015-04-12T20:16:15, Number of rows in /TRACKING.csv: 4
2015-04-12T20:16:18, Number of rows in /TRACKING.csv is >= 4
2015-04-12T20:16:18, Remove tracking
2015-04-12T20:16:18, Write to /TRANSMIT.csv: 2015-04-12T20:16:13,3.67,1733.00,4.0,32
2015-04-12T20:16:18, Number of rows in /TRANSMIT.csv: 4
2015-04-12T20:16:19, Current hour = 20, Transmission hour = 1
2015-04-12T20:16:19, Current hour = 20, Transmission hour = 6
2015-04-12T20:16:19, Current hour = 20, Transmission hour = 8
2015-04-12T20:16:19, Current hour = 20, Transmission hour = 10
2015-04-12T20:16:19, Current hour = 20, Transmission hour = 15
2015-04-12T20:16:19, Current hour = 20, Transmission hour = 20
2015-04-12T20:16:19, 1216563173+03832:173+03036:174+03833:173+04032
2015-04-12T20:16:21,  - attempt to send message: 1216563173+03832:173+03036:174+03833:173+04032
2015-04-12T20:16:22,  - Modem begin successful
2015-04-12T20:16:22,  - Sending...
2015-04-12T20:16:27,  - Send response: 
2015-04-12T20:16:27,   - Sync clocks... 
2015-04-12T20:16:27,  - Arduino Old Time: 2015-04-13T04:16:27
2015-04-12T20:16:26,  - Failed to set valid RTC time
2000-01-01T00:00:00, Message sent! Removing /TRANSMIT.csv
2000-01-01T00:00:00, Done loop ...
2015-04-12T20:32:49, Setup Complete
2015-04-12T20:32:51, Data: 2015-04-12T20:32:49,3.67,25631,1730.00,1740.00,1739.00,4.26,30.09,1.94,896.78
2015-04-12T20:32:52, Add row to /TRACKING.csv
2015-04-12T20:32:52, Number of rows in /TRACKING.csv: 1
2015-04-12T20:32:54, Done loop ...
2015-04-12T20:49:27, Setup Complete
2015-04-12T20:49:29, Data: 2015-04-12T20:49:27,3.67,25631,1732.00,1744.00,1740.00,4.52,30.99,2.22,896.69
2015-04-12T20:49:29, Add row to /TRACKING.csv
2015-04-12T20:49:29, Number of rows in /TRACKING.csv: 2
2015-04-12T20:49:32, Done loop ...
2015-04-12T21:06:05, Setup Complete
2015-04-12T21:06:07, Data: 2015-04-12T21:06:05,3.67,25631,1736.00,1746.00,1740.00,4.40,32.54,2.21,896.79
2015-04-12T21:06:07, Add row to /TRACKING.csv
2015-04-12T21:06:07, Number of rows in /TRACKING.csv: 3
2015-04-12T21:06:10, Done loop ...
2015-04-12T21:22:42, Setup Complete
2015-04-12T21:22:44, Data: 2015-04-12T21:22:42,3.67,25631,1735.00,1741.00,1739.00,3.99,33.69,2.03,896.68
2015-04-12T21:22:44, Add row to /TRACKING.csv
2015-04-12T21:22:45, Number of rows in /TRACKING.csv: 4
2015-04-12T21:22:48, Number of rows in /TRACKING.csv is >= 4
2015-04-12T21:22:48, Remove tracking
2015-04-12T21:22:48, Write to /TRANSMIT.csv: 2015-04-12T21:22:42,3.67,1735.00,4.0,34
2015-04-12T21:22:48, Number of rows in /TRANSMIT.csv: 1
2015-04-12T21:22:48, Current hour = 21, Transmission hour = 1
2015-04-12T21:22:48, Current hour = 21, Transmission hour = 6
2015-04-12T21:22:48, Current hour = 21, Transmission hour = 8
2015-04-12T21:22:48, Current hour = 21, Transmission hour = 10
2015-04-12T21:22:48, Current hour = 21, Transmission hour = 15
2015-04-12T21:22:48, Current hour = 21, Transmission hour = 20
2015-04-12T21:22:48, Current hour = 21, Transmission hour = 22
2015-04-12T21:22:48, Done loop ...
2015-04-12T21:39:20, Setup Complete
2015-04-12T21:39:22, Data: 2015-04-12T21:39:20,3.67,25631,1732.00,1744.00,1741.50,3.63,34.23,1.75,896.79
2015-04-12T21:39:22, Add row to /TRACKING.csv
2015-04-12T21:39:22, Number of rows in /TRACKING.csv: 1
2015-04-12T21:39:25, Done loop ...
2015-04-12T21:55:58, Setup Complete
2015-04-12T21:56:00, Data: 2015-04-12T21:55:58,3.67,25631,1736.00,1745.00,1740.00,3.74,36.60,1.72,896.74
2015-04-12T21:56:00, Add row to /TRACKING.csv
2015-04-12T21:56:00, Number of rows in /TRACKING.csv: 2
2015-04-12T21:56:03, Done loop ...
2015-04-12T22:12:35, Setup Complete
2015-04-12T22:12:37, Data: 2015-04-12T22:12:35,3.67,25631,1734.00,1743.00,1740.50,3.57,36.41,1.64,896.84
2015-04-12T22:12:37, Add row to /TRACKING.csv
2015-04-12T22:12:38, Number of rows in /TRACKING.csv: 3
2015-04-12T22:12:40, Done loop ...
2015-04-12T22:29:13, Setup Complete
2015-04-12T22:29:15, Data: 2015-04-12T22:29:13,3.67,25631,1734.00,1740.00,1737.00,3.84,34.86,1.81,896.90
2015-04-12T22:29:15, Add row to /TRACKING.csv
2015-04-12T22:29:15, Number of rows in /TRACKING.csv: 4
2015-04-12T22:29:18, Number of rows in /TRACKING.csv is >= 4
2015-04-12T22:29:19, Remove tracking
2015-04-12T22:29:19, Write to /TRANSMIT.csv: 2015-04-12T22:29:13,3.67,1734.00,3.8,35
2015-04-12T22:29:19, Number of rows in /TRANSMIT.csv: 2
2015-04-12T22:29:19, Current hour = 22, Transmission hour = 1
2015-04-12T22:29:19, Current hour = 22, Transmission hour = 6
2015-04-12T22:29:19, Current hour = 22, Transmission hour = 8
2015-04-12T22:29:19, Current hour = 22, Transmission hour = 10
2015-04-12T22:29:19, Current hour = 22, Transmission hour = 15
2015-04-12T22:29:19, Current hour = 22, Transmission hour = 20
2015-04-12T22:29:19, Current hour = 22, Transmission hour = 22
2015-04-12T22:29:19, 1221223174+04034:173+03835
2015-04-12T22:29:21,  - attempt to send message: 1221223174+04034:173+03835
2015-04-12T22:29:22,  - Modem begin successful
2015-04-12T22:29:22,  - Sending...
2015-04-12T22:29:38,  - Send response: 
2015-04-12T22:29:38,   - Sync clocks... 
2015-04-12T22:29:38,  - Arduino Old Time: 2015-04-13T06:29:38
2015-04-12T22:29:37,  - Failed to set valid RTC time
2000-01-01T00:00:00, Message sent! Removing /TRANSMIT.csv
2000-01-01T00:00:00, Done loop ...
2015-04-12T22:45:50, Setup Complete
2015-04-12T22:45:52, Data: 2015-04-12T22:45:50,3.67,25631,1738.00,1748.00,1741.00,4.16,33.86,1.97,896.89
2015-04-12T22:45:52, Add row to /TRACKING.csv
2015-04-12T22:45:52, Number of rows in /TRACKING.csv: 1
2015-04-12T22:45:54, Done loop ...
2015-04-12T23:02:27, Setup Complete
2015-04-12T23:02:29, Data: 2015-04-12T23:02:27,3.67,25631,1737.00,1745.00,1739.00,4.35,33.85,2.25,896.93
2015-04-12T23:02:29, Add row to /TRACKING.csv
2015-04-12T23:02:30, Number of rows in /TRACKING.csv: 2
2015-04-12T23:02:32, Done loop ...
2015-04-12T23:19:05, Setup Complete
2015-04-12T23:19:07, Data: 2015-04-12T23:19:05,3.67,25631,1734.00,1743.00,1741.50,4.88,30.78,2.42,897.04
2015-04-12T23:19:07, Add row to /TRACKING.csv
2015-04-12T23:19:07, Number of rows in /TRACKING.csv: 3
2015-04-12T23:19:10, Done loop ...
2015-04-12T23:35:43, Setup Complete
2015-04-12T23:35:45, Data: 2015-04-12T23:35:43,3.67,25631,1741.00,1748.00,1745.00,4.71,40.84,2.62,897.05
2015-04-12T23:35:45, Add row to /TRACKING.csv
2015-04-12T23:35:45, Number of rows in /TRACKING.csv: 4
2015-04-12T23:35:48, Number of rows in /TRACKING.csv is >= 4
2015-04-12T23:35:48, Remove tracking
2015-04-12T23:35:48, Write to /TRANSMIT.csv: 2015-04-12T23:35:43,3.67,1741.00,4.7,41
2015-04-12T23:35:48, Number of rows in /TRANSMIT.csv: 1
2015-04-12T23:35:48, Current hour = 23, Transmission hour = 1
2015-04-12T23:35:48, Current hour = 23, Transmission hour = 6
2015-04-12T23:35:48, Current hour = 23, Transmission hour = 8
2015-04-12T23:35:48, Current hour = 23, Transmission hour = 10
2015-04-12T23:35:49, Current hour = 23, Transmission hour = 15
2015-04-12T23:35:49, Current hour = 23, Transmission hour = 20
2015-04-12T23:35:49, Current hour = 23, Transmission hour = 22
2015-04-12T23:35:49, Done loop ...
2015-04-12T23:52:20, Setup Complete
2015-04-12T23:52:22, Data: 2015-04-12T23:52:20,3.67,25631,1738.00,1746.00,1742.00,5.04,31.46,2.73,897.02
2015-04-12T23:52:22, Add row to /TRACKING.csv
2015-04-12T23:52:23, Number of rows in /TRACKING.csv: 1
2015-04-12T23:52:25, Done loop ...
2015-04-13T00:08:58, Setup Complete
2015-04-13T00:09:00, Data: 2015-04-13T00:08:58,3.67,25631,1744.00,1753.00,1746.00,5.12,44.73,2.92,896.98
2015-04-13T00:09:00, Add row to /TRACKING.csv
2015-04-13T00:09:00, Number of rows in /TRACKING.csv: 2
2015-04-13T00:09:03, Done loop ...
2015-04-13T00:25:35, Setup Complete
2015-04-13T00:25:38, Data: 2015-04-13T00:25:35,3.67,25631,1742.00,1748.00,1744.00,4.84,39.51,2.75,896.91
2015-04-13T00:25:38, Add row to /TRACKING.csv
2015-04-13T00:25:38, Number of rows in /TRACKING.csv: 3
2015-04-13T00:25:41, Done loop ...
2015-04-13T00:42:13, Setup Complete
2015-04-13T00:42:15, Data: 2015-04-13T00:42:13,3.67,25631,1739.00,1744.00,1740.50,4.98,50.57,2.76,896.89
2015-04-13T00:42:15, Add row to /TRACKING.csv
2015-04-13T00:42:15, Number of rows in /TRACKING.csv: 4
2015-04-13T00:42:19, Number of rows in /TRACKING.csv is >= 4
2015-04-13T00:42:19, Remove tracking
2015-04-13T00:42:19, Write to /TRANSMIT.csv: 2015-04-13T00:42:13,3.67,1739.00,5.0,51
2015-04-13T00:42:19, Number of rows in /TRANSMIT.csv: 2
2015-04-13T00:42:19, Current hour = 0, Transmission hour = 1
2015-04-13T00:42:19, Current hour = 0, Transmission hour = 6
2015-04-13T00:42:19, Current hour = 0, Transmission hour = 8
2015-04-13T00:42:19, Current hour = 0, Transmission hour = 10
2015-04-13T00:42:19, Current hour = 0, Transmission hour = 15
2015-04-13T00:42:19, Current hour = 0, Transmission hour = 20
2015-04-13T00:42:19, Current hour = 0, Transmission hour = 22
2015-04-13T00:42:19, Done loop ...
2015-04-13T00:58:51, Setup Complete
2015-04-13T00:58:53, Data: 2015-04-13T00:58:51,3.67,25631,1740.00,1745.00,1741.50,5.70,51.74,3.06,896.79
2015-04-13T00:58:53, Add row to /TRACKING.csv
2015-04-13T00:58:53, Number of rows in /TRACKING.csv: 1
2015-04-13T00:58:55, Done loop ...
2015-04-13T01:15:28, Setup Complete
2015-04-13T01:15:30, Data: 2015-04-13T01:15:28,3.67,25631,1740.00,1746.00,1742.00,5.36,52.75,3.27,896.82
2015-04-13T01:15:30, Add row to /TRACKING.csv
2015-04-13T01:15:31, Number of rows in /TRACKING.csv: 2
2015-04-13T01:15:33, Done loop ...
2015-04-13T01:32:06, Setup Complete
2015-04-13T01:32:08, Data: 2015-04-13T01:32:06,3.66,25631,1742.00,1747.00,1744.00,5.63,58.20,3.43,896.80
2015-04-13T01:32:08, Add row to /TRACKING.csv
2015-04-13T01:32:08, Number of rows in /TRACKING.csv: 3
2015-04-13T01:32:11, Done loop ...
2015-04-13T01:48:43, Setup Complete
2015-04-13T01:48:46, Data: 2015-04-13T01:48:43,3.67,25631,1738.00,1748.00,1744.50,5.77,59.08,3.71,896.60
2015-04-13T01:48:46, Add row to /TRACKING.csv
2015-04-13T01:48:46, Number of rows in /TRACKING.csv: 4
2015-04-13T01:48:49, Number of rows in /TRACKING.csv is >= 4
2015-04-13T01:48:49, Remove tracking
2015-04-13T01:48:49, Write to /TRANSMIT.csv: 2015-04-13T01:48:43,3.67,1738.00,5.8,59
2015-04-13T01:48:49, Number of rows in /TRANSMIT.csv: 3
2015-04-13T01:48:49, Current hour = 1, Transmission hour = 1
2015-04-13T01:48:49, 1223353174+04741:174+05051:174+05859
2015-04-13T01:48:51,  - attempt to send message: 1223353174+04741:174+05051:174+05859
2015-04-13T01:48:52,  - Modem begin successful
2015-04-13T01:48:52,  - Sending...
2015-04-13T01:49:06,  - Send response: 
2015-04-13T01:49:06,   - Sync clocks... 
2015-04-13T01:49:06,  - Arduino Old Time: 2015-04-13T09:49:06
2015-04-13T01:49:06,  - Failed to set valid RTC time
2000-01-01T00:00:00, Message sent! Removing /TRANSMIT.csv
2000-01-01T00:00:00, Done loop ...
2015-04-13T02:05:21, Setup Complete
2015-04-13T02:05:23, Data: 2015-04-13T02:05:21,3.67,25631,1736.00,1748.00,1744.00,6.22,59.42,4.08,896.43
2015-04-13T02:05:23, Add row to /TRACKING.csv
2015-04-13T02:05:23, Number of rows in /TRACKING.csv: 1
2015-04-13T02:05:26, Done loop ...
2015-04-13T02:21:59, Setup Complete
2015-04-13T02:22:01, Data: 2015-04-13T02:21:59,3.67,25631,1743.00,1749.00,1746.50,5.99,60.50,4.16,896.33
2015-04-13T02:22:01, Add row to /TRACKING.csv
2015-04-13T02:22:01, Number of rows in /TRACKING.csv: 2
2015-04-13T02:22:04, Done loop ...
2015-04-13T02:38:36, Setup Complete
2015-04-13T02:38:38, Data: 2015-04-13T02:38:36,3.66,25631,1743.00,1747.00,1745.00,6.39,59.08,4.31,896.28
2015-04-13T02:38:38, Add row to /TRACKING.csv
2015-04-13T02:38:38, Number of rows in /TRACKING.csv: 3
2015-04-13T02:38:41, Done loop ...
2015-04-13T02:55:14, Setup Complete
2015-04-13T02:55:16, Data: 2015-04-13T02:55:14,3.67,25631,1734.00,1753.00,1745.00,6.29,53.44,4.31,896.21
2015-04-13T02:55:16, Add row to /TRACKING.csv
2015-04-13T02:55:16, Number of rows in /TRACKING.csv: 4
2015-04-13T02:55:19, Number of rows in /TRACKING.csv is >= 4
2015-04-13T02:55:19, Remove tracking
2015-04-13T02:55:19, Write to /TRANSMIT.csv: 2015-04-13T02:55:14,3.67,1734.00,6.3,53
2015-04-13T02:55:20, Number of rows in /TRANSMIT.csv: 1
2015-04-13T02:55:20, Current hour = 2, Transmission hour = 1
2015-04-13T02:55:20, Current hour = 2, Transmission hour = 6
2015-04-13T02:55:20, Current hour = 2, Transmission hour = 8
2015-04-13T02:55:20, Current hour = 2, Transmission hour = 10
2015-04-13T02:55:20, Current hour = 2, Transmission hour = 15
2015-04-13T02:55:20, Current hour = 2, Transmission hour = 20
2015-04-13T02:55:20, Current hour = 2, Transmission hour = 22
2015-04-13T02:55:20, Done loop ...
2015-04-13T03:11:51, Setup Complete
2015-04-13T03:11:53, Data: 2015-04-13T03:11:51,3.65,25631,1744.00,1752.00,1748.00,6.40,56.45,4.39,896.03
2015-04-13T03:11:54, Add row to /TRACKING.csv
2015-04-13T03:11:54, Number of rows in /TRACKING.csv: 1
2015-04-13T03:11:56, Done loop ...
2015-04-13T03:28:29, Setup Complete
2015-04-13T03:28:31, Data: 2015-04-13T03:28:29,3.66,25631,1746.00,1749.00,1747.00,6.15,55.79,4.36,895.94
2015-04-13T03:28:31, Add row to /TRACKING.csv
2015-04-13T03:28:31, Number of rows in /TRACKING.csv: 2
2015-04-13T03:28:34, Done loop ...
2015-04-13T03:45:06, Setup Complete
2015-04-13T03:45:09, Data: 2015-04-13T03:45:06,3.67,25631,1743.00,1751.00,1747.00,6.14,61.22,4.35,895.90
2015-04-13T03:45:09, Add row to /TRACKING.csv
2015-04-13T03:45:09, Number of rows in /TRACKING.csv: 3
2015-04-13T03:45:12, Done loop ...
2015-04-13T04:01:44, Setup Complete
2015-04-13T04:01:46, Data: 2015-04-13T04:01:44,3.67,25631,1745.00,1751.00,1748.00,6.23,61.10,4.41,895.88
2015-04-13T04:01:46, Add row to /TRACKING.csv
2015-04-13T04:01:46, Number of rows in /TRACKING.csv: 4
2015-04-13T04:01:50, Number of rows in /TRACKING.csv is >= 4
2015-04-13T04:01:50, Remove tracking
2015-04-13T04:01:50, Write to /TRANSMIT.csv: 2015-04-13T04:01:44,3.67,1745.00,6.2,61
2015-04-13T04:01:50, Number of rows in /TRANSMIT.csv: 2
2015-04-13T04:01:50, Current hour = 4, Transmission hour = 1
2015-04-13T04:01:50, Current hour = 4, Transmission hour = 6
2015-04-13T04:01:50, Current hour = 4, Transmission hour = 8
2015-04-13T04:01:50, Current hour = 4, Transmission hour = 10
2015-04-13T04:01:50, Current hour = 4, Transmission hour = 15
2015-04-13T04:01:50, Current hour = 4, Transmission hour = 20
2015-04-13T04:01:50, Current hour = 4, Transmission hour = 22
2015-04-13T04:01:50, Done loop ...
2015-04-13T04:18:22, Setup Complete
2015-04-13T04:18:24, Data: 2015-04-13T04:18:22,3.67,25631,1746.00,1754.00,1748.50,6.11,56.92,4.33,895.93
2015-04-13T04:18:24, Add row to /TRACKING.csv
2015-04-13T04:18:24, Number of rows in /TRACKING.csv: 1
2015-04-13T04:18:26, Done loop ...
2015-04-13T04:34:59, Setup Complete
2015-04-13T04:35:01, Data: 2015-04-13T04:34:59,3.67,25631,1743.00,1751.00,1746.00,6.36,60.00,4.30,895.90
2015-04-13T04:35:01, Add row to /TRACKING.csv
2015-04-13T04:35:01, Number of rows in /TRACKING.csv: 2
2015-04-13T04:35:04, Done loop ...
2015-04-13T04:51:37, Setup Complete
2015-04-13T04:51:39, Data: 2015-04-13T04:51:37,3.66,25631,1743.00,1750.00,1748.00,6.77,58.61,4.59,895.91
2015-04-13T04:51:39, Add row to /TRACKING.csv
2015-04-13T04:51:40, Number of rows in /TRACKING.csv: 3
2015-04-13T04:51:42, Done loop ...
2015-04-13T05:08:15, Setup Complete
2015-04-13T05:08:17, Data: 2015-04-13T05:08:15,3.68,25631,1746.00,1760.00,1751.50,6.61,59.62,4.91,896.14
2015-04-13T05:08:17, Add row to /TRACKING.csv
2015-04-13T05:08:18, Number of rows in /TRACKING.csv: 4
2015-04-13T05:08:21, Number of rows in /TRACKING.csv is >= 4
2015-04-13T05:08:21, Remove tracking
2015-04-13T05:08:21, Write to /TRANSMIT.csv: 2015-04-13T05:08:15,3.68,1746.00,6.6,60
2015-04-13T05:08:21, Number of rows in /TRANSMIT.csv: 3
2015-04-13T05:08:21, Current hour = 5, Transmission hour = 1
2015-04-13T05:08:21, Current hour = 5, Transmission hour = 6
2015-04-13T05:08:21, Current hour = 5, Transmission hour = 8
2015-04-13T05:08:21, Current hour = 5, Transmission hour = 10
2015-04-13T05:08:21, Current hour = 5, Transmission hour = 15
2015-04-13T05:08:21, Current hour = 5, Transmission hour = 20
2015-04-13T05:08:21, Current hour = 5, Transmission hour = 22
2015-04-13T05:08:21, Done loop ...
2015-04-13T05:24:53, Setup Complete
2015-04-13T05:24:55, Data: 2015-04-13T05:24:53,3.67,25631,1747.00,1759.00,1755.50,7.33,54.92,5.46,896.20
2015-04-13T05:24:55, Add row to /TRACKING.csv
2015-04-13T05:24:56, Number of rows in /TRACKING.csv: 1
2015-04-13T05:24:58, Done loop ...
2015-04-13T05:41:31, Setup Complete
2015-04-13T05:41:34, Data: 2015-04-13T05:41:31,3.91,25631,1762.00,1774.00,1768.50,8.84,49.67,9.42,896.45
2015-04-13T05:41:34, Add row to /TRACKING.csv
2015-04-13T05:41:34, Number of rows in /TRACKING.csv: 2
2015-04-13T05:41:36, Done loop ...
2015-04-13T05:58:10, Setup Complete
2015-04-13T05:58:12, Data: 2015-04-13T05:58:10,3.91,25631,1773.00,1782.00,1779.50,10.55,45.09,12.63,896.49
2015-04-13T05:58:12, Add row to /TRACKING.csv
2015-04-13T05:58:12, Number of rows in /TRACKING.csv: 3
2015-04-13T05:58:15, Done loop ...
2015-04-13T06:14:48, Setup Complete
2015-04-13T06:14:50, Data: 2015-04-13T06:14:48,3.91,25631,1787.00,1793.00,1790.50,12.49,43.42,15.04,896.51
2015-04-13T06:14:50, Add row to /TRACKING.csv
2015-04-13T06:14:50, Number of rows in /TRACKING.csv: 4
2015-04-13T06:14:53, Number of rows in /TRACKING.csv is >= 4
2015-04-13T06:14:53, Remove tracking
2015-04-13T06:14:53, Write to /TRANSMIT.csv: 2015-04-13T06:14:48,3.91,1787.00,12.5,43
2015-04-13T06:14:54, Number of rows in /TRANSMIT.csv: 4
2015-04-13T06:14:54, Current hour = 6, Transmission hour = 1
2015-04-13T06:14:54, Current hour = 6, Transmission hour = 6
2015-04-13T06:14:54, 1302556173+06353:175+06261:175+06660:179+12543
2015-04-13T06:14:56,  - attempt to send message: 1302556173+06353:175+06261:175+06660:179+12543
2015-04-13T06:14:56,  - Modem begin successful
2015-04-13T06:14:57,  - Sending...
2015-04-13T06:15:07,  - Send response: 
2015-04-13T06:15:07,   - Sync clocks... 
2015-04-13T06:15:07,  - Arduino Old Time: 2015-04-13T14:15:07
2015-04-13T06:15:05,  - Failed to set valid RTC time
2000-01-01T00:00:00, Message sent! Removing /TRANSMIT.csv
2000-01-01T00:00:00, Done loop ...
2015-04-13T06:31:24, Setup Complete
2015-04-13T06:31:26, Data: 2015-04-13T06:31:24,3.91,25631,1786.00,1794.00,1791.00,13.26,41.58,16.53,896.49
2015-04-13T06:31:26, Add row to /TRACKING.csv
2015-04-13T06:31:26, Number of rows in /TRACKING.csv: 1
2015-04-13T06:31:28, Done loop ...
2015-04-13T06:48:02, Setup Complete
2015-04-13T06:48:04, Data: 2015-04-13T06:48:02,3.91,25631,1782.00,1792.00,1787.50,11.03,44.80,16.23,896.42
2015-04-13T06:48:04, Add row to /TRACKING.csv
2015-04-13T06:48:04, Number of rows in /TRACKING.csv: 2
2015-04-13T06:48:07, Done loop ...
2015-04-13T07:04:40, Setup Complete
2015-04-13T07:04:42, Data: 2015-04-13T07:04:40,3.91,25631,1775.00,1798.00,1794.00,12.45,42.66,16.00,896.31
2015-04-13T07:04:42, Add row to /TRACKING.csv
2015-04-13T07:04:42, Number of rows in /TRACKING.csv: 3
2015-04-13T07:04:45, Done loop ...
2015-04-13T07:21:18, Setup Complete
2015-04-13T07:21:20, Data: 2015-04-13T07:21:18,3.91,25631,1790.00,1795.00,1791.00,12.38,43.78,16.00,896.29
2015-04-13T07:21:20, Add row to /TRACKING.csv
2015-04-13T07:21:20, Number of rows in /TRACKING.csv: 4
2015-04-13T07:21:23, Number of rows in /TRACKING.csv is >= 4
2015-04-13T07:21:23, Remove tracking
2015-04-13T07:21:23, Write to /TRANSMIT.csv: 2015-04-13T07:21:18,3.91,1790.00,12.4,44
2015-04-13T07:21:24, Number of rows in /TRANSMIT.csv: 1
2015-04-13T07:21:24, Current hour = 7, Transmission hour = 1
2015-04-13T07:21:24, Current hour = 7, Transmission hour = 6
2015-04-13T07:21:24, Current hour = 7, Transmission hour = 8
2015-04-13T07:21:24, Current hour = 7, Transmission hour = 10
2015-04-13T07:21:24, Current hour = 7, Transmission hour = 15
2015-04-13T07:21:24, Current hour = 7, Transmission hour = 20
2015-04-13T07:21:24, Current hour = 7, Transmission hour = 22
2015-04-13T07:21:24, Done loop ...
2015-04-13T07:37:56, Setup Complete
2015-04-13T07:37:58, Data: 2015-04-13T07:37:56,3.91,25631,1794.00,1802.00,1799.00,11.78,45.32,16.44,896.27
2015-04-13T07:37:58, Add row to /TRACKING.csv
2015-04-13T07:37:58, Number of rows in /TRACKING.csv: 1
2015-04-13T07:38:00, Done loop ...
2015-04-13T07:54:34, Setup Complete
2015-04-13T07:54:36, Data: 2015-04-13T07:54:34,3.91,25631,1771.00,1797.00,1789.00,10.53,48.35,16.73,896.21
2015-04-13T07:54:36, Add row to /TRACKING.csv
2015-04-13T07:54:36, Number of rows in /TRACKING.csv: 2
2015-04-13T07:54:39, Done loop ...
2015-04-13T08:11:11, Setup Complete
2015-04-13T08:11:14, Data: 2015-04-13T08:11:11,3.91,25631,1777.00,1804.00,1791.50,11.30,46.36,16.72,896.11
2015-04-13T08:11:14, Add row to /TRACKING.csv
2015-04-13T08:11:14, Number of rows in /TRACKING.csv: 3
2015-04-13T08:11:17, Done loop ...
2015-04-13T08:27:49, Setup Complete
2015-04-13T08:27:51, Data: 2015-04-13T08:27:49,3.91,25631,1803.00,1807.00,1805.50,11.45,47.48,17.20,896.10
2015-04-13T08:27:52, Add row to /TRACKING.csv
2015-04-13T08:27:52, Number of rows in /TRACKING.csv: 4
2015-04-13T08:27:55, Number of rows in /TRACKING.csv is >= 4
2015-04-13T08:27:55, Remove tracking
2015-04-13T08:27:55, Write to /TRANSMIT.csv: 2015-04-13T08:27:49,3.91,1803.00,11.4,47
2015-04-13T08:27:55, Number of rows in /TRANSMIT.csv: 2
2015-04-13T08:27:55, Current hour = 8, Transmission hour = 1
2015-04-13T08:27:55, Current hour = 8, Transmission hour = 6
2015-04-13T08:27:55, Current hour = 8, Transmission hour = 8
2015-04-13T08:27:55, 1307216179+12444:180+11447
2015-04-13T08:27:57,  - attempt to send message: 1307216179+12444:180+11447
2015-04-13T08:27:58,  - Modem begin successful
2015-04-13T08:27:58,  - Sending...
2015-04-13T08:28:05,  - Send response: 
2015-04-13T08:28:05,   - Sync clocks... 
2015-04-13T08:28:05,  - Arduino Old Time: 2015-04-13T16:28:05
2015-04-13T08:28:04,  - Failed to set valid RTC time
2000-01-01T00:00:00, Message sent! Removing /TRANSMIT.csv
2000-01-01T00:00:00, Done loop ...
2015-04-13T08:44:26, Setup Complete
2015-04-13T08:44:28, Data: 2015-04-13T08:44:26,3.91,25631,1793.00,1805.00,1801.00,11.82,45.64,17.46,895.96
2015-04-13T08:44:28, Add row to /TRACKING.csv
2015-04-13T08:44:29, Number of rows in /TRACKING.csv: 1
2015-04-13T08:44:31, Done loop ...
2015-04-13T09:01:04, Setup Complete
2015-04-13T09:01:06, Data: 2015-04-13T09:01:04,3.91,25631,1763.00,1807.00,1793.50,11.03,47.97,17.00,896.07
2015-04-13T09:01:06, Add row to /TRACKING.csv
2015-04-13T09:01:06, Number of rows in /TRACKING.csv: 2
2015-04-13T09:01:09, Done loop ...
2015-04-13T09:17:42, Setup Complete
2015-04-13T09:17:44, Data: 2015-04-13T09:17:42,3.91,25631,1766.00,1801.00,1789.00,10.55,50.07,16.58,896.01
2015-04-13T09:17:44, Add row to /TRACKING.csv
2015-04-13T09:17:44, Number of rows in /TRACKING.csv: 3
2015-04-13T09:17:47, Done loop ...
2015-04-13T09:34:20, Setup Complete
2015-04-13T09:34:22, Data: 2015-04-13T09:34:20,3.91,25631,1765.00,1803.00,1786.50,10.39,50.37,16.09,896.08
2015-04-13T09:34:22, Add row to /TRACKING.csv
2015-04-13T09:34:22, Number of rows in /TRACKING.csv: 4
2015-04-13T09:34:25, Number of rows in /TRACKING.csv is >= 4
2015-04-13T09:34:26, Remove tracking
2015-04-13T09:34:26, Write to /TRANSMIT.csv: 2015-04-13T09:34:20,3.91,1765.00,10.4,50
2015-04-13T09:34:26, Number of rows in /TRANSMIT.csv: 1
2015-04-13T09:34:26, Current hour = 9, Transmission hour = 1
2015-04-13T09:34:26, Current hour = 9, Transmission hour = 6
2015-04-13T09:34:26, Current hour = 9, Transmission hour = 8
2015-04-13T09:34:26, Current hour = 9, Transmission hour = 10
2015-04-13T09:34:26, Current hour = 9, Transmission hour = 15
2015-04-13T09:34:26, Current hour = 9, Transmission hour = 20
2015-04-13T09:34:26, Current hour = 9, Transmission hour = 22
2015-04-13T09:34:26, Done loop ...
2015-04-13T09:50:58, Setup Complete
2015-04-13T09:51:00, Data: 2015-04-13T09:50:58,3.91,25631,1801.00,1807.00,1803.00,11.66,47.00,16.28,896.10
2015-04-13T09:51:00, Add row to /TRACKING.csv
2015-04-13T09:51:00, Number of rows in /TRACKING.csv: 1
2015-04-13T09:51:03, Done loop ...
2015-04-13T10:07:36, Setup Complete
2015-04-13T10:07:38, Data: 2015-04-13T10:07:36,3.91,25631,1804.00,1814.00,1808.00,12.17,45.61,16.51,896.10
2015-04-13T10:07:38, Add row to /TRACKING.csv
2015-04-13T10:07:38, Number of rows in /TRACKING.csv: 2
2015-04-13T10:07:41, Done loop ...
2015-04-13T10:24:14, Setup Complete
2015-04-13T10:24:16, Data: 2015-04-13T10:24:14,3.91,25631,1793.00,1802.00,1795.00,10.86,49.15,15.91,896.20
2015-04-13T10:24:16, Add row to /TRACKING.csv
2015-04-13T10:24:16, Number of rows in /TRACKING.csv: 3
2015-04-13T10:24:19, Done loop ...
2015-04-13T10:40:52, Setup Complete
2015-04-13T10:40:54, Data: 2015-04-13T10:40:52,3.91,25631,1790.00,1800.00,1796.00,10.84,49.11,15.56,896.21
2015-04-13T10:40:54, Add row to /TRACKING.csv
2015-04-13T10:40:54, Number of rows in /TRACKING.csv: 4
2015-04-13T10:40:57, Number of rows in /TRACKING.csv is >= 4
2015-04-13T10:40:57, Remove tracking
2015-04-13T10:40:57, Write to /TRANSMIT.csv: 2015-04-13T10:40:52,3.91,1790.00,10.8,49
2015-04-13T10:40:57, Number of rows in /TRANSMIT.csv: 2
2015-04-13T10:40:57, Current hour = 10, Transmission hour = 1
2015-04-13T10:40:58, Current hour = 10, Transmission hour = 6
2015-04-13T10:40:58, Current hour = 10, Transmission hour = 8
2015-04-13T10:40:58, Current hour = 10, Transmission hour = 10
2015-04-13T10:40:58, 1309346177+10450:179+10849
2015-04-13T10:41:00,  - attempt to send message: 1309346177+10450:179+10849
2015-04-13T10:41:00,  - Modem begin successful
2015-04-13T10:41:00,  - Sending...
2015-04-13T10:41:04,  - Send response: 
2015-04-13T10:41:04,   - Sync clocks... 
2015-04-13T10:41:04,  - Arduino Old Time: 2015-04-13T18:41:04
2015-04-13T10:41:03,  - Failed to set valid RTC time
2000-01-01T00:00:00, Message sent! Removing /TRANSMIT.csv
2000-01-01T00:00:00, Done loop ...
2015-04-13T10:57:29, Setup Complete
2015-04-13T10:57:31, Data: 2015-04-13T10:57:29,3.91,25631,1797.00,1802.00,1799.00,11.42,47.48,15.15,896.28
2015-04-13T10:57:31, Add row to /TRACKING.csv
2015-04-13T10:57:31, Number of rows in /TRACKING.csv: 1
2015-04-13T10:57:33, Done loop ...
2015-04-13T11:14:07, Setup Complete
2015-04-13T11:14:09, Data: 2015-04-13T11:14:07,3.91,25631,1785.00,1791.00,1788.50,12.28,45.44,14.87,896.25
2015-04-13T11:14:09, Add row to /TRACKING.csv
2015-04-13T11:14:09, Number of rows in /TRACKING.csv: 2
2015-04-13T11:14:12, Done loop ...
2015-04-13T11:30:45, Setup Complete
2015-04-13T11:30:47, Data: 2015-04-13T11:30:45,3.91,25631,1785.00,1794.00,1790.00,11.78,47.22,14.42,896.16
2015-04-13T11:30:47, Add row to /TRACKING.csv
2015-04-13T11:30:47, Number of rows in /TRACKING.csv: 3
2015-04-13T11:30:50, Done loop ...
2015-04-13T11:47:23, Setup Complete
2015-04-13T11:47:25, Data: 2015-04-13T11:47:23,3.91,25631,1777.00,1788.00,1782.50,13.98,41.13,13.67,896.26
2015-04-13T11:47:25, Add row to /TRACKING.csv
2015-04-13T11:47:25, Number of rows in /TRACKING.csv: 4
2015-04-13T11:47:28, Number of rows in /TRACKING.csv is >= 4
2015-04-13T11:47:28, Remove tracking
2015-04-13T11:47:28, Write to /TRANSMIT.csv: 2015-04-13T11:47:23,3.91,1777.00,14.0,41
2015-04-13T11:47:28, Number of rows in /TRANSMIT.csv: 1
2015-04-13T11:47:28, Current hour = 11, Transmission hour = 1
2015-04-13T11:47:29, Current hour = 11, Transmission hour = 6
2015-04-13T11:47:29, Current hour = 11, Transmission hour = 8
2015-04-13T11:47:29, Current hour = 11, Transmission hour = 10
2015-04-13T11:47:29, Current hour = 11, Transmission hour = 15
2015-04-13T11:47:29, Current hour = 11, Transmission hour = 20
2015-04-13T11:47:29, Current hour = 11, Transmission hour = 22
2015-04-13T11:47:29, Done loop ...
2015-04-13T12:04:01, Setup Complete
2015-04-13T12:04:03, Data: 2015-04-13T12:04:01,3.67,25631,1766.00,1773.00,1768.50,11.36,46.60,11.95,896.18
2015-04-13T12:04:03, Add row to /TRACKING.csv
2015-04-13T12:04:03, Number of rows in /TRACKING.csv: 1
2015-04-13T12:04:05, Done loop ...
2015-04-13T12:20:39, Setup Complete
2015-04-13T12:20:41, Data: 2015-04-13T12:20:39,3.67,25631,1763.00,1770.00,1765.50,8.76,53.63,8.85,896.43
2015-04-13T12:20:41, Add row to /TRACKING.csv
2015-04-13T12:20:41, Number of rows in /TRACKING.csv: 2
2015-04-13T12:20:44, Done loop ...
2015-04-13T12:37:16, Setup Complete
2015-04-13T12:37:19, Data: 2015-04-13T12:37:16,3.67,25631,1747.00,1774.00,1759.50,7.91,56.46,7.50,896.35
2015-04-13T12:37:19, Add row to /TRACKING.csv
2015-04-13T12:37:19, Number of rows in /TRACKING.csv: 3
2015-04-13T12:37:22, Done loop ...
2015-04-13T12:53:54, Setup Complete
2015-04-13T12:53:57, Data: 2015-04-13T12:53:54,3.67,25631,1750.00,1762.00,1755.00,7.81,56.76,6.68,896.44
2015-04-13T12:53:57, Add row to /TRACKING.csv
2015-04-13T12:53:57, Number of rows in /TRACKING.csv: 4
2015-04-13T12:54:00, Number of rows in /TRACKING.csv is >= 4
2015-04-13T12:54:00, Remove tracking
2015-04-13T12:54:00, Write to /TRANSMIT.csv: 2015-04-13T12:53:54,3.67,1750.00,7.8,57
2015-04-13T12:54:00, Number of rows in /TRANSMIT.csv: 2
2015-04-13T12:54:00, Current hour = 12, Transmission hour = 1
2015-04-13T12:54:00, Current hour = 12, Transmission hour = 6
2015-04-13T12:54:00, Current hour = 12, Transmission hour = 8
2015-04-13T12:54:00, Current hour = 12, Transmission hour = 10
2015-04-13T12:54:00, Current hour = 12, Transmission hour = 15
2015-04-13T12:54:00, Current hour = 12, Transmission hour = 20
2015-04-13T12:54:00, Current hour = 12, Transmission hour = 22
2015-04-13T12:54:01, Done loop ...
2015-04-13T13:10:32, Setup Complete
2015-04-13T13:10:34, Data: 2015-04-13T13:10:32,3.67,25631,1744.00,1763.00,1758.50,7.50,57.79,6.15,896.50
2015-04-13T13:10:34, Add row to /TRACKING.csv
2015-04-13T13:10:34, Number of rows in /TRACKING.csv: 1
2015-04-13T13:10:37, Done loop ...
2015-04-13T13:27:09, Setup Complete
2015-04-13T13:27:12, Data: 2015-04-13T13:27:09,3.67,25631,1743.00,1764.00,1752.50,7.57,56.87,5.86,896.38
2015-04-13T13:27:12, Add row to /TRACKING.csv
2015-04-13T13:27:12, Number of rows in /TRACKING.csv: 2
2015-04-13T13:27:14, Done loop ...
2015-04-13T13:43:47, Setup Complete
2015-04-13T13:43:49, Data: 2015-04-13T13:43:47,3.67,25631,1749.00,1764.00,1757.00,7.26,57.64,5.63,896.50
2015-04-13T13:43:49, Add row to /TRACKING.csv
2015-04-13T13:43:49, Number of rows in /TRACKING.csv: 3
2015-04-13T13:43:52, Done loop ...
2015-04-13T14:00:24, Setup Complete
2015-04-13T14:00:27, Data: 2015-04-13T14:00:24,3.67,25631,1750.00,1764.00,1761.00,7.04,58.08,5.44,896.47
2015-04-13T14:00:27, Add row to /TRACKING.csv
2015-04-13T14:00:27, Number of rows in /TRACKING.csv: 4
2015-04-13T14:00:30, Number of rows in /TRACKING.csv is >= 4
2015-04-13T14:00:30, Remove tracking
2015-04-13T14:00:30, Write to /TRANSMIT.csv: 2015-04-13T14:00:24,3.67,1750.00,7.0,58
2015-04-13T14:00:30, Number of rows in /TRANSMIT.csv: 3
2015-04-13T14:00:30, Current hour = 14, Transmission hour = 1
2015-04-13T14:00:30, Current hour = 14, Transmission hour = 6
2015-04-13T14:00:30, Current hour = 14, Transmission hour = 8
2015-04-13T14:00:30, Current hour = 14, Transmission hour = 10
2015-04-13T14:00:30, Current hour = 14, Transmission hour = 15
2015-04-13T14:00:30, Current hour = 14, Transmission hour = 20
2015-04-13T14:00:30, Current hour = 14, Transmission hour = 22
2015-04-13T14:00:31, Done loop ...
2015-04-13T14:17:02, Setup Complete
2015-04-13T14:17:04, Data: 2015-04-13T14:17:02,3.67,25631,1748.00,1762.00,1753.00,6.84,58.89,5.27,896.36
2015-04-13T14:17:04, Add row to /TRACKING.csv
2015-04-13T14:17:04, Number of rows in /TRACKING.csv: 1
2015-04-13T14:17:07, Done loop ...
2015-04-13T14:33:39, Setup Complete
2015-04-13T14:33:42, Data: 2015-04-13T14:33:40,3.67,25631,1748.00,1761.00,1754.00,7.04,57.98,5.18,896.35
2015-04-13T14:33:42, Add row to /TRACKING.csv
2015-04-13T14:33:42, Number of rows in /TRACKING.csv: 2
2015-04-13T14:33:44, Done loop ...
2015-04-13T14:50:17, Setup Complete
2015-04-13T14:50:19, Data: 2015-04-13T14:50:17,3.67,25631,1754.00,1764.00,1761.50,6.97,58.01,5.11,896.41
2015-04-13T14:50:19, Add row to /TRACKING.csv
2015-04-13T14:50:19, Number of rows in /TRACKING.csv: 3
2015-04-13T14:50:22, Done loop ...
2015-04-13T15:06:55, Setup Complete
2015-04-13T15:06:57, Data: 2015-04-13T15:06:55,3.67,25631,1746.00,1767.00,1760.00,7.01,56.50,5.21,896.46
2015-04-13T15:06:57, Add row to /TRACKING.csv
2015-04-13T15:06:57, Number of rows in /TRACKING.csv: 4
2015-04-13T15:07:00, Number of rows in /TRACKING.csv is >= 4
2015-04-13T15:07:00, Remove tracking
2015-04-13T15:07:00, Write to /TRANSMIT.csv: 2015-04-13T15:06:55,3.67,1746.00,7.0,56
2015-04-13T15:07:00, Number of rows in /TRANSMIT.csv: 4
2015-04-13T15:07:00, Current hour = 15, Transmission hour = 1
2015-04-13T15:07:00, Current hour = 15, Transmission hour = 6
2015-04-13T15:07:00, Current hour = 15, Transmission hour = 8
2015-04-13T15:07:01, Current hour = 15, Transmission hour = 10
2015-04-13T15:07:01, Current hour = 15, Transmission hour = 15
2015-04-13T15:07:01, 1311473178+14041:175+07857:175+07058:175+07056
2015-04-13T15:07:03,  - attempt to send message: 1311473178+14041:175+07857:175+07058:175+07056
2015-04-13T15:07:03,  - Modem begin successful
2015-04-13T15:07:03,  - Sending...
2015-04-13T15:07:10,  - Send response: 
2015-04-13T15:07:10,   - Sync clocks... 
2015-04-13T15:07:10,  - Arduino Old Time: 2015-04-13T23:07:10
2015-04-13T15:07:10,  - Failed to set valid RTC time
2000-01-01T00:00:00, Message sent! Removing /TRANSMIT.csv
2000-01-01T00:00:00, Done loop ...
2015-04-13T15:23:31, Setup Complete
2015-04-13T15:23:33, Data: 2015-04-13T15:23:31,3.67,25631,1746.00,1766.00,1756.50,6.74,57.95,5.06,896.35
2015-04-13T15:23:33, Add row to /TRACKING.csv
2015-04-13T15:23:33, Number of rows in /TRACKING.csv: 1
2015-04-13T15:23:36, Done loop ...
2015-04-13T15:40:09, Setup Complete
2015-04-13T15:40:11, Data: 2015-04-13T15:40:09,3.67,25631,1748.00,1764.00,1757.00,6.94,56.87,4.98,896.39
2015-04-13T15:40:11, Add row to /TRACKING.csv
2015-04-13T15:40:11, Number of rows in /TRACKING.csv: 2
2015-04-13T15:40:14, Done loop ...
2015-04-13T15:56:46, Setup Complete
2015-04-13T15:56:48, Data: 2015-04-13T15:56:46,3.67,25631,1745.00,1767.00,1765.50,6.67,57.74,5.01,896.48
2015-04-13T15:56:48, Add row to /TRACKING.csv
2015-04-13T15:56:48, Number of rows in /TRACKING.csv: 3
2015-04-13T15:56:51, Done loop ...
2015-04-13T16:13:24, Setup Complete
2015-04-13T16:13:26, Data: 2015-04-13T16:13:24,3.67,25631,1750.00,1764.00,1759.50,6.97,57.30,4.92,896.58
2015-04-13T16:13:26, Add row to /TRACKING.csv
2015-04-13T16:13:26, Number of rows in /TRACKING.csv: 4
2015-04-13T16:13:29, Number of rows in /TRACKING.csv is >= 4
2015-04-13T16:13:29, Remove tracking
2015-04-13T16:13:29, Write to /TRANSMIT.csv: 2015-04-13T16:13:24,3.67,1750.00,7.0,57
2015-04-13T16:13:29, Number of rows in /TRANSMIT.csv: 1
2015-04-13T16:13:30, Current hour = 16, Transmission hour = 1
2015-04-13T16:13:30, Current hour = 16, Transmission hour = 6
2015-04-13T16:13:30, Current hour = 16, Transmission hour = 8
2015-04-13T16:13:30, Current hour = 16, Transmission hour = 10
2015-04-13T16:13:30, Current hour = 16, Transmission hour = 15
2015-04-13T16:13:30, Current hour = 16, Transmission hour = 20
2015-04-13T16:13:30, Current hour = 16, Transmission hour = 22
2015-04-13T16:13:30, Done loop ...
2015-04-13T16:30:01, Setup Complete
2015-04-13T16:30:03, Data: 2015-04-13T16:30:01,3.67,25631,1747.00,1769.00,1754.00,7.09,56.54,5.00,896.52
2015-04-13T16:30:03, Add row to /TRACKING.csv
2015-04-13T16:30:04, Number of rows in /TRACKING.csv: 1
2015-04-13T16:30:06, Done loop ...
2015-04-13T16:46:39, Setup Complete
2015-04-13T16:46:41, Data: 2015-04-13T16:46:39,3.67,25631,1749.00,1786.00,1761.00,6.91,56.94,5.05,896.45
2015-04-13T16:46:41, Add row to /TRACKING.csv
2015-04-13T16:46:41, Number of rows in /TRACKING.csv: 2
2015-04-13T16:46:44, Done loop ...
2015-04-13T17:03:16, Setup Complete
2015-04-13T17:03:18, Data: 2015-04-13T17:03:16,3.67,25631,1753.00,1760.00,1757.00,6.76,57.22,4.88,896.41
2015-04-13T17:03:18, Add row to /TRACKING.csv
2015-04-13T17:03:19, Number of rows in /TRACKING.csv: 3
2015-04-13T17:03:22, Done loop ...
2015-04-13T17:19:54, Setup Complete
2015-04-13T17:19:56, Data: 2015-04-13T17:19:54,3.67,25631,1751.00,1764.00,1756.50,7.30,55.30,5.12,896.40
2015-04-13T17:19:56, Add row to /TRACKING.csv
2015-04-13T17:19:56, Number of rows in /TRACKING.csv: 4
2015-04-13T17:19:59, Number of rows in /TRACKING.csv is >= 4
2015-04-13T17:19:59, Remove tracking
2015-04-13T17:19:59, Write to /TRANSMIT.csv: 2015-04-13T17:19:54,3.67,1751.00,7.3,55
2015-04-13T17:20:00, Number of rows in /TRANSMIT.csv: 2
2015-04-13T17:20:00, Current hour = 17, Transmission hour = 1
2015-04-13T17:20:00, Current hour = 17, Transmission hour = 6
2015-04-13T17:20:00, Current hour = 17, Transmission hour = 8
2015-04-13T17:20:00, Current hour = 17, Transmission hour = 10
2015-04-13T17:20:00, Current hour = 17, Transmission hour = 15
2015-04-13T17:20:00, Current hour = 17, Transmission hour = 20
2015-04-13T17:20:00, Current hour = 17, Transmission hour = 22
2015-04-13T17:20:00, Done loop ...
2015-04-13T17:36:31, Setup Complete
2015-04-13T17:36:33, Data: 2015-04-13T17:36:31,3.66,25631,1748.00,1781.00,1770.50,7.59,54.20,5.43,896.36
2015-04-13T17:36:34, Add row to /TRACKING.csv
2015-04-13T17:36:34, Number of rows in /TRACKING.csv: 1
2015-04-13T17:36:36, Done loop ...
2015-04-13T17:53:09, Setup Complete
2015-04-13T17:53:11, Data: 2015-04-13T17:53:09,3.67,25631,1753.00,1771.00,1763.50,7.22,55.61,5.48,896.38
2015-04-13T17:53:11, Add row to /TRACKING.csv
2015-04-13T17:53:11, Number of rows in /TRACKING.csv: 2
2015-04-13T17:53:14, Done loop ...
2015-04-13T18:09:46, Setup Complete
2015-04-13T18:09:49, Data: 2015-04-13T18:09:46,3.67,25631,1758.00,1764.00,1761.50,7.35,55.09,5.44,896.51
2015-04-13T18:09:49, Add row to /TRACKING.csv
2015-04-13T18:09:49, Number of rows in /TRACKING.csv: 3
2015-04-13T18:09:52, Done loop ...
2015-04-13T18:26:24, Setup Complete
2015-04-13T18:26:26, Data: 2015-04-13T18:26:24,3.67,25631,1753.00,1772.00,1763.00,6.94,54.16,5.37,896.52
2015-04-13T18:26:26, Add row to /TRACKING.csv
2015-04-13T18:26:26, Number of rows in /TRACKING.csv: 4
2015-04-13T18:26:29, Number of rows in /TRACKING.csv is >= 4
2015-04-13T18:26:30, Remove tracking
2015-04-13T18:26:30, Write to /TRANSMIT.csv: 2015-04-13T18:26:24,3.67,1753.00,6.9,54
2015-04-13T18:26:30, Number of rows in /TRANSMIT.csv: 3
2015-04-13T18:26:30, Current hour = 18, Transmission hour = 1
2015-04-13T18:26:30, Current hour = 18, Transmission hour = 6
2015-04-13T18:26:30, Current hour = 18, Transmission hour = 8
2015-04-13T18:26:30, Current hour = 18, Transmission hour = 10
2015-04-13T18:26:30, Current hour = 18, Transmission hour = 15
2015-04-13T18:26:30, Current hour = 18, Transmission hour = 20
2015-04-13T18:26:30, Current hour = 18, Transmission hour = 22
2015-04-13T18:26:30, Done loop ...
2015-04-13T18:43:01, Setup Complete
2015-04-13T18:43:04, Data: 2015-04-13T18:43:01,3.67,25631,1749.00,1771.00,1764.50,7.02,54.34,5.22,896.47
2015-04-13T18:43:04, Add row to /TRACKING.csv
2015-04-13T18:43:04, Number of rows in /TRACKING.csv: 1
2015-04-13T18:43:06, Done loop ...
2015-04-13T18:59:39, Setup Complete
2015-04-13T18:59:41, Data: 2015-04-13T18:59:39,3.67,25631,1749.00,1770.00,1763.50,7.05,54.18,5.15,896.36
2015-04-13T18:59:41, Add row to /TRACKING.csv
2015-04-13T18:59:41, Number of rows in /TRACKING.csv: 2
2015-04-13T18:59:44, Done loop ...
2015-04-13T19:16:16, Setup Complete
2015-04-13T19:16:19, Data: 2015-04-13T19:16:16,3.67,25631,1748.00,1767.00,1757.50,7.04,55.74,5.16,896.28
2015-04-13T19:16:19, Add row to /TRACKING.csv
2015-04-13T19:16:19, Number of rows in /TRACKING.csv: 3
2015-04-13T19:16:22, Done loop ...
2015-04-13T19:32:54, Setup Complete
2015-04-13T19:32:56, Data: 2015-04-13T19:32:54,3.67,25631,1752.00,1764.00,1760.50,7.33,55.22,5.23,896.44
2015-04-13T19:32:56, Add row to /TRACKING.csv
2015-04-13T19:32:56, Number of rows in /TRACKING.csv: 4
2015-04-13T19:33:00, Number of rows in /TRACKING.csv is >= 4
2015-04-13T19:33:00, Remove tracking
2015-04-13T19:33:00, Write to /TRANSMIT.csv: 2015-04-13T19:32:54,3.67,1752.00,7.3,55
2015-04-13T19:33:00, Number of rows in /TRANSMIT.csv: 4
2015-04-13T19:33:00, Current hour = 19, Transmission hour = 1
2015-04-13T19:33:00, Current hour = 19, Transmission hour = 6
2015-04-13T19:33:00, Current hour = 19, Transmission hour = 8
2015-04-13T19:33:00, Current hour = 19, Transmission hour = 10
2015-04-13T19:33:00, Current hour = 19, Transmission hour = 15
2015-04-13T19:33:00, Current hour = 19, Transmission hour = 20
2015-04-13T19:33:00, Current hour = 19, Transmission hour = 22
2015-04-13T19:33:00, Done loop ...
2015-04-13T19:49:31, Setup Complete
2015-04-13T19:49:34, Data: 2015-04-13T19:49:31,3.67,25631,1756.00,1768.00,1763.50,7.30,55.91,5.20,896.45
2015-04-13T19:49:34, Add row to /TRACKING.csv
2015-04-13T19:49:34, Number of rows in /TRACKING.csv: 1
2015-04-13T19:49:36, Done loop ...
2015-04-13T20:06:09, Setup Complete
2015-04-13T20:06:11, Data: 2015-04-13T20:06:09,3.66,25631,1752.00,1770.00,1762.00,7.19,55.49,5.22,896.54
2015-04-13T20:06:11, Add row to /TRACKING.csv
2015-04-13T20:06:11, Number of rows in /TRACKING.csv: 2
2015-04-13T20:06:14, Done loop ...
2015-04-13T20:22:46, Setup Complete
2015-04-13T20:22:49, Data: 2015-04-13T20:22:47,3.67,25631,1748.00,1772.00,1767.00,6.91,56.77,5.16,896.51
2015-04-13T20:22:49, Add row to /TRACKING.csv
2015-04-13T20:22:49, Number of rows in /TRACKING.csv: 3
2015-04-13T20:22:52, Done loop ...
2015-04-13T20:39:24, Setup Complete
2015-04-13T20:39:26, Data: 2015-04-13T20:39:24,3.67,25631,1748.00,1768.00,1767.00,6.71,57.55,5.02,896.46
2015-04-13T20:39:26, Add row to /TRACKING.csv
2015-04-13T20:39:26, Number of rows in /TRACKING.csv: 4
2015-04-13T20:39:30, Number of rows in /TRACKING.csv is >= 4
2015-04-13T20:39:30, Remove tracking
2015-04-13T20:39:30, Write to /TRANSMIT.csv: 2015-04-13T20:39:24,3.67,1748.00,6.7,58
2015-04-13T20:39:30, Number of rows in /TRANSMIT.csv: 5
2015-04-13T20:39:30, Current hour = 20, Transmission hour = 1
2015-04-13T20:39:30, 1316133175+07057:175+07355:175+06954:175+07355:175+06758
2015-04-13T20:39:32,  - attempt to send message: 1316133175+07057:175+07355:175+06954:175+07355:175+06758
2015-04-13T20:39:33,  - Modem begin successful
2015-04-13T20:39:33,  - Sending...
2015-04-13T20:39:40,  - Send response: 
2015-04-13T20:39:40,   - Sync clocks... 
2015-04-13T20:39:40,  - Arduino Old Time: 2015-04-14T04:39:40
2015-04-13T20:39:39,  - Failed to set valid RTC time
2000-01-01T00:00:00, Message sent! Removing /TRANSMIT.csv
2000-01-01T00:00:00, Done loop ...
2015-04-13T20:56:00, Setup Complete
2015-04-13T20:56:03, Data: 2015-04-13T20:56:01,3.67,25631,1755.00,1771.00,1762.50,6.94,55.25,5.07,896.55
2015-04-13T20:56:03, Add row to /TRACKING.csv
2015-04-13T20:56:03, Number of rows in /TRACKING.csv: 1
2015-04-13T20:56:05, Done loop ...
2015-04-13T21:12:38, Setup Complete
2015-04-13T21:12:40, Data: 2015-04-13T21:12:38,3.67,25631,1755.00,1772.00,1764.00,7.60,53.55,5.35,896.49
2015-04-13T21:12:40, Add row to /TRACKING.csv
2015-04-13T21:12:40, Number of rows in /TRACKING.csv: 2
2015-04-13T21:12:43, Done loop ...
2015-04-13T21:29:16, Setup Complete
2015-04-13T21:29:18, Data: 2015-04-13T21:29:16,3.67,25631,1763.00,1775.00,1767.50,7.07,56.55,5.15,896.43
2015-04-13T21:29:18, Add row to /TRACKING.csv
2015-04-13T21:29:18, Number of rows in /TRACKING.csv: 3
2015-04-13T21:29:21, Done loop ...
2015-04-13T21:45:53, Setup Complete
2015-04-13T21:45:55, Data: 2015-04-13T21:45:53,3.67,25631,1754.00,1774.00,1768.00,6.95,56.71,5.08,896.38
2015-04-13T21:45:55, Add row to /TRACKING.csv
2015-04-13T21:45:55, Number of rows in /TRACKING.csv: 4
2015-04-13T21:45:59, Number of rows in /TRACKING.csv is >= 4
2015-04-13T21:45:59, Remove tracking
2015-04-13T21:45:59, Write to /TRANSMIT.csv: 2015-04-13T21:45:53,3.67,1754.00,6.9,57
2015-04-13T21:45:59, Number of rows in /TRANSMIT.csv: 1
2015-04-13T21:45:59, Current hour = 21, Transmission hour = 1
2015-04-13T21:45:59, Current hour = 21, Transmission hour = 6
2015-04-13T21:45:59, Current hour = 21, Transmission hour = 8
2015-04-13T21:45:59, Current hour = 21, Transmission hour = 10
2015-04-13T21:45:59, Current hour = 21, Transmission hour = 15
2015-04-13T21:45:59, Current hour = 21, Transmission hour = 20
2015-04-13T21:45:59, Current hour = 21, Transmission hour = 22
2015-04-13T21:45:59, Done loop ...
2015-04-13T22:02:31, Setup Complete
2015-04-13T22:02:33, Data: 2015-04-13T22:02:31,3.66,25631,1764.00,1773.00,1770.00,6.92,56.82,5.02,896.36
2015-04-13T22:02:33, Add row to /TRACKING.csv
2015-04-13T22:02:33, Number of rows in /TRACKING.csv: 1
2015-04-13T22:02:35, Done loop ...
2015-04-13T22:19:08, Setup Complete
2015-04-13T22:19:10, Data: 2015-04-13T22:19:08,3.66,25631,1761.00,1778.00,1770.00,6.97,57.35,5.03,896.32
2015-04-13T22:19:10, Add row to /TRACKING.csv
2015-04-13T22:19:11, Number of rows in /TRACKING.csv: 2
2015-04-13T22:19:13, Done loop ...
2015-04-13T22:35:46, Setup Complete
2015-04-13T22:35:48, Data: 2015-04-13T22:35:46,3.67,25631,1753.00,1781.00,1770.00,7.22,56.09,5.18,896.44
2015-04-13T22:35:48, Add row to /TRACKING.csv
2015-04-13T22:35:48, Number of rows in /TRACKING.csv: 3
2015-04-13T22:35:51, Done loop ...
2015-04-13T22:52:23, Setup Complete
2015-04-13T22:52:25, Data: 2015-04-13T22:52:23,3.67,25631,1751.00,1777.00,1759.50,7.15,56.40,5.22,896.45
2015-04-13T22:52:25, Add row to /TRACKING.csv
2015-04-13T22:52:26, Number of rows in /TRACKING.csv: 4
2015-04-13T22:52:29, Number of rows in /TRACKING.csv is >= 4
2015-04-13T22:52:29, Remove tracking
2015-04-13T22:52:29, Write to /TRANSMIT.csv: 2015-04-13T22:52:23,3.67,1751.00,7.2,56
2015-04-13T22:52:29, Number of rows in /TRANSMIT.csv: 2
2015-04-13T22:52:29, Current hour = 22, Transmission hour = 1
2015-04-13T22:52:29, Current hour = 22, Transmission hour = 6
2015-04-13T22:52:29, Current hour = 22, Transmission hour = 8
2015-04-13T22:52:29, Current hour = 22, Transmission hour = 10
2015-04-13T22:52:29, Current hour = 22, Transmission hour = 15
2015-04-13T22:52:29, Current hour = 22, Transmission hour = 20
2015-04-13T22:52:29, Current hour = 22, Transmission hour = 22
2015-04-13T22:52:29, 1321453175+06957:175+07256
2015-04-13T22:52:31,  - attempt to send message: 1321453175+06957:175+07256
2015-04-13T22:52:32,  - Modem begin successful
2015-04-13T22:52:32,  - Sending...
2015-04-13T22:52:35,  - Send response: 
2015-04-13T22:52:35,   - Sync clocks... 
2015-04-13T22:52:35,  - Arduino Old Time: 2015-04-14T06:52:35
2015-04-13T22:52:35,  - Failed to set valid RTC time
2000-01-01T00:00:00, Message sent! Removing /TRANSMIT.csv
2000-01-01T00:00:00, Done loop ...
2015-04-13T23:09:01, Setup Complete
2015-04-13T23:09:03, Data: 2015-04-13T23:09:01,3.66,25631,1760.00,1774.00,1768.50,7.36,55.79,5.26,896.64
2015-04-13T23:09:03, Add row to /TRACKING.csv
2015-04-13T23:09:03, Number of rows in /TRACKING.csv: 1
2015-04-13T23:09:05, Done loop ...
2015-04-13T23:25:38, Setup Complete
2015-04-13T23:25:40, Data: 2015-04-13T23:25:38,3.67,25631,1754.00,1771.00,1767.50,6.88,56.83,5.18,896.60
2015-04-13T23:25:40, Add row to /TRACKING.csv
2015-04-13T23:25:41, Number of rows in /TRACKING.csv: 2
2015-04-13T23:25:43, Done loop ...
2015-04-13T23:42:16, Setup Complete
2015-04-13T23:42:18, Data: 2015-04-13T23:42:16,3.66,25631,1753.00,1773.00,1763.50,6.79,57.39,4.94,896.56
2015-04-13T23:42:18, Add row to /TRACKING.csv
2015-04-13T23:42:18, Number of rows in /TRACKING.csv: 3
2015-04-13T23:42:21, Done loop ...
2015-04-13T23:58:53, Setup Complete
2015-04-13T23:58:55, Data: 2015-04-13T23:58:53,3.67,25631,1758.00,1777.00,1768.00,6.30,59.11,4.81,896.47
2015-04-13T23:58:55, Add row to /TRACKING.csv
2015-04-13T23:58:56, Number of rows in /TRACKING.csv: 4
2015-04-13T23:58:59, Number of rows in /TRACKING.csv is >= 4
2015-04-13T23:58:59, Remove tracking
2015-04-13T23:58:59, Write to /TRANSMIT.csv: 2015-04-13T23:58:53,3.67,1758.00,6.3,59
2015-04-13T23:58:59, Number of rows in /TRANSMIT.csv: 1
2015-04-13T23:58:59, Current hour = 23, Transmission hour = 1
2015-04-13T23:58:59, Current hour = 23, Transmission hour = 6
2015-04-13T23:58:59, Current hour = 23, Transmission hour = 8
2015-04-13T23:58:59, Current hour = 23, Transmission hour = 10
2015-04-13T23:58:59, Current hour = 23, Transmission hour = 15
2015-04-13T23:58:59, Current hour = 23, Transmission hour = 20
2015-04-13T23:58:59, Current hour = 23, Transmission hour = 22
2015-04-13T23:58:59, Done loop ...
2015-04-14T00:15:31, Setup Complete
2015-04-14T00:15:33, Data: 2015-04-14T00:15:31,3.67,25631,1759.00,1774.00,1764.50,6.19,59.93,4.60,896.32
2015-04-14T00:15:33, Add row to /TRACKING.csv
2015-04-14T00:15:33, Number of rows in /TRACKING.csv: 1
2015-04-14T00:15:35, Done loop ...
2015-04-14T00:32:08, Setup Complete
2015-04-14T00:32:10, Data: 2015-04-14T00:32:08,3.66,25631,1758.00,1770.00,1767.50,6.01,59.86,4.50,896.32
2015-04-14T00:32:10, Add row to /TRACKING.csv
2015-04-14T00:32:11, Number of rows in /TRACKING.csv: 2
2015-04-14T00:32:13, Done loop ...
2015-04-14T00:48:46, Setup Complete
2015-04-14T00:48:48, Data: 2015-04-14T00:48:46,3.67,25631,1753.00,1772.00,1760.00,6.11,59.12,4.53,896.28
2015-04-14T00:48:48, Add row to /TRACKING.csv
2015-04-14T00:48:48, Number of rows in /TRACKING.csv: 3
2015-04-14T00:48:51, Done loop ...
2015-04-14T01:05:23, Setup Complete
2015-04-14T01:05:25, Data: 2015-04-14T01:05:23,3.67,25631,1761.00,1775.00,1772.00,6.36,59.42,4.58,896.25
2015-04-14T01:05:26, Add row to /TRACKING.csv
2015-04-14T01:05:26, Number of rows in /TRACKING.csv: 4
2015-04-14T01:05:29, Number of rows in /TRACKING.csv is >= 4
2015-04-14T01:05:29, Remove tracking
2015-04-14T01:05:29, Write to /TRANSMIT.csv: 2015-04-14T01:05:23,3.67,1761.00,6.4,59
2015-04-14T01:05:29, Number of rows in /TRANSMIT.csv: 2
2015-04-14T01:05:29, Current hour = 1, Transmission hour = 1
2015-04-14T01:05:29, 1323583176+06359:176+06459
2015-04-14T01:05:31,  - attempt to send message: 1323583176+06359:176+06459
2015-04-14T01:05:32,  - Modem begin successful
2015-04-14T01:05:32,  - Sending...
2015-04-14T01:07:44,  - Send response: 
2015-04-14T01:07:44,   - Sync clocks... 
2015-04-14T01:07:44,  - Arduino Old Time: 2015-04-14T09:07:44
2015-04-14T01:07:43,  - Failed to set valid RTC time
2000-01-01T00:00:00, Message sent! Removing /TRANSMIT.csv
2000-01-01T00:00:00, Done loop ...
2015-04-14T01:22:00, Setup Complete
2015-04-14T01:22:02, Data: 2015-04-14T01:22:00,3.67,25631,1762.00,1774.00,1766.50,6.35,58.84,4.69,896.11
2015-04-14T01:22:02, Add row to /TRACKING.csv
2015-04-14T01:22:02, Number of rows in /TRACKING.csv: 1
2015-04-14T01:22:05, Done loop ...
2015-04-14T01:38:37, Setup Complete
2015-04-14T01:38:40, Data: 2015-04-14T01:38:37,3.66,25631,1760.00,1774.00,1768.00,6.54,58.55,4.66,896.05
2015-04-14T01:38:40, Add row to /TRACKING.csv
2015-04-14T01:38:40, Number of rows in /TRACKING.csv: 2
2015-04-14T01:38:42, Done loop ...
2015-04-14T01:55:15, Setup Complete
2015-04-14T01:55:17, Data: 2015-04-14T01:55:15,3.67,25631,1759.00,1776.00,1769.00,6.14,60.11,4.49,896.11
2015-04-14T01:55:17, Add row to /TRACKING.csv
2015-04-14T01:55:17, Number of rows in /TRACKING.csv: 3
2015-04-14T01:55:20, Done loop ...
2015-04-14T02:11:52, Setup Complete
2015-04-14T02:11:55, Data: 2015-04-14T02:11:52,3.67,25631,1767.00,1782.00,1772.00,6.61,58.22,4.75,896.09
2015-04-14T02:11:55, Add row to /TRACKING.csv
2015-04-14T02:11:55, Number of rows in /TRACKING.csv: 4
2015-04-14T02:11:58, Number of rows in /TRACKING.csv is >= 4
2015-04-14T02:11:58, Remove tracking
2015-04-14T02:11:58, Write to /TRANSMIT.csv: 2015-04-14T02:11:52,3.67,1767.00,6.6,58
2015-04-14T02:11:58, Number of rows in /TRANSMIT.csv: 1
2015-04-14T02:11:58, Current hour = 2, Transmission hour = 1
2015-04-14T02:11:58, Current hour = 2, Transmission hour = 6
2015-04-14T02:11:58, Current hour = 2, Transmission hour = 8
2015-04-14T02:11:58, Current hour = 2, Transmission hour = 10
2015-04-14T02:11:58, Current hour = 2, Transmission hour = 15
2015-04-14T02:11:59, Current hour = 2, Transmission hour = 20
2015-04-14T02:11:59, Current hour = 2, Transmission hour = 22
2015-04-14T02:11:59, Done loop ...
2015-04-14T02:28:30, Setup Complete
2015-04-14T02:28:32, Data: 2015-04-14T02:28:30,3.67,25631,1758.00,1773.00,1764.00,6.33,58.87,4.59,896.13
2015-04-14T02:28:32, Add row to /TRACKING.csv
2015-04-14T02:28:32, Number of rows in /TRACKING.csv: 1
2015-04-14T02:28:35, Done loop ...
2015-04-14T02:45:08, Setup Complete
2015-04-14T02:45:10, Data: 2015-04-14T02:45:08,3.66,25631,1764.00,1774.00,1771.50,5.95,60.53,4.31,896.07
2015-04-14T02:45:10, Add row to /TRACKING.csv
2015-04-14T02:45:10, Number of rows in /TRACKING.csv: 2
2015-04-14T02:45:12, Done loop ...
2015-04-14T03:01:45, Setup Complete
2015-04-14T03:01:47, Data: 2015-04-14T03:01:45,3.66,25631,1760.00,1774.00,1771.50,6.73,57.83,4.54,896.07
2015-04-14T03:01:47, Add row to /TRACKING.csv
2015-04-14T03:01:47, Number of rows in /TRACKING.csv: 3
2015-04-14T03:01:50, Done loop ...
2015-04-14T03:18:23, Setup Complete
2015-04-14T03:18:25, Data: 2015-04-14T03:18:23,3.66,25631,1761.00,1782.00,1767.50,6.08,59.39,4.41,896.11
2015-04-14T03:18:25, Add row to /TRACKING.csv
2015-04-14T03:18:25, Number of rows in /TRACKING.csv: 4
2015-04-14T03:18:28, Number of rows in /TRACKING.csv is >= 4
2015-04-14T03:18:28, Remove tracking
2015-04-14T03:18:28, Write to /TRANSMIT.csv: 2015-04-14T03:18:23,3.66,1761.00,6.1,59
2015-04-14T03:18:28, Number of rows in /TRANSMIT.csv: 2
2015-04-14T03:18:28, Current hour = 3, Transmission hour = 1
2015-04-14T03:18:28, Current hour = 3, Transmission hour = 6
2015-04-14T03:18:28, Current hour = 3, Transmission hour = 8
2015-04-14T03:18:29, Current hour = 3, Transmission hour = 10
2015-04-14T03:18:29, Current hour = 3, Transmission hour = 15
2015-04-14T03:18:29, Current hour = 3, Transmission hour = 20
2015-04-14T03:18:29, Current hour = 3, Transmission hour = 22
2015-04-14T03:18:29, Done loop ...
2015-04-14T03:35:00, Setup Complete
2015-04-14T03:35:02, Data: 2015-04-14T03:35:00,3.67,25631,1756.00,1796.00,1773.50,5.79,60.22,4.32,896.17
2015-04-14T03:35:02, Add row to /TRACKING.csv
2015-04-14T03:35:03, Number of rows in /TRACKING.csv: 1
2015-04-14T03:35:05, Done loop ...
2015-04-14T03:51:38, Setup Complete
2015-04-14T03:51:40, Data: 2015-04-14T03:51:38,3.66,25631,1765.00,1791.00,1772.50,5.58,61.43,4.05,896.24
2015-04-14T03:51:40, Add row to /TRACKING.csv
2015-04-14T03:51:40, Number of rows in /TRACKING.csv: 2
2015-04-14T03:51:43, Done loop ...
2015-04-14T04:08:15, Setup Complete
2015-04-14T04:08:17, Data: 2015-04-14T04:08:15,3.66,25631,1761.00,1776.00,1769.00,5.53,61.35,3.87,896.13
2015-04-14T04:08:17, Add row to /TRACKING.csv
2015-04-14T04:08:18, Number of rows in /TRACKING.csv: 3
2015-04-14T04:08:20, Done loop ...
2015-04-14T04:24:53, Setup Complete
2015-04-14T04:24:55, Data: 2015-04-14T04:24:53,3.66,25631,1769.00,1781.00,1773.50,5.88,60.11,3.96,896.11
2015-04-14T04:24:55, Add row to /TRACKING.csv
2015-04-14T04:24:55, Number of rows in /TRACKING.csv: 4
2015-04-14T04:24:58, Number of rows in /TRACKING.csv is >= 4
2015-04-14T04:24:58, Remove tracking
2015-04-14T04:24:58, Write to /TRANSMIT.csv: 2015-04-14T04:24:53,3.66,1769.00,5.9,60
2015-04-14T04:24:59, Number of rows in /TRANSMIT.csv: 3
2015-04-14T04:24:59, Current hour = 4, Transmission hour = 1
2015-04-14T04:24:59, Current hour = 4, Transmission hour = 6
2015-04-14T04:24:59, Current hour = 4, Transmission hour = 8
2015-04-14T04:24:59, Current hour = 4, Transmission hour = 10
2015-04-14T04:24:59, Current hour = 4, Transmission hour = 15
2015-04-14T04:24:59, Current hour = 4, Transmission hour = 20
2015-04-14T04:24:59, Current hour = 4, Transmission hour = 22
2015-04-14T04:24:59, Done loop ...
2015-04-14T04:41:30, Setup Complete
2015-04-14T04:41:32, Data: 2015-04-14T04:41:30,3.66,25631,1755.00,1791.00,1765.50,5.64,60.92,3.82,896.31
2015-04-14T04:41:32, Add row to /TRACKING.csv
2015-04-14T04:41:33, Number of rows in /TRACKING.csv: 1
2015-04-14T04:41:35, Done loop ...
2015-04-14T04:58:08, Setup Complete
2015-04-14T04:58:10, Data: 2015-04-14T04:58:08,3.66,25631,1753.00,1781.00,1775.50,5.51,61.15,3.88,896.28
2015-04-14T04:58:10, Add row to /TRACKING.csv
2015-04-14T04:58:11, Number of rows in /TRACKING.csv: 2
2015-04-14T04:58:13, Done loop ...
2015-04-14T05:14:46, Setup Complete
2015-04-14T05:14:48, Data: 2015-04-14T05:14:46,3.67,25631,1760.00,1780.00,1774.00,5.46,61.58,4.07,896.39
2015-04-14T05:14:48, Add row to /TRACKING.csv
2015-04-14T05:14:49, Number of rows in /TRACKING.csv: 3
2015-04-14T05:14:52, Done loop ...
2015-04-14T05:31:24, Setup Complete
2015-04-14T05:31:26, Data: 2015-04-14T05:31:24,3.91,25631,1769.00,1795.00,1786.00,6.47,59.21,5.38,896.75
2015-04-14T05:31:26, Add row to /TRACKING.csv
2015-04-14T05:31:27, Number of rows in /TRACKING.csv: 4
2015-04-14T05:31:30, Number of rows in /TRACKING.csv is >= 4
2015-04-14T05:31:30, Remove tracking
2015-04-14T05:31:30, Write to /TRANSMIT.csv: 2015-04-14T05:31:24,3.91,1769.00,6.5,59
2015-04-14T05:31:30, Number of rows in /TRANSMIT.csv: 4
2015-04-14T05:31:30, Current hour = 5, Transmission hour = 1
2015-04-14T05:31:30, Current hour = 5, Transmission hour = 6
2015-04-14T05:31:30, Current hour = 5, Transmission hour = 8
2015-04-14T05:31:30, Current hour = 5, Transmission hour = 10
2015-04-14T05:31:30, Current hour = 5, Transmission hour = 15
2015-04-14T05:31:30, Current hour = 5, Transmission hour = 20
2015-04-14T05:31:30, Current hour = 5, Transmission hour = 22
2015-04-14T05:31:30, Done loop ...
2015-04-14T05:48:03, Setup Complete
2015-04-14T05:48:05, Data: 2015-04-14T05:48:03,3.91,25631,1788.00,1808.00,1799.50,9.83,48.70,10.47,896.62
2015-04-14T05:48:05, Add row to /TRACKING.csv
2015-04-14T05:48:05, Number of rows in /TRACKING.csv: 1
2015-04-14T05:48:07, Done loop ...
2015-04-14T06:04:41, Setup Complete
2015-04-14T06:04:43, Data: 2015-04-14T06:04:41,3.91,25631,1822.00,1839.00,1831.50,11.46,43.84,13.65,896.54
2015-04-14T06:04:43, Add row to /TRACKING.csv
2015-04-14T06:04:43, Number of rows in /TRACKING.csv: 2
2015-04-14T06:04:46, Done loop ...
2015-04-14T06:21:19, Setup Complete
2015-04-14T06:21:21, Data: 2015-04-14T06:21:19,3.91,25631,1823.00,1841.00,1831.00,10.66,46.12,15.22,896.41
2015-04-14T06:21:21, Add row to /TRACKING.csv
2015-04-14T06:21:21, Number of rows in /TRACKING.csv: 3
2015-04-14T06:21:24, Done loop ...
2015-04-14T06:37:57, Setup Complete
2015-04-14T06:37:59, Data: 2015-04-14T06:37:57,3.91,25631,1840.00,1847.00,1843.50,10.59,45.77,15.87,896.39
2015-04-14T06:37:59, Add row to /TRACKING.csv
2015-04-14T06:37:59, Number of rows in /TRACKING.csv: 4
2015-04-14T06:38:02, Number of rows in /TRACKING.csv is >= 4
2015-04-14T06:38:02, Remove tracking
2015-04-14T06:38:02, Write to /TRANSMIT.csv: 2015-04-14T06:37:57,3.91,1840.00,10.6,46
2015-04-14T06:38:03, Number of rows in /TRANSMIT.csv: 5
2015-04-14T06:38:03, Current hour = 6, Transmission hour = 1
2015-04-14T06:38:03, 1402116177+06658:176+06159:177+05960:177+06559:184+10646
2015-04-14T06:38:05,  - attempt to send message: 1402116177+06658:176+06159:177+05960:177+06559:184+10646
2015-04-14T06:38:05,  - Modem begin successful
2015-04-14T06:38:06,  - Sending...
2015-04-14T06:38:11,  - Send response: 
2015-04-14T06:38:11,   - Sync clocks... 
2015-04-14T06:38:11,  - Arduino Old Time: 2015-04-14T14:38:11
2015-04-14T06:38:09,  - Failed to set valid RTC time
2000-01-01T00:00:00, Message sent! Removing /TRANSMIT.csv
2000-01-01T00:00:00, Done loop ...
2015-04-14T06:54:33, Setup Complete
2015-04-14T06:54:35, Data: 2015-04-14T06:54:33,3.91,25631,1832.00,1846.00,1840.00,11.21,45.70,15.49,896.36
2015-04-14T06:54:35, Add row to /TRACKING.csv
2015-04-14T06:54:35, Number of rows in /TRACKING.csv: 1
2015-04-14T06:54:37, Done loop ...
2015-04-14T07:11:11, Setup Complete
2015-04-14T07:11:13, Data: 2015-04-14T07:11:11,3.91,25631,1789.00,1842.00,1805.00,8.61,53.59,14.55,896.27
2015-04-14T07:11:13, Add row to /TRACKING.csv
2015-04-14T07:11:13, Number of rows in /TRACKING.csv: 2
2015-04-14T07:11:16, Done loop ...
2015-04-14T07:27:49, Setup Complete
2015-04-14T07:27:51, Data: 2015-04-14T07:27:49,3.91,25631,1834.00,1844.00,1839.50,9.50,48.90,14.40,896.42
2015-04-14T07:27:51, Add row to /TRACKING.csv
2015-04-14T07:27:51, Number of rows in /TRACKING.csv: 3
2015-04-14T07:27:54, Done loop ...
2015-04-14T07:44:27, Setup Complete
2015-04-14T07:44:29, Data: 2015-04-14T07:44:27,3.91,25631,1840.00,1849.00,1844.00,8.80,51.83,14.48,896.49
2015-04-14T07:44:29, Add row to /TRACKING.csv
2015-04-14T07:44:29, Number of rows in /TRACKING.csv: 4
2015-04-14T07:44:32, Number of rows in /TRACKING.csv is >= 4
2015-04-14T07:44:32, Remove tracking
2015-04-14T07:44:32, Write to /TRANSMIT.csv: 2015-04-14T07:44:27,3.91,1840.00,8.8,52
2015-04-14T07:44:33, Number of rows in /TRANSMIT.csv: 1
2015-04-14T07:44:33, Current hour = 7, Transmission hour = 1
2015-04-14T07:44:33, Current hour = 7, Transmission hour = 6
2015-04-14T07:44:33, Current hour = 7, Transmission hour = 8
2015-04-14T07:44:33, Current hour = 7, Transmission hour = 10
2015-04-14T07:44:33, Current hour = 7, Transmission hour = 15
2015-04-14T07:44:33, Current hour = 7, Transmission hour = 20
2015-04-14T07:44:33, Current hour = 7, Transmission hour = 22
2015-04-14T07:44:33, Done loop ...
2015-04-14T08:01:05, Setup Complete
2015-04-14T08:01:07, Data: 2015-04-14T08:01:05,3.91,25631,1837.00,1849.00,1843.50,8.91,55.14,15.30,896.40
2015-04-14T08:01:07, Add row to /TRACKING.csv
2015-04-14T08:01:07, Number of rows in /TRACKING.csv: 1
2015-04-14T08:01:09, Done loop ...
2015-04-14T08:17:43, Setup Complete
2015-04-14T08:17:45, Data: 2015-04-14T08:17:43,3.91,25631,1850.00,1861.00,1854.00,10.07,52.26,16.05,896.45
2015-04-14T08:17:45, Add row to /TRACKING.csv
2015-04-14T08:17:45, Number of rows in /TRACKING.csv: 2
2015-04-14T08:17:48, Done loop ...
2015-04-14T08:34:21, Setup Complete
2015-04-14T08:34:23, Data: 2015-04-14T08:34:21,3.91,25631,1849.00,1860.00,1857.00,9.00,51.27,15.96,896.40
2015-04-14T08:34:23, Add row to /TRACKING.csv
2015-04-14T08:34:23, Number of rows in /TRACKING.csv: 3
2015-04-14T08:34:26, Done loop ...
2015-04-14T08:50:59, Setup Complete
2015-04-14T08:51:01, Data: 2015-04-14T08:50:59,3.91,25631,1853.00,1860.00,1856.50,10.48,49.63,15.87,896.34
2015-04-14T08:51:01, Add row to /TRACKING.csv
2015-04-14T08:51:01, Number of rows in /TRACKING.csv: 4
2015-04-14T08:51:04, Number of rows in /TRACKING.csv is >= 4
2015-04-14T08:51:04, Remove tracking
2015-04-14T08:51:04, Write to /TRANSMIT.csv: 2015-04-14T08:50:59,3.91,1853.00,10.5,50
2015-04-14T08:51:04, Number of rows in /TRANSMIT.csv: 2
2015-04-14T08:51:04, Current hour = 8, Transmission hour = 1
2015-04-14T08:51:04, Current hour = 8, Transmission hour = 6
2015-04-14T08:51:04, Current hour = 8, Transmission hour = 8
2015-04-14T08:51:05, 1407446184+08852:185+10550
2015-04-14T08:51:07,  - attempt to send message: 1407446184+08852:185+10550
2015-04-14T08:51:07,  - Modem begin successful
2015-04-14T08:51:07,  - Sending...
2015-04-14T08:51:12,  - Send response: 
2015-04-14T08:51:12,   - Sync clocks... 
2015-04-14T08:51:12,  - Arduino Old Time: 2015-04-14T16:51:12
2015-04-14T08:51:12,  - Failed to set valid RTC time
2000-01-01T00:00:00, Message sent! Removing /TRANSMIT.csv
2000-01-01T00:00:00, Done loop ...
2015-04-14T09:07:36, Setup Complete
2015-04-14T09:07:39, Data: 2015-04-14T09:07:36,3.91,25631,1836.00,1844.00,1841.00,8.73,57.35,15.79,896.23
2015-04-14T09:07:39, Add row to /TRACKING.csv
2015-04-14T09:07:39, Number of rows in /TRACKING.csv: 1
2015-04-14T09:07:41, Done loop ...
2015-04-14T09:24:14, Setup Complete
2015-04-14T09:24:17, Data: 2015-04-14T09:24:14,3.91,25631,1840.00,1853.00,1846.00,10.31,53.08,16.08,896.21
2015-04-14T09:24:17, Add row to /TRACKING.csv
2015-04-14T09:24:17, Number of rows in /TRACKING.csv: 2
2015-04-14T09:24:19, Done loop ...
2015-04-14T09:40:52, Setup Complete
2015-04-14T09:40:54, Data: 2015-04-14T09:40:52,3.91,25631,1831.00,1849.00,1844.00,8.28,55.58,15.12,896.04
2015-04-14T09:40:54, Add row to /TRACKING.csv
2015-04-14T09:40:55, Number of rows in /TRACKING.csv: 3
2015-04-14T09:40:58, Done loop ...
2015-04-14T09:57:30, Setup Complete
2015-04-14T09:57:32, Data: 2015-04-14T09:57:30,3.91,25631,1829.00,1839.00,1834.00,8.66,57.49,14.74,896.17
2015-04-14T09:57:32, Add row to /TRACKING.csv
2015-04-14T09:57:33, Number of rows in /TRACKING.csv: 4
2015-04-14T09:57:36, Number of rows in /TRACKING.csv is >= 4
2015-04-14T09:57:36, Remove tracking
2015-04-14T09:57:36, Write to /TRANSMIT.csv: 2015-04-14T09:57:30,3.91,1829.00,8.7,57
2015-04-14T09:57:36, Number of rows in /TRANSMIT.csv: 1
2015-04-14T09:57:36, Current hour = 9, Transmission hour = 1
2015-04-14T09:57:36, Current hour = 9, Transmission hour = 6
2015-04-14T09:57:36, Current hour = 9, Transmission hour = 8
2015-04-14T09:57:36, Current hour = 9, Transmission hour = 10
2015-04-14T09:57:36, Current hour = 9, Transmission hour = 15
2015-04-14T09:57:36, Current hour = 9, Transmission hour = 20
2015-04-14T09:57:36, Current hour = 9, Transmission hour = 22
2015-04-14T09:57:36, Done loop ...
2015-04-14T10:14:08, Setup Complete
2015-04-14T10:14:10, Data: 2015-04-14T10:14:08,3.91,25631,1824.00,1828.00,1825.50,8.63,58.23,14.56,896.08
2015-04-14T10:14:10, Add row to /TRACKING.csv
2015-04-14T10:14:11, Number of rows in /TRACKING.csv: 1
2015-04-14T10:14:13, Done loop ...
2015-04-14T10:30:46, Setup Complete
2015-04-14T10:30:48, Data: 2015-04-14T10:30:46,3.91,25631,1799.00,1839.00,1833.50,8.96,54.85,14.73,895.97
2015-04-14T10:30:48, Add row to /TRACKING.csv
2015-04-14T10:30:49, Number of rows in /TRACKING.csv: 2
2015-04-14T10:30:51, Done loop ...
2015-04-14T10:47:24, Setup Complete
2015-04-14T10:47:26, Data: 2015-04-14T10:47:24,3.91,25631,1800.00,1839.00,1832.50,8.67,55.96,14.23,895.78
2015-04-14T10:47:26, Add row to /TRACKING.csv
2015-04-14T10:47:27, Number of rows in /TRACKING.csv: 3
2015-04-14T10:47:29, Done loop ...
2015-04-14T11:04:02, Setup Complete
2015-04-14T11:04:04, Data: 2015-04-14T11:04:02,3.91,25631,1817.00,1831.00,1825.00,9.86,53.77,13.91,895.75
2015-04-14T11:04:04, Add row to /TRACKING.csv
2015-04-14T11:04:05, Number of rows in /TRACKING.csv: 4
2015-04-14T11:04:08, Number of rows in /TRACKING.csv is >= 4
2015-04-14T11:04:08, Remove tracking
2015-04-14T11:04:08, Write to /TRANSMIT.csv: 2015-04-14T11:04:02,3.91,1817.00,9.9,54
2015-04-14T11:04:08, Number of rows in /TRANSMIT.csv: 2
2015-04-14T11:04:08, Current hour = 11, Transmission hour = 1
2015-04-14T11:04:08, Current hour = 11, Transmission hour = 6
2015-04-14T11:04:08, Current hour = 11, Transmission hour = 8
2015-04-14T11:04:08, Current hour = 11, Transmission hour = 10
2015-04-14T11:04:08, Current hour = 11, Transmission hour = 15
2015-04-14T11:04:08, Current hour = 11, Transmission hour = 20
2015-04-14T11:04:08, Current hour = 11, Transmission hour = 22
2015-04-14T11:04:08, Done loop ...
2015-04-14T11:20:40, Setup Complete
2015-04-14T11:20:42, Data: 2015-04-14T11:20:40,3.91,25631,1800.00,1821.00,1806.50,9.29,54.88,13.59,895.70
2015-04-14T11:20:42, Add row to /TRACKING.csv
2015-04-14T11:20:43, Number of rows in /TRACKING.csv: 1
2015-04-14T11:20:45, Done loop ...
2015-04-14T11:37:18, Setup Complete
2015-04-14T11:37:20, Data: 2015-04-14T11:37:18,3.91,25631,1782.00,1808.00,1794.50,8.85,56.79,12.63,895.69
2015-04-14T11:37:20, Add row to /TRACKING.csv
2015-04-14T11:37:21, Number of rows in /TRACKING.csv: 2
2015-04-14T11:37:23, Done loop ...
2015-04-14T11:53:56, Setup Complete
2015-04-14T11:53:58, Data: 2015-04-14T11:53:56,3.91,25631,1787.00,1822.00,1805.00,10.48,52.22,11.61,895.73
2015-04-14T11:53:58, Add row to /TRACKING.csv
2015-04-14T11:53:59, Number of rows in /TRACKING.csv: 3
2015-04-14T11:54:02, Done loop ...
2015-04-14T12:10:34, Setup Complete
2015-04-14T12:10:37, Data: 2015-04-14T12:10:34,3.67,25631,1765.00,1783.00,1776.50,7.36,59.93,8.82,895.65
2015-04-14T12:10:37, Add row to /TRACKING.csv
2015-04-14T12:10:37, Number of rows in /TRACKING.csv: 4
2015-04-14T12:10:40, Number of rows in /TRACKING.csv is >= 4
2015-04-14T12:10:40, Remove tracking
2015-04-14T12:10:40, Write to /TRANSMIT.csv: 2015-04-14T12:10:34,3.67,1765.00,7.4,60
2015-04-14T12:10:40, Number of rows in /TRANSMIT.csv: 3
2015-04-14T12:10:40, Current hour = 12, Transmission hour = 1
2015-04-14T12:10:40, Current hour = 12, Transmission hour = 6
2015-04-14T12:10:40, Current hour = 12, Transmission hour = 8
2015-04-14T12:10:40, Current hour = 12, Transmission hour = 10
2015-04-14T12:10:40, Current hour = 12, Transmission hour = 15
2015-04-14T12:10:40, Current hour = 12, Transmission hour = 20
2015-04-14T12:10:41, Current hour = 12, Transmission hour = 22
2015-04-14T12:10:41, Done loop ...
2015-04-14T12:27:12, Setup Complete
2015-04-14T12:27:15, Data: 2015-04-14T12:27:12,3.67,25631,1761.00,1775.00,1768.00,5.81,66.23,6.44,895.84
2015-04-14T12:27:15, Add row to /TRACKING.csv
2015-04-14T12:27:15, Number of rows in /TRACKING.csv: 1
2015-04-14T12:27:17, Done loop ...
2015-04-14T12:43:50, Setup Complete
2015-04-14T12:43:52, Data: 2015-04-14T12:43:50,3.67,25631,1761.00,1777.00,1764.50,5.54,66.56,5.25,895.87
2015-04-14T12:43:53, Add row to /TRACKING.csv
2015-04-14T12:43:53, Number of rows in /TRACKING.csv: 2
2015-04-14T12:43:55, Done loop ...
2015-04-14T13:00:28, Setup Complete
2015-04-14T13:00:30, Data: 2015-04-14T13:00:28,3.67,25631,1758.00,1782.00,1763.50,5.36,68.94,4.55,895.93
2015-04-14T13:00:30, Add row to /TRACKING.csv
2015-04-14T13:00:31, Number of rows in /TRACKING.csv: 3
2015-04-14T13:00:33, Done loop ...
2015-04-14T13:17:06, Setup Complete
2015-04-14T13:17:08, Data: 2015-04-14T13:17:06,3.66,25631,1750.00,1782.00,1761.50,5.01,70.01,3.96,895.90
2015-04-14T13:17:08, Add row to /TRACKING.csv
2015-04-14T13:17:08, Number of rows in /TRACKING.csv: 4
2015-04-14T13:17:11, Number of rows in /TRACKING.csv is >= 4
2015-04-14T13:17:11, Remove tracking
2015-04-14T13:17:11, Write to /TRANSMIT.csv: 2015-04-14T13:17:06,3.66,1750.00,5.0,70
2015-04-14T13:17:12, Number of rows in /TRANSMIT.csv: 4
2015-04-14T13:17:12, Current hour = 13, Transmission hour = 1
2015-04-14T13:17:12, Current hour = 13, Transmission hour = 6
2015-04-14T13:17:12, Current hour = 13, Transmission hour = 8
2015-04-14T13:17:12, Current hour = 13, Transmission hour = 10
2015-04-14T13:17:12, Current hour = 13, Transmission hour = 15
2015-04-14T13:17:12, Current hour = 13, Transmission hour = 20
2015-04-14T13:17:12, Current hour = 13, Transmission hour = 22
2015-04-14T13:17:12, Done loop ...
2015-04-14T13:33:43, Setup Complete
2015-04-14T13:33:45, Data: 2015-04-14T13:33:43,3.67,25631,1758.00,1773.00,1765.00,4.67,70.89,3.53,895.91
2015-04-14T13:33:45, Add row to /TRACKING.csv
2015-04-14T13:33:46, Number of rows in /TRACKING.csv: 1
2015-04-14T13:33:48, Done loop ...
2015-04-14T13:50:21, Setup Complete
2015-04-14T13:50:23, Data: 2015-04-14T13:50:21,3.67,25631,1756.00,1769.00,1763.00,4.80,68.83,3.41,895.83
2015-04-14T13:50:23, Add row to /TRACKING.csv
2015-04-14T13:50:23, Number of rows in /TRACKING.csv: 2
2015-04-14T13:50:26, Done loop ...
2015-04-14T14:06:58, Setup Complete
2015-04-14T14:07:01, Data: 2015-04-14T14:06:58,3.67,25631,1752.00,1776.00,1763.50,4.50,69.34,3.25,895.78
2015-04-14T14:07:01, Add row to /TRACKING.csv
2015-04-14T14:07:01, Number of rows in /TRACKING.csv: 3
2015-04-14T14:07:04, Done loop ...
2015-04-14T14:23:36, Setup Complete
2015-04-14T14:23:38, Data: 2015-04-14T14:23:36,3.67,25631,1751.00,1774.00,1765.50,4.16,70.55,3.05,895.67
2015-04-14T14:23:38, Add row to /TRACKING.csv
2015-04-14T14:23:38, Number of rows in /TRACKING.csv: 4
2015-04-14T14:23:42, Number of rows in /TRACKING.csv is >= 4
2015-04-14T14:23:42, Remove tracking
2015-04-14T14:23:42, Write to /TRANSMIT.csv: 2015-04-14T14:23:36,3.67,1751.00,4.2,71
2015-04-14T14:23:42, Number of rows in /TRANSMIT.csv: 5
2015-04-14T14:23:42, Current hour = 14, Transmission hour = 1
2015-04-14T14:23:42, 1409573183+08757:182+09954:177+07460:175+05070:175+04271
2015-04-14T14:23:44,  - attempt to send message: 1409573183+08757:182+09954:177+07460:175+05070:175+04271
2015-04-14T14:23:45,  - Modem begin successful
2015-04-14T14:23:45,  - Sending...
2015-04-14T14:24:01,  - Send response: 
2015-04-14T14:24:01,   - Sync clocks... 
2015-04-14T14:24:01,  - Arduino Old Time: 2015-04-14T22:24:01
2015-04-14T14:23:59,  - Failed to set valid RTC time
2000-01-01T00:00:00, Message sent! Removing /TRANSMIT.csv
2000-01-01T00:00:00, Done loop ...
2015-04-14T14:40:12, Setup Complete
2015-04-14T14:40:14, Data: 2015-04-14T14:40:12,3.67,25631,1754.00,1766.00,1762.50,3.99,69.68,2.84,895.66
2015-04-14T14:40:14, Add row to /TRACKING.csv
2015-04-14T14:40:14, Number of rows in /TRACKING.csv: 1
2015-04-14T14:40:16, Done loop ...
2015-04-14T14:56:49, Setup Complete
2015-04-14T14:56:51, Data: 2015-04-14T14:56:49,3.67,25631,1756.00,1770.00,1765.00,4.20,68.79,2.67,895.60
2015-04-14T14:56:51, Add row to /TRACKING.csv
2015-04-14T14:56:51, Number of rows in /TRACKING.csv: 2
2015-04-14T14:56:54, Done loop ...
2015-04-14T15:13:27, Setup Complete
2015-04-14T15:13:29, Data: 2015-04-14T15:13:27,3.67,25631,1754.00,1771.00,1760.50,4.42,68.03,2.77,895.57
2015-04-14T15:13:29, Add row to /TRACKING.csv
2015-04-14T15:13:29, Number of rows in /TRACKING.csv: 3
2015-04-14T15:13:32, Done loop ...
2015-04-14T15:30:04, Setup Complete
2015-04-14T15:30:06, Data: 2015-04-14T15:30:04,3.66,25631,1753.00,1765.00,1760.50,4.43,68.17,2.71,895.56
2015-04-14T15:30:06, Add row to /TRACKING.csv
2015-04-14T15:30:07, Number of rows in /TRACKING.csv: 4
2015-04-14T15:30:10, Number of rows in /TRACKING.csv is >= 4
2015-04-14T15:30:10, Remove tracking
2015-04-14T15:30:10, Write to /TRANSMIT.csv: 2015-04-14T15:30:04,3.66,1753.00,4.4,68
2015-04-14T15:30:10, Number of rows in /TRANSMIT.csv: 1
2015-04-14T15:30:10, Current hour = 15, Transmission hour = 1
2015-04-14T15:30:10, Current hour = 15, Transmission hour = 6
2015-04-14T15:30:10, Current hour = 15, Transmission hour = 8
2015-04-14T15:30:10, Current hour = 15, Transmission hour = 10
2015-04-14T15:30:10, Current hour = 15, Transmission hour = 15
2015-04-14T15:30:10, 1415303175+04468
2015-04-14T15:30:12,  - attempt to send message: 1415303175+04468
2015-04-14T15:30:13,  - Modem begin successful
2015-04-14T15:30:13,  - Sending...
2015-04-14T15:30:20,  - Send response: 
2015-04-14T15:30:20,   - Sync clocks... 
2015-04-14T15:30:20,  - Arduino Old Time: 2015-04-14T23:30:20
2015-04-14T15:30:20,  - Failed to set valid RTC time
2000-01-01T00:00:00, Message sent! Removing /TRANSMIT.csv
2000-01-01T00:00:00, Done loop ...
2015-04-14T15:46:42, Setup Complete
2015-04-14T15:46:44, Data: 2015-04-14T15:46:42,3.67,25631,1751.00,1765.00,1761.00,4.32,68.22,2.65,895.57
2015-04-14T15:46:44, Add row to /TRACKING.csv
2015-04-14T15:46:44, Number of rows in /TRACKING.csv: 1
2015-04-14T15:46:46, Done loop ...
2015-04-14T16:03:19, Setup Complete
2015-04-14T16:03:22, Data: 2015-04-14T16:03:19,3.66,25631,1758.00,1774.00,1766.00,4.09,69.81,2.52,895.62
2015-04-14T16:03:22, Add row to /TRACKING.csv
2015-04-14T16:03:22, Number of rows in /TRACKING.csv: 2
2015-04-14T16:03:24, Done loop ...
2015-04-14T16:19:57, Setup Complete
2015-04-14T16:19:59, Data: 2015-04-14T16:19:57,3.67,25631,1756.00,1766.00,1760.50,3.92,70.70,2.48,895.51
2015-04-14T16:19:59, Add row to /TRACKING.csv
2015-04-14T16:19:59, Number of rows in /TRACKING.csv: 3
2015-04-14T16:20:02, Done loop ...
2015-04-14T16:36:35, Setup Complete
2015-04-14T16:36:37, Data: 2015-04-14T16:36:35,3.67,25631,1754.00,1770.00,1763.00,4.26,69.17,2.56,895.53
2015-04-14T16:36:37, Add row to /TRACKING.csv
2015-04-14T16:36:37, Number of rows in /TRACKING.csv: 4
2015-04-14T16:36:40, Number of rows in /TRACKING.csv is >= 4
2015-04-14T16:36:40, Remove tracking
2015-04-14T16:36:40, Write to /TRANSMIT.csv: 2015-04-14T16:36:35,3.67,1754.00,4.3,69
2015-04-14T16:36:40, Number of rows in /TRANSMIT.csv: 1
2015-04-14T16:36:40, Current hour = 16, Transmission hour = 1
2015-04-14T16:36:40, Current hour = 16, Transmission hour = 6
2015-04-14T16:36:40, Current hour = 16, Transmission hour = 8
2015-04-14T16:36:41, Current hour = 16, Transmission hour = 10
2015-04-14T16:36:41, Current hour = 16, Transmission hour = 15
2015-04-14T16:36:41, Current hour = 16, Transmission hour = 20
2015-04-14T16:36:41, Current hour = 16, Transmission hour = 22
2015-04-14T16:36:41, Done loop ...
2015-04-14T16:53:12, Setup Complete
2015-04-14T16:53:14, Data: 2015-04-14T16:53:12,3.66,25631,1749.00,1764.00,1759.50,3.97,68.53,2.43,895.49
2015-04-14T16:53:14, Add row to /TRACKING.csv
2015-04-14T16:53:14, Number of rows in /TRACKING.csv: 1
2015-04-14T16:53:17, Done loop ...
2015-04-14T17:09:50, Setup Complete
2015-04-14T17:09:52, Data: 2015-04-14T17:09:50,3.66,25631,1753.00,1764.00,1759.00,4.01,69.45,2.36,895.45
2015-04-14T17:09:52, Add row to /TRACKING.csv
2015-04-14T17:09:52, Number of rows in /TRACKING.csv: 2
2015-04-14T17:09:55, Done loop ...
2015-04-14T17:26:27, Setup Complete
2015-04-14T17:26:29, Data: 2015-04-14T17:26:27,3.66,25631,1752.00,1769.00,1757.50,4.13,67.50,2.33,895.47
2015-04-14T17:26:29, Add row to /TRACKING.csv
2015-04-14T17:26:30, Number of rows in /TRACKING.csv: 3
2015-04-14T17:26:33, Done loop ...
2015-04-14T17:43:05, Setup Complete
2015-04-14T17:43:07, Data: 2015-04-14T17:43:05,3.67,25631,1752.00,1770.00,1760.00,3.79,69.29,2.30,895.42
2015-04-14T17:43:07, Add row to /TRACKING.csv
2015-04-14T17:43:07, Number of rows in /TRACKING.csv: 4
2015-04-14T17:43:10, Number of rows in /TRACKING.csv is >= 4
2015-04-14T17:43:11, Remove tracking
2015-04-14T17:43:11, Write to /TRANSMIT.csv: 2015-04-14T17:43:05,3.67,1752.00,3.8,69
2015-04-14T17:43:11, Number of rows in /TRANSMIT.csv: 2
2015-04-14T17:43:11, Current hour = 17, Transmission hour = 1
2015-04-14T17:43:11, Current hour = 17, Transmission hour = 6
2015-04-14T17:43:11, Current hour = 17, Transmission hour = 8
2015-04-14T17:43:11, Current hour = 17, Transmission hour = 10
2015-04-14T17:43:11, Current hour = 17, Transmission hour = 15
2015-04-14T17:43:11, Current hour = 17, Transmission hour = 20
2015-04-14T17:43:11, Current hour = 17, Transmission hour = 22
2015-04-14T17:43:11, Done loop ...
2015-04-14T17:59:42, Setup Complete
2015-04-14T17:59:45, Data: 2015-04-14T17:59:42,3.66,25631,1752.00,1766.00,1757.00,3.59,71.41,2.10,895.41
2015-04-14T17:59:45, Add row to /TRACKING.csv
2015-04-14T17:59:45, Number of rows in /TRACKING.csv: 1
2015-04-14T17:59:47, Done loop ...
2015-04-14T18:16:20, Setup Complete
2015-04-14T18:16:22, Data: 2015-04-14T18:16:20,3.67,25631,1757.00,1771.00,1765.50,4.03,68.97,2.11,895.39
2015-04-14T18:16:22, Add row to /TRACKING.csv
2015-04-14T18:16:22, Number of rows in /TRACKING.csv: 2
2015-04-14T18:16:25, Done loop ...
2015-04-14T18:32:58, Setup Complete
2015-04-14T18:33:00, Data: 2015-04-14T18:32:58,3.66,25631,1755.00,1764.00,1759.00,4.02,69.02,2.25,895.34
2015-04-14T18:33:00, Add row to /TRACKING.csv
2015-04-14T18:33:00, Number of rows in /TRACKING.csv: 3
2015-04-14T18:33:03, Done loop ...
2015-04-14T18:49:35, Setup Complete
2015-04-14T18:49:37, Data: 2015-04-14T18:49:35,3.66,25631,1761.00,1790.00,1772.00,3.75,66.40,2.19,895.28
2015-04-14T18:49:37, Add row to /TRACKING.csv
2015-04-14T18:49:38, Number of rows in /TRACKING.csv: 4
2015-04-14T18:49:41, Number of rows in /TRACKING.csv is >= 4
2015-04-14T18:49:41, Remove tracking
2015-04-14T18:49:41, Write to /TRANSMIT.csv: 2015-04-14T18:49:35,3.66,1761.00,3.8,66
2015-04-14T18:49:41, Number of rows in /TRANSMIT.csv: 3
2015-04-14T18:49:41, Current hour = 18, Transmission hour = 1
2015-04-14T18:49:41, Current hour = 18, Transmission hour = 6
2015-04-14T18:49:41, Current hour = 18, Transmission hour = 8
2015-04-14T18:49:41, Current hour = 18, Transmission hour = 10
2015-04-14T18:49:41, Current hour = 18, Transmission hour = 15
2015-04-14T18:49:41, Current hour = 18, Transmission hour = 20
2015-04-14T18:49:41, Current hour = 18, Transmission hour = 22
2015-04-14T18:49:41, Done loop ...
2015-04-14T19:06:13, Setup Complete
2015-04-14T19:06:15, Data: 2015-04-14T19:06:13,3.67,25631,1761.00,1775.00,1766.50,3.71,67.93,2.07,895.31
2015-04-14T19:06:15, Add row to /TRACKING.csv
2015-04-14T19:06:15, Number of rows in /TRACKING.csv: 1
2015-04-14T19:06:17, Done loop ...
2015-04-14T19:22:50, Setup Complete
2015-04-14T19:22:53, Data: 2015-04-14T19:22:50,3.66,25631,1745.00,1766.00,1758.50,3.85,69.69,1.98,895.32
2015-04-14T19:22:53, Add row to /TRACKING.csv
2015-04-14T19:22:53, Number of rows in /TRACKING.csv: 2
2015-04-14T19:22:55, Done loop ...
2015-04-14T19:39:28, Setup Complete
2015-04-14T19:39:30, Data: 2015-04-14T19:39:28,3.66,25631,1755.00,1784.00,1769.50,3.66,69.17,1.92,895.42
2015-04-14T19:39:30, Add row to /TRACKING.csv
2015-04-14T19:39:30, Number of rows in /TRACKING.csv: 3
2015-04-14T19:39:33, Done loop ...
2015-04-14T19:56:06, Setup Complete
2015-04-14T19:56:08, Data: 2015-04-14T19:56:06,3.66,25631,1760.00,1776.00,1764.00,3.67,70.33,1.90,895.48
2015-04-14T19:56:08, Add row to /TRACKING.csv
2015-04-14T19:56:08, Number of rows in /TRACKING.csv: 4
2015-04-14T19:56:11, Number of rows in /TRACKING.csv is >= 4
2015-04-14T19:56:11, Remove tracking
2015-04-14T19:56:11, Write to /TRANSMIT.csv: 2015-04-14T19:56:06,3.66,1760.00,3.7,70
2015-04-14T19:56:11, Number of rows in /TRANSMIT.csv: 4
2015-04-14T19:56:11, Current hour = 19, Transmission hour = 1
2015-04-14T19:56:11, Current hour = 19, Transmission hour = 6
2015-04-14T19:56:12, Current hour = 19, Transmission hour = 8
2015-04-14T19:56:12, Current hour = 19, Transmission hour = 10
2015-04-14T19:56:12, Current hour = 19, Transmission hour = 15
2015-04-14T19:56:12, Current hour = 19, Transmission hour = 20
2015-04-14T19:56:12, Current hour = 19, Transmission hour = 22
2015-04-14T19:56:12, Done loop ...
2015-04-14T20:12:43, Setup Complete
2015-04-14T20:12:45, Data: 2015-04-14T20:12:43,3.66,25631,1756.00,1771.00,1759.50,3.50,67.64,1.87,895.45
2015-04-14T20:12:45, Add row to /TRACKING.csv
2015-04-14T20:12:46, Number of rows in /TRACKING.csv: 1
2015-04-14T20:12:48, Done loop ...
2015-04-14T20:29:21, Setup Complete
2015-04-14T20:29:23, Data: 2015-04-14T20:29:21,3.66,25631,1759.00,1774.00,1760.50,3.78,64.59,1.93,895.43
2015-04-14T20:29:23, Add row to /TRACKING.csv
2015-04-14T20:29:23, Number of rows in /TRACKING.csv: 2
2015-04-14T20:29:26, Done loop ...
2015-04-14T20:45:58, Setup Complete
2015-04-14T20:46:01, Data: 2015-04-14T20:45:59,3.67,25631,1755.00,1779.00,1766.00,4.10,63.16,2.22,895.42
2015-04-14T20:46:01, Add row to /TRACKING.csv
2015-04-14T20:46:01, Number of rows in /TRACKING.csv: 3
2015-04-14T20:46:04, Done loop ...
2015-04-14T21:02:36, Setup Complete
2015-04-14T21:02:38, Data: 2015-04-14T21:02:36,3.66,25631,1765.00,1785.00,1775.00,4.65,60.47,2.47,895.40
2015-04-14T21:02:38, Add row to /TRACKING.csv
2015-04-14T21:02:38, Number of rows in /TRACKING.csv: 4
2015-04-14T21:02:42, Number of rows in /TRACKING.csv is >= 4
2015-04-14T21:02:42, Remove tracking
2015-04-14T21:02:42, Write to /TRANSMIT.csv: 2015-04-14T21:02:36,3.66,1765.00,4.7,60
2015-04-14T21:02:42, Number of rows in /TRANSMIT.csv: 5
2015-04-14T21:02:42, Current hour = 21, Transmission hour = 1
2015-04-14T21:02:42, 1416363175+04369:175+03869:176+03866:176+03770:177+04760
2015-04-14T21:02:44,  - attempt to send message: 1416363175+04369:175+03869:176+03866:176+03770:177+04760
2015-04-14T21:02:45,  - Modem begin successful
2015-04-14T21:02:45,  - Sending...
2015-04-14T21:02:52,  - Send response: 
2015-04-14T21:02:52,   - Sync clocks... 
2015-04-14T21:02:52,  - Arduino Old Time: 2015-04-15T05:02:52
2015-04-14T21:02:50,  - Failed to set valid RTC time
2000-01-01T00:00:00, Message sent! Removing /TRANSMIT.csv
2000-01-01T00:00:00, Done loop ...
2015-04-14T21:19:12, Setup Complete
2015-04-14T21:19:14, Data: 2015-04-14T21:19:12,3.66,25631,1755.00,1773.00,1761.50,4.17,62.17,2.52,895.36
2015-04-14T21:19:14, Add row to /TRACKING.csv
2015-04-14T21:19:14, Number of rows in /TRACKING.csv: 1
2015-04-14T21:19:16, Done loop ...
2015-04-14T21:35:49, Setup Complete
2015-04-14T21:35:51, Data: 2015-04-14T21:35:49,3.66,25631,1766.00,1785.00,1775.50,4.25,57.62,2.44,895.29
2015-04-14T21:35:51, Add row to /TRACKING.csv
2015-04-14T21:35:51, Number of rows in /TRACKING.csv: 2
2015-04-14T21:35:54, Done loop ...
2015-04-14T21:52:27, Setup Complete
2015-04-14T21:52:29, Data: 2015-04-14T21:52:27,3.66,25631,1755.00,1777.00,1768.00,4.23,58.07,2.24,895.27
2015-04-14T21:52:29, Add row to /TRACKING.csv
2015-04-14T21:52:29, Number of rows in /TRACKING.csv: 3
2015-04-14T21:52:32, Done loop ...
2015-04-14T22:09:04, Setup Complete
2015-04-14T22:09:06, Data: 2015-04-14T22:09:04,3.67,25631,1755.00,1773.00,1764.00,3.50,58.45,1.92,895.20
2015-04-14T22:09:06, Add row to /TRACKING.csv
2015-04-14T22:09:07, Number of rows in /TRACKING.csv: 4
2015-04-14T22:09:10, Number of rows in /TRACKING.csv is >= 4
2015-04-14T22:09:10, Remove tracking
2015-04-14T22:09:10, Write to /TRANSMIT.csv: 2015-04-14T22:09:04,3.67,1755.00,3.5,58
2015-04-14T22:09:10, Number of rows in /TRANSMIT.csv: 1
2015-04-14T22:09:10, Current hour = 22, Transmission hour = 1
2015-04-14T22:09:10, Current hour = 22, Transmission hour = 6
2015-04-14T22:09:10, Current hour = 22, Transmission hour = 8
2015-04-14T22:09:10, Current hour = 22, Transmission hour = 10
2015-04-14T22:09:10, Current hour = 22, Transmission hour = 15
2015-04-14T22:09:10, Current hour = 22, Transmission hour = 20
2015-04-14T22:09:10, Current hour = 22, Transmission hour = 22
2015-04-14T22:09:10, 1422093176+03558
2015-04-14T22:09:12,  - attempt to send message: 1422093176+03558
2015-04-14T22:09:13,  - Modem begin successful
2015-04-14T22:09:13,  - Sending...
2015-04-14T22:09:22,  - Send response: 
2015-04-14T22:09:23,   - Sync clocks... 
2015-04-14T22:09:23,  - Arduino Old Time: 2015-04-15T06:09:23
2015-04-14T22:09:23,  - Failed to set valid RTC time
2000-01-01T00:00:00, Message sent! Removing /TRANSMIT.csv
2000-01-01T00:00:00, Done loop ...
2015-04-14T22:25:42, Setup Complete
2015-04-14T22:25:44, Data: 2015-04-14T22:25:42,3.66,25631,1755.00,1776.00,1766.00,4.49,54.78,2.19,895.11
2015-04-14T22:25:44, Add row to /TRACKING.csv
2015-04-14T22:25:44, Number of rows in /TRACKING.csv: 1
2015-04-14T22:25:47, Done loop ...
2015-04-14T22:42:19, Setup Complete
2015-04-14T22:42:22, Data: 2015-04-14T22:42:19,3.66,25631,1756.00,1778.00,1766.00,4.40,57.93,2.34,895.03
2015-04-14T22:42:22, Add row to /TRACKING.csv
2015-04-14T22:42:22, Number of rows in /TRACKING.csv: 2
2015-04-14T22:42:24, Done loop ...
2015-04-14T22:58:57, Setup Complete
2015-04-14T22:58:59, Data: 2015-04-14T22:58:57,3.66,25631,1764.00,1781.00,1766.50,4.57,58.27,2.54,894.90
2015-04-14T22:58:59, Add row to /TRACKING.csv
2015-04-14T22:58:59, Number of rows in /TRACKING.csv: 3
2015-04-14T22:59:02, Done loop ...
2015-04-14T23:15:35, Setup Complete
2015-04-14T23:15:37, Data: 2015-04-14T23:15:35,3.64,25631,1764.00,1788.00,1771.50,4.53,54.04,2.61,894.70
2015-04-14T23:15:37, Add row to /TRACKING.csv
2015-04-14T23:15:37, Number of rows in /TRACKING.csv: 4
2015-04-14T23:15:40, Number of rows in /TRACKING.csv is >= 4
2015-04-14T23:15:40, Remove tracking
2015-04-14T23:15:40, Write to /TRANSMIT.csv: 2015-04-14T23:15:35,3.64,1764.00,4.5,54
2015-04-14T23:15:40, Number of rows in /TRANSMIT.csv: 1
2015-04-14T23:15:40, Current hour = 23, Transmission hour = 1
2015-04-14T23:15:40, Current hour = 23, Transmission hour = 6
2015-04-14T23:15:40, Current hour = 23, Transmission hour = 8
2015-04-14T23:15:40, Current hour = 23, Transmission hour = 10
2015-04-14T23:15:41, Current hour = 23, Transmission hour = 15
2015-04-14T23:15:41, Current hour = 23, Transmission hour = 20
2015-04-14T23:15:41, Current hour = 23, Transmission hour = 22
2015-04-14T23:15:41, Done loop ...
2015-04-14T23:32:12, Setup Complete
2015-04-14T23:32:14, Data: 2015-04-14T23:32:12,3.66,25631,1764.00,1777.00,1769.50,4.39,57.07,2.51,894.60
2015-04-14T23:32:14, Add row to /TRACKING.csv
2015-04-14T23:32:14, Number of rows in /TRACKING.csv: 1
2015-04-14T23:32:17, Done loop ...
2015-04-14T23:48:50, Setup Complete
2015-04-14T23:48:52, Data: 2015-04-14T23:48:50,3.66,25631,1761.00,1779.00,1767.00,3.85,52.66,2.25,894.66
2015-04-14T23:48:52, Add row to /TRACKING.csv
2015-04-14T23:48:52, Number of rows in /TRACKING.csv: 2
2015-04-14T23:48:55, Done loop ...
2015-04-15T00:05:27, Setup Complete
2015-04-15T00:05:29, Data: 2015-04-15T00:05:27,3.66,25631,1761.00,1777.00,1763.50,3.68,59.19,2.03,894.56
2015-04-15T00:05:29, Add row to /TRACKING.csv
2015-04-15T00:05:30, Number of rows in /TRACKING.csv: 3
2015-04-15T00:05:33, Done loop ...
2015-04-15T00:22:05, Setup Complete
2015-04-15T00:22:07, Data: 2015-04-15T00:22:05,3.66,25631,1757.00,1775.00,1766.50,4.05,55.14,2.11,894.45
2015-04-15T00:22:07, Add row to /TRACKING.csv
2015-04-15T00:22:07, Number of rows in /TRACKING.csv: 4
2015-04-15T00:22:10, Number of rows in /TRACKING.csv is >= 4
2015-04-15T00:22:10, Remove tracking
2015-04-15T00:22:10, Write to /TRANSMIT.csv: 2015-04-15T00:22:05,3.66,1757.00,4.1,55
2015-04-15T00:22:11, Number of rows in /TRANSMIT.csv: 2
2015-04-15T00:22:11, Current hour = 0, Transmission hour = 1
2015-04-15T00:22:11, Current hour = 0, Transmission hour = 6
2015-04-15T00:22:11, Current hour = 0, Transmission hour = 8
2015-04-15T00:22:11, Current hour = 0, Transmission hour = 10
2015-04-15T00:22:11, Current hour = 0, Transmission hour = 15
2015-04-15T00:22:11, Current hour = 0, Transmission hour = 20
2015-04-15T00:22:11, Current hour = 0, Transmission hour = 22
2015-04-15T00:22:11, Done loop ...
2015-04-15T00:38:42, Setup Complete
2015-04-15T00:38:45, Data: 2015-04-15T00:38:42,3.66,25631,1755.00,1770.00,1764.00,4.80,51.17,2.32,894.22
2015-04-15T00:38:45, Add row to /TRACKING.csv
2015-04-15T00:38:45, Number of rows in /TRACKING.csv: 1
2015-04-15T00:38:47, Done loop ...
2015-04-15T00:55:20, Setup Complete
2015-04-15T00:55:22, Data: 2015-04-15T00:55:20,3.66,25631,1755.00,1801.00,1764.00,4.47,49.99,2.47,894.11
2015-04-15T00:55:22, Add row to /TRACKING.csv
2015-04-15T00:55:22, Number of rows in /TRACKING.csv: 2
2015-04-15T00:55:25, Done loop ...
2015-04-15T01:11:57, Setup Complete
2015-04-15T01:12:00, Data: 2015-04-15T01:11:57,3.65,25631,1759.00,1783.00,1766.00,4.67,44.02,2.44,894.17
2015-04-15T01:12:00, Add row to /TRACKING.csv
2015-04-15T01:12:00, Number of rows in /TRACKING.csv: 3
2015-04-15T01:12:03, Done loop ...
2015-04-15T01:28:35, Setup Complete
2015-04-15T01:28:37, Data: 2015-04-15T01:28:35,3.67,25631,1764.00,1780.00,1772.50,5.12,39.26,2.74,894.10
2015-04-15T01:28:37, Add row to /TRACKING.csv
2015-04-15T01:28:37, Number of rows in /TRACKING.csv: 4
2015-04-15T01:28:41, Number of rows in /TRACKING.csv is >= 4
2015-04-15T01:28:41, Remove tracking
2015-04-15T01:28:41, Write to /TRANSMIT.csv: 2015-04-15T01:28:35,3.67,1764.00,5.1,39
2015-04-15T01:28:41, Number of rows in /TRANSMIT.csv: 3
2015-04-15T01:28:41, Current hour = 1, Transmission hour = 1
2015-04-15T01:28:41, 1423153176+04554:176+04155:176+05139
2015-04-15T01:28:43,  - attempt to send message: 1423153176+04554:176+04155:176+05139
2015-04-15T01:28:44,  - Modem begin successful
2015-04-15T01:28:44,  - Sending...
2015-04-15T01:29:29,  - Send response: 
2015-04-15T01:29:29,   - Sync clocks... 
2015-04-15T01:29:29,  - Arduino Old Time: 2015-04-15T09:29:29
2015-04-15T01:29:28,  - Failed to set valid RTC time
2000-01-01T00:00:00, Message sent! Removing /TRANSMIT.csv
2000-01-01T00:00:00, Done loop ...
2015-04-15T01:45:12, Setup Complete
2015-04-15T01:45:14, Data: 2015-04-15T01:45:12,3.66,25631,1759.00,1780.00,1772.50,4.95,43.73,2.81,893.89
2015-04-15T01:45:14, Add row to /TRACKING.csv
2015-04-15T01:45:14, Number of rows in /TRACKING.csv: 1
2015-04-15T01:45:16, Done loop ...
2015-04-15T02:01:49, Setup Complete
2015-04-15T02:01:51, Data: 2015-04-15T02:01:49,3.65,25631,1754.00,1786.00,1772.00,5.05,45.17,2.84,893.83
2015-04-15T02:01:51, Add row to /TRACKING.csv
2015-04-15T02:01:51, Number of rows in /TRACKING.csv: 2
2015-04-15T02:01:54, Done loop ...
2015-04-15T02:18:27, Setup Complete
2015-04-15T02:18:29, Data: 2015-04-15T02:18:27,3.66,25631,1758.00,1778.00,1769.00,5.23,35.32,2.98,893.84
2015-04-15T02:18:29, Add row to /TRACKING.csv
2015-04-15T02:18:29, Number of rows in /TRACKING.csv: 3
2015-04-15T02:18:32, Done loop ...
2015-04-15T02:35:04, Setup Complete
2015-04-15T02:35:06, Data: 2015-04-15T02:35:04,3.66,25631,1757.00,1775.00,1761.00,5.90,34.84,3.58,893.75
2015-04-15T02:35:06, Add row to /TRACKING.csv
2015-04-15T02:35:06, Number of rows in /TRACKING.csv: 4
2015-04-15T02:35:10, Number of rows in /TRACKING.csv is >= 4
2015-04-15T02:35:10, Remove tracking
2015-04-15T02:35:10, Write to /TRANSMIT.csv: 2015-04-15T02:35:04,3.66,1757.00,5.9,35
2015-04-15T02:35:10, Number of rows in /TRANSMIT.csv: 1
2015-04-15T02:35:10, Current hour = 2, Transmission hour = 1
2015-04-15T02:35:10, Current hour = 2, Transmission hour = 6
2015-04-15T02:35:10, Current hour = 2, Transmission hour = 8
2015-04-15T02:35:10, Current hour = 2, Transmission hour = 10
2015-04-15T02:35:10, Current hour = 2, Transmission hour = 15
2015-04-15T02:35:10, Current hour = 2, Transmission hour = 20
2015-04-15T02:35:10, Current hour = 2, Transmission hour = 22
2015-04-15T02:35:10, Done loop ...
2015-04-15T02:51:42, Setup Complete
2015-04-15T02:51:44, Data: 2015-04-15T02:51:42,3.66,25631,1761.00,1776.00,1764.00,5.63,37.39,3.48,893.63
2015-04-15T02:51:44, Add row to /TRACKING.csv
2015-04-15T02:51:44, Number of rows in /TRACKING.csv: 1
2015-04-15T02:51:46, Done loop ...
2015-04-15T03:08:19, Setup Complete
2015-04-15T03:08:21, Data: 2015-04-15T03:08:19,3.66,25631,1752.00,1793.00,1770.50,5.08,41.74,3.23,893.57
2015-04-15T03:08:21, Add row to /TRACKING.csv
2015-04-15T03:08:21, Number of rows in /TRACKING.csv: 2
2015-04-15T03:08:24, Done loop ...
2015-04-15T03:24:57, Setup Complete
2015-04-15T03:24:59, Data: 2015-04-15T03:24:57,3.66,25631,1758.00,1791.00,1770.00,5.49,36.71,3.32,893.41
2015-04-15T03:24:59, Add row to /TRACKING.csv
2015-04-15T03:24:59, Number of rows in /TRACKING.csv: 3
2015-04-15T03:25:02, Done loop ...
2015-04-15T03:41:34, Setup Complete
2015-04-15T03:41:36, Data: 2015-04-15T03:41:34,3.66,25631,1762.00,1791.00,1777.00,5.98,33.96,3.60,893.34
2015-04-15T03:41:36, Add row to /TRACKING.csv
2015-04-15T03:41:36, Number of rows in /TRACKING.csv: 4
2015-04-15T03:41:40, Number of rows in /TRACKING.csv is >= 4
2015-04-15T03:41:40, Remove tracking
2015-04-15T03:41:40, Write to /TRANSMIT.csv: 2015-04-15T03:41:34,3.66,1762.00,6.0,34
2015-04-15T03:41:40, Number of rows in /TRANSMIT.csv: 2
2015-04-15T03:41:40, Current hour = 3, Transmission hour = 1
2015-04-15T03:41:40, Current hour = 3, Transmission hour = 6
2015-04-15T03:41:40, Current hour = 3, Transmission hour = 8
2015-04-15T03:41:40, Current hour = 3, Transmission hour = 10
2015-04-15T03:41:40, Current hour = 3, Transmission hour = 15
2015-04-15T03:41:40, Current hour = 3, Transmission hour = 20
2015-04-15T03:41:40, Current hour = 3, Transmission hour = 22
2015-04-15T03:41:40, Done loop ...
2015-04-15T03:58:12, Setup Complete
2015-04-15T03:58:14, Data: 2015-04-15T03:58:12,3.65,25631,1758.00,1790.00,1771.50,5.94,32.84,3.75,893.23
2015-04-15T03:58:14, Add row to /TRACKING.csv
2015-04-15T03:58:14, Number of rows in /TRACKING.csv: 1
2015-04-15T03:58:16, Done loop ...
2015-04-15T04:14:49, Setup Complete
2015-04-15T04:14:51, Data: 2015-04-15T04:14:49,3.65,25631,1762.00,1782.00,1775.00,6.64,28.67,3.96,893.27
2015-04-15T04:14:51, Add row to /TRACKING.csv
2015-04-15T04:14:51, Number of rows in /TRACKING.csv: 2
2015-04-15T04:14:54, Done loop ...
2015-04-15T04:31:27, Setup Complete
2015-04-15T04:31:29, Data: 2015-04-15T04:31:27,3.66,25631,1765.00,1784.00,1770.50,6.06,33.71,4.07,893.21
2015-04-15T04:31:29, Add row to /TRACKING.csv
2015-04-15T04:31:29, Number of rows in /TRACKING.csv: 3
2015-04-15T04:31:32, Done loop ...
2015-04-15T04:48:04, Setup Complete
2015-04-15T04:48:06, Data: 2015-04-15T04:48:04,3.65,25631,1764.00,1787.00,1777.00,4.68,42.50,3.33,893.23
2015-04-15T04:48:06, Add row to /TRACKING.csv
2015-04-15T04:48:06, Number of rows in /TRACKING.csv: 4
2015-04-15T04:48:10, Number of rows in /TRACKING.csv is >= 4
2015-04-15T04:48:10, Remove tracking
2015-04-15T04:48:10, Write to /TRANSMIT.csv: 2015-04-15T04:48:04,3.65,1764.00,4.7,42
2015-04-15T04:48:10, Number of rows in /TRANSMIT.csv: 3
2015-04-15T04:48:10, Current hour = 4, Transmission hour = 1
2015-04-15T04:48:10, Current hour = 4, Transmission hour = 6
2015-04-15T04:48:10, Current hour = 4, Transmission hour = 8
2015-04-15T04:48:10, Current hour = 4, Transmission hour = 10
2015-04-15T04:48:10, Current hour = 4, Transmission hour = 15
2015-04-15T04:48:10, Current hour = 4, Transmission hour = 20
2015-04-15T04:48:10, Current hour = 4, Transmission hour = 22
2015-04-15T04:48:10, Done loop ...
2015-04-15T05:04:42, Setup Complete
2015-04-15T05:04:44, Data: 2015-04-15T05:04:42,3.66,25631,1769.00,1801.00,1784.50,4.74,38.43,3.07,893.27
2015-04-15T05:04:44, Add row to /TRACKING.csv
2015-04-15T05:04:44, Number of rows in /TRACKING.csv: 1
2015-04-15T05:04:47, Done loop ...
2015-04-15T05:21:20, Setup Complete
2015-04-15T05:21:22, Data: 2015-04-15T05:21:20,3.67,25631,1778.00,1797.00,1782.50,5.83,31.26,3.54,893.29
2015-04-15T05:21:22, Add row to /TRACKING.csv
2015-04-15T05:21:22, Number of rows in /TRACKING.csv: 2
2015-04-15T05:21:25, Done loop ...
2015-04-15T05:37:58, Setup Complete
2015-04-15T05:38:00, Data: 2015-04-15T05:37:58,3.68,25631,1770.00,1783.00,1779.00,6.42,29.93,4.53,893.30
2015-04-15T05:38:00, Add row to /TRACKING.csv
2015-04-15T05:38:00, Number of rows in /TRACKING.csv: 3
2015-04-15T05:38:03, Done loop ...
2015-04-15T05:54:36, Setup Complete
2015-04-15T05:54:38, Data: 2015-04-15T05:54:36,3.73,25631,1776.00,1797.00,1782.00,6.22,32.66,5.03,893.44
2015-04-15T05:54:38, Add row to /TRACKING.csv
2015-04-15T05:54:38, Number of rows in /TRACKING.csv: 4
2015-04-15T05:54:42, Number of rows in /TRACKING.csv is >= 4
2015-04-15T05:54:42, Remove tracking
2015-04-15T05:54:42, Write to /TRANSMIT.csv: 2015-04-15T05:54:36,3.73,1776.00,6.2,33
2015-04-15T05:54:42, Number of rows in /TRANSMIT.csv: 4
2015-04-15T05:54:42, Current hour = 5, Transmission hour = 1
2015-04-15T05:54:42, Current hour = 5, Transmission hour = 6
2015-04-15T05:54:42, Current hour = 5, Transmission hour = 8
2015-04-15T05:54:42, Current hour = 5, Transmission hour = 10
2015-04-15T05:54:42, Current hour = 5, Transmission hour = 15
2015-04-15T05:54:42, Current hour = 5, Transmission hour = 20
2015-04-15T05:54:42, Current hour = 5, Transmission hour = 22
2015-04-15T05:54:42, Done loop ...
2015-04-15T06:11:14, Setup Complete
2015-04-15T06:11:16, Data: 2015-04-15T06:11:14,3.80,25631,1776.00,1783.00,1779.50,6.22,32.86,5.76,893.50
2015-04-15T06:11:16, Add row to /TRACKING.csv
2015-04-15T06:11:16, Number of rows in /TRACKING.csv: 1
2015-04-15T06:11:19, Done loop ...
2015-04-15T06:27:52, Setup Complete
2015-04-15T06:27:54, Data: 2015-04-15T06:27:52,3.91,25631,1792.00,1840.00,1809.50,8.50,33.33,10.25,893.74
2015-04-15T06:27:54, Add row to /TRACKING.csv
2015-04-15T06:27:55, Number of rows in /TRACKING.csv: 2
2015-04-15T06:27:57, Done loop ...
2015-04-15T06:44:30, Setup Complete
2015-04-15T06:44:33, Data: 2015-04-15T06:44:30,3.90,25631,1809.00,1845.00,1818.00,7.77,38.54,9.61,893.52
2015-04-15T06:44:33, Add row to /TRACKING.csv
2015-04-15T06:44:33, Number of rows in /TRACKING.csv: 3
2015-04-15T06:44:36, Done loop ...
2015-04-15T07:01:09, Setup Complete
2015-04-15T07:01:11, Data: 2015-04-15T07:01:09,3.91,25631,1794.00,1825.00,1806.50,8.26,36.46,10.05,893.76
2015-04-15T07:01:11, Add row to /TRACKING.csv
2015-04-15T07:01:11, Number of rows in /TRACKING.csv: 4
2015-04-15T07:01:14, Number of rows in /TRACKING.csv is >= 4
2015-04-15T07:01:14, Remove tracking
2015-04-15T07:01:14, Write to /TRANSMIT.csv: 2015-04-15T07:01:09,3.91,1794.00,8.3,36
2015-04-15T07:01:14, Number of rows in /TRANSMIT.csv: 5
2015-04-15T07:01:14, Current hour = 7, Transmission hour = 1
2015-04-15T07:01:14, 1502356176+05935:176+06034:176+04742:178+06233:179+08336
2015-04-15T07:01:16,  - attempt to send message: 1502356176+05935:176+06034:176+04742:178+06233:179+08336
2015-04-15T07:01:17,  - Modem begin successful
2015-04-15T07:01:17,  - Sending...
2015-04-15T07:01:25,  - Send response: 
2015-04-15T07:01:25,   - Sync clocks... 
2015-04-15T07:01:25,  - Arduino Old Time: 2015-04-15T15:01:25
2015-04-15T07:01:23,  - Failed to set valid RTC time
2000-01-01T00:00:00, Message sent! Removing /TRANSMIT.csv
2000-01-01T00:00:00, Done loop ...
2015-04-15T07:17:45, Setup Complete
2015-04-15T07:17:47, Data: 2015-04-15T07:17:45,3.92,25631,1794.00,1810.00,1803.50,8.45,30.25,10.27,893.72
2015-04-15T07:17:47, Add row to /TRACKING.csv
2015-04-15T07:17:47, Number of rows in /TRACKING.csv: 1
2015-04-15T07:17:49, Done loop ...
2015-04-15T07:34:23, Setup Complete
2015-04-15T07:34:25, Data: 2015-04-15T07:34:23,3.91,25631,1797.00,1832.00,1808.00,9.34,32.18,11.45,893.70
2015-04-15T07:34:25, Add row to /TRACKING.csv
2015-04-15T07:34:25, Number of rows in /TRACKING.csv: 2
2015-04-15T07:34:28, Done loop ...
2015-04-15T07:51:01, Setup Complete
2015-04-15T07:51:03, Data: 2015-04-15T07:51:01,3.91,25631,1817.00,1848.00,1832.00,9.40,29.19,12.37,893.55
2015-04-15T07:51:03, Add row to /TRACKING.csv
2015-04-15T07:51:03, Number of rows in /TRACKING.csv: 3
2015-04-15T07:51:06, Done loop ...
2015-04-15T08:07:39, Setup Complete
2015-04-15T08:07:41, Data: 2015-04-15T08:07:39,3.91,25631,1821.00,1846.00,1832.50,9.70,33.74,13.23,893.58
2015-04-15T08:07:41, Add row to /TRACKING.csv
2015-04-15T08:07:41, Number of rows in /TRACKING.csv: 4
2015-04-15T08:07:44, Number of rows in /TRACKING.csv is >= 4
2015-04-15T08:07:44, Remove tracking
2015-04-15T08:07:44, Write to /TRANSMIT.csv: 2015-04-15T08:07:39,3.91,1821.00,9.7,34
2015-04-15T08:07:45, Number of rows in /TRANSMIT.csv: 1
2015-04-15T08:07:45, Current hour = 8, Transmission hour = 1
2015-04-15T08:07:45, Current hour = 8, Transmission hour = 6
2015-04-15T08:07:45, Current hour = 8, Transmission hour = 8
2015-04-15T08:07:45, 1508076182+09734
2015-04-15T08:07:47,  - attempt to send message: 1508076182+09734
2015-04-15T08:07:48,  - Modem begin successful
2015-04-15T08:07:48,  - Sending...
2015-04-15T08:07:51,  - Send response: 
2015-04-15T08:07:51,   - Sync clocks... 
2015-04-15T08:07:51,  - Arduino Old Time: 2015-04-15T16:07:51
2015-04-15T08:07:51,  - Failed to set valid RTC time
2000-01-01T00:00:00, Message sent! Removing /TRANSMIT.csv
2000-01-01T00:00:00, Done loop ...
2015-04-15T08:24:17, Setup Complete
2015-04-15T08:24:19, Data: 2015-04-15T08:24:17,3.91,25631,1838.00,1864.00,1848.50,10.73,27.50,14.61,893.54
2015-04-15T08:24:19, Add row to /TRACKING.csv
2015-04-15T08:24:19, Number of rows in /TRACKING.csv: 1
2015-04-15T08:24:21, Done loop ...
2015-04-15T08:40:55, Setup Complete
2015-04-15T08:40:57, Data: 2015-04-15T08:40:55,3.91,25631,1845.00,1872.00,1861.00,10.76,28.66,15.50,893.34
2015-04-15T08:40:57, Add row to /TRACKING.csv
2015-04-15T08:40:57, Number of rows in /TRACKING.csv: 2
2015-04-15T08:41:00, Done loop ...
2015-04-15T08:57:33, Setup Complete
2015-04-15T08:57:35, Data: 2015-04-15T08:57:33,3.91,25631,1855.00,1869.00,1861.00,11.08,27.89,15.55,893.42
2015-04-15T08:57:35, Add row to /TRACKING.csv
2015-04-15T08:57:35, Number of rows in /TRACKING.csv: 3
2015-04-15T08:57:38, Done loop ...
2015-04-15T09:14:11, Setup Complete
2015-04-15T09:14:13, Data: 2015-04-15T09:14:11,3.91,25631,1849.00,1867.00,1864.50,11.42,28.71,16.08,893.21
2015-04-15T09:14:13, Add row to /TRACKING.csv
2015-04-15T09:14:13, Number of rows in /TRACKING.csv: 4
2015-04-15T09:14:16, Number of rows in /TRACKING.csv is >= 4
2015-04-15T09:14:16, Remove tracking
2015-04-15T09:14:16, Write to /TRANSMIT.csv: 2015-04-15T09:14:11,3.91,1849.00,11.4,29
2015-04-15T09:14:16, Number of rows in /TRANSMIT.csv: 1
2015-04-15T09:14:16, Current hour = 9, Transmission hour = 1
2015-04-15T09:14:16, Current hour = 9, Transmission hour = 6
2015-04-15T09:14:17, Current hour = 9, Transmission hour = 8
2015-04-15T09:14:17, Current hour = 9, Transmission hour = 10
2015-04-15T09:14:17, Current hour = 9, Transmission hour = 15
2015-04-15T09:14:17, Current hour = 9, Transmission hour = 20
2015-04-15T09:14:17, Current hour = 9, Transmission hour = 22
2015-04-15T09:14:17, Done loop ...
2015-04-15T09:30:49, Setup Complete
2015-04-15T09:30:51, Data: 2015-04-15T09:30:49,3.91,25631,1856.00,1867.00,1863.50,10.89,33.34,16.38,893.12
2015-04-15T09:30:51, Add row to /TRACKING.csv
2015-04-15T09:30:51, Number of rows in /TRACKING.csv: 1
2015-04-15T09:30:53, Done loop ...
2015-04-15T09:47:26, Setup Complete
2015-04-15T09:47:29, Data: 2015-04-15T09:47:26,3.91,25631,1841.00,1862.00,1857.00,10.80,35.45,15.86,893.12
2015-04-15T09:47:29, Add row to /TRACKING.csv
2015-04-15T09:47:29, Number of rows in /TRACKING.csv: 2
2015-04-15T09:47:31, Done loop ...
2015-04-15T10:04:04, Setup Complete
2015-04-15T10:04:06, Data: 2015-04-15T10:04:04,3.91,25631,1839.00,1858.00,1851.00,9.83,44.33,15.92,892.95
2015-04-15T10:04:07, Add row to /TRACKING.csv
2015-04-15T10:04:07, Number of rows in /TRACKING.csv: 3
2015-04-15T10:04:10, Done loop ...
2015-04-15T10:20:42, Setup Complete
2015-04-15T10:20:44, Data: 2015-04-15T10:20:42,3.91,25631,1838.00,1854.00,1850.00,10.32,36.76,15.43,892.75
2015-04-15T10:20:44, Add row to /TRACKING.csv
2015-04-15T10:20:45, Number of rows in /TRACKING.csv: 4
2015-04-15T10:20:48, Number of rows in /TRACKING.csv is >= 4
2015-04-15T10:20:48, Remove tracking
2015-04-15T10:20:48, Write to /TRANSMIT.csv: 2015-04-15T10:20:42,3.91,1838.00,10.3,37
2015-04-15T10:20:48, Number of rows in /TRANSMIT.csv: 2
2015-04-15T10:20:48, Current hour = 10, Transmission hour = 1
2015-04-15T10:20:48, Current hour = 10, Transmission hour = 6
2015-04-15T10:20:48, Current hour = 10, Transmission hour = 8
2015-04-15T10:20:48, Current hour = 10, Transmission hour = 10
2015-04-15T10:20:48, 1509146185+11429:184+10337
2015-04-15T10:20:50,  - attempt to send message: 1509146185+11429:184+10337
2015-04-15T10:20:51,  - Modem begin successful
2015-04-15T10:20:51,  - Sending...
2015-04-15T10:20:58,  - Send response: 
2015-04-15T10:20:58,   - Sync clocks... 
2015-04-15T10:20:58,  - Arduino Old Time: 2015-04-15T18:20:58
2015-04-15T10:20:58,  - Failed to set valid RTC time
2000-01-01T00:00:00, Message sent! Removing /TRANSMIT.csv
2000-01-01T00:00:00, Done loop ...
2015-04-15T10:37:20, Setup Complete
2015-04-15T10:37:22, Data: 2015-04-15T10:37:20,3.91,25631,1810.00,1838.00,1824.50,9.26,42.84,13.68,892.75
2015-04-15T10:37:22, Add row to /TRACKING.csv
2015-04-15T10:37:23, Number of rows in /TRACKING.csv: 1
2015-04-15T10:37:25, Done loop ...
2015-04-15T10:53:58, Setup Complete
2015-04-15T10:54:00, Data: 2015-04-15T10:53:58,3.90,25631,1810.00,1842.00,1823.50,9.46,39.08,13.70,892.79
2015-04-15T10:54:01, Add row to /TRACKING.csv
2015-04-15T10:54:01, Number of rows in /TRACKING.csv: 2
2015-04-15T10:54:03, Done loop ...
2015-04-15T11:10:36, Setup Complete
2015-04-15T11:10:38, Data: 2015-04-15T11:10:36,3.91,25631,1802.00,1832.00,1818.00,9.80,38.91,13.50,892.74
2015-04-15T11:10:39, Add row to /TRACKING.csv
2015-04-15T11:10:39, Number of rows in /TRACKING.csv: 3
2015-04-15T11:10:42, Done loop ...
2015-04-15T11:27:14, Setup Complete
2015-04-15T11:27:17, Data: 2015-04-15T11:27:14,3.91,25631,1808.00,1836.00,1827.00,10.15,37.79,13.49,892.81
2015-04-15T11:27:17, Add row to /TRACKING.csv
2015-04-15T11:27:17, Number of rows in /TRACKING.csv: 4
2015-04-15T11:27:20, Number of rows in /TRACKING.csv is >= 4
2015-04-15T11:27:20, Remove tracking
2015-04-15T11:27:20, Write to /TRANSMIT.csv: 2015-04-15T11:27:14,3.91,1808.00,10.1,38
2015-04-15T11:27:20, Number of rows in /TRANSMIT.csv: 1
2015-04-15T11:27:20, Current hour = 11, Transmission hour = 1
2015-04-15T11:27:20, Current hour = 11, Transmission hour = 6
2015-04-15T11:27:20, Current hour = 11, Transmission hour = 8
2015-04-15T11:27:20, Current hour = 11, Transmission hour = 10
2015-04-15T11:27:20, Current hour = 11, Transmission hour = 15
2015-04-15T11:27:20, Current hour = 11, Transmission hour = 20
2015-04-15T11:27:20, Current hour = 11, Transmission hour = 22
2015-04-15T11:27:21, Done loop ...
2015-04-15T11:43:52, Setup Complete
2015-04-15T11:43:55, Data: 2015-04-15T11:43:52,3.81,25631,1792.00,1808.00,1801.00,9.66,37.36,12.09,892.65
2015-04-15T11:43:55, Add row to /TRACKING.csv
2015-04-15T11:43:55, Number of rows in /TRACKING.csv: 1
2015-04-15T11:43:57, Done loop ...
2015-04-15T12:00:30, Setup Complete
2015-04-15T12:00:32, Data: 2015-04-15T12:00:30,3.77,25631,1790.00,1798.00,1792.00,9.08,38.81,10.43,892.69
2015-04-15T12:00:33, Add row to /TRACKING.csv
2015-04-15T12:00:33, Number of rows in /TRACKING.csv: 2
2015-04-15T12:00:35, Done loop ...
2015-04-15T12:17:08, Setup Complete
2015-04-15T12:17:11, Data: 2015-04-15T12:17:08,3.69,25631,1785.00,1797.00,1791.00,8.11,35.81,8.50,892.73
2015-04-15T12:17:11, Add row to /TRACKING.csv
2015-04-15T12:17:11, Number of rows in /TRACKING.csv: 3
2015-04-15T12:17:14, Done loop ...
2015-04-15T12:33:46, Setup Complete
2015-04-15T12:33:48, Data: 2015-04-15T12:33:46,3.70,25631,1781.00,1792.00,1787.50,6.98,38.06,7.10,892.72
2015-04-15T12:33:49, Add row to /TRACKING.csv
2015-04-15T12:33:49, Number of rows in /TRACKING.csv: 4
2015-04-15T12:33:52, Number of rows in /TRACKING.csv is >= 4
2015-04-15T12:33:52, Remove tracking
2015-04-15T12:33:52, Write to /TRANSMIT.csv: 2015-04-15T12:33:46,3.70,1781.00,7.0,38
2015-04-15T12:33:52, Number of rows in /TRANSMIT.csv: 2
2015-04-15T12:33:52, Current hour = 12, Transmission hour = 1
2015-04-15T12:33:52, Current hour = 12, Transmission hour = 6
2015-04-15T12:33:52, Current hour = 12, Transmission hour = 8
2015-04-15T12:33:52, Current hour = 12, Transmission hour = 10
2015-04-15T12:33:52, Current hour = 12, Transmission hour = 15
2015-04-15T12:33:52, Current hour = 12, Transmission hour = 20
2015-04-15T12:33:52, Current hour = 12, Transmission hour = 22
2015-04-15T12:33:52, Done loop ...
2015-04-15T12:50:24, Setup Complete
2015-04-15T12:50:26, Data: 2015-04-15T12:50:24,3.69,25631,1776.00,1794.00,1784.50,6.25,40.03,5.94,892.80
2015-04-15T12:50:26, Add row to /TRACKING.csv
2015-04-15T12:50:27, Number of rows in /TRACKING.csv: 1
2015-04-15T12:50:29, Done loop ...
2015-04-15T13:07:02, Setup Complete
2015-04-15T13:07:04, Data: 2015-04-15T13:07:02,3.69,25631,1775.00,1788.00,1778.00,5.67,38.47,4.97,892.84
2015-04-15T13:07:04, Add row to /TRACKING.csv
2015-04-15T13:07:04, Number of rows in /TRACKING.csv: 2
2015-04-15T13:07:07, Done loop ...
2015-04-15T13:23:40, Setup Complete
2015-04-15T13:23:42, Data: 2015-04-15T13:23:40,3.69,25631,1779.00,1803.00,1788.00,5.33,42.26,4.40,892.80
2015-04-15T13:23:42, Add row to /TRACKING.csv
2015-04-15T13:23:42, Number of rows in /TRACKING.csv: 3
2015-04-15T13:23:45, Done loop ...
2015-04-15T13:40:17, Setup Complete
2015-04-15T13:40:19, Data: 2015-04-15T13:40:17,3.69,25631,1774.00,1794.00,1780.50,5.16,39.61,3.91,892.83
2015-04-15T13:40:19, Add row to /TRACKING.csv
2015-04-15T13:40:19, Number of rows in /TRACKING.csv: 4
2015-04-15T13:40:23, Number of rows in /TRACKING.csv is >= 4
2015-04-15T13:40:23, Remove tracking
2015-04-15T13:40:23, Write to /TRANSMIT.csv: 2015-04-15T13:40:17,3.69,1774.00,5.2,40
2015-04-15T13:40:23, Number of rows in /TRANSMIT.csv: 3
2015-04-15T13:40:23, Current hour = 13, Transmission hour = 1
2015-04-15T13:40:23, Current hour = 13, Transmission hour = 6
2015-04-15T13:40:23, Current hour = 13, Transmission hour = 8
2015-04-15T13:40:23, Current hour = 13, Transmission hour = 10
2015-04-15T13:40:23, Current hour = 13, Transmission hour = 15
2015-04-15T13:40:23, Current hour = 13, Transmission hour = 20
2015-04-15T13:40:23, Current hour = 13, Transmission hour = 22
2015-04-15T13:40:23, Done loop ...
2015-04-15T13:56:55, Setup Complete
2015-04-15T13:56:57, Data: 2015-04-15T13:56:55,3.69,25631,1777.00,1788.00,1784.00,4.92,45.02,3.64,892.89
2015-04-15T13:56:57, Add row to /TRACKING.csv
2015-04-15T13:56:57, Number of rows in /TRACKING.csv: 1
2015-04-15T13:57:00, Done loop ...
2015-04-15T14:13:32, Setup Complete
2015-04-15T14:13:35, Data: 2015-04-15T14:13:33,3.69,25631,1775.00,1788.00,1779.00,4.63,42.02,3.31,893.02
2015-04-15T14:13:35, Add row to /TRACKING.csv
2015-04-15T14:13:35, Number of rows in /TRACKING.csv: 2
2015-04-15T14:13:37, Done loop ...
2015-04-15T14:30:10, Setup Complete
2015-04-15T14:30:12, Data: 2015-04-15T14:30:10,3.69,25631,1777.00,1784.00,1781.00,4.78,43.25,3.32,893.12
2015-04-15T14:30:12, Add row to /TRACKING.csv
2015-04-15T14:30:12, Number of rows in /TRACKING.csv: 3
2015-04-15T14:30:15, Done loop ...
2015-04-15T14:46:48, Setup Complete
2015-04-15T14:46:50, Data: 2015-04-15T14:46:48,3.69,25631,1771.00,1789.00,1782.50,4.77,41.85,3.25,893.15
2015-04-15T14:46:50, Add row to /TRACKING.csv
2015-04-15T14:46:50, Number of rows in /TRACKING.csv: 4
2015-04-15T14:46:53, Number of rows in /TRACKING.csv is >= 4
2015-04-15T14:46:53, Remove tracking
2015-04-15T14:46:54, Write to /TRANSMIT.csv: 2015-04-15T14:46:48,3.69,1771.00,4.8,42
2015-04-15T14:46:54, Number of rows in /TRANSMIT.csv: 4
2015-04-15T14:46:54, Current hour = 14, Transmission hour = 1
2015-04-15T14:46:54, Current hour = 14, Transmission hour = 6
2015-04-15T14:46:54, Current hour = 14, Transmission hour = 8
2015-04-15T14:46:54, Current hour = 14, Transmission hour = 10
2015-04-15T14:46:54, Current hour = 14, Transmission hour = 15
2015-04-15T14:46:54, Current hour = 14, Transmission hour = 20
2015-04-15T14:46:54, Current hour = 14, Transmission hour = 22
2015-04-15T14:46:54, Done loop ...
2015-04-15T15:03:25, Setup Complete
2015-04-15T15:03:28, Data: 2015-04-15T15:03:26,3.68,25631,1778.00,1790.00,1782.00,4.61,41.93,3.21,893.18
2015-04-15T15:03:28, Add row to /TRACKING.csv
2015-04-15T15:03:28, Number of rows in /TRACKING.csv: 1
2015-04-15T15:03:30, Done loop ...
2015-04-15T15:20:03, Setup Complete
2015-04-15T15:20:05, Data: 2015-04-15T15:20:03,3.69,25631,1774.00,1783.00,1778.00,4.49,41.78,3.12,893.30
2015-04-15T15:20:05, Add row to /TRACKING.csv
2015-04-15T15:20:05, Number of rows in /TRACKING.csv: 2
2015-04-15T15:20:08, Done loop ...
2015-04-15T15:36:41, Setup Complete
2015-04-15T15:36:43, Data: 2015-04-15T15:36:41,3.69,25631,1774.00,1789.00,1778.00,5.05,37.52,3.34,893.59
2015-04-15T15:36:43, Add row to /TRACKING.csv
2015-04-15T15:36:43, Number of rows in /TRACKING.csv: 3
2015-04-15T15:36:46, Done loop ...
2015-04-15T15:53:18, Setup Complete
2015-04-15T15:53:21, Data: 2015-04-15T15:53:18,3.69,25631,1782.00,1795.00,1787.50,5.50,37.68,3.57,893.64
2015-04-15T15:53:21, Add row to /TRACKING.csv
2015-04-15T15:53:21, Number of rows in /TRACKING.csv: 4
2015-04-15T15:53:24, Number of rows in /TRACKING.csv is >= 4
2015-04-15T15:53:24, Remove tracking
2015-04-15T15:53:24, Write to /TRANSMIT.csv: 2015-04-15T15:53:18,3.69,1782.00,5.5,38
2015-04-15T15:53:24, Number of rows in /TRANSMIT.csv: 5
2015-04-15T15:53:24, Current hour = 15, Transmission hour = 1
2015-04-15T15:53:24, 1511273181+10138:178+07038:177+05240:177+04842:178+05538
2015-04-15T15:53:26,  - attempt to send message: 1511273181+10138:178+07038:177+05240:177+04842:178+05538
2015-04-15T15:53:27,  - Modem begin successful
2015-04-15T15:53:27,  - Sending...
2015-04-15T15:56:56,  - Send response: 
2015-04-15T15:56:56,   - Sync clocks... 
2015-04-15T15:56:56,  - Arduino Old Time: 2015-04-15T23:56:56
2015-04-15T15:56:54,  - Failed to set valid RTC time
2000-01-01T00:00:00, Message sent! Removing /TRANSMIT.csv
2000-01-01T00:00:00, Done loop ...
2015-04-15T16:09:54, Setup Complete
2015-04-15T16:09:56, Data: 2015-04-15T16:09:54,3.67,25631,1780.00,1797.00,1788.50,5.71,38.94,3.82,893.79
2015-04-15T16:09:56, Add row to /TRACKING.csv
2015-04-15T16:09:56, Number of rows in /TRACKING.csv: 1
2015-04-15T16:09:59, Done loop ...
2015-04-15T16:26:32, Setup Complete
2015-04-15T16:26:34, Data: 2015-04-15T16:26:32,3.69,25631,1776.00,1784.00,1779.00,5.63,35.88,3.82,893.92
2015-04-15T16:26:34, Add row to /TRACKING.csv
2015-04-15T16:26:34, Number of rows in /TRACKING.csv: 2
2015-04-15T16:26:37, Done loop ...
2015-04-15T16:43:09, Setup Complete
2015-04-15T16:43:11, Data: 2015-04-15T16:43:09,3.69,25631,1777.00,1796.00,1789.50,5.83,37.22,3.93,893.95
2015-04-15T16:43:12, Add row to /TRACKING.csv
2015-04-15T16:43:12, Number of rows in /TRACKING.csv: 3
2015-04-15T16:43:15, Done loop ...
2015-04-15T16:59:47, Setup Complete
2015-04-15T16:59:49, Data: 2015-04-15T16:59:47,3.69,25631,1774.00,1799.00,1784.00,5.66,33.85,3.87,894.00
2015-04-15T16:59:49, Add row to /TRACKING.csv
2015-04-15T16:59:49, Number of rows in /TRACKING.csv: 4
2015-04-15T16:59:53, Number of rows in /TRACKING.csv is >= 4
2015-04-15T16:59:53, Remove tracking
2015-04-15T16:59:53, Write to /TRANSMIT.csv: 2015-04-15T16:59:47,3.69,1774.00,5.7,34
2015-04-15T16:59:53, Number of rows in /TRANSMIT.csv: 1
2015-04-15T16:59:53, Current hour = 16, Transmission hour = 1
2015-04-15T16:59:53, Current hour = 16, Transmission hour = 6
2015-04-15T16:59:53, Current hour = 16, Transmission hour = 8
2015-04-15T16:59:53, Current hour = 16, Transmission hour = 10
2015-04-15T16:59:53, Current hour = 16, Transmission hour = 15
2015-04-15T16:59:53, Current hour = 16, Transmission hour = 20
2015-04-15T16:59:53, Current hour = 16, Transmission hour = 22
2015-04-15T16:59:53, Done loop ...
2015-04-15T17:16:25, Setup Complete
2015-04-15T17:16:27, Data: 2015-04-15T17:16:25,3.69,25631,1786.00,1795.00,1789.50,5.38,37.99,3.87,894.05
2015-04-15T17:16:27, Add row to /TRACKING.csv
2015-04-15T17:16:27, Number of rows in /TRACKING.csv: 1
2015-04-15T17:16:29, Done loop ...
2015-04-15T17:33:02, Setup Complete
2015-04-15T17:33:04, Data: 2015-04-15T17:33:02,3.69,25631,1781.00,1797.00,1787.50,5.56,37.19,3.76,894.18
2015-04-15T17:33:04, Add row to /TRACKING.csv
2015-04-15T17:33:05, Number of rows in /TRACKING.csv: 2
2015-04-15T17:33:07, Done loop ...
2015-04-15T17:49:40, Setup Complete
2015-04-15T17:49:42, Data: 2015-04-15T17:49:40,3.68,25631,1783.00,1797.00,1787.00,5.84,33.21,3.94,894.26
2015-04-15T17:49:42, Add row to /TRACKING.csv
2015-04-15T17:49:42, Number of rows in /TRACKING.csv: 3
2015-04-15T17:49:45, Done loop ...
2015-04-15T18:06:18, Setup Complete
2015-04-15T18:06:20, Data: 2015-04-15T18:06:18,3.69,25631,1783.00,1792.00,1790.00,5.85,34.23,3.99,894.43
2015-04-15T18:06:20, Add row to /TRACKING.csv
2015-04-15T18:06:20, Number of rows in /TRACKING.csv: 4
2015-04-15T18:06:23, Number of rows in /TRACKING.csv is >= 4
2015-04-15T18:06:23, Remove tracking
2015-04-15T18:06:23, Write to /TRANSMIT.csv: 2015-04-15T18:06:18,3.69,1783.00,5.8,34
2015-04-15T18:06:23, Number of rows in /TRANSMIT.csv: 2
2015-04-15T18:06:23, Current hour = 18, Transmission hour = 1
2015-04-15T18:06:23, Current hour = 18, Transmission hour = 6
2015-04-15T18:06:23, Current hour = 18, Transmission hour = 8
2015-04-15T18:06:23, Current hour = 18, Transmission hour = 10
2015-04-15T18:06:24, Current hour = 18, Transmission hour = 15
2015-04-15T18:06:24, Current hour = 18, Transmission hour = 20
2015-04-15T18:06:24, Current hour = 18, Transmission hour = 22
2015-04-15T18:06:24, Done loop ...
2015-04-15T18:22:55, Setup Complete
2015-04-15T18:22:57, Data: 2015-04-15T18:22:55,3.69,25631,1778.00,1788.00,1786.00,5.91,32.70,3.99,894.50
2015-04-15T18:22:57, Add row to /TRACKING.csv
2015-04-15T18:22:58, Number of rows in /TRACKING.csv: 1
2015-04-15T18:23:00, Done loop ...
2015-04-15T18:39:33, Setup Complete
2015-04-15T18:39:35, Data: 2015-04-15T18:39:33,3.68,25631,1774.00,1794.00,1782.50,6.61,31.78,4.15,894.71
2015-04-15T18:39:35, Add row to /TRACKING.csv
2015-04-15T18:39:35, Number of rows in /TRACKING.csv: 2
2015-04-15T18:39:38, Done loop ...
2015-04-15T18:56:10, Setup Complete
2015-04-15T18:56:13, Data: 2015-04-15T18:56:10,3.68,25631,1784.00,1797.00,1791.50,6.36,34.06,4.50,894.74
2015-04-15T18:56:13, Add row to /TRACKING.csv
2015-04-15T18:56:13, Number of rows in /TRACKING.csv: 3
2015-04-15T18:56:16, Done loop ...
2015-04-15T19:12:48, Setup Complete
2015-04-15T19:12:50, Data: 2015-04-15T19:12:48,3.68,25631,1787.00,1803.00,1789.00,5.71,35.78,4.12,894.88
2015-04-15T19:12:50, Add row to /TRACKING.csv
2015-04-15T19:12:50, Number of rows in /TRACKING.csv: 4
2015-04-15T19:12:54, Number of rows in /TRACKING.csv is >= 4
2015-04-15T19:12:54, Remove tracking
2015-04-15T19:12:54, Write to /TRANSMIT.csv: 2015-04-15T19:12:48,3.68,1787.00,5.7,36
2015-04-15T19:12:54, Number of rows in /TRANSMIT.csv: 3
2015-04-15T19:12:54, Current hour = 19, Transmission hour = 1
2015-04-15T19:12:54, Current hour = 19, Transmission hour = 6
2015-04-15T19:12:54, Current hour = 19, Transmission hour = 8
2015-04-15T19:12:54, Current hour = 19, Transmission hour = 10
2015-04-15T19:12:54, Current hour = 19, Transmission hour = 15
2015-04-15T19:12:54, Current hour = 19, Transmission hour = 20
2015-04-15T19:12:54, Current hour = 19, Transmission hour = 22
2015-04-15T19:12:54, Done loop ...
2015-04-15T19:29:26, Setup Complete
2015-04-15T19:29:28, Data: 2015-04-15T19:29:26,3.69,25631,1778.00,1794.00,1791.00,6.04,34.94,4.23,894.82
2015-04-15T19:29:28, Add row to /TRACKING.csv
2015-04-15T19:29:28, Number of rows in /TRACKING.csv: 1
2015-04-15T19:29:30, Done loop ...
2015-04-15T19:46:03, Setup Complete
2015-04-15T19:46:05, Data: 2015-04-15T19:46:03,3.69,25631,1784.00,1794.00,1786.50,6.09,34.80,4.29,894.82
2015-04-15T19:46:05, Add row to /TRACKING.csv
2015-04-15T19:46:06, Number of rows in /TRACKING.csv: 2
2015-04-15T19:46:08, Done loop ...
2015-04-15T20:02:41, Setup Complete
2015-04-15T20:02:43, Data: 2015-04-15T20:02:41,3.68,25631,1776.00,1796.00,1782.50,6.22,33.16,4.21,895.03
2015-04-15T20:02:43, Add row to /TRACKING.csv
2015-04-15T20:02:43, Number of rows in /TRACKING.csv: 3
2015-04-15T20:02:46, Done loop ...
2015-04-15T20:19:19, Setup Complete
2015-04-15T20:19:21, Data: 2015-04-15T20:19:19,3.68,25631,1779.00,1810.00,1791.00,6.22,32.93,4.21,895.02
2015-04-15T20:19:21, Add row to /TRACKING.csv
2015-04-15T20:19:21, Number of rows in /TRACKING.csv: 4
2015-04-15T20:19:24, Number of rows in /TRACKING.csv is >= 4
2015-04-15T20:19:24, Remove tracking
2015-04-15T20:19:24, Write to /TRANSMIT.csv: 2015-04-15T20:19:19,3.68,1779.00,6.2,33
2015-04-15T20:19:24, Number of rows in /TRANSMIT.csv: 4
2015-04-15T20:19:24, Current hour = 20, Transmission hour = 1
2015-04-15T20:19:24, Current hour = 20, Transmission hour = 6
2015-04-15T20:19:24, Current hour = 20, Transmission hour = 8
2015-04-15T20:19:25, Current hour = 20, Transmission hour = 10
2015-04-15T20:19:25, Current hour = 20, Transmission hour = 15
2015-04-15T20:19:25, Current hour = 20, Transmission hour = 20
2015-04-15T20:19:25, 1516593177+05734:178+05834:179+05736:178+06233
2015-04-15T20:19:27,  - attempt to send message: 1516593177+05734:178+05834:179+05736:178+06233
2015-04-15T20:19:27,  - Modem begin successful
2015-04-15T20:19:27,  - Sending...
2015-04-15T20:19:48,  - Send response: 
2015-04-15T20:19:48,   - Sync clocks... 
2015-04-15T20:19:48,  - Arduino Old Time: 2015-04-16T04:19:48
2015-04-15T20:19:47,  - Failed to set valid RTC time
2000-01-01T00:00:00, Message sent! Removing /TRANSMIT.csv
2000-01-01T00:00:00, Done loop ...
2015-04-15T20:35:55, Setup Complete
2015-04-15T20:35:57, Data: 2015-04-15T20:35:55,3.69,25631,1788.00,1813.00,1799.50,6.02,34.32,4.04,895.16
2015-04-15T20:35:57, Add row to /TRACKING.csv
2015-04-15T20:35:58, Number of rows in /TRACKING.csv: 1
2015-04-15T20:36:00, Done loop ...
2015-04-15T20:52:33, Setup Complete
2015-04-15T20:52:35, Data: 2015-04-15T20:52:33,3.68,25631,1785.00,1792.00,1788.50,6.16,35.04,4.14,895.12
2015-04-15T20:52:35, Add row to /TRACKING.csv
2015-04-15T20:52:35, Number of rows in /TRACKING.csv: 2
2015-04-15T20:52:38, Done loop ...
2015-04-15T21:09:10, Setup Complete
2015-04-15T21:09:13, Data: 2015-04-15T21:09:10,3.68,25631,1786.00,1804.00,1793.50,5.60,36.49,3.87,895.14
2015-04-15T21:09:13, Add row to /TRACKING.csv
2015-04-15T21:09:13, Number of rows in /TRACKING.csv: 3
2015-04-15T21:09:16, Done loop ...
2015-04-15T21:25:48, Setup Complete
2015-04-15T21:25:50, Data: 2015-04-15T21:25:48,3.69,25631,1784.00,1797.00,1791.00,6.19,34.56,4.13,895.22
2015-04-15T21:25:50, Add row to /TRACKING.csv
2015-04-15T21:25:50, Number of rows in /TRACKING.csv: 4
2015-04-15T21:25:54, Number of rows in /TRACKING.csv is >= 4
2015-04-15T21:25:54, Remove tracking
2015-04-15T21:25:54, Write to /TRANSMIT.csv: 2015-04-15T21:25:48,3.69,1784.00,6.2,35
2015-04-15T21:25:54, Number of rows in /TRANSMIT.csv: 1
2015-04-15T21:25:54, Current hour = 21, Transmission hour = 1
2015-04-15T21:25:54, Current hour = 21, Transmission hour = 6
2015-04-15T21:25:54, Current hour = 21, Transmission hour = 8
2015-04-15T21:25:54, Current hour = 21, Transmission hour = 10
2015-04-15T21:25:54, Current hour = 21, Transmission hour = 15
2015-04-15T21:25:54, Current hour = 21, Transmission hour = 20
2015-04-15T21:25:54, Current hour = 21, Transmission hour = 22
2015-04-15T21:25:54, Done loop ...
2015-04-15T21:42:26, Setup Complete
2015-04-15T21:42:28, Data: 2015-04-15T21:42:26,3.68,25631,1782.00,1800.00,1792.50,6.02,36.44,4.16,895.21
2015-04-15T21:42:28, Add row to /TRACKING.csv
2015-04-15T21:42:28, Number of rows in /TRACKING.csv: 1
2015-04-15T21:42:30, Done loop ...
2015-04-15T21:59:03, Setup Complete
2015-04-15T21:59:05, Data: 2015-04-15T21:59:03,3.68,25631,1782.00,1803.00,1794.50,5.83,37.05,4.11,895.23
2015-04-15T21:59:05, Add row to /TRACKING.csv
2015-04-15T21:59:06, Number of rows in /TRACKING.csv: 2
2015-04-15T21:59:08, Done loop ...
2015-04-15T22:15:41, Setup Complete
2015-04-15T22:15:43, Data: 2015-04-15T22:15:41,3.68,25631,1783.00,1806.00,1789.50,5.50,37.46,3.96,895.28
2015-04-15T22:15:43, Add row to /TRACKING.csv
2015-04-15T22:15:43, Number of rows in /TRACKING.csv: 3
2015-04-15T22:15:46, Done loop ...
2015-04-15T22:32:18, Setup Complete
2015-04-15T22:32:21, Data: 2015-04-15T22:32:19,3.68,25631,1795.00,1810.00,1804.00,5.30,37.75,4.01,895.31
2015-04-15T22:32:21, Add row to /TRACKING.csv
2015-04-15T22:32:21, Number of rows in /TRACKING.csv: 4
2015-04-15T22:32:24, Number of rows in /TRACKING.csv is >= 4
2015-04-15T22:32:24, Remove tracking
2015-04-15T22:32:24, Write to /TRANSMIT.csv: 2015-04-15T22:32:19,3.68,1795.00,5.3,38
2015-04-15T22:32:24, Number of rows in /TRANSMIT.csv: 2
2015-04-15T22:32:24, Current hour = 22, Transmission hour = 1
2015-04-15T22:32:24, Current hour = 22, Transmission hour = 6
2015-04-15T22:32:24, Current hour = 22, Transmission hour = 8
2015-04-15T22:32:24, Current hour = 22, Transmission hour = 10
2015-04-15T22:32:25, Current hour = 22, Transmission hour = 15
2015-04-15T22:32:25, Current hour = 22, Transmission hour = 20
2015-04-15T22:32:25, Current hour = 22, Transmission hour = 22
2015-04-15T22:32:25, 1521253178+06235:180+05338
2015-04-15T22:32:27,  - attempt to send message: 1521253178+06235:180+05338
2015-04-15T22:32:27,  - Modem begin successful
2015-04-15T22:32:27,  - Sending...
2015-04-15T22:37:39,  response: 
2015-04-15T22:37:39,  - Retry...
2015-04-15T22:37:39,    - Sending...
2015-04-15T22:37:39,    - Send response: 10
2015-04-15T22:38:09,  Sync clocks... 
2015-04-15T22:38:09,  - Clock was not synced
2015-04-15T22:38:10, Transmission failed. Error = 10
2015-04-15T22:38:10, Done loop ...
2015-04-15T22:48:56, Setup Complete
2015-04-15T22:48:58, Data: 2015-04-15T22:48:56,3.69,25631,1785.00,1816.00,1804.50,5.64,38.14,4.26,895.22
2015-04-15T22:48:58, Add row to /TRACKING.csv
2015-04-15T22:48:58, Number of rows in /TRACKING.csv: 1
2015-04-15T22:49:01, Done loop ...
2015-04-15T23:05:34, Setup Complete
2015-04-15T23:05:36, Data: 2015-04-15T23:05:34,3.68,25631,1784.00,1797.00,1791.00,5.04,38.55,3.94,895.33
2015-04-15T23:05:36, Add row to /TRACKING.csv
2015-04-15T23:05:36, Number of rows in /TRACKING.csv: 2
2015-04-15T23:05:39, Done loop ...
2015-04-15T23:22:11, Setup Complete
2015-04-15T23:22:13, Data: 2015-04-15T23:22:11,3.68,25631,1799.00,1814.00,1807.00,4.43,42.12,3.45,895.12
2015-04-15T23:22:13, Add row to /TRACKING.csv
2015-04-15T23:22:14, Number of rows in /TRACKING.csv: 3
2015-04-15T23:22:17, Done loop ...
2015-04-15T23:38:49, Setup Complete
2015-04-15T23:38:51, Data: 2015-04-15T23:38:49,3.68,25631,1787.00,1833.00,1797.50,4.44,41.44,2.94,895.04
2015-04-15T23:38:51, Add row to /TRACKING.csv
2015-04-15T23:38:51, Number of rows in /TRACKING.csv: 4
2015-04-15T23:38:54, Number of rows in /TRACKING.csv is >= 4
2015-04-15T23:38:55, Remove tracking
2015-04-15T23:38:55, Write to /TRANSMIT.csv: 2015-04-15T23:38:49,3.68,1787.00,4.4,41
2015-04-15T23:38:55, Number of rows in /TRANSMIT.csv: 3
2015-04-15T23:38:55, Current hour = 23, Transmission hour = 1
2015-04-15T23:38:55, Current hour = 23, Transmission hour = 6
2015-04-15T23:38:55, Current hour = 23, Transmission hour = 8
2015-04-15T23:38:55, Current hour = 23, Transmission hour = 10
2015-04-15T23:38:55, Current hour = 23, Transmission hour = 15
2015-04-15T23:38:55, Current hour = 23, Transmission hour = 20
2015-04-15T23:38:55, Current hour = 23, Transmission hour = 22
2015-04-15T23:38:55, Done loop ...
2015-04-15T23:55:27, Setup Complete
2015-04-15T23:55:29, Data: 2015-04-15T23:55:27,3.67,25631,1780.00,1831.00,1795.50,4.19,42.61,2.65,895.15
2015-04-15T23:55:29, Add row to /TRACKING.csv
2015-04-15T23:55:29, Number of rows in /TRACKING.csv: 1
2015-04-15T23:55:31, Done loop ...
2015-04-16T00:12:04, Setup Complete
2015-04-16T00:12:06, Data: 2015-04-16T00:12:04,3.67,25631,1795.00,1807.00,1802.50,3.71,44.07,2.29,895.29
2015-04-16T00:12:06, Add row to /TRACKING.csv
2015-04-16T00:12:07, Number of rows in /TRACKING.csv: 2
2015-04-16T00:12:09, Done loop ...
2015-04-16T00:28:42, Setup Complete
2015-04-16T00:28:44, Data: 2015-04-16T00:28:42,3.67,25631,1786.00,1801.00,1795.00,3.43,44.99,1.97,895.37
2015-04-16T00:28:44, Add row to /TRACKING.csv
2015-04-16T00:28:44, Number of rows in /TRACKING.csv: 3
2015-04-16T00:28:47, Done loop ...
2015-04-16T00:45:20, Setup Complete
2015-04-16T00:45:22, Data: 2015-04-16T00:45:20,3.67,25631,1785.00,1821.00,1799.00,3.20,46.18,1.82,895.24
2015-04-16T00:45:22, Add row to /TRACKING.csv
2015-04-16T00:45:22, Number of rows in /TRACKING.csv: 4
2015-04-16T00:45:25, Number of rows in /TRACKING.csv is >= 4
2015-04-16T00:45:25, Remove tracking
2015-04-16T00:45:25, Write to /TRANSMIT.csv: 2015-04-16T00:45:20,3.67,1785.00,3.2,46
2015-04-16T00:45:25, Number of rows in /TRANSMIT.csv: 4
2015-04-16T00:45:25, Current hour = 0, Transmission hour = 1
2015-04-16T00:45:25, Current hour = 0, Transmission hour = 6
2015-04-16T00:45:25, Current hour = 0, Transmission hour = 8
2015-04-16T00:45:26, Current hour = 0, Transmission hour = 10
2015-04-16T00:45:26, Current hour = 0, Transmission hour = 15
2015-04-16T00:45:26, Current hour = 0, Transmission hour = 20
2015-04-16T00:45:26, Current hour = 0, Transmission hour = 22
2015-04-16T00:45:26, Done loop ...
2015-04-16T01:01:57, Setup Complete
2015-04-16T01:01:59, Data: 2015-04-16T01:01:57,3.68,25631,1781.00,1792.00,1787.00,2.82,47.50,1.38,895.38
2015-04-16T01:01:59, Add row to /TRACKING.csv
2015-04-16T01:02:00, Number of rows in /TRACKING.csv: 1
2015-04-16T01:02:02, Done loop ...
2015-04-16T01:18:35, Setup Complete
2015-04-16T01:18:37, Data: 2015-04-16T01:18:35,3.68,25631,1786.00,1800.00,1792.50,2.94,47.34,1.47,895.52
2015-04-16T01:18:37, Add row to /TRACKING.csv
2015-04-16T01:18:37, Number of rows in /TRACKING.csv: 2
2015-04-16T01:18:40, Done loop ...
2015-04-16T01:35:13, Setup Complete
2015-04-16T01:35:15, Data: 2015-04-16T01:35:13,3.67,25631,1791.00,1801.00,1793.50,2.73,48.93,1.53,895.54
2015-04-16T01:35:15, Add row to /TRACKING.csv
2015-04-16T01:35:15, Number of rows in /TRACKING.csv: 3
2015-04-16T01:35:18, Done loop ...
2015-04-16T01:51:50, Setup Complete
2015-04-16T01:51:52, Data: 2015-04-16T01:51:50,3.67,25631,1792.00,1820.00,1798.00,2.82,47.49,1.59,895.55
2015-04-16T01:51:52, Add row to /TRACKING.csv
2015-04-16T01:51:53, Number of rows in /TRACKING.csv: 4
2015-04-16T01:51:56, Number of rows in /TRACKING.csv is >= 4
2015-04-16T01:51:56, Remove tracking
2015-04-16T01:51:56, Write to /TRANSMIT.csv: 2015-04-16T01:51:50,3.67,1792.00,2.8,47
2015-04-16T01:51:56, Number of rows in /TRANSMIT.csv: 5
2015-04-16T01:51:56, Current hour = 1, Transmission hour = 1
2015-04-16T01:51:56, 1521253178+06235:180+05338:179+04441:179+03246:179+02847
2015-04-16T01:51:58,  - attempt to send message: 1521253178+06235:180+05338:179+04441:179+03246:179+02847
2015-04-16T01:51:59,  - Modem begin successful
2015-04-16T01:51:59,  - Sending...
2015-04-16T01:52:21,  - Send response: 
2015-04-16T01:52:21,   - Sync clocks... 
2015-04-16T01:52:21,  - Arduino Old Time: 2015-04-16T09:52:21
2015-04-16T01:52:20,  - Failed to set valid RTC time
2000-01-01T00:00:00, Message sent! Removing /TRANSMIT.csv
2000-01-01T00:00:00, Done loop ...
2015-04-16T02:08:27, Setup Complete
2015-04-16T02:08:29, Data: 2015-04-16T02:08:27,3.68,25631,1797.00,1833.00,1812.50,2.68,49.12,1.43,895.55
2015-04-16T02:08:29, Add row to /TRACKING.csv
2015-04-16T02:08:29, Number of rows in /TRACKING.csv: 1
2015-04-16T02:08:32, Done loop ...
2015-04-16T02:25:05, Setup Complete
2015-04-16T02:25:07, Data: 2015-04-16T02:25:05,3.67,25631,1793.00,1814.00,1797.50,2.23,49.48,1.04,895.54
2015-04-16T02:25:07, Add row to /TRACKING.csv
2015-04-16T02:25:07, Number of rows in /TRACKING.csv: 2
2015-04-16T02:25:10, Done loop ...
2015-04-16T02:41:42, Setup Complete
2015-04-16T02:41:44, Data: 2015-04-16T02:41:42,3.67,25631,1786.00,1807.00,1794.50,2.91,46.69,1.20,895.57
2015-04-16T02:41:44, Add row to /TRACKING.csv
2015-04-16T02:41:45, Number of rows in /TRACKING.csv: 3
2015-04-16T02:41:48, Done loop ...
2015-04-16T02:58:20, Setup Complete
2015-04-16T02:58:22, Data: 2015-04-16T02:58:20,3.67,25631,1793.00,1813.00,1798.00,3.03,45.33,1.59,895.37
2015-04-16T02:58:22, Add row to /TRACKING.csv
2015-04-16T02:58:22, Number of rows in /TRACKING.csv: 4
2015-04-16T02:58:25, Number of rows in /TRACKING.csv is >= 4
2015-04-16T02:58:26, Remove tracking
2015-04-16T02:58:26, Write to /TRANSMIT.csv: 2015-04-16T02:58:20,3.67,1793.00,3.0,45
2015-04-16T02:58:26, Number of rows in /TRANSMIT.csv: 1
2015-04-16T02:58:26, Current hour = 2, Transmission hour = 1
2015-04-16T02:58:26, Current hour = 2, Transmission hour = 6
2015-04-16T02:58:26, Current hour = 2, Transmission hour = 8
2015-04-16T02:58:26, Current hour = 2, Transmission hour = 10
2015-04-16T02:58:26, Current hour = 2, Transmission hour = 15
2015-04-16T02:58:26, Current hour = 2, Transmission hour = 20
2015-04-16T02:58:26, Current hour = 2, Transmission hour = 22
2015-04-16T02:58:26, Done loop ...
2015-04-16T03:14:58, Setup Complete
2015-04-16T03:15:00, Data: 2015-04-16T03:14:58,3.67,25631,1792.00,1804.00,1797.00,1.86,50.60,1.22,895.24
2015-04-16T03:15:00, Add row to /TRACKING.csv
2015-04-16T03:15:00, Number of rows in /TRACKING.csv: 1
2015-04-16T03:15:02, Done loop ...
2015-04-16T03:31:35, Setup Complete
2015-04-16T03:31:37, Data: 2015-04-16T03:31:35,3.67,25631,1792.00,1804.00,1797.00,1.78,49.68,0.57,895.22
2015-04-16T03:31:37, Add row to /TRACKING.csv
2015-04-16T03:31:38, Number of rows in /TRACKING.csv: 2
2015-04-16T03:31:40, Done loop ...
2015-04-16T03:48:13, Setup Complete
2015-04-16T03:48:15, Data: 2015-04-16T03:48:13,3.67,25631,1792.00,1799.00,1792.50,1.60,50.68,0.02,895.33
2015-04-16T03:48:15, Add row to /TRACKING.csv
2015-04-16T03:48:15, Number of rows in /TRACKING.csv: 3
2015-04-16T03:48:18, Done loop ...
2015-04-16T04:04:51, Setup Complete
2015-04-16T04:04:53, Data: 2015-04-16T04:04:51,3.67,25631,1790.00,1797.00,1793.50,2.48,46.91,0.28,895.38
2015-04-16T04:04:53, Add row to /TRACKING.csv
2015-04-16T04:04:53, Number of rows in /TRACKING.csv: 4
2015-04-16T04:04:56, Number of rows in /TRACKING.csv is >= 4
2015-04-16T04:04:56, Remove tracking
2015-04-16T04:04:56, Write to /TRANSMIT.csv: 2015-04-16T04:04:51,3.67,1790.00,2.5,47
2015-04-16T04:04:56, Number of rows in /TRANSMIT.csv: 2
2015-04-16T04:04:56, Current hour = 4, Transmission hour = 1
2015-04-16T04:04:57, Current hour = 4, Transmission hour = 6
2015-04-16T04:04:57, Current hour = 4, Transmission hour = 8
2015-04-16T04:04:57, Current hour = 4, Transmission hour = 10
2015-04-16T04:04:57, Current hour = 4, Transmission hour = 15
2015-04-16T04:04:57, Current hour = 4, Transmission hour = 20
2015-04-16T04:04:57, Current hour = 4, Transmission hour = 22
2015-04-16T04:04:57, Done loop ...
2015-04-16T04:21:28, Setup Complete
2015-04-16T04:21:30, Data: 2015-04-16T04:21:28,3.67,25631,1793.00,1810.00,1799.50,2.54,46.73,0.34,895.25
2015-04-16T04:21:31, Add row to /TRACKING.csv
2015-04-16T04:21:31, Number of rows in /TRACKING.csv: 1
2015-04-16T04:21:33, Done loop ...
2015-04-16T04:38:06, Setup Complete
2015-04-16T04:38:08, Data: 2015-04-16T04:38:06,3.67,25631,1797.00,1808.00,1803.00,2.01,48.45,0.38,895.28
2015-04-16T04:38:08, Add row to /TRACKING.csv
2015-04-16T04:38:08, Number of rows in /TRACKING.csv: 2
2015-04-16T04:38:11, Done loop ...
2015-04-16T04:54:44, Setup Complete
2015-04-16T04:54:46, Data: 2015-04-16T04:54:44,3.67,25631,1794.00,1833.00,1805.00,2.37,47.35,0.44,895.40
2015-04-16T04:54:46, Add row to /TRACKING.csv
2015-04-16T04:54:47, Number of rows in /TRACKING.csv: 3
2015-04-16T04:54:50, Done loop ...
2015-04-16T05:11:23, Setup Complete
2015-04-16T05:11:25, Data: 2015-04-16T05:11:23,3.68,25631,1802.00,1816.00,1806.50,1.88,49.77,0.61,895.40
2015-04-16T05:11:25, Add row to /TRACKING.csv
2015-04-16T05:11:25, Number of rows in /TRACKING.csv: 4
2015-04-16T05:11:28, Number of rows in /TRACKING.csv is >= 4
2015-04-16T05:11:28, Remove tracking
2015-04-16T05:11:28, Write to /TRANSMIT.csv: 2015-04-16T05:11:23,3.68,1802.00,1.9,50
2015-04-16T05:11:28, Number of rows in /TRANSMIT.csv: 3
2015-04-16T05:11:29, Current hour = 5, Transmission hour = 1
2015-04-16T05:11:29, Current hour = 5, Transmission hour = 6
2015-04-16T05:11:29, Current hour = 5, Transmission hour = 8
2015-04-16T05:11:29, Current hour = 5, Transmission hour = 10
2015-04-16T05:11:29, Current hour = 5, Transmission hour = 15
2015-04-16T05:11:29, Current hour = 5, Transmission hour = 20
2015-04-16T05:11:29, Current hour = 5, Transmission hour = 22
2015-04-16T05:11:29, Done loop ...
2015-04-16T05:28:01, Setup Complete
2015-04-16T05:28:03, Data: 2015-04-16T05:28:01,3.89,25631,1791.00,1808.00,1800.00,2.27,48.79,1.23,895.42
2015-04-16T05:28:03, Add row to /TRACKING.csv
2015-04-16T05:28:03, Number of rows in /TRACKING.csv: 1
2015-04-16T05:28:06, Done loop ...
2015-04-16T05:44:39, Setup Complete
2015-04-16T05:44:42, Data: 2015-04-16T05:44:40,3.91,25631,1813.00,1835.00,1824.00,3.68,44.41,6.47,895.47
2015-04-16T05:44:42, Add row to /TRACKING.csv
2015-04-16T05:44:42, Number of rows in /TRACKING.csv: 2
2015-04-16T05:44:44, Done loop ...
2015-04-16T06:01:18, Setup Complete
2015-04-16T06:01:20, Data: 2015-04-16T06:01:18,3.91,25631,1821.00,1831.00,1826.50,3.64,43.78,8.87,895.32
2015-04-16T06:01:20, Add row to /TRACKING.csv
2015-04-16T06:01:20, Number of rows in /TRACKING.csv: 3
2015-04-16T06:01:23, Done loop ...
2015-04-16T06:17:56, Setup Complete
2015-04-16T06:17:58, Data: 2015-04-16T06:17:56,3.91,25631,1822.00,1854.00,1831.00,5.56,38.95,11.02,895.36
2015-04-16T06:17:58, Add row to /TRACKING.csv
2015-04-16T06:17:58, Number of rows in /TRACKING.csv: 4
2015-04-16T06:18:02, Number of rows in /TRACKING.csv is >= 4
2015-04-16T06:18:02, Remove tracking
2015-04-16T06:18:02, Write to /TRANSMIT.csv: 2015-04-16T06:17:56,3.91,1822.00,5.6,39
2015-04-16T06:18:02, Number of rows in /TRANSMIT.csv: 4
2015-04-16T06:18:02, Current hour = 6, Transmission hour = 1
2015-04-16T06:18:02, Current hour = 6, Transmission hour = 6
2015-04-16T06:18:02, 1602586179+03045:179+02547:180+01950:182+05639
2015-04-16T06:18:04,  - attempt to send message: 1602586179+03045:179+02547:180+01950:182+05639
2015-04-16T06:18:05,  - Modem begin successful
2015-04-16T06:18:05,  - Sending...
2015-04-16T06:21:59,  - Send response: 
2015-04-16T06:21:59,   - Sync clocks... 
2015-04-16T06:21:59,  - Arduino Old Time: 2015-04-16T14:21:59
2015-04-16T06:21:58,  - Failed to set valid RTC time
2000-01-01T00:00:00, Message sent! Removing /TRANSMIT.csv
2000-01-01T00:00:00, Done loop ...
2015-04-16T06:34:33, Setup Complete
2015-04-16T06:34:35, Data: 2015-04-16T06:34:33,3.92,25631,1837.00,1850.00,1842.50,7.91,34.63,12.83,895.36
2015-04-16T06:34:35, Add row to /TRACKING.csv
2015-04-16T06:34:35, Number of rows in /TRACKING.csv: 1
2015-04-16T06:34:38, Done loop ...
2015-04-16T06:51:11, Setup Complete
2015-04-16T06:51:13, Data: 2015-04-16T06:51:11,3.91,25631,1841.00,1867.00,1849.50,7.36,36.26,12.25,895.35
2015-04-16T06:51:13, Add row to /TRACKING.csv
2015-04-16T06:51:13, Number of rows in /TRACKING.csv: 2
2015-04-16T06:51:16, Done loop ...
2015-04-16T07:07:49, Setup Complete
2015-04-16T07:07:51, Data: 2015-04-16T07:07:49,3.91,25631,1844.00,1866.00,1850.00,7.28,35.52,11.23,895.22
2015-04-16T07:07:51, Add row to /TRACKING.csv
2015-04-16T07:07:52, Number of rows in /TRACKING.csv: 3
2015-04-16T07:07:54, Done loop ...
2015-04-16T07:24:27, Setup Complete
2015-04-16T07:24:29, Data: 2015-04-16T07:24:27,3.91,25631,1836.00,1856.00,1846.00,5.95,38.28,11.83,895.10
2015-04-16T07:24:29, Add row to /TRACKING.csv
2015-04-16T07:24:30, Number of rows in /TRACKING.csv: 4
2015-04-16T07:24:33, Number of rows in /TRACKING.csv is >= 4
2015-04-16T07:24:33, Remove tracking
2015-04-16T07:24:33, Write to /TRANSMIT.csv: 2015-04-16T07:24:27,3.91,1836.00,5.9,38
2015-04-16T07:24:33, Number of rows in /TRANSMIT.csv: 1
2015-04-16T07:24:33, Current hour = 7, Transmission hour = 1
2015-04-16T07:24:33, Current hour = 7, Transmission hour = 6
2015-04-16T07:24:33, Current hour = 7, Transmission hour = 8
2015-04-16T07:24:33, Current hour = 7, Transmission hour = 10
2015-04-16T07:24:33, Current hour = 7, Transmission hour = 15
2015-04-16T07:24:33, Current hour = 7, Transmission hour = 20
2015-04-16T07:24:33, Current hour = 7, Transmission hour = 22
2015-04-16T07:24:33, Done loop ...
2015-04-16T07:41:05, Setup Complete
2015-04-16T07:41:08, Data: 2015-04-16T07:41:05,3.92,25631,1849.00,1863.00,1856.00,6.46,36.56,12.26,895.02
2015-04-16T07:41:08, Add row to /TRACKING.csv
2015-04-16T07:41:08, Number of rows in /TRACKING.csv: 1
2015-04-16T07:41:10, Done loop ...
2015-04-16T07:57:43, Setup Complete
2015-04-16T07:57:46, Data: 2015-04-16T07:57:43,3.91,25631,1855.00,1882.00,1862.50,6.80,37.63,13.20,894.96
2015-04-16T07:57:46, Add row to /TRACKING.csv
2015-04-16T07:57:46, Number of rows in /TRACKING.csv: 2
2015-04-16T07:57:48, Done loop ...
2015-04-16T08:14:21, Setup Complete
2015-04-16T08:14:24, Data: 2015-04-16T08:14:21,3.92,25631,1875.00,1893.00,1881.50,5.99,39.54,13.65,894.71
2015-04-16T08:14:24, Add row to /TRACKING.csv
2015-04-16T08:14:24, Number of rows in /TRACKING.csv: 3
2015-04-16T08:14:27, Done loop ...
2015-04-16T08:30:59, Setup Complete
2015-04-16T08:31:01, Data: 2015-04-16T08:30:59,3.91,25631,1833.00,1863.00,1849.00,5.11,39.48,12.78,894.65
2015-04-16T08:31:02, Add row to /TRACKING.csv
2015-04-16T08:31:02, Number of rows in /TRACKING.csv: 4
2015-04-16T08:31:05, Number of rows in /TRACKING.csv is >= 4
2015-04-16T08:31:05, Remove tracking
2015-04-16T08:31:05, Write to /TRANSMIT.csv: 2015-04-16T08:30:59,3.91,1833.00,5.1,39
2015-04-16T08:31:05, Number of rows in /TRANSMIT.csv: 2
2015-04-16T08:31:05, Current hour = 8, Transmission hour = 1
2015-04-16T08:31:05, Current hour = 8, Transmission hour = 6
2015-04-16T08:31:05, Current hour = 8, Transmission hour = 8
2015-04-16T08:31:05, 1607246184+05938:183+05139
2015-04-16T08:31:07,  - attempt to send message: 1607246184+05938:183+05139
2015-04-16T08:31:08,  - Modem begin successful
2015-04-16T08:31:08,  - Sending...
2015-04-16T08:31:17,  - Send response: 
2015-04-16T08:31:17,   - Sync clocks... 
2015-04-16T08:31:17,  - Arduino Old Time: 2015-04-16T16:31:17
2015-04-16T08:31:15,  - Failed to set valid RTC time
2000-01-01T00:00:00, Message sent! Removing /TRANSMIT.csv
2000-01-01T00:00:00, Done loop ...
2015-04-16T08:47:35, Setup Complete
2015-04-16T08:47:38, Data: 2015-04-16T08:47:35,3.91,25631,1839.00,1877.00,1851.00,5.71,38.60,12.67,894.60
2015-04-16T08:47:38, Add row to /TRACKING.csv
2015-04-16T08:47:38, Number of rows in /TRACKING.csv: 1
2015-04-16T08:47:40, Done loop ...
2015-04-16T09:04:13, Setup Complete
2015-04-16T09:04:16, Data: 2015-04-16T09:04:13,3.91,25631,1846.00,1871.00,1855.50,5.87,40.28,13.01,894.40
2015-04-16T09:04:16, Add row to /TRACKING.csv
2015-04-16T09:04:16, Number of rows in /TRACKING.csv: 2
2015-04-16T09:04:18, Done loop ...
2015-04-16T09:20:51, Setup Complete
2015-04-16T09:20:54, Data: 2015-04-16T09:20:51,3.91,25631,1835.00,1868.00,1847.50,5.40,41.40,12.13,894.27
2015-04-16T09:20:54, Add row to /TRACKING.csv
2015-04-16T09:20:54, Number of rows in /TRACKING.csv: 3
2015-04-16T09:20:57, Done loop ...
2015-04-16T09:37:29, Setup Complete
2015-04-16T09:37:32, Data: 2015-04-16T09:37:30,3.91,25631,1831.00,1839.00,1834.00,5.97,37.50,11.23,894.17
2015-04-16T09:37:32, Add row to /TRACKING.csv
2015-04-16T09:37:32, Number of rows in /TRACKING.csv: 4
2015-04-16T09:37:35, Number of rows in /TRACKING.csv is >= 4
2015-04-16T09:37:35, Remove tracking
2015-04-16T09:37:35, Write to /TRANSMIT.csv: 2015-04-16T09:37:30,3.91,1831.00,6.0,38
2015-04-16T09:37:35, Number of rows in /TRANSMIT.csv: 1
2015-04-16T09:37:35, Current hour = 9, Transmission hour = 1
2015-04-16T09:37:35, Current hour = 9, Transmission hour = 6
2015-04-16T09:37:35, Current hour = 9, Transmission hour = 8
2015-04-16T09:37:35, Current hour = 9, Transmission hour = 10
2015-04-16T09:37:35, Current hour = 9, Transmission hour = 15
2015-04-16T09:37:36, Current hour = 9, Transmission hour = 20
2015-04-16T09:37:36, Current hour = 9, Transmission hour = 22
2015-04-16T09:37:36, Done loop ...
2015-04-16T09:54:08, Setup Complete
2015-04-16T09:54:10, Data: 2015-04-16T09:54:08,3.91,25631,1830.00,1864.00,1843.00,5.28,45.09,10.85,893.85
2015-04-16T09:54:10, Add row to /TRACKING.csv
2015-04-16T09:54:10, Number of rows in /TRACKING.csv: 1
2015-04-16T09:54:12, Done loop ...
2015-04-16T10:10:46, Setup Complete
2015-04-16T10:10:48, Data: 2015-04-16T10:10:46,3.91,25631,1832.00,1849.00,1842.00,5.28,46.28,9.28,893.83
2015-04-16T10:10:48, Add row to /TRACKING.csv
2015-04-16T10:10:48, Number of rows in /TRACKING.csv: 2
2015-04-16T10:10:51, Done loop ...
2015-04-16T10:27:24, Setup Complete
2015-04-16T10:27:26, Data: 2015-04-16T10:27:24,3.91,25631,1839.00,1850.00,1845.50,6.47,38.21,10.13,893.73
2015-04-16T10:27:26, Add row to /TRACKING.csv
2015-04-16T10:27:26, Number of rows in /TRACKING.csv: 3
2015-04-16T10:27:29, Done loop ...
2015-04-16T10:44:02, Setup Complete
2015-04-16T10:44:04, Data: 2015-04-16T10:44:02,3.91,25631,1827.00,1864.00,1843.50,6.39,36.72,10.15,893.52
2015-04-16T10:44:04, Add row to /TRACKING.csv
2015-04-16T10:44:04, Number of rows in /TRACKING.csv: 4
2015-04-16T10:44:08, Number of rows in /TRACKING.csv is >= 4
2015-04-16T10:44:08, Remove tracking
2015-04-16T10:44:08, Write to /TRANSMIT.csv: 2015-04-16T10:44:02,3.91,1827.00,6.4,37
2015-04-16T10:44:08, Number of rows in /TRANSMIT.csv: 2
2015-04-16T10:44:08, Current hour = 10, Transmission hour = 1
2015-04-16T10:44:08, Current hour = 10, Transmission hour = 6
2015-04-16T10:44:08, Current hour = 10, Transmission hour = 8
2015-04-16T10:44:08, Current hour = 10, Transmission hour = 10
2015-04-16T10:44:08, 1609376183+06038:183+06437
2015-04-16T10:44:10,  - attempt to send message: 1609376183+06038:183+06437
2015-04-16T10:44:11,  - Modem begin successful
2015-04-16T10:44:11,  - Sending...
2015-04-16T10:48:30,  - Send response: 
2015-04-16T10:48:30,   - Sync clocks... 
2015-04-16T10:48:30,  - Arduino Old Time: 2015-04-16T18:48:30
2015-04-16T10:48:30,  - Failed to set valid RTC time
2000-01-01T00:00:00, Message sent! Removing /TRANSMIT.csv
2000-01-01T00:00:00, Done loop ...
2015-04-16T11:00:40, Setup Complete
2015-04-16T11:00:42, Data: 2015-04-16T11:00:40,3.92,25631,1835.00,1862.00,1853.50,6.14,39.89,10.86,893.37
2015-04-16T11:00:42, Add row to /TRACKING.csv
2015-04-16T11:00:42, Number of rows in /TRACKING.csv: 1
2015-04-16T11:00:45, Done loop ...
2015-04-16T11:17:18, Setup Complete
2015-04-16T11:17:20, Data: 2015-04-16T11:17:18,3.91,25631,1825.00,1839.00,1829.00,5.98,39.08,11.13,893.11
2015-04-16T11:17:20, Add row to /TRACKING.csv
2015-04-16T11:17:20, Number of rows in /TRACKING.csv: 2
2015-04-16T11:17:23, Done loop ...
2015-04-16T11:33:56, Setup Complete
2015-04-16T11:33:58, Data: 2015-04-16T11:33:56,3.91,25631,1816.00,1831.00,1824.50,6.39,36.36,10.51,893.01
2015-04-16T11:33:58, Add row to /TRACKING.csv
2015-04-16T11:33:59, Number of rows in /TRACKING.csv: 3
2015-04-16T11:34:01, Done loop ...
2015-04-16T11:50:34, Setup Complete
2015-04-16T11:50:37, Data: 2015-04-16T11:50:34,3.91,25631,1815.00,1824.00,1819.50,7.78,32.68,9.75,892.89
2015-04-16T11:50:37, Add row to /TRACKING.csv
2015-04-16T11:50:37, Number of rows in /TRACKING.csv: 4
2015-04-16T11:50:40, Number of rows in /TRACKING.csv is >= 4
2015-04-16T11:50:40, Remove tracking
2015-04-16T11:50:40, Write to /TRANSMIT.csv: 2015-04-16T11:50:34,3.91,1815.00,7.8,33
2015-04-16T11:50:40, Number of rows in /TRANSMIT.csv: 1
2015-04-16T11:50:40, Current hour = 11, Transmission hour = 1
2015-04-16T11:50:40, Current hour = 11, Transmission hour = 6
2015-04-16T11:50:40, Current hour = 11, Transmission hour = 8
2015-04-16T11:50:40, Current hour = 11, Transmission hour = 10
2015-04-16T11:50:40, Current hour = 11, Transmission hour = 15
2015-04-16T11:50:40, Current hour = 11, Transmission hour = 20
2015-04-16T11:50:40, Current hour = 11, Transmission hour = 22
2015-04-16T11:50:40, Done loop ...
2015-04-16T12:07:13, Setup Complete
2015-04-16T12:07:15, Data: 2015-04-16T12:07:13,3.68,25631,1813.00,1822.00,1816.00,6.36,35.45,8.27,892.55
2015-04-16T12:07:15, Add row to /TRACKING.csv
2015-04-16T12:07:15, Number of rows in /TRACKING.csv: 1
2015-04-16T12:07:17, Done loop ...
2015-04-16T12:23:50, Setup Complete
2015-04-16T12:23:53, Data: 2015-04-16T12:23:51,3.68,25631,1800.00,1822.00,1806.00,3.54,43.90,4.55,892.74
2015-04-16T12:23:53, Add row to /TRACKING.csv
2015-04-16T12:23:53, Number of rows in /TRACKING.csv: 2
2015-04-16T12:23:55, Done loop ...
2015-04-16T12:40:29, Setup Complete
2015-04-16T12:40:31, Data: 2015-04-16T12:40:29,3.68,25631,1798.00,1809.00,1804.00,3.19,41.27,3.04,892.70
2015-04-16T12:40:31, Add row to /TRACKING.csv
2015-04-16T12:40:31, Number of rows in /TRACKING.csv: 3
2015-04-16T12:40:34, Done loop ...
2015-04-16T12:57:07, Setup Complete
2015-04-16T12:57:09, Data: 2015-04-16T12:57:07,3.67,25631,1801.00,1815.00,1808.00,3.11,39.33,2.29,892.70
2015-04-16T12:57:09, Add row to /TRACKING.csv
2015-04-16T12:57:09, Number of rows in /TRACKING.csv: 4
2015-04-16T12:57:12, Number of rows in /TRACKING.csv is >= 4
2015-04-16T12:57:12, Remove tracking
2015-04-16T12:57:12, Write to /TRANSMIT.csv: 2015-04-16T12:57:07,3.67,1801.00,3.1,39
2015-04-16T12:57:12, Number of rows in /TRANSMIT.csv: 2
2015-04-16T12:57:12, Current hour = 12, Transmission hour = 1
2015-04-16T12:57:12, Current hour = 12, Transmission hour = 6
2015-04-16T12:57:12, Current hour = 12, Transmission hour = 8
2015-04-16T12:57:13, Current hour = 12, Transmission hour = 10
2015-04-16T12:57:13, Current hour = 12, Transmission hour = 15
2015-04-16T12:57:13, Current hour = 12, Transmission hour = 20
2015-04-16T12:57:13, Current hour = 12, Transmission hour = 22
2015-04-16T12:57:13, Done loop ...
2015-04-16T13:13:44, Setup Complete
2015-04-16T13:13:46, Data: 2015-04-16T13:13:44,3.67,25631,1801.00,1817.00,1804.50,2.46,39.67,1.54,892.67
2015-04-16T13:13:46, Add row to /TRACKING.csv
2015-04-16T13:13:47, Number of rows in /TRACKING.csv: 1
2015-04-16T13:13:49, Done loop ...
2015-04-16T13:30:22, Setup Complete
2015-04-16T13:30:24, Data: 2015-04-16T13:30:22,3.67,25631,1801.00,1812.00,1807.00,2.15,37.85,0.92,892.61
2015-04-16T13:30:24, Add row to /TRACKING.csv
2015-04-16T13:30:24, Number of rows in /TRACKING.csv: 2
2015-04-16T13:30:27, Done loop ...
2015-04-16T13:47:00, Setup Complete
2015-04-16T13:47:02, Data: 2015-04-16T13:47:00,3.67,25631,1802.00,1812.00,1804.50,2.33,37.65,0.68,892.53
2015-04-16T13:47:02, Add row to /TRACKING.csv
2015-04-16T13:47:02, Number of rows in /TRACKING.csv: 3
2015-04-16T13:47:05, Done loop ...
2015-04-16T14:03:37, Setup Complete
2015-04-16T14:03:39, Data: 2015-04-16T14:03:37,3.67,25631,1799.00,1810.00,1804.50,2.23,39.58,0.54,892.36
2015-04-16T14:03:39, Add row to /TRACKING.csv
2015-04-16T14:03:40, Number of rows in /TRACKING.csv: 4
2015-04-16T14:03:43, Number of rows in /TRACKING.csv is >= 4
2015-04-16T14:03:43, Remove tracking
2015-04-16T14:03:43, Write to /TRANSMIT.csv: 2015-04-16T14:03:37,3.67,1799.00,2.2,40
2015-04-16T14:03:43, Number of rows in /TRANSMIT.csv: 3
2015-04-16T14:03:43, Current hour = 14, Transmission hour = 1
2015-04-16T14:03:43, Current hour = 14, Transmission hour = 6
2015-04-16T14:03:43, Current hour = 14, Transmission hour = 8
2015-04-16T14:03:43, Current hour = 14, Transmission hour = 10
2015-04-16T14:03:43, Current hour = 14, Transmission hour = 15
2015-04-16T14:03:43, Current hour = 14, Transmission hour = 20
2015-04-16T14:03:43, Current hour = 14, Transmission hour = 22
2015-04-16T14:03:43, Done loop ...
2015-04-16T14:20:15, Setup Complete
2015-04-16T14:20:17, Data: 2015-04-16T14:20:15,3.67,25631,1798.00,1809.00,1805.00,1.85,38.42,0.20,892.36
2015-04-16T14:20:17, Add row to /TRACKING.csv
2015-04-16T14:20:17, Number of rows in /TRACKING.csv: 1
2015-04-16T14:20:20, Done loop ...
2015-04-16T14:36:53, Setup Complete
2015-04-16T14:36:55, Data: 2015-04-16T14:36:53,3.67,25631,1804.00,1813.00,1806.00,1.97,40.27,0.18,892.29
2015-04-16T14:36:55, Add row to /TRACKING.csv
2015-04-16T14:36:55, Number of rows in /TRACKING.csv: 2
2015-04-16T14:36:58, Done loop ...
2015-04-16T14:53:30, Setup Complete
2015-04-16T14:53:32, Data: 2015-04-16T14:53:30,3.67,25631,1801.00,1808.00,1805.00,1.85,40.10,0.06,892.28
2015-04-16T14:53:33, Add row to /TRACKING.csv
2015-04-16T14:53:33, Number of rows in /TRACKING.csv: 3
2015-04-16T14:53:36, Done loop ...
2015-04-16T15:10:08, Setup Complete
2015-04-16T15:10:10, Data: 2015-04-16T15:10:08,3.67,25631,1803.00,1809.00,1806.00,1.95,38.18,0.01,892.18
2015-04-16T15:10:10, Add row to /TRACKING.csv
2015-04-16T15:10:10, Number of rows in /TRACKING.csv: 4
2015-04-16T15:10:14, Number of rows in /TRACKING.csv is >= 4
2015-04-16T15:10:14, Remove tracking
2015-04-16T15:10:14, Write to /TRANSMIT.csv: 2015-04-16T15:10:08,3.67,1803.00,2.0,38
2015-04-16T15:10:14, Number of rows in /TRANSMIT.csv: 4
2015-04-16T15:10:14, Current hour = 15, Transmission hour = 1
2015-04-16T15:10:14, Current hour = 15, Transmission hour = 6
2015-04-16T15:10:14, Current hour = 15, Transmission hour = 8
2015-04-16T15:10:14, Current hour = 15, Transmission hour = 10
2015-04-16T15:10:14, Current hour = 15, Transmission hour = 15
2015-04-16T15:10:14, 1611503182+07833:180+03139:180+02240:180+02038
2015-04-16T15:10:16,  - attempt to send message: 1611503182+07833:180+03139:180+02240:180+02038
2015-04-16T15:10:17,  - Modem begin successful
2015-04-16T15:10:17,  - Sending...
2015-04-16T15:12:47,  - Send response: 
2015-04-16T15:12:47,   - Sync clocks... 
2015-04-16T15:12:47,  - Arduino Old Time: 2015-04-16T23:12:47
2015-04-16T15:12:46,  - Failed to set valid RTC time
2000-01-01T00:00:00, Message sent! Removing /TRANSMIT.csv
2000-01-01T00:00:00, Done loop ...
2015-04-16T15:26:45, Setup Complete
2015-04-16T15:26:47, Data: 2015-04-16T15:26:45,3.68,25631,1794.00,1809.00,1803.00,1.88,38.67,-0.01,892.09
2015-04-16T15:26:47, Add row to /TRACKING.csv
2015-04-16T15:26:47, Number of rows in /TRACKING.csv: 1
2015-04-16T15:26:49, Done loop ...
2015-04-16T15:43:22, Setup Complete
2015-04-16T15:43:24, Data: 2015-04-16T15:43:22,3.67,25631,1804.00,1813.00,1807.50,1.65,39.57,-0.15,891.99
2015-04-16T15:43:24, Add row to /TRACKING.csv
2015-04-16T15:43:25, Number of rows in /TRACKING.csv: 2
2015-04-16T15:43:27, Done loop ...
2015-04-16T16:00:00, Setup Complete
2015-04-16T16:00:02, Data: 2015-04-16T16:00:00,3.67,25631,1803.00,1817.00,1805.50,0.92,41.19,-0.44,891.97
2015-04-16T16:00:02, Add row to /TRACKING.csv
2015-04-16T16:00:02, Number of rows in /TRACKING.csv: 3
2015-04-16T16:00:05, Done loop ...
2015-04-16T16:16:38, Setup Complete
2015-04-16T16:16:40, Data: 2015-04-16T16:16:38,3.67,25631,1804.00,0.00,1805.50,1.67,41.37,-0.25,891.89
2015-04-16T16:16:40, Add row to /TRACKING.csv
2015-04-16T16:16:40, Number of rows in /TRACKING.csv: 4
2015-04-16T16:16:43, Number of rows in /TRACKING.csv is >= 4
2015-04-16T16:16:43, Remove tracking
2015-04-16T16:16:43, Write to /TRANSMIT.csv: 2015-04-16T16:16:38,3.67,1804.00,1.7,41
2015-04-16T16:16:43, Number of rows in /TRANSMIT.csv: 1
2015-04-16T16:16:43, Current hour = 16, Transmission hour = 1
2015-04-16T16:16:44, Current hour = 16, Transmission hour = 6
2015-04-16T16:16:44, Current hour = 16, Transmission hour = 8
2015-04-16T16:16:44, Current hour = 16, Transmission hour = 10
2015-04-16T16:16:44, Current hour = 16, Transmission hour = 15
2015-04-16T16:16:44, Current hour = 16, Transmission hour = 20
2015-04-16T16:16:44, Current hour = 16, Transmission hour = 22
2015-04-16T16:16:44, Done loop ...
2015-04-16T16:33:15, Setup Complete
2015-04-16T16:33:17, Data: 2015-04-16T16:33:15,3.67,25631,1799.00,1815.00,1804.50,1.17,39.81,-0.36,891.81
2015-04-16T16:33:18, Add row to /TRACKING.csv
2015-04-16T16:33:18, Number of rows in /TRACKING.csv: 1
2015-04-16T16:33:20, Done loop ...
2015-04-16T16:49:53, Setup Complete
2015-04-16T16:49:55, Data: 2015-04-16T16:49:53,3.67,25631,1803.00,1810.00,1806.50,1.50,37.36,-0.37,891.80
2015-04-16T16:49:55, Add row to /TRACKING.csv
2015-04-16T16:49:55, Number of rows in /TRACKING.csv: 2
2015-04-16T16:49:58, Done loop ...
2015-04-16T17:06:31, Setup Complete
2015-04-16T17:06:33, Data: 2015-04-16T17:06:31,3.67,25631,1802.00,1818.00,1806.50,1.48,38.48,-0.31,891.82
2015-04-16T17:06:33, Add row to /TRACKING.csv
2015-04-16T17:06:33, Number of rows in /TRACKING.csv: 3
2015-04-16T17:06:36, Done loop ...
2015-04-16T17:23:08, Setup Complete
2015-04-16T17:23:10, Data: 2015-04-16T17:23:08,3.67,25631,1801.00,1820.00,1807.50,0.57,45.36,-0.52,891.89
2015-04-16T17:23:10, Add row to /TRACKING.csv
2015-04-16T17:23:11, Number of rows in /TRACKING.csv: 4
2015-04-16T17:23:14, Number of rows in /TRACKING.csv is >= 4
2015-04-16T17:23:14, Remove tracking
2015-04-16T17:23:14, Write to /TRANSMIT.csv: 2015-04-16T17:23:08,3.67,1801.00,0.6,45
2015-04-16T17:23:14, Number of rows in /TRANSMIT.csv: 2
2015-04-16T17:23:14, Current hour = 17, Transmission hour = 1
2015-04-16T17:23:14, Current hour = 17, Transmission hour = 6
2015-04-16T17:23:14, Current hour = 17, Transmission hour = 8
2015-04-16T17:23:14, Current hour = 17, Transmission hour = 10
2015-04-16T17:23:14, Current hour = 17, Transmission hour = 15
2015-04-16T17:23:14, Current hour = 17, Transmission hour = 20
2015-04-16T17:23:14, Current hour = 17, Transmission hour = 22
2015-04-16T17:23:14, Done loop ...
2015-04-16T17:39:46, Setup Complete
2015-04-16T17:39:48, Data: 2015-04-16T17:39:46,3.67,25631,1803.00,1813.00,1805.50,0.47,41.59,-0.78,891.87
2015-04-16T17:39:48, Add row to /TRACKING.csv
2015-04-16T17:39:48, Number of rows in /TRACKING.csv: 1
2015-04-16T17:39:51, Done loop ...
2015-04-16T17:56:24, Setup Complete
2015-04-16T17:56:26, Data: 2015-04-16T17:56:24,3.67,25631,1802.00,1813.00,1805.50,1.05,39.63,-0.63,891.88
2015-04-16T17:56:26, Add row to /TRACKING.csv
2015-04-16T17:56:26, Number of rows in /TRACKING.csv: 2
2015-04-16T17:56:29, Done loop ...
2015-04-16T18:13:01, Setup Complete
2015-04-16T18:13:04, Data: 2015-04-16T18:13:01,3.67,25631,1806.00,1811.00,1809.00,1.78,39.18,-0.14,891.83
2015-04-16T18:13:04, Add row to /TRACKING.csv
2015-04-16T18:13:04, Number of rows in /TRACKING.csv: 3
2015-04-16T18:13:07, Done loop ...
2015-04-16T18:29:39, Setup Complete
2015-04-16T18:29:41, Data: 2015-04-16T18:29:39,3.67,25631,1805.00,1813.00,1809.00,1.16,40.16,-0.17,891.90
2015-04-16T18:29:41, Add row to /TRACKING.csv
2015-04-16T18:29:41, Number of rows in /TRACKING.csv: 4
2015-04-16T18:29:45, Number of rows in /TRACKING.csv is >= 4
2015-04-16T18:29:45, Remove tracking
2015-04-16T18:29:45, Write to /TRANSMIT.csv: 2015-04-16T18:29:39,3.67,1805.00,1.2,40
2015-04-16T18:29:45, Number of rows in /TRANSMIT.csv: 3
2015-04-16T18:29:45, Current hour = 18, Transmission hour = 1
2015-04-16T18:29:45, Current hour = 18, Transmission hour = 6
2015-04-16T18:29:45, Current hour = 18, Transmission hour = 8
2015-04-16T18:29:45, Current hour = 18, Transmission hour = 10
2015-04-16T18:29:45, Current hour = 18, Transmission hour = 15
2015-04-16T18:29:45, Current hour = 18, Transmission hour = 20
2015-04-16T18:29:45, Current hour = 18, Transmission hour = 22
2015-04-16T18:29:45, Done loop ...
2015-04-16T18:46:17, Setup Complete
2015-04-16T18:46:19, Data: 2015-04-16T18:46:17,3.67,25631,1807.00,1821.00,1810.00,1.39,38.74,-0.12,891.98
2015-04-16T18:46:19, Add row to /TRACKING.csv
2015-04-16T18:46:19, Number of rows in /TRACKING.csv: 1
2015-04-16T18:46:21, Done loop ...
2015-04-16T19:02:54, Setup Complete
2015-04-16T19:02:57, Data: 2015-04-16T19:02:54,3.67,25631,1805.00,1810.00,1808.50,1.12,41.98,-0.26,891.96
2015-04-16T19:02:57, Add row to /TRACKING.csv
2015-04-16T19:02:57, Number of rows in /TRACKING.csv: 2
2015-04-16T19:02:59, Done loop ...
2015-04-16T19:19:32, Setup Complete
2015-04-16T19:19:34, Data: 2015-04-16T19:19:32,3.67,25631,1804.00,1819.00,1810.50,1.15,42.01,-0.24,891.93
2015-04-16T19:19:34, Add row to /TRACKING.csv
2015-04-16T19:19:34, Number of rows in /TRACKING.csv: 3
2015-04-16T19:19:37, Done loop ...
2015-04-16T19:36:10, Setup Complete
2015-04-16T19:36:12, Data: 2015-04-16T19:36:10,3.67,25631,1805.00,1811.00,1805.50,1.70,39.55,-0.17,892.07
2015-04-16T19:36:12, Add row to /TRACKING.csv
2015-04-16T19:36:12, Number of rows in /TRACKING.csv: 4
2015-04-16T19:36:15, Number of rows in /TRACKING.csv is >= 4
2015-04-16T19:36:15, Remove tracking
2015-04-16T19:36:15, Write to /TRANSMIT.csv: 2015-04-16T19:36:10,3.67,1805.00,1.7,40
2015-04-16T19:36:15, Number of rows in /TRANSMIT.csv: 4
2015-04-16T19:36:16, Current hour = 19, Transmission hour = 1
2015-04-16T19:36:16, Current hour = 19, Transmission hour = 6
2015-04-16T19:36:16, Current hour = 19, Transmission hour = 8
2015-04-16T19:36:16, Current hour = 19, Transmission hour = 10
2015-04-16T19:36:16, Current hour = 19, Transmission hour = 15
2015-04-16T19:36:16, Current hour = 19, Transmission hour = 20
2015-04-16T19:36:16, Current hour = 19, Transmission hour = 22
2015-04-16T19:36:16, Done loop ...
2015-04-16T19:52:47, Setup Complete
2015-04-16T19:52:49, Data: 2015-04-16T19:52:47,3.67,25631,1804.00,1810.00,1807.00,1.36,43.05,0.04,891.92
2015-04-16T19:52:49, Add row to /TRACKING.csv
2015-04-16T19:52:50, Number of rows in /TRACKING.csv: 1
2015-04-16T19:52:52, Done loop ...
2015-04-16T20:09:25, Setup Complete
2015-04-16T20:09:27, Data: 2015-04-16T20:09:25,3.67,25631,1807.00,1815.00,1810.50,1.34,45.44,-0.05,892.01
2015-04-16T20:09:27, Add row to /TRACKING.csv
2015-04-16T20:09:27, Number of rows in /TRACKING.csv: 2
2015-04-16T20:09:30, Done loop ...
2015-04-16T20:26:03, Setup Complete
2015-04-16T20:26:05, Data: 2015-04-16T20:26:03,3.67,25631,1807.00,1821.00,1812.00,0.68,44.33,-0.32,891.94
2015-04-16T20:26:05, Add row to /TRACKING.csv
2015-04-16T20:26:05, Number of rows in /TRACKING.csv: 3
2015-04-16T20:26:08, Done loop ...
2015-04-16T20:42:40, Setup Complete
2015-04-16T20:42:42, Data: 2015-04-16T20:42:40,3.67,25631,1805.00,1813.00,1808.00,1.22,44.84,-0.23,891.91
2015-04-16T20:42:42, Add row to /TRACKING.csv
2015-04-16T20:42:43, Number of rows in /TRACKING.csv: 4
2015-04-16T20:42:46, Number of rows in /TRACKING.csv is >= 4
2015-04-16T20:42:46, Remove tracking
2015-04-16T20:42:46, Write to /TRANSMIT.csv: 2015-04-16T20:42:40,3.67,1805.00,1.2,45
2015-04-16T20:42:46, Number of rows in /TRANSMIT.csv: 5
2015-04-16T20:42:46, Current hour = 20, Transmission hour = 1
2015-04-16T20:42:46, 1616163180+01741:180+00645:181+01240:181+01740:181+01245
2015-04-16T20:42:48,  - attempt to send message: 1616163180+01741:180+00645:181+01240:181+01740:181+01245
2015-04-16T20:42:49,  - Modem begin successful
2015-04-16T20:42:49,  - Sending...
2015-04-16T20:43:42,  - Send response: 
2015-04-16T20:43:42,   - Sync clocks... 
2015-04-16T20:43:42,  - Arduino Old Time: 2015-04-17T04:43:42
2015-04-16T20:43:40,  - Failed to set valid RTC time
2000-01-01T00:00:00, Message sent! Removing /TRANSMIT.csv
2000-01-01T00:00:00, Done loop ...
2015-04-16T20:59:16, Setup Complete
2015-04-16T20:59:18, Data: 2015-04-16T20:59:16,3.67,25631,1805.00,1810.00,1808.00,0.69,46.99,-0.23,891.80
2015-04-16T20:59:18, Add row to /TRACKING.csv
2015-04-16T20:59:18, Number of rows in /TRACKING.csv: 1
2015-04-16T20:59:21, Done loop ...
2015-04-16T21:15:54, Setup Complete
2015-04-16T21:15:56, Data: 2015-04-16T21:15:54,3.67,25631,1805.00,1812.00,1807.50,1.09,44.03,-0.15,891.82
2015-04-16T21:15:56, Add row to /TRACKING.csv
2015-04-16T21:15:56, Number of rows in /TRACKING.csv: 2
2015-04-16T21:15:59, Done loop ...
2015-04-16T21:32:31, Setup Complete
2015-04-16T21:32:33, Data: 2015-04-16T21:32:31,3.67,25631,1808.00,1815.00,1810.50,1.22,45.56,0.09,891.73
2015-04-16T21:32:33, Add row to /TRACKING.csv
2015-04-16T21:32:34, Number of rows in /TRACKING.csv: 3
2015-04-16T21:32:36, Done loop ...
2015-04-16T21:49:09, Setup Complete
2015-04-16T21:49:11, Data: 2015-04-16T21:49:09,3.67,25631,1806.00,1814.00,1810.50,1.29,43.91,0.21,891.72
2015-04-16T21:49:11, Add row to /TRACKING.csv
2015-04-16T21:49:11, Number of rows in /TRACKING.csv: 4
2015-04-16T21:49:14, Number of rows in /TRACKING.csv is >= 4
2015-04-16T21:49:15, Remove tracking
2015-04-16T21:49:15, Write to /TRANSMIT.csv: 2015-04-16T21:49:09,3.67,1806.00,1.3,44
2015-04-16T21:49:15, Number of rows in /TRANSMIT.csv: 1
2015-04-16T21:49:15, Current hour = 21, Transmission hour = 1
2015-04-16T21:49:15, Current hour = 21, Transmission hour = 6
2015-04-16T21:49:15, Current hour = 21, Transmission hour = 8
2015-04-16T21:49:15, Current hour = 21, Transmission hour = 10
2015-04-16T21:49:15, Current hour = 21, Transmission hour = 15
2015-04-16T21:49:15, Current hour = 21, Transmission hour = 20
2015-04-16T21:49:15, Current hour = 21, Transmission hour = 22
2015-04-16T21:49:15, Done loop ...
2015-04-16T22:05:47, Setup Complete
2015-04-16T22:05:49, Data: 2015-04-16T22:05:47,3.67,25631,1807.00,1817.00,1808.50,1.22,42.06,0.15,891.62
2015-04-16T22:05:49, Add row to /TRACKING.csv
2015-04-16T22:05:49, Number of rows in /TRACKING.csv: 1
2015-04-16T22:05:51, Done loop ...
2015-04-16T22:22:24, Setup Complete
2015-04-16T22:22:26, Data: 2015-04-16T22:22:24,3.67,25631,1807.00,1814.00,1810.00,1.09,44.36,0.04,891.61
2015-04-16T22:22:26, Add row to /TRACKING.csv
2015-04-16T22:22:27, Number of rows in /TRACKING.csv: 2
2015-04-16T22:22:29, Done loop ...
2015-04-16T22:39:02, Setup Complete
2015-04-16T22:39:04, Data: 2015-04-16T22:39:02,3.67,25631,1808.00,1818.00,1812.00,1.40,41.08,0.13,891.54
2015-04-16T22:39:04, Add row to /TRACKING.csv
2015-04-16T22:39:04, Number of rows in /TRACKING.csv: 3
2015-04-16T22:39:07, Done loop ...
2015-04-16T22:55:40, Setup Complete
2015-04-16T22:55:42, Data: 2015-04-16T22:55:40,3.67,25631,1806.00,1817.00,1811.50,1.54,42.07,0.18,891.54
2015-04-16T22:55:42, Add row to /TRACKING.csv
2015-04-16T22:55:42, Number of rows in /TRACKING.csv: 4
2015-04-16T22:55:45, Number of rows in /TRACKING.csv is >= 4
2015-04-16T22:55:45, Remove tracking
2015-04-16T22:55:45, Write to /TRANSMIT.csv: 2015-04-16T22:55:40,3.67,1806.00,1.5,42
2015-04-16T22:55:45, Number of rows in /TRANSMIT.csv: 2
2015-04-16T22:55:45, Current hour = 22, Transmission hour = 1
2015-04-16T22:55:45, Current hour = 22, Transmission hour = 6
2015-04-16T22:55:45, Current hour = 22, Transmission hour = 8
2015-04-16T22:55:45, Current hour = 22, Transmission hour = 10
2015-04-16T22:55:46, Current hour = 22, Transmission hour = 15
2015-04-16T22:55:46, Current hour = 22, Transmission hour = 20
2015-04-16T22:55:46, Current hour = 22, Transmission hour = 22
2015-04-16T22:55:46, 1621493181+01344:181+01542
2015-04-16T22:55:48,  - attempt to send message: 1621493181+01344:181+01542
2015-04-16T22:55:48,  - Modem begin successful
2015-04-16T22:55:48,  - Sending...
2015-04-16T23:00:49,  response: 
2015-04-16T23:00:49,  - Retry...
2015-04-16T23:00:49,    - Sending...
2015-04-16T23:00:49,    - Send response: 10
2015-04-16T23:01:19,  Sync clocks... 
2015-04-16T23:01:19,  - Clock was not synced
2015-04-16T23:01:19, Transmission failed. Error = 10
2015-04-16T23:01:19, Done loop ...
2015-04-16T23:12:17, Setup Complete
2015-04-16T23:12:19, Data: 2015-04-16T23:12:17,3.67,25631,1812.00,1817.00,1814.00,1.10,45.62,0.12,891.41
2015-04-16T23:12:19, Add row to /TRACKING.csv
2015-04-16T23:12:19, Number of rows in /TRACKING.csv: 1
2015-04-16T23:12:22, Done loop ...
2015-04-16T23:28:55, Setup Complete
2015-04-16T23:28:57, Data: 2015-04-16T23:28:55,3.67,25631,1805.00,1813.00,1808.00,0.78,45.58,-0.35,891.30
2015-04-16T23:28:57, Add row to /TRACKING.csv
2015-04-16T23:28:57, Number of rows in /TRACKING.csv: 2
2015-04-16T23:29:00, Done loop ...
2015-04-16T23:45:32, Setup Complete
2015-04-16T23:45:35, Data: 2015-04-16T23:45:32,3.67,25631,1807.00,1822.00,1812.00,0.21,46.27,-0.80,891.24
2015-04-16T23:45:35, Add row to /TRACKING.csv
2015-04-16T23:45:35, Number of rows in /TRACKING.csv: 3
2015-04-16T23:45:38, Done loop ...
2015-04-17T00:02:10, Setup Complete
2015-04-17T00:02:12, Data: 2015-04-17T00:02:10,3.66,25631,1806.00,1813.00,1810.00,0.31,46.48,-1.01,891.18
2015-04-17T00:02:12, Add row to /TRACKING.csv
2015-04-17T00:02:12, Number of rows in /TRACKING.csv: 4
2015-04-17T00:02:16, Number of rows in /TRACKING.csv is >= 4
2015-04-17T00:02:16, Remove tracking
2015-04-17T00:02:16, Write to /TRANSMIT.csv: 2015-04-17T00:02:10,3.66,1806.00,0.3,46
2015-04-17T00:02:16, Number of rows in /TRANSMIT.csv: 3
2015-04-17T00:02:16, Current hour = 0, Transmission hour = 1
2015-04-17T00:02:16, Current hour = 0, Transmission hour = 6
2015-04-17T00:02:16, Current hour = 0, Transmission hour = 8
2015-04-17T00:02:16, Current hour = 0, Transmission hour = 10
2015-04-17T00:02:16, Current hour = 0, Transmission hour = 15
2015-04-17T00:02:16, Current hour = 0, Transmission hour = 20
2015-04-17T00:02:16, Current hour = 0, Transmission hour = 22
2015-04-17T00:02:16, Done loop ...
2015-04-17T00:18:48, Setup Complete
2015-04-17T00:18:50, Data: 2015-04-17T00:18:48,3.67,25631,1807.00,1823.00,1817.50,0.58,42.98,-1.09,890.99
2015-04-17T00:18:50, Add row to /TRACKING.csv
2015-04-17T00:18:50, Number of rows in /TRACKING.csv: 1
2015-04-17T00:18:52, Done loop ...
2015-04-17T00:35:25, Setup Complete
2015-04-17T00:35:28, Data: 2015-04-17T00:35:25,3.67,25631,1807.00,1813.00,1810.50,0.27,44.79,-1.28,890.95
2015-04-17T00:35:28, Add row to /TRACKING.csv
2015-04-17T00:35:28, Number of rows in /TRACKING.csv: 2
2015-04-17T00:35:30, Done loop ...
2015-04-17T00:52:03, Setup Complete
2015-04-17T00:52:05, Data: 2015-04-17T00:52:03,3.66,25631,1807.00,1811.00,1809.00,0.30,45.80,-1.23,890.94
2015-04-17T00:52:05, Add row to /TRACKING.csv
2015-04-17T00:52:06, Number of rows in /TRACKING.csv: 3
2015-04-17T00:52:08, Done loop ...
2015-04-17T01:08:41, Setup Complete
2015-04-17T01:08:43, Data: 2015-04-17T01:08:41,3.67,25631,1805.00,1818.00,1810.50,-0.15,47.03,-1.50,890.92
2015-04-17T01:08:43, Add row to /TRACKING.csv
2015-04-17T01:08:43, Number of rows in /TRACKING.csv: 4
2015-04-17T01:08:46, Number of rows in /TRACKING.csv is >= 4
2015-04-17T01:08:47, Remove tracking
2015-04-17T01:08:47, Write to /TRANSMIT.csv: 2015-04-17T01:08:41,3.67,1805.00,-0.2,47
2015-04-17T01:08:47, Number of rows in /TRANSMIT.csv: 4
2015-04-17T01:08:47, Current hour = 1, Transmission hour = 1
2015-04-17T01:08:47, 1621493181+01344:181+01542:181+00346:181-00247
2015-04-17T01:08:49,  - attempt to send message: 1621493181+01344:181+01542:181+00346:181-00247
2015-04-17T01:08:50,  - Modem begin successful
2015-04-17T01:08:50,  - Sending...
2015-04-17T01:09:43,  - Send response: 
2015-04-17T01:09:44,   - Sync clocks... 
2015-04-17T01:09:44,  - Arduino Old Time: 2015-04-17T09:09:44
2015-04-17T01:09:43,  - Failed to set valid RTC time
2000-01-01T00:00:00, Message sent! Removing /TRANSMIT.csv
2000-01-01T00:00:00, Done loop ...
2015-04-17T01:25:18, Setup Complete
2015-04-17T01:25:20, Data: 2015-04-17T01:25:18,3.67,25631,1810.00,1820.00,1812.50,0.21,46.78,-1.35,890.77
2015-04-17T01:25:20, Add row to /TRACKING.csv
2015-04-17T01:25:20, Number of rows in /TRACKING.csv: 1
2015-04-17T01:25:22, Done loop ...
2015-04-17T01:41:55, Setup Complete
2015-04-17T01:41:57, Data: 2015-04-17T01:41:55,3.67,25631,1806.00,1817.00,1810.00,-0.52,47.77,-1.74,890.72
2015-04-17T01:41:57, Add row to /TRACKING.csv
2015-04-17T01:41:57, Number of rows in /TRACKING.csv: 2
2015-04-17T01:42:00, Done loop ...
2015-04-17T01:58:33, Setup Complete
2015-04-17T01:58:35, Data: 2015-04-17T01:58:33,3.66,25631,1810.00,1817.00,1814.00,0.09,46.53,-1.69,890.60
2015-04-17T01:58:35, Add row to /TRACKING.csv
2015-04-17T01:58:35, Number of rows in /TRACKING.csv: 3
2015-04-17T01:58:38, Done loop ...
2015-04-17T02:15:11, Setup Complete
2015-04-17T02:15:13, Data: 2015-04-17T02:15:11,3.67,25631,1807.00,1817.00,1812.50,-0.15,45.39,-1.73,890.51
2015-04-17T02:15:13, Add row to /TRACKING.csv
2015-04-17T02:15:13, Number of rows in /TRACKING.csv: 4
2015-04-17T02:15:16, Number of rows in /TRACKING.csv is >= 4
2015-04-17T02:15:16, Remove tracking
2015-04-17T02:15:16, Write to /TRANSMIT.csv: 2015-04-17T02:15:11,3.67,1807.00,-0.2,45
2015-04-17T02:15:16, Number of rows in /TRANSMIT.csv: 1
2015-04-17T02:15:16, Current hour = 2, Transmission hour = 1
2015-04-17T02:15:16, Current hour = 2, Transmission hour = 6
2015-04-17T02:15:16, Current hour = 2, Transmission hour = 8
2015-04-17T02:15:17, Current hour = 2, Transmission hour = 10
2015-04-17T02:15:17, Current hour = 2, Transmission hour = 15
2015-04-17T02:15:17, Current hour = 2, Transmission hour = 20
2015-04-17T02:15:17, Current hour = 2, Transmission hour = 22
2015-04-17T02:15:17, Done loop ...
2015-04-17T02:31:48, Setup Complete
2015-04-17T02:31:50, Data: 2015-04-17T02:31:48,3.66,25631,1809.00,1815.00,1813.00,-0.18,45.93,-1.80,890.54
2015-04-17T02:31:50, Add row to /TRACKING.csv
2015-04-17T02:31:51, Number of rows in /TRACKING.csv: 1
2015-04-17T02:31:53, Done loop ...
2015-04-17T02:48:26, Setup Complete
2015-04-17T02:48:28, Data: 2015-04-17T02:48:26,3.67,25631,1808.00,1813.00,1810.50,-0.22,47.77,-1.70,890.50
2015-04-17T02:48:28, Add row to /TRACKING.csv
2015-04-17T02:48:28, Number of rows in /TRACKING.csv: 2
2015-04-17T02:48:31, Done loop ...
2015-04-17T03:05:04, Setup Complete
2015-04-17T03:05:06, Data: 2015-04-17T03:05:04,3.67,25631,1808.00,1812.00,1809.50,-0.60,49.84,-1.94,890.42
2015-04-17T03:05:06, Add row to /TRACKING.csv
2015-04-17T03:05:06, Number of rows in /TRACKING.csv: 3
2015-04-17T03:05:09, Done loop ...
2015-04-17T03:21:41, Setup Complete
2015-04-17T03:21:43, Data: 2015-04-17T03:21:41,3.67,25631,1809.00,1816.00,1813.00,-0.76,51.02,-2.19,890.31
2015-04-17T03:21:43, Add row to /TRACKING.csv
2015-04-17T03:21:44, Number of rows in /TRACKING.csv: 4
2015-04-17T03:21:47, Number of rows in /TRACKING.csv is >= 4
2015-04-17T03:21:47, Remove tracking
2015-04-17T03:21:47, Write to /TRANSMIT.csv: 2015-04-17T03:21:41,3.67,1809.00,-0.8,51
2015-04-17T03:21:47, Number of rows in /TRANSMIT.csv: 2
2015-04-17T03:21:47, Current hour = 3, Transmission hour = 1
2015-04-17T03:21:47, Current hour = 3, Transmission hour = 6
2015-04-17T03:21:47, Current hour = 3, Transmission hour = 8
2015-04-17T03:21:47, Current hour = 3, Transmission hour = 10
2015-04-17T03:21:47, Current hour = 3, Transmission hour = 15
2015-04-17T03:21:47, Current hour = 3, Transmission hour = 20
2015-04-17T03:21:47, Current hour = 3, Transmission hour = 22
2015-04-17T03:21:47, Done loop ...
2015-04-17T03:38:19, Setup Complete
2015-04-17T03:38:21, Data: 2015-04-17T03:38:19,3.67,25631,1807.00,1813.00,1809.50,-0.59,48.76,-2.18,890.29
2015-04-17T03:38:21, Add row to /TRACKING.csv
2015-04-17T03:38:21, Number of rows in /TRACKING.csv: 1
2015-04-17T03:38:24, Done loop ...
2015-04-17T03:54:57, Setup Complete
2015-04-17T03:54:59, Data: 2015-04-17T03:54:57,3.66,25631,1805.00,1826.00,1812.50,-0.26,49.37,-2.08,890.37
2015-04-17T03:54:59, Add row to /TRACKING.csv
2015-04-17T03:54:59, Number of rows in /TRACKING.csv: 2
2015-04-17T03:55:02, Done loop ...
2015-04-17T04:11:34, Setup Complete
2015-04-17T04:11:37, Data: 2015-04-17T04:11:34,3.66,25631,1808.00,1819.00,1813.00,-0.30,46.33,-2.06,890.31
2015-04-17T04:11:37, Add row to /TRACKING.csv
2015-04-17T04:11:37, Number of rows in /TRACKING.csv: 3
2015-04-17T04:11:40, Done loop ...
2015-04-17T04:28:12, Setup Complete
2015-04-17T04:28:14, Data: 2015-04-17T04:28:12,3.65,25631,1809.00,1821.00,1811.50,-0.32,46.87,-2.01,890.37
2015-04-17T04:28:14, Add row to /TRACKING.csv
2015-04-17T04:28:14, Number of rows in /TRACKING.csv: 4
2015-04-17T04:28:18, Number of rows in /TRACKING.csv is >= 4
2015-04-17T04:28:18, Remove tracking
2015-04-17T04:28:18, Write to /TRANSMIT.csv: 2015-04-17T04:28:12,3.65,1809.00,-0.3,47
2015-04-17T04:28:18, Number of rows in /TRANSMIT.csv: 3
2015-04-17T04:28:18, Current hour = 4, Transmission hour = 1
2015-04-17T04:28:18, Current hour = 4, Transmission hour = 6
2015-04-17T04:28:18, Current hour = 4, Transmission hour = 8
2015-04-17T04:28:18, Current hour = 4, Transmission hour = 10
2015-04-17T04:28:18, Current hour = 4, Transmission hour = 15
2015-04-17T04:28:18, Current hour = 4, Transmission hour = 20
2015-04-17T04:28:18, Current hour = 4, Transmission hour = 22
2015-04-17T04:28:18, Done loop ...
2015-04-17T04:44:50, Setup Complete
2015-04-17T04:44:52, Data: 2015-04-17T04:44:50,3.66,25631,1808.00,1828.00,1815.50,0.30,45.43,-1.55,890.21
2015-04-17T04:44:52, Add row to /TRACKING.csv
2015-04-17T04:44:52, Number of rows in /TRACKING.csv: 1
2015-04-17T04:44:54, Done loop ...
2015-04-17T05:01:28, Setup Complete
2015-04-17T05:01:30, Data: 2015-04-17T05:01:28,3.66,25631,1810.00,1823.00,1816.50,-0.14,46.02,-1.57,890.34
2015-04-17T05:01:30, Add row to /TRACKING.csv
2015-04-17T05:01:30, Number of rows in /TRACKING.csv: 2
2015-04-17T05:01:33, Done loop ...
2015-04-17T05:18:06, Setup Complete
2015-04-17T05:18:09, Data: 2015-04-17T05:18:07,3.67,25631,1810.00,1820.00,1815.50,-0.45,46.73,-1.40,890.42
2015-04-17T05:18:09, Add row to /TRACKING.csv
2015-04-17T05:18:09, Number of rows in /TRACKING.csv: 3
2015-04-17T05:18:12, Done loop ...
2015-04-17T05:34:45, Setup Complete
2015-04-17T05:34:47, Data: 2015-04-17T05:34:45,3.86,25631,1816.00,1826.00,1819.00,0.51,44.02,-0.36,890.55
2015-04-17T05:34:47, Add row to /TRACKING.csv
2015-04-17T05:34:47, Number of rows in /TRACKING.csv: 4
2015-04-17T05:34:51, Number of rows in /TRACKING.csv is >= 4
2015-04-17T05:34:51, Remove tracking
2015-04-17T05:34:51, Write to /TRANSMIT.csv: 2015-04-17T05:34:45,3.86,1816.00,0.5,44
2015-04-17T05:34:51, Number of rows in /TRANSMIT.csv: 4
2015-04-17T05:34:51, Current hour = 5, Transmission hour = 1
2015-04-17T05:34:51, Current hour = 5, Transmission hour = 6
2015-04-17T05:34:51, Current hour = 5, Transmission hour = 8
2015-04-17T05:34:51, Current hour = 5, Transmission hour = 10
2015-04-17T05:34:51, Current hour = 5, Transmission hour = 15
2015-04-17T05:34:51, Current hour = 5, Transmission hour = 20
2015-04-17T05:34:51, Current hour = 5, Transmission hour = 22
2015-04-17T05:34:51, Done loop ...
2015-04-17T05:51:23, Setup Complete
2015-04-17T05:51:26, Data: 2015-04-17T05:51:23,3.92,25631,1819.00,1831.00,1826.50,1.37,46.78,1.86,890.64
2015-04-17T05:51:26, Add row to /TRACKING.csv
2015-04-17T05:51:26, Number of rows in /TRACKING.csv: 1
2015-04-17T05:51:28, Done loop ...
2015-04-17T06:08:02, Setup Complete
2015-04-17T06:08:04, Data: 2015-04-17T06:08:02,3.78,25631,1828.00,1834.00,1830.00,0.91,50.95,2.50,890.60
2015-04-17T06:08:04, Add row to /TRACKING.csv
2015-04-17T06:08:04, Number of rows in /TRACKING.csv: 2
2015-04-17T06:08:07, Done loop ...
2015-04-17T06:24:40, Setup Complete
2015-04-17T06:24:42, Data: 2015-04-17T06:24:40,3.74,25631,1825.00,1836.00,1832.00,0.57,48.29,1.59,890.76
2015-04-17T06:24:42, Add row to /TRACKING.csv
2015-04-17T06:24:42, Number of rows in /TRACKING.csv: 3
2015-04-17T06:24:45, Done loop ...
2015-04-17T06:41:18, Setup Complete
2015-04-17T06:41:21, Data: 2015-04-17T06:41:19,3.88,25631,1824.00,1836.00,1827.00,0.24,51.75,1.56,890.84
2015-04-17T06:41:21, Add row to /TRACKING.csv
2015-04-17T06:41:21, Number of rows in /TRACKING.csv: 4
2015-04-17T06:41:24, Number of rows in /TRACKING.csv is >= 4
2015-04-17T06:41:24, Remove tracking
2015-04-17T06:41:24, Write to /TRANSMIT.csv: 2015-04-17T06:41:19,3.88,1824.00,0.2,52
2015-04-17T06:41:24, Number of rows in /TRANSMIT.csv: 5
2015-04-17T06:41:24, Current hour = 6, Transmission hour = 1
2015-04-17T06:41:24, 1702155181-00245:181-00851:181-00347:182+00544:182+00252
2015-04-17T06:41:26,  - attempt to send message: 1702155181-00245:181-00851:181-00347:182+00544:182+00252
2015-04-17T06:41:27,  - Modem begin successful
2015-04-17T06:41:27,  - Sending...
2015-04-17T06:43:53,  - Send response: 
2015-04-17T06:43:53,   - Sync clocks... 
2015-04-17T06:43:53,  - Arduino Old Time: 2015-04-17T14:43:53
2015-04-17T06:43:52,  - Failed to set valid RTC time
2000-01-01T00:00:00, Message sent! Removing /TRANSMIT.csv
2000-01-01T00:00:00, Done loop ...
2015-04-17T06:57:56, Setup Complete
2015-04-17T06:57:58, Data: 2015-04-17T06:57:56,3.90,25631,1832.00,1852.00,1837.50,1.07,49.89,2.28,890.81
2015-04-17T06:57:58, Add row to /TRACKING.csv
2015-04-17T06:57:58, Number of rows in /TRACKING.csv: 1
2015-04-17T06:58:01, Done loop ...
2015-04-17T07:14:34, Setup Complete
2015-04-17T07:14:36, Data: 2015-04-17T07:14:34,3.92,25631,1831.00,1842.00,1838.50,0.62,51.97,3.58,890.72
2015-04-17T07:14:36, Add row to /TRACKING.csv
2015-04-17T07:14:36, Number of rows in /TRACKING.csv: 2
2015-04-17T07:14:39, Done loop ...
2015-04-17T07:31:12, Setup Complete
2015-04-17T07:31:15, Data: 2015-04-17T07:31:12,3.91,25631,1847.00,1852.00,1850.00,3.01,44.68,5.75,890.84
2015-04-17T07:31:15, Add row to /TRACKING.csv
2015-04-17T07:31:15, Number of rows in /TRACKING.csv: 3
2015-04-17T07:31:18, Done loop ...
2015-04-17T07:47:51, Setup Complete
2015-04-17T07:47:53, Data: 2015-04-17T07:47:51,3.92,25631,1840.00,1866.00,1849.50,0.89,50.79,5.31,890.59
2015-04-17T07:47:53, Add row to /TRACKING.csv
2015-04-17T07:47:53, Number of rows in /TRACKING.csv: 4
2015-04-17T07:47:56, Number of rows in /TRACKING.csv is >= 4
2015-04-17T07:47:56, Remove tracking
2015-04-17T07:47:56, Write to /TRANSMIT.csv: 2015-04-17T07:47:51,3.92,1840.00,0.9,51
2015-04-17T07:47:56, Number of rows in /TRANSMIT.csv: 1
2015-04-17T07:47:57, Current hour = 7, Transmission hour = 1
2015-04-17T07:47:57, Current hour = 7, Transmission hour = 6
2015-04-17T07:47:57, Current hour = 7, Transmission hour = 8
2015-04-17T07:47:57, Current hour = 7, Transmission hour = 10
2015-04-17T07:47:57, Current hour = 7, Transmission hour = 15
2015-04-17T07:47:57, Current hour = 7, Transmission hour = 20
2015-04-17T07:47:57, Current hour = 7, Transmission hour = 22
2015-04-17T07:47:57, Done loop ...
2015-04-17T08:04:29, Setup Complete
2015-04-17T08:04:31, Data: 2015-04-17T08:04:29,3.91,25631,1841.00,1847.00,1845.00,1.26,52.84,4.74,890.69
2015-04-17T08:04:31, Add row to /TRACKING.csv
2015-04-17T08:04:31, Number of rows in /TRACKING.csv: 1
2015-04-17T08:04:34, Done loop ...
2015-04-17T08:21:07, Setup Complete
2015-04-17T08:21:09, Data: 2015-04-17T08:21:07,3.92,25631,1840.00,1852.00,1847.00,1.19,48.89,4.12,890.60
2015-04-17T08:21:09, Add row to /TRACKING.csv
2015-04-17T08:21:10, Number of rows in /TRACKING.csv: 2
2015-04-17T08:21:12, Done loop ...
2015-04-17T08:37:46, Setup Complete
2015-04-17T08:37:48, Data: 2015-04-17T08:37:46,3.92,25631,1842.00,1873.00,1853.50,0.61,52.28,5.07,890.46
2015-04-17T08:37:48, Add row to /TRACKING.csv
2015-04-17T08:37:48, Number of rows in /TRACKING.csv: 3
2015-04-17T08:37:51, Done loop ...
2015-04-17T08:54:24, Setup Complete
2015-04-17T08:54:26, Data: 2015-04-17T08:54:24,3.92,25631,1859.00,1872.00,1864.50,0.79,52.64,5.17,890.35
2015-04-17T08:54:26, Add row to /TRACKING.csv
2015-04-17T08:54:26, Number of rows in /TRACKING.csv: 4
2015-04-17T08:54:29, Number of rows in /TRACKING.csv is >= 4
2015-04-17T08:54:29, Remove tracking
2015-04-17T08:54:30, Write to /TRANSMIT.csv: 2015-04-17T08:54:24,3.92,1859.00,0.8,53
2015-04-17T08:54:30, Number of rows in /TRANSMIT.csv: 2
2015-04-17T08:54:30, Current hour = 8, Transmission hour = 1
2015-04-17T08:54:30, Current hour = 8, Transmission hour = 6
2015-04-17T08:54:30, Current hour = 8, Transmission hour = 8
2015-04-17T08:54:30, 1707476184+00951:186+00853
2015-04-17T08:54:32,  - attempt to send message: 1707476184+00951:186+00853
2015-04-17T08:54:33,  - Modem begin successful
2015-04-17T08:54:33,  - Sending...
2015-04-17T08:56:47,  - Send response: 
2015-04-17T08:56:47,   - Sync clocks... 
2015-04-17T08:56:47,  - Arduino Old Time: 2015-04-17T16:56:47
2015-04-17T08:56:46,  - Failed to set valid RTC time
2000-01-01T00:00:00, Message sent! Removing /TRANSMIT.csv
2000-01-01T00:00:00, Done loop ...
2015-04-17T09:11:01, Setup Complete
2015-04-17T09:11:03, Data: 2015-04-17T09:11:01,3.93,25631,1859.00,1877.00,1874.00,0.88,54.93,5.67,890.39
2015-04-17T09:11:03, Add row to /TRACKING.csv
2015-04-17T09:11:03, Number of rows in /TRACKING.csv: 1
2015-04-17T09:11:06, Done loop ...
2015-04-17T09:27:39, Setup Complete
2015-04-17T09:27:41, Data: 2015-04-17T09:27:39,3.92,25631,1871.00,1885.00,1877.00,2.03,51.46,6.93,890.28
2015-04-17T09:27:41, Add row to /TRACKING.csv
2015-04-17T09:27:42, Number of rows in /TRACKING.csv: 2
2015-04-17T09:27:44, Done loop ...
2015-04-17T09:44:17, Setup Complete
2015-04-17T09:44:20, Data: 2015-04-17T09:44:18,3.91,25631,1859.00,1871.00,1862.50,2.01,49.83,6.63,890.22
2015-04-17T09:44:20, Add row to /TRACKING.csv
2015-04-17T09:44:20, Number of rows in /TRACKING.csv: 3
2015-04-17T09:44:23, Done loop ...
2015-04-17T10:00:56, Setup Complete
2015-04-17T10:00:58, Data: 2015-04-17T10:00:56,3.91,25631,1853.00,1863.00,1857.50,1.58,59.13,6.46,890.11
2015-04-17T10:00:58, Add row to /TRACKING.csv
2015-04-17T10:00:58, Number of rows in /TRACKING.csv: 4
2015-04-17T10:01:01, Number of rows in /TRACKING.csv is >= 4
2015-04-17T10:01:01, Remove tracking
2015-04-17T10:01:01, Write to /TRANSMIT.csv: 2015-04-17T10:00:56,3.91,1853.00,1.6,59
2015-04-17T10:01:01, Number of rows in /TRANSMIT.csv: 1
2015-04-17T10:01:02, Current hour = 10, Transmission hour = 1
2015-04-17T10:01:02, Current hour = 10, Transmission hour = 6
2015-04-17T10:01:02, Current hour = 10, Transmission hour = 8
2015-04-17T10:01:02, Current hour = 10, Transmission hour = 10
2015-04-17T10:01:02, 1710006185+01659
2015-04-17T10:01:04,  - attempt to send message: 1710006185+01659
2015-04-17T10:01:04,  - Modem begin successful
2015-04-17T10:01:05,  - Sending...
2015-04-17T10:01:09,  - Send response: 
2015-04-17T10:01:09,   - Sync clocks... 
2015-04-17T10:01:09,  - Arduino Old Time: 2015-04-17T18:01:09
2015-04-17T10:01:09,  - Failed to set valid RTC time
2000-01-01T00:00:00, Message sent! Removing /TRANSMIT.csv
2000-01-01T00:00:00, Done loop ...
2015-04-17T10:17:34, Setup Complete
2015-04-17T10:17:36, Data: 2015-04-17T10:17:34,3.90,25631,1852.00,1859.00,1855.00,1.83,56.73,6.63,889.99
2015-04-17T10:17:36, Add row to /TRACKING.csv
2015-04-17T10:17:36, Number of rows in /TRACKING.csv: 1
2015-04-17T10:17:39, Done loop ...
2015-04-17T10:34:12, Setup Complete
2015-04-17T10:34:14, Data: 2015-04-17T10:34:12,3.91,25631,1837.00,1865.00,1850.50,0.93,55.84,6.70,889.86
2015-04-17T10:34:14, Add row to /TRACKING.csv
2015-04-17T10:34:14, Number of rows in /TRACKING.csv: 2
2015-04-17T10:34:17, Done loop ...
2015-04-17T10:50:50, Setup Complete
2015-04-17T10:50:52, Data: 2015-04-17T10:50:50,3.92,25631,1844.00,1866.00,1851.00,1.91,56.99,6.12,889.91
2015-04-17T10:50:53, Add row to /TRACKING.csv
2015-04-17T10:50:53, Number of rows in /TRACKING.csv: 3
2015-04-17T10:50:56, Done loop ...
2015-04-17T11:07:29, Setup Complete
2015-04-17T11:07:31, Data: 2015-04-17T11:07:29,3.90,25631,1839.00,1854.00,1846.00,2.74,49.00,6.60,889.77
2015-04-17T11:07:31, Add row to /TRACKING.csv
2015-04-17T11:07:31, Number of rows in /TRACKING.csv: 4
2015-04-17T11:07:34, Number of rows in /TRACKING.csv is >= 4
2015-04-17T11:07:34, Remove tracking
2015-04-17T11:07:34, Write to /TRANSMIT.csv: 2015-04-17T11:07:29,3.90,1839.00,2.7,49
2015-04-17T11:07:34, Number of rows in /TRANSMIT.csv: 1
2015-04-17T11:07:34, Current hour = 11, Transmission hour = 1
2015-04-17T11:07:34, Current hour = 11, Transmission hour = 6
2015-04-17T11:07:35, Current hour = 11, Transmission hour = 8
2015-04-17T11:07:35, Current hour = 11, Transmission hour = 10
2015-04-17T11:07:35, Current hour = 11, Transmission hour = 15
2015-04-17T11:07:35, Current hour = 11, Transmission hour = 20
2015-04-17T11:07:35, Current hour = 11, Transmission hour = 22
2015-04-17T11:07:35, Done loop ...
2015-04-17T11:24:07, Setup Complete
2015-04-17T11:24:09, Data: 2015-04-17T11:24:07,3.91,25631,1842.00,1854.00,1846.00,2.40,54.45,6.93,889.69
2015-04-17T11:24:09, Add row to /TRACKING.csv
2015-04-17T11:24:09, Number of rows in /TRACKING.csv: 1
2015-04-17T11:24:12, Done loop ...
2015-04-17T11:40:45, Setup Complete
2015-04-17T11:40:47, Data: 2015-04-17T11:40:45,3.91,25631,1833.00,1847.00,1838.00,2.38,53.89,5.82,889.60
2015-04-17T11:40:47, Add row to /TRACKING.csv
2015-04-17T11:40:47, Number of rows in /TRACKING.csv: 2
2015-04-17T11:40:50, Done loop ...
2015-04-17T11:57:23, Setup Complete
2015-04-17T11:57:26, Data: 2015-04-17T11:57:23,3.74,25631,1830.00,1843.00,1834.50,2.25,52.94,5.27,889.49
2015-04-17T11:57:26, Add row to /TRACKING.csv
2015-04-17T11:57:26, Number of rows in /TRACKING.csv: 3
2015-04-17T11:57:29, Done loop ...
2015-04-17T12:14:01, Setup Complete
2015-04-17T12:14:03, Data: 2015-04-17T12:14:01,3.69,25631,1823.00,1829.00,1825.50,0.56,57.14,2.87,889.48
2015-04-17T12:14:04, Add row to /TRACKING.csv
2015-04-17T12:14:04, Number of rows in /TRACKING.csv: 4
2015-04-17T12:14:07, Number of rows in /TRACKING.csv is >= 4
2015-04-17T12:14:07, Remove tracking
2015-04-17T12:14:07, Write to /TRANSMIT.csv: 2015-04-17T12:14:01,3.69,1823.00,0.6,57
2015-04-17T12:14:07, Number of rows in /TRANSMIT.csv: 2
2015-04-17T12:14:07, Current hour = 12, Transmission hour = 1
2015-04-17T12:14:07, Current hour = 12, Transmission hour = 6
2015-04-17T12:14:07, Current hour = 12, Transmission hour = 8
2015-04-17T12:14:07, Current hour = 12, Transmission hour = 10
2015-04-17T12:14:07, Current hour = 12, Transmission hour = 15
2015-04-17T12:14:07, Current hour = 12, Transmission hour = 20
2015-04-17T12:14:07, Current hour = 12, Transmission hour = 22
2015-04-17T12:14:07, Done loop ...
2015-04-17T12:30:39, Setup Complete
2015-04-17T12:30:42, Data: 2015-04-17T12:30:39,3.69,25631,1820.00,1828.00,1824.50,0.46,52.58,1.26,889.37
2015-04-17T12:30:42, Add row to /TRACKING.csv
2015-04-17T12:30:42, Number of rows in /TRACKING.csv: 1
2015-04-17T12:30:44, Done loop ...
2015-04-17T12:47:18, Setup Complete
2015-04-17T12:47:20, Data: 2015-04-17T12:47:18,3.68,25631,1820.00,1829.00,1823.50,-0.22,54.52,0.07,889.42
2015-04-17T12:47:20, Add row to /TRACKING.csv
2015-04-17T12:47:20, Number of rows in /TRACKING.csv: 2
2015-04-17T12:47:23, Done loop ...
2015-04-17T13:03:56, Setup Complete
2015-04-17T13:03:58, Data: 2015-04-17T13:03:56,3.67,25631,1818.00,1830.00,1822.50,-0.42,56.18,-0.84,889.28
2015-04-17T13:03:58, Add row to /TRACKING.csv
2015-04-17T13:03:58, Number of rows in /TRACKING.csv: 3
2015-04-17T13:04:01, Done loop ...
2015-04-17T13:20:34, Setup Complete
2015-04-17T13:20:36, Data: 2015-04-17T13:20:34,3.67,25631,1814.00,1820.00,1818.00,-1.45,59.99,-1.72,889.23
2015-04-17T13:20:36, Add row to /TRACKING.csv
2015-04-17T13:20:36, Number of rows in /TRACKING.csv: 4
2015-04-17T13:20:40, Number of rows in /TRACKING.csv is >= 4
2015-04-17T13:20:40, Remove tracking
2015-04-17T13:20:40, Write to /TRANSMIT.csv: 2015-04-17T13:20:34,3.67,1814.00,-1.5,60
2015-04-17T13:20:40, Number of rows in /TRANSMIT.csv: 3
2015-04-17T13:20:40, Current hour = 13, Transmission hour = 1
2015-04-17T13:20:40, Current hour = 13, Transmission hour = 6
2015-04-17T13:20:40, Current hour = 13, Transmission hour = 8
2015-04-17T13:20:40, Current hour = 13, Transmission hour = 10
2015-04-17T13:20:40, Current hour = 13, Transmission hour = 15
2015-04-17T13:20:40, Current hour = 13, Transmission hour = 20
2015-04-17T13:20:40, Current hour = 13, Transmission hour = 22
2015-04-17T13:20:40, Done loop ...
2015-04-17T13:37:12, Setup Complete
2015-04-17T13:37:14, Data: 2015-04-17T13:37:12,3.67,25631,1816.00,1826.00,1817.50,-1.09,56.91,-2.30,889.21
2015-04-17T13:37:14, Add row to /TRACKING.csv
2015-04-17T13:37:14, Number of rows in /TRACKING.csv: 1
2015-04-17T13:37:16, Done loop ...
2015-04-17T13:53:50, Setup Complete
2015-04-17T13:53:52, Data: 2015-04-17T13:53:50,3.67,25631,1816.00,1821.00,1820.00,-1.27,54.37,-2.44,889.11
2015-04-17T13:53:52, Add row to /TRACKING.csv
2015-04-17T13:53:52, Number of rows in /TRACKING.csv: 2
2015-04-17T13:53:55, Done loop ...
2015-04-17T14:10:27, Setup Complete
2015-04-17T14:10:29, Data: 2015-04-17T14:10:27,3.67,25631,1814.00,1821.00,1817.50,-0.95,53.95,-2.43,889.17
2015-04-17T14:10:29, Add row to /TRACKING.csv
2015-04-17T14:10:30, Number of rows in /TRACKING.csv: 3
2015-04-17T14:10:33, Done loop ...
2015-04-17T14:27:05, Setup Complete
2015-04-17T14:27:07, Data: 2015-04-17T14:27:05,3.67,25631,1818.00,1831.00,1821.00,-0.87,55.88,-2.36,889.20
2015-04-17T14:27:07, Add row to /TRACKING.csv
2015-04-17T14:27:07, Number of rows in /TRACKING.csv: 4
2015-04-17T14:27:11, Number of rows in /TRACKING.csv is >= 4
2015-04-17T14:27:11, Remove tracking
2015-04-17T14:27:11, Write to /TRANSMIT.csv: 2015-04-17T14:27:05,3.67,1818.00,-0.9,56
2015-04-17T14:27:11, Number of rows in /TRANSMIT.csv: 4
2015-04-17T14:27:11, Current hour = 14, Transmission hour = 1
2015-04-17T14:27:11, Current hour = 14, Transmission hour = 6
2015-04-17T14:27:11, Current hour = 14, Transmission hour = 8
2015-04-17T14:27:11, Current hour = 14, Transmission hour = 10
2015-04-17T14:27:11, Current hour = 14, Transmission hour = 15
2015-04-17T14:27:11, Current hour = 14, Transmission hour = 20
2015-04-17T14:27:11, Current hour = 14, Transmission hour = 22
2015-04-17T14:27:11, Done loop ...
2015-04-17T14:43:43, Setup Complete
2015-04-17T14:43:45, Data: 2015-04-17T14:43:43,3.67,25631,1815.00,1831.00,1822.00,-1.49,56.59,-2.64,889.21
2015-04-17T14:43:45, Add row to /TRACKING.csv
2015-04-17T14:43:45, Number of rows in /TRACKING.csv: 1
2015-04-17T14:43:47, Done loop ...
2015-04-17T15:00:20, Setup Complete
2015-04-17T15:00:23, Data: 2015-04-17T15:00:20,3.67,25631,1820.00,1825.00,1821.00,-1.48,57.29,-2.86,889.17
2015-04-17T15:00:23, Add row to /TRACKING.csv
2015-04-17T15:00:23, Number of rows in /TRACKING.csv: 2
2015-04-17T15:00:25, Done loop ...
2015-04-17T15:16:58, Setup Complete
2015-04-17T15:17:00, Data: 2015-04-17T15:16:58,3.67,25631,1814.00,1825.00,1818.50,-2.44,60.11,-3.33,889.07
2015-04-17T15:17:00, Add row to /TRACKING.csv
2015-04-17T15:17:01, Number of rows in /TRACKING.csv: 3
2015-04-17T15:17:04, Done loop ...
2015-04-17T15:33:36, Setup Complete
2015-04-17T15:33:38, Data: 2015-04-17T15:33:36,3.67,25631,1820.00,1824.00,1822.00,-1.93,57.50,-3.43,889.05
2015-04-17T15:33:38, Add row to /TRACKING.csv
2015-04-17T15:33:38, Number of rows in /TRACKING.csv: 4
2015-04-17T15:33:42, Number of rows in /TRACKING.csv is >= 4
2015-04-17T15:33:42, Remove tracking
2015-04-17T15:33:42, Write to /TRANSMIT.csv: 2015-04-17T15:33:36,3.67,1820.00,-1.9,58
2015-04-17T15:33:42, Number of rows in /TRANSMIT.csv: 5
2015-04-17T15:33:42, Current hour = 15, Transmission hour = 1
2015-04-17T15:33:42, 1711073184+02749:182+00657:181-01560:182-00956:182-01958
2015-04-17T15:33:44,  - attempt to send message: 1711073184+02749:182+00657:181-01560:182-00956:182-01958
2015-04-17T15:33:45,  - Modem begin successful
2015-04-17T15:33:45,  - Sending...
2015-04-17T15:33:51,  - Send response: 
2015-04-17T15:33:52,   - Sync clocks... 
2015-04-17T15:33:52,  - Arduino Old Time: 2015-04-17T23:33:52
2015-04-17T15:33:50,  - Failed to set valid RTC time
2000-01-01T00:00:00, Message sent! Removing /TRANSMIT.csv
2000-01-01T00:00:00, Done loop ...
2015-04-17T15:50:12, Setup Complete
2015-04-17T15:50:14, Data: 2015-04-17T15:50:12,3.67,25631,1815.00,1823.00,1819.00,-1.45,55.65,-3.19,888.96
2015-04-17T15:50:14, Add row to /TRACKING.csv
2015-04-17T15:50:14, Number of rows in /TRACKING.csv: 1
2015-04-17T15:50:16, Done loop ...
2015-04-17T16:06:49, Setup Complete
2015-04-17T16:06:52, Data: 2015-04-17T16:06:50,3.67,25631,1817.00,1823.00,1821.00,-2.18,60.00,-3.35,888.96
2015-04-17T16:06:52, Add row to /TRACKING.csv
2015-04-17T16:06:52, Number of rows in /TRACKING.csv: 2
2015-04-17T16:06:54, Done loop ...
2015-04-17T16:23:27, Setup Complete
2015-04-17T16:23:29, Data: 2015-04-17T16:23:27,3.67,25631,1817.00,1821.00,1818.00,-2.76,61.74,-3.76,888.92
2015-04-17T16:23:29, Add row to /TRACKING.csv
2015-04-17T16:23:30, Number of rows in /TRACKING.csv: 3
2015-04-17T16:23:33, Done loop ...
2015-04-17T16:40:05, Setup Complete
2015-04-17T16:40:07, Data: 2015-04-17T16:40:05,3.67,25631,1816.00,1827.00,1822.00,-2.39,61.25,-3.80,888.96
2015-04-17T16:40:07, Add row to /TRACKING.csv
2015-04-17T16:40:07, Number of rows in /TRACKING.csv: 4
2015-04-17T16:40:11, Number of rows in /TRACKING.csv is >= 4
2015-04-17T16:40:11, Remove tracking
2015-04-17T16:40:11, Write to /TRANSMIT.csv: 2015-04-17T16:40:05,3.67,1816.00,-2.4,61
2015-04-17T16:40:11, Number of rows in /TRANSMIT.csv: 1
2015-04-17T16:40:11, Current hour = 16, Transmission hour = 1
2015-04-17T16:40:11, Current hour = 16, Transmission hour = 6
2015-04-17T16:40:11, Current hour = 16, Transmission hour = 8
2015-04-17T16:40:11, Current hour = 16, Transmission hour = 10
2015-04-17T16:40:11, Current hour = 16, Transmission hour = 15
2015-04-17T16:40:11, Current hour = 16, Transmission hour = 20
2015-04-17T16:40:11, Current hour = 16, Transmission hour = 22
2015-04-17T16:40:11, Done loop ...
2015-04-17T16:56:43, Setup Complete
2015-04-17T16:56:45, Data: 2015-04-17T16:56:43,3.67,25631,1815.00,1832.00,1821.50,-2.53,60.41,-3.84,888.87
2015-04-17T16:56:45, Add row to /TRACKING.csv
2015-04-17T16:56:45, Number of rows in /TRACKING.csv: 1
2015-04-17T16:56:47, Done loop ...
2015-04-17T17:13:21, Setup Complete
2015-04-17T17:13:23, Data: 2015-04-17T17:13:21,3.67,25631,1818.00,1828.00,1820.00,-2.25,59.63,-3.78,888.74
2015-04-17T17:13:23, Add row to /TRACKING.csv
2015-04-17T17:13:23, Number of rows in /TRACKING.csv: 2
2015-04-17T17:13:26, Done loop ...
2015-04-17T17:29:58, Setup Complete
2015-04-17T17:30:00, Data: 2015-04-17T17:29:58,3.67,25631,1815.00,1834.00,1821.50,-2.74,63.27,-4.04,888.83
2015-04-17T17:30:00, Add row to /TRACKING.csv
2015-04-17T17:30:01, Number of rows in /TRACKING.csv: 3
2015-04-17T17:30:04, Done loop ...
2015-04-17T17:46:36, Setup Complete
2015-04-17T17:46:38, Data: 2015-04-17T17:46:36,3.67,25631,1815.00,1821.00,1818.50,-2.32,60.98,-3.96,888.94
2015-04-17T17:46:38, Add row to /TRACKING.csv
2015-04-17T17:46:38, Number of rows in /TRACKING.csv: 4
2015-04-17T17:46:42, Number of rows in /TRACKING.csv is >= 4
2015-04-17T17:46:42, Remove tracking
2015-04-17T17:46:42, Write to /TRANSMIT.csv: 2015-04-17T17:46:36,3.67,1815.00,-2.3,61
2015-04-17T17:46:42, Number of rows in /TRANSMIT.csv: 2
2015-04-17T17:46:42, Current hour = 17, Transmission hour = 1
2015-04-17T17:46:42, Current hour = 17, Transmission hour = 6
2015-04-17T17:46:42, Current hour = 17, Transmission hour = 8
2015-04-17T17:46:42, Current hour = 17, Transmission hour = 10
2015-04-17T17:46:42, Current hour = 17, Transmission hour = 15
2015-04-17T17:46:42, Current hour = 17, Transmission hour = 20
2015-04-17T17:46:42, Current hour = 17, Transmission hour = 22
2015-04-17T17:46:42, Done loop ...
2015-04-17T18:03:14, Setup Complete
2015-04-17T18:03:16, Data: 2015-04-17T18:03:14,3.67,25631,1821.00,1835.00,1827.00,-2.76,62.62,-4.03,888.92
2015-04-17T18:03:16, Add row to /TRACKING.csv
2015-04-17T18:03:16, Number of rows in /TRACKING.csv: 1
2015-04-17T18:03:19, Done loop ...
2015-04-17T18:19:52, Setup Complete
2015-04-17T18:19:54, Data: 2015-04-17T18:19:52,3.67,25631,1818.00,1826.00,1821.00,-2.91,62.09,-4.24,888.83
2015-04-17T18:19:54, Add row to /TRACKING.csv
2015-04-17T18:19:54, Number of rows in /TRACKING.csv: 2
2015-04-17T18:19:57, Done loop ...
2015-04-17T18:36:29, Setup Complete
2015-04-17T18:36:32, Data: 2015-04-17T18:36:29,3.67,25631,1818.00,1827.00,1821.00,-2.57,60.42,-4.22,888.87
2015-04-17T18:36:32, Add row to /TRACKING.csv
2015-04-17T18:36:32, Number of rows in /TRACKING.csv: 3
2015-04-17T18:36:35, Done loop ...
2015-04-17T18:53:07, Setup Complete
2015-04-17T18:53:09, Data: 2015-04-17T18:53:07,3.67,25631,1819.00,1830.00,1822.00,-2.62,60.51,-4.13,888.82
2015-04-17T18:53:09, Add row to /TRACKING.csv
2015-04-17T18:53:09, Number of rows in /TRACKING.csv: 4
2015-04-17T18:53:13, Number of rows in /TRACKING.csv is >= 4
2015-04-17T18:53:13, Remove tracking
2015-04-17T18:53:13, Write to /TRANSMIT.csv: 2015-04-17T18:53:07,3.67,1819.00,-2.6,61
2015-04-17T18:53:13, Number of rows in /TRANSMIT.csv: 3
2015-04-17T18:53:13, Current hour = 18, Transmission hour = 1
2015-04-17T18:53:13, Current hour = 18, Transmission hour = 6
2015-04-17T18:53:13, Current hour = 18, Transmission hour = 8
2015-04-17T18:53:13, Current hour = 18, Transmission hour = 10
2015-04-17T18:53:13, Current hour = 18, Transmission hour = 15
2015-04-17T18:53:13, Current hour = 18, Transmission hour = 20
2015-04-17T18:53:13, Current hour = 18, Transmission hour = 22
2015-04-17T18:53:13, Done loop ...
2015-04-17T19:09:45, Setup Complete
2015-04-17T19:09:47, Data: 2015-04-17T19:09:45,3.67,25631,1819.00,1832.00,1827.00,-2.41,59.72,-4.23,888.84
2015-04-17T19:09:47, Add row to /TRACKING.csv
2015-04-17T19:09:47, Number of rows in /TRACKING.csv: 1
2015-04-17T19:09:50, Done loop ...
2015-04-17T19:26:23, Setup Complete
2015-04-17T19:26:25, Data: 2015-04-17T19:26:23,3.67,25631,1820.00,1827.00,1823.00,-3.07,63.19,-4.24,888.86
2015-04-17T19:26:25, Add row to /TRACKING.csv
2015-04-17T19:26:25, Number of rows in /TRACKING.csv: 2
2015-04-17T19:26:28, Done loop ...
2015-04-17T19:43:00, Setup Complete
2015-04-17T19:43:03, Data: 2015-04-17T19:43:01,3.67,25631,1817.00,1829.00,1820.50,-3.45,62.50,-4.61,888.82
2015-04-17T19:43:03, Add row to /TRACKING.csv
2015-04-17T19:43:03, Number of rows in /TRACKING.csv: 3
2015-04-17T19:43:06, Done loop ...
2015-04-17T19:59:38, Setup Complete
2015-04-17T19:59:40, Data: 2015-04-17T19:59:38,3.67,25631,1818.00,1832.00,1825.50,-2.39,59.56,-4.31,888.91
2015-04-17T19:59:40, Add row to /TRACKING.csv
2015-04-17T19:59:41, Number of rows in /TRACKING.csv: 4
2015-04-17T19:59:44, Number of rows in /TRACKING.csv is >= 4
2015-04-17T19:59:44, Remove tracking
2015-04-17T19:59:44, Write to /TRANSMIT.csv: 2015-04-17T19:59:38,3.67,1818.00,-2.4,60
2015-04-17T19:59:44, Number of rows in /TRANSMIT.csv: 4
2015-04-17T19:59:44, Current hour = 19, Transmission hour = 1
2015-04-17T19:59:44, Current hour = 19, Transmission hour = 6
2015-04-17T19:59:44, Current hour = 19, Transmission hour = 8
2015-04-17T19:59:44, Current hour = 19, Transmission hour = 10
2015-04-17T19:59:44, Current hour = 19, Transmission hour = 15
2015-04-17T19:59:44, Current hour = 19, Transmission hour = 20
2015-04-17T19:59:44, Current hour = 19, Transmission hour = 22
2015-04-17T19:59:44, Done loop ...
2015-04-17T20:16:16, Setup Complete
2015-04-17T20:16:18, Data: 2015-04-17T20:16:16,3.67,25631,1821.00,1829.00,1824.00,-3.34,63.14,-4.57,888.83
2015-04-17T20:16:18, Add row to /TRACKING.csv
2015-04-17T20:16:18, Number of rows in /TRACKING.csv: 1
2015-04-17T20:16:21, Done loop ...
2015-04-17T20:32:54, Setup Complete
2015-04-17T20:32:56, Data: 2015-04-17T20:32:54,3.67,25631,1820.00,1830.00,1824.00,-3.05,62.24,-4.68,888.66
2015-04-17T20:32:56, Add row to /TRACKING.csv
2015-04-17T20:32:56, Number of rows in /TRACKING.csv: 2
2015-04-17T20:32:59, Done loop ...
2015-04-17T20:49:32, Setup Complete
2015-04-17T20:49:34, Data: 2015-04-17T20:49:32,3.66,25631,1820.00,1830.00,1824.00,-3.34,62.77,-4.69,888.44
2015-04-17T20:49:34, Add row to /TRACKING.csv
2015-04-17T20:49:34, Number of rows in /TRACKING.csv: 3
2015-04-17T20:49:37, Done loop ...
2015-04-17T21:06:09, Setup Complete
2015-04-17T21:06:12, Data: 2015-04-17T21:06:10,3.67,25631,1818.00,1826.00,1820.50,-3.31,63.22,-4.72,888.41
2015-04-17T21:06:12, Add row to /TRACKING.csv
2015-04-17T21:06:12, Number of rows in /TRACKING.csv: 4
2015-04-17T21:06:15, Number of rows in /TRACKING.csv is >= 4
2015-04-17T21:06:15, Remove tracking
2015-04-17T21:06:15, Write to /TRANSMIT.csv: 2015-04-17T21:06:10,3.67,1818.00,-3.3,63
2015-04-17T21:06:15, Number of rows in /TRANSMIT.csv: 5
2015-04-17T21:06:15, Current hour = 21, Transmission hour = 1
2015-04-17T21:06:15, 1716403182-02461:182-02361:182-02661:182-02460:182-03363
2015-04-17T21:06:17,  - attempt to send message: 1716403182-02461:182-02361:182-02661:182-02460:182-03363
2015-04-17T21:06:18,  - Modem begin successful
2015-04-17T21:06:18,  - Sending...
2015-04-17T21:07:11,  - Send response: 
2015-04-17T21:07:11,   - Sync clocks... 
2015-04-17T21:07:12,  - Arduino Old Time: 2015-04-18T05:07:12
2015-04-17T21:07:11,  - Failed to set valid RTC time
2000-01-01T00:00:00, Message sent! Removing /TRANSMIT.csv
2000-01-01T00:00:00, Done loop ...
2015-04-17T21:22:46, Setup Complete
2015-04-17T21:22:48, Data: 2015-04-17T21:22:46,3.67,25631,1819.00,1837.00,1826.50,-3.31,62.86,-4.61,888.46
2015-04-17T21:22:48, Add row to /TRACKING.csv
2015-04-17T21:22:49, Number of rows in /TRACKING.csv: 1
2015-04-17T21:22:51, Done loop ...
2015-04-17T21:39:24, Setup Complete
2015-04-17T21:39:26, Data: 2015-04-17T21:39:24,3.66,25631,1817.00,1835.00,1821.50,-3.48,64.02,-4.82,888.47
2015-04-17T21:39:26, Add row to /TRACKING.csv
2015-04-17T21:39:26, Number of rows in /TRACKING.csv: 2
2015-04-17T21:39:29, Done loop ...
2015-04-17T21:56:02, Setup Complete
2015-04-17T21:56:04, Data: 2015-04-17T21:56:02,3.66,25631,1825.00,1836.00,1827.50,-3.73,65.64,-5.02,888.36
2015-04-17T21:56:04, Add row to /TRACKING.csv
2015-04-17T21:56:04, Number of rows in /TRACKING.csv: 3
2015-04-17T21:56:07, Done loop ...
2015-04-17T22:12:40, Setup Complete
2015-04-17T22:12:42, Data: 2015-04-17T22:12:40,3.66,25631,1821.00,1845.00,1829.00,-3.32,64.18,-5.03,888.26
2015-04-17T22:12:42, Add row to /TRACKING.csv
2015-04-17T22:12:42, Number of rows in /TRACKING.csv: 4
2015-04-17T22:12:45, Number of rows in /TRACKING.csv is >= 4
2015-04-17T22:12:45, Remove tracking
2015-04-17T22:12:45, Write to /TRANSMIT.csv: 2015-04-17T22:12:40,3.66,1821.00,-3.3,64
2015-04-17T22:12:46, Number of rows in /TRANSMIT.csv: 1
2015-04-17T22:12:46, Current hour = 22, Transmission hour = 1
2015-04-17T22:12:46, Current hour = 22, Transmission hour = 6
2015-04-17T22:12:46, Current hour = 22, Transmission hour = 8
2015-04-17T22:12:46, Current hour = 22, Transmission hour = 10
2015-04-17T22:12:46, Current hour = 22, Transmission hour = 15
2015-04-17T22:12:46, Current hour = 22, Transmission hour = 20
2015-04-17T22:12:46, Current hour = 22, Transmission hour = 22
2015-04-17T22:12:46, 1722123182-03364
2015-04-17T22:12:48,  - attempt to send message: 1722123182-03364
2015-04-17T22:12:49,  - Modem begin successful
2015-04-17T22:12:49,  - Sending...
2015-04-17T22:17:52,  - Send response: 
2015-04-17T22:17:52,   - Sync clocks... 
2015-04-17T22:17:52,  - Arduino Old Time: 2015-04-18T06:17:52
2015-04-17T22:17:53,  - Failed to set valid RTC time
2000-01-01T00:00:00, Message sent! Removing /TRANSMIT.csv
2000-01-01T00:00:00, Done loop ...
2015-04-17T22:29:17, Setup Complete
2015-04-17T22:29:20, Data: 2015-04-17T22:29:17,3.67,25631,1820.00,1827.00,1824.00,-3.77,65.35,-5.09,888.25
2015-04-17T22:29:20, Add row to /TRACKING.csv
2015-04-17T22:29:20, Number of rows in /TRACKING.csv: 1
2015-04-17T22:29:22, Done loop ...
2015-04-17T22:45:55, Setup Complete
2015-04-17T22:45:57, Data: 2015-04-17T22:45:55,3.66,25631,1823.00,1833.00,1828.00,-2.81,60.91,-4.69,888.23
2015-04-17T22:45:57, Add row to /TRACKING.csv
2015-04-17T22:45:58, Number of rows in /TRACKING.csv: 2
2015-04-17T22:46:00, Done loop ...
2015-04-17T23:02:33, Setup Complete
2015-04-17T23:02:35, Data: 2015-04-17T23:02:33,3.66,25631,1822.00,1831.00,1826.50,-3.35,62.69,-4.82,888.23
2015-04-17T23:02:35, Add row to /TRACKING.csv
2015-04-17T23:02:35, Number of rows in /TRACKING.csv: 3
2015-04-17T23:02:38, Done loop ...
2015-04-17T23:19:11, Setup Complete
2015-04-17T23:19:13, Data: 2015-04-17T23:19:11,3.66,25631,1820.00,1830.00,1824.50,-3.74,64.20,-4.95,888.25
2015-04-17T23:19:13, Add row to /TRACKING.csv
2015-04-17T23:19:13, Number of rows in /TRACKING.csv: 4
2015-04-17T23:19:16, Number of rows in /TRACKING.csv is >= 4
2015-04-17T23:19:16, Remove tracking
2015-04-17T23:19:16, Write to /TRANSMIT.csv: 2015-04-17T23:19:11,3.66,1820.00,-3.7,64
2015-04-17T23:19:17, Number of rows in /TRANSMIT.csv: 1
2015-04-17T23:19:17, Current hour = 23, Transmission hour = 1
2015-04-17T23:19:17, Current hour = 23, Transmission hour = 6
2015-04-17T23:19:17, Current hour = 23, Transmission hour = 8
2015-04-17T23:19:17, Current hour = 23, Transmission hour = 10
2015-04-17T23:19:17, Current hour = 23, Transmission hour = 15
2015-04-17T23:19:17, Current hour = 23, Transmission hour = 20
2015-04-17T23:19:17, Current hour = 23, Transmission hour = 22
2015-04-17T23:19:17, Done loop ...
2015-04-17T23:35:49, Setup Complete
2015-04-17T23:35:51, Data: 2015-04-17T23:35:49,3.66,25631,1821.00,1829.00,1824.00,-3.84,63.63,-5.11,888.16
2015-04-17T23:35:51, Add row to /TRACKING.csv
2015-04-17T23:35:51, Number of rows in /TRACKING.csv: 1
2015-04-17T23:35:53, Done loop ...
2015-04-17T23:52:26, Setup Complete
2015-04-17T23:52:28, Data: 2015-04-17T23:52:26,3.65,25631,1820.00,1826.00,1823.00,-4.09,65.69,-5.39,888.05
2015-04-17T23:52:29, Add row to /TRACKING.csv
2015-04-17T23:52:29, Number of rows in /TRACKING.csv: 2
2015-04-17T23:52:31, Done loop ...
2015-04-18T00:09:04, Setup Complete
2015-04-18T00:09:06, Data: 2015-04-18T00:09:04,3.66,25631,1821.00,1840.00,1828.50,-3.83,63.32,-5.46,888.05
2015-04-18T00:09:06, Add row to /TRACKING.csv
2015-04-18T00:09:06, Number of rows in /TRACKING.csv: 3
2015-04-18T00:09:09, Done loop ...
2015-04-18T00:25:42, Setup Complete
2015-04-18T00:25:44, Data: 2015-04-18T00:25:42,3.66,25631,1820.00,1825.00,1821.50,-3.97,62.45,-5.38,887.94
2015-04-18T00:25:44, Add row to /TRACKING.csv
2015-04-18T00:25:44, Number of rows in /TRACKING.csv: 4
2015-04-18T00:25:47, Number of rows in /TRACKING.csv is >= 4
2015-04-18T00:25:48, Remove tracking
2015-04-18T00:25:48, Write to /TRANSMIT.csv: 2015-04-18T00:25:42,3.66,1820.00,-4.0,62
2015-04-18T00:25:48, Number of rows in /TRANSMIT.csv: 2
2015-04-18T00:25:48, Current hour = 0, Transmission hour = 1
2015-04-18T00:25:48, Current hour = 0, Transmission hour = 6
2015-04-18T00:25:48, Current hour = 0, Transmission hour = 8
2015-04-18T00:25:48, Current hour = 0, Transmission hour = 10
2015-04-18T00:25:48, Current hour = 0, Transmission hour = 15
2015-04-18T00:25:48, Current hour = 0, Transmission hour = 20
2015-04-18T00:25:48, Current hour = 0, Transmission hour = 22
2015-04-18T00:25:48, Done loop ...
2015-04-18T00:42:20, Setup Complete
2015-04-18T00:42:22, Data: 2015-04-18T00:42:20,3.66,25631,1822.00,1828.00,1824.50,-3.56,60.77,-5.20,887.89
2015-04-18T00:42:22, Add row to /TRACKING.csv
2015-04-18T00:42:22, Number of rows in /TRACKING.csv: 1
2015-04-18T00:42:24, Done loop ...
2015-04-18T00:58:57, Setup Complete
2015-04-18T00:59:00, Data: 2015-04-18T00:58:57,3.66,25631,1820.00,1842.00,1826.50,-3.87,61.82,-5.33,887.70
2015-04-18T00:59:00, Add row to /TRACKING.csv
2015-04-18T00:59:00, Number of rows in /TRACKING.csv: 2
2015-04-18T00:59:02, Done loop ...
2015-04-18T01:15:35, Setup Complete
2015-04-18T01:15:37, Data: 2015-04-18T01:15:35,3.66,25631,1822.00,1827.00,1824.50,-3.39,59.80,-5.06,887.66
2015-04-18T01:15:37, Add row to /TRACKING.csv
2015-04-18T01:15:37, Number of rows in /TRACKING.csv: 3
2015-04-18T01:15:40, Done loop ...
2015-04-18T01:32:13, Setup Complete
2015-04-18T01:32:15, Data: 2015-04-18T01:32:13,3.66,25631,1820.00,1828.00,1826.00,-3.62,60.79,-5.25,887.65
2015-04-18T01:32:15, Add row to /TRACKING.csv
2015-04-18T01:32:15, Number of rows in /TRACKING.csv: 4
2015-04-18T01:32:19, Number of rows in /TRACKING.csv is >= 4
2015-04-18T01:32:19, Remove tracking
2015-04-18T01:32:19, Write to /TRANSMIT.csv: 2015-04-18T01:32:13,3.66,1820.00,-3.6,61
2015-04-18T01:32:19, Number of rows in /TRANSMIT.csv: 3
2015-04-18T01:32:19, Current hour = 1, Transmission hour = 1
2015-04-18T01:32:19, 1723193182-03764:182-04062:182-03661
2015-04-18T01:32:21,  - attempt to send message: 1723193182-03764:182-04062:182-03661
2015-04-18T01:32:22,  - Modem begin successful
2015-04-18T01:32:22,  - Sending...
2015-04-18T01:32:30,  - Send response: 
2015-04-18T01:32:30,   - Sync clocks... 
2015-04-18T01:32:30,  - Arduino Old Time: 2015-04-18T09:32:30
2015-04-18T01:32:30,  - Failed to set valid RTC time
2000-01-01T00:00:00, Message sent! Removing /TRANSMIT.csv
2000-01-01T00:00:00, Done loop ...
2015-04-18T01:48:51, Setup Complete
2015-04-18T01:48:53, Data: 2015-04-18T01:48:51,3.64,25631,1821.00,1830.00,1827.00,-4.35,63.48,-5.53,887.64
2015-04-18T01:48:53, Add row to /TRACKING.csv
2015-04-18T01:48:53, Number of rows in /TRACKING.csv: 1
2015-04-18T01:48:55, Done loop ...
2015-04-18T02:05:29, Setup Complete
2015-04-18T02:05:31, Data: 2015-04-18T02:05:29,3.66,25631,1825.00,1837.00,1828.50,-4.19,62.98,-5.66,887.64
2015-04-18T02:05:31, Add row to /TRACKING.csv
2015-04-18T02:05:31, Number of rows in /TRACKING.csv: 2
2015-04-18T02:05:33, Done loop ...
2015-04-18T02:22:06, Setup Complete
2015-04-18T02:22:08, Data: 2015-04-18T02:22:06,3.66,25631,1822.00,1830.00,1827.00,-3.84,60.09,-5.44,887.55
2015-04-18T02:22:09, Add row to /TRACKING.csv
2015-04-18T02:22:09, Number of rows in /TRACKING.csv: 3
2015-04-18T02:22:12, Done loop ...
2015-04-18T02:38:44, Setup Complete
2015-04-18T02:38:46, Data: 2015-04-18T02:38:44,3.66,25631,1824.00,1834.00,1829.50,-2.60,56.26,-5.10,887.60
2015-04-18T02:38:46, Add row to /TRACKING.csv
2015-04-18T02:38:46, Number of rows in /TRACKING.csv: 4
2015-04-18T02:38:50, Number of rows in /TRACKING.csv is >= 4
2015-04-18T02:38:50, Remove tracking
2015-04-18T02:38:50, Write to /TRANSMIT.csv: 2015-04-18T02:38:44,3.66,1824.00,-2.6,56
2015-04-18T02:38:50, Number of rows in /TRANSMIT.csv: 1
2015-04-18T02:38:50, Current hour = 2, Transmission hour = 1
2015-04-18T02:38:50, Current hour = 2, Transmission hour = 6
2015-04-18T02:38:50, Current hour = 2, Transmission hour = 8
2015-04-18T02:38:50, Current hour = 2, Transmission hour = 10
2015-04-18T02:38:50, Current hour = 2, Transmission hour = 15
2015-04-18T02:38:50, Current hour = 2, Transmission hour = 20
2015-04-18T02:38:50, Current hour = 2, Transmission hour = 22
2015-04-18T02:38:50, Done loop ...
2015-04-18T02:55:22, Setup Complete
2015-04-18T02:55:24, Data: 2015-04-18T02:55:22,3.66,25631,1820.00,1839.00,1829.00,-3.45,60.22,-4.99,887.71
2015-04-18T02:55:24, Add row to /TRACKING.csv
2015-04-18T02:55:24, Number of rows in /TRACKING.csv: 1
2015-04-18T02:55:27, Done loop ...
2015-04-18T03:12:00, Setup Complete
2015-04-18T03:12:02, Data: 2015-04-18T03:12:00,3.66,25631,1828.00,1845.00,1834.50,-3.14,59.97,-4.95,887.67
2015-04-18T03:12:02, Add row to /TRACKING.csv
2015-04-18T03:12:02, Number of rows in /TRACKING.csv: 2
2015-04-18T03:12:05, Done loop ...
2015-04-18T03:28:37, Setup Complete
2015-04-18T03:28:40, Data: 2015-04-18T03:28:37,3.66,25631,1822.00,1830.00,1825.00,-3.67,60.75,-5.15,887.56
2015-04-18T03:28:40, Add row to /TRACKING.csv
2015-04-18T03:28:40, Number of rows in /TRACKING.csv: 3
2015-04-18T03:28:43, Done loop ...
2015-04-18T03:45:15, Setup Complete
2015-04-18T03:45:17, Data: 2015-04-18T03:45:15,3.66,25631,1819.00,1835.00,1824.50,-3.81,61.77,-5.40,887.52
2015-04-18T03:45:17, Add row to /TRACKING.csv
2015-04-18T03:45:18, Number of rows in /TRACKING.csv: 4
2015-04-18T03:45:21, Number of rows in /TRACKING.csv is >= 4
2015-04-18T03:45:21, Remove tracking
2015-04-18T03:45:21, Write to /TRANSMIT.csv: 2015-04-18T03:45:15,3.66,1819.00,-3.8,62
2015-04-18T03:45:21, Number of rows in /TRANSMIT.csv: 2
2015-04-18T03:45:21, Current hour = 3, Transmission hour = 1
2015-04-18T03:45:21, Current hour = 3, Transmission hour = 6
2015-04-18T03:45:21, Current hour = 3, Transmission hour = 8
2015-04-18T03:45:21, Current hour = 3, Transmission hour = 10
2015-04-18T03:45:21, Current hour = 3, Transmission hour = 15
2015-04-18T03:45:21, Current hour = 3, Transmission hour = 20
2015-04-18T03:45:21, Current hour = 3, Transmission hour = 22
2015-04-18T03:45:21, Done loop ...
2015-04-18T04:01:53, Setup Complete
2015-04-18T04:01:55, Data: 2015-04-18T04:01:53,3.66,25631,1825.00,1843.00,1830.50,-3.67,61.09,-5.20,887.43
2015-04-18T04:01:55, Add row to /TRACKING.csv
2015-04-18T04:01:55, Number of rows in /TRACKING.csv: 1
2015-04-18T04:01:58, Done loop ...
2015-04-18T04:18:31, Setup Complete
2015-04-18T04:18:33, Data: 2015-04-18T04:18:31,3.66,25631,1823.00,1841.00,1833.00,-3.62,58.32,-5.20,887.40
2015-04-18T04:18:33, Add row to /TRACKING.csv
2015-04-18T04:18:33, Number of rows in /TRACKING.csv: 2
2015-04-18T04:18:36, Done loop ...
2015-04-18T04:35:09, Setup Complete
2015-04-18T04:35:11, Data: 2015-04-18T04:35:09,3.64,25631,1824.00,1840.00,1833.00,-3.46,57.29,-5.17,887.51
2015-04-18T04:35:11, Add row to /TRACKING.csv
2015-04-18T04:35:11, Number of rows in /TRACKING.csv: 3
2015-04-18T04:35:14, Done loop ...
2015-04-18T04:51:47, Setup Complete
2015-04-18T04:51:49, Data: 2015-04-18T04:51:47,3.66,25631,1826.00,1837.00,1832.00,-3.64,59.45,-5.06,887.63
2015-04-18T04:51:49, Add row to /TRACKING.csv
2015-04-18T04:51:49, Number of rows in /TRACKING.csv: 4
2015-04-18T04:51:52, Number of rows in /TRACKING.csv is >= 4
2015-04-18T04:51:53, Remove tracking
2015-04-18T04:51:53, Write to /TRANSMIT.csv: 2015-04-18T04:51:47,3.66,1826.00,-3.6,59
2015-04-18T04:51:53, Number of rows in /TRANSMIT.csv: 3
2015-04-18T04:51:53, Current hour = 4, Transmission hour = 1
2015-04-18T04:51:53, Current hour = 4, Transmission hour = 6
2015-04-18T04:51:53, Current hour = 4, Transmission hour = 8
2015-04-18T04:51:53, Current hour = 4, Transmission hour = 10
2015-04-18T04:51:53, Current hour = 4, Transmission hour = 15
2015-04-18T04:51:53, Current hour = 4, Transmission hour = 20
2015-04-18T04:51:53, Current hour = 4, Transmission hour = 22
2015-04-18T04:51:53, Done loop ...
2015-04-18T05:08:25, Setup Complete
2015-04-18T05:08:28, Data: 2015-04-18T05:08:25,3.67,25631,1826.00,1837.00,1832.00,-3.41,58.41,-4.81,887.64
2015-04-18T05:08:28, Add row to /TRACKING.csv
2015-04-18T05:08:28, Number of rows in /TRACKING.csv: 1
2015-04-18T05:08:30, Done loop ...
2015-04-18T05:25:04, Setup Complete
2015-04-18T05:25:06, Data: 2015-04-18T05:25:04,3.67,25631,1824.00,1836.00,1830.50,-3.87,60.32,-4.73,887.75
2015-04-18T05:25:06, Add row to /TRACKING.csv
2015-04-18T05:25:06, Number of rows in /TRACKING.csv: 2
2015-04-18T05:25:09, Done loop ...
2015-04-18T05:41:43, Setup Complete
2015-04-18T05:41:45, Data: 2015-04-18T05:41:43,3.92,25631,1846.00,1882.00,1858.50,-1.12,54.58,0.92,888.01
2015-04-18T05:41:45, Add row to /TRACKING.csv
2015-04-18T05:41:45, Number of rows in /TRACKING.csv: 3
2015-04-18T05:41:48, Done loop ...
2015-04-18T05:58:21, Setup Complete
2015-04-18T05:58:23, Data: 2015-04-18T05:58:21,3.92,25631,1861.00,1882.00,1872.50,-0.85,52.22,4.16,888.00
2015-04-18T05:58:23, Add row to /TRACKING.csv
2015-04-18T05:58:23, Number of rows in /TRACKING.csv: 4
2015-04-18T05:58:27, Number of rows in /TRACKING.csv is >= 4
2015-04-18T05:58:27, Remove tracking
2015-04-18T05:58:27, Write to /TRANSMIT.csv: 2015-04-18T05:58:21,3.92,1861.00,-0.9,52
2015-04-18T05:58:27, Number of rows in /TRANSMIT.csv: 4
2015-04-18T05:58:27, Current hour = 5, Transmission hour = 1
2015-04-18T05:58:27, Current hour = 5, Transmission hour = 6
2015-04-18T05:58:27, Current hour = 5, Transmission hour = 8
2015-04-18T05:58:27, Current hour = 5, Transmission hour = 10
2015-04-18T05:58:27, Current hour = 5, Transmission hour = 15
2015-04-18T05:58:27, Current hour = 5, Transmission hour = 20
2015-04-18T05:58:27, Current hour = 5, Transmission hour = 22
2015-04-18T05:58:27, Done loop ...
2015-04-18T06:14:59, Setup Complete
2015-04-18T06:15:01, Data: 2015-04-18T06:14:59,3.91,25631,1861.00,1886.00,1878.00,-0.25,47.42,5.91,887.98
2015-04-18T06:15:01, Add row to /TRACKING.csv
2015-04-18T06:15:02, Number of rows in /TRACKING.csv: 1
2015-04-18T06:15:04, Done loop ...
2015-04-18T06:31:38, Setup Complete
2015-04-18T06:31:40, Data: 2015-04-18T06:31:38,3.91,25631,1856.00,1872.00,1861.50,0.60,48.85,7.76,887.90
2015-04-18T06:31:40, Add row to /TRACKING.csv
2015-04-18T06:31:40, Number of rows in /TRACKING.csv: 2
2015-04-18T06:31:43, Done loop ...
2015-04-18T06:48:16, Setup Complete
2015-04-18T06:48:18, Data: 2015-04-18T06:48:16,3.91,25631,1878.00,1899.00,1884.50,2.12,44.25,7.91,888.09
2015-04-18T06:48:18, Add row to /TRACKING.csv
2015-04-18T06:48:18, Number of rows in /TRACKING.csv: 3
2015-04-18T06:48:21, Done loop ...
2015-04-18T07:04:54, Setup Complete
2015-04-18T07:04:56, Data: 2015-04-18T07:04:54,3.92,25631,1897.00,1918.00,1908.50,3.60,43.85,8.35,888.20
2015-04-18T07:04:56, Add row to /TRACKING.csv
2015-04-18T07:04:56, Number of rows in /TRACKING.csv: 4
2015-04-18T07:05:00, Number of rows in /TRACKING.csv is >= 4
2015-04-18T07:05:00, Remove tracking
2015-04-18T07:05:00, Write to /TRANSMIT.csv: 2015-04-18T07:04:54,3.92,1897.00,3.6,44
2015-04-18T07:05:00, Number of rows in /TRANSMIT.csv: 5
2015-04-18T07:05:00, Current hour = 7, Transmission hour = 1
2015-04-18T07:05:00, 1802386182-02656:182-03862:183-03659:186-00952:190+03644
2015-04-18T07:05:02,  - attempt to send message: 1802386182-02656:182-03862:183-03659:186-00952:190+03644
2015-04-18T07:05:03,  - Modem begin successful
2015-04-18T07:05:03,  - Sending...
2015-04-18T07:05:11,  - Send response: 
2015-04-18T07:05:11,   - Sync clocks... 
2015-04-18T07:05:11,  - Arduino Old Time: 2015-04-18T15:05:11
2015-04-18T07:05:09,  - Failed to set valid RTC time
2000-01-01T00:00:00, Message sent! Removing /TRANSMIT.csv
2000-01-01T00:00:00, Done loop ...
2015-04-18T07:21:30, Setup Complete
2015-04-18T07:21:32, Data: 2015-04-18T07:21:30,3.92,25631,1895.00,1915.00,1903.50,1.72,51.02,7.57,888.29
2015-04-18T07:21:32, Add row to /TRACKING.csv
2015-04-18T07:21:33, Number of rows in /TRACKING.csv: 1
2015-04-18T07:21:35, Done loop ...
2015-04-18T07:38:08, Setup Complete
2015-04-18T07:38:11, Data: 2015-04-18T07:38:08,3.92,25631,1883.00,1921.00,1895.50,0.30,48.55,7.70,888.21
2015-04-18T07:38:11, Add row to /TRACKING.csv
2015-04-18T07:38:11, Number of rows in /TRACKING.csv: 2
2015-04-18T07:38:13, Done loop ...
2015-04-18T07:54:47, Setup Complete
2015-04-18T07:54:49, Data: 2015-04-18T07:54:47,3.92,25631,1879.00,1913.00,1907.50,0.20,49.32,7.65,888.28
2015-04-18T07:54:49, Add row to /TRACKING.csv
2015-04-18T07:54:49, Number of rows in /TRACKING.csv: 3
2015-04-18T07:54:52, Done loop ...
2015-04-18T08:11:25, Setup Complete
2015-04-18T08:11:27, Data: 2015-04-18T08:11:25,3.91,25631,1891.00,1910.00,1903.50,1.47,43.64,8.32,888.43
2015-04-18T08:11:27, Add row to /TRACKING.csv
2015-04-18T08:11:27, Number of rows in /TRACKING.csv: 4
2015-04-18T08:11:30, Number of rows in /TRACKING.csv is >= 4
2015-04-18T08:11:30, Remove tracking
2015-04-18T08:11:31, Write to /TRANSMIT.csv: 2015-04-18T08:11:25,3.91,1891.00,1.5,44
2015-04-18T08:11:31, Number of rows in /TRANSMIT.csv: 1
2015-04-18T08:11:31, Current hour = 8, Transmission hour = 1
2015-04-18T08:11:31, Current hour = 8, Transmission hour = 6
2015-04-18T08:11:31, Current hour = 8, Transmission hour = 8
2015-04-18T08:11:31, 1808116189+01544
2015-04-18T08:11:33,  - attempt to send message: 1808116189+01544
2015-04-18T08:11:34,  - Modem begin successful
2015-04-18T08:11:34,  - Sending...
2015-04-18T08:12:20,  - Send response: 
2015-04-18T08:12:20,   - Sync clocks... 
2015-04-18T08:12:20,  - Arduino Old Time: 2015-04-18T16:12:20
2015-04-18T08:12:20,  - Failed to set valid RTC time
2000-01-01T00:00:00, Message sent! Removing /TRANSMIT.csv
2000-01-01T00:00:00, Done loop ...
2015-04-18T08:28:03, Setup Complete
2015-04-18T08:28:05, Data: 2015-04-18T08:28:03,3.93,25631,1870.00,1915.00,1901.50,0.54,50.74,8.52,888.43
2015-04-18T08:28:05, Add row to /TRACKING.csv
2015-04-18T08:28:05, Number of rows in /TRACKING.csv: 1
2015-04-18T08:28:08, Done loop ...
2015-04-18T08:44:41, Setup Complete
2015-04-18T08:44:43, Data: 2015-04-18T08:44:41,3.91,25631,1892.00,1913.00,1904.00,0.54,48.31,8.80,888.43
2015-04-18T08:44:43, Add row to /TRACKING.csv
2015-04-18T08:44:43, Number of rows in /TRACKING.csv: 2
2015-04-18T08:44:46, Done loop ...
2015-04-18T09:01:19, Setup Complete
2015-04-18T09:01:21, Data: 2015-04-18T09:01:19,3.92,25631,1891.00,1903.00,1896.50,1.32,47.27,9.12,888.40
2015-04-18T09:01:21, Add row to /TRACKING.csv
2015-04-18T09:01:22, Number of rows in /TRACKING.csv: 3
2015-04-18T09:01:25, Done loop ...
2015-04-18T09:17:57, Setup Complete
2015-04-18T09:18:00, Data: 2015-04-18T09:17:57,3.91,25631,1883.00,1909.00,1900.50,1.79,43.22,9.40,888.55
2015-04-18T09:18:00, Add row to /TRACKING.csv
2015-04-18T09:18:00, Number of rows in /TRACKING.csv: 4
2015-04-18T09:18:03, Number of rows in /TRACKING.csv is >= 4
2015-04-18T09:18:03, Remove tracking
2015-04-18T09:18:03, Write to /TRANSMIT.csv: 2015-04-18T09:17:57,3.91,1883.00,1.8,43
2015-04-18T09:18:03, Number of rows in /TRANSMIT.csv: 1
2015-04-18T09:18:03, Current hour = 9, Transmission hour = 1
2015-04-18T09:18:03, Current hour = 9, Transmission hour = 6
2015-04-18T09:18:03, Current hour = 9, Transmission hour = 8
2015-04-18T09:18:03, Current hour = 9, Transmission hour = 10
2015-04-18T09:18:03, Current hour = 9, Transmission hour = 15
2015-04-18T09:18:03, Current hour = 9, Transmission hour = 20
2015-04-18T09:18:04, Current hour = 9, Transmission hour = 22
2015-04-18T09:18:04, Done loop ...
2015-04-18T09:34:35, Setup Complete
2015-04-18T09:34:38, Data: 2015-04-18T09:34:36,3.91,25631,1858.00,1898.00,1871.50,0.24,48.40,8.33,888.51
2015-04-18T09:34:38, Add row to /TRACKING.csv
2015-04-18T09:34:38, Number of rows in /TRACKING.csv: 1
2015-04-18T09:34:40, Done loop ...
2015-04-18T09:51:14, Setup Complete
2015-04-18T09:51:16, Data: 2015-04-18T09:51:14,3.91,25631,1860.00,1898.00,1879.50,-0.14,50.74,7.81,888.63
2015-04-18T09:51:16, Add row to /TRACKING.csv
2015-04-18T09:51:16, Number of rows in /TRACKING.csv: 2
2015-04-18T09:51:19, Done loop ...
2015-04-18T10:07:52, Setup Complete
2015-04-18T10:07:54, Data: 2015-04-18T10:07:52,3.91,25631,1844.00,1890.00,1866.50,0.64,49.13,7.66,888.99
2015-04-18T10:07:54, Add row to /TRACKING.csv
2015-04-18T10:07:54, Number of rows in /TRACKING.csv: 3
2015-04-18T10:07:57, Done loop ...
2015-04-18T10:24:30, Setup Complete
2015-04-18T10:24:32, Data: 2015-04-18T10:24:30,3.92,25631,1889.00,1898.00,1894.50,-0.01,51.29,7.64,889.05
2015-04-18T10:24:32, Add row to /TRACKING.csv
2015-04-18T10:24:32, Number of rows in /TRACKING.csv: 4
2015-04-18T10:24:35, Number of rows in /TRACKING.csv is >= 4
2015-04-18T10:24:36, Remove tracking
2015-04-18T10:24:36, Write to /TRANSMIT.csv: 2015-04-18T10:24:30,3.92,1889.00,-0.0,51
2015-04-18T10:24:36, Number of rows in /TRANSMIT.csv: 2
2015-04-18T10:24:36, Current hour = 10, Transmission hour = 1
2015-04-18T10:24:36, Current hour = 10, Transmission hour = 6
2015-04-18T10:24:36, Current hour = 10, Transmission hour = 8
2015-04-18T10:24:36, Current hour = 10, Transmission hour = 10
2015-04-18T10:24:36, 1809176188+01843:189+00051
2015-04-18T10:24:38,  - attempt to send message: 1809176188+01843:189+00051
2015-04-18T10:24:39,  - Modem begin successful
2015-04-18T10:24:39,  - Sending...
2015-04-18T10:26:53,  - Send response: 
2015-04-18T10:26:53,   - Sync clocks... 
2015-04-18T10:26:53,  - Arduino Old Time: 2015-04-18T18:26:53
2015-04-18T10:26:53,  - Failed to set valid RTC time
2000-01-01T00:00:00, Message sent! Removing /TRANSMIT.csv
2000-01-01T00:00:00, Done loop ...
2015-04-18T10:41:08, Setup Complete
2015-04-18T10:41:10, Data: 2015-04-18T10:41:08,3.93,25631,1857.00,1877.00,1867.50,0.13,49.54,7.36,888.89
2015-04-18T10:41:10, Add row to /TRACKING.csv
2015-04-18T10:41:10, Number of rows in /TRACKING.csv: 1
2015-04-18T10:41:13, Done loop ...
2015-04-18T10:57:46, Setup Complete
2015-04-18T10:57:48, Data: 2015-04-18T10:57:46,3.91,25631,1862.00,1872.00,1870.00,-0.23,51.08,6.54,889.13
2015-04-18T10:57:48, Add row to /TRACKING.csv
2015-04-18T10:57:49, Number of rows in /TRACKING.csv: 2
2015-04-18T10:57:51, Done loop ...
2015-04-18T11:14:24, Setup Complete
2015-04-18T11:14:27, Data: 2015-04-18T11:14:25,3.91,25631,1846.00,1876.00,1862.00,0.34,49.89,6.04,889.45
2015-04-18T11:14:27, Add row to /TRACKING.csv
2015-04-18T11:14:27, Number of rows in /TRACKING.csv: 3
2015-04-18T11:14:30, Done loop ...
2015-04-18T11:31:03, Setup Complete
2015-04-18T11:31:05, Data: 2015-04-18T11:31:03,3.91,25631,1847.00,1867.00,1852.50,0.00,50.48,5.50,889.38
2015-04-18T11:31:05, Add row to /TRACKING.csv
2015-04-18T11:31:05, Number of rows in /TRACKING.csv: 4
2015-04-18T11:31:08, Number of rows in /TRACKING.csv is >= 4
2015-04-18T11:31:08, Remove tracking
2015-04-18T11:31:08, Write to /TRANSMIT.csv: 2015-04-18T11:31:03,3.91,1847.00,0.0,50
2015-04-18T11:31:09, Number of rows in /TRANSMIT.csv: 1
2015-04-18T11:31:09, Current hour = 11, Transmission hour = 1
2015-04-18T11:31:09, Current hour = 11, Transmission hour = 6
2015-04-18T11:31:09, Current hour = 11, Transmission hour = 8
2015-04-18T11:31:09, Current hour = 11, Transmission hour = 10
2015-04-18T11:31:09, Current hour = 11, Transmission hour = 15
2015-04-18T11:31:09, Current hour = 11, Transmission hour = 20
2015-04-18T11:31:09, Current hour = 11, Transmission hour = 22
2015-04-18T11:31:09, Done loop ...
2015-04-18T11:47:41, Setup Complete
2015-04-18T11:47:43, Data: 2015-04-18T11:47:41,3.91,25631,1846.00,1852.00,1849.50,0.91,46.93,4.44,889.73
2015-04-18T11:47:43, Add row to /TRACKING.csv
2015-04-18T11:47:43, Number of rows in /TRACKING.csv: 1
2015-04-18T11:47:46, Done loop ...
2015-04-18T12:04:19, Setup Complete
2015-04-18T12:04:21, Data: 2015-04-18T12:04:19,3.89,25631,1845.00,1855.00,1849.00,1.26,45.59,4.07,889.93
2015-04-18T12:04:22, Add row to /TRACKING.csv
2015-04-18T12:04:22, Number of rows in /TRACKING.csv: 2
2015-04-18T12:04:24, Done loop ...
2015-04-18T12:20:58, Setup Complete
2015-04-18T12:21:00, Data: 2015-04-18T12:20:58,3.67,25631,1838.00,1847.00,1842.50,-2.55,57.70,0.10,889.86
2015-04-18T12:21:00, Add row to /TRACKING.csv
2015-04-18T12:21:00, Number of rows in /TRACKING.csv: 3
2015-04-18T12:21:03, Done loop ...
2015-04-18T12:37:36, Setup Complete
2015-04-18T12:37:38, Data: 2015-04-18T12:37:36,3.67,25631,1830.00,1850.00,1838.00,-2.83,57.89,-1.89,890.19
2015-04-18T12:37:38, Add row to /TRACKING.csv
2015-04-18T12:37:38, Number of rows in /TRACKING.csv: 4
2015-04-18T12:37:42, Number of rows in /TRACKING.csv is >= 4
2015-04-18T12:37:42, Remove tracking
2015-04-18T12:37:42, Write to /TRANSMIT.csv: 2015-04-18T12:37:36,3.67,1830.00,-2.8,58
2015-04-18T12:37:42, Number of rows in /TRANSMIT.csv: 2
2015-04-18T12:37:42, Current hour = 12, Transmission hour = 1
2015-04-18T12:37:42, Current hour = 12, Transmission hour = 6
2015-04-18T12:37:42, Current hour = 12, Transmission hour = 8
2015-04-18T12:37:42, Current hour = 12, Transmission hour = 10
2015-04-18T12:37:42, Current hour = 12, Transmission hour = 15
2015-04-18T12:37:42, Current hour = 12, Transmission hour = 20
2015-04-18T12:37:42, Current hour = 12, Transmission hour = 22
2015-04-18T12:37:42, Done loop ...
2015-04-18T12:54:15, Setup Complete
2015-04-18T12:54:17, Data: 2015-04-18T12:54:15,3.67,25631,1828.00,1850.00,1844.00,-3.05,58.16,-3.01,890.21
2015-04-18T12:54:17, Add row to /TRACKING.csv
2015-04-18T12:54:17, Number of rows in /TRACKING.csv: 1
2015-04-18T12:54:19, Done loop ...
2015-04-18T13:10:53, Setup Complete
2015-04-18T13:10:55, Data: 2015-04-18T13:10:53,3.67,25631,1831.00,1842.00,1836.50,-3.27,59.75,-3.59,890.53
2015-04-18T13:10:55, Add row to /TRACKING.csv
2015-04-18T13:10:55, Number of rows in /TRACKING.csv: 2
2015-04-18T13:10:58, Done loop ...
2015-04-18T13:27:31, Setup Complete
2015-04-18T13:27:33, Data: 2015-04-18T13:27:31,3.66,25631,1833.00,1848.00,1839.50,-3.59,60.84,-4.22,890.62
2015-04-18T13:27:33, Add row to /TRACKING.csv
2015-04-18T13:27:33, Number of rows in /TRACKING.csv: 3
2015-04-18T13:27:36, Done loop ...
2015-04-18T13:44:08, Setup Complete
2015-04-18T13:44:10, Data: 2015-04-18T13:44:08,3.66,25631,1831.00,1850.00,1841.50,-3.67,60.99,-4.53,890.70
2015-04-18T13:44:11, Add row to /TRACKING.csv
2015-04-18T13:44:11, Number of rows in /TRACKING.csv: 4
2015-04-18T13:44:14, Number of rows in /TRACKING.csv is >= 4
2015-04-18T13:44:14, Remove tracking
2015-04-18T13:44:14, Write to /TRANSMIT.csv: 2015-04-18T13:44:08,3.66,1831.00,-3.7,61
2015-04-18T13:44:14, Number of rows in /TRANSMIT.csv: 3
2015-04-18T13:44:14, Current hour = 13, Transmission hour = 1
2015-04-18T13:44:14, Current hour = 13, Transmission hour = 6
2015-04-18T13:44:14, Current hour = 13, Transmission hour = 8
2015-04-18T13:44:14, Current hour = 13, Transmission hour = 10
2015-04-18T13:44:14, Current hour = 13, Transmission hour = 15
2015-04-18T13:44:14, Current hour = 13, Transmission hour = 20
2015-04-18T13:44:14, Current hour = 13, Transmission hour = 22
2015-04-18T13:44:15, Done loop ...
2015-04-18T14:00:46, Setup Complete
2015-04-18T14:00:48, Data: 2015-04-18T14:00:46,3.66,25631,1833.00,1847.00,1840.00,-4.02,63.16,-4.68,890.70
2015-04-18T14:00:48, Add row to /TRACKING.csv
2015-04-18T14:00:48, Number of rows in /TRACKING.csv: 1
2015-04-18T14:00:51, Done loop ...
2015-04-18T14:17:24, Setup Complete
2015-04-18T14:17:26, Data: 2015-04-18T14:17:24,3.66,25631,1834.00,1850.00,1842.00,-4.14,63.97,-4.98,891.00
2015-04-18T14:17:26, Add row to /TRACKING.csv
2015-04-18T14:17:26, Number of rows in /TRACKING.csv: 2
2015-04-18T14:17:29, Done loop ...
2015-04-18T14:34:02, Setup Complete
2015-04-18T14:34:04, Data: 2015-04-18T14:34:02,3.66,25631,1827.00,1852.00,1841.00,-4.21,64.19,-5.08,891.24
2015-04-18T14:34:04, Add row to /TRACKING.csv
2015-04-18T14:34:04, Number of rows in /TRACKING.csv: 3
2015-04-18T14:34:07, Done loop ...
2015-04-18T14:50:39, Setup Complete
2015-04-18T14:50:41, Data: 2015-04-18T14:50:39,3.65,25631,1839.00,1858.00,1844.50,-4.29,64.40,-5.12,891.44
2015-04-18T14:50:41, Add row to /TRACKING.csv
2015-04-18T14:50:42, Number of rows in /TRACKING.csv: 4
2015-04-18T14:50:45, Number of rows in /TRACKING.csv is >= 4
2015-04-18T14:50:45, Remove tracking
2015-04-18T14:50:45, Write to /TRANSMIT.csv: 2015-04-18T14:50:39,3.65,1839.00,-4.3,64
2015-04-18T14:50:45, Number of rows in /TRANSMIT.csv: 4
2015-04-18T14:50:45, Current hour = 14, Transmission hour = 1
2015-04-18T14:50:45, Current hour = 14, Transmission hour = 6
2015-04-18T14:50:45, Current hour = 14, Transmission hour = 8
2015-04-18T14:50:45, Current hour = 14, Transmission hour = 10
2015-04-18T14:50:45, Current hour = 14, Transmission hour = 15
2015-04-18T14:50:45, Current hour = 14, Transmission hour = 20
2015-04-18T14:50:45, Current hour = 14, Transmission hour = 22
2015-04-18T14:50:45, Done loop ...
2015-04-18T15:07:17, Setup Complete
2015-04-18T15:07:19, Data: 2015-04-18T15:07:17,3.66,25631,1830.00,1852.00,1839.00,-4.38,64.78,-5.29,891.64
2015-04-18T15:07:19, Add row to /TRACKING.csv
2015-04-18T15:07:19, Number of rows in /TRACKING.csv: 1
2015-04-18T15:07:22, Done loop ...
2015-04-18T15:23:55, Setup Complete
2015-04-18T15:23:57, Data: 2015-04-18T15:23:55,3.65,25631,1835.00,1847.00,1843.50,-4.33,64.42,-5.38,891.82
2015-04-18T15:23:57, Add row to /TRACKING.csv
2015-04-18T15:23:57, Number of rows in /TRACKING.csv: 2
2015-04-18T15:24:00, Done loop ...
2015-04-18T15:40:32, Setup Complete
2015-04-18T15:40:35, Data: 2015-04-18T15:40:33,3.65,25631,1835.00,1852.00,1842.00,-4.50,64.80,-5.42,891.95
2015-04-18T15:40:35, Add row to /TRACKING.csv
2015-04-18T15:40:35, Number of rows in /TRACKING.csv: 3
2015-04-18T15:40:38, Done loop ...
2015-04-18T15:57:10, Setup Complete
2015-04-18T15:57:12, Data: 2015-04-18T15:57:10,3.66,25631,1823.00,1872.00,1838.50,-4.45,65.30,-5.47,892.04
2015-04-18T15:57:12, Add row to /TRACKING.csv
2015-04-18T15:57:13, Number of rows in /TRACKING.csv: 4
2015-04-18T15:57:16, Number of rows in /TRACKING.csv is >= 4
2015-04-18T15:57:16, Remove tracking
2015-04-18T15:57:16, Write to /TRANSMIT.csv: 2015-04-18T15:57:10,3.66,1823.00,-4.4,65
2015-04-18T15:57:16, Number of rows in /TRANSMIT.csv: 5
2015-04-18T15:57:16, Current hour = 15, Transmission hour = 1
2015-04-18T15:57:16, 1811313185+00050:183-02858:183-03761:184-04364:182-04465
2015-04-18T15:57:18,  - attempt to send message: 1811313185+00050:183-02858:183-03761:184-04364:182-04465
2015-04-18T15:57:19,  - Modem begin successful
2015-04-18T15:57:19,  - Sending...
2015-04-18T15:57:26,  - Send response: 
2015-04-18T15:57:26,   - Sync clocks... 
2015-04-18T15:57:26,  - Arduino Old Time: 2015-04-18T23:57:26
2015-04-18T15:57:23,  - Failed to set valid RTC time
2000-01-01T00:00:00, Message sent! Removing /TRANSMIT.csv
2000-01-01T00:00:00, Done loop ...
2015-04-18T16:13:45, Setup Complete
2015-04-18T16:13:47, Data: 2015-04-18T16:13:45,3.65,25631,1834.00,1855.00,1847.00,-4.63,65.34,-5.67,892.28
2015-04-18T16:13:47, Add row to /TRACKING.csv
2015-04-18T16:13:47, Number of rows in /TRACKING.csv: 1
2015-04-18T16:13:50, Done loop ...
2015-04-18T16:30:23, Setup Complete
2015-04-18T16:30:25, Data: 2015-04-18T16:30:23,3.65,25631,1828.00,1853.00,1841.50,-5.22,67.32,-6.11,892.28
2015-04-18T16:30:25, Add row to /TRACKING.csv
2015-04-18T16:30:25, Number of rows in /TRACKING.csv: 2
2015-04-18T16:30:28, Done loop ...
2015-04-18T16:47:00, Setup Complete
2015-04-18T16:47:03, Data: 2015-04-18T16:47:00,3.65,25631,1833.00,1848.00,1840.00,-5.11,67.40,-5.99,892.49
2015-04-18T16:47:03, Add row to /TRACKING.csv
2015-04-18T16:47:03, Number of rows in /TRACKING.csv: 3
2015-04-18T16:47:06, Done loop ...
2015-04-18T17:03:38, Setup Complete
2015-04-18T17:03:40, Data: 2015-04-18T17:03:38,3.65,25631,1836.00,1848.00,1839.50,-5.14,67.55,-5.97,892.59
2015-04-18T17:03:40, Add row to /TRACKING.csv
2015-04-18T17:03:40, Number of rows in /TRACKING.csv: 4
2015-04-18T17:03:44, Number of rows in /TRACKING.csv is >= 4
2015-04-18T17:03:44, Remove tracking
2015-04-18T17:03:44, Write to /TRANSMIT.csv: 2015-04-18T17:03:38,3.65,1836.00,-5.1,68
2015-04-18T17:03:44, Number of rows in /TRANSMIT.csv: 1
2015-04-18T17:03:44, Current hour = 17, Transmission hour = 1
2015-04-18T17:03:44, Current hour = 17, Transmission hour = 6
2015-04-18T17:03:44, Current hour = 17, Transmission hour = 8
2015-04-18T17:03:44, Current hour = 17, Transmission hour = 10
2015-04-18T17:03:44, Current hour = 17, Transmission hour = 15
2015-04-18T17:03:44, Current hour = 17, Transmission hour = 20
2015-04-18T17:03:44, Current hour = 17, Transmission hour = 22
2015-04-18T17:03:44, Done loop ...
2015-04-18T17:20:16, Setup Complete
2015-04-18T17:20:18, Data: 2015-04-18T17:20:16,3.65,25631,1831.00,1847.00,1838.50,-5.26,67.70,-5.99,892.57
2015-04-18T17:20:18, Add row to /TRACKING.csv
2015-04-18T17:20:18, Number of rows in /TRACKING.csv: 1
2015-04-18T17:20:21, Done loop ...
2015-04-18T17:36:54, Setup Complete
2015-04-18T17:36:56, Data: 2015-04-18T17:36:54,3.65,25631,1828.00,1852.00,1838.00,-5.16,67.24,-5.96,892.81
2015-04-18T17:36:56, Add row to /TRACKING.csv
2015-04-18T17:36:56, Number of rows in /TRACKING.csv: 2
2015-04-18T17:36:59, Done loop ...
2015-04-18T17:53:31, Setup Complete
2015-04-18T17:53:33, Data: 2015-04-18T17:53:31,3.65,25631,1834.00,1855.00,1843.00,-5.21,66.92,-6.01,892.88
2015-04-18T17:53:34, Add row to /TRACKING.csv
2015-04-18T17:53:34, Number of rows in /TRACKING.csv: 3
2015-04-18T17:53:37, Done loop ...
2015-04-18T18:10:09, Setup Complete
2015-04-18T18:10:11, Data: 2015-04-18T18:10:09,3.65,25631,1832.00,1850.00,1837.50,-5.48,67.72,-6.22,892.89
2015-04-18T18:10:11, Add row to /TRACKING.csv
2015-04-18T18:10:11, Number of rows in /TRACKING.csv: 4
2015-04-18T18:10:15, Number of rows in /TRACKING.csv is >= 4
2015-04-18T18:10:15, Remove tracking
2015-04-18T18:10:15, Write to /TRANSMIT.csv: 2015-04-18T18:10:09,3.65,1832.00,-5.5,68
2015-04-18T18:10:15, Number of rows in /TRANSMIT.csv: 2
2015-04-18T18:10:15, Current hour = 18, Transmission hour = 1
2015-04-18T18:10:15, Current hour = 18, Transmission hour = 6
2015-04-18T18:10:15, Current hour = 18, Transmission hour = 8
2015-04-18T18:10:15, Current hour = 18, Transmission hour = 10
2015-04-18T18:10:15, Current hour = 18, Transmission hour = 15
2015-04-18T18:10:15, Current hour = 18, Transmission hour = 20
2015-04-18T18:10:15, Current hour = 18, Transmission hour = 22
2015-04-18T18:10:15, Done loop ...
2015-04-18T18:26:47, Setup Complete
2015-04-18T18:26:49, Data: 2015-04-18T18:26:47,3.65,25631,1836.00,1846.00,1841.50,-5.79,69.51,-6.34,892.80
2015-04-18T18:26:49, Add row to /TRACKING.csv
2015-04-18T18:26:49, Number of rows in /TRACKING.csv: 1
2015-04-18T18:26:51, Done loop ...
2015-04-18T18:43:25, Setup Complete
2015-04-18T18:43:27, Data: 2015-04-18T18:43:25,3.65,25631,1832.00,1851.00,1840.50,-6.09,70.88,-6.70,892.67
2015-04-18T18:43:27, Add row to /TRACKING.csv
2015-04-18T18:43:27, Number of rows in /TRACKING.csv: 2
2015-04-18T18:43:30, Done loop ...
2015-04-18T19:00:02, Setup Complete
2015-04-18T19:00:04, Data: 2015-04-18T19:00:02,3.65,25631,1835.00,1852.00,1842.00,-5.81,69.60,-6.60,892.77
2015-04-18T19:00:04, Add row to /TRACKING.csv
2015-04-18T19:00:05, Number of rows in /TRACKING.csv: 3
2015-04-18T19:00:08, Done loop ...
2015-04-18T19:16:40, Setup Complete
2015-04-18T19:16:42, Data: 2015-04-18T19:16:40,3.65,25631,1832.00,1857.00,1849.00,-5.35,66.04,-6.55,893.12
2015-04-18T19:16:42, Add row to /TRACKING.csv
2015-04-18T19:16:43, Number of rows in /TRACKING.csv: 4
2015-04-18T19:16:46, Number of rows in /TRACKING.csv is >= 4
2015-04-18T19:16:46, Remove tracking
2015-04-18T19:16:46, Write to /TRANSMIT.csv: 2015-04-18T19:16:40,3.65,1832.00,-5.3,66
2015-04-18T19:16:46, Number of rows in /TRANSMIT.csv: 3
2015-04-18T19:16:46, Current hour = 19, Transmission hour = 1
2015-04-18T19:16:46, Current hour = 19, Transmission hour = 6
2015-04-18T19:16:46, Current hour = 19, Transmission hour = 8
2015-04-18T19:16:46, Current hour = 19, Transmission hour = 10
2015-04-18T19:16:46, Current hour = 19, Transmission hour = 15
2015-04-18T19:16:46, Current hour = 19, Transmission hour = 20
2015-04-18T19:16:46, Current hour = 19, Transmission hour = 22
2015-04-18T19:16:46, Done loop ...
2015-04-18T19:33:18, Setup Complete
2015-04-18T19:33:20, Data: 2015-04-18T19:33:18,3.65,25631,1840.00,1858.00,1846.50,-5.33,65.79,-6.54,893.34
2015-04-18T19:33:20, Add row to /TRACKING.csv
2015-04-18T19:33:20, Number of rows in /TRACKING.csv: 1
2015-04-18T19:33:22, Done loop ...
2015-04-18T19:49:55, Setup Complete
2015-04-18T19:49:58, Data: 2015-04-18T19:49:56,3.66,25631,1836.00,1862.00,1849.50,-5.38,65.73,-6.38,893.39
2015-04-18T19:49:58, Add row to /TRACKING.csv
2015-04-18T19:49:58, Number of rows in /TRACKING.csv: 2
2015-04-18T19:50:00, Done loop ...
2015-04-18T20:06:33, Setup Complete
2015-04-18T20:06:35, Data: 2015-04-18T20:06:33,3.65,25631,1833.00,1856.00,1846.00,-5.36,65.62,-6.63,893.68
2015-04-18T20:06:35, Add row to /TRACKING.csv
2015-04-18T20:06:36, Number of rows in /TRACKING.csv: 3
2015-04-18T20:06:39, Done loop ...
2015-04-18T20:23:11, Setup Complete
2015-04-18T20:23:13, Data: 2015-04-18T20:23:11,3.65,25631,1836.00,1853.00,1844.50,-5.58,65.99,-6.69,893.77
2015-04-18T20:23:13, Add row to /TRACKING.csv
2015-04-18T20:23:13, Number of rows in /TRACKING.csv: 4
2015-04-18T20:23:17, Number of rows in /TRACKING.csv is >= 4
2015-04-18T20:23:17, Remove tracking
2015-04-18T20:23:17, Write to /TRANSMIT.csv: 2015-04-18T20:23:11,3.65,1836.00,-5.6,66
2015-04-18T20:23:17, Number of rows in /TRANSMIT.csv: 4
2015-04-18T20:23:17, Current hour = 20, Transmission hour = 1
2015-04-18T20:23:17, Current hour = 20, Transmission hour = 6
2015-04-18T20:23:17, Current hour = 20, Transmission hour = 8
2015-04-18T20:23:17, Current hour = 20, Transmission hour = 10
2015-04-18T20:23:17, Current hour = 20, Transmission hour = 15
2015-04-18T20:23:17, Current hour = 20, Transmission hour = 20
2015-04-18T20:23:17, 1817033184-05168:183-05568:183-05366:184-05666
2015-04-18T20:23:19,  - attempt to send message: 1817033184-05168:183-05568:183-05366:184-05666
2015-04-18T20:23:20,  - Modem begin successful
2015-04-18T20:23:20,  - Sending...
2015-04-18T20:27:28,  - Send response: 
2015-04-18T20:27:28,   - Sync clocks... 
2015-04-18T20:27:28,  - Arduino Old Time: 2015-04-19T04:27:28
2015-04-18T20:27:28,  - Failed to set valid RTC time
2000-01-01T00:00:00, Message sent! Removing /TRANSMIT.csv
2000-01-01T00:00:00, Done loop ...
2015-04-18T20:39:49, Setup Complete
2015-04-18T20:39:51, Data: 2015-04-18T20:39:49,3.65,25631,1837.00,1852.00,1843.00,-5.87,66.77,-6.75,893.79
2015-04-18T20:39:51, Add row to /TRACKING.csv
2015-04-18T20:39:51, Number of rows in /TRACKING.csv: 1
2015-04-18T20:39:53, Done loop ...
2015-04-18T20:56:26, Setup Complete
2015-04-18T20:56:29, Data: 2015-04-18T20:56:27,3.65,25631,1841.00,1856.00,1850.00,-5.84,67.10,-6.88,893.87
2015-04-18T20:56:29, Add row to /TRACKING.csv
2015-04-18T20:56:29, Number of rows in /TRACKING.csv: 2
2015-04-18T20:56:31, Done loop ...
2015-04-18T21:13:04, Setup Complete
2015-04-18T21:13:06, Data: 2015-04-18T21:13:04,3.65,25631,1842.00,1850.00,1847.00,-5.52,65.84,-6.94,893.86
2015-04-18T21:13:06, Add row to /TRACKING.csv
2015-04-18T21:13:07, Number of rows in /TRACKING.csv: 3
2015-04-18T21:13:10, Done loop ...
2015-04-18T21:29:42, Setup Complete
2015-04-18T21:29:44, Data: 2015-04-18T21:29:42,3.65,25631,1843.00,1852.00,1846.50,-5.56,65.23,-6.82,893.92
2015-04-18T21:29:44, Add row to /TRACKING.csv
2015-04-18T21:29:44, Number of rows in /TRACKING.csv: 4
2015-04-18T21:29:48, Number of rows in /TRACKING.csv is >= 4
2015-04-18T21:29:48, Remove tracking
2015-04-18T21:29:48, Write to /TRANSMIT.csv: 2015-04-18T21:29:42,3.65,1843.00,-5.6,65
2015-04-18T21:29:48, Number of rows in /TRANSMIT.csv: 1
2015-04-18T21:29:48, Current hour = 21, Transmission hour = 1
2015-04-18T21:29:48, Current hour = 21, Transmission hour = 6
2015-04-18T21:29:48, Current hour = 21, Transmission hour = 8
2015-04-18T21:29:48, Current hour = 21, Transmission hour = 10
2015-04-18T21:29:48, Current hour = 21, Transmission hour = 15
2015-04-18T21:29:48, Current hour = 21, Transmission hour = 20
2015-04-18T21:29:48, Current hour = 21, Transmission hour = 22
2015-04-18T21:29:48, Done loop ...
2015-04-18T21:46:20, Setup Complete
2015-04-18T21:46:22, Data: 2015-04-18T21:46:20,3.65,25631,1837.00,1857.00,1851.00,-6.25,67.30,-7.20,893.76
2015-04-18T21:46:22, Add row to /TRACKING.csv
2015-04-18T21:46:22, Number of rows in /TRACKING.csv: 1
2015-04-18T21:46:24, Done loop ...
2015-04-18T22:02:57, Setup Complete
2015-04-18T22:03:00, Data: 2015-04-18T22:02:58,3.65,25631,1835.00,1854.00,1840.50,-6.21,67.00,-7.36,894.01
2015-04-18T22:03:00, Add row to /TRACKING.csv
2015-04-18T22:03:00, Number of rows in /TRACKING.csv: 2
2015-04-18T22:03:02, Done loop ...
2015-04-18T22:19:35, Setup Complete
2015-04-18T22:19:37, Data: 2015-04-18T22:19:35,3.65,25631,1835.00,1852.00,1842.00,-6.21,68.62,-7.21,894.17
2015-04-18T22:19:38, Add row to /TRACKING.csv
2015-04-18T22:19:38, Number of rows in /TRACKING.csv: 3
2015-04-18T22:19:41, Done loop ...
2015-04-18T22:36:13, Setup Complete
2015-04-18T22:36:15, Data: 2015-04-18T22:36:13,3.65,25631,1839.00,1855.00,1844.50,-6.09,66.66,-7.31,894.35
2015-04-18T22:36:15, Add row to /TRACKING.csv
2015-04-18T22:36:15, Number of rows in /TRACKING.csv: 4
2015-04-18T22:36:19, Number of rows in /TRACKING.csv is >= 4
2015-04-18T22:36:19, Remove tracking
2015-04-18T22:36:19, Write to /TRANSMIT.csv: 2015-04-18T22:36:13,3.65,1839.00,-6.1,67
2015-04-18T22:36:19, Number of rows in /TRANSMIT.csv: 2
2015-04-18T22:36:19, Current hour = 22, Transmission hour = 1
2015-04-18T22:36:19, Current hour = 22, Transmission hour = 6
2015-04-18T22:36:19, Current hour = 22, Transmission hour = 8
2015-04-18T22:36:19, Current hour = 22, Transmission hour = 10
2015-04-18T22:36:19, Current hour = 22, Transmission hour = 15
2015-04-18T22:36:19, Current hour = 22, Transmission hour = 20
2015-04-18T22:36:19, Current hour = 22, Transmission hour = 22
2015-04-18T22:36:19, 1821293184-05665:184-06167
2015-04-18T22:36:21,  - attempt to send message: 1821293184-05665:184-06167
2015-04-18T22:36:22,  - Modem begin successful
2015-04-18T22:36:22,  - Sending...
2015-04-18T22:39:56,  - Send response: 
2015-04-18T22:39:56,   - Sync clocks... 
2015-04-18T22:39:56,  - Arduino Old Time: 2015-04-19T06:39:56
2015-04-18T22:39:56,  - Failed to set valid RTC time
2000-01-01T00:00:00, Message sent! Removing /TRANSMIT.csv
2000-01-01T00:00:00, Done loop ...
2015-04-18T22:52:51, Setup Complete
2015-04-18T22:52:53, Data: 2015-04-18T22:52:51,3.65,25631,1838.00,1855.00,1847.50,-6.14,67.54,-7.17,894.22
2015-04-18T22:52:53, Add row to /TRACKING.csv
2015-04-18T22:52:53, Number of rows in /TRACKING.csv: 1
2015-04-18T22:52:55, Done loop ...
2015-04-18T23:09:28, Setup Complete
2015-04-18T23:09:31, Data: 2015-04-18T23:09:28,3.65,25631,1837.00,1856.00,1852.00,-5.49,62.69,-7.08,894.08
2015-04-18T23:09:31, Add row to /TRACKING.csv
2015-04-18T23:09:31, Number of rows in /TRACKING.csv: 2
2015-04-18T23:09:33, Done loop ...
2015-04-18T23:26:06, Setup Complete
2015-04-18T23:26:08, Data: 2015-04-18T23:26:06,3.65,25631,1841.00,1854.00,1845.00,-5.55,63.00,-7.02,894.08
2015-04-18T23:26:08, Add row to /TRACKING.csv
2015-04-18T23:26:09, Number of rows in /TRACKING.csv: 3
2015-04-18T23:26:11, Done loop ...
2015-04-18T23:42:44, Setup Complete
2015-04-18T23:42:46, Data: 2015-04-18T23:42:44,3.65,25631,1841.00,1855.00,1847.00,-5.95,64.61,-7.16,894.25
2015-04-18T23:42:46, Add row to /TRACKING.csv
2015-04-18T23:42:46, Number of rows in /TRACKING.csv: 4
2015-04-18T23:42:50, Number of rows in /TRACKING.csv is >= 4
2015-04-18T23:42:50, Remove tracking
2015-04-18T23:42:50, Write to /TRANSMIT.csv: 2015-04-18T23:42:44,3.65,1841.00,-5.9,65
2015-04-18T23:42:50, Number of rows in /TRANSMIT.csv: 1
2015-04-18T23:42:50, Current hour = 23, Transmission hour = 1
2015-04-18T23:42:50, Current hour = 23, Transmission hour = 6
2015-04-18T23:42:50, Current hour = 23, Transmission hour = 8
2015-04-18T23:42:50, Current hour = 23, Transmission hour = 10
2015-04-18T23:42:50, Current hour = 23, Transmission hour = 15
2015-04-18T23:42:50, Current hour = 23, Transmission hour = 20
2015-04-18T23:42:50, Current hour = 23, Transmission hour = 22
2015-04-18T23:42:50, Done loop ...
2015-04-18T23:59:22, Setup Complete
2015-04-18T23:59:24, Data: 2015-04-18T23:59:22,3.65,25631,1842.00,1852.00,1847.50,-6.66,68.02,-7.41,894.07
2015-04-18T23:59:24, Add row to /TRACKING.csv
2015-04-18T23:59:24, Number of rows in /TRACKING.csv: 1
2015-04-18T23:59:26, Done loop ...
2015-04-19T00:15:59, Setup Complete
2015-04-19T00:16:02, Data: 2015-04-19T00:15:59,3.65,25631,1844.00,1855.00,1849.00,-5.91,63.83,-7.49,894.30
2015-04-19T00:16:02, Add row to /TRACKING.csv
2015-04-19T00:16:02, Number of rows in /TRACKING.csv: 2
2015-04-19T00:16:04, Done loop ...
2015-04-19T00:32:37, Setup Complete
2015-04-19T00:32:39, Data: 2015-04-19T00:32:37,3.65,25631,1850.00,1858.00,1855.50,-4.79,57.06,-7.15,894.37
2015-04-19T00:32:39, Add row to /TRACKING.csv
2015-04-19T00:32:39, Number of rows in /TRACKING.csv: 3
2015-04-19T00:32:42, Done loop ...
2015-04-19T00:49:15, Setup Complete
2015-04-19T00:49:17, Data: 2015-04-19T00:49:15,3.65,25631,1845.00,1860.00,1856.50,-4.44,56.76,-6.41,894.36
2015-04-19T00:49:17, Add row to /TRACKING.csv
2015-04-19T00:49:17, Number of rows in /TRACKING.csv: 4
2015-04-19T00:49:20, Number of rows in /TRACKING.csv is >= 4
2015-04-19T00:49:21, Remove tracking
2015-04-19T00:49:21, Write to /TRANSMIT.csv: 2015-04-19T00:49:15,3.65,1845.00,-4.4,57
2015-04-19T00:49:21, Number of rows in /TRANSMIT.csv: 2
2015-04-19T00:49:21, Current hour = 0, Transmission hour = 1
2015-04-19T00:49:21, Current hour = 0, Transmission hour = 6
2015-04-19T00:49:21, Current hour = 0, Transmission hour = 8
2015-04-19T00:49:21, Current hour = 0, Transmission hour = 10
2015-04-19T00:49:21, Current hour = 0, Transmission hour = 15
2015-04-19T00:49:21, Current hour = 0, Transmission hour = 20
2015-04-19T00:49:21, Current hour = 0, Transmission hour = 22
2015-04-19T00:49:21, Done loop ...
2015-04-19T01:05:53, Setup Complete
2015-04-19T01:05:55, Data: 2015-04-19T01:05:53,3.65,25631,1847.00,1859.00,1852.00,-4.79,57.28,-6.31,894.34
2015-04-19T01:05:55, Add row to /TRACKING.csv
2015-04-19T01:05:55, Number of rows in /TRACKING.csv: 1
2015-04-19T01:05:57, Done loop ...
2015-04-19T01:22:30, Setup Complete
2015-04-19T01:22:32, Data: 2015-04-19T01:22:30,3.65,25631,1850.00,1854.00,1852.00,-4.33,54.55,-6.13,894.23
2015-04-19T01:22:32, Add row to /TRACKING.csv
2015-04-19T01:22:33, Number of rows in /TRACKING.csv: 2
2015-04-19T01:22:35, Done loop ...
2015-04-19T01:39:08, Setup Complete
2015-04-19T01:39:10, Data: 2015-04-19T01:39:08,3.65,25631,1848.00,1858.00,1852.50,-4.36,55.43,-6.05,894.29
2015-04-19T01:39:10, Add row to /TRACKING.csv
2015-04-19T01:39:10, Number of rows in /TRACKING.csv: 3
2015-04-19T01:39:13, Done loop ...
2015-04-19T01:55:46, Setup Complete
2015-04-19T01:55:48, Data: 2015-04-19T01:55:46,3.65,25631,1842.00,1854.00,1848.00,-5.43,59.32,-6.43,894.21
2015-04-19T01:55:48, Add row to /TRACKING.csv
2015-04-19T01:55:48, Number of rows in /TRACKING.csv: 4
2015-04-19T01:55:51, Number of rows in /TRACKING.csv is >= 4
2015-04-19T01:55:51, Remove tracking
2015-04-19T01:55:51, Write to /TRANSMIT.csv: 2015-04-19T01:55:46,3.65,1842.00,-5.4,59
2015-04-19T01:55:52, Number of rows in /TRANSMIT.csv: 3
2015-04-19T01:55:52, Current hour = 1, Transmission hour = 1
2015-04-19T01:55:52, 1823423184-05965:185-04457:184-05459
2015-04-19T01:55:54,  - attempt to send message: 1823423184-05965:185-04457:184-05459
2015-04-19T01:55:54,  - Modem begin successful
2015-04-19T01:55:54,  - Sending...
2015-04-19T01:56:48,  - Send response: 
2015-04-19T01:56:48,   - Sync clocks... 
2015-04-19T01:56:48,  - Arduino Old Time: 2015-04-19T09:56:48
2015-04-19T01:56:47,  - Failed to set valid RTC time
2000-01-01T00:00:00, Message sent! Removing /TRANSMIT.csv
2000-01-01T00:00:00, Done loop ...
2015-04-19T02:12:22, Setup Complete
2015-04-19T02:12:25, Data: 2015-04-19T02:12:22,3.65,25631,1841.00,1857.00,1851.00,-5.81,60.87,-6.80,894.23
2015-04-19T02:12:25, Add row to /TRACKING.csv
2015-04-19T02:12:25, Number of rows in /TRACKING.csv: 1
2015-04-19T02:12:27, Done loop ...
2015-04-19T02:29:00, Setup Complete
2015-04-19T02:29:02, Data: 2015-04-19T02:29:00,3.65,25631,1837.00,1852.00,1844.50,-5.63,58.77,-7.03,894.13
2015-04-19T02:29:02, Add row to /TRACKING.csv
2015-04-19T02:29:03, Number of rows in /TRACKING.csv: 2
2015-04-19T02:29:05, Done loop ...
2015-04-19T02:45:38, Setup Complete
2015-04-19T02:45:40, Data: 2015-04-19T02:45:38,3.65,25631,1845.00,1855.00,1851.00,-5.77,59.90,-7.26,894.31
2015-04-19T02:45:40, Add row to /TRACKING.csv
2015-04-19T02:45:40, Number of rows in /TRACKING.csv: 3
2015-04-19T02:45:43, Done loop ...
2015-04-19T03:02:16, Setup Complete
2015-04-19T03:02:18, Data: 2015-04-19T03:02:16,3.65,25631,1843.00,1857.00,1854.00,-5.31,57.86,-7.25,894.45
2015-04-19T03:02:18, Add row to /TRACKING.csv
2015-04-19T03:02:18, Number of rows in /TRACKING.csv: 4
2015-04-19T03:02:21, Number of rows in /TRACKING.csv is >= 4
2015-04-19T03:02:21, Remove tracking
2015-04-19T03:02:21, Write to /TRANSMIT.csv: 2015-04-19T03:02:16,3.65,1843.00,-5.3,58
2015-04-19T03:02:22, Number of rows in /TRANSMIT.csv: 1
2015-04-19T03:02:22, Current hour = 3, Transmission hour = 1
2015-04-19T03:02:22, Current hour = 3, Transmission hour = 6
2015-04-19T03:02:22, Current hour = 3, Transmission hour = 8
2015-04-19T03:02:22, Current hour = 3, Transmission hour = 10
2015-04-19T03:02:22, Current hour = 3, Transmission hour = 15
2015-04-19T03:02:22, Current hour = 3, Transmission hour = 20
2015-04-19T03:02:22, Current hour = 3, Transmission hour = 22
2015-04-19T03:02:22, Done loop ...
2015-04-19T03:18:53, Setup Complete
2015-04-19T03:18:56, Data: 2015-04-19T03:18:53,3.65,25631,1849.00,1857.00,1850.00,-5.80,60.18,-7.23,894.49
2015-04-19T03:18:56, Add row to /TRACKING.csv
2015-04-19T03:18:56, Number of rows in /TRACKING.csv: 1
2015-04-19T03:18:58, Done loop ...
2015-04-19T03:35:31, Setup Complete
2015-04-19T03:35:33, Data: 2015-04-19T03:35:31,3.65,25631,1835.00,1861.00,1853.00,-5.55,56.33,-7.20,894.52
2015-04-19T03:35:33, Add row to /TRACKING.csv
2015-04-19T03:35:34, Number of rows in /TRACKING.csv: 2
2015-04-19T03:35:36, Done loop ...
2015-04-19T03:52:09, Setup Complete
2015-04-19T03:52:11, Data: 2015-04-19T03:52:09,3.65,25631,1846.00,1870.00,1858.50,-5.23,56.15,-7.19,894.42
2015-04-19T03:52:11, Add row to /TRACKING.csv
2015-04-19T03:52:11, Number of rows in /TRACKING.csv: 3
2015-04-19T03:52:14, Done loop ...
2015-04-19T04:08:47, Setup Complete
2015-04-19T04:08:49, Data: 2015-04-19T04:08:47,3.65,25631,1846.00,1857.00,1852.00,-5.04,53.80,-7.01,894.60
2015-04-19T04:08:49, Add row to /TRACKING.csv
2015-04-19T04:08:49, Number of rows in /TRACKING.csv: 4
2015-04-19T04:08:52, Number of rows in /TRACKING.csv is >= 4
2015-04-19T04:08:52, Remove tracking
2015-04-19T04:08:52, Write to /TRANSMIT.csv: 2015-04-19T04:08:47,3.65,1846.00,-5.0,54
2015-04-19T04:08:53, Number of rows in /TRANSMIT.csv: 2
2015-04-19T04:08:53, Current hour = 4, Transmission hour = 1
2015-04-19T04:08:53, Current hour = 4, Transmission hour = 6
2015-04-19T04:08:53, Current hour = 4, Transmission hour = 8
2015-04-19T04:08:53, Current hour = 4, Transmission hour = 10
2015-04-19T04:08:53, Current hour = 4, Transmission hour = 15
2015-04-19T04:08:53, Current hour = 4, Transmission hour = 20
2015-04-19T04:08:53, Current hour = 4, Transmission hour = 22
2015-04-19T04:08:53, Done loop ...
2015-04-19T04:25:24, Setup Complete
2015-04-19T04:25:27, Data: 2015-04-19T04:25:24,3.65,25631,1848.00,1858.00,1852.00,-5.40,56.33,-6.82,894.55
2015-04-19T04:25:27, Add row to /TRACKING.csv
2015-04-19T04:25:27, Number of rows in /TRACKING.csv: 1
2015-04-19T04:25:29, Done loop ...
2015-04-19T04:42:02, Setup Complete
2015-04-19T04:42:05, Data: 2015-04-19T04:42:02,3.65,25631,1832.00,1852.00,1844.50,-5.43,54.82,-7.06,894.66
2015-04-19T04:42:05, Add row to /TRACKING.csv
2015-04-19T04:42:05, Number of rows in /TRACKING.csv: 2
2015-04-19T04:42:07, Done loop ...
2015-04-19T04:58:41, Setup Complete
2015-04-19T04:58:43, Data: 2015-04-19T04:58:41,3.65,25631,1839.00,1854.00,1845.00,-5.28,54.42,-6.81,894.62
2015-04-19T04:58:43, Add row to /TRACKING.csv
2015-04-19T04:58:43, Number of rows in /TRACKING.csv: 3
2015-04-19T04:58:46, Done loop ...
2015-04-19T05:15:20, Setup Complete
2015-04-19T05:15:22, Data: 2015-04-19T05:15:20,3.65,25631,1849.00,1852.00,1851.00,-5.43,55.41,-6.65,894.75
2015-04-19T05:15:22, Add row to /TRACKING.csv
2015-04-19T05:15:22, Number of rows in /TRACKING.csv: 4
2015-04-19T05:15:25, Number of rows in /TRACKING.csv is >= 4
2015-04-19T05:15:25, Remove tracking
2015-04-19T05:15:25, Write to /TRANSMIT.csv: 2015-04-19T05:15:20,3.65,1849.00,-5.4,55
2015-04-19T05:15:25, Number of rows in /TRANSMIT.csv: 3
2015-04-19T05:15:25, Current hour = 5, Transmission hour = 1
2015-04-19T05:15:25, Current hour = 5, Transmission hour = 6
2015-04-19T05:15:26, Current hour = 5, Transmission hour = 8
2015-04-19T05:15:26, Current hour = 5, Transmission hour = 10
2015-04-19T05:15:26, Current hour = 5, Transmission hour = 15
2015-04-19T05:15:26, Current hour = 5, Transmission hour = 20
2015-04-19T05:15:26, Current hour = 5, Transmission hour = 22
2015-04-19T05:15:26, Done loop ...
2015-04-19T05:31:58, Setup Complete
2015-04-19T05:32:00, Data: 2015-04-19T05:31:58,3.91,25631,1853.00,1872.00,1863.50,-4.02,52.65,-4.07,895.13
2015-04-19T05:32:00, Add row to /TRACKING.csv
2015-04-19T05:32:00, Number of rows in /TRACKING.csv: 1
2015-04-19T05:32:03, Done loop ...
2015-04-19T05:48:37, Setup Complete
2015-04-19T05:48:39, Data: 2015-04-19T05:48:37,3.92,25631,1862.00,1883.00,1875.50,-1.95,47.17,1.33,895.21
2015-04-19T05:48:39, Add row to /TRACKING.csv
2015-04-19T05:48:39, Number of rows in /TRACKING.csv: 2
2015-04-19T05:48:42, Done loop ...
2015-04-19T06:05:15, Setup Complete
2015-04-19T06:05:17, Data: 2015-04-19T06:05:15,3.92,25631,1883.00,1908.00,1898.50,-2.46,46.01,3.73,894.94
2015-04-19T06:05:17, Add row to /TRACKING.csv
2015-04-19T06:05:17, Number of rows in /TRACKING.csv: 3
2015-04-19T06:05:20, Done loop ...
2015-04-19T06:21:53, Setup Complete
2015-04-19T06:21:55, Data: 2015-04-19T06:21:53,3.92,25631,1868.00,1908.00,1878.50,-0.74,44.22,5.64,895.14
2015-04-19T06:21:56, Add row to /TRACKING.csv
2015-04-19T06:21:56, Number of rows in /TRACKING.csv: 4
2015-04-19T06:21:59, Number of rows in /TRACKING.csv is >= 4
2015-04-19T06:21:59, Remove tracking
2015-04-19T06:21:59, Write to /TRANSMIT.csv: 2015-04-19T06:21:53,3.92,1868.00,-0.7,44
2015-04-19T06:21:59, Number of rows in /TRANSMIT.csv: 4
2015-04-19T06:21:59, Current hour = 6, Transmission hour = 1
2015-04-19T06:21:59, Current hour = 6, Transmission hour = 6
2015-04-19T06:21:59, 1903026184-05358:185-05054:185-05455:187-00744
2015-04-19T06:22:01,  - attempt to send message: 1903026184-05358:185-05054:185-05455:187-00744
2015-04-19T06:22:02,  - Modem begin successful
2015-04-19T06:22:02,  - Sending...
2015-04-19T06:22:55,  - Send response: 
2015-04-19T06:22:55,   - Sync clocks... 
2015-04-19T06:22:55,  - Arduino Old Time: 2015-04-19T14:22:55
2015-04-19T06:22:54,  - Failed to set valid RTC time
2000-01-01T00:00:00, Message sent! Removing /TRANSMIT.csv
2000-01-01T00:00:00, Done loop ...
2015-04-19T06:38:31, Setup Complete
2015-04-19T06:38:33, Data: 2015-04-19T06:38:31,3.93,25631,1885.00,1907.00,1899.50,-2.69,52.75,5.83,895.06
2015-04-19T06:38:33, Add row to /TRACKING.csv
2015-04-19T06:38:33, Number of rows in /TRACKING.csv: 1
2015-04-19T06:38:35, Done loop ...
2015-04-19T06:55:09, Setup Complete
2015-04-19T06:55:11, Data: 2015-04-19T06:55:09,3.91,25631,1904.00,1915.00,1909.00,-0.97,44.20,5.80,895.16
2015-04-19T06:55:11, Add row to /TRACKING.csv
2015-04-19T06:55:11, Number of rows in /TRACKING.csv: 2
2015-04-19T06:55:14, Done loop ...
2015-04-19T07:11:47, Setup Complete
2015-04-19T07:11:49, Data: 2015-04-19T07:11:47,3.92,25631,1879.00,1902.00,1893.50,0.09,45.10,5.95,895.13
2015-04-19T07:11:49, Add row to /TRACKING.csv
2015-04-19T07:11:49, Number of rows in /TRACKING.csv: 3
2015-04-19T07:11:52, Done loop ...
2015-04-19T07:28:25, Setup Complete
2015-04-19T07:28:27, Data: 2015-04-19T07:28:25,3.92,25631,1894.00,1929.00,1925.00,-0.73,41.41,6.06,895.22
2015-04-19T07:28:27, Add row to /TRACKING.csv
2015-04-19T07:28:28, Number of rows in /TRACKING.csv: 4
2015-04-19T07:28:31, Number of rows in /TRACKING.csv is >= 4
2015-04-19T07:28:31, Remove tracking
2015-04-19T07:28:31, Write to /TRANSMIT.csv: 2015-04-19T07:28:25,3.92,1894.00,-0.7,41
2015-04-19T07:28:31, Number of rows in /TRANSMIT.csv: 1
2015-04-19T07:28:31, Current hour = 7, Transmission hour = 1
2015-04-19T07:28:31, Current hour = 7, Transmission hour = 6
2015-04-19T07:28:31, Current hour = 7, Transmission hour = 8
2015-04-19T07:28:31, Current hour = 7, Transmission hour = 10
2015-04-19T07:28:31, Current hour = 7, Transmission hour = 15
2015-04-19T07:28:31, Current hour = 7, Transmission hour = 20
2015-04-19T07:28:31, Current hour = 7, Transmission hour = 22
2015-04-19T07:28:31, Done loop ...
2015-04-19T07:45:03, Setup Complete
2015-04-19T07:45:06, Data: 2015-04-19T07:45:03,3.92,25631,1884.00,1916.00,1902.00,-0.94,50.36,5.93,895.31
2015-04-19T07:45:06, Add row to /TRACKING.csv
2015-04-19T07:45:06, Number of rows in /TRACKING.csv: 1
2015-04-19T07:45:08, Done loop ...
2015-04-19T08:01:42, Setup Complete
2015-04-19T08:01:44, Data: 2015-04-19T08:01:42,3.91,25631,1918.00,1927.00,1923.00,-0.85,51.66,6.89,895.35
2015-04-19T08:01:44, Add row to /TRACKING.csv
2015-04-19T08:01:44, Number of rows in /TRACKING.csv: 2
2015-04-19T08:01:47, Done loop ...
2015-04-19T08:18:20, Setup Complete
2015-04-19T08:18:22, Data: 2015-04-19T08:18:20,3.92,25631,1905.00,1914.00,1910.50,-1.41,44.66,7.43,895.17
2015-04-19T08:18:22, Add row to /TRACKING.csv
2015-04-19T08:18:22, Number of rows in /TRACKING.csv: 3
2015-04-19T08:18:25, Done loop ...
2015-04-19T08:34:58, Setup Complete
2015-04-19T08:35:00, Data: 2015-04-19T08:34:58,3.92,25631,1900.00,1909.00,1904.00,-1.16,45.10,6.76,895.21
2015-04-19T08:35:00, Add row to /TRACKING.csv
2015-04-19T08:35:00, Number of rows in /TRACKING.csv: 4
2015-04-19T08:35:04, Number of rows in /TRACKING.csv is >= 4
2015-04-19T08:35:04, Remove tracking
2015-04-19T08:35:04, Write to /TRANSMIT.csv: 2015-04-19T08:34:58,3.92,1900.00,-1.2,45
2015-04-19T08:35:04, Number of rows in /TRANSMIT.csv: 2
2015-04-19T08:35:04, Current hour = 8, Transmission hour = 1
2015-04-19T08:35:04, Current hour = 8, Transmission hour = 6
2015-04-19T08:35:04, Current hour = 8, Transmission hour = 8
2015-04-19T08:35:04, 1907286189-00741:190-01245
2015-04-19T08:35:06,  - attempt to send message: 1907286189-00741:190-01245
2015-04-19T08:35:07,  - Modem begin successful
2015-04-19T08:35:07,  - Sending...
2015-04-19T08:35:47,  - Send response: 
2015-04-19T08:35:47,   - Sync clocks... 
2015-04-19T08:35:47,  - Arduino Old Time: 2015-04-19T16:35:47
2015-04-19T08:35:46,  - Failed to set valid RTC time
2000-01-01T00:00:00, Message sent! Removing /TRANSMIT.csv
2000-01-01T00:00:00, Done loop ...
2015-04-19T08:51:35, Setup Complete
2015-04-19T08:51:37, Data: 2015-04-19T08:51:35,3.93,25631,1888.00,1906.00,1893.00,-0.56,41.67,6.94,895.17
2015-04-19T08:51:37, Add row to /TRACKING.csv
2015-04-19T08:51:37, Number of rows in /TRACKING.csv: 1
2015-04-19T08:51:40, Done loop ...
2015-04-19T09:08:13, Setup Complete
2015-04-19T09:08:15, Data: 2015-04-19T09:08:13,3.91,25631,1899.00,1918.00,1914.00,-0.04,51.30,7.38,895.23
2015-04-19T09:08:15, Add row to /TRACKING.csv
2015-04-19T09:08:16, Number of rows in /TRACKING.csv: 2
2015-04-19T09:08:18, Done loop ...
2015-04-19T09:24:51, Setup Complete
2015-04-19T09:24:54, Data: 2015-04-19T09:24:51,3.92,25631,1877.00,1921.00,1903.50,-0.22,45.24,7.54,895.15
2015-04-19T09:24:54, Add row to /TRACKING.csv
2015-04-19T09:24:54, Number of rows in /TRACKING.csv: 3
2015-04-19T09:24:57, Done loop ...
2015-04-19T09:41:30, Setup Complete
2015-04-19T09:41:32, Data: 2015-04-19T09:41:30,3.91,25631,1892.00,1917.00,1912.00,0.33,38.74,7.94,894.97
2015-04-19T09:41:32, Add row to /TRACKING.csv
2015-04-19T09:41:32, Number of rows in /TRACKING.csv: 4
2015-04-19T09:41:35, Number of rows in /TRACKING.csv is >= 4
2015-04-19T09:41:35, Remove tracking
2015-04-19T09:41:35, Write to /TRANSMIT.csv: 2015-04-19T09:41:30,3.91,1892.00,0.3,39
2015-04-19T09:41:35, Number of rows in /TRANSMIT.csv: 1
2015-04-19T09:41:35, Current hour = 9, Transmission hour = 1
2015-04-19T09:41:35, Current hour = 9, Transmission hour = 6
2015-04-19T09:41:36, Current hour = 9, Transmission hour = 8
2015-04-19T09:41:36, Current hour = 9, Transmission hour = 10
2015-04-19T09:41:36, Current hour = 9, Transmission hour = 15
2015-04-19T09:41:36, Current hour = 9, Transmission hour = 20
2015-04-19T09:41:36, Current hour = 9, Transmission hour = 22
2015-04-19T09:41:36, Done loop ...
2015-04-19T09:50:27, Setup Complete
2015-04-19T09:50:29, Data: 2015-04-19T09:50:27,4.12,25631,1868.00,1910.00,1895.50,-0.05,41.83,0.72,894.99
2015-04-19T09:50:29, Add row to /TRACKING.csv
2015-04-19T09:50:29, Number of rows in /TRACKING.csv: 1
2015-04-19T09:50:31, Done loop ...
2015-04-19T09:50:36, Power down failed
2015-04-19T09:50:39, Data: 2015-04-19T09:50:36,4.14,24507,1876.00,1901.00,1895.00,-0.02,41.90,0.69,894.97
2015-04-19T09:50:39, Add row to /TRACKING.csv
2015-04-19T09:50:39, Number of rows in /TRACKING.csv: 2
2015-04-19T09:50:41, Done loop ...
2015-04-19T09:50:47, Power down failed
2015-04-19T09:50:49, Data: 2015-04-19T09:50:47,4.19,24335,1871.00,1896.00,1885.00,-0.02,41.50,0.74,894.96
2015-04-19T09:50:49, Add row to /TRACKING.csv
2015-04-19T09:50:49, Number of rows in /TRACKING.csv: 3
2015-04-19T09:50:52, Done loop ...
2015-04-19T09:50:57, Power down failed
2015-04-19T09:50:59, Data: 2015-04-19T09:50:57,4.08,24247,1865.00,1896.00,1887.00,0.00,41.42,0.76,894.98
2015-04-19T09:50:59, Add row to /TRACKING.csv
2015-04-19T09:50:59, Number of rows in /TRACKING.csv: 4
2015-04-19T09:51:03, Number of rows in /TRACKING.csv is >= 4
2015-04-19T09:51:03, Remove tracking
2015-04-19T09:51:03, Write to /TRANSMIT.csv: 2015-04-19T09:50:57,4.08,1865.00,0.0,41
2015-04-19T09:51:03, Number of rows in /TRANSMIT.csv: 2
2015-04-19T09:51:03, Current hour = 9, Transmission hour = 1
2015-04-19T09:51:03, Current hour = 9, Transmission hour = 6
2015-04-19T09:51:03, Current hour = 9, Transmission hour = 8
2015-04-19T09:51:03, Current hour = 9, Transmission hour = 10
2015-04-19T09:51:03, Current hour = 9, Transmission hour = 15
2015-04-19T09:51:03, Current hour = 9, Transmission hour = 20
2015-04-19T09:51:03, Current hour = 9, Transmission hour = 22
2015-04-19T09:51:03, Done loop ...
2015-04-19T09:51:08, Power down failed
2015-04-19T09:51:10, Data: 2015-04-19T09:51:08,4.16,24151,1886.00,1901.00,1896.50,0.02,41.61,0.74,894.98
2015-04-19T09:51:10, Add row to /TRACKING.csv
2015-04-19T09:51:11, Number of rows in /TRACKING.csv: 1
2015-04-19T09:51:13, Done loop ...
2015-04-19T09:51:18, Power down failed
2015-04-19T09:51:20, Data: 2015-04-19T09:51:18,4.12,24151,1879.00,1898.00,1892.00,0.02,41.89,0.69,894.96
2015-04-19T09:51:20, Add row to /TRACKING.csv
2015-04-19T09:51:21, Number of rows in /TRACKING.csv: 2
2015-04-19T09:51:23, Done loop ...
2015-04-19T09:51:28, Power down failed
2015-04-19T09:51:30, Data: 2015-04-19T09:51:28,4.07,24151,1875.00,1899.00,1890.00,0.03,41.57,0.68,894.98
2015-04-19T09:51:30, Add row to /TRACKING.csv
2015-04-19T09:51:31, Number of rows in /TRACKING.csv: 3
2015-04-19T09:51:34, Done loop ...
2015-04-19T09:51:39, Power down failed
2015-04-19T09:51:41, Data: 2015-04-19T09:51:39,4.15,24151,1883.00,1895.00,1889.00,0.05,41.05,0.72,894.98
2015-04-19T09:51:41, Add row to /TRACKING.csv
2015-04-19T09:51:41, Number of rows in /TRACKING.csv: 4
2015-04-19T09:51:44, Number of rows in /TRACKING.csv is >= 4
2015-04-19T09:51:44, Remove tracking
2015-04-19T09:51:44, Write to /TRANSMIT.csv: 2015-04-19T09:51:39,4.15,1883.00,0.1,41
2015-04-19T09:51:45, Number of rows in /TRANSMIT.csv: 3
2015-04-19T09:51:45, Current hour = 9, Transmission hour = 1
2015-04-19T09:51:45, Current hour = 9, Transmission hour = 6
2015-04-19T09:51:45, Current hour = 9, Transmission hour = 8
2015-04-19T09:51:45, Current hour = 9, Transmission hour = 10
2015-04-19T09:51:45, Current hour = 9, Transmission hour = 15
2015-04-19T09:51:45, Current hour = 9, Transmission hour = 20
2015-04-19T09:51:45, Current hour = 9, Transmission hour = 22
2015-04-19T09:51:45, Done loop ...
2015-04-19T09:51:50, Power down failed
2015-04-19T09:51:52, Data: 2015-04-19T09:51:50,4.15,23919,1885.00,1896.00,1890.00,0.07,40.90,0.79,894.96
2015-04-19T09:51:52, Add row to /TRACKING.csv
2015-04-19T09:51:52, Number of rows in /TRACKING.csv: 1
2015-04-19T09:51:55, Done loop ...
2015-04-19T09:52:00, Power down failed
2015-04-19T09:52:02, Data: 2015-04-19T09:52:00,4.08,23919,1876.00,1893.00,1887.50,0.09,41.21,0.80,894.98
2015-04-19T09:52:02, Add row to /TRACKING.csv
2015-04-19T09:52:02, Number of rows in /TRACKING.csv: 2
2015-04-19T09:52:05, Done loop ...
2015-04-19T09:52:10, Power down failed
2015-04-19T09:52:12, Data: 2015-04-19T09:52:10,4.06,23919,1872.00,1893.00,1881.50,0.10,41.02,0.80,894.97
2015-04-19T09:52:12, Add row to /TRACKING.csv
2015-04-19T09:52:12, Number of rows in /TRACKING.csv: 3
2015-04-19T09:52:15, Done loop ...
2015-04-19T09:52:20, Power down failed
2015-04-19T09:52:23, Data: 2015-04-19T09:52:20,4.11,23919,1881.00,1894.00,1890.50,0.13,41.23,0.79,894.98
2015-04-19T09:52:23, Add row to /TRACKING.csv
2015-04-19T09:52:23, Number of rows in /TRACKING.csv: 4
2015-04-19T09:52:26, Number of rows in /TRACKING.csv is >= 4
2015-04-19T09:52:26, Remove tracking
2015-04-19T09:52:26, Write to /TRANSMIT.csv: 2015-04-19T09:52:20,4.11,1881.00,0.1,41
2015-04-19T09:52:26, Number of rows in /TRANSMIT.csv: 4
2015-04-19T09:52:26, Current hour = 9, Transmission hour = 1
2015-04-19T09:52:26, Current hour = 9, Transmission hour = 6
2015-04-19T09:52:26, Current hour = 9, Transmission hour = 8
2015-04-19T09:52:26, Current hour = 9, Transmission hour = 10
2015-04-19T09:52:26, Current hour = 9, Transmission hour = 15
2015-04-19T09:52:27, Current hour = 9, Transmission hour = 20
2015-04-19T09:52:27, Current hour = 9, Transmission hour = 22
2015-04-19T09:52:27, Done loop ...
2015-04-19T09:52:32, Power down failed
2015-04-19T09:52:49, Setup Complete
2015-04-19T09:52:51, Data: 2015-04-19T09:52:49,4.14,25031,1872.00,1894.00,1882.50,0.17,40.53,0.79,894.99
2015-04-19T09:52:51, Add row to /TRACKING.csv
2015-04-19T09:52:52, Number of rows in /TRACKING.csv: 1
2015-04-19T09:52:54, Done loop ...
2015-04-19T09:52:59, Power down failed
2015-04-19T09:53:01, Data: 2015-04-19T09:52:59,4.16,24491,1864.00,1894.00,1886.00,0.19,40.43,0.78,894.98
2015-04-19T09:53:01, Add row to /TRACKING.csv
2015-04-19T09:53:01, Number of rows in /TRACKING.csv: 2
2015-04-19T09:53:04, Done loop ...
2015-04-19T09:53:09, Power down failed
2015-04-19T09:53:11, Data: 2015-04-19T09:53:09,4.19,24323,1877.00,1895.00,1884.00,0.20,40.65,0.74,894.95
2015-04-19T09:53:11, Add row to /TRACKING.csv
2015-04-19T09:53:12, Number of rows in /TRACKING.csv: 3
2015-04-19T09:53:14, Done loop ...
2015-04-19T09:53:20, Power down failed
2015-04-19T09:53:22, Data: 2015-04-19T09:53:20,4.16,24235,1865.00,1900.00,1887.50,0.21,40.89,0.70,894.94
2015-04-19T09:53:22, Add row to /TRACKING.csv
2015-04-19T09:53:22, Number of rows in /TRACKING.csv: 4
2015-04-19T09:53:25, Number of rows in /TRACKING.csv is >= 4
2015-04-19T09:53:25, Remove tracking
2015-04-19T09:53:25, Write to /TRANSMIT.csv: 2015-04-19T09:53:20,4.16,1865.00,0.2,41
2015-04-19T09:53:25, Number of rows in /TRANSMIT.csv: 5
2015-04-19T09:53:25, Current hour = 9, Transmission hour = 0
2015-04-19T09:53:26, 1909418189+00339:187+00041:188+00141:188+00141:187+00241
2015-04-19T09:53:28,  - attempt to send message: 1909418189+00339:187+00041:188+00141:188+00141:187+00241
2015-04-19T09:53:28,  - Modem begin successful
2015-04-19T09:53:28,  - Sending...
2015-04-19T09:53:35,  - Send response: 
2015-04-19T09:53:36,   - Sync clocks... 
2015-04-19T09:53:36,  - Arduino Old Time: 2015-04-19T17:53:36
2015-04-19T09:53:35,  - Failed to set valid RTC time
2000-01-01T00:00:00, Message sent! Removing /TRANSMIT.csv
2000-01-01T00:00:00, Done loop ...
2000-01-01T00:00:00, Power down failed
2000-01-01T00:00:00, Data: 2000-01-01T00:00:00,4.05,23607,1872.00,1897.00,1884.00,0.24,41.99,0.65,894.97
2000-01-01T00:00:00, Add row to /TRACKING.csv
2000-01-01T00:00:00, Number of rows in /TRACKING.csv: 1
2000-01-01T00:00:00, Done loop ...
2015-04-19T09:56:52, Setup Complete
2015-04-19T09:56:55, Data: 2015-04-19T09:56:52,4.17,25031,1874.00,1894.00,1888.50,0.36,40.46,0.78,894.96
2015-04-19T09:56:55, Add row to /TRACKING.csv
2015-04-19T09:56:55, Number of rows in /TRACKING.csv: 2
2015-04-19T09:56:57, Done loop ...
2015-04-19T09:57:17, Setup Complete
2015-04-19T09:57:19, Data: 2015-04-19T09:57:17,4.07,25031,1887.00,1901.00,1890.00,0.41,39.71,0.91,894.94
2015-04-19T09:57:19, Add row to /TRACKING.csv
2015-04-19T09:57:19, Number of rows in /TRACKING.csv: 3
2015-04-19T09:57:22, Done loop ...
2015-04-19T09:57:27, Power down failed
2015-04-19T09:57:29, Data: 2015-04-19T09:57:27,4.15,24491,1877.00,1897.00,1889.50,0.44,39.31,0.95,894.97
2015-04-19T09:57:29, Add row to /TRACKING.csv
2015-04-19T09:57:29, Number of rows in /TRACKING.csv: 4
2015-04-19T09:57:33, Number of rows in /TRACKING.csv is >= 4
2015-04-19T09:57:33, Remove tracking
2015-04-19T09:57:33, Write to /TRANSMIT.csv: 2015-04-19T09:57:27,4.15,1877.00,0.4,39
2015-04-19T09:57:33, Number of rows in /TRANSMIT.csv: 1
2015-04-19T09:57:33, Current hour = 9, Transmission hour = 0
2015-04-19T09:57:33, Current hour = 9, Transmission hour = 1
2015-04-19T09:57:33, Current hour = 9, Transmission hour = 2
2015-04-19T09:57:33, Current hour = 9, Transmission hour = 3
2015-04-19T09:57:33, Current hour = 9, Transmission hour = 4
2015-04-19T09:57:33, Current hour = 9, Transmission hour = 5
2015-04-19T09:57:33, Current hour = 9, Transmission hour = 6
2015-04-19T09:57:33, Current hour = 9, Transmission hour = 7
2015-04-19T09:57:33, Current hour = 9, Transmission hour = 8
2015-04-19T09:57:33, Current hour = 9, Transmission hour = 9
2015-04-19T09:57:33, 1909578188+00439
2015-04-19T09:57:36,  - attempt to send message: 1909578188+00439
2015-04-19T09:57:36,  - Modem begin successful
2015-04-19T09:57:36,  - Sending...
2015-04-19T09:59:56,  - Send response: 
2015-04-19T09:59:56,   - Sync clocks... 
2015-04-19T09:59:56,  - Arduino Old Time: 2015-04-19T17:59:56
2015-04-19T09:59:57,  POST TIME: 2015-04-19T17:59:57
2015-04-19T09:59:57,  - Failed to set valid RTC time
2000-01-01T00:00:00, Message sent! Removing /TRANSMIT.csv
2000-01-01T00:00:00, Done loop ...
2015-04-19T10:00:02, Setup Complete
2015-04-19T10:00:04, Data: 2015-04-19T10:00:02,4.16,25031,1880.00,1898.00,1891.50,0.60,39.45,0.89,894.96
2015-04-19T10:00:04, Add row to /TRACKING.csv
2015-04-19T10:00:04, Number of rows in /TRACKING.csv: 1
2015-04-19T10:00:06, Done loop ...
2015-04-19T10:00:11, Power down failed
2015-04-19T10:00:14, Data: 2015-04-19T10:00:12,4.10,24491,1866.00,1894.00,1890.00,0.61,38.97,0.93,894.94
2015-04-19T10:00:14, Add row to /TRACKING.csv
2015-04-19T10:00:14, Number of rows in /TRACKING.csv: 2
2015-04-19T10:00:16, Done loop ...
2015-04-19T10:00:22, Power down failed
2015-04-19T10:00:24, Data: 2015-04-19T10:00:22,4.10,24323,1883.00,1897.00,1889.50,0.61,38.00,1.00,894.95
2015-04-19T10:00:24, Add row to /TRACKING.csv
2015-04-19T10:00:24, Number of rows in /TRACKING.csv: 3
2015-04-19T10:00:27, Done loop ...
2015-04-19T10:00:32, Power down failed
2015-04-19T10:00:34, Data: 2015-04-19T10:00:32,4.14,24235,1883.00,1896.00,1889.50,0.61,37.73,1.07,894.95
2015-04-19T10:00:34, Add row to /TRACKING.csv
2015-04-19T10:00:34, Number of rows in /TRACKING.csv: 4
2015-04-19T10:00:38, Number of rows in /TRACKING.csv is >= 4
2015-04-19T10:00:38, Remove tracking
2015-04-19T10:00:38, Write to /TRANSMIT.csv: 2015-04-19T10:00:32,4.14,1883.00,0.6,38
2015-04-19T10:00:38, Number of rows in /TRANSMIT.csv: 1
2015-04-19T10:00:38, Current hour = 10, Transmission hour = 0
2015-04-19T10:00:38, Current hour = 10, Transmission hour = 1
2015-04-19T10:00:38, Current hour = 10, Transmission hour = 2
2015-04-19T10:00:38, Current hour = 10, Transmission hour = 3
2015-04-19T10:00:38, Current hour = 10, Transmission hour = 4
2015-04-19T10:00:38, Current hour = 10, Transmission hour = 5
2015-04-19T10:00:38, Current hour = 10, Transmission hour = 6
2015-04-19T10:00:38, Current hour = 10, Transmission hour = 7
2015-04-19T10:00:38, Current hour = 10, Transmission hour = 8
2015-04-19T10:00:38, Current hour = 10, Transmission hour = 9
2015-04-19T10:00:38, Current hour = 10, Transmission hour = 10
2015-04-19T10:00:38, 1910008188+00638
2015-04-19T10:00:40,  - attempt to send message: 1910008188+00638
2015-04-19T10:00:41,  - Modem begin successful
2015-04-19T10:00:41,  - Sending...
2015-04-19T10:01:36,  - Send response: 
2015-04-19T10:01:36,   - Sync clocks... 
2015-04-19T10:01:36,  - Arduino Old Time: 2015-04-19T18:01:36
2015-04-19T10:01:36,  POST TIME: 2015-04-19T18:01:36
2015-04-19T10:01:36,  - Failed to set valid RTC time
2000-01-01T00:00:00, Message sent! Removing /TRANSMIT.csv
2000-01-01T00:00:00, Done loop ...
2000-01-01T00:00:00, Power down failed
2000-01-01T00:00:00, Data: 2000-01-01T00:00:00,4.07,23959,1885.00,1899.00,1895.50,0.61,43.84,1.21,895.00
2000-01-01T00:00:00, Add row to /TRACKING.csv
2000-01-01T00:00:00, Number of rows in /TRACKING.csv: 1
2015-04-19T10:05:04, Setup Complete
2015-04-19T10:05:06, Data: 2015-04-19T10:05:04,4.16,25631,1880.00,1903.00,1897.00,0.11,46.24,2.17,895.01
2015-04-19T10:05:06, Add row to /TRACKING.csv
2015-04-19T10:05:06, Number of rows in /TRACKING.csv: 2
2015-04-19T10:05:09, Done loop ...
2015-04-19T10:05:25, Setup Complete
2015-04-19T10:05:27, Data: 2015-04-19T10:05:25,4.11,25031,1885.00,1898.00,1891.00,0.11,47.51,2.17,895.02
2015-04-19T10:05:27, Add row to /TRACKING.csv
2015-04-19T10:05:27, Number of rows in /TRACKING.csv: 3
2015-04-19T10:05:30, Done loop ...
2015-04-19T10:05:35, Power down failed
2015-04-19T10:05:37, Data: 2015-04-19T10:05:35,4.07,24491,1886.00,1900.00,1895.50,0.13,48.49,2.16,895.03
2015-04-19T10:05:37, Add row to /TRACKING.csv
2015-04-19T10:05:38, Number of rows in /TRACKING.csv: 4
2015-04-19T10:05:41, Number of rows in /TRACKING.csv is >= 4
2015-04-19T10:05:41, Remove tracking
2015-04-19T10:05:41, Write to /TRANSMIT.csv: 2015-04-19T10:05:35,4.07,1886.00,0.1,48
2015-04-19T10:05:41, Number of rows in /TRANSMIT.csv: 1
2015-04-19T10:05:41, Current hour = 10, Transmission hour = 0
2015-04-19T10:05:41, Current hour = 10, Transmission hour = 1
2015-04-19T10:05:41, Current hour = 10, Transmission hour = 2
2015-04-19T10:05:41, Current hour = 10, Transmission hour = 3
2015-04-19T10:05:41, Current hour = 10, Transmission hour = 4
2015-04-19T10:05:41, Current hour = 10, Transmission hour = 5
2015-04-19T10:05:41, Current hour = 10, Transmission hour = 6
2015-04-19T10:05:41, Current hour = 10, Transmission hour = 7
2015-04-19T10:05:41, Current hour = 10, Transmission hour = 8
2015-04-19T10:05:41, Current hour = 10, Transmission hour = 9
2015-04-19T10:05:42, Current hour = 10, Transmission hour = 10
2015-04-19T10:05:42, 1910057189+00148
2015-04-19T10:05:44,  - attempt to send message: 1910057189+00148
2015-04-19T10:05:44,  - Modem begin successful
2015-04-19T10:05:44,  - Sending...
2015-04-19T10:05:53,  - Send response: 
2015-04-19T10:05:53,   - Sync clocks... 0
2015-04-19T10:05:53,  - Arduino Old Time: 2015-04-19T18:05:53
2015-04-19T10:05:54,  POST TIME: 2015-04-19T18:05:54
2015-04-19T10:05:54,  - Failed to set valid RTC time
2000-01-01T00:00:00, Message sent! Removing /TRANSMIT.csv
2000-01-01T00:00:00, Done loop ...
2000-01-01T00:00:00, Power down failed
2000-01-01T00:00:00, Data: 2000-01-01T00:00:00,4.05,23967,1882.00,1905.00,1898.50,0.13,49.78,2.10,895.04
2000-01-01T00:00:00, Add row to /TRACKING.csv
2000-01-01T00:00:00, Number of rows in /TRACKING.csv: 1
2000-01-01T00:00:00, Done loop ...
2000-01-01T00:00:00, Power down failed
2000-01-01T00:00:00, Data: 2000-01-01T00:00:00,4.07,23967,1871.00,1906.00,1892.50,0.14,51.06,2.09,895.02
2000-01-01T00:00:00, Add row to /TRACKING.csv
2000-01-01T00:00:00, Number of rows in /TRACKING.csv: 2
2000-01-01T00:00:00, Done loop ...
2015-04-19T10:10:41, Setup Complete
2015-04-19T10:10:43, Data: 2015-04-19T10:10:41,4.16,25631,1897.00,1907.00,1902.50,0.00,52.27,2.51,895.00
2015-04-19T10:10:43, Add row to /TRACKING.csv
2015-04-19T10:10:43, Number of rows in /TRACKING.csv: 3
2015-04-19T10:10:46, Done loop ...
2015-04-19T10:11:01, Setup Complete
2015-04-19T10:11:03, Data: 2015-04-19T10:11:01,4.06,25031,1900.00,1907.00,1902.50,0.03,51.15,2.47,894.99
2015-04-19T10:11:03, Add row to /TRACKING.csv
2015-04-19T10:11:04, Number of rows in /TRACKING.csv: 4
2015-04-19T10:11:07, Number of rows in /TRACKING.csv is >= 4
2015-04-19T10:11:07, Remove tracking
2015-04-19T10:11:07, Write to /TRANSMIT.csv: 2015-04-19T10:11:01,4.06,1900.00,0.0,51
2015-04-19T10:11:07, Number of rows in /TRANSMIT.csv: 1
2015-04-19T10:11:07, Current hour = 10, Transmission hour = 0
2015-04-19T10:11:07, Current hour = 10, Transmission hour = 1
2015-04-19T10:11:07, Current hour = 10, Transmission hour = 2
2015-04-19T10:11:07, Current hour = 10, Transmission hour = 3
2015-04-19T10:11:07, Current hour = 10, Transmission hour = 4
2015-04-19T10:11:07, Current hour = 10, Transmission hour = 5
2015-04-19T10:11:07, Current hour = 10, Transmission hour = 6
2015-04-19T10:11:07, Current hour = 10, Transmission hour = 7
2015-04-19T10:11:07, Current hour = 10, Transmission hour = 8
2015-04-19T10:11:07, Current hour = 10, Transmission hour = 9
2015-04-19T10:11:08, Current hour = 10, Transmission hour = 10
2015-04-19T10:11:08, 1910117190+00051
2015-04-19T10:11:10,  - attempt to send message: 1910117190+00051
2015-04-19T10:11:10,  - Modem begin successful
2015-04-19T10:11:10,  - Sending...
2015-04-19T10:11:57,  - Send response: 
2015-04-19T10:11:57,   - Sync clocks... 0
2015-04-19T10:11:57,  - Arduino Old Time: 2015-04-19T18:11:57
2015-04-19T10:11:57, TIME FROM MODEM: 1153191811
2015-04-19T10:11:57,  POST TIME: 2015-04-19T18:11:57
2015-04-19T10:11:57,  - Failed to set valid RTC time
2000-01-01T00:00:00, Message sent! Removing /TRANSMIT.csv
2000-01-01T00:00:00, Done loop ...
2000-01-01T00:00:00, Power down failed
2000-01-01T00:00:00, Data: 2000-01-01T00:00:00,4.11,23959,1899.00,1901.00,1900.00,0.19,53.25,2.41,894.98
2000-01-01T00:00:00, Add row to /TRACKING.csv
2000-01-01T00:00:00, Number of rows in /TRACKING.csv: 1
2000-01-01T00:00:00, Done loop ...
2015-04-19T10:13:26, Setup Complete
2015-04-19T10:13:28, Data: 2015-04-19T10:13:26,4.06,25031,1896.00,1908.00,1899.50,0.41,51.35,2.62,894.99
2015-04-19T10:13:28, Add row to /TRACKING.csv
2015-04-19T10:13:29, Number of rows in /TRACKING.csv: 2
2015-04-19T10:13:44, Setup Complete
2015-04-19T10:13:46, Data: 2015-04-19T10:13:44,4.05,25031,1896.00,1906.00,1900.50,0.46,52.11,2.68,895.04
2015-04-19T10:13:46, Add row to /TRACKING.csv
2015-04-19T10:13:46, Number of rows in /TRACKING.csv: 3
2015-04-19T10:13:49, Done loop ...
2015-04-19T10:13:54, Power down failed
2015-04-19T10:13:56, Data: 2015-04-19T10:13:54,4.13,24491,1893.00,1910.00,1904.50,0.46,52.42,2.68,895.05
2015-04-19T10:13:56, Add row to /TRACKING.csv
2015-04-19T10:13:57, Number of rows in /TRACKING.csv: 4
2015-04-19T10:14:00, Number of rows in /TRACKING.csv is >= 4
2015-04-19T10:14:00, Remove tracking
2015-04-19T10:14:00, Write to /TRANSMIT.csv: 2015-04-19T10:13:54,4.13,1893.00,0.5,52
2015-04-19T10:14:00, Number of rows in /TRANSMIT.csv: 1
2015-04-19T10:14:00, Current hour = 10, Transmission hour = 0
2015-04-19T10:14:00, Current hour = 10, Transmission hour = 1
2015-04-19T10:14:00, Current hour = 10, Transmission hour = 2
2015-04-19T10:14:00, Current hour = 10, Transmission hour = 3
2015-04-19T10:14:00, Current hour = 10, Transmission hour = 4
2015-04-19T10:14:00, Current hour = 10, Transmission hour = 5
2015-04-19T10:14:00, Current hour = 10, Transmission hour = 6
2015-04-19T10:14:00, Current hour = 10, Transmission hour = 7
2015-04-19T10:14:01, Current hour = 10, Transmission hour = 8
2015-04-19T10:14:01, Current hour = 10, Transmission hour = 9
2015-04-19T10:14:01, Current hour = 10, Transmission hour = 10
2015-04-19T10:14:01, 1910138189+00552
2015-04-19T10:14:03,  - attempt to send message: 1910138189+00552
2015-04-19T10:14:03,  - Modem begin successful
2015-04-19T10:14:03,  - Sending...
2015-04-19T10:14:09,  - Send response: 
2015-04-19T10:14:09,   - Sync clocks... 0
2015-04-19T10:14:09,  - Arduino Old Time: 2015-04-19T18:14:09
2015-04-19T10:14:09, TIME FROM MODEM: 2015-4-19 18:14
2015-04-19T10:14:09,  POST TIME: 2015-04-19T18:14:09
2015-04-19T10:14:09,  - Failed to set valid RTC time
2000-01-01T00:00:00, Message sent! Removing /TRANSMIT.csv
2000-01-01T00:00:00, Done loop ...
2000-01-01T00:00:00, Power down failed
2000-01-01T00:00:00, Data: 2000-01-01T00:00:00,4.15,23919,1896.00,1905.00,1901.00,0.51,53.10,2.71,895.02
2000-01-01T00:00:00, Add row to /TRACKING.csv
2000-01-01T00:00:00, Number of rows in /TRACKING.csv: 1
2000-01-01T00:00:00, Done loop ...
2015-04-19T10:14:46, Setup Complete
2015-04-19T10:14:48, Data: 2015-04-19T10:14:46,3.98,25631,1898.00,1914.00,1907.50,0.57,52.67,2.63,895.02
2015-04-19T10:14:48, Add row to /TRACKING.csv
2015-04-19T10:14:49, Number of rows in /TRACKING.csv: 2
2015-04-19T10:14:51, Done loop ...
2015-04-19T10:20:36, Setup Complete
2015-04-19T10:20:38, Data: 2015-04-19T10:20:36,4.07,25631,1902.00,1917.00,1906.50,0.62,42.85,1.45,895.01
2015-04-19T10:20:38, Add row to /TRACKING.csv
2015-04-19T10:20:38, Number of rows in /TRACKING.csv: 3
2015-04-19T10:20:41, Done loop ...
2015-04-19T10:20:59, Setup Complete
2015-04-19T10:21:01, Data: 2015-04-19T10:20:59,4.14,25031,1899.00,1907.00,1903.50,0.60,42.68,1.47,895.03
2015-04-19T10:21:01, Add row to /TRACKING.csv
2015-04-19T10:21:01, Number of rows in /TRACKING.csv: 4
2015-04-19T10:21:05, Number of rows in /TRACKING.csv is >= 4
2015-04-19T10:21:05, Remove tracking
2015-04-19T10:21:05, Write to /TRANSMIT.csv: 2015-04-19T10:20:59,4.14,1899.00,0.6,43
2015-04-19T10:21:05, Number of rows in /TRANSMIT.csv: 1
2015-04-19T10:21:05, Current hour = 10, Transmission hour = 0
2015-04-19T10:21:05, Current hour = 10, Transmission hour = 1
2015-04-19T10:21:05, Current hour = 10, Transmission hour = 2
2015-04-19T10:21:05, Current hour = 10, Transmission hour = 3
2015-04-19T10:21:05, Current hour = 10, Transmission hour = 4
2015-04-19T10:21:05, Current hour = 10, Transmission hour = 5
2015-04-19T10:21:05, Current hour = 10, Transmission hour = 6
2015-04-19T10:21:05, Current hour = 10, Transmission hour = 7
2015-04-19T10:21:05, Current hour = 10, Transmission hour = 8
2015-04-19T10:21:05, Current hour = 10, Transmission hour = 9
2015-04-19T10:21:05, Current hour = 10, Transmission hour = 10
2015-04-19T10:21:05, 1910208190+00643
2015-04-19T10:21:07,  - attempt to send message: 1910208190+00643
2015-04-19T10:21:08,  - Modem begin successful
2015-04-19T10:21:08,  - Sending...
2015-04-19T10:21:16,  - Send response: 
2015-04-19T10:21:16,   - Sync clocks... 0
2015-04-19T10:21:16,  - Arduino Old Time: 2015-04-19T18:21:16
2015-04-19T10:21:17, TIME FROM MODEM: 115-3-19 18:21
2026-01-23T10:21:16,  POST TIME: 2026-01-23T18:21:16
2026-01-23T10:21:16,  - Arduino New Time: 2026-01-23T18:21:16
2026-01-23T10:21:16, Message sent! Removing /TRANSMIT.csv
2026-01-23T10:21:16, Done loop ...
2026-01-23T10:21:21, Power down failed
2026-01-23T10:21:23, Data: 2026-01-23T10:21:21,4.12,23959,1902.00,1906.00,1904.50,0.53,42.00,1.47,895.01
2026-01-23T10:21:23, Add row to /TRACKING.csv
2026-01-23T10:21:23, Number of rows in /TRACKING.csv: 1
2026-01-23T10:21:26, Done loop ...
2026-01-23T10:21:31, Power down failed
2026-01-23T10:21:33, Data: 2026-01-23T10:21:31,4.16,23959,1901.00,1904.00,1903.00,0.53,41.93,1.50,895.02
2026-01-23T10:21:33, Add row to /TRACKING.csv
2026-01-23T10:21:33, Number of rows in /TRACKING.csv: 2
2026-01-23T10:21:36, Done loop ...
2026-01-23T10:22:24, Setup Complete
2026-01-23T10:22:26, Data: 2026-01-23T10:22:24,4.05,25031,1901.00,1904.00,1903.00,0.56,41.89,1.66,895.03
2026-01-23T10:22:26, Add row to /TRACKING.csv
2026-01-23T10:22:26, Number of rows in /TRACKING.csv: 3
2026-01-23T10:22:44, Setup Complete
2026-01-23T10:22:46, Data: 2026-01-23T10:22:44,4.05,25031,1902.00,1906.00,1904.50,0.57,41.88,1.70,895.02
2026-01-23T10:22:46, Add row to /TRACKING.csv
2026-01-23T10:22:46, Number of rows in /TRACKING.csv: 4
2026-01-23T10:22:49, Number of rows in /TRACKING.csv is >= 4
2026-01-23T10:22:49, Remove tracking
2026-01-23T10:22:49, Write to /TRANSMIT.csv: 2026-01-23T10:22:44,4.05,1902.00,0.6,42
2026-01-23T10:22:50, Number of rows in /TRANSMIT.csv: 1
2026-01-23T10:22:50, Current hour = 10, Transmission hour = 0
2026-01-23T10:22:50, Current hour = 10, Transmission hour = 1
2026-01-23T10:22:50, Current hour = 10, Transmission hour = 2
2026-01-23T10:22:50, Current hour = 10, Transmission hour = 3
2026-01-23T10:22:50, Current hour = 10, Transmission hour = 4
2026-01-23T10:22:50, Current hour = 10, Transmission hour = 5
2026-01-23T10:22:50, Current hour = 10, Transmission hour = 6
2026-01-23T10:22:50, Current hour = 10, Transmission hour = 7
2026-01-23T10:22:50, Current hour = 10, Transmission hour = 8
2026-01-23T10:22:50, Current hour = 10, Transmission hour = 9
2026-01-23T10:22:50, Current hour = 10, Transmission hour = 10
2026-01-23T10:22:50, 2310227190+00642
2026-01-23T10:22:52,  - attempt to send message: 2310227190+00642
2026-01-23T10:22:53,  - Modem begin successful
2026-01-23T10:22:53,  - Sending...
2026-01-23T10:22:59,  - Send response: 
2026-01-23T10:23:00,   - Sync clocks... 0
2026-01-23T10:23:00,  - Arduino Old Time: 2026-01-23T18:23:00
2026-01-23T10:23:00, TIME FROM MODEM: 115-3-19 18:23
2026-01-23T14:14:00,  POST TIME: 2026-01-23T22:14:00
2026-01-23T14:14:00,  - Arduino New Time: 2026-01-23T22:14:00
2026-01-23T14:14:00, Message sent! Removing /TRANSMIT.csv
2026-01-23T14:14:00, Done loop ...
2026-01-23T14:14:05, Power down failed
2026-01-23T14:14:07, Data: 2026-01-23T14:14:05,4.14,23959,1903.00,1907.00,1904.50,0.62,41.68,1.73,895.03
2026-01-23T14:14:07, Add row to /TRACKING.csv
2026-01-23T14:14:07, Number of rows in /TRACKING.csv: 1
2026-01-23T14:14:10, Done loop ...
2026-01-23T14:15:59, Setup Complete
2026-01-23T14:16:01, Data: 2026-01-23T14:15:59,4.18,25631,1904.00,1915.00,1909.50,0.76,41.44,1.67,894.97
2026-01-23T14:16:01, Add row to /TRACKING.csv
2026-01-23T14:16:01, Number of rows in /TRACKING.csv: 2
2026-01-23T14:16:04, Done loop ...
2026-01-23T14:16:09, Power down failed
2026-01-23T14:16:11, Data: 2026-01-23T14:16:09,4.07,24507,1906.00,1913.00,1908.50,0.76,41.27,1.67,895.00
2026-01-23T14:16:11, Add row to /TRACKING.csv
2026-01-23T14:16:11, Number of rows in /TRACKING.csv: 3
2026-01-23T14:16:14, Done loop ...
2026-01-23T14:16:19, Power down failed
2026-01-23T14:16:21, Data: 2026-01-23T14:16:19,4.18,24331,1907.00,1913.00,1909.50,0.79,41.44,1.62,894.98
2026-01-23T14:16:21, Add row to /TRACKING.csv
2026-01-23T14:16:22, Number of rows in /TRACKING.csv: 4
2026-01-23T14:16:25, Number of rows in /TRACKING.csv is >= 4
2026-01-23T14:16:25, Remove tracking
2026-01-23T14:16:25, Write to /TRANSMIT.csv: 2026-01-23T14:16:19,4.18,1907.00,0.8,41
2026-01-23T14:16:25, Number of rows in /TRANSMIT.csv: 1
2026-01-23T14:16:25, Current hour = 14, Transmission hour = 0
2026-01-23T14:16:25, Current hour = 14, Transmission hour = 1
2026-01-23T14:16:25, Current hour = 14, Transmission hour = 2
2026-01-23T14:16:25, Current hour = 14, Transmission hour = 3
2026-01-23T14:16:25, Current hour = 14, Transmission hour = 4
2026-01-23T14:16:25, Current hour = 14, Transmission hour = 5
2026-01-23T14:16:25, Current hour = 14, Transmission hour = 6
2026-01-23T14:16:25, Current hour = 14, Transmission hour = 7
2026-01-23T14:16:25, Current hour = 14, Transmission hour = 8
2026-01-23T14:16:26, Current hour = 14, Transmission hour = 9
2026-01-23T14:16:26, Current hour = 14, Transmission hour = 10
2026-01-23T14:16:26, Current hour = 14, Transmission hour = 11
2026-01-23T14:16:26, Current hour = 14, Transmission hour = 12
2026-01-23T14:16:26, Current hour = 14, Transmission hour = 13
2026-01-23T14:16:26, Current hour = 14, Transmission hour = 14
2026-01-23T14:16:26, 2314168191+00841
2026-01-23T14:16:28,  - attempt to send message: 2314168191+00841
2026-01-23T14:16:29,  - Modem begin successful
2026-01-23T14:16:29,  - Sending...
2026-01-23T14:16:37,  - Send response: 
2026-01-23T14:16:37,   - Sync clocks... 0
2026-01-23T14:16:37,  - Arduino Old Time: 2026-01-23T22:16:37
2026-01-23T14:16:37, TIME FROM MODEM: 115-3-19 18:25
2026-01-23T14:16:37,  POST TIME: 2026-01-23T22:16:37
2026-01-23T14:16:37,  - Arduino New Time: 2026-01-23T22:16:37
2026-01-23T14:16:37, Message sent! Removing /TRANSMIT.csv
2026-01-23T14:16:37, Done loop ...
2026-01-23T14:16:42, Power down failed
2026-01-23T14:16:44, Data: 2026-01-23T14:16:42,4.09,23911,1908.00,1914.00,1910.50,0.81,41.30,1.51,895.00
2026-01-23T14:16:44, Add row to /TRACKING.csv
2026-01-23T14:16:45, Number of rows in /TRACKING.csv: 1
2026-01-23T14:16:47, Done loop ...
2026-01-23T14:16:52, Power down failed
2026-01-23T14:16:54, Data: 2026-01-23T14:16:52,4.14,23911,1908.00,1913.00,1912.00,0.78,41.44,1.46,894.99
2026-01-23T14:16:54, Add row to /TRACKING.csv
2026-01-23T14:16:54, Number of rows in /TRACKING.csv: 2
2026-01-23T14:16:57, Done loop ...
2026-01-23T14:17:02, Power down failed
2026-01-23T14:17:04, Data: 2026-01-23T14:17:02,4.11,23911,1907.00,1912.00,1908.50,0.78,41.81,1.42,895.00
2026-01-23T14:17:04, Add row to /TRACKING.csv
2026-01-23T14:17:04, Number of rows in /TRACKING.csv: 3
2026-01-23T14:17:07, Done loop ...
2026-01-23T14:17:13, Power down failed
2026-01-23T14:17:15, Data: 2026-01-23T14:17:13,4.13,23911,1907.00,1917.00,1912.00,0.81,42.14,1.36,895.00
2026-01-23T14:17:15, Add row to /TRACKING.csv
2026-01-23T14:17:15, Number of rows in /TRACKING.csv: 4
2026-01-23T14:17:18, Number of rows in /TRACKING.csv is >= 4
2026-01-23T14:17:18, Remove tracking
2026-01-23T14:17:18, Write to /TRANSMIT.csv: 2026-01-23T14:17:13,4.13,1907.00,0.8,42
2026-01-23T14:17:18, Number of rows in /TRANSMIT.csv: 1
2026-01-23T14:17:18, Current hour = 14, Transmission hour = 0
2026-01-23T14:17:18, Current hour = 14, Transmission hour = 1
2026-01-23T14:17:19, Current hour = 14, Transmission hour = 2
2026-01-23T14:17:19, Current hour = 14, Transmission hour = 3
2026-01-23T14:17:19, Current hour = 14, Transmission hour = 4
2026-01-23T14:17:19, Current hour = 14, Transmission hour = 5
2026-01-23T14:17:19, Current hour = 14, Transmission hour = 6
2026-01-23T14:17:19, Current hour = 14, Transmission hour = 7
2026-01-23T14:17:19, Current hour = 14, Transmission hour = 8
2026-01-23T14:17:19, Current hour = 14, Transmission hour = 9
2026-01-23T14:17:19, Current hour = 14, Transmission hour = 10
2026-01-23T14:17:19, Current hour = 14, Transmission hour = 11
2026-01-23T14:17:19, Current hour = 14, Transmission hour = 12
2026-01-23T14:17:19, Current hour = 14, Transmission hour = 13
2026-01-23T14:17:19, Current hour = 14, Transmission hour = 14
2026-01-23T14:17:19, 2314178191+00842
2026-01-23T14:17:21,  - attempt to send message: 2314178191+00842
2026-01-23T14:17:22,  - Modem begin successful
2026-01-23T14:17:22,  - Sending...
2026-01-23T14:20:27,  - Send response: 
2026-01-23T14:20:27,   - Sync clocks... 0
2026-01-23T14:20:27,  - Arduino Old Time: 2026-01-23T22:20:27
2026-01-23T14:20:27, TIME FROM MODEM: 115-3-19 18:29
2026-01-23T14:20:28,  POST TIME: 2026-01-23T22:20:28
2026-01-23T14:20:28,  - Arduino New Time: 2026-01-23T22:20:28
2026-01-23T14:20:28, Message sent! Removing /TRANSMIT.csv
2026-01-23T14:20:29, Done loop ...
2026-01-23T14:20:34, Power down failed
2026-01-23T14:20:36, Data: 2026-01-23T14:20:34,4.17,23863,1902.00,1913.00,1910.00,0.64,42.58,1.43,894.94
2026-01-23T14:20:36, Add row to /TRACKING.csv
2026-01-23T14:20:36, Number of rows in /TRACKING.csv: 1
2026-01-23T14:20:38, Done loop ...
2026-01-23T14:20:44, Power down failed
2026-01-23T14:20:46, Data: 2026-01-23T14:20:44,4.20,23863,1908.00,1914.00,1910.00,0.65,42.75,1.43,894.96
2026-01-23T14:20:46, Add row to /TRACKING.csv
2026-01-23T14:20:46, Number of rows in /TRACKING.csv: 2
2026-01-23T14:20:49, Done loop ...
2026-01-23T14:20:54, Power down failed
2026-01-23T14:20:56, Data: 2026-01-23T14:20:54,4.20,23863,1905.00,1911.00,1909.50,0.64,42.68,1.45,894.96
2026-01-23T14:20:56, Add row to /TRACKING.csv
2026-01-23T14:20:56, Number of rows in /TRACKING.csv: 3
2026-01-23T14:20:59, Done loop ...
2026-01-23T14:21:04, Power down failed
2026-01-23T14:21:06, Data: 2026-01-23T14:21:04,4.10,23863,1903.00,1911.00,1906.50,0.67,42.83,1.46,894.96
2026-01-23T14:21:06, Add row to /TRACKING.csv
2026-01-23T14:21:06, Number of rows in /TRACKING.csv: 4
2026-01-23T14:21:10, Number of rows in /TRACKING.csv is >= 4
2026-01-23T14:21:10, Remove tracking
2026-01-23T14:21:10, Write to /TRANSMIT.csv: 2026-01-23T14:21:04,4.10,1903.00,0.7,43
2026-01-23T14:21:10, Number of rows in /TRANSMIT.csv: 1
2026-01-23T14:21:10, Current hour = 14, Transmission hour = 0
2026-01-23T14:21:10, Current hour = 14, Transmission hour = 1
2026-01-23T14:21:10, Current hour = 14, Transmission hour = 2
2026-01-23T14:21:10, Current hour = 14, Transmission hour = 3
2026-01-23T14:21:10, Current hour = 14, Transmission hour = 4
2026-01-23T14:21:10, Current hour = 14, Transmission hour = 5
2026-01-23T14:21:10, Current hour = 14, Transmission hour = 6
2026-01-23T14:21:10, Current hour = 14, Transmission hour = 7
2026-01-23T14:21:10, Current hour = 14, Transmission hour = 8
2026-01-23T14:21:10, Current hour = 14, Transmission hour = 9
2026-01-23T14:21:10, Current hour = 14, Transmission hour = 10
2026-01-23T14:21:10, Current hour = 14, Transmission hour = 11
2026-01-23T14:21:10, Current hour = 14, Transmission hour = 12
2026-01-23T14:21:11, Current hour = 14, Transmission hour = 13
2026-01-23T14:21:11, Current hour = 14, Transmission hour = 14
2026-01-23T14:21:11, 2314217190+00743
2026-01-23T14:21:13,  - attempt to send message: 2314217190+00743
2026-01-23T14:21:13,  - Modem begin successful
2026-01-23T14:21:13,  - Sending...
2026-01-23T14:21:18,  - Send response: 
2026-01-23T14:21:18,   - Sync clocks... 0
2026-01-23T14:21:18,  - Arduino Old Time: 2026-01-23T22:21:18
2026-01-23T14:21:18, TIME FROM MODEM: 115-3-19 18:30
2026-01-23T14:21:17,  POST TIME: 2026-01-23T22:21:17
2026-01-23T14:21:17,  - Arduino New Time: 2026-01-23T22:21:17
2026-01-23T14:21:17, Message sent! Removing /TRANSMIT.csv
2026-01-23T14:21:17, Done loop ...
2026-01-23T14:21:22, Power down failed
2026-01-23T14:21:24, Data: 2026-01-23T14:21:22,4.11,23815,1904.00,1911.00,1908.00,0.67,42.88,1.49,894.93
2026-01-23T14:21:25, Add row to /TRACKING.csv
2026-01-23T14:21:25, Number of rows in /TRACKING.csv: 1
2026-01-23T14:21:27, Done loop ...
2026-01-23T14:21:32, Power down failed
2026-01-23T14:21:34, Data: 2026-01-23T14:21:32,4.21,23815,1905.00,1911.00,1908.00,0.64,42.91,1.49,894.96
2026-01-23T14:21:34, Add row to /TRACKING.csv
2026-01-23T14:21:35, Number of rows in /TRACKING.csv: 2
2026-01-23T14:21:37, Done loop ...
2026-01-23T14:21:42, Power down failed
2026-01-23T14:21:44, Data: 2026-01-23T14:21:42,4.11,23815,1905.00,1912.00,1908.00,0.65,42.89,1.48,894.95
2026-01-23T14:21:45, Add row to /TRACKING.csv
2026-01-23T14:21:45, Number of rows in /TRACKING.csv: 3
2026-01-23T14:21:48, Done loop ...
2026-01-23T14:21:53, Power down failed
2026-01-23T14:21:55, Data: 2026-01-23T14:21:53,4.10,23815,1904.00,1915.00,1909.00,0.65,42.70,1.49,894.96
2026-01-23T14:21:55, Add row to /TRACKING.csv
2026-01-23T14:21:55, Number of rows in /TRACKING.csv: 4
2026-01-23T14:21:58, Number of rows in /TRACKING.csv is >= 4
2026-01-23T14:21:58, Remove tracking
2026-01-23T14:21:58, Write to /TRANSMIT.csv: 2026-01-23T14:21:53,4.10,1904.00,0.6,43
2026-01-23T14:21:59, Number of rows in /TRANSMIT.csv: 1
2026-01-23T14:21:59, Current hour = 14, Transmission hour = 0
2026-01-23T14:21:59, Current hour = 14, Transmission hour = 1
2026-01-23T14:21:59, Current hour = 14, Transmission hour = 2
2026-01-23T14:21:59, Current hour = 14, Transmission hour = 3
2026-01-23T14:21:59, Current hour = 14, Transmission hour = 4
2026-01-23T14:21:59, Current hour = 14, Transmission hour = 5
2026-01-23T14:21:59, Current hour = 14, Transmission hour = 6
2026-01-23T14:21:59, Current hour = 14, Transmission hour = 7
2026-01-23T14:21:59, Current hour = 14, Transmission hour = 8
2026-01-23T14:21:59, Current hour = 14, Transmission hour = 9
2026-01-23T14:21:59, Current hour = 14, Transmission hour = 10
2026-01-23T14:21:59, Current hour = 14, Transmission hour = 11
2026-01-23T14:21:59, Current hour = 14, Transmission hour = 12
2026-01-23T14:21:59, Current hour = 14, Transmission hour = 13
2026-01-23T14:21:59, Current hour = 14, Transmission hour = 14
2026-01-23T14:21:59, 2314217190+00643
2026-01-23T14:22:01,  - attempt to send message: 2314217190+00643
2026-01-23T14:22:02,  - Modem begin successful
2026-01-23T14:22:02,  - Sending...
2026-01-23T14:22:07,  - Send response: 
2026-01-23T14:22:07,   - Sync clocks... 0
2026-01-23T14:22:07,  - Arduino Old Time: 2026-01-23T22:22:07
2026-01-23T14:22:07, TIME FROM MODEM: 115-3-19 18:31
2026-01-23T14:22:08,  POST TIME: 2026-01-23T22:22:08
2026-01-23T14:22:08,  - Arduino New Time: 2026-01-23T22:22:08
2026-01-23T14:22:09, Message sent! Removing /TRANSMIT.csv
2026-01-23T14:22:09, Done loop ...
2026-01-23T14:22:14, Power down failed
2026-01-23T14:22:16, Data: 2026-01-23T14:22:14,4.14,23767,1904.00,1907.00,1906.50,0.67,42.57,1.53,894.95
2026-01-23T14:22:16, Add row to /TRACKING.csv
2026-01-23T14:22:16, Number of rows in /TRACKING.csv: 1
2026-01-23T14:22:19, Done loop ...
2026-01-23T14:22:24, Power down failed
2026-01-23T14:22:26, Data: 2026-01-23T14:22:24,4.30,23767,1899.00,1906.00,1904.50,0.67,42.85,1.58,894.95
2026-01-23T14:22:26, Add row to /TRACKING.csv
2026-01-23T14:22:26, Number of rows in /TRACKING.csv: 2
2026-01-23T14:22:29, Done loop ...
2026-01-23T14:22:34, Power down failed
2026-01-23T14:22:36, Data: 2026-01-23T14:22:34,4.15,23767,1903.00,1912.00,1906.50,0.65,43.80,1.63,894.97
2026-01-23T14:22:36, Add row to /TRACKING.csv
2026-01-23T14:22:36, Number of rows in /TRACKING.csv: 3
2026-01-23T14:22:39, Done loop ...
2026-01-23T14:22:44, Power down failed
2026-01-23T14:22:46, Data: 2026-01-23T14:22:44,4.05,23767,1902.00,1910.00,1903.00,0.71,44.14,1.68,894.98
2026-01-23T14:22:46, Add row to /TRACKING.csv
2026-01-23T14:22:47, Number of rows in /TRACKING.csv: 4
2026-01-23T14:22:50, Number of rows in /TRACKING.csv is >= 4
2026-01-23T14:22:50, Remove tracking
2026-01-23T14:22:50, Write to /TRANSMIT.csv: 2026-01-23T14:22:44,4.05,1902.00,0.7,44
2026-01-23T14:22:50, Number of rows in /TRANSMIT.csv: 1
2026-01-23T14:22:50, Current hour = 14, Transmission hour = 0
2026-01-23T14:22:50, Current hour = 14, Transmission hour = 1
2026-01-23T14:22:50, Current hour = 14, Transmission hour = 2
2026-01-23T14:22:50, Current hour = 14, Transmission hour = 3
2026-01-23T14:22:50, Current hour = 14, Transmission hour = 4
2026-01-23T14:22:50, Current hour = 14, Transmission hour = 5
2026-01-23T14:22:50, Current hour = 14, Transmission hour = 6
2026-01-23T14:22:50, Current hour = 14, Transmission hour = 7
2026-01-23T14:22:50, Current hour = 14, Transmission hour = 8
2026-01-23T14:22:50, Current hour = 14, Transmission hour = 9
2026-01-23T14:22:51, Current hour = 14, Transmission hour = 10
2026-01-23T14:22:51, Current hour = 14, Transmission hour = 11
2026-01-23T14:22:51, Current hour = 14, Transmission hour = 12
2026-01-23T14:22:51, Current hour = 14, Transmission hour = 13
2026-01-23T14:22:51, Current hour = 14, Transmission hour = 14
2026-01-23T14:22:51, 2314227190+00744
2026-01-23T14:22:53,  - attempt to send message: 2314227190+00744
2026-01-23T14:22:54,  - Modem begin successful
2026-01-23T14:22:54,  - Sending...
2026-01-23T14:22:59,  - Send response: 
2026-01-23T14:22:59,   - Sync clocks... 0
2026-01-23T14:23:00,  - Arduino Old Time: 2026-01-23T22:23:00
2026-01-23T14:23:00, TIME FROM MODEM: 115-3-19 18:31
2026-01-23T14:22:59,  POST TIME: 2026-01-23T22:22:59
2026-01-23T14:22:59,  - Arduino New Time: 2026-01-23T22:22:59
2026-01-23T14:22:59, Message sent! Removing /TRANSMIT.csv
2026-01-23T14:22:59, Done loop ...
2026-01-23T14:23:04, Power down failed
2026-01-23T14:23:06, Data: 2026-01-23T14:23:04,4.06,23767,1899.00,1912.00,1904.50,0.71,43.95,1.74,894.97
2026-01-23T14:23:06, Add row to /TRACKING.csv
2026-01-23T14:23:06, Number of rows in /TRACKING.csv: 1
2026-01-23T14:23:09, Done loop ...
2026-01-23T14:23:14, Power down failed
2026-01-23T14:23:16, Data: 2026-01-23T14:23:14,4.07,23767,1897.00,1905.00,1901.50,0.72,44.34,1.76,894.97
2026-01-23T14:23:16, Add row to /TRACKING.csv
2026-01-23T14:23:16, Number of rows in /TRACKING.csv: 2
2026-01-23T14:23:19, Done loop ...
2026-01-23T14:23:24, Power down failed
2026-01-23T14:23:26, Data: 2026-01-23T14:23:24,4.12,23767,1902.00,1913.00,1904.50,0.75,44.11,1.80,894.97
2026-01-23T14:23:26, Add row to /TRACKING.csv
2026-01-23T14:23:26, Number of rows in /TRACKING.csv: 3
2026-01-23T14:23:29, Done loop ...
2026-01-23T14:23:34, Power down failed
2026-01-23T14:23:37, Data: 2026-01-23T14:23:34,4.10,23767,1904.00,1912.00,1908.00,0.74,44.07,1.84,894.95
2026-01-23T14:23:37, Add row to /TRACKING.csv
2026-01-23T14:23:37, Number of rows in /TRACKING.csv: 4
2026-01-23T14:23:40, Number of rows in /TRACKING.csv is >= 4
2026-01-23T14:23:40, Remove tracking
2026-01-23T14:23:40, Write to /TRANSMIT.csv: 2026-01-23T14:23:34,4.10,1904.00,0.7,44
2026-01-23T14:23:40, Number of rows in /TRANSMIT.csv: 1
2026-01-23T14:23:40, Current hour = 14, Transmission hour = 0
2026-01-23T14:23:40, Current hour = 14, Transmission hour = 1
2026-01-23T14:23:40, Current hour = 14, Transmission hour = 2
2026-01-23T14:23:40, Current hour = 14, Transmission hour = 3
2026-01-23T14:23:40, Current hour = 14, Transmission hour = 4
2026-01-23T14:23:40, Current hour = 14, Transmission hour = 5
2026-01-23T14:23:41, Current hour = 14, Transmission hour = 6
2026-01-23T14:23:41, Current hour = 14, Transmission hour = 7
2026-01-23T14:23:41, Current hour = 14, Transmission hour = 8
2026-01-23T14:23:41, Current hour = 14, Transmission hour = 9
2026-01-23T14:23:41, Current hour = 14, Transmission hour = 10
2026-01-23T14:23:41, Current hour = 14, Transmission hour = 11
2026-01-23T14:23:41, Current hour = 14, Transmission hour = 12
2026-01-23T14:23:41, Current hour = 14, Transmission hour = 13
2026-01-23T14:23:41, Current hour = 14, Transmission hour = 14
2026-01-23T14:23:41, 2314237190+00744
2026-01-23T14:23:43,  - attempt to send message: 2314237190+00744
2026-01-23T14:23:44,  - Modem begin successful
2026-01-23T14:23:44,  - Sending...
2026-01-23T14:23:47,  - Send response: 
2026-01-23T14:23:47,   - Sync clocks... 0
2026-01-23T14:23:47,  - Arduino Old Time: 2026-01-23T22:23:47
2026-01-23T14:23:47, TIME FROM MODEM: 115-3-19 18:32
2026-01-23T14:23:47,  POST TIME: 2026-01-23T22:23:47
2026-01-23T14:23:47,  - Arduino New Time: 2026-01-23T22:23:47
2026-01-23T14:23:47, Message sent! Removing /TRANSMIT.csv
2026-01-23T14:23:47, Done loop ...
2026-01-23T14:23:52, Power down failed
2026-01-23T14:23:55, Data: 2026-01-23T14:23:53,4.12,23667,1872.00,1906.00,1896.50,0.79,43.54,1.90,894.96
2026-01-23T14:23:55, Add row to /TRACKING.csv
2026-01-23T14:23:55, Number of rows in /TRACKING.csv: 1
2026-01-23T14:23:57, Done loop ...
2026-01-23T14:24:02, Power down failed
2026-01-23T14:24:04, Data: 2026-01-23T14:24:02,4.11,23667,1882.00,1909.00,1901.00,0.78,42.33,1.94,894.95
2026-01-23T14:24:05, Add row to /TRACKING.csv
2026-01-23T14:24:05, Number of rows in /TRACKING.csv: 2
2026-01-23T14:24:07, Done loop ...
2026-01-23T14:24:12, Power down failed
2026-01-23T14:24:15, Data: 2026-01-23T14:24:12,4.09,23667,1905.00,1913.00,1908.00,0.81,41.91,1.92,894.96
2026-01-23T14:24:15, Add row to /TRACKING.csv
2026-01-23T14:24:15, Number of rows in /TRACKING.csv: 3
2026-01-23T14:24:18, Done loop ...
2026-01-23T14:24:23, Power down failed
2026-01-23T14:24:25, Data: 2026-01-23T14:24:23,4.05,23667,1902.00,1914.00,1908.00,0.82,42.28,1.94,894.95
2026-01-23T14:24:25, Add row to /TRACKING.csv
2026-01-23T14:24:25, Number of rows in /TRACKING.csv: 4
2026-01-23T14:24:28, Number of rows in /TRACKING.csv is >= 4
2026-01-23T14:24:29, Remove tracking
2026-01-23T14:24:29, Write to /TRANSMIT.csv: 2026-01-23T14:24:23,4.05,1902.00,0.8,42
2026-01-23T14:24:29, Number of rows in /TRANSMIT.csv: 1
2026-01-23T14:24:29, Current hour = 14, Transmission hour = 0
2026-01-23T14:24:29, Current hour = 14, Transmission hour = 1
2026-01-23T14:24:29, Current hour = 14, Transmission hour = 2
2026-01-23T14:24:29, Current hour = 14, Transmission hour = 3
2026-01-23T14:24:29, Current hour = 14, Transmission hour = 4
2026-01-23T14:24:29, Current hour = 14, Transmission hour = 5
2026-01-23T14:24:29, Current hour = 14, Transmission hour = 6
2026-01-23T14:24:29, Current hour = 14, Transmission hour = 7
2026-01-23T14:24:29, Current hour = 14, Transmission hour = 8
2026-01-23T14:24:29, Current hour = 14, Transmission hour = 9
2026-01-23T14:24:29, Current hour = 14, Transmission hour = 10
2026-01-23T14:24:29, Current hour = 14, Transmission hour = 11
2026-01-23T14:24:29, Current hour = 14, Transmission hour = 12
2026-01-23T14:24:29, Current hour = 14, Transmission hour = 13
2026-01-23T14:24:29, Current hour = 14, Transmission hour = 14
2026-01-23T14:24:29, 2314247190+00842
2026-01-23T14:24:31,  - attempt to send message: 2314247190+00842
2026-01-23T14:24:32,  - Modem begin successful
2026-01-23T14:24:32,  - Sending...
2026-01-23T14:24:34,  - Send response: 
2026-01-23T14:24:35,   - Sync clocks... 0
2026-01-23T14:24:35,  - Arduino Old Time: 2026-01-23T22:24:35
2026-01-23T14:24:35, TIME FROM MODEM: 115-3-19 18:33
2026-01-23T14:24:35,  POST TIME: 2026-01-23T22:24:35
2026-01-23T14:24:35,  - Arduino New Time: 2026-01-23T22:24:35
2026-01-23T14:24:35, Message sent! Removing /TRANSMIT.csv
2026-01-23T14:24:35, Done loop ...
2026-01-23T14:24:40, Power down failed
2026-01-23T14:24:42, Data: 2026-01-23T14:24:40,4.12,23591,1898.00,1911.00,1907.00,0.86,41.30,1.96,894.95
2026-01-23T14:24:42, Add row to /TRACKING.csv
2026-01-23T14:24:42, Number of rows in /TRACKING.csv: 1
2026-01-23T14:24:45, Done loop ...
2026-01-23T14:24:50, Power down failed
2026-01-23T14:24:52, Data: 2026-01-23T14:24:50,4.06,23591,1907.00,1914.00,1909.50,0.86,41.05,1.90,894.95
2026-01-23T14:24:52, Add row to /TRACKING.csv
2026-01-23T14:24:52, Number of rows in /TRACKING.csv: 2
2026-01-23T14:24:55, Done loop ...
2026-01-23T14:25:00, Power down failed
2026-01-23T14:25:02, Data: 2026-01-23T14:25:00,4.13,23591,1902.00,1913.00,1908.50,0.85,41.19,1.81,894.92
2026-01-23T14:25:02, Add row to /TRACKING.csv
2026-01-23T14:25:02, Number of rows in /TRACKING.csv: 3
2026-01-23T14:25:05, Done loop ...
2026-01-23T14:25:10, Power down failed
2026-01-23T14:25:13, Data: 2026-01-23T14:25:10,4.16,23591,1908.00,1920.00,1911.50,0.86,41.80,1.72,894.94
2026-01-23T14:25:13, Add row to /TRACKING.csv
2026-01-23T14:25:13, Number of rows in /TRACKING.csv: 4
2026-01-23T14:25:16, Number of rows in /TRACKING.csv is >= 4
2026-01-23T14:25:16, Remove tracking
2026-01-23T14:25:16, Write to /TRANSMIT.csv: 2026-01-23T14:25:10,4.16,1908.00,0.9,42
2026-01-23T14:25:16, Number of rows in /TRANSMIT.csv: 1
2026-01-23T14:25:16, Current hour = 14, Transmission hour = 0
2026-01-23T14:25:16, Current hour = 14, Transmission hour = 1
2026-01-23T14:25:16, Current hour = 14, Transmission hour = 2
2026-01-23T14:25:16, Current hour = 14, Transmission hour = 3
2026-01-23T14:25:16, Current hour = 14, Transmission hour = 4
2026-01-23T14:25:17, Current hour = 14, Transmission hour = 5
2026-01-23T14:25:17, Current hour = 14, Transmission hour = 6
2026-01-23T14:25:17, Current hour = 14, Transmission hour = 7
2026-01-23T14:25:17, Current hour = 14, Transmission hour = 8
2026-01-23T14:25:17, Current hour = 14, Transmission hour = 9
2026-01-23T14:25:17, Current hour = 14, Transmission hour = 10
2026-01-23T14:25:17, Current hour = 14, Transmission hour = 11
2026-01-23T14:25:17, Current hour = 14, Transmission hour = 12
2026-01-23T14:25:17, Current hour = 14, Transmission hour = 13
2026-01-23T14:25:17, Current hour = 14, Transmission hour = 14
2026-01-23T14:25:17, 2314258191+00942
2026-01-23T14:25:19,  - attempt to send message: 2314258191+00942
2026-01-23T14:25:20,  - Modem begin successful
2026-01-23T14:25:20,  - Sending...
2026-01-23T14:25:25,  - Send response: 
2026-01-23T14:25:25,   - Sync clocks... 0
2026-01-23T14:25:25,  - Arduino Old Time: 2026-01-23T22:25:25
2026-01-23T14:25:25, TIME FROM MODEM: 115-3-19 18:34
2026-01-23T14:25:25,  POST TIME: 2026-01-23T22:25:25
2026-01-23T14:25:25,  - Arduino New Time: 2026-01-23T22:25:25
2026-01-23T14:25:25, Message sent! Removing /TRANSMIT.csv
2026-01-23T14:25:25, Done loop ...
2026-01-23T14:25:31, Power down failed
2026-01-23T14:25:33, Data: 2026-01-23T14:25:31,4.09,23591,1909.00,1919.00,1914.00,0.84,43.14,1.62,894.97
2026-01-23T14:25:33, Add row to /TRACKING.csv
2026-01-23T14:25:33, Number of rows in /TRACKING.csv: 1
2026-01-23T14:25:35, Done loop ...
2026-01-23T14:25:40, Power down failed
2026-01-23T14:25:43, Data: 2026-01-23T14:25:40,4.06,23591,1906.00,1917.00,1912.50,0.81,43.59,1.61,894.92
2026-01-23T14:25:43, Add row to /TRACKING.csv
2026-01-23T14:25:43, Number of rows in /TRACKING.csv: 2
2026-01-23T14:25:45, Done loop ...
2026-01-23T14:25:51, Power down failed
2026-01-23T14:25:53, Data: 2026-01-23T14:25:51,4.07,23591,1907.00,1918.00,1909.50,0.82,43.64,1.56,894.94
2026-01-23T14:25:53, Add row to /TRACKING.csv
2026-01-23T14:25:53, Number of rows in /TRACKING.csv: 3
2026-01-23T14:25:56, Done loop ...
2026-01-23T14:26:01, Power down failed
2026-01-23T14:26:03, Data: 2026-01-23T14:26:01,4.11,23591,1904.00,1911.00,1907.50,0.81,43.12,1.49,894.93
2026-01-23T14:26:03, Add row to /TRACKING.csv
2026-01-23T14:26:03, Number of rows in /TRACKING.csv: 4
2026-01-23T14:26:07, Number of rows in /TRACKING.csv is >= 4
2026-01-23T14:26:07, Remove tracking
2026-01-23T14:26:07, Write to /TRANSMIT.csv: 2026-01-23T14:26:01,4.11,1904.00,0.8,43
2026-01-23T14:26:07, Number of rows in /TRANSMIT.csv: 1
2026-01-23T14:26:07, Current hour = 14, Transmission hour = 0
2026-01-23T14:26:07, Current hour = 14, Transmission hour = 1
2026-01-23T14:26:07, Current hour = 14, Transmission hour = 2
2026-01-23T14:26:07, Current hour = 14, Transmission hour = 3
2026-01-23T14:26:07, Current hour = 14, Transmission hour = 4
2026-01-23T14:26:07, Current hour = 14, Transmission hour = 5
2026-01-23T14:26:07, Current hour = 14, Transmission hour = 6
2026-01-23T14:26:07, Current hour = 14, Transmission hour = 7
2026-01-23T14:26:07, Current hour = 14, Transmission hour = 8
2026-01-23T14:26:07, Current hour = 14, Transmission hour = 9
2026-01-23T14:26:07, Current hour = 14, Transmission hour = 10
2026-01-23T14:26:07, Current hour = 14, Transmission hour = 11
2026-01-23T14:26:07, Current hour = 14, Transmission hour = 12
2026-01-23T14:26:07, Current hour = 14, Transmission hour = 13
2026-01-23T14:26:07, Current hour = 14, Transmission hour = 14
2026-01-23T14:26:07, 2314268190+00843
2026-01-23T14:26:10,  - attempt to send message: 2314268190+00843
2026-01-23T14:26:10,  - Modem begin successful
2026-01-23T14:26:10,  - Sending...
2026-01-23T14:26:16,  - Send response: 
2026-01-23T14:26:16,   - Sync clocks... 0
2026-01-23T14:26:16,  - Arduino Old Time: 2026-01-23T22:26:16
2026-01-23T14:26:16, TIME FROM MODEM: 115-3-19 18:35
2026-01-23T14:26:17,  POST TIME: 2026-01-23T22:26:17
2026-01-23T14:26:17,  - Arduino New Time: 2026-01-23T22:26:17
2026-01-23T14:26:18, Message sent! Removing /TRANSMIT.csv
2026-01-23T14:26:18, Done loop ...
2026-01-23T14:26:23, Power down failed
2026-01-23T14:26:25, Data: 2026-01-23T14:26:23,4.05,23591,1906.00,1911.00,1908.50,0.75,42.81,1.51,894.93
2026-01-23T14:26:25, Add row to /TRACKING.csv
2026-01-23T14:26:25, Number of rows in /TRACKING.csv: 1
2026-01-23T14:26:28, Done loop ...
2026-01-23T14:26:33, Power down failed
2026-01-23T14:26:35, Data: 2026-01-23T14:26:33,4.11,23591,1907.00,1911.00,1908.00,0.78,43.41,1.53,894.96
2026-01-23T14:26:35, Add row to /TRACKING.csv
2026-01-23T14:26:35, Number of rows in /TRACKING.csv: 2
2026-01-23T14:26:38, Done loop ...
2026-01-23T14:26:43, Power down failed
2026-01-23T14:26:45, Data: 2026-01-23T14:26:43,4.06,23591,1906.00,1911.00,1907.00,0.76,43.85,1.60,894.90
2026-01-23T14:26:45, Add row to /TRACKING.csv
2026-01-23T14:26:45, Number of rows in /TRACKING.csv: 3
2026-01-23T14:26:48, Done loop ...
2026-01-23T14:27:08, Setup Complete
2026-01-23T14:27:10, Data: 2026-01-23T14:27:08,4.16,25031,1902.00,1911.00,1907.00,0.76,44.45,1.78,894.93
2026-01-23T14:27:10, Add row to /TRACKING.csv
2026-01-23T14:27:10, Number of rows in /TRACKING.csv: 4
2026-01-23T14:27:13, Number of rows in /TRACKING.csv is >= 4
2026-01-23T14:27:13, Remove tracking
2026-01-23T14:27:13, Write to /TRANSMIT.csv: 2026-01-23T14:27:08,4.16,1902.00,0.8,44
2026-01-23T14:27:13, Number of rows in /TRANSMIT.csv: 1
2026-01-23T14:27:13, Current hour = 14, Transmission hour = 1
2026-01-23T14:27:13, Current hour = 14, Transmission hour = 6
2026-01-23T14:27:13, Current hour = 14, Transmission hour = 8
2026-01-23T14:27:14, Current hour = 14, Transmission hour = 10
2026-01-23T14:27:14, Current hour = 14, Transmission hour = 15
2026-01-23T14:27:14, Current hour = 14, Transmission hour = 20
2026-01-23T14:27:14, Current hour = 14, Transmission hour = 22
2026-01-23T14:27:14, Done loop ...
2026-01-23T14:27:19, Power down failed
2026-01-23T14:27:21, Data: 2026-01-23T14:27:19,4.10,24203,1904.00,1909.00,1905.00,0.78,45.01,1.85,894.92
2026-01-23T14:27:21, Add row to /TRACKING.csv
2026-01-23T14:27:21, Number of rows in /TRACKING.csv: 1
2026-01-23T14:27:24, Done loop ...
2026-01-23T14:27:29, Power down failed
2026-01-23T14:27:31, Data: 2026-01-23T14:27:29,4.12,24203,1901.00,1911.00,1905.00,0.78,44.90,1.90,894.93
2026-01-23T14:27:31, Add row to /TRACKING.csv
2026-01-23T14:27:31, Number of rows in /TRACKING.csv: 2
2026-01-23T14:27:34, Done loop ...
2026-01-23T14:27:39, Power down failed
2026-01-23T14:27:41, Data: 2026-01-23T14:27:39,4.09,24203,1902.00,1907.00,1903.50,0.78,44.67,1.94,894.94
2026-01-23T14:27:41, Add row to /TRACKING.csv
2026-01-23T14:27:41, Number of rows in /TRACKING.csv: 3
2026-01-23T14:27:44, Done loop ...
2026-01-23T14:27:59, Setup Complete
2026-01-23T14:28:01, Data: 2026-01-23T14:27:59,4.07,25031,1900.00,1910.00,1905.50,0.79,44.28,2.06,894.94
2026-01-23T14:28:01, Add row to /TRACKING.csv
2026-01-23T14:28:02, Number of rows in /TRACKING.csv: 4
2026-01-23T14:28:05, Number of rows in /TRACKING.csv is >= 4
2026-01-23T14:28:05, Remove tracking
2026-01-23T14:28:05, Write to /TRANSMIT.csv: 2026-01-23T14:27:59,4.07,1900.00,0.8,44
2026-01-23T14:28:05, Number of rows in /TRANSMIT.csv: 2
2026-01-23T14:28:05, Current hour = 14, Transmission hour = 0
2026-01-23T14:28:05, Current hour = 14, Transmission hour = 1
2026-01-23T14:28:05, Current hour = 14, Transmission hour = 2
2026-01-23T14:28:05, Current hour = 14, Transmission hour = 3
2026-01-23T14:28:05, Current hour = 14, Transmission hour = 4
2026-01-23T14:28:05, Current hour = 14, Transmission hour = 5
2026-01-23T14:28:05, Current hour = 14, Transmission hour = 6
2026-01-23T14:28:05, Current hour = 14, Transmission hour = 7
2026-01-23T14:28:05, Current hour = 14, Transmission hour = 8
2026-01-23T14:28:06, Current hour = 14, Transmission hour = 9
2026-01-23T14:28:06, Current hour = 14, Transmission hour = 10
2026-01-23T14:28:06, Current hour = 14, Transmission hour = 11
2026-01-23T14:28:06, Current hour = 14, Transmission hour = 12
2026-01-23T14:28:06, Current hour = 14, Transmission hour = 13
2026-01-23T14:28:06, Current hour = 14, Transmission hour = 14
2026-01-23T14:28:06, 2314277190+00844:190+00844
2026-01-23T14:28:08,  - attempt to send message: 2314277190+00844:190+00844
2026-01-23T14:28:09,  - Modem begin successful
2026-01-23T14:28:09,  - Sending...
2026-01-23T14:29:56,  - Send response: 
2026-01-23T14:29:56,   - Sync clocks... 0
2026-01-23T14:29:56,  - Arduino Old Time: 2026-01-23T22:29:56
2026-01-23T14:29:56, TIME FROM MODEM: 115-3-19 18:38
2026-01-23T14:29:55,  - Arduino New Time: 2026-01-23T22:29:55
2026-01-23T14:29:55, Message sent! Removing /TRANSMIT.csv
2026-01-23T14:29:55, Done loop ...
2026-01-23T14:30:01, Power down failed
2026-01-23T14:30:03, Data: 2026-01-23T14:30:01,4.05,23887,1900.00,1910.00,1904.50,0.84,42.09,2.40,894.93
2026-01-23T14:30:03, Add row to /TRACKING.csv
2026-01-23T14:30:03, Number of rows in /TRACKING.csv: 1
2026-01-23T14:31:06, Setup Complete
2026-01-23T14:31:08, Data: 2026-01-23T14:31:06,4.13,25031,1896.00,1903.00,1899.00,0.71,42.21,2.49,894.93
2026-01-23T14:31:08, Add row to /TRACKING.csv
2026-01-23T14:31:08, Number of rows in /TRACKING.csv: 2
2026-01-23T14:31:11, Done loop ...
2026-01-23T14:31:29, Setup Complete
2026-01-23T14:31:31, Data: 2026-01-23T14:31:29,4.06,25031,1897.00,1902.00,1900.00,0.71,42.60,2.51,894.91
2026-01-23T14:31:31, Add row to /TRACKING.csv
2026-01-23T14:31:31, Number of rows in /TRACKING.csv: 3
2026-01-23T14:31:34, Done loop ...
2026-01-23T14:31:39, Power down failed
2026-01-23T14:31:41, Data: 2026-01-23T14:31:39,4.14,24491,1874.00,1907.00,1896.50,0.68,42.49,2.54,894.93
2026-01-23T14:31:41, Add row to /TRACKING.csv
2026-01-23T14:31:42, Number of rows in /TRACKING.csv: 4
2026-01-23T14:31:45, Number of rows in /TRACKING.csv is >= 4
2026-01-23T14:31:45, Remove tracking
2026-01-23T14:31:45, Write to /TRANSMIT.csv: 2026-01-23T14:31:39,4.14,1874.00,0.7,42
2026-01-23T14:31:45, Number of rows in /TRANSMIT.csv: 1
2026-01-23T14:31:45, Current hour = 14, Transmission hour = 1
2026-01-23T14:31:45, Current hour = 14, Transmission hour = 6
2026-01-23T14:31:45, Current hour = 14, Transmission hour = 8
2026-01-23T14:31:45, Current hour = 14, Transmission hour = 10
2026-01-23T14:31:45, Current hour = 14, Transmission hour = 15
2026-01-23T14:31:45, Current hour = 14, Transmission hour = 20
2026-01-23T14:31:45, Current hour = 14, Transmission hour = 22
2026-01-23T14:31:45, Done loop ...
2026-01-23T14:33:02, Setup Complete
2026-01-23T14:33:04, Data: 2026-01-23T14:33:02,3.91,25631,1904.00,1910.00,1907.50,0.72,44.55,2.52,894.97
2026-01-23T14:33:04, Add row to /TRACKING.csv
2026-01-23T14:33:04, Number of rows in /TRACKING.csv: 1
2026-01-23T14:33:06, Done loop ...
2026-01-23T14:33:33, Setup Complete
2026-01-23T14:33:35, Data: 2026-01-23T14:33:33,3.91,25631,1905.00,1910.00,1908.50,0.78,44.12,2.48,894.96
2026-01-23T14:33:35, Add row to /TRACKING.csv
2026-01-23T14:33:36, Number of rows in /TRACKING.csv: 2
2026-01-23T14:33:38, Done loop ...
