datetime,batt_v,memory,snow_depth_min_mm,snow_depth_max_mm,snow_depth_median_mm,air_2m_temp_deg_c,air_2m_temp_rh_prct,baro_temp_deg_c,baro_pressure_hPa
2000-01-01T00:00:00,4.05,24955,2734.00,2942.00,2751.00,0.40,65.78,1.46,886.79
2000-01-01T00:00:00,4.13,24467,2728.00,4423.00,2747.00,0.41,65.60,1.46,886.84
2000-01-01T00:00:00,4.12,24955,4520.00,4531.00,4523.50,0.40,65.40,1.42,886.84
2000-01-01T00:00:00,4.16,24955,4493.00,4550.00,4513.00,0.37,65.17,1.37,886.86
2000-01-01T00:00:00,4.14,23971,4482.00,4565.00,4525.00,0.36,65.07,1.17,886.72
2000-01-01T00:00:00,4.12,23971,4475.00,4565.00,4509.50,0.37,65.15,1.13,886.69
2000-01-01T00:00:00,4.20,23971,4507.00,4548.00,4524.50,0.33,65.20,1.14,886.69
2000-01-01T00:00:00,4.11,23971,4482.00,4571.00,4510.50,0.34,65.42,1.21,886.69
2000-01-01T00:00:00,4.07,25023,2756.00,3446.00,2768.00,0.86,63.78,2.05,886.75
2000-01-01T00:00:00,4.11,24463,2770.00,3536.00,2780.00,0.89,63.74,2.09,886.85
2000-01-01T00:00:00,4.06,24955,2763.00,2785.00,2773.50,0.92,63.85,2.06,886.90
2000-01-01T00:00:00,4.13,24403,2754.00,2768.00,2762.00,0.95,63.83,2.02,886.72
2000-01-01T00:00:00,3.76,25555,4505.00,4560.00,4518.00,1.09,61.40,3.04,886.79
2000-01-01T00:00:00,3.75,25555,4511.00,4536.00,4528.50,1.15,61.92,3.22,886.82
2025-10-12T08:56:59,3.67,25631,4416.00,4578.00,4510.00,1.15,61.37,3.11,886.82
2025-10-12T08:58:40,3.67,25631,4403.00,4496.00,4456.50,0.93,60.87,4.41,889.15
2025-10-12T09:15:29,3.68,25631,4515.00,4647.00,4556.50,1.72,58.77,8.96,887.10
2025-10-12T09:32:17,3.68,25631,4487.00,4576.00,4546.50,1.79,58.33,10.04,887.22
2025-10-12T09:49:06,3.68,25631,4460.00,4570.00,4527.00,2.33,56.12,10.69,886.97
2025-10-12T10:05:54,3.68,25631,4453.00,4595.00,4535.00,2.60,57.75,10.55,887.40
2025-10-12T10:22:41,3.68,25631,4458.00,4584.00,4558.50,2.26,57.58,8.43,887.42
2025-10-12T10:39:30,3.67,25631,4431.00,4592.00,4482.50,3.12,53.29,7.35,887.52
2025-10-12T10:56:18,3.68,25631,4413.00,4599.00,4521.50,2.16,57.98,6.68,887.73
2025-10-12T11:13:07,3.67,25631,4450.00,4620.00,4525.50,2.48,53.50,6.47,887.60
2025-10-12T11:29:55,3.67,25631,4420.00,4552.00,4479.50,1.92,55.53,6.46,887.86
2025-10-12T11:46:43,3.68,25631,4446.00,4585.00,4478.50,2.29,49.78,6.69,887.84
2025-10-12T12:03:32,3.67,25631,4421.00,4610.00,4513.50,2.75,47.77,7.02,888.03
2025-10-12T12:20:20,3.68,25631,4442.00,4574.00,4524.00,2.89,48.37,7.39,888.11
2025-10-12T12:37:08,3.68,25631,4384.00,4567.00,4472.50,2.71,46.62,7.25,888.07
2025-10-12T12:53:56,3.67,25631,4421.00,4548.00,4501.50,2.78,44.27,7.44,888.14
2025-10-12T13:10:45,3.67,25631,4443.00,4564.00,4499.00,3.02,43.22,7.60,888.23
2025-10-12T13:27:33,3.67,25631,4443.00,4579.00,4478.00,3.44,42.28,7.61,888.22
2025-10-12T13:44:21,3.68,25631,4426.00,4564.00,4495.00,3.57,42.72,7.50,888.18
2025-10-12T14:01:10,3.67,25631,4399.00,4478.00,4461.50,4.49,39.74,7.68,888.11
2025-10-12T14:17:58,3.66,25631,4366.00,4535.00,4467.50,4.19,43.59,7.53,888.08
2025-10-12T14:34:47,3.67,25631,4408.00,4449.00,4417.50,4.57,39.67,7.66,887.92
2025-10-12T14:51:35,3.66,25631,4358.00,4574.00,4443.00,5.25,41.85,7.64,888.14
2025-10-12T15:08:23,3.67,25631,4381.00,4544.00,4461.50,5.04,40.09,7.63,888.11
2025-10-12T15:25:12,3.67,25631,4416.00,4514.00,4458.00,4.95,41.25,7.43,888.02
2025-10-12T15:42:00,3.66,25631,4401.00,4533.00,4462.00,5.44,38.83,7.38,888.00
2025-10-12T15:58:48,3.67,25631,4424.00,4606.00,4447.50,4.33,40.24,7.22,887.88
2025-10-12T16:15:36,3.66,25631,4442.00,4580.00,4493.50,4.98,39.31,6.76,888.17
2025-10-12T16:32:25,3.67,25631,4442.00,4565.00,4500.00,5.02,40.82,6.40,888.28
2025-10-12T16:49:13,3.66,25631,4469.00,4589.00,4514.00,3.49,40.60,5.87,888.15
2025-10-12T17:06:01,3.67,25631,4427.00,4544.00,4498.50,2.61,43.78,4.35,888.02
2025-10-12T17:22:50,3.67,25631,4389.00,4549.00,4484.50,1.13,44.80,1.84,888.19
2025-10-12T17:39:38,3.67,25631,4375.00,4423.00,4397.50,0.43,47.27,0.59,888.02
2025-10-12T17:56:26,3.67,25631,4378.00,4622.00,4409.00,0.37,47.34,-0.21,888.17
2025-10-12T18:13:15,3.67,25631,4390.00,4476.00,4406.00,0.61,47.26,-0.50,887.92
2025-10-12T18:30:03,3.67,25631,4370.00,4519.00,4407.00,0.07,49.49,-0.92,888.08
2025-10-12T18:46:51,3.67,25631,4390.00,4441.00,4415.50,0.05,49.67,-0.92,888.08
2025-10-12T19:03:38,3.67,25631,4384.00,4543.00,4399.00,-0.30,51.27,-1.34,888.09
2025-10-12T19:20:25,3.67,25631,4383.00,4551.00,4478.00,0.00,50.71,-1.43,888.03
2025-10-12T19:37:13,3.67,25631,4385.00,4598.00,4509.00,-0.21,50.45,-1.48,888.02
2025-10-12T19:54:01,3.67,25631,4398.00,4442.00,4415.50,-0.02,51.39,-1.18,888.08
2025-10-12T20:10:49,3.66,25631,4375.00,4408.00,4388.50,-0.29,52.36,-1.37,888.14
2025-10-12T20:27:36,3.67,25631,4415.00,4446.00,4438.00,-0.21,52.94,-1.42,888.20
2025-10-12T20:44:24,3.67,25631,4363.00,4551.00,4427.50,-0.72,54.47,-1.74,888.48
2025-10-12T21:01:12,3.66,25631,4406.00,4488.00,4471.50,-0.70,54.12,-1.85,888.30
2025-10-12T21:18:00,3.67,25631,4335.00,4530.00,4396.50,-0.23,52.17,-1.82,888.43
2025-10-12T21:34:47,3.65,25631,4387.00,4544.00,4414.00,-0.23,52.19,-1.65,888.41
2025-10-12T21:51:35,3.65,25631,4390.00,4552.00,4427.00,-0.35,51.62,-1.62,888.42
2025-10-12T22:08:23,3.66,25631,4399.00,4536.00,4429.50,-0.32,53.24,-1.47,888.53
2025-10-12T22:25:11,3.66,25631,4344.00,4556.00,4411.50,-0.35,53.33,-1.37,888.45
2025-10-12T22:41:59,3.65,25631,4391.00,4556.00,4441.50,-0.25,51.41,-1.33,888.25
2025-10-12T22:58:47,3.66,25631,4345.00,4544.00,4511.00,-0.50,50.06,-1.53,888.10
2025-10-12T23:15:35,3.66,25631,4303.00,4472.00,4399.50,-0.39,51.35,-1.73,888.13
2025-10-12T23:32:22,3.65,25631,4427.00,4559.00,4436.00,-0.45,51.10,-1.79,888.23
2025-10-12T23:49:09,3.65,25631,4388.00,4416.00,4406.00,-0.23,51.29,-1.74,888.31
2025-10-13T00:05:57,3.65,25631,4426.00,4449.00,4436.00,-0.67,52.97,-1.83,888.17
2025-10-13T00:22:45,3.65,25631,4395.00,4542.00,4438.50,-1.01,53.30,-2.10,888.18
2025-10-13T00:39:33,3.65,25631,4395.00,4537.00,4446.50,-0.94,51.35,-2.20,888.23
2025-10-13T00:56:21,3.65,25631,4392.00,4432.00,4401.50,-0.73,51.53,-1.97,888.06
2025-10-13T01:13:09,3.65,25631,4385.00,4546.00,4538.00,-1.12,51.62,-2.02,888.02
2025-10-13T01:29:57,3.65,25631,4382.00,4426.00,4413.00,-0.65,50.08,-1.69,887.88
2025-10-13T01:46:44,3.65,25631,4395.00,4428.00,4409.00,-0.55,49.16,-1.70,887.77
2025-10-13T02:03:32,3.65,25631,4333.00,4554.00,4421.00,-0.59,49.15,-1.62,887.75
2025-10-13T02:20:20,3.65,25631,4399.00,4413.00,4404.50,-0.73,49.82,-1.62,887.73
2025-10-13T02:37:08,3.65,25631,4309.00,4536.00,4410.50,-0.55,49.56,-1.39,887.63
2025-10-13T02:53:56,3.65,25631,4398.00,4426.00,4412.00,-0.30,49.89,-0.97,887.36
2025-10-13T03:10:44,3.65,25631,4401.00,4424.00,4413.50,-0.43,50.40,-0.93,887.40
2025-10-13T03:27:32,3.65,25631,4410.00,4422.00,4418.00,-0.46,51.66,-0.92,887.35
2025-10-13T03:44:19,3.65,25631,4397.00,4430.00,4413.00,-0.33,51.11,-0.78,887.16
2025-10-13T04:01:07,3.66,25631,4400.00,4420.00,4413.00,-0.32,52.60,-0.64,886.93
2025-10-13T04:17:55,3.65,25631,4403.00,4425.00,4413.00,-0.35,51.20,-0.61,886.81
2025-10-13T04:34:43,3.65,25631,4404.00,4426.00,4412.00,-0.14,49.92,-0.49,886.95
2025-10-13T04:51:31,3.65,25631,4393.00,4418.00,4408.00,-0.23,51.73,-0.43,886.92
2025-10-13T05:08:19,3.65,25631,4396.00,4414.00,4408.00,-0.19,54.43,-0.43,886.79
2025-10-13T05:25:06,3.65,25631,4389.00,4417.00,4399.00,-0.09,50.51,-0.38,886.89
2025-10-13T05:41:54,3.65,25631,4394.00,4423.00,4409.50,-0.14,52.47,-0.32,886.89
2025-10-13T05:58:42,3.65,25631,4395.00,4411.00,4404.50,-0.21,53.49,-0.34,887.07
2025-10-13T06:15:30,3.65,25631,4398.00,4416.00,4408.00,-0.04,50.81,-0.29,887.26
2025-10-13T06:32:18,3.65,25631,4398.00,4422.00,4414.50,-0.01,51.63,-0.20,887.19
2025-10-13T06:49:06,3.65,25631,4403.00,4418.00,4412.50,-0.08,53.21,-0.20,887.34
2025-10-13T07:05:53,3.65,25631,4404.00,4422.00,4414.00,-0.21,54.27,-0.18,887.36
2025-10-13T07:22:41,3.65,25631,4400.00,4426.00,4414.00,-0.26,55.75,-0.22,887.17
2025-10-13T07:39:29,3.66,25631,4407.00,4552.00,4416.50,-0.17,55.73,-0.10,886.99
2025-10-13T07:56:17,3.65,25631,4551.00,4557.00,4553.00,0.17,54.56,0.18,886.77
2025-10-13T08:13:05,3.65,25631,4453.00,4573.00,4561.50,0.48,52.06,0.58,886.60
2025-10-13T08:29:53,3.65,25631,4557.00,4564.00,4560.50,0.64,50.13,0.90,886.61
2025-10-13T08:46:40,3.66,25631,4418.00,4548.00,4536.50,0.82,51.70,1.33,886.67
2025-10-13T09:03:28,3.65,25631,4429.00,4559.00,4549.50,0.92,53.92,1.88,886.51
2025-10-13T09:20:16,3.65,25631,4493.00,4564.00,4552.50,0.53,59.77,1.67,886.49
2025-10-13T09:37:04,3.65,25631,4431.00,4514.00,4481.50,0.61,57.94,1.87,886.57
2025-10-13T09:53:52,3.65,25631,4456.00,4562.00,4543.00,0.58,57.51,1.98,886.53
2025-10-13T10:10:40,3.65,25631,4428.00,4552.00,4463.50,0.78,60.78,1.89,886.65
2025-10-13T10:27:28,3.65,25631,4448.00,4601.00,4492.00,0.92,62.00,2.28,886.82
2025-10-13T10:44:17,3.65,25631,4436.00,4567.00,4545.50,1.07,62.08,2.63,886.75
2025-10-13T11:01:04,3.65,25631,4476.00,4565.00,4511.00,1.70,60.60,3.01,886.50
2025-10-13T11:17:52,3.65,25631,4443.00,4579.00,4457.00,1.65,63.97,3.07,886.67
2025-10-13T11:34:40,3.65,25631,4459.00,4566.00,4548.50,1.44,65.83,3.28,886.72
2025-10-13T11:51:28,3.64,25631,4502.00,4556.00,4521.50,1.89,63.20,3.96,886.97
2025-10-13T12:08:17,3.66,25631,4506.00,4524.00,4518.00,2.78,60.38,4.65,886.77
2025-10-13T12:25:05,3.65,25631,4458.00,4486.00,4475.00,2.68,60.98,4.63,886.69
2025-10-13T12:41:53,3.65,25631,4487.00,4531.00,4513.50,3.20,62.52,5.09,886.49
2025-10-13T12:58:42,3.65,25631,4424.00,4524.00,4515.50,3.43,61.37,5.81,886.46
2025-10-13T13:15:29,3.65,25631,4451.00,4566.00,4520.00,3.22,61.34,5.72,886.47
2025-10-13T13:32:17,3.65,25631,4467.00,4537.00,4515.50,3.39,51.96,5.50,886.30
2025-10-13T13:49:05,3.65,25631,4510.00,4534.00,4521.00,3.19,59.86,5.36,886.34
2025-10-13T14:05:54,3.65,25631,4444.00,4527.00,4513.50,2.61,64.69,4.88,886.33
2025-10-13T14:22:42,3.66,25631,4454.00,4513.00,4502.50,3.12,65.80,4.61,886.49
2025-10-13T14:39:30,3.65,25631,4409.00,4557.00,4459.50,2.80,61.63,4.54,886.57
2025-10-13T14:56:18,3.64,25631,4446.00,4526.00,4476.50,2.37,66.46,4.15,886.56
2025-10-13T15:13:06,3.65,25631,4499.00,4515.00,4509.00,2.80,68.26,3.76,886.54
2025-10-13T15:29:54,3.65,25631,4537.00,4553.00,4546.50,2.78,68.94,3.70,886.48
2025-10-13T15:46:43,3.65,25631,4449.00,4562.00,4484.50,3.05,66.77,3.76,886.60
2025-10-13T16:03:31,3.65,25631,4443.00,4480.00,4459.50,3.47,65.22,4.08,886.53
2025-10-13T16:20:19,3.65,25631,4474.00,4516.00,4493.50,3.37,63.36,4.17,886.38
2025-10-13T16:37:06,3.65,25631,4453.00,4576.00,4464.00,2.81,64.53,4.10,886.35
2025-10-13T16:53:54,3.65,25631,4558.00,4568.00,4564.00,3.03,66.01,3.87,886.27
2025-10-13T17:10:42,3.65,25631,4465.00,4561.00,4520.50,2.99,67.98,3.53,886.28
2025-10-13T17:27:30,3.65,25631,4469.00,4557.00,4515.50,2.40,70.66,2.96,886.13
2025-10-13T17:44:19,3.65,25631,4508.00,4561.00,4556.00,2.16,62.27,2.46,886.38
2025-10-13T18:01:07,3.65,25631,4435.00,4561.00,4551.00,2.10,60.27,2.19,886.26
2025-10-13T18:17:55,3.65,25631,4407.00,4466.00,4442.00,1.97,62.22,1.69,886.09
2025-10-13T18:34:43,3.64,25631,4498.00,4543.00,4528.00,1.78,62.70,1.25,886.17
2025-10-13T18:51:31,3.65,25631,4417.00,4561.00,4484.50,1.88,54.13,1.01,886.39
2025-10-13T19:08:19,3.65,25631,4445.00,4488.00,4462.50,2.23,55.93,1.09,886.42
2025-10-13T19:25:07,3.65,25631,4470.00,4490.00,4478.50,2.05,54.71,1.05,886.46
2025-10-13T19:41:55,3.65,25631,4402.00,4536.00,4517.00,2.06,51.57,1.02,886.56
2025-10-13T19:58:43,3.64,25631,4423.00,4510.00,4472.50,2.13,53.85,1.06,886.61
2025-10-13T20:15:31,3.64,25631,4450.00,4492.00,4486.00,2.44,53.99,1.15,886.60
2025-10-13T20:32:19,3.65,25631,4377.00,4527.00,4428.00,2.81,54.84,1.51,886.60
2025-10-13T20:49:07,3.65,25631,4416.00,4505.00,4480.50,2.87,58.06,1.56,886.71
2025-10-13T21:05:54,3.65,25631,4423.00,4545.00,4516.50,2.73,61.27,1.60,886.67
2025-10-13T21:22:42,3.65,25631,4446.00,4516.00,4476.50,2.81,61.45,1.49,886.68
2025-10-13T21:39:30,3.65,25631,4464.00,4490.00,4485.00,2.43,58.38,1.34,886.69
2025-10-13T21:56:18,3.65,25631,4473.00,4508.00,4485.50,2.38,60.80,1.18,886.60
2025-10-13T22:13:06,3.65,25631,4362.00,4487.00,4457.00,2.68,61.35,1.25,886.62
2025-10-13T22:29:54,3.64,25631,4359.00,4490.00,4482.00,2.95,59.35,1.48,886.64
2025-10-13T22:46:42,3.65,25631,4482.00,4504.00,4493.00,2.80,70.43,1.54,886.62
2025-10-13T23:03:30,3.64,25631,4391.00,4562.00,4504.00,2.91,70.11,1.70,886.54
2025-10-13T23:20:18,3.65,25631,4449.00,4486.00,4474.00,2.65,62.75,1.49,886.75
2025-10-13T23:37:06,3.65,25631,4413.00,4480.00,4456.50,2.48,66.43,1.36,886.84
2025-10-13T23:53:54,3.64,25631,4359.00,4472.00,4425.50,1.88,70.10,1.21,886.87
2025-10-14T00:10:42,3.64,25631,4354.00,4468.00,4437.50,2.10,65.84,1.00,886.93
2025-10-14T00:27:30,3.65,25631,4359.00,4425.00,4371.50,2.13,65.28,1.02,886.98
2025-10-14T00:44:18,3.64,25631,4407.00,4505.00,4443.00,2.54,69.38,1.22,887.22
2025-10-14T01:01:06,3.64,25631,4533.00,4567.00,4553.50,3.03,67.89,1.56,887.18
2025-10-14T01:17:54,3.64,25631,4405.00,4589.00,4451.50,2.47,65.95,1.49,887.23
2025-10-14T01:34:41,3.65,25631,4446.00,4480.00,4461.00,3.22,72.20,1.67,887.36
2025-10-14T01:51:29,3.65,25631,4425.00,4610.00,4563.00,3.97,80.27,2.25,887.27
2025-10-14T02:08:17,3.64,25631,4412.00,4472.00,4454.00,3.20,74.00,2.12,887.32
2025-10-14T02:25:05,3.64,25631,4410.00,4454.00,4440.00,4.01,74.79,2.56,887.38
2025-10-14T02:41:53,3.65,25631,4395.00,4473.00,4459.00,4.80,74.71,3.18,887.31
2025-10-14T02:58:42,3.65,25631,4358.00,4470.00,4393.00,4.53,76.81,3.40,887.27
2025-10-14T03:15:30,3.64,25631,4425.00,4470.00,4443.00,3.66,78.22,2.97,887.21
2025-10-14T03:32:18,3.64,25631,4504.00,4520.00,4514.00,3.63,80.73,2.72,887.28
2025-10-14T03:49:06,3.65,25631,4360.00,4531.00,4431.00,3.91,78.61,2.77,887.31
2025-10-14T04:05:54,3.65,25631,4394.00,4437.00,4427.00,3.99,76.93,2.78,887.31
2025-10-14T04:22:42,3.64,25631,4381.00,4420.00,4409.50,4.50,78.64,3.11,887.32
2025-10-14T04:39:30,3.64,25631,4374.00,4505.00,4463.00,4.43,77.05,3.11,887.39
2025-10-14T04:56:17,3.65,25631,4380.00,4486.00,4398.50,4.02,78.21,2.99,887.39
2025-10-14T05:13:05,3.64,25631,4480.00,4527.00,4516.50,4.37,79.33,3.10,887.36
2025-10-14T05:29:54,3.64,25631,4424.00,4521.00,4484.00,4.57,77.74,3.23,887.44
2025-10-14T05:46:42,3.64,25631,4409.00,4456.00,4434.00,5.04,76.13,3.55,887.43
2025-10-14T06:03:30,3.64,25631,4386.00,4461.00,4433.50,5.25,75.85,3.69,887.46
2025-10-14T06:20:18,3.64,25631,4424.00,4471.00,4454.50,4.71,77.64,3.60,887.57
2025-10-14T06:37:06,3.64,25631,4425.00,4448.00,4440.00,4.99,76.28,3.76,887.56
2025-10-14T06:53:54,3.65,25631,4411.00,4462.00,4446.50,5.05,75.42,3.82,887.50
2025-10-14T07:10:42,3.65,25631,4391.00,4532.00,4423.00,4.89,76.68,3.79,887.51
2025-10-14T07:27:30,3.64,25631,4437.00,4468.00,4452.00,4.65,77.49,3.75,887.45
2025-10-14T07:44:18,3.64,25631,4425.00,4465.00,4453.00,5.01,76.35,3.90,887.49
2025-10-14T08:01:06,3.64,25631,4502.00,4532.00,4515.00,6.90,69.18,8.13,887.74
2025-10-14T08:17:55,3.64,25631,4541.00,4563.00,4553.00,7.97,67.96,9.79,887.58
2025-10-14T08:34:43,3.64,25631,4537.00,4683.00,4561.50,9.83,63.19,14.03,887.75
2025-10-14T08:51:32,3.65,25631,4548.00,4643.00,4562.00,8.57,63.20,16.68,887.58
2025-10-14T09:08:20,3.64,25631,4551.00,4732.00,4611.50,9.04,61.68,17.78,887.63
2025-10-14T09:25:09,3.65,25631,4545.00,4732.00,4620.50,10.89,60.31,19.05,887.59
2025-10-14T09:41:58,3.64,25631,4577.00,4678.00,4596.00,10.60,60.53,19.05,887.31
2025-10-14T09:58:47,3.64,25631,4451.00,4716.00,4598.00,12.56,54.74,19.94,887.57
2025-10-14T10:15:36,3.65,25631,4560.00,4702.00,4604.00,11.14,57.43,18.49,887.29
2025-10-14T10:32:24,3.65,25631,4509.00,4634.00,4586.00,12.30,54.13,16.91,887.49
2025-10-14T10:49:13,3.64,25631,4504.00,4648.00,4579.00,12.55,55.01,15.82,887.69
2025-10-14T11:06:02,3.65,25631,4518.00,4985.00,4621.50,12.89,54.08,15.55,887.53
2025-10-14T11:22:50,3.64,25631,4511.00,4647.00,4574.00,11.15,60.36,15.60,887.64
2025-10-14T11:39:39,3.64,25631,4534.00,4702.00,4557.00,10.76,61.48,15.34,887.83
2025-10-14T11:56:28,3.64,25631,4482.00,4648.00,4592.00,11.85,60.12,15.77,887.77
2025-10-14T12:13:17,3.65,25631,4524.00,4658.00,4580.50,11.57,58.88,16.16,887.65
2025-10-14T12:30:06,3.64,25631,4526.00,4984.00,4571.50,11.28,59.20,16.27,887.66
2025-10-14T12:46:55,3.65,25631,4522.00,4702.00,4560.50,10.55,63.16,15.96,887.60
2025-10-14T13:03:43,3.64,25631,4461.00,4624.00,4534.00,11.21,59.40,15.72,887.69
2025-10-14T13:20:32,3.64,25631,4527.00,4984.00,4599.50,12.72,56.64,16.14,887.63
2025-10-14T13:37:21,3.65,25631,4442.00,4983.00,4544.00,12.79,56.24,16.55,887.55
2025-10-14T13:54:10,3.64,25631,4497.00,4588.00,4528.50,13.04,53.86,16.22,887.76
2025-10-14T14:10:59,3.64,25631,4457.00,4628.00,4527.50,12.00,57.54,15.53,887.68
2025-10-14T14:27:48,3.64,25631,4478.00,4529.00,4502.00,13.00,55.96,15.69,887.74
2025-10-14T14:44:37,3.64,25631,4493.00,4585.00,4517.50,12.24,57.89,15.40,887.84
2025-10-14T15:01:25,3.64,25631,4474.00,4607.00,4517.50,15.42,49.96,16.07,887.88
2025-10-14T15:18:14,3.65,25631,4470.00,4612.00,4496.00,13.00,53.90,15.69,887.75
2025-10-14T15:35:03,3.64,25631,4498.00,4984.00,4522.00,13.47,54.94,15.11,888.01
2025-10-14T15:51:52,3.64,25631,4506.00,4531.00,4520.50,11.97,58.57,14.54,888.02
2025-10-14T16:08:40,3.65,25631,4490.00,4985.00,4535.50,11.93,59.07,14.22,888.10
2025-10-14T16:25:29,3.64,25631,4444.00,4527.00,4504.50,10.90,62.41,12.66,888.11
2025-10-14T16:42:17,3.64,25631,4495.00,4529.00,4509.50,10.83,62.57,12.88,888.21
2025-10-14T16:59:06,3.64,25631,4470.00,4513.00,4494.50,9.72,66.56,11.30,888.09
2025-10-14T17:15:54,3.64,25631,4470.00,4496.00,4490.00,8.73,70.15,9.53,888.33
2025-10-14T17:32:43,3.64,25631,4469.00,4508.00,4492.50,8.39,71.65,8.54,888.16
2025-10-14T17:49:31,3.64,25631,4452.00,4481.00,4469.00,8.42,72.15,7.94,888.31
2025-10-14T18:06:20,3.64,25631,4491.00,4631.00,4507.00,8.01,72.74,7.61,888.23
2025-10-14T18:23:07,3.64,25631,4443.00,4502.00,4490.00,7.63,73.56,7.14,888.30
2025-10-14T18:39:55,3.64,25631,4426.00,4548.00,4497.00,7.01,76.21,6.62,888.36
2025-10-14T18:56:44,3.64,25631,4472.00,4494.00,4486.00,6.91,77.12,6.24,888.28
2025-10-14T19:13:32,3.64,25631,4436.00,4484.00,4453.00,6.57,78.61,5.96,888.29
2025-10-14T19:30:20,3.64,25631,4481.00,4506.00,4491.50,7.01,78.06,6.00,888.20
2025-10-14T19:47:08,3.64,25631,4490.00,4535.00,4502.50,7.93,76.30,6.58,887.96
2025-10-14T20:03:57,3.64,25631,4439.00,4491.00,4471.50,7.46,77.29,6.87,887.96
2025-10-14T20:20:45,3.64,25631,4423.00,4494.00,4447.00,7.38,76.91,6.72,887.85
2025-10-14T20:37:33,3.64,25631,4431.00,4485.00,4468.50,7.19,77.74,6.53,888.04
2025-10-14T20:54:21,3.64,25631,4436.00,4517.00,4451.50,7.05,79.50,6.29,888.02
2025-10-14T21:11:10,3.64,25631,4413.00,4472.00,4451.50,6.64,80.79,6.00,888.00
2025-10-14T21:27:58,3.64,25631,4502.00,4564.00,4537.00,6.67,79.42,5.90,887.99
2025-10-14T21:44:46,3.64,25631,4455.00,4492.00,4483.50,7.33,77.30,6.16,888.00
2025-10-14T22:01:34,3.64,25631,4460.00,4483.00,4476.50,6.40,80.17,6.02,887.85
2025-10-14T22:18:22,3.64,25631,4455.00,4496.00,4478.00,7.33,79.26,5.86,887.98
2025-10-14T22:35:11,3.64,25631,4465.00,4495.00,4480.50,7.35,78.64,6.11,887.92
2025-10-14T22:51:58,3.64,25631,4416.00,4473.00,4452.00,7.55,78.69,6.19,887.97
2025-10-14T23:08:46,3.64,25631,4435.00,4487.00,4459.50,6.42,84.16,5.83,887.96
2025-10-14T23:25:34,3.64,25631,4425.00,4620.00,4489.50,6.04,86.68,5.38,888.05
2025-10-14T23:42:23,3.64,25631,4400.00,4538.00,4493.00,5.95,87.07,5.23,888.15
2025-10-14T23:59:11,3.64,25631,4448.00,4536.00,4472.00,6.04,86.71,5.14,888.10
2025-10-15T00:15:59,3.64,25631,4413.00,4483.00,4472.50,6.18,86.63,5.13,888.10
2025-10-15T00:32:47,3.64,25631,4464.00,4626.00,4497.50,6.40,85.75,5.30,888.06
2025-10-15T00:49:35,3.64,25631,4520.00,4567.00,4549.00,6.02,87.69,5.14,888.11
2025-10-15T01:06:23,3.64,25631,4499.00,4541.00,4530.50,5.78,88.89,4.98,888.04
2025-10-15T01:23:12,3.64,25631,4420.00,4552.00,4483.50,6.23,88.16,4.99,887.99
2025-10-15T01:40:00,3.64,25631,4475.00,4545.00,4542.00,5.68,89.64,4.86,887.92
2025-10-15T01:56:48,3.64,25631,4391.00,4553.00,4480.50,5.78,89.07,4.73,887.84
2025-10-15T02:13:35,3.64,25631,4476.00,4496.00,4486.50,5.60,88.87,4.75,887.75
2025-10-15T02:30:23,3.64,25631,4475.00,4489.00,4480.50,5.19,91.33,4.55,887.66
2025-10-15T02:47:11,3.64,25631,4431.00,4540.00,4506.00,5.71,89.20,4.53,887.63
2025-10-15T03:04:00,3.64,25631,4409.00,4561.00,4546.00,5.49,91.36,4.41,887.58
2025-10-15T03:20:48,3.64,25631,4438.00,4541.00,4462.00,5.33,91.64,4.54,887.61
2025-10-15T03:37:36,3.64,25631,4403.00,4570.00,4470.00,5.26,90.72,4.48,887.46
2025-10-15T03:54:24,3.64,25631,4422.00,4553.00,4469.50,5.30,91.70,4.41,887.46
2025-10-15T04:11:12,3.64,25631,4419.00,4458.00,4443.50,5.11,92.33,4.25,887.30
2025-10-15T04:28:00,3.64,25631,4385.00,4558.00,4443.00,5.23,90.78,4.23,887.38
2025-10-15T04:44:48,3.64,25631,4460.00,4475.00,4468.50,5.25,91.09,4.27,887.24
2025-10-15T05:01:37,3.64,25631,4477.00,4489.00,4480.50,5.11,91.95,4.17,887.38
2025-10-15T05:18:25,3.62,25631,4485.00,4499.00,4490.50,4.87,90.48,4.06,887.20
2025-10-15T05:35:12,3.64,25631,4478.00,4494.00,4487.50,4.98,90.87,3.92,887.32
2025-10-15T05:52:00,3.64,25631,4392.00,4496.00,4467.50,4.47,93.09,3.73,887.54
2025-10-15T06:08:48,3.63,25631,4473.00,4480.00,4476.00,4.67,93.16,3.73,887.73
2025-10-15T06:25:36,3.64,25631,4475.00,4488.00,4480.00,4.64,92.54,3.80,887.81
2025-10-15T06:42:24,3.62,25631,4391.00,4463.00,4442.00,4.95,93.61,3.74,887.96
2025-10-15T06:59:12,3.64,25631,4468.00,4482.00,4476.50,4.53,93.51,3.69,888.20
2025-10-15T07:16:00,3.63,25631,4420.00,4466.00,4451.50,4.60,91.24,3.74,888.12
2025-10-15T07:32:48,3.64,25631,4449.00,4471.00,4454.50,4.71,91.62,3.76,888.05
2025-10-15T07:49:37,3.64,25631,4424.00,4489.00,4449.00,4.61,93.08,3.86,887.97
2025-10-15T08:06:25,3.63,25631,4524.00,4541.00,4533.50,7.52,80.94,8.22,887.99
2025-10-15T08:23:13,3.64,25631,4486.00,4597.00,4527.50,7.99,80.16,9.80,887.99
2025-10-15T08:40:01,3.63,25631,4486.00,4597.00,4507.50,9.04,78.68,14.30,887.84
2025-10-15T08:56:49,3.64,25631,4492.00,4635.00,4624.50,8.42,77.41,16.97,887.42
2025-10-15T09:13:38,3.64,25631,4556.00,4635.00,4618.50,10.11,73.33,18.03,887.37
2025-10-15T09:30:26,3.64,25631,4533.00,4582.00,4570.50,10.41,73.90,19.24,887.27
2025-10-15T09:47:15,3.64,25631,4525.00,4641.00,4556.50,9.70,74.76,19.69,887.31
2025-10-15T10:04:04,3.64,25631,4541.00,4683.00,4560.50,10.44,72.78,19.66,887.13
2025-10-15T10:20:53,3.63,25631,4499.00,4646.00,4590.00,10.86,70.70,17.51,886.90
2025-10-15T10:37:42,3.64,25631,4510.00,4637.00,4542.00,11.11,70.98,15.52,887.14
2025-10-15T10:54:30,3.64,25631,4488.00,4614.00,4557.00,11.58,68.50,14.92,886.98
2025-10-15T11:11:18,3.64,25631,4476.00,4568.00,4549.50,10.52,69.65,14.44,886.52
2025-10-15T11:28:07,3.64,25631,4480.00,4544.00,4519.00,9.56,73.83,14.15,886.49
2025-10-15T11:44:56,3.64,25631,4533.00,4567.00,4541.00,9.83,73.19,14.12,886.55
2025-10-15T12:01:44,3.64,25631,4470.00,4985.00,4550.50,10.12,72.98,14.56,886.42
2025-10-15T12:18:33,3.63,25631,4507.00,4611.00,4546.50,10.83,69.85,15.10,886.36
2025-10-15T12:35:22,3.63,25631,4469.00,4546.00,4504.50,10.86,65.60,15.42,886.16
2025-10-15T12:52:11,3.64,25631,4512.00,4611.00,4550.00,11.00,62.12,15.54,886.21
2025-10-15T13:08:59,3.64,25631,4516.00,4547.00,4529.00,11.14,64.61,15.71,886.02
2025-10-15T13:25:48,3.64,25631,4483.00,4612.00,4530.50,11.78,67.27,15.99,885.92
2025-10-15T13:42:37,3.64,25631,4465.00,4636.00,4507.00,10.28,69.49,15.33,885.92
2025-10-15T13:59:26,3.64,25631,4466.00,4521.00,4499.50,9.79,54.03,13.87,885.73
2025-10-15T14:16:14,3.64,25631,4425.00,4568.00,4505.50,10.86,64.31,14.20,885.78
2025-10-15T14:33:03,3.64,25631,4464.00,4984.00,4532.50,10.21,65.80,14.09,885.97
2025-10-15T14:49:52,3.63,25631,4371.00,4583.00,4512.50,10.22,63.67,13.64,885.95
2025-10-15T15:06:40,3.64,25631,4457.00,4511.00,4484.50,10.97,53.32,13.87,885.72
2025-10-15T15:23:29,3.63,25631,4440.00,4588.00,4484.50,10.46,61.67,13.49,885.69
2025-10-15T15:40:17,3.64,25631,4464.00,4654.00,4482.00,9.70,67.72,12.74,885.61
2025-10-15T15:57:05,3.63,25631,4445.00,4534.00,4457.50,8.26,73.60,10.98,885.65
2025-10-15T16:13:54,3.64,25631,4450.00,4480.00,4463.50,8.02,73.45,10.05,885.54
2025-10-15T16:30:42,3.63,25631,4440.00,4460.00,4453.50,7.50,74.76,8.75,885.50
2025-10-15T16:47:31,3.64,25631,4436.00,4452.00,4445.00,6.95,74.78,7.90,885.29
2025-10-15T17:04:19,3.63,25631,4431.00,4985.00,4445.00,6.66,75.27,7.31,885.30
2025-10-15T17:21:07,3.63,25631,4423.00,4445.00,4431.00,6.74,72.96,6.82,885.33
2025-10-15T17:37:55,3.63,25631,4440.00,4986.00,4560.00,6.28,75.10,6.14,885.33
2025-10-15T17:54:44,3.64,25631,4417.00,4574.00,4467.50,6.39,74.57,5.94,885.47
2025-10-15T18:11:32,3.63,25631,4423.00,4556.00,4451.00,6.15,75.65,5.63,885.20
2025-10-15T18:28:20,3.63,25631,4448.00,4988.00,4520.00,6.06,76.95,5.51,884.58
2025-10-15T18:45:08,3.63,25631,4411.00,4436.00,4424.00,5.81,78.89,5.43,884.58
2025-10-15T19:01:55,3.63,25631,4393.00,4466.00,4423.50,5.71,78.90,5.27,884.54
2025-10-15T19:18:44,3.63,25631,4435.00,4640.00,4579.50,5.58,80.52,5.19,884.43
2025-10-15T19:35:32,3.63,25631,4402.00,4432.00,4427.50,6.54,75.61,5.69,884.24
2025-10-15T19:52:20,3.63,25631,4406.00,4458.00,4434.00,6.47,75.12,5.88,883.98
2025-10-15T20:09:08,3.64,25631,4415.00,4445.00,4422.00,6.61,74.74,6.01,883.94
2025-10-15T20:25:56,3.63,25631,4422.00,4442.00,4427.00,6.40,76.82,5.93,883.96
2025-10-15T20:42:44,3.63,25631,4422.00,4458.00,4441.50,5.98,80.03,5.84,883.92
2025-10-15T20:59:33,3.63,25631,4423.00,4462.00,4441.50,6.04,80.65,5.71,883.71
2025-10-15T21:16:20,3.64,25631,4415.00,4458.00,4423.00,5.90,81.01,5.70,883.52
2025-10-15T21:33:08,3.64,25631,4400.00,4429.00,4419.00,5.93,81.08,5.64,883.23
2025-10-15T21:49:56,3.63,25631,4407.00,4448.00,4425.00,5.84,82.37,5.68,883.24
2025-10-15T22:06:44,3.63,25631,4408.00,4435.00,4423.50,5.93,79.96,5.73,882.99
2025-10-15T22:23:33,3.63,25631,4417.00,4437.00,4431.00,5.99,80.50,5.84,882.65
2025-10-15T22:40:22,3.63,25631,4413.00,4473.00,4444.50,6.18,74.56,5.78,882.28
2025-10-15T22:57:10,3.63,25631,4413.00,4437.00,4426.00,5.85,78.81,5.71,882.15
2025-10-15T23:13:58,3.63,25631,4408.00,4447.00,4429.00,5.61,80.52,5.51,881.94
2025-10-15T23:30:45,3.63,25631,4418.00,4443.00,4427.00,5.57,79.20,5.47,881.73
2025-10-15T23:47:33,3.63,25631,4407.00,4466.00,4418.50,5.49,79.20,5.37,881.71
2025-10-16T00:04:22,3.63,25631,4430.00,4467.00,4445.50,4.88,85.42,5.14,881.50
2025-10-16T00:21:10,3.63,25631,4411.00,4443.00,4426.00,4.94,82.79,4.97,881.32
2025-10-16T00:37:58,3.64,25631,4413.00,4460.00,4437.00,4.71,84.37,4.70,881.07
2025-10-16T00:54:46,3.63,25631,4420.00,4455.00,4436.00,4.05,86.45,4.20,880.84
2025-10-16T01:11:34,3.64,25631,4457.00,4487.00,4472.50,3.88,87.63,3.83,880.40
2025-10-16T01:28:22,3.63,25631,4375.00,4609.00,4576.00,3.61,89.99,3.57,880.20
2025-10-16T01:45:10,3.64,25631,4384.00,4534.00,4489.50,3.63,91.25,3.46,879.95
2025-10-16T02:01:58,3.64,25631,4405.00,4497.00,4426.00,3.60,91.94,3.41,879.71
2025-10-16T02:18:46,3.64,25631,4470.00,4500.00,4484.50,3.47,93.48,3.39,879.52
2025-10-16T02:35:34,3.63,25631,4471.00,4500.00,4491.50,3.36,94.98,3.38,879.77
2025-10-16T02:52:22,3.64,25631,4455.00,4500.00,4490.50,3.53,95.58,3.43,879.46
2025-10-16T03:09:10,3.63,25631,4464.00,4503.00,4476.50,3.51,95.08,3.46,879.23
2025-10-16T03:25:58,3.63,25631,4483.00,4496.00,4489.50,3.44,95.76,3.46,878.60
2025-10-16T03:42:46,3.63,25631,4433.00,4469.00,4464.50,3.41,96.28,3.45,878.26
2025-10-16T03:59:34,3.64,25631,4387.00,4488.00,4473.50,3.40,96.54,3.46,877.95
2025-10-16T04:16:22,3.63,25631,4468.00,4483.00,4477.00,3.36,96.74,3.42,878.00
2025-10-16T04:33:10,3.63,25631,4477.00,4494.00,4483.00,3.33,96.88,3.38,877.90
2025-10-16T04:49:58,3.63,25631,4438.00,4484.00,4471.00,3.22,97.03,3.33,877.78
2025-10-16T05:06:45,3.64,25631,4422.00,4514.00,4475.00,3.03,97.08,3.25,877.48
2025-10-16T05:23:33,3.63,25631,4481.00,4492.00,4487.00,2.85,97.16,3.03,877.37
2025-10-16T05:40:21,3.63,25631,4479.00,4504.00,4494.00,2.70,97.25,2.88,877.26
2025-10-16T05:57:09,3.63,25631,4471.00,4492.00,4483.00,2.47,97.25,2.76,877.06
2025-10-16T06:13:57,3.64,25631,4412.00,4464.00,4456.00,2.30,97.33,2.58,876.66
2025-10-16T06:30:45,3.62,25631,4392.00,4474.00,4451.00,2.25,97.40,2.40,876.43
2025-10-16T06:47:33,3.63,25631,4459.00,4483.00,4465.00,2.20,97.48,2.28,876.17
2025-10-16T07:04:21,3.63,25631,4456.00,4474.00,4467.00,2.23,97.57,2.28,875.90
2025-10-16T07:21:09,3.64,25631,4413.00,4436.00,4422.50,2.18,97.58,2.33,875.71
2025-10-16T07:37:57,3.63,25631,4467.00,4487.00,4477.00,2.30,97.66,2.33,875.63
2025-10-16T07:54:45,3.63,25631,4472.00,4480.00,4476.00,2.33,97.69,2.42,875.61
2025-10-16T08:11:33,3.63,25631,4486.00,4492.00,4489.00,2.46,97.73,2.64,875.60
2025-10-16T08:28:21,3.63,25631,4393.00,4453.00,4431.50,2.36,97.78,2.51,875.71
2025-10-16T08:45:10,3.64,25631,4469.00,4483.00,4477.00,2.25,97.74,2.45,876.03
2025-10-16T09:01:58,3.64,25631,4499.00,4509.00,4501.50,2.32,97.78,2.48,876.18
2025-10-16T09:18:46,3.64,25631,4357.00,4512.00,4448.00,2.57,96.50,2.67,876.76
2025-10-16T09:35:34,3.63,25631,4367.00,4522.00,4452.50,3.43,89.68,4.47,876.88
2025-10-16T09:52:22,3.63,25631,4490.00,4548.00,4527.50,4.81,80.38,9.82,876.90
2025-10-16T10:09:10,3.62,25631,4447.00,4560.00,4532.50,5.57,79.97,10.52,876.89
2025-10-16T10:25:59,3.63,25631,4414.00,4600.00,4534.50,5.88,85.51,9.97,876.98
2025-10-16T10:42:46,3.63,25631,4423.00,4577.00,4518.00,5.67,79.31,10.14,876.91
2025-10-16T10:59:35,3.62,25631,4412.00,4566.00,4519.50,4.61,82.69,8.40,877.01
2025-10-16T11:16:23,3.63,25631,4348.00,4534.00,4360.00,2.26,85.84,4.94,877.28
2025-10-16T11:33:11,3.63,25631,4402.00,4523.00,4426.50,2.87,90.22,5.07,877.65
2025-10-16T11:49:59,3.62,25631,4380.00,4585.00,4416.50,2.10,93.40,3.70,877.68
2025-10-16T12:06:47,3.63,25631,4394.00,4416.00,4404.50,1.02,93.81,2.35,878.12
2025-10-16T12:23:35,3.63,25631,4394.00,4431.00,4401.50,0.53,94.80,1.58,878.05
2025-10-16T12:40:23,3.63,25631,4494.00,4501.00,4498.50,1.02,94.93,3.06,878.02
2025-10-16T12:57:12,3.63,25631,4372.00,4506.00,4496.50,1.15,95.44,2.25,878.07
2025-10-16T13:14:00,3.62,25631,4420.00,4491.00,4480.00,1.46,94.48,2.35,878.16
2025-10-16T13:30:48,3.64,25631,4469.00,4493.00,4487.00,1.22,94.21,1.83,878.14
2025-10-16T13:47:36,3.62,25631,4541.00,4549.00,4543.00,1.15,94.48,2.13,878.01
2025-10-16T14:04:23,3.64,25631,4479.00,4503.00,4493.50,1.71,93.59,1.99,878.07
2025-10-16T14:21:11,3.64,25631,4487.00,4500.00,4494.50,1.71,92.97,1.98,878.17
2025-10-16T14:37:59,3.64,25631,4299.00,4526.00,4436.50,1.41,93.78,1.73,878.53
2025-10-16T14:54:47,3.64,25631,4362.00,4417.00,4401.00,0.75,93.98,1.25,878.39
2025-10-16T15:11:35,3.63,25631,4403.00,4418.00,4413.50,1.39,93.04,1.42,878.31
2025-10-16T15:28:23,3.64,25631,4398.00,4420.00,4408.50,1.00,96.02,1.35,878.19
2025-10-16T15:45:11,3.64,25631,4376.00,4491.00,4403.50,1.23,96.44,1.59,878.20
2025-10-16T16:01:59,3.64,25631,4381.00,4421.00,4407.50,1.36,96.71,1.91,878.27
2025-10-16T16:18:47,3.64,25631,4378.00,4510.00,4493.00,1.41,94.95,1.78,878.32
2025-10-16T16:35:35,3.64,25631,4395.00,4503.00,4498.50,1.19,94.37,1.27,878.38
2025-10-16T16:52:23,3.63,25631,4505.00,4518.00,4514.00,0.91,96.02,1.08,878.32
2025-10-16T17:09:11,3.64,25631,4509.00,4516.00,4511.50,0.72,96.64,0.89,878.52
2025-10-16T17:25:58,3.64,25631,4473.00,4495.00,4480.00,0.43,96.60,0.64,878.60
2025-10-16T17:42:46,3.64,25631,4182.00,4513.00,4488.50,0.57,94.23,0.32,878.53
2025-10-16T17:59:34,3.64,25631,4406.00,4419.00,4414.50,0.17,96.28,0.16,878.57
2025-10-16T18:16:22,3.64,25631,4985.00,4986.00,4985.50,0.09,96.82,0.08,878.45
2025-10-16T18:33:11,3.64,25631,4420.00,4987.00,4986.00,0.17,97.08,0.07,878.71
2025-10-16T18:49:59,3.64,25631,4407.00,4986.00,4985.00,0.17,97.15,0.07,878.77
2025-10-16T19:06:47,3.64,25631,4985.00,4987.00,4986.00,-0.02,97.18,0.05,878.71
2025-10-16T19:23:35,3.63,25631,4487.00,4987.00,4986.00,-0.15,97.35,-0.00,879.02
2025-10-16T19:40:22,3.64,25631,4984.00,4988.00,4985.50,-0.17,97.36,-0.02,878.76
2025-10-16T19:57:10,3.62,25631,4984.00,4986.00,4985.00,-0.15,97.21,-0.07,878.77
2025-10-16T20:13:58,3.63,25631,4986.00,4986.00,4986.00,-0.23,96.34,-0.26,878.58
2025-10-16T20:30:45,3.63,25631,4986.00,4987.00,4986.50,-0.12,95.90,-0.29,878.63
2025-10-16T20:47:33,3.63,25631,4985.00,4987.00,4986.00,-0.14,96.17,-0.22,878.85
2025-10-16T21:04:21,3.64,25631,4451.00,4460.00,4456.50,-0.17,96.68,-0.17,878.89
2025-10-16T21:21:09,3.63,25631,4983.00,4986.00,4986.00,-0.25,97.00,-0.18,878.93
2025-10-16T21:37:57,3.64,25631,4986.00,4988.00,4987.00,-0.42,97.23,-0.30,879.04
2025-10-16T21:54:44,3.64,25631,4985.00,4987.00,4986.00,-0.38,97.40,-0.27,879.13
2025-10-16T22:11:32,3.64,25631,4985.00,4988.00,4986.00,-0.60,97.47,-0.40,878.96
2025-10-16T22:28:20,3.64,25631,4985.00,4987.00,4985.00,-0.74,97.53,-0.56,879.05
2025-10-16T22:45:07,3.64,25631,4378.00,4987.00,4390.00,-0.87,97.57,-0.65,878.95
2025-10-16T23:01:55,3.64,25631,4984.00,4985.00,4985.00,-0.74,97.69,-0.66,879.05
2025-10-16T23:18:43,3.63,25631,4389.00,4988.00,4986.50,-0.67,97.73,-0.65,879.17
2025-10-16T23:35:31,3.64,25631,4388.00,4987.00,4398.50,-0.46,97.84,-0.53,879.39
2025-10-16T23:52:19,3.63,25631,4985.00,4987.00,4986.00,-0.53,97.86,-0.49,879.40
2025-10-17T00:09:07,3.64,25631,4379.00,4987.00,4389.00,-0.81,97.80,-0.62,879.51
2025-10-17T00:25:55,3.62,25631,4373.00,4987.00,4985.50,-0.91,97.84,-0.75,879.78
2025-10-17T00:42:42,3.64,25631,4377.00,4987.00,4390.00,-0.81,97.90,-0.79,879.71
2025-10-17T00:59:30,3.63,25631,4374.00,4987.00,4380.50,-0.98,97.86,-1.00,879.70
2025-10-17T01:16:18,3.63,25631,4377.00,4396.00,4387.50,-0.97,97.90,-1.09,879.82
2025-10-17T01:33:06,3.64,25631,4985.00,4988.00,4986.50,-0.76,97.95,-0.89,879.96
2025-10-17T01:49:54,3.64,25631,4985.00,4987.00,4986.00,-0.69,97.98,-0.76,880.14
2025-10-17T02:06:42,3.64,25631,4380.00,4988.00,4689.50,-0.59,97.99,-0.68,880.11
2025-10-17T02:23:29,3.63,25631,4986.00,4987.00,4987.00,-0.48,98.05,-0.57,880.16
2025-10-17T02:40:17,3.63,25631,4381.00,4986.00,4986.00,-0.50,98.03,-0.52,880.13
2025-10-17T02:57:05,3.64,25631,4387.00,4988.00,4987.00,-0.42,98.11,-0.48,880.21
2025-10-17T03:13:53,3.64,25631,4985.00,4986.00,4985.50,-0.36,98.13,-0.41,880.26
2025-10-17T03:30:40,3.63,25631,4358.00,4986.00,4372.00,-0.38,98.15,-0.37,880.20
2025-10-17T03:47:28,3.64,25631,4986.00,4987.00,4986.00,-0.35,98.18,-0.38,880.16
2025-10-17T04:04:16,3.64,25631,4987.00,4988.00,4988.00,-0.33,98.24,-0.37,880.11
2025-10-17T04:21:04,3.64,25631,4986.00,4987.00,4987.00,-0.29,98.24,-0.34,879.97
2025-10-17T04:37:52,3.64,25631,4986.00,4988.00,4986.00,-0.29,98.26,-0.31,880.09
2025-10-17T04:54:39,3.64,25631,4340.00,4365.00,4361.00,-0.32,98.28,-0.31,880.06
2025-10-17T05:11:27,3.64,25631,4363.00,4988.00,4987.00,-0.23,98.27,-0.30,880.21
2025-10-17T05:28:15,3.63,25631,4985.00,4988.00,4986.00,-0.23,98.31,-0.27,880.23
2025-10-17T05:45:02,3.64,25631,4351.00,4987.00,4677.00,-0.19,98.37,-0.24,880.38
2025-10-17T06:01:50,3.63,25631,4985.00,4987.00,4985.50,-0.18,98.34,-0.23,880.46
2025-10-17T06:18:38,3.64,25631,4986.00,4988.00,4987.00,-0.22,98.41,-0.25,880.38
2025-10-17T06:35:26,3.64,25631,4358.00,4986.00,4368.50,-0.18,98.39,-0.22,880.46
2025-10-17T06:52:13,3.64,25631,4333.00,4352.00,4345.00,-0.12,98.46,-0.16,880.67
2025-10-17T07:09:01,3.63,25631,4333.00,4988.00,4988.00,-0.04,98.49,-0.08,880.67
2025-10-17T07:25:49,3.63,25631,4332.00,4986.00,4347.50,0.03,98.47,0.08,880.64
2025-10-17T07:42:37,3.62,25631,4356.00,4986.00,4985.00,0.05,98.49,0.16,880.92
2025-10-17T07:59:25,3.63,25631,4346.00,4986.00,4362.50,0.09,98.49,0.40,880.98
2025-10-17T08:16:13,3.63,25631,4337.00,4348.00,4341.00,0.16,98.49,0.69,880.96
2025-10-17T08:33:01,3.63,25631,4342.00,4356.00,4347.50,0.17,98.57,0.68,881.17
2025-10-17T08:49:49,3.63,25631,4333.00,4986.00,4341.50,0.23,98.54,1.14,881.18
2025-10-17T09:06:36,3.64,25631,4314.00,4986.00,4332.50,0.26,98.60,1.39,881.21
2025-10-17T09:23:24,3.63,25631,4336.00,4356.00,4344.50,0.33,98.58,1.49,881.28
2025-10-17T09:40:12,3.64,25631,4277.00,4986.00,4332.00,0.51,98.56,1.92,881.48
2025-10-17T09:57:00,3.63,25631,4288.00,4338.00,4331.50,0.58,98.42,1.91,881.48
2000-01-01T00:00:00,4.17,24955,4332.00,4340.00,4334.50,0.62,98.32,2.00,881.75
2000-01-01T00:00:00,4.09,24467,4329.00,4343.00,4334.50,0.60,98.31,2.01,881.82
2000-01-01T00:00:00,4.08,24955,4317.00,4391.00,4329.50,0.60,98.33,2.00,881.78
2000-01-01T00:00:00,4.18,24403,4330.00,4351.00,4332.00,0.62,98.33,1.97,881.80
2000-01-01T00:00:00,4.10,24955,4337.00,4345.00,4341.50,0.62,98.34,1.97,881.86
2000-01-01T00:00:00,4.12,24467,4339.00,4344.00,4341.00,0.62,98.32,1.98,881.87
2000-01-01T00:00:00,4.16,24419,4331.00,4345.00,4339.50,0.60,98.31,1.98,881.85
2000-01-01T00:00:00,4.16,24955,4322.00,4335.00,4331.00,0.56,98.29,2.26,881.92
2000-01-01T00:00:00,4.16,24155,4330.00,4342.00,4337.00,0.54,98.31,2.25,881.94
2000-01-01T00:00:00,4.09,24155,4334.00,4347.00,4337.00,0.54,98.29,2.23,881.93
2000-01-01T00:00:00,4.17,24155,4331.00,4342.00,4336.00,0.56,98.30,2.21,881.95
2000-01-01T00:00:00,4.12,24155,4327.00,4338.00,4334.00,0.57,98.29,2.18,881.95
2000-01-01T00:00:00,4.07,23979,4329.00,4342.00,4337.00,0.57,98.33,2.15,881.93
2000-01-01T00:00:00,4.14,23979,4325.00,4339.00,4333.50,0.54,98.33,2.13,881.95
2000-01-01T00:00:00,4.16,23979,4331.00,4338.00,4334.50,0.54,98.32,2.12,881.96
2000-01-01T00:00:00,4.16,23979,4330.00,4340.00,4338.00,0.56,98.29,2.08,881.91
2000-01-01T00:00:00,3.71,25555,4344.00,4351.00,4347.50,0.53,98.32,2.92,882.00
2000-01-01T00:00:00,3.70,25555,4339.00,4395.00,4352.00,0.74,98.45,3.30,882.18
2000-01-01T00:00:00,3.71,25555,4343.00,4356.00,4350.50,0.75,98.40,3.28,882.17
2000-01-01T00:00:00,3.71,25555,4342.00,4359.00,4356.00,0.75,98.38,3.23,882.15
2000-01-01T00:00:00,3.71,25555,2812.00,2961.00,2920.00,0.86,98.40,1.88,882.18
2000-01-01T00:00:00,3.71,25555,4351.00,4363.00,4358.50,1.03,98.36,2.37,882.28
2050-11-21T03:19:13,3.67,25631,4090.00,4365.00,4104.50,1.17,98.27,4.00,882.52
2050-11-21T03:19:36,3.65,25631,4104.00,4375.00,4359.50,1.15,98.17,4.66,882.56
2050-07-21T03:50:28,3.93,25631,4374.00,4382.00,4377.50,1.30,97.97,3.81,882.40
2050-07-21T03:50:56,3.72,25631,4376.00,4382.00,4379.00,1.32,97.94,3.87,882.40
2050-07-21T03:51:41,3.69,25631,4350.00,4460.00,4369.00,1.33,98.07,2.39,882.42
2050-07-21T03:52:12,3.68,25631,4407.00,4427.00,4411.50,1.22,98.03,2.76,882.47
2025-10-17T13:34:47,3.68,25631,4368.00,4416.00,4406.00,1.53,97.85,3.87,882.59
2025-10-17T13:59:10,3.68,25631,4361.00,4388.00,4370.00,1.60,97.96,3.72,882.58
2025-10-17T14:23:34,3.67,25631,4423.00,4525.00,4486.00,1.51,97.79,3.94,882.61
2025-10-17T14:47:58,3.67,25631,4439.00,4567.00,4469.00,1.46,97.98,3.36,882.73
2025-10-17T15:12:21,3.68,25631,4388.00,4515.00,4398.50,1.74,97.20,3.42,882.72
2025-10-17T15:36:45,3.67,25631,4310.00,4530.00,4404.00,1.86,97.26,3.90,882.83
2025-10-17T16:01:08,3.67,25631,4401.00,4523.00,4510.50,1.60,97.73,2.98,882.69
2025-10-17T16:25:32,3.67,25631,4375.00,4533.00,4398.00,1.68,96.27,2.35,882.67
2025-10-17T16:49:55,3.67,25631,4364.00,4538.00,4530.00,1.64,96.13,2.02,882.75
2025-10-17T17:14:18,3.67,25631,4353.00,4539.00,4398.50,1.61,96.78,1.69,882.74
2025-10-17T17:38:42,3.67,25631,4400.00,4520.00,4413.50,1.41,97.59,1.47,882.75
2025-10-17T18:03:05,3.67,25631,4379.00,4426.00,4401.50,1.40,98.00,1.36,882.45
2025-10-17T18:27:29,3.67,25631,4490.00,4527.00,4518.50,1.32,98.13,1.33,882.54
2025-10-17T18:51:52,3.67,25631,4377.00,4429.00,4413.00,1.44,98.30,1.35,882.81
2025-10-17T19:16:15,3.67,25631,4403.00,4526.00,4407.00,1.34,98.34,1.33,882.82
2025-10-17T19:40:39,3.67,25631,4379.00,4434.00,4421.50,1.40,98.36,1.29,882.59
2025-10-17T20:05:02,3.66,25631,4374.00,4408.00,4393.50,1.40,97.66,1.21,882.54
2025-10-17T20:29:25,3.67,25631,4519.00,4523.00,4520.50,1.67,95.99,1.24,882.30
2025-10-17T20:53:49,3.67,25631,4385.00,4409.00,4397.00,1.60,94.49,1.12,882.20
2025-10-17T21:18:12,3.67,25631,4348.00,4499.00,4370.50,1.40,96.41,1.12,882.46
2025-10-17T21:42:33,3.67,25631,4456.00,4484.00,4469.00,1.48,96.24,1.21,882.32
2025-10-17T22:06:57,3.67,25631,4452.00,4497.00,4482.50,1.23,96.93,1.10,882.11
2025-10-17T22:31:20,3.66,25631,4321.00,4496.00,4484.50,1.07,97.82,1.05,881.79
2025-10-17T22:55:44,3.67,25631,4373.00,4503.00,4382.00,1.12,98.21,1.07,881.68
2025-10-17T23:20:06,3.67,25631,4407.00,4526.00,4520.50,1.05,98.37,1.04,881.35
2025-10-17T23:44:29,3.67,25631,4517.00,4528.00,4523.00,1.00,98.48,0.97,881.03
2025-10-18T00:08:53,3.66,25631,4374.00,4520.00,4507.00,1.02,98.57,0.97,880.88
2025-10-18T00:33:16,3.67,25631,4363.00,4394.00,4372.00,0.92,98.64,0.91,880.56
2025-10-18T00:57:39,3.67,25631,4357.00,4527.00,4386.50,0.93,98.70,0.91,880.40
2025-10-18T01:22:03,3.67,25631,4352.00,4522.00,4470.00,0.91,98.77,0.87,879.86
2025-10-18T01:46:26,3.67,25631,4332.00,4426.00,4393.00,0.85,98.77,0.83,879.32
2025-10-18T02:10:49,3.66,25631,4419.00,4430.00,4422.50,0.56,98.80,0.58,878.72
2025-10-18T02:35:13,3.67,25631,4417.00,4428.00,4422.00,0.50,98.84,0.50,878.26
2025-10-18T02:59:36,3.67,25631,4375.00,4415.00,4400.50,0.36,98.84,0.37,877.64
2025-10-18T03:23:59,3.67,25631,4359.00,4397.00,4374.50,0.31,98.89,0.26,877.04
2025-10-18T03:48:22,3.67,25631,4352.00,4423.00,4415.00,0.57,98.89,0.37,876.63
2025-10-18T04:12:46,3.67,25631,4439.00,4529.00,4522.50,0.30,98.58,0.22,876.12
2025-10-18T04:37:09,3.67,25631,4357.00,4536.00,4428.00,0.33,98.24,0.19,875.47
2025-10-18T05:01:32,3.67,25631,4503.00,4538.00,4527.50,0.14,98.30,0.13,874.75
2025-10-18T05:25:55,3.67,25631,4441.00,4988.00,4511.50,0.31,97.83,0.13,873.88
2025-10-18T05:50:19,3.67,25631,4367.00,4590.00,4470.50,0.24,97.16,0.14,873.45
2025-10-18T06:14:42,3.66,25631,4467.00,4481.00,4474.00,0.03,98.07,0.06,872.79
2025-10-18T06:39:05,3.67,25631,4487.00,4508.00,4502.00,0.03,98.33,0.04,872.07
2025-10-18T07:03:28,3.67,25631,4496.00,4525.00,4512.00,-0.02,98.37,0.04,871.35
2025-10-18T07:27:49,3.67,25631,4530.00,4988.00,4986.00,0.05,98.36,0.09,871.10
2025-10-18T07:52:13,3.66,25631,4985.00,4986.00,4985.00,0.10,98.32,0.14,870.69
2025-10-18T08:16:36,3.66,25631,4479.00,4988.00,4986.00,0.11,98.36,0.23,870.49
2025-10-18T08:40:59,3.66,25631,4463.00,4485.00,4477.50,0.13,98.40,0.33,870.33
2025-10-18T09:05:22,3.67,25631,4472.00,4481.00,4477.00,0.21,98.07,0.60,870.33
2025-10-18T09:29:46,3.67,25631,4463.00,4478.00,4472.00,0.23,97.99,0.71,870.28
2025-10-18T09:54:09,3.67,25631,4454.00,4477.00,4468.00,0.47,97.45,1.43,869.87
2025-10-18T10:18:32,3.67,25631,4453.00,4473.00,4466.50,0.56,97.15,1.70,869.69
2025-10-18T10:42:55,3.67,25631,4467.00,4472.00,4470.50,1.27,95.24,2.69,869.39
2025-10-18T11:07:18,3.67,25631,4467.00,4475.00,4472.00,1.29,94.50,3.07,869.00
2025-10-18T11:31:42,3.66,25631,4476.00,4483.00,4480.00,1.71,92.44,3.84,868.56
2025-10-18T11:56:05,3.66,25631,4338.00,4485.00,4472.50,1.86,92.15,4.29,868.23
2025-10-18T12:20:29,3.67,25631,4429.00,4475.00,4462.00,1.77,92.69,4.09,867.78
2025-10-18T12:44:52,3.67,25631,4480.00,4485.00,4481.00,1.58,93.84,4.09,867.54
2025-10-18T13:09:16,3.66,25631,4481.00,4486.00,4483.00,1.82,94.39,4.26,867.47
2025-10-18T13:33:39,3.66,25631,4486.00,4491.00,4489.50,1.82,94.88,4.08,867.09
2025-10-18T13:58:03,3.67,25631,4489.00,4494.00,4492.00,2.08,93.84,4.22,866.77
2025-10-18T14:22:27,3.67,25631,4501.00,4506.00,4503.50,2.48,90.69,4.95,866.39
2025-10-18T14:46:50,3.66,25631,4491.00,4499.00,4494.50,2.30,92.67,4.73,866.13
2025-10-18T15:11:14,3.66,25631,4493.00,4500.00,4497.50,2.10,93.10,3.95,866.15
2025-10-18T15:35:36,3.67,25631,4487.00,4492.00,4491.00,1.67,94.72,3.35,865.98
2025-10-18T16:00:00,3.65,25631,4492.00,4501.00,4494.50,1.62,93.92,3.00,865.91
2025-10-18T16:24:23,3.66,25631,4379.00,4444.00,4407.50,1.24,96.91,1.96,865.75
2025-10-18T16:48:46,3.66,25631,4375.00,4406.00,4387.00,0.71,96.80,1.21,865.73
2025-10-18T17:13:10,3.64,25631,4395.00,4418.00,4398.00,0.31,97.32,0.78,865.78
2025-10-18T17:37:33,3.66,25631,4394.00,4416.00,4406.50,0.26,97.78,0.42,865.83
2025-10-18T18:01:56,3.65,25631,4378.00,4450.00,4395.50,0.17,98.03,0.27,865.91
2025-10-18T18:26:19,3.65,25631,4451.00,4462.00,4455.50,0.10,98.20,0.16,866.05
2025-10-18T18:50:42,3.66,25631,4985.00,4987.00,4986.50,-0.11,98.33,0.05,866.29
2025-10-18T19:15:06,3.65,25631,4451.00,4988.00,4987.00,-0.05,98.40,0.03,866.34
2025-10-18T19:39:29,3.65,25631,4463.00,4989.00,4744.50,-0.07,98.56,-0.02,866.34
2025-10-18T20:03:52,3.66,25631,4986.00,4988.00,4987.50,0.06,98.65,0.04,866.55
2025-10-18T20:28:14,3.66,25631,4426.00,4471.00,4444.50,0.00,98.69,0.01,866.68
2025-10-18T20:52:37,3.66,25631,4438.00,4477.00,4462.00,0.19,98.80,-0.00,866.79
2025-10-18T21:17:01,3.65,25631,4448.00,4988.00,4986.00,-0.04,98.77,-0.05,866.89
2025-10-18T21:41:24,3.65,25631,4431.00,4986.00,4986.00,-0.07,98.81,-0.27,866.96
2025-10-18T22:05:47,3.64,25631,4477.00,4987.00,4986.50,-0.05,98.87,-0.51,867.11
2025-10-18T22:30:10,3.66,25631,4985.00,4987.00,4986.00,-0.04,98.93,-0.55,867.34
2025-10-18T22:54:33,3.66,25631,4983.00,4985.00,4984.50,-0.09,98.91,-0.26,867.43
2025-10-18T23:18:56,3.65,25631,4985.00,4987.00,4986.00,0.05,98.95,-0.14,867.53
2025-10-18T23:43:20,3.65,25631,4986.00,4988.00,4987.00,0.10,98.98,-0.07,867.68
2025-10-19T00:07:43,3.65,25631,4985.00,4987.00,4986.00,0.11,98.99,-0.04,867.87
2025-10-19T00:32:06,3.66,25631,4987.00,4989.00,4988.00,0.00,98.99,-0.22,867.95
2025-10-19T00:56:29,3.65,25631,4449.00,4988.00,4987.00,-0.25,98.94,-0.71,868.17
2025-10-19T01:20:52,3.65,25631,4985.00,4988.00,4986.50,-0.01,99.03,-0.47,868.33
2025-10-19T01:45:16,3.65,25631,4986.00,4987.00,4986.00,0.07,99.04,-0.22,868.44
2025-10-19T02:09:39,3.65,25631,4986.00,4988.00,4987.00,0.07,99.01,-0.21,868.57
2025-10-19T02:34:02,3.65,25631,4985.00,4987.00,4986.00,0.13,98.85,-0.23,868.83
2025-10-19T02:58:25,3.65,25631,4984.00,4987.00,4986.00,0.07,98.72,-0.35,869.01
2025-10-19T03:22:48,3.65,25631,4986.00,4988.00,4986.00,0.13,98.62,-0.51,869.23
2025-10-19T03:47:12,3.65,25631,4985.00,4988.00,4987.00,0.06,98.46,-0.48,869.52
2025-10-19T04:11:35,3.65,25631,4985.00,4987.00,4986.00,0.00,98.50,-0.53,869.71
2025-10-19T04:35:56,3.65,25631,4986.00,4987.00,4986.00,-0.32,98.56,-0.60,870.15
2025-10-19T05:00:19,3.65,25631,4985.00,4989.00,4987.50,-0.57,98.67,-0.65,870.39
2025-10-19T05:24:42,3.65,25631,4987.00,4989.00,4987.50,-0.25,98.82,-0.51,870.71
2025-10-19T05:49:05,3.65,25631,4429.00,4987.00,4986.00,-0.33,98.89,-0.56,870.92
2025-10-19T06:13:28,3.65,25631,4430.00,4988.00,4437.50,-0.67,98.93,-0.91,871.32
2025-10-19T06:37:52,3.65,25631,4430.00,4443.00,4437.00,-0.57,98.94,-0.79,871.62
2025-10-19T07:02:15,3.65,25631,4393.00,4442.00,4436.50,-0.81,98.97,-1.15,872.12
2025-10-19T07:26:38,3.65,25631,4440.00,4458.00,4451.00,-0.63,98.99,-0.64,872.45
2025-10-19T07:51:01,3.65,25631,4443.00,4462.00,4455.00,-0.39,99.12,-0.15,872.72
2025-10-19T08:15:24,3.65,25631,4451.00,4463.00,4457.00,-0.25,99.06,0.44,873.26
2025-10-19T08:39:47,3.65,25631,4453.00,4495.00,4458.50,-0.18,98.95,0.87,873.36
2025-10-19T09:04:11,3.65,25631,4458.00,4467.00,4460.00,0.17,97.89,2.01,874.02
2025-10-19T09:28:34,3.65,25631,4985.00,4986.00,4986.00,0.71,97.10,3.83,874.54
2025-10-19T09:52:57,3.65,25631,4985.00,4987.00,4986.00,2.23,91.56,8.79,875.04
2025-10-19T10:17:21,3.65,25631,4476.00,4491.00,4483.00,1.37,94.77,7.80,875.12
2025-10-19T10:41:45,3.66,25631,4451.00,4472.00,4462.00,3.34,86.41,8.75,875.68
2025-10-19T11:06:07,3.66,25631,4426.00,4474.00,4448.50,1.77,92.87,7.46,875.96
2025-10-19T11:30:31,3.66,25631,4475.00,4493.00,4487.50,3.16,88.15,9.49,876.75
2025-10-19T11:54:55,3.65,25631,4405.00,4447.00,4435.00,1.79,92.38,8.12,876.93
2025-10-19T12:19:18,3.65,25631,4400.00,4432.00,4423.50,2.19,92.99,7.25,877.66
2025-10-19T12:43:42,3.65,25631,4434.00,4482.00,4464.50,3.22,91.81,7.68,877.95
2025-10-19T13:08:06,3.65,25631,4374.00,4460.00,4410.50,3.50,92.13,8.69,878.10
2025-10-19T13:32:30,3.65,25631,4430.00,4439.00,4432.00,2.34,93.41,7.26,878.10
2025-10-19T13:56:53,3.66,25631,4384.00,4428.00,4401.50,3.08,93.84,7.65,878.73
2025-10-19T14:21:17,3.65,25631,4405.00,4512.00,4507.00,2.74,92.11,6.60,879.53
2025-10-19T14:45:41,3.65,25631,4449.00,4494.00,4487.50,2.38,89.75,5.24,880.07
2025-10-19T15:10:04,3.65,25631,4476.00,4491.00,4481.50,1.61,96.74,3.87,880.33
2025-10-19T15:34:28,3.65,25631,4484.00,4492.00,4489.00,2.23,96.37,4.99,880.53
2025-10-19T15:58:49,3.65,25631,4482.00,4492.00,4488.00,1.99,94.83,4.76,880.36
2025-10-19T16:23:13,3.65,25631,4312.00,4485.00,4329.00,1.39,97.40,3.14,880.65
2025-10-19T16:47:36,3.65,25631,4311.00,4366.00,4345.00,1.51,98.01,2.20,880.96
2025-10-19T17:12:00,3.65,25631,4382.00,4471.00,4468.00,1.17,98.15,1.73,881.10
2025-10-19T17:36:23,3.65,25631,4390.00,4461.00,4450.00,1.13,98.39,1.40,881.24
2025-10-19T18:00:46,3.65,25631,4448.00,4469.00,4458.50,0.85,98.46,1.02,881.06
2025-10-19T18:25:09,3.65,25631,4440.00,4465.00,4459.00,0.62,98.59,0.61,881.34
2025-10-19T18:49:33,3.65,25631,4443.00,4467.00,4452.00,0.54,98.59,0.49,881.53
2025-10-19T19:13:56,3.65,25631,4449.00,4466.00,4459.00,0.48,98.60,0.33,881.93
2025-10-19T19:38:19,3.65,25631,4438.00,4468.00,4455.50,0.53,98.42,0.31,882.07
2025-10-19T20:02:42,3.65,25631,4268.00,4466.00,4398.50,0.53,98.17,0.32,882.08
2025-10-19T20:27:05,3.65,25631,4431.00,4471.00,4451.00,0.65,97.17,0.40,882.23
2025-10-19T20:51:28,3.65,25631,4432.00,4447.00,4436.50,0.60,97.30,0.40,882.50
2025-10-19T21:15:51,3.65,25631,4291.00,4472.00,4450.50,0.53,96.86,0.23,882.27
2025-10-19T21:40:14,3.65,25631,4414.00,4456.00,4433.00,0.67,95.21,0.24,882.34
2025-10-19T22:04:37,3.65,25631,4425.00,4464.00,4452.00,0.54,96.53,0.32,882.11
2025-10-19T22:29:00,3.65,25631,4434.00,4482.00,4446.50,0.48,97.42,0.35,882.53
2025-10-19T22:53:24,3.65,25631,4434.00,4512.00,4471.50,0.82,95.51,0.39,882.19
2025-10-19T23:17:47,3.65,25631,4437.00,4502.00,4495.50,0.56,97.56,0.37,881.70
2025-10-19T23:42:10,3.65,25631,4361.00,4499.00,4493.00,0.46,97.69,0.26,881.79
2025-10-20T00:06:33,3.65,25631,4375.00,4509.00,4483.00,0.57,97.04,0.27,881.79
2025-10-20T00:30:56,3.65,25631,4478.00,4501.00,4495.00,0.61,96.19,0.39,881.60
2025-10-20T00:55:19,3.65,25631,4371.00,4512.00,4498.50,0.64,95.75,0.44,881.28
2025-10-20T01:19:43,3.65,25631,4357.00,4525.00,4383.00,0.54,96.79,0.45,881.13
2025-10-20T01:44:05,3.65,25631,4381.00,4501.00,4490.50,0.47,98.13,0.42,881.00
2025-10-20T02:08:28,3.65,25631,4449.00,4511.00,4490.00,0.48,98.39,0.35,880.38
2025-10-20T02:32:51,3.65,25631,4479.00,4491.00,4488.00,0.43,97.61,0.42,879.94
2025-10-20T02:57:14,3.65,25631,4327.00,4393.00,4376.50,0.43,98.35,0.37,879.38
2025-10-20T03:21:37,3.65,25631,4356.00,4500.00,4493.00,0.34,98.51,0.28,879.25
2025-10-20T03:46:01,3.65,25631,4288.00,4503.00,4500.50,0.17,98.69,0.16,878.98
2025-10-20T04:10:24,3.65,25631,4494.00,4500.00,4496.50,0.05,98.77,0.07,878.77
2025-10-20T04:34:47,3.65,25631,4469.00,4494.00,4482.50,0.02,98.86,0.04,878.38
2025-10-20T04:59:10,3.65,25631,4480.00,4487.00,4483.00,-0.09,98.92,-0.01,878.27
2025-10-20T05:23:33,3.65,25631,4451.00,4988.00,4987.00,-0.21,98.98,-0.06,877.90
2025-10-20T05:47:56,3.65,25631,4438.00,4468.00,4452.50,-0.17,99.01,-0.09,877.60
2025-10-20T06:12:20,3.65,25631,4985.00,4986.00,4986.00,-0.08,99.08,-0.09,876.94
2025-10-20T06:36:42,3.65,25631,4985.00,4987.00,4985.00,0.03,99.12,0.02,876.68
2025-10-20T07:01:05,3.64,25631,4414.00,4987.00,4986.00,0.03,99.15,0.04,876.20
2025-10-20T07:25:28,3.65,25631,4986.00,4988.00,4987.00,0.06,99.16,0.09,875.94
2025-10-20T07:49:51,3.64,25631,4439.00,4987.00,4715.00,0.07,99.20,0.17,876.11
2025-10-20T08:14:14,3.65,25631,4450.00,4988.00,4986.00,0.05,99.22,0.42,875.35
2025-10-20T08:38:38,3.65,25631,4044.00,4988.00,4986.50,0.00,99.24,0.33,875.53
2025-10-20T09:03:01,3.64,25631,4417.00,4431.00,4424.00,-0.18,99.21,0.44,875.48
2025-10-20T09:27:24,3.65,25631,4395.00,4988.00,4986.00,-0.14,99.30,0.69,874.78
2025-10-20T09:51:47,3.65,25631,4426.00,4988.00,4987.00,-0.30,99.23,0.51,874.70
2025-10-20T10:16:10,3.65,25631,4376.00,4388.00,4384.00,-0.35,99.25,0.53,874.93
2025-10-20T10:40:34,3.64,25631,4385.00,4400.00,4395.00,0.10,99.20,3.30,874.78
2025-10-20T11:04:57,3.65,25631,4383.00,4397.00,4391.50,0.26,99.01,3.96,874.83
2025-10-20T11:29:21,3.65,25631,4377.00,4388.00,4383.50,0.71,98.27,3.74,874.98
2025-10-20T11:53:44,3.65,25631,4388.00,4398.00,4391.00,0.67,98.33,3.01,874.92
2025-10-20T12:18:07,3.64,25631,4378.00,4405.00,4397.50,0.51,98.09,2.92,874.82
2025-10-20T12:42:31,3.65,25631,4387.00,4392.00,4389.00,0.47,98.30,3.94,874.93
2025-10-20T13:06:54,3.65,25631,4383.00,4391.00,4388.00,0.36,98.55,3.08,875.00
2025-10-20T13:31:18,3.65,25631,4383.00,4389.00,4386.00,0.29,98.82,1.77,875.05
2025-10-20T13:55:41,3.64,25631,4269.00,4362.00,4297.50,0.40,99.00,1.27,875.36
2025-10-20T14:20:04,3.65,25631,4379.00,4385.00,4381.00,0.54,99.02,2.00,875.19
2025-10-20T14:44:26,3.65,25631,4274.00,4285.00,4277.00,0.47,99.03,1.31,875.33
2025-10-20T15:08:49,3.65,25631,4274.00,4296.00,4291.00,0.64,99.10,1.54,875.24
2025-10-20T15:33:12,3.64,25631,4278.00,4302.00,4290.00,0.78,99.15,1.54,875.30
2025-10-20T15:57:35,3.65,25631,4294.00,4308.00,4299.00,0.92,99.13,1.63,875.27
2025-10-20T16:21:59,3.65,25631,4268.00,4296.00,4289.50,1.10,99.15,1.39,875.36
2025-10-20T16:46:22,3.65,25631,4265.00,4292.00,4281.00,1.17,99.07,1.31,875.45
2025-10-20T17:10:45,3.65,25631,4325.00,4377.00,4368.00,1.09,99.12,1.12,875.53
2025-10-20T17:35:08,3.65,25631,4244.00,4409.00,4333.00,1.61,98.51,1.20,875.63
2025-10-20T17:59:31,3.65,25631,4268.00,4313.00,4280.50,1.57,97.45,1.39,875.69
2025-10-20T18:23:55,3.65,25631,4252.00,4987.00,4364.50,1.57,97.75,1.40,875.88
2025-10-20T18:48:18,3.65,25631,2587.00,4458.00,4329.00,1.92,96.54,1.51,875.96
2025-10-20T19:12:41,3.64,25631,4289.00,4412.00,4405.50,1.46,98.05,1.47,876.00
2025-10-20T19:37:04,3.64,25631,4277.00,4410.00,4323.50,1.82,97.10,1.51,876.53
2025-10-20T20:01:28,3.65,25631,4294.00,4324.00,4313.00,1.51,98.29,1.44,876.81
2025-10-20T20:25:51,3.64,25631,2558.00,4380.00,4317.00,1.50,98.71,1.41,877.16
2025-10-20T20:50:14,3.65,25631,4284.00,4407.00,4301.50,1.32,98.87,1.32,877.41
2025-10-20T21:14:35,3.65,25631,4265.00,4414.00,4325.00,1.48,99.07,1.38,877.83
2025-10-20T21:38:59,3.64,25631,4269.00,4360.00,4303.50,1.48,99.08,1.44,878.17
2025-10-20T22:03:22,3.65,25631,4303.00,4354.00,4329.00,1.44,99.16,1.37,878.57
2025-10-20T22:27:45,3.65,25631,4243.00,4424.00,4322.50,1.55,99.21,1.44,878.84
2025-10-20T22:52:08,3.65,25631,4267.00,4345.00,4322.50,1.47,99.16,1.44,879.60
2025-10-20T23:16:31,3.65,25631,4235.00,4428.00,4289.50,1.27,99.23,1.31,879.50
2025-10-20T23:40:55,3.64,25631,4274.00,4343.00,4327.00,1.32,99.27,1.26,879.85
2025-10-21T00:05:18,3.65,25631,4330.00,4343.00,4337.50,1.30,99.33,1.24,880.16
2025-10-21T00:29:41,3.64,25631,4307.00,4340.00,4330.00,1.29,99.37,1.19,880.60
2025-10-21T00:54:04,3.65,25631,4287.00,4436.00,4406.50,1.44,99.32,1.27,880.69
2025-10-21T01:18:27,3.64,25631,4300.00,4326.00,4311.00,1.51,99.32,1.34,880.92
2025-10-21T01:42:51,3.65,25631,4280.00,4410.00,4319.00,1.68,98.38,1.38,881.05
2025-10-21T02:07:13,3.64,25631,4306.00,4414.00,4324.50,1.58,97.95,1.35,881.44
2025-10-21T02:31:36,3.64,25631,4340.00,4445.00,4374.50,1.44,97.47,1.31,881.79
2025-10-21T02:55:59,3.64,25631,4329.00,4446.00,4439.50,1.40,96.82,1.20,881.81
2025-10-21T03:20:23,3.64,25631,4294.00,4362.00,4320.50,1.39,96.86,1.13,882.16
2025-10-21T03:44:46,3.65,25631,4288.00,4323.00,4299.50,1.27,97.13,1.11,882.64
2025-10-21T04:09:09,3.64,25631,4288.00,4430.00,4318.50,1.33,95.67,1.01,882.95
2025-10-21T04:33:32,3.64,25631,4313.00,4341.00,4329.00,1.15,96.29,0.97,883.39
2025-10-21T04:57:55,3.64,25631,4295.00,4315.00,4303.50,1.47,91.69,0.73,883.47
2025-10-21T05:22:18,3.64,25631,4294.00,4313.00,4301.50,1.17,92.57,0.65,883.55
2025-10-21T05:46:42,3.64,25631,4294.00,4313.00,4306.50,1.13,94.46,0.71,883.61
2025-10-21T06:11:05,3.64,25631,4292.00,4320.00,4307.50,0.79,97.52,0.74,883.60
2025-10-21T06:35:28,3.64,25631,4292.00,4321.00,4308.50,0.88,97.89,0.72,883.54
2025-10-21T06:59:50,3.65,25631,4285.00,4327.00,4303.00,0.91,97.41,0.79,883.32
2025-10-21T07:24:13,3.64,25631,4238.00,4386.00,4283.50,1.00,96.91,0.84,883.61
2025-10-21T07:48:36,3.64,25631,4287.00,4394.00,4377.00,0.93,97.95,1.03,883.59
2025-10-21T08:13:00,3.64,25631,4325.00,4413.00,4380.00,0.97,97.73,1.29,883.91
2025-10-21T08:37:22,3.64,25631,4332.00,4393.00,4367.00,1.10,98.43,1.60,884.05
2025-10-21T09:01:45,3.64,25631,4361.00,4396.00,4389.00,1.36,96.80,1.83,884.36
2025-10-21T09:26:08,3.64,25631,4394.00,4416.00,4408.50,1.30,97.75,2.17,884.21
2025-10-21T09:50:31,3.64,25631,4304.00,4426.00,4324.00,1.82,95.29,3.12,884.03
2025-10-21T10:14:55,3.65,25631,4276.00,4359.00,4345.50,1.48,97.81,3.38,883.93
2025-10-21T10:39:18,3.64,25631,4348.00,4370.00,4358.50,1.86,97.55,4.55,883.78
2025-10-21T11:03:42,3.64,25631,4350.00,4373.00,4364.50,2.12,96.37,5.66,883.53
2025-10-21T11:28:05,3.64,25631,4355.00,4379.00,4374.50,2.23,95.83,5.80,883.41
2025-10-21T11:52:29,3.64,25631,4277.00,4455.00,4306.50,2.40,95.41,6.09,883.62
2025-10-21T12:16:52,3.64,25631,4379.00,4415.00,4396.00,2.96,94.91,7.61,883.36
2025-10-21T12:41:16,3.63,25631,4407.00,4452.00,4430.00,2.91,92.91,7.96,883.30
2025-10-21T13:05:40,3.63,25631,4375.00,4410.00,4389.50,2.96,93.73,8.42,882.95
2025-10-21T13:30:04,3.64,25631,4348.00,4488.00,4375.50,2.95,92.03,8.10,882.57
2025-10-21T13:54:27,3.63,25631,4276.00,4370.00,4355.00,2.75,94.17,6.81,882.45
2025-10-21T14:18:51,3.63,25631,4369.00,4387.00,4382.00,2.46,94.62,5.27,882.32
2025-10-21T14:43:14,3.64,25631,4382.00,4393.00,4387.50,2.33,95.27,4.01,882.54
2025-10-21T15:07:38,3.64,25631,4380.00,4387.00,4383.00,2.60,95.59,4.01,882.15
2025-10-21T15:32:02,3.64,25631,4375.00,4390.00,4383.00,2.57,93.52,3.78,881.83
2025-10-21T15:56:25,3.65,25631,4365.00,4379.00,4377.00,2.34,94.54,3.25,881.41
2025-10-21T16:20:48,3.64,25631,4381.00,4410.00,4397.00,2.32,93.82,2.84,881.28
2025-10-21T16:45:10,3.64,25631,4404.00,4424.00,4413.50,2.19,93.57,2.43,881.00
2025-10-21T17:09:33,3.64,25631,4399.00,4446.00,4404.00,2.09,94.50,2.13,880.78
2025-10-21T17:33:56,3.64,25631,4410.00,4424.00,4420.50,1.81,96.07,1.82,880.36
2025-10-21T17:58:19,3.64,25631,4398.00,4413.00,4407.00,1.89,94.76,1.67,880.26
2025-10-21T18:22:43,3.64,25631,4402.00,4421.00,4413.50,1.99,94.50,1.76,880.10
2025-10-21T18:47:06,3.64,25631,4417.00,4423.00,4421.00,1.79,95.71,1.63,879.94
2025-10-21T19:11:29,3.64,25631,4284.00,4442.00,4425.50,1.78,96.34,1.58,879.66
2025-10-21T19:35:52,3.64,25631,4278.00,4446.00,4291.00,1.67,95.91,1.47,879.47
2025-10-21T20:00:16,3.64,25631,4261.00,4349.00,4276.50,1.58,94.34,1.33,878.69
2025-10-21T20:24:39,3.64,25631,4275.00,4447.00,4360.50,1.83,92.85,1.41,878.45
2025-10-21T20:49:02,3.64,25631,4305.00,4369.00,4334.50,1.94,91.13,1.42,877.97
2025-10-21T21:13:25,3.64,25631,4282.00,4458.00,4354.50,2.18,89.25,1.63,877.55
2025-10-21T21:37:48,3.64,25631,4324.00,4359.00,4352.50,2.46,87.46,1.84,876.97
2025-10-21T22:02:12,3.64,25631,4349.00,4457.00,4370.00,2.50,86.24,2.08,876.57
2025-10-21T22:26:35,3.64,25631,4332.00,4457.00,4373.00,2.48,86.70,2.05,876.35
2025-10-21T22:50:58,3.64,25631,4397.00,4450.00,4431.50,2.34,87.09,1.87,876.03
2025-10-21T23:15:19,3.64,25631,4365.00,4441.00,4402.00,2.09,90.07,1.67,875.76
2025-10-21T23:39:42,3.63,25631,4444.00,4459.00,4455.00,1.79,93.18,1.56,875.48
2025-10-22T00:04:05,3.63,25631,4389.00,4451.00,4442.50,1.81,93.03,1.48,874.96
2025-10-22T00:28:29,3.64,25631,4413.00,4445.00,4435.00,2.08,91.05,1.53,874.53
2025-10-22T00:52:52,3.64,25631,4350.00,4468.00,4387.50,2.03,90.85,1.62,874.14
2025-10-22T01:17:15,3.62,25631,4352.00,4392.00,4362.50,1.85,92.70,1.63,873.94
2025-10-22T01:41:38,3.63,25631,4346.00,4365.00,4351.00,1.82,92.97,1.53,873.42
2025-10-22T02:06:01,3.63,25631,4317.00,4463.00,4358.00,1.81,93.45,1.53,873.06
2025-10-22T02:30:25,3.63,25631,4299.00,4474.00,4466.50,1.82,94.27,1.51,872.63
2025-10-22T02:54:48,3.62,25631,4291.00,4473.00,4352.50,1.86,94.51,1.54,872.14
2025-10-22T03:19:11,3.63,25631,4354.00,4378.00,4370.00,1.74,95.26,1.53,871.87
2025-10-22T03:43:34,3.64,25631,4443.00,4455.00,4448.50,1.67,95.80,1.48,871.51
2025-10-22T04:07:57,3.63,25631,4451.00,4457.00,4456.00,1.54,96.42,1.41,871.13
2025-10-22T04:32:21,3.62,25631,4441.00,4447.00,4443.50,1.44,96.81,1.31,870.64
2025-10-22T04:56:44,3.63,25631,4421.00,4434.00,4429.50,1.43,97.05,1.27,870.38
2025-10-22T05:21:07,3.63,25631,4442.00,4453.00,4447.50,1.74,95.98,1.31,870.21
2025-10-22T05:45:30,3.63,25631,4442.00,4456.00,4447.50,1.58,96.42,1.33,869.89
2025-10-22T06:09:53,3.62,25631,4423.00,4446.00,4439.50,1.57,96.20,1.31,869.58
2025-10-22T06:34:17,3.63,25631,4441.00,4450.00,4446.50,1.44,96.63,1.26,869.48
2025-10-22T06:58:40,3.63,25631,4438.00,4450.00,4446.50,1.36,96.74,1.18,869.10
2025-10-22T07:23:01,3.63,25631,4338.00,4465.00,4358.00,1.43,96.10,1.20,868.93
2025-10-22T07:47:24,3.63,25631,4361.00,4447.00,4391.00,1.27,96.78,1.24,868.76
2025-10-22T08:11:47,3.62,25631,4352.00,4456.00,4391.50,1.20,96.92,1.37,868.65
2025-10-22T08:36:10,3.62,25631,4353.00,4481.00,4444.00,1.26,96.59,1.55,868.23
2025-10-22T09:00:34,3.62,25631,4356.00,4412.00,4376.00,1.43,95.75,1.83,867.99
2025-10-22T09:24:57,3.63,25631,4379.00,4460.00,4394.50,1.47,96.16,2.22,867.84
2025-10-22T09:49:20,3.63,25631,4370.00,4456.00,4382.00,1.61,95.77,2.62,867.83
2025-10-22T10:13:43,3.63,25631,4387.00,4453.00,4422.50,1.77,93.55,3.01,867.86
2025-10-22T10:38:06,3.63,25631,4399.00,4475.00,4463.00,1.86,93.73,3.39,867.91
2025-10-22T11:02:29,3.63,25631,4386.00,4466.00,4443.50,1.70,95.48,3.48,868.07
2025-10-22T11:26:52,3.62,25631,4403.00,4437.00,4429.00,1.50,97.12,3.39,868.10
2025-10-22T11:51:16,3.63,25631,4377.00,4401.00,4382.50,1.46,97.67,3.42,868.20
2025-10-22T12:15:39,3.63,25631,4333.00,4431.00,4357.50,1.20,98.25,2.73,868.26
2025-10-22T12:40:02,3.62,25631,4358.00,4459.00,4372.50,1.06,98.51,2.53,868.56
2025-10-22T13:04:26,3.62,25631,4377.00,4472.00,4391.00,0.82,98.54,2.21,868.71
2025-10-22T13:28:49,3.63,25631,4372.00,4426.00,4376.00,0.64,98.61,2.45,868.90
2025-10-22T13:53:12,3.62,25631,4366.00,4440.00,4389.00,0.89,98.45,2.63,869.05
2025-10-22T14:17:36,3.63,25631,4382.00,4443.00,4406.00,1.15,98.74,3.12,869.46
2025-10-22T14:41:59,3.63,25631,4460.00,4478.00,4473.50,1.09,98.23,3.09,869.58
2025-10-22T15:06:22,3.63,25631,4425.00,4486.00,4477.50,1.13,98.51,2.82,869.74
2025-10-22T15:30:45,3.64,25631,4348.00,4426.00,4396.00,1.10,98.28,2.99,869.72
2025-10-22T15:55:08,3.62,25631,4337.00,4395.00,4367.50,0.78,98.57,1.86,869.75
2025-10-22T16:19:31,3.62,25631,4360.00,4430.00,4399.00,0.56,98.74,1.19,869.85
2025-10-22T16:43:54,3.63,25631,4312.00,4469.00,4389.00,0.54,98.85,1.05,869.75
2025-10-22T17:08:17,3.63,25631,4387.00,4470.00,4416.00,0.64,98.97,0.72,869.75
2025-10-22T17:32:40,3.63,25631,4408.00,4434.00,4424.00,0.53,98.90,0.56,869.61
2025-10-22T17:57:03,3.62,25631,4412.00,4430.00,4420.50,0.69,98.66,0.52,869.72
2025-10-22T18:21:27,3.62,25631,4402.00,4426.00,4413.50,0.71,98.45,0.58,869.57
2025-10-22T18:45:50,3.62,25631,4394.00,4469.00,4409.00,0.81,98.31,0.68,869.35
2025-10-22T19:10:13,3.63,25631,4395.00,4413.00,4406.50,0.76,98.43,0.71,869.25
2025-10-22T19:34:36,3.62,25631,4368.00,4407.00,4393.00,1.09,97.41,0.82,869.14
2025-10-22T19:58:59,3.62,25631,4372.00,4422.00,4396.00,0.93,97.70,0.85,869.10
2025-10-22T20:23:22,3.62,25631,4364.00,4388.00,4377.50,0.76,98.48,0.73,868.97
2025-10-22T20:47:45,3.62,25631,4376.00,4398.00,4388.00,0.74,98.78,0.64,868.46
2025-10-22T21:12:08,3.62,25631,4365.00,4403.00,4379.50,0.74,98.85,0.66,868.48
2025-10-22T21:36:31,3.62,25631,4356.00,4464.00,4415.50,1.16,98.16,0.83,868.13
2025-10-22T22:00:55,3.63,25631,4363.00,4377.00,4370.00,1.12,97.77,0.95,868.01
2025-10-22T22:25:18,3.62,25631,4364.00,4392.00,4371.50,1.40,96.32,1.01,867.80
2025-10-22T22:49:41,3.63,25631,4369.00,4455.00,4389.00,1.46,96.24,1.16,867.37
2025-10-22T23:14:04,3.62,25631,4378.00,4463.00,4395.50,1.33,96.98,1.12,867.21
2025-10-22T23:38:25,3.63,25631,4358.00,4466.00,4426.50,1.12,97.40,0.99,867.00
2025-10-23T00:02:48,3.62,25631,4364.00,4394.00,4381.00,1.00,97.36,0.75,866.59
2025-10-23T00:27:12,3.62,25631,4359.00,4464.00,4435.50,0.78,97.77,0.52,866.26
2025-10-23T00:51:35,3.62,25631,4319.00,4349.00,4334.50,0.46,98.16,0.34,866.16
2025-10-23T01:15:58,3.62,25631,4366.00,4588.00,4410.00,0.29,98.35,0.21,865.75
2025-10-23T01:40:21,3.63,25631,4459.00,4466.00,4463.00,0.26,98.65,0.14,865.32
2025-10-23T02:04:44,3.63,25631,4453.00,4459.00,4456.50,0.13,98.87,0.11,864.96
2025-10-23T02:29:07,3.62,25631,4444.00,4986.00,4477.50,0.05,99.05,0.06,864.55
2025-10-23T02:53:30,3.63,25631,4986.00,4988.00,4987.00,0.03,99.09,0.03,864.21
2025-10-23T03:17:53,3.62,25631,4411.00,4988.00,4986.50,-0.17,99.12,-0.02,864.14
2025-10-23T03:42:16,3.62,25631,4986.00,4988.00,4986.50,-0.32,99.17,-0.08,864.20
2025-10-23T04:06:39,3.62,25631,4318.00,4341.00,4330.50,-0.30,99.27,-0.12,863.92
2025-10-23T04:31:02,3.62,25631,4310.00,4986.00,4324.50,-0.42,99.25,-0.14,863.77
2025-10-23T04:55:25,3.64,25631,4290.00,4310.00,4300.50,-0.28,99.38,-0.12,863.28
2025-10-23T05:19:48,3.64,25631,4986.00,4988.00,4987.50,-0.17,99.39,-0.09,863.10
2025-10-23T05:44:11,3.64,25631,4254.00,4987.00,4262.50,-0.14,99.42,-0.08,862.97
2025-10-23T06:08:34,3.64,25631,4984.00,4987.00,4985.50,-0.19,99.40,-0.08,862.63
2025-10-23T06:32:57,3.63,25631,4986.00,4988.00,4988.00,-0.36,99.45,-0.13,862.43
2025-10-23T06:57:20,3.64,25631,4164.00,4182.00,4171.50,-0.43,99.43,-0.16,862.05
2025-10-23T07:21:44,3.62,25631,4135.00,4987.00,4141.50,-0.32,99.53,-0.16,861.88
2025-10-23T07:46:05,3.64,25631,4985.00,4986.00,4985.00,-0.23,99.50,-0.09,861.68
2025-10-23T08:10:28,3.63,25631,4046.00,4069.00,4063.00,-0.18,99.54,-0.03,861.66
2025-10-23T08:34:50,3.62,25631,4009.00,4033.00,4023.50,-0.22,99.49,0.09,861.59
2025-10-23T08:59:13,3.62,25631,4985.00,4988.00,4986.50,-0.12,99.58,0.19,861.56
2025-10-23T09:23:36,3.62,25631,3983.00,4988.00,4986.00,-0.14,99.58,0.37,861.78
2025-10-23T09:48:00,3.62,25631,3963.00,3974.00,3969.50,-0.01,99.57,0.52,861.73
2025-10-23T10:12:23,3.62,25631,3900.00,3920.00,3907.50,-0.04,99.55,0.55,862.14
2025-10-23T10:36:46,3.62,25631,4986.00,4989.00,4987.00,0.03,99.61,0.70,862.51
2025-10-23T11:01:08,3.63,25631,3800.00,3822.00,3816.00,0.02,99.59,0.94,862.67
2025-10-23T11:25:31,3.62,25631,3758.00,3795.00,3784.00,0.05,99.59,1.12,862.92
2025-10-23T11:49:54,3.62,25631,3744.00,3784.00,3772.00,0.17,99.61,1.32,863.09
2025-10-23T12:14:17,3.62,25631,3660.00,3734.00,3672.50,0.13,99.59,1.17,863.38
2025-10-23T12:38:41,3.62,25631,3654.00,3672.00,3661.50,0.37,99.59,1.63,863.26
2025-10-23T13:03:04,3.62,25631,3702.00,3723.00,3710.00,0.13,99.60,1.44,863.90
2025-10-23T13:27:27,3.62,25631,3709.00,4987.00,4986.50,0.33,99.44,3.30,864.09
2025-10-23T13:51:50,3.62,25631,3725.00,3746.00,3736.00,0.41,98.74,3.19,864.06
2025-10-23T14:16:14,3.62,25631,3748.00,3760.00,3755.00,0.44,98.95,2.24,864.67
2025-10-23T14:40:37,3.62,25631,3775.00,3786.00,3783.00,0.48,98.24,3.60,864.73
2025-10-23T15:05:00,3.62,25631,3747.00,4987.00,3775.50,0.29,98.68,2.64,865.04
2025-10-23T15:29:24,3.62,25631,3729.00,3766.00,3756.50,0.53,98.49,3.29,865.24
2025-10-23T15:53:46,3.63,25631,3767.00,3789.00,3780.00,0.43,98.42,2.87,865.15
2025-10-23T16:18:09,3.62,25631,3779.00,3797.00,3785.00,0.24,98.66,1.45,864.91
2025-10-23T16:42:32,3.62,25631,3756.00,3768.00,3764.00,0.20,98.99,0.58,865.15
2025-10-23T17:06:55,3.62,25631,3724.00,3728.00,3725.00,0.05,99.14,0.25,865.19
2025-10-23T17:31:18,3.62,25631,3720.00,3731.00,3728.50,0.16,99.27,0.14,865.25
2025-10-23T17:55:41,3.62,25631,3751.00,3761.00,3755.50,0.23,99.31,0.13,865.53
2025-10-23T18:20:04,3.62,25631,3742.00,3750.00,3748.50,0.36,99.32,0.12,865.63
2025-10-23T18:44:27,3.62,25631,3743.00,3773.00,3747.00,0.20,99.20,0.12,865.94
2025-10-23T19:08:50,3.62,25631,3738.00,3750.00,3747.00,0.30,99.17,0.10,866.09
2025-10-23T19:33:13,3.62,25631,3737.00,3746.00,3740.00,0.46,98.67,0.13,866.28
2025-10-23T19:57:36,3.62,25631,3735.00,3867.00,3827.50,-0.01,98.80,0.08,866.34
2025-10-23T20:21:59,3.62,25631,3807.00,3816.00,3812.50,0.20,99.18,0.03,866.48
2025-10-23T20:46:21,3.62,25631,3802.00,3808.00,3806.00,0.20,99.23,0.04,866.55
2025-10-23T21:10:44,3.62,25631,3794.00,3815.00,3803.00,0.30,99.27,0.08,866.73
2025-10-23T21:35:07,3.63,25631,3787.00,3813.00,3796.00,0.17,99.28,0.08,867.03
2025-10-23T21:59:30,3.62,25631,3795.00,3801.00,3798.00,0.07,99.34,0.06,867.03
2025-10-23T22:23:53,3.62,25631,3786.00,3806.00,3795.50,0.02,99.42,0.03,867.12
2025-10-23T22:48:16,3.62,25631,3823.00,4987.00,4985.50,-0.07,99.50,-0.01,867.37
2025-10-23T23:12:39,3.62,25631,3769.00,4987.00,4985.00,-0.14,99.53,-0.05,867.45
2025-10-23T23:37:02,3.62,25631,3766.00,3774.00,3771.00,-0.07,99.52,-0.05,867.49
2025-10-24T00:01:26,3.62,25631,3762.00,4987.00,3779.50,-0.15,99.56,-0.06,867.47
2025-10-24T00:25:49,3.62,25631,4985.00,4986.00,4986.00,-0.17,99.56,-0.07,867.71
2025-10-24T00:50:12,3.62,25631,3782.00,4988.00,3791.50,-0.18,99.62,-0.11,867.69
2025-10-24T01:14:35,3.62,25631,3775.00,4986.00,3803.00,-0.12,99.65,-0.09,867.63
2025-10-24T01:38:56,3.62,25631,3800.00,4988.00,4986.00,-0.19,99.64,-0.12,867.67
2025-10-24T02:03:19,3.62,25631,3785.00,4986.00,4985.50,-0.14,99.71,-0.10,867.70
2025-10-24T02:27:42,3.62,25631,4986.00,4987.00,4987.00,-0.25,99.68,-0.12,867.71
2025-10-24T02:52:05,3.62,25631,4985.00,4987.00,4986.00,-0.18,99.69,-0.11,867.67
2025-10-24T03:16:28,3.62,25631,4984.00,4987.00,4986.00,-0.25,99.71,-0.15,867.56
2025-10-24T03:40:51,3.62,25631,4984.00,4987.00,4986.00,-0.30,99.73,-0.18,867.41
2025-10-24T04:05:13,3.62,25631,4984.00,4986.00,4985.00,-0.42,99.69,-0.27,867.18
2025-10-24T04:29:36,3.62,25631,4986.00,4988.00,4987.00,-0.39,99.71,-0.31,867.10
2025-10-24T04:53:59,3.62,25631,3781.00,3793.00,3788.50,-0.18,99.74,-0.16,867.11
2025-10-24T05:18:22,3.62,25631,3787.00,3790.00,3788.00,-0.28,99.70,-0.16,866.92
2025-10-24T05:42:45,3.62,25631,3780.00,3788.00,3782.00,-0.26,99.69,-0.16,866.55
2025-10-24T06:07:08,3.62,25631,3780.00,3784.00,3782.00,-0.26,99.69,-0.18,866.58
2025-10-24T06:31:30,3.63,25631,3787.00,3791.00,3789.00,-0.30,99.71,-0.14,866.41
2025-10-24T06:55:53,3.62,25631,3790.00,3793.00,3792.00,-0.33,99.64,-0.20,866.32
2025-10-24T07:20:16,3.62,25631,3790.00,3794.00,3792.50,-0.35,99.49,-0.20,866.09
2025-10-24T07:44:39,3.62,25631,3790.00,3793.00,3792.00,-0.33,99.43,-0.12,865.73
2025-10-24T08:09:02,3.62,25631,3790.00,3797.00,3793.00,-0.15,99.40,0.27,865.51
2025-10-24T08:33:26,3.62,25631,3794.00,3800.00,3797.50,0.10,99.05,0.88,865.24
2025-10-24T08:57:49,3.62,25631,3798.00,3802.00,3800.00,0.26,98.42,1.04,865.19
2025-10-24T09:22:12,3.62,25631,3802.00,3808.00,3804.00,0.54,97.52,2.43,865.14
2025-10-24T09:46:35,3.62,25631,3803.00,3810.00,3806.50,0.29,96.54,2.46,864.78
2025-10-24T10:10:58,3.62,25631,3806.00,3813.00,3810.00,1.10,94.80,3.84,865.01
2025-10-24T10:35:54,3.62,25631,3815.00,3833.00,3822.00,1.91,91.95,5.51,864.74
2025-10-24T10:36:41,3.57,25631,3814.00,3831.00,3821.00,1.82,92.22,5.38,864.80
2025-10-24T10:53:29,3.66,25631,3814.00,3822.00,3818.00,1.03,94.69,4.27,864.67
2025-10-24T11:10:17,3.66,25631,4986.00,4988.00,4987.00,2.09,91.85,6.70,864.72
2025-10-24T11:27:05,3.65,25631,3799.00,3822.00,3814.50,1.09,93.92,5.62,864.64
2025-10-24T11:43:53,3.65,25631,3819.00,4987.00,3834.00,1.75,90.20,8.40,864.34
2025-10-24T12:00:42,3.65,25631,3798.00,3825.00,3813.50,0.09,97.00,5.53,864.52
2025-10-24T12:17:30,3.65,25631,3796.00,3812.00,3805.50,-0.29,97.98,2.75,864.67
2025-10-24T12:34:18,3.65,25631,4984.00,4986.00,4985.50,0.56,97.11,5.32,864.68
2025-10-24T12:51:07,3.65,25631,3800.00,4987.00,4984.50,0.14,96.81,4.35,864.59
2025-10-24T13:07:55,3.65,25631,3784.00,3800.00,3791.00,-0.09,97.20,3.28,864.85
2025-10-24T13:24:43,3.65,25631,3744.00,4986.00,3799.00,0.24,96.45,4.58,865.01
2025-10-24T13:41:32,3.65,25631,3790.00,3809.00,3807.00,1.86,91.43,8.49,865.21
2025-10-24T13:58:20,3.65,25631,3826.00,3838.00,3832.50,1.85,90.61,12.62,864.81
2025-10-24T14:15:09,3.65,25631,3790.00,3861.00,3847.00,2.77,88.34,11.53,864.85
2025-10-24T14:31:58,3.65,25631,3850.00,3858.00,3855.00,2.54,89.73,11.66,864.86
2025-10-24T14:48:46,3.65,25631,3845.00,3854.00,3849.00,2.95,87.97,10.26,864.87
2025-10-24T15:05:35,3.65,25631,3852.00,3863.00,3859.00,2.43,89.87,11.06,864.29
2025-10-24T15:22:23,3.66,25631,3828.00,3836.00,3831.50,1.00,92.89,7.35,864.83
2025-10-24T15:39:11,3.65,25631,3788.00,3813.00,3804.50,-0.09,96.69,4.62,864.75
2025-10-24T15:55:59,3.64,25631,3790.00,3799.00,3793.50,-0.23,97.83,2.70,864.89
2025-10-24T16:12:47,3.64,25631,3785.00,3800.00,3792.50,-0.33,98.12,2.07,864.91
2025-10-24T16:29:36,3.65,25631,3795.00,3813.00,3808.00,-0.29,98.45,1.33,864.92
2025-10-24T16:46:24,3.66,25631,3815.00,3827.00,3819.50,-0.21,98.66,1.08,864.95
2025-10-24T17:03:12,3.66,25631,3829.00,3837.00,3831.00,-0.35,98.68,0.56,864.90
2025-10-24T17:20:00,3.65,25631,3834.00,3845.00,3838.00,-0.57,98.76,0.00,864.98
2025-10-24T17:36:48,3.66,25631,3833.00,3845.00,3837.50,-0.57,98.89,-0.35,865.00
2025-10-24T17:53:36,3.65,25631,3831.00,3844.00,3839.50,-0.59,98.96,-0.54,865.10
2025-10-24T18:10:24,3.65,25631,3840.00,3850.00,3842.50,-0.65,99.00,-0.60,865.12
2025-10-24T18:27:12,3.65,25631,3829.00,3847.00,3841.00,-0.72,98.97,-0.67,865.04
2025-10-24T18:44:00,3.66,25631,3838.00,3847.00,3844.00,-0.87,98.95,-0.82,864.94
2025-10-24T19:00:48,3.66,25631,3838.00,3849.00,3842.00,-0.81,98.94,-0.91,865.07
2025-10-24T19:17:36,3.65,25631,3841.00,3851.00,3847.00,-0.63,98.83,-0.85,865.14
2025-10-24T19:34:24,3.65,25631,3849.00,3858.00,3853.50,-0.67,98.80,-0.82,865.21
2025-10-24T19:51:12,3.66,25631,3848.00,3857.00,3855.00,-0.63,98.86,-0.74,865.33
2025-10-24T20:08:00,3.65,25631,3856.00,3862.00,3861.00,-0.67,98.91,-0.71,865.38
2025-10-24T20:24:48,3.66,25631,3854.00,3857.00,3855.50,-0.72,98.97,-0.71,865.39
2025-10-24T20:41:36,3.65,25631,3854.00,3862.00,3856.50,-0.65,99.01,-0.71,865.49
2025-10-24T20:58:22,3.66,25631,3843.00,3856.00,3849.00,-0.63,98.98,-0.65,865.55
2025-10-24T21:15:10,3.65,25631,3828.00,3841.00,3835.50,-0.63,98.94,-0.64,865.61
2025-10-24T21:31:58,3.65,25631,3854.00,3868.00,3860.50,-0.60,98.98,-0.61,865.70
2025-10-24T21:48:46,3.65,25631,3785.00,3800.00,3791.00,-0.72,99.04,-0.62,865.73
2025-10-24T22:05:34,3.66,25631,3792.00,3839.00,3833.50,-0.73,99.06,-0.68,865.81
2025-10-24T22:22:22,3.65,25631,3837.00,3852.00,3845.00,-0.73,99.11,-0.72,865.84
2025-10-24T22:39:10,3.65,25631,3786.00,3806.00,3794.00,-0.74,99.10,-0.71,865.92
2025-10-24T22:55:58,3.65,25631,3785.00,3798.00,3793.50,-0.79,99.06,-0.74,865.94
2025-10-24T23:12:46,3.65,25631,3784.00,3804.00,3789.50,-0.83,98.98,-0.77,866.05
2025-10-24T23:29:34,3.65,25631,3782.00,3809.00,3791.00,-0.80,98.92,-0.80,866.09
2025-10-24T23:46:22,3.65,25631,3785.00,3800.00,3794.00,-0.88,98.89,-0.91,866.18
2025-10-25T00:03:10,3.65,25631,3764.00,3852.00,3809.50,-0.79,98.73,-0.89,866.25
2025-10-25T00:19:58,3.65,25631,3809.00,3861.00,3838.50,-0.83,98.38,-0.95,866.36
2025-10-25T00:36:46,3.66,25631,3809.00,3845.00,3837.00,-1.04,98.27,-1.17,866.41
2025-10-25T00:53:34,3.65,25631,3789.00,3845.00,3816.50,-1.25,98.33,-1.35,866.50
2025-10-25T01:10:21,3.65,25631,3808.00,3845.00,3836.50,-1.05,98.34,-1.32,866.56
2025-10-25T01:27:08,3.65,25631,3810.00,3846.00,3833.00,-0.98,98.32,-1.18,866.64
2025-10-25T01:43:56,3.65,25631,3841.00,3854.00,3851.00,-0.84,98.18,-1.03,866.69
2025-10-25T02:00:44,3.65,25631,3768.00,3789.00,3781.50,-0.77,97.73,-0.90,866.78
2025-10-25T02:17:32,3.65,25631,3823.00,3839.00,3830.50,-0.84,98.27,-0.90,866.88
2025-10-25T02:34:20,3.65,25631,3842.00,3857.00,3851.00,-0.87,98.60,-0.88,866.95
2025-10-25T02:51:08,3.65,25631,3792.00,4989.00,3826.00,-0.91,98.76,-0.92,866.95
2025-10-25T03:07:56,3.65,25631,3805.00,3830.00,3824.00,-0.97,98.82,-1.00,866.98
2025-10-25T03:24:44,3.65,25631,3831.00,3837.00,3835.00,-0.93,98.94,-0.93,867.05
2025-10-25T03:41:32,3.65,25631,3829.00,3838.00,3835.50,-0.95,99.05,-0.92,867.02
2025-10-25T03:58:20,3.65,25631,4985.00,4988.00,4986.50,-0.98,99.14,-0.94,867.10
2025-10-25T04:15:08,3.65,25631,3773.00,3815.00,3804.00,-1.11,99.11,-0.99,867.10
2025-10-25T04:31:56,3.65,25631,3824.00,4989.00,3829.50,-1.18,99.15,-1.08,867.33
2025-10-25T04:48:44,3.65,25631,3821.00,4988.00,4411.50,-1.24,99.15,-1.17,867.41
2025-10-25T05:05:32,3.65,25631,3829.00,4987.00,3835.00,-1.34,99.10,-1.25,867.55
2025-10-25T05:22:20,3.65,25631,3825.00,4988.00,4986.50,-1.35,99.08,-1.29,867.63
2025-10-25T05:39:08,3.65,25631,3804.00,4988.00,4988.00,-1.39,99.02,-1.33,867.81
2025-10-25T05:55:55,3.65,25631,3799.00,3822.00,3816.00,-1.35,99.05,-1.35,868.01
2025-10-25T06:12:43,3.65,25631,3781.00,3817.00,3808.00,-1.36,99.04,-1.35,868.15
2025-10-25T06:29:31,3.65,25631,3790.00,3813.00,3803.00,-1.41,98.99,-1.38,868.23
2025-10-25T06:46:19,3.65,25631,3758.00,3792.00,3780.00,-1.70,98.90,-1.70,868.19
2025-10-25T07:03:06,3.65,25631,3776.00,3806.00,3789.00,-1.76,98.81,-1.82,868.24
2025-10-25T07:19:54,3.65,25631,3758.00,3781.00,3767.00,-1.87,98.80,-2.03,868.22
2025-10-25T07:36:42,3.65,25631,3776.00,3795.00,3784.00,-1.70,98.77,-1.79,868.25
2025-10-25T07:53:30,3.65,25631,3768.00,4988.00,3794.50,-1.59,98.65,-1.24,868.06
2025-10-25T08:10:18,3.65,25631,3786.00,4985.00,3835.50,-1.36,98.39,-0.26,867.97
2025-10-25T08:27:06,3.65,25631,3826.00,4988.00,4987.00,-0.23,98.82,2.34,868.19
2025-10-25T08:43:54,3.64,25631,3848.00,3869.00,3861.00,-0.04,97.10,6.59,868.03
2025-10-25T09:00:42,3.64,25631,3853.00,3865.00,3858.50,0.00,96.76,7.65,868.02
2025-10-25T09:17:30,3.64,25631,3863.00,4986.00,3867.00,-0.29,96.08,7.82,868.24
2025-10-25T09:34:19,3.64,25631,3881.00,3895.00,3888.00,1.24,90.63,12.32,868.00
2025-10-25T09:51:08,3.64,25631,3878.00,3889.00,3885.00,0.82,90.13,11.49,867.82
2025-10-25T10:07:56,3.64,25631,3865.00,3876.00,3870.00,0.89,92.29,8.38,867.90
2025-10-25T10:24:44,3.64,25631,3834.00,3862.00,3848.00,0.97,89.69,7.41,868.05
2025-10-25T10:41:32,3.64,25631,3866.00,3892.00,3883.50,2.25,86.02,11.73,867.93
2025-10-25T10:58:21,3.64,25631,3843.00,3881.00,3869.50,0.81,88.60,10.99,867.61
2025-10-25T11:15:09,3.64,25631,3867.00,3885.00,3875.00,1.99,86.87,10.17,867.82
2025-10-25T11:31:58,3.64,25631,3868.00,3884.00,3877.00,1.65,88.84,9.61,867.53
2025-10-25T11:48:46,3.64,25631,3865.00,3875.00,3872.50,1.03,90.58,8.18,867.80
2025-10-25T12:05:35,3.64,25631,3880.00,3885.00,3883.00,0.54,89.30,9.07,867.74
2025-10-25T12:22:23,3.64,25631,3891.00,3900.00,3892.50,1.17,85.07,10.00,867.53
2025-10-25T12:39:12,3.64,25631,3885.00,3896.00,3890.50,2.01,86.39,10.18,867.72
2025-10-25T12:56:01,3.64,25631,3889.00,3901.00,3895.00,0.84,89.65,9.05,867.57
2025-10-25T13:12:49,3.64,25631,3875.00,3884.00,3879.00,1.43,87.78,8.58,867.61
2025-10-25T13:29:37,3.64,25631,3886.00,3903.00,3895.00,2.13,81.00,9.27,867.63
2025-10-25T13:46:26,3.64,25631,3890.00,4987.00,3901.00,3.18,76.56,11.37,867.48
2025-10-25T14:03:14,3.64,25631,3889.00,4988.00,3903.50,2.67,76.27,11.68,866.96
2025-10-25T14:20:03,3.64,25631,3877.00,3901.00,3889.00,1.88,80.51,10.25,866.95
2025-10-25T14:36:52,3.64,25631,3872.00,4988.00,3897.00,2.12,76.96,11.55,866.60
2025-10-25T14:53:40,3.64,25631,3844.00,4986.00,4986.00,2.40,80.04,10.09,866.55
2025-10-25T15:10:29,3.64,25631,3792.00,4986.00,3873.00,1.44,80.79,8.77,866.67
2025-10-25T15:27:17,3.64,25631,3799.00,4987.00,3880.00,2.64,74.55,9.99,866.30
2025-10-25T15:44:06,3.64,25631,3810.00,3922.00,3820.00,3.03,72.65,9.44,866.28
2025-10-25T16:00:53,3.65,25631,3819.00,3843.00,3828.00,2.06,77.47,8.41,865.91
2025-10-25T16:17:42,3.64,25631,3793.00,3807.00,3803.00,0.44,85.18,4.89,865.84
2025-10-25T16:34:30,3.63,25631,3789.00,3808.00,3799.50,0.13,88.22,2.80,865.74
2025-10-25T16:51:18,3.64,25631,3777.00,3801.00,3792.00,-0.33,89.98,1.29,865.49
2025-10-25T17:08:06,3.64,25631,3781.00,3800.00,3792.00,-0.62,91.11,0.07,865.21
2025-10-25T17:24:54,3.64,25631,3775.00,3802.00,3784.50,-0.63,88.33,-0.56,865.13
2025-10-25T17:41:42,3.64,25631,3781.00,3799.00,3785.50,-0.77,88.22,-1.02,865.20
2025-10-25T17:58:30,3.64,25631,3721.00,3842.00,3766.50,-0.85,87.80,-1.39,865.04
2025-10-25T18:15:18,3.64,25631,3706.00,3786.00,3773.00,-1.03,88.56,-1.68,865.07
2025-10-25T18:32:06,3.64,25631,3763.00,3799.00,3781.50,-1.25,88.29,-2.00,865.17
2025-10-25T18:48:54,3.64,25631,3722.00,3781.00,3760.00,-1.48,90.20,-2.28,865.18
2025-10-25T19:05:41,3.64,25631,3774.00,3881.00,3796.50,-1.60,89.93,-2.43,865.01
2025-10-25T19:22:29,3.64,25631,3745.00,3795.00,3784.00,-1.95,91.40,-2.71,864.94
2025-10-25T19:39:17,3.64,25631,3709.00,3794.00,3773.00,-1.81,89.46,-2.74,864.90
2025-10-25T19:56:05,3.64,25631,3754.00,3860.00,3775.50,-1.55,86.85,-2.52,865.05
2025-10-25T20:12:53,3.64,25631,3753.00,3779.00,3764.50,-1.35,86.80,-2.23,865.15
2025-10-25T20:29:39,3.64,25631,3766.00,3794.00,3776.50,-1.27,87.54,-2.02,865.14
2025-10-25T20:46:26,3.63,25631,3766.00,3789.00,3779.00,-0.65,83.08,-1.70,865.28
2025-10-25T21:03:14,3.64,25631,3749.00,3864.00,3773.00,-0.74,85.68,-1.50,865.35
2025-10-25T21:20:02,3.64,25631,3767.00,3801.00,3782.50,-0.77,86.70,-1.39,865.29
2025-10-25T21:36:50,3.64,25631,3762.00,3845.00,3794.00,-0.91,86.70,-1.39,865.35
2025-10-25T21:53:38,3.62,25631,3735.00,3867.00,3776.50,-0.66,84.07,-1.36,865.48
2025-10-25T22:10:26,3.64,25631,3754.00,3800.00,3765.50,-1.03,88.10,-1.29,865.56
2025-10-25T22:27:14,3.64,25631,3752.00,3827.00,3782.50,-1.11,88.96,-1.43,865.66
2025-10-25T22:44:02,3.64,25631,3762.00,3847.00,3807.50,-1.36,90.61,-1.61,865.73
2025-10-25T23:00:49,3.64,25631,3787.00,3830.00,3793.50,-1.34,90.71,-1.58,865.74
2025-10-25T23:17:37,3.64,25631,3792.00,3833.00,3801.50,-1.16,90.41,-1.55,865.93
2025-10-25T23:34:25,3.64,25631,3797.00,4988.00,3839.00,-1.01,89.12,-1.46,866.04
2025-10-25T23:51:13,3.63,25631,3812.00,4988.00,3826.00,-1.08,89.62,-1.44,866.07
2025-10-26T00:08:01,3.64,25631,3856.00,4988.00,3937.50,-1.36,90.42,-1.58,866.18
2025-10-26T00:24:49,3.64,25631,3943.00,4988.00,4469.50,-1.25,90.47,-1.62,866.24
2025-10-26T00:41:37,3.63,25631,3805.00,4989.00,3959.50,-1.30,90.55,-1.71,866.32
2025-10-26T00:58:25,3.64,25631,3960.00,4988.00,3965.00,-1.45,91.06,-1.72,866.38
2025-10-26T01:15:13,3.63,25631,3934.00,4989.00,4987.00,-1.59,92.60,-1.80,866.42
2025-10-26T01:32:01,3.63,25631,3942.00,3970.00,3950.00,-1.66,93.11,-1.86,866.52
2025-10-26T01:48:48,3.64,25631,3931.00,4987.00,3943.00,-1.58,92.68,-1.84,866.64
2025-10-26T02:05:35,3.64,25631,3806.00,4988.00,4986.50,-1.55,92.70,-1.78,866.68
2025-10-26T02:22:23,3.63,25631,3805.00,3831.00,3819.50,-1.58,92.89,-1.80,866.74
2025-10-26T02:39:11,3.63,25631,3798.00,3823.00,3811.00,-1.79,93.83,-1.96,866.78
2025-10-26T02:55:59,3.64,25631,3797.00,3815.00,3810.00,-2.09,94.85,-2.25,866.83
2025-10-26T03:12:47,3.64,25631,3793.00,3810.00,3800.50,-2.17,94.82,-2.42,866.85
2025-10-26T03:29:35,3.63,25631,3799.00,3815.00,3807.00,-2.14,94.44,-2.51,866.95
2025-10-26T03:46:22,3.64,25631,3787.00,3809.00,3800.50,-1.80,93.42,-2.46,867.13
2025-10-26T04:03:10,3.63,25631,3792.00,3809.00,3799.50,-1.69,93.45,-2.30,867.19
2025-10-26T04:19:58,3.64,25631,3799.00,3808.00,3802.50,-1.52,91.83,-2.13,867.32
2025-10-26T04:36:46,3.63,25631,3797.00,3817.00,3807.50,-1.56,91.77,-2.05,867.43
2025-10-26T04:53:34,3.64,25631,3797.00,3814.00,3802.50,-1.53,91.78,-1.96,867.53
2025-10-26T05:10:22,3.63,25631,3799.00,3813.00,3808.00,-1.60,92.00,-1.96,867.63
2025-10-26T05:27:09,3.63,25631,3799.00,3811.00,3805.50,-1.59,91.97,-1.98,867.76
2025-10-26T05:43:57,3.63,25631,3804.00,3814.00,3808.50,-1.55,91.66,-1.97,867.89
2025-10-26T06:00:45,3.64,25631,3799.00,3814.00,3805.50,-1.81,93.73,-2.11,868.13
2025-10-26T06:17:33,3.64,25631,3797.00,3817.00,3804.00,-2.01,95.25,-2.23,868.41
2025-10-26T06:34:20,3.64,25631,3794.00,3812.00,3803.00,-1.95,95.34,-2.26,868.59
2025-10-26T06:51:08,3.64,25631,3798.00,3812.00,3806.00,-1.91,95.60,-2.27,868.78
2025-10-26T07:07:56,3.63,25631,3798.00,3814.00,3806.00,-2.12,96.09,-2.39,868.95
2025-10-26T07:24:43,3.63,25631,3792.00,3810.00,3796.50,-2.17,96.72,-2.53,869.11
2025-10-26T07:41:31,3.63,25631,3787.00,3806.00,3798.00,-2.35,96.62,-2.59,869.25
2025-10-26T07:58:19,3.63,25631,3778.00,3806.00,3789.50,-2.12,96.73,-2.37,869.47
2025-10-26T08:15:07,3.63,25631,3785.00,3812.00,3800.50,-1.94,95.58,-2.03,869.66
2025-10-26T08:31:55,3.64,25631,3786.00,3803.00,3796.00,-1.81,95.15,-1.66,869.92
2025-10-26T08:48:42,3.64,25631,3804.00,3823.00,3812.50,-1.30,95.21,-0.45,870.12
2025-10-26T09:05:30,3.64,25631,3797.00,3819.00,3807.00,-0.93,92.70,0.88,870.30
2025-10-26T09:22:18,3.63,25631,3814.00,3833.00,3824.00,0.41,86.00,3.32,870.47
2025-10-26T09:39:06,3.63,25631,3794.00,3857.00,3834.00,0.17,87.39,4.35,870.58
2025-10-26T09:55:54,3.64,25631,3822.00,3850.00,3841.00,0.48,85.85,5.42,870.73
2025-10-26T10:12:42,3.64,25631,3831.00,3852.00,3842.00,-0.05,88.77,5.28,871.03
2025-10-26T10:29:30,3.64,25631,3838.00,3870.00,3855.50,2.02,78.23,6.98,871.30
2025-10-26T10:46:19,3.64,25631,3814.00,3864.00,3851.50,0.46,85.22,7.03,871.36
2025-10-26T11:03:06,3.64,25631,3844.00,3859.00,3851.00,0.44,87.53,7.19,871.86
2025-10-26T11:19:55,3.64,25631,3830.00,3873.00,3867.00,1.48,82.69,10.10,872.06
2025-10-26T11:36:43,3.63,25631,3859.00,3898.00,3889.50,2.82,78.54,13.24,872.10
2025-10-26T11:53:32,3.64,25631,3840.00,3968.00,3885.50,2.37,74.44,14.08,871.98
2025-10-26T12:10:21,3.64,25631,3881.00,3896.00,3888.50,2.53,73.64,11.28,872.28
2025-10-26T12:27:09,3.64,25631,3827.00,3891.00,3875.50,1.79,77.24,10.69,872.48
2025-10-26T12:43:58,3.63,25631,3833.00,3883.00,3864.00,1.82,83.89,10.24,872.71
2025-10-26T13:00:46,3.64,25631,3867.00,3910.00,3883.50,3.43,76.17,15.18,872.70
2025-10-26T13:17:35,3.64,25631,3859.00,3902.00,3887.50,2.32,84.16,14.82,873.30
2025-10-26T13:34:24,3.64,25631,3826.00,3876.00,3858.00,1.53,81.73,13.00,872.77
2025-10-26T13:51:13,3.63,25631,3821.00,3873.00,3858.00,0.88,87.56,10.55,873.44
2025-10-26T14:08:01,3.64,25631,3819.00,3936.00,3862.50,4.32,76.60,14.10,873.95
2025-10-26T14:24:50,3.63,25631,3816.00,3926.00,3859.50,2.57,80.94,12.35,873.35
2025-10-26T14:41:39,3.63,25631,3800.00,3849.00,3833.50,0.00,90.35,8.46,873.60
2025-10-26T14:58:27,3.63,25631,3778.00,3846.00,3821.50,1.10,83.81,7.65,874.06
2025-10-26T15:15:16,3.63,25631,3817.00,3850.00,3837.50,4.35,74.47,12.14,874.31
2025-10-26T15:32:03,3.62,25631,3825.00,3852.00,3841.00,2.92,71.31,8.69,873.84
2025-10-26T15:48:52,3.63,25631,3774.00,3828.00,3819.00,0.09,83.08,4.71,874.22
2025-10-26T16:05:40,3.63,25631,3780.00,3817.00,3798.50,-0.57,81.72,2.51,874.35
2025-10-26T16:22:28,3.63,25631,3767.00,3830.00,3816.00,-0.80,86.61,1.28,874.60
2025-10-26T16:39:16,3.63,25631,3771.00,3810.00,3789.00,-1.00,80.21,0.42,874.73
2025-10-26T16:56:04,3.62,25631,3774.00,3812.00,3806.50,-1.24,82.25,-0.55,874.84
2025-10-26T17:12:52,3.63,25631,3767.00,3819.00,3808.00,-1.67,83.83,-1.54,874.88
2025-10-26T17:29:40,3.63,25631,3775.00,3822.00,3796.00,-2.18,86.44,-2.37,875.10
2025-10-26T17:46:28,3.63,25631,3799.00,3805.00,3801.50,-2.14,85.75,-2.90,875.31
2025-10-26T18:03:15,3.63,25631,3753.00,3817.00,3781.50,-1.76,82.58,-2.89,875.42
2025-10-26T18:20:03,3.63,25631,3768.00,3816.00,3796.00,-2.00,85.20,-3.08,875.63
2025-10-26T18:36:51,3.62,25631,3780.00,3868.00,3800.00,-2.74,93.25,-3.46,875.76
2025-10-26T18:53:39,3.62,25631,3760.00,3873.00,3795.50,-2.72,95.05,-3.54,875.82
2025-10-26T19:10:27,3.63,25631,3766.00,3893.00,3782.50,-3.21,92.05,-3.90,875.97
2025-10-26T19:27:14,3.63,25631,3772.00,3812.00,3783.50,-2.69,90.95,-4.06,876.17
2025-10-26T19:44:02,3.62,25631,3767.00,3812.00,3803.00,-2.50,93.43,-3.99,876.22
2025-10-26T20:00:50,3.63,25631,3798.00,3818.00,3808.50,-3.14,94.26,-4.13,876.37
2025-10-26T20:17:38,3.63,25631,3773.00,3814.00,3806.50,-3.12,95.01,-4.20,876.58
2025-10-26T20:34:25,3.62,25631,3789.00,3806.00,3796.50,-2.57,93.08,-4.08,876.75
2025-10-26T20:51:13,3.63,25631,3772.00,3819.00,3795.50,-3.03,93.67,-4.05,876.84
2025-10-26T21:08:01,3.63,25631,3769.00,3802.00,3785.50,-3.71,94.98,-4.36,877.03
2025-10-26T21:24:49,3.62,25631,3794.00,3819.00,3803.50,-3.28,96.13,-4.52,877.28
2025-10-26T21:41:36,3.62,25631,3796.00,3813.00,3802.00,-3.31,94.53,-4.43,877.34
2025-10-26T21:58:24,3.62,25631,3771.00,3808.00,3783.00,-3.27,93.35,-4.43,877.50
2025-10-26T22:15:12,3.62,25631,3794.00,3823.00,3810.50,-2.79,94.78,-4.42,877.77
2025-10-26T22:31:59,3.62,25631,3802.00,3809.00,3806.50,-3.22,92.62,-4.37,877.82
2025-10-26T22:48:47,3.63,25631,3799.00,3815.00,3808.50,-3.29,95.14,-4.47,877.95
2025-10-26T23:05:35,3.62,25631,3790.00,3833.00,3816.00,-3.07,92.55,-4.46,878.14
2025-10-26T23:22:23,3.62,25631,3788.00,3821.00,3806.00,-3.35,94.31,-4.50,878.32
2025-10-26T23:39:10,3.62,25631,3805.00,3902.00,3882.00,-3.21,92.50,-4.54,878.50
2025-10-26T23:55:58,3.62,25631,3786.00,3866.00,3812.00,-3.53,90.92,-4.70,878.61
2025-10-27T00:12:46,3.62,25631,3789.00,3839.00,3805.00,-3.71,90.05,-4.89,878.69
2025-10-27T00:29:33,3.62,25631,3802.00,3829.00,3812.50,-3.79,90.07,-4.97,878.84
2025-10-27T00:46:21,3.62,25631,3799.00,3901.00,3875.50,-3.73,94.49,-4.95,878.98
2025-10-27T01:03:09,3.62,25631,3791.00,3900.00,3823.50,-3.31,96.23,-4.72,879.19
2025-10-27T01:19:57,3.63,25631,3844.00,3909.00,3900.00,-3.38,92.10,-4.51,879.22
2025-10-27T01:36:42,3.62,25631,3796.00,3821.00,3805.00,-3.71,95.37,-4.68,879.44
2025-10-27T01:53:30,3.63,25631,3803.00,3858.00,3826.50,-3.52,93.75,-4.63,879.53
2025-10-27T02:10:18,3.63,25631,3809.00,3866.00,3819.00,-3.52,93.15,-4.61,879.68
2025-10-27T02:27:05,3.62,25631,3798.00,3834.00,3810.50,-3.48,92.88,-4.65,879.82
2025-10-27T02:43:53,3.63,25631,3786.00,3906.00,3869.00,-3.83,90.71,-4.88,880.01
2025-10-27T03:00:41,3.62,25631,3794.00,3907.00,3831.50,-3.84,89.63,-4.99,880.19
2025-10-27T03:17:29,3.62,25631,3803.00,3835.00,3816.00,-3.84,89.99,-5.10,880.38
2025-10-27T03:34:16,3.63,25631,3791.00,3864.00,3805.50,-3.91,89.94,-5.31,880.62
2025-10-27T03:51:04,3.63,25631,3790.00,3894.00,3804.50,-4.22,90.57,-5.39,880.72
2025-10-27T04:07:52,3.62,25631,3793.00,3824.00,3803.50,-4.14,89.50,-5.50,880.85
2025-10-27T04:24:39,3.62,25631,3789.00,3818.00,3808.50,-3.81,88.77,-5.36,881.06
2025-10-27T04:41:27,3.62,25631,3795.00,3816.00,3803.00,-3.86,88.90,-5.21,881.17
2025-10-27T04:58:14,3.62,25631,3792.00,3824.00,3812.50,-4.14,91.52,-5.44,881.42
2025-10-27T05:15:02,3.62,25631,3792.00,3859.00,3809.00,-4.32,93.93,-5.47,881.62
2025-10-27T05:31:50,3.62,25631,3795.00,3867.00,3806.00,-4.52,95.01,-5.52,881.79
2025-10-27T05:48:37,3.62,25631,3800.00,3811.00,3803.00,-4.49,94.48,-5.61,881.97
2025-10-27T06:05:25,3.62,25631,3791.00,3816.00,3806.50,-4.49,93.55,-5.60,882.13
2025-10-27T06:22:13,3.62,25631,3805.00,3901.00,3819.50,-4.18,92.10,-5.50,882.20
2025-10-27T06:39:00,3.62,25631,3792.00,3904.00,3893.50,-3.83,90.71,-5.42,882.37
2025-10-27T06:55:48,3.62,25631,3798.00,3831.00,3806.50,-3.88,94.48,-5.18,882.53
2025-10-27T07:12:35,3.62,25631,3789.00,3827.00,3817.00,-3.64,94.57,-5.01,882.74
2025-10-27T07:29:22,3.62,25631,3811.00,3916.00,3896.50,-3.39,89.45,-4.78,882.97
2025-10-27T07:46:10,3.62,25631,3820.00,3914.00,3902.50,-3.63,91.97,-4.76,883.09
2025-10-27T08:02:58,3.62,25631,3819.00,3867.00,3831.50,-3.55,92.24,-4.42,883.30
2025-10-27T08:19:46,3.62,25631,3849.00,3870.00,3863.00,-0.26,81.22,-0.65,883.44
2025-10-27T08:36:33,3.62,25631,3876.00,3936.00,3886.50,-0.01,81.12,2.74,883.76
2025-10-27T08:53:22,3.62,25631,3891.00,3997.00,3925.00,1.54,75.79,7.15,883.87
2025-10-27T09:10:10,3.62,25631,3921.00,3950.00,3926.00,1.00,80.04,8.97,883.98
2025-10-27T09:26:58,3.62,25631,3875.00,3908.00,3890.50,-1.04,86.08,8.14,884.25
2025-10-27T09:43:47,3.62,25631,3925.00,4011.00,4002.50,2.33,75.95,11.24,884.16
2025-10-27T10:00:35,3.63,25631,3905.00,3977.00,3920.50,0.69,78.01,10.93,884.36
2025-10-27T10:17:24,3.62,25631,3870.00,4002.00,3933.00,1.71,79.84,12.33,885.02
2025-10-27T10:34:11,3.64,25631,3889.00,3973.00,3927.00,0.79,83.22,11.02,884.94
2025-10-27T10:51:00,3.62,25631,3877.00,3982.00,3907.00,1.24,82.45,9.78,885.50
2025-10-27T11:07:48,3.62,25631,3864.00,3947.00,3889.00,0.10,84.96,8.44,885.62
2025-10-27T11:24:37,3.63,25631,3847.00,3924.00,3876.50,-0.93,88.71,7.14,885.77
2025-10-27T11:41:25,3.62,25631,3849.00,3898.00,3872.00,-0.72,87.78,6.65,886.05
2025-10-27T11:58:13,3.62,25631,3877.00,3952.00,3907.00,-0.09,88.47,6.94,886.40
2025-10-27T12:15:02,3.63,25631,3861.00,3976.00,3908.00,2.23,79.03,12.51,886.35
2025-10-27T12:31:50,3.62,25631,3896.00,3977.00,3935.50,1.51,80.55,13.36,886.42
2025-10-27T12:48:39,3.62,25631,3838.00,3934.00,3882.00,-0.84,90.59,8.88,886.63
2025-10-27T13:05:27,3.62,25631,3837.00,3943.00,3850.50,-0.74,90.23,7.14,886.94
2025-10-27T13:22:16,3.62,25631,3856.00,3896.00,3863.50,-0.28,88.07,6.88,887.10
2025-10-27T13:39:04,3.62,25631,3861.00,3941.00,3882.50,0.48,85.82,6.88,887.39
2025-10-27T13:55:52,3.62,25631,3859.00,3955.00,3944.00,0.95,84.65,9.00,887.87
2025-10-27T14:12:41,3.62,25631,3853.00,3968.00,3917.50,2.82,76.42,11.65,887.89
2025-10-27T14:29:30,3.63,25631,3889.00,3949.00,3919.50,0.31,78.11,8.31,887.37
2025-10-27T14:46:18,3.62,25631,3849.00,3934.00,3880.50,-0.08,87.59,6.04,887.64
2025-10-27T15:03:06,3.62,25631,3847.00,3924.00,3879.00,-0.81,91.23,4.09,887.78
2025-10-27T15:19:54,3.62,25631,3871.00,3926.00,3920.50,-1.21,94.69,2.59,887.93
2025-10-27T15:36:43,3.62,25631,3839.00,3920.00,3878.00,-1.01,93.15,1.81,888.07
2025-10-27T15:53:31,3.62,25631,3878.00,3922.00,3917.50,-0.95,91.59,1.46,888.10
2025-10-27T16:10:17,3.63,25631,3867.00,3923.00,3917.50,-0.69,88.89,1.08,888.09
2025-10-27T16:27:05,3.62,25631,3830.00,3922.00,3916.00,-0.87,88.88,0.47,888.15
2025-10-27T16:43:53,3.62,25631,3810.00,3920.00,3916.50,-1.22,90.82,-0.22,888.21
2025-10-27T17:00:41,3.62,25631,3912.00,3923.00,3917.00,-1.36,91.15,-0.70,888.30
2025-10-27T17:17:29,3.62,25631,3910.00,3920.00,3915.50,-1.53,93.37,-1.12,888.51
2025-10-27T17:34:16,3.62,25631,3849.00,3919.00,3912.00,-1.63,92.43,-1.41,888.54
2025-10-27T17:51:04,3.63,25631,3909.00,3919.00,3914.00,-1.56,90.87,-1.57,888.56
2025-10-27T18:07:52,3.62,25631,3905.00,3922.00,3920.00,-1.55,91.15,-1.65,888.64
2025-10-27T18:24:40,3.62,25631,3792.00,3922.00,3916.50,-1.69,92.04,-1.76,888.59
2025-10-27T18:41:28,3.62,25631,3914.00,3922.00,3919.50,-1.67,92.28,-1.81,888.61
2025-10-27T18:58:16,3.62,25631,3894.00,3921.00,3914.00,-1.69,92.42,-1.87,888.79
2025-10-27T19:15:04,3.62,25631,3856.00,3919.00,3913.00,-1.77,92.99,-2.00,888.72
2025-10-27T19:31:52,3.62,25631,3799.00,3921.00,3915.00,-1.83,92.99,-2.32,888.75
2025-10-27T19:48:39,3.62,25631,3911.00,3923.00,3917.00,-1.97,93.34,-2.70,888.64
2025-10-27T20:05:27,3.62,25631,3898.00,3918.00,3910.00,-2.14,94.58,-3.01,888.94
2025-10-27T20:22:15,3.62,25631,3842.00,3907.00,3861.00,-1.94,93.75,-2.69,888.97
2025-10-27T20:39:02,3.62,25631,3893.00,3916.00,3906.50,-1.90,93.85,-2.49,889.00
2025-10-27T20:55:50,3.62,25631,3915.00,3926.00,3918.00,-1.94,93.74,-2.36,888.90
2025-10-27T21:12:38,3.62,25631,3879.00,3915.00,3903.50,-1.93,90.37,-2.34,889.18
2025-10-27T21:29:25,3.62,25631,3838.00,3917.00,3901.50,-1.79,92.76,-2.24,889.34
2025-10-27T21:46:13,3.62,25631,3858.00,3915.00,3895.00,-1.90,92.14,-2.30,889.37
2025-10-27T22:03:01,3.62,25631,3860.00,3915.00,3895.00,-2.22,93.56,-2.77,889.35
2025-10-27T22:19:49,3.62,25631,3911.00,3919.00,3915.00,-2.56,93.56,-3.20,889.30
2025-10-27T22:36:37,3.62,25631,3862.00,3921.00,3914.50,-2.34,92.62,-3.22,889.42
2025-10-27T22:53:24,3.62,25631,3868.00,3919.00,3892.50,-2.05,92.91,-2.94,889.46
2025-10-27T23:10:12,3.62,25631,3894.00,3917.00,3904.50,-2.29,93.62,-2.86,889.17
2025-10-27T23:27:00,3.62,25631,3842.00,3915.00,3892.50,-1.98,91.94,-2.80,889.05
2025-10-27T23:43:48,3.62,25631,3919.00,3927.00,3923.00,-2.14,92.04,-2.71,888.83
2025-10-28T00:00:36,3.62,25631,3902.00,3930.00,3917.00,-2.36,92.41,-3.07,888.68
2025-10-28T00:17:23,3.62,25631,3840.00,3916.00,3884.00,-2.50,93.49,-3.15,888.72
2025-10-28T00:34:11,3.62,25631,3867.00,3937.00,3918.00,-2.18,92.25,-2.89,888.67
2025-10-28T00:50:59,3.62,25631,3916.00,3933.00,3928.00,-2.12,92.21,-2.65,888.69
2025-10-28T01:07:47,3.62,25631,3930.00,3937.00,3932.50,-2.02,91.89,-2.50,888.70
2025-10-28T01:24:34,3.62,25631,3921.00,3932.00,3926.00,-1.77,90.36,-2.39,888.55
2025-10-28T01:41:22,3.62,25631,3933.00,3940.00,3936.50,-1.83,91.06,-2.39,888.44
2025-10-28T01:58:10,3.62,25631,3922.00,3947.00,3940.00,-1.63,90.24,-2.26,888.30
2025-10-28T02:14:57,3.62,25631,3930.00,3947.00,3940.00,-1.76,91.09,-2.17,888.11
2025-10-28T02:31:45,3.62,25631,3859.00,3942.00,3900.50,-1.77,90.93,-2.17,888.11
2025-10-28T02:48:32,3.62,25631,3860.00,3946.00,3926.50,-1.84,90.52,-2.20,887.71
2025-10-28T03:05:20,3.62,25631,3864.00,3922.00,3894.50,-1.64,89.15,-2.15,887.43
2025-10-28T03:22:08,3.62,25631,3883.00,3948.00,3943.00,-1.53,90.59,-2.05,887.10
2025-10-28T03:38:56,3.62,25631,3890.00,4987.00,3925.00,-1.63,91.24,-1.99,887.27
2025-10-28T03:55:44,3.62,25631,3858.00,3934.00,3890.00,-1.88,93.71,-2.03,886.94
2025-10-28T04:12:32,3.62,25631,3857.00,4988.00,3903.50,-1.91,91.32,-2.10,886.63
2025-10-28T04:29:19,3.62,25631,3853.00,3934.00,3870.00,-1.93,91.32,-2.13,886.40
2025-10-28T04:46:07,3.62,25631,3862.00,4987.00,3873.50,-2.07,92.18,-2.19,886.01
2025-10-28T05:02:55,3.62,25631,3861.00,4986.00,3877.00,-1.94,90.14,-2.22,885.45
2025-10-28T05:19:43,3.62,25631,3863.00,3881.00,3870.50,-2.02,88.98,-2.30,885.00
2025-10-28T05:36:31,3.62,25631,3868.00,4985.00,3881.50,-2.17,89.20,-2.43,884.36
2025-10-28T05:53:19,3.62,25631,3854.00,3893.00,3871.50,-2.26,89.10,-2.49,884.10
2025-10-28T06:10:06,3.62,25631,3862.00,3888.00,3873.00,-2.25,89.06,-2.48,883.61
2025-10-28T06:26:54,3.62,25631,3853.00,3920.00,3880.00,-2.17,88.41,-2.49,883.54
2025-10-28T06:43:41,3.62,25631,3825.00,3880.00,3868.00,-2.08,87.21,-2.48,883.20
2025-10-28T07:00:29,3.62,25631,3850.00,3887.00,3875.50,-2.08,87.89,-2.40,882.96
2025-10-28T07:17:17,3.62,25631,3866.00,3886.00,3877.50,-2.11,88.28,-2.40,882.57
2025-10-28T07:34:04,3.62,25631,3849.00,3907.00,3877.50,-2.11,88.29,-2.36,882.09
2025-10-28T07:50:52,3.62,25631,3865.00,4987.00,3927.50,-2.09,88.56,-2.24,881.43
2025-10-28T08:07:40,3.62,25631,3857.00,3887.00,3875.50,-2.02,87.12,-2.04,881.46
2025-10-28T08:24:28,3.62,25631,3859.00,3927.00,3875.50,-1.94,86.36,-1.74,880.85
2025-10-28T08:41:16,3.62,25631,3866.00,3895.00,3882.00,-1.91,86.17,-1.45,880.28
2025-10-28T08:58:03,3.62,25631,3861.00,3894.00,3878.50,-1.88,85.70,-1.17,879.87
2025-10-28T09:14:50,3.62,25631,3832.00,3893.00,3878.50,-1.81,85.89,-0.91,879.84
2025-10-28T09:31:38,3.62,25631,3836.00,3891.00,3874.00,-1.71,84.78,-0.67,879.47
2025-10-28T09:48:26,3.62,25631,3836.00,3978.00,3871.00,-1.73,84.74,-0.54,879.18
2025-10-28T10:05:14,3.62,25631,3830.00,3888.00,3877.00,-1.81,85.93,-0.50,878.74
2025-10-28T10:22:02,3.62,25631,3911.00,3933.00,3922.50,-1.97,87.56,-0.49,877.96
2025-10-28T10:38:50,3.62,25631,3840.00,3862.00,3851.50,-2.12,88.10,-0.56,876.87
2025-10-28T10:55:38,3.62,25631,3837.00,3852.00,3844.00,-2.21,88.99,-0.62,876.00
2025-10-28T11:12:26,3.63,25631,3862.00,3884.00,3872.50,-2.18,89.46,-0.67,876.25
2025-10-28T11:29:14,3.62,25631,3890.00,4987.00,4467.00,-2.31,91.46,-1.01,876.42
2025-10-28T11:46:02,3.62,25631,3845.00,4987.00,3910.50,-2.35,91.58,-1.17,875.82
2025-10-28T12:02:49,3.62,25631,3841.00,3960.00,3888.50,-2.48,92.30,-1.14,874.34
2025-10-28T12:19:37,3.62,25631,3828.00,4987.00,4986.00,-2.57,93.15,-1.44,874.02
2025-10-28T12:36:25,3.62,25631,3871.00,3888.00,3877.50,-2.49,93.51,-1.49,873.41
2025-10-28T12:53:13,3.62,25631,3840.00,4987.00,3875.00,-2.50,94.02,-1.57,872.35
2025-10-28T13:10:01,3.62,25631,3836.00,3862.00,3847.50,-2.49,94.15,-1.53,872.02
2025-10-28T13:26:49,3.62,25631,3809.00,3843.00,3827.00,-2.32,94.22,-1.27,871.55
2025-10-28T13:43:37,3.62,25631,2169.00,4987.00,3840.00,-2.24,93.13,-1.25,871.22
2025-10-28T14:00:24,3.62,25631,3770.00,3833.00,3811.50,-2.34,93.83,-1.38,870.81
2025-10-28T14:17:12,3.62,25631,3813.00,3832.00,3827.00,-2.41,93.40,-1.29,870.40
2025-10-28T14:34:00,3.62,25631,3641.00,3806.00,3802.00,-2.53,93.68,-1.25,869.88
2025-10-28T14:50:48,3.62,25631,3793.00,3797.00,3796.00,-2.55,93.45,-1.38,870.00
2025-10-28T15:07:36,3.62,25631,3789.00,3794.00,3792.50,-2.67,93.61,-1.51,869.38
2025-10-28T15:24:24,3.61,25631,3782.00,3787.00,3783.00,-2.56,93.88,-1.61,869.18
2025-10-28T15:41:11,3.62,25631,3773.00,3777.00,3776.00,-2.42,94.14,-1.50,869.05
2025-10-28T15:57:59,3.62,25631,3771.00,3775.00,3774.00,-2.57,93.92,-1.83,869.04
2025-10-28T16:14:46,3.62,25631,3766.00,3770.00,3768.00,-2.46,93.69,-1.61,868.76
2025-10-28T16:31:34,3.62,25631,3759.00,3762.00,3760.00,-2.45,93.50,-1.17,868.39
2025-10-28T16:48:22,3.62,25631,3756.00,3767.00,3759.50,-2.41,92.86,-1.83,868.04
2025-10-28T17:05:10,3.62,25631,3756.00,3761.00,3758.00,-2.55,94.23,-2.21,868.28
2025-10-28T17:21:58,3.62,25631,3755.00,3764.00,3759.00,-2.57,94.41,-2.45,867.74
2025-10-28T17:38:46,3.62,25631,3758.00,3765.00,3760.00,-2.35,94.07,-2.37,867.58
2025-10-28T17:55:33,3.62,25631,2506.00,3757.00,3755.00,-1.86,92.82,-2.32,867.22
2025-10-28T18:12:21,3.62,25631,3751.00,3761.00,3753.50,-1.81,92.17,-1.94,866.79
2025-10-28T18:29:09,3.62,25631,3751.00,3753.00,3751.50,-1.84,93.26,-2.00,866.67
2025-10-28T18:45:57,3.62,25631,3754.00,3761.00,3757.00,-2.05,93.25,-2.01,866.45
2025-10-28T19:02:45,3.62,25631,3757.00,3763.00,3758.50,-1.71,92.40,-1.94,866.41
2025-10-28T19:19:33,3.62,25631,3754.00,3760.00,3757.00,-1.11,88.52,-1.48,865.59
2025-10-28T19:36:21,3.62,25631,3762.00,3767.00,3764.50,-1.11,88.96,-1.41,866.17
2025-10-28T19:53:08,3.62,25631,3757.00,3764.00,3761.50,-1.25,89.40,-1.45,865.52
2025-10-28T20:09:56,3.62,25631,3749.00,3766.00,3761.50,-1.04,88.76,-0.93,865.20
2025-10-28T20:26:44,3.62,25631,3754.00,3764.00,3760.00,-1.01,88.50,-0.95,865.55
2025-10-28T20:43:32,3.62,25631,3763.00,3769.00,3766.00,-1.52,93.05,-1.16,865.68
2025-10-28T21:00:20,3.62,25631,3722.00,3761.00,3745.50,-0.05,87.30,-0.77,865.11
2025-10-28T21:17:06,3.62,25631,3743.00,3772.00,3759.00,-0.42,88.97,-0.62,865.22
2025-10-28T21:33:54,3.62,25631,3750.00,4986.00,3773.00,-0.73,90.50,-0.59,865.33
2025-10-28T21:50:42,3.62,25631,3747.00,3760.00,3752.50,-0.32,90.46,-0.84,865.32
2025-10-28T22:07:30,3.62,25631,3727.00,3773.00,3751.00,-0.73,91.15,-0.77,865.21
2025-10-28T22:24:18,3.62,25631,3764.00,3770.00,3768.00,-0.88,91.06,-0.85,865.32
2025-10-28T22:41:06,3.62,25631,3757.00,3778.00,3770.50,-0.65,90.88,-0.91,865.40
2025-10-28T22:57:53,3.62,25631,3755.00,3761.00,3756.50,-0.90,91.42,-0.85,865.35
2025-10-28T23:14:41,3.62,25631,3750.00,3767.00,3758.00,0.09,90.12,-0.49,865.56
2025-10-28T23:31:29,3.62,25631,2402.00,3766.00,3759.50,-0.53,91.31,-0.62,865.55
2025-10-28T23:48:17,3.62,25631,3746.00,3757.00,3751.00,-0.32,90.68,-0.61,865.57
2025-10-29T00:05:05,3.62,25631,3770.00,4987.00,3775.00,0.10,90.32,-0.31,865.89
2025-10-29T00:21:53,3.62,25631,3750.00,3755.00,3753.00,-0.23,91.20,-0.47,865.68
2025-10-29T00:38:41,3.62,25631,3754.00,3757.00,3754.50,-0.28,91.62,-0.28,865.49
2025-10-29T00:55:29,3.62,25631,3765.00,3800.00,3777.50,-0.42,92.57,-0.28,865.88
2025-10-29T01:12:17,3.62,25631,3756.00,3771.00,3767.50,-0.22,92.78,-0.36,866.23
2025-10-29T01:29:05,3.62,25631,3754.00,4986.00,3764.00,-0.36,93.04,-0.41,866.50
2025-10-29T01:45:52,3.62,25631,3755.00,4988.00,3763.50,-0.19,93.04,-0.34,866.84
2025-10-29T02:02:40,3.62,25631,3756.00,3773.00,3767.50,-0.29,94.21,-0.41,867.33
2025-10-29T02:19:28,3.62,25631,3749.00,3777.00,3764.00,-0.35,94.71,-0.41,867.57
2025-10-29T02:36:15,3.62,25631,3755.00,3784.00,3766.50,-0.29,94.52,-0.46,867.85
2025-10-29T02:53:03,3.62,25631,3756.00,3776.00,3764.00,-0.25,93.94,-0.47,868.22
2025-10-29T03:09:51,3.62,25631,3750.00,3764.00,3759.00,-0.33,94.92,-0.44,868.88
2025-10-29T03:26:39,3.62,25631,4985.00,4987.00,4986.00,-0.17,94.70,-0.38,869.73
2025-10-29T03:43:27,3.62,25631,3739.00,4988.00,4986.00,-0.59,96.37,-0.48,870.24
2025-10-29T04:00:15,3.62,25631,3746.00,3760.00,3752.50,-0.46,95.99,-0.59,870.98
2025-10-29T04:17:03,3.61,25631,3748.00,4987.00,3758.50,-0.62,96.64,-0.61,871.70
2025-10-29T04:33:51,3.62,25631,3744.00,3748.00,3746.00,-0.56,97.26,-0.63,872.35
2025-10-29T04:50:39,3.62,25631,3744.00,3749.00,3747.00,-0.52,97.63,-0.63,873.29
2025-10-29T05:07:27,3.62,25631,3744.00,3748.00,3746.00,-0.33,97.91,-0.54,874.14
2025-10-29T05:24:15,3.62,25631,3745.00,3748.00,3747.50,-0.38,98.02,-0.51,874.68
2025-10-29T05:41:03,3.61,25631,3745.00,3747.00,3746.00,-0.32,98.09,-0.51,875.30
2025-10-29T05:57:51,3.62,25631,3744.00,3749.00,3746.00,-0.23,98.18,-0.53,875.98
2025-10-29T06:14:38,3.62,25631,3748.00,3753.00,3750.00,-0.46,98.10,-0.47,876.67
2025-10-29T06:31:26,3.61,25631,3748.00,3751.00,3749.00,-0.53,98.23,-0.56,877.50
2025-10-29T06:48:14,3.62,25631,3740.00,3757.00,3752.00,-0.29,98.36,-0.49,878.13
2025-10-29T07:05:02,3.62,25631,3751.00,3755.00,3754.00,-0.56,98.32,-0.48,878.75
2025-10-29T07:21:49,3.62,25631,3744.00,3753.00,3748.50,-0.38,98.44,-0.43,879.46
2025-10-29T07:38:37,3.62,25631,3741.00,3754.00,3749.50,-0.22,98.53,-0.25,879.96
2025-10-29T07:55:25,3.61,25631,3760.00,4988.00,3771.00,-0.11,98.55,0.04,880.74
2025-10-29T08:12:13,3.62,25631,3748.00,3755.00,3751.00,0.02,98.63,0.52,881.10
2025-10-29T08:29:00,3.62,25631,3748.00,3754.00,3749.00,0.17,98.62,1.11,881.61
2025-10-29T08:45:48,3.62,25631,3750.00,3755.00,3752.50,0.09,98.61,1.00,882.30
2025-10-29T09:02:36,3.62,25631,3731.00,3759.00,3753.50,0.00,98.60,0.82,882.84
2025-10-29T09:19:24,3.61,25631,3756.00,4988.00,3769.50,0.00,98.67,0.99,883.35
2025-10-29T09:36:12,3.62,25631,3748.00,4987.00,3774.50,0.05,98.70,1.66,883.85
2025-10-29T09:53:00,3.62,25631,3727.00,4986.00,3777.00,0.13,98.73,2.61,884.33
2025-10-29T10:09:48,3.62,25631,3724.00,3754.00,3743.00,0.06,98.76,2.22,884.80
2025-10-29T10:26:36,3.62,25631,3738.00,3760.00,3757.00,0.06,98.75,2.65,885.30
2025-10-29T10:43:24,3.62,25631,3752.00,3770.00,3763.00,0.14,98.72,4.01,885.68
2025-10-29T11:00:13,3.62,25631,3732.00,3763.00,3757.50,0.36,97.98,6.98,886.19
2025-10-29T11:17:01,3.62,25631,3759.00,3789.00,3766.50,0.67,97.00,8.72,886.66
2025-10-29T11:33:49,3.62,25631,3759.00,3782.00,3773.00,0.41,96.63,8.82,886.90
2025-10-29T11:50:38,3.62,25631,3748.00,3783.00,3774.00,0.26,96.52,7.69,887.77
2025-10-29T12:07:26,3.62,25631,3777.00,3788.00,3782.50,0.10,95.92,7.51,887.75
2025-10-29T12:24:15,3.62,25631,3768.00,3777.00,3774.50,-0.05,95.17,5.74,888.46
2025-10-29T12:41:03,3.62,25631,3770.00,3782.00,3779.00,0.11,94.32,5.68,888.81
2025-10-29T12:57:51,3.62,25631,3785.00,3803.00,3797.50,1.00,88.52,9.31,889.29
2025-10-29T13:14:40,3.62,25631,3794.00,3798.00,3795.00,0.81,84.93,8.17,889.61
2025-10-29T13:31:28,3.62,25631,3790.00,3795.00,3792.50,1.50,84.26,8.58,890.11
2025-10-29T13:48:17,3.62,25631,3750.00,3786.00,3778.00,0.37,91.56,6.31,890.30
2025-10-29T14:05:05,3.62,25631,3780.00,3785.00,3781.00,0.40,92.97,5.96,890.64
2025-10-29T14:21:53,3.62,25631,3784.00,3786.00,3784.00,0.40,90.16,6.73,890.70
2025-10-29T14:38:42,3.62,25631,3799.00,3802.00,3801.50,1.65,84.82,10.43,890.83
2025-10-29T14:55:30,3.62,25631,3786.00,3790.00,3787.50,0.50,90.12,7.03,891.02
2025-10-29T15:12:18,3.62,25631,3784.00,3788.00,3786.00,0.44,89.65,5.69,891.31
2025-10-29T15:29:07,3.62,25631,3789.00,3792.00,3790.00,0.34,88.66,4.64,891.62
2025-10-29T15:45:55,3.62,25631,3783.00,3787.00,3784.50,0.23,85.91,3.39,891.80
2025-10-29T16:02:43,3.61,25631,3778.00,3782.00,3779.50,0.41,81.11,2.57,891.75
2025-10-29T16:19:30,3.62,25631,3778.00,3781.00,3779.00,0.13,83.37,1.70,891.86
2025-10-29T16:36:18,3.62,25631,3777.00,3782.00,3779.00,-0.01,83.98,0.59,892.04
2025-10-29T16:53:06,3.62,25631,3773.00,3777.00,3776.00,-0.19,86.60,0.08,892.05
2025-10-29T17:09:54,3.62,25631,3772.00,3776.00,3774.00,-0.23,85.84,-0.29,892.22
2025-10-29T17:26:42,3.62,25631,3775.00,3777.00,3775.50,-0.28,87.52,-0.46,892.27
2025-10-29T17:43:30,3.62,25631,3776.00,3780.00,3778.00,-0.52,88.40,-0.64,892.27
2025-10-29T18:00:18,3.61,25631,3774.00,3776.00,3775.00,-0.11,84.51,-0.59,892.39
2025-10-29T18:17:06,3.62,25631,3781.00,3784.00,3782.00,-0.56,91.30,-0.58,892.47
2025-10-29T18:33:54,3.61,25631,3777.00,3784.00,3780.50,-0.62,92.42,-0.68,892.52
2025-10-29T18:50:42,3.62,25631,3780.00,3783.00,3782.00,-0.55,92.15,-0.65,892.52
2025-10-29T19:07:30,3.62,25631,3779.00,3783.00,3780.50,-0.43,91.45,-0.59,892.50
2025-10-29T19:24:18,3.62,25631,3781.00,3785.00,3782.50,-0.56,93.15,-0.61,892.55
2025-10-29T19:41:05,3.62,25631,3780.00,3785.00,3783.00,-0.63,94.27,-0.66,892.70
2025-10-29T19:57:53,3.61,25631,3783.00,3786.00,3784.50,-0.73,95.65,-0.69,892.75
2025-10-29T20:14:41,3.62,25631,3783.00,3788.00,3786.00,-0.67,96.24,-0.74,892.79
2025-10-29T20:31:29,3.61,25631,3786.00,3789.00,3788.00,-0.56,96.33,-0.70,893.01
2025-10-29T20:48:16,3.62,25631,3787.00,3794.00,3791.00,-0.49,96.13,-0.59,892.87
2025-10-29T21:05:04,3.62,25631,3787.00,3792.00,3788.50,-0.46,96.76,-0.55,892.80
2025-10-29T21:21:52,3.61,25631,3787.00,3792.00,3790.00,-0.46,97.05,-0.54,892.87
2025-10-29T21:38:40,3.61,25631,3786.00,3792.00,3787.00,-0.45,97.31,-0.63,892.95
2025-10-29T21:55:28,3.62,25631,3789.00,3791.00,3790.00,-0.28,97.35,-0.53,892.83
2025-10-29T22:12:16,3.62,25631,3789.00,3793.00,3791.00,-0.12,96.86,-0.36,892.83
2025-10-29T22:29:04,3.62,25631,3788.00,3794.00,3792.50,-0.12,96.85,-0.29,892.93
2025-10-29T22:45:52,3.61,25631,3791.00,3794.00,3793.00,-0.22,97.04,-0.27,892.88
2025-10-29T23:02:38,3.62,25631,3794.00,3796.00,3795.00,-0.14,97.40,-0.26,892.99
2025-10-29T23:19:26,3.62,25631,3790.00,3798.00,3795.00,-0.08,97.54,-0.19,892.89
2025-10-29T23:36:13,3.61,25631,3793.00,3798.00,3796.50,-0.17,97.78,-0.19,892.91
2025-10-29T23:53:01,3.61,25631,3792.00,3797.00,3793.50,-0.12,98.02,-0.18,893.15
2025-10-30T00:09:49,3.62,25631,3789.00,3793.00,3791.50,-0.07,98.21,-0.16,893.09
2025-10-30T00:26:37,3.61,25631,3778.00,3791.00,3787.50,-0.07,98.35,-0.12,892.82
2025-10-30T00:43:25,3.61,25631,3789.00,3796.00,3790.00,-0.12,98.33,-0.19,892.70
2025-10-30T01:00:13,3.62,25631,3785.00,3795.00,3789.00,-0.05,98.39,-0.19,892.85
2025-10-30T01:17:01,3.62,25631,3789.00,3793.00,3790.00,-0.02,98.35,-0.10,892.93
2025-10-30T01:33:49,3.61,25631,3786.00,3789.00,3788.00,0.24,97.31,0.02,892.86
2025-10-30T01:50:37,3.62,25631,3781.00,3787.00,3784.00,0.44,95.32,0.12,892.74
2025-10-30T02:07:25,3.61,25631,3788.00,3792.00,3790.00,0.34,95.80,0.17,892.73
2025-10-30T02:24:13,3.62,25631,3790.00,3795.00,3792.00,0.19,96.53,0.11,892.79
2025-10-30T02:41:01,3.62,25631,3787.00,3797.00,3790.50,0.17,96.95,0.04,892.62
2025-10-30T02:57:49,3.61,25631,3790.00,3794.00,3792.50,0.09,96.90,-0.12,892.54
2025-10-30T03:14:37,3.61,25631,3791.00,3797.00,3793.00,-0.05,96.95,-0.34,892.26
2025-10-30T03:31:25,3.61,25631,3787.00,3797.00,3796.00,-0.18,97.12,-0.57,892.08
2025-10-30T03:48:13,3.61,25631,3792.00,3797.00,3794.00,-0.21,96.78,-0.81,891.95
2025-10-30T04:05:00,3.61,25631,3791.00,3797.00,3793.50,-0.38,96.72,-1.02,891.77
2025-10-30T04:21:48,3.61,25631,3791.00,3795.00,3793.00,-0.43,96.28,-1.17,891.56
2025-10-30T04:38:36,3.62,25631,3791.00,3797.00,3793.00,-0.49,96.14,-1.29,891.34
2025-10-30T04:55:24,3.62,25631,3792.00,3796.00,3794.00,-0.60,96.32,-1.33,891.15
2025-10-30T05:12:12,3.62,25631,3790.00,3795.00,3791.00,-0.65,95.62,-1.48,890.98
2025-10-30T05:29:00,3.61,25631,3791.00,3795.00,3792.50,-0.65,96.07,-1.53,890.89
2025-10-30T05:45:48,3.61,25631,3793.00,3796.00,3795.00,-0.19,95.31,-1.24,890.62
2025-10-30T06:02:36,3.62,25631,3793.00,3796.00,3794.00,-0.35,95.38,-1.25,890.33
2025-10-30T06:19:23,3.62,25631,3795.00,3799.00,3797.00,-0.69,96.05,-1.42,890.40
2025-10-30T06:36:11,3.61,25631,3795.00,3799.00,3796.00,-0.39,96.83,-1.11,890.28
2025-10-30T06:52:57,3.62,25631,3797.00,3802.00,3799.00,-0.01,94.81,-0.75,890.18
2025-10-30T07:09:45,3.62,25631,3795.00,3800.00,3798.50,-0.07,95.08,-0.64,890.10
2025-10-30T07:26:33,3.61,25631,3803.00,3805.00,3804.00,0.13,93.85,-0.49,889.89
2025-10-30T07:43:21,3.61,25631,3802.00,3806.00,3804.00,0.06,93.65,-0.22,889.73
2025-10-30T08:00:09,3.61,25631,3799.00,3803.00,3801.50,0.07,92.99,-0.06,889.58
2025-10-30T08:16:57,3.62,25631,3802.00,3807.00,3804.00,0.30,91.43,0.48,889.56
2025-10-30T08:33:45,3.60,25631,3804.00,3808.00,3806.00,0.64,90.99,1.00,889.55
2025-10-30T08:50:33,3.61,25631,3808.00,3811.00,3809.00,0.68,90.64,1.35,889.26
2025-10-30T09:07:21,3.62,25631,3807.00,3811.00,3809.00,0.85,89.02,1.80,889.25
2025-10-30T09:24:09,3.61,25631,3810.00,3815.00,3813.00,1.70,85.27,3.57,889.35
2025-10-30T09:40:57,3.62,25631,3819.00,3823.00,3821.00,2.40,81.35,6.17,889.09
2025-10-30T09:57:45,3.61,25631,3824.00,3830.00,3826.00,1.72,84.91,5.45,888.93
2025-10-30T10:14:34,3.62,25631,3839.00,3842.00,3841.00,3.05,82.68,7.38,889.05
2025-10-30T10:31:22,3.61,25631,3842.00,3847.00,3843.50,2.43,80.17,8.89,888.49
2025-10-30T10:48:10,3.62,25631,3848.00,3854.00,3850.50,3.11,80.13,9.23,888.34
2025-10-30T11:04:59,3.62,25631,3854.00,3856.00,3855.00,3.12,79.80,9.65,887.85
2025-10-30T11:21:47,3.62,25631,3851.00,3854.00,3852.50,3.51,79.18,10.39,887.82
2025-10-30T11:38:36,3.61,25631,3870.00,3873.00,3871.00,5.01,66.23,12.96,887.49
2025-10-30T11:55:25,3.61,25631,3880.00,3883.00,3881.50,5.29,68.35,15.38,887.12
2025-10-30T12:12:14,3.61,25631,3875.00,3883.00,3880.00,4.60,69.08,14.82,886.26
2025-10-30T12:29:02,3.61,25631,3849.00,3855.00,3852.00,3.66,77.75,12.41,886.66
2025-10-30T12:45:51,3.61,25631,3843.00,3848.00,3845.00,3.61,76.16,11.14,886.30
2025-10-30T13:02:40,3.61,25631,3864.00,3869.00,3866.50,5.66,64.10,13.03,886.12
2025-10-30T13:19:28,3.62,25631,3872.00,3877.00,3874.00,5.67,71.07,13.02,885.44
2025-10-30T13:36:17,3.61,25631,3844.00,3849.00,3846.50,3.78,68.00,12.18,884.96
2025-10-30T13:53:06,3.61,25631,3847.00,3850.00,3848.00,5.75,61.80,11.44,884.78
2025-10-30T14:09:54,3.61,25631,3849.00,3854.00,3851.00,6.18,59.55,11.96,884.49
2025-10-30T14:26:43,3.61,25631,3860.00,3863.00,3861.50,8.15,56.14,14.68,884.06
2025-10-30T14:43:30,3.61,25631,3851.00,3856.00,3853.00,6.49,55.82,13.61,883.59
2025-10-30T15:00:18,3.61,25631,3831.00,3835.00,3833.50,4.53,66.78,10.04,883.39
2025-10-30T15:17:07,3.61,25631,3836.00,3840.00,3838.00,5.77,62.50,8.37,883.09
2025-10-30T15:33:55,3.62,25631,3827.00,3832.00,3829.00,4.50,54.17,7.16,882.91
2025-10-30T15:50:45,3.62,25631,3828.00,3833.00,3830.50,3.51,62.08,5.93,882.50
2025-10-30T16:07:33,3.61,25631,3822.00,3825.00,3824.00,2.68,66.97,4.51,881.92
2025-10-30T16:24:21,3.62,25631,3806.00,3811.00,3809.00,3.20,61.57,3.36,881.77
2025-10-30T16:41:09,3.61,25631,3813.00,3819.00,3815.50,2.88,64.66,2.88,881.33
2025-10-30T16:57:57,3.62,25631,3809.00,3814.00,3811.50,2.62,63.58,2.08,881.19
2025-10-30T17:14:45,3.62,25631,3806.00,3809.00,3808.00,2.60,61.29,1.58,880.83
2025-10-30T17:31:33,3.61,25631,3802.00,3808.00,3804.00,2.46,59.04,1.36,880.52
2025-10-30T17:48:21,3.61,25631,3811.00,3815.00,3813.00,2.67,62.52,1.29,880.18
2025-10-30T18:05:09,3.62,25631,3805.00,3809.00,3806.00,2.10,64.10,1.17,879.65
2025-10-30T18:21:57,3.61,25631,3808.00,3811.00,3809.00,2.62,61.36,1.29,879.30
2025-10-30T18:38:45,3.61,25631,3814.00,3818.00,3816.00,2.29,66.40,1.22,878.79
2025-10-30T18:55:33,3.61,25631,3799.00,3804.00,3801.50,2.27,64.96,1.18,878.19
2025-10-30T19:12:22,3.61,25631,3793.00,3812.00,3809.00,3.34,60.37,1.83,877.75
2025-10-30T19:29:10,3.61,25631,3807.00,3812.00,3809.00,4.06,58.63,2.56,877.23
2025-10-30T19:45:58,3.61,25631,3813.00,3817.00,3814.00,3.26,63.00,2.56,876.91
2025-10-30T20:02:46,3.61,25631,3810.00,3816.00,3812.00,3.03,64.50,2.12,876.47
2025-10-30T20:19:32,3.62,25631,3814.00,3818.00,3816.00,3.12,66.90,2.09,876.00
2025-10-30T20:36:20,3.61,25631,3809.00,3814.00,3812.00,3.32,64.08,2.21,875.76
2025-10-30T20:53:08,3.62,25631,3810.00,3817.00,3814.50,3.60,61.12,2.40,875.57
2025-10-30T21:09:56,3.61,25631,3814.00,3816.00,3815.00,3.67,63.86,2.60,875.15
2025-10-30T21:26:44,3.61,25631,3806.00,3811.00,3809.00,3.60,61.92,2.63,874.80
2025-10-30T21:43:32,3.62,25631,3810.00,3815.00,3813.50,3.87,62.17,2.82,874.38
2025-10-30T22:00:20,3.62,25631,3818.00,3822.00,3820.00,3.74,64.76,2.86,873.61
2025-10-30T22:17:08,3.60,25631,3807.00,3812.00,3811.00,3.78,62.87,2.71,873.05
2025-10-30T22:33:55,3.61,25631,3816.00,3819.00,3817.00,4.19,61.14,3.02,872.36
2025-10-30T22:50:44,3.61,25631,3776.00,3823.00,3812.00,4.89,56.45,3.42,871.73
2025-10-30T23:07:32,3.61,25631,3812.00,3818.00,3816.00,4.71,56.23,3.77,871.58
2025-10-30T23:24:20,3.60,25631,3815.00,3820.00,3818.00,4.44,57.08,3.83,871.32
2025-10-30T23:41:08,3.61,25631,3815.00,3871.00,3821.50,4.26,61.46,3.87,870.51
2025-10-30T23:57:56,3.61,25631,3813.00,3820.00,3817.00,3.12,74.04,3.04,870.45
2025-10-31T00:14:44,3.61,25631,3805.00,3824.00,3816.00,1.36,87.55,1.72,870.47
2025-10-31T00:31:32,3.61,25631,3815.00,3818.00,3816.50,1.05,90.82,1.10,870.21
2025-10-31T00:48:20,3.61,25631,3791.00,3832.00,3815.00,0.51,94.73,0.71,870.00
2025-10-31T01:05:08,3.61,25631,3829.00,3833.00,3831.00,0.17,95.72,0.37,869.42
2025-10-31T01:21:56,3.61,25631,3789.00,3812.00,3798.00,0.13,96.33,0.22,868.72
2025-10-31T01:38:44,3.61,25631,3780.00,3789.00,3784.50,0.10,96.65,0.14,868.36
2025-10-31T01:55:31,3.62,25631,3783.00,3787.00,3785.00,0.14,96.83,0.16,868.20
2025-10-31T02:12:19,3.61,25631,3773.00,3779.00,3776.50,0.13,96.95,0.14,868.08
2025-10-31T02:29:07,3.61,25631,3771.00,3774.00,3771.50,0.13,97.09,0.13,867.81
2025-10-31T02:45:55,3.61,25631,497.00,500.00,498.00,0.21,97.27,0.13,867.22
2025-10-31T03:02:43,3.61,25631,3767.00,3773.00,3769.50,0.21,97.32,0.15,866.56
2025-10-31T03:19:31,3.61,25631,3758.00,3761.00,3760.50,0.21,97.40,0.14,866.26
2025-10-31T03:36:19,3.61,25631,3773.00,3780.00,3776.50,0.27,97.48,0.15,865.55
2025-10-31T03:53:07,3.61,25631,3756.00,3762.00,3758.50,0.36,97.54,0.16,865.10
2025-10-31T04:09:55,3.62,25631,3758.00,3762.00,3760.50,0.29,97.48,0.15,864.61
2025-10-31T04:26:43,3.61,25631,3751.00,3762.00,3754.00,0.34,97.46,0.14,864.34
2025-10-31T04:43:31,3.61,25631,3762.00,3768.00,3765.50,0.21,97.44,0.13,863.96
2025-10-31T05:00:19,3.61,25631,3754.00,3758.00,3757.00,0.33,97.43,0.13,863.63
2025-10-31T05:17:07,3.62,25631,3761.00,3765.00,3764.00,0.37,97.37,0.15,863.50
2025-10-31T05:33:55,3.61,25631,3747.00,3759.00,3755.00,0.30,97.33,0.14,863.30
2025-10-31T05:50:43,3.61,25631,3757.00,3767.00,3760.50,0.09,97.46,0.11,863.01
2025-10-31T06:07:31,3.61,25631,3754.00,3760.00,3758.00,0.07,97.70,0.07,862.69
2025-10-31T06:24:18,3.61,25631,3732.00,3740.00,3735.50,0.06,97.89,0.06,862.44
2025-10-31T06:41:05,3.61,25631,497.00,500.00,499.00,0.05,97.95,0.05,862.41
2025-10-31T06:57:53,3.60,25631,3703.00,3713.00,3706.50,0.17,98.13,0.07,862.00
2025-10-31T07:14:41,3.61,25631,3718.00,3724.00,3721.50,0.27,98.19,0.11,861.91
2025-10-31T07:31:29,3.60,25631,3723.00,3738.00,3729.00,0.21,98.12,0.12,861.63
2025-10-31T07:48:17,3.60,25631,3722.00,3733.00,3726.50,0.20,98.03,0.14,861.52
2025-10-31T08:05:05,3.61,25631,3724.00,3730.00,3728.00,0.14,98.10,0.20,861.55
2025-10-31T08:21:53,3.61,25631,3717.00,3724.00,3721.00,0.38,98.20,0.34,861.22
2025-10-31T08:38:41,3.62,25631,3736.00,3745.00,3741.00,0.36,97.98,0.40,861.49
2025-10-31T08:55:29,3.61,25631,3724.00,3735.00,3729.00,0.10,98.03,0.65,861.73
2025-10-31T09:12:17,3.61,25631,3721.00,3730.00,3724.00,0.14,98.16,0.87,861.90
2025-10-31T09:29:05,3.60,25631,3712.00,4986.00,3718.00,0.26,98.21,0.78,862.14
2025-10-31T09:45:53,3.61,25631,497.00,500.00,499.00,0.30,98.26,0.89,861.94
2025-10-31T10:02:41,3.61,25631,3717.00,3732.00,3721.00,0.64,98.38,1.14,862.01
2025-10-31T10:19:29,3.60,25631,3724.00,3733.00,3728.00,0.86,98.28,1.41,862.79
2025-10-31T10:36:17,3.61,25631,3714.00,3758.00,3729.50,0.86,98.41,1.00,863.32
2025-10-31T10:53:05,3.62,25631,3734.00,3741.00,3736.50,1.02,98.18,2.28,863.10
2025-10-31T11:09:54,3.61,25631,3748.00,3762.00,3756.50,1.86,95.99,6.94,862.28
2025-10-31T11:26:42,3.60,25631,3736.00,3758.00,3750.50,1.24,97.27,5.20,862.90
2025-10-31T11:43:30,3.60,25631,3755.00,3763.00,3758.00,1.62,96.37,6.45,862.92
2025-10-31T12:00:19,3.61,25631,3757.00,3764.00,3761.50,1.58,95.78,6.43,863.18
2025-10-31T12:17:07,3.61,25631,3751.00,3758.00,3754.50,1.32,96.92,4.48,863.37
2025-10-31T12:33:55,3.61,25631,3734.00,3758.00,3749.00,1.17,97.54,3.19,863.38
2025-10-31T12:50:43,3.61,25631,3708.00,3753.00,3748.50,0.88,97.92,2.35,863.36
2025-10-31T13:07:31,3.60,25631,3723.00,3769.00,3744.50,0.84,98.15,2.03,863.98
2025-10-31T13:24:19,3.61,25631,3731.00,3769.00,3745.50,0.91,98.37,3.02,864.01
2025-10-31T13:41:08,3.61,25631,3724.00,3778.00,3746.50,0.97,98.33,3.82,863.74
2025-10-31T13:57:56,3.61,25631,3726.00,3769.00,3737.00,1.12,98.23,3.61,863.85
2025-10-31T14:14:43,3.62,25631,3718.00,3752.00,3736.50,1.13,98.24,3.73,864.08
2025-10-31T14:31:31,3.61,25631,3713.00,3779.00,3734.50,0.95,98.31,2.64,864.06
2025-10-31T14:48:19,3.60,25631,3730.00,3766.00,3754.00,1.02,98.31,2.51,864.37
2025-10-31T15:05:07,3.61,25631,3763.00,3774.00,3769.00,0.97,98.33,2.36,864.69
2025-10-31T15:21:54,3.61,25631,3723.00,3768.00,3761.00,1.02,98.42,2.09,864.60
2025-10-31T15:38:42,3.61,25631,3732.00,3774.00,3765.00,1.10,98.49,2.10,864.67
2025-10-31T15:55:30,3.61,25631,3754.00,3778.00,3762.50,1.23,97.71,1.88,864.90
2025-10-31T16:12:18,3.60,25631,3732.00,3776.00,3770.50,1.12,98.23,1.74,865.05
2025-10-31T16:29:06,3.61,25631,3761.00,3781.00,3769.00,1.32,98.33,1.62,865.30
2025-10-31T16:45:54,3.61,25631,3761.00,3778.00,3769.50,1.34,96.97,1.43,865.29
2025-10-31T17:02:42,3.61,25631,3768.00,3775.00,3771.00,1.06,98.08,1.21,865.36
2025-10-31T17:19:30,3.61,25631,3768.00,3777.00,3773.00,1.02,98.36,1.02,865.61
2025-10-31T17:36:18,3.60,25631,3756.00,3773.00,3769.00,0.92,98.51,0.88,865.67
2025-10-31T17:53:06,3.61,25631,3760.00,3766.00,3762.00,0.85,98.61,0.82,865.85
2025-10-31T18:09:54,3.61,25631,3761.00,3766.00,3764.00,0.81,98.67,0.77,865.88
2025-10-31T18:26:42,3.61,25631,3761.00,3767.00,3765.00,0.69,98.73,0.65,866.13
2025-10-31T18:43:30,3.60,25631,3751.00,3761.00,3755.00,0.56,98.79,0.47,866.13
2025-10-31T19:00:18,3.61,25631,3750.00,3757.00,3754.00,0.38,98.80,0.39,866.15
2025-10-31T19:17:06,3.61,25631,3751.00,3758.00,3754.00,0.20,98.79,0.25,866.17
2025-10-31T19:33:54,3.61,25631,3745.00,3755.00,3749.50,0.29,98.91,0.24,866.22
2025-10-31T19:50:42,3.61,25631,3719.00,3766.00,3745.00,0.29,98.93,0.26,866.19
2025-10-31T20:07:30,3.61,25631,3727.00,3749.00,3743.50,0.21,98.98,0.23,866.23
2025-10-31T20:24:18,3.61,25631,3731.00,3780.00,3740.50,0.19,98.95,0.20,866.46
2025-10-31T20:41:06,3.61,25631,3734.00,3799.00,3779.00,0.07,98.99,0.11,866.57
2025-10-31T20:57:53,3.61,25631,3739.00,4987.00,3756.00,0.02,99.01,0.10,866.67
2025-10-31T21:14:41,3.60,25631,3784.00,3862.00,3817.00,-0.12,99.04,0.02,867.03
2025-10-31T21:31:28,3.60,25631,3765.00,3789.00,3772.50,-0.39,99.06,-0.10,867.28
2025-10-31T21:48:16,3.60,25631,3767.00,3778.00,3771.50,-0.39,99.08,-0.17,867.39
2025-10-31T22:05:04,3.61,25631,3770.00,3777.00,3774.00,-0.18,99.12,-0.19,867.46
2025-10-31T22:21:52,3.61,25631,3771.00,4987.00,3781.50,-0.19,99.13,-0.16,867.63
2025-10-31T22:38:40,3.61,25631,3763.00,3774.00,3769.50,-0.18,99.12,-0.12,867.69
2025-10-31T22:55:28,3.61,25631,3764.00,3769.00,3766.00,-0.25,99.06,-0.17,867.72
2025-10-31T23:12:15,3.61,25631,3766.00,3778.00,3770.00,-0.26,99.05,-0.16,867.71
2025-10-31T23:29:03,3.61,25631,3767.00,3783.00,3774.00,-0.38,99.04,-0.21,867.90
2025-10-31T23:45:51,3.61,25631,3751.00,3760.00,3756.50,-0.40,99.10,-0.26,868.27
2025-11-01T00:02:39,3.61,25631,3739.00,4987.00,3764.50,-0.60,99.06,-0.40,868.36
2025-11-01T00:19:27,3.61,25631,3752.00,4988.00,3782.00,-0.65,99.08,-0.50,868.46
2025-11-01T00:36:15,3.61,25631,3763.00,4987.00,3785.00,-0.73,99.03,-0.64,868.58
2025-11-01T00:53:02,3.61,25631,3763.00,4989.00,4986.50,-0.67,99.01,-0.63,868.71
2025-11-01T01:09:50,3.61,25631,3768.00,3793.00,3774.50,-0.74,99.00,-0.61,868.64
2025-11-01T01:26:37,3.61,25631,3767.00,3776.00,3772.50,-0.84,98.94,-0.69,868.84
2025-11-01T01:43:25,3.60,25631,3758.00,3766.00,3762.00,-0.83,99.01,-0.74,868.95
2025-11-01T02:00:13,3.61,25631,3763.00,3767.00,3766.50,-0.84,98.99,-0.74,869.02
2025-11-01T02:17:01,3.61,25631,3760.00,3765.00,3763.00,-0.88,98.95,-0.78,868.98
2025-11-01T02:33:49,3.60,25631,3742.00,3767.00,3758.50,-0.88,98.97,-0.82,868.97
2025-11-01T02:50:37,3.60,25631,3758.00,3767.00,3760.50,-0.95,98.99,-0.85,868.99
2025-11-01T03:07:25,3.61,25631,3757.00,3763.00,3758.50,-0.97,98.96,-0.88,869.18
2025-11-01T03:24:12,3.61,25631,3757.00,3768.00,3762.50,-1.04,98.93,-0.92,868.93
2025-11-01T03:41:00,3.60,25631,3693.00,4988.00,3766.00,-1.05,98.94,-0.95,868.98
2025-11-01T03:57:48,3.61,25631,4985.00,4987.00,4986.00,-1.09,98.87,-0.98,869.06
2025-11-01T04:14:36,3.60,25631,3744.00,3769.00,3756.00,-1.15,98.88,-1.04,869.10
2025-11-01T04:31:24,3.61,25631,3721.00,3760.00,3753.50,-1.15,98.87,-1.07,869.15
2025-11-01T04:48:12,3.61,25631,4985.00,4987.00,4986.00,-1.24,98.81,-1.09,869.19
2025-11-01T05:05:00,3.60,25631,3754.00,3759.00,3757.00,-1.39,98.76,-1.20,869.30
2025-11-01T05:21:48,3.60,25631,3756.00,3762.00,3758.00,-1.59,98.67,-1.39,869.36
2025-11-01T05:38:35,3.60,25631,3741.00,4986.00,3759.50,-1.49,98.66,-1.46,869.50
2025-11-01T05:55:23,3.60,25631,3756.00,3762.00,3759.50,-1.49,98.59,-1.46,869.34
2025-11-01T06:12:11,3.60,25631,3759.00,3763.00,3760.50,-1.46,98.59,-1.44,869.52
2025-11-01T06:28:59,3.60,25631,3742.00,3777.00,3749.50,-1.63,98.53,-1.48,869.73
2025-11-01T06:45:47,3.60,25631,3752.00,3762.00,3758.50,-1.90,98.51,-1.66,869.68
2025-11-01T07:02:34,3.60,25631,3757.00,3771.00,3764.00,-1.69,98.48,-1.68,869.63
2025-11-01T07:19:22,3.60,25631,3742.00,3784.00,3766.50,-1.94,98.43,-1.78,869.62
2025-11-01T07:36:09,3.60,25631,3748.00,3767.00,3751.50,-2.19,98.18,-1.95,869.65
2025-11-01T07:52:57,3.61,25631,3753.00,3761.00,3757.50,-2.01,98.37,-1.95,869.79
2025-11-01T08:09:45,3.60,25631,3752.00,3763.00,3758.00,-2.07,98.25,-1.66,869.65
2025-11-01T08:26:33,3.60,25631,3747.00,3759.00,3754.50,-2.08,98.19,-1.50,869.69
2025-11-01T08:43:21,3.60,25631,3752.00,3765.00,3761.00,-1.81,98.11,-0.69,869.69
2025-11-01T09:00:09,3.60,25631,3761.00,3806.00,3774.00,-1.56,98.26,0.11,870.05
2025-11-01T09:16:57,3.61,25631,3761.00,3772.00,3766.00,-1.28,98.07,1.50,869.81
2025-11-01T09:33:45,3.60,25631,3765.00,3771.00,3769.50,-1.60,98.08,0.26,869.98
2025-11-01T09:50:32,3.61,25631,3714.00,3736.00,3726.50,-1.59,98.14,0.28,869.93
2025-11-01T10:07:20,3.60,25631,3704.00,3735.00,3725.50,-1.48,98.26,0.40,870.00
2025-11-01T10:24:07,3.60,25631,3726.00,3744.00,3735.50,-1.41,98.04,1.11,870.05
2025-11-01T10:40:55,3.60,25631,3699.00,3753.00,3728.50,-1.67,97.94,0.63,870.06
2025-11-01T10:57:43,3.61,25631,3702.00,4987.00,3707.50,-1.81,97.97,0.01,870.00
2025-11-01T11:14:31,3.61,25631,3656.00,3695.00,3662.00,-1.84,98.17,-0.35,870.21
2025-11-01T11:31:19,3.60,25631,3708.00,3722.00,3714.00,-1.62,97.97,0.97,870.34
2025-11-01T11:48:07,3.60,25631,3703.00,3727.00,3712.50,-1.30,97.72,2.26,870.41
2025-11-01T12:04:55,3.60,25631,3683.00,3712.00,3700.00,-1.58,97.72,1.22,870.24
2025-11-01T12:21:43,3.60,25631,3692.00,3736.00,3721.00,-1.84,97.81,0.24,870.32
2025-11-01T12:38:31,3.61,25631,3726.00,3744.00,3735.50,-1.74,97.86,0.25,870.34
2025-11-01T12:55:19,3.60,25631,4985.00,4987.00,4986.00,-1.67,97.74,0.49,870.32
2025-11-01T13:12:07,3.60,25631,3669.00,3686.00,3677.50,-1.71,97.74,0.36,870.31
2025-11-01T13:28:55,3.60,25631,3672.00,3691.00,3682.00,-1.67,97.73,0.51,870.41
2025-11-01T13:45:43,3.61,25631,3688.00,3697.00,3694.00,-1.71,97.80,0.25,870.62
2025-11-01T14:02:31,3.60,25631,3682.00,3703.00,3693.50,-1.73,97.84,0.02,871.00
2025-11-01T14:19:19,3.60,25631,4986.00,4988.00,4987.00,-1.24,97.54,1.10,870.89
2025-11-01T14:36:07,3.60,25631,3693.00,3702.00,3698.00,-1.09,97.13,2.32,870.96
2025-11-01T14:52:55,3.60,25631,3696.00,3707.00,3702.00,-1.05,96.32,2.73,870.98
2025-11-01T15:09:43,3.61,25631,3687.00,3700.00,3691.00,-1.70,95.42,1.86,870.88
2025-11-01T15:26:31,3.60,25631,3685.00,3699.00,3695.50,-2.01,96.76,0.41,871.16
2025-11-01T15:43:19,3.60,25631,3688.00,3702.00,3692.00,-2.01,97.51,-0.34,871.20
2025-11-01T16:00:06,3.61,25631,3696.00,3707.00,3703.00,-1.87,97.20,-0.27,871.31
2025-11-01T16:16:54,3.60,25631,3663.00,3678.00,3669.00,-2.08,96.67,-0.98,871.43
2025-11-01T16:33:42,3.60,25631,3684.00,3689.00,3686.50,-2.11,97.90,-1.44,871.79
2025-11-01T16:50:30,3.60,25631,3634.00,4989.00,3638.00,-2.21,98.04,-1.76,871.88
2025-11-01T17:07:17,3.60,25631,3648.00,3663.00,3655.50,-2.19,98.16,-1.95,872.00
2025-11-01T17:24:05,3.61,25631,3603.00,3620.00,3616.50,-2.24,98.13,-2.06,872.01
2025-11-01T17:40:53,3.60,25631,3607.00,3620.00,3614.50,-2.25,98.26,-2.16,872.22
2025-11-01T17:57:41,3.60,25631,3637.00,3692.00,3645.00,-2.38,98.29,-2.23,872.29
2025-11-01T18:14:29,3.60,25631,3631.00,3639.00,3634.00,-2.39,98.39,-2.31,872.34
2025-11-01T18:31:16,3.60,25631,3622.00,3632.00,3625.00,-2.41,98.35,-2.33,872.42
2025-11-01T18:48:04,3.60,25631,3607.00,3631.00,3620.50,-2.48,98.34,-2.38,872.46
2025-11-01T19:04:52,3.60,25631,3595.00,3619.00,3612.00,-2.39,98.43,-2.41,872.57
2025-11-01T19:21:40,3.60,25631,3595.00,3616.00,3601.00,-2.39,98.34,-2.37,872.82
2025-11-01T19:38:28,3.60,25631,3598.00,3615.00,3605.50,-2.45,98.35,-2.39,872.97
2025-11-01T19:55:15,3.60,25631,3598.00,3615.00,3609.00,-2.38,98.34,-2.41,873.13
2025-11-01T20:12:03,3.60,25631,3603.00,3617.00,3610.50,-2.36,98.33,-2.38,873.31
2025-11-01T20:28:50,3.61,25631,3599.00,3617.00,3609.50,-2.41,98.35,-2.35,873.45
2025-11-01T20:45:38,3.60,25631,3620.00,3660.00,3651.50,-2.44,98.29,-2.37,873.75
2025-11-01T21:02:26,3.60,25631,3603.00,3615.00,3611.50,-2.41,98.10,-2.39,874.00
2025-11-01T21:19:13,3.60,25631,3602.00,3609.00,3605.00,-2.63,97.81,-2.52,874.21
2025-11-01T21:36:01,3.60,25631,3599.00,3608.00,3604.00,-2.72,97.13,-2.78,874.42
2025-11-01T21:52:49,3.60,25631,3580.00,3665.00,3657.00,-2.60,97.96,-2.71,874.69
2025-11-01T22:09:37,3.60,25631,3650.00,3675.00,3658.00,-2.53,98.19,-2.68,874.94
2025-11-01T22:26:24,3.60,25631,3598.00,3605.00,3601.50,-2.59,98.18,-2.60,875.05
2025-11-01T22:43:11,3.60,25631,3582.00,3602.00,3595.50,-2.73,98.08,-2.65,875.15
2025-11-01T22:59:59,3.60,25631,3593.00,3601.00,3600.00,-3.01,97.49,-2.93,875.30
2025-11-01T23:16:47,3.60,25631,3581.00,3602.00,3594.00,-3.09,97.89,-3.16,875.62
2025-11-01T23:33:34,3.60,25631,3593.00,3602.00,3598.00,-2.91,98.07,-3.06,875.68
2025-11-01T23:50:22,3.60,25631,3595.00,3610.00,3599.00,-2.80,98.14,-2.93,875.91
2025-11-02T00:07:10,3.60,25631,3587.00,3601.00,3597.50,-2.80,97.99,-2.87,876.03
2025-11-02T00:23:57,3.60,25631,3575.00,3614.00,3603.50,-2.90,97.81,-2.91,876.01
2025-11-02T00:40:45,3.60,25631,3605.00,3712.00,3652.50,-2.83,98.08,-2.93,876.25
2025-11-02T00:57:33,3.60,25631,3599.00,3619.00,3602.50,-2.81,98.13,-2.83,876.53
2025-11-02T01:14:21,3.60,25631,3588.00,3610.00,3597.50,-2.80,98.02,-2.81,876.68
2025-11-02T01:31:08,3.60,25631,3660.00,4989.00,4987.00,-2.73,98.03,-2.79,876.73
2025-11-02T01:47:56,3.60,25631,3629.00,3641.00,3632.50,-2.80,97.98,-2.75,876.69
2025-11-02T02:04:43,3.60,25631,3623.00,3636.00,3630.50,-3.03,97.92,-2.91,877.12
2025-11-02T02:21:31,3.60,25631,3623.00,3629.00,3627.00,-3.22,97.73,-3.17,877.25
2025-11-02T02:38:18,3.60,25631,3619.00,3631.00,3622.50,-3.29,97.39,-3.39,877.38
2025-11-02T02:55:06,3.60,25631,3618.00,3628.00,3622.50,-3.25,96.99,-3.50,877.62
2025-11-02T03:11:54,3.60,25631,3613.00,3623.00,3618.00,-3.12,97.14,-3.42,877.84
2025-11-02T03:28:42,3.60,25631,3617.00,3628.00,3622.50,-3.05,97.30,-3.26,877.88
2025-11-02T03:45:29,3.60,25631,3615.00,3621.00,3618.50,-3.14,96.51,-3.31,877.81
2025-11-02T04:02:17,3.60,25631,3616.00,3625.00,3623.00,-3.28,96.71,-3.52,877.95
2025-11-02T04:19:05,3.60,25631,3616.00,3622.00,3619.50,-3.14,97.16,-3.47,878.01
2025-11-02T04:35:53,3.60,25631,3618.00,3624.00,3620.00,-3.04,96.82,-3.33,878.11
2025-11-02T04:52:40,3.60,25631,3617.00,3625.00,3621.00,-3.09,96.53,-3.27,878.05
2025-11-02T05:09:28,3.60,25631,3616.00,3627.00,3619.50,-3.08,96.25,-3.38,878.18
2025-11-02T05:26:16,3.60,25631,3620.00,3626.00,3624.00,-3.11,97.58,-3.35,878.21
2025-11-02T05:43:03,3.60,25631,3623.00,3628.00,3624.50,-3.01,98.04,-3.16,878.23
2025-11-02T05:59:51,3.60,25631,3618.00,3628.00,3624.00,-2.94,98.14,-3.04,878.25
2025-11-02T06:16:39,3.60,25631,3622.00,3627.00,3624.00,-2.90,98.18,-2.97,878.25
2025-11-02T06:33:26,3.60,25631,3598.00,3619.00,3610.50,-2.91,98.22,-2.90,878.31
2025-11-02T06:50:13,3.60,25631,3592.00,3604.00,3596.00,-2.94,98.21,-2.91,878.34
2025-11-02T07:07:01,3.60,25631,3571.00,3591.00,3582.00,-2.93,98.17,-2.93,878.43
2025-11-02T07:23:49,3.60,25631,3585.00,3591.00,3588.00,-2.93,98.14,-2.93,878.66
2025-11-02T07:40:37,3.60,25631,3579.00,3590.00,3587.50,-2.90,98.11,-2.90,878.88
2025-11-02T07:57:24,3.60,25631,3568.00,3576.00,3572.50,-2.88,98.10,-2.80,879.21
2025-11-02T08:14:12,3.60,25631,3573.00,3582.00,3577.50,-2.84,98.10,-2.67,879.63
2025-11-02T08:31:00,3.60,25631,3571.00,3580.00,3577.50,-2.77,98.07,-2.45,880.02
2025-11-02T08:47:48,3.61,25631,3562.00,3588.00,3567.50,-2.70,97.97,-2.02,880.24
2025-11-02T09:04:36,3.60,25631,3581.00,4988.00,4987.00,-2.42,97.80,-0.92,880.57
2025-11-02T09:21:23,3.60,25631,3565.00,3579.00,3571.50,-2.12,97.50,0.36,880.92
2025-11-02T09:38:11,3.60,25631,3567.00,3577.00,3572.00,-1.49,96.49,2.80,881.18
2025-11-02T09:55:00,3.60,25631,3572.00,3583.00,3576.50,-1.11,95.77,4.11,881.34
2025-11-02T10:11:48,3.60,25631,3567.00,3577.00,3572.00,-1.30,92.91,4.17,881.14
2025-11-02T10:28:36,3.60,25631,3563.00,3571.00,3568.00,-1.80,94.90,2.93,881.77
2025-11-02T10:45:24,3.60,25631,3571.00,3576.00,3574.50,-1.09,93.15,4.67,881.71
2025-11-02T11:02:11,3.59,25631,3572.00,3576.00,3573.50,-1.55,94.59,3.46,881.77
2025-11-02T11:18:59,3.60,25631,3569.00,3576.00,3573.00,-1.66,95.15,2.66,881.98
2025-11-02T11:35:47,3.60,25631,3572.00,3579.00,3575.50,-1.43,95.18,3.22,882.07
2025-11-02T11:52:35,3.61,25631,3576.00,4988.00,4298.50,-1.27,95.07,4.23,882.31
2025-11-02T12:09:24,3.60,25631,3590.00,4987.00,3598.50,-1.21,94.57,5.98,882.06
2025-11-02T12:26:12,3.60,25631,3585.00,3598.00,3594.00,-1.36,94.75,5.54,882.18
2025-11-02T12:43:00,3.61,25631,3579.00,3598.00,3588.50,-0.95,93.90,5.05,881.94
2025-11-02T12:59:48,3.60,25631,3576.00,3591.00,3584.50,-1.39,94.66,4.10,881.97
2025-11-02T13:16:36,3.60,25631,3557.00,3571.00,3566.50,-2.04,96.09,2.22,882.02
2025-11-02T13:33:24,3.60,25631,3547.00,4988.00,3613.50,-2.04,96.51,1.55,882.07
2025-11-02T13:50:12,3.60,25631,3560.00,3584.00,3566.00,-2.14,96.70,0.97,882.08
2025-11-02T14:07:00,3.60,25631,3562.00,3572.00,3566.00,-1.90,96.59,1.26,882.22
2025-11-02T14:23:48,3.60,25631,3563.00,3622.00,3618.00,-2.01,96.67,1.03,882.38
2025-11-02T14:40:36,3.60,25631,3585.00,3594.00,3588.50,-1.98,96.38,1.07,882.48
2025-11-02T14:57:24,3.60,25631,3584.00,3597.00,3589.00,-2.08,96.80,0.29,882.71
2025-11-02T15:14:12,3.60,25631,3545.00,3555.00,3550.00,-2.12,96.66,0.00,882.66
2025-11-02T15:30:59,3.60,25631,3543.00,3553.00,3547.00,-2.17,96.54,-0.27,882.72
2025-11-02T15:47:47,3.60,25631,3540.00,3550.00,3545.50,-2.00,96.57,-0.12,882.96
2025-11-02T16:04:35,3.60,25631,3539.00,3569.00,3553.50,-1.60,94.29,0.78,882.74
2025-11-02T16:21:23,3.60,25631,3441.00,4990.00,4988.50,-2.28,96.31,-0.33,882.88
2025-11-02T16:38:11,3.60,25631,3541.00,3566.00,3551.50,-2.41,96.48,-1.34,883.02
2025-11-02T16:54:58,3.60,25631,3531.00,3554.00,3548.00,-2.52,96.32,-1.85,883.10
2025-11-02T17:11:46,3.60,25631,3547.00,3561.00,3551.50,-2.59,95.60,-2.22,883.33
2025-11-02T17:28:34,3.60,25631,3543.00,3552.00,3548.00,-2.80,96.33,-2.61,883.38
2025-11-02T17:45:22,3.60,25631,3546.00,3555.00,3552.00,-3.12,95.89,-3.04,883.47
2025-11-02T18:02:09,3.60,25631,3541.00,3548.00,3543.50,-3.42,96.52,-3.45,883.58
2025-11-02T18:18:57,3.60,25631,3545.00,3556.00,3551.50,-3.04,94.23,-3.49,883.66
2025-11-02T18:35:45,3.60,25631,3544.00,3556.00,3548.00,-3.15,93.74,-3.53,883.77
2025-11-02T18:52:33,3.60,25631,3545.00,3555.00,3549.50,-3.01,92.88,-3.55,883.73
2025-11-02T19:09:20,3.60,25631,3547.00,3557.00,3553.50,-3.34,95.53,-3.66,883.83
2025-11-02T19:26:08,3.60,25631,3548.00,3561.00,3555.00,-3.23,96.69,-3.47,883.78
2025-11-02T19:42:56,3.60,25631,3548.00,3560.00,3554.50,-3.25,96.59,-3.45,883.79
2025-11-02T19:59:44,3.60,25631,3551.00,3558.00,3553.50,-3.29,96.03,-3.56,883.75
2025-11-02T20:16:31,3.60,25631,3546.00,3558.00,3552.00,-3.29,95.75,-3.59,883.75
2025-11-02T20:33:19,3.60,25631,3553.00,3564.00,3559.50,-3.29,96.60,-3.63,883.89
2025-11-02T20:50:07,3.60,25631,3550.00,3562.00,3554.00,-3.09,95.47,-3.46,883.91
2025-11-02T21:06:52,3.60,25631,3553.00,3560.00,3556.00,-3.21,96.24,-3.38,883.83
2025-11-02T21:23:40,3.60,25631,3551.00,3561.00,3555.00,-3.35,95.68,-3.53,883.63
2025-11-02T21:40:28,3.60,25631,3548.00,3559.00,3553.50,-2.85,94.37,-3.42,883.68
2025-11-02T21:57:16,3.60,25631,3559.00,3565.00,3560.00,-3.15,95.03,-3.38,883.57
2025-11-02T22:14:03,3.60,25631,3555.00,3563.00,3559.00,-3.25,95.02,-3.49,883.47
2025-11-02T22:30:51,3.60,25631,3553.00,3562.00,3556.00,-3.52,95.83,-3.67,883.38
2025-11-02T22:47:39,3.60,25631,3558.00,3566.00,3561.50,-3.52,95.78,-3.73,883.21
2025-11-02T23:04:26,3.60,25631,3555.00,3565.00,3561.00,-3.31,95.57,-3.70,883.18
2025-11-02T23:21:14,3.60,25631,3562.00,3565.00,3564.00,-3.62,95.72,-3.80,882.89
2025-11-02T23:38:02,3.59,25631,3556.00,3563.00,3558.00,-3.66,94.91,-3.89,882.68
2025-11-02T23:54:49,3.60,25631,3556.00,3566.00,3559.50,-3.50,95.31,-3.82,882.57
2025-11-03T00:11:37,3.59,25631,3559.00,3568.00,3562.00,-3.27,95.45,-3.60,882.35
2025-11-03T00:28:25,3.60,25631,3562.00,3567.00,3564.50,-3.08,95.76,-3.39,881.87
2025-11-03T00:45:13,3.60,25631,3557.00,3568.00,3561.50,-2.81,95.78,-3.26,881.84
2025-11-03T01:02:00,3.60,25631,3565.00,3569.00,3566.00,-2.73,95.16,-3.08,881.65
2025-11-03T01:18:48,3.60,25631,3563.00,3572.00,3566.00,-2.72,95.19,-3.01,881.40
2025-11-03T01:35:35,3.60,25631,3570.00,3578.00,3571.50,-2.76,95.92,-2.87,881.23
2025-11-03T01:52:23,3.60,25631,3568.00,3577.00,3572.00,-2.83,96.34,-2.88,880.75
2025-11-03T02:09:10,3.60,25631,3558.00,3568.00,3563.50,-2.80,96.26,-2.88,880.53
2025-11-03T02:25:58,3.60,25631,3558.00,3568.00,3562.00,-2.77,96.40,-2.85,880.31
2025-11-03T02:42:46,3.60,25631,3558.00,3569.00,3564.00,-2.87,96.83,-2.90,880.08
2025-11-03T02:59:34,3.60,25631,3559.00,3569.00,3565.00,-2.83,96.95,-2.90,879.97
2025-11-03T03:16:21,3.59,25631,3565.00,3573.00,3571.50,-2.88,97.38,-2.89,879.86
2025-11-03T03:33:09,3.60,25631,3544.00,3554.00,3549.50,-2.90,97.66,-2.90,879.57
2025-11-03T03:49:57,3.60,25631,3584.00,3614.00,3594.00,-2.93,97.84,-2.92,879.50
2025-11-03T04:06:44,3.60,25631,3568.00,3590.00,3581.00,-2.94,97.78,-2.94,879.43
2025-11-03T04:23:32,3.60,25631,4987.00,4988.00,4987.00,-2.81,96.65,-2.92,879.38
2025-11-03T04:40:20,3.60,25631,4987.00,4989.00,4988.00,-2.87,96.98,-2.91,879.22
2025-11-03T04:57:08,3.60,25631,3528.00,3561.00,3551.50,-2.83,96.36,-2.94,878.96
2025-11-03T05:13:55,3.60,25631,3541.00,3555.00,3551.00,-2.85,95.97,-2.97,878.94
2025-11-03T05:30:43,3.60,25631,3532.00,3555.00,3545.50,-2.81,96.27,-2.94,878.81
2025-11-03T05:47:31,3.60,25631,3527.00,3559.00,3541.50,-2.87,96.10,-2.94,878.66
2025-11-03T06:04:19,3.60,25631,3551.00,3587.00,3580.00,-2.87,96.51,-2.93,878.56
2025-11-03T06:21:06,3.60,25631,3538.00,3561.00,3555.00,-2.85,97.11,-2.91,878.60
2025-11-03T06:37:54,3.60,25631,3538.00,4989.00,4988.00,-2.84,97.04,-2.92,878.48
2025-11-03T06:54:42,3.60,25631,3548.00,3564.00,3556.50,-2.84,97.42,-2.91,878.33
2025-11-03T07:11:29,3.60,25631,3528.00,3542.00,3535.00,-2.84,97.43,-2.90,878.27
2025-11-03T07:28:17,3.60,25631,3521.00,3537.00,3533.50,-2.80,97.43,-2.90,878.30
2025-11-03T07:45:05,3.60,25631,3549.00,3558.00,3552.50,-2.70,97.49,-2.79,878.29
2025-11-03T08:01:53,3.60,25631,3546.00,3563.00,3551.00,-2.67,96.85,-2.37,878.30
2025-11-03T08:18:39,3.60,25631,3547.00,3563.00,3556.50,-1.88,96.09,-0.99,878.15
2025-11-03T08:35:27,3.60,25631,3555.00,3571.00,3563.50,-1.94,94.85,-0.97,878.17
2025-11-03T08:52:15,3.60,25631,3553.00,3565.00,3563.00,-2.15,95.04,-1.17,878.29
2025-11-03T09:09:03,3.60,25631,3560.00,3572.00,3567.50,-1.87,94.94,-0.44,878.34
2025-11-03T09:25:51,3.60,25631,3556.00,3576.00,3565.50,-1.74,94.77,-0.13,878.40
2025-11-03T09:42:39,3.60,25631,3534.00,3577.00,3556.00,-1.43,93.81,1.27,878.17
2025-11-03T09:59:27,3.60,25631,3567.00,4988.00,3576.50,-1.71,95.14,0.77,878.41
2025-11-03T10:16:15,3.60,25631,3573.00,4988.00,4987.00,-1.42,94.35,1.12,878.26
2025-11-03T10:33:02,3.60,25631,3548.00,3572.00,3556.50,-1.14,95.15,1.39,878.46
2025-11-03T10:49:50,3.60,25631,3547.00,4989.00,4988.00,-0.55,93.00,3.38,878.34
2025-11-03T11:06:38,3.60,25631,3586.00,3599.00,3593.50,0.20,91.01,5.22,878.29
2025-11-03T11:23:26,3.60,25631,3580.00,3589.00,3584.50,-1.07,93.88,3.07,878.39
2025-11-03T11:40:14,3.60,25631,3581.00,3594.00,3586.00,-0.65,93.75,3.29,878.46
2025-11-03T11:57:02,3.60,25631,3601.00,3627.00,3608.00,0.62,91.03,5.28,878.35
2025-11-03T12:13:51,3.60,25631,3594.00,3615.00,3609.50,0.00,91.25,4.93,878.31
2025-11-03T12:30:39,3.60,25631,3599.00,3616.00,3610.50,0.23,90.93,5.10,878.39
2025-11-03T12:47:27,3.61,25631,3604.00,3621.00,3609.50,0.00,91.78,5.12,878.32
2025-11-03T13:04:15,3.60,25631,3601.00,3610.00,3604.00,-0.28,91.85,5.19,878.54
2025-11-03T13:21:03,3.60,25631,3606.00,3623.00,3612.50,0.71,87.85,7.24,878.34
2025-11-03T13:37:52,3.60,25631,3623.00,3638.00,3630.50,2.03,84.34,9.33,878.31
2025-11-03T13:54:40,3.60,25631,3604.00,3619.00,3609.50,0.81,88.92,7.25,878.16
2025-11-03T14:11:29,3.60,25631,3591.00,3612.00,3600.00,0.24,90.78,5.38,878.21
2025-11-03T14:28:17,3.60,25631,3587.00,3600.00,3593.50,-0.08,91.28,4.28,878.16
2025-11-03T14:45:05,3.60,25631,3572.00,3599.00,3591.00,0.17,91.55,4.45,878.35
2025-11-03T15:01:53,3.60,25631,3595.00,3613.00,3603.00,1.32,87.55,6.15,878.22
2025-11-03T15:18:41,3.60,25631,3583.00,3608.00,3592.00,0.89,89.20,5.16,878.03
2025-11-03T15:35:29,3.60,25631,3581.00,3614.00,3604.00,0.24,91.58,3.41,878.14
2025-11-03T15:52:17,3.60,25631,3576.00,3602.00,3591.50,-0.11,91.86,2.08,878.11
2025-11-03T16:09:04,3.60,25631,3587.00,4985.00,3615.00,-0.63,89.73,1.23,878.07
2025-11-03T16:25:52,3.60,25631,3574.00,3625.00,3621.50,-1.30,94.50,0.36,878.15
2025-11-03T16:42:40,3.60,25631,3557.00,3617.00,3582.00,-1.30,93.26,-0.30,878.11
2025-11-03T16:59:28,3.60,25631,3576.00,3600.00,3587.50,-1.55,93.77,-0.79,878.07
2025-11-03T17:16:16,3.60,25631,3585.00,3594.00,3590.50,-1.80,93.64,-1.17,877.92
2025-11-03T17:33:04,3.60,25631,3572.00,3596.00,3590.00,-2.02,94.42,-1.49,878.03
2025-11-03T17:49:52,3.60,25631,3585.00,3628.00,3603.00,-1.91,93.31,-1.66,878.08
2025-11-03T18:06:40,3.60,25631,3589.00,3603.00,3600.50,-2.08,94.35,-1.81,878.09
2025-11-03T18:23:27,3.60,25631,3581.00,3608.00,3599.00,-2.18,95.10,-1.92,878.16
2025-11-03T18:40:15,3.60,25631,3583.00,3610.00,3596.00,-2.07,93.67,-1.96,878.07
2025-11-03T18:57:03,3.60,25631,3592.00,3621.00,3609.00,-2.05,93.29,-2.01,878.09
2025-11-03T19:13:51,3.60,25631,3595.00,3610.00,3601.00,-1.94,92.23,-2.01,878.08
2025-11-03T19:30:39,3.60,25631,3591.00,3618.00,3598.50,-1.77,91.53,-1.93,878.05
2025-11-03T19:47:26,3.60,25631,3599.00,3611.00,3606.00,-1.56,90.59,-1.87,877.95
2025-11-03T20:04:14,3.60,25631,3598.00,3619.00,3609.00,-1.66,91.38,-1.84,878.02
2025-11-03T20:21:02,3.60,25631,3588.00,3613.00,3599.50,-1.63,91.06,-1.82,878.03
2025-11-03T20:37:49,3.60,25631,3591.00,3607.00,3599.50,-1.58,92.32,-1.77,878.10
2025-11-03T20:54:37,3.60,25631,3582.00,3596.00,3591.00,-1.63,93.50,-1.77,878.28
2025-11-03T21:11:24,3.60,25631,3563.00,3575.00,3570.50,-1.66,94.78,-1.77,878.30
2025-11-03T21:28:12,3.60,25631,3593.00,4988.00,4986.00,-1.58,95.94,-1.75,878.32
2025-11-03T21:45:00,3.60,25631,4988.00,4989.00,4989.00,-1.53,96.20,-1.70,878.29
2025-11-03T22:01:48,3.60,25631,4987.00,4989.00,4988.00,-1.42,96.64,-1.62,878.29
2025-11-03T22:18:35,3.60,25631,4987.00,4989.00,4988.00,-1.27,96.27,-1.53,878.35
2025-11-03T22:35:23,3.60,25631,3579.00,3603.00,3593.50,-1.32,96.69,-1.49,878.37
2025-11-03T22:52:10,3.60,25631,4986.00,4988.00,4987.00,-1.31,96.77,-1.44,878.40
2025-11-03T23:08:58,3.60,25631,3581.00,3591.00,3584.00,-1.28,97.06,-1.40,878.39
2025-11-03T23:25:46,3.60,25631,4987.00,4989.00,4988.00,-1.30,97.35,-1.37,878.56
2025-11-03T23:42:33,3.60,25631,4988.00,4990.00,4989.00,-1.28,97.61,-1.36,878.59
2025-11-03T23:59:21,3.60,25631,4987.00,4989.00,4988.00,-1.31,97.59,-1.34,878.62
2025-11-04T00:16:09,3.60,25631,3513.00,3545.00,3531.50,-1.32,97.52,-1.35,878.59
2025-11-04T00:32:57,3.60,25631,3512.00,3572.00,3530.00,-1.15,96.81,-1.33,878.67
2025-11-04T00:49:45,3.59,25631,3521.00,3547.00,3530.00,-1.19,97.25,-1.32,878.59
2025-11-04T01:06:32,3.60,25631,3525.00,3540.00,3533.50,-1.22,97.29,-1.31,878.67
2025-11-04T01:23:20,3.59,25631,4987.00,4989.00,4988.00,-1.27,97.36,-1.32,878.69
2025-11-04T01:40:08,3.60,25631,3493.00,3510.00,3504.00,-1.25,97.01,-1.33,878.70
2025-11-04T01:56:56,3.60,25631,3534.00,3544.00,3540.50,-1.30,96.98,-1.33,878.79
2025-11-04T02:13:44,3.60,25631,3510.00,3516.00,3513.00,-1.31,96.99,-1.34,878.82
2025-11-04T02:30:32,3.60,25631,3517.00,3526.00,3520.50,-1.27,96.51,-1.34,878.84
2025-11-04T02:47:19,3.60,25631,3512.00,3524.00,3519.00,-1.22,96.19,-1.34,878.97
2025-11-04T03:04:07,3.59,25631,3514.00,3523.00,3518.00,-1.12,95.79,-1.33,879.01
2025-11-04T03:20:55,3.60,25631,3516.00,3528.00,3522.00,-0.97,95.28,-1.24,879.00
2025-11-04T03:37:43,3.60,25631,3508.00,3526.00,3518.50,-0.94,94.58,-1.23,878.99
2025-11-04T03:54:31,3.60,25631,3512.00,3521.00,3519.00,-1.03,94.86,-1.20,879.03
2025-11-04T04:11:19,3.59,25631,3507.00,3521.00,3517.00,-1.07,95.50,-1.22,878.99
2025-11-04T04:28:06,3.60,25631,3517.00,3523.00,3522.00,-1.01,95.69,-1.23,879.05
2025-11-04T04:44:54,3.59,25631,3508.00,3526.00,3519.00,-1.01,96.31,-1.23,879.03
2025-11-04T05:01:42,3.59,25631,3512.00,3527.00,3518.50,-0.87,96.44,-1.12,879.06
2025-11-04T05:18:30,3.60,25631,3517.00,3535.00,3530.00,-0.80,96.86,-1.04,879.19
2025-11-04T05:35:18,3.60,25631,3530.00,3539.00,3533.50,-0.83,96.81,-1.01,879.11
2025-11-04T05:52:06,3.60,25631,3529.00,3537.00,3532.00,-0.90,96.19,-1.05,878.94
2025-11-04T06:08:53,3.60,25631,3527.00,3536.00,3534.50,-1.27,96.38,-1.41,879.02
2025-11-04T06:25:41,3.60,25631,3531.00,3537.00,3534.00,-1.52,96.27,-1.70,879.14
2025-11-04T06:42:27,3.60,25631,3529.00,3534.00,3530.50,-0.98,96.30,-1.49,879.06
2025-11-04T06:59:15,3.60,25631,3534.00,3541.00,3537.00,-0.74,95.84,-1.19,879.06
2025-11-04T07:16:03,3.59,25631,3534.00,3544.00,3538.00,-0.63,94.96,-1.04,879.05
2025-11-04T07:32:50,3.60,25631,3539.00,3544.00,3542.00,-0.53,94.63,-0.91,879.02
2025-11-04T07:49:38,3.60,25631,3535.00,3546.00,3540.50,-0.42,93.59,-0.77,879.07
2025-11-04T08:06:26,3.60,25631,3516.00,3540.00,3534.00,-0.26,92.72,-0.53,879.21
2025-11-04T08:23:14,3.60,25631,3538.00,3547.00,3544.00,-0.18,91.58,-0.05,879.24
2025-11-04T08:40:02,3.60,25631,3546.00,3553.00,3549.50,-0.08,90.36,0.40,879.24
2025-11-04T08:56:50,3.60,25631,3548.00,3556.00,3551.00,-0.11,91.19,0.98,879.26
2025-11-04T09:13:38,3.60,25631,3547.00,3556.00,3550.50,0.43,87.47,1.75,879.24
2025-11-04T09:30:26,3.60,25631,3546.00,3552.00,3551.00,0.65,86.05,2.77,879.45
2025-11-04T09:47:14,3.60,25631,3556.00,3563.00,3559.50,0.60,88.06,4.12,879.35
2025-11-04T10:04:02,3.60,25631,3558.00,3562.00,3559.50,1.26,84.15,4.48,879.27
2025-11-04T10:20:50,3.60,25631,3556.00,3566.00,3562.00,1.15,85.14,4.80,879.27
2025-11-04T10:37:38,3.60,25631,3565.00,3572.00,3567.00,1.39,84.27,5.22,879.64
2025-11-04T10:54:26,3.60,25631,3572.00,3578.00,3574.50,1.58,84.39,5.35,879.67
2025-11-04T11:11:14,3.60,25631,3571.00,3574.00,3571.50,0.68,83.36,5.05,879.72
2025-11-04T11:28:02,3.59,25631,3574.00,3579.00,3577.50,1.51,83.02,5.53,879.97
2025-11-04T11:44:50,3.60,25631,3574.00,3579.00,3577.00,0.95,80.98,5.97,879.88
2025-11-04T12:01:38,3.60,25631,3579.00,3583.00,3581.50,0.74,82.96,6.46,879.51
2025-11-04T12:18:26,3.60,25631,3579.00,3583.00,3581.00,1.47,82.35,7.53,879.65
2025-11-04T12:35:15,3.60,25631,3588.00,3594.00,3591.50,1.53,79.83,8.53,879.19
2025-11-04T12:52:03,3.59,25631,3582.00,3587.00,3584.00,2.06,79.33,9.07,879.11
2025-11-04T13:08:52,3.60,25631,3599.00,3606.00,3604.00,2.34,76.72,10.55,879.09
2025-11-04T13:25:40,3.60,25631,3605.00,3611.00,3608.00,2.68,72.57,10.44,878.90
2025-11-04T13:42:29,3.59,25631,3604.00,3612.00,3607.50,2.54,78.87,10.50,878.67
2025-11-04T13:59:17,3.60,25631,3576.00,3587.00,3583.50,0.97,82.41,7.80,878.50
2025-11-04T14:16:05,3.60,25631,3586.00,3592.00,3588.00,1.27,80.56,6.92,878.33
2025-11-04T14:32:53,3.60,25631,3579.00,3586.00,3583.00,0.88,82.17,6.57,878.27
2025-11-04T14:49:42,3.60,25631,3565.00,3586.00,3578.50,1.09,82.10,5.34,878.25
2025-11-04T15:06:30,3.60,25631,3568.00,3582.00,3578.50,0.71,83.11,4.10,878.16
2025-11-04T15:23:18,3.60,25631,3575.00,3580.00,3577.50,0.34,84.96,3.05,877.77
2025-11-04T15:40:05,3.60,25631,3558.00,3581.00,3565.50,0.14,85.82,2.43,877.45
2025-11-04T15:56:53,3.60,25631,3569.00,3578.00,3573.50,-0.01,85.60,1.47,877.35
2025-11-04T16:13:41,3.60,25631,3560.00,3577.00,3570.50,-0.05,87.00,0.95,877.14
2025-11-04T16:30:29,3.60,25631,3565.00,3577.00,3571.00,-0.11,85.87,0.41,876.99
2025-11-04T16:47:17,3.59,25631,3556.00,3578.00,3570.50,-0.19,86.57,-0.11,876.86
2025-11-04T17:04:04,3.60,25631,3561.00,3576.00,3570.50,-0.08,84.70,-0.31,876.69
2025-11-04T17:20:52,3.59,25631,3554.00,3574.00,3567.00,-0.05,85.26,-0.40,876.54
2025-11-04T17:37:40,3.59,25631,3536.00,3584.00,3551.50,-0.12,84.43,-0.43,876.44
2025-11-04T17:54:28,3.59,25631,3558.00,3621.00,3603.00,-0.15,84.70,-0.49,876.22
2025-11-04T18:11:16,3.60,25631,3545.00,3607.00,3593.50,-0.08,83.02,-0.53,875.94
2025-11-04T18:28:04,3.59,25631,3547.00,3570.00,3566.50,-0.04,82.15,-0.48,876.00
2025-11-04T18:44:52,3.59,25631,3544.00,3555.00,3549.00,-0.02,84.24,-0.48,875.93
2025-11-04T19:01:39,3.60,25631,3520.00,3534.00,3528.00,0.03,81.91,-0.51,875.49
2025-11-04T19:18:27,3.60,25631,3486.00,3544.00,3524.50,-0.11,82.70,-0.67,875.41
2025-11-04T19:35:15,3.59,25631,3528.00,3553.00,3537.00,-0.19,83.59,-0.67,875.20
2025-11-04T19:52:03,3.59,25631,3549.00,3561.00,3553.00,-0.04,82.24,-0.65,874.82
2025-11-04T20:08:51,3.59,25631,3547.00,4989.00,3637.00,-0.29,83.40,-0.76,874.80
2025-11-04T20:25:39,3.59,25631,3516.00,3596.00,3548.00,-0.50,85.75,-0.93,874.83
2025-11-04T20:42:26,3.59,25631,3515.00,3548.00,3529.50,-0.52,85.15,-1.13,874.45
2025-11-04T20:59:14,3.60,25631,3526.00,3553.00,3538.00,-0.53,85.86,-1.19,874.40
2025-11-04T21:16:00,3.60,25631,3512.00,3560.00,3552.00,-0.60,86.10,-1.23,874.07
2025-11-04T21:32:48,3.58,25631,3548.00,3559.00,3550.50,-0.67,85.87,-1.35,873.86
2025-11-04T21:49:36,3.59,25631,3522.00,3563.00,3538.00,-0.85,86.76,-1.46,873.64
2025-11-04T22:06:23,3.58,25631,3517.00,3598.00,3555.50,-0.77,86.25,-1.44,873.29
2025-11-04T22:23:11,3.59,25631,3507.00,3597.00,3555.50,-0.60,84.84,-1.39,873.22
2025-11-04T22:39:59,3.59,25631,3595.00,3610.00,3599.50,-0.50,83.77,-1.23,873.11
2025-11-04T22:56:47,3.59,25631,3598.00,3633.00,3614.50,-0.46,82.90,-1.28,872.67
2025-11-04T23:13:34,3.59,25631,3567.00,3609.00,3596.50,-0.43,82.80,-1.26,872.54
2025-11-04T23:30:22,3.59,25631,3607.00,3622.00,3612.50,-0.53,84.17,-1.30,871.97
2025-11-04T23:47:10,3.59,25631,3611.00,3626.00,3616.00,-0.46,83.86,-1.22,871.56
2025-11-05T00:03:58,3.59,25631,3604.00,3620.00,3613.50,-0.35,83.51,-1.05,871.11
2025-11-05T00:20:46,3.59,25631,3563.00,3688.00,3619.50,-0.52,85.73,-0.91,870.56
2025-11-05T00:37:33,3.59,25631,3605.00,3621.00,3618.00,-0.25,82.62,-0.87,870.40
2025-11-05T00:54:21,3.59,25631,3569.00,3628.00,3606.00,-0.15,80.98,-0.92,870.41
2025-11-05T01:11:09,3.59,25631,3621.00,3632.00,3627.50,-0.36,82.29,-0.94,869.88
2025-11-05T01:27:57,3.59,25631,3624.00,3651.00,3631.00,-0.43,81.90,-1.05,869.75
2025-11-05T01:44:45,3.60,25631,3624.00,3634.00,3631.00,-0.50,81.75,-1.15,870.06
2025-11-05T02:01:33,3.59,25631,3623.00,3642.00,3635.50,-0.56,82.63,-1.18,869.27
2025-11-05T02:18:20,3.58,25631,3631.00,3647.00,3641.00,-0.60,83.71,-1.13,868.74
2025-11-05T02:35:08,3.58,25631,3601.00,3692.00,3635.00,-0.43,82.94,-0.94,868.84
2025-11-05T02:51:56,3.59,25631,3626.00,3633.00,3629.00,-0.01,79.86,-0.63,868.03
2025-11-05T03:08:44,3.59,25631,3617.00,3643.00,3630.50,-0.45,82.79,-0.71,867.20
2025-11-05T03:25:32,3.59,25631,3629.00,3636.00,3634.00,-0.56,81.60,-0.86,867.18
2025-11-05T03:42:19,3.59,25631,3621.00,3646.00,3631.00,-0.26,80.35,-0.77,866.78
2025-11-05T03:59:07,3.58,25631,3635.00,3646.00,3640.00,-0.43,82.67,-0.78,866.15
2025-11-05T04:15:55,3.59,25631,3592.00,3647.00,3617.50,-0.52,81.59,-0.91,865.14
2025-11-05T04:32:43,3.59,25631,3635.00,3647.00,3643.00,-0.53,82.38,-0.91,864.67
2025-11-05T04:49:31,3.58,25631,3664.00,3668.00,3665.50,-0.57,82.92,-0.81,864.70
2025-11-05T05:06:18,3.59,25631,3661.00,3667.00,3663.00,-0.50,81.83,-0.80,864.85
2025-11-05T05:23:06,3.59,25631,3667.00,3675.00,3670.50,-0.63,83.71,-0.82,864.75
2025-11-05T05:39:54,3.59,25631,3668.00,3676.00,3673.50,-0.93,86.39,-0.90,864.33
2025-11-05T05:56:42,3.59,25631,2235.00,3666.00,3655.50,-1.41,91.66,-1.19,863.81
2025-11-05T06:13:30,3.59,25631,3615.00,3676.00,3650.00,-1.48,92.72,-1.39,863.69
2025-11-05T06:30:17,3.59,25631,3586.00,3652.00,3621.50,-1.60,93.53,-1.50,863.61
2025-11-05T06:47:05,3.58,25631,3619.00,3640.00,3624.00,-1.58,94.02,-1.56,863.45
2025-11-05T07:03:53,3.58,25631,3428.00,3632.00,3625.00,-1.55,94.33,-1.54,863.05
2025-11-05T07:20:39,3.59,25631,3613.00,3620.00,3616.50,-1.39,94.32,-1.48,862.87
2025-11-05T07:37:26,3.58,25631,3601.00,3605.00,3603.00,-1.36,94.16,-1.42,862.57
2025-11-05T07:54:14,3.58,25631,3588.00,3640.00,3608.00,-1.38,94.98,-1.40,862.59
2025-11-05T08:11:02,3.59,25631,3591.00,3596.00,3593.50,-1.21,95.03,-1.21,862.42
2025-11-05T08:27:50,3.59,25631,3589.00,3595.00,3593.00,-1.16,95.11,-0.98,862.47
2025-11-05T08:44:38,3.59,25631,3589.00,3594.00,3591.00,-1.07,94.45,-0.77,862.48
2025-11-05T09:01:25,3.59,25631,2589.00,3643.00,3592.00,-1.01,94.87,-0.60,862.43
2025-11-05T09:18:13,3.59,25631,3583.00,3591.00,3587.50,-0.97,94.85,-0.37,862.65
2025-11-05T09:35:01,3.58,25631,3578.00,3600.00,3585.00,-1.03,94.80,-0.04,862.42
2025-11-05T09:51:49,3.59,25631,3592.00,3597.00,3595.00,-0.81,94.26,0.55,862.38
2025-11-05T10:08:37,3.59,25631,3594.00,3605.00,3597.50,-0.98,94.92,0.79,862.19
2025-11-05T10:25:25,3.59,25631,3583.00,3608.00,3604.00,-0.94,94.91,0.83,862.13
2025-11-05T10:42:12,3.59,25631,3599.00,3605.00,3601.50,-0.70,94.22,1.27,862.08
2025-11-05T10:59:00,3.59,25631,3572.00,3599.00,3589.00,-0.50,93.69,2.00,862.11
2025-11-05T11:15:48,3.58,25631,3584.00,3605.00,3595.50,-0.50,93.24,2.06,862.10
2025-11-05T11:32:36,3.59,25631,3593.00,3597.00,3595.00,-0.45,93.17,2.27,862.04
2025-11-05T11:49:24,3.59,25631,3592.00,3598.00,3593.00,-0.36,93.16,2.32,861.73
2025-11-05T12:06:11,3.59,25631,3575.00,3604.00,3596.00,-0.52,93.89,2.31,861.63
2025-11-05T12:22:59,3.58,25631,3590.00,3593.00,3592.00,-0.56,93.88,2.14,861.53
2025-11-05T12:39:47,3.59,25631,3594.00,3601.00,3595.50,-0.42,94.04,2.31,861.60
2025-11-05T12:56:35,3.58,25631,3598.00,3603.00,3600.00,-0.57,94.45,2.23,861.45
2025-11-05T13:13:23,3.59,25631,3585.00,3604.00,3597.50,-0.46,94.38,2.25,861.28
2025-11-05T13:30:11,3.59,25631,3592.00,3614.00,3598.00,-0.29,93.84,2.24,861.34
2025-11-05T13:46:59,3.58,25631,3609.00,3615.00,3610.00,-0.28,94.75,2.29,861.42
2025-11-05T14:03:47,3.59,25631,3602.00,3608.00,3605.00,-0.14,94.65,2.47,861.27
2025-11-05T14:20:35,3.58,25631,3604.00,3608.00,3605.00,-0.18,93.92,2.81,861.26
2025-11-05T14:37:23,3.59,25631,3601.00,3612.00,3605.00,-0.26,94.68,2.45,861.09
2025-11-05T14:54:11,3.59,25631,3600.00,3607.00,3605.50,-0.01,94.01,2.28,861.14
2025-11-05T15:10:59,3.59,25631,3600.00,3607.00,3605.00,-0.08,94.02,2.38,861.31
2025-11-05T15:27:47,3.57,25631,3602.00,3610.00,3605.00,0.37,93.07,2.58,861.46
2025-11-05T15:44:35,3.58,25631,3602.00,3608.00,3604.50,0.24,92.56,2.80,861.39
2025-11-05T16:01:23,3.58,25631,3595.00,3602.00,3599.50,-0.05,93.65,1.58,861.36
2025-11-05T16:18:10,3.58,25631,3595.00,3601.00,3597.50,-0.23,94.72,0.67,861.47
2025-11-05T16:34:58,3.59,25631,3593.00,3602.00,3598.50,-0.33,94.38,0.25,861.51
2025-11-05T16:51:46,3.58,25631,3590.00,3599.00,3594.50,-0.35,94.64,-0.02,861.54
2025-11-05T17:08:33,3.58,25631,3587.00,3602.00,3593.00,-0.12,93.89,-0.17,861.66
2025-11-05T17:25:21,3.58,25631,3595.00,3604.00,3600.00,-0.19,94.45,-0.25,861.80
2025-11-05T17:42:09,3.59,25631,3589.00,3596.00,3594.00,-0.05,94.49,-0.22,861.96
2025-11-05T17:58:57,3.57,25631,3594.00,3599.00,3596.50,-0.05,94.12,-0.18,862.00
2025-11-05T18:15:45,3.58,25631,3556.00,3608.00,3572.00,0.16,93.66,-0.09,862.12
2025-11-05T18:32:33,3.58,25631,3596.00,3610.00,3600.50,0.13,93.38,-0.04,862.15
2025-11-05T18:49:20,3.58,25631,3598.00,3602.00,3600.50,0.20,93.91,-0.03,862.15
2025-11-05T19:06:08,3.58,25631,3600.00,3606.00,3602.00,0.14,93.20,-0.03,862.21
2025-11-05T19:22:56,3.58,25631,3600.00,3605.00,3602.00,0.29,93.56,-0.01,862.21
2025-11-05T19:39:44,3.58,25631,3598.00,3606.00,3601.50,0.38,93.85,0.05,862.23
2025-11-05T19:56:32,3.58,25631,3600.00,3612.00,3603.50,0.19,93.93,0.09,862.34
2025-11-05T20:13:20,3.58,25631,3604.00,3609.00,3606.00,0.10,94.60,0.07,862.41
2025-11-05T20:30:07,3.58,25631,3601.00,3607.00,3603.00,0.50,94.34,0.11,862.38
2025-11-05T20:46:53,3.59,25631,3598.00,3605.00,3600.50,0.31,95.03,0.20,862.53
2025-11-05T21:03:41,3.58,25631,3598.00,3606.00,3601.50,0.68,94.53,0.35,862.58
2025-11-05T21:20:29,3.58,25631,3601.00,3606.00,3604.00,0.74,94.70,0.40,862.76
2025-11-05T21:37:17,3.58,25631,3604.00,3613.00,3607.50,1.00,94.51,0.50,862.89
2025-11-05T21:54:05,3.58,25631,3600.00,3607.00,3604.50,1.03,94.55,0.56,863.11
2025-11-05T22:10:52,3.58,25631,3592.00,3610.00,3600.50,1.00,94.62,0.59,863.18
2025-11-05T22:27:40,3.58,25631,3613.00,3618.00,3615.00,0.76,95.62,0.49,863.17
2025-11-05T22:44:28,3.58,25631,3615.00,3619.00,3617.00,0.91,95.49,0.54,863.29
2025-11-05T23:01:16,3.58,25631,3611.00,3617.00,3614.00,0.95,95.42,0.57,863.41
2025-11-05T23:18:04,3.58,25631,3604.00,3607.00,3605.50,1.15,95.02,0.66,863.54
2025-11-05T23:34:52,3.58,25631,3604.00,3609.00,3607.00,1.05,95.07,0.67,863.68
2025-11-05T23:51:40,3.58,25631,3601.00,3605.00,3604.00,0.95,95.46,0.60,863.90
2025-11-06T00:08:28,3.58,25631,3605.00,3612.00,3609.00,0.89,95.59,0.61,864.21
2025-11-06T00:25:15,3.58,25631,3614.00,3617.00,3616.00,0.92,95.68,0.62,864.52
2025-11-06T00:42:03,3.59,25631,3621.00,3625.00,3622.00,0.84,96.35,0.57,864.65
2025-11-06T00:58:51,3.58,25631,3612.00,3620.00,3616.00,0.93,96.67,0.61,864.92
2025-11-06T01:15:39,3.58,25631,3603.00,3611.00,3608.50,0.72,96.87,0.50,865.06
2025-11-06T01:32:27,3.58,25631,3611.00,3615.00,3612.50,0.89,97.26,0.54,865.33
2025-11-06T01:49:15,3.58,25631,3613.00,3618.00,3616.00,0.99,96.90,0.61,865.52
2025-11-06T02:06:02,3.58,25631,3609.00,3612.00,3610.50,0.95,96.76,0.61,865.69
2025-11-06T02:22:50,3.58,25631,3612.00,3617.00,3615.00,0.93,96.36,0.64,865.81
2025-11-06T02:39:38,3.58,25631,3617.00,3619.00,3618.00,1.05,95.60,0.64,865.73
2025-11-06T02:56:26,3.58,25631,3616.00,3622.00,3618.00,0.93,96.00,0.53,865.87
2025-11-06T03:13:14,3.58,25631,3614.00,3618.00,3615.00,1.13,95.03,0.59,865.90
2025-11-06T03:30:02,3.58,25631,3617.00,3622.00,3620.50,1.09,94.85,0.61,865.79
2025-11-06T03:46:50,3.58,25631,3618.00,3623.00,3621.00,0.91,95.64,0.55,865.86
2025-11-06T04:03:37,3.58,25631,3618.00,3623.00,3621.00,1.00,95.64,0.60,865.93
2025-11-06T04:20:25,3.58,25631,3618.00,3622.00,3619.50,1.07,95.68,0.69,866.07
2025-11-06T04:37:12,3.58,25631,3623.00,3627.00,3625.00,0.61,96.93,0.60,866.21
2025-11-06T04:54:00,3.58,25631,3621.00,3625.00,3623.00,0.61,97.75,0.47,866.46
2025-11-06T05:10:48,3.58,25631,3600.00,3610.00,3605.00,0.40,97.99,0.40,866.71
2025-11-06T05:27:36,3.58,25631,3615.00,3623.00,3617.00,0.62,98.30,0.40,866.99
2025-11-06T05:44:24,3.58,25631,3624.00,3628.00,3625.50,0.51,98.37,0.42,867.16
2025-11-06T06:01:12,3.58,25631,3625.00,3631.00,3627.50,0.50,98.46,0.40,867.47
2025-11-06T06:17:59,3.58,25631,3624.00,3630.00,3628.00,0.38,98.51,0.35,867.64
2025-11-06T06:34:47,3.58,25631,3628.00,3633.00,3630.50,0.26,98.59,0.26,867.88
2025-11-06T06:51:34,3.58,25631,3629.00,3632.00,3630.00,0.19,98.64,0.18,868.11
2025-11-06T07:08:22,3.58,25631,3631.00,3634.00,3633.00,0.11,98.67,0.12,868.31
2025-11-06T07:25:10,3.58,25631,3631.00,3636.00,3634.00,0.05,98.75,0.06,868.53
2025-11-06T07:41:58,3.58,25631,3633.00,3637.00,3634.50,0.02,98.76,0.02,868.68
2025-11-06T07:58:45,3.58,25631,3633.00,3637.00,3635.00,0.03,98.79,0.03,868.74
2025-11-06T08:15:33,3.58,25631,3635.00,3638.00,3635.50,0.09,98.81,0.16,868.92
2025-11-06T08:32:21,3.58,25631,3634.00,3638.00,3636.50,0.21,98.12,0.53,869.13
2025-11-06T08:49:09,3.58,25631,3636.00,3639.00,3638.00,0.40,97.33,1.02,869.09
2025-11-06T09:05:56,3.58,25631,3639.00,3643.00,3641.00,0.96,95.33,1.87,869.22
2025-11-06T09:22:44,3.58,25631,3645.00,3648.00,3646.00,1.58,93.15,3.13,869.24
2025-11-06T09:39:32,3.58,25631,3647.00,3652.00,3648.50,1.74,90.05,4.61,869.21
2025-11-06T09:56:20,3.58,25631,3672.00,3691.00,3682.00,3.87,82.48,8.66,869.31
2025-11-06T10:13:08,3.58,25631,3690.00,3695.00,3692.50,4.12,80.29,10.48,869.65
2025-11-06T10:29:57,3.58,25631,3702.00,3706.00,3704.00,5.61,73.07,12.26,869.07
2025-11-06T10:46:46,3.58,25631,3680.00,3686.00,3683.50,2.27,85.23,10.37,869.08
2025-11-06T11:03:34,3.58,25631,3666.00,3673.00,3670.00,1.43,90.21,8.04,869.37
2025-11-06T11:20:22,3.58,25631,3680.00,3686.00,3683.50,2.01,88.57,8.94,869.16
2025-11-06T11:37:11,3.58,25631,3681.00,3685.00,3682.50,2.70,86.21,8.45,869.21
2025-11-06T11:53:59,3.58,25631,3680.00,3685.00,3683.50,2.87,79.87,9.56,868.87
2025-11-06T12:10:47,3.58,25631,3671.00,3677.00,3674.00,2.84,83.43,8.14,868.83
2025-11-06T12:27:36,3.58,25631,3671.00,3675.00,3674.50,2.92,83.85,7.62,868.64
2025-11-06T12:44:24,3.58,25631,3670.00,3675.00,3672.00,2.32,85.60,7.13,868.49
2025-11-06T13:01:12,3.58,25631,3663.00,3667.00,3664.50,2.22,86.30,6.46,868.47
2025-11-06T13:18:01,3.58,25631,3668.00,3672.00,3670.00,2.40,86.55,6.69,868.13
2025-11-06T13:34:49,3.58,25631,3663.00,3668.00,3665.50,2.13,85.81,6.02,867.80
2025-11-06T13:51:37,3.58,25631,3660.00,3665.00,3663.00,1.86,85.87,5.59,867.33
2025-11-06T14:08:25,3.58,25631,3637.00,3661.00,3655.00,1.95,86.30,4.99,866.95
2025-11-06T14:25:13,3.58,25631,3648.00,3663.00,3659.00,1.70,87.66,4.26,866.58
2025-11-06T14:42:00,3.58,25631,3625.00,3656.00,3647.00,1.43,88.71,3.46,866.28
2025-11-06T14:58:48,3.58,25631,3620.00,3633.00,3629.00,1.43,89.09,3.18,866.11
2025-11-06T15:15:36,3.58,25631,3629.00,3660.00,3650.00,1.53,88.88,3.19,866.04
2025-11-06T15:32:24,3.58,25631,3627.00,3656.00,3642.50,1.33,89.75,2.77,865.71
2025-11-06T15:49:11,3.57,25631,3623.00,3657.00,3644.00,1.20,89.88,2.31,865.36
2025-11-06T16:05:59,3.58,25631,3628.00,3672.00,3646.00,1.32,89.48,1.81,865.50
2025-11-06T16:22:47,3.58,25631,3624.00,3666.00,3658.50,1.67,85.83,1.56,865.15
2025-11-06T16:39:35,3.58,25631,3646.00,3676.00,3668.00,1.32,86.83,1.26,865.31
2025-11-06T16:56:23,3.58,25631,3659.00,3685.00,3672.00,1.55,85.77,1.13,864.79
2025-11-06T17:13:11,3.58,25631,3643.00,3673.00,3660.50,1.55,85.98,1.06,864.57
2025-11-06T17:29:59,3.58,25631,3651.00,3690.00,3659.00,1.77,83.17,1.10,864.41
2025-11-06T17:46:47,3.57,25631,3648.00,3676.00,3661.00,2.01,80.59,1.17,864.41
2025-11-06T18:03:35,3.57,25631,3643.00,3691.00,3664.00,2.16,80.38,1.36,864.29
2025-11-06T18:20:23,3.57,25631,3648.00,3693.00,3668.00,2.23,80.93,1.46,864.26
2025-11-06T18:37:11,3.58,25631,3630.00,3678.00,3646.00,1.55,87.82,1.44,864.42
2025-11-06T18:53:58,3.58,25631,3667.00,3672.00,3668.50,0.60,93.56,0.93,864.21
2025-11-06T19:10:46,3.58,25631,3661.00,3677.00,3670.00,0.72,93.03,0.60,863.89
2025-11-06T19:27:34,3.58,25631,3650.00,3664.00,3658.00,0.67,94.05,0.48,864.00
2025-11-06T19:44:22,3.58,25631,3660.00,3680.00,3669.50,0.97,93.85,0.58,863.91
2025-11-06T20:01:10,3.58,25631,3636.00,3695.00,3686.50,1.29,92.16,0.68,863.99
2025-11-06T20:17:58,3.58,25631,3655.00,3688.00,3664.00,1.24,92.33,0.72,863.93
2025-11-06T20:34:45,3.58,25631,3663.00,3667.00,3664.00,1.46,91.35,0.74,864.05
2025-11-06T20:51:33,3.58,25631,3666.00,3670.00,3667.50,1.94,88.38,0.95,863.99
2025-11-06T21:08:21,3.57,25631,3660.00,3672.00,3667.50,2.20,87.41,1.15,864.07
2025-11-06T21:25:09,3.58,25631,3665.00,3670.00,3667.00,2.32,85.85,1.35,864.19
2025-11-06T21:41:57,3.57,25631,3674.00,3678.00,3676.50,2.48,85.48,1.47,864.27
2025-11-06T21:58:45,3.58,25631,3671.00,3677.00,3672.50,2.37,86.10,1.54,864.33
2025-11-06T22:15:33,3.58,25631,3671.00,3677.00,3674.00,2.32,85.55,1.57,864.48
2025-11-06T22:32:20,3.57,25631,3670.00,3678.00,3674.50,2.33,86.14,1.59,864.63
2025-11-06T22:49:08,3.58,25631,3675.00,3682.00,3679.00,2.30,86.22,1.62,864.77
2025-11-06T23:05:56,3.58,25631,3674.00,3679.00,3676.00,1.89,88.74,1.53,864.81
2025-11-06T23:22:43,3.58,25631,3680.00,3683.00,3682.00,1.86,89.90,1.49,864.97
2025-11-06T23:39:31,3.58,25631,3677.00,3683.00,3680.50,1.88,91.04,1.39,865.17
2025-11-06T23:56:19,3.58,25631,3686.00,3692.00,3689.00,1.57,92.35,1.27,865.35
2025-11-07T00:13:07,3.57,25631,3685.00,3689.00,3687.00,0.97,94.27,1.01,865.49
2025-11-07T00:29:55,3.58,25631,3689.00,3693.00,3691.00,0.86,95.36,0.84,865.79
2025-11-07T00:46:43,3.58,25631,3688.00,3689.00,3689.00,0.86,95.70,0.74,866.04
2025-11-07T01:03:31,3.58,25631,3688.00,3691.00,3690.00,0.82,95.99,0.68,866.24
2025-11-07T01:20:19,3.58,25631,3670.00,3679.00,3674.00,0.71,96.29,0.62,866.49
2025-11-07T01:37:07,3.58,25631,3676.00,3680.00,3678.00,0.50,96.58,0.51,866.77
2025-11-07T01:53:54,3.57,25631,3677.00,3681.00,3678.50,0.31,96.88,0.37,867.00
2025-11-07T02:10:41,3.57,25631,3679.00,3685.00,3682.50,0.19,97.23,0.26,867.30
2025-11-07T02:27:29,3.57,25631,3677.00,3682.00,3680.00,0.07,97.59,0.15,867.62
2025-11-07T02:44:17,3.58,25631,3675.00,3684.00,3679.00,0.07,97.81,0.09,867.82
2025-11-07T03:01:05,3.57,25631,3682.00,3691.00,3686.00,-0.01,97.90,0.06,868.06
2025-11-07T03:17:53,3.57,25631,3677.00,3684.00,3680.50,0.03,98.07,0.03,868.34
2025-11-07T03:34:40,3.57,25631,3666.00,3679.00,3672.00,0.06,98.19,0.04,868.58
2025-11-07T03:51:28,3.57,25631,3684.00,3695.00,3689.50,-0.01,98.25,0.01,868.91
2025-11-07T04:08:16,3.57,25631,3666.00,3685.00,3678.00,-0.01,98.31,0.01,869.15
2025-11-07T04:25:04,3.58,25631,3662.00,3685.00,3673.50,0.07,98.36,0.02,869.42
2025-11-07T04:41:52,3.57,25631,3661.00,3671.00,3662.00,0.09,98.42,0.04,869.64
2025-11-07T04:58:40,3.57,25631,3661.00,3668.00,3664.00,0.11,98.45,0.06,869.83
2025-11-07T05:15:27,3.58,25631,3661.00,3668.00,3666.00,0.20,98.52,0.08,870.19
2025-11-07T05:32:15,3.57,25631,3660.00,3666.00,3663.00,0.16,98.51,0.09,870.49
2025-11-07T05:49:03,3.57,25631,3663.00,3668.00,3664.00,0.24,98.62,0.12,870.76
2025-11-07T06:05:51,3.57,25631,3660.00,3667.00,3664.00,0.29,98.64,0.17,871.04
2025-11-07T06:22:38,3.58,25631,3659.00,3667.00,3662.50,0.34,98.69,0.27,871.27
2025-11-07T06:39:26,3.57,25631,3663.00,3669.00,3666.50,0.33,98.67,0.31,871.67
2025-11-07T06:56:14,3.57,25631,3664.00,3667.00,3665.50,0.19,98.70,0.24,872.01
2025-11-07T07:13:01,3.57,25631,3663.00,3666.00,3664.00,0.17,98.75,0.15,872.34
2025-11-07T07:29:49,3.57,25631,3662.00,3666.00,3664.50,0.34,98.83,0.21,872.72
2025-11-07T07:46:37,3.58,25631,3665.00,3668.00,3667.00,0.24,98.82,0.26,872.92
2025-11-07T08:03:25,3.57,25631,3663.00,3668.00,3665.00,0.31,98.84,0.31,873.24
2025-11-07T08:20:13,3.57,25631,3662.00,3666.00,3664.00,0.41,98.91,0.48,873.50
2025-11-07T08:37:00,3.58,25631,3662.00,3668.00,3665.50,0.50,98.92,0.87,873.86
2025-11-07T08:53:48,3.57,25631,3665.00,3667.00,3666.00,0.48,98.91,1.16,874.11
2025-11-07T09:10:35,3.57,25631,3665.00,3670.00,3667.50,0.62,98.96,1.42,874.35
2025-11-07T09:27:23,3.57,25631,3666.00,3669.00,3667.00,0.76,98.97,1.92,874.66
2025-11-07T09:44:11,3.57,25631,3667.00,3674.00,3671.00,0.61,98.98,2.12,874.93
2025-11-07T10:00:59,3.57,25631,3667.00,3674.00,3672.00,0.64,98.98,2.38,875.26
2025-11-07T10:17:47,3.57,25631,3674.00,3679.00,3676.50,0.84,99.00,2.93,875.68
2025-11-07T10:34:35,3.57,25631,3679.00,3683.00,3680.50,1.12,99.02,3.56,875.96
2025-11-07T10:51:22,3.57,25631,3685.00,3689.00,3686.50,1.05,98.84,3.84,876.24
2025-11-07T11:08:10,3.57,25631,3688.00,3693.00,3690.50,1.03,98.66,3.92,876.57
2025-11-07T11:24:58,3.57,25631,3690.00,3698.00,3695.00,1.30,98.77,4.63,877.02
2025-11-07T11:41:46,3.57,25631,3696.00,3698.00,3697.50,1.57,98.57,6.11,877.49
2025-11-07T11:58:35,3.57,25631,3693.00,3698.00,3695.00,0.92,97.81,6.29,877.34
2025-11-07T12:15:23,3.56,25631,3685.00,3690.00,3687.50,0.81,98.38,4.33,877.87
2025-11-07T12:32:11,3.57,25631,3686.00,3691.00,3690.00,0.85,98.49,4.24,878.23
2025-11-07T12:48:59,3.56,25631,3684.00,3688.00,3686.00,0.75,98.46,3.94,878.32
2025-11-07T13:05:47,3.57,25631,3685.00,3688.00,3686.00,0.76,98.53,3.45,878.71
2025-11-07T13:22:35,3.57,25631,3689.00,3691.00,3691.00,0.85,98.45,3.89,878.87
2025-11-07T13:39:23,3.57,25631,3686.00,3689.00,3688.00,0.75,98.43,3.44,879.13
2025-11-07T13:56:11,3.57,25631,3679.00,3685.00,3682.00,0.62,98.49,2.83,879.29
2025-11-07T14:12:59,3.56,25631,3680.00,3692.00,3687.50,0.69,98.66,2.75,879.63
2025-11-07T14:29:47,3.57,25631,3651.00,3690.00,3680.00,0.48,98.66,2.26,879.73
2025-11-07T14:46:35,3.57,25631,3695.00,3700.00,3698.50,0.44,98.73,2.13,880.08
2025-11-07T15:03:23,3.57,25631,3699.00,3704.00,3701.00,0.53,98.85,2.33,880.34
2025-11-07T15:20:10,3.57,25631,3694.00,3700.00,3696.00,0.37,98.80,1.75,880.43
2025-11-07T15:36:58,3.57,25631,3693.00,3697.00,3695.00,0.24,98.29,1.31,880.58
2025-11-07T15:53:45,3.57,25631,3692.00,3696.00,3695.00,0.13,98.69,0.79,880.98
2025-11-07T16:10:33,3.57,25631,3691.00,3695.00,3692.00,0.09,98.81,0.81,881.26
2025-11-07T16:27:21,3.56,25631,3691.00,3695.00,3692.50,-0.05,98.84,0.43,881.28
2025-11-07T16:44:09,3.57,25631,3695.00,3699.00,3696.00,-0.19,98.67,0.16,881.49
2025-11-07T17:00:57,3.57,25631,3695.00,3698.00,3696.00,-0.38,98.30,-0.04,881.92
2025-11-07T17:17:45,3.57,25631,3696.00,3698.00,3696.50,-0.38,98.56,-0.21,882.30
2025-11-07T17:34:32,3.57,25631,3694.00,3698.00,3695.00,-0.45,98.05,-0.40,882.36
2025-11-07T17:51:20,3.58,25631,3697.00,3702.00,3700.00,-0.45,97.79,-0.40,882.68
2025-11-07T18:08:08,3.57,25631,2659.00,3698.00,3694.00,-0.59,98.43,-0.44,882.84
2025-11-07T18:24:56,3.57,25631,3688.00,3700.00,3696.00,-0.97,98.43,-0.79,882.96
2025-11-07T18:41:44,3.57,25631,3692.00,3702.00,3698.50,-0.85,98.16,-0.84,883.22
2025-11-07T18:58:31,3.57,25631,3699.00,3711.00,3706.50,-0.91,98.46,-0.83,883.51
2025-11-07T19:15:19,3.58,25631,3692.00,3701.00,3696.50,-1.01,98.60,-0.87,883.90
2025-11-07T19:32:07,3.58,25631,3699.00,3706.00,3703.50,-1.11,98.51,-0.93,884.16
2025-11-07T19:48:55,3.58,25631,3703.00,3707.00,3704.00,-1.18,98.39,-1.12,884.32
2025-11-07T20:05:42,3.57,25631,3708.00,3712.00,3709.00,-1.19,98.23,-1.15,884.69
2025-11-07T20:22:30,3.58,25631,3710.00,3714.00,3712.00,-1.27,97.95,-1.12,884.75
2025-11-07T20:39:18,3.57,25631,3706.00,3709.00,3708.00,-1.34,98.09,-1.18,884.84
2025-11-07T20:56:05,3.57,25631,3706.00,3711.00,3707.00,-1.32,97.86,-1.25,884.97
2025-11-07T21:12:52,3.58,25631,3709.00,3714.00,3711.50,-1.30,97.87,-1.22,885.18
2025-11-07T21:29:40,3.57,25631,3709.00,3713.00,3710.00,-1.34,98.25,-1.29,885.27
2025-11-07T21:46:28,3.57,25631,498.00,3713.00,3711.00,-1.41,98.41,-1.32,885.33
2025-11-07T22:03:16,3.58,25631,3708.00,3712.00,3709.50,-1.49,98.41,-1.50,885.48
2025-11-07T22:20:03,3.58,25631,498.00,3712.00,3708.50,-1.55,98.44,-1.54,885.56
2025-11-07T22:36:51,3.57,25631,3704.00,3708.00,3707.00,-1.73,97.61,-1.87,885.81
2025-11-07T22:53:39,3.57,25631,498.00,3708.00,3705.00,-1.76,96.48,-2.01,885.94
2025-11-07T23:10:26,3.58,25631,3706.00,3709.00,3707.00,-1.77,96.42,-2.12,886.17
2025-11-07T23:27:14,3.58,25631,498.00,3711.00,3709.00,-1.70,97.61,-2.09,886.51
2025-11-07T23:44:02,3.57,25631,498.00,3716.00,3711.00,-1.84,98.03,-2.07,886.55
2025-11-08T00:00:49,3.58,25631,498.00,3712.00,3710.00,-1.98,97.72,-2.35,886.57
2025-11-08T00:17:37,3.57,25631,498.00,3710.00,3709.00,-2.02,97.35,-2.38,886.54
2025-11-08T00:34:25,3.58,25631,498.00,3713.00,3709.50,-2.09,97.15,-2.38,886.32
2025-11-08T00:51:12,3.57,25631,3709.00,3715.00,3712.50,-1.93,96.00,-2.30,886.48
2025-11-08T01:08:00,3.58,25631,498.00,3715.00,3712.00,-1.97,97.68,-2.15,886.48
2025-11-08T01:24:47,3.57,25631,498.00,3715.00,3712.00,-2.31,97.13,-2.43,886.44
2025-11-08T01:41:35,3.58,25631,500.00,3715.00,3712.50,-2.24,96.96,-2.64,886.62
2025-11-08T01:58:22,3.58,25631,498.00,3714.00,3709.50,-2.31,96.60,-2.70,886.77
2025-11-08T02:15:10,3.58,25631,498.00,3712.00,3708.00,-2.35,96.78,-2.62,886.76
2025-11-08T02:31:58,3.58,25631,498.00,3712.00,3706.00,-2.24,96.16,-2.53,886.58
2025-11-08T02:48:45,3.58,25631,498.00,3708.00,3695.50,-2.21,95.54,-2.51,886.52
2025-11-08T03:05:33,3.57,25631,498.00,3708.00,3699.00,-2.31,95.89,-2.52,886.50
2025-11-08T03:22:20,3.58,25631,500.00,3706.00,3688.00,-2.22,95.27,-2.50,886.53
2025-11-08T03:39:08,3.58,25631,500.00,3701.00,3693.00,-2.31,96.15,-2.47,886.43
2025-11-08T03:55:56,3.58,25631,3681.00,3701.00,3686.50,-2.21,95.43,-2.44,886.24
2025-11-08T04:12:44,3.58,25631,3688.00,3727.00,3716.00,-2.28,94.52,-2.52,886.03
2025-11-08T04:29:31,3.58,25631,500.00,3700.00,3685.00,-2.17,93.92,-2.55,885.90
2025-11-08T04:46:19,3.58,25631,3675.00,3686.00,3678.00,-2.08,94.30,-2.45,885.98
2025-11-08T05:03:07,3.57,25631,3674.00,3731.00,3719.50,-1.80,93.80,-2.25,885.94
2025-11-08T05:19:54,3.58,25631,3675.00,3729.00,3684.50,-1.84,94.42,-2.12,886.00
2025-11-08T05:36:42,3.58,25631,3676.00,3688.00,3684.00,-1.76,94.56,-2.07,886.01
2025-11-08T05:53:30,3.58,25631,3683.00,3696.00,3690.00,-1.58,94.50,-1.91,885.92
2025-11-08T06:10:17,3.57,25631,3667.00,3684.00,3679.00,-1.73,94.76,-1.89,885.94
2025-11-08T06:27:05,3.57,25631,3693.00,3735.00,3726.00,-1.63,95.55,-1.86,885.86
2025-11-08T06:43:53,3.57,25631,3692.00,3723.00,3712.00,-1.50,96.27,-1.74,885.79
2025-11-08T07:00:39,3.57,25631,3704.00,3730.00,3722.50,-1.46,96.24,-1.67,885.75
2025-11-08T07:17:27,3.57,25631,3672.00,3714.00,3688.00,-1.21,96.07,-1.51,885.57
2025-11-08T07:34:15,3.57,25631,3662.00,3723.00,3701.00,-1.15,96.30,-1.41,885.58
2025-11-08T07:51:03,3.57,25631,3721.00,3731.00,3727.00,-1.18,96.05,-1.39,885.49
2025-11-08T08:07:50,3.58,25631,3712.00,3725.00,3719.50,-1.12,95.61,-1.30,885.51
2025-11-08T08:24:38,3.57,25631,3710.00,3718.00,3714.50,-1.01,95.17,-1.10,885.41
2025-11-08T08:41:26,3.57,25631,3711.00,3722.00,3717.50,-0.73,93.25,-0.82,885.27
2025-11-08T08:58:14,3.57,25631,3706.00,3718.00,3714.50,-0.83,93.33,-0.60,885.09
2025-11-08T09:15:00,3.58,25631,3711.00,3716.00,3714.00,-0.90,93.75,-0.41,885.00
2025-11-08T09:31:48,3.57,25631,3706.00,3711.00,3708.50,-1.04,94.04,-0.20,884.78
2025-11-08T09:48:36,3.57,25631,3704.00,3710.00,3708.50,-1.05,93.78,0.02,884.62
2025-11-08T10:05:24,3.58,25631,3699.00,3705.00,3702.00,-1.01,93.79,0.35,884.35
2025-11-08T10:22:11,3.57,25631,3705.00,3711.00,3707.50,-0.57,93.15,0.72,884.33
2025-11-08T10:38:59,3.57,25631,3707.00,3715.00,3709.00,-0.56,92.38,1.08,884.15
2025-11-08T10:55:47,3.57,25631,3706.00,3713.00,3709.00,-0.48,92.20,1.69,884.00
2025-11-08T11:12:35,3.57,25631,3702.00,3709.00,3707.00,-0.53,91.71,1.92,883.72
2025-11-08T11:29:23,3.57,25631,3705.00,3713.00,3708.50,-0.62,92.28,1.75,883.64
2025-11-08T11:46:11,3.57,25631,3703.00,3708.00,3705.00,-1.07,94.03,1.38,883.36
2025-11-08T12:03:03,3.58,25631,3711.00,3718.00,3714.00,-1.15,93.70,0.55,883.25
2025-11-08T12:04:24,3.65,25631,2721.00,3725.00,3721.50,-1.19,93.15,0.19,883.32
2025-11-08T12:21:05,3.67,25631,3706.00,3710.00,3708.50,-1.01,92.96,1.38,882.96
2025-11-08T12:37:51,3.66,25631,3720.00,3727.00,3721.50,-1.16,93.84,0.92,882.68
2025-11-08T12:54:36,3.67,25631,3704.00,3710.00,3706.00,-1.12,93.56,0.64,882.49
2025-11-08T13:11:22,3.70,25631,3710.00,3714.00,3712.00,-1.19,93.95,0.54,882.24
2025-11-08T13:28:07,3.69,25631,3700.00,3722.00,3709.50,-1.14,93.88,0.23,881.92
2025-11-08T13:44:53,3.67,25631,3699.00,3705.00,3701.50,-1.15,93.85,0.06,881.75
2025-11-08T14:01:38,3.67,25631,3696.00,3713.00,3698.00,-1.14,93.43,-0.21,881.30
2025-11-08T14:18:24,3.68,25631,3662.00,3702.00,3686.00,-1.50,95.15,-0.46,881.04
2025-11-08T14:35:09,3.66,25631,3691.00,3720.00,3698.00,-1.64,95.71,-0.73,880.95
2025-11-08T14:51:55,3.72,25631,4987.00,4989.00,4988.00,-1.74,95.40,-0.96,880.68
2025-11-08T15:08:40,3.70,25631,3644.00,3668.00,3653.50,-1.77,95.96,-1.07,880.50
2025-11-08T15:25:25,3.67,25631,3641.00,3649.00,3646.50,-1.79,96.11,-1.21,880.08
2025-11-08T15:42:09,3.66,25631,3649.00,3661.00,3652.00,-1.59,96.60,-1.28,880.15
2025-11-08T15:58:54,3.65,25631,3640.00,3652.00,3646.00,-1.66,96.65,-1.35,879.93
2025-11-08T16:15:40,3.65,25631,3621.00,3640.00,3630.50,-1.62,96.93,-1.45,879.62
2025-11-08T16:32:25,3.65,25631,3582.00,3633.00,3620.00,-1.67,95.99,-1.46,879.43
2025-11-08T16:49:10,3.66,25631,3605.00,3644.00,3616.00,-1.70,95.45,-1.59,879.22
2025-11-08T17:05:56,3.66,25631,3582.00,3592.00,3588.50,-1.63,95.61,-1.64,879.01
2025-11-08T17:22:41,3.67,25631,3584.00,3592.00,3588.00,-1.79,95.28,-1.66,878.71
2025-11-08T17:39:26,3.78,25631,3565.00,4988.00,3571.00,-1.66,96.19,-1.65,878.36
2025-11-08T17:56:12,3.64,25631,3566.00,3585.00,3569.50,-1.42,96.27,-1.55,878.30
2025-11-08T18:12:57,3.64,25631,2276.00,4988.00,3565.50,-0.67,96.19,-1.25,878.26
2025-11-08T18:29:42,3.64,25631,3562.00,3570.00,3566.00,-0.60,95.88,-0.92,878.01
2025-11-08T18:46:28,3.64,25631,3369.00,3564.00,3559.50,-0.30,95.94,-0.68,877.90
2025-11-08T19:03:13,3.65,25631,3559.00,3564.00,3560.00,-0.30,96.15,-0.56,877.79
2025-11-08T19:19:59,3.64,25631,3563.00,3567.00,3564.00,-0.50,96.21,-0.60,877.42
2025-11-08T19:36:44,3.64,25631,3560.00,3564.00,3561.00,-0.26,96.12,-0.54,877.12
2025-11-08T19:53:30,3.64,25631,3556.00,3564.00,3561.00,0.19,96.57,-0.27,877.19
2025-11-08T20:10:15,3.65,25631,3549.00,3557.00,3553.50,0.75,95.66,0.17,877.26
2025-11-08T20:27:01,3.65,25631,3547.00,3557.00,3552.50,1.12,94.78,0.41,877.15
2025-11-08T20:43:46,3.65,25631,3550.00,3556.00,3552.50,1.27,94.02,0.59,877.24
2025-11-08T21:00:32,3.65,25631,3551.00,3560.00,3553.00,1.24,94.57,0.62,877.17
2025-11-08T21:17:16,3.64,25631,3552.00,3557.00,3554.50,1.30,94.63,0.66,877.03
2025-11-08T21:34:02,3.64,25631,3553.00,3558.00,3556.00,1.10,95.66,0.64,876.94
2025-11-08T21:50:47,3.65,25631,3552.00,3558.00,3555.50,1.15,95.81,0.68,876.94
2025-11-08T22:07:33,3.64,25631,3551.00,3558.00,3555.00,1.24,96.32,0.70,876.68
2025-11-08T22:24:18,3.65,25631,3553.00,3558.00,3556.00,1.55,95.85,0.82,876.65
2025-11-08T22:41:04,3.65,25631,3556.00,3561.00,3559.50,1.40,95.90,0.92,876.44
2025-11-08T22:57:49,3.65,25631,3084.00,3558.00,3556.00,1.57,96.64,0.92,876.38
2025-11-08T23:14:35,3.64,25631,3556.00,3562.00,3559.00,1.65,96.43,1.10,876.46
2025-11-08T23:31:20,3.64,25631,3558.00,3561.00,3559.50,1.67,96.95,1.17,876.24
2025-11-08T23:48:06,3.64,25631,3560.00,3566.00,3564.00,1.68,96.67,1.33,876.28
2025-11-09T00:04:51,3.65,25631,3560.00,3580.00,3565.00,1.88,96.94,1.43,876.27
2025-11-09T00:21:37,3.64,25631,3511.00,3577.00,3561.00,1.92,97.30,1.48,876.23
2025-11-09T00:38:22,3.64,25631,3595.00,3605.00,3602.00,1.78,97.71,1.49,876.14
2025-11-09T00:55:08,3.64,25631,3587.00,3605.00,3589.50,1.81,97.89,1.52,875.96
2025-11-09T01:11:53,3.64,25631,3583.00,3591.00,3588.00,2.05,97.51,1.63,875.70
2025-11-09T01:28:39,3.65,25631,3584.00,3593.00,3588.50,1.91,97.84,1.69,875.67
2025-11-09T01:45:23,3.64,25631,3575.00,3600.00,3587.00,1.98,97.28,1.86,875.73
2025-11-09T02:02:09,3.64,25631,3597.00,3626.00,3605.00,2.37,97.37,2.02,875.88
2025-11-09T02:18:55,3.64,25631,2732.00,3628.00,3585.50,2.34,97.82,2.10,875.56
2025-11-09T02:35:40,3.64,25631,3547.00,3622.00,3595.50,2.34,97.75,2.17,875.36
2025-11-09T02:52:26,3.64,25631,3555.00,3618.00,3594.00,2.68,97.45,2.22,875.02
2025-11-09T03:09:11,3.64,25631,3580.00,3639.00,3623.00,2.57,97.32,2.34,874.77
2025-11-09T03:25:57,3.64,25631,3621.00,3629.00,3625.00,2.78,97.21,2.40,874.24
2025-11-09T03:42:42,3.64,25631,3575.00,3628.00,3618.50,2.91,96.92,2.55,874.21
2025-11-09T03:59:28,3.64,25631,3572.00,3656.00,3608.00,3.18,96.65,2.74,874.22
2025-11-09T04:16:14,3.64,25631,3650.00,3671.00,3657.50,3.27,96.53,2.86,874.07
2025-11-09T04:32:59,3.64,25631,3640.00,4986.00,3656.00,3.54,95.68,3.06,874.06
2025-11-09T04:49:45,3.64,25631,3349.00,3683.00,3651.00,3.29,97.52,2.99,873.96
2025-11-09T05:06:31,3.64,25631,3605.00,3681.00,3668.00,3.34,96.89,3.06,873.95
2025-11-09T05:23:16,3.64,25631,3653.00,3671.00,3662.50,3.44,97.25,3.13,873.99
2025-11-09T05:40:02,3.64,25631,3022.00,3707.00,3676.50,3.61,96.87,3.19,873.88
2025-11-09T05:56:47,3.64,25631,2891.00,4986.00,3668.00,3.51,97.14,3.24,873.73
2025-11-09T06:13:33,3.64,25631,3634.00,3725.00,3708.50,3.49,96.76,3.19,873.52
2025-11-09T06:30:19,3.64,25631,3678.00,3726.00,3703.50,3.54,96.22,3.22,873.10
2025-11-09T06:47:04,3.64,25631,3685.00,3736.00,3712.50,3.77,95.26,3.31,872.94
2025-11-09T07:03:50,3.64,25631,3697.00,3721.00,3711.50,3.59,95.97,3.32,872.82
2025-11-09T07:20:35,3.65,25631,2511.00,4986.00,3744.50,4.08,95.03,3.39,872.60
2025-11-09T07:37:20,3.64,25631,3708.00,3790.00,3729.00,3.78,96.56,3.41,872.42
2025-11-09T07:54:06,3.64,25631,2312.00,3755.00,3725.50,3.68,96.78,3.44,872.50
2025-11-09T08:10:52,3.64,25631,3667.00,3772.00,3717.00,3.50,97.60,3.33,872.50
2025-11-09T08:27:36,3.64,25631,3739.00,3754.00,3745.00,3.59,97.85,3.41,872.57
2025-11-09T08:44:22,3.64,25631,3719.00,3809.00,3747.50,3.73,98.15,3.47,872.33
2025-11-09T09:01:08,3.64,25631,2639.00,3757.00,3728.00,3.47,98.33,3.54,872.22
2025-11-09T09:17:53,3.64,25631,1829.00,3849.00,3761.00,3.56,98.53,3.55,872.04
2025-11-09T09:34:39,3.64,25631,2705.00,3767.00,3752.00,3.64,98.55,3.63,871.93
2025-11-09T09:51:24,3.64,25631,2444.00,3776.00,3768.00,3.43,98.46,3.56,872.01
2025-11-09T10:08:10,3.64,25631,2574.00,3787.00,3769.50,3.32,98.53,3.58,871.96
2025-11-09T10:24:56,3.64,25631,3311.00,3790.00,3763.00,3.32,97.79,3.44,872.08
2025-11-09T10:41:40,3.64,25631,3739.00,3768.00,3744.00,3.09,97.88,3.33,871.41
2025-11-09T10:58:26,3.64,25631,3194.00,3773.00,3760.00,3.06,97.85,3.24,871.53
2025-11-09T11:15:12,3.64,25631,3472.00,3775.00,3768.00,3.19,97.72,3.30,871.64
2025-11-09T11:31:57,3.64,25631,3768.00,3784.00,3772.50,2.89,97.50,3.29,871.56
2025-11-09T11:48:43,3.64,25631,3763.00,3769.00,3767.00,2.91,97.38,3.36,871.48
2025-11-09T12:05:29,3.64,25631,3757.00,3763.00,3760.50,3.13,96.40,3.77,871.38
2025-11-09T12:22:14,3.64,25631,3714.00,3770.00,3743.00,3.33,96.47,4.15,871.34
2025-11-09T12:39:00,3.64,25631,2253.00,3776.00,3774.00,3.05,97.15,3.53,871.15
2025-11-09T12:55:46,3.64,25631,3779.00,3786.00,3783.00,3.82,97.11,4.71,871.22
2025-11-09T13:12:31,3.62,25631,3788.00,3794.00,3792.00,4.70,95.59,6.36,871.00
2025-11-09T13:29:17,3.64,25631,3790.00,3795.00,3792.50,5.04,93.80,7.02,870.92
2025-11-09T13:46:03,3.64,25631,3770.00,3789.00,3784.00,4.80,93.91,7.04,870.59
2025-11-09T14:02:49,3.64,25631,3729.00,3786.00,3744.50,4.67,93.32,6.98,870.35
2025-11-09T14:19:35,3.64,25631,3744.00,3787.00,3747.50,4.80,93.52,6.86,870.21
2025-11-09T14:36:21,3.63,25631,3737.00,3779.00,3764.50,4.96,92.15,6.65,869.79
2025-11-09T14:53:07,3.64,25631,3761.00,3780.00,3775.50,4.82,92.70,5.98,869.74
2025-11-09T15:09:52,3.64,25631,3696.00,3776.00,3770.00,4.40,93.78,5.41,869.62
2025-11-09T15:26:38,3.63,25631,3745.00,3765.00,3756.00,4.08,95.25,4.77,869.11
2025-11-09T15:43:24,3.64,25631,3751.00,3766.00,3758.00,3.78,96.56,4.14,868.85
2025-11-09T16:00:09,3.64,25631,3722.00,3768.00,3761.00,3.59,97.46,3.82,868.55
2025-11-09T16:16:55,3.64,25631,3730.00,3777.00,3755.00,3.51,97.94,3.55,868.64
2025-11-09T16:33:41,3.62,25631,3731.00,3777.00,3754.00,3.47,98.44,3.43,868.27
2025-11-09T16:50:26,3.64,25631,3767.00,3804.00,3793.50,3.61,98.63,3.49,868.31
2025-11-09T17:07:12,3.64,25631,2380.00,3817.00,3791.00,3.71,98.71,3.59,868.24
2025-11-09T17:23:58,3.64,25631,3792.00,3799.00,3793.50,3.54,98.84,3.48,867.74
2025-11-09T17:40:43,3.64,25631,3794.00,3800.00,3797.00,3.36,98.89,3.33,867.76
2025-11-09T17:57:29,3.64,25631,3075.00,3797.00,3792.00,3.57,99.00,3.34,868.21
2025-11-09T18:14:15,3.64,25631,3789.00,3803.00,3799.00,3.41,98.99,3.33,868.50
2025-11-09T18:31:00,3.64,25631,3814.00,3823.00,3816.50,3.20,99.01,3.16,868.40
2025-11-09T18:47:46,3.64,25631,3514.00,3794.00,3785.00,3.08,99.09,3.03,869.06
2025-11-09T19:04:32,3.64,25631,3757.00,3779.00,3770.50,2.22,98.89,2.70,869.82
2025-11-09T19:21:17,3.63,25631,3772.00,3781.00,3775.50,1.54,97.01,1.85,870.47
2025-11-09T19:38:03,3.64,25631,3767.00,3778.00,3774.00,1.07,98.18,1.37,871.16
2025-11-09T19:54:48,3.64,25631,3764.00,3774.00,3770.00,0.93,97.23,1.03,871.19
2025-11-09T20:11:34,3.64,25631,3758.00,3773.00,3767.50,0.72,97.44,0.74,871.71
2025-11-09T20:28:19,3.64,25631,3762.00,3800.00,3772.50,0.89,94.50,0.50,872.35
2025-11-09T20:45:03,3.64,25631,3766.00,3777.00,3768.00,0.85,93.42,0.44,872.95
2025-11-09T21:01:48,3.64,25631,3751.00,3793.00,3765.50,0.27,96.75,0.28,873.47
2025-11-09T21:18:34,3.64,25631,3755.00,3767.00,3762.50,0.11,97.61,0.14,873.87
2025-11-09T21:35:19,3.64,25631,3750.00,3785.00,3763.50,-0.02,98.33,0.04,874.07
2025-11-09T21:52:05,3.64,25631,3754.00,3851.00,3781.50,-0.12,98.58,-0.04,874.27
2025-11-09T22:08:50,3.63,25631,3758.00,3793.00,3762.50,-0.23,98.74,-0.11,874.71
2025-11-09T22:25:36,3.64,25631,3750.00,3772.00,3760.00,-0.36,98.84,-0.21,875.16
2025-11-09T22:42:21,3.64,25631,3758.00,3812.00,3776.50,-0.36,98.89,-0.26,875.86
2025-11-09T22:59:06,3.64,25631,3798.00,3839.00,3802.00,-0.38,98.94,-0.28,876.05
2025-11-09T23:15:51,3.64,25631,3074.00,4987.00,3816.50,-0.45,99.03,-0.33,876.16
2025-11-09T23:32:37,3.63,25631,3773.00,3825.00,3789.50,-0.48,99.05,-0.36,876.54
2025-11-09T23:49:22,3.63,25631,3752.00,3792.00,3788.00,-0.56,99.06,-0.43,876.68
2025-11-10T00:06:07,3.63,25631,3795.00,3802.00,3796.50,-0.62,99.08,-0.45,876.99
2025-11-10T00:22:53,3.64,25631,2797.00,3823.00,3774.00,-0.74,99.10,-0.54,877.37
2025-11-10T00:39:38,3.64,25631,3769.00,3820.00,3794.50,-0.80,99.12,-0.63,877.55
2025-11-10T00:56:24,3.63,25631,3775.00,3819.00,3793.00,-0.80,99.15,-0.71,878.03
2025-11-10T01:13:09,3.63,25631,3794.00,3799.00,3796.00,-0.83,99.13,-0.73,878.34
2025-11-10T01:29:54,3.64,25631,3770.00,3795.00,3787.50,-0.90,99.06,-0.81,878.54
2025-11-10T01:46:40,3.64,25631,3768.00,3795.00,3783.00,-0.93,99.03,-0.86,878.74
2025-11-10T02:03:25,3.63,25631,3790.00,3798.00,3793.50,-1.03,98.94,-0.92,879.10
2025-11-10T02:20:11,3.64,25631,3795.00,3799.00,3797.50,-1.08,98.46,-0.96,879.10
2025-11-10T02:36:56,3.64,25631,3792.00,3799.00,3796.00,-1.05,98.20,-0.99,879.34
2025-11-10T02:53:41,3.63,25631,3791.00,3797.00,3794.50,-1.08,98.38,-0.99,879.60
2025-11-10T03:10:27,3.63,25631,3776.00,3810.00,3798.50,-1.04,98.59,-0.97,879.62
2025-11-10T03:27:12,3.63,25631,3758.00,3831.00,3782.50,-1.07,98.70,-0.99,879.54
2025-11-10T03:43:58,3.64,25631,3779.00,3819.00,3798.00,-1.07,98.72,-1.01,879.78
2025-11-10T04:00:43,3.63,25631,3787.00,3804.00,3791.50,-1.04,98.63,-1.00,879.87
2025-11-10T04:17:28,3.63,25631,3773.00,3793.00,3790.50,-1.03,98.69,-1.00,879.74
2025-11-10T04:34:13,3.64,25631,3782.00,3842.00,3797.50,-1.04,98.69,-0.98,879.85
2025-11-10T04:50:58,3.64,25631,3782.00,3797.00,3788.50,-1.00,98.52,-0.98,879.82
2025-11-10T05:07:44,3.64,25631,3793.00,3806.00,3798.50,-1.00,98.49,-0.98,879.56
2025-11-10T05:24:29,3.63,25631,3791.00,3807.00,3804.00,-1.00,98.72,-0.98,879.65
2025-11-10T05:41:14,3.63,25631,3788.00,3809.00,3804.00,-1.03,98.85,-0.99,879.62
2025-11-10T05:58:00,3.63,25631,3798.00,3806.00,3802.00,-1.07,98.86,-1.02,879.58
2025-11-10T06:14:45,3.63,25631,3805.00,3808.00,3806.00,-1.12,98.91,-1.07,879.46
2025-11-10T06:31:31,3.63,25631,3767.00,3875.00,3790.50,-1.08,98.96,-1.08,879.55
2025-11-10T06:48:15,3.63,25631,3805.00,3820.00,3808.50,-1.04,98.92,-1.05,879.39
2025-11-10T07:05:00,3.64,25631,3798.00,3813.00,3804.50,-0.98,98.93,-1.03,879.55
2025-11-10T07:21:46,3.63,25631,3792.00,3813.00,3804.00,-0.93,98.62,-0.97,879.58
2025-11-10T07:38:31,3.63,25631,3775.00,3804.00,3797.00,-0.97,98.52,-0.92,879.59
2025-11-10T07:55:17,3.63,25631,3803.00,3810.00,3805.50,-0.90,98.71,-0.90,879.73
2025-11-10T08:12:02,3.63,25631,3812.00,3820.00,3816.50,-0.91,98.82,-0.80,879.86
2025-11-10T08:28:47,3.62,25631,3810.00,3822.00,3816.00,-0.93,98.54,-0.65,879.82
2025-11-10T08:45:33,3.63,25631,3809.00,3817.00,3814.00,-0.91,98.11,-0.54,879.97
2025-11-10T09:02:18,3.64,25631,3801.00,3809.00,3805.00,-0.84,98.54,-0.17,880.22
2025-11-10T09:19:04,3.63,25631,2685.00,4988.00,3786.50,-0.85,98.66,-0.18,880.21
2025-11-10T09:35:49,3.62,25631,3786.00,3802.00,3796.00,-0.73,98.81,0.54,880.26
2025-11-10T09:52:35,3.63,25631,3413.00,4987.00,4985.00,-0.77,98.73,0.85,880.27
2025-11-10T10:09:20,3.63,25631,3806.00,3825.00,3814.00,-0.69,98.78,1.14,880.37
2025-11-10T10:26:06,3.63,25631,2153.00,3873.00,3810.50,-0.56,98.74,1.85,880.38
2025-11-10T10:42:51,3.64,25631,3794.00,4988.00,3806.00,-0.77,98.73,1.12,880.36
2025-11-10T10:59:37,3.63,25631,3797.00,3808.00,3802.50,-0.80,98.78,1.19,880.38
2025-11-10T11:16:22,3.64,25631,3660.00,3822.00,3790.50,-0.73,98.75,1.96,880.32
2025-11-10T11:33:08,3.63,25631,3752.00,3804.00,3778.50,-0.80,98.69,1.54,880.46
2025-11-10T11:49:53,3.63,25631,3812.00,4986.00,4403.50,-0.74,98.59,2.31,880.31
2025-11-10T12:06:39,3.63,25631,3789.00,4988.00,3797.50,-0.81,98.38,2.84,880.28
2025-11-10T12:23:24,3.63,25631,3777.00,3797.00,3786.00,-0.81,98.50,2.30,880.27
2025-11-10T12:40:10,3.64,25631,3762.00,4986.00,3779.50,-0.87,98.29,2.46,880.18
2025-11-10T12:56:55,3.63,25631,4987.00,4989.00,4987.00,-0.83,98.24,2.60,880.27
2025-11-10T13:13:41,3.63,25631,3795.00,4988.00,3806.50,-0.84,98.33,2.38,880.02
2025-11-10T13:30:27,3.63,25631,3784.00,4988.00,4987.00,-0.87,98.35,2.14,879.92
2025-11-10T13:47:12,3.63,25631,3803.00,3819.00,3807.00,-0.90,98.21,2.25,879.65
2025-11-10T14:03:58,3.63,25631,3791.00,3805.00,3800.00,-0.90,98.27,2.18,879.51
2025-11-10T14:20:43,3.62,25631,3787.00,4987.00,3797.50,-1.03,98.32,1.29,879.37
2025-11-10T14:37:29,3.63,25631,3796.00,3818.00,3803.50,-0.95,98.53,0.99,879.28
2025-11-10T14:54:14,3.63,25631,3792.00,3813.00,3804.00,-1.14,98.45,0.49,879.22
2025-11-10T15:11:00,3.62,25631,3777.00,3788.00,3783.50,-1.18,98.62,0.14,879.10
2025-11-10T15:27:45,3.63,25631,3768.00,4989.00,3793.50,-1.18,98.63,0.20,878.94
2025-11-10T15:44:29,3.64,25631,3773.00,3789.00,3776.00,-1.24,98.68,-0.16,878.82
2025-11-10T16:01:14,3.63,25631,3758.00,3774.00,3766.50,-1.34,98.69,-0.59,878.72
2025-11-10T16:17:59,3.63,25631,3737.00,3787.00,3759.00,-1.36,98.76,-0.97,878.61
2025-11-10T16:34:45,3.62,25631,3725.00,4987.00,4986.00,-1.39,98.76,-1.16,878.55
2025-11-10T16:51:30,3.63,25631,3774.00,3787.00,3776.50,-1.38,98.77,-1.26,878.31
2025-11-10T17:08:15,3.63,25631,3747.00,3790.00,3775.50,-1.42,98.78,-1.34,878.28
2025-11-10T17:25:01,3.63,25631,3741.00,4986.00,3758.00,-1.45,98.79,-1.40,878.01
2025-11-10T17:41:46,3.62,25631,3744.00,4988.00,3765.50,-1.48,98.78,-1.43,877.98
2025-11-10T17:58:31,3.63,25631,3760.00,3771.00,3764.00,-1.49,98.77,-1.46,877.81
2025-11-10T18:15:17,3.62,25631,3751.00,3768.00,3756.00,-1.45,98.77,-1.45,877.72
2025-11-10T18:32:02,3.62,25631,3730.00,3745.00,3737.00,-1.45,98.75,-1.44,877.65
2025-11-10T18:48:47,3.62,25631,3725.00,4989.00,3746.00,-1.43,98.77,-1.43,877.49
2025-11-10T19:05:33,3.62,25631,3719.00,4989.00,4988.00,-1.48,98.70,-1.45,877.47
2025-11-10T19:22:18,3.62,25631,3711.00,3742.00,3732.00,-1.49,98.77,-1.46,877.42
2025-11-10T19:39:03,3.62,25631,3701.00,3720.00,3712.50,-1.52,98.74,-1.47,877.32
2025-11-10T19:55:49,3.62,25631,2279.00,3701.00,3693.00,-1.46,98.78,-1.47,877.35
2025-11-10T20:12:34,3.62,25631,3672.00,3705.00,3692.00,-1.50,98.73,-1.46,877.30
2025-11-10T20:29:19,3.63,25631,3680.00,3690.00,3684.50,-1.58,98.69,-1.49,877.40
2025-11-10T20:46:05,3.63,25631,3687.00,3699.00,3692.50,-1.69,98.65,-1.54,877.61
2025-11-10T21:02:50,3.62,25631,3695.00,3728.00,3707.50,-1.42,98.74,-1.56,877.89
2025-11-10T21:19:34,3.64,25631,3700.00,4987.00,3736.50,-1.32,98.83,-1.46,878.04
2025-11-10T21:36:19,3.62,25631,3667.00,3705.00,3681.00,-1.69,98.59,-1.47,878.07
2025-11-10T21:53:05,3.62,25631,3672.00,3686.00,3682.50,-1.66,98.67,-1.64,878.11
2025-11-10T22:09:50,3.62,25631,3670.00,3692.00,3678.00,-1.41,98.78,-1.51,878.27
2025-11-10T22:26:35,3.62,25631,4988.00,4989.00,4988.00,-1.50,98.72,-1.47,878.45
2025-11-10T22:43:21,3.62,25631,3685.00,4990.00,3700.00,-1.45,98.79,-1.48,878.81
2025-11-10T23:00:06,3.63,25631,3631.00,4989.00,4988.00,-1.32,98.80,-1.36,878.87
2025-11-10T23:16:51,3.62,25631,3609.00,3664.00,3638.00,-1.50,98.71,-1.44,879.24
2025-11-10T23:33:37,3.62,25631,3627.00,3674.00,3652.00,-1.59,98.66,-1.57,879.45
2025-11-10T23:50:22,3.62,25631,3603.00,3620.00,3614.00,-1.60,98.69,-1.66,879.66
2025-11-11T00:07:07,3.62,25631,3622.00,3664.00,3638.50,-1.74,98.59,-1.74,879.73
2025-11-11T00:23:53,3.63,25631,3613.00,3653.00,3645.50,-1.81,98.60,-1.84,879.95
2025-11-11T00:40:38,3.62,25631,3605.00,3657.00,3634.00,-1.73,98.55,-1.82,880.39
2025-11-11T00:57:23,3.62,25631,3608.00,3656.00,3625.00,-1.93,98.48,-2.00,880.23
2025-11-11T01:14:08,3.62,25631,3630.00,3657.00,3654.00,-1.84,98.58,-1.97,880.48
2025-11-11T01:30:54,3.63,25631,3614.00,3658.00,3655.00,-1.77,98.59,-1.89,880.63
2025-11-11T01:47:38,3.62,25631,3655.00,4989.00,4988.00,-1.76,98.59,-1.78,880.75
2025-11-11T02:04:23,3.62,25631,3690.00,4989.00,3714.50,-1.81,98.56,-1.79,881.24
2025-11-11T02:21:09,3.62,25631,3580.00,4988.00,3703.00,-1.81,98.57,-1.80,881.29
2025-11-11T02:37:54,3.62,25631,3580.00,3607.00,3587.50,-2.04,98.50,-1.91,881.62
2025-11-11T02:54:39,3.62,25631,3598.00,3634.00,3631.00,-2.15,98.46,-2.09,881.80
2025-11-11T03:11:25,3.63,25631,3628.00,3637.00,3632.00,-2.12,98.38,-2.24,881.87
2025-11-11T03:28:10,3.62,25631,3624.00,3632.00,3627.50,-1.95,98.25,-2.22,882.06
2025-11-11T03:44:55,3.62,25631,3625.00,3634.00,3632.00,-2.02,98.13,-2.22,882.17
2025-11-11T04:01:41,3.62,25631,3625.00,3632.00,3629.00,-2.14,98.05,-2.33,882.25
2025-11-11T04:18:26,3.63,25631,3632.00,3644.00,3638.50,-2.07,97.91,-2.27,882.25
2025-11-11T04:35:11,3.62,25631,3637.00,3652.00,3644.00,-2.18,98.10,-2.33,882.45
2025-11-11T04:51:57,3.62,25631,3643.00,3652.00,3646.50,-2.19,98.18,-2.28,882.58
2025-11-11T05:08:42,3.62,25631,3581.00,3657.00,3645.50,-2.15,98.29,-2.22,882.66
2025-11-11T05:25:27,3.62,25631,3639.00,3657.00,3644.00,-2.24,97.87,-2.36,882.78
2025-11-11T05:42:12,3.62,25631,3654.00,3660.00,3657.00,-2.17,97.68,-2.27,882.91
2025-11-11T05:58:58,3.62,25631,3631.00,3649.00,3642.50,-2.29,97.87,-2.35,883.19
2025-11-11T06:15:43,3.62,25631,3636.00,3649.00,3640.00,-2.26,97.88,-2.32,883.12
2025-11-11T06:32:28,3.62,25631,3624.00,3644.00,3639.00,-2.57,97.58,-2.60,883.05
2025-11-11T06:49:14,3.62,25631,3627.00,3646.00,3640.50,-2.45,97.10,-2.57,883.06
2025-11-11T07:05:59,3.62,25631,3620.00,3647.00,3634.50,-2.48,97.43,-2.56,883.15
2025-11-11T07:22:43,3.62,25631,3637.00,3650.00,3642.00,-2.39,98.14,-2.47,883.36
2025-11-11T07:39:28,3.62,25631,3627.00,3656.00,3646.50,-2.18,98.41,-2.29,883.44
2025-11-11T07:56:14,3.62,25631,3630.00,3642.00,3639.50,-2.42,97.84,-2.43,883.41
2025-11-11T08:12:59,3.62,25631,3633.00,3650.00,3643.50,-2.41,97.45,-2.38,883.55
2025-11-11T08:29:43,3.62,25631,3636.00,3651.00,3640.50,-2.22,97.26,-1.95,883.73
2025-11-11T08:46:29,3.62,25631,3641.00,3653.00,3646.50,-2.04,97.55,-1.23,883.82
2025-11-11T09:03:14,3.62,25631,3640.00,3661.00,3645.50,-2.00,98.10,-1.04,883.91
2025-11-11T09:19:59,3.62,25631,3643.00,3656.00,3651.50,-1.90,97.86,-0.71,884.02
2025-11-11T09:36:45,3.62,25631,3644.00,3659.00,3650.00,-1.66,97.67,0.19,884.05
2025-11-11T09:53:30,3.62,25631,3647.00,3659.00,3653.50,-1.67,97.01,0.59,884.20
2025-11-11T10:10:16,3.62,25631,3651.00,4989.00,4988.00,-1.58,97.14,0.86,884.19
2025-11-11T10:27:01,3.62,25631,3661.00,3667.00,3663.00,-1.53,97.84,0.90,884.45
2025-11-11T10:43:46,3.62,25631,3665.00,3674.00,3668.00,-1.35,97.51,2.10,884.21
2025-11-11T11:00:31,3.62,25631,3667.00,3675.00,3669.00,-1.25,97.39,2.10,884.35
2025-11-11T11:17:17,3.62,25631,3667.00,3682.00,3674.00,-0.98,97.15,3.49,884.48
2025-11-11T11:34:02,3.62,25631,3673.00,3679.00,3677.00,-0.33,96.96,5.66,884.65
2025-11-11T11:50:48,3.62,25631,3673.00,3682.00,3677.50,-0.39,96.66,5.23,884.56
2025-11-11T12:07:34,3.62,25631,3675.00,3685.00,3680.00,-0.08,96.08,5.11,884.50
2025-11-11T12:24:20,3.62,25631,3674.00,3689.00,3682.50,-0.40,96.67,4.54,884.41
2025-11-11T12:41:05,3.62,25631,3677.00,3688.00,3681.50,-0.59,96.83,4.48,884.44
2025-11-11T12:57:51,3.63,25631,3675.00,3688.00,3683.00,0.05,95.90,6.45,884.64
2025-11-11T13:14:37,3.62,25631,3704.00,3711.00,3707.00,0.07,95.57,9.44,884.43
2025-11-11T13:31:23,3.62,25631,3712.00,3721.00,3717.50,0.20,93.18,9.58,884.46
2025-11-11T13:48:09,3.62,25631,3724.00,3733.00,3728.50,0.93,93.91,12.39,884.54
2025-11-11T14:04:55,3.62,25631,3741.00,3757.00,3748.50,1.75,92.40,12.95,883.62
2025-11-11T14:21:41,3.62,25631,3698.00,3705.00,3699.00,0.27,95.58,7.63,883.77
2025-11-11T14:38:27,3.62,25631,3683.00,3689.00,3685.50,-0.02,96.40,4.34,884.07
2025-11-11T14:55:13,3.62,25631,3676.00,3687.00,3683.00,-0.30,96.78,2.69,884.14
2025-11-11T15:11:58,3.62,25631,3681.00,3685.00,3682.00,-0.59,97.38,1.58,884.05
2025-11-11T15:28:44,3.62,25631,3679.00,3685.00,3682.00,-0.94,97.55,0.96,883.92
2025-11-11T15:45:29,3.62,25631,3680.00,3687.00,3684.50,-1.19,97.53,0.50,883.83
2025-11-11T16:02:14,3.62,25631,3680.00,3685.00,3683.00,-1.39,97.62,-0.03,883.83
2025-11-11T16:18:59,3.62,25631,3675.00,3686.00,3680.50,-1.50,97.70,-0.52,883.89
2025-11-11T16:35:44,3.62,25631,3679.00,3685.00,3682.00,-1.62,97.98,-1.01,883.80
2025-11-11T16:52:30,3.62,25631,3677.00,3683.00,3680.00,-1.70,98.06,-1.29,883.60
2025-11-11T17:09:15,3.62,25631,3678.00,3683.00,3682.00,-1.83,97.92,-1.49,883.46
2025-11-11T17:26:00,3.62,25631,3677.00,3685.00,3682.50,-1.94,97.67,-1.65,883.38
2025-11-11T17:42:45,3.62,25631,3678.00,3683.00,3681.00,-2.04,97.78,-1.84,883.20
2025-11-11T17:59:31,3.62,25631,3678.00,3686.00,3679.50,-2.21,97.77,-2.11,883.19
2025-11-11T18:16:16,3.62,25631,3679.00,3683.00,3680.50,-2.41,98.01,-2.32,883.13
2025-11-11T18:33:01,3.62,25631,3676.00,3681.00,3679.50,-2.48,98.05,-2.61,882.91
2025-11-11T18:49:47,3.62,25631,3671.00,3677.00,3674.50,-2.56,97.49,-2.82,883.02
2025-11-11T19:06:32,3.62,25631,3675.00,3681.00,3679.00,-2.56,97.51,-2.74,883.04
2025-11-11T19:23:17,3.62,25631,3680.00,3683.00,3681.00,-2.36,96.89,-2.50,883.01
2025-11-11T19:40:02,3.62,25631,3677.00,3684.00,3681.00,-2.00,96.26,-2.27,882.83
2025-11-11T19:56:48,3.62,25631,3680.00,3686.00,3682.00,-2.14,97.24,-2.23,882.92
2025-11-11T20:13:33,3.62,25631,3680.00,3687.00,3684.00,-2.18,96.50,-2.18,882.88
2025-11-11T20:30:18,3.61,25631,3680.00,3686.00,3682.00,-2.22,97.05,-2.23,882.94
2025-11-11T20:47:02,3.62,25631,3678.00,3685.00,3681.00,-2.29,97.28,-2.30,882.79
2025-11-11T21:03:48,3.62,25631,3680.00,3685.00,3682.00,-2.34,97.16,-2.33,882.69
2025-11-11T21:20:33,3.62,25631,3676.00,3685.00,3679.50,-2.26,96.74,-2.30,882.46
2025-11-11T21:37:18,3.62,25631,3670.00,3681.00,3679.50,-2.05,95.73,-2.30,882.47
2025-11-11T21:54:03,3.62,25631,3675.00,3686.00,3682.50,-2.11,96.43,-2.26,882.37
2025-11-11T22:10:49,3.62,25631,3679.00,3689.00,3683.00,-2.45,96.70,-2.50,882.21
2025-11-11T22:27:34,3.62,25631,3673.00,3685.00,3679.50,-2.04,94.01,-2.52,882.16
2025-11-11T22:44:19,3.62,25631,3662.00,3790.00,3683.50,-1.90,93.34,-2.41,882.13
2025-11-11T23:01:03,3.62,25631,3675.00,3688.00,3682.00,-2.08,94.56,-2.49,881.93
2025-11-11T23:17:49,3.62,25631,3676.00,3693.00,3680.50,-1.60,91.47,-2.26,881.70
2025-11-11T23:34:34,3.62,25631,3683.00,3690.00,3688.00,-1.70,91.59,-2.11,881.42
2025-11-11T23:51:19,3.62,25631,3679.00,3690.00,3686.00,-1.50,89.23,-2.06,881.12
2025-11-12T00:08:04,3.62,25631,3678.00,3693.00,3685.00,-1.70,88.64,-2.06,880.91
2025-11-12T00:24:50,3.62,25631,3677.00,3697.00,3689.00,-1.91,92.64,-2.20,880.90
2025-11-12T00:41:35,3.62,25631,3680.00,3692.00,3687.50,-1.87,88.90,-2.33,880.61
2025-11-12T00:58:20,3.62,25631,3680.00,3687.00,3685.00,-1.83,89.87,-2.32,880.46
2025-11-12T01:15:05,3.62,25631,3680.00,3696.00,3688.50,-1.81,88.61,-2.41,880.30
2025-11-12T01:31:51,3.62,25631,3649.00,3705.00,3678.00,-2.02,90.64,-2.44,880.42
2025-11-12T01:48:36,3.62,25631,3685.00,3692.00,3689.50,-2.29,92.48,-2.53,880.28
2025-11-12T02:05:21,3.62,25631,3660.00,3683.00,3681.00,-1.80,87.21,-2.43,880.03
2025-11-12T02:22:06,3.62,25631,3679.00,3695.00,3687.50,-1.90,89.03,-2.32,879.60
2025-11-12T02:38:52,3.62,25631,3680.00,3698.00,3690.00,-1.66,86.55,-2.23,879.21
2025-11-12T02:55:37,3.62,25631,3676.00,3700.00,3690.50,-1.76,86.78,-2.21,879.08
2025-11-12T03:12:22,3.62,25631,3673.00,3694.00,3683.50,-2.14,89.36,-2.30,878.96
2025-11-12T03:29:07,3.62,25631,3683.00,3697.00,3689.00,-1.93,88.40,-2.31,878.83
2025-11-12T03:45:53,3.62,25631,3675.00,3692.00,3687.00,-2.17,88.95,-2.30,878.82
2025-11-12T04:02:38,3.61,25631,3679.00,3698.00,3685.00,-1.88,87.90,-2.34,878.70
2025-11-12T04:19:23,3.61,25631,3654.00,3692.00,3683.50,-1.76,85.08,-2.20,878.58
2025-11-12T04:36:07,3.62,25631,3665.00,3701.00,3694.00,-1.59,85.05,-2.12,878.41
2025-11-12T04:52:53,3.62,25631,3675.00,3690.00,3685.00,-1.67,84.85,-2.20,878.20
2025-11-12T05:09:38,3.62,25631,3676.00,3699.00,3684.50,-1.71,85.29,-2.12,877.96
2025-11-12T05:26:23,3.62,25631,3647.00,3702.00,3683.50,-1.81,86.94,-2.04,877.70
2025-11-12T05:43:09,3.62,25631,3657.00,3688.00,3677.50,-1.69,85.19,-2.05,877.35
2025-11-12T05:59:54,3.62,25631,3664.00,3686.00,3678.50,-1.70,84.77,-2.03,877.17
2025-11-12T06:16:39,3.62,25631,3644.00,3684.00,3665.00,-1.76,85.82,-2.08,876.92
2025-11-12T06:33:24,3.62,25631,3653.00,3694.00,3665.00,-1.73,83.81,-2.12,876.75
2025-11-12T06:50:10,3.62,25631,3644.00,3690.00,3670.50,-1.84,83.65,-2.12,876.60
2025-11-12T07:06:55,3.62,25631,3654.00,3688.00,3665.00,-1.59,82.72,-2.02,876.31
2025-11-12T07:23:40,3.61,25631,3654.00,3680.00,3666.00,-1.84,86.04,-1.99,876.20
2025-11-12T07:40:25,3.62,25631,3684.00,3694.00,3690.00,-2.05,88.30,-2.09,876.09
2025-11-12T07:57:11,3.61,25631,3692.00,3696.00,3693.00,-2.29,91.14,-2.26,875.97
2025-11-12T08:13:56,3.62,25631,3680.00,3687.00,3685.00,-2.45,92.71,-2.38,875.90
2025-11-12T08:30:41,3.62,25631,3688.00,3695.00,3690.00,-2.57,94.07,-2.46,875.74
2025-11-12T08:47:27,3.61,25631,3692.00,3703.00,3695.00,-2.55,94.11,-2.37,875.65
2025-11-12T09:04:11,3.62,25631,3647.00,3696.00,3656.50,-2.57,95.01,-2.12,875.43
2025-11-12T09:20:56,3.62,25631,3679.00,3688.00,3685.50,-2.49,94.92,-1.84,875.18
2025-11-12T09:37:41,3.61,25631,3692.00,3702.00,3695.50,-2.49,94.92,-1.61,874.78
2025-11-12T09:54:27,3.62,25631,3680.00,3708.00,3688.50,-2.46,95.15,-1.40,874.84
2025-11-12T10:11:12,3.62,25631,3666.00,3712.00,3698.00,-2.22,94.67,-1.02,874.78
2025-11-12T10:27:57,3.62,25631,3690.00,4989.00,4987.00,-2.25,93.79,-0.65,874.46
2025-11-12T10:44:43,3.61,25631,3693.00,3703.00,3699.50,-2.09,94.55,-0.50,874.35
2025-11-12T11:01:28,3.61,25631,3675.00,3691.00,3680.00,-2.15,93.83,-0.23,874.16
2025-11-12T11:18:13,3.61,25631,3689.00,3694.00,3692.50,-1.97,95.00,0.05,873.99
2025-11-12T11:34:59,3.61,25631,3674.00,3695.00,3683.50,-1.86,93.78,0.39,873.65
2025-11-12T11:51:44,3.61,25631,3666.00,3686.00,3673.00,-1.93,94.72,0.34,873.53
2025-11-12T12:08:30,3.62,25631,3681.00,3688.00,3683.50,-2.11,95.60,0.18,873.23
2025-11-12T12:25:15,3.62,25631,3673.00,3682.00,3679.00,-2.04,96.13,-0.04,872.92
2025-11-12T12:42:00,3.61,25631,3672.00,3681.00,3674.50,-1.98,96.38,0.08,872.63
2025-11-12T12:58:46,3.62,25631,3665.00,3671.00,3667.00,-1.84,95.76,0.34,872.39
2025-11-12T13:15:31,3.62,25631,3678.00,3692.00,3683.50,-1.69,95.42,0.63,872.10
2025-11-12T13:32:17,3.62,25631,3663.00,3675.00,3666.50,-1.91,96.17,0.45,872.00
2025-11-12T13:49:02,3.62,25631,3595.00,3636.00,3613.00,-1.76,95.56,0.19,872.11
2025-11-12T14:05:47,3.61,25631,3630.00,3640.00,3634.00,-1.91,95.86,0.08,871.97
2025-11-12T14:22:33,3.62,25631,3589.00,3637.00,3603.50,-1.71,95.61,0.07,871.90
2025-11-12T14:39:17,3.62,25631,3616.00,3636.00,3625.00,-2.01,96.29,-0.04,871.66
2025-11-12T14:56:03,3.61,25631,3622.00,3629.00,3624.00,-2.21,97.00,-0.43,871.39
2025-11-12T15:12:48,3.62,25631,3609.00,3686.00,3617.00,-2.18,97.19,-0.72,871.35
2025-11-12T15:29:33,3.61,25631,3614.00,3618.00,3615.00,-2.15,97.04,-1.01,871.33
2025-11-12T15:46:17,3.62,25631,3607.00,3650.00,3639.00,-2.19,97.05,-1.12,871.38
2025-11-12T16:03:03,3.60,25631,3563.00,3577.00,3569.50,-2.11,97.15,-1.40,871.36
2025-11-12T16:19:48,3.61,25631,3568.00,3591.00,3581.00,-2.29,97.48,-1.67,871.45
2025-11-12T16:36:33,3.62,25631,3581.00,3591.00,3586.00,-2.29,97.66,-1.93,871.23
2025-11-12T16:53:19,3.61,25631,3588.00,3596.00,3591.00,-2.38,97.71,-2.09,871.28
2025-11-12T17:10:04,3.61,25631,3582.00,3587.00,3583.50,-2.36,97.88,-2.21,871.26
2025-11-12T17:26:49,3.61,25631,3573.00,3578.00,3575.50,-2.42,98.06,-2.31,871.16
2025-11-12T17:43:34,3.61,25631,3572.00,3588.00,3581.00,-2.39,98.04,-2.35,871.01
2025-11-12T18:00:20,3.62,25631,3528.00,3594.00,3543.50,-2.45,97.95,-2.38,870.87
2025-11-12T18:17:05,3.62,25631,3540.00,3587.00,3566.00,-2.44,97.95,-2.40,870.83
2025-11-12T18:33:50,3.61,25631,3522.00,3547.00,3530.00,-2.46,97.90,-2.43,870.70
2025-11-12T18:50:35,3.61,25631,3575.00,3590.00,3582.50,-2.46,97.94,-2.44,870.80
2025-11-12T19:07:20,3.62,25631,3529.00,3536.00,3532.00,-2.50,98.03,-2.47,870.80
2025-11-12T19:24:06,3.61,25631,3539.00,3552.00,3545.00,-2.55,98.14,-2.51,870.71
2025-11-12T19:40:51,3.61,25631,3508.00,3521.00,3513.50,-2.69,98.23,-2.61,870.75
2025-11-12T19:57:36,3.61,25631,3514.00,3529.00,3518.00,-2.67,98.30,-2.63,870.85
2025-11-12T20:14:21,3.61,25631,3524.00,3604.00,3561.00,-2.65,98.38,-2.64,870.72
2025-11-12T20:31:07,3.61,25631,3561.00,3575.00,3571.50,-2.70,98.20,-2.70,870.70
2025-11-12T20:47:52,3.62,25631,3538.00,3568.00,3562.00,-2.72,98.31,-2.71,870.85
2025-11-12T21:04:37,3.61,25631,3546.00,3576.00,3551.50,-2.73,98.43,-2.75,870.82
2025-11-12T21:21:21,3.61,25631,3530.00,3564.00,3546.00,-2.84,98.47,-2.91,870.76
2025-11-12T21:38:07,3.61,25631,3530.00,3569.00,3555.00,-2.81,98.09,-2.97,870.91
2025-11-12T21:54:52,3.62,25631,3526.00,3549.00,3536.50,-3.09,97.94,-3.20,870.93
2025-11-12T22:11:37,3.61,25631,3516.00,3546.00,3529.00,-3.03,98.34,-3.21,871.01
2025-11-12T22:28:21,3.62,25631,3516.00,3555.00,3538.50,-2.77,98.49,-2.98,871.02
2025-11-12T22:45:06,3.61,25631,3521.00,3555.00,3528.00,-2.83,98.43,-2.94,871.07
2025-11-12T23:01:52,3.61,25631,3517.00,3570.00,3534.00,-2.88,98.37,-2.97,871.02
2025-11-12T23:18:37,3.61,25631,3520.00,3564.00,3542.00,-2.98,98.18,-3.04,870.95
2025-11-12T23:35:22,3.61,25631,3506.00,3530.00,3519.50,-3.60,97.29,-3.66,871.07
2025-11-12T23:52:07,3.61,25631,3521.00,3553.00,3530.50,-3.76,98.12,-3.79,871.02
2025-11-13T00:08:52,3.62,25631,3511.00,3537.00,3519.00,-3.99,98.22,-4.38,871.23
2025-11-13T00:25:37,3.61,25631,3501.00,3525.00,3514.50,-4.11,98.07,-4.32,871.23
2025-11-13T00:42:23,3.62,25631,3517.00,3540.00,3525.00,-3.95,98.02,-4.52,871.33
2025-11-13T00:59:08,3.60,25631,3525.00,3566.00,3536.00,-4.12,97.32,-4.78,871.45
2025-11-13T01:15:53,3.61,25631,3516.00,3581.00,3538.50,-4.18,97.03,-5.06,871.49
2025-11-13T01:32:38,3.61,25631,3566.00,3583.00,3580.50,-4.90,96.83,-5.42,871.67
2025-11-13T01:49:22,3.61,25631,3515.00,3577.00,3557.50,-5.16,97.21,-5.55,871.60
2025-11-13T02:06:07,3.61,25631,3516.00,3579.00,3526.50,-4.97,97.84,-5.61,871.77
2025-11-13T02:22:52,3.61,25631,3522.00,3547.00,3528.50,-4.95,97.68,-5.48,871.61
2025-11-13T02:39:37,3.61,25631,3520.00,3550.00,3528.00,-5.32,96.85,-5.84,871.71
2025-11-13T02:56:22,3.61,25631,3517.00,3566.00,3527.00,-5.28,97.26,-5.65,871.76
2025-11-13T03:13:07,3.61,25631,3525.00,3582.00,3531.50,-4.98,97.72,-5.33,871.81
2025-11-13T03:29:52,3.61,25631,3524.00,3534.00,3529.50,-4.55,98.04,-4.97,871.87
2025-11-13T03:46:37,3.61,25631,3527.00,3575.00,3539.50,-4.83,97.50,-5.18,871.68
2025-11-13T04:03:22,3.61,25631,3525.00,3558.00,3534.50,-5.48,96.40,-5.69,871.61
2025-11-13T04:20:08,3.60,25631,3565.00,4992.00,3574.50,-5.76,97.26,-6.23,871.62
2025-11-13T04:36:53,3.60,25631,3533.00,3589.00,3556.00,-5.67,97.20,-6.35,871.62
2025-11-13T04:53:38,3.61,25631,3522.00,3564.00,3539.50,-4.90,96.51,-6.29,871.74
2025-11-13T05:10:23,3.62,25631,3521.00,3566.00,3546.50,-4.77,95.57,-5.99,871.73
2025-11-13T05:27:08,3.61,25631,3519.00,3579.00,3530.00,-5.08,96.01,-6.21,871.74
2025-11-13T05:43:53,3.61,25631,3525.00,3573.00,3551.50,-5.05,95.40,-6.26,871.60
2025-11-13T06:00:38,3.61,25631,3543.00,3583.00,3563.00,-5.12,97.10,-6.44,871.56
2025-11-13T06:17:22,3.61,25631,3530.00,3617.00,3575.00,-5.25,95.14,-6.31,871.41
2025-11-13T06:34:07,3.61,25631,3554.00,3597.00,3591.00,-5.23,95.42,-6.39,871.52
2025-11-13T06:50:52,3.61,25631,3538.00,3594.00,3583.00,-5.88,96.18,-6.67,871.55
2025-11-13T07:07:37,3.61,25631,3529.00,3570.00,3545.00,-6.39,96.16,-6.91,871.40
2025-11-13T07:24:22,3.61,25631,3521.00,3582.00,3537.00,-6.42,97.41,-7.33,871.42
2025-11-13T07:41:07,3.61,25631,3530.00,3588.00,3559.00,-6.35,97.21,-7.35,871.50
2025-11-13T07:57:52,3.61,25631,3534.00,4992.00,3578.00,-6.56,95.81,-7.30,871.59
2025-11-13T08:14:37,3.61,25631,3537.00,3578.00,3548.00,-6.57,95.85,-6.99,871.59
2025-11-13T08:31:22,3.62,25631,3560.00,4990.00,3597.00,-6.15,96.60,-6.39,871.62
2025-11-13T08:48:07,3.61,25631,3569.00,4988.00,3617.50,-3.77,95.51,-1.53,871.76
2025-11-13T09:04:52,3.61,25631,3620.00,3640.00,3630.00,-2.50,91.63,1.41,871.60
2025-11-13T09:21:38,3.61,25631,3582.00,3634.00,3628.50,-3.97,91.72,-0.56,871.44
2025-11-13T09:38:23,3.60,25631,3608.00,3626.00,3620.00,-4.48,94.31,-1.70,871.47
2025-11-13T09:55:08,3.61,25631,3613.00,3626.00,3619.50,-4.39,94.61,-1.86,871.44
2025-11-13T10:11:53,3.61,25631,3617.00,3636.00,3628.50,-3.90,92.31,-0.51,871.42
2025-11-13T10:28:39,3.61,25631,3617.00,3654.00,3647.00,-2.50,86.66,4.45,871.46
2025-11-13T10:45:23,3.61,25631,3578.00,3634.00,3596.50,-0.73,83.40,5.51,870.94
2025-11-13T11:02:09,3.61,25631,3643.00,3666.00,3661.00,-2.00,83.11,5.55,871.18
2025-11-13T11:18:55,3.61,25631,3612.00,3668.00,3654.50,-2.28,87.11,4.53,871.32
2025-11-13T11:35:40,3.61,25631,3597.00,3658.00,3651.00,-2.19,88.75,4.98,871.26
2025-11-13T11:52:26,3.61,25631,3603.00,3668.00,3659.00,-1.36,85.87,7.31,871.38
2025-11-13T12:09:12,3.62,25631,3660.00,3703.00,3699.50,-0.97,83.20,10.87,871.10
2025-11-13T12:25:58,3.61,25631,3640.00,3681.00,3673.50,-2.29,86.73,8.26,870.99
2025-11-13T12:42:43,3.61,25631,3630.00,3674.00,3656.00,-1.45,88.43,7.09,871.05
2025-11-13T12:59:29,3.60,25631,3633.00,3670.00,3657.50,-1.70,89.19,7.19,871.15
2025-11-13T13:16:15,3.61,25631,3641.00,3714.00,3678.50,-0.57,86.37,11.38,871.47
2025-11-13T13:33:01,3.60,25631,3644.00,3734.00,3684.00,-1.30,85.30,9.44,870.69
2025-11-13T13:49:47,3.61,25631,3607.00,3663.00,3640.00,-2.02,84.79,6.72,870.94
2025-11-13T14:06:33,3.61,25631,3602.00,3678.00,3641.00,-1.95,86.43,4.63,870.80
2025-11-13T14:23:18,3.61,25631,3639.00,3657.00,3650.00,-2.81,89.80,2.59,870.97
2025-11-13T14:40:04,3.61,25631,3620.00,4987.00,3646.50,-1.24,82.00,4.52,870.90
2025-11-13T14:56:49,3.61,25631,3619.00,3670.00,3660.50,0.31,78.68,4.47,870.81
2025-11-13T15:13:35,3.61,25631,3615.00,4987.00,3636.00,-1.88,85.14,2.84,871.07
2025-11-13T15:30:20,3.61,25631,3611.00,3654.00,3635.50,0.10,75.29,4.36,871.02
2025-11-13T15:47:06,3.62,25631,3582.00,3646.00,3604.50,-3.73,89.55,0.44,870.92
2025-11-13T16:03:51,3.60,25631,3594.00,4988.00,3616.50,-4.25,91.95,-2.07,871.07
2025-11-13T16:20:35,3.61,25631,3595.00,3636.00,3617.00,-4.76,92.80,-3.53,871.14
2025-11-13T16:37:21,3.61,25631,3600.00,4990.00,3609.50,-5.59,93.79,-4.82,871.32
2025-11-13T16:54:06,3.61,25631,3599.00,4991.00,3625.50,-5.93,96.60,-5.79,871.23
2025-11-13T17:10:51,3.61,25631,3574.00,4989.00,3604.00,-6.04,96.60,-6.37,871.38
2025-11-13T17:27:36,3.60,25631,3590.00,4991.00,3602.00,-6.12,95.95,-6.57,871.40
2025-11-13T17:44:21,3.61,25631,3569.00,3599.00,3594.00,-6.22,95.25,-6.87,871.32
2025-11-13T18:01:06,3.60,25631,3571.00,3613.00,3595.00,-6.30,96.49,-6.89,871.39
2025-11-13T18:17:51,3.60,25631,3579.00,4991.00,3583.00,-6.49,96.67,-7.03,871.48
2025-11-13T18:34:35,3.61,25631,3577.00,3595.00,3588.00,-6.35,96.99,-6.89,871.53
2025-11-13T18:51:20,3.61,25631,3591.00,4992.00,4990.00,-6.43,96.77,-6.91,871.36
2025-11-13T19:08:05,3.60,25631,3592.00,4990.00,4330.00,-6.26,96.91,-7.11,871.40
2025-11-13T19:24:50,3.61,25631,3574.00,4990.00,3627.50,-6.59,97.27,-7.29,871.47
2025-11-13T19:41:35,3.61,25631,3569.00,3603.00,3594.50,-6.57,95.48,-7.47,871.47
2025-11-13T19:58:20,3.61,25631,3589.00,4992.00,3600.00,-6.40,96.78,-7.59,871.51
2025-11-13T20:15:05,3.61,25631,3592.00,4992.00,3597.00,-6.57,96.77,-7.72,871.50
2025-11-13T20:31:50,3.61,25631,3595.00,4992.00,4299.00,-6.72,95.74,-7.67,871.54
2025-11-13T20:48:34,3.61,25631,3595.00,4991.00,3607.00,-6.43,96.08,-7.39,871.58
2025-11-13T21:05:19,3.61,25631,3598.00,4991.00,4989.50,-6.74,94.51,-7.44,871.61
2025-11-13T21:22:04,3.60,25631,3597.00,4991.00,3602.00,-6.74,95.80,-7.47,871.69
2025-11-13T21:38:49,3.60,25631,3597.00,4990.00,3602.00,-6.53,96.68,-7.29,871.76
2025-11-13T21:55:34,3.61,25631,3591.00,4992.00,3605.50,-6.52,96.41,-7.37,871.82
2025-11-13T22:12:19,3.60,25631,3598.00,4990.00,3606.50,-6.32,96.40,-7.30,871.87
2025-11-13T22:29:04,3.60,25631,3599.00,3610.00,3604.00,-6.22,96.83,-7.27,871.87
2025-11-13T22:45:49,3.61,25631,3567.00,4991.00,3596.00,-6.56,94.58,-7.36,871.82
2025-11-13T23:02:34,3.59,25631,3595.00,4990.00,3605.50,-6.45,95.16,-7.17,871.90
2025-11-13T23:19:18,3.61,25631,3600.00,3610.00,3605.00,-6.25,94.51,-7.13,872.03
2025-11-13T23:36:03,3.60,25631,3588.00,4991.00,3608.50,-6.21,94.80,-6.95,871.99
2025-11-13T23:52:48,3.61,25631,3584.00,4990.00,3609.00,-6.12,93.42,-7.11,871.97
2025-11-14T00:09:33,3.60,25631,3605.00,4992.00,3613.00,-6.15,94.46,-6.99,872.10
2025-11-14T00:26:18,3.60,25631,3581.00,4992.00,3605.50,-5.95,94.90,-6.75,872.19
2025-11-14T00:43:03,3.60,25631,3603.00,3616.00,3609.00,-5.87,92.89,-6.58,872.19
2025-11-14T00:59:48,3.60,25631,3603.00,3613.00,3604.50,-5.88,93.10,-6.56,872.24
2025-11-14T01:16:33,3.60,25631,3599.00,3606.00,3603.00,-5.99,90.87,-6.67,872.23
2025-11-14T01:33:18,3.61,25631,3599.00,4990.00,3607.50,-6.37,91.84,-7.01,872.15
2025-11-14T01:50:03,3.60,25631,3586.00,4990.00,3610.50,-6.43,93.27,-7.23,872.36
2025-11-14T02:06:48,3.60,25631,3600.00,3641.00,3610.00,-6.09,92.18,-6.98,872.36
2025-11-14T02:23:33,3.60,25631,3600.00,3611.00,3605.50,-6.33,91.83,-7.20,872.26
2025-11-14T02:40:18,3.61,25631,3600.00,3616.00,3607.50,-6.50,91.84,-7.48,872.33
2025-11-14T02:57:03,3.60,25631,3593.00,3609.00,3600.50,-6.43,91.23,-7.62,872.21
2025-11-14T03:13:48,3.60,25631,3595.00,3604.00,3599.50,-6.35,91.30,-7.62,872.18
2025-11-14T03:30:33,3.60,25631,3591.00,4991.00,3601.00,-6.42,89.61,-7.61,872.16
2025-11-14T03:47:18,3.60,25631,3597.00,4990.00,3608.00,-6.17,90.73,-7.45,872.20
2025-11-14T04:04:03,3.60,25631,3598.00,3609.00,3605.00,-6.14,91.14,-7.29,872.16
2025-11-14T04:20:48,3.60,25631,3596.00,4990.00,3608.50,-6.15,92.13,-7.25,871.83
2025-11-14T04:37:31,3.61,25631,3601.00,4991.00,3610.00,-5.93,92.65,-6.88,871.73
2025-11-14T04:54:16,3.60,25631,3610.00,4990.00,3616.50,-5.77,91.60,-6.86,871.77
2025-11-14T05:11:01,3.60,25631,3606.00,3616.00,3613.50,-5.74,93.03,-6.56,871.65
2025-11-14T05:27:46,3.60,25631,3603.00,3618.00,3607.50,-5.64,92.91,-6.29,871.67
2025-11-14T05:44:31,3.60,25631,3605.00,3616.00,3610.00,-5.53,91.73,-6.22,871.80
2025-11-14T06:01:16,3.60,25631,3603.00,3617.00,3610.50,-5.43,90.97,-6.18,871.76
2025-11-14T06:18:01,3.61,25631,3602.00,3617.00,3610.50,-5.38,92.00,-6.02,871.89
2025-11-14T06:34:46,3.61,25631,3605.00,3621.00,3614.50,-5.36,91.74,-5.88,871.85
2025-11-14T06:51:31,3.60,25631,3611.00,3623.00,3617.00,-5.09,90.53,-5.84,871.92
2025-11-14T07:08:16,3.61,25631,3605.00,3621.00,3617.00,-5.21,91.53,-5.81,871.69
2025-11-14T07:25:01,3.61,25631,3604.00,3620.00,3612.50,-5.38,89.83,-6.00,871.88
2025-11-14T07:41:46,3.60,25631,3612.00,3623.00,3615.00,-5.25,87.35,-6.04,871.83
2025-11-14T07:58:31,3.61,25631,3613.00,3627.00,3616.00,-5.07,87.08,-6.04,872.06
2025-11-14T08:15:16,3.60,25631,3603.00,3617.00,3613.50,-5.16,88.91,-5.94,871.99
2025-11-14T08:32:01,3.60,25631,3615.00,3625.00,3620.50,-5.01,91.36,-5.37,872.00
2025-11-14T08:48:46,3.61,25631,3617.00,3626.00,3621.50,-4.70,90.56,-4.51,872.06
2025-11-14T09:05:31,3.61,25631,3615.00,3630.00,3624.50,-4.38,91.22,-4.05,872.04
2025-11-14T09:22:16,3.60,25631,3631.00,3636.00,3633.00,-4.17,92.12,-3.57,872.13
2025-11-14T09:39:02,3.60,25631,3621.00,3636.00,3633.00,-3.71,92.03,-2.55,872.05
2025-11-14T09:55:47,3.61,25631,3627.00,3637.00,3631.00,-3.39,91.23,-1.96,872.05
2025-11-14T10:12:32,3.60,25631,3621.00,3641.00,3631.00,-3.46,86.43,-1.39,872.10
2025-11-14T10:29:17,3.61,25631,3634.00,3640.00,3636.50,-3.73,87.67,-0.85,872.18
2025-11-14T10:46:03,3.61,25631,3622.00,3641.00,3637.00,-2.65,88.59,0.23,871.99
2025-11-14T11:02:48,3.61,25631,3638.00,3656.00,3645.00,-1.81,85.57,1.24,871.91
2025-11-14T11:19:34,3.61,25631,3660.00,3705.00,3689.00,-0.32,81.59,6.43,872.06
2025-11-14T11:36:19,3.61,25631,3717.00,3725.00,3721.00,-1.27,77.92,8.88,871.86
2025-11-14T11:53:05,3.61,25631,3672.00,3716.00,3700.50,-0.81,78.08,10.40,871.83
2025-11-14T12:09:51,3.61,25631,3660.00,3685.00,3681.00,-1.18,80.80,5.79,871.93
2025-11-14T12:26:37,3.61,25631,3660.00,3680.00,3675.00,-1.22,80.21,4.53,871.81
2025-11-14T12:43:22,3.61,25631,3667.00,3676.00,3672.50,-1.27,82.98,4.10,871.91
2025-11-14T13:00:08,3.60,25631,3686.00,3691.00,3688.50,-1.32,80.00,4.96,871.60
2025-11-14T13:16:54,3.61,25631,3661.00,3672.00,3669.00,-1.79,85.58,3.73,871.75
2025-11-14T13:33:39,3.61,25631,3668.00,3673.00,3670.00,-0.98,83.14,3.52,871.78
2025-11-14T13:50:25,3.60,25631,3676.00,3683.00,3679.00,0.41,80.73,4.38,871.75
2025-11-14T14:07:10,3.61,25631,3679.00,3685.00,3680.50,0.21,80.26,4.66,871.58
2025-11-14T14:23:56,3.61,25631,3674.00,3678.00,3676.50,-0.55,80.91,4.13,871.48
2025-11-14T14:40:40,3.61,25631,3667.00,3675.00,3671.50,-0.60,80.99,3.68,871.41
2025-11-14T14:57:25,3.61,25631,3663.00,3671.00,3666.50,-0.83,82.00,2.19,871.13
2025-11-14T15:14:11,3.61,25631,3657.00,3660.00,3659.00,-1.90,80.64,0.56,871.07
2025-11-14T15:30:56,3.61,25631,3651.00,3656.00,3654.00,-2.25,84.89,-0.40,871.14
2025-11-14T15:47:41,3.61,25631,3649.00,3653.00,3650.00,-2.53,83.32,-1.02,871.01
2025-11-14T16:04:27,3.61,25631,3644.00,3649.00,3646.00,-2.73,83.79,-1.56,871.10
2025-11-14T16:21:12,3.61,25631,3645.00,3650.00,3648.00,-3.03,85.20,-2.04,871.12
2025-11-14T16:37:57,3.61,25631,3644.00,3649.00,3645.50,-3.16,84.07,-2.44,871.11
2025-11-14T16:54:42,3.61,25631,3643.00,3650.00,3646.50,-3.15,85.51,-2.64,871.13
2025-11-14T17:11:27,3.60,25631,3644.00,3650.00,3648.00,-3.21,86.48,-2.81,871.24
2025-11-14T17:28:13,3.61,25631,3646.00,3651.00,3647.50,-3.25,85.33,-2.97,871.27
2025-11-14T17:44:58,3.60,25631,3638.00,3649.00,3646.50,-3.58,92.43,-3.18,871.23
2025-11-14T18:01:43,3.60,25631,3643.00,3648.00,3646.00,-3.84,95.15,-3.57,871.17
2025-11-14T18:18:28,3.60,25631,3637.00,3644.00,3640.50,-3.91,95.24,-3.76,871.12
2025-11-14T18:35:13,3.60,25631,3633.00,3640.00,3638.00,-3.84,94.29,-3.80,871.00
2025-11-14T18:51:58,3.60,25631,3597.00,3609.00,3601.00,-3.79,94.95,-3.79,870.99
2025-11-14T19:08:44,3.60,25631,3594.00,3599.00,3596.00,-3.69,94.05,-3.74,870.89
2025-11-14T19:25:29,3.60,25631,3615.00,3621.00,3617.50,-3.50,93.90,-3.69,870.75
2025-11-14T19:42:14,3.61,25631,3614.00,3622.00,3618.50,-3.36,94.73,-3.57,870.69
2025-11-14T19:58:59,3.60,25631,3611.00,3614.00,3613.00,-3.31,93.94,-3.47,870.48
2025-11-14T20:15:44,3.60,25631,3602.00,3609.00,3604.00,-3.21,93.13,-3.40,870.35
2025-11-14T20:32:29,3.61,25631,3604.00,3614.00,3608.50,-3.27,93.35,-3.38,870.34
2025-11-14T20:49:14,3.60,25631,3608.00,3612.00,3611.00,-3.14,93.64,-3.34,870.33
2025-11-14T21:06:00,3.60,25631,3590.00,3605.00,3602.50,-3.28,94.88,-3.33,870.27
2025-11-14T21:22:44,3.61,25631,3605.00,3612.00,3610.00,-3.16,94.40,-3.29,870.29
2025-11-14T21:39:29,3.60,25631,3599.00,3616.00,3605.50,-3.15,94.89,-3.26,870.36
2025-11-14T21:56:14,3.61,25631,3604.00,3618.00,3615.00,-3.09,95.15,-3.16,870.40
2025-11-14T22:12:59,3.60,25631,3606.00,3633.00,3621.00,-2.97,94.83,-3.12,870.40
2025-11-14T22:29:44,3.61,25631,3593.00,3607.00,3603.00,-3.00,95.77,-3.09,870.31
2025-11-14T22:46:30,3.60,25631,3600.00,3606.00,3603.50,-2.87,96.31,-3.02,870.27
2025-11-14T23:03:15,3.60,25631,3595.00,3609.00,3600.50,-2.53,95.96,-2.85,870.35
2025-11-14T23:20:00,3.61,25631,3599.00,3612.00,3605.00,-2.44,95.92,-2.72,870.38
2025-11-14T23:36:45,3.60,25631,4987.00,4989.00,4988.50,-2.32,96.37,-2.60,870.31
2025-11-14T23:53:30,3.61,25631,3594.00,3612.00,3606.50,-2.28,96.51,-2.52,870.23
2025-11-15T00:10:16,3.60,25631,3589.00,3594.00,3591.50,-2.22,96.42,-2.43,870.32
2025-11-15T00:27:01,3.60,25631,3586.00,3597.00,3594.00,-2.18,96.81,-2.38,870.45
2025-11-15T00:43:46,3.60,25631,3590.00,3594.00,3592.00,-2.36,96.63,-2.41,870.53
2025-11-15T01:00:31,3.60,25631,3585.00,3588.00,3586.00,-2.52,97.35,-2.49,870.62
2025-11-15T01:17:17,3.60,25631,3576.00,3594.00,3588.00,-2.60,97.34,-2.55,870.75
2025-11-15T01:34:02,3.61,25631,3584.00,3587.00,3585.00,-2.60,97.36,-2.59,870.80
2025-11-15T01:50:45,3.60,25631,3579.00,3594.00,3588.50,-2.62,97.40,-2.61,870.94
2025-11-15T02:07:30,3.60,25631,3572.00,3583.00,3575.50,-2.48,97.62,-2.57,871.02
2025-11-15T02:24:15,3.60,25631,3572.00,3578.00,3575.50,-2.63,97.18,-2.59,871.25
2025-11-15T02:41:01,3.60,25631,3565.00,3572.00,3569.00,-2.21,97.90,-2.44,871.47
2025-11-15T02:57:46,3.60,25631,3565.00,3573.00,3568.00,-2.11,97.64,-2.28,871.47
2025-11-15T03:14:31,3.61,25631,3565.00,3570.00,3567.50,-2.00,97.68,-2.18,871.67
2025-11-15T03:31:16,3.60,25631,3565.00,3568.00,3566.00,-1.50,97.98,-1.87,871.78
2025-11-15T03:48:01,3.60,25631,3562.00,3573.00,3570.50,-1.25,98.03,-1.56,871.90
2025-11-15T04:04:47,3.60,25631,3566.00,3571.00,3568.00,-1.36,97.96,-1.51,872.04
2025-11-15T04:21:32,3.60,25631,3565.00,3572.00,3571.00,-1.36,98.16,-1.49,872.29
2025-11-15T04:38:17,3.60,25631,3568.00,3578.00,3572.00,-1.11,98.40,-1.41,872.49
2025-11-15T04:55:02,3.60,25631,3565.00,3571.00,3568.00,-1.04,98.34,-1.14,872.81
2025-11-15T05:11:48,3.60,25631,3569.00,3576.00,3573.50,-0.88,98.44,-1.06,872.99
2025-11-15T05:28:33,3.60,25631,3573.00,3579.00,3576.50,-1.07,98.38,-1.05,873.17
2025-11-15T05:45:18,3.60,25631,3573.00,3579.00,3576.50,-1.30,98.39,-1.26,873.42
2025-11-15T06:02:03,3.60,25631,3573.00,3585.00,3578.00,-0.95,98.62,-1.22,873.65
2025-11-15T06:18:48,3.60,25631,3571.00,3581.00,3575.00,-0.69,98.61,-1.03,873.91
2025-11-15T06:35:33,3.60,25631,3573.00,3581.00,3579.00,-0.62,98.38,-0.93,873.89
2025-11-15T06:52:18,3.60,25631,3575.00,3585.00,3579.50,-0.80,98.36,-0.90,874.22
2025-11-15T07:09:04,3.60,25631,3579.00,3590.00,3582.00,-0.39,97.98,-0.74,874.34
2025-11-15T07:25:49,3.60,25631,3580.00,3588.00,3583.00,-0.55,98.14,-0.73,874.41
2025-11-15T07:42:34,3.60,25631,3576.00,3588.00,3584.00,-0.60,97.70,-0.86,874.84
2025-11-15T07:59:19,3.61,25631,3569.00,3591.00,3584.00,-0.35,96.63,-0.83,874.99
2025-11-15T08:16:05,3.60,25631,3574.00,3593.00,3589.50,-0.49,95.49,-0.77,875.12
2025-11-15T08:32:49,3.61,25631,3576.00,3595.00,3590.50,-0.62,96.32,-0.68,875.38
2025-11-15T08:49:34,3.60,25631,3576.00,3588.00,3584.00,-0.40,95.77,-0.45,875.49
2025-11-15T09:06:20,3.60,25631,3584.00,3598.00,3591.00,-0.49,96.36,-0.08,875.67
2025-11-15T09:23:05,3.60,25631,3579.00,3594.00,3588.50,-0.07,95.18,0.63,875.95
2025-11-15T09:39:50,3.60,25631,3592.00,3601.00,3594.00,0.23,94.76,1.47,876.18
2025-11-15T09:56:36,3.60,25631,3584.00,3602.00,3592.00,0.47,93.35,2.25,876.15
2025-11-15T10:13:21,3.60,25631,3591.00,3600.00,3596.50,0.61,92.97,2.68,876.34
2025-11-15T10:30:07,3.61,25631,3591.00,3600.00,3597.00,0.65,91.83,3.58,876.49
2025-11-15T10:46:52,3.61,25631,3597.00,3601.00,3599.00,0.81,90.70,4.30,876.57
2025-11-15T11:03:38,3.61,25631,3597.00,3609.00,3599.00,0.92,92.19,5.16,876.59
2025-11-15T11:20:24,3.60,25631,3594.00,3608.00,3599.00,1.22,91.23,5.75,876.65
2025-11-15T11:37:09,3.60,25631,3583.00,3610.00,3602.00,1.00,90.83,5.69,876.80
2025-11-15T11:53:55,3.61,25631,3595.00,3605.00,3598.00,0.64,93.40,5.16,876.71
2025-11-15T12:10:41,3.60,25631,3594.00,3601.00,3599.00,0.58,93.45,4.79,876.70
2025-11-15T12:27:26,3.61,25631,3587.00,3602.00,3596.00,0.30,94.90,3.94,876.65
2025-11-15T12:44:12,3.62,25631,3590.00,3599.00,3594.00,0.34,94.61,3.90,876.56
2025-11-15T13:00:57,3.62,25631,3587.00,3598.00,3595.50,-0.09,95.43,3.38,876.56
2025-11-15T13:17:43,3.63,25631,3556.00,3600.00,3591.50,1.07,93.23,4.66,876.36
2025-11-15T13:34:28,3.61,25631,3537.00,3598.00,3589.50,0.85,92.46,4.62,876.25
2025-11-15T13:51:14,3.61,25631,3548.00,3572.00,3555.50,0.96,92.72,4.22,876.13
2025-11-15T14:08:00,3.63,25631,3567.00,3602.00,3578.50,1.79,90.30,4.72,876.13
2025-11-15T14:24:45,3.62,25631,3571.00,3580.00,3575.00,0.95,89.61,4.08,875.89
2025-11-15T14:41:31,3.63,25631,3567.00,3586.00,3575.50,0.48,93.85,2.84,875.95
2025-11-15T14:58:16,3.61,25631,3580.00,3595.00,3591.00,0.56,94.36,2.62,875.68
2025-11-15T15:15:02,3.60,25631,3613.00,3629.00,3623.50,0.61,93.65,2.28,875.49
2025-11-15T15:31:47,3.60,25631,3606.00,3618.00,3614.00,0.21,95.65,1.74,875.47
2025-11-15T15:48:32,3.62,25631,3611.00,3621.00,3616.00,0.29,95.79,1.23,875.55
2025-11-15T16:05:18,3.61,25631,3597.00,3612.00,3608.50,-0.02,96.34,0.62,875.47
2025-11-15T16:22:01,3.60,25631,3602.00,3611.00,3607.50,-0.14,96.46,0.23,875.22
2025-11-15T16:38:47,3.60,25631,3605.00,3616.00,3612.50,-0.36,96.64,-0.22,875.11
2025-11-15T16:55:32,3.60,25631,3591.00,3605.00,3598.00,-0.43,96.51,-0.47,874.97
2025-11-15T17:12:17,3.60,25631,3591.00,3603.00,3595.50,-0.59,96.69,-0.62,874.77
2025-11-15T17:29:03,3.60,25631,3589.00,3600.00,3597.00,-0.73,96.82,-0.80,874.82
2025-11-15T17:45:48,3.60,25631,3597.00,3607.00,3600.00,-0.67,96.05,-0.77,874.63
2025-11-15T18:02:33,3.60,25631,3594.00,3602.00,3595.50,-0.65,95.53,-0.77,874.19
2025-11-15T18:19:18,3.60,25631,3590.00,3605.00,3600.50,-0.67,96.13,-0.78,873.98
2025-11-15T18:36:04,3.60,25631,3588.00,3601.00,3593.50,-0.84,96.75,-0.87,873.80
2025-11-15T18:52:49,3.60,25631,3592.00,3602.00,3598.00,-0.84,96.75,-0.96,873.82
2025-11-15T19:09:34,3.60,25631,3586.00,3596.00,3594.00,-1.04,97.61,-1.02,873.65
2025-11-15T19:26:20,3.60,25631,3602.00,3606.00,3604.50,-0.98,97.97,-0.98,873.44
2025-11-15T19:43:05,3.61,25631,3564.00,3625.00,3612.50,-1.00,98.21,-0.97,873.19
2025-11-15T19:59:50,3.62,25631,3550.00,3598.00,3594.00,-0.94,98.29,-0.94,873.15
2025-11-15T20:16:35,3.65,25631,3540.00,3559.00,3547.00,-1.01,98.43,-0.94,872.97
2025-11-15T20:33:21,3.61,25631,3537.00,3568.00,3553.00,-1.05,98.50,-0.99,872.67
2025-11-15T20:50:06,3.63,25631,3563.00,3580.00,3573.00,-1.01,98.48,-0.99,872.31
2025-11-15T21:06:51,3.61,25631,3568.00,4988.00,4987.00,-1.00,98.39,-1.00,872.16
2025-11-15T21:23:37,3.62,25631,3576.00,3588.00,3584.50,-0.95,98.21,-0.98,871.95
2025-11-15T21:40:22,3.59,25631,3578.00,3595.00,3586.00,-1.05,98.25,-1.01,871.82
2025-11-15T21:57:07,3.62,25631,3580.00,3588.00,3585.50,-1.03,98.31,-1.03,871.72
2025-11-15T22:13:52,3.63,25631,3558.00,4987.00,3566.00,-1.08,98.39,-1.03,871.56
2025-11-15T22:30:38,3.65,25631,3564.00,3576.00,3571.50,-1.11,98.41,-1.06,871.35
2025-11-15T22:47:23,3.67,25631,3555.00,4989.00,3564.50,-1.09,98.41,-1.08,871.32
2025-11-15T23:04:07,3.60,25631,3559.00,3567.00,3563.50,-1.08,98.27,-1.08,871.11
2025-11-15T23:20:52,3.60,25631,3574.00,3588.00,3583.50,-1.11,98.20,-1.10,870.96
2025-11-15T23:37:38,3.61,25631,3567.00,3573.00,3570.00,-1.15,98.23,-1.15,870.80
2025-11-15T23:54:23,3.65,25631,3542.00,3550.00,3545.50,-1.12,98.29,-1.16,870.62
2025-11-16T00:11:08,3.61,25631,3530.00,3538.00,3532.00,-1.11,98.34,-1.15,870.29
2025-11-16T00:27:53,3.65,25631,3524.00,3535.00,3530.50,-1.05,98.26,-1.15,870.22
2025-11-16T00:44:39,3.60,25631,3523.00,3532.00,3529.00,-1.09,98.20,-1.15,869.91
2025-11-16T01:01:24,3.63,25631,3521.00,3530.00,3526.50,-1.11,98.19,-1.17,869.64
2025-11-16T01:18:08,3.64,25631,3516.00,3520.00,3518.50,-1.22,98.19,-1.23,869.44
2025-11-16T01:34:53,3.65,25631,3519.00,3528.00,3523.50,-1.22,98.15,-1.24,869.17
2025-11-16T01:51:39,3.64,25631,3521.00,3526.00,3521.00,-1.27,98.14,-1.28,869.02
2025-11-16T02:08:24,3.65,25631,3516.00,3521.00,3518.00,-1.27,98.26,-1.30,868.74
2025-11-16T02:25:09,3.61,25631,3515.00,3521.00,3517.00,-1.24,98.39,-1.32,868.67
2025-11-16T02:41:55,3.64,25631,3513.00,3519.00,3515.50,-1.25,98.48,-1.34,868.60
2025-11-16T02:58:40,3.60,25631,3514.00,3523.00,3519.00,-1.30,98.53,-1.35,868.41
2025-11-16T03:15:25,3.62,25631,3511.00,3520.00,3516.50,-1.34,98.61,-1.36,868.06
2025-11-16T03:32:10,3.61,25631,3510.00,3517.00,3513.00,-1.36,98.57,-1.40,867.90
2025-11-16T03:48:56,3.60,25631,3505.00,3511.00,3510.00,-1.32,97.98,-1.39,867.84
2025-11-16T04:05:41,3.60,25631,3506.00,3511.00,3508.00,-1.31,97.37,-1.40,867.51
2025-11-16T04:22:26,3.60,25631,3506.00,3511.00,3507.50,-1.38,97.65,-1.43,867.34
2025-11-16T04:39:11,3.61,25631,3504.00,3512.00,3507.00,-1.49,97.90,-1.50,867.10
2025-11-16T04:55:57,3.60,25631,3499.00,3511.00,3505.00,-1.35,97.14,-1.51,866.99
2025-11-16T05:12:42,3.60,25631,3473.00,3504.00,3499.50,-1.28,96.35,-1.45,866.82
2025-11-16T05:29:27,3.64,25631,3503.00,3509.00,3505.50,-1.35,96.61,-1.45,866.76
2025-11-16T05:46:12,3.62,25631,3495.00,3504.00,3500.50,-1.36,96.67,-1.49,866.53
2025-11-16T06:02:58,3.60,25631,3471.00,3501.00,3492.00,-1.45,96.97,-1.53,866.40
2025-11-16T06:19:43,3.60,25631,3498.00,3509.00,3502.00,-1.43,96.92,-1.52,866.29
2025-11-16T06:36:28,3.60,25631,3472.00,3491.00,3479.50,-1.52,97.46,-1.56,866.08
2025-11-16T06:53:12,3.61,25631,3503.00,3512.00,3506.50,-1.53,97.77,-1.56,866.04
2025-11-16T07:09:58,3.60,25631,3500.00,3510.00,3502.50,-1.53,97.98,-1.59,865.98
2025-11-16T07:26:43,3.60,25631,3497.00,3505.00,3502.00,-1.50,97.82,-1.59,865.71
2025-11-16T07:43:28,3.60,25631,3494.00,3503.00,3499.50,-1.59,97.98,-1.62,865.71
2025-11-16T08:00:13,3.60,25631,3500.00,3507.00,3503.00,-1.53,98.10,-1.61,865.73
2025-11-16T08:16:58,3.61,25631,3499.00,3508.00,3503.50,-1.58,98.10,-1.59,865.57
2025-11-16T08:33:44,3.60,25631,3500.00,3506.00,3501.50,-1.58,98.07,-1.51,865.55
2025-11-16T08:50:29,3.60,25631,3497.00,3505.00,3502.50,-1.53,98.19,-1.36,865.52
2025-11-16T09:07:14,3.60,25631,3501.00,3507.00,3504.50,-1.38,97.68,-0.91,865.34
2025-11-16T09:23:59,3.60,25631,3504.00,3508.00,3505.00,-1.19,97.08,-0.37,865.31
2025-11-16T09:40:45,3.60,25631,3503.00,3508.00,3504.00,-1.16,96.33,0.04,865.20
2025-11-16T09:57:30,3.60,25631,3504.00,3510.00,3506.00,-0.88,95.21,0.55,865.02
2025-11-16T10:14:15,3.60,25631,3502.00,3509.00,3505.00,-0.80,94.88,0.85,864.91
2025-11-16T10:31:01,3.60,25631,3501.00,3512.00,3507.00,-0.66,94.49,1.19,864.94
2025-11-16T10:47:46,3.60,25631,3501.00,3509.00,3505.50,-0.81,94.14,1.34,864.99
2025-11-16T11:04:32,3.60,25631,3503.00,3511.00,3507.00,-0.83,94.61,1.44,864.99
2025-11-16T11:21:17,3.60,25631,3506.00,3510.00,3508.00,-0.66,94.05,1.52,864.97
2025-11-16T11:38:02,3.60,25631,3500.00,3510.00,3507.00,-0.65,94.07,1.79,864.94
2025-11-16T11:54:48,3.60,25631,3504.00,3510.00,3506.00,-0.32,92.91,2.16,864.99
2025-11-16T12:11:33,3.60,25631,3505.00,3511.00,3507.50,-0.83,94.34,2.02,864.98
2025-11-16T12:28:19,3.60,25631,3501.00,3512.00,3506.50,-0.40,93.19,2.25,864.83
2025-11-16T12:45:04,3.60,25631,3504.00,3512.00,3507.00,-0.63,94.44,2.72,864.91
2025-11-16T13:01:50,3.60,25631,3470.00,3506.00,3499.50,-0.39,92.88,3.20,865.05
2025-11-16T13:18:35,3.60,25631,3484.00,3495.00,3489.00,0.11,91.83,3.62,865.13
2025-11-16T13:35:21,3.60,25631,3493.00,3516.00,3503.00,-0.26,92.34,3.28,865.05
2025-11-16T13:52:06,3.60,25631,3493.00,3513.00,3497.50,-0.30,93.18,2.80,865.12
2025-11-16T14:08:52,3.60,25631,3501.00,4986.00,3513.00,-0.23,91.97,3.02,865.05
2025-11-16T14:25:37,3.60,25631,3511.00,4988.00,3521.00,0.19,90.41,2.95,865.26
2025-11-16T14:42:21,3.60,25631,3507.00,3528.00,3517.50,0.06,89.41,3.17,865.34
2025-11-16T14:59:06,3.60,25631,3513.00,4987.00,3523.50,0.40,89.16,3.31,865.52
2025-11-16T15:15:52,3.60,25631,3505.00,4987.00,3514.50,-0.14,89.18,2.75,865.64
2025-11-16T15:32:37,3.61,25631,3505.00,4988.00,3516.50,-0.42,90.85,1.98,865.89
2025-11-16T15:49:23,3.60,25631,3504.00,3524.00,3514.50,-0.81,90.78,1.07,866.05
2025-11-16T16:06:08,3.60,25631,3501.00,3592.00,3551.50,-1.14,92.76,0.09,866.41
2025-11-16T16:22:53,3.60,25631,3509.00,4987.00,4288.00,-1.38,95.30,-0.41,866.62
2025-11-16T16:39:39,3.60,25631,3510.00,4989.00,4987.00,-1.38,95.16,-0.69,866.87
2025-11-16T16:56:24,3.60,25631,3574.00,4988.00,3581.00,-1.73,94.69,-1.28,866.89
2025-11-16T17:13:09,3.60,25631,3509.00,4988.00,3581.50,-1.73,92.48,-1.60,866.97
2025-11-16T17:29:54,3.60,25631,3504.00,4989.00,3586.50,-1.62,92.26,-1.73,867.17
2025-11-16T17:46:40,3.60,25631,3499.00,4989.00,3514.00,-1.79,92.26,-1.94,867.44
2025-11-16T18:03:25,3.60,25631,3494.00,4988.00,4987.00,-1.95,94.69,-2.17,867.66
2025-11-16T18:20:10,3.60,25631,3498.00,3594.00,3586.00,-2.28,94.16,-2.45,867.94
2025-11-16T18:36:55,3.60,25631,3563.00,4989.00,3579.50,-2.42,96.40,-2.97,868.32
2025-11-16T18:53:40,3.60,25631,3579.00,3593.00,3586.50,-2.69,96.91,-3.36,868.47
2025-11-16T19:10:25,3.60,25631,3509.00,4988.00,3593.00,-2.81,97.09,-3.61,868.58
2025-11-16T19:27:11,3.60,25631,3499.00,4989.00,3581.50,-2.83,96.76,-3.72,868.93
2025-11-16T19:43:56,3.60,25631,3478.00,4989.00,3569.00,-2.83,97.73,-3.61,869.16
2025-11-16T20:00:41,3.60,25631,3548.00,4989.00,3564.50,-3.18,97.11,-3.85,869.25
2025-11-16T20:17:24,3.60,25631,3489.00,4990.00,3552.50,-2.98,94.75,-4.10,869.44
2025-11-16T20:34:09,3.60,25631,3496.00,4988.00,3570.00,-3.05,95.45,-4.17,869.66
2025-11-16T20:50:54,3.60,25631,3472.00,4987.00,3519.00,-3.07,95.80,-4.21,869.85
2025-11-16T21:07:39,3.60,25631,3471.00,4988.00,3557.00,-3.22,94.48,-4.40,870.13
2025-11-16T21:24:24,3.60,25631,3505.00,4989.00,3529.00,-2.97,92.88,-4.36,870.37
2025-11-16T21:41:09,3.60,25631,3491.00,4988.00,3546.00,-3.34,93.61,-4.51,870.70
2025-11-16T21:57:55,3.60,25631,3471.00,4990.00,3523.00,-3.86,96.64,-4.71,871.04
2025-11-16T22:14:40,3.60,25631,3499.00,3543.00,3530.50,-3.67,96.85,-4.66,871.23
2025-11-16T22:31:26,3.60,25631,3506.00,3547.00,3528.00,-4.08,96.97,-5.02,871.53
2025-11-16T22:48:11,3.60,25631,3503.00,4990.00,3536.00,-4.35,97.28,-5.10,871.90
2025-11-16T23:04:56,3.60,25631,3466.00,4990.00,3502.00,-4.62,96.20,-5.32,871.98
2025-11-16T23:21:41,3.60,25631,3498.00,4990.00,3545.50,-4.41,98.19,-5.05,872.28
2025-11-16T23:38:26,3.60,25631,3486.00,4990.00,3515.50,-4.70,97.65,-5.26,872.38
2025-11-16T23:55:11,3.60,25631,3489.00,4990.00,3535.00,-4.64,98.23,-5.34,872.62
2025-11-17T00:11:56,3.60,25631,3504.00,4988.00,3535.50,-4.87,98.02,-5.43,872.75
2025-11-17T00:28:41,3.60,25631,3509.00,4988.00,4987.50,-4.83,98.19,-5.45,873.01
2025-11-17T00:45:26,3.60,25631,3497.00,4989.00,3557.00,-4.42,98.44,-4.85,873.23
2025-11-17T01:02:11,3.60,25631,3537.00,4990.00,4988.50,-4.24,98.40,-4.55,873.45
2025-11-17T01:18:56,3.60,25631,3516.00,4990.00,3550.50,-4.04,98.42,-4.28,873.60
2025-11-17T01:35:41,3.60,25631,3487.00,3573.00,3554.50,-4.39,97.61,-4.45,873.49
2025-11-17T01:52:24,3.60,25631,3471.00,3534.00,3515.00,-4.98,95.27,-5.31,873.58
2025-11-17T02:09:09,3.60,25631,3496.00,3536.00,3523.50,-5.21,95.59,-5.83,873.81
2025-11-17T02:25:54,3.59,25631,3513.00,4990.00,3529.00,-5.31,94.13,-6.12,874.21
2025-11-17T02:42:39,3.60,25631,3504.00,4990.00,3522.50,-5.48,95.55,-6.34,874.39
2025-11-17T02:59:24,3.60,25631,3500.00,4990.00,4989.50,-4.94,94.93,-6.11,874.43
2025-11-17T03:16:09,3.60,25631,3504.00,4991.00,4990.00,-4.88,95.95,-6.14,874.73
2025-11-17T03:32:54,3.60,25631,3504.00,3533.00,3521.50,-4.44,96.29,-5.87,874.97
2025-11-17T03:49:39,3.60,25631,4990.00,4991.00,4990.00,-4.66,95.03,-6.01,875.00
2025-11-17T04:06:24,3.60,25631,3508.00,4990.00,3561.00,-4.52,93.46,-5.93,875.34
2025-11-17T04:23:09,3.60,25631,3517.00,4989.00,3525.50,-4.48,93.83,-5.80,875.38
2025-11-17T04:39:54,3.60,25631,3537.00,4991.00,4990.00,-4.52,92.41,-5.90,875.58
2025-11-17T04:56:39,3.60,25631,3513.00,4990.00,3558.00,-4.57,90.85,-6.06,875.81
2025-11-17T05:13:24,3.60,25631,3621.00,4992.00,4991.00,-4.72,90.89,-6.18,875.88
2025-11-17T05:30:09,3.60,25631,3526.00,4989.00,3559.00,-4.64,91.20,-6.18,876.00
2025-11-17T05:46:54,3.59,25631,3519.00,4991.00,4988.50,-4.67,89.08,-6.26,876.06
2025-11-17T06:03:39,3.60,25631,3520.00,4990.00,3534.50,-4.50,88.18,-6.17,876.27
2025-11-17T06:20:24,3.60,25631,3518.00,4990.00,4989.00,-4.55,88.88,-6.15,876.48
2025-11-17T06:37:09,3.60,25631,3554.00,4991.00,4989.00,-4.77,88.03,-6.19,876.57
2025-11-17T06:53:54,3.60,25631,3526.00,4990.00,4293.00,-5.19,88.88,-6.32,876.56
2025-11-17T07:10:39,3.60,25631,3530.00,4991.00,4990.00,-5.48,91.59,-6.50,876.56
2025-11-17T07:27:24,3.59,25631,3537.00,3607.00,3578.00,-4.80,86.54,-6.51,876.71
2025-11-17T07:44:08,3.60,25631,3509.00,4990.00,3530.00,-5.01,84.26,-6.56,876.97
2025-11-17T08:00:53,3.60,25631,3559.00,4990.00,4989.00,-4.76,82.55,-6.50,877.12
2025-11-17T08:17:38,3.60,25631,3506.00,4990.00,3529.50,-5.14,84.70,-6.33,877.21
2025-11-17T08:34:22,3.60,25631,3537.00,4991.00,4990.00,-4.98,83.57,-6.06,877.35
2025-11-17T08:51:07,3.60,25631,3549.00,4991.00,4989.00,-3.90,75.74,-4.94,877.46
2025-11-17T09:07:53,3.60,25631,3554.00,4990.00,4988.50,-1.90,69.38,0.89,877.56
2025-11-17T09:24:38,3.60,25631,3547.00,4989.00,3576.50,-1.04,71.51,4.31,877.49
2025-11-17T09:41:23,3.60,25631,3584.00,4987.00,4985.00,0.78,55.80,7.07,877.38
2025-11-17T09:58:09,3.60,25631,3607.00,3653.00,3621.00,3.01,62.35,8.90,877.46
2025-11-17T10:14:55,3.60,25631,3601.00,4988.00,3627.00,1.70,53.37,8.70,877.44
2025-11-17T10:31:40,3.60,25631,3628.00,4987.00,3672.50,2.94,44.11,8.31,877.68
2025-11-17T10:48:25,3.61,25631,3640.00,4986.00,4986.00,1.13,71.04,8.48,877.54
2025-11-17T11:05:11,3.61,25631,3602.00,4987.00,3633.00,-1.24,85.22,8.53,877.79
2025-11-17T11:21:57,3.60,25631,3645.00,4988.00,4986.50,0.14,77.07,9.70,877.85
2025-11-17T11:38:43,3.60,25631,3628.00,4987.00,4986.00,0.10,66.29,11.03,877.78
2025-11-17T11:55:29,3.60,25631,3640.00,3652.00,3646.50,1.86,72.58,12.33,877.85
2025-11-17T12:12:15,3.60,25631,3656.00,4984.00,3682.00,3.15,52.38,12.55,877.56
2025-11-17T12:29:01,3.60,25631,3611.00,3639.00,3626.00,4.13,56.37,12.90,877.74
2025-11-17T12:45:47,3.60,25631,3619.00,3634.00,3624.50,-0.08,76.17,9.05,877.49
2025-11-17T13:02:32,3.60,25631,3536.00,3615.00,3600.00,-0.42,72.90,5.32,877.94
2025-11-17T13:19:18,3.60,25631,3526.00,4988.00,3573.00,-1.25,69.93,3.75,878.10
2025-11-17T13:36:03,3.60,25631,3540.00,4987.00,4290.00,-1.18,86.44,3.51,878.21
2025-11-17T13:52:49,3.60,25631,3586.00,4986.00,4294.00,-0.45,74.53,3.60,878.31
2025-11-17T14:09:34,3.60,25631,3584.00,4986.00,4986.00,-0.65,71.65,2.79,878.19
2025-11-17T14:26:20,3.60,25631,3538.00,4987.00,4267.00,-0.40,57.16,2.15,878.29
2025-11-17T14:43:05,3.60,25631,3520.00,3588.00,3550.00,-0.42,53.96,1.70,878.40
2025-11-17T14:59:50,3.60,25631,3592.00,4988.00,4987.00,-1.71,76.68,0.86,878.46
2025-11-17T15:16:36,3.60,25631,3536.00,4987.00,3575.50,-1.62,68.86,0.34,878.49
2025-11-17T15:33:21,3.60,25631,3571.00,4987.00,4986.00,-2.11,71.96,-0.68,878.69
2025-11-17T15:50:06,3.60,25631,3568.00,4986.00,4287.50,-2.19,73.68,-1.32,878.75
2025-11-17T16:06:51,3.60,25631,3508.00,3574.00,3562.50,-2.56,70.84,-1.89,878.83
2025-11-17T16:23:36,3.60,25631,3560.00,3576.00,3571.50,-2.63,72.68,-2.27,878.93
2025-11-17T16:40:21,3.60,25631,3566.00,3576.00,3572.50,-2.50,72.42,-2.48,879.03
2025-11-17T16:57:06,3.60,25631,3553.00,3576.00,3571.50,-2.21,62.63,-2.56,879.33
2025-11-17T17:13:51,3.60,25631,3552.00,3582.00,3570.50,-2.36,71.47,-2.67,879.33
2025-11-17T17:30:36,3.60,25631,3560.00,3582.00,3572.00,-2.34,68.68,-2.84,879.37
2025-11-17T17:47:21,3.60,25631,3518.00,3579.00,3568.00,-2.17,62.95,-2.94,879.52
2025-11-17T18:04:06,3.60,25631,3552.00,4988.00,3569.50,-2.35,67.02,-3.05,879.55
2025-11-17T18:20:51,3.60,25631,3564.00,3583.00,3572.50,-2.25,64.63,-3.23,879.63
2025-11-17T18:37:36,3.60,25631,3560.00,3576.00,3569.00,-2.84,65.88,-3.58,879.67
2025-11-17T18:54:21,3.60,25631,3563.00,3589.00,3574.50,-3.07,71.81,-3.72,879.80
2025-11-17T19:11:07,3.59,25631,3565.00,3584.00,3576.00,-3.08,72.88,-3.81,879.96
2025-11-17T19:27:52,3.60,25631,3567.00,3587.00,3579.50,-3.22,70.95,-4.00,880.00
2025-11-17T19:44:37,3.60,25631,3562.00,3579.00,3567.50,-3.00,69.36,-3.91,880.23
2025-11-17T20:01:22,3.60,25631,3560.00,3581.00,3578.00,-2.41,63.53,-3.63,880.26
2025-11-17T20:18:07,3.60,25631,3554.00,3580.00,3569.50,-2.41,65.69,-3.38,880.42
2025-11-17T20:34:52,3.60,25631,3573.00,3587.00,3579.50,-2.29,64.44,-3.15,880.49
2025-11-17T20:51:35,3.60,25631,3562.00,3576.00,3574.00,-2.52,67.92,-3.05,880.63
2025-11-17T21:08:20,3.60,25631,3570.00,3580.00,3574.00,-2.14,71.27,-2.97,880.76
2025-11-17T21:25:05,3.60,25631,3570.00,3581.00,3571.50,-2.26,71.31,-2.92,880.89
2025-11-17T21:41:50,3.60,25631,3574.00,3582.00,3576.50,-2.85,80.24,-3.04,880.98
2025-11-17T21:58:36,3.60,25631,3569.00,3580.00,3574.50,-2.84,81.31,-3.10,881.14
2025-11-17T22:15:21,3.59,25631,3568.00,3576.00,3572.00,-3.21,86.57,-3.26,881.23
2025-11-17T22:32:06,3.60,25631,3567.00,3576.00,3570.50,-3.08,88.67,-3.28,881.38
2025-11-17T22:48:51,3.60,25631,3546.00,3573.00,3568.50,-3.00,89.89,-3.23,881.47
2025-11-17T23:05:37,3.60,25631,3570.00,3590.00,3573.50,-2.76,89.00,-3.06,881.52
2025-11-17T23:22:22,3.60,25631,3570.00,3580.00,3572.50,-2.98,89.37,-3.10,881.56
2025-11-17T23:39:07,3.60,25631,3567.00,3575.00,3572.00,-3.23,91.12,-3.24,881.68
2025-11-17T23:55:52,3.59,25631,3570.00,3584.00,3575.00,-3.28,91.64,-3.30,881.93
2025-11-18T00:12:37,3.60,25631,3571.00,3578.00,3573.00,-3.41,91.40,-3.38,882.08
2025-11-18T00:29:23,3.60,25631,3564.00,3578.00,3569.00,-3.34,92.25,-3.39,882.16
2025-11-18T00:46:08,3.60,25631,3558.00,3573.00,3565.00,-3.52,93.20,-3.47,882.27
2025-11-18T01:02:53,3.59,25631,3549.00,4989.00,4988.00,-3.55,94.21,-3.52,882.35
2025-11-18T01:19:37,3.59,25631,3591.00,4990.00,4987.50,-3.46,94.50,-3.65,882.44
2025-11-18T01:36:22,3.60,25631,3524.00,3620.00,3608.00,-3.55,95.01,-3.75,882.57
2025-11-18T01:53:07,3.59,25631,3500.00,3609.00,3540.50,-3.43,95.10,-3.64,882.67
2025-11-18T02:09:52,3.60,25631,3514.00,3546.00,3526.00,-3.42,95.00,-3.60,882.76
2025-11-18T02:26:37,3.59,25631,3519.00,3549.00,3532.00,-3.48,95.02,-3.60,882.72
2025-11-18T02:43:22,3.59,25631,3514.00,3542.00,3529.50,-3.46,95.36,-3.61,882.75
2025-11-18T03:00:07,3.62,25631,3521.00,3541.00,3531.50,-3.31,95.46,-3.58,882.72
2025-11-18T03:16:52,3.59,25631,3524.00,3558.00,3542.00,-3.55,95.79,-3.55,882.90
2025-11-18T03:33:38,3.60,25631,3525.00,3548.00,3533.00,-3.11,95.85,-3.38,882.89
2025-11-18T03:50:23,3.60,25631,3517.00,3542.00,3534.50,-3.04,95.84,-3.22,882.80
2025-11-18T04:07:08,3.59,25631,3524.00,3549.00,3533.50,-3.15,95.96,-3.24,882.72
2025-11-18T04:23:53,3.59,25631,3530.00,3553.00,3542.00,-2.84,96.52,-3.12,882.79
2025-11-18T04:40:38,3.59,25631,3529.00,3547.00,3540.00,-2.60,96.59,-2.88,882.96
2025-11-18T04:57:23,3.59,25631,3531.00,3555.00,3538.50,-2.52,96.67,-2.70,883.04
2025-11-18T05:14:08,3.60,25631,3537.00,3550.00,3542.50,-2.52,96.89,-2.64,883.23
2025-11-18T05:30:53,3.60,25631,3533.00,3547.00,3542.00,-2.55,97.05,-2.62,883.34
2025-11-18T05:47:39,3.60,25631,3540.00,3548.00,3544.00,-2.84,96.95,-2.66,883.53
2025-11-18T06:04:24,3.60,25631,3533.00,3542.00,3537.00,-2.52,97.44,-2.74,883.52
2025-11-18T06:21:09,3.59,25631,3539.00,3542.00,3540.00,-2.17,97.35,-2.47,883.52
2025-11-18T06:37:54,3.60,25631,3536.00,3546.00,3540.00,-2.02,97.13,-2.29,883.57
2025-11-18T06:54:38,3.60,25631,3540.00,3546.00,3542.50,-2.17,97.06,-2.26,883.76
2025-11-18T07:11:24,3.60,25631,3542.00,3547.00,3543.00,-1.67,97.17,-2.11,883.56
2025-11-18T07:28:09,3.59,25631,3540.00,3548.00,3543.50,-1.83,97.14,-2.12,883.75
2025-11-18T07:44:54,3.60,25631,3536.00,3549.00,3543.50,-2.01,97.17,-2.12,883.83
2025-11-18T08:01:39,3.59,25631,3538.00,3549.00,3542.00,-1.79,97.46,-2.07,884.04
2025-11-18T08:18:24,3.60,25631,3540.00,3546.00,3542.50,-1.73,97.24,-1.84,884.35
2025-11-18T08:35:10,3.60,25631,3540.00,3546.00,3543.00,-1.52,97.20,-1.49,884.58
2025-11-18T08:51:55,3.59,25631,3543.00,3549.00,3546.50,-0.85,96.97,-0.51,884.73
2025-11-18T09:08:39,3.60,25631,3547.00,3559.00,3551.50,-1.09,95.78,0.15,884.71
2025-11-18T09:25:24,3.60,25631,3551.00,3563.00,3555.50,-0.87,95.03,1.98,884.67
2025-11-18T09:42:10,3.60,25631,3556.00,3563.00,3558.50,0.84,93.74,4.36,885.01
2025-11-18T09:58:55,3.60,25631,3603.00,3617.00,3607.50,3.67,76.95,8.26,884.75
2025-11-18T10:15:41,3.60,25631,3595.00,3604.00,3598.00,1.89,84.29,6.45,884.90
2025-11-18T10:32:27,3.60,25631,3579.00,3595.00,3588.50,0.54,89.91,6.37,885.12
2025-11-18T10:49:12,3.60,25631,3573.00,3588.00,3581.50,-0.59,91.45,5.35,885.18
2025-11-18T11:05:58,3.60,25631,3572.00,3586.00,3579.50,-0.25,91.38,4.98,885.27
2025-11-18T11:22:44,3.61,25631,3561.00,3582.00,3578.00,-0.66,93.18,4.40,885.45
2025-11-18T11:39:29,3.60,25631,3550.00,3626.00,3576.50,0.37,92.39,5.52,885.69
2025-11-18T11:56:15,3.60,25631,3575.00,3675.00,3597.00,1.09,88.32,9.81,885.26
2025-11-18T12:13:01,3.60,25631,3588.00,3597.00,3592.50,1.17,89.32,10.61,885.04
2025-11-18T12:29:47,3.60,25631,3589.00,3600.00,3594.00,0.67,90.39,7.55,885.19
2025-11-18T12:46:32,3.60,25631,3599.00,3608.00,3605.00,0.61,89.89,8.20,885.66
2025-11-18T13:03:18,3.60,25631,3594.00,3609.00,3600.50,0.88,90.85,6.45,885.43
2025-11-18T13:20:04,3.60,25631,3581.00,3591.00,3588.50,-0.08,92.88,4.12,885.34
2025-11-18T13:36:49,3.60,25631,3575.00,3584.00,3581.50,-0.81,95.59,3.09,885.50
2025-11-18T13:53:35,3.60,25631,3575.00,3590.00,3585.50,0.03,94.03,3.69,885.51
2025-11-18T14:10:20,3.59,25631,3584.00,3592.00,3589.00,-0.17,93.94,3.95,885.67
2025-11-18T14:27:06,3.60,25631,3578.00,3592.00,3587.00,-0.15,94.31,3.97,885.53
2025-11-18T14:43:49,3.60,25631,3577.00,3589.00,3582.00,-0.11,94.68,2.44,885.51
2025-11-18T15:00:35,3.60,25631,3584.00,3599.00,3588.50,0.36,93.17,3.79,885.39
2025-11-18T15:17:20,3.60,25631,3581.00,3595.00,3585.50,-0.11,94.27,3.52,885.21
2025-11-18T15:34:06,3.60,25631,3581.00,3592.00,3588.50,-0.33,95.38,1.94,885.15
2025-11-18T15:50:51,3.59,25631,3569.00,3583.00,3574.50,-0.48,96.04,0.61,885.41
2025-11-18T16:07:37,3.60,25631,3571.00,3580.00,3576.00,-0.70,96.41,0.06,885.12
2025-11-18T16:24:22,3.60,25631,3573.00,3585.00,3577.50,-0.23,95.44,-0.13,885.17
2025-11-18T16:41:07,3.60,25631,3573.00,3584.00,3578.00,-0.57,95.75,-0.48,885.05
2025-11-18T16:57:52,3.60,25631,3571.00,3581.00,3577.00,-0.79,95.95,-0.80,885.04
2025-11-18T17:14:38,3.65,25631,3572.00,3582.00,3575.00,-1.01,96.34,-1.13,884.94
2025-11-18T17:31:23,3.62,25631,3571.00,3580.00,3573.00,-1.09,96.36,-1.36,885.11
2025-11-18T17:48:08,3.60,25631,3569.00,3574.00,3571.00,-1.24,96.31,-1.45,885.02
2025-11-18T18:04:53,3.60,25631,3552.00,3575.00,3562.50,-1.07,96.45,-1.51,885.24
2025-11-18T18:21:39,3.60,25631,3571.00,3584.00,3573.00,-1.05,95.84,-1.52,885.48
2025-11-18T18:38:24,3.60,25631,3568.00,3586.00,3575.50,-1.05,95.60,-1.47,885.27
2025-11-18T18:55:09,3.60,25631,3574.00,3581.00,3578.50,-1.07,95.92,-1.49,885.10
2025-11-18T19:11:54,3.60,25631,3562.00,3576.00,3571.00,-1.14,96.20,-1.62,885.16
2025-11-18T19:28:39,3.60,25631,3571.00,3581.00,3574.00,-1.18,95.99,-1.69,884.87
2025-11-18T19:45:25,3.60,25631,3569.00,3581.00,3574.50,-1.38,96.38,-1.98,885.20
2025-11-18T20:02:10,3.59,25631,3572.00,3580.00,3576.00,-1.60,96.67,-1.90,885.00
2025-11-18T20:18:54,3.60,25631,3565.00,3573.00,3568.50,-1.43,97.36,-2.25,884.74
2025-11-18T20:35:39,3.59,25631,3547.00,3575.00,3569.50,-1.39,97.09,-2.33,884.67
2025-11-18T20:52:24,3.59,25631,3565.00,3577.00,3571.50,-1.58,96.21,-2.38,884.58
2025-11-18T21:09:10,3.60,25631,3543.00,3574.00,3569.00,-1.70,97.22,-2.52,884.69
2025-11-18T21:25:55,3.60,25631,3560.00,3588.00,3571.50,-1.32,96.71,-2.27,884.54
2025-11-18T21:42:40,3.59,25631,3557.00,3572.00,3563.00,-1.59,96.72,-2.35,884.54
2025-11-18T21:59:25,3.59,25631,3559.00,3573.00,3568.00,-1.38,97.37,-2.21,884.32
2025-11-18T22:16:10,3.60,25631,3568.00,3577.00,3572.50,-1.00,97.04,-1.82,884.33
2025-11-18T22:32:54,3.60,25631,3571.00,3581.00,3575.50,-0.83,95.44,-1.59,884.36
2025-11-18T22:49:40,3.59,25631,3568.00,3577.00,3572.00,-1.09,95.87,-1.63,884.12
2025-11-18T23:06:25,3.60,25631,3565.00,3576.00,3571.50,-0.95,96.25,-1.56,884.19
2025-11-18T23:23:10,3.60,25631,3570.00,3581.00,3574.50,-0.72,95.44,-1.42,884.17
2025-11-18T23:39:55,3.60,25631,3571.00,3578.00,3573.00,-0.88,95.75,-1.35,884.10
2025-11-18T23:56:40,3.62,25631,3569.00,3578.00,3575.00,-0.81,95.64,-1.40,883.65
2025-11-19T00:13:26,3.59,25631,3563.00,3579.00,3570.00,-0.79,94.69,-1.46,883.41
2025-11-19T00:30:11,3.59,25631,3538.00,3578.00,3571.50,-0.56,93.94,-1.36,883.47
2025-11-19T00:46:56,3.60,25631,3567.00,3575.00,3571.50,-0.74,94.78,-1.28,883.21
2025-11-19T01:03:41,3.58,25631,3571.00,3577.00,3573.50,-0.63,94.31,-1.22,883.09
2025-11-19T01:20:27,3.67,25631,3568.00,3576.00,3573.00,-0.73,93.99,-1.30,882.86
2025-11-19T01:37:12,3.61,25631,3551.00,3570.00,3561.00,-0.55,92.11,-1.43,882.78
2025-11-19T01:53:56,3.59,25631,3557.00,3579.00,3572.50,-0.14,90.96,-1.21,882.69
2025-11-19T02:10:41,3.59,25631,3572.00,3580.00,3577.00,-0.38,92.06,-1.21,882.45
2025-11-19T02:27:26,3.59,25631,3537.00,3617.00,3576.00,-0.40,91.69,-1.28,882.36
2025-11-19T02:44:12,3.59,25631,3557.00,3581.00,3568.50,-0.43,92.16,-1.28,882.12
2025-11-19T03:00:57,3.59,25631,3571.00,3581.00,3576.50,-0.19,91.25,-1.17,881.85
2025-11-19T03:17:42,3.59,25631,3534.00,3577.00,3558.00,0.31,87.97,-1.03,881.48
2025-11-19T03:34:27,3.59,25631,3518.00,3639.00,3569.00,0.46,86.15,-0.87,881.26
2025-11-19T03:51:12,3.59,25631,3536.00,3628.00,3551.00,0.30,86.49,-0.90,881.04
2025-11-19T04:07:58,3.59,25631,3535.00,3579.00,3570.50,0.14,87.42,-1.00,880.86
2025-11-19T04:24:43,3.59,25631,3527.00,3634.00,3572.00,0.29,86.37,-0.99,880.72
2025-11-19T04:41:28,3.59,25631,3556.00,3582.00,3576.00,0.37,84.21,-0.95,880.57
2025-11-19T04:58:13,3.59,25631,3531.00,3573.00,3559.50,0.65,83.67,-0.83,880.33
2025-11-19T05:14:59,3.58,25631,3576.00,3585.00,3581.00,0.24,84.45,-0.84,880.17
2025-11-19T05:31:44,3.59,25631,3552.00,3618.00,3576.00,0.30,84.77,-1.04,880.10
2025-11-19T05:48:29,3.59,25631,3545.00,3578.00,3566.50,0.07,85.41,-1.02,879.93
2025-11-19T06:05:14,3.59,25631,3557.00,3578.00,3571.50,0.62,81.55,-0.87,879.78
2025-11-19T06:21:59,3.59,25631,3551.00,3578.00,3573.00,0.37,84.29,-0.69,879.63
2025-11-19T06:38:44,3.59,25631,3563.00,3585.00,3578.50,0.27,85.03,-0.68,879.45
2025-11-19T06:55:29,3.59,25631,3531.00,3581.00,3575.50,0.11,85.31,-0.73,879.24
2025-11-19T07:12:14,3.59,25631,3575.00,3584.00,3580.50,0.07,85.13,-0.73,879.12
2025-11-19T07:29:00,3.59,25631,3577.00,3589.00,3580.50,0.23,83.63,-0.70,879.13
2025-11-19T07:45:45,3.59,25631,3573.00,3582.00,3578.00,0.29,83.25,-0.58,878.93
2025-11-19T08:02:30,3.60,25631,3576.00,3589.00,3583.00,0.51,82.46,-0.35,878.75
2025-11-19T08:19:15,3.59,25631,3569.00,3580.00,3575.50,0.68,78.71,-0.22,878.34
2025-11-19T08:36:01,3.59,25631,3573.00,3583.00,3578.00,0.76,79.84,-0.05,878.26
2025-11-19T08:52:46,3.60,25631,3578.00,3586.00,3583.50,0.76,82.26,0.13,878.37
2025-11-19T09:09:31,3.59,25631,3529.00,3582.00,3570.00,1.16,76.39,0.46,877.81
2025-11-19T09:26:17,3.59,25631,3574.00,3586.00,3579.00,1.39,75.60,0.86,877.71
2025-11-19T09:43:02,3.59,25631,3552.00,3661.00,3578.50,1.44,74.86,1.33,877.76
2025-11-19T09:59:47,3.59,25631,3586.00,3592.00,3590.00,1.32,75.26,1.61,877.63
2025-11-19T10:16:33,3.59,25631,3518.00,3593.00,3583.50,1.89,73.73,2.27,877.38
2025-11-19T10:33:18,3.60,25631,3579.00,3607.00,3595.50,1.58,71.45,2.50,877.00
2025-11-19T10:50:02,3.60,25631,3578.00,3596.00,3588.00,1.43,75.92,2.70,877.19
2025-11-19T11:06:48,3.60,25631,3535.00,3591.00,3581.00,1.53,74.28,2.69,877.33
2025-11-19T11:23:33,3.59,25631,3584.00,3595.00,3591.00,0.93,75.65,2.56,877.40
2025-11-19T11:40:19,3.59,25631,3575.00,3588.00,3583.00,1.27,72.30,2.48,877.22
2025-11-19T11:57:04,3.58,25631,3532.00,3595.00,3587.00,1.30,70.12,2.74,876.82
2025-11-19T12:13:50,3.59,25631,3571.00,3595.00,3586.00,0.93,72.14,2.62,876.42
2025-11-19T12:30:35,3.59,25631,3584.00,3601.00,3596.00,0.92,74.00,2.52,876.25
2025-11-19T12:47:20,3.60,25631,3560.00,3664.00,3612.50,0.34,78.04,2.20,876.16
2025-11-19T13:04:06,3.59,25631,3526.00,3663.00,3577.50,0.40,73.71,2.10,875.84
2025-11-19T13:20:51,3.60,25631,3543.00,3594.00,3565.00,0.16,76.23,1.82,875.61
2025-11-19T13:37:37,3.60,25631,3576.00,3610.00,3599.00,0.11,76.73,1.89,874.94
2025-11-19T13:54:22,3.59,25631,3573.00,3617.00,3596.00,0.17,76.22,2.04,874.62
2025-11-19T14:11:07,3.60,25631,3593.00,3610.00,3601.50,0.40,77.16,2.02,874.89
2025-11-19T14:27:53,3.60,25631,3597.00,3624.00,3604.00,0.23,74.37,2.42,874.38
2025-11-19T14:44:38,3.60,25631,3594.00,3630.00,3622.00,0.34,76.30,2.20,874.36
2025-11-19T15:01:24,3.59,25631,3575.00,3643.00,3618.50,0.13,76.93,1.84,874.23
2025-11-19T15:18:08,3.59,25631,3597.00,3619.00,3611.50,0.11,76.20,1.50,873.99
2025-11-19T15:34:53,3.59,25631,3604.00,3619.00,3611.50,-0.12,77.21,1.04,873.92
2025-11-19T15:51:39,3.60,25631,3602.00,3621.00,3611.50,-0.26,76.73,0.63,873.64
2025-11-19T16:08:24,3.59,25631,3599.00,3620.00,3612.50,-0.46,77.25,-0.09,873.52
2025-11-19T16:25:09,3.59,25631,3609.00,3622.00,3618.50,-0.19,76.54,-0.63,873.49
2025-11-19T16:41:54,3.59,25631,3602.00,3616.00,3605.00,-0.45,74.95,-0.98,873.02
2025-11-19T16:58:40,3.59,25631,3611.00,3623.00,3616.00,-0.50,76.81,-1.14,872.80
2025-11-19T17:15:25,3.59,25631,3605.00,3615.00,3611.50,-0.87,78.30,-1.30,873.02
2025-11-19T17:32:10,3.59,25631,3606.00,3619.00,3610.00,-0.85,77.25,-1.48,873.16
2025-11-19T17:48:55,3.59,25631,3611.00,3621.00,3616.00,-0.84,77.16,-1.61,873.09
2025-11-19T18:05:40,3.59,25631,3608.00,3614.00,3612.00,-1.00,77.50,-1.78,873.10
2025-11-19T18:22:26,3.59,25631,3610.00,3621.00,3615.50,-1.14,78.55,-1.95,873.11
2025-11-19T18:39:11,3.59,25631,3610.00,3621.00,3618.50,-1.15,79.63,-1.99,872.99
2025-11-19T18:55:56,3.59,25631,3612.00,3620.00,3615.00,-1.16,78.55,-1.84,872.84
2025-11-19T19:12:41,3.59,25631,3601.00,3617.00,3608.50,-1.00,77.50,-1.75,872.83
2025-11-19T19:29:26,3.59,25631,3610.00,3621.00,3613.50,-0.84,76.89,-1.63,872.68
2025-11-19T19:46:12,3.60,25631,3614.00,3624.00,3617.50,-0.88,76.84,-1.65,872.51
2025-11-19T20:02:57,3.58,25631,3607.00,3617.00,3610.00,-0.74,75.28,-1.67,872.53
2025-11-19T20:19:42,3.59,25631,3614.00,3621.00,3618.50,-0.95,78.89,-1.59,872.38
2025-11-19T20:36:27,3.59,25631,3609.00,3622.00,3618.00,-1.21,79.49,-1.71,872.35
2025-11-19T20:53:11,3.59,25631,3604.00,3626.00,3608.00,-1.48,80.14,-1.88,872.67
2025-11-19T21:09:56,3.59,25631,3607.00,3622.00,3615.00,-1.04,78.32,-1.75,872.69
2025-11-19T21:26:42,3.59,25631,3587.00,3595.00,3593.00,-1.30,79.13,-1.79,872.49
2025-11-19T21:43:27,3.59,25631,3592.00,3605.00,3596.00,-1.62,80.28,-2.18,872.46
2025-11-19T22:00:12,3.59,25631,3586.00,3597.00,3595.00,-1.58,80.42,-2.42,872.94
2025-11-19T22:16:57,3.59,25631,3585.00,3600.00,3593.00,-1.27,79.47,-2.33,872.82
2025-11-19T22:33:42,3.58,25631,3535.00,3597.00,3590.50,-1.50,80.77,-2.06,872.63
2025-11-19T22:50:27,3.59,25631,3591.00,3599.00,3594.50,-1.50,80.58,-1.96,872.69
2025-11-19T23:07:12,3.59,25631,3586.00,3597.00,3594.00,-1.19,79.74,-1.94,872.59
2025-11-19T23:23:57,3.59,25631,3588.00,3596.00,3592.00,-1.14,78.87,-1.81,872.48
2025-11-19T23:40:42,3.59,25631,3593.00,3602.00,3597.00,-0.91,78.32,-1.64,872.48
2025-11-19T23:57:27,3.58,25631,3585.00,3596.00,3590.00,-0.45,74.24,-1.37,872.63
2025-11-20T00:14:12,3.58,25631,3591.00,3598.00,3594.00,-0.76,77.54,-1.40,872.70
2025-11-20T00:30:57,3.59,25631,3591.00,3594.00,3593.00,-0.97,79.29,-1.46,872.62
2025-11-20T00:47:43,3.59,25631,3585.00,3595.00,3589.50,-0.70,76.26,-1.54,872.70
2025-11-20T01:04:28,3.59,25631,3592.00,3600.00,3595.00,-0.42,75.95,-1.33,872.52
2025-11-20T01:21:12,3.59,25631,3597.00,3603.00,3601.00,-0.74,79.47,-1.36,872.70
2025-11-20T01:37:57,3.59,25631,3588.00,3596.00,3592.00,-1.12,81.24,-1.53,872.62
2025-11-20T01:54:42,3.58,25631,3589.00,3599.00,3596.00,-0.32,78.18,-1.34,872.58
2025-11-20T02:11:27,3.59,25631,3591.00,3598.00,3595.00,-0.52,79.66,-1.33,872.53
2025-11-20T02:28:13,3.59,25631,3590.00,3597.00,3593.50,-0.63,79.42,-1.31,872.71
2025-11-20T02:44:58,3.59,25631,3589.00,3600.00,3594.00,0.26,75.63,-0.96,872.79
2025-11-20T03:01:43,3.59,25631,3593.00,3599.00,3596.00,0.29,76.57,-0.53,872.50
2025-11-20T03:18:28,3.59,25631,3596.00,3602.00,3598.50,-0.04,79.95,-0.45,872.66
2025-11-20T03:35:14,3.59,25631,3601.00,3608.00,3604.50,-0.36,81.13,-0.58,872.54
2025-11-20T03:51:59,3.59,25631,3600.00,3610.00,3605.50,-0.53,83.71,-0.67,872.42
2025-11-20T04:08:44,3.59,25631,3606.00,3612.00,3608.50,-0.98,88.27,-0.93,872.45
2025-11-20T04:25:29,3.59,25631,3605.00,3611.00,3608.50,-1.45,92.57,-1.26,872.18
2025-11-20T04:42:14,3.59,25631,3600.00,3607.00,3604.00,-1.50,93.97,-1.46,872.25
2025-11-20T04:59:00,3.58,25631,3597.00,3609.00,3607.00,-0.46,93.94,-1.02,872.04
2025-11-20T05:15:45,3.59,25631,3609.00,3621.00,3612.50,-0.36,93.79,-0.69,871.78
2025-11-20T05:32:30,3.59,25631,3605.00,3616.00,3612.00,-0.50,94.83,-0.66,872.01
2025-11-20T05:49:15,3.59,25631,3609.00,3623.00,3614.50,-0.38,94.93,-0.57,872.16
2025-11-20T06:06:01,3.59,25631,3606.00,3615.00,3610.00,-0.67,96.04,-0.65,872.22
2025-11-20T06:22:46,3.59,25631,3615.00,4989.00,4314.00,-0.87,96.62,-0.78,872.01
2025-11-20T06:39:31,3.58,25631,3605.00,3615.00,3614.00,-0.91,96.99,-0.90,871.74
2025-11-20T06:56:15,3.59,25631,3587.00,3607.00,3594.50,-0.93,97.08,-0.90,871.82
2025-11-20T07:13:00,3.59,25631,3546.00,3591.00,3570.50,-0.84,97.28,-0.90,871.73
2025-11-20T07:29:46,3.59,25631,3563.00,3617.00,3606.00,-0.95,97.30,-0.92,871.54
2025-11-20T07:46:31,3.58,25631,3560.00,3588.00,3573.00,-0.90,97.44,-0.94,871.61
2025-11-20T08:03:16,3.59,25631,3592.00,3617.00,3602.50,-0.85,97.53,-0.91,871.56
2025-11-20T08:20:01,3.59,25631,3587.00,3613.00,3598.50,-0.90,97.56,-0.88,871.91
2025-11-20T08:36:47,3.59,25631,3626.00,3673.00,3635.00,-0.88,97.66,-0.81,871.88
2025-11-20T08:53:32,3.58,25631,3592.00,3604.00,3597.00,-0.93,97.73,-0.65,871.77
2025-11-20T09:10:17,3.60,25631,3588.00,3604.00,3593.50,-0.87,97.74,-0.41,871.89
2025-11-20T09:27:02,3.58,25631,3585.00,3605.00,3593.00,-0.76,97.80,-0.20,871.85
2025-11-20T09:43:48,3.58,25631,3585.00,3594.00,3591.00,-0.62,97.82,0.03,871.85
2025-11-20T10:00:33,3.58,25631,3579.00,3594.00,3584.00,-0.72,97.69,0.23,872.03
2025-11-20T10:17:18,3.59,25631,3589.00,3629.00,3596.50,-0.79,97.79,0.15,872.10
2025-11-20T10:34:03,3.58,25631,3594.00,4988.00,4987.00,-0.81,97.84,0.60,872.01
2025-11-20T10:50:49,3.58,25631,3590.00,3622.00,3600.50,-0.74,97.85,0.87,872.04
2025-11-20T11:07:34,3.59,25631,3600.00,3618.00,3605.00,-0.59,97.89,1.38,872.24
2025-11-20T11:24:19,3.58,25631,3592.00,4986.00,3606.00,-0.32,97.92,1.69,872.20
2025-11-20T11:41:05,3.58,25631,3581.00,4988.00,4987.00,-0.29,97.84,1.71,872.16
2025-11-20T11:57:50,3.58,25631,3595.00,3617.00,3604.00,-0.35,97.65,2.31,872.24
2025-11-20T12:14:36,3.59,25631,3593.00,3644.00,3639.50,-0.40,97.70,1.46,872.39
2025-11-20T12:31:21,3.58,25631,3572.00,4988.00,3581.50,-0.30,97.50,2.14,872.44
2025-11-20T12:48:06,3.59,25631,4986.00,4988.00,4986.00,-0.36,97.64,1.81,872.32
2025-11-20T13:04:52,3.58,25631,3578.00,4987.00,4286.50,-0.48,97.73,1.41,872.45
2025-11-20T13:21:37,3.59,25631,4986.00,4989.00,4987.50,-0.17,97.94,1.13,872.75
2025-11-20T13:38:22,3.59,25631,4986.00,4988.00,4988.00,-0.35,97.84,1.08,872.84
2025-11-20T13:55:08,3.58,25631,4986.00,4988.00,4986.50,-0.28,97.83,0.98,873.08
2025-11-20T14:11:53,3.59,25631,4986.00,4988.00,4987.00,-0.07,98.06,0.85,873.10
2025-11-20T14:28:38,3.58,25631,3530.00,4987.00,4986.00,-0.21,98.02,0.80,872.93
2025-11-20T14:45:24,3.58,25631,3521.00,3530.00,3526.50,-0.35,97.97,0.63,872.90
2025-11-20T15:02:09,3.58,25631,3499.00,4988.00,4987.00,-0.43,98.07,0.42,872.95
2025-11-20T15:18:54,3.58,25631,3480.00,3490.00,3484.00,-0.52,98.13,0.27,872.91
2025-11-20T15:35:40,3.58,25631,3475.00,4988.00,4986.00,-0.55,98.18,0.14,873.08
2025-11-20T15:52:23,3.59,25631,3478.00,3495.00,3482.00,-0.69,98.15,-0.03,872.78
2025-11-20T16:09:08,3.58,25631,3468.00,3483.00,3477.00,-0.74,98.26,-0.29,872.70
2025-11-20T16:25:53,3.58,25631,3493.00,4988.00,3539.00,-0.79,98.27,-0.48,872.61
2025-11-20T16:42:39,3.57,25631,3360.00,4988.00,4986.50,-0.87,98.32,-0.66,872.46
2025-11-20T16:59:24,3.58,25631,3441.00,3465.00,3445.00,-0.67,98.37,-0.69,872.30
2025-11-20T17:16:09,3.57,25631,3447.00,3487.00,3457.00,-0.70,98.39,-0.67,872.25
2025-11-20T17:32:54,3.58,25631,3425.00,4989.00,3457.50,-0.70,98.44,-0.67,872.04
2025-11-20T17:49:40,3.58,25631,3447.00,3456.00,3450.00,-0.83,98.44,-0.74,872.00
2025-11-20T18:06:25,3.58,25631,3438.00,4987.00,3473.50,-0.87,98.44,-0.79,871.81
2025-11-20T18:23:10,3.57,25631,3439.00,3452.00,3445.00,-0.95,98.44,-0.88,871.65
2025-11-20T18:39:55,3.58,25631,3416.00,3445.00,3429.00,-0.85,98.52,-0.93,871.60
2025-11-20T18:56:41,3.58,25631,3323.00,3449.00,3427.00,-0.84,98.50,-0.82,871.36
2025-11-20T19:13:26,3.58,25631,3402.00,4988.00,3416.00,-0.95,98.46,-0.88,871.01
2025-11-20T19:30:11,3.58,25631,3352.00,3431.00,3413.50,-1.03,98.49,-0.96,870.58
2025-11-20T19:46:56,3.58,25631,3351.00,3373.00,3369.50,-1.12,98.41,-1.02,870.18
2025-11-20T20:03:41,3.58,25631,3358.00,3402.00,3381.00,-1.28,98.40,-1.13,870.00
2025-11-20T20:20:26,3.58,25631,3340.00,3372.00,3355.00,-1.38,98.37,-1.26,869.58
2025-11-20T20:37:11,3.58,25631,3378.00,4990.00,4989.00,-1.50,98.27,-1.37,869.40
2025-11-20T20:53:56,3.58,25631,3345.00,3366.00,3353.00,-1.53,98.20,-1.46,869.35
2025-11-20T21:10:41,3.58,25631,3341.00,4986.00,3357.00,-1.46,98.20,-1.46,869.08
2025-11-20T21:27:26,3.58,25631,3341.00,4988.00,4987.00,-1.45,98.15,-1.44,869.02
2025-11-20T21:44:12,3.58,25631,3308.00,3328.00,3321.00,-1.45,98.17,-1.46,868.91
2025-11-20T22:00:57,3.56,25631,2905.00,4989.00,3308.00,-1.42,98.16,-1.44,868.82
2025-11-20T22:17:42,3.58,25631,3267.00,3285.00,3277.00,-1.39,98.17,-1.42,868.77
2025-11-20T22:34:26,3.58,25631,3259.00,3283.00,3264.50,-1.35,98.20,-1.39,868.67
2025-11-20T22:51:11,3.58,25631,3251.00,3261.00,3256.50,-1.36,98.19,-1.37,868.61
2025-11-20T23:07:57,3.58,25631,3227.00,3235.00,3231.00,-1.49,98.14,-1.42,868.63
2025-11-20T23:24:42,3.58,25631,3219.00,3238.00,3232.50,-1.56,98.11,-1.48,868.56
2025-11-20T23:41:27,3.58,25631,3200.00,3209.00,3206.50,-1.62,98.08,-1.55,868.50
2025-11-20T23:58:12,3.58,25631,3202.00,3216.00,3213.50,-1.55,98.06,-1.55,868.61
2025-11-21T00:14:57,3.58,25631,3181.00,3215.00,3206.50,-1.42,98.12,-1.50,868.67
2025-11-21T00:31:43,3.58,25631,3208.00,3216.00,3212.50,-0.87,98.34,-1.27,868.80
2025-11-21T00:48:28,3.57,25631,3187.00,3196.00,3191.00,-0.79,98.38,-1.05,869.48
2025-11-21T01:05:13,3.58,25631,3167.00,3172.00,3169.00,-0.40,98.51,-0.84,870.01
2025-11-21T01:21:58,3.58,25631,3156.00,3163.00,3160.00,-0.01,98.63,-0.48,870.01
2025-11-21T01:38:43,3.58,25631,3161.00,3177.00,3170.00,-0.48,98.55,-0.43,870.62
2025-11-21T01:55:29,3.58,25631,3152.00,3163.00,3154.50,-0.90,98.64,-0.63,871.17
2025-11-21T02:12:14,3.58,25631,4986.00,4988.00,4986.50,-1.01,98.64,-0.84,871.57
2025-11-21T02:28:59,3.58,25631,3146.00,3165.00,3156.00,-0.94,98.61,-0.88,872.18
2025-11-21T02:45:44,3.58,25631,3133.00,3165.00,3148.00,-0.76,98.62,-0.85,872.57
2025-11-21T03:02:30,3.58,25631,3138.00,3151.00,3144.50,-0.56,98.67,-0.80,872.71
2025-11-21T03:19:15,3.58,25631,3147.00,3152.00,3149.00,-0.66,98.60,-0.79,873.24
2025-11-21T03:36:00,3.58,25631,3140.00,3148.00,3146.00,-0.93,98.57,-0.90,873.56
2025-11-21T03:52:45,3.58,25631,3145.00,3154.00,3149.50,-1.04,98.52,-1.17,873.80
2025-11-21T04:09:30,3.58,25631,3150.00,3156.00,3153.00,-0.95,98.47,-1.13,874.14
2025-11-21T04:26:16,3.58,25631,3144.00,4988.00,3163.00,-0.97,98.52,-1.05,874.47
2025-11-21T04:43:01,3.58,25631,3159.00,3164.00,3160.50,-1.04,98.53,-1.01,874.75
2025-11-21T04:59:46,3.58,25631,3144.00,3158.00,3155.50,-1.09,98.52,-1.06,874.83
2025-11-21T05:16:31,3.58,25631,3152.00,3161.00,3155.50,-1.22,98.52,-1.14,875.09
2025-11-21T05:33:16,3.58,25631,3151.00,3162.00,3158.50,-1.45,98.40,-1.30,875.46
2025-11-21T05:50:01,3.58,25631,3158.00,3166.00,3162.00,-1.48,98.34,-1.50,875.71
2025-11-21T06:06:47,3.58,25631,3160.00,3165.00,3162.00,-1.52,98.19,-1.57,875.97
2025-11-21T06:23:30,3.58,25631,3159.00,3167.00,3163.50,-1.59,98.23,-1.58,876.16
2025-11-21T06:40:15,3.58,25631,3156.00,3163.00,3159.50,-1.66,98.13,-1.59,876.42
2025-11-21T06:57:00,3.58,25631,3159.00,3166.00,3162.50,-1.67,97.68,-1.64,876.63
2025-11-21T07:13:45,3.58,25631,3142.00,3154.00,3150.00,-1.66,97.48,-1.70,876.82
2025-11-21T07:30:30,3.58,25631,3144.00,3152.00,3149.00,-1.67,97.25,-1.70,876.92
2025-11-21T07:47:16,3.58,25631,3138.00,3145.00,3142.50,-1.49,96.65,-1.70,877.00
2025-11-21T08:04:01,3.58,25631,3126.00,3156.00,3152.50,-1.45,96.84,-1.62,877.06
2025-11-21T08:20:46,3.58,25631,3094.00,3161.00,3155.50,-1.45,97.19,-1.51,877.20
2025-11-21T08:37:31,3.58,25631,3167.00,3181.00,3173.00,-1.41,97.66,-1.20,877.26
2025-11-21T08:54:16,3.58,25631,3159.00,4990.00,4103.50,-1.42,97.85,-0.98,877.46
2025-11-21T09:11:02,3.58,25631,3135.00,3203.00,3149.50,-1.35,97.84,-0.42,877.28
2025-11-21T09:27:47,3.57,25631,3147.00,3176.00,3157.50,-1.07,96.85,0.13,877.48
2025-11-21T09:44:32,3.58,25631,3126.00,3156.00,3146.50,-1.15,96.78,0.15,877.24
2025-11-21T10:01:17,3.58,25631,3166.00,3170.00,3168.50,-0.94,96.78,0.60,877.46
2025-11-21T10:18:03,3.58,25631,3161.00,3168.00,3164.00,-0.94,96.69,0.93,877.26
2025-11-21T10:34:48,3.58,25631,3116.00,3191.00,3176.50,-1.03,97.21,0.60,877.53
2025-11-21T10:44:12,3.65,25631,3144.00,3198.00,3158.00,-1.09,97.45,0.56,877.52
2025-11-21T10:44:45,3.62,25631,3127.00,3242.00,3187.00,-1.08,97.43,0.71,877.57
2025-11-21T10:44:55,3.83,25091,3140.00,3192.00,3185.50,-1.09,97.48,0.72,879.58
2025-11-21T10:45:06,3.83,24923,3128.00,3240.00,3153.00,-1.08,97.49,0.72,877.95
2025-11-21T10:45:27,3.76,24519,3147.00,3170.00,3152.50,-1.11,97.49,0.71,877.61
2025-11-21T10:45:37,3.83,24519,3158.00,3212.00,3183.50,-1.09,97.48,0.70,877.58
2025-11-21T10:45:48,3.83,24519,3157.00,3204.00,3165.00,-1.09,97.52,0.69,877.53
2025-11-21T10:45:58,3.83,24519,3151.00,3212.00,3171.50,-1.09,97.51,0.69,877.55
2025-11-21T10:46:18,3.76,24471,3182.00,3207.00,3192.00,-1.09,97.48,0.66,877.59
2025-11-21T10:47:21,3.64,25631,3204.00,3211.00,3208.00,-1.09,97.47,0.67,878.22
2025-11-21T11:04:10,3.67,25631,3182.00,3192.00,3187.00,-0.98,97.81,0.72,877.70
2025-11-21T11:20:58,3.65,25631,3165.00,3175.00,3168.50,-0.95,97.65,1.11,877.66
2025-11-21T11:37:46,3.66,25631,3151.00,3180.00,3169.00,-0.67,97.47,2.34,877.82
2025-11-21T11:54:34,3.65,25631,3174.00,3204.00,3191.50,-0.65,97.22,3.31,877.52
2025-11-21T12:11:22,3.65,25631,3168.00,3174.00,3171.00,-0.60,97.35,2.59,877.97
2025-11-21T12:28:10,3.65,25631,3181.00,3202.00,3198.50,-0.62,97.28,1.95,878.14
2025-11-21T12:44:58,3.65,25631,3133.00,3167.00,3158.50,-0.62,97.41,1.50,878.16
2025-11-21T13:01:47,3.65,25631,3169.00,3174.00,3172.00,-0.46,97.46,1.41,878.08
2025-11-21T13:18:35,3.65,25631,3135.00,3163.00,3148.00,-0.94,97.78,0.45,878.13
2025-11-21T13:35:23,3.65,25631,3111.00,3124.00,3117.50,-1.30,97.85,0.01,878.06
2025-11-21T13:52:11,3.65,25631,3100.00,3113.00,3103.00,-1.14,98.03,-0.22,878.26
2025-11-21T14:08:59,3.65,25631,3083.00,4988.00,3120.00,-0.93,98.02,0.37,878.24
2025-11-21T14:25:47,3.65,25631,3092.00,3101.00,3095.00,-1.08,97.83,0.58,878.44
2025-11-21T14:42:35,3.65,25631,3033.00,3101.00,3094.00,-1.19,97.81,0.37,878.41
2025-11-21T14:59:23,3.65,25631,3073.00,3087.00,3079.50,-1.14,97.90,0.37,878.37
2025-11-21T15:16:11,3.65,25631,3070.00,3081.00,3075.00,-1.12,98.11,-0.02,878.49
2025-11-21T15:32:59,3.65,25631,3079.00,3082.00,3080.50,-1.11,98.07,-0.16,878.37
2025-11-21T15:49:47,3.65,25631,3081.00,3092.00,3088.50,-1.27,98.06,-0.57,878.43
2025-11-21T16:06:34,3.65,25631,3075.00,4988.00,3084.50,-1.62,98.14,-1.14,878.81
2025-11-21T16:23:22,3.65,25631,3056.00,3067.00,3060.50,-1.42,98.11,-1.18,878.83
2025-11-21T16:40:10,3.64,25631,3057.00,3063.00,3060.50,-1.53,98.01,-1.40,878.89
2025-11-21T16:56:58,3.65,25631,3054.00,3065.00,3058.00,-1.52,97.16,-1.62,878.92
2025-11-21T17:13:45,3.65,25631,3048.00,3055.00,3053.00,-1.53,95.68,-1.75,878.68
2025-11-21T17:30:33,3.65,25631,3051.00,3058.00,3053.50,-1.55,96.16,-1.76,878.79
2025-11-21T17:47:21,3.65,25631,3043.00,3057.00,3053.50,-1.64,96.01,-1.84,878.75
2025-11-21T18:04:09,3.65,25631,3052.00,3061.00,3055.00,-1.91,96.13,-2.27,878.71
2025-11-21T18:20:57,3.65,25631,3055.00,3060.00,3058.50,-2.04,96.87,-2.54,878.61
2025-11-21T18:37:45,3.64,25631,3056.00,3065.00,3062.00,-2.01,97.43,-2.50,878.58
2025-11-21T18:54:33,3.65,25631,3055.00,3065.00,3061.50,-1.71,97.47,-2.46,878.55
2025-11-21T19:11:21,3.64,25631,3059.00,3066.00,3064.00,-1.88,97.65,-2.26,878.47
2025-11-21T19:28:08,3.65,25631,3060.00,3066.00,3063.50,-1.80,98.04,-2.05,878.41
2025-11-21T19:44:56,3.65,25631,3055.00,3070.00,3066.00,-2.05,97.86,-2.27,878.52
2025-11-21T20:01:44,3.65,25631,3062.00,3069.00,3067.00,-1.97,97.97,-2.33,878.54
2025-11-21T20:18:32,3.65,25631,3067.00,3074.00,3068.50,-2.29,97.13,-2.52,878.57
2025-11-21T20:35:19,3.65,25631,3062.00,3069.00,3067.50,-2.41,96.44,-2.85,878.69
2025-11-21T20:52:07,3.65,25631,3055.00,3070.00,3063.50,-2.24,95.18,-2.96,878.64
2025-11-21T21:08:55,3.65,25631,3067.00,3075.00,3071.50,-2.24,95.36,-2.97,878.74
2025-11-21T21:25:42,3.65,25631,3067.00,3077.00,3072.50,-1.84,95.56,-2.55,878.77
2025-11-21T21:42:30,3.65,25631,3063.00,3074.00,3069.50,-1.97,94.03,-2.44,878.66
2025-11-21T21:59:18,3.65,25631,3066.00,3072.00,3069.00,-2.02,94.16,-2.44,878.69
2025-11-21T22:16:06,3.65,25631,3071.00,3077.00,3075.00,-2.04,95.09,-2.50,878.72
2025-11-21T22:32:54,3.65,25631,3074.00,3082.00,3078.50,-1.86,95.17,-2.17,878.60
2025-11-21T22:49:41,3.65,25631,3074.00,3081.00,3078.00,-2.02,93.81,-2.32,878.40
2025-11-21T23:06:28,3.65,25631,3078.00,3083.00,3080.50,-1.87,93.78,-2.22,878.22
2025-11-21T23:23:16,3.65,25631,3077.00,3083.00,3079.00,-1.97,93.50,-2.20,877.96
2025-11-21T23:40:04,3.65,25631,3088.00,3094.00,3091.00,-2.15,96.29,-2.16,877.91
2025-11-21T23:56:52,3.65,25631,3086.00,3094.00,3091.00,-2.18,97.17,-2.20,877.94
2025-11-22T00:13:40,3.65,25631,3089.00,3098.00,3094.00,-2.24,97.21,-2.29,877.94
2025-11-22T00:30:28,3.65,25631,3087.00,3096.00,3091.50,-2.15,96.75,-2.38,878.12
2025-11-22T00:47:16,3.65,25631,3087.00,3100.00,3090.50,-1.81,94.59,-2.19,877.98
2025-11-22T01:04:03,3.65,25631,3086.00,3090.00,3088.00,-1.56,92.58,-2.00,877.80
2025-11-22T01:20:51,3.64,25631,3086.00,3091.00,3087.50,-1.62,92.73,-1.86,877.24
2025-11-22T01:37:39,3.65,25631,3086.00,3101.00,3094.00,-1.97,95.53,-1.90,877.02
2025-11-22T01:54:27,3.65,25631,3099.00,3104.00,3101.50,-2.08,96.51,-2.03,877.07
2025-11-22T02:11:15,3.65,25631,3100.00,3105.00,3102.50,-2.15,97.55,-2.12,877.03
2025-11-22T02:28:03,3.64,25631,3084.00,3120.00,3111.50,-2.34,97.78,-2.25,877.02
2025-11-22T02:44:51,3.65,25631,3098.00,3121.00,3106.00,-2.14,97.89,-2.22,877.09
2025-11-22T03:01:38,3.64,25631,2370.00,3128.00,3092.50,-2.11,97.90,-2.17,876.96
2025-11-22T03:18:26,3.64,25631,3086.00,3093.00,3090.50,-2.05,97.98,-2.15,876.86
2025-11-22T03:35:14,3.64,25631,3082.00,3097.00,3090.50,-1.76,96.71,-2.00,876.84
2025-11-22T03:52:02,3.65,25631,3097.00,3109.00,3098.00,-1.91,96.98,-1.92,876.84
2025-11-22T04:08:50,3.65,25631,3106.00,3110.00,3108.00,-1.63,96.41,-1.84,876.86
2025-11-22T04:25:38,3.64,25631,3097.00,3102.00,3099.50,-1.77,97.26,-1.79,876.84
2025-11-22T04:42:26,3.65,25631,3089.00,3105.00,3095.50,-1.86,97.77,-1.85,876.82
2025-11-22T04:59:13,3.64,25631,3092.00,3104.00,3096.00,-1.94,97.76,-1.89,876.80
2025-11-22T05:16:01,3.65,25631,3088.00,3092.00,3091.00,-2.07,98.01,-1.98,876.84
2025-11-22T05:32:49,3.64,25631,3075.00,3089.00,3084.00,-2.21,98.01,-2.10,876.92
2025-11-22T05:49:37,3.64,25631,3083.00,3088.00,3084.50,-2.21,97.98,-2.15,876.91
2025-11-22T06:06:25,3.64,25631,3082.00,3086.00,3084.00,-2.22,97.94,-2.25,876.81
2025-11-22T06:23:13,3.64,25631,3078.00,3085.00,3082.00,-2.17,98.08,-2.27,876.85
2025-11-22T06:40:00,3.64,25631,3036.00,3104.00,3079.50,-2.12,98.09,-2.18,876.85
2025-11-22T06:56:47,3.64,25631,3080.00,3083.00,3081.50,-2.21,98.10,-2.18,876.95
2025-11-22T07:13:35,3.64,25631,3072.00,3083.00,3080.50,-2.31,97.83,-2.27,877.00
2025-11-22T07:30:23,3.64,25631,3081.00,3085.00,3082.00,-2.36,97.59,-2.33,877.00
2025-11-22T07:47:11,3.65,25631,3083.00,3090.00,3084.50,-2.44,97.52,-2.40,877.18
2025-11-22T08:03:59,3.64,25631,3096.00,4986.00,3126.50,-2.45,97.72,-2.43,877.23
2025-11-22T08:20:47,3.64,25631,3084.00,3096.00,3091.50,-2.44,97.65,-2.39,877.38
2025-11-22T08:37:34,3.64,25631,3045.00,4988.00,3088.00,-2.38,97.85,-2.13,877.44
2025-11-22T08:54:21,3.64,25631,3073.00,3089.00,3082.00,-2.32,97.91,-1.69,877.69
2025-11-22T09:11:09,3.64,25631,3059.00,3082.00,3073.00,-2.21,97.69,-0.87,877.95
2025-11-22T09:27:57,3.64,25631,3078.00,3088.00,3081.50,-2.21,97.62,-0.39,878.04
2025-11-22T09:44:45,3.64,25631,3088.00,3091.00,3090.00,-1.34,96.65,3.01,878.23
2025-11-22T10:01:33,3.64,25631,3091.00,3096.00,3093.00,-1.39,96.06,3.77,878.49
2025-11-22T10:18:21,3.64,25631,3092.00,3100.00,3096.50,-1.07,94.61,4.11,878.37
2025-11-22T10:35:10,3.64,25631,3098.00,3104.00,3101.00,-0.30,94.38,6.34,878.70
2025-11-22T10:51:58,3.64,25631,3106.00,3112.00,3109.00,-0.05,92.83,8.37,878.54
2025-11-22T11:08:46,3.65,25631,3104.00,3111.00,3106.00,-1.43,94.71,5.77,878.37
2025-11-22T11:25:34,3.64,25631,3101.00,3108.00,3106.00,-1.64,94.37,3.73,878.61
2025-11-22T11:42:22,3.65,25631,3110.00,3113.00,3111.50,-1.50,93.60,3.42,878.81
2025-11-22T11:59:10,3.64,25631,3106.00,3116.00,3111.00,-1.30,93.24,3.62,878.70
2025-11-22T12:15:58,3.64,25631,3110.00,3115.00,3112.00,-1.66,94.12,3.12,878.62
2025-11-22T12:32:46,3.64,25631,3108.00,3115.00,3110.00,-1.88,95.13,2.01,878.62
2025-11-22T12:49:35,3.64,25631,3111.00,3121.00,3115.00,-1.69,94.92,1.97,878.65
2025-11-22T13:06:23,3.64,25631,3134.00,3140.00,3138.50,-0.48,94.50,4.66,878.62
2025-11-22T13:23:11,3.65,25631,3129.00,3148.00,3139.00,-0.40,91.87,5.61,878.61
2025-11-22T13:39:59,3.64,25631,3120.00,4987.00,3153.50,0.07,92.55,6.23,878.67
2025-11-22T13:56:48,3.64,25631,4985.00,4987.00,4986.00,-0.67,91.63,5.08,878.40
2025-11-22T14:13:36,3.64,25631,3085.00,3168.00,3137.50,-1.95,94.00,2.43,878.36
2025-11-22T14:30:24,3.64,25631,3141.00,4988.00,3169.00,-2.12,94.54,1.56,878.48
2025-11-22T14:47:12,3.65,25631,3097.00,3109.00,3104.00,-2.09,96.38,0.66,878.53
2025-11-22T15:04:00,3.64,25631,3121.00,3134.00,3127.50,-1.84,95.82,0.81,878.47
2025-11-22T15:20:48,3.64,25631,3112.00,3121.00,3115.50,-2.28,96.82,-0.02,878.48
2025-11-22T15:37:35,3.64,25631,3112.00,3118.00,3113.00,-2.48,96.82,-0.81,878.53
2025-11-22T15:54:23,3.64,25631,3111.00,3121.00,3115.50,-2.56,96.75,-1.26,878.60
2025-11-22T16:11:11,3.64,25631,3105.00,3120.00,3111.00,-2.62,97.27,-1.79,878.71
2025-11-22T16:27:59,3.64,25631,3093.00,3107.00,3099.50,-2.76,97.38,-2.24,878.84
2025-11-22T16:44:46,3.64,25631,3106.00,3115.00,3110.50,-2.74,97.62,-2.48,879.03
2025-11-22T17:01:34,3.64,25631,3107.00,4990.00,4988.50,-2.84,97.77,-2.66,878.95
2025-11-22T17:18:22,3.64,25631,3096.00,3109.00,3106.00,-3.04,97.53,-2.90,878.94
2025-11-22T17:35:10,3.64,25631,3092.00,3108.00,3102.00,-3.35,96.72,-3.32,878.93
2025-11-22T17:51:57,3.64,25631,3097.00,3108.00,3103.00,-3.29,97.15,-3.44,879.05
2025-11-22T18:08:45,3.64,25631,3098.00,3110.00,3107.50,-3.23,97.43,-3.39,879.11
2025-11-22T18:25:33,3.64,25631,3104.00,3118.00,3107.50,-3.50,96.88,-3.57,879.17
2025-11-22T18:42:21,3.63,25631,3106.00,3112.00,3109.50,-3.41,97.44,-3.61,879.21
2025-11-22T18:59:08,3.64,25631,3101.00,3116.00,3107.50,-3.45,97.39,-3.73,879.30
2025-11-22T19:15:56,3.64,25631,3103.00,3114.00,3108.00,-3.43,97.04,-3.73,879.40
2025-11-22T19:32:44,3.64,25631,3100.00,3113.00,3108.00,-3.39,97.18,-3.61,879.43
2025-11-22T19:49:32,3.62,25631,3102.00,3125.00,3116.50,-3.50,97.02,-3.61,879.51
2025-11-22T20:06:19,3.64,25631,3092.00,3121.00,3113.50,-3.41,96.86,-3.67,879.61
2025-11-22T20:23:07,3.64,25631,3104.00,3115.00,3112.50,-3.56,96.81,-3.71,879.73
2025-11-22T20:39:55,3.64,25631,3110.00,3122.00,3118.00,-3.83,96.60,-3.93,879.78
2025-11-22T20:56:43,3.63,25631,3103.00,3120.00,3107.50,-3.86,97.10,-4.13,879.84
2025-11-22T21:13:29,3.62,25631,3114.00,4988.00,3120.00,-3.80,96.65,-4.14,879.81
2025-11-22T21:30:17,3.64,25631,3113.00,3127.00,3120.00,-3.55,96.89,-3.87,879.88
2025-11-22T21:47:05,3.64,25631,3114.00,3132.00,3120.50,-3.55,96.93,-3.76,879.94
2025-11-22T22:03:53,3.64,25631,3117.00,3137.00,3124.00,-3.62,96.54,-3.81,880.04
2025-11-22T22:20:40,3.64,25631,3116.00,3132.00,3121.50,-3.56,96.82,-3.74,880.17
2025-11-22T22:37:28,3.63,25631,3111.00,3129.00,3122.00,-3.80,95.60,-4.06,880.09
2025-11-22T22:54:16,3.64,25631,3103.00,3135.00,3125.50,-4.05,96.54,-4.31,880.21
2025-11-22T23:11:04,3.64,25631,3105.00,4987.00,3126.50,-3.66,95.91,-4.07,880.26
2025-11-22T23:27:51,3.64,25631,3118.00,3140.00,3131.50,-3.66,94.99,-3.95,880.18
2025-11-22T23:44:39,3.64,25631,3127.00,4988.00,3134.00,-3.60,97.10,-3.81,880.28
2025-11-23T00:01:27,3.64,25631,3096.00,4988.00,4986.00,-3.55,97.54,-3.68,880.32
2025-11-23T00:18:15,3.64,25631,3130.00,4988.00,4987.00,-3.56,97.16,-3.67,880.32
2025-11-23T00:35:02,3.64,25631,3132.00,4988.00,4986.50,-3.59,96.64,-3.68,880.40
2025-11-23T00:51:50,3.64,25631,3125.00,4989.00,3139.50,-3.60,97.09,-3.67,880.47
2025-11-23T01:08:38,3.64,25631,3138.00,4988.00,3145.50,-3.66,96.62,-3.73,880.40
2025-11-23T01:25:25,3.64,25631,3129.00,3148.00,3135.00,-3.58,97.14,-3.69,880.39
2025-11-23T01:42:12,3.64,25631,3118.00,3145.00,3133.00,-3.90,96.46,-4.00,880.41
2025-11-23T01:59:00,3.63,25631,3123.00,3143.00,3132.00,-3.63,96.63,-3.87,880.47
2025-11-23T02:15:48,3.63,25631,3128.00,3137.00,3134.00,-3.62,96.66,-3.81,880.38
2025-11-23T02:32:35,3.64,25631,3115.00,3139.00,3134.00,-3.77,95.29,-4.06,880.32
2025-11-23T02:49:23,3.64,25631,3130.00,3137.00,3135.50,-3.76,96.08,-4.00,880.32
2025-11-23T03:06:11,3.64,25631,3130.00,3140.00,3134.00,-3.80,95.23,-4.04,880.29
2025-11-23T03:22:58,3.64,25631,3131.00,3143.00,3137.00,-3.76,95.23,-4.04,880.18
2025-11-23T03:39:46,3.63,25631,3131.00,3143.00,3139.00,-3.93,95.57,-4.11,880.12
2025-11-23T03:56:34,3.63,25631,3127.00,3137.00,3134.00,-3.80,95.58,-4.10,880.13
2025-11-23T04:13:22,3.63,25631,3139.00,3146.00,3143.00,-3.83,96.01,-4.02,880.00
2025-11-23T04:30:09,3.63,25631,3136.00,3145.00,3139.00,-3.87,96.14,-4.06,879.93
2025-11-23T04:46:57,3.64,25631,3135.00,3145.00,3142.00,-3.87,96.20,-4.07,879.87
2025-11-23T05:03:45,3.64,25631,3134.00,3143.00,3139.00,-3.80,95.09,-4.02,879.92
2025-11-23T05:20:32,3.63,25631,3142.00,3149.00,3145.00,-3.95,96.20,-4.11,879.92
2025-11-23T05:37:20,3.64,25631,3136.00,3146.00,3144.00,-3.97,95.65,-4.19,879.98
2025-11-23T05:54:08,3.63,25631,3138.00,3147.00,3142.00,-3.99,95.92,-4.14,880.08
2025-11-23T06:10:55,3.63,25631,3140.00,3149.00,3147.50,-4.04,96.31,-4.14,879.95
2025-11-23T06:27:43,3.63,25631,3141.00,3147.00,3144.00,-3.99,96.38,-4.17,880.08
2025-11-23T06:44:31,3.63,25631,3145.00,3152.00,3149.00,-3.94,96.92,-4.07,880.12
2025-11-23T07:01:18,3.63,25631,3144.00,3149.00,3146.00,-3.98,97.13,-4.07,880.26
2025-11-23T07:18:05,3.64,25631,3142.00,3151.00,3148.00,-4.01,97.18,-4.06,880.34
2025-11-23T07:34:53,3.64,25631,3143.00,3154.00,3150.00,-4.01,97.15,-4.09,880.35
2025-11-23T07:51:40,3.63,25631,3141.00,3155.00,3146.00,-4.07,96.43,-4.18,880.42
2025-11-23T08:08:28,3.63,25631,3139.00,3149.00,3145.00,-3.95,96.21,-4.19,880.56
2025-11-23T08:25:15,3.64,25631,3139.00,3154.00,3147.00,-4.08,95.63,-4.12,880.46
2025-11-23T08:42:02,3.63,25631,3143.00,3150.00,3149.00,-3.86,95.70,-3.91,880.67
2025-11-23T08:58:50,3.63,25631,3144.00,3157.00,3153.00,-3.77,96.54,-3.55,880.77
2025-11-23T09:15:38,3.63,25631,3153.00,3157.00,3154.00,-3.58,96.75,-2.88,880.79
2025-11-23T09:32:26,3.63,25631,3153.00,3161.00,3157.00,-3.25,95.84,-1.78,880.96
2025-11-23T09:49:14,3.63,25631,3154.00,3161.00,3157.50,-2.49,94.02,1.63,880.91
2025-11-23T10:06:02,3.63,25631,3148.00,3162.00,3157.00,-2.74,94.40,1.19,880.82
2025-11-23T10:22:50,3.64,25631,3152.00,3161.00,3157.00,-2.65,93.82,0.75,880.96
2025-11-23T10:39:37,3.63,25631,3151.00,3161.00,3158.50,-2.73,94.34,0.82,880.92
2025-11-23T10:56:25,3.63,25631,3157.00,3163.00,3159.00,-2.67,94.23,0.90,880.96
2025-11-23T11:13:13,3.63,25631,3146.00,3169.00,3164.00,-2.50,94.24,1.82,881.03
2025-11-23T11:30:01,3.63,25631,3164.00,4988.00,4987.00,-2.98,95.00,1.17,880.94
2025-11-23T11:46:49,3.63,25631,3143.00,4987.00,4986.00,-2.53,94.35,2.24,880.98
2025-11-23T12:03:37,3.64,25631,4986.00,4988.00,4986.50,-2.05,91.94,4.88,880.86
2025-11-23T12:20:25,3.63,25631,3147.00,3169.00,3161.50,-1.49,92.35,4.04,880.86
2025-11-23T12:37:13,3.64,25631,3152.00,3165.00,3159.00,-2.67,93.94,2.62,880.87
2025-11-23T12:54:01,3.64,25631,3162.00,3168.00,3165.00,-1.97,92.90,4.14,880.92
2025-11-23T13:10:50,3.63,25631,3155.00,3161.00,3159.00,-2.79,95.20,2.34,880.98
2025-11-23T13:27:38,3.63,25631,3144.00,3150.00,3146.50,-2.69,95.39,2.07,881.24
2025-11-23T13:44:26,3.63,25631,3151.00,3156.00,3153.00,-2.31,94.86,3.73,881.33
2025-11-23T14:01:14,3.64,25631,3155.00,3158.00,3157.00,-2.26,94.43,4.00,881.12
2025-11-23T14:18:02,3.64,25631,3157.00,3163.00,3160.00,-1.79,92.42,5.56,880.86
2025-11-23T14:34:50,3.63,25631,3151.00,3154.00,3152.50,-2.70,95.39,2.10,881.29
2025-11-23T14:51:38,3.64,25631,3148.00,3152.00,3150.50,-2.90,95.57,0.74,881.41
2025-11-23T15:08:26,3.63,25631,3149.00,3152.00,3151.00,-2.98,96.13,-0.33,881.58
2025-11-23T15:25:14,3.63,25631,3147.00,3151.00,3149.00,-3.28,96.76,-1.43,881.75
2025-11-23T15:42:02,3.63,25631,3148.00,3151.00,3149.00,-3.53,96.70,-2.19,881.90
2025-11-23T15:58:50,3.63,25631,3146.00,3150.00,3150.00,-3.41,97.08,-2.38,882.10
2025-11-23T16:15:37,3.63,25631,3147.00,3150.00,3149.00,-3.76,96.80,-2.98,882.20
2025-11-23T16:32:24,3.62,25631,3147.00,3149.00,3148.00,-4.28,97.16,-3.91,882.30
2025-11-23T16:49:12,3.63,25631,3145.00,3148.00,3146.00,-4.77,96.61,-4.68,882.50
2025-11-23T17:06:00,3.62,25631,3143.00,3146.00,3144.50,-4.60,97.23,-4.97,882.61
2025-11-23T17:22:47,3.63,25631,3144.00,3152.00,3148.00,-4.38,97.28,-4.88,882.65
2025-11-23T17:39:35,3.62,25631,3144.00,3150.00,3147.00,-4.26,95.66,-4.90,882.71
2025-11-23T17:56:23,3.62,25631,3145.00,3151.00,3148.50,-4.66,96.28,-5.06,882.78
2025-11-23T18:13:10,3.63,25631,3148.00,3150.00,3149.00,-4.90,96.42,-5.22,882.83
2025-11-23T18:29:58,3.63,25631,3143.00,3148.00,3145.50,-4.83,95.32,-5.39,882.82
2025-11-23T18:46:46,3.62,25631,3142.00,3146.00,3144.50,-4.60,93.85,-5.62,882.80
2025-11-23T19:03:33,3.62,25631,3141.00,3145.00,3143.00,-5.02,94.44,-5.81,882.83
2025-11-23T19:20:21,3.62,25631,3141.00,3147.00,3145.50,-4.91,93.94,-6.00,882.82
2025-11-23T19:37:08,3.62,25631,3144.00,3149.00,3147.00,-5.29,95.58,-6.11,882.82
2025-11-23T19:53:56,3.62,25631,3143.00,3147.00,3146.00,-5.44,94.99,-6.26,882.79
2025-11-23T20:10:43,3.63,25631,3146.00,3148.00,3147.00,-5.29,95.02,-6.34,882.88
2025-11-23T20:27:31,3.63,25631,3148.00,3152.00,3150.00,-5.42,95.42,-6.39,882.98
2025-11-23T20:44:19,3.63,25631,3149.00,3153.00,3150.50,-5.49,94.88,-6.48,883.04
2025-11-23T21:01:06,3.62,25631,3148.00,3152.00,3149.00,-5.66,95.78,-6.44,883.12
2025-11-23T21:17:54,3.62,25631,3149.00,3153.00,3152.00,-5.62,95.53,-6.43,883.18
2025-11-23T21:34:41,3.62,25631,3148.00,3151.00,3149.00,-5.73,95.76,-6.55,883.24
2025-11-23T21:51:29,3.62,25631,3146.00,3151.00,3148.00,-5.56,95.69,-6.52,883.26
2025-11-23T22:08:16,3.62,25631,3150.00,3155.00,3150.50,-5.77,94.89,-6.50,883.30
2025-11-23T22:25:04,3.62,25631,3150.00,3161.00,3157.00,-5.14,93.76,-6.57,883.36
2025-11-23T22:41:51,3.62,25631,3156.00,3159.00,3157.00,-5.62,93.77,-6.63,883.41
2025-11-23T22:58:38,3.62,25631,3154.00,3159.00,3156.50,-5.28,92.88,-6.62,883.47
2025-11-23T23:15:25,3.62,25631,3152.00,3156.00,3155.00,-5.95,93.67,-6.79,883.68
2025-11-23T23:32:13,3.62,25631,3149.00,3154.00,3151.50,-6.12,94.42,-6.97,883.87
2025-11-23T23:49:00,3.62,25631,3148.00,3152.00,3150.00,-6.21,93.18,-7.00,883.92
2025-11-24T00:05:48,3.63,25631,3156.00,3162.00,3157.50,-6.08,94.75,-6.97,884.05
2025-11-24T00:22:35,3.62,25631,3156.00,3162.00,3158.50,-6.11,94.92,-7.00,884.22
2025-11-24T00:39:23,3.62,25631,3155.00,3157.00,3156.50,-6.59,96.10,-7.14,884.43
2025-11-24T00:56:10,3.62,25631,3155.00,3162.00,3159.00,-6.29,97.03,-7.04,884.52
2025-11-24T01:12:58,3.62,25631,3157.00,3161.00,3159.00,-6.26,97.24,-7.03,884.62
2025-11-24T01:29:45,3.62,25631,3154.00,3159.00,3156.00,-6.35,96.50,-7.18,884.73
2025-11-24T01:46:33,3.62,25631,3155.00,3162.00,3159.00,-6.30,96.51,-7.22,884.72
2025-11-24T02:03:20,3.62,25631,3153.00,3157.00,3155.00,-6.60,95.68,-7.33,884.67
2025-11-24T02:20:08,3.62,25631,3158.00,3164.00,3161.00,-6.08,97.59,-7.11,884.81
2025-11-24T02:36:55,3.62,25631,3159.00,3163.00,3161.00,-6.04,96.41,-7.08,884.88
2025-11-24T02:53:43,3.62,25631,3158.00,3163.00,3161.50,-6.08,97.26,-7.14,884.96
2025-11-24T03:10:30,3.62,25631,3161.00,3164.00,3163.00,-5.94,96.55,-6.85,885.08
2025-11-24T03:27:18,3.62,25631,3163.00,3166.00,3165.00,-6.05,96.92,-6.84,885.16
2025-11-24T03:44:05,3.62,25631,3163.00,3168.00,3165.00,-5.99,96.39,-6.78,885.35
2025-11-24T04:00:53,3.62,25631,3160.00,3163.00,3161.50,-6.84,95.70,-7.16,885.46
2025-11-24T04:17:40,3.62,25631,3162.00,3166.00,3165.00,-6.40,97.20,-7.26,885.68
2025-11-24T04:34:25,3.62,25631,3160.00,3166.00,3163.50,-6.73,96.46,-7.33,885.68
2025-11-24T04:51:13,3.62,25631,3161.00,3167.00,3165.00,-6.36,97.74,-7.42,885.72
2025-11-24T05:08:00,3.62,25631,3165.00,3168.00,3165.00,-6.29,97.63,-7.19,885.96
2025-11-24T05:24:48,3.62,25631,3171.00,3174.00,3172.00,-6.42,96.40,-7.01,885.82
2025-11-24T05:41:35,3.62,25631,3171.00,3177.00,3174.50,-6.36,96.39,-7.31,885.90
2025-11-24T05:58:23,3.62,25631,3169.00,3174.00,3173.00,-6.56,95.21,-7.42,885.99
2025-11-24T06:15:10,3.62,25631,3165.00,3170.00,3168.00,-6.80,97.31,-7.56,886.15
2025-11-24T06:31:58,3.62,25631,3169.00,3175.00,3173.00,-6.62,96.67,-7.50,886.26
2025-11-24T06:48:45,3.62,25631,3173.00,3180.00,3175.00,-6.40,96.34,-7.35,886.38
2025-11-24T07:05:33,3.62,25631,3166.00,3175.00,3170.50,-6.81,96.02,-7.56,886.47
2025-11-24T07:22:20,3.62,25631,3162.00,3171.00,3164.50,-7.02,96.63,-7.76,886.51
2025-11-24T07:39:07,3.62,25631,3165.00,3175.00,3170.50,-6.87,96.36,-7.64,886.70
2025-11-24T07:55:55,3.62,25631,3169.00,3179.00,3174.50,-6.69,96.18,-7.61,886.92
2025-11-24T08:12:42,3.62,25631,3169.00,3176.00,3170.50,-6.87,95.72,-7.61,887.06
2025-11-24T08:29:30,3.62,25631,3162.00,3174.00,3168.00,-6.87,95.95,-7.73,887.34
2025-11-24T08:46:17,3.62,25631,3165.00,3175.00,3170.50,-6.98,94.97,-7.56,887.43
2025-11-24T09:03:04,3.62,25631,3184.00,3194.00,3188.00,-5.66,96.32,-4.79,887.84
2025-11-24T09:19:51,3.62,25631,3196.00,3200.00,3198.00,-3.41,93.08,-0.70,887.95
2025-11-24T09:36:39,3.62,25631,3209.00,3216.00,3214.50,-1.98,89.77,2.19,888.04
2025-11-24T09:53:27,3.62,25631,3213.00,3222.00,3218.00,-1.34,90.37,4.00,887.96
2025-11-24T10:10:15,3.63,25631,3215.00,3221.00,3218.00,-0.95,88.49,4.23,888.03
2025-11-24T10:27:03,3.62,25631,3220.00,3225.00,3222.00,-1.28,85.85,4.80,888.28
2025-11-24T10:43:52,3.62,25631,3221.00,3228.00,3226.50,-0.93,84.09,5.12,888.30
2025-11-24T11:00:40,3.63,25631,3229.00,3233.00,3230.00,-0.32,83.77,5.92,888.31
2025-11-24T11:17:28,3.62,25631,3227.00,3233.00,3228.50,-2.62,86.52,5.83,888.48
2025-11-24T11:34:16,3.62,25631,3225.00,3231.00,3228.00,-2.66,90.21,5.56,888.69
2025-11-24T11:51:04,3.63,25631,3220.00,3225.00,3224.00,-2.45,89.29,5.81,888.68
2025-11-24T12:07:53,3.62,25631,3217.00,3223.00,3221.50,-2.24,89.12,5.78,888.59
2025-11-24T12:24:41,3.62,25631,3216.00,3219.00,3217.00,-3.74,90.16,4.56,888.66
2025-11-24T12:41:29,3.62,25631,3222.00,3227.00,3225.00,-1.34,86.46,6.85,888.83
2025-11-24T12:58:17,3.62,25631,3225.00,3232.00,3229.50,-1.90,83.35,7.00,888.66
2025-11-24T13:15:06,3.63,25631,3225.00,3235.00,3229.50,-1.14,85.44,7.55,888.82
2025-11-24T13:31:54,3.63,25631,3227.00,3234.00,3231.50,-0.62,83.50,8.65,888.64
2025-11-24T13:48:42,3.63,25631,3226.00,3231.00,3228.00,-2.46,86.34,6.93,888.57
2025-11-24T14:05:31,3.63,25631,3231.00,3238.00,3234.50,-1.48,86.86,7.14,888.74
2025-11-24T14:22:19,3.62,25631,3218.00,3222.00,3220.00,-2.90,88.48,4.87,888.76
2025-11-24T14:39:06,3.63,25631,3215.00,3221.00,3218.00,-3.52,89.46,3.75,888.62
2025-11-24T14:55:54,3.62,25631,3210.00,3214.00,3212.00,-3.83,91.04,3.51,888.72
2025-11-24T15:12:42,3.62,25631,3209.00,3216.00,3213.00,-3.55,90.18,4.25,888.76
2025-11-24T15:29:30,3.62,25631,3195.00,3201.00,3199.00,-4.08,92.63,0.99,888.87
2025-11-24T15:46:18,3.63,25631,3189.00,3195.00,3192.00,-4.74,93.92,-2.14,889.02
2025-11-24T16:03:06,3.62,25631,3187.00,3193.00,3189.00,-5.19,95.24,-3.63,889.15
2025-11-24T16:19:54,3.62,25631,3185.00,3191.00,3186.00,-5.22,96.03,-4.39,889.14
2025-11-24T16:36:41,3.62,25631,3185.00,3190.00,3186.00,-5.52,95.06,-5.19,889.11
2025-11-24T16:53:29,3.62,25631,3184.00,3190.00,3186.00,-5.94,95.59,-5.78,889.33
2025-11-24T17:10:16,3.62,25631,3184.00,3191.00,3186.50,-5.76,96.43,-5.93,889.27
2025-11-24T17:27:04,3.62,25631,3182.00,3187.00,3186.00,-5.64,96.38,-5.89,889.15
2025-11-24T17:43:52,3.62,25631,3185.00,3192.00,3189.00,-5.62,95.42,-5.86,889.09
2025-11-24T18:00:39,3.62,25631,3188.00,3194.00,3191.50,-5.52,95.18,-5.82,889.10
2025-11-24T18:17:27,3.62,25631,3188.00,3195.00,3189.50,-5.81,94.91,-6.04,889.02
2025-11-24T18:34:14,3.62,25631,3186.00,3195.00,3191.50,-5.55,95.10,-6.16,889.05
2025-11-24T18:51:02,3.62,25631,3189.00,3193.00,3191.50,-5.69,94.98,-6.18,889.08
2025-11-24T19:07:49,3.62,25631,3188.00,3194.00,3191.00,-5.73,94.55,-6.18,889.10
2025-11-24T19:24:37,3.62,25631,3187.00,3192.00,3189.50,-5.93,94.01,-6.36,888.96
2025-11-24T19:41:24,3.62,25631,3184.00,3191.00,3189.00,-5.93,93.89,-6.61,888.94
2025-11-24T19:58:12,3.62,25631,3191.00,3197.00,3192.50,-5.94,94.96,-6.63,889.01
2025-11-24T20:14:59,3.62,25631,3193.00,3200.00,3198.00,-6.12,94.54,-6.67,888.98
2025-11-24T20:31:47,3.62,25631,3188.00,3191.00,3189.50,-5.95,95.30,-6.63,889.15
2025-11-24T20:48:34,3.62,25631,3191.00,3199.00,3195.50,-5.56,95.06,-6.21,889.13
2025-11-24T21:05:22,3.62,25631,3194.00,3201.00,3198.00,-5.40,93.83,-5.93,889.09
2025-11-24T21:22:08,3.62,25631,3196.00,3200.00,3199.00,-5.36,94.21,-5.79,888.93
2025-11-24T21:38:55,3.62,25631,3197.00,3201.00,3199.50,-5.28,93.74,-5.76,888.77
2025-11-24T21:55:43,3.62,25631,3195.00,3200.00,3197.50,-5.04,92.01,-5.64,888.49
2025-11-24T22:12:30,3.62,25631,3196.00,3202.00,3199.00,-5.32,93.40,-5.84,888.45
2025-11-24T22:29:18,3.62,25631,3196.00,3205.00,3198.50,-5.49,94.06,-5.78,888.44
2025-11-24T22:46:05,3.62,25631,3195.00,3201.00,3199.00,-5.15,93.42,-5.51,888.34
2025-11-24T23:02:53,3.62,25631,3197.00,3204.00,3201.00,-4.90,92.59,-5.32,888.23
2025-11-24T23:19:41,3.62,25631,3202.00,3208.00,3205.00,-4.90,92.17,-5.08,888.24
2025-11-24T23:36:28,3.62,25631,3201.00,3208.00,3202.50,-4.77,93.17,-5.04,888.23
2025-11-24T23:53:16,3.62,25631,3201.00,3205.00,3203.00,-4.74,93.99,-5.02,888.10
2025-11-25T00:10:03,3.62,25631,3205.00,3209.00,3207.00,-4.73,93.42,-4.93,888.09
2025-11-25T00:26:51,3.62,25631,3203.00,3209.00,3206.50,-4.64,93.84,-4.90,888.04
2025-11-25T00:43:39,3.62,25631,3204.00,3209.00,3206.00,-4.56,93.25,-4.85,887.94
2025-11-25T01:00:26,3.62,25631,3204.00,3209.00,3207.00,-4.53,92.56,-4.81,887.78
2025-11-25T01:17:14,3.62,25631,3208.00,3212.00,3209.50,-4.46,92.45,-4.76,887.74
2025-11-25T01:34:01,3.62,25631,3206.00,3211.00,3208.00,-4.69,93.63,-4.78,887.71
2025-11-25T01:50:49,3.62,25631,3204.00,3211.00,3209.50,-4.55,92.53,-4.77,887.57
2025-11-25T02:07:37,3.62,25631,3208.00,3215.00,3212.00,-4.57,91.04,-4.79,887.41
2025-11-25T02:24:24,3.62,25631,3209.00,3214.00,3213.00,-4.62,91.19,-4.83,887.33
2025-11-25T02:41:12,3.62,25631,3209.00,3213.00,3211.00,-4.60,89.56,-4.86,887.19
2025-11-25T02:58:00,3.62,25631,3208.00,3216.00,3212.50,-4.64,88.39,-4.92,887.07
2025-11-25T03:14:47,3.62,25631,3212.00,3219.00,3216.50,-4.50,87.78,-4.94,886.88
2025-11-25T03:31:35,3.62,25631,3208.00,3213.00,3210.00,-4.87,90.04,-5.11,886.65
2025-11-25T03:48:22,3.62,25631,3207.00,3213.00,3209.50,-4.76,87.16,-5.23,886.55
2025-11-25T04:05:10,3.62,25631,3213.00,3217.00,3215.50,-4.85,88.58,-5.33,886.32
2025-11-25T04:21:57,3.62,25631,3213.00,3219.00,3214.00,-4.49,87.24,-5.14,886.18
2025-11-25T04:38:45,3.62,25631,3211.00,3220.00,3215.50,-4.55,83.74,-5.10,885.91
2025-11-25T04:55:33,3.62,25631,3213.00,3219.00,3216.00,-4.66,87.01,-5.05,885.76
2025-11-25T05:12:20,3.62,25631,3216.00,3221.00,3218.00,-4.81,87.74,-5.13,885.57
2025-11-25T05:29:08,3.62,25631,3213.00,3220.00,3216.00,-4.87,87.54,-5.21,885.38
2025-11-25T05:45:55,3.62,25631,3212.00,3218.00,3217.00,-5.02,88.66,-5.28,885.28
2025-11-25T06:02:43,3.62,25631,3218.00,3220.00,3219.00,-4.95,87.31,-5.22,885.23
2025-11-25T06:19:29,3.62,25631,3216.00,3222.00,3219.50,-4.95,85.57,-5.24,885.16
2025-11-25T06:36:16,3.62,25631,3215.00,3220.00,3218.00,-5.11,87.97,-5.27,885.04
2025-11-25T06:53:04,3.62,25631,3218.00,3221.00,3219.00,-5.07,88.11,-5.32,884.91
2025-11-25T07:09:51,3.62,25631,3218.00,3222.00,3222.00,-5.23,88.18,-5.38,884.75
2025-11-25T07:26:39,3.62,25631,3219.00,3223.00,3221.50,-5.15,87.65,-5.37,884.64
2025-11-25T07:43:26,3.62,25631,3218.00,3224.00,3221.50,-5.26,87.23,-5.43,884.37
2025-11-25T08:00:14,3.62,25631,3218.00,3228.00,3223.50,-5.31,89.36,-5.47,884.28
2025-11-25T08:17:02,3.62,25631,3220.00,3225.00,3224.00,-5.39,89.29,-5.54,884.10
2025-11-25T08:33:49,3.62,25631,3220.00,3228.00,3222.50,-5.35,88.85,-5.43,883.91
2025-11-25T08:50:37,3.62,25631,3220.00,3225.00,3222.50,-5.39,89.39,-5.29,883.74
2025-11-25T09:07:24,3.62,25631,3223.00,3228.00,3226.00,-5.43,90.00,-5.08,883.66
2025-11-25T09:24:12,3.62,25631,3226.00,3233.00,3229.50,-5.39,90.22,-4.70,883.61
2025-11-25T09:41:00,3.62,25631,3225.00,3233.00,3227.00,-5.18,88.44,-4.12,883.47
2025-11-25T09:57:47,3.62,25631,3233.00,3241.00,3237.50,-5.26,87.90,-3.85,883.38
2025-11-25T10:14:35,3.62,25631,3228.00,3232.00,3230.00,-5.44,88.04,-3.75,883.25
2025-11-25T10:31:22,3.62,25631,3224.00,3230.00,3227.00,-5.39,87.17,-3.41,883.13
2025-11-25T10:48:10,3.62,25631,3174.00,3228.00,3204.50,-5.50,86.74,-2.89,882.85
2025-11-25T11:04:58,3.62,25631,3166.00,3210.00,3180.50,-5.62,87.89,-2.77,882.67
2025-11-25T11:21:46,3.62,25631,3218.00,4990.00,3224.00,-5.80,88.47,-3.43,882.54
2025-11-25T11:38:33,3.62,25631,3212.00,3229.00,3222.00,-5.73,88.25,-3.59,882.29
2025-11-25T11:55:21,3.62,25631,3193.00,3215.00,3207.00,-5.86,89.56,-3.88,882.08
2025-11-25T12:12:09,3.62,25631,3198.00,3201.00,3199.50,-5.94,89.01,-3.74,881.85
2025-11-25T12:28:56,3.62,25631,3204.00,3212.00,3210.00,-6.09,90.57,-4.01,881.67
2025-11-25T12:45:44,3.62,25631,3198.00,3205.00,3203.00,-5.70,88.99,-3.84,881.76
2025-11-25T13:02:31,3.62,25631,3197.00,3202.00,3201.00,-5.43,87.73,-2.20,881.66
2025-11-25T13:19:19,3.62,25631,3185.00,3196.00,3193.50,-5.81,89.72,-2.26,881.29
2025-11-25T13:36:07,3.62,25631,3193.00,3197.00,3194.50,-5.98,90.24,-2.67,881.06
2025-11-25T13:52:55,3.62,25631,3187.00,3197.00,3193.50,-5.90,88.99,-3.32,880.93
2025-11-25T14:09:42,3.62,25631,3198.00,3206.00,3201.50,-5.98,90.59,-3.69,880.89
2025-11-25T14:26:30,3.61,25631,3196.00,3203.00,3199.00,-6.02,90.55,-4.06,880.66
2025-11-25T14:43:18,3.62,25631,3156.00,3215.00,3197.00,-5.69,88.76,-3.98,880.51
2025-11-25T15:00:05,3.62,25631,3150.00,3199.00,3197.00,-5.88,89.74,-4.37,880.47
2025-11-25T15:16:51,3.62,25631,3192.00,3210.00,3204.00,-5.94,90.96,-4.86,880.42
2025-11-25T15:33:38,3.62,25631,3200.00,3206.00,3204.00,-5.80,91.25,-5.21,880.38
2025-11-25T15:50:26,3.62,25631,3196.00,3199.00,3197.50,-6.04,92.46,-5.63,880.02
2025-11-25T16:07:13,3.62,25631,3194.00,3207.00,3204.00,-5.84,91.56,-5.72,879.91
2025-11-25T16:24:01,3.62,25631,3198.00,3204.00,3201.00,-5.84,91.81,-5.79,879.91
2025-11-25T16:40:48,3.62,25631,3198.00,3202.00,3200.00,-5.86,91.41,-5.87,879.83
2025-11-25T16:57:36,3.62,25631,3202.00,3208.00,3207.00,-5.81,90.88,-5.87,879.96
2025-11-25T17:14:23,3.62,25631,3202.00,3209.00,3208.00,-5.90,91.47,-5.93,879.84
2025-11-25T17:31:11,3.62,25631,3113.00,3204.00,3195.00,-5.90,92.30,-5.96,879.71
2025-11-25T17:47:58,3.61,25631,3200.00,4989.00,3223.50,-5.86,92.97,-5.94,879.61
2025-11-25T18:04:46,3.62,25631,3166.00,3213.00,3184.50,-5.88,94.02,-5.97,879.37
2025-11-25T18:21:34,3.62,25631,3218.00,3225.00,3221.50,-5.76,93.77,-5.87,879.54
2025-11-25T18:38:21,3.61,25631,3214.00,3217.00,3215.50,-5.77,94.25,-5.85,879.45
2025-11-25T18:55:09,3.62,25631,3215.00,3219.00,3217.50,-5.80,92.72,-5.84,879.29
2025-11-25T19:11:56,3.62,25631,3210.00,3215.00,3212.00,-5.74,91.82,-5.83,879.37
2025-11-25T19:28:44,3.62,25631,3213.00,3223.00,3221.00,-5.77,91.74,-5.79,879.23
2025-11-25T19:45:31,3.62,25631,3215.00,3221.00,3218.00,-5.81,92.11,-5.82,879.28
2025-11-25T20:02:19,3.61,25631,3212.00,3222.00,3218.00,-5.70,91.78,-5.78,879.31
2025-11-25T20:19:06,3.61,25631,3191.00,3220.00,3197.50,-5.60,91.49,-5.76,879.36
2025-11-25T20:35:54,3.62,25631,3220.00,3227.00,3224.00,-5.62,91.47,-5.77,879.46
2025-11-25T20:52:40,3.62,25631,3221.00,3246.00,3243.50,-5.73,91.40,-5.75,879.45
2025-11-25T21:09:28,3.61,25631,3237.00,3244.00,3240.50,-5.52,90.58,-5.71,879.52
2025-11-25T21:26:15,3.62,25631,3227.00,3238.00,3231.00,-5.56,91.91,-5.73,879.62
2025-11-25T21:43:03,3.62,25631,3191.00,3251.00,3198.00,-5.69,92.71,-5.72,879.86
2025-11-25T21:59:50,3.62,25631,3235.00,3240.00,3238.00,-5.74,92.83,-5.71,879.72
2025-11-25T22:16:38,3.62,25631,3235.00,3245.00,3241.50,-5.58,92.75,-5.68,879.79
2025-11-25T22:33:25,3.62,25631,3221.00,3235.00,3227.00,-5.64,92.53,-5.63,879.83
2025-11-25T22:50:13,3.62,25631,2415.00,3244.00,3233.00,-5.42,90.43,-5.62,880.07
2025-11-25T23:07:00,3.62,25631,3231.00,3236.00,3234.00,-5.28,89.88,-5.44,880.09
2025-11-25T23:23:48,3.62,25631,3222.00,3235.00,3231.00,-5.21,92.81,-5.38,880.13
2025-11-25T23:40:36,3.62,25631,3196.00,3253.00,3235.50,-5.16,91.83,-5.36,880.11
2025-11-25T23:57:23,3.62,25631,3214.00,3231.00,3227.00,-5.43,92.21,-5.41,880.06
2025-11-26T00:14:11,3.62,25631,3195.00,3246.00,3235.50,-5.19,91.76,-5.43,880.20
2025-11-26T00:30:58,3.61,25631,3231.00,3238.00,3235.00,-4.97,91.17,-5.28,880.32
2025-11-26T00:47:46,3.62,25631,2854.00,3247.00,3243.50,-5.23,91.57,-5.21,880.27
2025-11-26T01:04:33,3.61,25631,3220.00,3229.00,3227.00,-5.18,90.30,-5.26,880.21
2025-11-26T01:21:20,3.62,25631,3225.00,3229.00,3227.50,-4.81,91.14,-5.14,880.36
2025-11-26T01:38:07,3.61,25631,3229.00,3235.00,3233.00,-5.08,93.16,-5.08,880.25
2025-11-26T01:54:55,3.62,25631,3222.00,4990.00,3228.50,-4.87,93.16,-5.07,880.30
2025-11-26T02:11:42,3.62,25631,3221.00,3228.00,3224.50,-4.73,93.19,-4.99,880.37
2025-11-26T02:28:30,3.62,25631,3222.00,3231.00,3224.50,-4.79,94.14,-4.91,880.50
2025-11-26T02:45:17,3.62,25631,3221.00,3229.00,3223.50,-4.30,91.22,-4.69,880.61
2025-11-26T03:02:05,3.62,25631,3222.00,4990.00,4115.50,-4.53,90.78,-4.69,880.69
2025-11-26T03:18:53,3.62,25631,3201.00,3209.00,3203.00,-4.49,91.65,-4.73,880.81
2025-11-26T03:35:40,3.62,25631,3044.00,3216.00,3212.00,-4.42,92.56,-4.60,880.91
2025-11-26T03:52:28,3.62,25631,3207.00,3212.00,3210.00,-4.21,90.39,-4.51,880.97
2025-11-26T04:09:15,3.62,25631,3207.00,3212.00,3210.50,-4.02,91.12,-4.35,881.02
2025-11-26T04:26:03,3.62,25631,3204.00,3208.00,3207.00,-4.14,94.00,-4.38,881.11
2025-11-26T04:42:50,3.62,25631,3200.00,3203.00,3202.00,-4.53,96.08,-4.47,881.12
2025-11-26T04:59:38,3.62,25631,3192.00,3196.00,3194.00,-4.28,94.33,-4.45,881.17
2025-11-26T05:16:26,3.62,25631,3155.00,3161.00,3158.00,-4.60,96.20,-4.53,881.33
2025-11-26T05:33:13,3.62,25631,3181.00,3194.00,3185.00,-4.55,96.30,-4.57,881.37
2025-11-26T05:50:01,3.61,25631,3179.00,3183.00,3183.00,-4.25,94.64,-4.48,881.56
2025-11-26T06:06:48,3.62,25631,3188.00,3197.00,3192.00,-4.33,95.01,-4.41,881.74
2025-11-26T06:23:36,3.62,25631,3162.00,3168.00,3165.50,-4.45,96.13,-4.45,881.92
2025-11-26T06:40:24,3.62,25631,3179.00,3186.00,3182.50,-4.63,96.39,-4.54,882.13
2025-11-26T06:57:10,3.62,25631,3162.00,3169.00,3166.00,-4.45,96.38,-4.50,882.39
2025-11-26T07:13:58,3.61,25631,3171.00,3181.00,3174.00,-4.63,96.71,-4.65,882.43
2025-11-26T07:30:45,3.62,25631,3173.00,3183.00,3176.50,-4.72,96.53,-4.74,882.72
2025-11-26T07:47:33,3.62,25631,3174.00,3182.00,3176.50,-4.64,96.48,-4.74,882.94
2025-11-26T08:04:20,3.61,25631,3171.00,3185.00,3182.50,-4.52,96.40,-4.73,883.08
2025-11-26T08:21:08,3.61,25631,3169.00,3175.00,3172.00,-4.42,96.28,-4.58,883.40
2025-11-26T08:37:55,3.62,25631,3166.00,3173.00,3169.00,-4.21,96.07,-4.35,883.60
2025-11-26T08:54:43,3.62,25631,3164.00,3170.00,3169.00,-4.07,95.97,-4.08,883.84
2025-11-26T09:11:31,3.62,25631,3169.00,3174.00,3171.00,-3.99,95.68,-3.74,884.15
2025-11-26T09:28:18,3.62,25631,3160.00,3165.00,3162.50,-3.80,95.49,-2.93,884.36
2025-11-26T09:45:06,3.62,25631,3159.00,3167.00,3162.00,-3.32,94.12,-2.03,884.52
2025-11-26T10:01:54,3.61,25631,3159.00,3169.00,3165.00,-3.73,95.21,-2.12,884.73
2025-11-26T10:18:40,3.62,25631,3195.00,3205.00,3201.00,-3.12,94.69,-1.84,884.95
2025-11-26T10:35:28,3.62,25631,3160.00,3166.00,3164.00,-2.94,93.33,-1.35,885.26
2025-11-26T10:52:16,3.62,25631,3168.00,3172.00,3170.50,-2.60,92.13,0.28,885.44
2025-11-26T11:09:04,3.62,25631,3176.00,3182.00,3178.50,-1.73,89.96,2.59,885.52
2025-11-26T11:25:52,3.62,25631,3167.00,3175.00,3172.50,-1.66,92.34,1.71,885.67
2025-11-26T11:42:40,3.62,25631,3164.00,3168.00,3166.00,-1.19,91.01,2.02,885.86
2025-11-26T11:59:28,3.62,25631,3156.00,3158.00,3157.00,-2.32,92.46,1.95,886.22
2025-11-26T12:16:16,3.62,25631,3154.00,3159.00,3157.00,-1.97,90.57,2.59,886.39
2025-11-26T12:33:04,3.62,25631,3156.00,3160.00,3158.00,-2.09,92.23,3.53,886.53
2025-11-26T12:49:52,3.62,25631,3162.00,3166.00,3163.00,-0.53,87.68,6.06,886.47
2025-11-26T13:06:40,3.62,25631,3167.00,3174.00,3171.50,0.79,84.50,6.56,886.68
2025-11-26T13:23:28,3.61,25631,3160.00,3164.00,3162.50,-0.79,89.46,5.69,886.55
2025-11-26T13:40:16,3.62,25631,3159.00,3162.00,3161.50,-1.50,91.40,3.74,886.90
2025-11-26T13:57:04,3.62,25631,3161.00,3164.00,3162.00,-2.41,93.96,3.27,887.05
2025-11-26T14:13:52,3.62,25631,3155.00,3157.00,3156.50,-1.56,94.01,2.37,887.12
2025-11-26T14:30:40,3.62,25631,3155.00,3161.00,3158.00,-1.03,92.30,2.23,887.26
2025-11-26T14:47:28,3.62,25631,3157.00,3164.00,3160.00,-1.94,93.43,1.01,887.30
2025-11-26T15:04:16,3.62,25631,3159.00,3162.00,3161.00,-1.64,93.29,0.20,887.54
2025-11-26T15:21:04,3.61,25631,3159.00,3162.00,3161.00,-2.39,95.41,-0.69,887.69
2025-11-26T15:37:52,3.61,25631,3154.00,3158.00,3155.00,-2.26,96.13,-1.22,887.84
2025-11-26T15:54:38,3.62,25631,3152.00,3157.00,3155.00,-1.86,96.24,-1.45,887.93
2025-11-26T16:11:26,3.62,25631,3153.00,3155.00,3153.50,-1.64,96.12,-1.52,888.11
2025-11-26T16:28:13,3.61,25631,3152.00,3156.00,3155.00,-2.04,96.11,-1.87,888.21
2025-11-26T16:45:01,3.60,25631,3153.00,3156.00,3155.00,-1.87,96.64,-1.93,888.25
2025-11-26T17:01:49,3.62,25631,3152.00,3154.00,3153.50,-1.34,96.87,-1.79,888.31
2025-11-26T17:18:37,3.61,25631,3151.00,3154.00,3153.00,-0.94,96.98,-1.61,888.38
2025-11-26T17:35:24,3.62,25631,3157.00,3160.00,3158.00,-1.25,96.31,-1.52,888.42
2025-11-26T17:52:12,3.61,25631,3158.00,3162.00,3159.50,-1.64,96.46,-1.63,888.48
2025-11-26T18:09:00,3.62,25631,3157.00,3159.00,3158.00,-1.98,96.94,-2.02,888.56
2025-11-26T18:25:48,3.61,25631,3156.00,3159.00,3158.00,-1.70,97.60,-2.18,888.65
2025-11-26T18:42:35,3.61,25631,3158.00,3163.00,3160.00,-1.80,97.70,-2.14,888.86
2025-11-26T18:59:23,3.61,25631,3162.00,3165.00,3163.00,-1.80,97.75,-2.14,888.86
2025-11-26T19:16:11,3.62,25631,3155.00,3160.00,3158.00,-1.60,97.66,-2.26,888.95
2025-11-26T19:32:58,3.61,25631,3154.00,3159.00,3157.00,-0.80,97.29,-2.13,888.97
2025-11-26T19:49:46,3.61,25631,3159.00,3163.00,3160.00,-1.86,96.93,-2.41,888.94
2025-11-26T20:06:34,3.61,25631,3154.00,3159.00,3157.00,-2.28,97.59,-2.85,889.06
2025-11-26T20:23:21,3.62,25631,3157.00,3160.00,3158.00,-1.95,98.05,-2.76,889.13
2025-11-26T20:40:08,3.61,25631,3156.00,3160.00,3158.00,-2.09,98.17,-2.74,889.16
2025-11-26T20:56:56,3.61,25631,3157.00,3163.00,3158.50,-1.71,98.35,-2.60,889.25
2025-11-26T21:13:44,3.62,25631,3159.00,3165.00,3162.00,-1.67,98.41,-2.44,889.29
2025-11-26T21:30:31,3.62,25631,3158.00,3163.00,3161.50,-1.69,98.45,-2.28,889.38
2025-11-26T21:47:19,3.61,25631,3160.00,3166.00,3162.00,-1.55,98.49,-2.05,889.38
2025-11-26T22:04:07,3.61,25631,3160.00,3165.00,3163.00,-1.32,98.60,-1.92,889.50
2025-11-26T22:20:55,3.61,25631,3162.00,3167.00,3165.00,-0.94,98.66,-1.60,889.53
2025-11-26T22:37:41,3.62,25631,3160.00,3169.00,3163.00,-0.73,98.58,-1.49,889.43
2025-11-26T22:54:29,3.61,25631,3164.00,3169.00,3168.00,-0.93,97.05,-1.49,889.43
2025-11-26T23:11:17,3.61,25631,3164.00,3168.00,3165.00,-0.98,97.56,-1.54,889.45
2025-11-26T23:28:05,3.62,25631,3160.00,3164.00,3161.00,-1.16,96.45,-1.79,889.39
2025-11-26T23:44:52,3.62,25631,3153.00,3163.00,3160.50,-1.25,94.65,-2.20,889.38
2025-11-27T00:01:40,3.62,25631,3155.00,3161.00,3158.50,-1.34,94.12,-2.35,889.45
2025-11-27T00:18:28,3.62,25631,3156.00,3163.00,3161.00,-1.53,94.53,-2.49,889.48
2025-11-27T00:35:16,3.61,25631,3163.00,3170.00,3166.00,-1.35,93.91,-2.61,889.62
2025-11-27T00:52:03,3.61,25631,3168.00,3173.00,3169.50,-0.88,91.19,-2.18,889.48
2025-11-27T01:08:51,3.61,25631,3163.00,3168.00,3165.00,-1.34,94.45,-2.32,889.53
2025-11-27T01:25:39,3.62,25631,3170.00,3177.00,3175.00,-1.45,93.16,-2.45,889.31
2025-11-27T01:42:26,3.61,25631,3166.00,3173.00,3169.50,-1.24,93.02,-2.66,889.35
2025-11-27T01:59:14,3.61,25631,3163.00,3172.00,3168.50,-1.34,94.23,-2.69,889.31
2025-11-27T02:16:02,3.61,25631,3168.00,3172.00,3169.00,-0.93,93.38,-2.22,889.29
2025-11-27T02:32:50,3.62,25631,3172.00,3175.00,3172.50,-1.16,93.54,-2.20,889.19
2025-11-27T02:49:37,3.61,25631,3166.00,3177.00,3168.00,-1.71,95.17,-2.51,889.19
2025-11-27T03:06:25,3.61,25631,3171.00,3178.00,3172.50,-1.86,94.53,-2.73,889.14
2025-11-27T03:23:13,3.62,25631,3167.00,3173.00,3169.50,-2.24,94.24,-3.07,889.16
2025-11-27T03:40:00,3.61,25631,3171.00,3175.00,3173.00,-2.35,94.44,-3.27,889.10
2025-11-27T03:56:48,3.61,25631,3160.00,3173.00,3167.50,-2.18,93.85,-3.35,889.03
2025-11-27T04:13:36,3.61,25631,3168.00,3172.00,3169.50,-0.93,89.41,-2.97,888.93
2025-11-27T04:30:23,3.61,25631,3173.00,3181.00,3175.50,-0.49,86.44,-2.59,888.79
2025-11-27T04:47:11,3.62,25631,3173.00,3177.00,3174.00,-0.74,86.66,-2.32,888.65
2025-11-27T05:03:59,3.61,25631,3169.00,3178.00,3173.50,-0.74,86.23,-2.29,888.59
2025-11-27T05:20:47,3.61,25631,3177.00,3180.00,3178.50,-0.62,85.35,-2.21,888.62
2025-11-27T05:37:34,3.62,25631,3176.00,3184.00,3179.00,-0.73,85.13,-2.13,888.59
2025-11-27T05:54:22,3.62,25631,3174.00,3180.00,3177.50,-0.83,85.28,-2.11,888.47
2025-11-27T06:11:10,3.62,25631,3174.00,3183.00,3178.50,-0.73,84.26,-2.08,888.38
2025-11-27T06:27:56,3.62,25631,3176.00,3182.00,3181.00,-0.72,83.89,-2.08,888.38
2025-11-27T06:44:44,3.62,25631,3182.00,3186.00,3183.00,-0.76,83.53,-2.09,888.39
2025-11-27T07:01:32,3.62,25631,3179.00,3189.00,3185.50,-0.83,83.66,-2.12,888.31
2025-11-27T07:18:20,3.62,25631,3183.00,3188.00,3185.00,-0.83,83.98,-2.04,888.41
2025-11-27T07:35:07,3.61,25631,3182.00,3187.00,3184.00,-1.25,85.45,-2.18,888.52
2025-11-27T07:51:55,3.62,25631,3178.00,3189.00,3186.50,-1.34,85.43,-2.33,888.57
2025-11-27T08:08:43,3.61,25631,3175.00,3190.00,3186.50,-1.46,86.02,-2.38,888.60
2025-11-27T08:25:31,3.61,25631,3185.00,3190.00,3189.00,-1.50,86.15,-2.52,888.77
2025-11-27T08:42:18,3.60,25631,3187.00,3192.00,3188.00,-1.42,85.87,-2.42,888.86
2025-11-27T08:59:06,3.61,25631,3180.00,3193.00,3188.00,-1.59,85.56,-2.19,888.91
2025-11-27T09:15:54,3.61,25631,3184.00,3201.00,3196.50,-1.60,85.46,-0.95,888.82
2025-11-27T09:32:42,3.62,25631,3190.00,3201.00,3196.00,-1.62,85.76,-0.81,889.08
2025-11-27T09:49:29,3.62,25631,3203.00,3210.00,3209.00,-1.62,84.67,1.13,888.96
2025-11-27T10:06:17,3.62,25631,3202.00,3208.00,3205.50,-1.21,83.65,1.26,889.37
2025-11-27T10:23:05,3.62,25631,3222.00,3225.00,3223.50,-0.15,80.88,3.89,889.35
2025-11-27T10:39:53,3.61,25631,3232.00,3248.00,3243.00,0.78,75.89,6.13,889.33
2025-11-27T10:56:40,3.62,25631,3244.00,3253.00,3250.50,0.51,77.61,6.67,889.54
2025-11-27T11:13:28,3.61,25631,3250.00,3256.00,3254.50,-0.43,80.49,7.15,889.54
2025-11-27T11:30:16,3.61,25631,3246.00,3259.00,3253.50,-0.36,80.65,7.63,889.68
2025-11-27T11:47:04,3.62,25631,3247.00,3252.00,3250.00,-0.33,80.02,8.09,889.59
2025-11-27T12:03:53,3.62,25631,3256.00,3262.00,3260.50,0.44,78.92,9.12,889.77
2025-11-27T12:20:41,3.62,25631,3250.00,3257.00,3252.00,-0.25,79.77,9.02,889.63
2025-11-27T12:37:29,3.61,25631,3238.00,3250.00,3247.00,-0.52,81.03,8.67,889.69
2025-11-27T12:54:18,3.62,25631,3231.00,3241.00,3237.00,-0.46,80.90,8.34,889.72
2025-11-27T13:11:06,3.61,25631,3241.00,3248.00,3245.50,0.21,78.62,8.81,889.72
2025-11-27T13:27:55,3.62,25631,3233.00,3250.00,3241.50,-0.22,79.29,8.95,889.50
2025-11-27T13:44:43,3.61,25631,3233.00,3240.00,3237.50,-0.18,80.35,8.45,889.75
2025-11-27T14:01:31,3.61,25631,3230.00,3240.00,3235.00,-0.38,78.90,8.20,889.75
2025-11-27T14:18:20,3.62,25631,3211.00,3229.00,3225.00,-0.36,82.29,7.70,889.85
2025-11-27T14:35:08,3.62,25631,3212.00,3220.00,3217.00,-0.29,81.02,7.31,889.78
2025-11-27T14:51:56,3.62,25631,3205.00,3220.00,3212.50,-0.36,81.05,7.03,889.77
2025-11-27T15:08:44,3.62,25631,3207.00,3222.00,3213.00,-0.60,82.94,6.33,890.08
2025-11-27T15:25:32,3.62,25631,3209.00,3217.00,3212.50,-1.53,84.10,4.89,889.87
2025-11-27T15:42:20,3.61,25631,3201.00,3208.00,3204.50,-2.63,88.24,-0.12,890.21
2025-11-27T15:59:07,3.61,25631,3192.00,3203.00,3196.50,-2.98,90.13,-1.94,890.22
2025-11-27T16:15:55,3.61,25631,3191.00,3204.00,3198.00,-3.15,90.33,-2.95,890.34
2025-11-27T16:32:43,3.61,25631,3190.00,3198.00,3195.00,-3.52,92.03,-3.62,890.42
2025-11-27T16:49:30,3.61,25631,3193.00,3203.00,3198.00,-3.66,92.66,-4.01,890.44
2025-11-27T17:06:18,3.62,25631,3181.00,3206.00,3195.00,-3.87,93.25,-4.32,890.41
2025-11-27T17:23:05,3.62,25631,3188.00,3198.00,3194.00,-3.99,93.26,-4.55,890.43
2025-11-27T17:39:53,3.60,25631,3186.00,3201.00,3195.00,-3.77,92.98,-4.55,890.59
2025-11-27T17:56:41,3.61,25631,3189.00,3200.00,3196.00,-4.07,93.04,-4.59,890.72
2025-11-27T18:13:28,3.61,25631,3194.00,3201.00,3198.50,-4.19,94.00,-4.57,890.73
2025-11-27T18:30:16,3.61,25631,3193.00,3200.00,3197.00,-4.24,93.79,-4.60,890.60
2025-11-27T18:47:03,3.61,25631,3193.00,3202.00,3197.00,-4.05,93.86,-4.59,890.44
2025-11-27T19:03:51,3.61,25631,3194.00,3204.00,3198.50,-4.32,94.60,-4.75,890.62
2025-11-27T19:20:39,3.61,25631,3195.00,3204.00,3201.00,-4.24,94.70,-4.56,890.61
2025-11-27T19:37:26,3.61,25631,3197.00,3203.00,3202.00,-4.41,94.91,-4.61,890.68
2025-11-27T19:54:14,3.61,25631,3202.00,3213.00,3210.50,-4.50,93.37,-4.86,890.68
2025-11-27T20:11:01,3.61,25631,3195.00,3203.00,3199.50,-4.42,94.17,-4.93,891.00
2025-11-27T20:27:49,3.61,25631,3199.00,3206.00,3202.00,-4.48,93.78,-4.88,890.92
2025-11-27T20:44:36,3.62,25631,3198.00,3204.00,3201.50,-4.74,94.56,-5.02,891.11
2025-11-27T21:01:24,3.61,25631,3200.00,3205.00,3202.50,-4.77,94.95,-4.90,891.22
2025-11-27T21:18:11,3.60,25631,3196.00,3209.00,3204.00,-4.74,93.82,-5.16,891.18
2025-11-27T21:34:59,3.61,25631,3202.00,3208.00,3204.50,-4.93,94.54,-5.35,891.43
2025-11-27T21:51:47,3.61,25631,3199.00,3208.00,3202.50,-4.73,93.87,-5.10,891.61
2025-11-27T22:08:34,3.62,25631,3203.00,3208.00,3205.50,-4.63,92.91,-5.27,891.71
2025-11-27T22:25:22,3.61,25631,3197.00,3209.00,3203.00,-4.95,93.08,-5.47,891.83
2025-11-27T22:42:09,3.61,25631,3204.00,3210.00,3207.50,-5.14,93.60,-5.54,891.90
2025-11-27T22:58:57,3.61,25631,3205.00,3209.00,3208.00,-4.97,94.35,-5.39,891.92
2025-11-27T23:15:43,3.61,25631,3206.00,3210.00,3208.00,-4.80,93.14,-5.15,892.06
2025-11-27T23:32:31,3.61,25631,3205.00,3210.00,3208.00,-4.87,93.48,-5.10,892.19
2025-11-27T23:49:18,3.62,25631,3208.00,3212.00,3209.50,-4.77,92.78,-5.02,892.34
2025-11-28T00:06:06,3.60,25631,3207.00,3212.00,3209.50,-4.84,91.94,-5.07,892.28
2025-11-28T00:22:53,3.61,25631,3207.00,3212.00,3208.00,-4.90,92.31,-5.19,892.39
2025-11-28T00:39:41,3.60,25631,3208.00,3213.00,3211.00,-4.97,92.26,-5.26,892.34
2025-11-28T00:56:28,3.61,25631,3207.00,3214.00,3211.00,-4.88,91.22,-5.48,892.17
2025-11-28T01:13:16,3.59,25631,3214.00,3222.00,3216.50,-5.19,91.24,-5.84,892.21
2025-11-28T01:30:02,3.61,25631,3206.00,3211.00,3208.00,-5.11,90.89,-6.04,892.20
2025-11-28T01:46:50,3.61,25631,3211.00,3219.00,3216.00,-4.95,89.22,-5.96,892.24
2025-11-28T02:03:37,3.59,25631,3207.00,3212.00,3209.50,-5.05,89.98,-5.99,892.08
2025-11-28T02:20:25,3.61,25631,3210.00,3215.00,3213.00,-4.95,88.65,-5.94,892.13
2025-11-28T02:37:12,3.61,25631,3208.00,3214.00,3212.00,-5.01,89.07,-6.03,892.19
2025-11-28T02:54:00,3.61,25631,3186.00,3231.00,3217.00,-4.84,89.39,-5.85,892.43
2025-11-28T03:10:47,3.61,25631,3211.00,3216.00,3214.00,-4.91,89.44,-5.79,892.37
2025-11-28T03:27:35,3.61,25631,3210.00,3217.00,3213.50,-4.83,88.65,-5.81,892.30
2025-11-28T03:44:22,3.61,25631,3211.00,3218.00,3215.50,-4.87,88.96,-5.81,892.39
2025-11-28T04:01:10,3.61,25631,3214.00,3224.00,3220.50,-5.36,90.07,-5.91,892.28
2025-11-28T04:17:57,3.61,25631,3215.00,3223.00,3220.00,-5.16,89.54,-6.16,892.21
2025-11-28T04:34:45,3.59,25631,3213.00,3221.00,3216.00,-5.05,88.68,-6.41,892.14
2025-11-28T04:51:32,3.61,25631,3210.00,3219.00,3216.00,-5.43,90.62,-6.60,892.18
2025-11-28T05:08:20,3.61,25631,3216.00,3225.00,3219.50,-5.66,88.53,-6.75,892.01
2025-11-28T05:25:07,3.62,25631,3215.00,3221.00,3220.00,-5.76,90.47,-6.96,892.04
2025-11-28T05:41:55,3.61,25631,3218.00,3231.00,3223.50,-5.16,88.38,-6.98,891.84
2025-11-28T05:58:42,3.60,25631,3217.00,3226.00,3222.00,-5.40,88.61,-6.84,891.62
2025-11-28T06:15:29,3.61,25631,3199.00,3229.00,3223.00,-4.98,86.33,-6.63,891.59
2025-11-28T06:32:17,3.61,25631,3225.00,3235.00,3230.50,-5.02,87.56,-6.47,891.59
2025-11-28T06:49:04,3.60,25631,3207.00,3230.00,3225.50,-5.01,88.58,-6.16,891.78
2025-11-28T07:05:51,3.61,25631,3223.00,3228.00,3225.50,-5.02,87.84,-6.18,891.62
2025-11-28T07:22:38,3.61,25631,3227.00,3232.00,3228.50,-5.02,88.45,-5.96,891.73
2025-11-28T07:39:26,3.60,25631,3224.00,3233.00,3228.50,-4.80,86.45,-5.79,891.74
2025-11-28T07:56:13,3.60,25631,3227.00,3238.00,3232.00,-4.76,87.30,-5.55,891.57
2025-11-28T08:13:01,3.61,25631,3222.00,3236.00,3233.00,-4.83,87.27,-5.61,891.53
2025-11-28T08:29:48,3.61,25631,3227.00,3236.00,3230.50,-4.56,86.30,-5.44,891.48
2025-11-28T08:46:36,3.60,25631,3224.00,3243.00,3232.50,-4.44,86.13,-5.10,891.27
2025-11-28T09:03:23,3.61,25631,3230.00,3237.00,3234.50,-4.32,85.29,-4.64,891.16
2025-11-28T09:20:11,3.60,25631,3233.00,3243.00,3236.50,-4.11,83.34,-4.11,891.09
2025-11-28T09:36:59,3.60,25631,3235.00,3243.00,3238.00,-3.98,83.32,-3.59,891.32
2025-11-28T09:53:46,3.61,25631,3237.00,3245.00,3239.00,-3.73,81.45,-2.99,891.64
2025-11-28T10:10:34,3.61,25631,3231.00,3249.00,3244.50,-3.70,82.62,-2.60,891.61
2025-11-28T10:27:20,3.61,25631,3244.00,3256.00,3250.50,-2.98,78.68,-1.85,891.42
2025-11-28T10:44:08,3.61,25631,3251.00,3257.00,3253.00,-3.12,78.31,-1.32,891.39
2025-11-28T11:00:56,3.61,25631,3251.00,3260.00,3256.00,-2.93,76.89,-0.71,891.31
2025-11-28T11:17:44,3.61,25631,3251.00,3258.00,3253.00,-2.72,76.02,-0.22,891.26
2025-11-28T11:34:32,3.61,25631,3241.00,3262.00,3256.50,-2.44,76.06,-0.26,891.18
2025-11-28T11:51:19,3.61,25631,3257.00,3270.00,3263.00,-2.52,75.27,0.02,890.88
2025-11-28T12:08:07,3.61,25631,3253.00,3261.00,3257.50,-2.50,75.56,-0.08,890.77
2025-11-28T12:24:55,3.61,25631,3248.00,3266.00,3256.00,-2.79,76.35,-0.41,890.91
2025-11-28T12:41:43,3.61,25631,3245.00,3263.00,3258.00,-2.46,75.96,-0.42,891.07
2025-11-28T12:58:31,3.61,25631,3261.00,3268.00,3263.00,-2.74,77.18,-0.08,890.88
2025-11-28T13:15:18,3.61,25631,3260.00,3272.00,3263.00,-2.17,75.61,0.23,890.92
2025-11-28T13:32:06,3.61,25631,3263.00,3272.00,3266.50,-2.45,73.86,0.64,890.84
2025-11-28T13:48:54,3.61,25631,3267.00,3274.00,3270.00,-2.02,76.23,0.85,890.68
2025-11-28T14:05:42,3.61,25631,3266.00,3280.00,3273.00,-2.25,76.10,0.53,890.45
2025-11-28T14:22:30,3.61,25631,3258.00,3274.00,3263.00,-2.95,79.00,-0.37,890.19
2025-11-28T14:39:18,3.61,25631,3260.00,3268.00,3264.50,-2.63,74.90,-0.90,890.30
2025-11-28T14:56:05,3.61,25631,3260.00,3274.00,3265.00,-2.98,75.32,-1.44,889.99
2025-11-28T15:12:53,3.61,25631,3256.00,3266.00,3263.00,-2.90,75.87,-2.05,890.08
2025-11-28T15:29:41,3.61,25631,3261.00,3277.00,3267.00,-3.01,76.07,-2.51,890.24
2025-11-28T15:46:28,3.61,25631,3261.00,3271.00,3265.50,-3.36,79.77,-3.02,890.30
2025-11-28T16:03:15,3.61,25631,3252.00,3263.00,3256.50,-3.50,77.88,-3.58,890.21
2025-11-28T16:20:03,3.61,25631,3259.00,3266.00,3264.00,-3.88,80.96,-3.98,890.38
2025-11-28T16:36:50,3.61,25631,3258.00,3268.00,3263.50,-3.95,84.35,-4.25,890.61
2025-11-28T16:53:38,3.61,25631,3255.00,3262.00,3258.50,-4.72,88.27,-4.73,890.67
2025-11-28T17:10:26,3.61,25631,3252.00,3265.00,3258.00,-4.35,85.03,-4.91,890.45
2025-11-28T17:27:13,3.61,25631,3255.00,3263.00,3258.50,-4.53,85.17,-4.96,890.28
2025-11-28T17:44:01,3.61,25631,3258.00,3270.00,3263.50,-4.38,84.76,-5.07,890.21
2025-11-28T18:00:48,3.61,25631,3255.00,3269.00,3261.50,-4.24,83.36,-5.05,890.29
2025-11-28T18:17:36,3.61,25631,3260.00,3275.00,3266.50,-4.02,81.51,-4.90,890.42
2025-11-28T18:34:23,3.61,25631,3260.00,3269.00,3262.50,-4.73,87.65,-4.92,890.40
2025-11-28T18:51:11,3.61,25631,3260.00,3277.00,3265.00,-4.05,81.50,-4.87,890.21
2025-11-28T19:07:58,3.61,25631,3258.00,3268.00,3265.50,-4.21,83.82,-4.72,889.94
2025-11-28T19:24:46,3.60,25631,3236.00,3266.00,3249.00,-3.38,76.41,-4.53,889.69
2025-11-28T19:41:34,3.61,25631,3221.00,3272.00,3267.50,-3.76,79.30,-4.47,889.46
2025-11-28T19:58:21,3.60,25631,3266.00,3280.00,3270.50,-3.91,80.27,-4.53,889.75
2025-11-28T20:15:09,3.61,25631,3260.00,3276.00,3268.50,-4.12,82.60,-4.65,889.69
2025-11-28T20:31:54,3.61,25631,3261.00,3271.00,3266.00,-4.09,81.16,-4.71,889.57
2025-11-28T20:48:42,3.61,25631,3259.00,3272.00,3266.50,-4.26,83.80,-4.85,889.68
2025-11-28T21:05:29,3.61,25631,3253.00,3273.00,3267.50,-4.39,84.94,-4.97,889.47
2025-11-28T21:22:17,3.60,25631,3262.00,3271.00,3268.00,-3.86,80.22,-4.94,889.51
2025-11-28T21:39:04,3.61,25631,3264.00,3276.00,3272.00,-4.09,82.77,-4.99,889.40
2025-11-28T21:55:52,3.60,25631,3265.00,3278.00,3270.00,-4.44,84.78,-5.27,889.63
2025-11-28T22:12:39,3.61,25631,3264.00,3275.00,3269.00,-4.85,87.39,-5.48,889.71
2025-11-28T22:29:27,3.61,25631,3253.00,3271.00,3264.00,-4.72,85.78,-5.58,889.69
2025-11-28T22:46:14,3.61,25631,3247.00,3265.00,3258.50,-4.74,85.54,-5.76,889.65
2025-11-28T23:03:02,3.61,25631,3254.00,3267.00,3261.00,-4.57,84.83,-5.59,889.71
2025-11-28T23:19:49,3.60,25631,3247.00,3266.00,3260.50,-4.77,86.26,-5.60,889.74
2025-11-28T23:36:37,3.60,25631,3224.00,3269.00,3261.50,-4.72,85.29,-5.67,889.71
2025-11-28T23:53:24,3.60,25631,3255.00,3273.00,3265.00,-4.60,85.39,-5.60,889.69
2025-11-29T00:10:12,3.60,25631,3243.00,3274.00,3261.50,-4.62,84.99,-5.66,889.68
2025-11-29T00:26:59,3.61,25631,3247.00,3276.00,3270.00,-4.33,82.72,-5.64,889.60
2025-11-29T00:43:47,3.60,25631,3248.00,3272.00,3263.50,-4.81,84.38,-5.83,889.48
2025-11-29T01:00:34,3.60,25631,3213.00,3267.00,3257.50,-4.11,82.33,-5.45,889.42
2025-11-29T01:17:22,3.61,25631,3253.00,3274.00,3265.00,-4.55,83.73,-5.43,889.35
2025-11-29T01:34:09,3.60,25631,3229.00,3264.00,3250.50,-4.57,83.72,-5.49,889.29
2025-11-29T01:50:57,3.60,25631,3236.00,3275.00,3254.50,-4.52,83.81,-5.41,889.31
2025-11-29T02:07:43,3.61,25631,3234.00,3250.00,3243.50,-4.35,82.70,-5.35,889.29
2025-11-29T02:24:31,3.61,25631,3248.00,3280.00,3256.00,-4.64,85.11,-5.41,889.15
2025-11-29T02:41:18,3.61,25631,3224.00,3246.00,3237.50,-4.91,85.94,-5.67,889.16
2025-11-29T02:58:06,3.60,25631,3229.00,3258.00,3236.00,-5.09,86.40,-6.13,889.18
2025-11-29T03:14:53,3.60,25631,3220.00,3308.00,3235.50,-5.14,85.42,-6.39,889.23
2025-11-29T03:31:41,3.61,25631,3204.00,3252.00,3232.00,-5.35,85.94,-6.60,889.31
2025-11-29T03:48:28,3.60,25631,3217.00,3236.00,3232.50,-5.44,87.69,-6.55,889.44
2025-11-29T04:05:16,3.60,25631,3217.00,3241.00,3235.50,-5.19,85.45,-6.52,889.58
2025-11-29T04:22:03,3.60,25631,3212.00,3250.00,3230.50,-4.91,83.52,-6.54,889.62
2025-11-29T04:38:50,3.60,25631,3219.00,3245.00,3227.00,-5.32,86.03,-6.79,889.71
2025-11-29T04:55:38,3.60,25631,3222.00,3250.00,3236.50,-5.23,85.23,-6.98,889.64
2025-11-29T05:12:25,3.60,25631,3205.00,3257.00,3238.00,-5.67,87.66,-7.16,889.62
2025-11-29T05:29:13,3.60,25631,3211.00,3267.00,3237.00,-5.36,84.80,-7.05,889.61
2025-11-29T05:46:00,3.61,25631,3221.00,3241.00,3234.00,-4.93,82.08,-7.03,889.53
2025-11-29T06:02:48,3.60,25631,3221.00,3263.00,3238.50,-4.93,82.61,-6.74,889.22
2025-11-29T06:19:35,3.61,25631,3228.00,3246.00,3236.50,-4.42,79.80,-6.68,889.21
2025-11-29T06:36:21,3.60,25631,3222.00,3252.00,3234.50,-4.50,79.79,-6.52,888.95
2025-11-29T06:53:09,3.60,25631,3230.00,3256.00,3238.00,-4.72,80.36,-6.33,889.09
2025-11-29T07:09:56,3.60,25631,3204.00,3250.00,3243.50,-4.50,79.63,-6.21,888.91
2025-11-29T07:26:44,3.60,25631,3218.00,3248.00,3239.50,-4.93,80.18,-6.45,888.90
2025-11-29T07:43:31,3.61,25631,3238.00,3248.00,3240.00,-4.77,79.70,-6.51,888.68
2025-11-29T08:00:19,3.60,25631,3222.00,3254.00,3248.00,-4.19,76.86,-6.20,888.75
2025-11-29T08:17:06,3.60,25631,3234.00,3251.00,3244.00,-4.44,78.08,-6.04,888.79
2025-11-29T08:33:54,3.60,25631,3224.00,3254.00,3241.50,-4.42,79.69,-5.93,889.10
2025-11-29T08:50:41,3.60,25631,3239.00,3270.00,3265.00,-5.32,84.69,-6.02,889.00
2025-11-29T09:07:29,3.60,25631,3253.00,3268.00,3258.00,-4.64,82.70,-5.12,889.36
2025-11-29T09:24:16,3.61,25631,3269.00,3300.00,3286.00,-1.45,66.75,0.26,889.36
2025-11-29T09:41:04,3.61,25631,3299.00,3323.00,3314.50,-1.11,66.58,2.92,889.59
2025-11-29T09:57:52,3.61,25631,3288.00,3314.00,3309.00,-1.86,75.22,4.15,889.59
2025-11-29T10:14:40,3.61,25631,3283.00,3298.00,3294.00,-2.41,78.88,3.39,889.83
2025-11-29T10:31:28,3.61,25631,3306.00,3328.00,3316.50,-0.01,70.12,4.26,889.91
2025-11-29T10:48:16,3.61,25631,3315.00,3340.00,3322.00,-1.79,78.08,4.43,889.88
2025-11-29T11:05:04,3.61,25631,3316.00,3351.00,3332.50,-1.48,76.21,4.61,890.07
2025-11-29T11:21:52,3.61,25631,3313.00,3326.00,3319.00,-2.60,81.14,5.19,890.04
2025-11-29T11:38:40,3.60,25631,3312.00,3324.00,3319.50,-3.07,86.56,5.36,890.12
2025-11-29T11:55:29,3.61,25631,3312.00,3331.00,3328.50,-3.14,87.03,5.39,890.14
2025-11-29T12:12:17,3.61,25631,3303.00,3314.00,3311.50,-2.49,86.05,5.63,890.05
2025-11-29T12:29:05,3.61,25631,3298.00,3330.00,3323.50,-1.76,82.13,7.06,889.83
2025-11-29T12:45:53,3.61,25631,3323.00,3351.00,3347.50,-1.24,79.28,7.86,889.62
2025-11-29T13:02:42,3.61,25631,3321.00,3326.00,3324.00,-1.84,79.64,7.21,889.32
2025-11-29T13:19:30,3.61,25631,3296.00,3316.00,3310.00,-2.45,81.71,5.44,889.05
2025-11-29T13:36:18,3.60,25631,3273.00,3288.00,3283.00,-3.98,92.24,3.64,889.61
2025-11-29T13:53:06,3.62,25631,3295.00,3302.00,3298.00,-2.98,88.19,4.17,889.60
2025-11-29T14:09:54,3.60,25631,3266.00,3310.00,3306.00,-3.73,88.58,3.69,889.88
2025-11-29T14:26:42,3.61,25631,3285.00,3302.00,3291.00,-3.21,86.98,2.59,889.56
2025-11-29T14:43:30,3.61,25631,3289.00,3296.00,3295.00,-4.22,89.91,0.52,889.49
2025-11-29T15:00:18,3.60,25631,3276.00,3285.00,3281.00,-5.23,94.15,-1.64,889.37
2025-11-29T15:17:06,3.61,25631,3273.00,3279.00,3277.00,-5.59,95.45,-3.09,889.31
2025-11-29T15:33:51,3.61,25631,3261.00,3277.00,3273.00,-5.46,94.44,-3.99,889.18
2025-11-29T15:50:39,3.61,25631,3263.00,3274.00,3271.00,-4.98,91.67,-4.66,889.24
2025-11-29T16:07:26,3.61,25631,3268.00,3274.00,3271.50,-4.93,88.77,-5.17,889.15
2025-11-29T16:24:14,3.61,25631,3269.00,3273.00,3270.50,-5.29,89.87,-5.62,889.06
2025-11-29T16:41:01,3.60,25631,3262.00,3268.00,3266.00,-5.39,89.56,-5.96,888.99
2025-11-29T16:57:49,3.60,25631,3264.00,3274.00,3270.50,-4.74,84.45,-5.97,889.21
2025-11-29T17:14:36,3.60,25631,3246.00,3268.00,3265.50,-3.59,79.20,-5.39,889.38
2025-11-29T17:31:24,3.60,25631,3270.00,3277.00,3274.50,-3.41,77.28,-4.99,889.43
2025-11-29T17:48:11,3.60,25631,3270.00,3277.00,3274.00,-3.77,80.07,-5.02,889.42
2025-11-29T18:04:59,3.60,25631,3275.00,3279.00,3276.00,-3.69,78.61,-5.12,889.40
2025-11-29T18:21:46,3.60,25631,3267.00,3275.00,3271.50,-4.45,83.05,-5.52,889.58
2025-11-29T18:38:34,3.60,25631,3266.00,3275.00,3273.50,-4.64,84.01,-5.73,889.54
2025-11-29T18:55:21,3.60,25631,3261.00,3272.00,3269.50,-4.97,85.22,-6.08,889.50
2025-11-29T19:12:09,3.60,25631,3270.00,3277.00,3273.00,-4.81,84.70,-6.02,889.44
2025-11-29T19:28:56,3.61,25631,3273.00,3276.00,3274.50,-5.07,87.00,-5.97,889.58
2025-11-29T19:45:44,3.60,25631,3272.00,3276.00,3274.00,-4.56,84.69,-5.56,889.59
2025-11-29T20:02:31,3.61,25631,3264.00,3273.00,3270.00,-4.48,83.31,-5.61,889.59
2025-11-29T20:19:19,3.60,25631,3273.00,3276.00,3274.00,-4.17,82.00,-5.61,889.54
2025-11-29T20:36:06,3.60,25631,3274.00,3279.00,3275.00,-4.01,80.61,-5.50,889.54
2025-11-29T20:52:54,3.60,25631,3271.00,3276.00,3273.00,-4.05,80.53,-5.40,889.38
2025-11-29T21:09:40,3.60,25631,3275.00,3280.00,3278.00,-3.84,80.80,-5.04,889.19
2025-11-29T21:26:28,3.61,25631,3274.00,3279.00,3275.50,-3.99,81.39,-4.95,889.23
2025-11-29T21:43:15,3.60,25631,3280.00,3282.00,3280.50,-3.84,81.40,-4.82,889.45
2025-11-29T22:00:03,3.61,25631,3271.00,3276.00,3273.50,-3.67,77.09,-4.82,889.38
2025-11-29T22:16:50,3.61,25631,3279.00,3283.00,3281.00,-3.99,82.12,-4.85,889.38
2025-11-29T22:33:38,3.60,25631,3276.00,3280.00,3278.00,-4.19,81.64,-5.12,889.35
2025-11-29T22:50:26,3.60,25631,3277.00,3280.00,3278.00,-3.70,78.87,-4.82,889.39
2025-11-29T23:07:13,3.61,25631,3275.00,3281.00,3278.50,-3.79,78.13,-4.69,889.39
2025-11-29T23:24:01,3.60,25631,3274.00,3282.00,3281.50,-3.34,76.79,-4.46,889.39
2025-11-29T23:40:48,3.60,25631,3280.00,3283.00,3282.00,-3.83,79.67,-4.44,889.22
2025-11-29T23:57:36,3.60,25631,3279.00,3284.00,3282.00,-3.76,81.12,-4.41,889.05
2025-11-30T00:14:23,3.60,25631,3277.00,3283.00,3280.00,-3.55,76.73,-4.52,889.07
2025-11-30T00:31:11,3.61,25631,3280.00,3285.00,3282.00,-3.88,80.16,-4.67,889.07
2025-11-30T00:47:58,3.61,25631,3275.00,3282.00,3277.50,-4.14,81.23,-4.74,889.17
2025-11-30T01:04:46,3.60,25631,3280.00,3283.00,3281.00,-4.35,83.82,-4.75,889.23
2025-11-30T01:21:34,3.61,25631,3283.00,3287.00,3284.50,-4.52,83.56,-4.86,889.14
2025-11-30T01:38:20,3.60,25631,3277.00,3282.00,3281.00,-4.36,83.51,-4.97,889.10
2025-11-30T01:55:08,3.60,25631,3277.00,3280.00,3278.50,-4.38,84.19,-4.94,889.22
2025-11-30T02:11:55,3.60,25631,3280.00,3284.00,3281.00,-4.39,84.35,-4.88,889.26
2025-11-30T02:28:43,3.60,25631,3280.00,3284.00,3281.00,-4.24,84.57,-4.79,889.26
2025-11-30T02:45:30,3.60,25631,3276.00,3282.00,3279.00,-4.15,83.12,-4.66,889.19
2025-11-30T03:02:18,3.61,25631,3279.00,3285.00,3283.50,-3.64,81.31,-4.32,889.24
2025-11-30T03:19:05,3.61,25631,3280.00,3285.00,3283.00,-3.56,81.66,-4.11,889.21
2025-11-30T03:35:53,3.61,25631,3280.00,3286.00,3283.00,-3.31,79.77,-3.98,889.19
2025-11-30T03:52:41,3.61,25631,3283.00,3288.00,3286.00,-3.55,81.83,-3.94,889.03
2025-11-30T04:09:28,3.60,25631,3281.00,3285.00,3282.50,-3.77,82.28,-4.07,888.92
2025-11-30T04:26:16,3.60,25631,3279.00,3285.00,3282.00,-3.50,81.40,-4.06,888.65
2025-11-30T04:43:03,3.60,25631,3281.00,3286.00,3284.00,-3.23,80.79,-3.84,888.84
2025-11-30T04:59:51,3.61,25631,3284.00,3287.00,3286.00,-2.73,79.79,-3.49,888.83
2025-11-30T05:16:39,3.60,25631,3283.00,3287.00,3285.00,-3.41,84.05,-3.57,888.76
2025-11-30T05:33:26,3.60,25631,3284.00,3288.00,3285.50,-3.98,85.68,-3.83,888.49
2025-11-30T05:50:14,3.61,25631,3278.00,3282.00,3280.00,-3.69,82.77,-3.99,888.35
2025-11-30T06:07:01,3.60,25631,3276.00,3286.00,3280.50,-2.85,77.02,-3.60,888.25
2025-11-30T06:23:49,3.60,25631,3282.00,3287.00,3285.00,-2.69,78.63,-3.37,888.30
2025-11-30T06:40:37,3.60,25631,3287.00,3289.00,3287.00,-2.52,76.93,-3.13,888.22
2025-11-30T06:57:24,3.61,25631,3284.00,3289.00,3287.00,-3.03,80.48,-3.34,888.15
2025-11-30T07:14:10,3.61,25631,3282.00,3287.00,3284.00,-3.41,82.64,-3.57,887.98
2025-11-30T07:30:58,3.60,25631,3276.00,3283.00,3278.50,-3.23,77.13,-3.72,888.05
2025-11-30T07:47:45,3.60,25631,3283.00,3287.00,3284.50,-2.85,79.67,-3.47,887.98
2025-11-30T08:04:33,3.60,25631,3285.00,3289.00,3286.00,-2.80,79.64,-3.39,887.99
2025-11-30T08:21:21,3.61,25631,3283.00,3287.00,3286.00,-3.32,83.81,-3.48,888.09
2025-11-30T08:38:09,3.60,25631,3284.00,3288.00,3285.00,-3.23,83.41,-3.41,888.30
2025-11-30T08:54:57,3.60,25631,3283.00,3287.00,3284.50,-2.67,76.10,-3.06,888.37
2025-11-30T09:11:44,3.61,25631,3284.00,3290.00,3286.50,-1.83,70.61,-2.41,888.50
2025-11-30T09:28:32,3.61,25631,3292.00,3295.00,3294.00,-2.12,81.12,-2.06,888.68
2025-11-30T09:45:20,3.59,25631,3289.00,3293.00,3292.00,-3.50,87.67,-2.16,888.89
2025-11-30T10:02:07,3.60,25631,3284.00,3287.00,3287.00,-3.94,90.81,-2.31,889.22
2025-11-30T10:18:55,3.60,25631,3279.00,3284.00,3281.00,-3.38,92.01,-2.08,889.44
2025-11-30T10:35:42,3.61,25631,3278.00,3283.00,3282.00,-2.85,93.35,-1.85,889.57
2025-11-30T10:52:30,3.60,25631,3270.00,3275.00,3272.00,-2.35,93.01,-1.19,889.47
2025-11-30T11:09:17,3.61,25631,3282.00,3286.00,3284.00,-2.22,92.93,-0.25,889.48
2025-11-30T11:26:05,3.60,25631,3282.00,3287.00,3285.00,-2.44,91.32,0.30,889.40
2025-11-30T11:42:53,3.60,25631,3279.00,3285.00,3282.50,-2.36,93.05,0.57,889.28
2025-11-30T11:59:41,3.60,25631,3281.00,3286.00,3285.00,-2.56,92.67,0.50,889.14
2025-11-30T12:16:29,3.60,25631,3282.00,3285.00,3283.50,-2.79,92.55,1.17,889.17
2025-11-30T12:33:17,3.61,25631,3283.00,3291.00,3288.50,-3.08,93.19,1.12,889.03
2025-11-30T12:50:04,3.61,25631,3282.00,3286.00,3283.50,-2.93,93.13,0.77,888.81
2025-11-30T13:06:52,3.60,25631,3279.00,3285.00,3282.50,-2.49,91.07,1.00,888.57
2025-11-30T13:23:40,3.60,25631,3275.00,3280.00,3278.50,-2.45,93.08,0.89,888.39
2025-11-30T13:40:28,3.61,25631,3279.00,3284.00,3280.50,-1.83,92.91,1.06,888.29
2025-11-30T13:57:16,3.61,25631,3276.00,3282.00,3279.00,-1.15,93.03,0.96,888.29
2025-11-30T14:14:04,3.60,25631,3278.00,3283.00,3282.00,-1.09,92.39,1.02,888.27
2025-11-30T14:30:52,3.60,25631,3281.00,3287.00,3284.00,-1.00,90.89,1.58,888.21
2025-11-30T14:47:40,3.59,25631,3277.00,3282.00,3280.50,-1.28,91.76,1.39,888.16
2025-11-30T15:04:27,3.61,25631,3270.00,3274.00,3272.00,-1.71,94.98,0.21,888.15
2025-11-30T15:21:15,3.61,25631,3270.00,3275.00,3273.00,-1.64,94.92,-0.33,888.28
2025-11-30T15:38:03,3.59,25631,3270.00,3276.00,3274.50,-1.56,95.40,-0.65,888.10
2025-11-30T15:54:51,3.60,25631,3272.00,3276.00,3275.00,-1.76,95.61,-0.96,888.02
2025-11-30T16:11:37,3.61,25631,3272.00,3275.00,3273.50,-1.74,96.05,-1.33,887.98
2025-11-30T16:28:24,3.60,25631,3271.00,3277.00,3275.00,-1.86,96.23,-1.55,887.87
2025-11-30T16:45:12,3.61,25631,3273.00,3278.00,3274.50,-2.05,96.73,-1.81,887.65
2025-11-30T17:02:00,3.61,25631,3270.00,3276.00,3272.00,-2.14,97.23,-2.01,887.74
2025-11-30T17:18:47,3.60,25631,3271.00,3275.00,3272.50,-2.17,97.40,-2.15,887.54
2025-11-30T17:35:35,3.60,25631,3269.00,3274.00,3272.50,-2.08,97.39,-2.09,887.52
2025-11-30T17:52:23,3.61,25631,3270.00,3274.00,3272.00,-2.05,97.42,-2.12,887.62
2025-11-30T18:09:10,3.60,25631,3270.00,3275.00,3273.00,-2.22,97.37,-2.17,887.53
2025-11-30T18:25:58,3.60,25631,3269.00,3275.00,3273.00,-2.05,97.50,-2.21,887.63
2025-11-30T18:42:46,3.60,25631,3271.00,3274.00,3273.00,-1.93,97.48,-2.09,887.62
2025-11-30T18:59:33,3.60,25631,3271.00,3274.00,3272.50,-1.83,97.42,-1.95,887.68
2025-11-30T19:16:21,3.60,25631,3270.00,3276.00,3273.00,-1.90,97.48,-1.95,887.50
2025-11-30T19:33:09,3.60,25631,3272.00,3276.00,3274.50,-2.08,97.36,-1.99,887.29
2025-11-30T19:49:56,3.60,25631,3274.00,3276.00,3275.00,-2.35,97.37,-2.18,887.16
2025-11-30T20:06:44,3.60,25631,3270.00,3276.00,3274.00,-2.09,97.44,-2.24,886.90
2025-11-30T20:23:32,3.60,25631,3273.00,3276.00,3275.50,-1.86,97.49,-2.07,886.74
2025-11-30T20:40:18,3.61,25631,3273.00,3277.00,3275.00,-1.52,97.52,-1.76,886.48
2025-11-30T20:57:06,3.60,25631,3269.00,3276.00,3272.50,-1.48,97.65,-1.65,886.40
2025-11-30T21:13:54,3.60,25631,3268.00,3280.00,3272.00,-1.38,97.69,-1.52,886.21
2025-11-30T21:30:41,3.60,25631,3271.00,3276.00,3274.00,-1.50,97.73,-1.49,886.11
2025-11-30T21:47:29,3.60,25631,3246.00,3260.00,3253.50,-1.50,97.71,-1.52,885.97
2025-11-30T22:04:17,3.60,25631,3238.00,3288.00,3266.00,-1.60,97.68,-1.58,885.96
2025-11-30T22:21:05,3.60,25631,2541.00,3267.00,3251.00,-1.38,97.81,-1.56,885.74
2025-11-30T22:37:52,3.61,25631,3247.00,3260.00,3255.00,-1.25,97.81,-1.40,885.61
2025-11-30T22:54:40,3.61,25631,3248.00,3259.00,3254.00,-1.16,97.80,-1.24,885.35
2025-11-30T23:11:28,3.61,25631,3250.00,3253.00,3251.50,-1.12,97.84,-1.19,885.03
2025-11-30T23:28:16,3.60,25631,3244.00,3252.00,3248.00,-1.01,97.90,-1.21,884.80
2025-11-30T23:45:03,3.60,25631,3243.00,3250.00,3248.00,-0.93,97.94,-1.06,884.99
2025-12-01T00:01:51,3.61,25631,3244.00,3254.00,3250.00,-0.87,98.02,-1.02,885.13
2025-12-01T00:18:39,3.60,25631,3249.00,3274.00,3254.00,-1.08,97.97,-1.04,885.11
2025-12-01T00:35:26,3.60,25631,3237.00,3244.00,3241.00,-1.12,98.07,-1.21,884.74
2025-12-01T00:52:14,3.60,25631,3215.00,3264.00,3241.50,-0.91,98.05,-1.07,884.80
2025-12-01T01:09:02,3.60,25631,3217.00,3256.00,3251.50,-1.50,97.89,-1.31,884.57
2025-12-01T01:25:50,3.60,25631,3236.00,3246.00,3240.00,-0.84,98.17,-1.18,884.25
2025-12-01T01:42:37,3.60,25631,3229.00,3233.00,3230.00,-0.38,98.29,-0.81,884.10
2025-12-01T01:59:25,3.60,25631,3214.00,3233.00,3222.00,-0.52,98.26,-0.61,884.15
2025-12-01T02:16:12,3.60,25631,3230.00,3234.00,3232.50,-0.30,98.39,-0.54,884.15
2025-12-01T02:33:00,3.60,25631,3209.00,3230.00,3220.00,-0.39,98.34,-0.49,884.20
2025-12-01T02:49:47,3.60,25631,3173.00,3185.00,3179.50,-0.29,98.44,-0.38,884.19
2025-12-01T03:06:35,3.60,25631,3168.00,3188.00,3180.00,-0.19,98.44,-0.34,884.15
2025-12-01T03:23:23,3.61,25631,3170.00,3189.00,3174.50,-0.33,98.45,-0.34,883.71
2025-12-01T03:40:11,3.60,25631,3176.00,3183.00,3178.00,-0.28,98.50,-0.35,883.46
2025-12-01T03:56:59,3.61,25631,3167.00,3179.00,3172.00,0.00,98.59,-0.22,883.56
2025-12-01T04:13:46,3.60,25631,3197.00,3204.00,3198.50,0.00,98.62,-0.07,883.51
2025-12-01T04:30:34,3.60,25631,3163.00,3179.00,3170.50,0.03,98.64,0.01,883.46
2025-12-01T04:47:22,3.60,25631,3190.00,3204.00,3197.00,0.03,98.63,0.03,883.30
2025-12-01T05:04:10,3.60,25631,3194.00,3200.00,3197.00,0.05,98.66,0.05,883.26
2025-12-01T05:20:58,3.60,25631,3195.00,3198.00,3196.00,0.17,98.66,0.08,883.24
2025-12-01T05:37:45,3.60,25631,3198.00,3201.00,3199.50,0.21,98.72,0.10,883.16
2025-12-01T05:54:33,3.60,25631,3195.00,3201.00,3198.00,0.23,98.72,0.09,882.94
2025-12-01T06:11:21,3.60,25631,3193.00,3198.00,3197.00,0.21,98.76,0.09,882.77
2025-12-01T06:28:09,3.60,25631,3193.00,3197.00,3195.00,0.34,98.78,0.11,882.44
2025-12-01T06:44:55,3.60,25631,3194.00,3197.00,3195.00,0.44,98.77,0.20,882.41
2025-12-01T07:01:42,3.60,25631,3195.00,3199.00,3196.50,0.40,98.83,0.20,882.28
2025-12-01T07:18:30,3.60,25631,3192.00,3196.00,3194.50,0.31,98.81,0.19,882.07
2025-12-01T07:35:18,3.61,25631,3197.00,3199.00,3198.00,0.38,98.84,0.25,881.96
2025-12-01T07:52:06,3.61,25631,3200.00,3205.00,3202.00,0.46,98.89,0.30,881.83
2025-12-01T08:08:53,3.61,25631,3172.00,3198.00,3194.00,0.33,98.87,0.29,881.89
2025-12-01T08:25:41,3.60,25631,3196.00,3204.00,3198.50,0.20,98.89,0.18,881.87
2025-12-01T08:42:29,3.61,25631,3182.00,3200.00,3197.00,0.36,98.94,0.19,881.98
2025-12-01T08:59:17,3.61,25631,3211.00,3219.00,3216.00,0.38,98.93,0.32,881.93
2025-12-01T09:16:05,3.60,25631,3209.00,3220.00,3213.00,0.40,98.92,0.50,881.89
2025-12-01T09:32:53,3.60,25631,3217.00,3224.00,3221.50,0.41,98.98,0.66,881.93
2025-12-01T09:49:40,3.60,25631,3221.00,3226.00,3224.00,0.51,98.94,1.00,881.95
2025-12-01T10:06:28,3.60,25631,3159.00,3229.00,3209.00,0.71,99.00,1.34,881.88
2025-12-01T10:23:16,3.60,25631,3173.00,3210.00,3185.50,0.41,98.94,1.26,881.79
2025-12-01T10:40:04,3.60,25631,3210.00,3218.00,3214.50,0.51,98.97,1.80,881.93
2025-12-01T10:56:52,3.60,25631,3201.00,3227.00,3210.00,0.62,99.00,1.84,882.03
2025-12-01T11:13:39,3.60,25631,3178.00,3192.00,3184.00,0.53,98.93,1.75,881.96
2025-12-01T11:30:27,3.60,25631,3208.00,3213.00,3210.50,0.88,98.97,2.09,882.32
2025-12-01T11:47:15,3.60,25631,3212.00,3216.00,3214.00,0.99,98.91,2.60,882.25
2025-12-01T12:04:03,3.60,25631,3212.00,3217.00,3214.00,1.26,98.73,3.85,882.33
2025-12-01T12:20:51,3.60,25631,3212.00,3218.00,3214.50,1.32,98.55,4.37,882.21
2025-12-01T12:37:39,3.60,25631,3198.00,3203.00,3201.00,1.13,98.51,3.81,882.11
2025-12-01T12:54:27,3.60,25631,3186.00,3197.00,3192.00,0.92,98.54,3.19,882.25
2025-12-01T13:11:15,3.60,25631,3227.00,3232.00,3230.00,0.92,98.62,3.38,882.08
2025-12-01T13:28:03,3.60,25631,3227.00,3244.00,3241.00,0.79,98.47,3.78,881.87
2025-12-01T13:44:51,3.60,25631,3224.00,3231.00,3228.50,0.91,98.61,3.53,882.12
2025-12-01T14:01:39,3.60,25631,3224.00,3230.00,3227.00,1.06,98.34,3.92,882.12
2025-12-01T14:18:27,3.60,25631,3224.00,3227.00,3225.00,0.95,98.32,3.40,882.02
2025-12-01T14:35:15,3.60,25631,3218.00,3227.00,3222.00,0.85,98.42,3.00,881.94
2025-12-01T14:52:03,3.61,25631,3218.00,3221.00,3219.00,0.81,98.53,2.30,882.20
2025-12-01T15:08:51,3.61,25631,3215.00,3220.00,3218.00,0.69,98.50,1.80,882.20
2025-12-01T15:25:38,3.60,25631,3216.00,3220.00,3217.50,0.68,98.63,1.45,882.22
2025-12-01T15:42:25,3.60,25631,3219.00,3221.00,3220.50,0.69,98.70,1.44,882.43
2025-12-01T15:59:13,3.60,25631,3214.00,3218.00,3216.00,0.47,98.71,0.98,882.42
2025-12-01T16:16:01,3.60,25631,3218.00,3220.00,3218.00,0.44,98.84,0.68,882.58
2025-12-01T16:32:49,3.60,25631,3219.00,3222.00,3221.50,0.43,98.79,0.47,882.65
2025-12-01T16:49:37,3.60,25631,3221.00,3225.00,3224.00,0.44,98.89,0.41,882.73
2025-12-01T17:06:24,3.60,25631,3222.00,3227.00,3225.00,0.48,98.97,0.40,882.89
2025-12-01T17:23:12,3.60,25631,3224.00,3228.00,3225.00,0.50,98.95,0.39,883.10
2025-12-01T17:40:00,3.60,25631,3224.00,3228.00,3227.00,0.53,98.99,0.39,883.16
2025-12-01T17:56:48,3.60,25631,3225.00,3230.00,3227.00,0.51,99.00,0.35,883.36
2025-12-01T18:13:36,3.60,25631,3225.00,3238.00,3228.50,0.60,99.02,0.40,883.46
2025-12-01T18:30:23,3.60,25631,3230.00,3231.00,3230.50,0.56,99.02,0.41,883.46
2025-12-01T18:47:11,3.60,25631,3229.00,3234.00,3231.50,0.44,99.01,0.38,883.57
2025-12-01T19:03:59,3.61,25631,3233.00,3238.00,3235.00,0.48,98.99,0.38,883.57
2025-12-01T19:20:47,3.60,25631,3209.00,3240.00,3236.00,0.41,99.01,0.33,883.74
2025-12-01T19:37:35,3.60,25631,3231.00,3237.00,3235.00,0.33,99.06,0.30,883.90
2025-12-01T19:54:22,3.60,25631,3229.00,3235.00,3231.00,0.34,99.07,0.25,883.95
2025-12-01T20:11:10,3.60,25631,3227.00,3235.00,3230.50,0.37,99.10,0.27,884.14
2025-12-01T20:27:58,3.60,25631,3232.00,3236.00,3233.00,0.26,99.08,0.23,884.11
2025-12-01T20:44:46,3.60,25631,3238.00,3242.00,3239.00,0.21,99.13,0.19,884.10
2025-12-01T21:01:34,3.60,25631,3240.00,3245.00,3242.50,0.24,99.15,0.17,884.19
2025-12-01T21:18:20,3.60,25631,3247.00,3249.00,3248.00,0.17,99.14,0.15,884.23
2025-12-01T21:35:08,3.60,25631,3249.00,3253.00,3250.50,0.20,99.17,0.13,884.39
2025-12-01T21:51:56,3.60,25631,3252.00,3256.00,3254.00,0.19,99.16,0.11,884.49
2025-12-01T22:08:44,3.60,25631,3253.00,3259.00,3256.50,0.16,99.18,0.10,884.67
2025-12-01T22:25:31,3.61,25631,3256.00,3260.00,3258.00,0.17,99.20,0.14,884.79
2025-12-01T22:42:18,3.60,25631,3251.00,3256.00,3253.50,0.16,99.18,0.12,884.97
2025-12-01T22:59:06,3.60,25631,3243.00,3252.00,3248.50,0.13,99.23,0.09,885.24
2025-12-01T23:15:54,3.60,25631,3244.00,3250.00,3246.00,0.17,99.22,0.10,885.36
2025-12-01T23:32:42,3.60,25631,3241.00,3245.00,3244.00,0.16,99.24,0.11,885.60
2025-12-01T23:49:30,3.60,25631,3239.00,3245.00,3242.00,0.17,99.25,0.12,885.80
2025-12-02T00:06:17,3.60,25631,3236.00,3242.00,3238.50,0.17,99.25,0.12,885.93
2025-12-02T00:23:05,3.60,25631,3232.00,3241.00,3235.00,0.17,99.26,0.11,886.06
2025-12-02T00:39:53,3.60,25631,3231.00,3240.00,3235.00,0.17,99.25,0.12,886.23
2025-12-02T00:56:41,3.60,25631,3234.00,3248.00,3240.00,0.20,99.29,0.13,886.46
2025-12-02T01:13:28,3.60,25631,3238.00,3247.00,3240.00,0.16,99.29,0.11,886.68
2025-12-02T01:30:16,3.60,25631,3250.00,3273.00,3267.00,0.16,99.31,0.09,886.68
2025-12-02T01:47:04,3.60,25631,3269.00,3277.00,3270.50,0.09,99.28,0.03,886.82
2025-12-02T02:03:52,3.60,25631,3267.00,3273.00,3269.00,0.21,99.34,0.04,887.07
2025-12-02T02:20:40,3.60,25631,3267.00,3271.00,3269.00,0.21,99.34,0.04,887.15
2025-12-02T02:37:27,3.60,25631,3262.00,3271.00,3264.00,0.21,99.34,0.04,887.29
2025-12-02T02:54:15,3.60,25631,3263.00,3271.00,3268.00,0.17,99.31,-0.01,887.30
2025-12-02T03:11:03,3.60,25631,3263.00,3267.00,3265.50,0.19,99.35,-0.09,887.51
2025-12-02T03:27:51,3.60,25631,3266.00,3274.00,3267.50,0.05,99.31,-0.09,887.35
2025-12-02T03:44:38,3.60,25631,3263.00,3266.00,3265.50,0.07,99.31,-0.25,887.55
2025-12-02T04:01:26,3.60,25631,3263.00,3268.00,3266.00,0.19,99.35,-0.32,887.46
2025-12-02T04:18:14,3.60,25631,3264.00,3268.00,3266.00,0.06,99.25,-0.36,887.61
2025-12-02T04:35:02,3.60,25631,3264.00,3268.00,3266.00,-0.01,99.20,-0.29,887.77
2025-12-02T04:51:50,3.60,25631,3264.00,3270.00,3267.00,-0.19,99.16,-0.28,887.96
2025-12-02T05:08:37,3.60,25631,3264.00,3269.00,3266.00,-0.05,99.16,-0.34,888.09
2025-12-02T05:25:25,3.60,25631,3262.00,3268.00,3265.00,0.06,99.16,-0.20,888.27
2025-12-02T05:42:13,3.60,25631,3264.00,3271.00,3267.50,0.11,99.17,-0.12,888.26
2025-12-02T05:59:01,3.60,25631,3260.00,3268.00,3265.00,-0.01,99.16,-0.20,888.28
2025-12-02T06:15:48,3.60,25631,3258.00,3265.00,3261.50,-0.11,99.13,-0.48,888.23
2025-12-02T06:32:36,3.60,25631,3260.00,3267.00,3263.00,0.11,99.14,-0.43,888.41
2025-12-02T06:49:24,3.60,25631,3262.00,3268.00,3265.00,0.06,98.65,-0.43,888.60
2025-12-02T07:06:12,3.60,25631,3263.00,3268.00,3266.00,-0.11,98.59,-0.50,888.81
2025-12-02T07:22:58,3.60,25631,3264.00,3270.00,3268.00,-0.08,98.84,-0.49,888.88
2025-12-02T07:39:46,3.60,25631,3261.00,3266.00,3265.00,-0.15,98.97,-0.68,888.87
2025-12-02T07:56:34,3.60,25631,3263.00,3268.00,3267.00,-0.21,98.99,-0.60,889.00
2025-12-02T08:13:22,3.60,25631,3266.00,3272.00,3269.50,-0.35,99.06,-0.75,889.20
2025-12-02T08:30:08,3.60,25631,3263.00,3269.00,3265.50,-0.40,99.11,-0.77,889.15
2025-12-02T08:46:56,3.60,25631,3265.00,3267.00,3266.00,-0.18,99.17,-0.61,889.35
2025-12-02T09:03:44,3.60,25631,3269.00,3274.00,3272.50,-0.04,99.21,-0.23,889.43
2025-12-02T09:20:32,3.60,25631,3270.00,3276.00,3275.00,0.00,99.21,0.12,889.75
2025-12-02T09:37:20,3.60,25631,3270.00,3274.00,3272.00,0.03,99.20,0.51,889.76
2025-12-02T09:54:07,3.60,25631,3272.00,3275.00,3273.50,0.14,99.25,1.07,889.85
2025-12-02T10:10:55,3.60,25631,3275.00,3279.00,3276.00,0.20,99.23,1.82,889.92
2025-12-02T10:27:43,3.60,25631,3282.00,3285.00,3284.00,1.16,99.21,5.03,890.05
2025-12-02T10:44:31,3.60,25631,3294.00,3299.00,3297.50,2.80,97.20,8.24,890.16
2025-12-02T11:01:20,3.60,25631,3316.00,3321.00,3318.50,2.96,94.41,10.47,890.33
2025-12-02T11:18:08,3.60,25631,3323.00,3328.00,3325.00,2.02,94.00,11.39,889.66
2025-12-02T11:34:56,3.60,25631,3300.00,3312.00,3307.50,2.06,94.48,10.42,889.90
2025-12-02T11:51:45,3.60,25631,3302.00,3310.00,3307.00,1.86,91.91,10.35,889.84
2025-12-02T12:08:33,3.60,25631,3325.00,3337.00,3330.50,3.43,89.38,11.95,889.92
2025-12-02T12:25:22,3.60,25631,3310.00,3326.00,3319.50,3.73,89.13,11.85,890.05
2025-12-02T12:42:10,3.60,25631,3336.00,3340.00,3338.00,2.74,85.29,12.11,889.85
2025-12-02T12:58:59,3.60,25631,3318.00,3328.00,3323.50,2.65,87.34,9.86,889.80
2025-12-02T13:15:47,3.60,25631,3305.00,3313.00,3308.50,2.37,87.96,9.47,889.78
2025-12-02T13:32:35,3.60,25631,3291.00,3299.00,3296.50,1.62,92.67,9.52,889.72
2025-12-02T13:49:24,3.60,25631,3290.00,3297.00,3292.00,1.82,90.83,9.43,889.61
2025-12-02T14:06:12,3.60,25631,3274.00,3284.00,3277.00,1.24,93.30,6.82,889.56
2025-12-02T14:23:00,3.60,25631,3268.00,3277.00,3271.50,1.29,91.77,5.57,889.78
2025-12-02T14:39:48,3.60,25631,3261.00,3268.00,3265.00,0.46,95.03,3.88,889.89
2025-12-02T14:56:36,3.60,25631,3259.00,3266.00,3261.50,0.48,93.32,2.98,889.76
2025-12-02T15:13:24,3.60,25631,3257.00,3266.00,3261.00,0.47,93.93,2.27,889.80
2025-12-02T15:30:12,3.60,25631,3260.00,3265.00,3261.50,0.44,94.62,1.74,889.69
2025-12-02T15:47:00,3.60,25631,3256.00,3262.00,3258.50,0.06,95.43,0.87,889.63
2025-12-02T16:03:48,3.60,25631,3250.00,3259.00,3256.00,-0.17,96.41,0.24,889.73
2025-12-02T16:20:34,3.60,25631,3253.00,3258.00,3255.50,-0.28,96.99,-0.16,889.81
2025-12-02T16:37:21,3.60,25631,3252.00,3256.00,3253.00,-0.21,97.20,-0.29,889.83
2025-12-02T16:54:09,3.60,25631,3252.00,3258.00,3254.50,-0.21,97.27,-0.37,889.70
2025-12-02T17:10:57,3.60,25631,3253.00,3257.00,3255.50,-0.18,97.27,-0.39,889.71
2025-12-02T17:27:45,3.60,25631,3253.00,3258.00,3255.50,-0.14,96.88,-0.38,889.71
2025-12-02T17:44:33,3.60,25631,3255.00,3260.00,3257.50,-0.23,96.94,-0.41,889.74
2025-12-02T18:01:20,3.60,25631,3255.00,3258.00,3256.00,-0.19,96.88,-0.43,889.61
2025-12-02T18:18:08,3.60,25631,3256.00,3261.00,3258.50,-0.18,96.67,-0.44,889.42
2025-12-02T18:34:56,3.60,25631,3253.00,3260.00,3256.50,-0.19,97.29,-0.41,889.43
2025-12-02T18:51:44,3.60,25631,3254.00,3262.00,3258.50,-0.08,96.93,-0.32,889.27
2025-12-02T19:08:31,3.60,25631,3256.00,3260.00,3257.00,-0.07,96.25,-0.24,889.25
2025-12-02T19:25:19,3.60,25631,3259.00,3264.00,3262.00,-0.04,96.11,-0.16,889.22
2025-12-02T19:42:07,3.60,25631,3256.00,3261.00,3259.50,-0.26,97.68,-0.27,889.17
2025-12-02T19:58:55,3.60,25631,3259.00,3263.00,3261.00,-0.35,97.94,-0.28,889.11
2025-12-02T20:15:42,3.60,25631,3256.00,3262.00,3261.00,-0.48,98.10,-0.37,889.09
2025-12-02T20:32:30,3.60,25631,3258.00,3271.00,3264.50,-0.42,98.29,-0.35,888.80
2025-12-02T20:49:17,3.60,25631,3242.00,3274.00,3261.50,-0.39,98.46,-0.39,888.77
2025-12-02T21:06:05,3.60,25631,3262.00,3278.00,3273.50,-0.33,98.48,-0.38,888.71
2025-12-02T21:22:52,3.60,25631,3270.00,3279.00,3276.50,-0.36,98.58,-0.35,888.75
2025-12-02T21:39:40,3.60,25631,3272.00,3278.00,3274.50,-0.63,98.64,-0.46,888.61
2025-12-02T21:56:28,3.60,25631,3264.00,3268.00,3266.00,-0.63,98.68,-0.53,888.62
2025-12-02T22:13:16,3.60,25631,3262.00,3267.00,3265.00,-0.57,98.76,-0.53,888.51
2025-12-02T22:30:03,3.60,25631,3270.00,3276.00,3272.00,-0.49,98.79,-0.46,888.48
2025-12-02T22:46:51,3.60,25631,3269.00,3274.00,3271.50,-0.52,98.83,-0.47,888.42
2025-12-02T23:03:38,3.60,25631,3264.00,3270.00,3267.00,-0.63,98.84,-0.48,888.34
2025-12-02T23:20:26,3.60,25631,3259.00,3269.00,3263.50,-0.63,98.88,-0.52,888.37
2025-12-02T23:37:13,3.60,25631,3255.00,3274.00,3263.50,-0.56,98.88,-0.49,888.45
2025-12-02T23:54:01,3.60,25631,3246.00,3264.00,3256.00,-0.53,98.93,-0.52,888.49
2025-12-03T00:10:49,3.60,25631,3240.00,3261.00,3250.00,-0.46,98.94,-0.47,888.37
2025-12-03T00:27:37,3.60,25631,3247.00,3256.00,3251.50,-0.42,98.99,-0.43,888.45
2025-12-03T00:44:24,3.60,25631,3239.00,3250.00,3244.50,-0.52,98.98,-0.43,888.39
2025-12-03T01:01:12,3.60,25631,3246.00,3261.00,3249.00,-0.57,98.99,-0.50,888.17
2025-12-03T01:17:59,3.60,25631,3265.00,3274.00,3267.50,-0.60,98.94,-0.50,888.22
2025-12-03T01:34:47,3.60,25631,3230.00,3273.00,3245.00,-0.79,98.95,-0.60,888.05
2025-12-03T01:51:34,3.60,25631,3262.00,3272.00,3264.50,-0.73,99.00,-0.66,888.09
2025-12-03T02:08:22,3.60,25631,3275.00,3287.00,3279.00,-0.53,99.01,-0.65,888.21
2025-12-03T02:25:10,3.60,25631,3272.00,3278.00,3275.00,-0.60,99.02,-0.56,888.31
2025-12-03T02:41:58,3.60,25631,3256.00,3275.00,3261.00,-0.57,98.99,-0.57,888.19
2025-12-03T02:58:45,3.60,25631,3279.00,3294.00,3286.00,-0.48,99.04,-0.51,888.25
2025-12-03T03:15:33,3.60,25631,3281.00,3294.00,3287.00,-0.38,99.02,-0.45,888.27
2025-12-03T03:32:21,3.60,25631,3253.00,3260.00,3257.50,-0.52,99.05,-0.48,888.11
2025-12-03T03:49:08,3.60,25631,3253.00,3270.00,3261.50,-0.49,99.02,-0.46,887.92
2025-12-03T04:05:56,3.60,25631,3247.00,3256.00,3252.00,-0.67,99.02,-0.53,887.93
2025-12-03T04:22:44,3.60,25631,3250.00,3260.00,3255.50,-0.65,99.02,-0.60,887.93
2025-12-03T04:39:32,3.59,25631,3254.00,3262.00,3259.00,-0.80,98.97,-0.62,887.71
2025-12-03T04:56:19,3.60,25631,3256.00,3263.00,3257.50,-0.81,98.99,-0.70,887.58
2025-12-03T05:13:07,3.60,25631,3251.00,3262.00,3256.50,-0.79,99.05,-0.74,887.50
2025-12-03T05:29:55,3.60,25631,3222.00,3261.00,3256.00,-0.84,99.01,-0.77,887.32
2025-12-03T05:46:43,3.60,25631,3224.00,3294.00,3262.50,-0.73,99.02,-0.73,887.22
2025-12-03T06:03:30,3.60,25631,3261.00,3316.00,3305.00,-0.72,99.00,-0.72,887.28
2025-12-03T06:20:18,3.59,25631,3256.00,3335.00,3312.00,-0.77,99.00,-0.71,887.07
2025-12-03T06:37:06,3.60,25631,3225.00,3328.00,3322.00,-0.72,99.05,-0.70,886.99
2025-12-03T06:53:54,3.60,25631,3238.00,3335.00,3323.50,-0.76,99.01,-0.72,887.17
2025-12-03T07:10:41,3.60,25631,3324.00,3339.00,3328.00,-0.67,99.04,-0.67,887.02
2025-12-03T07:27:29,3.60,25631,3167.00,3330.00,3316.50,-0.74,99.01,-0.69,886.94
2025-12-03T07:44:17,3.60,25631,3238.00,3324.00,3247.50,-0.63,99.06,-0.66,886.93
2025-12-03T08:01:04,3.60,25631,3172.00,3329.00,3243.50,-0.42,99.06,-0.50,886.76
2025-12-03T08:17:52,3.59,25631,3180.00,3323.00,3242.50,-0.67,98.96,-0.54,886.80
2025-12-03T08:34:40,3.60,25631,3244.00,3254.00,3248.50,-0.66,99.00,-0.55,886.65
2025-12-03T08:51:28,3.60,25631,3247.00,3257.00,3253.00,-0.60,99.03,-0.50,886.78
2025-12-03T09:08:14,3.60,25631,3247.00,3259.00,3255.00,-0.48,99.02,-0.34,886.76
2025-12-03T09:25:02,3.60,25631,3248.00,3268.00,3259.00,-0.45,99.04,0.01,886.69
2025-12-03T09:41:50,3.60,25631,3245.00,3260.00,3256.00,-0.49,99.00,0.21,886.57
2025-12-03T09:58:38,3.60,25631,3248.00,3258.00,3255.00,-0.57,98.97,0.30,886.65
2025-12-03T10:15:26,3.60,25631,3253.00,3260.00,3256.50,-0.46,98.94,0.52,886.82
2025-12-03T10:32:13,3.60,25631,3258.00,3263.00,3260.50,-0.50,98.85,0.59,886.85
2025-12-03T10:49:01,3.60,25631,3242.00,3250.00,3248.00,-0.38,98.81,0.92,886.55
2025-12-03T11:05:49,3.60,25631,3244.00,3254.00,3248.00,-0.38,98.55,1.28,886.40
2025-12-03T11:22:37,3.60,25631,3228.00,3243.00,3236.50,-0.30,98.57,1.24,886.30
2025-12-03T11:39:25,3.60,25631,3225.00,3244.00,3235.50,-0.23,98.40,1.44,886.12
2025-12-03T11:56:13,3.60,25631,3235.00,3246.00,3242.00,-0.15,98.28,1.73,886.00
2025-12-03T12:13:00,3.59,25631,3239.00,3251.00,3243.50,-0.29,98.28,1.32,885.87
2025-12-03T12:29:48,3.60,25631,3238.00,3245.00,3243.00,-0.21,98.50,1.46,885.66
2025-12-03T12:46:36,3.60,25631,3242.00,3250.00,3246.00,-0.12,98.49,1.74,885.71
2025-12-03T13:03:24,3.60,25631,3230.00,3266.00,3241.00,-0.19,98.14,1.78,885.46
2025-12-03T13:20:12,3.60,25631,3285.00,3297.00,3292.50,-0.15,97.82,1.77,885.36
2025-12-03T13:37:00,3.60,25631,3243.00,3260.00,3250.00,-0.33,97.76,1.82,885.13
2025-12-03T13:53:48,3.60,25631,3237.00,3247.00,3242.50,-0.21,97.91,1.49,885.12
2025-12-03T14:10:36,3.60,25631,3212.00,3234.00,3222.50,-0.01,98.17,1.37,885.15
2025-12-03T14:27:23,3.60,25631,3184.00,3207.00,3199.00,0.11,98.33,1.35,885.01
2025-12-03T14:44:09,3.60,25631,3191.00,3242.00,3202.00,0.20,98.32,1.12,884.90
2025-12-03T15:00:57,3.60,25631,3221.00,3247.00,3228.50,0.19,98.16,1.13,884.86
2025-12-03T15:17:45,3.60,25631,3252.00,3257.00,3254.50,0.23,98.24,0.94,884.79
2025-12-03T15:34:33,3.60,25631,3197.00,4987.00,3213.50,-0.07,98.24,0.62,884.93
2025-12-03T15:51:21,3.60,25631,3238.00,3246.00,3241.50,0.09,98.60,0.40,884.84
2025-12-03T16:08:08,3.60,25631,3239.00,3247.00,3244.50,0.07,98.65,0.23,884.69
2025-12-03T16:24:56,3.59,25631,3239.00,3248.00,3245.00,0.03,98.70,0.12,884.78
2025-12-03T16:41:44,3.59,25631,3234.00,3242.00,3237.00,0.10,98.71,0.08,884.96
2025-12-03T16:58:32,3.59,25631,3240.00,3245.00,3243.50,0.06,98.69,0.06,884.93
2025-12-03T17:15:19,3.59,25631,3225.00,3242.00,3232.50,0.06,98.74,0.05,884.94
2025-12-03T17:32:07,3.59,25631,3232.00,3241.00,3238.50,-0.02,98.74,0.04,884.88
2025-12-03T17:48:55,3.59,25631,3236.00,3242.00,3239.00,-0.02,98.77,-0.02,884.73
2025-12-03T18:05:43,3.59,25631,3233.00,3243.00,3237.50,-0.04,98.82,-0.04,884.76
2025-12-03T18:22:30,3.59,25631,3232.00,3246.00,3239.50,0.02,98.89,0.01,884.53
2025-12-03T18:39:18,3.60,25631,3220.00,3231.00,3222.50,0.14,98.92,0.06,884.30
2025-12-03T18:56:06,3.60,25631,4986.00,4988.00,4986.00,0.31,98.91,0.09,884.38
2025-12-03T19:12:54,3.59,25631,4985.00,4987.00,4986.00,0.31,98.79,0.14,884.49
2025-12-03T19:29:41,3.59,25631,3306.00,4989.00,4987.00,0.41,98.70,0.18,884.48
2025-12-03T19:46:29,3.59,25631,3207.00,3245.00,3235.50,0.48,98.60,0.22,884.55
2025-12-03T20:03:17,3.60,25631,3243.00,3248.00,3246.00,0.67,98.55,0.26,884.52
2025-12-03T20:20:04,3.60,25631,3240.00,3244.00,3243.00,0.84,98.79,0.29,884.73
2025-12-03T20:36:52,3.59,25631,3233.00,3240.00,3236.00,1.13,98.78,0.41,884.67
2025-12-03T20:53:39,3.60,25631,3237.00,3242.00,3239.00,1.05,98.78,0.45,884.77
2025-12-03T21:10:27,3.60,25631,3241.00,3247.00,3243.00,1.22,98.54,0.48,884.83
2025-12-03T21:27:15,3.60,25631,3242.00,3247.00,3244.00,1.40,98.28,0.51,884.92
2025-12-03T21:44:03,3.59,25631,3246.00,3252.00,3250.00,1.16,97.83,0.60,884.75
2025-12-03T22:00:50,3.59,25631,3239.00,3248.00,3242.50,1.00,98.46,0.60,884.85
2025-12-03T22:17:38,3.60,25631,3248.00,3253.00,3250.00,0.74,98.66,0.52,884.80
2025-12-03T22:34:25,3.60,25631,3247.00,3256.00,3250.50,0.84,98.60,0.66,884.66
2025-12-03T22:51:13,3.59,25631,3254.00,3265.00,3260.00,1.03,98.80,0.70,884.90
2025-12-03T23:08:01,3.60,25631,3262.00,3269.00,3264.50,1.50,98.46,0.87,884.92
2025-12-03T23:24:48,3.59,25631,3251.00,3259.00,3254.00,1.60,97.88,1.07,885.05
2025-12-03T23:41:36,3.60,25631,3244.00,3250.00,3246.50,1.55,97.90,1.19,885.00
2025-12-03T23:58:24,3.59,25631,3238.00,3245.00,3242.00,1.51,98.03,1.19,885.09
2025-12-04T00:15:12,3.59,25631,3237.00,3244.00,3240.50,1.40,98.22,1.17,885.02
2025-12-04T00:32:00,3.60,25631,3234.00,3242.00,3236.50,1.60,98.43,1.21,884.94
2025-12-04T00:48:48,3.60,25631,3237.00,3246.00,3242.00,1.58,98.33,1.26,884.95
2025-12-04T01:05:35,3.59,25631,3245.00,3251.00,3247.00,1.54,98.47,1.28,884.99
2025-12-04T01:22:23,3.60,25631,3244.00,3252.00,3249.00,1.26,98.55,1.17,884.91
2025-12-04T01:39:11,3.59,25631,3252.00,3257.00,3254.00,1.33,98.72,1.10,884.94
2025-12-04T01:55:59,3.60,25631,3248.00,3259.00,3253.00,1.26,98.82,1.14,884.83
2025-12-04T02:12:47,3.60,25631,3255.00,3262.00,3258.00,1.34,98.92,1.16,884.79
2025-12-04T02:29:35,3.60,25631,3250.00,3264.00,3259.50,1.39,98.98,1.20,884.92
2025-12-04T02:46:22,3.59,25631,3253.00,3260.00,3256.50,1.46,99.03,1.20,885.10
2025-12-04T03:03:10,3.59,25631,3246.00,3256.00,3251.50,1.50,99.09,1.25,885.04
2025-12-04T03:19:58,3.59,25631,3249.00,3254.00,3252.00,1.46,99.11,1.27,884.96
2025-12-04T03:36:46,3.59,25631,3246.00,3250.00,3248.00,1.36,99.18,1.17,884.93
2025-12-04T03:53:34,3.60,25631,3244.00,3251.00,3248.00,1.30,99.18,1.13,884.92
2025-12-04T04:10:21,3.60,25631,3244.00,3247.00,3246.00,1.27,99.17,1.04,884.92
2025-12-04T04:27:09,3.59,25631,3239.00,3244.00,3242.00,1.37,99.26,1.08,884.85
2025-12-04T04:43:57,3.59,25631,3240.00,3245.00,3243.50,1.23,99.25,1.06,884.78
2025-12-04T05:00:45,3.59,25631,3239.00,3243.00,3241.00,1.32,99.34,1.01,884.77
2025-12-04T05:17:33,3.60,25631,3240.00,3243.00,3241.50,1.15,99.28,0.91,884.78
2025-12-04T05:34:20,3.60,25631,3241.00,3243.00,3242.50,1.17,99.33,0.90,884.84
2025-12-04T05:51:08,3.59,25631,3242.00,3246.00,3244.00,1.27,99.35,0.99,884.91
2025-12-04T06:07:56,3.59,25631,3239.00,3246.00,3242.50,1.12,99.33,0.89,884.97
2025-12-04T06:24:43,3.60,25631,3240.00,3247.00,3242.00,1.29,99.36,1.04,885.07
2025-12-04T06:41:31,3.59,25631,3240.00,3245.00,3243.50,1.24,99.39,1.05,885.11
2025-12-04T06:58:19,3.60,25631,3237.00,3244.00,3240.50,1.20,99.37,0.94,885.25
2025-12-04T07:15:06,3.59,25631,3241.00,3246.00,3243.00,1.20,99.38,1.01,885.13
2025-12-04T07:31:54,3.59,25631,3235.00,3242.00,3238.00,1.23,99.44,1.04,885.45
2025-12-04T07:48:42,3.59,25631,3228.00,3247.00,3235.00,1.16,99.41,1.03,885.59
2025-12-04T08:05:30,3.59,25631,3221.00,3261.00,3239.00,1.15,99.45,1.04,885.37
2025-12-04T08:22:18,3.59,25631,3220.00,3250.00,3229.00,1.07,99.49,1.02,885.53
2025-12-04T08:39:04,3.59,25631,3218.00,3227.00,3222.00,1.06,99.46,1.01,885.76
2025-12-04T08:55:52,3.59,25631,3210.00,3221.00,3217.50,1.06,99.46,1.06,885.78
2025-12-04T09:12:40,3.60,25631,3213.00,3220.00,3215.00,1.05,99.46,1.18,885.86
2025-12-04T09:29:28,3.59,25631,3209.00,3225.00,3213.50,1.09,99.48,1.55,886.06
2025-12-04T09:46:16,3.59,25631,3218.00,3229.00,3223.50,1.16,99.50,1.77,886.17
2025-12-04T10:03:04,3.59,25631,3225.00,3231.00,3228.00,1.03,99.51,1.86,886.27
2025-12-04T10:19:51,3.59,25631,3225.00,3233.00,3230.00,1.15,99.48,2.27,886.32
2025-12-04T10:36:39,3.59,25631,3231.00,3238.00,3234.00,1.20,99.52,2.61,886.28
2025-12-04T10:53:27,3.60,25631,3234.00,3238.00,3236.50,1.15,99.54,2.84,886.41
2025-12-04T11:10:15,3.59,25631,3237.00,3243.00,3241.00,1.27,99.49,3.30,886.45
2025-12-04T11:27:03,3.59,25631,3244.00,3248.00,3246.00,1.48,99.47,4.15,886.37
2025-12-04T11:43:51,3.60,25631,3250.00,3255.00,3253.00,1.64,99.43,5.20,886.28
2025-12-04T12:00:39,3.59,25631,3246.00,3250.00,3248.00,1.30,99.24,4.48,886.41
2025-12-04T12:17:27,3.59,25631,3243.00,3252.00,3250.00,1.29,99.08,4.67,886.48
2025-12-04T12:34:15,3.60,25631,3250.00,3259.00,3253.00,1.48,98.95,5.01,886.22
2025-12-04T12:51:03,3.59,25631,3246.00,3257.00,3250.00,1.26,98.82,4.50,886.13
2025-12-04T13:07:51,3.59,25631,3248.00,3256.00,3253.00,1.15,98.83,3.76,886.23
2025-12-04T13:24:39,3.59,25631,3260.00,3266.00,3261.00,1.23,98.91,3.72,886.30
2025-12-04T13:41:27,3.59,25631,3259.00,3264.00,3261.50,1.12,98.72,3.69,886.28
2025-12-04T13:58:15,3.59,25631,3262.00,3270.00,3265.00,1.33,98.63,4.71,886.16
2025-12-04T14:15:02,3.60,25631,3261.00,3270.00,3265.00,1.06,98.67,4.14,886.20
2025-12-04T14:31:50,3.59,25631,3263.00,3271.00,3265.50,0.85,98.79,3.41,886.07
2025-12-04T14:48:38,3.59,25631,3269.00,3286.00,3282.00,0.72,98.88,2.61,886.06
2025-12-04T15:05:26,3.59,25631,3285.00,3292.00,3289.50,0.67,98.95,2.10,886.20
2025-12-04T15:22:13,3.59,25631,3286.00,3292.00,3289.50,0.67,99.02,1.66,886.28
2025-12-04T15:39:01,3.59,25631,3286.00,3291.00,3288.50,0.51,99.11,1.26,886.15
2025-12-04T15:55:49,3.59,25631,3287.00,3291.00,3289.00,0.46,99.10,0.97,886.04
2025-12-04T16:12:36,3.59,25631,3288.00,3291.00,3288.50,0.43,99.16,0.67,886.00
2025-12-04T16:29:24,3.58,25631,3287.00,3291.00,3290.00,0.23,99.14,0.33,885.83
2025-12-04T16:46:12,3.58,25631,3287.00,3291.00,3289.00,0.13,99.15,0.08,885.88
2025-12-04T17:03:00,3.58,25631,3284.00,3289.00,3286.00,0.16,99.16,0.05,885.89
2025-12-04T17:19:47,3.58,25631,3269.00,3289.00,3282.50,0.13,99.17,0.05,885.86
2025-12-04T17:36:35,3.58,25631,3255.00,3283.00,3265.00,0.19,99.16,0.05,886.01
2025-12-04T17:53:23,3.58,25631,3250.00,3264.00,3256.50,0.09,99.13,0.08,885.96
2025-12-04T18:10:11,3.58,25631,3243.00,3256.00,3249.00,0.05,99.15,0.04,885.82
2025-12-04T18:26:58,3.58,25631,3245.00,3252.00,3248.00,0.03,99.20,0.00,885.71
2025-12-04T18:43:46,3.58,25631,3245.00,3249.00,3248.00,-0.01,99.21,-0.05,885.58
2025-12-04T19:00:34,3.59,25631,3247.00,3250.00,3248.00,0.00,99.24,-0.15,885.41
2025-12-04T19:17:22,3.59,25631,3249.00,3258.00,3252.50,-0.04,99.09,-0.30,885.37
2025-12-04T19:34:09,3.58,25631,3245.00,3256.00,3249.00,-0.11,98.91,-0.51,885.32
2025-12-04T19:50:57,3.58,25631,3245.00,3252.00,3248.00,-0.29,98.78,-0.73,885.11
2025-12-04T20:07:45,3.57,25631,3248.00,3258.00,3253.00,-0.52,98.78,-0.96,884.95
2025-12-04T20:24:32,3.58,25631,3242.00,3257.00,3253.00,-0.48,98.20,-1.00,884.73
2025-12-04T20:41:20,3.58,25631,3233.00,3247.00,3238.00,-0.55,97.98,-1.04,884.38
2025-12-04T20:58:06,3.57,25631,3240.00,3249.00,3244.00,-0.57,97.59,-1.14,884.09
2025-12-04T21:14:54,3.58,25631,3237.00,3244.00,3241.00,-0.59,97.52,-1.21,883.94
2025-12-04T21:31:41,3.58,25631,3239.00,3248.00,3244.00,-0.85,97.73,-1.37,883.58
2025-12-04T21:48:29,3.58,25631,3245.00,3253.00,3248.00,-0.83,97.27,-1.46,883.39
2025-12-04T22:05:17,3.58,25631,3235.00,3251.00,3244.00,-0.66,96.82,-1.55,883.40
2025-12-04T22:22:04,3.58,25631,3243.00,3253.00,3245.00,-1.01,97.37,-1.56,883.17
2025-12-04T22:38:52,3.58,25631,3235.00,3251.00,3244.00,-0.73,97.84,-1.56,883.17
2025-12-04T22:55:40,3.59,25631,3239.00,3248.00,3243.00,-1.24,97.60,-1.63,882.81
2025-12-04T23:12:27,3.58,25631,3241.00,3247.00,3244.00,-1.32,98.29,-1.79,882.74
2025-12-04T23:29:15,3.58,25631,3244.00,3250.00,3246.00,-1.30,98.41,-1.75,882.30
2025-12-04T23:46:03,3.58,25631,3241.00,3250.00,3247.50,-1.25,98.60,-1.77,881.94
2025-12-05T00:02:50,3.58,25631,3247.00,3257.00,3250.00,-0.97,98.08,-1.65,881.81
2025-12-05T00:19:38,3.58,25631,3238.00,3250.00,3245.50,-0.90,97.69,-1.60,882.06
2025-12-05T00:36:26,3.58,25631,3249.00,3260.00,3253.00,-1.41,97.76,-1.75,881.40
2025-12-05T00:53:13,3.56,25631,3238.00,3253.00,3244.50,-1.25,98.33,-1.73,881.24
2025-12-05T01:10:01,3.58,25631,3252.00,3255.00,3254.00,-1.18,97.81,-1.65,881.04
2025-12-05T01:26:48,3.59,25631,3241.00,3248.00,3243.50,-1.18,98.09,-1.62,880.55
2025-12-05T01:43:35,3.58,25631,3239.00,3254.00,3247.50,-1.12,98.19,-1.58,880.16
2025-12-05T02:00:23,3.58,25631,3241.00,3250.00,3244.00,-1.09,97.69,-1.49,879.89
2025-12-05T02:17:11,3.58,25631,3239.00,3251.00,3247.50,-1.01,97.79,-1.41,879.55
2025-12-05T02:33:58,3.58,25631,3246.00,3253.00,3249.50,-1.22,98.01,-1.47,879.07
2025-12-05T02:50:46,3.58,25631,3247.00,3260.00,3250.50,-0.95,97.19,-1.32,879.04
2025-12-05T03:07:34,3.58,25631,3246.00,3257.00,3253.00,-1.34,98.22,-1.33,878.73
2025-12-05T03:24:21,3.58,25631,3247.00,3258.00,3254.00,-1.15,98.42,-1.30,878.21
2025-12-05T03:41:09,3.58,25631,3247.00,3263.00,3261.00,-0.85,98.01,-1.16,877.77
2025-12-05T03:57:57,3.58,25631,3245.00,3261.00,3251.50,-0.81,97.92,-1.04,877.56
2025-12-05T04:14:44,3.58,25631,3243.00,3256.00,3249.50,-0.81,97.98,-1.01,877.10
2025-12-05T04:31:32,3.58,25631,3250.00,3254.00,3251.00,-0.85,97.96,-0.95,876.76
2025-12-05T04:48:20,3.58,25631,3261.00,3268.00,3263.00,-0.87,98.09,-0.96,876.27
2025-12-05T05:05:07,3.58,25631,3256.00,3271.00,3263.00,-0.93,98.10,-0.97,875.72
2025-12-05T05:21:55,3.58,25631,3259.00,3269.00,3264.00,-0.95,98.04,-0.99,875.23
2025-12-05T05:38:43,3.58,25631,3266.00,3274.00,3271.50,-1.03,98.01,-0.99,874.79
2025-12-05T05:55:30,3.58,25631,3239.00,3259.00,3256.00,-1.01,97.80,-1.01,874.35
2025-12-05T06:12:18,3.58,25631,3198.00,3215.00,3210.50,-0.91,98.28,-1.02,873.93
2025-12-05T06:29:06,3.58,25631,3211.00,3233.00,3222.50,-0.77,97.44,-0.98,873.53
2025-12-05T06:45:53,3.58,25631,3291.00,3303.00,3300.50,-0.73,96.98,-0.94,873.03
2025-12-05T07:02:40,3.59,25631,3291.00,3300.00,3295.50,-0.76,97.26,-0.81,872.77
2025-12-05T07:19:28,3.58,25631,3263.00,3274.00,3267.00,-0.90,97.90,-0.87,872.37
2025-12-05T07:36:15,3.58,25631,3295.00,3302.00,3299.50,-0.83,97.80,-0.91,872.13
2025-12-05T07:53:03,3.58,25631,3275.00,3291.00,3286.50,-0.59,96.42,-0.88,871.69
2025-12-05T08:09:51,3.58,25631,3276.00,3312.00,3300.00,-0.81,97.22,-0.87,871.31
2025-12-05T08:26:38,3.58,25631,3256.00,3299.00,3286.50,-1.11,96.89,-1.01,870.93
2025-12-05T08:43:26,3.58,25631,3261.00,3290.00,3274.00,-0.98,96.52,-1.12,870.69
2025-12-05T09:00:14,3.58,25631,3249.00,3325.00,3316.00,-0.97,96.60,-1.01,870.45
2025-12-05T09:17:01,3.58,25631,3259.00,3275.00,3268.00,-0.94,96.42,-0.75,870.18
2025-12-05T09:33:49,3.58,25631,4986.00,4989.00,4987.50,-0.69,96.37,-0.31,870.03
2025-12-05T09:50:37,3.58,25631,3247.00,3255.00,3250.00,-0.56,96.07,0.08,869.96
2025-12-05T10:07:25,3.58,25631,3253.00,3260.00,3256.50,-0.50,95.81,0.58,869.72
2025-12-05T10:24:11,3.59,25631,3248.00,3257.00,3254.00,-0.26,95.73,0.96,869.52
2025-12-05T10:40:59,3.58,25631,3234.00,3246.00,3241.00,-0.22,95.86,1.38,869.29
2025-12-05T10:57:47,3.58,25631,3234.00,3255.00,3248.00,-0.08,95.45,1.63,869.06
2025-12-05T11:14:35,3.58,25631,3254.00,3265.00,3258.50,-0.25,95.18,1.76,868.87
2025-12-05T11:31:23,3.58,25631,3245.00,3264.00,3253.50,-0.23,95.59,1.88,868.88
2025-12-05T11:48:11,3.58,25631,3241.00,3256.00,3251.50,-0.19,95.02,1.93,868.60
2025-12-05T12:04:59,3.58,25631,3245.00,3257.00,3249.00,-0.22,94.39,1.97,868.37
2025-12-05T12:21:46,3.58,25631,3249.00,3254.00,3251.50,-0.28,94.85,1.77,868.39
2025-12-05T12:38:34,3.58,25631,3249.00,3254.00,3252.00,-0.26,95.03,1.87,868.25
2025-12-05T12:55:22,3.58,25631,3246.00,3257.00,3252.00,-0.28,94.75,1.89,867.94
2025-12-05T13:12:10,3.58,25631,3251.00,3259.00,3253.00,-0.22,94.70,1.93,867.93
2025-12-05T13:28:58,3.58,25631,3249.00,3258.00,3253.50,-0.23,94.07,1.79,867.88
2025-12-05T13:45:46,3.58,25631,3249.00,3258.00,3253.00,-0.19,94.26,1.57,867.75
2025-12-05T14:02:33,3.58,25631,3249.00,3255.00,3251.50,-0.30,94.11,1.42,867.74
2025-12-05T14:19:21,3.58,25631,3247.00,3256.00,3252.50,-0.15,94.21,1.44,867.63
2025-12-05T14:36:09,3.58,25631,3250.00,3254.00,3251.50,-0.30,94.86,1.04,867.51
2025-12-05T14:52:57,3.58,25631,3245.00,3255.00,3252.00,-0.48,94.48,0.63,867.54
2025-12-05T15:09:45,3.58,25631,3246.00,3254.00,3250.00,-0.49,94.27,0.31,867.57
2025-12-05T15:26:33,3.58,25631,3248.00,3254.00,3252.00,-0.43,94.24,0.22,867.48
2025-12-05T15:43:20,3.58,25631,3245.00,3256.00,3250.00,-0.50,94.34,0.10,867.48
2025-12-05T16:00:07,3.58,25631,3248.00,3255.00,3251.00,-0.79,94.06,-0.36,867.40
2025-12-05T16:16:55,3.58,25631,3242.00,3251.00,3247.50,-0.87,94.64,-0.79,867.33
2025-12-05T16:33:43,3.58,25631,3245.00,3254.00,3249.50,-0.93,94.46,-1.02,867.30
2025-12-05T16:50:30,3.58,25631,3242.00,3251.00,3245.50,-1.08,95.88,-1.22,867.49
2025-12-05T17:07:18,3.58,25631,3244.00,3250.00,3246.50,-1.09,95.48,-1.33,867.51
2025-12-05T17:24:06,3.58,25631,3240.00,3254.00,3247.00,-1.14,95.20,-1.39,867.51
2025-12-05T17:40:53,3.58,25631,3243.00,3248.00,3247.00,-1.16,94.84,-1.57,867.49
2025-12-05T17:57:41,3.58,25631,3244.00,3251.00,3248.00,-1.11,94.81,-1.49,867.66
2025-12-05T18:14:29,3.58,25631,3246.00,3251.00,3248.00,-0.91,93.94,-1.32,867.67
2025-12-05T18:31:16,3.58,25631,3245.00,3254.00,3250.00,-1.03,94.42,-1.30,867.62
2025-12-05T18:48:04,3.58,25631,3247.00,3255.00,3251.00,-1.24,95.87,-1.38,867.55
2025-12-05T19:04:52,3.58,25631,3247.00,3254.00,3250.00,-1.55,96.57,-1.66,867.35
2025-12-05T19:21:39,3.58,25631,3244.00,3252.00,3247.00,-1.32,95.22,-1.87,867.39
2025-12-05T19:38:27,3.58,25631,3243.00,3253.00,3248.50,-1.24,95.12,-1.71,867.40
2025-12-05T19:55:15,3.58,25631,3247.00,3256.00,3252.00,-1.53,95.17,-1.87,867.42
2025-12-05T20:12:02,3.58,25631,3248.00,3254.00,3250.50,-1.84,95.14,-2.12,867.50
2025-12-05T20:28:48,3.58,25631,3246.00,3254.00,3248.00,-1.93,96.08,-2.24,867.49
2025-12-05T20:45:36,3.58,25631,3246.00,3254.00,3249.50,-1.70,96.43,-2.23,867.55
2025-12-05T21:02:23,3.58,25631,3244.00,3253.00,3248.50,-1.64,96.46,-2.08,867.55
2025-12-05T21:19:11,3.58,25631,3246.00,3253.00,3249.50,-1.69,96.34,-2.05,867.63
2025-12-05T21:35:59,3.58,25631,3245.00,3253.00,3250.50,-1.60,96.16,-1.97,867.71
2025-12-05T21:52:46,3.58,25631,3248.00,3256.00,3253.00,-1.70,97.70,-1.85,867.84
2025-12-05T22:09:34,3.58,25631,3248.00,3253.00,3249.50,-1.73,98.15,-1.79,867.72
2025-12-05T22:26:22,3.58,25631,3246.00,3256.00,3249.00,-1.77,98.33,-1.81,867.62
2025-12-05T22:43:09,3.58,25631,3247.00,3253.00,3250.50,-1.94,98.36,-1.92,867.59
2025-12-05T22:59:57,3.58,25631,3248.00,3257.00,3254.00,-1.93,98.35,-2.05,867.45
2025-12-05T23:16:45,3.58,25631,3244.00,3254.00,3247.00,-2.25,98.30,-2.39,867.29
2025-12-05T23:33:32,3.58,25631,3238.00,3250.00,3243.00,-2.09,98.45,-2.50,867.18
2025-12-05T23:50:20,3.57,25631,3246.00,3254.00,3251.50,-2.17,97.31,-2.72,867.05
2025-12-06T00:07:07,3.58,25631,3233.00,3247.00,3243.00,-2.19,97.29,-2.97,867.22
2025-12-06T00:23:55,3.58,25631,3238.00,3250.00,3244.50,-2.41,97.40,-3.04,867.31
2025-12-06T00:40:43,3.57,25631,3243.00,3254.00,3249.50,-2.15,97.98,-2.73,867.32
2025-12-06T00:57:30,3.57,25631,3242.00,3253.00,3247.00,-2.18,98.16,-2.55,867.11
2025-12-06T01:14:18,3.57,25631,3242.00,3253.00,3248.00,-1.94,98.17,-2.34,867.09
2025-12-06T01:31:05,3.57,25631,3245.00,3253.00,3250.00,-1.90,97.84,-2.20,867.13
2025-12-06T01:47:53,3.57,25631,3246.00,3254.00,3251.00,-1.80,97.61,-2.10,867.20
2025-12-06T02:04:40,3.57,25631,3248.00,3259.00,3254.00,-1.94,97.44,-2.06,867.02
2025-12-06T02:21:27,3.57,25631,3250.00,3258.00,3252.00,-2.01,97.00,-2.22,866.87
2025-12-06T02:38:15,3.58,25631,3249.00,3259.00,3253.00,-1.93,96.51,-2.21,866.86
2025-12-06T02:55:02,3.58,25631,3244.00,3260.00,3253.00,-1.95,96.92,-2.29,866.99
2025-12-06T03:11:50,3.57,25631,3248.00,3257.00,3252.50,-1.79,96.79,-2.12,867.05
2025-12-06T03:28:38,3.58,25631,3246.00,3260.00,3257.00,-1.76,97.09,-2.00,867.01
2025-12-06T03:45:25,3.58,25631,3225.00,3238.00,3228.00,-1.76,97.38,-1.93,867.09
2025-12-06T04:02:13,3.57,25631,3224.00,3233.00,3228.50,-1.83,97.88,-1.88,866.91
2025-12-06T04:19:01,3.58,25631,3217.00,3231.00,3221.50,-1.98,98.23,-1.91,866.84
2025-12-06T04:35:48,3.58,25631,3264.00,3277.00,3269.00,-2.00,98.43,-1.97,866.84
2025-12-06T04:52:36,3.58,25631,3253.00,3274.00,3266.50,-1.93,98.44,-1.94,866.76
2025-12-06T05:09:24,3.58,25631,3214.00,3232.00,3227.00,-1.97,98.50,-1.95,866.68
2025-12-06T05:26:11,3.57,25631,3248.00,3260.00,3256.00,-1.84,98.51,-1.86,866.67
2025-12-06T05:42:59,3.58,25631,3280.00,4988.00,4986.00,-2.12,98.42,-1.97,866.69
2025-12-06T05:59:46,3.57,25631,3250.00,3260.00,3255.00,-2.17,98.42,-2.08,866.75
2025-12-06T06:16:34,3.57,25631,3209.00,3222.00,3217.50,-2.02,98.41,-2.07,866.77
2025-12-06T06:33:21,3.58,25631,3222.00,3261.00,3245.50,-2.02,98.36,-2.03,866.64
2025-12-06T06:50:08,3.57,25631,3223.00,3242.00,3234.50,-2.07,98.40,-2.04,866.62
2025-12-06T07:06:56,3.58,25631,3222.00,3237.00,3233.00,-1.87,98.43,-1.99,866.49
2025-12-06T07:23:44,3.57,25631,3233.00,3245.00,3238.00,-1.55,98.46,-1.72,866.53
2025-12-06T07:40:31,3.57,25631,3179.00,3230.00,3195.50,-1.83,98.40,-1.71,866.55
2025-12-06T07:57:19,3.58,25631,3257.00,4988.00,3273.50,-2.19,98.35,-1.96,866.79
2025-12-06T08:14:07,3.58,25631,3214.00,3228.00,3220.50,-1.71,98.37,-1.85,867.11
2025-12-06T08:30:54,3.57,25631,3219.00,3224.00,3220.50,-2.00,98.21,-1.89,867.30
2025-12-06T08:47:41,3.58,25631,3208.00,3224.00,3217.50,-1.98,98.21,-1.92,867.35
2025-12-06T09:04:28,3.57,25631,3212.00,3222.00,3216.00,-2.18,97.78,-2.02,867.58
2025-12-06T09:21:16,3.58,25631,3216.00,3222.00,3219.00,-2.04,98.06,-1.79,867.66
2025-12-06T09:38:04,3.57,25631,3210.00,3217.00,3214.00,-2.01,98.01,-1.53,867.82
2025-12-06T09:54:51,3.57,25631,3211.00,3219.00,3215.00,-1.94,97.96,-1.09,867.94
2025-12-06T10:11:39,3.58,25631,3211.00,3222.00,3216.50,-1.97,97.96,-1.03,867.96
2025-12-06T10:28:27,3.57,25631,3227.00,3230.00,3228.00,-1.87,98.10,-0.95,868.07
2025-12-06T10:45:15,3.58,25631,3161.00,3176.00,3169.00,-1.73,98.10,-0.42,868.30
2025-12-06T11:02:02,3.58,25631,3168.00,3186.00,3176.50,-1.88,98.01,-0.01,868.47
2025-12-06T11:18:50,3.57,25631,3181.00,3198.00,3186.00,-1.83,98.05,0.40,868.72
2025-12-06T11:35:38,3.58,25631,3156.00,3193.00,3177.00,-1.46,97.64,2.31,868.91
2025-12-06T11:52:26,3.57,25631,3185.00,3211.00,3191.50,-1.12,97.32,3.28,869.13
2025-12-06T12:09:14,3.57,25631,3175.00,3182.00,3178.50,-1.56,97.12,1.61,868.94
2025-12-06T12:26:02,3.57,25631,3199.00,3214.00,3207.00,-1.05,97.59,2.91,869.24
2025-12-06T12:42:49,3.57,25631,3168.00,3179.00,3173.50,-1.39,97.33,1.91,869.11
2025-12-06T12:59:37,3.57,25631,3204.00,4989.00,3226.50,-1.67,97.50,0.85,869.46
2025-12-06T13:16:25,3.57,25631,3208.00,3227.00,3215.00,-1.66,97.92,0.39,869.59
2025-12-06T13:33:13,3.57,25631,3186.00,3203.00,3197.50,-1.59,97.64,0.86,869.61
2025-12-06T13:50:01,3.57,25631,3185.00,3194.00,3188.50,-1.94,98.02,-0.31,869.79
2025-12-06T14:06:48,3.57,25631,3189.00,3212.00,3194.00,-1.98,98.04,-0.56,870.00
2025-12-06T14:23:36,3.57,25631,3163.00,3190.00,3174.50,-2.05,97.86,-0.49,870.34
2025-12-06T14:40:24,3.57,25631,3173.00,3189.00,3184.00,-2.14,97.39,-0.88,870.56
2025-12-06T14:57:12,3.58,25631,3146.00,3172.00,3165.50,-2.00,96.97,-0.82,870.75
2025-12-06T15:13:59,3.57,25631,3145.00,3169.00,3159.50,-2.08,97.94,-1.20,870.89
2025-12-06T15:30:46,3.58,25631,3201.00,3209.00,3206.50,-2.17,98.05,-1.41,870.99
2025-12-06T15:47:34,3.57,25631,3112.00,3143.00,3127.50,-2.17,98.09,-1.72,871.18
2025-12-06T16:04:21,3.57,25631,3180.00,3199.00,3194.00,-2.15,98.27,-1.91,871.25
2025-12-06T16:21:09,3.57,25631,3181.00,3189.00,3186.00,-2.12,98.32,-2.02,871.41
2025-12-06T16:37:57,3.57,25631,3152.00,3215.00,3186.00,-2.07,98.22,-2.06,871.70
2025-12-06T16:54:44,3.58,25631,3144.00,3165.00,3157.00,-2.12,98.28,-2.10,871.76
2025-12-06T17:11:32,3.57,25631,3151.00,3165.00,3158.00,-2.18,97.82,-2.18,871.62
2025-12-06T17:28:19,3.57,25631,3152.00,3164.00,3154.50,-2.25,96.74,-2.37,872.23
2025-12-06T17:45:07,3.57,25631,3156.00,3163.00,3159.00,-2.29,96.64,-2.40,872.35
2025-12-06T18:01:55,3.58,25631,3146.00,3163.00,3150.00,-2.32,96.57,-2.43,872.25
2025-12-06T18:18:42,3.58,25631,3128.00,3160.00,3146.00,-2.41,96.54,-2.53,872.05
2025-12-06T18:35:30,3.57,25631,3138.00,3152.00,3147.50,-2.35,96.57,-2.51,872.00
2025-12-06T18:52:17,3.57,25631,3151.00,3159.00,3157.50,-2.19,96.36,-2.42,872.05
2025-12-06T19:09:05,3.58,25631,3154.00,3166.00,3160.00,-2.36,97.05,-2.37,871.94
2025-12-06T19:25:53,3.58,25631,3155.00,3164.00,3160.00,-2.52,97.70,-2.57,871.93
2025-12-06T19:42:40,3.57,25631,3154.00,3166.00,3161.00,-2.44,98.09,-2.56,871.89
2025-12-06T19:59:28,3.57,25631,3157.00,3171.00,3165.50,-2.55,97.92,-2.65,871.65
2025-12-06T20:16:15,3.58,25631,3156.00,3170.00,3163.00,-2.44,98.02,-2.60,871.64
2025-12-06T20:33:03,3.57,25631,3152.00,3169.00,3164.50,-2.41,97.96,-2.52,871.60
2025-12-06T20:49:51,3.57,25631,3156.00,3168.00,3162.50,-2.35,97.66,-2.54,871.45
2025-12-06T21:06:37,3.57,25631,3155.00,3165.00,3160.50,-2.46,97.58,-2.68,871.34
2025-12-06T21:23:25,3.57,25631,3155.00,3168.00,3163.00,-2.39,97.53,-2.58,871.17
2025-12-06T21:40:12,3.58,25631,3157.00,3173.00,3161.00,-2.39,97.66,-2.55,871.25
2025-12-06T21:57:00,3.57,25631,3157.00,3171.00,3163.50,-2.36,97.59,-2.51,871.19
2025-12-06T22:13:48,3.57,25631,3159.00,3176.00,3166.00,-2.32,97.77,-2.49,871.21
2025-12-06T22:30:35,3.57,25631,3153.00,3172.00,3166.50,-2.22,97.82,-2.40,871.05
2025-12-06T22:47:23,3.57,25631,3155.00,3173.00,3169.00,-2.38,97.76,-2.46,870.69
2025-12-06T23:04:10,3.58,25631,3152.00,3164.00,3159.00,-2.36,97.69,-2.53,869.81
2025-12-06T23:20:58,3.57,25631,3156.00,3172.00,3164.00,-2.21,97.00,-2.43,869.73
2025-12-06T23:37:46,3.58,25631,3201.00,3246.00,3235.50,-2.21,97.47,-2.31,869.46
2025-12-06T23:54:33,3.58,25631,3190.00,3204.00,3196.50,-2.15,98.02,-2.26,869.52
2025-12-07T00:11:21,3.57,25631,3179.00,3195.00,3191.50,-2.04,98.23,-2.14,869.58
2025-12-07T00:28:09,3.57,25631,4986.00,4988.00,4988.00,-1.95,98.28,-2.08,869.13
2025-12-07T00:44:56,3.57,25631,3171.00,3184.00,3178.00,-1.91,98.13,-1.99,868.42
2025-12-07T01:01:44,3.57,25631,3204.00,4989.00,3234.50,-1.94,98.09,-1.99,867.99
2025-12-07T01:18:31,3.57,25631,4987.00,4989.00,4988.00,-2.00,98.08,-2.00,867.66
2025-12-07T01:35:17,3.58,25631,3173.00,4987.00,3181.50,-2.04,98.10,-2.02,867.13
2025-12-07T01:52:05,3.57,25631,3164.00,3168.00,3166.00,-1.83,98.38,-1.93,866.93
2025-12-07T02:08:52,3.58,25631,3133.00,3192.00,3145.00,-1.66,98.45,-1.83,866.81
2025-12-07T02:25:40,3.57,25631,3101.00,3116.00,3108.00,-1.46,98.53,-1.65,866.94
2025-12-07T02:42:28,3.57,25631,3105.00,3118.00,3111.50,-1.48,98.57,-1.54,866.95
2025-12-07T02:59:15,3.57,25631,3075.00,3096.00,3085.50,-1.50,98.57,-1.52,866.67
2025-12-07T03:16:03,3.57,25631,3091.00,3107.00,3095.50,-1.46,98.59,-1.52,866.44
2025-12-07T03:32:51,3.58,25631,3079.00,3117.00,3101.50,-1.49,98.56,-1.50,866.18
2025-12-07T03:49:38,3.57,25631,3081.00,3098.00,3088.50,-1.49,98.60,-1.50,865.80
2025-12-07T04:06:26,3.58,25631,3072.00,3083.00,3077.50,-1.43,98.62,-1.49,865.67
2025-12-07T04:23:14,3.57,25631,3058.00,4988.00,4987.50,-1.36,98.65,-1.46,865.05
2025-12-07T04:40:01,3.57,25631,3071.00,3086.00,3080.50,-1.32,98.67,-1.42,864.94
2025-12-07T04:56:49,3.57,25631,3082.00,3091.00,3085.00,-1.35,98.66,-1.40,864.72
2025-12-07T05:13:37,3.57,25631,3087.00,3093.00,3090.50,-1.39,98.66,-1.41,864.44
2025-12-07T05:30:24,3.57,25631,3089.00,3097.00,3092.00,-1.42,98.67,-1.45,864.28
2025-12-07T05:47:12,3.57,25631,3080.00,3087.00,3082.50,-1.46,98.62,-1.47,863.68
2025-12-07T06:04:00,3.57,25631,3071.00,3083.00,3075.00,-1.36,98.66,-1.46,863.17
2025-12-07T06:20:47,3.57,25631,3072.00,3077.00,3074.00,-1.39,98.63,-1.47,862.95
2025-12-07T06:37:35,3.57,25631,4986.00,4989.00,4987.00,-1.32,98.72,-1.41,862.75
2025-12-07T06:54:23,3.58,25631,3081.00,4988.00,4987.00,-1.21,98.74,-1.29,862.80
2025-12-07T07:11:09,3.57,25631,3087.00,4988.00,4987.50,-1.21,98.74,-1.23,862.89
2025-12-07T07:27:57,3.57,25631,3028.00,4986.00,3036.50,-1.32,98.73,-1.27,863.09
2025-12-07T07:44:45,3.58,25631,3036.00,4988.00,3060.50,-1.52,98.63,-1.38,863.22
2025-12-07T08:01:32,3.57,25631,3015.00,3033.00,3026.50,-1.76,98.57,-1.55,863.26
2025-12-07T08:18:20,3.57,25631,2987.00,4988.00,3022.00,-1.76,98.55,-1.63,863.63
2025-12-07T08:35:08,3.57,25631,2990.00,3019.00,3008.00,-1.94,98.48,-1.76,864.06
2025-12-07T08:51:55,3.57,25631,3019.00,3025.00,3021.50,-2.26,98.35,-1.85,864.29
2025-12-07T09:08:43,3.58,25631,2952.00,4987.00,2959.00,-2.05,98.44,-1.88,864.79
2025-12-07T09:25:31,3.57,25631,2993.00,3012.00,3009.00,-1.90,98.35,-1.55,864.98
2025-12-07T09:42:18,3.57,25631,2992.00,3031.00,3006.50,-1.93,98.29,-1.09,864.91
2025-12-07T09:59:06,3.57,25631,2970.00,3014.00,2985.50,-1.79,98.29,-0.44,864.96
2025-12-07T10:15:54,3.58,25631,2958.00,3005.00,2972.00,-1.81,98.16,-0.64,864.93
2025-12-07T10:32:40,3.57,25631,3019.00,3044.00,3025.00,-1.94,98.24,-0.63,864.95
2025-12-07T10:49:28,3.58,25631,3029.00,3039.00,3032.00,-1.81,98.31,-0.72,865.03
2025-12-07T11:06:16,3.57,25631,3001.00,3031.00,3028.50,-1.80,98.30,-0.76,864.88
2025-12-07T11:23:04,3.57,25631,2994.00,4989.00,4987.00,-1.76,98.27,-0.36,864.81
2025-12-07T11:39:51,3.57,25631,4987.00,4989.00,4988.00,-1.84,98.20,-0.39,864.73
2025-12-07T11:56:39,3.58,25631,3001.00,3024.00,3015.00,-1.76,98.28,-0.24,864.69
2025-12-07T12:13:27,3.57,25631,3010.00,3026.00,3018.00,-1.81,98.27,-0.50,864.77
2025-12-07T12:30:15,3.57,25631,2930.00,2997.00,2945.00,-1.73,98.19,-0.03,864.32
2025-12-07T12:47:02,3.57,25631,2975.00,2986.00,2979.00,-1.91,98.29,-0.61,864.33
2025-12-07T13:03:50,3.57,25631,2954.00,3020.00,2979.00,-1.90,98.24,-0.55,864.25
2025-12-07T13:20:38,3.57,25631,2968.00,2976.00,2972.50,-1.77,98.30,-0.68,864.03
2025-12-07T13:37:25,3.58,25631,2989.00,2994.00,2992.50,-1.81,98.26,-0.61,863.90
2025-12-07T13:54:13,3.57,25631,2951.00,2977.00,2970.00,-1.91,98.29,-0.90,863.65
2025-12-07T14:11:01,3.58,25631,2942.00,2958.00,2948.50,-2.04,98.27,-1.20,863.90
2025-12-07T14:27:48,3.57,25631,2916.00,2959.00,2950.50,-2.02,98.29,-1.20,863.68
2025-12-07T14:44:36,3.58,25631,2949.00,2955.00,2951.00,-1.88,98.34,-1.12,863.54
2025-12-07T15:01:24,3.57,25631,2947.00,2954.00,2948.50,-1.97,98.26,-1.23,863.78
2025-12-07T15:18:11,3.58,25631,2934.00,2944.00,2938.00,-2.38,98.12,-1.55,863.77
2025-12-07T15:34:59,3.57,25631,2918.00,2932.00,2929.00,-2.00,98.40,-1.79,864.00
2025-12-07T15:51:47,3.57,25631,2928.00,2942.00,2938.00,-2.07,98.31,-1.88,863.79
2025-12-07T16:08:33,3.57,25631,2906.00,2917.00,2912.00,-2.02,98.37,-1.98,863.70
2025-12-07T16:25:21,3.58,25631,2887.00,2893.00,2890.00,-2.11,98.29,-2.02,863.83
2025-12-07T16:42:09,3.57,25631,2859.00,2879.00,2871.00,-2.08,98.32,-2.07,864.02
2025-12-07T16:58:56,3.58,25631,2805.00,2834.00,2826.50,-2.15,98.32,-2.10,863.78
2025-12-07T17:15:44,3.57,25631,2820.00,2826.00,2824.00,-2.08,98.33,-2.06,863.86
2025-12-07T17:32:32,3.57,25631,2814.00,2823.00,2817.50,-2.28,98.27,-2.16,863.78
2025-12-07T17:49:19,3.57,25631,2806.00,2827.00,2808.50,-2.17,98.31,-2.18,863.71
2025-12-07T18:06:07,3.57,25631,2802.00,2810.00,2804.50,-2.12,98.27,-2.14,863.66
2025-12-07T18:22:55,3.58,25631,2798.00,2813.00,2807.00,-1.87,98.39,-2.04,863.83
2025-12-07T18:39:42,3.58,25631,2802.00,2807.00,2804.00,-2.25,98.20,-2.02,864.64
2025-12-07T18:56:30,3.57,25631,2800.00,2809.00,2805.50,-2.26,98.32,-2.18,864.70
2025-12-07T19:13:17,3.57,25631,2811.00,2823.00,2815.50,-2.05,98.31,-2.11,865.02
2025-12-07T19:30:05,3.57,25631,2792.00,2827.00,2816.00,-2.12,98.28,-2.08,864.83
2025-12-07T19:46:53,3.58,25631,2351.00,2813.00,2808.50,-2.11,98.29,-2.10,864.90
2025-12-07T20:03:40,3.58,25631,2437.00,2830.00,2815.50,-2.14,98.21,-2.09,865.13
2025-12-07T20:20:28,3.57,25631,498.00,4988.00,2818.50,-2.09,98.18,-2.09,865.06
2025-12-07T20:37:14,3.57,25631,2807.00,2824.00,2811.00,-2.09,98.22,-2.06,865.17
2025-12-07T20:54:02,3.58,25631,2815.00,2819.00,2817.00,-2.22,98.14,-2.11,865.45
2025-12-07T21:10:50,3.57,25631,2790.00,4987.00,2813.00,-2.18,98.10,-2.15,865.63
2025-12-07T21:27:37,3.58,25631,2798.00,2817.00,2811.00,-2.21,98.09,-2.13,865.86
2025-12-07T21:44:25,3.57,25631,2804.00,2826.00,2814.00,-2.19,98.10,-2.15,866.11
2025-12-07T22:01:13,3.57,25631,2749.00,2766.00,2758.50,-2.14,98.17,-2.14,866.26
2025-12-07T22:18:00,3.57,25631,2766.00,4989.00,2781.50,-2.24,98.27,-2.18,865.91
2025-12-07T22:34:48,3.58,25631,2767.00,2785.00,2777.50,-2.18,98.17,-2.18,866.31
2025-12-07T22:51:34,3.58,25631,2776.00,2790.00,2782.00,-2.19,98.27,-2.16,866.36
2025-12-07T23:08:22,3.58,25631,2773.00,4988.00,2805.00,-2.14,98.32,-2.16,866.51
2025-12-07T23:25:10,3.58,25631,2782.00,2818.00,2787.50,-2.08,98.29,-2.14,866.54
2025-12-07T23:41:57,3.57,25631,2748.00,4988.00,2788.50,-2.09,98.34,-2.13,866.94
2025-12-07T23:58:45,3.57,25631,2759.00,2773.00,2765.00,-1.88,98.36,-2.05,866.76
2025-12-08T00:15:33,3.57,25631,2753.00,2793.00,2764.00,-1.83,98.40,-1.93,866.73
2025-12-08T00:32:20,3.57,25631,2746.00,2780.00,2750.50,-1.71,98.40,-1.83,866.70
2025-12-08T00:49:08,3.57,25631,2760.00,2785.00,2771.50,-1.62,98.48,-1.76,866.70
2025-12-08T01:05:55,3.58,25631,2762.00,2773.00,2767.50,-1.62,98.46,-1.67,866.50
2025-12-08T01:22:43,3.57,25631,2722.00,4987.00,3877.00,-1.73,98.46,-1.74,866.43
2025-12-08T01:39:31,3.58,25631,2770.00,2787.00,2780.00,-1.53,98.51,-1.64,866.34
2025-12-08T01:56:18,3.57,25631,2754.00,2782.00,2762.50,-1.50,98.59,-1.56,866.16
2025-12-08T02:13:05,3.57,25631,2757.00,2770.00,2760.50,-1.46,98.56,-1.50,865.97
2025-12-08T02:29:53,3.57,25631,2742.00,2750.00,2745.00,-1.39,98.65,-1.49,865.74
2025-12-08T02:46:40,3.57,25631,2730.00,2739.00,2738.00,-1.19,98.71,-1.37,865.32
2025-12-08T03:03:28,3.58,25631,2718.00,2733.00,2728.00,-1.07,98.80,-1.23,865.05
2025-12-08T03:20:16,3.57,25631,2726.00,2748.00,2733.50,-1.67,98.56,-1.32,864.96
2025-12-08T03:37:03,3.57,25631,4986.00,4988.00,4986.00,-1.25,98.73,-1.40,864.88
2025-12-08T03:53:51,3.57,25631,2726.00,2769.00,2737.50,-1.52,98.61,-1.38,864.63
2025-12-08T04:10:39,3.57,25631,2722.00,4989.00,3864.00,-1.45,98.64,-1.44,864.42
2025-12-08T04:27:26,3.57,25631,2691.00,2707.00,2699.00,-1.41,98.67,-1.45,864.17
2025-12-08T04:44:14,3.57,25631,2686.00,2693.00,2689.50,-1.55,98.66,-1.47,864.05
2025-12-08T05:01:02,3.57,25631,2688.00,2708.00,2691.50,-1.55,98.64,-1.51,863.90
2025-12-08T05:17:49,3.57,25631,2701.00,2715.00,2707.50,-1.43,98.66,-1.49,863.56
2025-12-08T05:34:37,3.57,25631,2680.00,4987.00,2690.50,-1.38,98.71,-1.42,863.19
2025-12-08T05:51:25,3.57,25631,2691.00,2702.00,2696.50,-1.42,98.68,-1.41,862.95
2025-12-08T06:08:12,3.57,25631,2667.00,4989.00,2684.50,-1.36,98.70,-1.41,862.74
2025-12-08T06:25:00,3.58,25631,2674.00,2688.00,2686.50,-1.34,98.74,-1.37,862.58
2025-12-08T06:41:47,3.57,25631,2678.00,2687.00,2682.50,-1.31,98.75,-1.34,862.25
2025-12-08T06:58:34,3.58,25631,4986.00,4989.00,4988.00,-1.31,98.76,-1.32,862.00
2025-12-08T07:15:22,3.58,25631,2661.00,2683.00,2671.00,-1.36,98.75,-1.34,861.64
2025-12-08T07:32:09,3.57,25631,2670.00,2696.00,2672.50,-1.38,98.75,-1.35,861.40
2025-12-08T07:48:57,3.58,25631,2682.00,2700.00,2690.50,-1.38,98.75,-1.36,861.11
2025-12-08T08:05:45,3.58,25631,2685.00,2725.00,2692.00,-1.38,98.75,-1.39,860.73
2025-12-08T08:22:32,3.57,25631,2655.00,2679.00,2658.00,-1.50,98.71,-1.42,860.28
2025-12-08T08:39:20,3.57,25631,2626.00,2654.00,2639.50,-1.55,98.70,-1.47,859.78
2025-12-08T08:56:08,3.57,25631,2660.00,4988.00,2673.50,-1.55,98.69,-1.49,859.45
2025-12-08T09:12:55,3.57,25631,2651.00,2670.00,2660.00,-1.58,98.61,-1.45,859.09
2025-12-08T09:29:43,3.57,25631,2662.00,2671.00,2666.00,-1.63,98.59,-1.41,858.72
2025-12-08T09:46:30,3.57,25631,2646.00,4987.00,2663.50,-1.67,98.56,-1.41,858.29
2025-12-08T10:03:18,3.57,25631,2663.00,2678.00,2669.00,-1.64,98.60,-1.29,857.71
2025-12-08T10:20:06,3.58,25631,2636.00,2688.00,2666.00,-1.60,98.60,-1.22,857.22
2025-12-08T10:36:53,3.58,25631,2666.00,4989.00,2701.50,-1.52,98.61,-1.03,856.86
2025-12-08T10:53:41,3.57,25631,2666.00,4987.00,2687.50,-1.53,98.63,-0.94,856.32
2025-12-08T11:10:28,3.57,25631,2624.00,4989.00,2646.00,-1.67,98.58,-1.01,855.85
2025-12-08T11:27:15,3.57,25631,2606.00,4987.00,4986.00,-1.63,98.54,-0.97,855.36
2025-12-08T11:44:03,3.57,25631,2614.00,2624.00,2619.00,-1.70,98.56,-1.07,854.96
2025-12-08T12:00:51,3.57,25631,2594.00,2632.00,2598.00,-1.74,98.53,-1.02,854.85
2025-12-08T12:17:38,3.57,25631,2585.00,4988.00,2594.50,-1.86,98.54,-1.05,854.68
2025-12-08T12:34:26,3.57,25631,2551.00,2563.00,2559.50,-1.94,98.47,-1.14,854.97
2025-12-08T12:51:14,3.57,25631,2535.00,4987.00,2569.50,-1.21,98.71,1.82,855.22
2025-12-08T13:08:01,3.57,25631,2533.00,2548.00,2541.50,-1.04,98.75,1.26,855.08
2025-12-08T13:24:49,3.57,25631,2549.00,2562.00,2554.00,-0.67,98.84,1.10,855.06
2025-12-08T13:41:37,3.58,25631,2548.00,2578.00,2570.00,-0.62,98.90,0.51,854.56
2025-12-08T13:58:25,3.57,25631,2561.00,2574.00,2567.50,-0.62,99.01,0.39,856.06
2025-12-08T14:15:12,3.57,25631,2523.00,2544.00,2535.50,-1.38,97.36,0.66,857.05
2025-12-08T14:32:00,3.57,25631,2559.00,2577.00,2564.00,-1.62,95.66,1.00,856.91
2025-12-08T14:48:48,3.57,25631,2501.00,2576.00,2519.50,-1.87,95.83,-0.36,856.91
2025-12-08T15:05:36,3.57,25631,2546.00,2568.00,2554.50,-1.73,95.60,-0.76,856.86
2025-12-08T15:22:23,3.57,25631,2537.00,2557.00,2548.50,-1.73,95.03,-1.12,856.25
2025-12-08T15:39:10,3.58,25631,2564.00,2592.00,2577.00,-2.35,97.36,-1.58,856.13
2025-12-08T15:55:57,3.58,25631,2568.00,2589.00,2582.00,-2.25,98.06,-2.01,856.27
2025-12-08T16:12:45,3.58,25631,2420.00,2576.00,2552.00,-2.07,98.15,-2.04,856.20
2025-12-08T16:29:33,3.57,25631,2569.00,4987.00,4985.00,-2.07,98.20,-2.03,856.17
2025-12-08T16:46:20,3.57,25631,2552.00,4987.00,2572.50,-2.05,98.24,-2.04,856.31
2025-12-08T17:03:08,3.58,25631,2513.00,4989.00,3775.50,-2.00,98.30,-2.03,856.13
2025-12-08T17:19:55,3.58,25631,2568.00,4988.00,4987.00,-1.76,98.40,-1.94,856.30
2025-12-08T17:36:43,3.57,25631,2537.00,4988.00,2556.50,-1.66,98.41,-1.79,856.35
2025-12-08T17:53:30,3.58,25631,2524.00,2540.00,2530.50,-1.62,98.46,-1.72,856.82
2025-12-08T18:10:18,3.57,25631,2487.00,4988.00,2519.00,-1.67,98.44,-1.69,856.94
2025-12-08T18:27:06,3.57,25631,2472.00,2513.00,2495.50,-1.73,98.47,-1.70,857.42
2025-12-08T18:43:53,3.58,25631,2489.00,4988.00,2521.50,-1.70,98.45,-1.73,857.67
2025-12-08T19:00:41,3.58,25631,4987.00,4988.00,4988.00,-1.76,98.47,-1.75,858.15
2025-12-08T19:17:28,3.57,25631,2457.00,2542.00,2474.00,-1.77,98.47,-1.79,858.38
2025-12-08T19:34:16,3.58,25631,2483.00,2492.00,2487.00,-1.74,98.49,-1.78,859.10
2025-12-08T19:51:04,3.57,25631,2450.00,2503.00,2480.00,-1.80,98.48,-1.78,859.38
2025-12-08T20:07:51,3.58,25631,2481.00,2491.00,2488.50,-1.64,98.50,-1.72,859.90
2025-12-08T20:24:39,3.57,25631,2452.00,4989.00,2463.00,-1.67,98.53,-1.69,860.14
2025-12-08T20:41:26,3.57,25631,2441.00,4988.00,2457.00,-1.60,98.56,-1.65,860.60
2025-12-08T20:58:14,3.57,25631,2433.00,4989.00,2463.00,-1.66,98.54,-1.65,860.83
2025-12-08T21:15:01,3.58,25631,2436.00,2474.00,2451.00,-1.66,98.53,-1.59,861.50
2025-12-08T21:31:48,3.58,25631,2436.00,2452.00,2441.00,-1.80,98.50,-1.66,862.15
2025-12-08T21:48:36,3.58,25631,2467.00,4988.00,2476.50,-1.88,98.47,-1.77,862.66
2025-12-08T22:05:23,3.57,25631,4987.00,4988.00,4987.50,-1.94,98.45,-1.85,863.01
2025-12-08T22:22:11,3.57,25631,2422.00,4985.00,2449.00,-2.00,98.44,-1.84,863.40
2025-12-08T22:38:59,3.58,25631,2446.00,4988.00,2503.00,-2.00,98.42,-1.89,864.12
2025-12-08T22:55:46,3.58,25631,2469.00,2494.00,2486.00,-2.04,98.39,-1.96,864.60
2025-12-08T23:12:34,3.58,25631,4987.00,4989.00,4988.00,-2.07,98.39,-2.00,864.97
2025-12-08T23:29:21,3.58,25631,2484.00,4987.00,3750.50,-2.12,98.38,-2.06,865.34
2025-12-08T23:46:09,3.58,25631,2483.00,2498.00,2494.00,-2.18,98.38,-2.11,865.84
2025-12-09T00:02:57,3.57,25631,2446.00,2476.00,2459.50,-2.22,98.33,-2.16,866.25
2025-12-09T00:19:44,3.58,25631,2447.00,2470.00,2462.00,-2.28,98.30,-2.21,866.32
2025-12-09T00:36:32,3.58,25631,2450.00,2474.00,2464.00,-2.38,98.28,-2.28,866.83
2025-12-09T00:53:19,3.57,25631,2463.00,4988.00,2492.00,-2.45,98.22,-2.36,867.03
2025-12-09T01:10:07,3.58,25631,2454.00,2461.00,2459.00,-2.50,98.22,-2.43,867.23
2025-12-09T01:26:54,3.57,25631,2447.00,4988.00,2459.50,-2.59,98.18,-2.50,867.01
2025-12-09T01:43:40,3.58,25631,2406.00,4988.00,2458.00,-2.60,98.13,-2.55,867.45
2025-12-09T02:00:27,3.57,25631,2419.00,2443.00,2432.50,-2.55,98.20,-2.57,867.71
2025-12-09T02:17:15,3.58,25631,2414.00,4988.00,2424.50,-2.45,98.19,-2.51,868.18
2025-12-09T02:34:02,3.58,25631,2422.00,2429.00,2424.50,-2.46,98.18,-2.47,868.55
2025-12-09T02:50:50,3.57,25631,2390.00,2468.00,2400.50,-2.53,98.19,-2.48,868.76
2025-12-09T03:07:38,3.58,25631,2398.00,2406.00,2402.00,-2.67,98.15,-2.57,869.19
2025-12-09T03:24:25,3.58,25631,2406.00,2428.00,2422.50,-2.60,98.16,-2.60,869.58
2025-12-09T03:41:13,3.58,25631,2399.00,2426.00,2412.00,-2.60,98.14,-2.58,869.79
2025-12-09T03:58:00,3.58,25631,2415.00,2442.00,2430.00,-2.59,98.12,-2.58,870.10
2025-12-09T04:14:48,3.58,25631,2423.00,2444.00,2432.50,-2.57,98.13,-2.58,870.44
2025-12-09T04:31:35,3.57,25631,2409.00,2421.00,2414.00,-2.57,98.14,-2.58,870.96
2025-12-09T04:48:23,3.57,25631,2402.00,2419.00,2409.50,-2.56,98.13,-2.58,871.30
2025-12-09T05:05:10,3.57,25631,2416.00,4989.00,2427.00,-2.57,98.15,-2.57,871.50
2025-12-09T05:21:58,3.58,25631,2416.00,2423.00,2419.50,-2.60,98.14,-2.59,871.75
2025-12-09T05:38:45,3.58,25631,2425.00,4989.00,4987.50,-2.63,98.11,-2.60,871.99
2025-12-09T05:55:33,3.58,25631,2416.00,2433.00,2423.00,-2.63,98.14,-2.61,872.32
2025-12-09T06:12:20,3.57,25631,2393.00,2422.00,2407.50,-2.62,98.10,-2.62,872.44
2025-12-09T06:29:08,3.58,25631,2405.00,4989.00,2429.00,-2.60,98.12,-2.61,872.72
2025-12-09T06:45:56,3.58,25631,2419.00,2431.00,2427.50,-2.56,98.13,-2.60,872.99
2025-12-09T07:02:43,3.58,25631,2427.00,2433.00,2429.00,-2.59,98.13,-2.59,873.19
2025-12-09T07:19:30,3.58,25631,2424.00,2432.00,2431.00,-2.57,98.14,-2.57,873.15
2025-12-09T07:36:17,3.57,25631,2397.00,2432.00,2414.00,-2.55,98.13,-2.56,873.18
2025-12-09T07:53:05,3.57,25631,2398.00,2427.00,2416.00,-2.49,98.13,-2.55,873.44
2025-12-09T08:09:52,3.57,25631,2401.00,2428.00,2416.00,-2.48,98.14,-2.52,873.53
2025-12-09T08:26:40,3.57,25631,2432.00,2450.00,2441.50,-2.46,98.19,-2.49,873.61
2025-12-09T08:43:27,3.58,25631,4986.00,4987.00,4987.00,-2.44,98.21,-2.42,873.82
2025-12-09T09:00:15,3.58,25631,2411.00,2435.00,2421.00,-2.39,98.18,-2.35,873.81
2025-12-09T09:17:02,3.58,25631,2427.00,4989.00,2438.50,-2.31,98.18,-2.19,873.92
2025-12-09T09:33:50,3.57,25631,2421.00,2423.00,2421.50,-2.15,98.22,-1.60,873.97
2025-12-09T09:50:38,3.57,25631,2421.00,2437.00,2426.00,-2.01,98.24,-1.12,874.03
2025-12-09T10:07:25,3.57,25631,2420.00,2429.00,2424.50,-2.00,98.26,-1.22,874.06
2025-12-09T10:24:13,3.57,25631,2421.00,2432.00,2424.00,-2.01,98.29,-1.23,874.19
2025-12-09T10:40:59,3.57,25631,2421.00,2437.00,2426.50,-1.95,98.30,-1.14,874.24
2025-12-09T10:57:47,3.57,25631,2415.00,2447.00,2439.00,-1.91,98.34,-0.84,874.23
2025-12-09T11:14:35,3.57,25631,2419.00,4989.00,3753.00,-1.77,98.37,-0.57,874.20
2025-12-09T11:20:34,3.64,25631,2418.00,2493.00,2458.00,-1.83,98.33,-0.26,874.18
2025-12-09T11:21:59,3.64,25631,2372.00,2467.00,2405.50,-1.84,98.32,-0.78,874.18
2025-12-09T11:38:47,3.64,25631,2382.00,2427.00,2397.00,-1.71,98.41,0.22,874.12
2025-12-09T11:55:35,3.64,25631,2384.00,2408.00,2397.50,-1.71,98.43,0.08,874.30
2025-12-09T12:12:23,3.64,25631,2394.00,2409.00,2404.50,-1.79,98.42,-0.14,873.90
2025-12-09T12:29:11,3.64,25631,2411.00,2420.00,2414.00,-1.67,98.46,-0.11,873.82
2025-12-09T12:45:59,3.64,25631,2400.00,2410.00,2408.00,-1.70,98.45,-0.06,873.78
2025-12-09T13:02:47,3.63,25631,2412.00,2425.00,2420.50,-1.70,98.43,0.08,873.57
2025-12-09T13:19:35,3.63,25631,2422.00,2445.00,2436.00,-1.67,98.46,0.03,873.31
2025-12-09T13:36:23,3.64,25631,2444.00,2455.00,2448.50,-1.67,98.44,-0.25,873.05
2025-12-09T13:53:11,3.64,25631,2387.00,2431.00,2401.00,-1.71,98.45,-0.34,872.80
2025-12-09T14:09:59,3.63,25631,2406.00,4986.00,2426.00,-1.74,98.43,-0.52,872.44
2025-12-09T14:26:47,3.64,25631,2388.00,2418.00,2399.00,-1.76,98.44,-0.61,872.17
2025-12-09T14:43:35,3.63,25631,2419.00,2427.00,2425.00,-1.74,98.41,-0.85,872.03
2025-12-09T15:00:23,3.64,25631,2406.00,2416.00,2412.00,-1.80,98.43,-1.05,871.71
2025-12-09T15:17:11,3.64,25631,2405.00,4989.00,3702.50,-1.79,98.46,-1.09,871.48
2025-12-09T15:33:59,3.64,25631,2403.00,2414.00,2406.50,-1.80,98.50,-1.36,871.34
2025-12-09T15:50:47,3.62,25631,2406.00,4989.00,3704.50,-1.80,98.46,-1.53,871.08
2025-12-09T16:07:35,3.63,25631,2417.00,2426.00,2422.50,-1.74,98.48,-1.64,870.80
2025-12-09T16:24:23,3.64,25631,2382.00,2459.00,2412.00,-1.67,98.54,-1.67,870.52
2025-12-09T16:41:10,3.64,25631,2367.00,2461.00,2405.00,-1.60,98.55,-1.66,870.13
2025-12-09T16:57:58,3.63,25631,2418.00,2439.00,2419.50,-1.67,98.51,-1.66,869.75
2025-12-09T17:14:46,3.63,25631,2365.00,2390.00,2376.00,-1.66,98.54,-1.67,869.50
2025-12-09T17:31:34,3.64,25631,2385.00,2396.00,2387.00,-1.64,98.55,-1.68,869.26
2025-12-09T17:48:22,3.63,25631,2383.00,2399.00,2391.50,-1.64,98.57,-1.68,869.07
2025-12-09T18:05:10,3.62,25631,2400.00,2406.00,2402.00,-1.67,98.55,-1.70,868.62
2025-12-09T18:21:58,3.63,25631,2396.00,2402.00,2399.50,-1.69,98.53,-1.71,868.20
2025-12-09T18:38:45,3.63,25631,2393.00,2403.00,2399.50,-1.71,98.52,-1.74,867.80
2025-12-09T18:55:33,3.63,25631,2363.00,4988.00,2391.00,-1.71,98.53,-1.76,867.45
2025-12-09T19:12:21,3.63,25631,2400.00,2411.00,2408.00,-1.76,98.53,-1.78,866.95
2025-12-09T19:29:09,3.63,25631,2401.00,2407.00,2402.50,-1.80,98.50,-1.79,866.67
2025-12-09T19:45:57,3.64,25631,2369.00,2421.00,2416.50,-1.74,98.53,-1.79,866.23
2025-12-09T20:02:45,3.64,25631,2406.00,4990.00,4988.00,-1.77,98.53,-1.79,865.86
2025-12-09T20:19:32,3.64,25631,2387.00,2409.00,2402.00,-1.74,98.50,-1.78,865.49
2025-12-09T20:36:19,3.63,25631,2382.00,2397.00,2393.50,-1.77,98.53,-1.78,864.98
2025-12-09T20:53:07,3.63,25631,2402.00,2417.00,2407.50,-1.69,98.51,-1.74,864.49
2025-12-09T21:09:55,3.63,25631,4986.00,4988.00,4987.00,-1.59,98.55,-1.69,863.99
2025-12-09T21:26:43,3.63,25631,2386.00,2402.00,2392.00,-1.55,98.59,-1.63,863.44
2025-12-09T21:43:31,3.63,25631,2385.00,2403.00,2395.00,-1.48,98.62,-1.57,862.98
2025-12-09T22:00:19,3.63,25631,2379.00,2400.00,2385.50,-1.39,98.67,-1.50,862.40
2025-12-09T22:17:06,3.62,25631,2359.00,2376.00,2368.50,-1.38,98.72,-1.45,862.11
2025-12-09T22:33:53,3.63,25631,2377.00,2393.00,2384.50,-1.41,98.69,-1.43,861.78
2025-12-09T22:50:41,3.62,25631,2379.00,2385.00,2381.50,-1.43,98.69,-1.46,861.40
2025-12-09T23:07:29,3.63,25631,2384.00,2390.00,2387.00,-1.43,98.68,-1.46,861.25
2025-12-09T23:24:17,3.63,25631,2211.00,2396.00,2391.50,-1.46,98.68,-1.48,860.86
2025-12-09T23:41:05,3.63,25631,2370.00,2381.00,2372.00,-1.46,98.71,-1.49,860.67
2025-12-09T23:57:53,3.63,25631,2370.00,2376.00,2373.00,-1.48,98.71,-1.50,860.56
2025-12-10T00:14:40,3.63,25631,2342.00,4988.00,2476.50,-1.49,98.67,-1.51,860.36
2025-12-10T00:31:28,3.63,25631,2360.00,2379.00,2370.00,-1.46,98.70,-1.50,860.11
2025-12-10T00:48:16,3.63,25631,2366.00,2399.00,2371.50,-1.50,98.67,-1.51,860.19
2025-12-10T01:05:04,3.63,25631,2361.00,2377.00,2365.50,-1.56,98.63,-1.55,860.43
2025-12-10T01:21:52,3.62,25631,2360.00,2367.00,2361.00,-1.59,98.61,-1.58,860.60
2025-12-10T01:38:40,3.63,25631,2368.00,2377.00,2371.00,-1.64,98.63,-1.61,860.93
2025-12-10T01:55:27,3.63,25631,2354.00,4987.00,3674.50,-1.52,98.66,-1.59,861.02
2025-12-10T02:12:14,3.62,25631,2344.00,2355.00,2348.00,-1.46,98.74,-1.54,861.42
2025-12-10T02:29:02,3.63,25631,2349.00,2360.00,2351.50,-1.58,98.63,-1.55,861.89
2025-12-10T02:45:50,3.63,25631,2343.00,2356.00,2349.00,-1.34,98.73,-1.46,862.55
2025-12-10T03:02:38,3.63,25631,2314.00,2324.00,2319.50,-1.45,98.69,-1.46,863.13
2025-12-10T03:19:26,3.62,25631,2302.00,2317.00,2304.00,-1.43,98.71,-1.46,863.51
2025-12-10T03:36:14,3.63,25631,2304.00,2316.00,2314.00,-1.21,98.86,-1.38,864.05
2025-12-10T03:53:02,3.62,25631,2327.00,2356.00,2349.00,-1.04,98.84,-1.21,864.40
2025-12-10T04:09:49,3.63,25631,2312.00,2328.00,2320.00,-0.95,98.92,-1.15,864.54
2025-12-10T04:26:37,3.62,25631,2327.00,4988.00,2342.50,-0.93,98.95,-1.05,864.76
2025-12-10T04:43:25,3.62,25631,2306.00,2329.00,2323.00,-0.91,98.98,-1.00,865.26
2025-12-10T05:00:13,3.62,25631,2319.00,2328.00,2324.00,-1.07,98.91,-1.08,865.54
2025-12-10T05:17:01,3.62,25631,2297.00,2316.00,2310.50,-1.24,98.93,-1.24,865.46
2025-12-10T05:33:49,3.63,25631,2311.00,2320.00,2314.50,-1.46,98.82,-1.37,865.71
2025-12-10T05:50:37,3.62,25631,2308.00,2322.00,2317.00,-1.52,98.75,-1.51,866.20
2025-12-10T06:07:25,3.62,25631,2324.00,2341.00,2329.00,-1.35,98.81,-1.49,866.23
2025-12-10T06:24:11,3.63,25631,2311.00,2322.00,2314.50,-1.36,98.80,-1.37,866.47
2025-12-10T06:40:59,3.63,25631,2350.00,2355.00,2352.00,-1.43,98.77,-1.41,866.70
2025-12-10T06:57:47,3.62,25631,2326.00,2349.00,2345.00,-1.56,98.72,-1.49,866.91
2025-12-10T07:14:35,3.62,25631,2309.00,2330.00,2325.00,-1.71,98.61,-1.65,866.85
2025-12-10T07:31:23,3.63,25631,2274.00,2308.00,2285.50,-1.86,98.60,-1.87,866.86
2025-12-10T07:48:10,3.62,25631,2319.00,4988.00,2339.00,-1.86,98.59,-1.89,866.73
2025-12-10T08:04:58,3.63,25631,2325.00,2336.00,2329.50,-1.83,98.54,-1.88,866.53
2025-12-10T08:21:46,3.62,25631,2327.00,4988.00,2343.00,-1.76,98.55,-1.83,866.54
2025-12-10T08:38:33,3.62,25631,2319.00,2345.00,2333.00,-1.73,98.57,-1.78,866.44
2025-12-10T08:55:21,3.62,25631,2359.00,2374.00,2368.00,-1.64,98.59,-1.67,866.42
2025-12-10T09:12:09,3.63,25631,2351.00,4988.00,2382.00,-1.63,98.58,-1.52,866.30
2025-12-10T09:28:56,3.62,25631,2328.00,2380.00,2344.50,-1.55,98.63,-1.31,866.13
2025-12-10T09:45:44,3.62,25631,2350.00,2366.00,2363.00,-1.45,98.66,-1.07,866.10
2025-12-10T10:02:32,3.62,25631,2357.00,2378.00,2361.00,-1.41,98.69,-0.98,865.93
2025-12-10T10:19:20,3.62,25631,2336.00,2348.00,2342.00,-1.39,98.69,-0.78,865.68
2025-12-10T10:36:08,3.62,25631,2337.00,2354.00,2348.50,-1.39,98.66,-0.85,865.67
2025-12-10T10:52:55,3.63,25631,2332.00,2342.00,2338.00,-1.38,98.69,-0.58,866.03
2025-12-10T11:09:43,3.62,25631,2328.00,4989.00,4986.50,-1.30,98.71,-0.06,865.88
2025-12-10T11:26:31,3.62,25631,2302.00,4988.00,2360.50,-1.25,98.68,0.33,865.39
2025-12-10T11:43:19,3.62,25631,2311.00,2359.00,2339.50,-1.15,98.81,0.03,865.27
2025-12-10T12:00:06,3.62,25631,2324.00,2332.00,2327.00,-1.08,98.83,0.01,865.53
2025-12-10T12:16:54,3.62,25631,2335.00,2353.00,2343.50,-1.52,98.61,0.22,865.06
2025-12-10T12:33:42,3.62,25631,2327.00,2335.00,2330.00,-1.36,98.72,0.13,865.04
2025-12-10T12:50:30,3.62,25631,2313.00,2327.00,2320.00,-1.59,98.58,-0.25,865.37
2025-12-10T13:07:18,3.62,25631,2299.00,4988.00,3648.50,-1.27,98.72,0.34,865.42
2025-12-10T13:24:06,3.62,25631,2295.00,2303.00,2300.00,-1.39,98.66,0.52,865.41
2025-12-10T13:40:54,3.62,25631,2296.00,2306.00,2299.50,-1.46,98.64,0.35,865.52
2025-12-10T13:57:42,3.62,25631,2296.00,2304.00,2299.00,-1.28,98.63,1.26,865.41
2025-12-10T14:14:30,3.62,25631,2286.00,2299.00,2293.50,-1.66,98.56,1.26,865.23
2025-12-10T14:31:18,3.62,25631,2281.00,2306.00,2297.50,-1.80,98.48,0.50,865.04
2025-12-10T14:48:06,3.62,25631,2294.00,2302.00,2298.00,-1.73,98.46,0.24,865.20
2025-12-10T15:04:54,3.62,25631,2299.00,2307.00,2301.00,-1.80,98.48,-0.42,865.10
2025-12-10T15:21:41,3.62,25631,2318.00,2327.00,2323.00,-1.80,98.46,-0.64,865.09
2025-12-10T15:38:29,3.62,25631,2308.00,2314.00,2312.00,-1.84,98.46,-1.13,865.32
2025-12-10T15:55:17,3.62,25631,2323.00,2344.00,2339.00,-1.90,98.45,-1.44,865.52
2025-12-10T16:12:04,3.62,25631,2329.00,2341.00,2336.00,-1.93,98.46,-1.68,865.79
2025-12-10T16:28:52,3.62,25631,2343.00,4989.00,4988.00,-1.93,98.45,-1.80,865.90
2025-12-10T16:45:40,3.63,25631,2338.00,2351.00,2347.00,-1.90,98.46,-1.86,866.01
2025-12-10T17:02:28,3.62,25631,2327.00,2333.00,2329.00,-1.88,98.50,-1.88,866.00
2025-12-10T17:19:16,3.62,25631,2313.00,2325.00,2320.00,-1.84,98.45,-1.87,866.10
2025-12-10T17:36:03,3.63,25631,2325.00,2331.00,2327.00,-1.83,98.52,-1.87,866.23
2025-12-10T17:52:51,3.62,25631,2333.00,2344.00,2338.50,-1.80,98.45,-1.84,866.39
2025-12-10T18:09:39,3.62,25631,2333.00,2354.00,2347.50,-1.76,98.48,-1.83,866.52
2025-12-10T18:26:27,3.62,25631,2292.00,2300.00,2297.00,-1.70,98.49,-1.78,866.72
2025-12-10T18:43:15,3.62,25631,2353.00,4989.00,4988.00,-1.67,98.49,-1.74,866.95
2025-12-10T19:00:02,3.62,25631,2265.00,2292.00,2284.00,-1.77,98.49,-1.76,867.24
2025-12-10T19:16:50,3.62,25631,2314.00,2323.00,2317.00,-1.80,98.50,-1.78,867.51
2025-12-10T19:33:38,3.62,25631,2308.00,2365.00,2318.00,-1.88,98.44,-1.85,867.87
2025-12-10T19:50:26,3.62,25631,2273.00,4988.00,2305.00,-1.94,98.45,-1.89,868.23
2025-12-10T20:07:14,3.62,25631,4986.00,4989.00,4988.00,-2.07,98.41,-1.98,868.72
2025-12-10T20:24:01,3.62,25631,2277.00,4986.00,2285.50,-2.28,98.33,-2.21,868.94
2025-12-10T20:40:49,3.62,25631,2341.00,4989.00,4987.00,-2.32,98.36,-2.32,869.42
2025-12-10T20:57:36,3.62,25631,2297.00,2337.00,2325.50,-2.24,98.32,-2.25,869.68
2025-12-10T21:14:24,3.62,25631,2317.00,2324.00,2319.00,-2.36,98.29,-2.31,870.23
2025-12-10T21:31:12,3.62,25631,4986.00,4989.00,4987.00,-2.39,98.27,-2.35,870.68
2025-12-10T21:47:59,3.62,25631,2304.00,2324.00,2316.50,-2.59,98.20,-2.51,871.16
2025-12-10T22:04:47,3.62,25631,2315.00,2334.00,2323.00,-2.66,98.18,-2.57,871.61
2025-12-10T22:21:35,3.62,25631,2316.00,2327.00,2323.50,-2.66,98.14,-2.60,871.98
2025-12-10T22:38:23,3.62,25631,2311.00,2328.00,2321.50,-2.76,98.16,-2.68,872.42
2025-12-10T22:55:10,3.62,25631,2320.00,2327.00,2323.00,-2.94,98.10,-2.79,872.94
2025-12-10T23:11:58,3.62,25631,2320.00,2327.00,2323.50,-3.15,97.94,-2.99,873.47
2025-12-10T23:28:46,3.62,25631,2319.00,2325.00,2321.00,-3.22,98.00,-3.12,873.79
2025-12-10T23:45:34,3.62,25631,2311.00,2324.00,2315.50,-3.16,97.94,-3.11,874.14
2025-12-11T00:02:21,3.62,25631,2281.00,2313.00,2301.00,-3.27,97.87,-3.17,874.62
2025-12-11T00:19:09,3.62,25631,2324.00,2332.00,2330.00,-3.38,97.86,-3.24,874.99
2025-12-11T00:35:57,3.62,25631,2323.00,2337.00,2331.00,-3.58,97.78,-3.41,875.29
2025-12-11T00:52:44,3.62,25631,2317.00,2331.00,2323.50,-3.83,97.71,-3.65,875.62
2025-12-11T01:09:32,3.62,25631,2314.00,2334.00,2326.50,-3.91,97.67,-3.78,875.90
2025-12-11T01:26:19,3.62,25631,2322.00,2333.00,2329.00,-4.07,97.55,-3.89,876.24
2025-12-11T01:43:07,3.62,25631,2330.00,2337.00,2333.50,-4.32,97.44,-4.09,876.51
2025-12-11T01:59:54,3.62,25631,2326.00,2340.00,2332.50,-4.28,97.47,-4.16,876.96
2025-12-11T02:16:42,3.62,25631,2284.00,4987.00,2303.50,-4.45,97.39,-4.27,877.35
2025-12-11T02:33:29,3.62,25631,2319.00,2342.00,2337.00,-4.56,97.35,-4.39,877.59
2025-12-11T02:50:17,3.62,25631,2324.00,4990.00,4989.00,-4.77,97.24,-4.56,878.05
2025-12-11T03:07:05,3.62,25631,2325.00,2336.00,2332.50,-4.95,97.22,-4.75,878.45
2025-12-11T03:23:52,3.62,25631,2327.00,2339.00,2331.00,-4.97,97.16,-4.87,878.59
2025-12-11T03:40:40,3.62,25631,2327.00,2337.00,2330.50,-5.32,97.03,-5.20,878.80
2025-12-11T03:57:28,3.62,25631,2330.00,2342.00,2333.00,-5.32,97.05,-5.35,879.13
2025-12-11T04:14:15,3.62,25631,2330.00,2340.00,2335.00,-5.48,96.98,-5.56,879.29
2025-12-11T04:31:03,3.62,25631,2330.00,2351.00,2336.00,-5.64,96.80,-5.79,879.47
2025-12-11T04:47:50,3.62,25631,2327.00,2338.00,2331.50,-5.59,96.99,-5.85,879.85
2025-12-11T05:04:38,3.62,25631,2330.00,2345.00,2334.50,-5.46,96.92,-5.71,880.08
2025-12-11T05:21:25,3.62,25631,2334.00,2349.00,2343.00,-5.58,96.96,-5.78,880.30
2025-12-11T05:38:13,3.62,25631,2320.00,2358.00,2336.50,-5.59,96.96,-5.77,880.52
2025-12-11T05:55:01,3.62,25631,2336.00,2346.00,2340.00,-5.32,97.03,-5.58,880.76
2025-12-11T06:11:48,3.62,25631,2338.00,2350.00,2344.00,-5.26,97.03,-5.47,881.09
2025-12-11T06:28:36,3.62,25631,2336.00,2349.00,2343.00,-5.25,96.95,-5.44,881.26
2025-12-11T06:45:23,3.62,25631,2339.00,2350.00,2343.50,-5.23,97.02,-5.39,881.53
2025-12-11T07:02:09,3.62,25631,2332.00,2357.00,2349.50,-5.49,96.90,-5.51,881.78
2025-12-11T07:18:56,3.62,25631,2336.00,2357.00,2344.00,-5.76,96.75,-5.69,881.84
2025-12-11T07:35:44,3.62,25631,2341.00,2356.00,2346.00,-5.87,96.65,-5.90,881.97
2025-12-11T07:52:31,3.62,25631,2331.00,2366.00,2347.00,-6.22,96.76,-6.45,882.31
2025-12-11T08:09:19,3.62,25631,2343.00,2364.00,2355.00,-6.15,96.70,-6.55,882.53
2025-12-11T08:26:07,3.62,25631,2351.00,2367.00,2357.50,-6.07,96.73,-6.61,882.84
2025-12-11T08:42:54,3.62,25631,2339.00,2374.00,2357.00,-5.97,96.72,-6.54,883.07
2025-12-11T08:59:42,3.62,25631,2343.00,4990.00,2363.00,-5.99,96.63,-6.44,883.22
2025-12-11T09:16:29,3.62,25631,2346.00,2382.00,2364.50,-6.07,96.71,-6.16,883.50
2025-12-11T09:33:17,3.62,25631,2370.00,2381.00,2373.00,-5.14,97.33,-3.27,883.95
2025-12-11T09:50:04,3.62,25631,2372.00,2386.00,2379.50,-3.81,97.54,-1.16,883.98
2025-12-11T10:06:52,3.62,25631,2365.00,2394.00,2384.00,-4.05,97.37,-1.13,884.19
2025-12-11T10:23:40,3.62,25631,2377.00,2392.00,2387.00,-4.73,96.79,-0.43,884.31
2025-12-11T10:40:28,3.62,25631,2378.00,2397.00,2391.50,-3.84,97.65,-0.18,884.52
2025-12-11T10:57:16,3.62,25631,2382.00,2395.00,2388.50,-3.98,97.28,-0.81,884.62
2025-12-11T11:14:04,3.62,25631,2384.00,2397.00,2392.50,-4.39,96.78,1.23,884.98
2025-12-11T11:30:52,3.62,25631,2387.00,2399.00,2395.50,-3.39,97.38,3.02,884.92
2025-12-11T11:47:40,3.62,25631,2388.00,2395.00,2393.00,-4.46,97.00,0.40,885.04
2025-12-11T12:04:28,3.62,25631,2383.00,2398.00,2392.50,-4.67,96.79,-0.14,885.14
2025-12-11T12:21:16,3.62,25631,2384.00,2392.00,2386.50,-4.30,96.88,1.04,885.19
2025-12-11T12:38:04,3.62,25631,2386.00,2394.00,2392.50,-4.08,96.94,2.74,885.65
2025-12-11T12:54:52,3.62,25631,2384.00,2390.00,2385.50,-4.42,96.75,0.75,885.25
2025-12-11T13:11:40,3.62,25631,2379.00,2389.00,2383.00,-5.07,96.66,-1.48,885.30
2025-12-11T13:28:28,3.62,25631,2380.00,2384.00,2382.00,-5.69,96.53,-3.08,885.32
2025-12-11T13:45:15,3.62,25631,2377.00,2386.00,2382.00,-5.79,96.68,-3.68,885.68
2025-12-11T14:02:03,3.62,25631,2377.00,2386.00,2381.50,-6.01,96.36,-3.77,885.74
2025-12-11T14:18:51,3.62,25631,2381.00,2386.00,2384.00,-5.69,96.55,-3.34,885.91
2025-12-11T14:35:38,3.62,25631,2382.00,2391.00,2387.00,-5.58,96.57,-3.25,886.01
2025-12-11T14:52:26,3.62,25631,2385.00,2393.00,2388.00,-5.77,96.48,-3.63,885.94
2025-12-11T15:09:14,3.61,25631,2380.00,2391.00,2387.00,-6.09,96.26,-4.03,886.01
2025-12-11T15:26:02,3.62,25631,2383.00,2390.00,2387.00,-6.42,96.26,-4.46,886.25
2025-12-11T15:42:49,3.61,25631,2380.00,2390.00,2383.00,-6.63,96.31,-5.03,886.30
2025-12-11T15:59:35,3.62,25631,2384.00,2393.00,2388.00,-6.66,96.27,-5.56,886.25
2025-12-11T16:16:23,3.62,25631,2385.00,2395.00,2389.00,-7.02,96.06,-6.16,886.35
2025-12-11T16:33:10,3.62,25631,2382.00,2395.00,2385.50,-7.50,95.82,-6.93,886.48
2025-12-11T16:49:58,3.62,25631,2383.00,2393.00,2387.50,-7.71,96.06,-7.49,886.46
2025-12-11T17:06:45,3.62,25631,2382.00,2392.00,2387.00,-8.02,95.63,-7.89,886.53
2025-12-11T17:23:33,3.61,25631,2381.00,2389.00,2385.00,-8.45,95.50,-8.17,886.56
2025-12-11T17:40:20,3.62,25631,2380.00,2390.00,2384.00,-8.43,96.00,-8.35,886.68
2025-12-11T17:57:07,3.61,25631,2381.00,2395.00,2385.50,-8.02,95.94,-8.36,886.72
2025-12-11T18:13:55,3.61,25631,2379.00,2392.00,2383.00,-8.36,95.66,-8.47,886.77
2025-12-11T18:30:42,3.61,25631,2380.00,2388.00,2384.50,-8.50,95.66,-8.54,886.71
2025-12-11T18:47:30,3.61,25631,2383.00,2392.00,2387.00,-8.47,95.69,-8.48,886.58
2025-12-11T19:04:17,3.62,25631,2385.00,2398.00,2390.50,-8.40,95.77,-8.42,886.73
2025-12-11T19:21:05,3.61,25631,2383.00,2393.00,2387.00,-8.25,95.89,-8.45,886.63
2025-12-11T19:37:52,3.62,25631,2377.00,2392.00,2386.00,-8.46,95.87,-8.54,886.79
2025-12-11T19:54:39,3.61,25631,2389.00,2398.00,2392.00,-8.15,95.73,-8.46,886.91
2025-12-11T20:11:27,3.61,25631,2382.00,2395.00,2393.00,-8.36,95.59,-8.46,887.02
2025-12-11T20:28:14,3.62,25631,2385.00,2393.00,2390.00,-8.33,95.77,-8.37,887.08
2025-12-11T20:45:02,3.62,25631,2386.00,2401.00,2394.50,-8.21,95.69,-8.27,887.23
2025-12-11T21:01:49,3.61,25631,2391.00,2403.00,2394.50,-8.32,95.63,-8.32,887.33
2025-12-11T21:18:37,3.60,25631,2390.00,2401.00,2393.50,-8.17,95.74,-8.24,887.26
2025-12-11T21:35:24,3.61,25631,2390.00,2405.00,2397.00,-7.99,95.70,-8.22,887.25
2025-12-11T21:52:12,3.61,25631,2397.00,2403.00,2399.50,-8.01,95.87,-8.19,887.37
2025-12-11T22:08:59,3.61,25631,2390.00,2406.00,2399.00,-8.09,95.82,-8.20,887.44
2025-12-11T22:25:46,3.61,25631,2397.00,2405.00,2400.50,-7.97,95.76,-8.20,887.46
2025-12-11T22:42:33,3.62,25631,2397.00,2408.00,2403.50,-7.86,95.92,-8.00,887.40
2025-12-11T22:59:20,3.61,25631,2401.00,2406.00,2404.00,-7.77,95.99,-8.04,887.30
2025-12-11T23:16:08,3.61,25631,2396.00,2408.00,2402.00,-7.93,95.74,-8.10,887.29
2025-12-11T23:32:55,3.60,25631,2392.00,2406.00,2399.50,-7.64,96.19,-8.15,887.23
2025-12-11T23:49:43,3.61,25631,2395.00,2407.00,2403.00,-7.78,95.87,-8.03,887.41
2025-12-12T00:06:30,3.61,25631,2401.00,2409.00,2407.00,-7.84,95.90,-8.03,887.50
2025-12-12T00:23:18,3.61,25631,2402.00,2408.00,2404.50,-7.38,96.13,-7.88,887.58
2025-12-12T00:40:05,3.61,25631,2399.00,2412.00,2406.50,-7.23,96.03,-7.69,887.72
2025-12-12T00:56:52,3.60,25631,2405.00,2414.00,2409.50,-7.35,96.01,-7.67,887.70
2025-12-12T01:13:40,3.62,25631,2406.00,2419.00,2413.50,-7.42,95.86,-7.79,887.42
2025-12-12T01:30:27,3.61,25631,2406.00,2416.00,2411.50,-7.77,95.85,-7.92,887.21
2025-12-12T01:47:15,3.61,25631,2406.00,2415.00,2410.50,-8.04,95.66,-8.09,887.25
2025-12-12T02:04:01,3.61,25631,2406.00,2413.00,2411.00,-7.73,96.18,-8.01,887.03
2025-12-12T02:20:49,3.61,25631,2412.00,2422.00,2415.50,-7.57,95.95,-7.84,886.97
2025-12-12T02:37:36,3.62,25631,2412.00,2420.00,2416.00,-7.39,96.13,-7.68,887.21
2025-12-12T02:54:24,3.61,25631,2412.00,2424.00,2419.00,-7.38,95.96,-7.59,887.51
2025-12-12T03:11:11,3.61,25631,2412.00,2422.00,2419.00,-7.50,95.92,-7.63,887.22
2025-12-12T03:27:59,3.61,25631,2414.00,2426.00,2421.50,-7.49,95.97,-7.63,887.25
2025-12-12T03:44:46,3.60,25631,2417.00,2424.00,2422.00,-7.52,95.88,-7.65,887.30
2025-12-12T04:01:34,3.59,25631,2417.00,2424.00,2419.50,-7.50,95.90,-7.63,886.93
2025-12-12T04:18:21,3.61,25631,2418.00,2426.00,2422.50,-7.69,95.80,-7.78,886.60
2025-12-12T04:35:09,3.61,25631,2416.00,2431.00,2421.50,-7.80,95.89,-7.92,886.54
2025-12-12T04:51:56,3.60,25631,2418.00,2425.00,2421.50,-7.76,95.92,-7.99,886.50
2025-12-12T05:08:44,3.61,25631,2419.00,2429.00,2421.50,-7.91,95.79,-8.06,886.41
2025-12-12T05:25:31,3.61,25631,2418.00,2430.00,2427.00,-7.99,95.74,-8.10,886.19
2025-12-12T05:42:19,3.61,25631,2424.00,2432.00,2426.00,-8.12,95.69,-8.21,886.41
2025-12-12T05:59:06,3.62,25631,2423.00,2432.00,2427.50,-7.91,95.76,-8.20,886.40
2025-12-12T06:15:53,3.62,25631,2424.00,2431.00,2427.00,-8.02,95.70,-8.19,886.37
2025-12-12T06:32:40,3.61,25631,2424.00,2431.00,2427.50,-8.11,95.72,-8.23,886.28
2025-12-12T06:49:27,3.60,25631,2424.00,2430.00,2426.50,-8.08,95.71,-8.25,886.41
2025-12-12T07:06:15,3.61,25631,2424.00,2435.00,2431.00,-8.26,95.56,-8.33,886.29
2025-12-12T07:23:02,3.60,25631,2424.00,2436.00,2432.00,-8.43,95.49,-8.43,886.15
2025-12-12T07:39:50,3.61,25631,2424.00,2432.00,2429.50,-8.64,95.51,-8.60,886.55
2025-12-12T07:56:37,3.61,25631,2427.00,2436.00,2430.50,-8.53,95.49,-8.58,886.41
2025-12-12T08:13:25,3.61,25631,2429.00,2437.00,2433.50,-8.66,95.39,-8.64,886.37
2025-12-12T08:30:12,3.61,25631,2430.00,2437.00,2432.50,-8.68,95.44,-8.67,886.39
2025-12-12T08:46:59,3.61,25631,2430.00,2440.00,2435.50,-8.58,95.53,-8.59,886.17
2025-12-12T09:03:47,3.61,25631,2428.00,2437.00,2433.00,-8.45,95.57,-8.54,886.02
2025-12-12T09:20:34,3.61,25631,2427.00,2441.00,2437.00,-8.50,95.47,-8.46,885.75
2025-12-12T09:37:22,3.61,25631,2434.00,2442.00,2439.50,-8.56,95.41,-8.17,885.67
2025-12-12T09:54:09,3.61,25631,2434.00,2445.00,2439.50,-8.45,95.44,-7.83,885.65
2025-12-12T10:10:57,3.61,25631,2436.00,2445.00,2442.50,-8.50,95.29,-7.60,885.55
2025-12-12T10:27:44,3.61,25631,2437.00,2448.00,2441.50,-8.47,95.36,-7.50,885.54
2025-12-12T10:44:32,3.61,25631,2440.00,2449.00,2443.00,-8.28,95.48,-7.11,885.59
2025-12-12T11:01:18,3.61,25631,2433.00,2446.00,2443.50,-7.97,95.64,-6.71,885.52
2025-12-12T11:18:06,3.60,25631,2437.00,2450.00,2443.00,-7.91,95.45,-6.32,885.41
2025-12-12T11:34:53,3.61,25631,2438.00,2453.00,2445.50,-7.71,95.66,-6.15,885.38
2025-12-12T11:51:41,3.61,25631,2441.00,2454.00,2447.00,-8.09,95.13,-6.52,885.25
2025-12-12T12:08:29,3.61,25631,2444.00,2453.00,2448.00,-8.29,95.24,-6.52,885.20
2025-12-12T12:25:16,3.60,25631,2445.00,2452.00,2448.00,-8.39,95.23,-6.48,884.99
2025-12-12T12:42:04,3.61,25631,2445.00,2452.00,2449.50,-8.19,95.33,-5.94,885.00
2025-12-12T12:58:51,3.61,25631,2412.00,2462.00,2455.50,-7.86,95.52,-5.30,884.85
2025-12-12T13:15:39,3.61,25631,2450.00,2460.00,2455.00,-7.22,95.82,-4.02,884.67
2025-12-12T13:32:27,3.62,25631,2452.00,2463.00,2461.00,-6.94,95.36,-3.10,884.33
2025-12-12T13:49:15,3.61,25631,2451.00,2466.00,2460.50,-7.49,94.60,-3.21,884.37
2025-12-12T14:06:02,3.61,25631,2452.00,2464.00,2458.00,-7.69,94.89,-4.45,884.14
2025-12-12T14:22:50,3.61,25631,2447.00,2467.00,2458.00,-8.37,94.71,-5.63,884.02
2025-12-12T14:39:38,3.61,25631,2443.00,2458.00,2453.50,-8.70,94.79,-6.41,883.93
2025-12-12T14:56:25,3.61,25631,2443.00,2455.00,2453.50,-9.52,94.13,-7.37,883.63
2025-12-12T15:13:13,3.62,25631,2449.00,2464.00,2456.00,-9.85,94.45,-8.17,883.49
2025-12-12T15:30:00,3.61,25631,2451.00,2463.00,2453.50,-10.07,94.41,-8.73,883.32
2025-12-12T15:46:47,3.60,25631,2450.00,2456.00,2452.00,-10.43,94.33,-9.47,883.23
2025-12-12T16:03:35,3.60,25631,2448.00,2459.00,2454.00,-10.58,94.34,-10.00,883.12
2025-12-12T16:20:22,3.61,25631,2443.00,2454.00,2449.00,-10.98,94.24,-10.57,882.84
2025-12-12T16:37:09,3.60,25631,500.00,2458.00,2451.50,-11.07,94.37,-10.96,883.00
2025-12-12T16:53:57,3.60,25631,2445.00,2460.00,2452.50,-11.18,94.38,-11.13,882.68
2025-12-12T17:10:44,3.60,25631,2446.00,2457.00,2451.00,-10.77,94.51,-11.10,882.55
2025-12-12T17:27:31,3.60,25631,2447.00,2460.00,2450.50,-10.84,94.46,-11.11,882.44
2025-12-12T17:44:19,3.60,25631,2448.00,2460.00,2452.00,-10.77,94.64,-11.22,882.14
2025-12-12T18:01:06,3.60,25631,2452.00,2460.00,2455.00,-10.75,94.53,-11.09,881.94
2025-12-12T18:17:53,3.60,25631,2451.00,2463.00,2457.50,-10.80,94.54,-11.08,881.80
2025-12-12T18:34:40,3.60,25631,2449.00,2460.00,2455.00,-10.75,94.54,-11.00,881.46
2025-12-12T18:51:28,3.60,25631,2445.00,2458.00,2452.00,-10.36,94.47,-10.79,881.23
2025-12-12T19:08:15,3.60,25631,2450.00,2462.00,2455.50,-10.37,94.50,-10.73,880.84
2025-12-12T19:25:02,3.60,25631,2451.00,2463.00,2456.00,-10.39,94.18,-10.68,880.66
2025-12-12T19:41:50,3.60,25631,2450.00,2468.00,2457.50,-10.64,94.27,-10.80,880.51
2025-12-12T19:58:37,3.60,25631,2448.00,2460.00,2451.50,-10.56,94.45,-10.82,880.35
2025-12-12T20:15:24,3.60,25631,2453.00,2463.00,2457.50,-10.47,94.25,-10.77,880.14
2025-12-12T20:32:11,3.61,25631,2458.00,2467.00,2460.50,-10.28,94.57,-10.61,879.82
2025-12-12T20:48:59,3.60,25631,2456.00,2467.00,2464.50,-10.40,94.28,-10.53,879.61
2025-12-12T21:05:44,3.60,25631,2450.00,2467.00,2460.50,-10.57,94.42,-10.59,879.58
2025-12-12T21:22:31,3.60,25631,2451.00,2468.00,2460.00,-10.43,94.40,-10.52,879.51
2025-12-12T21:39:19,3.60,25631,2450.00,2470.00,2462.00,-10.36,94.38,-10.45,879.36
2025-12-12T21:56:06,3.60,25631,2455.00,2473.00,2464.50,-10.32,94.46,-10.37,879.13
2025-12-12T22:12:53,3.60,25631,2453.00,2464.00,2460.00,-10.28,94.53,-10.27,878.81
2025-12-12T22:29:41,3.60,25631,2453.00,2468.00,2461.50,-10.22,94.53,-10.19,878.64
2025-12-12T22:46:28,3.60,25631,2469.00,2481.00,2476.00,-10.28,94.41,-10.19,878.46
2025-12-12T23:03:15,3.61,25631,2497.00,2507.00,2503.50,-10.29,94.56,-10.19,878.15
2025-12-12T23:20:03,3.60,25631,2475.00,2481.00,2479.50,-10.32,94.58,-10.20,877.95
2025-12-12T23:36:50,3.60,25631,2457.00,2510.00,2479.00,-10.30,94.51,-10.21,877.49
2025-12-12T23:53:37,3.60,25631,2486.00,2497.00,2492.00,-10.29,94.51,-10.19,877.33
2025-12-13T00:10:25,3.60,25631,2461.00,2473.00,2465.00,-10.36,94.56,-10.19,876.86
2025-12-13T00:27:12,3.60,25631,2466.00,2475.00,2472.00,-10.26,94.68,-10.19,876.66
2025-12-13T00:43:59,3.60,25631,2474.00,2482.00,2479.00,-10.15,94.68,-10.14,876.23
2025-12-13T01:00:47,3.60,25631,2441.00,2460.00,2451.50,-10.09,94.87,-10.07,875.80
2025-12-13T01:17:34,3.60,25631,2464.00,2475.00,2470.00,-9.98,94.75,-10.02,875.37
2025-12-13T01:34:20,3.61,25631,2462.00,2470.00,2467.50,-9.99,94.81,-9.95,874.93
2025-12-13T01:51:08,3.60,25631,2457.00,2468.00,2463.50,-9.91,94.72,-9.89,874.73
2025-12-13T02:07:55,3.60,25631,2457.00,2462.00,2460.00,-10.02,94.71,-9.90,874.28
2025-12-13T02:24:42,3.60,25631,2464.00,2472.00,2470.00,-10.04,94.79,-9.95,873.85
2025-12-13T02:41:30,3.60,25631,2454.00,2476.00,2465.50,-9.95,94.90,-9.94,873.51
2025-12-13T02:58:17,3.60,25631,2438.00,2451.00,2444.00,-9.85,94.80,-9.87,873.24
2025-12-13T03:15:04,3.60,25631,2430.00,2440.00,2433.50,-9.85,94.93,-9.86,872.80
2025-12-13T03:31:52,3.60,25631,2439.00,2455.00,2447.00,-9.80,94.86,-9.79,872.39
2025-12-13T03:48:39,3.60,25631,2422.00,4992.00,2440.50,-9.70,94.49,-9.75,871.86
2025-12-13T04:05:26,3.60,25631,2428.00,2440.00,2433.00,-9.63,94.92,-9.68,871.73
2025-12-13T04:22:14,3.60,25631,2427.00,2440.00,2429.50,-9.61,94.87,-9.64,871.42
2025-12-13T04:39:01,3.60,25631,2427.00,2454.00,2431.00,-9.44,95.34,-9.61,871.24
2025-12-13T04:55:48,3.60,25631,2399.00,2409.00,2402.50,-9.40,94.90,-9.51,870.98
2025-12-13T05:12:36,3.60,25631,2382.00,4990.00,2405.00,-9.40,95.19,-9.47,870.62
2025-12-13T05:29:23,3.60,25631,2380.00,2420.00,2398.50,-9.08,95.00,-9.27,870.20
2025-12-13T05:46:11,3.60,25631,2398.00,2404.00,2402.00,-9.01,95.03,-9.18,869.89
2025-12-13T06:02:58,3.60,25631,2406.00,2413.00,2408.50,-9.04,95.09,-9.13,869.56
2025-12-13T06:19:45,3.60,25631,2369.00,2383.00,2375.50,-9.01,95.27,-9.08,869.43
2025-12-13T06:36:33,3.60,25631,2376.00,2386.00,2381.00,-8.80,95.34,-8.97,869.10
2025-12-13T06:53:20,3.61,25631,2344.00,2351.00,2350.00,-8.90,95.30,-8.96,868.90
2025-12-13T07:10:07,3.61,25631,2338.00,2348.00,2345.00,-8.74,95.39,-8.84,868.43
2025-12-13T07:26:54,3.60,25631,2346.00,2353.00,2350.00,-8.70,95.36,-8.79,868.14
2025-12-13T07:43:41,3.60,25631,2325.00,2335.00,2328.00,-8.46,95.54,-8.67,867.86
2025-12-13T08:00:29,3.60,25631,2345.00,2365.00,2354.00,-8.33,95.73,-8.54,867.85
2025-12-13T08:17:16,3.61,25631,2327.00,2337.00,2330.00,-8.39,95.37,-8.47,867.82
2025-12-13T08:34:04,3.61,25631,2300.00,2314.00,2311.50,-8.29,95.63,-8.42,867.68
2025-12-13T08:50:51,3.60,25631,2301.00,2314.00,2307.00,-8.04,95.77,-8.22,867.41
2025-12-13T09:07:39,3.60,25631,2271.00,2311.00,2303.50,-7.64,95.93,-7.89,867.36
2025-12-13T09:24:26,3.60,25631,2286.00,2296.00,2290.00,-7.54,95.49,-7.68,867.22
2025-12-13T09:41:14,3.60,25631,2290.00,2295.00,2293.50,-7.73,95.53,-7.56,867.42
2025-12-13T09:58:01,3.60,25631,4511.00,4990.00,4990.00,-7.53,97.21,-7.58,867.22
2025-12-13T10:14:49,3.61,25631,2251.00,2264.00,2256.50,-5.44,97.51,-6.26,866.99
2025-12-13T10:31:36,3.60,25631,2249.00,2266.00,2256.50,-4.90,96.76,-5.37,867.20
2025-12-13T10:48:24,3.60,25631,2227.00,2242.00,2235.00,-6.66,95.86,-5.59,867.11
2025-12-13T11:05:11,3.61,25631,2236.00,2244.00,2239.50,-6.02,96.70,-5.32,867.00
2025-12-13T11:21:59,3.61,25631,2224.00,2228.00,2226.00,-4.60,97.31,-4.49,866.95
2025-12-13T11:38:47,3.61,25631,2229.00,2244.00,2235.50,-3.63,97.52,-3.53,866.96
2025-12-13T11:55:35,3.61,25631,2220.00,2232.00,2229.00,-3.50,97.19,-2.92,866.80
2025-12-13T12:12:22,3.61,25631,2226.00,2255.00,2233.00,-4.45,95.91,-3.14,866.92
2025-12-13T12:29:10,3.61,25631,2196.00,2206.00,2201.00,-4.80,96.78,-3.26,867.05
2025-12-13T12:45:58,3.61,25631,2194.00,2197.00,2195.00,-3.48,97.75,-2.73,866.76
2025-12-13T13:02:46,3.61,25631,2191.00,2200.00,2198.00,-3.29,97.73,-2.67,867.35
2025-12-13T13:19:33,3.61,25631,2191.00,2203.00,2194.00,-5.05,95.15,-2.44,867.55
2025-12-13T13:36:21,3.61,25631,2174.00,2182.00,2177.00,-4.60,97.23,-1.26,867.88
2025-12-13T13:53:09,3.61,25631,2188.00,2197.00,2193.00,-1.46,98.26,1.15,867.81
2025-12-13T14:09:57,3.61,25631,2185.00,2192.00,2189.00,-2.67,95.83,0.80,867.98
2025-12-13T14:26:45,3.61,25631,2205.00,2214.00,2210.50,-2.18,93.42,0.95,868.04
2025-12-13T14:43:33,3.61,25631,2187.00,2195.00,2192.50,-2.91,96.98,0.22,868.38
2025-12-13T15:00:21,3.61,25631,2182.00,2195.00,2189.00,-2.19,96.99,-0.23,868.49
2025-12-13T15:17:09,3.61,25631,2190.00,2201.00,2196.50,-2.72,96.68,-0.84,868.40
2025-12-13T15:33:57,3.62,25631,2191.00,2199.00,2196.00,-2.59,97.64,-1.55,868.55
2025-12-13T15:50:44,3.61,25631,2188.00,2197.00,2192.00,-2.39,97.43,-1.92,868.61
2025-12-13T16:07:30,3.61,25631,2191.00,2197.00,2193.00,-2.28,97.57,-2.15,868.67
2025-12-13T16:24:18,3.61,25631,2193.00,2201.00,2196.50,-2.29,97.51,-2.27,868.65
2025-12-13T16:41:06,3.61,25631,2188.00,2198.00,2191.50,-2.76,97.49,-2.60,868.57
2025-12-13T16:57:53,3.61,25631,2193.00,2199.00,2196.50,-2.56,97.52,-2.65,868.74
2025-12-13T17:14:41,3.61,25631,2193.00,2201.00,2195.00,-2.31,97.71,-2.54,869.00
2025-12-13T17:31:29,3.61,25631,2195.00,2200.00,2197.50,-2.25,97.55,-2.44,869.11
2025-12-13T17:48:17,3.61,25631,2194.00,2198.00,2194.50,-2.11,97.89,-2.43,869.13
2025-12-13T18:05:04,3.61,25631,2188.00,2198.00,2191.00,-1.76,98.15,-2.30,869.12
2025-12-13T18:21:52,3.61,25631,2193.00,2203.00,2198.00,-1.73,98.02,-2.21,868.90
2025-12-13T18:38:40,3.61,25631,2205.00,2218.00,2211.00,-1.94,97.93,-2.31,868.87
2025-12-13T18:55:28,3.60,25631,2200.00,2211.00,2206.00,-1.95,98.25,-2.51,868.82
2025-12-13T19:12:15,3.61,25631,2195.00,2206.00,2198.50,-1.56,98.48,-2.26,868.75
2025-12-13T19:29:03,3.61,25631,2180.00,2214.00,2200.50,-1.49,98.36,-2.12,868.71
2025-12-13T19:45:51,3.61,25631,2201.00,2216.00,2209.50,-1.53,98.20,-2.10,868.53
2025-12-13T20:02:39,3.61,25631,2193.00,2217.00,2211.50,-1.60,98.14,-2.13,868.56
2025-12-13T20:19:26,3.61,25631,2203.00,2213.00,2207.00,-1.83,98.16,-2.37,868.65
2025-12-13T20:36:13,3.62,25631,2193.00,2211.00,2206.00,-1.91,98.19,-2.42,868.45
2025-12-13T20:53:01,3.60,25631,2195.00,2211.00,2208.50,-1.73,98.41,-2.39,868.25
2025-12-13T21:09:49,3.61,25631,2177.00,2224.00,2213.50,-1.12,98.72,-2.47,867.70
2025-12-13T21:26:36,3.61,25631,2211.00,2222.00,2218.00,-1.27,97.46,-2.19,867.37
2025-12-13T21:43:24,3.61,25631,2209.00,2229.00,2216.00,-1.73,97.76,-2.28,867.30
2025-12-13T22:00:12,3.61,25631,2198.00,2216.00,2206.00,-1.77,98.23,-2.25,867.24
2025-12-13T22:17:00,3.61,25631,2202.00,2216.00,2211.50,-1.35,98.54,-1.88,866.97
2025-12-13T22:33:48,3.61,25631,2207.00,2220.00,2215.50,-1.32,98.49,-1.74,866.60
2025-12-13T22:50:35,3.61,25631,2213.00,2229.00,2220.00,-1.14,98.53,-1.52,866.28
2025-12-13T23:07:23,3.61,25631,2208.00,2227.00,2219.50,-1.12,98.54,-1.52,865.82
2025-12-13T23:24:11,3.61,25631,2224.00,2228.00,2224.00,-0.84,98.73,-1.30,865.54
2025-12-13T23:40:59,3.61,25631,2214.00,2223.00,2220.00,-0.53,98.84,-1.10,865.25
2025-12-13T23:57:47,3.60,25631,2219.00,2227.00,2224.00,-0.45,98.86,-0.93,865.14
2025-12-14T00:14:34,3.61,25631,2211.00,2224.00,2218.00,-0.36,98.91,-0.78,864.89
2025-12-14T00:31:22,3.61,25631,2222.00,2236.00,2230.50,-0.02,99.06,-0.52,864.54
2025-12-14T00:48:10,3.61,25631,2202.00,2211.00,2207.50,0.00,99.06,-0.33,864.38
2025-12-14T01:04:58,3.61,25631,2195.00,2216.00,2205.00,0.03,99.15,-0.29,863.86
2025-12-14T01:21:46,3.61,25631,2231.00,2240.00,2234.50,0.02,99.17,-0.26,863.61
2025-12-14T01:38:34,3.61,25631,2263.00,4989.00,4988.00,0.02,99.18,-0.27,863.36
2025-12-14T01:55:21,3.61,25631,2227.00,2240.00,2234.00,0.02,99.20,-0.29,862.92
2025-12-14T02:12:08,3.61,25631,2202.00,2211.00,2205.50,0.02,99.26,-0.24,862.71
2025-12-14T02:28:56,3.60,25631,2191.00,2205.00,2200.00,0.02,99.25,-0.21,862.43
2025-12-14T02:45:44,3.61,25631,2208.00,2214.00,2211.00,0.02,99.25,-0.21,861.69
2025-12-14T03:02:32,3.61,25631,2207.00,2212.00,2209.50,0.00,99.24,-0.22,861.91
2025-12-14T03:19:20,3.61,25631,2196.00,2201.00,2198.00,-0.18,99.19,-0.31,862.01
2025-12-14T03:36:07,3.61,25631,2195.00,2201.00,2199.00,-0.42,99.19,-0.41,861.98
2025-12-14T03:52:55,3.61,25631,2168.00,2191.00,2184.00,-0.19,99.28,-0.39,861.26
2025-12-14T04:09:43,3.60,25631,4987.00,4989.00,4987.50,-0.29,99.24,-0.35,861.17
2025-12-14T04:26:31,3.60,25631,2157.00,2161.00,2158.50,-0.45,99.29,-0.45,861.30
2025-12-14T04:43:19,3.61,25631,2139.00,4988.00,2148.50,-0.40,99.30,-0.47,861.37
2025-12-14T05:00:07,3.61,25631,2156.00,2163.00,2161.50,-0.66,99.27,-0.58,861.11
2025-12-14T05:16:55,3.61,25631,2161.00,2175.00,2168.50,-0.79,99.33,-0.69,861.19
2025-12-14T05:33:42,3.60,25631,2169.00,4989.00,2180.50,-0.98,99.26,-0.87,861.18
2025-12-14T05:50:30,3.61,25631,2156.00,2169.00,2159.50,-0.73,99.33,-0.79,860.94
2025-12-14T06:07:18,3.61,25631,2149.00,2167.00,2156.00,-0.79,99.30,-0.89,861.10
2025-12-14T06:24:06,3.60,25631,2152.00,4989.00,2166.50,-1.05,99.21,-0.97,861.19
2025-12-14T06:40:53,3.61,25631,2155.00,4989.00,2170.50,-1.38,99.16,-1.15,861.30
2025-12-14T06:57:40,3.61,25631,2136.00,2143.00,2141.50,-1.19,99.21,-1.25,861.08
2025-12-14T07:14:28,3.60,25631,2131.00,2140.00,2138.50,-0.95,99.15,-1.11,861.22
2025-12-14T07:31:16,3.61,25631,2124.00,2129.00,2126.00,-1.11,99.06,-1.10,861.55
2025-12-14T07:48:04,3.60,25631,2132.00,2141.00,2134.50,-1.18,99.05,-1.16,861.88
2025-12-14T08:04:52,3.61,25631,2168.00,4989.00,4988.00,-0.98,99.07,-1.12,862.10
2025-12-14T08:21:40,3.60,25631,2123.00,4988.00,2132.00,-1.16,98.97,-1.12,862.31
2025-12-14T08:38:27,3.61,25631,2114.00,2129.00,2119.50,-1.41,98.89,-1.27,862.72
2025-12-14T08:55:14,3.61,25631,2091.00,4987.00,2109.50,-1.22,98.90,-1.22,863.03
2025-12-14T09:12:02,3.60,25631,2163.00,2174.00,2169.00,-1.27,98.86,-1.09,863.34
2025-12-14T09:28:50,3.60,25631,2153.00,2163.00,2159.00,-1.93,98.61,-1.20,864.01
2025-12-14T09:45:38,3.61,25631,2163.00,4988.00,4988.00,-1.60,98.72,-1.12,864.63
2025-12-14T10:02:26,3.61,25631,2129.00,2136.00,2132.00,-1.16,98.80,-0.65,865.11
2025-12-14T10:19:13,3.61,25631,2139.00,2145.00,2142.50,-0.81,98.85,0.21,865.52
2025-12-14T10:36:01,3.60,25631,2142.00,2147.00,2144.50,-0.69,98.62,1.04,865.63
2025-12-14T10:52:49,3.61,25631,2144.00,2151.00,2146.50,-1.28,98.38,0.16,865.99
2025-12-14T11:09:37,3.60,25631,2147.00,2152.00,2149.00,-1.04,98.70,0.44,866.15
2025-12-14T11:26:25,3.61,25631,2145.00,2155.00,2149.50,-0.77,98.60,1.22,866.12
2025-12-14T11:43:13,3.60,25631,2152.00,2155.00,2154.00,-1.24,98.45,0.35,866.08
2025-12-14T12:00:01,3.60,25631,2152.00,2157.00,2155.50,-0.87,98.69,0.61,866.05
2025-12-14T12:16:49,3.60,25631,2156.00,2161.00,2159.00,-1.01,98.55,0.35,866.09
2025-12-14T12:33:37,3.60,25631,2130.00,4987.00,2156.00,-0.97,98.60,0.47,866.21
2025-12-14T12:50:25,3.60,25631,2151.00,2159.00,2155.00,-1.18,98.36,0.36,866.19
2025-12-14T13:07:13,3.61,25631,2127.00,2134.00,2130.00,-1.00,98.52,0.49,866.07
2025-12-14T13:24:01,3.60,25631,2113.00,2124.00,2120.00,-0.81,98.62,0.61,865.75
2025-12-14T13:40:49,3.61,25631,2117.00,4989.00,4988.00,-0.76,98.58,0.66,865.39
2025-12-14T13:57:36,3.60,25631,2124.00,2139.00,2130.50,-0.70,98.63,0.74,865.13
2025-12-14T14:14:24,3.61,25631,2128.00,2143.00,2133.00,-0.66,98.65,0.69,864.92
2025-12-14T14:31:12,3.61,25631,2112.00,2121.00,2117.50,-0.60,98.74,0.46,864.71
2025-12-14T14:48:00,3.60,25631,4986.00,4988.00,4987.00,-0.57,98.74,0.45,864.57
2025-12-14T15:04:48,3.61,25631,2126.00,2129.00,2127.00,-0.65,98.79,0.09,864.60
2025-12-14T15:21:36,3.60,25631,2122.00,2143.00,2129.00,-0.66,98.88,-0.15,864.35
2025-12-14T15:38:22,3.60,25631,2112.00,2121.00,2117.00,-0.65,98.90,-0.29,864.28
2025-12-14T15:55:10,3.61,25631,2115.00,2130.00,2124.50,-0.72,98.90,-0.50,864.08
2025-12-14T16:11:58,3.60,25631,2105.00,2110.00,2107.50,-0.65,99.03,-0.58,863.94
2025-12-14T16:28:45,3.60,25631,2099.00,2126.00,2107.00,-0.55,99.09,-0.60,863.72
2025-12-14T16:45:33,3.61,25631,2094.00,2099.00,2097.00,-0.52,99.12,-0.58,863.42
2025-12-14T17:02:21,3.60,25631,2094.00,2098.00,2096.00,-0.55,99.17,-0.60,863.12
2025-12-14T17:19:09,3.60,25631,2093.00,2098.00,2096.00,-0.70,99.15,-0.65,862.83
2025-12-14T17:35:57,3.60,25631,2093.00,2097.00,2094.50,-0.63,99.16,-0.68,862.49
2025-12-14T17:52:45,3.61,25631,2082.00,2089.00,2086.50,-0.63,99.14,-0.68,862.12
2025-12-14T18:09:32,3.61,25631,2077.00,2087.00,2080.00,-0.73,99.13,-0.70,861.97
2025-12-14T18:26:20,3.60,25631,2087.00,2093.00,2090.50,-0.74,99.14,-0.75,861.70
2025-12-14T18:43:08,3.61,25631,2086.00,2098.00,2093.50,-0.70,99.17,-0.77,861.21
2025-12-14T18:59:56,3.61,25631,4986.00,4988.00,4987.00,-0.62,99.20,-0.74,860.46
2025-12-14T19:16:44,3.60,25631,2071.00,2080.00,2075.50,-0.59,99.22,-0.70,859.73
2025-12-14T19:33:31,3.60,25631,2067.00,2081.00,2070.50,-0.56,99.22,-0.67,859.34
2025-12-14T19:50:19,3.61,25631,2051.00,2055.00,2053.00,-0.62,99.22,-0.67,859.06
2025-12-14T20:07:07,3.61,25631,2056.00,4986.00,2064.00,-0.43,99.26,-0.62,858.88
2025-12-14T20:23:55,3.61,25631,4987.00,4989.00,4988.00,-0.32,99.29,-0.54,858.43
2025-12-14T20:40:43,3.61,25631,2033.00,2050.00,2041.00,-0.30,99.26,-0.47,858.14
2025-12-14T20:57:31,3.61,25631,4986.00,4989.00,4988.00,-0.17,99.35,-0.37,857.77
2025-12-14T21:14:17,3.60,25631,2030.00,4989.00,3524.00,-0.12,99.33,-0.28,857.55
2025-12-14T21:31:05,3.60,25631,2030.00,2045.00,2037.00,-0.18,99.34,-0.22,857.22
2025-12-14T21:47:53,3.61,25631,1994.00,4988.00,1997.50,-0.21,99.36,-0.24,856.93
2025-12-14T22:04:41,3.61,25631,1998.00,2000.00,1998.00,-0.11,99.41,-0.23,856.36
2025-12-14T22:21:29,3.61,25631,2003.00,2009.00,2005.50,-0.07,99.41,-0.17,856.04
2025-12-14T22:38:17,3.60,25631,4987.00,4989.00,4988.00,-0.09,99.48,-0.18,855.85
2025-12-14T22:55:04,3.61,25631,1976.00,1983.00,1980.00,-0.07,99.46,-0.15,855.55
2025-12-14T23:11:52,3.61,25631,1972.00,1977.00,1975.50,-0.02,99.52,-0.11,855.20
2025-12-14T23:28:40,3.60,25631,1978.00,1983.00,1982.00,0.02,99.53,-0.08,854.93
2025-12-14T23:45:28,3.60,25631,1975.00,1983.00,1976.50,0.03,99.54,-0.06,854.80
2025-12-15T00:02:16,3.61,25631,4987.00,4989.00,4988.00,0.03,99.56,-0.05,854.81
2025-12-15T00:19:04,3.60,25631,1966.00,1977.00,1970.50,0.00,99.54,-0.07,854.60
2025-12-15T00:35:52,3.60,25631,1967.00,1972.00,1969.00,0.00,99.58,-0.08,854.44
2025-12-15T00:52:39,3.61,25631,1952.00,1959.00,1956.50,0.02,99.58,-0.07,854.54
2025-12-15T01:09:27,3.60,25631,1939.00,1950.00,1943.50,0.03,99.59,-0.06,854.63
2025-12-15T01:26:15,3.60,25631,4986.00,4987.00,4987.00,0.02,99.57,-0.05,854.85
2025-12-15T01:43:02,3.61,25631,1963.00,4988.00,1970.00,0.03,99.59,-0.04,854.93
2025-12-15T01:59:50,3.61,25631,1952.00,1964.00,1957.00,0.03,99.59,-0.04,855.02
2025-12-15T02:16:38,3.61,25631,1942.00,1949.00,1944.50,0.02,99.65,-0.04,855.10
2025-12-15T02:33:26,3.60,25631,1932.00,1935.00,1933.50,0.03,99.58,-0.03,855.11
2025-12-15T02:50:13,3.60,25631,1930.00,1935.00,1931.00,0.03,99.65,-0.02,854.81
2025-12-15T03:07:01,3.61,25631,1935.00,1938.00,1937.00,0.03,99.63,-0.02,854.75
2025-12-15T03:23:49,3.61,25631,1947.00,1953.00,1950.50,0.03,99.67,-0.02,854.77
2025-12-15T03:40:37,3.61,25631,1946.00,1954.00,1950.50,0.00,99.64,-0.03,855.20
2025-12-15T03:57:25,3.60,25631,1927.00,1951.00,1946.50,0.03,99.69,-0.07,855.34
2025-12-15T04:14:13,3.60,25631,1930.00,1936.00,1934.00,0.02,99.68,-0.12,855.38
2025-12-15T04:31:01,3.61,25631,1929.00,1935.00,1933.00,-0.30,99.67,-0.22,855.47
2025-12-15T04:47:48,3.60,25631,1914.00,1925.00,1919.50,-0.38,99.67,-0.32,855.81
2025-12-15T05:04:36,3.60,25631,1912.00,1921.00,1916.00,-0.77,99.63,-0.46,855.83
2025-12-15T05:21:24,3.60,25631,1937.00,1946.00,1940.50,-0.70,99.63,-0.60,856.30
2025-12-15T05:38:12,3.60,25631,1924.00,1927.00,1925.00,-0.80,99.65,-0.68,856.28
2025-12-15T05:55:00,3.60,25631,1915.00,1920.00,1917.00,-0.77,99.68,-0.72,856.30
2025-12-15T06:11:47,3.60,25631,1906.00,1914.00,1910.50,-0.91,99.59,-0.77,856.21
2025-12-15T06:28:35,3.60,25631,1891.00,1903.00,1898.50,-1.03,99.59,-0.86,856.36
2025-12-15T06:45:23,3.60,25631,1893.00,1930.00,1906.00,-0.98,99.60,-0.91,856.95
2025-12-15T07:02:11,3.60,25631,1910.00,4989.00,3487.50,-1.05,99.54,-0.94,856.60
2025-12-15T07:18:57,3.60,25631,1991.00,2004.00,1999.50,-1.16,99.47,-1.01,856.99
2025-12-15T07:35:44,3.60,25631,2007.00,4988.00,4987.00,-1.34,99.43,-1.10,857.03
2025-12-15T07:52:32,3.60,25631,4986.00,4989.00,4988.00,-1.38,99.33,-1.20,857.30
2025-12-15T08:09:20,3.60,25631,4986.00,4989.00,4988.00,-1.43,99.24,-1.28,857.43
2025-12-15T08:26:09,3.60,25631,1922.00,4988.00,1930.50,-1.55,99.13,-1.34,857.10
2025-12-15T08:42:56,3.60,25631,1927.00,1935.00,1931.00,-1.55,98.97,-1.41,857.41
2025-12-15T08:59:44,3.60,25631,1930.00,1941.00,1936.00,-1.70,98.84,-1.43,857.67
2025-12-15T09:16:32,3.60,25631,1935.00,4987.00,1938.50,-1.81,98.80,-1.41,858.23
2025-12-15T09:33:20,3.60,25631,1937.00,1944.00,1940.00,-2.00,98.71,-1.38,858.81
2025-12-15T09:50:07,3.60,25631,1939.00,1947.00,1944.00,-2.08,98.52,-1.24,859.15
2025-12-15T10:06:55,3.60,25631,1942.00,4988.00,4987.00,-2.12,98.43,-1.13,859.62
2025-12-15T10:23:43,3.60,25631,1937.00,1953.00,1949.00,-2.17,98.20,-0.89,859.95
2025-12-15T10:40:30,3.61,25631,1949.00,1956.00,1952.00,-2.12,97.96,-0.43,860.10
2025-12-15T10:57:18,3.60,25631,1952.00,1961.00,1954.50,-2.35,97.58,-0.18,860.27
2025-12-15T11:14:06,3.60,25631,1952.00,1962.00,1957.00,-2.39,97.74,-0.03,860.60
2025-12-15T11:30:53,3.60,25631,1952.00,1965.00,1959.00,-2.39,97.58,-0.01,860.98
2025-12-15T11:47:41,3.61,25631,1954.00,4989.00,1962.50,-2.76,96.61,-0.03,861.33
2025-12-15T12:04:29,3.60,25631,1962.00,1971.00,1965.00,-2.59,96.96,0.21,861.51
2025-12-15T12:21:17,3.60,25631,1965.00,1974.00,1970.50,-2.87,95.97,0.67,861.57
2025-12-15T12:38:05,3.60,25631,1970.00,1979.00,1973.00,-2.98,95.71,1.05,861.65
2025-12-15T12:54:53,3.60,25631,1973.00,1976.00,1974.00,-3.01,96.57,0.79,861.82
2025-12-15T13:11:41,3.60,25631,1979.00,1983.00,1981.00,-2.88,96.90,0.49,861.83
2025-12-15T13:28:29,3.60,25631,1980.00,1984.00,1981.50,-2.85,96.49,0.67,862.01
2025-12-15T13:45:17,3.61,25631,1982.00,1987.00,1985.50,-2.80,96.60,0.56,862.12
2025-12-15T14:02:05,3.60,25631,1982.00,1990.00,1984.00,-2.79,96.60,0.63,862.25
2025-12-15T14:18:52,3.60,25631,1981.00,1986.00,1984.50,-3.11,96.71,-0.22,862.49
2025-12-15T14:35:40,3.60,25631,1976.00,1985.00,1981.50,-3.11,96.99,-0.54,862.72
2025-12-15T14:52:28,3.60,25631,4988.00,4991.00,4990.00,-3.16,97.05,-1.13,863.10
2025-12-15T15:09:16,3.60,25631,1998.00,4989.00,4988.00,-3.18,97.43,-1.48,863.23
2025-12-15T15:26:04,3.60,25631,1974.00,1979.00,1976.00,-3.27,97.70,-1.92,863.41
2025-12-15T15:42:51,3.60,25631,1973.00,1977.00,1976.00,-3.36,96.23,-2.15,863.92
2025-12-15T15:59:39,3.60,25631,1972.00,1982.00,1979.00,-3.53,96.39,-2.60,864.09
2025-12-15T16:16:25,3.60,25631,1967.00,4990.00,1984.00,-3.66,96.39,-2.94,864.20
2025-12-15T16:33:12,3.60,25631,4988.00,4990.00,4988.50,-3.60,97.28,-3.18,864.41
2025-12-15T16:50:00,3.60,25631,1973.00,4988.00,4986.50,-3.64,97.05,-3.36,864.57
2025-12-15T17:06:48,3.60,25631,1983.00,4989.00,4987.50,-3.73,96.41,-3.51,864.47
2025-12-15T17:23:35,3.60,25631,1960.00,1972.00,1967.50,-3.71,96.10,-3.56,864.71
2025-12-15T17:40:23,3.60,25631,2019.00,4990.00,3525.50,-3.74,96.03,-3.61,864.62
2025-12-15T17:57:11,3.60,25631,1991.00,2001.00,1996.50,-3.76,96.53,-3.67,864.77
2025-12-15T18:13:58,3.60,25631,1979.00,2000.00,1990.00,-3.76,97.61,-3.70,864.65
2025-12-15T18:30:46,3.60,25631,1995.00,2008.00,2002.00,-3.71,97.61,-3.70,864.65
2025-12-15T18:47:34,3.60,25631,2000.00,2006.00,2003.50,-3.74,97.36,-3.70,864.72
2025-12-15T19:04:21,3.60,25631,2003.00,2007.00,2005.00,-3.74,96.88,-3.71,864.62
2025-12-15T19:21:09,3.60,25631,2004.00,2012.00,2008.00,-3.67,96.62,-3.68,864.61
2025-12-15T19:37:56,3.60,25631,2002.00,4989.00,2018.50,-3.67,96.36,-3.64,864.41
2025-12-15T19:54:44,3.60,25631,2007.00,2014.00,2010.00,-3.70,97.45,-3.66,864.49
2025-12-15T20:11:32,3.60,25631,2014.00,2024.00,2017.50,-3.74,97.65,-3.69,864.04
2025-12-15T20:28:19,3.60,25631,4987.00,4989.00,4988.00,-3.74,97.69,-3.71,863.74
2025-12-15T20:45:06,3.60,25631,2013.00,2018.00,2018.00,-3.74,97.71,-3.71,863.81
2025-12-15T21:01:54,3.60,25631,2014.00,2019.00,2017.50,-3.76,97.71,-3.71,863.77
2025-12-15T21:18:41,3.60,25631,2032.00,4989.00,2053.00,-3.66,97.81,-3.70,863.82
2025-12-15T21:35:29,3.60,25631,2010.00,2020.00,2014.50,-3.60,97.76,-3.66,863.87
2025-12-15T21:52:17,3.60,25631,2013.00,2032.00,2025.50,-3.55,97.74,-3.62,864.03
2025-12-15T22:09:04,3.60,25631,2015.00,4989.00,3509.00,-3.50,97.64,-3.56,864.32
2025-12-15T22:25:52,3.60,25631,1996.00,4989.00,2037.50,-3.48,97.06,-3.53,864.50
2025-12-15T22:42:40,3.60,25631,2009.00,2022.00,2014.00,-3.53,97.46,-3.52,864.28
2025-12-15T22:59:27,3.60,25631,1984.00,2021.00,1999.00,-3.60,97.59,-3.55,864.38
2025-12-15T23:16:15,3.60,25631,1995.00,2006.00,2000.00,-3.70,97.66,-3.59,864.35
2025-12-15T23:33:03,3.60,25631,1996.00,4988.00,4987.00,-3.77,97.68,-3.65,864.65
2025-12-15T23:49:50,3.60,25631,0.00,4989.00,4988.00,-3.73,97.65,-3.69,864.67
2025-12-16T00:06:38,3.60,25631,1968.00,1976.00,1972.50,-3.73,97.63,-3.71,864.60
2025-12-16T00:23:25,3.60,25631,1976.00,1989.00,1982.50,-3.71,97.57,-3.70,864.77
2025-12-16T00:40:13,3.60,25631,2021.00,4989.00,4988.00,-3.69,97.40,-3.71,864.88
2025-12-16T00:57:01,3.60,25631,4986.00,4988.00,4987.00,-3.67,97.13,-3.74,865.03
2025-12-16T01:13:48,3.60,25631,2000.00,2025.00,2008.50,-3.70,96.80,-3.75,865.06
2025-12-16T01:30:36,3.60,25631,1992.00,2000.00,1997.00,-3.73,96.96,-3.75,865.16
2025-12-16T01:47:24,3.60,25631,1993.00,1998.00,1997.00,-3.70,95.31,-3.74,865.02
2025-12-16T02:04:11,3.60,25631,1995.00,1999.00,1997.50,-3.83,95.72,-3.76,865.24
2025-12-16T02:20:59,3.60,25631,1996.00,2005.00,1999.50,-3.83,96.54,-3.78,865.08
2025-12-16T02:37:47,3.60,25631,2011.00,4990.00,2015.00,-3.98,97.52,-3.87,864.89
2025-12-16T02:54:34,3.60,25631,2028.00,2038.00,2033.50,-3.80,96.66,-3.89,864.79
2025-12-16T03:11:22,3.60,25631,2018.00,2034.00,2029.50,-3.81,96.25,-3.82,864.57
2025-12-16T03:28:10,3.60,25631,2032.00,2037.00,2033.50,-4.07,97.49,-3.90,864.33
2025-12-16T03:44:57,3.60,25631,2024.00,2028.00,2027.00,-3.94,97.68,-3.94,864.15
2025-12-16T04:01:45,3.60,25631,2038.00,4990.00,2072.50,-3.91,97.69,-3.93,864.22
2025-12-16T04:18:32,3.60,25631,1999.00,4988.00,4987.00,-3.86,97.60,-3.90,864.31
2025-12-16T04:35:19,3.60,25631,1947.00,1955.00,1950.00,-3.86,97.56,-3.87,864.56
2025-12-16T04:52:07,3.60,25631,1980.00,4990.00,4989.00,-3.74,97.55,-3.85,864.75
2025-12-16T05:08:54,3.60,25631,1993.00,2007.00,2001.00,-3.77,97.56,-3.80,864.64
2025-12-16T05:25:42,3.60,25631,1975.00,4990.00,4989.00,-3.84,97.59,-3.84,864.81
2025-12-16T05:42:29,3.60,25631,1942.00,4990.00,4989.00,-3.71,97.57,-3.81,864.98
2025-12-16T05:59:17,3.60,25631,4988.00,4989.00,4989.00,-3.62,97.62,-3.77,864.93
2025-12-16T06:16:05,3.60,25631,1957.00,1965.00,1961.50,-3.50,97.60,-3.70,865.12
2025-12-16T06:32:52,3.60,25631,1960.00,1964.00,1962.00,-3.58,97.55,-3.63,865.30
2025-12-16T06:49:39,3.60,25631,1966.00,1983.00,1973.00,-3.60,97.62,-3.66,865.33
2025-12-16T07:06:27,3.60,25631,1932.00,4988.00,1950.50,-3.39,97.66,-3.58,865.62
2025-12-16T07:23:14,3.60,25631,1940.00,4988.00,1958.00,-3.39,97.64,-3.51,865.91
2025-12-16T07:40:02,3.60,25631,1940.00,1954.00,1948.00,-3.53,97.59,-3.52,865.92
2025-12-16T07:56:50,3.60,25631,1941.00,1955.00,1946.50,-3.69,97.43,-3.58,866.01
2025-12-16T08:13:37,3.60,25631,4988.00,4990.00,4988.50,-3.86,97.36,-3.72,865.99
2025-12-16T08:30:25,3.60,25631,1933.00,4989.00,4988.00,-3.88,97.04,-3.80,865.78
2025-12-16T08:47:13,3.60,25631,4986.00,4989.00,4988.00,-3.80,95.89,-3.78,865.88
2025-12-16T09:03:59,3.60,25631,4987.00,4989.00,4988.00,-3.93,95.17,-3.73,865.89
2025-12-16T09:20:47,3.60,25631,4988.00,4989.00,4989.00,-3.91,94.48,-3.46,865.66
2025-12-16T09:37:35,3.60,25631,1950.00,4990.00,1999.00,-4.02,93.93,-3.39,865.65
2025-12-16T09:54:22,3.60,25631,1997.00,4988.00,4987.50,-4.15,94.05,-3.36,865.59
2025-12-16T10:11:10,3.60,25631,1996.00,4990.00,2000.50,-3.98,93.64,-2.83,865.52
2025-12-16T10:27:58,3.60,25631,1994.00,4989.00,4988.00,-4.09,94.13,-2.93,865.34
2025-12-16T10:44:45,3.60,25631,1940.00,4989.00,1997.50,-4.07,93.84,-2.63,865.19
2025-12-16T11:01:33,3.60,25631,1988.00,4990.00,3496.50,-4.02,93.14,-2.14,865.05
2025-12-16T11:18:21,3.60,25631,1990.00,4989.00,4988.00,-3.81,93.31,-1.77,864.96
2025-12-16T11:35:09,3.60,25631,1982.00,4988.00,4986.50,-3.60,95.01,-1.58,864.78
2025-12-16T11:51:56,3.60,25631,4988.00,4990.00,4989.00,-2.70,94.59,-0.48,864.42
2025-12-16T12:08:44,3.60,25631,1979.00,4988.00,2000.00,-2.70,94.67,-0.01,864.24
2025-12-16T12:25:32,3.60,25631,1990.00,2002.00,1997.50,-2.72,94.94,0.32,863.91
2025-12-16T12:42:20,3.60,25631,1974.00,4989.00,3496.50,-2.67,95.49,0.25,863.65
2025-12-16T12:59:08,3.60,25631,1969.00,1981.00,1976.00,-2.22,95.41,0.64,863.49
2025-12-16T13:15:56,3.60,25631,1984.00,2006.00,1998.50,-1.94,94.45,0.81,863.23
2025-12-16T13:32:44,3.60,25631,1973.00,1998.00,1981.00,-2.35,91.87,0.92,862.88
2025-12-16T13:49:32,3.60,25631,1972.00,4988.00,1987.00,-2.85,94.14,0.58,862.49
2025-12-16T14:06:20,3.60,25631,1975.00,2001.00,1991.50,-3.36,92.16,0.53,861.73
2025-12-16T14:23:08,3.60,25631,1976.00,1997.00,1988.00,-3.53,94.19,-0.11,861.34
2025-12-16T14:39:53,3.60,25631,1993.00,2002.00,1997.00,-3.86,94.94,-0.87,860.60
2025-12-16T14:56:41,3.60,25631,1983.00,4989.00,1995.50,-3.86,94.81,-1.44,860.37
2025-12-16T15:13:29,3.60,25631,1990.00,2000.00,1997.50,-3.86,95.98,-2.01,859.99
2025-12-16T15:30:17,3.60,25631,1983.00,1994.00,1985.00,-3.83,96.02,-2.57,859.39
2025-12-16T15:47:05,3.60,25631,1986.00,2014.00,1992.50,-3.83,95.43,-2.97,858.97
2025-12-16T16:03:53,3.60,25631,2008.00,2019.00,2016.50,-3.87,95.48,-3.32,858.48
2025-12-16T16:20:41,3.60,25631,2018.00,4989.00,4988.00,-3.94,95.84,-3.55,858.03
2025-12-16T16:37:28,3.60,25631,4988.00,4990.00,4989.00,-3.91,95.94,-3.70,857.82
2025-12-16T16:54:16,3.60,25631,1980.00,1999.00,1995.00,-3.91,96.17,-3.77,857.19
2025-12-16T17:11:04,3.60,25631,1999.00,2007.00,2003.00,-3.90,95.85,-3.82,856.60
2025-12-16T17:27:51,3.60,25631,4497.00,4990.00,4989.00,-3.95,95.82,-3.85,856.26
2025-12-16T17:44:39,3.60,25631,1983.00,1991.00,1988.00,-3.91,95.91,-3.88,855.89
2025-12-16T18:01:27,3.60,25631,1962.00,1974.00,1969.50,-3.93,96.17,-3.89,855.91
2025-12-16T18:18:14,3.60,25631,1993.00,4988.00,4987.00,-3.87,95.94,-3.89,855.40
2025-12-16T18:35:02,3.60,25631,1975.00,1981.00,1980.00,-3.86,96.19,-3.87,854.58
2025-12-16T18:51:50,3.60,25631,1968.00,1985.00,1972.00,-3.74,95.99,-3.84,854.06
2025-12-16T19:08:37,3.60,25631,1969.00,4989.00,3492.50,-3.76,95.62,-3.81,853.62
2025-12-16T19:25:25,3.60,25631,4988.00,4989.00,4989.00,-3.84,95.94,-3.83,853.30
2025-12-16T19:42:13,3.60,25631,4988.00,4990.00,4989.00,-3.77,96.36,-3.82,853.12
2025-12-16T19:59:00,3.60,25631,1994.00,4989.00,1999.50,-3.56,95.85,-3.77,852.75
2025-12-16T20:15:48,3.59,25631,1969.00,2000.00,1997.50,-3.66,96.02,-3.73,852.50
2025-12-16T20:32:36,3.60,25631,1995.00,2007.00,2002.00,-3.77,96.66,-3.75,852.82
2025-12-16T20:49:23,3.60,25631,1995.00,2001.00,1998.00,-3.88,96.74,-3.84,852.74
2025-12-16T21:06:11,3.60,25631,1993.00,4989.00,3495.00,-3.81,95.95,-3.94,852.69
2025-12-16T21:22:57,3.60,25631,1995.00,4989.00,2004.00,-3.90,95.38,-3.99,852.48
2025-12-16T21:39:44,3.60,25631,1995.00,4988.00,2007.50,-4.33,95.30,-4.20,852.07
2025-12-16T21:56:32,3.60,25631,1996.00,4989.00,2006.50,-4.50,95.64,-4.55,852.05
2025-12-16T22:13:19,3.60,25631,1997.00,4989.00,2005.50,-4.70,95.57,-4.73,851.89
2025-12-16T22:30:07,3.60,25631,2005.00,4990.00,4989.00,-4.36,95.84,-4.63,851.90
2025-12-16T22:46:55,3.60,25631,4987.00,4989.00,4988.50,-4.30,96.12,-4.52,851.78
2025-12-16T23:03:42,3.60,25631,4987.00,4989.00,4988.00,-4.32,96.23,-4.50,851.77
2025-12-16T23:20:30,3.59,25631,4987.00,4990.00,4988.00,-4.25,96.36,-4.44,851.81
2025-12-16T23:37:17,3.60,25631,4988.00,4989.00,4988.00,-4.08,96.22,-4.34,851.86
2025-12-16T23:54:05,3.60,25631,4987.00,4989.00,4988.00,-4.21,96.63,-4.33,851.92
2025-12-17T00:10:53,3.60,25631,1976.00,1994.00,1982.00,-4.14,96.51,-4.30,851.99
2025-12-17T00:27:40,3.59,25631,2001.00,2006.00,2005.00,-4.24,96.77,-4.31,852.09
2025-12-17T00:44:28,3.60,25631,1999.00,2032.00,2030.00,-4.05,95.90,-4.27,852.21
2025-12-17T01:01:16,3.60,25631,2004.00,2029.00,2024.50,-4.12,96.22,-4.25,852.33
2025-12-17T01:18:03,3.60,25631,2028.00,2034.00,2031.00,-4.18,96.47,-4.28,852.51
2025-12-17T01:34:51,3.60,25631,1989.00,2017.00,2010.50,-4.22,96.41,-4.28,852.67
2025-12-17T01:51:39,3.61,25631,2019.00,2028.00,2023.50,-4.21,96.89,-4.19,853.03
2025-12-17T02:08:26,3.60,25631,1991.00,2004.00,1999.00,-4.28,97.04,-4.23,853.36
2025-12-17T02:25:14,3.60,25631,2000.00,2017.00,2007.50,-4.28,97.41,-4.28,853.61
2025-12-17T02:42:02,3.60,25631,2026.00,4988.00,4987.00,-4.25,97.41,-4.28,853.93
2025-12-17T02:58:49,3.60,25631,4988.00,4990.00,4989.00,-4.15,97.75,-4.25,854.19
2025-12-17T03:15:37,3.60,25631,1991.00,1998.00,1995.00,-4.14,97.67,-4.22,854.69
2025-12-17T03:32:24,3.60,25631,2048.00,2058.00,2052.50,-4.15,97.51,-4.20,855.06
2025-12-17T03:49:12,3.59,25631,1966.00,1979.00,1971.00,-4.12,97.40,-4.19,855.54
2025-12-17T04:05:58,3.60,25631,1981.00,1987.00,1984.50,-4.14,97.56,-4.17,855.90
2025-12-17T04:22:45,3.59,25631,1976.00,4989.00,2003.50,-4.08,97.73,-4.16,856.13
2025-12-17T04:39:33,3.60,25631,1982.00,1996.00,1987.00,-4.02,97.72,-4.13,856.70
2025-12-17T04:56:21,3.60,25631,1998.00,4989.00,4987.50,-4.07,97.60,-4.11,857.26
2025-12-17T05:13:08,3.60,25631,4989.00,4990.00,4989.00,-4.12,96.71,-4.11,857.62
2025-12-17T05:29:56,3.60,25631,4988.00,4990.00,4989.00,-4.18,94.88,-4.11,857.85
2025-12-17T05:46:43,3.60,25631,4988.00,4990.00,4988.50,-4.24,94.87,-4.15,858.35
2025-12-17T06:03:31,3.59,25631,4987.00,4989.00,4988.00,-4.45,96.81,-4.26,858.79
2025-12-17T06:20:19,3.60,25631,1978.00,1989.00,1984.50,-4.56,97.43,-4.38,859.15
2025-12-17T06:37:06,3.60,25631,4988.00,4990.00,4988.50,-4.63,97.43,-4.50,859.73
2025-12-17T06:53:54,3.60,25631,1986.00,1998.00,1994.00,-4.67,97.19,-4.58,860.05
2025-12-17T07:10:42,3.60,25631,1998.00,4990.00,4989.00,-4.72,97.36,-4.64,860.46
2025-12-17T07:27:29,3.60,25631,4987.00,4990.00,4989.00,-4.72,97.54,-4.69,860.79
2025-12-17T07:44:17,3.60,25631,1985.00,1988.00,1986.00,-4.64,97.55,-4.69,861.17
2025-12-17T08:01:04,3.60,25631,1982.00,1986.00,1984.00,-4.59,97.53,-4.65,861.53
2025-12-17T08:17:52,3.60,25631,1999.00,4989.00,4988.00,-4.53,97.45,-4.60,861.82
2025-12-17T08:34:39,3.60,25631,1987.00,4990.00,4988.50,-4.73,97.13,-4.61,862.17
2025-12-17T08:51:26,3.60,25631,1945.00,2018.00,1953.50,-4.94,97.05,-4.71,862.57
2025-12-17T09:08:14,3.60,25631,4988.00,4990.00,4989.00,-4.98,96.91,-4.72,862.93
2025-12-17T09:25:02,3.60,25631,1987.00,4989.00,1994.00,-5.40,96.22,-4.71,863.21
2025-12-17T09:41:49,3.60,25631,2003.00,4990.00,4988.50,-5.29,96.01,-4.18,863.54
2025-12-17T09:58:37,3.60,25631,1994.00,4990.00,2011.00,-5.23,95.68,-3.56,863.85
2025-12-17T10:15:24,3.60,25631,2006.00,4990.00,2010.50,-5.09,94.96,-2.99,863.88
2025-12-17T10:32:12,3.60,25631,1995.00,2009.00,2003.00,-5.15,94.44,-3.17,864.23
2025-12-17T10:49:00,3.60,25631,2001.00,2010.00,2004.50,-4.57,94.81,-2.24,864.51
2025-12-17T11:05:48,3.60,25631,1988.00,2004.00,1995.00,-4.64,94.59,-1.94,864.78
2025-12-17T11:22:35,3.60,25631,2006.00,2027.00,2020.50,-4.74,95.16,-1.88,864.72
2025-12-17T11:39:23,3.60,25631,2023.00,2035.00,2028.00,-4.69,94.26,-1.51,864.95
2025-12-17T11:56:11,3.60,25631,2028.00,2037.00,2031.50,-4.53,95.19,-1.03,865.20
2025-12-17T12:12:59,3.60,25631,2029.00,2038.00,2034.00,-4.48,95.82,-0.76,865.35
2025-12-17T12:29:47,3.60,25631,2022.00,2048.00,2034.00,-4.45,93.69,-0.54,865.33
2025-12-17T12:46:35,3.60,25631,2031.00,2040.00,2036.00,-4.60,95.92,-0.96,865.52
2025-12-17T13:03:22,3.60,25631,2030.00,2041.00,2037.50,-4.33,95.34,-0.26,865.77
2025-12-17T13:20:10,3.60,25631,2024.00,2037.00,2032.00,-4.59,93.36,-0.66,865.61
2025-12-17T13:36:58,3.60,25631,2033.00,2050.00,2043.00,-3.98,93.29,0.57,865.40
2025-12-17T13:53:46,3.60,25631,2035.00,2044.00,2039.50,-4.53,95.06,-1.11,865.54
2025-12-17T14:10:34,3.60,25631,2035.00,2041.00,2037.00,-4.44,95.16,-1.32,865.63
2025-12-17T14:27:22,3.60,25631,2032.00,2041.00,2038.00,-4.66,96.29,-2.41,865.87
2025-12-17T14:44:09,3.60,25631,2040.00,4989.00,2045.50,-4.76,96.60,-3.11,866.02
2025-12-17T15:00:57,3.60,25631,2017.00,2029.00,2021.50,-4.67,96.73,-3.23,865.91
2025-12-17T15:17:44,3.60,25631,2006.00,2011.00,2008.50,-4.67,96.17,-3.14,865.95
2025-12-17T15:34:32,3.59,25631,2007.00,2015.00,2011.50,-4.74,95.78,-3.51,865.74
2025-12-17T15:51:19,3.60,25631,4988.00,4991.00,4990.00,-4.87,96.13,-4.01,865.67
2025-12-17T16:08:07,3.60,25631,4987.00,4989.00,4988.00,-4.94,96.16,-4.30,865.64
2025-12-17T16:24:54,3.59,25631,1989.00,1999.00,1995.50,-5.05,96.31,-4.59,865.37
2025-12-17T16:41:42,3.59,25631,1991.00,1998.00,1994.50,-5.16,96.43,-4.84,865.32
2025-12-17T16:58:30,3.59,25631,1978.00,1985.00,1980.00,-5.07,96.63,-4.93,865.23
2025-12-17T17:15:17,3.60,25631,1992.00,1999.00,1996.00,-4.98,96.96,-4.94,865.21
2025-12-17T17:32:05,3.60,25631,1988.00,2019.00,2006.00,-5.05,96.66,-5.01,865.21
2025-12-17T17:48:52,3.59,25631,1989.00,2002.00,1996.50,-5.19,96.70,-5.13,865.05
2025-12-17T18:05:40,3.59,25631,1987.00,1996.00,1992.50,-5.00,97.28,-5.15,865.04
2025-12-17T18:22:28,3.59,25631,1984.00,1993.00,1988.00,-4.94,97.27,-5.08,865.02
2025-12-17T18:39:15,3.59,25631,4989.00,4990.00,4989.00,-4.79,97.26,-4.98,864.81
2025-12-17T18:56:03,3.60,25631,1989.00,4989.00,4987.00,-4.69,97.42,-4.90,864.88
2025-12-17T19:12:50,3.59,25631,4989.00,4990.00,4990.00,-4.69,97.38,-4.82,864.91
2025-12-17T19:29:38,3.60,25631,1934.00,4991.00,4989.00,-4.56,97.32,-4.75,865.28
2025-12-17T19:46:25,3.59,25631,1927.00,1934.00,1932.00,-4.74,97.14,-4.76,865.39
2025-12-17T20:03:13,3.59,25631,1928.00,1936.00,1931.00,-4.83,97.20,-4.79,865.64
2025-12-17T20:20:01,3.59,25631,1929.00,1932.00,1930.00,-4.91,97.12,-4.84,865.93
2025-12-17T20:36:48,3.59,25631,1904.00,1914.00,1910.50,-5.09,96.20,-4.93,866.29
2025-12-17T20:53:34,3.60,25631,1913.00,4990.00,1920.50,-5.26,95.20,-5.08,866.29
2025-12-17T21:10:21,3.59,25631,1921.00,1926.00,1924.00,-5.48,94.42,-5.23,866.39
2025-12-17T21:27:09,3.59,25631,1919.00,1934.00,1929.50,-5.67,93.40,-5.46,866.46
2025-12-17T21:43:57,3.59,25631,1926.00,1933.00,1931.00,-5.64,93.57,-5.55,866.19
2025-12-17T22:00:44,3.59,25631,1927.00,1939.00,1932.00,-5.93,94.40,-5.72,865.96
2025-12-17T22:17:32,3.59,25631,1924.00,1937.00,1931.50,-6.01,95.19,-5.85,865.87
2025-12-17T22:34:19,3.59,25631,1927.00,1936.00,1931.50,-5.97,95.06,-5.84,865.70
2025-12-17T22:51:07,3.58,25631,4989.00,4990.00,4990.00,-5.86,95.37,-5.81,865.54
2025-12-17T23:07:54,3.59,25631,1928.00,1937.00,1934.00,-5.88,96.00,-5.81,865.28
2025-12-17T23:24:42,3.59,25631,1940.00,1948.00,1944.50,-5.91,96.18,-5.84,864.94
2025-12-17T23:41:29,3.58,25631,4989.00,4991.00,4990.00,-5.93,96.22,-5.86,864.70
2025-12-17T23:58:17,3.59,25631,4989.00,4990.00,4989.00,-5.90,96.03,-5.87,864.08
2025-12-18T00:15:05,3.59,25631,4989.00,4990.00,4989.00,-5.87,95.84,-5.88,863.89
2025-12-18T00:31:52,3.59,25631,4987.00,4990.00,4989.00,-5.90,95.95,-5.88,863.56
2025-12-18T00:48:40,3.58,25631,4988.00,4990.00,4989.00,-5.80,96.25,-5.85,863.34
2025-12-18T01:05:27,3.58,25631,1967.00,4990.00,4989.00,-5.66,96.56,-5.78,863.16
2025-12-18T01:22:15,3.59,25631,1935.00,1943.00,1939.00,-5.58,96.55,-5.70,863.16
2025-12-18T01:39:02,3.59,25631,1938.00,1945.00,1941.00,-5.49,96.34,-5.63,862.89
2025-12-18T01:55:50,3.57,25631,1937.00,1945.00,1942.50,-5.46,96.38,-5.60,862.56
2025-12-18T02:12:38,3.59,25631,1934.00,1940.00,1936.50,-5.49,96.36,-5.60,862.30
2025-12-18T02:29:25,3.58,25631,1929.00,1939.00,1934.50,-5.43,96.40,-5.56,862.38
2025-12-18T02:46:13,3.58,25631,4988.00,4990.00,4990.00,-5.44,96.61,-5.51,862.37
2025-12-18T03:03:00,3.58,25631,1898.00,1903.00,1900.00,-5.36,96.59,-5.46,861.98
2025-12-18T03:19:48,3.59,25631,1891.00,1899.00,1896.50,-5.31,96.62,-5.40,861.87
2025-12-18T03:36:36,3.59,25631,1868.00,1879.00,1872.50,-5.31,96.89,-5.39,861.45
2025-12-18T03:53:23,3.59,25631,1874.00,1885.00,1877.50,-5.38,96.82,-5.40,861.37
2025-12-18T04:10:11,3.58,25631,1883.00,1889.00,1885.00,-5.38,96.74,-5.45,860.87
2025-12-18T04:26:58,3.59,25631,1886.00,1895.00,1890.50,-5.46,96.67,-5.50,860.66
2025-12-18T04:43:46,3.59,25631,1895.00,1900.00,1898.00,-5.36,96.83,-5.51,860.52
2025-12-18T05:00:33,3.59,25631,4988.00,4990.00,4990.00,-5.38,96.80,-5.49,860.41
2025-12-18T05:17:21,3.58,25631,4988.00,4990.00,4988.00,-5.28,96.86,-5.42,860.14
2025-12-18T05:34:08,3.59,25631,4989.00,4991.00,4991.00,-5.16,96.93,-5.36,859.94
2025-12-18T05:50:56,3.59,25631,1885.00,4991.00,1891.50,-5.19,96.86,-5.30,859.63
2025-12-18T06:07:44,3.58,25631,1863.00,1872.00,1869.50,-5.19,97.16,-5.28,859.41
2025-12-18T06:24:31,3.59,25631,4990.00,4992.00,4990.00,-5.28,97.35,-5.29,859.05
2025-12-18T06:41:19,3.59,25631,4989.00,4990.00,4989.50,-5.42,97.24,-5.36,858.97
2025-12-18T06:58:04,3.59,25631,4987.00,4990.00,4988.00,-5.48,97.32,-5.43,858.64
2025-12-18T07:14:52,3.59,25631,4988.00,4989.00,4989.00,-5.48,97.16,-5.47,858.40
2025-12-18T07:31:39,3.59,25631,1875.00,1882.00,1879.50,-5.50,97.01,-5.51,858.25
2025-12-18T07:48:27,3.58,25631,1874.00,1883.00,1877.00,-5.52,96.87,-5.55,858.22
2025-12-18T08:05:15,3.59,25631,4986.00,4989.00,4988.00,-5.48,96.72,-5.55,858.01
2025-12-18T08:22:02,3.57,25631,4990.00,4992.00,4991.00,-5.43,96.83,-5.53,858.06
2025-12-18T08:38:50,3.59,25631,4988.00,4991.00,4990.00,-5.43,96.73,-5.51,857.59
2025-12-18T08:55:37,3.59,25631,4989.00,4990.00,4989.00,-5.43,96.70,-5.47,857.63
2025-12-18T09:12:25,3.59,25631,1884.00,1889.00,1886.00,-5.49,96.62,-5.40,857.25
2025-12-18T09:29:12,3.59,25631,1879.00,1890.00,1884.00,-5.39,96.64,-5.28,857.40
2025-12-18T09:46:00,3.59,25631,4988.00,4990.00,4989.50,-5.35,96.74,-5.15,857.37
2025-12-18T10:02:48,3.58,25631,1856.00,1864.00,1860.00,-5.22,96.47,-4.72,856.95
2025-12-18T10:19:34,3.59,25631,1860.00,1870.00,1866.00,-5.05,96.15,-3.86,857.02
2025-12-18T10:36:22,3.59,25631,1859.00,1870.00,1868.00,-4.93,96.39,-3.63,856.86
2025-12-18T10:53:09,3.59,25631,1861.00,1873.00,1868.00,-4.67,96.46,-3.23,856.59
2025-12-18T11:09:57,3.60,25631,4988.00,4989.00,4989.00,-4.22,96.19,-2.57,856.32
2025-12-18T11:26:45,3.59,25631,4988.00,4991.00,4990.00,-4.59,95.79,-2.21,855.90
2025-12-18T11:43:33,3.59,25631,4989.00,4990.00,4989.00,-4.41,95.98,-2.26,855.78
2025-12-18T12:00:20,3.59,25631,4987.00,4989.00,4988.50,-4.44,95.95,-2.14,855.55
2025-12-18T12:17:08,3.60,25631,4987.00,4989.00,4988.00,-4.28,95.64,-1.50,855.15
2025-12-18T12:33:56,3.60,25631,1872.00,1889.00,1879.00,-4.28,96.20,-1.33,854.95
2025-12-18T12:50:44,3.59,25631,4989.00,4991.00,4990.00,-4.01,95.61,-1.05,854.75
2025-12-18T13:07:32,3.59,25631,4988.00,4990.00,4989.00,-4.15,95.86,-1.16,854.49
2025-12-18T13:24:19,3.60,25631,4987.00,4989.00,4988.00,-4.38,94.35,-1.18,854.28
2025-12-18T13:41:07,3.59,25631,4988.00,4990.00,4989.00,-4.21,95.59,-1.08,854.11
2025-12-18T13:57:55,3.59,25631,1881.00,1894.00,1886.00,-4.35,95.23,-1.12,853.82
2025-12-18T14:14:43,3.60,25631,4988.00,4990.00,4989.00,-4.64,95.76,-1.10,853.73
2025-12-18T14:31:30,3.60,25631,4987.00,4990.00,4989.00,-4.59,94.73,-1.45,853.44
2025-12-18T14:48:18,3.59,25631,4988.00,4990.00,4989.00,-4.22,95.04,-1.10,853.49
2025-12-18T15:05:06,3.59,25631,4988.00,4989.00,4988.00,-3.98,94.88,-0.38,853.32
2025-12-18T15:21:54,3.59,25631,4988.00,4989.00,4988.50,-4.95,93.07,-0.95,853.16
2025-12-18T15:38:42,3.60,25631,4988.00,4990.00,4989.00,-5.74,95.25,-2.01,853.11
2025-12-18T15:55:28,3.59,25631,4989.00,4991.00,4989.50,-5.73,94.91,-3.05,852.97
2025-12-18T16:12:16,3.59,25631,4987.00,4989.00,4989.00,-6.52,95.23,-4.42,852.94
2025-12-18T16:29:03,3.58,25631,4990.00,4991.00,4990.00,-7.15,96.19,-5.65,853.10
2025-12-18T16:45:51,3.58,25631,4988.00,4990.00,4989.00,-7.02,96.84,-6.21,853.14
2025-12-18T17:02:38,3.58,25631,4989.00,4992.00,4990.50,-7.14,95.99,-6.50,853.11
2025-12-18T17:19:26,3.58,25631,4989.00,4990.00,4989.00,-7.50,95.95,-6.93,853.31
2025-12-18T17:36:13,3.58,25631,4990.00,4993.00,4991.00,-7.76,95.87,-7.19,853.30
2025-12-18T17:53:01,3.58,25631,4989.00,4991.00,4989.50,-7.60,96.06,-7.28,853.43
2025-12-18T18:09:48,3.58,25631,4989.00,4991.00,4990.00,-7.53,96.11,-7.29,853.56
2025-12-18T18:26:36,3.59,25631,4989.00,4991.00,4990.00,-7.43,96.38,-7.27,853.65
2025-12-18T18:43:23,3.58,25631,4988.00,4991.00,4989.50,-7.28,96.41,-7.25,853.86
2025-12-18T19:00:10,3.58,25631,4989.00,4990.00,4989.50,-7.32,95.96,-7.20,853.93
2025-12-18T19:16:58,3.58,25631,4990.00,4991.00,4990.50,-7.19,96.87,-7.20,854.07
2025-12-18T19:33:45,3.59,25631,4989.00,4991.00,4990.00,-7.15,96.63,-7.17,854.29
2025-12-18T19:50:33,3.58,25631,4989.00,4991.00,4990.00,-7.19,96.44,-7.17,854.46
2025-12-18T20:07:20,3.58,25631,4989.00,4991.00,4990.00,-7.21,96.44,-7.21,854.62
2025-12-18T20:24:07,3.59,25631,4989.00,4992.00,4990.00,-7.19,96.95,-7.22,854.75
2025-12-18T20:40:54,3.59,25631,4989.00,4990.00,4990.00,-7.05,96.96,-7.16,855.04
2025-12-18T20:57:41,3.58,25631,4989.00,4990.00,4990.00,-7.19,96.22,-7.19,855.09
2025-12-18T21:14:29,3.58,25631,4989.00,4990.00,4989.50,-7.40,96.07,-7.33,855.25
2025-12-18T21:31:16,3.58,25631,4990.00,4992.00,4992.00,-7.94,95.68,-7.66,855.47
2025-12-18T21:48:04,3.58,25631,4990.00,4992.00,4991.00,-7.95,96.66,-7.97,855.62
2025-12-18T22:04:51,3.58,25631,4989.00,4991.00,4990.00,-7.88,96.55,-8.04,855.74
2025-12-18T22:21:38,3.58,25631,4990.00,4992.00,4991.00,-7.66,96.90,-7.98,855.99
2025-12-18T22:38:25,3.57,25631,4990.00,4991.00,4991.00,-7.38,96.79,-7.74,856.18
2025-12-18T22:55:12,3.58,25631,4988.00,4991.00,4989.50,-7.35,96.54,-7.60,856.30
2025-12-18T23:12:00,3.57,25631,4989.00,4991.00,4990.00,-7.33,96.58,-7.55,856.59
2025-12-18T23:28:47,3.58,25631,4989.00,4991.00,4990.00,-7.29,96.40,-7.47,856.81
2025-12-18T23:45:34,3.58,25631,4986.00,4990.00,4988.00,-7.21,96.31,-7.39,856.96
2025-12-19T00:02:22,3.58,25631,4989.00,4990.00,4989.50,-7.22,96.32,-7.33,857.07
2025-12-19T00:19:09,3.58,25631,4989.00,4992.00,4990.50,-7.23,96.38,-7.29,857.24
2025-12-19T00:35:57,3.58,25631,1905.00,1912.00,1910.00,-7.31,95.96,-7.30,857.38
2025-12-19T00:52:44,3.58,25631,1895.00,1905.00,1901.00,-7.53,95.96,-7.41,857.56
2025-12-19T01:09:31,3.57,25631,1896.00,1905.00,1900.00,-7.56,95.93,-7.47,857.71
2025-12-19T01:26:19,3.58,25631,1894.00,1905.00,1901.00,-7.53,96.24,-7.53,857.85
2025-12-19T01:43:06,3.58,25631,4989.00,4990.00,4990.00,-7.52,96.17,-7.52,858.08
2025-12-19T01:59:54,3.58,25631,4989.00,4990.00,4989.50,-7.36,96.47,-7.42,858.17
2025-12-19T02:16:41,3.58,25631,4988.00,4991.00,4990.00,-7.42,96.30,-7.39,858.44
2025-12-19T02:33:28,3.56,25631,1905.00,4990.00,1925.00,-7.43,96.41,-7.39,858.72
2025-12-19T02:50:16,3.56,25631,1901.00,1908.00,1905.00,-7.50,96.30,-7.41,859.03
2025-12-19T03:07:03,3.58,25631,4989.00,4990.00,4989.50,-7.57,96.21,-7.46,859.27
2025-12-19T03:23:51,3.58,25631,1899.00,1907.00,1904.50,-7.60,96.27,-7.51,859.49
2025-12-19T03:40:38,3.58,25631,4988.00,4990.00,4989.00,-7.73,96.13,-7.58,859.73
2025-12-19T03:57:25,3.58,25631,4990.00,4992.00,4991.00,-7.78,96.15,-7.66,859.99
2025-12-19T04:14:13,3.58,25631,4989.00,4991.00,4990.00,-7.84,95.84,-7.74,860.17
2025-12-19T04:31:00,3.58,25631,1914.00,1930.00,1926.00,-7.90,96.15,-7.87,860.38
2025-12-19T04:47:47,3.58,25631,1957.00,4992.00,4990.00,-7.87,96.21,-7.91,860.49
2025-12-19T05:04:35,3.58,25631,1882.00,1895.00,1891.00,-7.93,96.16,-7.92,860.66
2025-12-19T05:21:22,3.57,25631,1886.00,1902.00,1895.00,-7.94,96.20,-7.94,860.80
2025-12-19T05:38:09,3.58,25631,1960.00,4991.00,4990.00,-8.04,96.23,-7.98,860.88
2025-12-19T05:54:57,3.58,25631,1925.00,1930.00,1927.50,-8.11,96.24,-8.04,861.17
2025-12-19T06:11:44,3.58,25631,1921.00,1931.00,1927.00,-8.19,96.08,-8.13,861.34
2025-12-19T06:28:30,3.58,25631,1919.00,1927.00,1923.50,-8.33,96.23,-8.32,861.52
2025-12-19T06:45:18,3.59,25631,1919.00,1928.00,1924.50,-8.17,96.26,-8.32,861.83
2025-12-19T07:02:05,3.58,25631,1910.00,1918.00,1914.50,-8.15,96.10,-8.27,861.97
2025-12-19T07:18:53,3.58,25631,1915.00,1921.00,1918.50,-8.24,95.72,-8.31,862.06
2025-12-19T07:35:40,3.58,25631,1911.00,1918.00,1915.50,-8.21,96.00,-8.36,862.27
2025-12-19T07:52:27,3.57,25631,1909.00,1916.00,1913.50,-8.39,95.77,-8.44,862.39
2025-12-19T08:09:15,3.58,25631,1912.00,1916.00,1913.00,-8.52,96.12,-8.60,862.67
2025-12-19T08:26:02,3.58,25631,1908.00,1918.00,1912.50,-8.57,95.84,-8.63,862.79
2025-12-19T08:42:49,3.58,25631,1909.00,1917.00,1911.50,-8.64,95.48,-8.73,862.99
2025-12-19T08:59:36,3.58,25631,1909.00,1917.00,1912.00,-8.64,96.36,-8.77,863.27
2025-12-19T09:16:24,3.58,25631,1912.00,1918.00,1915.00,-8.43,96.08,-8.48,863.57
2025-12-19T09:33:11,3.58,25631,1910.00,1925.00,1918.00,-8.49,95.77,-8.07,863.78
2025-12-19T09:49:58,3.58,25631,1909.00,1916.00,1914.00,-8.29,95.69,-7.43,863.92
2025-12-19T10:06:46,3.58,25631,1945.00,1953.00,1949.00,-8.17,95.12,-6.89,864.11
2025-12-19T10:23:33,3.58,25631,1940.00,1950.00,1946.50,-8.32,95.21,-6.57,864.36
2025-12-19T10:40:21,3.58,25631,1932.00,1946.00,1939.50,-8.36,95.05,-6.13,864.51
2025-12-19T10:57:07,3.58,25631,1966.00,1979.00,1975.50,-8.19,94.86,-5.58,864.65
2025-12-19T11:13:55,3.58,25631,1957.00,1975.00,1967.00,-7.69,95.21,-4.92,864.87
2025-12-19T11:30:42,3.58,25631,1902.00,1917.00,1910.00,-7.74,94.18,-4.29,864.96
2025-12-19T11:47:30,3.58,25631,1941.00,1959.00,1951.00,-7.61,94.15,-4.22,865.04
2025-12-19T12:04:18,3.58,25631,1950.00,1960.00,1956.00,-7.74,94.54,-3.84,865.13
2025-12-19T12:21:05,3.59,25631,1942.00,1949.00,1945.00,-7.67,93.40,-3.78,865.13
2025-12-19T12:37:53,3.58,25631,4989.00,4991.00,4989.50,-7.97,94.24,-4.01,865.24
2025-12-19T12:54:40,3.58,25631,1940.00,1950.00,1944.50,-8.01,94.14,-3.97,865.26
2025-12-19T13:11:28,3.58,25631,4989.00,4991.00,4990.00,-8.49,94.06,-4.68,865.43
2025-12-19T13:28:16,3.58,25631,1956.00,1963.00,1957.50,-8.93,93.92,-4.73,865.43
2025-12-19T13:45:03,3.58,25631,1951.00,1957.00,1954.00,-9.22,94.38,-5.34,865.58
2025-12-19T13:48:27,3.67,25631,1951.00,1957.00,1955.00,-9.28,94.47,-5.48,865.70
2025-12-19T13:49:09,3.67,25631,1952.00,1957.00,1954.00,-9.25,94.44,-5.48,865.97
2025-12-19T14:05:57,3.67,25631,1947.00,1953.00,1951.00,-9.57,94.01,-5.89,865.75
2025-12-19T14:22:45,3.67,25631,1946.00,1951.00,1949.00,-9.22,94.21,-5.99,865.81
2025-12-19T14:39:32,3.66,25631,1950.00,1956.00,1953.00,-8.76,93.76,-5.56,865.85
2025-12-19T14:56:20,3.66,25631,1950.00,1954.00,1952.00,-9.49,93.96,-5.77,865.82
2025-12-19T15:13:08,3.65,25631,1955.00,1960.00,1956.50,-9.42,94.68,-6.56,866.01
2025-12-19T15:29:55,3.66,25631,1954.00,1963.00,1957.50,-9.46,94.09,-7.28,866.08
2025-12-19T15:46:43,3.66,25631,1958.00,1967.00,1964.00,-9.95,93.02,-8.07,866.09
2025-12-19T16:03:29,3.66,25631,1959.00,1966.00,1961.50,-10.28,93.37,-8.97,866.19
2025-12-19T16:20:17,3.65,25631,1965.00,1971.00,1968.50,-10.49,94.80,-9.52,866.29
2025-12-19T16:37:04,3.65,25631,1968.00,1976.00,1974.00,-10.67,94.78,-9.99,866.34
2025-12-19T16:53:52,3.65,25631,1971.00,1977.00,1973.00,-10.70,94.45,-10.22,866.29
2025-12-19T17:10:39,3.65,25631,1977.00,1984.00,1981.50,-10.87,93.95,-10.45,866.26
2025-12-19T17:27:26,3.65,25631,1970.00,1977.00,1972.50,-10.87,94.12,-10.62,866.18
2025-12-19T17:44:14,3.65,25631,1940.00,1950.00,1945.00,-11.14,94.18,-10.87,866.02
2025-12-19T18:01:01,3.65,25631,1936.00,1955.00,1944.50,-11.18,92.81,-11.00,865.87
2025-12-19T18:17:48,3.65,25631,1942.00,1949.00,1946.00,-11.42,93.74,-11.20,866.00
2025-12-19T18:34:36,3.65,25631,1941.00,1951.00,1945.50,-11.69,94.01,-11.39,866.13
2025-12-19T18:51:23,3.65,25631,1941.00,1951.00,1945.50,-11.53,92.39,-11.46,865.76
2025-12-19T19:08:10,3.65,25631,1940.00,1949.00,1946.00,-11.38,92.54,-11.52,865.71
2025-12-19T19:24:58,3.65,25631,1941.00,1956.00,1949.50,-11.60,93.10,-11.54,865.72
2025-12-19T19:41:45,3.65,25631,1950.00,1958.00,1954.00,-11.84,93.69,-11.68,865.81
2025-12-19T19:58:32,3.65,25631,1961.00,1968.00,1964.50,-11.56,93.17,-11.63,865.62
2025-12-19T20:15:20,3.65,25631,1960.00,1966.00,1963.50,-11.47,92.98,-11.55,865.45
2025-12-19T20:32:06,3.65,25631,1964.00,1968.00,1966.50,-11.87,92.97,-11.64,865.34
2025-12-19T20:48:54,3.65,25631,1964.00,1972.00,1968.50,-11.94,93.06,-11.77,865.26
2025-12-19T21:05:41,3.65,25631,1970.00,1987.00,1973.00,-12.35,91.81,-12.01,865.01
2025-12-19T21:22:28,3.65,25631,1966.00,1974.00,1969.00,-12.60,92.71,-12.32,865.02
2025-12-19T21:39:15,3.64,25631,1979.00,1990.00,1987.50,-12.68,91.02,-12.43,864.98
2025-12-19T21:56:03,3.64,25631,1983.00,4993.00,4993.00,-12.73,89.68,-12.51,865.05
2025-12-19T22:12:50,3.64,25631,1987.00,2008.00,2001.50,-13.09,91.56,-12.76,865.38
2025-12-19T22:29:37,3.65,25631,1952.00,1964.00,1955.00,-13.44,92.37,-12.99,865.40
2025-12-19T22:46:24,3.64,25631,1975.00,1982.00,1979.00,-13.48,90.34,-13.11,865.43
2025-12-19T23:03:11,3.64,25631,1970.00,1984.00,1975.50,-13.67,90.48,-13.31,865.42
2025-12-19T23:19:58,3.64,25631,1964.00,4993.00,1973.00,-13.54,90.29,-13.40,865.67
2025-12-19T23:36:46,3.65,25631,1960.00,1967.00,1962.00,-14.01,89.03,-13.61,865.63
2025-12-19T23:53:33,3.64,25631,1960.00,1966.00,1962.00,-14.20,89.48,-13.83,865.64
2025-12-20T00:10:20,3.64,25631,1956.00,1964.00,1960.50,-14.05,89.95,-13.98,865.82
2025-12-20T00:27:07,3.64,25631,1977.00,1984.00,1982.00,-14.30,89.29,-14.04,865.83
2025-12-20T00:43:54,3.64,25631,1964.00,2000.00,1971.50,-14.57,89.57,-14.29,865.89
2025-12-20T01:00:41,3.64,25631,1980.00,1990.00,1981.50,-14.65,90.70,-14.49,866.01
2025-12-20T01:17:29,3.64,25631,1989.00,1998.00,1992.00,-14.34,90.32,-14.44,866.04
2025-12-20T01:34:16,3.64,25631,1985.00,1993.00,1988.00,-14.22,90.95,-14.36,866.19
2025-12-20T01:51:03,3.64,25631,1980.00,1991.00,1988.50,-14.12,91.18,-14.27,866.21
2025-12-20T02:07:50,3.64,25631,1990.00,1996.00,1994.00,-14.30,90.26,-14.32,866.14
2025-12-20T02:24:37,3.64,25631,1984.00,1998.00,1991.50,-14.50,89.42,-14.57,866.00
2025-12-20T02:41:24,3.64,25631,1988.00,1997.00,1993.00,-14.96,90.34,-15.11,865.90
2025-12-20T02:58:12,3.63,25631,1991.00,2001.00,1996.50,-14.71,90.11,-15.03,866.08
2025-12-20T03:14:59,3.64,25631,1972.00,1982.00,1975.50,-14.67,91.27,-14.83,866.13
2025-12-20T03:31:46,3.64,25631,1983.00,1987.00,1985.00,-14.58,90.81,-14.79,866.06
2025-12-20T03:48:33,3.64,25631,1982.00,1986.00,1985.00,-14.63,89.60,-14.82,866.03
2025-12-20T04:05:20,3.64,25631,1982.00,1988.00,1984.50,-14.57,90.25,-14.74,866.00
2025-12-20T04:22:07,3.64,25631,1982.00,1988.00,1985.00,-14.77,90.33,-14.80,866.02
2025-12-20T04:38:54,3.64,25631,1980.00,1985.00,1982.00,-14.74,89.33,-14.80,865.95
2025-12-20T04:55:42,3.62,25631,1971.00,1976.00,1973.50,-14.72,91.18,-14.81,865.82
2025-12-20T05:12:29,3.64,25631,1972.00,1976.00,1974.00,-14.63,90.37,-14.74,865.70
2025-12-20T05:29:16,3.64,25631,1973.00,1984.00,1978.00,-14.65,90.62,-14.67,865.67
2025-12-20T05:46:03,3.64,25631,1970.00,1978.00,1975.00,-14.67,91.78,-14.63,865.74
2025-12-20T06:02:50,3.64,25631,1980.00,1987.00,1984.00,-14.72,92.39,-14.66,865.84
2025-12-20T06:19:37,3.64,25631,1983.00,1991.00,1987.00,-14.77,92.00,-14.71,865.72
2025-12-20T06:36:23,3.64,25631,1990.00,1998.00,1992.00,-14.91,90.71,-15.01,865.65
2025-12-20T06:53:10,3.64,25631,1994.00,2001.00,1999.00,-15.09,90.08,-15.38,865.66
2025-12-20T07:09:58,3.64,25631,1996.00,2006.00,2002.50,-14.97,90.57,-15.33,865.50
2025-12-20T07:26:45,3.64,25631,4993.00,4994.00,4993.50,-15.06,90.41,-15.40,865.41
2025-12-20T07:43:32,3.62,25631,1989.00,4995.00,4993.00,-15.12,90.44,-15.60,865.45
2025-12-20T08:00:19,3.64,25631,1987.00,1996.00,1993.50,-15.26,90.55,-15.75,865.41
2025-12-20T08:17:06,3.63,25631,1988.00,4996.00,1995.00,-15.30,90.64,-16.03,865.38
2025-12-20T08:33:53,3.63,25631,1989.00,1998.00,1992.50,-15.47,90.73,-16.12,865.32
2025-12-20T08:50:40,3.64,25631,1989.00,1998.00,1993.50,-15.43,90.78,-16.23,865.35
2025-12-20T09:07:27,3.63,25631,1990.00,1998.00,1995.00,-15.23,90.89,-15.99,865.34
2025-12-20T09:24:14,3.62,25631,1992.00,2001.00,1997.00,-14.71,89.90,-15.30,865.37
2025-12-20T09:41:01,3.63,25631,1998.00,2005.00,2001.00,-14.54,89.31,-14.48,865.47
2025-12-20T09:57:48,3.63,25631,2001.00,2009.00,2004.00,-13.95,90.06,-13.53,865.49
2025-12-20T10:14:36,3.64,25631,2000.00,2006.00,2003.00,-13.88,89.09,-12.75,865.52
2025-12-20T10:31:23,3.64,25631,1996.00,2000.00,1998.50,-13.64,89.27,-12.00,865.60
2025-12-20T10:48:10,3.64,25631,2009.00,2016.00,2015.00,-13.18,88.89,-11.26,865.67
2025-12-20T11:04:57,3.64,25631,2006.00,2014.00,2010.50,-12.08,86.84,-9.48,865.78
2025-12-20T11:21:44,3.64,25631,1999.00,4993.00,3506.50,-13.79,88.07,-9.04,865.65
2025-12-20T11:38:31,3.64,25631,2000.00,2011.00,2009.00,-13.83,89.19,-10.01,865.60
2025-12-20T11:55:19,3.64,25631,4991.00,4994.00,4993.00,-13.47,90.82,-10.16,865.69
2025-12-20T12:12:06,3.65,25631,4990.00,4993.00,4992.00,-12.59,86.22,-7.67,865.69
2025-12-20T12:28:54,3.64,25631,4991.00,4993.00,4992.00,-13.19,87.42,-7.46,865.58
2025-12-20T12:45:41,3.65,25631,2010.00,2017.00,2012.50,-12.61,85.83,-5.20,865.58
2025-12-20T13:02:29,3.65,25631,2012.00,4992.00,2022.50,-13.19,88.59,-7.45,865.74
2025-12-20T13:19:17,3.65,25631,1999.00,2023.00,2006.50,-13.77,89.45,-8.62,865.80
2025-12-20T13:36:04,3.64,25631,2022.00,4993.00,2027.00,-13.29,89.32,-8.92,865.96
2025-12-20T13:52:52,3.65,25631,2001.00,2013.00,2006.00,-12.50,84.58,-7.43,865.96
2025-12-20T14:09:39,3.64,25631,2031.00,4992.00,4991.50,-12.28,87.33,-7.75,865.95
2025-12-20T14:26:27,3.65,25631,4991.00,4993.00,4992.00,-11.88,86.38,-7.85,865.97
2025-12-20T14:43:14,3.64,25631,2012.00,4992.00,4991.00,-13.18,88.63,-8.95,866.09
2025-12-20T15:00:02,3.64,25631,1989.00,1999.00,1993.50,-13.60,89.68,-9.81,866.07
2025-12-20T15:16:49,3.65,25631,4992.00,4993.00,4992.00,-13.43,90.35,-10.60,866.12
2025-12-20T15:33:36,3.64,25631,2004.00,4992.00,2012.00,-13.70,89.67,-11.44,866.15
2025-12-20T15:50:24,3.64,25631,4992.00,4995.00,4993.00,-14.26,91.31,-12.28,866.15
2025-12-20T16:07:11,3.64,25631,1974.00,1986.00,1982.50,-14.39,91.60,-13.09,866.16
2025-12-20T16:23:58,3.64,25631,1981.00,1992.00,1987.00,-14.41,91.93,-13.73,866.13
2025-12-20T16:40:45,3.64,25631,1989.00,2001.00,1995.00,-14.56,91.63,-14.22,866.30
2025-12-20T16:57:32,3.64,25631,1980.00,1998.00,1991.00,-14.37,92.44,-14.28,866.34
2025-12-20T17:14:19,3.64,25631,1987.00,2013.00,1991.50,-14.57,91.98,-14.29,866.44
2025-12-20T17:31:06,3.64,25631,1994.00,2003.00,1998.00,-14.41,91.63,-14.40,866.39
2025-12-20T17:47:54,3.63,25631,1990.00,1999.00,1996.00,-14.99,92.17,-14.95,866.39
2025-12-20T18:04:41,3.64,25631,1998.00,2003.00,1999.00,-14.74,91.83,-14.95,866.37
2025-12-20T18:21:28,3.63,25631,1995.00,2000.00,1999.00,-14.95,91.31,-15.25,866.33
2025-12-20T18:38:15,3.63,25631,1992.00,1997.00,1995.00,-15.07,92.99,-15.49,866.56
2025-12-20T18:55:02,3.62,25631,1997.00,2002.00,2000.00,-14.75,92.44,-15.10,866.70
2025-12-20T19:11:49,3.63,25631,2001.00,2009.00,2004.50,-14.48,92.30,-14.83,866.79
2025-12-20T19:28:36,3.62,25631,2011.00,4994.00,2016.50,-14.33,92.51,-14.66,866.74
2025-12-20T19:45:23,3.63,25631,2015.00,4995.00,2023.50,-14.29,91.94,-14.59,866.77
2025-12-20T20:02:10,3.63,25631,1989.00,4994.00,1995.50,-14.96,91.65,-15.22,866.97
2025-12-20T20:18:57,3.63,25631,1983.00,1998.00,1988.50,-14.88,93.07,-15.26,867.08
2025-12-20T20:35:44,3.63,25631,1991.00,1998.00,1995.50,-14.33,93.20,-14.86,867.14
2025-12-20T20:52:32,3.63,25631,1989.00,2004.00,1999.00,-14.01,92.29,-14.45,867.20
2025-12-20T21:09:17,3.63,25631,1986.00,2013.00,2004.50,-14.37,92.84,-14.46,867.35
2025-12-20T21:26:04,3.63,25631,2006.00,2014.00,2009.00,-14.47,92.47,-14.45,867.43
2025-12-20T21:42:51,3.63,25631,2009.00,4994.00,4993.00,-13.98,93.06,-14.35,867.34
2025-12-20T21:59:38,3.63,25631,4993.00,4995.00,4994.00,-13.65,92.28,-14.16,867.35
2025-12-20T22:16:25,3.62,25631,4995.00,4997.00,4996.00,-14.06,91.23,-14.18,867.39
2025-12-20T22:33:12,3.63,25631,4993.00,4996.00,4994.50,-14.44,92.75,-14.48,867.35
2025-12-20T22:49:59,3.63,25631,4993.00,4995.00,4994.00,-14.78,91.99,-14.78,867.49
2025-12-20T23:06:46,3.62,25631,4993.00,4995.00,4994.00,-15.09,92.44,-15.26,867.44
2025-12-20T23:23:34,3.62,25631,4994.00,4996.00,4994.50,-15.19,92.78,-15.81,867.32
2025-12-20T23:40:21,3.62,25631,2011.00,4996.00,2028.00,-14.48,92.70,-15.83,867.31
2025-12-20T23:57:08,3.62,25631,2013.00,4996.00,4994.50,-15.00,92.70,-16.21,867.39
2025-12-21T00:13:55,3.62,25631,2017.00,4996.00,4995.00,-15.27,92.67,-16.38,867.45
2025-12-21T00:30:42,3.62,25631,2015.00,4997.00,4995.50,-15.19,92.19,-16.46,867.41
2025-12-21T00:47:29,3.62,25631,2022.00,4995.00,3512.50,-15.19,91.74,-16.63,867.23
2025-12-21T01:04:16,3.62,25631,4994.00,4995.00,4995.00,-15.37,92.38,-16.79,867.24
2025-12-21T01:21:03,3.62,25631,2023.00,4996.00,2030.00,-15.24,91.94,-16.58,867.13
2025-12-21T01:37:49,3.62,25631,2021.00,4996.00,4994.50,-15.36,92.92,-16.66,867.04
2025-12-21T01:54:36,3.62,25631,2016.00,2027.00,2024.50,-13.71,93.89,-16.11,866.97
2025-12-21T02:11:23,3.62,25631,2020.00,2037.00,2027.50,-13.93,91.99,-15.69,866.84
2025-12-21T02:28:10,3.62,25631,2012.00,2027.00,2021.00,-14.01,93.15,-15.86,866.71
2025-12-21T02:44:57,3.62,25631,2023.00,2036.00,2027.00,-14.27,92.35,-15.66,866.68
2025-12-21T03:01:44,3.62,25631,2022.00,2029.00,2025.00,-13.91,93.23,-15.60,866.68
2025-12-21T03:18:31,3.62,25631,2025.00,2034.00,2027.00,-13.85,92.56,-15.58,866.54
2025-12-21T03:35:18,3.62,25631,2026.00,2032.00,2029.00,-13.19,93.38,-15.23,866.44
2025-12-21T03:52:05,3.62,25631,2026.00,2032.00,2029.00,-13.16,93.10,-14.96,866.18
2025-12-21T04:08:52,3.62,25631,2024.00,2032.00,2028.50,-13.72,92.67,-15.15,865.99
2025-12-21T04:25:39,3.62,25631,2025.00,2031.00,2028.00,-13.40,92.93,-15.13,865.90
2025-12-21T04:42:26,3.62,25631,2026.00,2032.00,2028.00,-13.20,92.89,-15.05,865.53
2025-12-21T04:59:13,3.62,25631,2029.00,2037.00,2033.00,-13.50,91.86,-14.73,865.49
2025-12-21T05:16:00,3.63,25631,2027.00,2031.00,2030.50,-13.44,93.04,-14.83,865.37
2025-12-21T05:32:47,3.62,25631,2026.00,2035.00,2031.50,-13.27,93.38,-14.84,865.27
2025-12-21T05:49:34,3.63,25631,2026.00,2032.00,2028.50,-13.53,93.00,-14.86,865.22
2025-12-21T06:06:21,3.63,25631,2026.00,2030.00,2029.00,-13.40,92.86,-14.88,865.21
2025-12-21T06:23:08,3.62,25631,2028.00,2033.00,2032.00,-13.02,92.40,-14.63,865.03
2025-12-21T06:39:56,3.63,25631,2029.00,2034.00,2032.00,-12.98,91.03,-14.49,864.87
2025-12-21T06:56:43,3.62,25631,2028.00,2032.00,2030.50,-12.75,90.37,-14.21,864.71
2025-12-21T07:13:30,3.63,25631,2032.00,2038.00,2035.00,-13.23,89.97,-14.29,864.49
2025-12-21T07:30:17,3.62,25631,2027.00,2037.00,2034.50,-12.98,89.75,-14.32,864.40
2025-12-21T07:47:04,3.63,25631,2032.00,2038.00,2036.00,-12.60,86.61,-14.18,864.28
2025-12-21T08:03:51,3.62,25631,2032.00,2036.00,2034.50,-12.92,87.59,-14.31,864.14
2025-12-21T08:20:38,3.63,25631,2033.00,2040.00,2039.00,-12.91,87.26,-14.25,864.11
2025-12-21T08:37:25,3.62,25631,2032.00,2037.00,2035.00,-13.06,86.53,-14.18,863.74
2025-12-21T08:54:12,3.62,25631,2032.00,2042.00,2039.00,-12.68,83.99,-13.93,863.74
2025-12-21T09:11:00,3.63,25631,2034.00,2038.00,2036.50,-12.95,86.03,-13.84,863.73
2025-12-21T09:27:47,3.63,25631,2037.00,2043.00,2039.00,-12.68,84.97,-13.39,863.67
2025-12-21T09:44:34,3.63,25631,2035.00,2042.00,2038.50,-12.21,82.81,-12.72,863.74
2025-12-21T10:01:21,3.63,25631,2037.00,2046.00,2041.50,-11.92,82.29,-12.08,863.65
2025-12-21T10:18:08,3.63,25631,2041.00,2049.00,2046.00,-11.81,82.22,-11.58,863.47
2025-12-21T10:34:55,3.64,25631,2045.00,2052.00,2046.00,-11.44,81.73,-10.91,863.56
2025-12-21T10:51:42,3.64,25631,2048.00,2060.00,2055.00,-11.28,79.55,-10.28,863.43
2025-12-21T11:08:29,3.64,25631,2052.00,2063.00,2060.00,-11.31,78.36,-9.27,863.13
2025-12-21T11:25:17,3.64,25631,2058.00,2065.00,2060.50,-11.39,80.84,-9.36,862.91
2025-12-21T11:42:04,3.64,25631,2062.00,2072.00,2066.50,-10.97,79.60,-8.50,862.72
2025-12-21T11:58:52,3.64,25631,2059.00,2078.00,2065.50,-11.19,79.63,-8.13,862.50
2025-12-21T12:15:39,3.64,25631,2069.00,2079.00,2071.50,-11.51,81.58,-7.97,862.55
2025-12-21T12:32:27,3.64,25631,2037.00,2056.00,2045.50,-12.05,83.96,-8.34,862.52
2025-12-21T12:49:14,3.64,25631,2050.00,2055.00,2053.00,-12.24,85.44,-9.00,862.58
2025-12-21T13:06:01,3.64,25631,2002.00,2038.00,2023.00,-12.59,85.67,-9.08,862.38
2025-12-21T13:22:49,3.64,25631,2037.00,2045.00,2041.00,-12.92,86.18,-8.79,862.54
2025-12-21T13:39:36,3.64,25631,2064.00,2111.00,2075.00,-13.39,85.89,-9.65,862.37
2025-12-21T13:56:24,3.64,25631,2022.00,4993.00,2059.50,-13.65,86.08,-10.16,862.50
2025-12-21T14:13:11,3.64,25631,2027.00,2036.00,2030.00,-13.68,87.05,-10.77,862.69
2025-12-21T14:29:58,3.63,25631,2021.00,2064.00,2057.00,-13.81,87.66,-10.98,862.73
2025-12-21T14:46:45,3.64,25631,2030.00,2047.00,2041.00,-14.03,88.86,-11.36,862.63
2025-12-21T15:03:33,3.64,25631,2064.00,4994.00,3542.00,-14.15,89.38,-12.14,862.72
2025-12-21T15:20:20,3.63,25631,2019.00,2037.00,2026.50,-14.12,89.24,-12.42,862.79
2025-12-21T15:37:07,3.63,25631,2043.00,2050.00,2048.00,-14.18,87.79,-12.94,862.89
2025-12-21T15:53:54,3.63,25631,2039.00,4994.00,2054.00,-14.30,87.76,-13.62,862.75
2025-12-21T16:10:41,3.63,25631,2049.00,2064.00,2053.50,-14.40,86.99,-14.05,862.92
2025-12-21T16:27:28,3.62,25631,2025.00,4995.00,2163.50,-14.51,86.89,-14.50,863.00
2025-12-21T16:44:15,3.63,25631,2040.00,2051.00,2044.50,-14.48,87.19,-14.81,863.14
2025-12-21T17:01:02,3.62,25631,2025.00,2045.00,2032.50,-14.58,87.45,-14.98,863.43
2025-12-21T17:17:49,3.62,25631,2045.00,2073.00,2065.50,-14.61,87.36,-14.95,863.62
2025-12-21T17:34:36,3.62,25631,2058.00,4997.00,2083.00,-14.71,87.27,-14.96,863.89
2025-12-21T17:51:23,3.62,25631,2078.00,4995.00,4994.00,-14.86,86.81,-15.17,864.05
2025-12-21T18:08:10,3.62,25631,2065.00,4995.00,2069.50,-15.12,86.62,-15.47,864.10
2025-12-21T18:24:57,3.62,25631,2074.00,2084.00,2081.50,-15.16,86.27,-15.64,864.29
2025-12-21T18:41:44,3.62,25631,2025.00,4994.00,2077.00,-15.12,85.02,-15.78,864.43
2025-12-21T18:58:31,3.62,25631,2023.00,4996.00,2095.50,-15.24,85.52,-15.88,864.42
2025-12-21T19:15:18,3.62,25631,2029.00,4996.00,2065.50,-15.16,85.57,-15.83,864.83
2025-12-21T19:32:05,3.62,25631,2050.00,2058.00,2054.50,-14.84,83.50,-15.50,864.83
2025-12-21T19:48:52,3.62,25631,2041.00,2054.00,2048.50,-15.05,84.01,-15.46,865.05
2025-12-21T20:05:40,3.62,25631,2053.00,2065.00,2061.50,-14.96,83.42,-15.41,865.26
2025-12-21T20:22:27,3.62,25631,2052.00,2066.00,2061.50,-14.95,82.86,-15.38,865.20
2025-12-21T20:39:13,3.62,25631,2065.00,2077.00,2073.00,-15.00,82.86,-15.38,865.44
2025-12-21T20:56:00,3.62,25631,2043.00,2076.00,2068.50,-15.05,82.47,-15.51,865.51
2025-12-21T21:12:47,3.62,25631,2074.00,2080.00,2076.50,-15.16,82.56,-15.76,865.55
2025-12-21T21:29:34,3.62,25631,2068.00,2085.00,2080.00,-15.00,81.35,-15.77,865.68
2025-12-21T21:46:21,3.62,25631,2074.00,2085.00,2081.50,-15.34,84.01,-15.90,865.86
2025-12-21T22:03:08,3.62,25631,2079.00,2084.00,2082.00,-15.24,84.15,-15.89,866.00
2025-12-21T22:19:55,3.62,25631,2084.00,2088.00,2084.50,-15.30,84.52,-15.79,866.11
2025-12-21T22:36:42,3.62,25631,2078.00,2088.00,2084.00,-15.09,82.72,-15.64,866.14
2025-12-21T22:53:29,3.62,25631,2076.00,2086.00,2080.50,-15.03,82.63,-15.45,866.29
2025-12-21T23:10:16,3.62,25631,2071.00,2089.00,2085.50,-15.17,83.36,-15.45,866.49
2025-12-21T23:27:03,3.62,25631,2078.00,2093.00,2087.00,-15.16,84.22,-15.47,866.53
2025-12-21T23:43:50,3.62,25631,2070.00,2091.00,2085.00,-15.30,83.37,-15.50,866.76
2025-12-22T00:00:37,3.62,25631,2081.00,2090.00,2086.50,-15.22,83.26,-15.51,867.00
2025-12-22T00:17:24,3.62,25631,2063.00,2099.00,2089.00,-15.19,83.19,-15.49,866.96
2025-12-22T00:34:11,3.62,25631,2084.00,2095.00,2090.00,-15.23,83.81,-15.48,867.08
2025-12-22T00:50:58,3.62,25631,2085.00,2090.00,2086.50,-15.24,83.66,-15.51,867.35
2025-12-22T01:07:45,3.62,25631,2089.00,2096.00,2090.00,-15.17,82.86,-15.45,867.52
2025-12-22T01:24:32,3.62,25631,2064.00,2100.00,2086.50,-15.23,83.57,-15.46,867.48
2025-12-22T01:41:19,3.62,25631,2066.00,4994.00,2077.00,-15.27,84.26,-15.46,867.60
2025-12-22T01:58:06,3.62,25631,2078.00,2088.00,2083.00,-15.22,84.43,-15.48,867.84
2025-12-22T02:14:53,3.62,25631,2060.00,2087.00,2081.00,-15.36,85.13,-15.53,867.95
2025-12-22T02:31:40,3.62,25631,2080.00,2091.00,2083.00,-15.30,85.42,-15.53,868.14
2025-12-22T02:48:27,3.61,25631,2065.00,2099.00,2086.00,-15.24,84.77,-15.49,868.26
2025-12-22T03:05:14,3.62,25631,2068.00,2095.00,2086.50,-15.36,86.18,-15.49,868.32
2025-12-22T03:22:01,3.62,25631,2082.00,2094.00,2087.50,-15.36,86.50,-15.51,868.50
2025-12-22T03:38:48,3.62,25631,2054.00,2100.00,2080.00,-15.36,86.63,-15.53,868.40
2025-12-22T03:55:35,3.62,25631,2079.00,2101.00,2093.00,-15.41,86.46,-15.59,868.40
2025-12-22T04:12:22,3.62,25631,2068.00,2089.00,2085.00,-15.36,85.59,-15.60,868.37
2025-12-22T04:29:09,3.62,25631,2072.00,2085.00,2080.00,-15.48,86.95,-15.62,868.59
2025-12-22T04:45:56,3.62,25631,2061.00,2095.00,2072.00,-15.38,87.00,-15.58,868.41
2025-12-22T05:02:44,3.62,25631,2099.00,2113.00,2103.50,-15.34,87.30,-15.52,868.51
2025-12-22T05:19:31,3.62,25631,2084.00,2103.00,2098.00,-15.40,87.56,-15.51,868.50
2025-12-22T05:36:18,3.62,25631,2080.00,2096.00,2089.00,-15.30,87.75,-15.48,868.59
2025-12-22T05:53:05,3.61,25631,2071.00,2079.00,2075.50,-15.59,88.79,-15.52,868.40
2025-12-22T06:09:52,3.62,25631,2045.00,2067.00,2057.00,-15.62,88.10,-15.63,868.41
2025-12-22T06:26:39,3.61,25631,2067.00,2078.00,2070.00,-15.66,87.90,-15.70,868.52
2025-12-22T06:43:25,3.61,25631,2065.00,2074.00,2071.00,-15.69,88.17,-15.85,868.62
2025-12-22T07:00:12,3.62,25631,2071.00,2076.00,2073.50,-15.92,89.30,-15.89,868.45
2025-12-22T07:16:59,3.61,25631,2075.00,2083.00,2080.50,-15.97,89.46,-15.94,868.43
2025-12-22T07:33:46,3.62,25631,2068.00,2080.00,2076.50,-15.93,89.97,-15.99,868.41
2025-12-22T07:50:33,3.61,25631,2055.00,2087.00,2067.00,-16.32,89.78,-16.15,868.25
2025-12-22T08:07:20,3.61,25631,2077.00,2089.00,2082.50,-16.32,89.24,-16.30,868.19
2025-12-22T08:24:07,3.62,25631,2076.00,2081.00,2079.50,-16.37,88.51,-16.34,868.44
2025-12-22T08:40:54,3.61,25631,2079.00,2087.00,2085.50,-16.24,88.30,-16.35,868.59
2025-12-22T08:57:40,3.61,25631,2087.00,2094.00,2090.00,-16.30,88.05,-16.25,868.89
2025-12-22T09:14:27,3.61,25631,2044.00,2066.00,2049.00,-16.42,88.17,-16.19,868.91
2025-12-22T09:31:14,3.61,25631,2048.00,2118.00,2083.00,-16.38,87.33,-16.14,868.86
2025-12-22T09:48:01,3.61,25631,2089.00,2107.00,2097.00,-16.18,88.64,-15.68,868.99
2025-12-22T10:04:48,3.61,25631,2116.00,2122.00,2120.00,-15.90,85.35,-14.42,868.81
2025-12-22T10:21:35,3.62,25631,2110.00,2115.00,2113.00,-15.83,85.06,-13.41,868.95
2025-12-22T10:38:22,3.62,25631,2113.00,2119.00,2116.00,-15.79,85.12,-12.41,868.97
2025-12-22T10:55:09,3.62,25631,2121.00,2128.00,2124.00,-15.27,83.12,-9.88,868.58
2025-12-22T11:11:57,3.63,25631,2059.00,2195.00,2161.00,-15.23,80.25,-8.94,868.71
2025-12-22T11:28:44,3.62,25631,2089.00,2193.00,2108.00,-15.74,82.04,-11.41,868.81
2025-12-22T11:45:31,3.62,25631,2092.00,2100.00,2096.00,-15.96,81.86,-12.48,868.32
2025-12-22T12:02:19,3.62,25631,2089.00,2100.00,2093.50,-15.86,83.10,-12.30,868.15
2025-12-22T12:19:06,3.63,25631,2080.00,2098.00,2093.00,-15.68,82.76,-12.01,868.07
2025-12-22T12:35:53,3.62,25631,2082.00,2092.00,2087.00,-15.66,83.59,-11.61,867.66
2025-12-22T12:52:40,3.62,25631,2076.00,2090.00,2084.00,-15.76,82.56,-11.60,867.40
2025-12-22T13:09:27,3.62,25631,2071.00,2091.00,2078.00,-16.06,85.01,-12.34,866.96
2025-12-22T13:26:15,3.62,25631,2073.00,2093.00,2081.50,-15.76,83.90,-12.65,866.75
2025-12-22T13:43:02,3.62,25631,2064.00,2089.00,2076.00,-15.86,83.57,-12.71,866.37
2025-12-22T13:59:49,3.62,25631,2067.00,2080.00,2073.50,-15.76,84.15,-12.96,866.13
2025-12-22T14:16:36,3.62,25631,2071.00,2089.00,2080.00,-15.99,84.84,-12.93,865.96
2025-12-22T14:33:23,3.62,25631,2067.00,2082.00,2070.50,-16.20,85.70,-13.27,865.67
2025-12-22T14:50:10,3.62,25631,2071.00,2094.00,2084.50,-16.41,87.13,-14.05,865.55
2025-12-22T15:06:57,3.62,25631,2063.00,2093.00,2084.50,-16.61,87.06,-14.59,865.07
2025-12-22T15:23:44,3.62,25631,2085.00,2103.00,2097.00,-16.69,86.71,-15.16,864.72
2025-12-22T15:40:30,3.62,25631,2085.00,2102.00,2093.00,-16.90,87.02,-15.79,864.50
2025-12-22T15:57:16,3.62,25631,2069.00,2095.00,2075.50,-16.83,86.73,-16.30,864.18
2025-12-22T16:14:03,3.60,25631,2064.00,2077.00,2071.50,-16.89,87.76,-16.63,863.85
2025-12-22T16:30:50,3.61,25631,2080.00,2096.00,2086.50,-16.92,87.46,-16.82,863.96
2025-12-22T16:47:37,3.61,25631,2078.00,4997.00,2098.50,-17.00,87.93,-16.96,863.67
2025-12-22T17:04:24,3.61,25631,2088.00,2123.00,2100.50,-17.11,89.13,-17.07,863.36
2025-12-22T17:21:11,3.60,25631,2091.00,2109.00,2101.00,-17.13,88.82,-17.16,863.13
2025-12-22T17:37:58,3.60,25631,2099.00,2116.00,2108.00,-17.21,89.49,-17.24,862.85
2025-12-22T17:54:45,3.60,25631,2143.00,4997.00,4996.00,-17.35,88.81,-17.33,862.53
2025-12-22T18:11:32,3.60,25631,2091.00,2130.00,2107.50,-17.44,89.23,-17.41,862.17
2025-12-22T18:28:19,3.60,25631,2090.00,4997.00,2121.50,-17.27,87.76,-17.43,861.71
2025-12-22T18:45:06,3.60,25631,2116.00,2119.00,2117.00,-17.34,87.93,-17.43,861.83
2025-12-22T19:01:53,3.60,25631,4994.00,4996.00,4995.00,-17.21,88.24,-17.39,862.00
2025-12-22T19:18:40,3.60,25631,2129.00,2137.00,2133.00,-17.23,87.15,-17.36,861.98
2025-12-22T19:35:27,3.60,25631,2118.00,2139.00,2126.00,-17.38,87.17,-17.41,861.71
2025-12-22T19:52:14,3.60,25631,2081.00,2150.00,2134.50,-17.44,87.71,-17.48,861.83
2025-12-22T20:09:01,3.60,25631,2135.00,2143.00,2138.00,-17.39,86.38,-17.52,862.12
2025-12-22T20:25:47,3.60,25631,2133.00,2158.00,2146.50,-17.41,86.30,-17.54,862.06
2025-12-22T20:42:34,3.60,25631,2140.00,2152.00,2147.50,-17.51,87.09,-17.57,861.99
2025-12-22T20:59:22,3.60,25631,2133.00,2140.00,2137.50,-17.44,86.67,-17.57,862.03
2025-12-22T21:16:09,3.60,25631,2127.00,2150.00,2138.00,-17.44,87.21,-17.48,861.92
2025-12-22T21:32:55,3.60,25631,2066.00,2085.00,2078.00,-17.45,87.36,-17.52,861.76
2025-12-22T21:49:42,3.60,25631,2067.00,4997.00,2131.00,-17.48,86.91,-17.53,861.83
2025-12-22T22:06:29,3.60,25631,2152.00,4997.00,4900.00,-17.56,86.68,-17.61,861.75
2025-12-22T22:23:15,3.60,25631,2135.00,2142.00,2140.00,-17.51,86.96,-17.63,861.80
2025-12-22T22:40:02,3.60,25631,2138.00,2145.00,2142.00,-17.20,85.49,-17.60,861.96
2025-12-22T22:56:49,3.60,25631,2134.00,2146.00,2142.50,-17.20,85.94,-17.64,862.24
2025-12-22T23:13:36,3.60,25631,2140.00,2149.00,2144.00,-17.02,83.92,-17.55,862.16
2025-12-22T23:30:23,3.60,25631,2132.00,2145.00,2137.50,-17.06,84.87,-17.49,862.37
2025-12-22T23:47:10,3.60,25631,2140.00,2155.00,2145.00,-17.16,85.90,-17.57,862.49
2025-12-23T00:03:57,3.60,25631,2150.00,2158.00,2153.00,-16.95,84.08,-17.45,862.79
2025-12-23T00:20:43,3.60,25631,2153.00,2160.00,2155.50,-16.97,85.78,-17.26,863.14
2025-12-23T00:37:30,3.60,25631,2149.00,2155.00,2152.00,-17.00,87.18,-17.19,863.40
2025-12-23T00:54:17,3.60,25631,2141.00,2147.00,2145.00,-16.96,86.58,-17.22,863.70
2025-12-23T01:11:04,3.60,25631,2139.00,2145.00,2142.00,-17.14,86.62,-17.39,864.01
2025-12-23T01:27:51,3.60,25631,2139.00,2143.00,2141.00,-17.42,88.89,-17.63,864.10
2025-12-23T01:44:39,3.60,25631,2138.00,2142.00,2140.00,-17.41,90.32,-17.68,864.43
2025-12-23T02:01:26,3.60,25631,2141.00,2143.00,2141.50,-17.18,87.98,-17.51,864.74
2025-12-23T02:18:13,3.60,25631,2154.00,2161.00,2157.50,-17.32,88.14,-17.50,865.13
2025-12-23T02:35:00,3.60,25631,2156.00,2161.00,2158.00,-17.23,88.30,-17.44,865.43
2025-12-23T02:51:47,3.60,25631,2140.00,2146.00,2142.00,-17.14,88.21,-17.38,865.69
2025-12-23T03:08:34,3.60,25631,2138.00,2142.00,2139.50,-17.13,88.41,-17.40,866.04
2025-12-23T03:25:20,3.60,25631,2141.00,2146.00,2143.50,-17.00,88.53,-17.34,866.28
2025-12-23T03:42:07,3.60,25631,2157.00,2164.00,2161.00,-17.02,89.34,-17.27,866.53
2025-12-23T03:58:54,3.60,25631,2164.00,2168.00,2167.00,-17.03,89.26,-17.29,866.64
2025-12-23T04:15:41,3.60,25631,2160.00,2171.00,2167.50,-16.95,89.22,-17.19,866.65
2025-12-23T04:32:28,3.60,25631,2151.00,2156.00,2155.00,-16.96,89.52,-17.16,866.80
2025-12-23T04:49:15,3.60,25631,2149.00,2152.00,2150.00,-16.92,90.13,-17.11,866.92
2025-12-23T05:06:02,3.60,25631,2150.00,2154.00,2151.50,-16.83,90.27,-17.01,866.89
2025-12-23T05:22:49,3.60,25631,2155.00,2164.00,2159.50,-16.79,90.58,-16.92,866.73
2025-12-23T05:39:36,3.60,25631,2168.00,2186.00,2180.50,-17.06,90.52,-17.07,866.67
2025-12-23T05:56:23,3.60,25631,2129.00,2178.00,2164.50,-17.90,90.65,-17.72,866.95
2025-12-23T06:13:10,3.59,25631,2128.00,2172.00,2154.00,-18.24,90.17,-18.46,867.32
2025-12-23T06:29:56,3.60,25631,2143.00,2159.00,2146.00,-17.83,91.02,-18.31,867.22
2025-12-23T06:46:43,3.60,25631,2144.00,2159.00,2155.00,-16.38,91.04,-17.40,867.20
2025-12-23T07:03:30,3.60,25631,2136.00,2163.00,2147.00,-15.12,91.96,-16.47,867.28
2025-12-23T07:20:15,3.60,25631,2145.00,2162.00,2157.50,-15.37,91.24,-15.76,867.31
2025-12-23T07:37:02,3.60,25631,2120.00,2140.00,2133.00,-15.03,91.86,-15.55,867.32
2025-12-23T07:53:49,3.61,25631,2136.00,2171.00,2159.00,-15.33,89.35,-15.61,867.49
2025-12-23T08:10:36,3.61,25631,2125.00,2159.00,2148.50,-15.03,89.70,-15.97,867.52
2025-12-23T08:27:23,3.61,25631,2129.00,2156.00,2142.50,-15.30,90.64,-16.18,867.66
2025-12-23T08:44:10,3.60,25631,2133.00,2162.00,2143.00,-15.99,91.57,-16.61,867.88
2025-12-23T09:00:57,3.60,25631,2126.00,2159.00,2140.50,-15.48,92.36,-16.61,868.22
2025-12-23T09:17:44,3.61,25631,2110.00,2150.00,2135.50,-13.65,93.33,-15.56,868.33
2025-12-23T09:34:31,3.61,25631,2143.00,2162.00,2154.00,-13.32,88.99,-14.31,868.60
2025-12-23T09:51:18,3.61,25631,2139.00,2156.00,2151.50,-13.27,85.99,-13.54,868.95
2025-12-23T10:08:05,3.62,25631,2142.00,2154.00,2146.50,-12.35,91.49,-12.37,869.01
2025-12-23T10:24:52,3.62,25631,2145.00,2160.00,2150.50,-11.95,87.74,-11.36,869.13
2025-12-23T10:41:40,3.62,25631,2155.00,2165.00,2159.50,-11.57,88.60,-10.48,869.36
2025-12-23T10:58:27,3.62,25631,2150.00,2160.00,2156.00,-10.77,88.14,-9.95,869.50
2025-12-23T11:15:14,3.62,25631,2156.00,2177.00,2168.50,-11.04,89.04,-9.40,869.66
2025-12-23T11:32:02,3.62,25631,2162.00,2172.00,2165.00,-10.73,89.72,-7.92,869.80
2025-12-23T11:48:49,3.62,25631,2171.00,2175.00,2172.50,-10.04,84.69,-5.80,869.86
2025-12-23T12:05:37,3.62,25631,2168.00,2176.00,2171.50,-10.97,87.72,-7.62,869.99
2025-12-23T12:22:24,3.62,25631,2165.00,2172.00,2169.00,-9.80,85.11,-7.09,870.08
2025-12-23T12:39:12,3.63,25631,2178.00,2185.00,2181.50,-8.95,78.11,-4.13,870.08
2025-12-23T12:56:00,3.63,25631,2190.00,2198.00,2195.00,-8.11,76.98,0.75,870.02
2025-12-23T13:12:47,3.63,25631,2187.00,2191.00,2187.50,-10.61,83.04,-3.82,870.14
2025-12-23T13:29:35,3.63,25631,2166.00,2175.00,2171.00,-11.18,86.14,-7.12,869.97
2025-12-23T13:46:23,3.63,25631,2168.00,2173.00,2170.50,-10.53,82.83,-7.02,870.27
2025-12-23T14:03:10,3.62,25631,2164.00,2168.00,2167.00,-11.49,85.94,-7.38,870.22
2025-12-23T14:19:58,3.63,25631,2154.00,2176.00,2167.00,-11.22,85.24,-8.00,870.49
2025-12-23T14:36:45,3.62,25631,2158.00,2167.00,2163.00,-11.50,86.91,-8.72,870.60
2025-12-23T14:53:32,3.62,25631,2154.00,2161.00,2157.00,-11.28,88.04,-9.53,870.77
2025-12-23T15:10:20,3.63,25631,2155.00,2165.00,2162.00,-11.33,87.02,-9.88,870.89
2025-12-23T15:27:07,3.62,25631,2155.00,2167.00,2159.00,-11.75,89.82,-10.35,870.91
2025-12-23T15:43:54,3.62,25631,2169.00,2175.00,2172.00,-11.53,89.96,-10.78,871.18
2025-12-23T16:00:42,3.62,25631,2165.00,2170.00,2168.00,-11.84,91.30,-11.17,871.19
2025-12-23T16:17:28,3.62,25631,2169.00,2178.00,2172.00,-11.69,91.92,-11.49,871.19
2025-12-23T16:34:15,3.62,25631,2169.00,2176.00,2171.00,-11.49,91.01,-11.56,871.32
2025-12-23T16:51:03,3.62,25631,2168.00,2175.00,2170.00,-11.59,91.42,-11.83,871.24
2025-12-23T17:07:50,3.62,25631,2166.00,2176.00,2169.00,-11.40,89.54,-11.87,871.54
2025-12-23T17:24:37,3.62,25631,2170.00,2178.00,2175.00,-11.51,89.57,-11.85,871.61
2025-12-23T17:41:24,3.62,25631,2164.00,2180.00,2169.50,-11.40,89.04,-11.70,871.63
2025-12-23T17:58:12,3.62,25631,2167.00,2177.00,2169.50,-11.33,89.61,-11.76,871.66
2025-12-23T18:14:59,3.62,25631,2164.00,2178.00,2172.50,-11.46,90.57,-11.76,871.65
2025-12-23T18:31:46,3.62,25631,2174.00,2180.00,2177.00,-11.40,90.20,-11.74,871.72
2025-12-23T18:48:33,3.62,25631,2158.00,2174.00,2166.00,-11.49,89.15,-11.73,871.91
2025-12-23T19:05:21,3.62,25631,4991.00,4995.00,4993.00,-11.66,90.60,-11.80,872.30
2025-12-23T19:22:08,3.62,25631,2170.00,2177.00,2175.00,-11.78,91.11,-11.84,872.13
2025-12-23T19:38:55,3.62,25631,2177.00,4993.00,2182.00,-11.88,91.67,-11.95,872.49
2025-12-23T19:55:42,3.62,25631,4992.00,4994.00,4993.00,-11.88,91.20,-12.10,872.53
2025-12-23T20:12:29,3.62,25631,2159.00,2170.00,2165.50,-11.89,88.52,-12.05,872.65
2025-12-23T20:29:17,3.62,25631,2153.00,2163.00,2160.00,-11.85,88.95,-12.05,872.89
2025-12-23T20:46:03,3.62,25631,2158.00,2163.00,2160.50,-11.85,88.55,-12.01,872.84
2025-12-23T21:02:50,3.62,25631,2121.00,2135.00,2126.50,-11.97,90.25,-12.09,872.63
2025-12-23T21:19:37,3.62,25631,2109.00,2171.00,2164.50,-12.02,90.27,-12.14,872.98
2025-12-23T21:36:25,3.62,25631,2113.00,4994.00,2155.00,-11.80,88.52,-12.16,872.80
2025-12-23T21:53:12,3.62,25631,2158.00,2171.00,2166.00,-11.54,88.04,-12.00,873.15
2025-12-23T22:09:59,3.62,25631,2126.00,2156.00,2148.00,-11.51,88.92,-11.94,873.15
2025-12-23T22:26:46,3.62,25631,2110.00,2125.00,2117.50,-11.47,89.90,-11.92,873.39
2025-12-23T22:43:34,3.62,25631,2172.00,2191.00,2181.00,-11.47,88.58,-11.84,873.28
2025-12-23T23:00:21,3.62,25631,2103.00,2120.00,2108.50,-11.43,87.90,-11.71,873.40
2025-12-23T23:17:08,3.62,25631,2180.00,4993.00,2187.00,-11.38,88.38,-11.74,873.23
2025-12-23T23:33:55,3.62,25631,2155.00,2170.00,2165.00,-11.38,89.40,-11.67,873.41
2025-12-23T23:50:42,3.62,25631,2134.00,2155.00,2146.00,-11.40,89.03,-11.66,873.56
2025-12-24T00:07:30,3.62,25631,2120.00,2145.00,2139.00,-11.36,88.66,-11.65,873.76
2025-12-24T00:24:17,3.62,25631,2143.00,2150.00,2146.50,-11.39,88.91,-11.63,873.57
2025-12-24T00:41:04,3.62,25631,2142.00,2155.00,2147.00,-11.47,88.76,-11.67,873.64
2025-12-24T00:57:52,3.62,25631,2144.00,2151.00,2148.00,-11.38,88.88,-11.65,873.84
2025-12-24T01:14:39,3.62,25631,2147.00,2156.00,2154.50,-11.56,91.15,-11.71,873.88
2025-12-24T01:31:26,3.61,25631,2118.00,4992.00,2133.50,-11.51,88.78,-11.77,873.73
2025-12-24T01:48:14,3.62,25631,2155.00,2172.00,2161.00,-11.10,86.57,-11.75,874.05
2025-12-24T02:05:01,3.62,25631,2152.00,2158.00,2154.50,-11.60,89.34,-11.78,874.24
2025-12-24T02:21:48,3.62,25631,2129.00,2154.00,2148.00,-11.69,90.58,-11.85,874.50
2025-12-24T02:38:36,3.62,25631,2142.00,2154.00,2149.00,-11.67,89.88,-11.88,874.56
2025-12-24T02:55:23,3.62,25631,2146.00,2156.00,2151.50,-11.57,88.29,-11.87,874.30
2025-12-24T03:12:10,3.62,25631,2148.00,2155.00,2152.00,-11.50,89.97,-11.80,874.68
2025-12-24T03:28:58,3.62,25631,2159.00,2169.00,2164.00,-11.66,91.54,-11.86,874.75
2025-12-24T03:45:45,3.62,25631,2154.00,2162.00,2159.50,-11.61,90.31,-11.88,874.76
2025-12-24T04:02:32,3.62,25631,2153.00,2166.00,2159.50,-11.82,90.99,-11.98,874.66
2025-12-24T04:19:19,3.62,25631,2152.00,2165.00,2159.50,-11.70,90.33,-11.91,874.58
2025-12-24T04:36:05,3.62,25631,2151.00,2167.00,2160.50,-11.67,89.77,-11.93,874.33
2025-12-24T04:52:52,3.62,25631,498.00,4993.00,2259.00,-11.70,89.87,-11.96,874.03
2025-12-24T05:09:39,3.62,25631,2153.00,2180.00,2172.00,-11.60,88.51,-12.04,874.09
2025-12-24T05:26:26,3.62,25631,2138.00,4993.00,2146.50,-11.71,88.02,-12.04,873.74
2025-12-24T05:43:13,3.62,25631,2139.00,2166.00,2147.50,-11.69,87.94,-12.04,873.75
2025-12-24T06:00:01,3.62,25631,2157.00,2165.00,2162.00,-11.73,87.59,-12.03,873.41
2025-12-24T06:16:48,3.62,25631,4992.00,4994.00,4992.50,-11.51,88.37,-11.97,873.64
2025-12-24T06:33:35,3.62,25631,2169.00,4993.00,2184.50,-11.46,87.56,-11.82,873.57
2025-12-24T06:50:21,3.62,25631,4992.00,4993.00,4993.00,-11.70,89.14,-11.86,873.56
2025-12-24T07:07:09,3.62,25631,4992.00,4995.00,4994.00,-11.73,88.30,-12.00,873.26
2025-12-24T07:23:56,3.62,25631,2131.00,4993.00,4993.00,-11.73,88.29,-12.03,873.48
2025-12-24T07:40:43,3.62,25631,2215.00,4993.00,4991.50,-11.99,89.73,-12.12,873.49
2025-12-24T07:57:30,3.62,25631,4990.00,4993.00,4992.00,-12.16,90.54,-12.23,873.31
2025-12-24T08:14:17,3.62,25631,2172.00,4993.00,2184.00,-11.98,89.53,-12.29,873.22
2025-12-24T08:31:05,3.62,25631,4992.00,4994.00,4993.00,-12.01,88.30,-12.35,873.17
2025-12-24T08:47:52,3.61,25631,2178.00,4993.00,4992.00,-11.98,87.02,-12.62,873.19
2025-12-24T09:04:39,3.62,25631,2219.00,4994.00,4993.00,-12.19,87.49,-12.63,873.39
2025-12-24T09:21:26,3.62,25631,2167.00,2180.00,2173.50,-12.03,87.16,-12.46,873.31
2025-12-24T09:38:13,3.62,25631,2175.00,4993.00,2210.00,-11.82,86.19,-11.35,873.38
2025-12-24T09:55:01,3.62,25631,2166.00,2187.00,2175.50,-11.01,82.93,-7.73,873.35
2025-12-24T10:11:48,3.62,25631,2169.00,2214.00,2200.00,-9.99,78.35,-6.14,873.44
2025-12-24T10:28:36,3.62,25631,2158.00,2202.00,2184.00,-10.02,77.60,-5.48,873.22
2025-12-24T10:45:23,3.62,25631,2158.00,2220.00,2215.00,-9.64,77.31,-4.60,873.30
2025-12-24T11:02:11,3.62,25631,2160.00,2206.00,2199.00,-10.40,80.18,-6.71,873.03
2025-12-24T11:18:59,3.62,25631,2143.00,2198.00,2182.00,-10.09,79.46,-7.74,872.68
2025-12-24T11:35:46,3.63,25631,2158.00,2203.00,2196.00,-9.82,79.90,-7.88,872.55
2025-12-24T11:52:34,3.62,25631,2182.00,2214.00,2204.50,-9.46,77.87,-7.22,872.14
2025-12-24T12:09:21,3.62,25631,2157.00,2208.00,2200.00,-8.71,76.73,-6.78,872.00
2025-12-24T12:26:09,3.62,25631,2201.00,2212.00,2207.50,-8.50,77.41,-5.64,871.73
2025-12-24T12:42:56,3.62,25631,2194.00,2210.00,2202.50,-9.09,80.69,-6.12,871.31
2025-12-24T12:59:44,3.62,25631,2186.00,2211.00,2203.50,-8.85,79.63,-5.84,870.99
2025-12-24T13:16:31,3.62,25631,2195.00,2209.00,2205.50,-8.42,77.87,-5.59,870.89
2025-12-24T13:33:19,3.62,25631,2198.00,2209.00,2203.00,-7.90,78.61,-4.67,870.75
2025-12-24T13:50:07,3.63,25631,2201.00,2214.00,2209.00,-7.63,76.35,-3.69,870.46
2025-12-24T14:06:54,3.62,25631,2204.00,2214.00,2210.00,-7.52,77.14,-2.86,870.22
2025-12-24T14:23:42,3.62,25631,2179.00,2214.00,2206.50,-7.52,76.54,-2.35,870.09
2025-12-24T14:40:29,3.62,25631,2207.00,2217.00,2211.00,-8.12,77.53,-3.51,869.93
2025-12-24T14:57:17,3.63,25631,2207.00,2216.00,2210.00,-7.98,77.61,-3.94,869.78
2025-12-24T15:14:04,3.62,25631,2201.00,2216.00,2208.00,-7.70,76.62,-4.57,869.77
2025-12-24T15:30:52,3.62,25631,2205.00,2219.00,2209.50,-8.32,78.44,-5.90,869.66
2025-12-24T15:47:39,3.62,25631,2197.00,2208.00,2204.00,-9.09,81.70,-7.72,869.58
2025-12-24T16:04:27,3.62,25631,2143.00,2221.00,2198.50,-8.74,78.87,-8.69,869.62
2025-12-24T16:21:14,3.62,25631,2177.00,2213.00,2202.00,-9.25,81.35,-9.20,869.58
2025-12-24T16:38:02,3.62,25631,2192.00,2216.00,2202.50,-9.31,81.24,-9.68,869.69
2025-12-24T16:54:49,3.62,25631,2192.00,2205.00,2199.00,-9.14,79.33,-10.05,869.55
2025-12-24T17:11:36,3.62,25631,2144.00,2203.00,2194.00,-9.14,79.49,-10.21,869.66
2025-12-24T17:28:24,3.62,25631,2087.00,2198.00,2157.50,-9.43,80.35,-10.33,869.62
2025-12-24T17:45:11,3.62,25631,2141.00,2217.00,2198.50,-9.67,81.19,-10.54,869.65
2025-12-24T18:01:58,3.62,25631,2186.00,2202.00,2196.00,-9.40,79.27,-10.70,869.53
2025-12-24T18:18:45,3.62,25631,2137.00,2207.00,2192.50,-9.77,81.33,-10.84,869.50
2025-12-24T18:35:33,3.62,25631,2128.00,2209.00,2171.50,-9.22,78.55,-10.79,869.44
2025-12-24T18:52:20,3.62,25631,2139.00,2204.00,2169.00,-9.31,78.20,-10.61,869.51
2025-12-24T19:09:07,3.62,25631,2129.00,2206.00,2197.50,-9.12,76.72,-10.49,869.49
2025-12-24T19:25:54,3.62,25631,2139.00,2207.00,2178.00,-9.35,78.15,-10.41,869.69
2025-12-24T19:42:42,3.62,25631,2126.00,2215.00,2196.00,-9.54,77.19,-10.65,869.65
2025-12-24T19:59:29,3.62,25631,2126.00,2200.00,2180.50,-9.56,76.51,-10.81,869.78
2025-12-24T20:16:16,3.62,25631,2146.00,2211.00,2203.50,-9.46,76.95,-10.78,869.89
2025-12-24T20:33:04,3.62,25631,2164.00,2206.00,2196.50,-9.38,76.43,-10.69,869.95
2025-12-24T20:49:51,3.62,25631,2160.00,2197.00,2191.00,-9.31,76.17,-10.51,870.07
2025-12-24T21:06:38,3.62,25631,2128.00,2210.00,2184.50,-9.33,76.69,-10.45,870.04
2025-12-24T21:23:24,3.62,25631,2178.00,2209.00,2200.50,-9.40,76.25,-10.37,870.21
2025-12-24T21:40:12,3.62,25631,2146.00,2220.00,2201.50,-9.19,74.02,-10.57,870.34
2025-12-24T21:56:59,3.62,25631,2126.00,2212.00,2185.50,-9.69,77.29,-10.79,870.49
2025-12-24T22:13:46,3.62,25631,2117.00,2214.00,2209.00,-9.88,78.70,-11.09,870.57
2025-12-24T22:30:33,3.62,25631,2114.00,2210.00,2191.50,-9.90,79.51,-11.35,870.72
2025-12-24T22:47:21,3.61,25631,2104.00,2216.00,2186.00,-9.69,74.38,-11.61,870.94
2025-12-24T23:04:08,3.62,25631,2111.00,2211.00,2162.00,-10.18,80.26,-11.67,871.25
2025-12-24T23:20:55,3.62,25631,2117.00,2218.00,2197.00,-10.08,79.71,-11.75,871.46
2025-12-24T23:37:42,3.61,25631,2176.00,2216.00,2213.50,-10.26,80.23,-11.67,871.63
2025-12-24T23:54:29,3.61,25631,2125.00,2209.00,2194.50,-9.93,79.16,-11.50,871.59
2025-12-25T00:11:17,3.61,25631,2127.00,2200.00,2175.50,-10.60,83.11,-11.84,871.69
2025-12-25T00:28:04,3.62,25631,2140.00,2209.00,2203.00,-10.60,83.32,-11.90,871.73
2025-12-25T00:44:51,3.62,25631,2196.00,2218.00,2207.00,-10.26,81.93,-11.75,871.76
2025-12-25T01:01:38,3.62,25631,2141.00,2213.00,2204.50,-10.30,82.67,-11.55,871.74
2025-12-25T01:18:26,3.62,25631,2192.00,2206.00,2201.50,-10.33,84.07,-11.35,871.73
2025-12-25T01:35:13,3.61,25631,2113.00,2214.00,2185.00,-9.88,80.19,-11.19,871.69
2025-12-25T01:51:59,3.61,25631,2207.00,2220.00,2213.00,-10.01,78.42,-11.38,871.83
2025-12-25T02:08:46,3.62,25631,2122.00,2225.00,2215.50,-10.58,82.18,-11.82,871.95
2025-12-25T02:25:33,3.61,25631,2102.00,2214.00,2202.00,-10.45,80.55,-11.98,872.03
2025-12-25T02:42:21,3.61,25631,2174.00,2216.00,2197.00,-10.33,80.69,-11.90,872.07
2025-12-25T02:59:08,3.62,25631,2107.00,2203.00,2153.50,-10.42,81.72,-11.88,872.14
2025-12-25T03:15:55,3.61,25631,2178.00,2210.00,2198.50,-10.54,82.78,-11.82,872.19
2025-12-25T03:32:42,3.61,25631,2189.00,2217.00,2207.50,-10.68,83.02,-11.84,872.10
2025-12-25T03:49:29,3.62,25631,2102.00,2231.00,2213.50,-10.98,83.75,-12.14,872.01
2025-12-25T04:06:16,3.61,25631,2115.00,2220.00,2169.50,-11.46,85.35,-12.58,871.91
2025-12-25T04:23:04,3.62,25631,2118.00,2221.00,2176.00,-11.70,86.29,-13.08,872.05
2025-12-25T04:39:51,3.62,25631,2102.00,2221.00,2193.00,-11.44,85.10,-12.96,872.23
2025-12-25T04:56:38,3.61,25631,2154.00,2214.00,2206.50,-10.98,84.69,-12.68,872.34
2025-12-25T05:13:25,3.61,25631,2162.00,2226.00,2199.00,-10.64,82.58,-12.34,872.27
2025-12-25T05:30:12,3.61,25631,2105.00,2200.00,2155.50,-11.02,84.29,-12.45,872.19
2025-12-25T05:46:59,3.62,25631,2182.00,2209.00,2201.00,-10.97,83.62,-12.37,872.12
2025-12-25T06:03:47,3.60,25631,2180.00,2214.00,2203.00,-10.91,84.88,-12.21,872.13
2025-12-25T06:20:33,3.62,25631,2190.00,2218.00,2206.00,-10.66,84.70,-11.90,872.13
2025-12-25T06:37:20,3.61,25631,2208.00,2214.00,2211.00,-10.18,84.64,-11.46,872.18
2025-12-25T06:54:07,3.60,25631,2207.00,2214.00,2211.50,-9.94,84.85,-11.10,872.11
2025-12-25T07:10:54,3.61,25631,2202.00,2215.00,2208.00,-9.56,83.71,-10.77,871.95
2025-12-25T07:27:42,3.61,25631,2127.00,2219.00,2212.00,-9.81,85.45,-10.78,871.98
2025-12-25T07:44:29,3.62,25631,2201.00,2215.00,2206.50,-9.64,85.83,-10.69,871.90
2025-12-25T08:01:16,3.61,25631,2197.00,2211.00,2206.00,-9.70,87.55,-10.61,871.94
2025-12-25T08:18:03,3.61,25631,2204.00,2217.00,2211.00,-9.47,87.04,-10.43,871.89
2025-12-25T08:34:51,3.62,25631,2128.00,2216.00,2212.00,-9.56,87.78,-10.56,871.94
2025-12-25T08:51:38,3.61,25631,2194.00,2217.00,2212.50,-9.36,86.00,-10.58,872.01
2025-12-25T09:08:25,3.62,25631,2187.00,2213.00,2206.00,-9.40,86.79,-10.58,872.05
2025-12-25T09:25:12,3.62,25631,2209.00,2220.00,2217.50,-9.11,86.17,-9.86,872.05
2025-12-25T09:42:00,3.62,25631,2146.00,2232.00,2215.50,-6.50,78.47,-5.28,872.10
2025-12-25T09:58:47,3.62,25631,2132.00,2228.00,2179.50,-5.70,75.08,-4.78,872.07
2025-12-25T10:15:35,3.62,25631,2180.00,2199.00,2184.50,-4.14,69.33,-3.46,872.06
2025-12-25T10:32:23,3.62,25631,2149.00,2233.00,2224.50,-7.42,80.50,-5.17,872.10
2025-12-25T10:49:09,3.62,25631,2193.00,2241.00,2212.50,-8.04,80.92,-5.59,872.00
2025-12-25T11:05:57,3.62,25631,2153.00,2228.00,2213.50,-7.78,80.91,-5.92,871.86
2025-12-25T11:22:44,3.62,25631,2207.00,2223.00,2216.00,-7.63,80.96,-5.90,871.77
2025-12-25T11:39:32,3.62,25631,2210.00,2226.00,2219.00,-7.69,80.89,-5.65,871.76
2025-12-25T11:56:19,3.62,25631,2145.00,2229.00,2220.50,-7.01,77.66,-4.68,871.78
2025-12-25T12:13:07,3.62,25631,2139.00,2224.00,2168.50,-6.52,78.18,-3.88,871.71
2025-12-25T12:29:55,3.62,25631,2152.00,2238.00,2218.00,-6.67,79.52,-3.10,871.53
2025-12-25T12:46:42,3.62,25631,2156.00,2191.00,2161.50,-6.42,81.81,-2.95,871.36
2025-12-25T13:03:30,3.62,25631,2156.00,2211.00,2195.00,-7.46,84.32,-3.00,871.06
2025-12-25T13:20:18,3.62,25631,2169.00,2220.00,2185.00,-7.04,83.50,-3.45,870.91
2025-12-25T13:37:05,3.62,25631,2148.00,2205.00,2182.00,-6.74,83.46,-3.76,870.69
2025-12-25T13:53:53,3.62,25631,2173.00,2212.00,2190.00,-6.36,80.07,-3.65,870.59
2025-12-25T14:10:41,3.62,25631,2144.00,2223.00,2199.50,-6.22,78.26,-3.35,870.37
2025-12-25T14:27:28,3.62,25631,2154.00,2206.00,2186.00,-6.95,85.37,-3.23,870.12
2025-12-25T14:44:16,3.62,25631,2168.00,2229.00,2191.50,-7.23,84.73,-4.25,870.03
2025-12-25T15:01:04,3.62,25631,2170.00,2225.00,2173.00,-7.42,86.75,-5.10,869.92
2025-12-25T15:17:50,3.62,25631,2168.00,2209.00,2190.00,-7.04,84.65,-5.57,869.85
2025-12-25T15:34:38,3.62,25631,2167.00,2222.00,2183.50,-7.31,84.53,-6.16,869.64
2025-12-25T15:51:25,3.62,25631,2170.00,2205.00,2180.00,-7.46,84.93,-6.58,869.64
2025-12-25T16:08:13,3.62,25631,2154.00,2217.00,2170.00,-8.25,86.12,-7.35,869.66
2025-12-25T16:25:00,3.62,25631,2151.00,2196.00,2158.00,-8.32,86.50,-7.97,869.57
2025-12-25T16:41:48,3.62,25631,2141.00,2245.00,2165.50,-8.33,86.95,-8.35,869.53
2025-12-25T16:58:35,3.62,25631,2149.00,2240.00,2160.50,-8.43,87.13,-8.63,869.41
2025-12-25T17:15:22,3.62,25631,2145.00,2198.00,2158.50,-8.32,86.18,-8.70,869.19
2025-12-25T17:32:10,3.62,25631,2159.00,2227.00,2184.00,-8.36,87.40,-8.78,869.10
2025-12-25T17:48:57,3.62,25631,2141.00,2242.00,2158.50,-8.46,87.77,-8.89,868.90
2025-12-25T18:05:44,3.62,25631,2146.00,2243.00,2188.50,-8.63,89.08,-8.96,868.76
2025-12-25T18:22:32,3.62,25631,2161.00,2201.00,2178.00,-8.47,87.75,-8.94,868.61
2025-12-25T18:39:19,3.62,25631,2161.00,2225.00,2198.50,-8.47,87.08,-9.03,868.52
2025-12-25T18:56:06,3.62,25631,2183.00,2224.00,2217.00,-8.49,87.69,-9.03,868.38
2025-12-25T19:12:54,3.62,25631,2146.00,2245.00,2186.00,-8.56,87.00,-9.08,868.28
2025-12-25T19:29:41,3.62,25631,2172.00,2233.00,2201.00,-8.61,88.89,-9.09,868.15
2025-12-25T19:46:28,3.62,25631,2174.00,2243.00,2227.50,-8.73,89.23,-9.19,867.92
2025-12-25T20:03:16,3.62,25631,2181.00,2240.00,2222.00,-8.60,88.02,-9.20,867.89
2025-12-25T20:20:03,3.62,25631,2170.00,2229.00,2184.00,-8.46,86.36,-9.08,867.83
2025-12-25T20:36:50,3.62,25631,2202.00,2230.00,2225.00,-8.50,85.41,-9.07,867.74
2025-12-25T20:53:37,3.62,25631,2224.00,2231.00,2229.50,-8.46,86.37,-9.03,867.54
2025-12-25T21:10:24,3.62,25631,2228.00,2236.00,2233.50,-8.43,85.74,-9.05,867.37
2025-12-25T21:27:11,3.62,25631,2225.00,2234.00,2232.00,-8.39,85.06,-9.08,867.21
2025-12-25T21:43:58,3.62,25631,2226.00,2235.00,2232.00,-8.46,85.84,-9.10,867.15
2025-12-25T22:00:46,3.62,25631,2224.00,2234.00,2231.50,-8.50,85.09,-9.15,866.97
2025-12-25T22:17:33,3.61,25631,2226.00,2235.00,2232.00,-8.37,83.61,-9.15,866.86
2025-12-25T22:34:21,3.62,25631,2228.00,2236.00,2230.50,-8.33,84.21,-9.07,866.79
2025-12-25T22:51:08,3.62,25631,2224.00,2237.00,2232.00,-8.37,83.66,-9.10,866.66
2025-12-25T23:07:55,3.62,25631,2231.00,2240.00,2235.00,-8.36,82.87,-9.06,866.75
2025-12-25T23:24:42,3.62,25631,2229.00,2243.00,2235.00,-8.47,84.26,-9.10,866.79
2025-12-25T23:41:30,3.62,25631,2232.00,2237.00,2235.00,-8.50,85.99,-9.10,866.80
2025-12-25T23:58:17,3.61,25631,2226.00,2239.00,2234.00,-8.67,87.11,-9.14,866.74
2025-12-26T00:15:04,3.61,25631,2227.00,2238.00,2233.50,-8.66,85.54,-9.20,866.80
2025-12-26T00:31:52,3.62,25631,2229.00,2245.00,2234.50,-8.60,85.93,-9.19,866.78
2025-12-26T00:48:39,3.62,25631,2215.00,2242.00,2235.50,-8.61,85.47,-9.22,866.78
2025-12-26T01:05:26,3.61,25631,2234.00,2244.00,2242.50,-8.73,86.54,-9.25,866.72
2025-12-26T01:22:13,3.62,25631,2236.00,2245.00,2241.50,-8.95,88.44,-9.35,866.77
2025-12-26T01:39:00,3.62,25631,2237.00,2246.00,2243.00,-9.11,89.26,-9.47,866.80
2025-12-26T01:55:47,3.61,25631,2229.00,2243.00,2238.50,-9.00,89.12,-9.46,866.74
2025-12-26T02:12:35,3.62,25631,2238.00,2243.00,2240.50,-9.08,88.57,-9.52,866.69
2025-12-26T02:29:22,3.62,25631,2233.00,2244.00,2240.50,-8.93,87.55,-9.54,866.61
2025-12-26T02:46:09,3.61,25631,2239.00,2244.00,2241.00,-8.74,86.25,-9.46,866.71
2025-12-26T03:02:56,3.62,25631,2233.00,2243.00,2239.00,-8.97,88.68,-9.51,866.78
2025-12-26T03:19:44,3.61,25631,2237.00,2243.00,2239.50,-9.11,88.87,-9.67,866.84
2025-12-26T03:36:31,3.61,25631,2235.00,2240.00,2239.00,-9.31,91.13,-10.04,866.79
2025-12-26T03:53:18,3.61,25631,2239.00,2247.00,2242.00,-9.67,90.62,-10.56,866.74
2025-12-26T04:10:05,3.61,25631,2239.00,2243.00,2240.50,-10.04,93.53,-11.08,866.75
2025-12-26T04:26:53,3.62,25631,2233.00,2243.00,2242.00,-10.02,92.49,-11.19,866.80
2025-12-26T04:43:40,3.62,25631,2238.00,2243.00,2240.00,-10.11,91.65,-11.13,866.89
2025-12-26T05:00:27,3.62,25631,2240.00,2246.00,2242.50,-9.82,91.06,-10.88,866.99
2025-12-26T05:17:14,3.61,25631,2240.00,2246.00,2242.50,-9.46,89.70,-10.55,867.09
2025-12-26T05:34:02,3.61,25631,2243.00,2247.00,2246.00,-9.44,89.18,-10.34,867.16
2025-12-26T05:50:49,3.61,25631,2242.00,2251.00,2245.50,-9.64,91.10,-10.19,867.31
2025-12-26T06:07:36,3.61,25631,2174.00,2191.00,2180.00,-9.54,92.26,-10.06,867.37
2025-12-26T06:24:23,3.61,25631,2164.00,2247.00,2181.00,-9.67,93.17,-10.02,867.45
2025-12-26T06:41:11,3.62,25631,2195.00,2243.00,2218.00,-9.60,92.84,-10.07,867.43
2025-12-26T06:57:57,3.61,25631,2229.00,2244.00,2238.50,-9.64,91.39,-10.24,867.48
2025-12-26T07:14:44,3.61,25631,2227.00,2247.00,2240.00,-9.95,94.55,-10.55,867.49
2025-12-26T07:31:31,3.61,25631,2228.00,2246.00,2243.50,-10.18,94.86,-10.85,867.50
2025-12-26T07:48:19,3.62,25631,2209.00,2245.00,2241.50,-10.02,92.54,-10.79,867.55
2025-12-26T08:05:06,3.61,25631,2232.00,2247.00,2238.50,-9.95,91.97,-10.73,867.68
2025-12-26T08:21:53,3.61,25631,2236.00,2251.00,2242.00,-9.66,90.47,-10.60,867.86
2025-12-26T08:38:40,3.61,25631,2231.00,2245.00,2240.00,-9.71,90.63,-10.54,867.97
2025-12-26T08:55:28,3.61,25631,2240.00,2253.00,2248.00,-9.60,89.94,-10.41,868.12
2025-12-26T09:12:14,3.62,25631,2237.00,2250.00,2243.00,-9.46,89.54,-10.16,868.44
2025-12-26T09:29:01,3.62,25631,2242.00,2254.00,2249.50,-9.16,88.72,-9.62,868.73
2025-12-26T09:45:48,3.62,25631,2238.00,2251.00,2248.00,-8.94,88.37,-9.00,869.01
2025-12-26T10:02:36,3.62,25631,2234.00,2326.00,2302.50,-8.61,85.99,-7.64,869.22
2025-12-26T10:19:23,3.62,25631,2221.00,2321.00,2303.50,-7.94,85.24,-7.14,869.24
2025-12-26T10:36:11,3.62,25631,2225.00,2343.00,2248.50,-8.35,86.68,-7.08,869.43
2025-12-26T10:52:58,3.62,25631,2235.00,2325.00,2246.00,-8.24,84.85,-7.23,869.62
2025-12-26T11:09:46,3.62,25631,2226.00,2331.00,2240.50,-7.93,83.21,-6.32,869.76
2025-12-26T11:26:33,3.62,25631,2233.00,2344.00,2252.00,-7.64,79.18,-5.91,869.82
2025-12-26T11:43:21,3.62,25631,2174.00,2363.00,2269.00,-8.05,80.43,-5.71,870.10
2025-12-26T12:00:08,3.62,25631,2203.00,2268.00,2244.50,-7.39,78.75,-2.51,870.20
2025-12-26T12:16:56,3.62,25631,2230.00,2330.00,2247.00,-6.21,77.59,0.28,870.28
2025-12-26T12:33:44,3.62,25631,2222.00,2309.00,2252.50,-8.56,86.87,-1.65,870.43
2025-12-26T12:50:32,3.62,25631,2254.00,2330.00,2303.50,-7.47,81.29,0.80,870.56
2025-12-26T13:07:20,3.62,25631,2236.00,2327.00,2248.50,-6.64,79.54,-0.47,870.65
2025-12-26T13:24:07,3.62,25631,2229.00,2302.00,2240.50,-8.25,86.04,-2.37,871.07
2025-12-26T13:40:55,3.62,25631,2224.00,2268.00,2245.00,-7.12,80.84,0.81,871.08
2025-12-26T13:57:43,3.62,25631,2245.00,2257.00,2251.50,-5.58,79.60,2.28,871.21
2025-12-26T14:14:31,3.62,25631,2253.00,2358.00,2304.50,-8.57,89.10,-1.20,871.26
2025-12-26T14:31:19,3.62,25631,2217.00,2339.00,2239.50,-8.68,91.05,-3.59,871.62
2025-12-26T14:48:07,3.62,25631,2227.00,2351.00,2249.50,-9.11,89.93,-4.76,871.90
2025-12-26T15:04:54,3.62,25631,2228.00,2252.00,2235.00,-9.47,91.41,-5.88,872.08
2025-12-26T15:21:42,3.62,25631,2226.00,2242.00,2236.00,-9.39,91.38,-6.52,872.29
2025-12-26T15:38:29,3.62,25631,2220.00,2245.00,2235.00,-9.80,92.23,-7.75,872.60
2025-12-26T15:55:15,3.62,25631,2217.00,2331.00,2240.50,-10.28,93.31,-8.89,872.80
2025-12-26T16:12:02,3.61,25631,2220.00,2246.00,2225.50,-10.88,92.27,-10.05,873.07
2025-12-26T16:28:49,3.61,25631,2221.00,2240.00,2229.00,-10.97,88.80,-11.01,873.48
2025-12-26T16:45:36,3.61,25631,2190.00,2327.00,2219.00,-11.44,90.33,-11.77,873.79
2025-12-26T17:02:24,3.61,25631,2219.00,2235.00,2226.50,-11.78,92.23,-12.39,873.97
2025-12-26T17:19:11,3.60,25631,2212.00,4993.00,2246.00,-11.75,93.51,-12.81,874.10
2025-12-26T17:35:58,3.60,25631,2184.00,2322.00,2234.50,-11.91,93.29,-13.08,874.38
2025-12-26T17:52:45,3.60,25631,2194.00,4993.00,2231.00,-12.12,93.75,-13.36,874.64
2025-12-26T18:09:32,3.60,25631,2169.00,2311.00,2224.50,-12.15,95.55,-13.49,874.90
2025-12-26T18:26:19,3.60,25631,2210.00,2330.00,2225.50,-11.63,93.76,-13.34,875.08
2025-12-26T18:43:06,3.60,25631,2215.00,2338.00,2228.00,-11.91,93.69,-13.36,875.29
2025-12-26T18:59:53,3.60,25631,2136.00,2319.00,2301.50,-12.49,92.54,-13.82,875.62
2025-12-26T19:16:40,3.60,25631,2216.00,4993.00,2230.00,-12.36,92.05,-13.90,875.84
2025-12-26T19:33:27,3.60,25631,2213.00,2246.00,2234.00,-12.43,92.07,-13.89,876.02
2025-12-26T19:50:14,3.60,25631,2196.00,4994.00,2265.00,-13.02,92.49,-14.15,876.32
2025-12-26T20:07:01,3.60,25631,2303.00,4994.00,4992.50,-12.64,93.43,-14.16,876.64
2025-12-26T20:23:48,3.60,25631,2218.00,4993.00,2227.00,-12.14,92.84,-13.75,876.88
2025-12-26T20:40:36,3.60,25631,2204.00,2242.00,2226.50,-12.24,92.33,-13.35,877.17
2025-12-26T20:57:23,3.60,25631,2222.00,2299.00,2225.00,-12.18,92.49,-13.20,877.47
2025-12-26T21:14:10,3.60,25631,2218.00,2244.00,2231.50,-12.43,91.31,-13.39,877.57
2025-12-26T21:30:57,3.60,25631,2203.00,4994.00,2215.50,-12.21,91.79,-13.22,877.60
2025-12-26T21:47:44,3.60,25631,2208.00,2237.00,2224.50,-12.15,91.16,-13.17,877.88
2025-12-26T22:04:31,3.60,25631,2218.00,2238.00,2224.00,-12.39,92.31,-13.22,878.06
2025-12-26T22:21:18,3.60,25631,2218.00,2239.00,2227.50,-12.50,90.80,-13.41,878.45
2025-12-26T22:38:04,3.60,25631,2214.00,4994.00,2225.50,-12.43,84.87,-13.66,878.74
2025-12-26T22:54:51,3.60,25631,2225.00,4993.00,2250.00,-12.47,88.49,-13.89,879.00
2025-12-26T23:11:39,3.60,25631,2223.00,4996.00,2296.00,-13.13,89.58,-14.30,879.27
2025-12-26T23:28:26,3.60,25631,2222.00,4995.00,2251.50,-13.29,88.19,-14.70,879.44
2025-12-26T23:45:13,3.60,25631,2209.00,4995.00,2281.00,-13.57,88.58,-14.98,879.53
2025-12-27T00:02:00,3.60,25631,2210.00,2237.00,2227.00,-13.24,86.36,-15.11,879.90
2025-12-27T00:18:47,3.60,25631,2213.00,4994.00,2218.50,-13.32,87.32,-15.11,880.14
2025-12-27T00:35:34,3.59,25631,2192.00,4995.00,2292.50,-13.39,87.10,-15.11,880.22
2025-12-27T00:52:21,3.59,25631,2197.00,2288.00,2233.00,-13.48,87.65,-15.26,880.42
2025-12-27T01:09:08,3.60,25631,2205.00,4994.00,2238.00,-13.47,88.11,-15.18,880.82
2025-12-27T01:25:54,3.59,25631,2178.00,4995.00,2232.50,-13.72,87.76,-15.35,880.97
2025-12-27T01:42:41,3.59,25631,2180.00,2256.00,2226.00,-13.06,86.60,-15.19,881.30
2025-12-27T01:59:28,3.60,25631,2237.00,4996.00,2290.50,-13.63,88.35,-15.22,881.54
2025-12-27T02:16:15,3.59,25631,2202.00,2258.00,2236.00,-13.29,87.18,-15.00,881.57
2025-12-27T02:33:02,3.59,25631,2177.00,4995.00,2227.00,-13.79,88.49,-15.19,881.67
2025-12-27T02:49:49,3.59,25631,2209.00,2245.00,2216.50,-13.58,89.08,-15.28,881.79
2025-12-27T03:06:36,3.59,25631,2229.00,4994.00,2253.00,-13.57,88.86,-15.15,881.59
2025-12-27T03:23:23,3.60,25631,2225.00,4996.00,2239.50,-13.67,88.33,-14.97,881.94
2025-12-27T03:40:10,3.59,25631,2190.00,2262.00,2236.50,-13.54,87.01,-15.08,882.18
2025-12-27T03:56:57,3.59,25631,2218.00,2252.00,2234.00,-13.83,88.74,-15.24,882.29
2025-12-27T04:13:44,3.59,25631,2184.00,2261.00,2227.50,-13.54,88.26,-15.11,882.49
2025-12-27T04:30:31,3.59,25631,2223.00,2246.00,2230.00,-13.64,88.90,-14.94,882.76
2025-12-27T04:47:18,3.59,25631,2215.00,2261.00,2235.50,-13.50,89.60,-14.77,882.92
2025-12-27T05:04:05,3.60,25631,2220.00,2246.00,2233.50,-13.34,89.08,-14.46,882.89
2025-12-27T05:20:52,3.60,25631,2234.00,2246.00,2241.00,-13.15,87.76,-14.22,883.10
2025-12-27T05:37:40,3.59,25631,2225.00,2244.00,2232.50,-13.16,88.02,-14.01,883.40
2025-12-27T05:54:27,3.60,25631,2225.00,2241.00,2235.50,-13.18,88.36,-13.95,883.56
2025-12-27T06:11:14,3.60,25631,2228.00,2245.00,2237.00,-13.16,88.28,-13.94,883.48
2025-12-27T06:28:00,3.60,25631,2237.00,2246.00,2243.00,-13.27,88.74,-14.05,883.48
2025-12-27T06:44:47,3.60,25631,2214.00,2241.00,2234.00,-13.39,89.16,-14.09,883.55
2025-12-27T07:01:34,3.60,25631,2222.00,2242.00,2239.00,-13.22,88.45,-14.02,883.63
2025-12-27T07:18:21,3.60,25631,2230.00,2254.00,2244.50,-13.34,89.16,-13.99,883.67
2025-12-27T07:35:08,3.60,25631,2234.00,2255.00,2244.00,-13.15,88.32,-13.93,883.68
2025-12-27T07:51:55,3.60,25631,2235.00,2253.00,2245.50,-13.08,88.35,-13.75,883.71
2025-12-27T08:08:42,3.60,25631,2239.00,2252.00,2248.50,-13.04,87.94,-13.67,883.94
2025-12-27T08:25:29,3.59,25631,2240.00,2258.00,2249.50,-12.87,87.56,-13.50,884.14
2025-12-27T08:42:16,3.60,25631,2240.00,2253.00,2245.50,-12.92,88.17,-13.41,884.25
2025-12-27T08:59:03,3.60,25631,2239.00,2254.00,2247.00,-12.87,87.64,-13.31,884.18
2025-12-27T09:15:50,3.60,25631,2236.00,2255.00,2244.50,-12.84,87.98,-13.15,884.40
2025-12-27T09:32:38,3.60,25631,2236.00,2256.00,2246.50,-12.66,88.44,-12.88,884.36
2025-12-27T09:49:25,3.60,25631,2242.00,2256.00,2246.50,-12.52,88.30,-12.46,884.51
2025-12-27T10:06:12,3.60,25631,2231.00,2258.00,2250.00,-12.24,87.75,-11.90,884.60
2025-12-27T10:22:59,3.60,25631,2230.00,2246.00,2240.00,-12.24,89.52,-11.35,884.77
2025-12-27T10:39:46,3.60,25631,2265.00,2279.00,2271.00,-11.63,86.08,-10.59,884.85
2025-12-27T10:56:34,3.61,25631,2247.00,2263.00,2254.00,-11.66,87.28,-9.79,884.81
2025-12-27T11:13:21,3.60,25631,2249.00,2264.00,2257.00,-11.60,87.87,-9.12,884.79
2025-12-27T11:30:08,3.61,25631,2331.00,2339.00,2335.50,-11.67,89.52,-8.59,884.64
2025-12-27T11:46:55,3.61,25631,2284.00,2302.00,2292.00,-10.54,86.67,-8.33,884.71
2025-12-27T12:03:43,3.60,25631,2257.00,2295.00,2291.00,-9.88,82.72,-7.12,884.61
2025-12-27T12:20:30,3.61,25631,2235.00,2256.00,2243.00,-10.18,85.13,-7.19,884.46
2025-12-27T12:37:18,3.61,25631,2253.00,2265.00,2258.00,-10.33,86.76,-7.55,884.30
2025-12-27T12:54:05,3.61,25631,2229.00,2254.00,2241.50,-10.12,86.31,-6.88,884.24
2025-12-27T13:10:53,3.61,25631,2242.00,2261.00,2251.50,-10.16,86.74,-6.79,884.18
