DATETIME, MESSAGE: 
2000-01-01T00:00:00, RTC Initialization Failed - Using Default Time
2000-01-01T00:00:00, Setup Complete
2000-01-01T00:00:00, Data: 2000-01-01T00:00:00,4.05,24955,2734.00,2942.00,2751.00,0.40,65.78,1.46,886.79
2000-01-01T00:00:00, Add row to /TRACKING.csv
2000-01-01T00:00:00, Number of rows in /TRACKING.csv: 1
2000-01-01T00:00:00, Done loop ...
2000-01-01T00:00:00, ... powering down.
2000-01-01T00:00:00, Power down failed
2000-01-01T00:00:00, Data: 2000-01-01T00:00:00,4.13,24467,2728.00,4423.00,2747.00,0.41,65.60,1.46,886.84
2000-01-01T00:00:00, Add row to /TRACKING.csv
2000-01-01T00:00:00, Number of rows in /TRACKING.csv: 2
2000-01-01T00:00:00, Done loop ...
2000-01-01T00:00:00, ... powering down.
2000-01-01T00:00:00, RTC Initialization Failed - Using Default Time
2000-01-01T00:00:00, Setup Complete
2000-01-01T00:00:00, Data: 2000-01-01T00:00:00,4.12,24955,4520.00,4531.00,4523.50,0.40,65.40,1.42,886.84
2000-01-01T00:00:00, Add row to /TRACKING.csv
2000-01-01T00:00:00, Number of rows in /TRACKING.csv: 3
2000-01-01T00:00:00, Done loop ...
2000-01-01T00:00:00, ... powering down.
2000-01-01T00:00:00, RTC Initialization Failed - Using Default Time
2000-01-01T00:00:00, Setup Complete
2000-01-01T00:00:00, Data: 2000-01-01T00:00:00,4.16,24955,4493.00,4550.00,4513.00,0.37,65.17,1.37,886.86
2000-01-01T00:00:00, Add row to /TRACKING.csv
2000-01-01T00:00:00, Number of rows in /TRACKING.csv: 4
2000-01-01T00:00:00, Number of rows in /TRACKING.csv is >= 4
2000-01-01T00:00:00, Remove tracking
2000-01-01T00:00:00, Write to /TRANSMIT.csv: 2000-01-01T00:00:00,4.16,4493.00,0.4,65
2000-01-01T00:00:00, Number of rows in /TRANSMIT.csv: 1
2000-01-01T00:00:00, Current hour = 0, Transmission hour = 0
2000-01-01T00:00:00, 0100008449+00465
2000-01-01T00:00:00,  - attempt to send message: 0100008449+00465
2000-01-01T00:00:00,  - Modem begin successful
2000-01-01T00:00:00,  - Sending...
2000-01-01T00:00:00,  - Send response: 
2000-01-01T00:00:00,   - Sync clocks... 
2000-01-01T00:00:00,  - Arduino Old Time: 2000-00-20T00:84:03
2000-01-01T00:00:00,  - Failed to set valid RTC time
2000-01-01T00:00:00, Message sent! Removing /TRANSMIT.csv
2000-01-01T00:00:00, Done loop ...
2000-01-01T00:00:00, ... powering down.
2000-01-01T00:00:00, Power down failed
2000-01-01T00:00:00, Data: 2000-01-01T00:00:00,4.14,23971,4482.00,4565.00,4525.00,0.36,65.07,1.17,886.72
2000-01-01T00:00:00, Add row to /TRACKING.csv
2000-01-01T00:00:00, Number of rows in /TRACKING.csv: 1
2000-01-01T00:00:00, Done loop ...
2000-01-01T00:00:00, ... powering down.
2000-01-01T00:00:00, Power down failed
2000-01-01T00:00:00, Data: 2000-01-01T00:00:00,4.12,23971,4475.00,4565.00,4509.50,0.37,65.15,1.13,886.69
2000-01-01T00:00:00, Add row to /TRACKING.csv
2000-01-01T00:00:00, Number of rows in /TRACKING.csv: 2
2000-01-01T00:00:00, Done loop ...
2000-01-01T00:00:00, ... powering down.
2000-01-01T00:00:00, Power down failed
2000-01-01T00:00:00, Data: 2000-01-01T00:00:00,4.20,23971,4507.00,4548.00,4524.50,0.33,65.20,1.14,886.69
2000-01-01T00:00:00, Add row to /TRACKING.csv
2000-01-01T00:00:00, Number of rows in /TRACKING.csv: 3
2000-01-01T00:00:00, Done loop ...
2000-01-01T00:00:00, ... powering down.
2000-01-01T00:00:00, Power down failed
2000-01-01T00:00:00, Data: 2000-01-01T00:00:00,4.11,23971,4482.00,4571.00,4510.50,0.34,65.42,1.21,886.69
2000-01-01T00:00:00, Add row to /TRACKING.csv
2000-01-01T00:00:00, Number of rows in /TRACKING.csv: 4
2000-01-01T00:00:00, Number of rows in /TRACKING.csv is >= 4
2000-01-01T00:00:00, Remove tracking
2000-01-01T00:00:00, Write to /TRANSMIT.csv: 2000-01-01T00:00:00,4.11,4482.00,0.3,65
2000-01-01T00:00:00, Number of rows in /TRANSMIT.csv: 1
2000-01-01T00:00:00, Current hour = 0, Transmission hour = 0
2000-01-01T00:00:00, 0100008448+00365
2000-01-01T00:00:00,  - attempt to send message: 0100008448+00365
2000-01-01T00:00:00,  - Modem begin successful
2000-01-01T00:00:00,  - Sending...
2000-01-01T00:00:00, RTC Initialization Failed - Using Default Time
2000-01-01T00:00:00, Setup Complete
2000-01-01T00:00:00, Data: 2000-01-01T00:00:00,4.07,25023,2756.00,3446.00,2768.00,0.86,63.78,2.05,886.75
2000-01-01T00:00:00, Add row to /TRACKING.csv
2000-01-01T00:00:00, Number of rows in /TRACKING.csv: 1
2000-01-01T00:00:00, Done loop ...
2000-01-01T00:00:00, ... powering down.
2000-01-01T00:00:00, Power down failed
2000-01-01T00:00:00, Data: 2000-01-01T00:00:00,4.11,24463,2770.00,3536.00,2780.00,0.89,63.74,2.09,886.85
2000-01-01T00:00:00, Add row to /TRACKING.csv
2000-01-01T00:00:00, Number of rows in /TRACKING.csv: 2
2000-01-01T00:00:00, Done loop ...
2000-01-01T00:00:00, ... powering down.
2000-01-01T00:00:00, RTC Initialization Failed - Using Default Time
2000-01-01T00:00:00, Setup Complete
2000-01-01T00:00:00, Data: 2000-01-01T00:00:00,4.06,24955,2763.00,2785.00,2773.50,0.92,63.85,2.06,886.90
2000-01-01T00:00:00, Add row to /TRACKING.csv
2000-01-01T00:00:00, Number of rows in /TRACKING.csv: 3
2000-01-01T00:00:00, Done loop ...
2000-01-01T00:00:00, Power down failed
2000-01-01T00:00:00, Data: 2000-01-01T00:00:00,4.13,24403,2754.00,2768.00,2762.00,0.95,63.83,2.02,886.72
2000-01-01T00:00:00, Add row to /TRACKING.csv
2000-01-01T00:00:00, Number of rows in /TRACKING.csv: 4
2000-01-01T00:00:00, Number of rows in /TRACKING.csv is >= 4
2000-01-01T00:00:00, Remove tracking
2000-01-01T00:00:00, Write to /TRANSMIT.csv: 2000-01-01T00:00:00,4.13,2754.00,0.9,64
2000-01-01T00:00:00, Number of rows in /TRANSMIT.csv: 2
2000-01-01T00:00:00, Current hour = 0, Transmission hour = 0
2000-01-01T00:00:00, 0100008448+00365:275+00964
2000-01-01T00:00:00,  - attempt to send message: 0100008448+00365:275+00964
2000-01-01T00:00:00,  - Modem begin successful
2000-01-01T00:00:00,  - Sending...
2000-01-01T00:00:00, RTC Initialization Failed - Using Default Time
2000-01-01T00:00:00, Setup Complete
2000-01-01T00:00:00, Data: 2000-01-01T00:00:00,3.76,25555,4505.00,4560.00,4518.00,1.09,61.40,3.04,886.79
2000-01-01T00:00:00, Add row to /TRACKING.csv
2000-01-01T00:00:00, Number of rows in /TRACKING.csv: 1
2000-01-01T00:00:00, Done loop ...
2000-01-01T00:00:00, RTC Initialization Failed - Using Default Time
2000-01-01T00:00:00, Setup Complete
2000-01-01T00:00:00, Data: 2000-01-01T00:00:00,3.75,25555,4511.00,4536.00,4528.50,1.15,61.92,3.22,886.82
2000-01-01T00:00:00, Add row to /TRACKING.csv
2000-01-01T00:00:00, Number of rows in /TRACKING.csv: 2
2000-01-01T00:00:00, Done loop ...
2025-10-12T08:56:59, Setup Complete
2025-10-12T08:57:01, Data: 2025-10-12T08:56:59,3.67,25631,4416.00,4578.00,4510.00,1.15,61.37,3.11,886.82
2025-10-12T08:57:01, Add row to /TRACKING.csv
2025-10-12T08:57:01, Number of rows in /TRACKING.csv: 3
2025-10-12T08:57:04, Done loop ...
2025-10-12T08:58:40, Setup Complete
2025-10-12T08:58:42, Data: 2025-10-12T08:58:40,3.67,25631,4403.00,4496.00,4456.50,0.93,60.87,4.41,889.15
2025-10-12T08:58:42, Add row to /TRACKING.csv
2025-10-12T08:58:43, Number of rows in /TRACKING.csv: 4
2025-10-12T08:58:46, Number of rows in /TRACKING.csv is >= 4
2025-10-12T08:58:46, Remove tracking
2025-10-12T08:58:46, Write to /TRANSMIT.csv: 2025-10-12T08:58:40,3.67,4403.00,0.9,61
2025-10-12T08:58:46, Number of rows in /TRANSMIT.csv: 3
2025-10-12T08:58:46, Current hour = 8, Transmission hour = 0
2025-10-12T08:58:46, Current hour = 8, Transmission hour = 1
2025-10-12T08:58:46, Current hour = 8, Transmission hour = 2
2025-10-12T08:58:46, Current hour = 8, Transmission hour = 3
2025-10-12T08:58:46, Current hour = 8, Transmission hour = 4
2025-10-12T08:58:46, Current hour = 8, Transmission hour = 5
2025-10-12T08:58:46, Current hour = 8, Transmission hour = 6
2025-10-12T08:58:46, Current hour = 8, Transmission hour = 7
2025-10-12T08:58:46, Current hour = 8, Transmission hour = 8
2025-10-12T08:58:46, 0100003448+00365:275+00964:440+00961
2025-10-12T08:58:48,  - attempt to send message: 0100003448+00365:275+00964:440+00961
2025-10-12T08:58:49,  - Modem begin successful
2025-10-12T08:58:49,  - Sending...
2025-10-12T08:58:57,  - Send response: 
2025-10-12T08:58:57,   - Sync clocks... 
2025-10-12T08:58:57,  - Arduino Old Time: 2025-10-12T16:58:57
2025-10-12T08:58:57,  - Arduino New Time: 2025-10-12T16:58:57
2025-10-12T08:58:57, Message sent! Removing /TRANSMIT.csv
2025-10-12T08:58:58, Done loop ...
2025-10-12T09:15:29, Setup Complete
2025-10-12T09:15:31, Data: 2025-10-12T09:15:29,3.68,25631,4515.00,4647.00,4556.50,1.72,58.77,8.96,887.10
2025-10-12T09:15:31, Add row to /TRACKING.csv
2025-10-12T09:15:31, Number of rows in /TRACKING.csv: 1
2025-10-12T09:15:33, Done loop ...
2025-10-12T09:32:17, Setup Complete
2025-10-12T09:32:19, Data: 2025-10-12T09:32:17,3.68,25631,4487.00,4576.00,4546.50,1.79,58.33,10.04,887.22
2025-10-12T09:32:19, Add row to /TRACKING.csv
2025-10-12T09:32:19, Number of rows in /TRACKING.csv: 2
2025-10-12T09:32:22, Done loop ...
2025-10-12T09:49:05, Setup Complete
2025-10-12T09:49:08, Data: 2025-10-12T09:49:06,3.68,25631,4460.00,4570.00,4527.00,2.33,56.12,10.69,886.97
2025-10-12T09:49:08, Add row to /TRACKING.csv
2025-10-12T09:49:08, Number of rows in /TRACKING.csv: 3
2025-10-12T09:49:11, Done loop ...
2025-10-12T10:05:54, Setup Complete
2025-10-12T10:05:56, Data: 2025-10-12T10:05:54,3.68,25631,4453.00,4595.00,4535.00,2.60,57.75,10.55,887.40
2025-10-12T10:05:56, Add row to /TRACKING.csv
2025-10-12T10:05:56, Number of rows in /TRACKING.csv: 4
2025-10-12T10:06:00, Number of rows in /TRACKING.csv is >= 4
2025-10-12T10:06:00, Remove tracking
2025-10-12T10:06:00, Write to /TRANSMIT.csv: 2025-10-12T10:05:54,3.68,4453.00,2.6,58
2025-10-12T10:06:00, Number of rows in /TRANSMIT.csv: 1
2025-10-12T10:06:00, Current hour = 10, Transmission hour = 0
2025-10-12T10:06:00, Current hour = 10, Transmission hour = 1
2025-10-12T10:06:00, Current hour = 10, Transmission hour = 2
2025-10-12T10:06:00, Current hour = 10, Transmission hour = 3
2025-10-12T10:06:00, Current hour = 10, Transmission hour = 4
2025-10-12T10:06:00, Current hour = 10, Transmission hour = 5
2025-10-12T10:06:00, Current hour = 10, Transmission hour = 6
2025-10-12T10:06:00, Current hour = 10, Transmission hour = 7
2025-10-12T10:06:00, Current hour = 10, Transmission hour = 8
2025-10-12T10:06:00, Current hour = 10, Transmission hour = 9
2025-10-12T10:06:00, Current hour = 10, Transmission hour = 10
2025-10-12T10:06:00, 1210053445+02658
2025-10-12T10:06:02,  - attempt to send message: 1210053445+02658
2025-10-12T10:06:03,  - Modem begin successful
2025-10-12T10:06:03,  - Sending...
2025-10-12T10:06:09,  - Send response: 
2025-10-12T10:06:09,   - Sync clocks... 
2025-10-12T10:06:09,  - Arduino Old Time: 2025-10-12T18:06:09
2025-10-12T10:06:08,  - Arduino New Time: 2025-10-12T18:06:08
2025-10-12T10:06:08, Message sent! Removing /TRANSMIT.csv
2025-10-12T10:06:08, Done loop ...
2025-10-12T10:22:41, Setup Complete
2025-10-12T10:22:44, Data: 2025-10-12T10:22:41,3.68,25631,4458.00,4584.00,4558.50,2.26,57.58,8.43,887.42
2025-10-12T10:22:44, Add row to /TRACKING.csv
2025-10-12T10:22:44, Number of rows in /TRACKING.csv: 1
2025-10-12T10:22:46, Done loop ...
2025-10-12T10:39:30, Setup Complete
2025-10-12T10:39:32, Data: 2025-10-12T10:39:30,3.67,25631,4431.00,4592.00,4482.50,3.12,53.29,7.35,887.52
2025-10-12T10:39:32, Add row to /TRACKING.csv
2025-10-12T10:39:32, Number of rows in /TRACKING.csv: 2
2025-10-12T10:39:35, Done loop ...
2025-10-12T10:56:18, Setup Complete
2025-10-12T10:56:20, Data: 2025-10-12T10:56:18,3.68,25631,4413.00,4599.00,4521.50,2.16,57.98,6.68,887.73
2025-10-12T10:56:21, Add row to /TRACKING.csv
2025-10-12T10:56:21, Number of rows in /TRACKING.csv: 3
2025-10-12T10:56:24, Done loop ...
2025-10-12T11:13:07, Setup Complete
2025-10-12T11:13:09, Data: 2025-10-12T11:13:07,3.67,25631,4450.00,4620.00,4525.50,2.48,53.50,6.47,887.60
2025-10-12T11:13:09, Add row to /TRACKING.csv
2025-10-12T11:13:09, Number of rows in /TRACKING.csv: 4
2025-10-12T11:13:12, Number of rows in /TRACKING.csv is >= 4
2025-10-12T11:13:12, Remove tracking
2025-10-12T11:13:12, Write to /TRANSMIT.csv: 2025-10-12T11:13:07,3.67,4450.00,2.5,54
2025-10-12T11:13:13, Number of rows in /TRANSMIT.csv: 1
2025-10-12T11:13:13, Current hour = 11, Transmission hour = 0
2025-10-12T11:13:13, Current hour = 11, Transmission hour = 1
2025-10-12T11:13:13, Current hour = 11, Transmission hour = 2
2025-10-12T11:13:13, Current hour = 11, Transmission hour = 3
2025-10-12T11:13:13, Current hour = 11, Transmission hour = 4
2025-10-12T11:13:13, Current hour = 11, Transmission hour = 5
2025-10-12T11:13:13, Current hour = 11, Transmission hour = 6
2025-10-12T11:13:13, Current hour = 11, Transmission hour = 7
2025-10-12T11:13:13, Current hour = 11, Transmission hour = 8
2025-10-12T11:13:13, Current hour = 11, Transmission hour = 9
2025-10-12T11:13:13, Current hour = 11, Transmission hour = 10
2025-10-12T11:13:13, Current hour = 11, Transmission hour = 11
2025-10-12T11:13:13, 1211133445+02554
2025-10-12T11:13:15,  - attempt to send message: 1211133445+02554
2025-10-12T11:13:16,  - Modem begin successful
2025-10-12T11:13:16,  - Sending...
2025-10-12T11:13:36,  - Send response: 
2025-10-12T11:13:36,   - Sync clocks... 
2025-10-12T11:13:36,  - Arduino Old Time: 2025-10-12T19:13:36
2025-10-12T11:13:36,  - Arduino New Time: 2025-10-12T19:13:36
2025-10-12T11:13:36, Message sent! Removing /TRANSMIT.csv
2025-10-12T11:13:36, Done loop ...
2025-10-12T11:29:55, Setup Complete
2025-10-12T11:29:57, Data: 2025-10-12T11:29:55,3.67,25631,4420.00,4552.00,4479.50,1.92,55.53,6.46,887.86
2025-10-12T11:29:57, Add row to /TRACKING.csv
2025-10-12T11:29:57, Number of rows in /TRACKING.csv: 1
2025-10-12T11:30:00, Done loop ...
2025-10-12T11:46:43, Setup Complete
2025-10-12T11:46:46, Data: 2025-10-12T11:46:43,3.68,25631,4446.00,4585.00,4478.50,2.29,49.78,6.69,887.84
2025-10-12T11:46:46, Add row to /TRACKING.csv
2025-10-12T11:46:46, Number of rows in /TRACKING.csv: 2
2025-10-12T11:46:48, Done loop ...
2025-10-12T12:03:32, Setup Complete
2025-10-12T12:03:34, Data: 2025-10-12T12:03:32,3.67,25631,4421.00,4610.00,4513.50,2.75,47.77,7.02,888.03
2025-10-12T12:03:34, Add row to /TRACKING.csv
2025-10-12T12:03:34, Number of rows in /TRACKING.csv: 3
2025-10-12T12:03:37, Done loop ...
2025-10-12T12:20:20, Setup Complete
2025-10-12T12:20:22, Data: 2025-10-12T12:20:20,3.68,25631,4442.00,4574.00,4524.00,2.89,48.37,7.39,888.11
2025-10-12T12:20:22, Add row to /TRACKING.csv
2025-10-12T12:20:23, Number of rows in /TRACKING.csv: 4
2025-10-12T12:20:26, Number of rows in /TRACKING.csv is >= 4
2025-10-12T12:20:26, Remove tracking
2025-10-12T12:20:26, Write to /TRANSMIT.csv: 2025-10-12T12:20:20,3.68,4442.00,2.9,48
2025-10-12T12:20:26, Number of rows in /TRANSMIT.csv: 1
2025-10-12T12:20:26, Current hour = 12, Transmission hour = 0
2025-10-12T12:20:26, Current hour = 12, Transmission hour = 1
2025-10-12T12:20:26, Current hour = 12, Transmission hour = 2
2025-10-12T12:20:26, Current hour = 12, Transmission hour = 3
2025-10-12T12:20:26, Current hour = 12, Transmission hour = 4
2025-10-12T12:20:26, Current hour = 12, Transmission hour = 5
2025-10-12T12:20:26, Current hour = 12, Transmission hour = 6
2025-10-12T12:20:26, Current hour = 12, Transmission hour = 7
2025-10-12T12:20:26, Current hour = 12, Transmission hour = 8
2025-10-12T12:20:26, Current hour = 12, Transmission hour = 9
2025-10-12T12:20:27, Current hour = 12, Transmission hour = 10
2025-10-12T12:20:27, Current hour = 12, Transmission hour = 11
2025-10-12T12:20:27, Current hour = 12, Transmission hour = 12
2025-10-12T12:20:27, 1212203444+02948
2025-10-12T12:20:29,  - attempt to send message: 1212203444+02948
2025-10-12T12:20:29,  - Modem begin successful
2025-10-12T12:20:29,  - Sending...
2025-10-12T12:20:35,  - Send response: 
2025-10-12T12:20:35,   - Sync clocks... 
2025-10-12T12:20:36,  - Arduino Old Time: 2025-10-12T20:20:36
2025-10-12T12:20:35,  - Arduino New Time: 2025-10-12T20:20:35
2025-10-12T12:20:35, Message sent! Removing /TRANSMIT.csv
2025-10-12T12:20:35, Done loop ...
2025-10-12T12:37:08, Setup Complete
2025-10-12T12:37:10, Data: 2025-10-12T12:37:08,3.68,25631,4384.00,4567.00,4472.50,2.71,46.62,7.25,888.07
2025-10-12T12:37:10, Add row to /TRACKING.csv
2025-10-12T12:37:10, Number of rows in /TRACKING.csv: 1
2025-10-12T12:37:12, Done loop ...
2025-10-12T12:53:56, Setup Complete
2025-10-12T12:53:58, Data: 2025-10-12T12:53:56,3.67,25631,4421.00,4548.00,4501.50,2.78,44.27,7.44,888.14
2025-10-12T12:53:58, Add row to /TRACKING.csv
2025-10-12T12:53:58, Number of rows in /TRACKING.csv: 2
2025-10-12T12:54:01, Done loop ...
2025-10-12T13:10:45, Setup Complete
2025-10-12T13:10:47, Data: 2025-10-12T13:10:45,3.67,25631,4443.00,4564.00,4499.00,3.02,43.22,7.60,888.23
2025-10-12T13:10:47, Add row to /TRACKING.csv
2025-10-12T13:10:47, Number of rows in /TRACKING.csv: 3
2025-10-12T13:10:50, Done loop ...
2025-10-12T13:27:33, Setup Complete
2025-10-12T13:27:35, Data: 2025-10-12T13:27:33,3.67,25631,4443.00,4579.00,4478.00,3.44,42.28,7.61,888.22
2025-10-12T13:27:35, Add row to /TRACKING.csv
2025-10-12T13:27:35, Number of rows in /TRACKING.csv: 4
2025-10-12T13:27:39, Number of rows in /TRACKING.csv is >= 4
2025-10-12T13:27:39, Remove tracking
2025-10-12T13:27:39, Write to /TRANSMIT.csv: 2025-10-12T13:27:33,3.67,4443.00,3.4,42
2025-10-12T13:27:39, Number of rows in /TRANSMIT.csv: 1
2025-10-12T13:27:39, Current hour = 13, Transmission hour = 0
2025-10-12T13:27:39, Current hour = 13, Transmission hour = 1
2025-10-12T13:27:39, Current hour = 13, Transmission hour = 2
2025-10-12T13:27:39, Current hour = 13, Transmission hour = 3
2025-10-12T13:27:39, Current hour = 13, Transmission hour = 4
2025-10-12T13:27:39, Current hour = 13, Transmission hour = 5
2025-10-12T13:27:39, Current hour = 13, Transmission hour = 6
2025-10-12T13:27:39, Current hour = 13, Transmission hour = 7
2025-10-12T13:27:39, Current hour = 13, Transmission hour = 8
2025-10-12T13:27:39, Current hour = 13, Transmission hour = 9
2025-10-12T13:27:39, Current hour = 13, Transmission hour = 10
2025-10-12T13:27:39, Current hour = 13, Transmission hour = 11
2025-10-12T13:27:39, Current hour = 13, Transmission hour = 12
2025-10-12T13:27:39, Current hour = 13, Transmission hour = 13
2025-10-12T13:27:39, 1213273444+03442
2025-10-12T13:27:41,  - attempt to send message: 1213273444+03442
2025-10-12T13:27:42,  - Modem begin successful
2025-10-12T13:27:42,  - Sending...
2025-10-12T13:30:08,  - Send response: 
2025-10-12T13:30:08,   - Sync clocks... 
2025-10-12T13:30:08,  - Arduino Old Time: 2025-10-12T21:30:08
2025-10-12T13:30:08,  - Arduino New Time: 2025-10-12T21:30:08
2025-10-12T13:30:08, Message sent! Removing /TRANSMIT.csv
2025-10-12T13:30:08, Done loop ...
2025-10-12T13:44:21, Setup Complete
2025-10-12T13:44:24, Data: 2025-10-12T13:44:21,3.68,25631,4426.00,4564.00,4495.00,3.57,42.72,7.50,888.18
2025-10-12T13:44:24, Add row to /TRACKING.csv
2025-10-12T13:44:24, Number of rows in /TRACKING.csv: 1
2025-10-12T13:44:26, Done loop ...
2025-10-12T14:01:10, Setup Complete
2025-10-12T14:01:12, Data: 2025-10-12T14:01:10,3.67,25631,4399.00,4478.00,4461.50,4.49,39.74,7.68,888.11
2025-10-12T14:01:12, Add row to /TRACKING.csv
2025-10-12T14:01:12, Number of rows in /TRACKING.csv: 2
2025-10-12T14:01:15, Done loop ...
2025-10-12T14:17:58, Setup Complete
2025-10-12T14:18:00, Data: 2025-10-12T14:17:58,3.66,25631,4366.00,4535.00,4467.50,4.19,43.59,7.53,888.08
2025-10-12T14:18:00, Add row to /TRACKING.csv
2025-10-12T14:18:00, Number of rows in /TRACKING.csv: 3
2025-10-12T14:18:03, Done loop ...
2025-10-12T14:34:47, Setup Complete
2025-10-12T14:34:49, Data: 2025-10-12T14:34:47,3.67,25631,4408.00,4449.00,4417.50,4.57,39.67,7.66,887.92
2025-10-12T14:34:49, Add row to /TRACKING.csv
2025-10-12T14:34:49, Number of rows in /TRACKING.csv: 4
2025-10-12T14:34:52, Number of rows in /TRACKING.csv is >= 4
2025-10-12T14:34:52, Remove tracking
2025-10-12T14:34:52, Write to /TRANSMIT.csv: 2025-10-12T14:34:47,3.67,4408.00,4.6,40
2025-10-12T14:34:52, Number of rows in /TRANSMIT.csv: 1
2025-10-12T14:34:52, Current hour = 14, Transmission hour = 0
2025-10-12T14:34:52, Current hour = 14, Transmission hour = 1
2025-10-12T14:34:52, Current hour = 14, Transmission hour = 2
2025-10-12T14:34:52, Current hour = 14, Transmission hour = 3
2025-10-12T14:34:53, Current hour = 14, Transmission hour = 4
2025-10-12T14:34:53, Current hour = 14, Transmission hour = 5
2025-10-12T14:34:53, Current hour = 14, Transmission hour = 6
2025-10-12T14:34:53, Current hour = 14, Transmission hour = 7
2025-10-12T14:34:53, Current hour = 14, Transmission hour = 8
2025-10-12T14:34:53, Current hour = 14, Transmission hour = 9
2025-10-12T14:34:53, Current hour = 14, Transmission hour = 10
2025-10-12T14:34:53, Current hour = 14, Transmission hour = 11
2025-10-12T14:34:53, Current hour = 14, Transmission hour = 12
2025-10-12T14:34:53, Current hour = 14, Transmission hour = 13
2025-10-12T14:34:53, Current hour = 14, Transmission hour = 14
2025-10-12T14:34:53, 1214343441+04640
2025-10-12T14:34:55,  - attempt to send message: 1214343441+04640
2025-10-12T14:34:56,  - Modem begin successful
2025-10-12T14:34:56,  - Sending...
2025-10-12T14:35:03,  - Send response: 
2025-10-12T14:35:03,   - Sync clocks... 
2025-10-12T14:35:03,  - Arduino Old Time: 2025-10-12T22:35:03
2025-10-12T14:35:03,  - Arduino New Time: 2025-10-12T22:35:03
2025-10-12T14:35:03, Message sent! Removing /TRANSMIT.csv
2025-10-12T14:35:03, Done loop ...
2025-10-12T14:51:35, Setup Complete
2025-10-12T14:51:37, Data: 2025-10-12T14:51:35,3.66,25631,4358.00,4574.00,4443.00,5.25,41.85,7.64,888.14
2025-10-12T14:51:37, Add row to /TRACKING.csv
2025-10-12T14:51:37, Number of rows in /TRACKING.csv: 1
2025-10-12T14:51:40, Done loop ...
2025-10-12T15:08:23, Setup Complete
2025-10-12T15:08:26, Data: 2025-10-12T15:08:23,3.67,25631,4381.00,4544.00,4461.50,5.04,40.09,7.63,888.11
2025-10-12T15:08:26, Add row to /TRACKING.csv
2025-10-12T15:08:26, Number of rows in /TRACKING.csv: 2
2025-10-12T15:08:28, Done loop ...
2025-10-12T15:25:12, Setup Complete
2025-10-12T15:25:14, Data: 2025-10-12T15:25:12,3.67,25631,4416.00,4514.00,4458.00,4.95,41.25,7.43,888.02
2025-10-12T15:25:14, Add row to /TRACKING.csv
2025-10-12T15:25:14, Number of rows in /TRACKING.csv: 3
2025-10-12T15:25:17, Done loop ...
2025-10-12T15:42:00, Setup Complete
2025-10-12T15:42:02, Data: 2025-10-12T15:42:00,3.66,25631,4401.00,4533.00,4462.00,5.44,38.83,7.38,888.00
2025-10-12T15:42:02, Add row to /TRACKING.csv
2025-10-12T15:42:03, Number of rows in /TRACKING.csv: 4
2025-10-12T15:42:06, Number of rows in /TRACKING.csv is >= 4
2025-10-12T15:42:06, Remove tracking
2025-10-12T15:42:06, Write to /TRANSMIT.csv: 2025-10-12T15:42:00,3.66,4401.00,5.4,39
2025-10-12T15:42:06, Number of rows in /TRANSMIT.csv: 1
2025-10-12T15:42:06, Current hour = 15, Transmission hour = 0
2025-10-12T15:42:06, Current hour = 15, Transmission hour = 1
2025-10-12T15:42:06, Current hour = 15, Transmission hour = 2
2025-10-12T15:42:06, Current hour = 15, Transmission hour = 3
2025-10-12T15:42:06, Current hour = 15, Transmission hour = 4
2025-10-12T15:42:06, Current hour = 15, Transmission hour = 5
2025-10-12T15:42:06, Current hour = 15, Transmission hour = 6
2025-10-12T15:42:06, Current hour = 15, Transmission hour = 7
2025-10-12T15:42:06, Current hour = 15, Transmission hour = 8
2025-10-12T15:42:06, Current hour = 15, Transmission hour = 9
2025-10-12T15:42:07, Current hour = 15, Transmission hour = 10
2025-10-12T15:42:07, Current hour = 15, Transmission hour = 11
2025-10-12T15:42:07, Current hour = 15, Transmission hour = 12
2025-10-12T15:42:07, Current hour = 15, Transmission hour = 13
2025-10-12T15:42:07, Current hour = 15, Transmission hour = 14
2025-10-12T15:42:07, Current hour = 15, Transmission hour = 15
2025-10-12T15:42:07, 1215423440+05439
2025-10-12T15:42:09,  - attempt to send message: 1215423440+05439
2025-10-12T15:42:10,  - Modem begin successful
2025-10-12T15:42:10,  - Sending...
2025-10-12T15:44:41,  - Send response: 
2025-10-12T15:44:42,   - Sync clocks... 
2025-10-12T15:44:42,  - Arduino Old Time: 2025-10-12T23:44:42
2025-10-12T15:44:41,  - Arduino New Time: 2025-10-12T23:44:41
2025-10-12T15:44:41, Message sent! Removing /TRANSMIT.csv
2025-10-12T15:44:41, Done loop ...
2025-10-12T15:58:48, Setup Complete
2025-10-12T15:58:50, Data: 2025-10-12T15:58:48,3.67,25631,4424.00,4606.00,4447.50,4.33,40.24,7.22,887.88
2025-10-12T15:58:50, Add row to /TRACKING.csv
2025-10-12T15:58:50, Number of rows in /TRACKING.csv: 1
2025-10-12T15:58:52, Done loop ...
2025-10-12T16:15:36, Setup Complete
2025-10-12T16:15:38, Data: 2025-10-12T16:15:36,3.66,25631,4442.00,4580.00,4493.50,4.98,39.31,6.76,888.17
2025-10-12T16:15:38, Add row to /TRACKING.csv
2025-10-12T16:15:38, Number of rows in /TRACKING.csv: 2
2025-10-12T16:15:41, Done loop ...
2025-10-12T16:32:24, Setup Complete
2025-10-12T16:32:27, Data: 2025-10-12T16:32:25,3.67,25631,4442.00,4565.00,4500.00,5.02,40.82,6.40,888.28
2025-10-12T16:32:27, Add row to /TRACKING.csv
2025-10-12T16:32:27, Number of rows in /TRACKING.csv: 3
2025-10-12T16:32:30, Done loop ...
2025-10-12T16:49:13, Setup Complete
2025-10-12T16:49:15, Data: 2025-10-12T16:49:13,3.66,25631,4469.00,4589.00,4514.00,3.49,40.60,5.87,888.15
2025-10-12T16:49:15, Add row to /TRACKING.csv
2025-10-12T16:49:15, Number of rows in /TRACKING.csv: 4
2025-10-12T16:49:18, Number of rows in /TRACKING.csv is >= 4
2025-10-12T16:49:19, Remove tracking
2025-10-12T16:49:19, Write to /TRANSMIT.csv: 2025-10-12T16:49:13,3.66,4469.00,3.5,41
2025-10-12T16:49:19, Number of rows in /TRANSMIT.csv: 1
2025-10-12T16:49:19, Current hour = 16, Transmission hour = 0
2025-10-12T16:49:19, Current hour = 16, Transmission hour = 1
2025-10-12T16:49:19, Current hour = 16, Transmission hour = 2
2025-10-12T16:49:19, Current hour = 16, Transmission hour = 3
2025-10-12T16:49:19, Current hour = 16, Transmission hour = 4
2025-10-12T16:49:19, Current hour = 16, Transmission hour = 5
2025-10-12T16:49:19, Current hour = 16, Transmission hour = 6
2025-10-12T16:49:19, Current hour = 16, Transmission hour = 7
2025-10-12T16:49:19, Current hour = 16, Transmission hour = 8
2025-10-12T16:49:19, Current hour = 16, Transmission hour = 9
2025-10-12T16:49:19, Current hour = 16, Transmission hour = 10
2025-10-12T16:49:19, Current hour = 16, Transmission hour = 11
2025-10-12T16:49:19, Current hour = 16, Transmission hour = 12
2025-10-12T16:49:19, Current hour = 16, Transmission hour = 13
2025-10-12T16:49:19, Current hour = 16, Transmission hour = 14
2025-10-12T16:49:19, Current hour = 16, Transmission hour = 15
2025-10-12T16:49:19, Current hour = 16, Transmission hour = 16
2025-10-12T16:49:19, 1216493447+03541
2025-10-12T16:49:21,  - attempt to send message: 1216493447+03541
2025-10-12T16:49:22,  - Modem begin successful
2025-10-12T16:49:22,  - Sending...
2025-10-12T16:49:29,  - Send response: 
2025-10-12T16:49:29,   - Sync clocks... 
2025-10-12T16:49:29,  - Arduino Old Time: 2025-10-13T00:49:29
2025-10-12T16:49:29,  - Arduino New Time: 2025-10-13T00:49:29
2025-10-12T16:49:29, Message sent! Removing /TRANSMIT.csv
2025-10-12T16:49:29, Done loop ...
2025-10-12T17:06:01, Setup Complete
2025-10-12T17:06:04, Data: 2025-10-12T17:06:01,3.67,25631,4427.00,4544.00,4498.50,2.61,43.78,4.35,888.02
2025-10-12T17:06:04, Add row to /TRACKING.csv
2025-10-12T17:06:04, Number of rows in /TRACKING.csv: 1
2025-10-12T17:06:06, Done loop ...
2025-10-12T17:22:50, Setup Complete
2025-10-12T17:22:52, Data: 2025-10-12T17:22:50,3.67,25631,4389.00,4549.00,4484.50,1.13,44.80,1.84,888.19
2025-10-12T17:22:52, Add row to /TRACKING.csv
2025-10-12T17:22:52, Number of rows in /TRACKING.csv: 2
2025-10-12T17:22:55, Done loop ...
2025-10-12T17:39:38, Setup Complete
2025-10-12T17:39:40, Data: 2025-10-12T17:39:38,3.67,25631,4375.00,4423.00,4397.50,0.43,47.27,0.59,888.02
2025-10-12T17:39:40, Add row to /TRACKING.csv
2025-10-12T17:39:40, Number of rows in /TRACKING.csv: 3
2025-10-12T17:39:43, Done loop ...
2025-10-12T17:56:26, Setup Complete
2025-10-12T17:56:28, Data: 2025-10-12T17:56:26,3.67,25631,4378.00,4622.00,4409.00,0.37,47.34,-0.21,888.17
2025-10-12T17:56:28, Add row to /TRACKING.csv
2025-10-12T17:56:28, Number of rows in /TRACKING.csv: 4
2025-10-12T17:56:31, Number of rows in /TRACKING.csv is >= 4
2025-10-12T17:56:31, Remove tracking
2025-10-12T17:56:31, Write to /TRANSMIT.csv: 2025-10-12T17:56:26,3.67,4378.00,0.4,47
2025-10-12T17:56:32, Number of rows in /TRANSMIT.csv: 1
2025-10-12T17:56:32, Current hour = 17, Transmission hour = 0
2025-10-12T17:56:32, Current hour = 17, Transmission hour = 1
2025-10-12T17:56:32, Current hour = 17, Transmission hour = 2
2025-10-12T17:56:32, Current hour = 17, Transmission hour = 3
2025-10-12T17:56:32, Current hour = 17, Transmission hour = 4
2025-10-12T17:56:32, Current hour = 17, Transmission hour = 5
2025-10-12T17:56:32, Current hour = 17, Transmission hour = 6
2025-10-12T17:56:32, Current hour = 17, Transmission hour = 7
2025-10-12T17:56:32, Current hour = 17, Transmission hour = 8
2025-10-12T17:56:32, Current hour = 17, Transmission hour = 9
2025-10-12T17:56:32, Current hour = 17, Transmission hour = 10
2025-10-12T17:56:32, Current hour = 17, Transmission hour = 11
2025-10-12T17:56:32, Current hour = 17, Transmission hour = 12
2025-10-12T17:56:32, Current hour = 17, Transmission hour = 13
2025-10-12T17:56:32, Current hour = 17, Transmission hour = 14
2025-10-12T17:56:32, Current hour = 17, Transmission hour = 15
2025-10-12T17:56:32, Current hour = 17, Transmission hour = 16
2025-10-12T17:56:32, Current hour = 17, Transmission hour = 17
2025-10-12T17:56:32, 1217563438+00447
2025-10-12T17:56:34,  - attempt to send message: 1217563438+00447
2025-10-12T17:56:35,  - Modem begin successful
2025-10-12T17:56:35,  - Sending...
2025-10-12T17:57:40,  - Send response: 
2025-10-12T17:57:40,   - Sync clocks... 
2025-10-12T17:57:40,  - Arduino Old Time: 2025-10-13T01:57:40
2025-10-12T17:57:41,  - Arduino New Time: 2025-10-13T01:57:41
2025-10-12T17:57:42, Message sent! Removing /TRANSMIT.csv
2025-10-12T17:57:42, Done loop ...
2025-10-12T18:13:15, Setup Complete
2025-10-12T18:13:17, Data: 2025-10-12T18:13:15,3.67,25631,4390.00,4476.00,4406.00,0.61,47.26,-0.50,887.92
2025-10-12T18:13:17, Add row to /TRACKING.csv
2025-10-12T18:13:17, Number of rows in /TRACKING.csv: 1
2025-10-12T18:13:19, Done loop ...
2025-10-12T18:30:03, Setup Complete
2025-10-12T18:30:05, Data: 2025-10-12T18:30:03,3.67,25631,4370.00,4519.00,4407.00,0.07,49.49,-0.92,888.08
2025-10-12T18:30:05, Add row to /TRACKING.csv
2025-10-12T18:30:05, Number of rows in /TRACKING.csv: 2
2025-10-12T18:30:08, Done loop ...
2025-10-12T18:46:51, Setup Complete
2025-10-12T18:46:53, Data: 2025-10-12T18:46:51,3.67,25631,4390.00,4441.00,4415.50,0.05,49.67,-0.92,888.08
2025-10-12T18:46:53, Add row to /TRACKING.csv
2025-10-12T18:46:53, Number of rows in /TRACKING.csv: 3
2025-10-12T18:46:56, Done loop ...
2025-10-12T19:03:38, Setup Complete
2025-10-12T19:03:41, Data: 2025-10-12T19:03:38,3.67,25631,4384.00,4543.00,4399.00,-0.30,51.27,-1.34,888.09
2025-10-12T19:03:41, Add row to /TRACKING.csv
2025-10-12T19:03:41, Number of rows in /TRACKING.csv: 4
2025-10-12T19:03:44, Number of rows in /TRACKING.csv is >= 4
2025-10-12T19:03:44, Remove tracking
2025-10-12T19:03:44, Write to /TRANSMIT.csv: 2025-10-12T19:03:38,3.67,4384.00,-0.3,51
2025-10-12T19:03:44, Number of rows in /TRANSMIT.csv: 1
2025-10-12T19:03:44, Current hour = 19, Transmission hour = 0
2025-10-12T19:03:44, Current hour = 19, Transmission hour = 1
2025-10-12T19:03:44, Current hour = 19, Transmission hour = 2
2025-10-12T19:03:44, Current hour = 19, Transmission hour = 3
2025-10-12T19:03:44, Current hour = 19, Transmission hour = 4
2025-10-12T19:03:44, Current hour = 19, Transmission hour = 5
2025-10-12T19:03:45, Current hour = 19, Transmission hour = 6
2025-10-12T19:03:45, Current hour = 19, Transmission hour = 7
2025-10-12T19:03:45, Current hour = 19, Transmission hour = 8
2025-10-12T19:03:45, Current hour = 19, Transmission hour = 9
2025-10-12T19:03:45, Current hour = 19, Transmission hour = 10
2025-10-12T19:03:45, Current hour = 19, Transmission hour = 11
2025-10-12T19:03:45, Current hour = 19, Transmission hour = 12
2025-10-12T19:03:45, Current hour = 19, Transmission hour = 13
2025-10-12T19:03:45, Current hour = 19, Transmission hour = 14
2025-10-12T19:03:45, Current hour = 19, Transmission hour = 15
2025-10-12T19:03:45, Current hour = 19, Transmission hour = 16
2025-10-12T19:03:45, Current hour = 19, Transmission hour = 17
2025-10-12T19:03:45, Current hour = 19, Transmission hour = 18
2025-10-12T19:03:45, Current hour = 19, Transmission hour = 19
2025-10-12T19:03:45, 1219033438-00351
2025-10-12T19:03:47,  - attempt to send message: 1219033438-00351
2025-10-12T19:03:48,  - Modem begin successful
2025-10-12T19:03:48,  - Sending...
2025-10-12T19:03:56,  - Send response: 
2025-10-12T19:03:56,   - Sync clocks... 
2025-10-12T19:03:56,  - Arduino Old Time: 2025-10-13T03:03:56
2025-10-12T19:03:55,  - Arduino New Time: 2025-10-13T03:03:55
2025-10-12T19:03:55, Message sent! Removing /TRANSMIT.csv
2025-10-12T19:03:55, Done loop ...
2025-10-12T19:20:25, Setup Complete
2025-10-12T19:20:28, Data: 2025-10-12T19:20:25,3.67,25631,4383.00,4551.00,4478.00,0.00,50.71,-1.43,888.03
2025-10-12T19:20:28, Add row to /TRACKING.csv
2025-10-12T19:20:28, Number of rows in /TRACKING.csv: 1
2025-10-12T19:20:30, Done loop ...
2025-10-12T19:37:13, Setup Complete
2025-10-12T19:37:15, Data: 2025-10-12T19:37:13,3.67,25631,4385.00,4598.00,4509.00,-0.21,50.45,-1.48,888.02
2025-10-12T19:37:15, Add row to /TRACKING.csv
2025-10-12T19:37:16, Number of rows in /TRACKING.csv: 2
2025-10-12T19:37:18, Done loop ...
2025-10-12T19:54:01, Setup Complete
2025-10-12T19:54:03, Data: 2025-10-12T19:54:01,3.67,25631,4398.00,4442.00,4415.50,-0.02,51.39,-1.18,888.08
2025-10-12T19:54:03, Add row to /TRACKING.csv
2025-10-12T19:54:03, Number of rows in /TRACKING.csv: 3
2025-10-12T19:54:06, Done loop ...
2025-10-12T20:10:49, Setup Complete
2025-10-12T20:10:51, Data: 2025-10-12T20:10:49,3.66,25631,4375.00,4408.00,4388.50,-0.29,52.36,-1.37,888.14
2025-10-12T20:10:51, Add row to /TRACKING.csv
2025-10-12T20:10:51, Number of rows in /TRACKING.csv: 4
2025-10-12T20:10:55, Number of rows in /TRACKING.csv is >= 4
2025-10-12T20:10:55, Remove tracking
2025-10-12T20:10:55, Write to /TRANSMIT.csv: 2025-10-12T20:10:49,3.66,4375.00,-0.3,52
2025-10-12T20:10:55, Number of rows in /TRANSMIT.csv: 1
2025-10-12T20:10:55, Current hour = 20, Transmission hour = 0
2025-10-12T20:10:55, Current hour = 20, Transmission hour = 1
2025-10-12T20:10:55, Current hour = 20, Transmission hour = 2
2025-10-12T20:10:55, Current hour = 20, Transmission hour = 3
2025-10-12T20:10:55, Current hour = 20, Transmission hour = 4
2025-10-12T20:10:55, Current hour = 20, Transmission hour = 5
2025-10-12T20:10:55, Current hour = 20, Transmission hour = 6
2025-10-12T20:10:55, Current hour = 20, Transmission hour = 7
2025-10-12T20:10:55, Current hour = 20, Transmission hour = 8
2025-10-12T20:10:55, Current hour = 20, Transmission hour = 9
2025-10-12T20:10:55, Current hour = 20, Transmission hour = 10
2025-10-12T20:10:55, Current hour = 20, Transmission hour = 11
2025-10-12T20:10:55, Current hour = 20, Transmission hour = 12
2025-10-12T20:10:55, Current hour = 20, Transmission hour = 13
2025-10-12T20:10:56, Current hour = 20, Transmission hour = 14
2025-10-12T20:10:56, Current hour = 20, Transmission hour = 15
2025-10-12T20:10:56, Current hour = 20, Transmission hour = 16
2025-10-12T20:10:56, Current hour = 20, Transmission hour = 17
2025-10-12T20:10:56, Current hour = 20, Transmission hour = 18
2025-10-12T20:10:56, Current hour = 20, Transmission hour = 19
2025-10-12T20:10:56, Current hour = 20, Transmission hour = 20
2025-10-12T20:10:56, 1220103438-00352
2025-10-12T20:10:58,  - attempt to send message: 1220103438-00352
2025-10-12T20:10:59,  - Modem begin successful
2025-10-12T20:10:59,  - Sending...
2025-10-12T20:11:07,  - Send response: 
2025-10-12T20:11:07,   - Sync clocks... 
2025-10-12T20:11:07,  - Arduino Old Time: 2025-10-13T04:11:07
2025-10-12T20:11:06,  - Arduino New Time: 2025-10-13T04:11:06
2025-10-12T20:11:06, Message sent! Removing /TRANSMIT.csv
2025-10-12T20:11:06, Done loop ...
2025-10-12T20:27:36, Setup Complete
2025-10-12T20:27:38, Data: 2025-10-12T20:27:36,3.67,25631,4415.00,4446.00,4438.00,-0.21,52.94,-1.42,888.20
2025-10-12T20:27:38, Add row to /TRACKING.csv
2025-10-12T20:27:38, Number of rows in /TRACKING.csv: 1
2025-10-12T20:27:41, Done loop ...
2025-10-12T20:44:24, Setup Complete
2025-10-12T20:44:26, Data: 2025-10-12T20:44:24,3.67,25631,4363.00,4551.00,4427.50,-0.72,54.47,-1.74,888.48
2025-10-12T20:44:26, Add row to /TRACKING.csv
2025-10-12T20:44:26, Number of rows in /TRACKING.csv: 2
2025-10-12T20:44:29, Done loop ...
2025-10-12T21:01:12, Setup Complete
2025-10-12T21:01:14, Data: 2025-10-12T21:01:12,3.66,25631,4406.00,4488.00,4471.50,-0.70,54.12,-1.85,888.30
2025-10-12T21:01:14, Add row to /TRACKING.csv
2025-10-12T21:01:14, Number of rows in /TRACKING.csv: 3
2025-10-12T21:01:17, Done loop ...
2025-10-12T21:18:00, Setup Complete
2025-10-12T21:18:02, Data: 2025-10-12T21:18:00,3.67,25631,4335.00,4530.00,4396.50,-0.23,52.17,-1.82,888.43
2025-10-12T21:18:02, Add row to /TRACKING.csv
2025-10-12T21:18:02, Number of rows in /TRACKING.csv: 4
2025-10-12T21:18:05, Number of rows in /TRACKING.csv is >= 4
2025-10-12T21:18:05, Remove tracking
2025-10-12T21:18:05, Write to /TRANSMIT.csv: 2025-10-12T21:18:00,3.67,4335.00,-0.2,52
2025-10-12T21:18:05, Number of rows in /TRANSMIT.csv: 1
2025-10-12T21:18:05, Current hour = 21, Transmission hour = 0
2025-10-12T21:18:05, Current hour = 21, Transmission hour = 1
2025-10-12T21:18:06, Current hour = 21, Transmission hour = 2
2025-10-12T21:18:06, Current hour = 21, Transmission hour = 3
2025-10-12T21:18:06, Current hour = 21, Transmission hour = 4
2025-10-12T21:18:06, Current hour = 21, Transmission hour = 5
2025-10-12T21:18:06, Current hour = 21, Transmission hour = 6
2025-10-12T21:18:06, Current hour = 21, Transmission hour = 7
2025-10-12T21:18:06, Current hour = 21, Transmission hour = 8
2025-10-12T21:18:06, Current hour = 21, Transmission hour = 9
2025-10-12T21:18:06, Current hour = 21, Transmission hour = 10
2025-10-12T21:18:06, Current hour = 21, Transmission hour = 11
2025-10-12T21:18:06, Current hour = 21, Transmission hour = 12
2025-10-12T21:18:06, Current hour = 21, Transmission hour = 13
2025-10-12T21:18:06, Current hour = 21, Transmission hour = 14
2025-10-12T21:18:06, Current hour = 21, Transmission hour = 15
2025-10-12T21:18:06, Current hour = 21, Transmission hour = 16
2025-10-12T21:18:06, Current hour = 21, Transmission hour = 17
2025-10-12T21:18:06, Current hour = 21, Transmission hour = 18
2025-10-12T21:18:06, Current hour = 21, Transmission hour = 19
2025-10-12T21:18:06, Current hour = 21, Transmission hour = 20
2025-10-12T21:18:06, Current hour = 21, Transmission hour = 21
2025-10-12T21:18:06, 1221183434-00252
2025-10-12T21:18:08,  - attempt to send message: 1221183434-00252
2025-10-12T21:18:09,  - Modem begin successful
2025-10-12T21:18:09,  - Sending...
2025-10-12T21:18:16,  - Send response: 
2025-10-12T21:18:16,   - Sync clocks... 
2025-10-12T21:18:16,  - Arduino Old Time: 2025-10-13T05:18:16
2025-10-12T21:18:16,  - Arduino New Time: 2025-10-13T05:18:16
2025-10-12T21:18:16, Message sent! Removing /TRANSMIT.csv
2025-10-12T21:18:16, Done loop ...
2025-10-12T21:34:47, Setup Complete
2025-10-12T21:34:49, Data: 2025-10-12T21:34:47,3.65,25631,4387.00,4544.00,4414.00,-0.23,52.19,-1.65,888.41
2025-10-12T21:34:49, Add row to /TRACKING.csv
2025-10-12T21:34:50, Number of rows in /TRACKING.csv: 1
2025-10-12T21:34:52, Done loop ...
2025-10-12T21:51:35, Setup Complete
2025-10-12T21:51:37, Data: 2025-10-12T21:51:35,3.65,25631,4390.00,4552.00,4427.00,-0.35,51.62,-1.62,888.42
2025-10-12T21:51:37, Add row to /TRACKING.csv
2025-10-12T21:51:37, Number of rows in /TRACKING.csv: 2
2025-10-12T21:51:40, Done loop ...
2025-10-12T22:08:23, Setup Complete
2025-10-12T22:08:25, Data: 2025-10-12T22:08:23,3.66,25631,4399.00,4536.00,4429.50,-0.32,53.24,-1.47,888.53
2025-10-12T22:08:25, Add row to /TRACKING.csv
2025-10-12T22:08:25, Number of rows in /TRACKING.csv: 3
2025-10-12T22:08:28, Done loop ...
2025-10-12T22:25:11, Setup Complete
2025-10-12T22:25:13, Data: 2025-10-12T22:25:11,3.66,25631,4344.00,4556.00,4411.50,-0.35,53.33,-1.37,888.45
2025-10-12T22:25:13, Add row to /TRACKING.csv
2025-10-12T22:25:13, Number of rows in /TRACKING.csv: 4
2025-10-12T22:25:16, Number of rows in /TRACKING.csv is >= 4
2025-10-12T22:25:16, Remove tracking
2025-10-12T22:25:17, Write to /TRANSMIT.csv: 2025-10-12T22:25:11,3.66,4344.00,-0.3,53
2025-10-12T22:25:17, Number of rows in /TRANSMIT.csv: 1
2025-10-12T22:25:17, Current hour = 22, Transmission hour = 0
2025-10-12T22:25:17, Current hour = 22, Transmission hour = 1
2025-10-12T22:25:17, Current hour = 22, Transmission hour = 2
2025-10-12T22:25:17, Current hour = 22, Transmission hour = 3
2025-10-12T22:25:17, Current hour = 22, Transmission hour = 4
2025-10-12T22:25:17, Current hour = 22, Transmission hour = 5
2025-10-12T22:25:17, Current hour = 22, Transmission hour = 6
2025-10-12T22:25:17, Current hour = 22, Transmission hour = 7
2025-10-12T22:25:17, Current hour = 22, Transmission hour = 8
2025-10-12T22:25:17, Current hour = 22, Transmission hour = 9
2025-10-12T22:25:17, Current hour = 22, Transmission hour = 10
2025-10-12T22:25:17, Current hour = 22, Transmission hour = 11
2025-10-12T22:25:17, Current hour = 22, Transmission hour = 12
2025-10-12T22:25:17, Current hour = 22, Transmission hour = 13
2025-10-12T22:25:17, Current hour = 22, Transmission hour = 14
2025-10-12T22:25:17, Current hour = 22, Transmission hour = 15
2025-10-12T22:25:17, Current hour = 22, Transmission hour = 16
2025-10-12T22:25:17, Current hour = 22, Transmission hour = 17
2025-10-12T22:25:17, Current hour = 22, Transmission hour = 18
2025-10-12T22:25:17, Current hour = 22, Transmission hour = 19
2025-10-12T22:25:17, Current hour = 22, Transmission hour = 20
2025-10-12T22:25:18, Current hour = 22, Transmission hour = 21
2025-10-12T22:25:18, Current hour = 22, Transmission hour = 22
2025-10-12T22:25:18, 1222253434-00353
2025-10-12T22:25:20,  - attempt to send message: 1222253434-00353
2025-10-12T22:25:20,  - Modem begin successful
2025-10-12T22:25:20,  - Sending...
2025-10-12T22:25:26,  - Send response: 
2025-10-12T22:25:26,   - Sync clocks... 
2025-10-12T22:25:26,  - Arduino Old Time: 2025-10-13T06:25:26
2025-10-12T22:25:26,  - Arduino New Time: 2025-10-13T06:25:26
2025-10-12T22:25:26, Message sent! Removing /TRANSMIT.csv
2025-10-12T22:25:26, Done loop ...
2025-10-12T22:41:59, Setup Complete
2025-10-12T22:42:01, Data: 2025-10-12T22:41:59,3.65,25631,4391.00,4556.00,4441.50,-0.25,51.41,-1.33,888.25
2025-10-12T22:42:01, Add row to /TRACKING.csv
2025-10-12T22:42:01, Number of rows in /TRACKING.csv: 1
2025-10-12T22:42:03, Done loop ...
2025-10-12T22:58:47, Setup Complete
2025-10-12T22:58:49, Data: 2025-10-12T22:58:47,3.66,25631,4345.00,4544.00,4511.00,-0.50,50.06,-1.53,888.10
2025-10-12T22:58:49, Add row to /TRACKING.csv
2025-10-12T22:58:49, Number of rows in /TRACKING.csv: 2
2025-10-12T22:58:52, Done loop ...
2025-10-12T23:15:35, Setup Complete
2025-10-12T23:15:37, Data: 2025-10-12T23:15:35,3.66,25631,4303.00,4472.00,4399.50,-0.39,51.35,-1.73,888.13
2025-10-12T23:15:37, Add row to /TRACKING.csv
2025-10-12T23:15:37, Number of rows in /TRACKING.csv: 3
2025-10-12T23:15:40, Done loop ...
2025-10-12T23:32:22, Setup Complete
2025-10-12T23:32:25, Data: 2025-10-12T23:32:22,3.65,25631,4427.00,4559.00,4436.00,-0.45,51.10,-1.79,888.23
2025-10-12T23:32:25, Add row to /TRACKING.csv
2025-10-12T23:32:25, Number of rows in /TRACKING.csv: 4
2025-10-12T23:32:28, Number of rows in /TRACKING.csv is >= 4
2025-10-12T23:32:28, Remove tracking
2025-10-12T23:32:28, Write to /TRANSMIT.csv: 2025-10-12T23:32:22,3.65,4427.00,-0.4,51
2025-10-12T23:32:28, Number of rows in /TRANSMIT.csv: 1
2025-10-12T23:32:28, Current hour = 23, Transmission hour = 0
2025-10-12T23:32:28, Current hour = 23, Transmission hour = 1
2025-10-12T23:32:28, Current hour = 23, Transmission hour = 2
2025-10-12T23:32:28, Current hour = 23, Transmission hour = 3
2025-10-12T23:32:28, Current hour = 23, Transmission hour = 4
2025-10-12T23:32:28, Current hour = 23, Transmission hour = 5
2025-10-12T23:32:28, Current hour = 23, Transmission hour = 6
2025-10-12T23:32:29, Current hour = 23, Transmission hour = 7
2025-10-12T23:32:29, Current hour = 23, Transmission hour = 8
2025-10-12T23:32:29, Current hour = 23, Transmission hour = 9
2025-10-12T23:32:29, Current hour = 23, Transmission hour = 10
2025-10-12T23:32:29, Current hour = 23, Transmission hour = 11
2025-10-12T23:32:29, Current hour = 23, Transmission hour = 12
2025-10-12T23:32:29, Current hour = 23, Transmission hour = 13
2025-10-12T23:32:29, Current hour = 23, Transmission hour = 14
2025-10-12T23:32:29, Current hour = 23, Transmission hour = 15
2025-10-12T23:32:29, Current hour = 23, Transmission hour = 16
2025-10-12T23:32:29, Current hour = 23, Transmission hour = 17
2025-10-12T23:32:29, Current hour = 23, Transmission hour = 18
2025-10-12T23:32:29, Current hour = 23, Transmission hour = 19
2025-10-12T23:32:29, Current hour = 23, Transmission hour = 20
2025-10-12T23:32:29, Current hour = 23, Transmission hour = 21
2025-10-12T23:32:29, Current hour = 23, Transmission hour = 22
2025-10-12T23:32:29, Current hour = 23, Transmission hour = 23
2025-10-12T23:32:29, 1223323443-00451
2025-10-12T23:32:31,  - attempt to send message: 1223323443-00451
2025-10-12T23:32:32,  - Modem begin successful
2025-10-12T23:32:32,  - Sending...
2025-10-12T23:32:40,  - Send response: 
2025-10-12T23:32:41,   - Sync clocks... 
2025-10-12T23:32:41,  - Arduino Old Time: 2025-10-13T07:32:41
2025-10-12T23:32:40,  - Arduino New Time: 2025-10-13T07:32:40
2025-10-12T23:32:40, Message sent! Removing /TRANSMIT.csv
2025-10-12T23:32:40, Done loop ...
2025-10-12T23:49:09, Setup Complete
2025-10-12T23:49:11, Data: 2025-10-12T23:49:09,3.65,25631,4388.00,4416.00,4406.00,-0.23,51.29,-1.74,888.31
2025-10-12T23:49:12, Add row to /TRACKING.csv
2025-10-12T23:49:12, Number of rows in /TRACKING.csv: 1
2025-10-12T23:49:14, Done loop ...
2025-10-13T00:05:57, Setup Complete
2025-10-13T00:05:59, Data: 2025-10-13T00:05:57,3.65,25631,4426.00,4449.00,4436.00,-0.67,52.97,-1.83,888.17
2025-10-13T00:05:59, Add row to /TRACKING.csv
2025-10-13T00:06:00, Number of rows in /TRACKING.csv: 2
2025-10-13T00:06:02, Done loop ...
2025-10-13T00:22:45, Setup Complete
2025-10-13T00:22:47, Data: 2025-10-13T00:22:45,3.65,25631,4395.00,4542.00,4438.50,-1.01,53.30,-2.10,888.18
2025-10-13T00:22:47, Add row to /TRACKING.csv
2025-10-13T00:22:47, Number of rows in /TRACKING.csv: 3
2025-10-13T00:22:50, Done loop ...
2025-10-13T00:39:33, Setup Complete
2025-10-13T00:39:35, Data: 2025-10-13T00:39:33,3.65,25631,4395.00,4537.00,4446.50,-0.94,51.35,-2.20,888.23
2025-10-13T00:39:35, Add row to /TRACKING.csv
2025-10-13T00:39:35, Number of rows in /TRACKING.csv: 4
2025-10-13T00:39:38, Number of rows in /TRACKING.csv is >= 4
2025-10-13T00:39:39, Remove tracking
2025-10-13T00:39:39, Write to /TRANSMIT.csv: 2025-10-13T00:39:33,3.65,4395.00,-0.9,51
2025-10-13T00:39:39, Number of rows in /TRANSMIT.csv: 1
2025-10-13T00:39:39, Current hour = 0, Transmission hour = 0
2025-10-13T00:39:39, 1300393440-00951
2025-10-13T00:39:41,  - attempt to send message: 1300393440-00951
2025-10-13T00:39:42,  - Modem begin successful
2025-10-13T00:39:42,  - Sending...
2025-10-13T00:44:31,  - Send response: 
2025-10-13T00:44:31,   - Sync clocks... 
2025-10-13T00:44:31,  - Arduino Old Time: 2025-10-13T08:44:31
2025-10-13T00:44:31,  - Arduino New Time: 2025-10-13T08:44:31
2025-10-13T00:44:31, Message sent! Removing /TRANSMIT.csv
2025-10-13T00:44:31, Done loop ...
2025-10-13T00:56:21, Setup Complete
2025-10-13T00:56:23, Data: 2025-10-13T00:56:21,3.65,25631,4392.00,4432.00,4401.50,-0.73,51.53,-1.97,888.06
2025-10-13T00:56:23, Add row to /TRACKING.csv
2025-10-13T00:56:23, Number of rows in /TRACKING.csv: 1
2025-10-13T00:56:26, Done loop ...
2025-10-13T01:13:09, Setup Complete
2025-10-13T01:13:11, Data: 2025-10-13T01:13:09,3.65,25631,4385.00,4546.00,4538.00,-1.12,51.62,-2.02,888.02
2025-10-13T01:13:11, Add row to /TRACKING.csv
2025-10-13T01:13:11, Number of rows in /TRACKING.csv: 2
2025-10-13T01:13:14, Done loop ...
2025-10-13T01:29:56, Setup Complete
2025-10-13T01:29:59, Data: 2025-10-13T01:29:57,3.65,25631,4382.00,4426.00,4413.00,-0.65,50.08,-1.69,887.88
2025-10-13T01:29:59, Add row to /TRACKING.csv
2025-10-13T01:29:59, Number of rows in /TRACKING.csv: 3
2025-10-13T01:30:02, Done loop ...
2025-10-13T01:46:44, Setup Complete
2025-10-13T01:46:47, Data: 2025-10-13T01:46:44,3.65,25631,4395.00,4428.00,4409.00,-0.55,49.16,-1.70,887.77
2025-10-13T01:46:47, Add row to /TRACKING.csv
2025-10-13T01:46:47, Number of rows in /TRACKING.csv: 4
2025-10-13T01:46:50, Number of rows in /TRACKING.csv is >= 4
2025-10-13T01:46:50, Remove tracking
2025-10-13T01:46:50, Write to /TRANSMIT.csv: 2025-10-13T01:46:44,3.65,4395.00,-0.6,49
2025-10-13T01:46:50, Number of rows in /TRANSMIT.csv: 1
2025-10-13T01:46:50, Current hour = 1, Transmission hour = 0
2025-10-13T01:46:50, Current hour = 1, Transmission hour = 1
2025-10-13T01:46:50, 1301463440-00649
2025-10-13T01:46:52,  - attempt to send message: 1301463440-00649
2025-10-13T01:46:53,  - Modem begin successful
2025-10-13T01:46:53,  - Sending...
2025-10-13T01:46:59,  - Send response: 
2025-10-13T01:46:59,   - Sync clocks... 
2025-10-13T01:46:59,  - Arduino Old Time: 2025-10-13T09:46:59
2025-10-13T01:46:59,  - Arduino New Time: 2025-10-13T09:46:59
2025-10-13T01:46:59, Message sent! Removing /TRANSMIT.csv
2025-10-13T01:46:59, Done loop ...
2025-10-13T02:03:32, Setup Complete
2025-10-13T02:03:34, Data: 2025-10-13T02:03:32,3.65,25631,4333.00,4554.00,4421.00,-0.59,49.15,-1.62,887.75
2025-10-13T02:03:34, Add row to /TRACKING.csv
2025-10-13T02:03:35, Number of rows in /TRACKING.csv: 1
2025-10-13T02:03:37, Done loop ...
2025-10-13T02:20:20, Setup Complete
2025-10-13T02:20:22, Data: 2025-10-13T02:20:20,3.65,25631,4399.00,4413.00,4404.50,-0.73,49.82,-1.62,887.73
2025-10-13T02:20:22, Add row to /TRACKING.csv
2025-10-13T02:20:22, Number of rows in /TRACKING.csv: 2
2025-10-13T02:20:25, Done loop ...
2025-10-13T02:37:08, Setup Complete
2025-10-13T02:37:10, Data: 2025-10-13T02:37:08,3.65,25631,4309.00,4536.00,4410.50,-0.55,49.56,-1.39,887.63
2025-10-13T02:37:10, Add row to /TRACKING.csv
2025-10-13T02:37:10, Number of rows in /TRACKING.csv: 3
2025-10-13T02:37:13, Done loop ...
2025-10-13T02:53:56, Setup Complete
2025-10-13T02:53:58, Data: 2025-10-13T02:53:56,3.65,25631,4398.00,4426.00,4412.00,-0.30,49.89,-0.97,887.36
2025-10-13T02:53:58, Add row to /TRACKING.csv
2025-10-13T02:53:58, Number of rows in /TRACKING.csv: 4
2025-10-13T02:54:01, Number of rows in /TRACKING.csv is >= 4
2025-10-13T02:54:01, Remove tracking
2025-10-13T02:54:01, Write to /TRANSMIT.csv: 2025-10-13T02:53:56,3.65,4398.00,-0.3,50
2025-10-13T02:54:02, Number of rows in /TRANSMIT.csv: 1
2025-10-13T02:54:02, Current hour = 2, Transmission hour = 0
2025-10-13T02:54:02, Current hour = 2, Transmission hour = 1
2025-10-13T02:54:02, Current hour = 2, Transmission hour = 2
2025-10-13T02:54:02, 1302533440-00350
2025-10-13T02:54:04,  - attempt to send message: 1302533440-00350
2025-10-13T02:54:05,  - Modem begin successful
2025-10-13T02:54:05,  - Sending...
2025-10-13T02:54:11,  - Send response: 
2025-10-13T02:54:11,   - Sync clocks... 
2025-10-13T02:54:11,  - Arduino Old Time: 2025-10-13T10:54:11
2025-10-13T02:54:11,  - Arduino New Time: 2025-10-13T10:54:11
2025-10-13T02:54:11, Message sent! Removing /TRANSMIT.csv
2025-10-13T02:54:11, Done loop ...
2025-10-13T03:10:44, Setup Complete
2025-10-13T03:10:46, Data: 2025-10-13T03:10:44,3.65,25631,4401.00,4424.00,4413.50,-0.43,50.40,-0.93,887.40
2025-10-13T03:10:46, Add row to /TRACKING.csv
2025-10-13T03:10:46, Number of rows in /TRACKING.csv: 1
2025-10-13T03:10:48, Done loop ...
2025-10-13T03:27:32, Setup Complete
2025-10-13T03:27:34, Data: 2025-10-13T03:27:32,3.65,25631,4410.00,4422.00,4418.00,-0.46,51.66,-0.92,887.35
2025-10-13T03:27:34, Add row to /TRACKING.csv
2025-10-13T03:27:34, Number of rows in /TRACKING.csv: 2
2025-10-13T03:27:37, Done loop ...
2025-10-13T03:44:19, Setup Complete
2025-10-13T03:44:22, Data: 2025-10-13T03:44:19,3.65,25631,4397.00,4430.00,4413.00,-0.33,51.11,-0.78,887.16
2025-10-13T03:44:22, Add row to /TRACKING.csv
2025-10-13T03:44:22, Number of rows in /TRACKING.csv: 3
2025-10-13T03:44:25, Done loop ...
2025-10-13T04:01:07, Setup Complete
2025-10-13T04:01:10, Data: 2025-10-13T04:01:07,3.66,25631,4400.00,4420.00,4413.00,-0.32,52.60,-0.64,886.93
2025-10-13T04:01:10, Add row to /TRACKING.csv
2025-10-13T04:01:10, Number of rows in /TRACKING.csv: 4
2025-10-13T04:01:13, Number of rows in /TRACKING.csv is >= 4
2025-10-13T04:01:13, Remove tracking
2025-10-13T04:01:13, Write to /TRANSMIT.csv: 2025-10-13T04:01:07,3.66,4400.00,-0.3,53
2025-10-13T04:01:13, Number of rows in /TRANSMIT.csv: 1
2025-10-13T04:01:13, Current hour = 4, Transmission hour = 0
2025-10-13T04:01:13, Current hour = 4, Transmission hour = 1
2025-10-13T04:01:13, Current hour = 4, Transmission hour = 2
2025-10-13T04:01:13, Current hour = 4, Transmission hour = 3
2025-10-13T04:01:13, Current hour = 4, Transmission hour = 4
2025-10-13T04:01:13, 1304013440-00353
2025-10-13T04:01:15,  - attempt to send message: 1304013440-00353
2025-10-13T04:01:16,  - Modem begin successful
2025-10-13T04:01:16,  - Sending...
2025-10-13T04:01:23,  - Send response: 
2025-10-13T04:01:23,   - Sync clocks... 
2025-10-13T04:01:23,  - Arduino Old Time: 2025-10-13T12:01:23
2025-10-13T04:01:23,  - Arduino New Time: 2025-10-13T12:01:23
2025-10-13T04:01:23, Message sent! Removing /TRANSMIT.csv
2025-10-13T04:01:23, Done loop ...
2025-10-13T04:17:55, Setup Complete
2025-10-13T04:17:57, Data: 2025-10-13T04:17:55,3.65,25631,4403.00,4425.00,4413.00,-0.35,51.20,-0.61,886.81
2025-10-13T04:17:57, Add row to /TRACKING.csv
2025-10-13T04:17:58, Number of rows in /TRACKING.csv: 1
2025-10-13T04:18:00, Done loop ...
2025-10-13T04:34:43, Setup Complete
2025-10-13T04:34:45, Data: 2025-10-13T04:34:43,3.65,25631,4404.00,4426.00,4412.00,-0.14,49.92,-0.49,886.95
2025-10-13T04:34:45, Add row to /TRACKING.csv
2025-10-13T04:34:45, Number of rows in /TRACKING.csv: 2
2025-10-13T04:34:48, Done loop ...
2025-10-13T04:51:31, Setup Complete
2025-10-13T04:51:33, Data: 2025-10-13T04:51:31,3.65,25631,4393.00,4418.00,4408.00,-0.23,51.73,-0.43,886.92
2025-10-13T04:51:33, Add row to /TRACKING.csv
2025-10-13T04:51:33, Number of rows in /TRACKING.csv: 3
2025-10-13T04:51:36, Done loop ...
2025-10-13T05:08:19, Setup Complete
2025-10-13T05:08:21, Data: 2025-10-13T05:08:19,3.65,25631,4396.00,4414.00,4408.00,-0.19,54.43,-0.43,886.79
2025-10-13T05:08:21, Add row to /TRACKING.csv
2025-10-13T05:08:21, Number of rows in /TRACKING.csv: 4
2025-10-13T05:08:25, Number of rows in /TRACKING.csv is >= 4
2025-10-13T05:08:25, Remove tracking
2025-10-13T05:08:25, Write to /TRANSMIT.csv: 2025-10-13T05:08:19,3.65,4396.00,-0.2,54
2025-10-13T05:08:25, Number of rows in /TRANSMIT.csv: 1
2025-10-13T05:08:25, Current hour = 5, Transmission hour = 0
2025-10-13T05:08:25, Current hour = 5, Transmission hour = 1
2025-10-13T05:08:25, Current hour = 5, Transmission hour = 2
2025-10-13T05:08:25, Current hour = 5, Transmission hour = 3
2025-10-13T05:08:25, Current hour = 5, Transmission hour = 4
2025-10-13T05:08:25, Current hour = 5, Transmission hour = 5
2025-10-13T05:08:25, 1305083440-00254
2025-10-13T05:08:27,  - attempt to send message: 1305083440-00254
2025-10-13T05:08:28,  - Modem begin successful
2025-10-13T05:08:28,  - Sending...
2025-10-13T05:10:57,  - Send response: 
2025-10-13T05:10:57,   - Sync clocks... 
2025-10-13T05:10:57,  - Arduino Old Time: 2025-10-13T13:10:57
2025-10-13T05:10:56,  - Arduino New Time: 2025-10-13T13:10:56
2025-10-13T05:10:56, Message sent! Removing /TRANSMIT.csv
2025-10-13T05:10:56, Done loop ...
2025-10-13T05:25:06, Setup Complete
2025-10-13T05:25:08, Data: 2025-10-13T05:25:06,3.65,25631,4389.00,4417.00,4399.00,-0.09,50.51,-0.38,886.89
2025-10-13T05:25:08, Add row to /TRACKING.csv
2025-10-13T05:25:08, Number of rows in /TRACKING.csv: 1
2025-10-13T05:25:11, Done loop ...
2025-10-13T05:41:54, Setup Complete
2025-10-13T05:41:56, Data: 2025-10-13T05:41:54,3.65,25631,4394.00,4423.00,4409.50,-0.14,52.47,-0.32,886.89
2025-10-13T05:41:56, Add row to /TRACKING.csv
2025-10-13T05:41:56, Number of rows in /TRACKING.csv: 2
2025-10-13T05:41:59, Done loop ...
2025-10-13T05:58:42, Setup Complete
2025-10-13T05:58:44, Data: 2025-10-13T05:58:42,3.65,25631,4395.00,4411.00,4404.50,-0.21,53.49,-0.34,887.07
2025-10-13T05:58:44, Add row to /TRACKING.csv
2025-10-13T05:58:44, Number of rows in /TRACKING.csv: 3
2025-10-13T05:58:47, Done loop ...
2025-10-13T06:15:30, Setup Complete
2025-10-13T06:15:32, Data: 2025-10-13T06:15:30,3.65,25631,4398.00,4416.00,4408.00,-0.04,50.81,-0.29,887.26
2025-10-13T06:15:32, Add row to /TRACKING.csv
2025-10-13T06:15:32, Number of rows in /TRACKING.csv: 4
2025-10-13T06:15:35, Number of rows in /TRACKING.csv is >= 4
2025-10-13T06:15:35, Remove tracking
2025-10-13T06:15:35, Write to /TRANSMIT.csv: 2025-10-13T06:15:30,3.65,4398.00,-0.0,51
2025-10-13T06:15:35, Number of rows in /TRANSMIT.csv: 1
2025-10-13T06:15:35, Current hour = 6, Transmission hour = 0
2025-10-13T06:15:36, Current hour = 6, Transmission hour = 1
2025-10-13T06:15:36, Current hour = 6, Transmission hour = 2
2025-10-13T06:15:36, Current hour = 6, Transmission hour = 3
2025-10-13T06:15:36, Current hour = 6, Transmission hour = 4
2025-10-13T06:15:36, Current hour = 6, Transmission hour = 5
2025-10-13T06:15:36, Current hour = 6, Transmission hour = 6
2025-10-13T06:15:36, 1306153440+00051
2025-10-13T06:15:38,  - attempt to send message: 1306153440+00051
2025-10-13T06:15:39,  - Modem begin successful
2025-10-13T06:15:39,  - Sending...
2025-10-13T06:15:53,  - Send response: 
2025-10-13T06:15:53,   - Sync clocks... 
2025-10-13T06:15:53,  - Arduino Old Time: 2025-10-13T14:15:53
2025-10-13T06:15:53,  - Arduino New Time: 2025-10-13T14:15:53
2025-10-13T06:15:53, Message sent! Removing /TRANSMIT.csv
2025-10-13T06:15:53, Done loop ...
2025-10-13T06:32:18, Setup Complete
2025-10-13T06:32:20, Data: 2025-10-13T06:32:18,3.65,25631,4398.00,4422.00,4414.50,-0.01,51.63,-0.20,887.19
2025-10-13T06:32:20, Add row to /TRACKING.csv
2025-10-13T06:32:20, Number of rows in /TRACKING.csv: 1
2025-10-13T06:32:22, Done loop ...
2025-10-13T06:49:05, Setup Complete
2025-10-13T06:49:08, Data: 2025-10-13T06:49:06,3.65,25631,4403.00,4418.00,4412.50,-0.08,53.21,-0.20,887.34
2025-10-13T06:49:08, Add row to /TRACKING.csv
2025-10-13T06:49:08, Number of rows in /TRACKING.csv: 2
2025-10-13T06:49:10, Done loop ...
2025-10-13T07:05:53, Setup Complete
2025-10-13T07:05:56, Data: 2025-10-13T07:05:53,3.65,25631,4404.00,4422.00,4414.00,-0.21,54.27,-0.18,887.36
2025-10-13T07:05:56, Add row to /TRACKING.csv
2025-10-13T07:05:56, Number of rows in /TRACKING.csv: 3
2025-10-13T07:05:59, Done loop ...
2025-10-13T07:22:41, Setup Complete
2025-10-13T07:22:44, Data: 2025-10-13T07:22:41,3.65,25631,4400.00,4426.00,4414.00,-0.26,55.75,-0.22,887.17
2025-10-13T07:22:44, Add row to /TRACKING.csv
2025-10-13T07:22:44, Number of rows in /TRACKING.csv: 4
2025-10-13T07:22:47, Number of rows in /TRACKING.csv is >= 4
2025-10-13T07:22:47, Remove tracking
2025-10-13T07:22:47, Write to /TRANSMIT.csv: 2025-10-13T07:22:41,3.65,4400.00,-0.3,56
2025-10-13T07:22:47, Number of rows in /TRANSMIT.csv: 1
2025-10-13T07:22:47, Current hour = 7, Transmission hour = 0
2025-10-13T07:22:47, Current hour = 7, Transmission hour = 1
2025-10-13T07:22:47, Current hour = 7, Transmission hour = 2
2025-10-13T07:22:47, Current hour = 7, Transmission hour = 3
2025-10-13T07:22:47, Current hour = 7, Transmission hour = 4
2025-10-13T07:22:47, Current hour = 7, Transmission hour = 5
2025-10-13T07:22:47, Current hour = 7, Transmission hour = 6
2025-10-13T07:22:47, Current hour = 7, Transmission hour = 7
2025-10-13T07:22:48, 1307223440-00356
2025-10-13T07:22:50,  - attempt to send message: 1307223440-00356
2025-10-13T07:22:50,  - Modem begin successful
2025-10-13T07:22:50,  - Sending...
2025-10-13T07:27:51,  response: 
2025-10-13T07:27:51,  - Retry...
2025-10-13T07:27:51,    - Sending...
2025-10-13T07:27:51,    - Send response: 10
2025-10-13T07:28:21,  Sync clocks... 
2025-10-13T07:28:21,  - Clock was not synced
2025-10-13T07:28:21, Transmission failed. Error = 10
2025-10-13T07:28:21, Done loop ...
2025-10-13T07:39:29, Setup Complete
2025-10-13T07:39:31, Data: 2025-10-13T07:39:29,3.66,25631,4407.00,4552.00,4416.50,-0.17,55.73,-0.10,886.99
2025-10-13T07:39:31, Add row to /TRACKING.csv
2025-10-13T07:39:32, Number of rows in /TRACKING.csv: 1
2025-10-13T07:39:34, Done loop ...
2025-10-13T07:56:17, Setup Complete
2025-10-13T07:56:19, Data: 2025-10-13T07:56:17,3.65,25631,4551.00,4557.00,4553.00,0.17,54.56,0.18,886.77
2025-10-13T07:56:19, Add row to /TRACKING.csv
2025-10-13T07:56:20, Number of rows in /TRACKING.csv: 2
2025-10-13T07:56:22, Done loop ...
2025-10-13T08:13:05, Setup Complete
2025-10-13T08:13:07, Data: 2025-10-13T08:13:05,3.65,25631,4453.00,4573.00,4561.50,0.48,52.06,0.58,886.60
2025-10-13T08:13:07, Add row to /TRACKING.csv
2025-10-13T08:13:08, Number of rows in /TRACKING.csv: 3
2025-10-13T08:13:10, Done loop ...
2025-10-13T08:29:53, Setup Complete
2025-10-13T08:29:55, Data: 2025-10-13T08:29:53,3.65,25631,4557.00,4564.00,4560.50,0.64,50.13,0.90,886.61
2025-10-13T08:29:55, Add row to /TRACKING.csv
2025-10-13T08:29:56, Number of rows in /TRACKING.csv: 4
2025-10-13T08:29:59, Number of rows in /TRACKING.csv is >= 4
2025-10-13T08:29:59, Remove tracking
2025-10-13T08:29:59, Write to /TRANSMIT.csv: 2025-10-13T08:29:53,3.65,4557.00,0.6,50
2025-10-13T08:29:59, Number of rows in /TRANSMIT.csv: 2
2025-10-13T08:29:59, Current hour = 8, Transmission hour = 0
2025-10-13T08:29:59, Current hour = 8, Transmission hour = 1
2025-10-13T08:29:59, Current hour = 8, Transmission hour = 2
2025-10-13T08:29:59, Current hour = 8, Transmission hour = 3
2025-10-13T08:29:59, Current hour = 8, Transmission hour = 4
2025-10-13T08:29:59, Current hour = 8, Transmission hour = 5
2025-10-13T08:29:59, Current hour = 8, Transmission hour = 6
2025-10-13T08:29:59, Current hour = 8, Transmission hour = 7
2025-10-13T08:29:59, Current hour = 8, Transmission hour = 8
2025-10-13T08:29:59, 1307223440-00356:456+00650
2025-10-13T08:30:01,  - attempt to send message: 1307223440-00356:456+00650
2025-10-13T08:30:02,  - Modem begin successful
2025-10-13T08:30:02,  - Sending...
2025-10-13T08:31:29,  - Send response: 
2025-10-13T08:31:29,   - Sync clocks... 
2025-10-13T08:31:29,  - Arduino Old Time: 2025-10-13T16:31:29
2025-10-13T08:31:28,  - Arduino New Time: 2025-10-13T16:31:28
2025-10-13T08:31:28, Message sent! Removing /TRANSMIT.csv
2025-10-13T08:31:28, Done loop ...
2025-10-13T08:46:40, Setup Complete
2025-10-13T08:46:42, Data: 2025-10-13T08:46:40,3.66,25631,4418.00,4548.00,4536.50,0.82,51.70,1.33,886.67
2025-10-13T08:46:42, Add row to /TRACKING.csv
2025-10-13T08:46:43, Number of rows in /TRACKING.csv: 1
2025-10-13T08:46:45, Done loop ...
2025-10-13T09:03:28, Setup Complete
2025-10-13T09:03:30, Data: 2025-10-13T09:03:28,3.65,25631,4429.00,4559.00,4549.50,0.92,53.92,1.88,886.51
2025-10-13T09:03:30, Add row to /TRACKING.csv
2025-10-13T09:03:31, Number of rows in /TRACKING.csv: 2
2025-10-13T09:03:33, Done loop ...
2025-10-13T09:20:16, Setup Complete
2025-10-13T09:20:18, Data: 2025-10-13T09:20:16,3.65,25631,4493.00,4564.00,4552.50,0.53,59.77,1.67,886.49
2025-10-13T09:20:19, Add row to /TRACKING.csv
2025-10-13T09:20:19, Number of rows in /TRACKING.csv: 3
2025-10-13T09:20:22, Done loop ...
2025-10-13T09:37:04, Setup Complete
2025-10-13T09:37:07, Data: 2025-10-13T09:37:04,3.65,25631,4431.00,4514.00,4481.50,0.61,57.94,1.87,886.57
2025-10-13T09:37:07, Add row to /TRACKING.csv
2025-10-13T09:37:07, Number of rows in /TRACKING.csv: 4
2025-10-13T09:37:10, Number of rows in /TRACKING.csv is >= 4
2025-10-13T09:37:10, Remove tracking
2025-10-13T09:37:10, Write to /TRANSMIT.csv: 2025-10-13T09:37:04,3.65,4431.00,0.6,58
2025-10-13T09:37:10, Number of rows in /TRANSMIT.csv: 1
2025-10-13T09:37:10, Current hour = 9, Transmission hour = 0
2025-10-13T09:37:10, Current hour = 9, Transmission hour = 1
2025-10-13T09:37:10, Current hour = 9, Transmission hour = 2
2025-10-13T09:37:10, Current hour = 9, Transmission hour = 3
2025-10-13T09:37:10, Current hour = 9, Transmission hour = 4
2025-10-13T09:37:10, Current hour = 9, Transmission hour = 5
2025-10-13T09:37:10, Current hour = 9, Transmission hour = 6
2025-10-13T09:37:10, Current hour = 9, Transmission hour = 7
2025-10-13T09:37:11, Current hour = 9, Transmission hour = 8
2025-10-13T09:37:11, Current hour = 9, Transmission hour = 9
2025-10-13T09:37:11, 1309373443+00658
2025-10-13T09:37:13,  - attempt to send message: 1309373443+00658
2025-10-13T09:37:13,  - Modem begin successful
2025-10-13T09:37:13,  - Sending...
2025-10-13T09:37:22,  - Send response: 
2025-10-13T09:37:22,   - Sync clocks... 
2025-10-13T09:37:22,  - Arduino Old Time: 2025-10-13T17:37:22
2025-10-13T09:37:22,  - Arduino New Time: 2025-10-13T17:37:22
2025-10-13T09:37:22, Message sent! Removing /TRANSMIT.csv
2025-10-13T09:37:22, Done loop ...
2025-10-13T09:53:52, Setup Complete
2025-10-13T09:53:55, Data: 2025-10-13T09:53:52,3.65,25631,4456.00,4562.00,4543.00,0.58,57.51,1.98,886.53
2025-10-13T09:53:55, Add row to /TRACKING.csv
2025-10-13T09:53:55, Number of rows in /TRACKING.csv: 1
2025-10-13T09:53:57, Done loop ...
2025-10-13T10:10:40, Setup Complete
2025-10-13T10:10:43, Data: 2025-10-13T10:10:40,3.65,25631,4428.00,4552.00,4463.50,0.78,60.78,1.89,886.65
2025-10-13T10:10:43, Add row to /TRACKING.csv
2025-10-13T10:10:43, Number of rows in /TRACKING.csv: 2
2025-10-13T10:10:45, Done loop ...
2025-10-13T10:27:28, Setup Complete
2025-10-13T10:27:31, Data: 2025-10-13T10:27:28,3.65,25631,4448.00,4601.00,4492.00,0.92,62.00,2.28,886.82
2025-10-13T10:27:31, Add row to /TRACKING.csv
2025-10-13T10:27:31, Number of rows in /TRACKING.csv: 3
2025-10-13T10:27:34, Done loop ...
2025-10-13T10:44:17, Setup Complete
2025-10-13T10:44:19, Data: 2025-10-13T10:44:17,3.65,25631,4436.00,4567.00,4545.50,1.07,62.08,2.63,886.75
2025-10-13T10:44:19, Add row to /TRACKING.csv
2025-10-13T10:44:19, Number of rows in /TRACKING.csv: 4
2025-10-13T10:44:22, Number of rows in /TRACKING.csv is >= 4
2025-10-13T10:44:22, Remove tracking
2025-10-13T10:44:22, Write to /TRANSMIT.csv: 2025-10-13T10:44:17,3.65,4436.00,1.1,62
2025-10-13T10:44:22, Number of rows in /TRANSMIT.csv: 1
2025-10-13T10:44:22, Current hour = 10, Transmission hour = 0
2025-10-13T10:44:22, Current hour = 10, Transmission hour = 1
2025-10-13T10:44:22, Current hour = 10, Transmission hour = 2
2025-10-13T10:44:22, Current hour = 10, Transmission hour = 3
2025-10-13T10:44:23, Current hour = 10, Transmission hour = 4
2025-10-13T10:44:23, Current hour = 10, Transmission hour = 5
2025-10-13T10:44:23, Current hour = 10, Transmission hour = 6
2025-10-13T10:44:23, Current hour = 10, Transmission hour = 7
2025-10-13T10:44:23, Current hour = 10, Transmission hour = 8
2025-10-13T10:44:23, Current hour = 10, Transmission hour = 9
2025-10-13T10:44:23, Current hour = 10, Transmission hour = 10
2025-10-13T10:44:23, 1310443444+01162
2025-10-13T10:44:25,  - attempt to send message: 1310443444+01162
2025-10-13T10:44:26,  - Modem begin successful
2025-10-13T10:44:26,  - Sending...
2025-10-13T10:44:31,  - Send response: 
2025-10-13T10:44:31,   - Sync clocks... 
2025-10-13T10:44:31,  - Arduino Old Time: 2025-10-13T18:44:31
2025-10-13T10:44:31,  - Arduino New Time: 2025-10-13T18:44:31
2025-10-13T10:44:31, Message sent! Removing /TRANSMIT.csv
2025-10-13T10:44:31, Done loop ...
2025-10-13T11:01:04, Setup Complete
2025-10-13T11:01:06, Data: 2025-10-13T11:01:04,3.65,25631,4476.00,4565.00,4511.00,1.70,60.60,3.01,886.50
2025-10-13T11:01:06, Add row to /TRACKING.csv
2025-10-13T11:01:06, Number of rows in /TRACKING.csv: 1
2025-10-13T11:01:08, Done loop ...
2025-10-13T11:17:52, Setup Complete
2025-10-13T11:17:54, Data: 2025-10-13T11:17:52,3.65,25631,4443.00,4579.00,4457.00,1.65,63.97,3.07,886.67
2025-10-13T11:17:54, Add row to /TRACKING.csv
2025-10-13T11:17:54, Number of rows in /TRACKING.csv: 2
2025-10-13T11:17:57, Done loop ...
2025-10-13T11:34:40, Setup Complete
2025-10-13T11:34:42, Data: 2025-10-13T11:34:40,3.65,25631,4459.00,4566.00,4548.50,1.44,65.83,3.28,886.72
2025-10-13T11:34:42, Add row to /TRACKING.csv
2025-10-13T11:34:42, Number of rows in /TRACKING.csv: 3
2025-10-13T11:34:45, Done loop ...
2025-10-13T11:51:28, Setup Complete
2025-10-13T11:51:30, Data: 2025-10-13T11:51:28,3.64,25631,4502.00,4556.00,4521.50,1.89,63.20,3.96,886.97
2025-10-13T11:51:30, Add row to /TRACKING.csv
2025-10-13T11:51:30, Number of rows in /TRACKING.csv: 4
2025-10-13T11:51:33, Number of rows in /TRACKING.csv is >= 4
2025-10-13T11:51:34, Remove tracking
2025-10-13T11:51:34, Write to /TRANSMIT.csv: 2025-10-13T11:51:28,3.64,4502.00,1.9,63
2025-10-13T11:51:34, Number of rows in /TRANSMIT.csv: 1
2025-10-13T11:51:34, Current hour = 11, Transmission hour = 0
2025-10-13T11:51:34, Current hour = 11, Transmission hour = 1
2025-10-13T11:51:34, Current hour = 11, Transmission hour = 2
2025-10-13T11:51:34, Current hour = 11, Transmission hour = 3
2025-10-13T11:51:34, Current hour = 11, Transmission hour = 4
2025-10-13T11:51:34, Current hour = 11, Transmission hour = 5
2025-10-13T11:51:34, Current hour = 11, Transmission hour = 6
2025-10-13T11:51:34, Current hour = 11, Transmission hour = 7
2025-10-13T11:51:34, Current hour = 11, Transmission hour = 8
2025-10-13T11:51:34, Current hour = 11, Transmission hour = 9
2025-10-13T11:51:34, Current hour = 11, Transmission hour = 10
2025-10-13T11:51:34, Current hour = 11, Transmission hour = 11
2025-10-13T11:51:34, 1311513450+01963
2025-10-13T11:51:36,  - attempt to send message: 1311513450+01963
2025-10-13T11:51:37,  - Modem begin successful
2025-10-13T11:51:37,  - Sending...
2025-10-13T11:53:50,  - Send response: 
2025-10-13T11:53:50,   - Sync clocks... 
2025-10-13T11:53:50,  - Arduino Old Time: 2025-10-13T19:53:50
2025-10-13T11:53:51,  - Arduino New Time: 2025-10-13T19:53:51
2025-10-13T11:53:51, Message sent! Removing /TRANSMIT.csv
2025-10-13T11:53:51, Done loop ...
2025-10-13T12:08:17, Setup Complete
2025-10-13T12:08:19, Data: 2025-10-13T12:08:17,3.66,25631,4506.00,4524.00,4518.00,2.78,60.38,4.65,886.77
2025-10-13T12:08:19, Add row to /TRACKING.csv
2025-10-13T12:08:19, Number of rows in /TRACKING.csv: 1
2025-10-13T12:08:22, Done loop ...
2025-10-13T12:25:05, Setup Complete
2025-10-13T12:25:07, Data: 2025-10-13T12:25:05,3.65,25631,4458.00,4486.00,4475.00,2.68,60.98,4.63,886.69
2025-10-13T12:25:07, Add row to /TRACKING.csv
2025-10-13T12:25:08, Number of rows in /TRACKING.csv: 2
2025-10-13T12:25:10, Done loop ...
2025-10-13T12:41:53, Setup Complete
2025-10-13T12:41:56, Data: 2025-10-13T12:41:53,3.65,25631,4487.00,4531.00,4513.50,3.20,62.52,5.09,886.49
2025-10-13T12:41:56, Add row to /TRACKING.csv
2025-10-13T12:41:56, Number of rows in /TRACKING.csv: 3
2025-10-13T12:41:59, Done loop ...
2025-10-13T12:58:42, Setup Complete
2025-10-13T12:58:44, Data: 2025-10-13T12:58:42,3.65,25631,4424.00,4524.00,4515.50,3.43,61.37,5.81,886.46
2025-10-13T12:58:44, Add row to /TRACKING.csv
2025-10-13T12:58:44, Number of rows in /TRACKING.csv: 4
2025-10-13T12:58:47, Number of rows in /TRACKING.csv is >= 4
2025-10-13T12:58:47, Remove tracking
2025-10-13T12:58:47, Write to /TRANSMIT.csv: 2025-10-13T12:58:42,3.65,4424.00,3.4,61
2025-10-13T12:58:47, Number of rows in /TRANSMIT.csv: 1
2025-10-13T12:58:47, Current hour = 12, Transmission hour = 0
2025-10-13T12:58:47, Current hour = 12, Transmission hour = 1
2025-10-13T12:58:48, Current hour = 12, Transmission hour = 2
2025-10-13T12:58:48, Current hour = 12, Transmission hour = 3
2025-10-13T12:58:48, Current hour = 12, Transmission hour = 4
2025-10-13T12:58:48, Current hour = 12, Transmission hour = 5
2025-10-13T12:58:48, Current hour = 12, Transmission hour = 6
2025-10-13T12:58:48, Current hour = 12, Transmission hour = 7
2025-10-13T12:58:48, Current hour = 12, Transmission hour = 8
2025-10-13T12:58:48, Current hour = 12, Transmission hour = 9
2025-10-13T12:58:48, Current hour = 12, Transmission hour = 10
2025-10-13T12:58:48, Current hour = 12, Transmission hour = 11
2025-10-13T12:58:48, Current hour = 12, Transmission hour = 12
2025-10-13T12:58:48, 1312583442+03461
2025-10-13T12:58:50,  - attempt to send message: 1312583442+03461
2025-10-13T12:58:51,  - Modem begin successful
2025-10-13T12:58:51,  - Sending...
2025-10-13T12:58:58,  - Send response: 
2025-10-13T12:58:58,   - Sync clocks... 
2025-10-13T12:58:58,  - Arduino Old Time: 2025-10-13T20:58:58
2025-10-13T12:58:57,  - Arduino New Time: 2025-10-13T20:58:57
2025-10-13T12:58:57, Message sent! Removing /TRANSMIT.csv
2025-10-13T12:58:57, Done loop ...
2025-10-13T13:15:29, Setup Complete
2025-10-13T13:15:31, Data: 2025-10-13T13:15:29,3.65,25631,4451.00,4566.00,4520.00,3.22,61.34,5.72,886.47
2025-10-13T13:15:31, Add row to /TRACKING.csv
2025-10-13T13:15:31, Number of rows in /TRACKING.csv: 1
2025-10-13T13:15:34, Done loop ...
2025-10-13T13:32:17, Setup Complete
2025-10-13T13:32:19, Data: 2025-10-13T13:32:17,3.65,25631,4467.00,4537.00,4515.50,3.39,51.96,5.50,886.30
2025-10-13T13:32:19, Add row to /TRACKING.csv
2025-10-13T13:32:19, Number of rows in /TRACKING.csv: 2
2025-10-13T13:32:22, Done loop ...
2025-10-13T13:49:05, Setup Complete
2025-10-13T13:49:07, Data: 2025-10-13T13:49:05,3.65,25631,4510.00,4534.00,4521.00,3.19,59.86,5.36,886.34
2025-10-13T13:49:08, Add row to /TRACKING.csv
2025-10-13T13:49:08, Number of rows in /TRACKING.csv: 3
2025-10-13T13:49:11, Done loop ...
2025-10-13T14:05:54, Setup Complete
2025-10-13T14:05:56, Data: 2025-10-13T14:05:54,3.65,25631,4444.00,4527.00,4513.50,2.61,64.69,4.88,886.33
2025-10-13T14:05:56, Add row to /TRACKING.csv
2025-10-13T14:05:56, Number of rows in /TRACKING.csv: 4
2025-10-13T14:05:59, Number of rows in /TRACKING.csv is >= 4
2025-10-13T14:05:59, Remove tracking
2025-10-13T14:05:59, Write to /TRANSMIT.csv: 2025-10-13T14:05:54,3.65,4444.00,2.6,65
2025-10-13T14:05:59, Number of rows in /TRANSMIT.csv: 1
2025-10-13T14:05:59, Current hour = 14, Transmission hour = 0
2025-10-13T14:05:59, Current hour = 14, Transmission hour = 1
2025-10-13T14:05:59, Current hour = 14, Transmission hour = 2
2025-10-13T14:06:00, Current hour = 14, Transmission hour = 3
2025-10-13T14:06:00, Current hour = 14, Transmission hour = 4
2025-10-13T14:06:00, Current hour = 14, Transmission hour = 5
2025-10-13T14:06:00, Current hour = 14, Transmission hour = 6
2025-10-13T14:06:00, Current hour = 14, Transmission hour = 7
2025-10-13T14:06:00, Current hour = 14, Transmission hour = 8
2025-10-13T14:06:00, Current hour = 14, Transmission hour = 9
2025-10-13T14:06:00, Current hour = 14, Transmission hour = 10
2025-10-13T14:06:00, Current hour = 14, Transmission hour = 11
2025-10-13T14:06:00, Current hour = 14, Transmission hour = 12
2025-10-13T14:06:00, Current hour = 14, Transmission hour = 13
2025-10-13T14:06:00, Current hour = 14, Transmission hour = 14
2025-10-13T14:06:00, 1314053444+02665
2025-10-13T14:06:02,  - attempt to send message: 1314053444+02665
2025-10-13T14:06:03,  - Modem begin successful
2025-10-13T14:06:03,  - Sending...
2025-10-13T14:11:28,  response: 
2025-10-13T14:11:28,  - Retry...
2025-10-13T14:11:28,    - Sending...
2025-10-13T14:11:28,    - Send response: 10
2025-10-13T14:11:58,  Sync clocks... 
2025-10-13T14:11:58,  - Clock was not synced
2025-10-13T14:11:58, Transmission failed. Error = 10
2025-10-13T14:11:58, Done loop ...
2025-10-13T14:22:42, Setup Complete
2025-10-13T14:22:44, Data: 2025-10-13T14:22:42,3.66,25631,4454.00,4513.00,4502.50,3.12,65.80,4.61,886.49
2025-10-13T14:22:44, Add row to /TRACKING.csv
2025-10-13T14:22:44, Number of rows in /TRACKING.csv: 1
2025-10-13T14:22:46, Done loop ...
2025-10-13T14:39:30, Setup Complete
2025-10-13T14:39:32, Data: 2025-10-13T14:39:30,3.65,25631,4409.00,4557.00,4459.50,2.80,61.63,4.54,886.57
2025-10-13T14:39:32, Add row to /TRACKING.csv
2025-10-13T14:39:32, Number of rows in /TRACKING.csv: 2
2025-10-13T14:39:35, Done loop ...
2025-10-13T14:56:18, Setup Complete
2025-10-13T14:56:20, Data: 2025-10-13T14:56:18,3.64,25631,4446.00,4526.00,4476.50,2.37,66.46,4.15,886.56
2025-10-13T14:56:20, Add row to /TRACKING.csv
2025-10-13T14:56:20, Number of rows in /TRACKING.csv: 3
2025-10-13T14:56:23, Done loop ...
2025-10-13T15:13:06, Setup Complete
2025-10-13T15:13:08, Data: 2025-10-13T15:13:06,3.65,25631,4499.00,4515.00,4509.00,2.80,68.26,3.76,886.54
2025-10-13T15:13:08, Add row to /TRACKING.csv
2025-10-13T15:13:09, Number of rows in /TRACKING.csv: 4
2025-10-13T15:13:12, Number of rows in /TRACKING.csv is >= 4
2025-10-13T15:13:12, Remove tracking
2025-10-13T15:13:12, Write to /TRANSMIT.csv: 2025-10-13T15:13:06,3.65,4499.00,2.8,68
2025-10-13T15:13:12, Number of rows in /TRANSMIT.csv: 2
2025-10-13T15:13:12, Current hour = 15, Transmission hour = 0
2025-10-13T15:13:12, Current hour = 15, Transmission hour = 1
2025-10-13T15:13:12, Current hour = 15, Transmission hour = 2
2025-10-13T15:13:12, Current hour = 15, Transmission hour = 3
2025-10-13T15:13:12, Current hour = 15, Transmission hour = 4
2025-10-13T15:13:12, Current hour = 15, Transmission hour = 5
2025-10-13T15:13:12, Current hour = 15, Transmission hour = 6
2025-10-13T15:13:12, Current hour = 15, Transmission hour = 7
2025-10-13T15:13:12, Current hour = 15, Transmission hour = 8
2025-10-13T15:13:12, Current hour = 15, Transmission hour = 9
2025-10-13T15:13:12, Current hour = 15, Transmission hour = 10
2025-10-13T15:13:12, Current hour = 15, Transmission hour = 11
2025-10-13T15:13:13, Current hour = 15, Transmission hour = 12
2025-10-13T15:13:13, Current hour = 15, Transmission hour = 13
2025-10-13T15:13:13, Current hour = 15, Transmission hour = 14
2025-10-13T15:13:13, Current hour = 15, Transmission hour = 15
2025-10-13T15:13:13, 1314053444+02665:450+02868
2025-10-13T15:13:15,  - attempt to send message: 1314053444+02665:450+02868
2025-10-13T15:13:15,  - Modem begin successful
2025-10-13T15:13:16,  - Sending...
2025-10-13T15:13:18,  - Send response: 
2025-10-13T15:13:18,   - Sync clocks... 
2025-10-13T15:13:18,  - Arduino Old Time: 2025-10-13T23:13:18
2025-10-13T15:13:18,  - Arduino New Time: 2025-10-13T23:13:18
2025-10-13T15:13:18, Message sent! Removing /TRANSMIT.csv
2025-10-13T15:13:18, Done loop ...
2025-10-13T15:29:54, Setup Complete
2025-10-13T15:29:57, Data: 2025-10-13T15:29:54,3.65,25631,4537.00,4553.00,4546.50,2.78,68.94,3.70,886.48
2025-10-13T15:29:57, Add row to /TRACKING.csv
2025-10-13T15:29:57, Number of rows in /TRACKING.csv: 1
2025-10-13T15:29:59, Done loop ...
2025-10-13T15:46:42, Setup Complete
2025-10-13T15:46:45, Data: 2025-10-13T15:46:43,3.65,25631,4449.00,4562.00,4484.50,3.05,66.77,3.76,886.60
2025-10-13T15:46:45, Add row to /TRACKING.csv
2025-10-13T15:46:45, Number of rows in /TRACKING.csv: 2
2025-10-13T15:46:47, Done loop ...
2025-10-13T16:03:31, Setup Complete
2025-10-13T16:03:33, Data: 2025-10-13T16:03:31,3.65,25631,4443.00,4480.00,4459.50,3.47,65.22,4.08,886.53
2025-10-13T16:03:33, Add row to /TRACKING.csv
2025-10-13T16:03:33, Number of rows in /TRACKING.csv: 3
2025-10-13T16:03:36, Done loop ...
2025-10-13T16:20:19, Setup Complete
2025-10-13T16:20:21, Data: 2025-10-13T16:20:19,3.65,25631,4474.00,4516.00,4493.50,3.37,63.36,4.17,886.38
2025-10-13T16:20:21, Add row to /TRACKING.csv
2025-10-13T16:20:21, Number of rows in /TRACKING.csv: 4
2025-10-13T16:20:24, Number of rows in /TRACKING.csv is >= 4
2025-10-13T16:20:24, Remove tracking
2025-10-13T16:20:25, Write to /TRANSMIT.csv: 2025-10-13T16:20:19,3.65,4474.00,3.4,63
2025-10-13T16:20:25, Number of rows in /TRANSMIT.csv: 1
2025-10-13T16:20:25, Current hour = 16, Transmission hour = 0
2025-10-13T16:20:25, Current hour = 16, Transmission hour = 1
2025-10-13T16:20:25, Current hour = 16, Transmission hour = 2
2025-10-13T16:20:25, Current hour = 16, Transmission hour = 3
2025-10-13T16:20:25, Current hour = 16, Transmission hour = 4
2025-10-13T16:20:25, Current hour = 16, Transmission hour = 5
2025-10-13T16:20:25, Current hour = 16, Transmission hour = 6
2025-10-13T16:20:25, Current hour = 16, Transmission hour = 7
2025-10-13T16:20:25, Current hour = 16, Transmission hour = 8
2025-10-13T16:20:25, Current hour = 16, Transmission hour = 9
2025-10-13T16:20:25, Current hour = 16, Transmission hour = 10
2025-10-13T16:20:25, Current hour = 16, Transmission hour = 11
2025-10-13T16:20:25, Current hour = 16, Transmission hour = 12
2025-10-13T16:20:25, Current hour = 16, Transmission hour = 13
2025-10-13T16:20:25, Current hour = 16, Transmission hour = 14
2025-10-13T16:20:25, Current hour = 16, Transmission hour = 15
2025-10-13T16:20:25, Current hour = 16, Transmission hour = 16
2025-10-13T16:20:25, 1316203447+03463
2025-10-13T16:20:27,  - attempt to send message: 1316203447+03463
2025-10-13T16:20:28,  - Modem begin successful
2025-10-13T16:20:28,  - Sending...
2025-10-13T16:23:14,  - Send response: 
2025-10-13T16:23:14,   - Sync clocks... 
2025-10-13T16:23:14,  - Arduino Old Time: 2025-10-14T00:23:14
2025-10-13T16:23:13,  - Arduino New Time: 2025-10-14T00:23:13
2025-10-13T16:23:13, Message sent! Removing /TRANSMIT.csv
2025-10-13T16:23:13, Done loop ...
2025-10-13T16:37:06, Setup Complete
2025-10-13T16:37:08, Data: 2025-10-13T16:37:06,3.65,25631,4453.00,4576.00,4464.00,2.81,64.53,4.10,886.35
2025-10-13T16:37:08, Add row to /TRACKING.csv
2025-10-13T16:37:08, Number of rows in /TRACKING.csv: 1
2025-10-13T16:37:11, Done loop ...
2025-10-13T16:53:54, Setup Complete
2025-10-13T16:53:56, Data: 2025-10-13T16:53:54,3.65,25631,4558.00,4568.00,4564.00,3.03,66.01,3.87,886.27
2025-10-13T16:53:56, Add row to /TRACKING.csv
2025-10-13T16:53:56, Number of rows in /TRACKING.csv: 2
2025-10-13T16:53:59, Done loop ...
2025-10-13T17:10:42, Setup Complete
2025-10-13T17:10:44, Data: 2025-10-13T17:10:42,3.65,25631,4465.00,4561.00,4520.50,2.99,67.98,3.53,886.28
2025-10-13T17:10:44, Add row to /TRACKING.csv
2025-10-13T17:10:45, Number of rows in /TRACKING.csv: 3
2025-10-13T17:10:48, Done loop ...
2025-10-13T17:27:30, Setup Complete
2025-10-13T17:27:33, Data: 2025-10-13T17:27:30,3.65,25631,4469.00,4557.00,4515.50,2.40,70.66,2.96,886.13
2025-10-13T17:27:33, Add row to /TRACKING.csv
2025-10-13T17:27:33, Number of rows in /TRACKING.csv: 4
2025-10-13T17:27:36, Number of rows in /TRACKING.csv is >= 4
2025-10-13T17:27:36, Remove tracking
2025-10-13T17:27:36, Write to /TRANSMIT.csv: 2025-10-13T17:27:30,3.65,4469.00,2.4,71
2025-10-13T17:27:36, Number of rows in /TRANSMIT.csv: 1
2025-10-13T17:27:36, Current hour = 17, Transmission hour = 0
2025-10-13T17:27:36, Current hour = 17, Transmission hour = 1
2025-10-13T17:27:36, Current hour = 17, Transmission hour = 2
2025-10-13T17:27:36, Current hour = 17, Transmission hour = 3
2025-10-13T17:27:36, Current hour = 17, Transmission hour = 4
2025-10-13T17:27:36, Current hour = 17, Transmission hour = 5
2025-10-13T17:27:36, Current hour = 17, Transmission hour = 6
2025-10-13T17:27:37, Current hour = 17, Transmission hour = 7
2025-10-13T17:27:37, Current hour = 17, Transmission hour = 8
2025-10-13T17:27:37, Current hour = 17, Transmission hour = 9
2025-10-13T17:27:37, Current hour = 17, Transmission hour = 10
2025-10-13T17:27:37, Current hour = 17, Transmission hour = 11
2025-10-13T17:27:37, Current hour = 17, Transmission hour = 12
2025-10-13T17:27:37, Current hour = 17, Transmission hour = 13
2025-10-13T17:27:37, Current hour = 17, Transmission hour = 14
2025-10-13T17:27:37, Current hour = 17, Transmission hour = 15
2025-10-13T17:27:37, Current hour = 17, Transmission hour = 16
2025-10-13T17:27:37, Current hour = 17, Transmission hour = 17
2025-10-13T17:27:37, 1317273447+02471
2025-10-13T17:27:39,  - attempt to send message: 1317273447+02471
2025-10-13T17:27:40,  - Modem begin successful
2025-10-13T17:27:40,  - Sending...
2025-10-13T17:27:43,  - Send response: 
2025-10-13T17:27:43,   - Sync clocks... 
2025-10-13T17:27:43,  - Arduino Old Time: 2025-10-14T01:27:43
2025-10-13T17:27:44,  - Arduino New Time: 2025-10-14T01:27:44
2025-10-13T17:27:44, Message sent! Removing /TRANSMIT.csv
2025-10-13T17:27:44, Done loop ...
2025-10-13T17:44:18, Setup Complete
2025-10-13T17:44:21, Data: 2025-10-13T17:44:19,3.65,25631,4508.00,4561.00,4556.00,2.16,62.27,2.46,886.38
2025-10-13T17:44:21, Add row to /TRACKING.csv
2025-10-13T17:44:21, Number of rows in /TRACKING.csv: 1
2025-10-13T17:44:23, Done loop ...
2025-10-13T18:01:07, Setup Complete
2025-10-13T18:01:09, Data: 2025-10-13T18:01:07,3.65,25631,4435.00,4561.00,4551.00,2.10,60.27,2.19,886.26
2025-10-13T18:01:09, Add row to /TRACKING.csv
2025-10-13T18:01:09, Number of rows in /TRACKING.csv: 2
2025-10-13T18:01:12, Done loop ...
2025-10-13T18:17:55, Setup Complete
2025-10-13T18:17:57, Data: 2025-10-13T18:17:55,3.65,25631,4407.00,4466.00,4442.00,1.97,62.22,1.69,886.09
2025-10-13T18:17:57, Add row to /TRACKING.csv
2025-10-13T18:17:57, Number of rows in /TRACKING.csv: 3
2025-10-13T18:18:00, Done loop ...
2025-10-13T18:34:43, Setup Complete
2025-10-13T18:34:45, Data: 2025-10-13T18:34:43,3.64,25631,4498.00,4543.00,4528.00,1.78,62.70,1.25,886.17
2025-10-13T18:34:45, Add row to /TRACKING.csv
2025-10-13T18:34:45, Number of rows in /TRACKING.csv: 4
2025-10-13T18:34:48, Number of rows in /TRACKING.csv is >= 4
2025-10-13T18:34:48, Remove tracking
2025-10-13T18:34:48, Write to /TRANSMIT.csv: 2025-10-13T18:34:43,3.64,4498.00,1.8,63
2025-10-13T18:34:48, Number of rows in /TRANSMIT.csv: 1
2025-10-13T18:34:48, Current hour = 18, Transmission hour = 0
2025-10-13T18:34:48, Current hour = 18, Transmission hour = 1
2025-10-13T18:34:49, Current hour = 18, Transmission hour = 2
2025-10-13T18:34:49, Current hour = 18, Transmission hour = 3
2025-10-13T18:34:49, Current hour = 18, Transmission hour = 4
2025-10-13T18:34:49, Current hour = 18, Transmission hour = 5
2025-10-13T18:34:49, Current hour = 18, Transmission hour = 6
2025-10-13T18:34:49, Current hour = 18, Transmission hour = 7
2025-10-13T18:34:49, Current hour = 18, Transmission hour = 8
2025-10-13T18:34:49, Current hour = 18, Transmission hour = 9
2025-10-13T18:34:49, Current hour = 18, Transmission hour = 10
2025-10-13T18:34:49, Current hour = 18, Transmission hour = 11
2025-10-13T18:34:49, Current hour = 18, Transmission hour = 12
2025-10-13T18:34:49, Current hour = 18, Transmission hour = 13
2025-10-13T18:34:49, Current hour = 18, Transmission hour = 14
2025-10-13T18:34:49, Current hour = 18, Transmission hour = 15
2025-10-13T18:34:49, Current hour = 18, Transmission hour = 16
2025-10-13T18:34:49, Current hour = 18, Transmission hour = 17
2025-10-13T18:34:49, Current hour = 18, Transmission hour = 18
2025-10-13T18:34:49, 1318343450+01863
2025-10-13T18:34:51,  - attempt to send message: 1318343450+01863
2025-10-13T18:34:52,  - Modem begin successful
2025-10-13T18:34:52,  - Sending...
2025-10-13T18:34:59,  - Send response: 
2025-10-13T18:34:59,   - Sync clocks... 
2025-10-13T18:34:59,  - Arduino Old Time: 2025-10-14T02:34:59
2025-10-13T18:34:59,  - Arduino New Time: 2025-10-14T02:34:59
2025-10-13T18:34:59, Message sent! Removing /TRANSMIT.csv
2025-10-13T18:34:59, Done loop ...
2025-10-13T18:51:31, Setup Complete
2025-10-13T18:51:33, Data: 2025-10-13T18:51:31,3.65,25631,4417.00,4561.00,4484.50,1.88,54.13,1.01,886.39
2025-10-13T18:51:33, Add row to /TRACKING.csv
2025-10-13T18:51:33, Number of rows in /TRACKING.csv: 1
2025-10-13T18:51:35, Done loop ...
2025-10-13T19:08:19, Setup Complete
2025-10-13T19:08:21, Data: 2025-10-13T19:08:19,3.65,25631,4445.00,4488.00,4462.50,2.23,55.93,1.09,886.42
2025-10-13T19:08:21, Add row to /TRACKING.csv
2025-10-13T19:08:21, Number of rows in /TRACKING.csv: 2
2025-10-13T19:08:24, Done loop ...
2025-10-13T19:25:07, Setup Complete
2025-10-13T19:25:09, Data: 2025-10-13T19:25:07,3.65,25631,4470.00,4490.00,4478.50,2.05,54.71,1.05,886.46
2025-10-13T19:25:09, Add row to /TRACKING.csv
2025-10-13T19:25:09, Number of rows in /TRACKING.csv: 3
2025-10-13T19:25:12, Done loop ...
2025-10-13T19:41:55, Setup Complete
2025-10-13T19:41:57, Data: 2025-10-13T19:41:55,3.65,25631,4402.00,4536.00,4517.00,2.06,51.57,1.02,886.56
2025-10-13T19:41:57, Add row to /TRACKING.csv
2025-10-13T19:41:57, Number of rows in /TRACKING.csv: 4
2025-10-13T19:42:00, Number of rows in /TRACKING.csv is >= 4
2025-10-13T19:42:00, Remove tracking
2025-10-13T19:42:00, Write to /TRANSMIT.csv: 2025-10-13T19:41:55,3.65,4402.00,2.1,52
2025-10-13T19:42:00, Number of rows in /TRANSMIT.csv: 1
2025-10-13T19:42:00, Current hour = 19, Transmission hour = 0
2025-10-13T19:42:01, Current hour = 19, Transmission hour = 1
2025-10-13T19:42:01, Current hour = 19, Transmission hour = 2
2025-10-13T19:42:01, Current hour = 19, Transmission hour = 3
2025-10-13T19:42:01, Current hour = 19, Transmission hour = 4
2025-10-13T19:42:01, Current hour = 19, Transmission hour = 5
2025-10-13T19:42:01, Current hour = 19, Transmission hour = 6
2025-10-13T19:42:01, Current hour = 19, Transmission hour = 7
2025-10-13T19:42:01, Current hour = 19, Transmission hour = 8
2025-10-13T19:42:01, Current hour = 19, Transmission hour = 9
2025-10-13T19:42:01, Current hour = 19, Transmission hour = 10
2025-10-13T19:42:01, Current hour = 19, Transmission hour = 11
2025-10-13T19:42:01, Current hour = 19, Transmission hour = 12
2025-10-13T19:42:01, Current hour = 19, Transmission hour = 13
2025-10-13T19:42:01, Current hour = 19, Transmission hour = 14
2025-10-13T19:42:01, Current hour = 19, Transmission hour = 15
2025-10-13T19:42:01, Current hour = 19, Transmission hour = 16
2025-10-13T19:42:01, Current hour = 19, Transmission hour = 17
2025-10-13T19:42:01, Current hour = 19, Transmission hour = 18
2025-10-13T19:42:01, Current hour = 19, Transmission hour = 19
2025-10-13T19:42:01, 1319413440+02152
2025-10-13T19:42:03,  - attempt to send message: 1319413440+02152
2025-10-13T19:42:04,  - Modem begin successful
2025-10-13T19:42:04,  - Sending...
2025-10-13T19:42:20,  - Send response: 
2025-10-13T19:42:20,   - Sync clocks... 
2025-10-13T19:42:20,  - Arduino Old Time: 2025-10-14T03:42:20
2025-10-13T19:42:20,  - Arduino New Time: 2025-10-14T03:42:20
2025-10-13T19:42:20, Message sent! Removing /TRANSMIT.csv
2025-10-13T19:42:21, Done loop ...
2025-10-13T19:58:43, Setup Complete
2025-10-13T19:58:45, Data: 2025-10-13T19:58:43,3.64,25631,4423.00,4510.00,4472.50,2.13,53.85,1.06,886.61
2025-10-13T19:58:45, Add row to /TRACKING.csv
2025-10-13T19:58:45, Number of rows in /TRACKING.csv: 1
2025-10-13T19:58:47, Done loop ...
2025-10-13T20:15:31, Setup Complete
2025-10-13T20:15:33, Data: 2025-10-13T20:15:31,3.64,25631,4450.00,4492.00,4486.00,2.44,53.99,1.15,886.60
2025-10-13T20:15:33, Add row to /TRACKING.csv
2025-10-13T20:15:33, Number of rows in /TRACKING.csv: 2
2025-10-13T20:15:36, Done loop ...
2025-10-13T20:32:19, Setup Complete
2025-10-13T20:32:21, Data: 2025-10-13T20:32:19,3.65,25631,4377.00,4527.00,4428.00,2.81,54.84,1.51,886.60
2025-10-13T20:32:21, Add row to /TRACKING.csv
2025-10-13T20:32:21, Number of rows in /TRACKING.csv: 3
2025-10-13T20:32:24, Done loop ...
2025-10-13T20:49:07, Setup Complete
2025-10-13T20:49:09, Data: 2025-10-13T20:49:07,3.65,25631,4416.00,4505.00,4480.50,2.87,58.06,1.56,886.71
2025-10-13T20:49:09, Add row to /TRACKING.csv
2025-10-13T20:49:09, Number of rows in /TRACKING.csv: 4
2025-10-13T20:49:12, Number of rows in /TRACKING.csv is >= 4
2025-10-13T20:49:12, Remove tracking
2025-10-13T20:49:12, Write to /TRANSMIT.csv: 2025-10-13T20:49:07,3.65,4416.00,2.9,58
2025-10-13T20:49:12, Number of rows in /TRANSMIT.csv: 1
2025-10-13T20:49:12, Current hour = 20, Transmission hour = 0
2025-10-13T20:49:12, Current hour = 20, Transmission hour = 1
2025-10-13T20:49:13, Current hour = 20, Transmission hour = 2
2025-10-13T20:49:13, Current hour = 20, Transmission hour = 3
2025-10-13T20:49:13, Current hour = 20, Transmission hour = 4
2025-10-13T20:49:13, Current hour = 20, Transmission hour = 5
2025-10-13T20:49:13, Current hour = 20, Transmission hour = 6
2025-10-13T20:49:13, Current hour = 20, Transmission hour = 7
2025-10-13T20:49:13, Current hour = 20, Transmission hour = 8
2025-10-13T20:49:13, Current hour = 20, Transmission hour = 9
2025-10-13T20:49:13, Current hour = 20, Transmission hour = 10
2025-10-13T20:49:13, Current hour = 20, Transmission hour = 11
2025-10-13T20:49:13, Current hour = 20, Transmission hour = 12
2025-10-13T20:49:13, Current hour = 20, Transmission hour = 13
2025-10-13T20:49:13, Current hour = 20, Transmission hour = 14
2025-10-13T20:49:13, Current hour = 20, Transmission hour = 15
2025-10-13T20:49:13, Current hour = 20, Transmission hour = 16
2025-10-13T20:49:13, Current hour = 20, Transmission hour = 17
2025-10-13T20:49:13, Current hour = 20, Transmission hour = 18
2025-10-13T20:49:13, Current hour = 20, Transmission hour = 19
2025-10-13T20:49:13, Current hour = 20, Transmission hour = 20
2025-10-13T20:49:13, 1320493442+02958
2025-10-13T20:49:15,  - attempt to send message: 1320493442+02958
2025-10-13T20:49:16,  - Modem begin successful
2025-10-13T20:49:16,  - Sending...
2025-10-13T20:49:21,  - Send response: 
2025-10-13T20:49:21,   - Sync clocks... 
2025-10-13T20:49:22,  - Arduino Old Time: 2025-10-14T04:49:22
2025-10-13T20:49:21,  - Arduino New Time: 2025-10-14T04:49:21
2025-10-13T20:49:21, Message sent! Removing /TRANSMIT.csv
2025-10-13T20:49:21, Done loop ...
2025-10-13T21:05:54, Setup Complete
2025-10-13T21:05:56, Data: 2025-10-13T21:05:54,3.65,25631,4423.00,4545.00,4516.50,2.73,61.27,1.60,886.67
2025-10-13T21:05:56, Add row to /TRACKING.csv
2025-10-13T21:05:56, Number of rows in /TRACKING.csv: 1
2025-10-13T21:05:58, Done loop ...
2025-10-13T21:22:42, Setup Complete
2025-10-13T21:22:44, Data: 2025-10-13T21:22:42,3.65,25631,4446.00,4516.00,4476.50,2.81,61.45,1.49,886.68
2025-10-13T21:22:44, Add row to /TRACKING.csv
2025-10-13T21:22:44, Number of rows in /TRACKING.csv: 2
2025-10-13T21:22:47, Done loop ...
2025-10-13T21:39:30, Setup Complete
2025-10-13T21:39:32, Data: 2025-10-13T21:39:30,3.65,25631,4464.00,4490.00,4485.00,2.43,58.38,1.34,886.69
2025-10-13T21:39:32, Add row to /TRACKING.csv
2025-10-13T21:39:32, Number of rows in /TRACKING.csv: 3
2025-10-13T21:39:35, Done loop ...
2025-10-13T21:56:18, Setup Complete
2025-10-13T21:56:20, Data: 2025-10-13T21:56:18,3.65,25631,4473.00,4508.00,4485.50,2.38,60.80,1.18,886.60
2025-10-13T21:56:20, Add row to /TRACKING.csv
2025-10-13T21:56:20, Number of rows in /TRACKING.csv: 4
2025-10-13T21:56:23, Number of rows in /TRACKING.csv is >= 4
2025-10-13T21:56:23, Remove tracking
2025-10-13T21:56:23, Write to /TRANSMIT.csv: 2025-10-13T21:56:18,3.65,4473.00,2.4,61
2025-10-13T21:56:24, Number of rows in /TRANSMIT.csv: 1
2025-10-13T21:56:24, Current hour = 21, Transmission hour = 0
2025-10-13T21:56:24, Current hour = 21, Transmission hour = 1
2025-10-13T21:56:24, Current hour = 21, Transmission hour = 2
2025-10-13T21:56:24, Current hour = 21, Transmission hour = 3
2025-10-13T21:56:24, Current hour = 21, Transmission hour = 4
2025-10-13T21:56:24, Current hour = 21, Transmission hour = 5
2025-10-13T21:56:24, Current hour = 21, Transmission hour = 6
2025-10-13T21:56:24, Current hour = 21, Transmission hour = 7
2025-10-13T21:56:24, Current hour = 21, Transmission hour = 8
2025-10-13T21:56:24, Current hour = 21, Transmission hour = 9
2025-10-13T21:56:24, Current hour = 21, Transmission hour = 10
2025-10-13T21:56:24, Current hour = 21, Transmission hour = 11
2025-10-13T21:56:24, Current hour = 21, Transmission hour = 12
2025-10-13T21:56:24, Current hour = 21, Transmission hour = 13
2025-10-13T21:56:24, Current hour = 21, Transmission hour = 14
2025-10-13T21:56:24, Current hour = 21, Transmission hour = 15
2025-10-13T21:56:24, Current hour = 21, Transmission hour = 16
2025-10-13T21:56:24, Current hour = 21, Transmission hour = 17
2025-10-13T21:56:24, Current hour = 21, Transmission hour = 18
2025-10-13T21:56:24, Current hour = 21, Transmission hour = 19
2025-10-13T21:56:24, Current hour = 21, Transmission hour = 20
2025-10-13T21:56:24, Current hour = 21, Transmission hour = 21
2025-10-13T21:56:25, 1321563447+02461
2025-10-13T21:56:27,  - attempt to send message: 1321563447+02461
2025-10-13T21:56:27,  - Modem begin successful
2025-10-13T21:56:27,  - Sending...
2025-10-13T21:56:36,  - Send response: 
2025-10-13T21:56:36,   - Sync clocks... 
2025-10-13T21:56:36,  - Arduino Old Time: 2025-10-14T05:56:36
2025-10-13T21:56:36,  - Arduino New Time: 2025-10-14T05:56:36
2025-10-13T21:56:36, Message sent! Removing /TRANSMIT.csv
2025-10-13T21:56:37, Done loop ...
2025-10-13T22:13:06, Setup Complete
2025-10-13T22:13:08, Data: 2025-10-13T22:13:06,3.65,25631,4362.00,4487.00,4457.00,2.68,61.35,1.25,886.62
2025-10-13T22:13:08, Add row to /TRACKING.csv
2025-10-13T22:13:08, Number of rows in /TRACKING.csv: 1
2025-10-13T22:13:11, Done loop ...
2025-10-13T22:29:54, Setup Complete
2025-10-13T22:29:56, Data: 2025-10-13T22:29:54,3.64,25631,4359.00,4490.00,4482.00,2.95,59.35,1.48,886.64
2025-10-13T22:29:56, Add row to /TRACKING.csv
2025-10-13T22:29:56, Number of rows in /TRACKING.csv: 2
2025-10-13T22:29:59, Done loop ...
2025-10-13T22:46:42, Setup Complete
2025-10-13T22:46:44, Data: 2025-10-13T22:46:42,3.65,25631,4482.00,4504.00,4493.00,2.80,70.43,1.54,886.62
2025-10-13T22:46:44, Add row to /TRACKING.csv
2025-10-13T22:46:44, Number of rows in /TRACKING.csv: 3
2025-10-13T22:46:47, Done loop ...
2025-10-13T23:03:30, Setup Complete
2025-10-13T23:03:32, Data: 2025-10-13T23:03:30,3.64,25631,4391.00,4562.00,4504.00,2.91,70.11,1.70,886.54
2025-10-13T23:03:32, Add row to /TRACKING.csv
2025-10-13T23:03:32, Number of rows in /TRACKING.csv: 4
2025-10-13T23:03:36, Number of rows in /TRACKING.csv is >= 4
2025-10-13T23:03:36, Remove tracking
2025-10-13T23:03:36, Write to /TRANSMIT.csv: 2025-10-13T23:03:30,3.64,4391.00,2.9,70
2025-10-13T23:03:36, Number of rows in /TRANSMIT.csv: 1
2025-10-13T23:03:36, Current hour = 23, Transmission hour = 0
2025-10-13T23:03:36, Current hour = 23, Transmission hour = 1
2025-10-13T23:03:36, Current hour = 23, Transmission hour = 2
2025-10-13T23:03:36, Current hour = 23, Transmission hour = 3
2025-10-13T23:03:36, Current hour = 23, Transmission hour = 4
2025-10-13T23:03:36, Current hour = 23, Transmission hour = 5
2025-10-13T23:03:36, Current hour = 23, Transmission hour = 6
2025-10-13T23:03:36, Current hour = 23, Transmission hour = 7
2025-10-13T23:03:36, Current hour = 23, Transmission hour = 8
2025-10-13T23:03:36, Current hour = 23, Transmission hour = 9
2025-10-13T23:03:36, Current hour = 23, Transmission hour = 10
2025-10-13T23:03:36, Current hour = 23, Transmission hour = 11
2025-10-13T23:03:36, Current hour = 23, Transmission hour = 12
2025-10-13T23:03:36, Current hour = 23, Transmission hour = 13
2025-10-13T23:03:36, Current hour = 23, Transmission hour = 14
2025-10-13T23:03:36, Current hour = 23, Transmission hour = 15
2025-10-13T23:03:36, Current hour = 23, Transmission hour = 16
2025-10-13T23:03:36, Current hour = 23, Transmission hour = 17
2025-10-13T23:03:37, Current hour = 23, Transmission hour = 18
2025-10-13T23:03:37, Current hour = 23, Transmission hour = 19
2025-10-13T23:03:37, Current hour = 23, Transmission hour = 20
2025-10-13T23:03:37, Current hour = 23, Transmission hour = 21
2025-10-13T23:03:37, Current hour = 23, Transmission hour = 22
2025-10-13T23:03:37, Current hour = 23, Transmission hour = 23
2025-10-13T23:03:37, 1323033439+02970
2025-10-13T23:03:39,  - attempt to send message: 1323033439+02970
2025-10-13T23:03:40,  - Modem begin successful
2025-10-13T23:03:40,  - Sending...
2025-10-13T23:04:38,  - Send response: 
2025-10-13T23:04:38,   - Sync clocks... 
2025-10-13T23:04:38,  - Arduino Old Time: 2025-10-14T07:04:38
2025-10-13T23:04:38,  - Arduino New Time: 2025-10-14T07:04:38
2025-10-13T23:04:39, Message sent! Removing /TRANSMIT.csv
2025-10-13T23:04:39, Done loop ...
2025-10-13T23:20:18, Setup Complete
2025-10-13T23:20:20, Data: 2025-10-13T23:20:18,3.65,25631,4449.00,4486.00,4474.00,2.65,62.75,1.49,886.75
2025-10-13T23:20:20, Add row to /TRACKING.csv
2025-10-13T23:20:20, Number of rows in /TRACKING.csv: 1
2025-10-13T23:20:23, Done loop ...
2025-10-13T23:37:06, Setup Complete
2025-10-13T23:37:08, Data: 2025-10-13T23:37:06,3.65,25631,4413.00,4480.00,4456.50,2.48,66.43,1.36,886.84
2025-10-13T23:37:08, Add row to /TRACKING.csv
2025-10-13T23:37:08, Number of rows in /TRACKING.csv: 2
2025-10-13T23:37:11, Done loop ...
2025-10-13T23:53:54, Setup Complete
2025-10-13T23:53:56, Data: 2025-10-13T23:53:54,3.64,25631,4359.00,4472.00,4425.50,1.88,70.10,1.21,886.87
2025-10-13T23:53:56, Add row to /TRACKING.csv
2025-10-13T23:53:56, Number of rows in /TRACKING.csv: 3
2025-10-13T23:53:59, Done loop ...
2025-10-14T00:10:42, Setup Complete
2025-10-14T00:10:44, Data: 2025-10-14T00:10:42,3.64,25631,4354.00,4468.00,4437.50,2.10,65.84,1.00,886.93
2025-10-14T00:10:44, Add row to /TRACKING.csv
2025-10-14T00:10:44, Number of rows in /TRACKING.csv: 4
2025-10-14T00:10:48, Number of rows in /TRACKING.csv is >= 4
2025-10-14T00:10:48, Remove tracking
2025-10-14T00:10:48, Write to /TRANSMIT.csv: 2025-10-14T00:10:42,3.64,4354.00,2.1,66
2025-10-14T00:10:48, Number of rows in /TRANSMIT.csv: 1
2025-10-14T00:10:48, Current hour = 0, Transmission hour = 0
2025-10-14T00:10:48, 1400103435+02166
2025-10-14T00:10:50,  - attempt to send message: 1400103435+02166
2025-10-14T00:10:51,  - Modem begin successful
2025-10-14T00:10:51,  - Sending...
2025-10-14T00:11:43,  - Send response: 
2025-10-14T00:11:43,   - Sync clocks... 
2025-10-14T00:11:43,  - Arduino Old Time: 2025-10-14T08:11:43
2025-10-14T00:11:43,  - Arduino New Time: 2025-10-14T08:11:43
2025-10-14T00:11:43, Message sent! Removing /TRANSMIT.csv
2025-10-14T00:11:43, Done loop ...
2025-10-14T00:27:30, Setup Complete
2025-10-14T00:27:32, Data: 2025-10-14T00:27:30,3.65,25631,4359.00,4425.00,4371.50,2.13,65.28,1.02,886.98
2025-10-14T00:27:32, Add row to /TRACKING.csv
2025-10-14T00:27:32, Number of rows in /TRACKING.csv: 1
2025-10-14T00:27:35, Done loop ...
2025-10-14T00:44:18, Setup Complete
2025-10-14T00:44:20, Data: 2025-10-14T00:44:18,3.64,25631,4407.00,4505.00,4443.00,2.54,69.38,1.22,887.22
2025-10-14T00:44:20, Add row to /TRACKING.csv
2025-10-14T00:44:20, Number of rows in /TRACKING.csv: 2
2025-10-14T00:44:23, Done loop ...
2025-10-14T01:01:06, Setup Complete
2025-10-14T01:01:08, Data: 2025-10-14T01:01:06,3.64,25631,4533.00,4567.00,4553.50,3.03,67.89,1.56,887.18
2025-10-14T01:01:08, Add row to /TRACKING.csv
2025-10-14T01:01:08, Number of rows in /TRACKING.csv: 3
2025-10-14T01:01:11, Done loop ...
2025-10-14T01:17:54, Setup Complete
2025-10-14T01:17:56, Data: 2025-10-14T01:17:54,3.64,25631,4405.00,4589.00,4451.50,2.47,65.95,1.49,887.23
2025-10-14T01:17:56, Add row to /TRACKING.csv
2025-10-14T01:17:56, Number of rows in /TRACKING.csv: 4
2025-10-14T01:18:00, Number of rows in /TRACKING.csv is >= 4
2025-10-14T01:18:00, Remove tracking
2025-10-14T01:18:00, Write to /TRANSMIT.csv: 2025-10-14T01:17:54,3.64,4405.00,2.5,66
2025-10-14T01:18:00, Number of rows in /TRANSMIT.csv: 1
2025-10-14T01:18:00, Current hour = 1, Transmission hour = 0
2025-10-14T01:18:00, Current hour = 1, Transmission hour = 1
2025-10-14T01:18:00, 1401173441+02566
2025-10-14T01:18:02,  - attempt to send message: 1401173441+02566
2025-10-14T01:18:03,  - Modem begin successful
2025-10-14T01:18:03,  - Sending...
2025-10-14T01:18:07,  - Send response: 
2025-10-14T01:18:07,   - Sync clocks... 
2025-10-14T01:18:07,  - Arduino Old Time: 2025-10-14T09:18:07
2025-10-14T01:18:06,  - Arduino New Time: 2025-10-14T09:18:06
2025-10-14T01:18:06, Message sent! Removing /TRANSMIT.csv
2025-10-14T01:18:06, Done loop ...
2025-10-14T01:34:41, Setup Complete
2025-10-14T01:34:43, Data: 2025-10-14T01:34:41,3.65,25631,4446.00,4480.00,4461.00,3.22,72.20,1.67,887.36
2025-10-14T01:34:43, Add row to /TRACKING.csv
2025-10-14T01:34:44, Number of rows in /TRACKING.csv: 1
2025-10-14T01:34:46, Done loop ...
2025-10-14T01:51:29, Setup Complete
2025-10-14T01:51:31, Data: 2025-10-14T01:51:29,3.65,25631,4425.00,4610.00,4563.00,3.97,80.27,2.25,887.27
2025-10-14T01:51:31, Add row to /TRACKING.csv
2025-10-14T01:51:32, Number of rows in /TRACKING.csv: 2
2025-10-14T01:51:34, Done loop ...
2025-10-14T02:08:17, Setup Complete
2025-10-14T02:08:19, Data: 2025-10-14T02:08:17,3.64,25631,4412.00,4472.00,4454.00,3.20,74.00,2.12,887.32
2025-10-14T02:08:19, Add row to /TRACKING.csv
2025-10-14T02:08:20, Number of rows in /TRACKING.csv: 3
2025-10-14T02:08:23, Done loop ...
2025-10-14T02:25:05, Setup Complete
2025-10-14T02:25:07, Data: 2025-10-14T02:25:05,3.64,25631,4410.00,4454.00,4440.00,4.01,74.79,2.56,887.38
2025-10-14T02:25:08, Add row to /TRACKING.csv
2025-10-14T02:25:08, Number of rows in /TRACKING.csv: 4
2025-10-14T02:25:11, Number of rows in /TRACKING.csv is >= 4
2025-10-14T02:25:11, Remove tracking
2025-10-14T02:25:11, Write to /TRANSMIT.csv: 2025-10-14T02:25:05,3.64,4410.00,4.0,75
2025-10-14T02:25:11, Number of rows in /TRANSMIT.csv: 1
2025-10-14T02:25:11, Current hour = 2, Transmission hour = 0
2025-10-14T02:25:11, Current hour = 2, Transmission hour = 1
2025-10-14T02:25:11, Current hour = 2, Transmission hour = 2
2025-10-14T02:25:11, 1402253441+04075
2025-10-14T02:25:13,  - attempt to send message: 1402253441+04075
2025-10-14T02:25:14,  - Modem begin successful
2025-10-14T02:25:14,  - Sending...
2025-10-14T02:25:21,  - Send response: 
2025-10-14T02:25:21,   - Sync clocks... 
2025-10-14T02:25:21,  - Arduino Old Time: 2025-10-14T10:25:21
2025-10-14T02:25:21,  - Arduino New Time: 2025-10-14T10:25:21
2025-10-14T02:25:21, Message sent! Removing /TRANSMIT.csv
2025-10-14T02:25:21, Done loop ...
2025-10-14T02:41:53, Setup Complete
2025-10-14T02:41:56, Data: 2025-10-14T02:41:53,3.65,25631,4395.00,4473.00,4459.00,4.80,74.71,3.18,887.31
2025-10-14T02:41:56, Add row to /TRACKING.csv
2025-10-14T02:41:56, Number of rows in /TRACKING.csv: 1
2025-10-14T02:41:58, Done loop ...
2025-10-14T02:58:42, Setup Complete
2025-10-14T02:58:44, Data: 2025-10-14T02:58:42,3.65,25631,4358.00,4470.00,4393.00,4.53,76.81,3.40,887.27
2025-10-14T02:58:44, Add row to /TRACKING.csv
2025-10-14T02:58:44, Number of rows in /TRACKING.csv: 2
2025-10-14T02:58:47, Done loop ...
2025-10-14T03:15:30, Setup Complete
2025-10-14T03:15:32, Data: 2025-10-14T03:15:30,3.64,25631,4425.00,4470.00,4443.00,3.66,78.22,2.97,887.21
2025-10-14T03:15:32, Add row to /TRACKING.csv
2025-10-14T03:15:32, Number of rows in /TRACKING.csv: 3
2025-10-14T03:15:35, Done loop ...
2025-10-14T03:32:18, Setup Complete
2025-10-14T03:32:20, Data: 2025-10-14T03:32:18,3.64,25631,4504.00,4520.00,4514.00,3.63,80.73,2.72,887.28
2025-10-14T03:32:20, Add row to /TRACKING.csv
2025-10-14T03:32:20, Number of rows in /TRACKING.csv: 4
2025-10-14T03:32:23, Number of rows in /TRACKING.csv is >= 4
2025-10-14T03:32:23, Remove tracking
2025-10-14T03:32:24, Write to /TRANSMIT.csv: 2025-10-14T03:32:18,3.64,4504.00,3.6,81
2025-10-14T03:32:24, Number of rows in /TRANSMIT.csv: 1
2025-10-14T03:32:24, Current hour = 3, Transmission hour = 0
2025-10-14T03:32:24, Current hour = 3, Transmission hour = 1
2025-10-14T03:32:24, Current hour = 3, Transmission hour = 2
2025-10-14T03:32:24, Current hour = 3, Transmission hour = 3
2025-10-14T03:32:24, 1403323450+03681
2025-10-14T03:32:26,  - attempt to send message: 1403323450+03681
2025-10-14T03:32:27,  - Modem begin successful
2025-10-14T03:32:27,  - Sending...
2025-10-14T03:34:02,  - Send response: 
2025-10-14T03:34:02,   - Sync clocks... 
2025-10-14T03:34:02,  - Arduino Old Time: 2025-10-14T11:34:02
2025-10-14T03:34:02,  - Arduino New Time: 2025-10-14T11:34:02
2025-10-14T03:34:02, Message sent! Removing /TRANSMIT.csv
2025-10-14T03:34:02, Done loop ...
2025-10-14T03:49:06, Setup Complete
2025-10-14T03:49:08, Data: 2025-10-14T03:49:06,3.65,25631,4360.00,4531.00,4431.00,3.91,78.61,2.77,887.31
2025-10-14T03:49:08, Add row to /TRACKING.csv
2025-10-14T03:49:08, Number of rows in /TRACKING.csv: 1
2025-10-14T03:49:11, Done loop ...
2025-10-14T04:05:54, Setup Complete
2025-10-14T04:05:56, Data: 2025-10-14T04:05:54,3.65,25631,4394.00,4437.00,4427.00,3.99,76.93,2.78,887.31
2025-10-14T04:05:56, Add row to /TRACKING.csv
2025-10-14T04:05:56, Number of rows in /TRACKING.csv: 2
2025-10-14T04:05:59, Done loop ...
2025-10-14T04:22:42, Setup Complete
2025-10-14T04:22:44, Data: 2025-10-14T04:22:42,3.64,25631,4381.00,4420.00,4409.50,4.50,78.64,3.11,887.32
2025-10-14T04:22:44, Add row to /TRACKING.csv
2025-10-14T04:22:44, Number of rows in /TRACKING.csv: 3
2025-10-14T04:22:47, Done loop ...
2025-10-14T04:39:30, Setup Complete
2025-10-14T04:39:32, Data: 2025-10-14T04:39:30,3.64,25631,4374.00,4505.00,4463.00,4.43,77.05,3.11,887.39
2025-10-14T04:39:32, Add row to /TRACKING.csv
2025-10-14T04:39:33, Number of rows in /TRACKING.csv: 4
2025-10-14T04:39:36, Number of rows in /TRACKING.csv is >= 4
2025-10-14T04:39:36, Remove tracking
2025-10-14T04:39:36, Write to /TRANSMIT.csv: 2025-10-14T04:39:30,3.64,4374.00,4.4,77
2025-10-14T04:39:36, Number of rows in /TRANSMIT.csv: 1
2025-10-14T04:39:36, Current hour = 4, Transmission hour = 0
2025-10-14T04:39:36, Current hour = 4, Transmission hour = 1
2025-10-14T04:39:36, Current hour = 4, Transmission hour = 2
2025-10-14T04:39:36, Current hour = 4, Transmission hour = 3
2025-10-14T04:39:36, Current hour = 4, Transmission hour = 4
2025-10-14T04:39:36, 1404393437+04477
2025-10-14T04:39:38,  - attempt to send message: 1404393437+04477
2025-10-14T04:39:39,  - Modem begin successful
2025-10-14T04:39:39,  - Sending...
2025-10-14T04:39:44,  - Send response: 
2025-10-14T04:39:44,   - Sync clocks... 
2025-10-14T04:39:44,  - Arduino Old Time: 2025-10-14T12:39:44
2025-10-14T04:39:44,  - Arduino New Time: 2025-10-14T12:39:44
2025-10-14T04:39:44, Message sent! Removing /TRANSMIT.csv
2025-10-14T04:39:44, Done loop ...
2025-10-14T04:56:17, Setup Complete
2025-10-14T04:56:19, Data: 2025-10-14T04:56:17,3.65,25631,4380.00,4486.00,4398.50,4.02,78.21,2.99,887.39
2025-10-14T04:56:20, Add row to /TRACKING.csv
2025-10-14T04:56:20, Number of rows in /TRACKING.csv: 1
2025-10-14T04:56:22, Done loop ...
2025-10-14T05:13:05, Setup Complete
2025-10-14T05:13:08, Data: 2025-10-14T05:13:05,3.64,25631,4480.00,4527.00,4516.50,4.37,79.33,3.10,887.36
2025-10-14T05:13:08, Add row to /TRACKING.csv
2025-10-14T05:13:08, Number of rows in /TRACKING.csv: 2
2025-10-14T05:13:10, Done loop ...
2025-10-14T05:29:54, Setup Complete
2025-10-14T05:29:56, Data: 2025-10-14T05:29:54,3.64,25631,4424.00,4521.00,4484.00,4.57,77.74,3.23,887.44
2025-10-14T05:29:56, Add row to /TRACKING.csv
2025-10-14T05:29:56, Number of rows in /TRACKING.csv: 3
2025-10-14T05:29:59, Done loop ...
2025-10-14T05:46:42, Setup Complete
2025-10-14T05:46:44, Data: 2025-10-14T05:46:42,3.64,25631,4409.00,4456.00,4434.00,5.04,76.13,3.55,887.43
2025-10-14T05:46:44, Add row to /TRACKING.csv
2025-10-14T05:46:44, Number of rows in /TRACKING.csv: 4
2025-10-14T05:46:47, Number of rows in /TRACKING.csv is >= 4
2025-10-14T05:46:47, Remove tracking
2025-10-14T05:46:47, Write to /TRANSMIT.csv: 2025-10-14T05:46:42,3.64,4409.00,5.0,76
2025-10-14T05:46:48, Number of rows in /TRANSMIT.csv: 1
2025-10-14T05:46:48, Current hour = 5, Transmission hour = 0
2025-10-14T05:46:48, Current hour = 5, Transmission hour = 1
2025-10-14T05:46:48, Current hour = 5, Transmission hour = 2
2025-10-14T05:46:48, Current hour = 5, Transmission hour = 3
2025-10-14T05:46:48, Current hour = 5, Transmission hour = 4
2025-10-14T05:46:48, Current hour = 5, Transmission hour = 5
2025-10-14T05:46:48, 1405463441+05076
2025-10-14T05:46:50,  - attempt to send message: 1405463441+05076
2025-10-14T05:46:51,  - Modem begin successful
2025-10-14T05:46:51,  - Sending...
2025-10-14T05:46:54,  - Send response: 
2025-10-14T05:46:54,   - Sync clocks... 
2025-10-14T05:46:54,  - Arduino Old Time: 2025-10-14T13:46:54
2025-10-14T05:46:54,  - Arduino New Time: 2025-10-14T13:46:54
2025-10-14T05:46:54, Message sent! Removing /TRANSMIT.csv
2025-10-14T05:46:55, Done loop ...
2025-10-14T06:03:30, Setup Complete
2025-10-14T06:03:32, Data: 2025-10-14T06:03:30,3.64,25631,4386.00,4461.00,4433.50,5.25,75.85,3.69,887.46
2025-10-14T06:03:32, Add row to /TRACKING.csv
2025-10-14T06:03:32, Number of rows in /TRACKING.csv: 1
2025-10-14T06:03:35, Done loop ...
2025-10-14T06:20:18, Setup Complete
2025-10-14T06:20:20, Data: 2025-10-14T06:20:18,3.64,25631,4424.00,4471.00,4454.50,4.71,77.64,3.60,887.57
2025-10-14T06:20:20, Add row to /TRACKING.csv
2025-10-14T06:20:20, Number of rows in /TRACKING.csv: 2
2025-10-14T06:20:23, Done loop ...
2025-10-14T06:37:06, Setup Complete
2025-10-14T06:37:08, Data: 2025-10-14T06:37:06,3.64,25631,4425.00,4448.00,4440.00,4.99,76.28,3.76,887.56
2025-10-14T06:37:08, Add row to /TRACKING.csv
2025-10-14T06:37:09, Number of rows in /TRACKING.csv: 3
2025-10-14T06:37:12, Done loop ...
2025-10-14T06:53:54, Setup Complete
2025-10-14T06:53:57, Data: 2025-10-14T06:53:54,3.65,25631,4411.00,4462.00,4446.50,5.05,75.42,3.82,887.50
2025-10-14T06:53:57, Add row to /TRACKING.csv
2025-10-14T06:53:57, Number of rows in /TRACKING.csv: 4
2025-10-14T06:54:00, Number of rows in /TRACKING.csv is >= 4
2025-10-14T06:54:00, Remove tracking
2025-10-14T06:54:00, Write to /TRANSMIT.csv: 2025-10-14T06:53:54,3.65,4411.00,5.1,75
2025-10-14T06:54:00, Number of rows in /TRANSMIT.csv: 1
2025-10-14T06:54:00, Current hour = 6, Transmission hour = 0
2025-10-14T06:54:00, Current hour = 6, Transmission hour = 1
2025-10-14T06:54:00, Current hour = 6, Transmission hour = 2
2025-10-14T06:54:00, Current hour = 6, Transmission hour = 3
2025-10-14T06:54:00, Current hour = 6, Transmission hour = 4
2025-10-14T06:54:00, Current hour = 6, Transmission hour = 5
2025-10-14T06:54:00, Current hour = 6, Transmission hour = 6
2025-10-14T06:54:01, 1406533441+05175
2025-10-14T06:54:03,  - attempt to send message: 1406533441+05175
2025-10-14T06:54:03,  - Modem begin successful
2025-10-14T06:54:03,  - Sending...
2025-10-14T06:54:13,  - Send response: 
2025-10-14T06:54:13,   - Sync clocks... 
2025-10-14T06:54:14,  - Arduino Old Time: 2025-10-14T14:54:14
2025-10-14T06:54:13,  - Arduino New Time: 2025-10-14T14:54:13
2025-10-14T06:54:13, Message sent! Removing /TRANSMIT.csv
2025-10-14T06:54:13, Done loop ...
2025-10-14T07:10:42, Setup Complete
2025-10-14T07:10:44, Data: 2025-10-14T07:10:42,3.65,25631,4391.00,4532.00,4423.00,4.89,76.68,3.79,887.51
2025-10-14T07:10:44, Add row to /TRACKING.csv
2025-10-14T07:10:44, Number of rows in /TRACKING.csv: 1
2025-10-14T07:10:46, Done loop ...
2025-10-14T07:27:30, Setup Complete
2025-10-14T07:27:32, Data: 2025-10-14T07:27:30,3.64,25631,4437.00,4468.00,4452.00,4.65,77.49,3.75,887.45
2025-10-14T07:27:32, Add row to /TRACKING.csv
2025-10-14T07:27:32, Number of rows in /TRACKING.csv: 2
2025-10-14T07:27:35, Done loop ...
2025-10-14T07:44:18, Setup Complete
2025-10-14T07:44:20, Data: 2025-10-14T07:44:18,3.64,25631,4425.00,4465.00,4453.00,5.01,76.35,3.90,887.49
2025-10-14T07:44:20, Add row to /TRACKING.csv
2025-10-14T07:44:20, Number of rows in /TRACKING.csv: 3
2025-10-14T07:44:23, Done loop ...
2025-10-14T08:01:06, Setup Complete
2025-10-14T08:01:08, Data: 2025-10-14T08:01:06,3.64,25631,4502.00,4532.00,4515.00,6.90,69.18,8.13,887.74
2025-10-14T08:01:08, Add row to /TRACKING.csv
2025-10-14T08:01:08, Number of rows in /TRACKING.csv: 4
2025-10-14T08:01:12, Number of rows in /TRACKING.csv is >= 4
2025-10-14T08:01:12, Remove tracking
2025-10-14T08:01:12, Write to /TRANSMIT.csv: 2025-10-14T08:01:06,3.64,4502.00,6.9,69
2025-10-14T08:01:12, Number of rows in /TRANSMIT.csv: 1
2025-10-14T08:01:12, Current hour = 8, Transmission hour = 0
2025-10-14T08:01:12, Current hour = 8, Transmission hour = 1
2025-10-14T08:01:12, Current hour = 8, Transmission hour = 2
2025-10-14T08:01:12, Current hour = 8, Transmission hour = 3
2025-10-14T08:01:12, Current hour = 8, Transmission hour = 4
2025-10-14T08:01:12, Current hour = 8, Transmission hour = 5
2025-10-14T08:01:12, Current hour = 8, Transmission hour = 6
2025-10-14T08:01:12, Current hour = 8, Transmission hour = 7
2025-10-14T08:01:12, Current hour = 8, Transmission hour = 8
2025-10-14T08:01:12, 1408013450+06969
2025-10-14T08:01:14,  - attempt to send message: 1408013450+06969
2025-10-14T08:01:15,  - Modem begin successful
2025-10-14T08:01:15,  - Sending...
2025-10-14T08:01:22,  - Send response: 
2025-10-14T08:01:22,   - Sync clocks... 
2025-10-14T08:01:22,  - Arduino Old Time: 2025-10-14T16:01:22
2025-10-14T08:01:22,  - Arduino New Time: 2025-10-14T16:01:22
2025-10-14T08:01:22, Message sent! Removing /TRANSMIT.csv
2025-10-14T08:01:22, Done loop ...
2025-10-14T08:17:55, Setup Complete
2025-10-14T08:17:57, Data: 2025-10-14T08:17:55,3.64,25631,4541.00,4563.00,4553.00,7.97,67.96,9.79,887.58
2025-10-14T08:17:57, Add row to /TRACKING.csv
2025-10-14T08:17:57, Number of rows in /TRACKING.csv: 1
2025-10-14T08:17:59, Done loop ...
2025-10-14T08:34:43, Setup Complete
2025-10-14T08:34:45, Data: 2025-10-14T08:34:43,3.64,25631,4537.00,4683.00,4561.50,9.83,63.19,14.03,887.75
2025-10-14T08:34:45, Add row to /TRACKING.csv
2025-10-14T08:34:45, Number of rows in /TRACKING.csv: 2
2025-10-14T08:34:48, Done loop ...
2025-10-14T08:51:32, Setup Complete
2025-10-14T08:51:34, Data: 2025-10-14T08:51:32,3.65,25631,4548.00,4643.00,4562.00,8.57,63.20,16.68,887.58
2025-10-14T08:51:34, Add row to /TRACKING.csv
2025-10-14T08:51:34, Number of rows in /TRACKING.csv: 3
2025-10-14T08:51:37, Done loop ...
2025-10-14T09:08:20, Setup Complete
2025-10-14T09:08:23, Data: 2025-10-14T09:08:20,3.64,25631,4551.00,4732.00,4611.50,9.04,61.68,17.78,887.63
2025-10-14T09:08:23, Add row to /TRACKING.csv
2025-10-14T09:08:23, Number of rows in /TRACKING.csv: 4
2025-10-14T09:08:26, Number of rows in /TRACKING.csv is >= 4
2025-10-14T09:08:26, Remove tracking
2025-10-14T09:08:26, Write to /TRANSMIT.csv: 2025-10-14T09:08:20,3.64,4551.00,9.0,62
2025-10-14T09:08:26, Number of rows in /TRANSMIT.csv: 1
2025-10-14T09:08:26, Current hour = 9, Transmission hour = 0
2025-10-14T09:08:26, Current hour = 9, Transmission hour = 1
2025-10-14T09:08:26, Current hour = 9, Transmission hour = 2
2025-10-14T09:08:26, Current hour = 9, Transmission hour = 3
2025-10-14T09:08:26, Current hour = 9, Transmission hour = 4
2025-10-14T09:08:26, Current hour = 9, Transmission hour = 5
2025-10-14T09:08:26, Current hour = 9, Transmission hour = 6
2025-10-14T09:08:27, Current hour = 9, Transmission hour = 7
2025-10-14T09:08:27, Current hour = 9, Transmission hour = 8
2025-10-14T09:08:27, Current hour = 9, Transmission hour = 9
2025-10-14T09:08:27, 1409083455+09062
2025-10-14T09:08:29,  - attempt to send message: 1409083455+09062
2025-10-14T09:08:29,  - Modem begin successful
2025-10-14T09:08:29,  - Sending...
2025-10-14T09:08:45,  - Send response: 
2025-10-14T09:08:45,   - Sync clocks... 
2025-10-14T09:08:45,  - Arduino Old Time: 2025-10-14T17:08:45
2025-10-14T09:08:45,  - Arduino New Time: 2025-10-14T17:08:45
2025-10-14T09:08:46, Message sent! Removing /TRANSMIT.csv
2025-10-14T09:08:46, Done loop ...
2025-10-14T09:25:09, Setup Complete
2025-10-14T09:25:11, Data: 2025-10-14T09:25:09,3.65,25631,4545.00,4732.00,4620.50,10.89,60.31,19.05,887.59
2025-10-14T09:25:11, Add row to /TRACKING.csv
2025-10-14T09:25:12, Number of rows in /TRACKING.csv: 1
2025-10-14T09:25:14, Done loop ...
2025-10-14T09:41:58, Setup Complete
2025-10-14T09:42:00, Data: 2025-10-14T09:41:58,3.64,25631,4577.00,4678.00,4596.00,10.60,60.53,19.05,887.31
2025-10-14T09:42:00, Add row to /TRACKING.csv
2025-10-14T09:42:00, Number of rows in /TRACKING.csv: 2
2025-10-14T09:42:03, Done loop ...
2025-10-14T09:58:47, Setup Complete
2025-10-14T09:58:49, Data: 2025-10-14T09:58:47,3.64,25631,4451.00,4716.00,4598.00,12.56,54.74,19.94,887.57
2025-10-14T09:58:49, Add row to /TRACKING.csv
2025-10-14T09:58:49, Number of rows in /TRACKING.csv: 3
2025-10-14T09:58:52, Done loop ...
2025-10-14T10:15:36, Setup Complete
2025-10-14T10:15:38, Data: 2025-10-14T10:15:36,3.65,25631,4560.00,4702.00,4604.00,11.14,57.43,18.49,887.29
2025-10-14T10:15:38, Add row to /TRACKING.csv
2025-10-14T10:15:38, Number of rows in /TRACKING.csv: 4
2025-10-14T10:15:42, Number of rows in /TRACKING.csv is >= 4
2025-10-14T10:15:42, Remove tracking
2025-10-14T10:15:42, Write to /TRANSMIT.csv: 2025-10-14T10:15:36,3.65,4560.00,11.1,57
2025-10-14T10:15:42, Number of rows in /TRANSMIT.csv: 1
2025-10-14T10:15:42, Current hour = 10, Transmission hour = 0
2025-10-14T10:15:42, Current hour = 10, Transmission hour = 1
2025-10-14T10:15:42, Current hour = 10, Transmission hour = 2
2025-10-14T10:15:42, Current hour = 10, Transmission hour = 3
2025-10-14T10:15:42, Current hour = 10, Transmission hour = 4
2025-10-14T10:15:42, Current hour = 10, Transmission hour = 5
2025-10-14T10:15:42, Current hour = 10, Transmission hour = 6
2025-10-14T10:15:42, Current hour = 10, Transmission hour = 7
2025-10-14T10:15:42, Current hour = 10, Transmission hour = 8
2025-10-14T10:15:42, Current hour = 10, Transmission hour = 9
2025-10-14T10:15:42, Current hour = 10, Transmission hour = 10
2025-10-14T10:15:42, 1410153456+11157
2025-10-14T10:15:44,  - attempt to send message: 1410153456+11157
2025-10-14T10:15:45,  - Modem begin successful
2025-10-14T10:15:45,  - Sending...
2025-10-14T10:17:22,  - Send response: 
2025-10-14T10:17:22,   - Sync clocks... 
2025-10-14T10:17:22,  - Arduino Old Time: 2025-10-14T18:17:22
2025-10-14T10:17:21,  - Arduino New Time: 2025-10-14T18:17:21
2025-10-14T10:17:21, Message sent! Removing /TRANSMIT.csv
2025-10-14T10:17:21, Done loop ...
2025-10-14T10:32:24, Setup Complete
2025-10-14T10:32:26, Data: 2025-10-14T10:32:24,3.65,25631,4509.00,4634.00,4586.00,12.30,54.13,16.91,887.49
2025-10-14T10:32:26, Add row to /TRACKING.csv
2025-10-14T10:32:26, Number of rows in /TRACKING.csv: 1
2025-10-14T10:32:29, Done loop ...
2025-10-14T10:49:13, Setup Complete
2025-10-14T10:49:15, Data: 2025-10-14T10:49:13,3.64,25631,4504.00,4648.00,4579.00,12.55,55.01,15.82,887.69
2025-10-14T10:49:15, Add row to /TRACKING.csv
2025-10-14T10:49:15, Number of rows in /TRACKING.csv: 2
2025-10-14T10:49:18, Done loop ...
2025-10-14T11:06:02, Setup Complete
2025-10-14T11:06:04, Data: 2025-10-14T11:06:02,3.65,25631,4518.00,4985.00,4621.50,12.89,54.08,15.55,887.53
2025-10-14T11:06:04, Add row to /TRACKING.csv
2025-10-14T11:06:04, Number of rows in /TRACKING.csv: 3
2025-10-14T11:06:07, Done loop ...
2025-10-14T11:22:50, Setup Complete
2025-10-14T11:22:53, Data: 2025-10-14T11:22:50,3.64,25631,4511.00,4647.00,4574.00,11.15,60.36,15.60,887.64
2025-10-14T11:22:53, Add row to /TRACKING.csv
2025-10-14T11:22:53, Number of rows in /TRACKING.csv: 4
2025-10-14T11:22:56, Number of rows in /TRACKING.csv is >= 4
2025-10-14T11:22:56, Remove tracking
2025-10-14T11:22:56, Write to /TRANSMIT.csv: 2025-10-14T11:22:50,3.64,4511.00,11.1,60
2025-10-14T11:22:56, Number of rows in /TRANSMIT.csv: 1
2025-10-14T11:22:56, Current hour = 11, Transmission hour = 0
2025-10-14T11:22:56, Current hour = 11, Transmission hour = 1
2025-10-14T11:22:56, Current hour = 11, Transmission hour = 2
2025-10-14T11:22:56, Current hour = 11, Transmission hour = 3
2025-10-14T11:22:56, Current hour = 11, Transmission hour = 4
2025-10-14T11:22:56, Current hour = 11, Transmission hour = 5
2025-10-14T11:22:56, Current hour = 11, Transmission hour = 6
2025-10-14T11:22:57, Current hour = 11, Transmission hour = 7
2025-10-14T11:22:57, Current hour = 11, Transmission hour = 8
2025-10-14T11:22:57, Current hour = 11, Transmission hour = 9
2025-10-14T11:22:57, Current hour = 11, Transmission hour = 10
2025-10-14T11:22:57, Current hour = 11, Transmission hour = 11
2025-10-14T11:22:57, 1411223451+11160
2025-10-14T11:22:59,  - attempt to send message: 1411223451+11160
2025-10-14T11:22:59,  - Modem begin successful
2025-10-14T11:23:00,  - Sending...
2025-10-14T11:23:07,  - Send response: 
2025-10-14T11:23:07,   - Sync clocks... 
2025-10-14T11:23:07,  - Arduino Old Time: 2025-10-14T19:23:07
2025-10-14T11:23:07,  - Arduino New Time: 2025-10-14T19:23:07
2025-10-14T11:23:07, Message sent! Removing /TRANSMIT.csv
2025-10-14T11:23:07, Done loop ...
2025-10-14T11:39:39, Setup Complete
2025-10-14T11:39:41, Data: 2025-10-14T11:39:39,3.64,25631,4534.00,4702.00,4557.00,10.76,61.48,15.34,887.83
2025-10-14T11:39:41, Add row to /TRACKING.csv
2025-10-14T11:39:42, Number of rows in /TRACKING.csv: 1
2025-10-14T11:39:44, Done loop ...
2025-10-14T11:56:28, Setup Complete
2025-10-14T11:56:30, Data: 2025-10-14T11:56:28,3.64,25631,4482.00,4648.00,4592.00,11.85,60.12,15.77,887.77
2025-10-14T11:56:30, Add row to /TRACKING.csv
2025-10-14T11:56:30, Number of rows in /TRACKING.csv: 2
2025-10-14T11:56:33, Done loop ...
2025-10-14T12:13:17, Setup Complete
2025-10-14T12:13:19, Data: 2025-10-14T12:13:17,3.65,25631,4524.00,4658.00,4580.50,11.57,58.88,16.16,887.65
2025-10-14T12:13:19, Add row to /TRACKING.csv
2025-10-14T12:13:19, Number of rows in /TRACKING.csv: 3
2025-10-14T12:13:22, Done loop ...
2025-10-14T12:30:06, Setup Complete
2025-10-14T12:30:08, Data: 2025-10-14T12:30:06,3.64,25631,4526.00,4984.00,4571.50,11.28,59.20,16.27,887.66
2025-10-14T12:30:08, Add row to /TRACKING.csv
2025-10-14T12:30:08, Number of rows in /TRACKING.csv: 4
2025-10-14T12:30:11, Number of rows in /TRACKING.csv is >= 4
2025-10-14T12:30:11, Remove tracking
2025-10-14T12:30:11, Write to /TRANSMIT.csv: 2025-10-14T12:30:06,3.64,4526.00,11.3,59
2025-10-14T12:30:12, Number of rows in /TRANSMIT.csv: 1
2025-10-14T12:30:12, Current hour = 12, Transmission hour = 0
2025-10-14T12:30:12, Current hour = 12, Transmission hour = 1
2025-10-14T12:30:12, Current hour = 12, Transmission hour = 2
2025-10-14T12:30:12, Current hour = 12, Transmission hour = 3
2025-10-14T12:30:12, Current hour = 12, Transmission hour = 4
2025-10-14T12:30:12, Current hour = 12, Transmission hour = 5
2025-10-14T12:30:12, Current hour = 12, Transmission hour = 6
2025-10-14T12:30:12, Current hour = 12, Transmission hour = 7
2025-10-14T12:30:12, Current hour = 12, Transmission hour = 8
2025-10-14T12:30:12, Current hour = 12, Transmission hour = 9
2025-10-14T12:30:12, Current hour = 12, Transmission hour = 10
2025-10-14T12:30:12, Current hour = 12, Transmission hour = 11
2025-10-14T12:30:12, Current hour = 12, Transmission hour = 12
2025-10-14T12:30:12, 1412303453+11359
2025-10-14T12:30:14,  - attempt to send message: 1412303453+11359
2025-10-14T12:30:15,  - Modem begin successful
2025-10-14T12:30:15,  - Sending...
2025-10-14T12:32:30,  - Send response: 
2025-10-14T12:32:30,   - Sync clocks... 
2025-10-14T12:32:30,  - Arduino Old Time: 2025-10-14T20:32:30
2025-10-14T12:32:30,  - Arduino New Time: 2025-10-14T20:32:30
2025-10-14T12:32:30, Message sent! Removing /TRANSMIT.csv
2025-10-14T12:32:30, Done loop ...
2025-10-14T12:46:55, Setup Complete
2025-10-14T12:46:57, Data: 2025-10-14T12:46:55,3.65,25631,4522.00,4702.00,4560.50,10.55,63.16,15.96,887.60
2025-10-14T12:46:57, Add row to /TRACKING.csv
2025-10-14T12:46:57, Number of rows in /TRACKING.csv: 1
2025-10-14T12:46:59, Done loop ...
2025-10-14T13:03:43, Setup Complete
2025-10-14T13:03:46, Data: 2025-10-14T13:03:43,3.64,25631,4461.00,4624.00,4534.00,11.21,59.40,15.72,887.69
2025-10-14T13:03:46, Add row to /TRACKING.csv
2025-10-14T13:03:46, Number of rows in /TRACKING.csv: 2
2025-10-14T13:03:48, Done loop ...
2025-10-14T13:20:32, Setup Complete
2025-10-14T13:20:34, Data: 2025-10-14T13:20:32,3.64,25631,4527.00,4984.00,4599.50,12.72,56.64,16.14,887.63
2025-10-14T13:20:34, Add row to /TRACKING.csv
2025-10-14T13:20:35, Number of rows in /TRACKING.csv: 3
2025-10-14T13:20:38, Done loop ...
2025-10-14T13:37:21, Setup Complete
2025-10-14T13:37:23, Data: 2025-10-14T13:37:21,3.65,25631,4442.00,4983.00,4544.00,12.79,56.24,16.55,887.55
2025-10-14T13:37:23, Add row to /TRACKING.csv
2025-10-14T13:37:23, Number of rows in /TRACKING.csv: 4
2025-10-14T13:37:27, Number of rows in /TRACKING.csv is >= 4
2025-10-14T13:37:27, Remove tracking
2025-10-14T13:37:27, Write to /TRANSMIT.csv: 2025-10-14T13:37:21,3.65,4442.00,12.8,56
2025-10-14T13:37:27, Number of rows in /TRANSMIT.csv: 1
2025-10-14T13:37:27, Current hour = 13, Transmission hour = 0
2025-10-14T13:37:27, Current hour = 13, Transmission hour = 1
2025-10-14T13:37:27, Current hour = 13, Transmission hour = 2
2025-10-14T13:37:27, Current hour = 13, Transmission hour = 3
2025-10-14T13:37:27, Current hour = 13, Transmission hour = 4
2025-10-14T13:37:27, Current hour = 13, Transmission hour = 5
2025-10-14T13:37:27, Current hour = 13, Transmission hour = 6
2025-10-14T13:37:27, Current hour = 13, Transmission hour = 7
2025-10-14T13:37:27, Current hour = 13, Transmission hour = 8
2025-10-14T13:37:27, Current hour = 13, Transmission hour = 9
2025-10-14T13:37:27, Current hour = 13, Transmission hour = 10
2025-10-14T13:37:27, Current hour = 13, Transmission hour = 11
2025-10-14T13:37:27, Current hour = 13, Transmission hour = 12
2025-10-14T13:37:27, Current hour = 13, Transmission hour = 13
2025-10-14T13:37:28, 1413373444+12856
2025-10-14T13:37:30,  - attempt to send message: 1413373444+12856
2025-10-14T13:37:30,  - Modem begin successful
2025-10-14T13:37:30,  - Sending...
2025-10-14T13:37:36,  - Send response: 
2025-10-14T13:37:36,   - Sync clocks... 
2025-10-14T13:37:36,  - Arduino Old Time: 2025-10-14T21:37:36
2025-10-14T13:37:36,  - Arduino New Time: 2025-10-14T21:37:36
2025-10-14T13:37:36, Message sent! Removing /TRANSMIT.csv
2025-10-14T13:37:36, Done loop ...
2025-10-14T13:54:10, Setup Complete
2025-10-14T13:54:12, Data: 2025-10-14T13:54:10,3.64,25631,4497.00,4588.00,4528.50,13.04,53.86,16.22,887.76
2025-10-14T13:54:12, Add row to /TRACKING.csv
2025-10-14T13:54:12, Number of rows in /TRACKING.csv: 1
2025-10-14T13:54:15, Done loop ...
2025-10-14T14:10:59, Setup Complete
2025-10-14T14:11:01, Data: 2025-10-14T14:10:59,3.64,25631,4457.00,4628.00,4527.50,12.00,57.54,15.53,887.68
2025-10-14T14:11:01, Add row to /TRACKING.csv
2025-10-14T14:11:01, Number of rows in /TRACKING.csv: 2
2025-10-14T14:11:04, Done loop ...
2025-10-14T14:27:48, Setup Complete
2025-10-14T14:27:50, Data: 2025-10-14T14:27:48,3.64,25631,4478.00,4529.00,4502.00,13.00,55.96,15.69,887.74
2025-10-14T14:27:50, Add row to /TRACKING.csv
2025-10-14T14:27:50, Number of rows in /TRACKING.csv: 3
2025-10-14T14:27:53, Done loop ...
2025-10-14T14:44:37, Setup Complete
2025-10-14T14:44:39, Data: 2025-10-14T14:44:37,3.64,25631,4493.00,4585.00,4517.50,12.24,57.89,15.40,887.84
2025-10-14T14:44:39, Add row to /TRACKING.csv
2025-10-14T14:44:39, Number of rows in /TRACKING.csv: 4
2025-10-14T14:44:42, Number of rows in /TRACKING.csv is >= 4
2025-10-14T14:44:42, Remove tracking
2025-10-14T14:44:42, Write to /TRANSMIT.csv: 2025-10-14T14:44:37,3.64,4493.00,12.2,58
2025-10-14T14:44:42, Number of rows in /TRANSMIT.csv: 1
2025-10-14T14:44:42, Current hour = 14, Transmission hour = 0
2025-10-14T14:44:42, Current hour = 14, Transmission hour = 1
2025-10-14T14:44:42, Current hour = 14, Transmission hour = 2
2025-10-14T14:44:43, Current hour = 14, Transmission hour = 3
2025-10-14T14:44:43, Current hour = 14, Transmission hour = 4
2025-10-14T14:44:43, Current hour = 14, Transmission hour = 5
2025-10-14T14:44:43, Current hour = 14, Transmission hour = 6
2025-10-14T14:44:43, Current hour = 14, Transmission hour = 7
2025-10-14T14:44:43, Current hour = 14, Transmission hour = 8
2025-10-14T14:44:43, Current hour = 14, Transmission hour = 9
2025-10-14T14:44:43, Current hour = 14, Transmission hour = 10
2025-10-14T14:44:43, Current hour = 14, Transmission hour = 11
2025-10-14T14:44:43, Current hour = 14, Transmission hour = 12
2025-10-14T14:44:43, Current hour = 14, Transmission hour = 13
2025-10-14T14:44:43, Current hour = 14, Transmission hour = 14
2025-10-14T14:44:43, 1414443449+12258
2025-10-14T14:44:45,  - attempt to send message: 1414443449+12258
2025-10-14T14:44:46,  - Modem begin successful
2025-10-14T14:44:46,  - Sending...
2025-10-14T14:44:53,  - Send response: 
2025-10-14T14:44:53,   - Sync clocks... 
2025-10-14T14:44:53,  - Arduino Old Time: 2025-10-14T22:44:53
2025-10-14T14:44:53,  - Arduino New Time: 2025-10-14T22:44:53
2025-10-14T14:44:53, Message sent! Removing /TRANSMIT.csv
2025-10-14T14:44:53, Done loop ...
2025-10-14T15:01:25, Setup Complete
2025-10-14T15:01:28, Data: 2025-10-14T15:01:25,3.64,25631,4474.00,4607.00,4517.50,15.42,49.96,16.07,887.88
2025-10-14T15:01:28, Add row to /TRACKING.csv
2025-10-14T15:01:28, Number of rows in /TRACKING.csv: 1
2025-10-14T15:01:30, Done loop ...
2025-10-14T15:18:14, Setup Complete
2025-10-14T15:18:16, Data: 2025-10-14T15:18:14,3.65,25631,4470.00,4612.00,4496.00,13.00,53.90,15.69,887.75
2025-10-14T15:18:16, Add row to /TRACKING.csv
2025-10-14T15:18:17, Number of rows in /TRACKING.csv: 2
2025-10-14T15:18:19, Done loop ...
2025-10-14T15:35:03, Setup Complete
2025-10-14T15:35:05, Data: 2025-10-14T15:35:03,3.64,25631,4498.00,4984.00,4522.00,13.47,54.94,15.11,888.01
2025-10-14T15:35:05, Add row to /TRACKING.csv
2025-10-14T15:35:05, Number of rows in /TRACKING.csv: 3
2025-10-14T15:35:08, Done loop ...
2025-10-14T15:51:52, Setup Complete
2025-10-14T15:51:54, Data: 2025-10-14T15:51:52,3.64,25631,4506.00,4531.00,4520.50,11.97,58.57,14.54,888.02
2025-10-14T15:51:54, Add row to /TRACKING.csv
2025-10-14T15:51:54, Number of rows in /TRACKING.csv: 4
2025-10-14T15:51:58, Number of rows in /TRACKING.csv is >= 4
2025-10-14T15:51:58, Remove tracking
2025-10-14T15:51:58, Write to /TRANSMIT.csv: 2025-10-14T15:51:52,3.64,4506.00,12.0,59
2025-10-14T15:51:58, Number of rows in /TRANSMIT.csv: 1
2025-10-14T15:51:58, Current hour = 15, Transmission hour = 0
2025-10-14T15:51:58, Current hour = 15, Transmission hour = 1
2025-10-14T15:51:58, Current hour = 15, Transmission hour = 2
2025-10-14T15:51:58, Current hour = 15, Transmission hour = 3
2025-10-14T15:51:58, Current hour = 15, Transmission hour = 4
2025-10-14T15:51:58, Current hour = 15, Transmission hour = 5
2025-10-14T15:51:58, Current hour = 15, Transmission hour = 6
2025-10-14T15:51:58, Current hour = 15, Transmission hour = 7
2025-10-14T15:51:58, Current hour = 15, Transmission hour = 8
2025-10-14T15:51:58, Current hour = 15, Transmission hour = 9
2025-10-14T15:51:58, Current hour = 15, Transmission hour = 10
2025-10-14T15:51:58, Current hour = 15, Transmission hour = 11
2025-10-14T15:51:58, Current hour = 15, Transmission hour = 12
2025-10-14T15:51:58, Current hour = 15, Transmission hour = 13
2025-10-14T15:51:58, Current hour = 15, Transmission hour = 14
2025-10-14T15:51:58, Current hour = 15, Transmission hour = 15
2025-10-14T15:51:58, 1415513451+12059
2025-10-14T15:52:00,  - attempt to send message: 1415513451+12059
2025-10-14T15:52:01,  - Modem begin successful
2025-10-14T15:52:01,  - Sending...
2025-10-14T15:52:08,  - Send response: 
2025-10-14T15:52:08,   - Sync clocks... 
2025-10-14T15:52:09,  - Arduino Old Time: 2025-10-14T23:52:09
2025-10-14T15:52:08,  - Arduino New Time: 2025-10-14T23:52:08
2025-10-14T15:52:08, Message sent! Removing /TRANSMIT.csv
2025-10-14T15:52:08, Done loop ...
2025-10-14T16:08:40, Setup Complete
2025-10-14T16:08:42, Data: 2025-10-14T16:08:40,3.65,25631,4490.00,4985.00,4535.50,11.93,59.07,14.22,888.10
2025-10-14T16:08:42, Add row to /TRACKING.csv
2025-10-14T16:08:42, Number of rows in /TRACKING.csv: 1
2025-10-14T16:08:44, Done loop ...
2025-10-14T16:25:28, Setup Complete
2025-10-14T16:25:31, Data: 2025-10-14T16:25:29,3.64,25631,4444.00,4527.00,4504.50,10.90,62.41,12.66,888.11
2025-10-14T16:25:31, Add row to /TRACKING.csv
2025-10-14T16:25:31, Number of rows in /TRACKING.csv: 2
2025-10-14T16:25:33, Done loop ...
2025-10-14T16:42:17, Setup Complete
2025-10-14T16:42:19, Data: 2025-10-14T16:42:17,3.64,25631,4495.00,4529.00,4509.50,10.83,62.57,12.88,888.21
2025-10-14T16:42:19, Add row to /TRACKING.csv
2025-10-14T16:42:19, Number of rows in /TRACKING.csv: 3
2025-10-14T16:42:22, Done loop ...
2025-10-14T16:59:06, Setup Complete
2025-10-14T16:59:08, Data: 2025-10-14T16:59:06,3.64,25631,4470.00,4513.00,4494.50,9.72,66.56,11.30,888.09
2025-10-14T16:59:08, Add row to /TRACKING.csv
2025-10-14T16:59:08, Number of rows in /TRACKING.csv: 4
2025-10-14T16:59:11, Number of rows in /TRACKING.csv is >= 4
2025-10-14T16:59:11, Remove tracking
2025-10-14T16:59:12, Write to /TRANSMIT.csv: 2025-10-14T16:59:06,3.64,4470.00,9.7,67
2025-10-14T16:59:12, Number of rows in /TRANSMIT.csv: 1
2025-10-14T16:59:12, Current hour = 16, Transmission hour = 0
2025-10-14T16:59:12, Current hour = 16, Transmission hour = 1
2025-10-14T16:59:12, Current hour = 16, Transmission hour = 2
2025-10-14T16:59:12, Current hour = 16, Transmission hour = 3
2025-10-14T16:59:12, Current hour = 16, Transmission hour = 4
2025-10-14T16:59:12, Current hour = 16, Transmission hour = 5
2025-10-14T16:59:12, Current hour = 16, Transmission hour = 6
2025-10-14T16:59:12, Current hour = 16, Transmission hour = 7
2025-10-14T16:59:12, Current hour = 16, Transmission hour = 8
2025-10-14T16:59:12, Current hour = 16, Transmission hour = 9
2025-10-14T16:59:12, Current hour = 16, Transmission hour = 10
2025-10-14T16:59:12, Current hour = 16, Transmission hour = 11
2025-10-14T16:59:12, Current hour = 16, Transmission hour = 12
2025-10-14T16:59:12, Current hour = 16, Transmission hour = 13
2025-10-14T16:59:12, Current hour = 16, Transmission hour = 14
2025-10-14T16:59:12, Current hour = 16, Transmission hour = 15
2025-10-14T16:59:12, Current hour = 16, Transmission hour = 16
2025-10-14T16:59:12, 1416593447+09767
2025-10-14T16:59:14,  - attempt to send message: 1416593447+09767
2025-10-14T16:59:15,  - Modem begin successful
2025-10-14T16:59:15,  - Sending...
2025-10-14T16:59:25,  - Send response: 
2025-10-14T16:59:25,   - Sync clocks... 
2025-10-14T16:59:25,  - Arduino Old Time: 2025-10-15T00:59:25
2025-10-14T16:59:25,  - Arduino New Time: 2025-10-15T00:59:25
2025-10-14T16:59:25, Message sent! Removing /TRANSMIT.csv
2025-10-14T16:59:25, Done loop ...
2025-10-14T17:15:54, Setup Complete
2025-10-14T17:15:57, Data: 2025-10-14T17:15:54,3.64,25631,4470.00,4496.00,4490.00,8.73,70.15,9.53,888.33
2025-10-14T17:15:57, Add row to /TRACKING.csv
2025-10-14T17:15:57, Number of rows in /TRACKING.csv: 1
2025-10-14T17:15:59, Done loop ...
2025-10-14T17:32:43, Setup Complete
2025-10-14T17:32:45, Data: 2025-10-14T17:32:43,3.64,25631,4469.00,4508.00,4492.50,8.39,71.65,8.54,888.16
2025-10-14T17:32:45, Add row to /TRACKING.csv
2025-10-14T17:32:45, Number of rows in /TRACKING.csv: 2
2025-10-14T17:32:48, Done loop ...
2025-10-14T17:49:31, Setup Complete
2025-10-14T17:49:33, Data: 2025-10-14T17:49:31,3.64,25631,4452.00,4481.00,4469.00,8.42,72.15,7.94,888.31
2025-10-14T17:49:33, Add row to /TRACKING.csv
2025-10-14T17:49:34, Number of rows in /TRACKING.csv: 3
2025-10-14T17:49:36, Done loop ...
2025-10-14T18:06:20, Setup Complete
2025-10-14T18:06:22, Data: 2025-10-14T18:06:20,3.64,25631,4491.00,4631.00,4507.00,8.01,72.74,7.61,888.23
2025-10-14T18:06:22, Add row to /TRACKING.csv
2025-10-14T18:06:22, Number of rows in /TRACKING.csv: 4
2025-10-14T18:06:25, Number of rows in /TRACKING.csv is >= 4
2025-10-14T18:06:25, Remove tracking
2025-10-14T18:06:25, Write to /TRANSMIT.csv: 2025-10-14T18:06:20,3.64,4491.00,8.0,73
2025-10-14T18:06:25, Number of rows in /TRANSMIT.csv: 1
2025-10-14T18:06:25, Current hour = 18, Transmission hour = 0
2025-10-14T18:06:25, Current hour = 18, Transmission hour = 1
2025-10-14T18:06:25, Current hour = 18, Transmission hour = 2
2025-10-14T18:06:26, Current hour = 18, Transmission hour = 3
2025-10-14T18:06:26, Current hour = 18, Transmission hour = 4
2025-10-14T18:06:26, Current hour = 18, Transmission hour = 5
2025-10-14T18:06:26, Current hour = 18, Transmission hour = 6
2025-10-14T18:06:26, Current hour = 18, Transmission hour = 7
2025-10-14T18:06:26, Current hour = 18, Transmission hour = 8
2025-10-14T18:06:26, Current hour = 18, Transmission hour = 9
2025-10-14T18:06:26, Current hour = 18, Transmission hour = 10
2025-10-14T18:06:26, Current hour = 18, Transmission hour = 11
2025-10-14T18:06:26, Current hour = 18, Transmission hour = 12
2025-10-14T18:06:26, Current hour = 18, Transmission hour = 13
2025-10-14T18:06:26, Current hour = 18, Transmission hour = 14
2025-10-14T18:06:26, Current hour = 18, Transmission hour = 15
2025-10-14T18:06:26, Current hour = 18, Transmission hour = 16
2025-10-14T18:06:26, Current hour = 18, Transmission hour = 17
2025-10-14T18:06:26, Current hour = 18, Transmission hour = 18
2025-10-14T18:06:26, 1418063449+08073
2025-10-14T18:06:28,  - attempt to send message: 1418063449+08073
2025-10-14T18:06:29,  - Modem begin successful
2025-10-14T18:06:29,  - Sending...
2025-10-14T18:06:36,  - Send response: 
2025-10-14T18:06:36,   - Sync clocks... 
2025-10-14T18:06:36,  - Arduino Old Time: 2025-10-15T02:06:36
2025-10-14T18:06:35,  - Arduino New Time: 2025-10-15T02:06:35
2025-10-14T18:06:35, Message sent! Removing /TRANSMIT.csv
2025-10-14T18:06:35, Done loop ...
2025-10-14T18:23:07, Setup Complete
2025-10-14T18:23:09, Data: 2025-10-14T18:23:07,3.64,25631,4443.00,4502.00,4490.00,7.63,73.56,7.14,888.30
2025-10-14T18:23:09, Add row to /TRACKING.csv
2025-10-14T18:23:09, Number of rows in /TRACKING.csv: 1
2025-10-14T18:23:12, Done loop ...
2025-10-14T18:39:55, Setup Complete
2025-10-14T18:39:57, Data: 2025-10-14T18:39:55,3.64,25631,4426.00,4548.00,4497.00,7.01,76.21,6.62,888.36
2025-10-14T18:39:57, Add row to /TRACKING.csv
2025-10-14T18:39:58, Number of rows in /TRACKING.csv: 2
2025-10-14T18:40:00, Done loop ...
2025-10-14T18:56:43, Setup Complete
2025-10-14T18:56:46, Data: 2025-10-14T18:56:44,3.64,25631,4472.00,4494.00,4486.00,6.91,77.12,6.24,888.28
2025-10-14T18:56:46, Add row to /TRACKING.csv
2025-10-14T18:56:46, Number of rows in /TRACKING.csv: 3
2025-10-14T18:56:49, Done loop ...
2025-10-14T19:13:32, Setup Complete
2025-10-14T19:13:34, Data: 2025-10-14T19:13:32,3.64,25631,4436.00,4484.00,4453.00,6.57,78.61,5.96,888.29
2025-10-14T19:13:34, Add row to /TRACKING.csv
2025-10-14T19:13:34, Number of rows in /TRACKING.csv: 4
2025-10-14T19:13:37, Number of rows in /TRACKING.csv is >= 4
2025-10-14T19:13:37, Remove tracking
2025-10-14T19:13:37, Write to /TRANSMIT.csv: 2025-10-14T19:13:32,3.64,4436.00,6.6,79
2025-10-14T19:13:38, Number of rows in /TRANSMIT.csv: 1
2025-10-14T19:13:38, Current hour = 19, Transmission hour = 0
2025-10-14T19:13:38, Current hour = 19, Transmission hour = 1
2025-10-14T19:13:38, Current hour = 19, Transmission hour = 2
2025-10-14T19:13:38, Current hour = 19, Transmission hour = 3
2025-10-14T19:13:38, Current hour = 19, Transmission hour = 4
2025-10-14T19:13:38, Current hour = 19, Transmission hour = 5
2025-10-14T19:13:38, Current hour = 19, Transmission hour = 6
2025-10-14T19:13:38, Current hour = 19, Transmission hour = 7
2025-10-14T19:13:38, Current hour = 19, Transmission hour = 8
2025-10-14T19:13:38, Current hour = 19, Transmission hour = 9
2025-10-14T19:13:38, Current hour = 19, Transmission hour = 10
2025-10-14T19:13:38, Current hour = 19, Transmission hour = 11
2025-10-14T19:13:38, Current hour = 19, Transmission hour = 12
2025-10-14T19:13:38, Current hour = 19, Transmission hour = 13
2025-10-14T19:13:38, Current hour = 19, Transmission hour = 14
2025-10-14T19:13:38, Current hour = 19, Transmission hour = 15
2025-10-14T19:13:38, Current hour = 19, Transmission hour = 16
2025-10-14T19:13:38, Current hour = 19, Transmission hour = 17
2025-10-14T19:13:38, Current hour = 19, Transmission hour = 18
2025-10-14T19:13:38, Current hour = 19, Transmission hour = 19
2025-10-14T19:13:38, 1419133444+06679
2025-10-14T19:13:40,  - attempt to send message: 1419133444+06679
2025-10-14T19:13:41,  - Modem begin successful
2025-10-14T19:13:41,  - Sending...
2025-10-14T19:13:46,  - Send response: 
2025-10-14T19:13:46,   - Sync clocks... 
2025-10-14T19:13:46,  - Arduino Old Time: 2025-10-15T03:13:46
2025-10-14T19:13:46,  - Arduino New Time: 2025-10-15T03:13:46
2025-10-14T19:13:46, Message sent! Removing /TRANSMIT.csv
2025-10-14T19:13:46, Done loop ...
2025-10-14T19:30:20, Setup Complete
2025-10-14T19:30:22, Data: 2025-10-14T19:30:20,3.64,25631,4481.00,4506.00,4491.50,7.01,78.06,6.00,888.20
2025-10-14T19:30:22, Add row to /TRACKING.csv
2025-10-14T19:30:22, Number of rows in /TRACKING.csv: 1
2025-10-14T19:30:25, Done loop ...
2025-10-14T19:47:08, Setup Complete
2025-10-14T19:47:10, Data: 2025-10-14T19:47:08,3.64,25631,4490.00,4535.00,4502.50,7.93,76.30,6.58,887.96
2025-10-14T19:47:10, Add row to /TRACKING.csv
2025-10-14T19:47:11, Number of rows in /TRACKING.csv: 2
2025-10-14T19:47:13, Done loop ...
2025-10-14T20:03:56, Setup Complete
2025-10-14T20:03:59, Data: 2025-10-14T20:03:57,3.64,25631,4439.00,4491.00,4471.50,7.46,77.29,6.87,887.96
2025-10-14T20:03:59, Add row to /TRACKING.csv
2025-10-14T20:03:59, Number of rows in /TRACKING.csv: 3
2025-10-14T20:04:02, Done loop ...
2025-10-14T20:20:45, Setup Complete
2025-10-14T20:20:47, Data: 2025-10-14T20:20:45,3.64,25631,4423.00,4494.00,4447.00,7.38,76.91,6.72,887.85
2025-10-14T20:20:47, Add row to /TRACKING.csv
2025-10-14T20:20:47, Number of rows in /TRACKING.csv: 4
2025-10-14T20:20:50, Number of rows in /TRACKING.csv is >= 4
2025-10-14T20:20:50, Remove tracking
2025-10-14T20:20:50, Write to /TRANSMIT.csv: 2025-10-14T20:20:45,3.64,4423.00,7.4,77
2025-10-14T20:20:51, Number of rows in /TRANSMIT.csv: 1
2025-10-14T20:20:51, Current hour = 20, Transmission hour = 0
2025-10-14T20:20:51, Current hour = 20, Transmission hour = 1
2025-10-14T20:20:51, Current hour = 20, Transmission hour = 2
2025-10-14T20:20:51, Current hour = 20, Transmission hour = 3
2025-10-14T20:20:51, Current hour = 20, Transmission hour = 4
2025-10-14T20:20:51, Current hour = 20, Transmission hour = 5
2025-10-14T20:20:51, Current hour = 20, Transmission hour = 6
2025-10-14T20:20:51, Current hour = 20, Transmission hour = 7
2025-10-14T20:20:51, Current hour = 20, Transmission hour = 8
2025-10-14T20:20:51, Current hour = 20, Transmission hour = 9
2025-10-14T20:20:51, Current hour = 20, Transmission hour = 10
2025-10-14T20:20:51, Current hour = 20, Transmission hour = 11
2025-10-14T20:20:51, Current hour = 20, Transmission hour = 12
2025-10-14T20:20:51, Current hour = 20, Transmission hour = 13
2025-10-14T20:20:51, Current hour = 20, Transmission hour = 14
2025-10-14T20:20:51, Current hour = 20, Transmission hour = 15
2025-10-14T20:20:51, Current hour = 20, Transmission hour = 16
2025-10-14T20:20:51, Current hour = 20, Transmission hour = 17
2025-10-14T20:20:51, Current hour = 20, Transmission hour = 18
2025-10-14T20:20:51, Current hour = 20, Transmission hour = 19
2025-10-14T20:20:51, Current hour = 20, Transmission hour = 20
2025-10-14T20:20:51, 1420203442+07477
2025-10-14T20:20:53,  - attempt to send message: 1420203442+07477
2025-10-14T20:20:54,  - Modem begin successful
2025-10-14T20:20:54,  - Sending...
2025-10-14T20:21:03,  - Send response: 
2025-10-14T20:21:03,   - Sync clocks... 
2025-10-14T20:21:03,  - Arduino Old Time: 2025-10-15T04:21:03
2025-10-14T20:21:03,  - Arduino New Time: 2025-10-15T04:21:03
2025-10-14T20:21:03, Message sent! Removing /TRANSMIT.csv
2025-10-14T20:21:03, Done loop ...
2025-10-14T20:37:33, Setup Complete
2025-10-14T20:37:35, Data: 2025-10-14T20:37:33,3.64,25631,4431.00,4485.00,4468.50,7.19,77.74,6.53,888.04
2025-10-14T20:37:35, Add row to /TRACKING.csv
2025-10-14T20:37:35, Number of rows in /TRACKING.csv: 1
2025-10-14T20:37:38, Done loop ...
2025-10-14T20:54:21, Setup Complete
2025-10-14T20:54:23, Data: 2025-10-14T20:54:21,3.64,25631,4436.00,4517.00,4451.50,7.05,79.50,6.29,888.02
2025-10-14T20:54:23, Add row to /TRACKING.csv
2025-10-14T20:54:24, Number of rows in /TRACKING.csv: 2
2025-10-14T20:54:26, Done loop ...
2025-10-14T21:11:09, Setup Complete
2025-10-14T21:11:12, Data: 2025-10-14T21:11:10,3.64,25631,4413.00,4472.00,4451.50,6.64,80.79,6.00,888.00
2025-10-14T21:11:12, Add row to /TRACKING.csv
2025-10-14T21:11:12, Number of rows in /TRACKING.csv: 3
2025-10-14T21:11:15, Done loop ...
2025-10-14T21:27:58, Setup Complete
2025-10-14T21:28:00, Data: 2025-10-14T21:27:58,3.64,25631,4502.00,4564.00,4537.00,6.67,79.42,5.90,887.99
2025-10-14T21:28:00, Add row to /TRACKING.csv
2025-10-14T21:28:00, Number of rows in /TRACKING.csv: 4
2025-10-14T21:28:03, Number of rows in /TRACKING.csv is >= 4
2025-10-14T21:28:03, Remove tracking
2025-10-14T21:28:03, Write to /TRANSMIT.csv: 2025-10-14T21:27:58,3.64,4502.00,6.7,79
2025-10-14T21:28:04, Number of rows in /TRANSMIT.csv: 1
2025-10-14T21:28:04, Current hour = 21, Transmission hour = 0
2025-10-14T21:28:04, Current hour = 21, Transmission hour = 1
2025-10-14T21:28:04, Current hour = 21, Transmission hour = 2
2025-10-14T21:28:04, Current hour = 21, Transmission hour = 3
2025-10-14T21:28:04, Current hour = 21, Transmission hour = 4
2025-10-14T21:28:04, Current hour = 21, Transmission hour = 5
2025-10-14T21:28:04, Current hour = 21, Transmission hour = 6
2025-10-14T21:28:04, Current hour = 21, Transmission hour = 7
2025-10-14T21:28:04, Current hour = 21, Transmission hour = 8
2025-10-14T21:28:04, Current hour = 21, Transmission hour = 9
2025-10-14T21:28:04, Current hour = 21, Transmission hour = 10
2025-10-14T21:28:04, Current hour = 21, Transmission hour = 11
2025-10-14T21:28:04, Current hour = 21, Transmission hour = 12
2025-10-14T21:28:04, Current hour = 21, Transmission hour = 13
2025-10-14T21:28:04, Current hour = 21, Transmission hour = 14
2025-10-14T21:28:04, Current hour = 21, Transmission hour = 15
2025-10-14T21:28:04, Current hour = 21, Transmission hour = 16
2025-10-14T21:28:04, Current hour = 21, Transmission hour = 17
2025-10-14T21:28:04, Current hour = 21, Transmission hour = 18
2025-10-14T21:28:04, Current hour = 21, Transmission hour = 19
2025-10-14T21:28:04, Current hour = 21, Transmission hour = 20
2025-10-14T21:28:04, Current hour = 21, Transmission hour = 21
2025-10-14T21:28:04, 1421273450+06779
2025-10-14T21:28:06,  - attempt to send message: 1421273450+06779
2025-10-14T21:28:07,  - Modem begin successful
2025-10-14T21:28:07,  - Sending...
2025-10-14T21:28:12,  - Send response: 
2025-10-14T21:28:12,   - Sync clocks... 
2025-10-14T21:28:12,  - Arduino Old Time: 2025-10-15T05:28:12
2025-10-14T21:28:12,  - Arduino New Time: 2025-10-15T05:28:12
2025-10-14T21:28:13, Message sent! Removing /TRANSMIT.csv
2025-10-14T21:28:13, Done loop ...
2025-10-14T21:44:46, Setup Complete
2025-10-14T21:44:48, Data: 2025-10-14T21:44:46,3.64,25631,4455.00,4492.00,4483.50,7.33,77.30,6.16,888.00
2025-10-14T21:44:48, Add row to /TRACKING.csv
2025-10-14T21:44:48, Number of rows in /TRACKING.csv: 1
2025-10-14T21:44:51, Done loop ...
2025-10-14T22:01:34, Setup Complete
2025-10-14T22:01:36, Data: 2025-10-14T22:01:34,3.64,25631,4460.00,4483.00,4476.50,6.40,80.17,6.02,887.85
2025-10-14T22:01:36, Add row to /TRACKING.csv
2025-10-14T22:01:37, Number of rows in /TRACKING.csv: 2
2025-10-14T22:01:39, Done loop ...
2025-10-14T22:18:22, Setup Complete
2025-10-14T22:18:25, Data: 2025-10-14T22:18:22,3.64,25631,4455.00,4496.00,4478.00,7.33,79.26,5.86,887.98
2025-10-14T22:18:25, Add row to /TRACKING.csv
2025-10-14T22:18:25, Number of rows in /TRACKING.csv: 3
2025-10-14T22:18:28, Done loop ...
2025-10-14T22:35:11, Setup Complete
2025-10-14T22:35:13, Data: 2025-10-14T22:35:11,3.64,25631,4465.00,4495.00,4480.50,7.35,78.64,6.11,887.92
2025-10-14T22:35:13, Add row to /TRACKING.csv
2025-10-14T22:35:13, Number of rows in /TRACKING.csv: 4
2025-10-14T22:35:16, Number of rows in /TRACKING.csv is >= 4
2025-10-14T22:35:16, Remove tracking
2025-10-14T22:35:16, Write to /TRANSMIT.csv: 2025-10-14T22:35:11,3.64,4465.00,7.3,79
2025-10-14T22:35:16, Number of rows in /TRANSMIT.csv: 1
2025-10-14T22:35:16, Current hour = 22, Transmission hour = 0
2025-10-14T22:35:16, Current hour = 22, Transmission hour = 1
2025-10-14T22:35:17, Current hour = 22, Transmission hour = 2
2025-10-14T22:35:17, Current hour = 22, Transmission hour = 3
2025-10-14T22:35:17, Current hour = 22, Transmission hour = 4
2025-10-14T22:35:17, Current hour = 22, Transmission hour = 5
2025-10-14T22:35:17, Current hour = 22, Transmission hour = 6
2025-10-14T22:35:17, Current hour = 22, Transmission hour = 7
2025-10-14T22:35:17, Current hour = 22, Transmission hour = 8
2025-10-14T22:35:17, Current hour = 22, Transmission hour = 9
2025-10-14T22:35:17, Current hour = 22, Transmission hour = 10
2025-10-14T22:35:17, Current hour = 22, Transmission hour = 11
2025-10-14T22:35:17, Current hour = 22, Transmission hour = 12
2025-10-14T22:35:17, Current hour = 22, Transmission hour = 13
2025-10-14T22:35:17, Current hour = 22, Transmission hour = 14
2025-10-14T22:35:17, Current hour = 22, Transmission hour = 15
2025-10-14T22:35:17, Current hour = 22, Transmission hour = 16
2025-10-14T22:35:17, Current hour = 22, Transmission hour = 17
2025-10-14T22:35:17, Current hour = 22, Transmission hour = 18
2025-10-14T22:35:17, Current hour = 22, Transmission hour = 19
2025-10-14T22:35:17, Current hour = 22, Transmission hour = 20
2025-10-14T22:35:17, Current hour = 22, Transmission hour = 21
2025-10-14T22:35:17, Current hour = 22, Transmission hour = 22
2025-10-14T22:35:17, 1422353447+07379
2025-10-14T22:35:19,  - attempt to send message: 1422353447+07379
2025-10-14T22:35:20,  - Modem begin successful
2025-10-14T22:35:20,  - Sending...
2025-10-14T22:35:41,  - Send response: 
2025-10-14T22:35:41,   - Sync clocks... 
2025-10-14T22:35:41,  - Arduino Old Time: 2025-10-15T06:35:41
2025-10-14T22:35:40,  - Arduino New Time: 2025-10-15T06:35:40
2025-10-14T22:35:40, Message sent! Removing /TRANSMIT.csv
2025-10-14T22:35:40, Done loop ...
2025-10-14T22:51:58, Setup Complete
2025-10-14T22:52:00, Data: 2025-10-14T22:51:58,3.64,25631,4416.00,4473.00,4452.00,7.55,78.69,6.19,887.97
2025-10-14T22:52:00, Add row to /TRACKING.csv
2025-10-14T22:52:00, Number of rows in /TRACKING.csv: 1
2025-10-14T22:52:03, Done loop ...
2025-10-14T23:08:46, Setup Complete
2025-10-14T23:08:48, Data: 2025-10-14T23:08:46,3.64,25631,4435.00,4487.00,4459.50,6.42,84.16,5.83,887.96
2025-10-14T23:08:48, Add row to /TRACKING.csv
2025-10-14T23:08:48, Number of rows in /TRACKING.csv: 2
2025-10-14T23:08:51, Done loop ...
2025-10-14T23:25:34, Setup Complete
2025-10-14T23:25:36, Data: 2025-10-14T23:25:34,3.64,25631,4425.00,4620.00,4489.50,6.04,86.68,5.38,888.05
2025-10-14T23:25:36, Add row to /TRACKING.csv
2025-10-14T23:25:37, Number of rows in /TRACKING.csv: 3
2025-10-14T23:25:40, Done loop ...
2025-10-14T23:42:22, Setup Complete
2025-10-14T23:42:25, Data: 2025-10-14T23:42:23,3.64,25631,4400.00,4538.00,4493.00,5.95,87.07,5.23,888.15
2025-10-14T23:42:25, Add row to /TRACKING.csv
2025-10-14T23:42:25, Number of rows in /TRACKING.csv: 4
2025-10-14T23:42:28, Number of rows in /TRACKING.csv is >= 4
2025-10-14T23:42:28, Remove tracking
2025-10-14T23:42:28, Write to /TRANSMIT.csv: 2025-10-14T23:42:23,3.64,4400.00,5.9,87
2025-10-14T23:42:28, Number of rows in /TRANSMIT.csv: 1
2025-10-14T23:42:28, Current hour = 23, Transmission hour = 0
2025-10-14T23:42:28, Current hour = 23, Transmission hour = 1
2025-10-14T23:42:28, Current hour = 23, Transmission hour = 2
2025-10-14T23:42:28, Current hour = 23, Transmission hour = 3
2025-10-14T23:42:29, Current hour = 23, Transmission hour = 4
2025-10-14T23:42:29, Current hour = 23, Transmission hour = 5
2025-10-14T23:42:29, Current hour = 23, Transmission hour = 6
2025-10-14T23:42:29, Current hour = 23, Transmission hour = 7
2025-10-14T23:42:29, Current hour = 23, Transmission hour = 8
2025-10-14T23:42:29, Current hour = 23, Transmission hour = 9
2025-10-14T23:42:29, Current hour = 23, Transmission hour = 10
2025-10-14T23:42:29, Current hour = 23, Transmission hour = 11
2025-10-14T23:42:29, Current hour = 23, Transmission hour = 12
2025-10-14T23:42:29, Current hour = 23, Transmission hour = 13
2025-10-14T23:42:29, Current hour = 23, Transmission hour = 14
2025-10-14T23:42:29, Current hour = 23, Transmission hour = 15
2025-10-14T23:42:29, Current hour = 23, Transmission hour = 16
2025-10-14T23:42:29, Current hour = 23, Transmission hour = 17
2025-10-14T23:42:29, Current hour = 23, Transmission hour = 18
2025-10-14T23:42:29, Current hour = 23, Transmission hour = 19
2025-10-14T23:42:29, Current hour = 23, Transmission hour = 20
2025-10-14T23:42:29, Current hour = 23, Transmission hour = 21
2025-10-14T23:42:29, Current hour = 23, Transmission hour = 22
2025-10-14T23:42:29, Current hour = 23, Transmission hour = 23
2025-10-14T23:42:29, 1423423440+05987
2025-10-14T23:42:31,  - attempt to send message: 1423423440+05987
2025-10-14T23:42:32,  - Modem begin successful
2025-10-14T23:42:32,  - Sending...
2025-10-14T23:42:35,  - Send response: 
2025-10-14T23:42:35,   - Sync clocks... 
2025-10-14T23:42:35,  - Arduino Old Time: 2025-10-15T07:42:35
2025-10-14T23:42:35,  - Arduino New Time: 2025-10-15T07:42:35
2025-10-14T23:42:35, Message sent! Removing /TRANSMIT.csv
2025-10-14T23:42:35, Done loop ...
2025-10-14T23:59:11, Setup Complete
2025-10-14T23:59:13, Data: 2025-10-14T23:59:11,3.64,25631,4448.00,4536.00,4472.00,6.04,86.71,5.14,888.10
2025-10-14T23:59:13, Add row to /TRACKING.csv
2025-10-14T23:59:13, Number of rows in /TRACKING.csv: 1
2025-10-14T23:59:15, Done loop ...
2025-10-15T00:15:59, Setup Complete
2025-10-15T00:16:01, Data: 2025-10-15T00:15:59,3.64,25631,4413.00,4483.00,4472.50,6.18,86.63,5.13,888.10
2025-10-15T00:16:01, Add row to /TRACKING.csv
2025-10-15T00:16:01, Number of rows in /TRACKING.csv: 2
2025-10-15T00:16:04, Done loop ...
2025-10-15T00:32:47, Setup Complete
2025-10-15T00:32:49, Data: 2025-10-15T00:32:47,3.64,25631,4464.00,4626.00,4497.50,6.40,85.75,5.30,888.06
2025-10-15T00:32:49, Add row to /TRACKING.csv
2025-10-15T00:32:49, Number of rows in /TRACKING.csv: 3
2025-10-15T00:32:52, Done loop ...
2025-10-15T00:49:35, Setup Complete
2025-10-15T00:49:37, Data: 2025-10-15T00:49:35,3.64,25631,4520.00,4567.00,4549.00,6.02,87.69,5.14,888.11
2025-10-15T00:49:37, Add row to /TRACKING.csv
2025-10-15T00:49:38, Number of rows in /TRACKING.csv: 4
2025-10-15T00:49:41, Number of rows in /TRACKING.csv is >= 4
2025-10-15T00:49:41, Remove tracking
2025-10-15T00:49:41, Write to /TRANSMIT.csv: 2025-10-15T00:49:35,3.64,4520.00,6.0,88
2025-10-15T00:49:41, Number of rows in /TRANSMIT.csv: 1
2025-10-15T00:49:41, Current hour = 0, Transmission hour = 0
2025-10-15T00:49:41, 1500493452+06088
2025-10-15T00:49:43,  - attempt to send message: 1500493452+06088
2025-10-15T00:49:44,  - Modem begin successful
2025-10-15T00:49:44,  - Sending...
2025-10-15T00:51:11,  - Send response: 
2025-10-15T00:51:11,   - Sync clocks... 
2025-10-15T00:51:11,  - Arduino Old Time: 2025-10-15T08:51:11
2025-10-15T00:51:11,  - Arduino New Time: 2025-10-15T08:51:11
2025-10-15T00:51:12, Message sent! Removing /TRANSMIT.csv
2025-10-15T00:51:12, Done loop ...
2025-10-15T01:06:23, Setup Complete
2025-10-15T01:06:26, Data: 2025-10-15T01:06:23,3.64,25631,4499.00,4541.00,4530.50,5.78,88.89,4.98,888.04
2025-10-15T01:06:26, Add row to /TRACKING.csv
2025-10-15T01:06:26, Number of rows in /TRACKING.csv: 1
2025-10-15T01:06:28, Done loop ...
2025-10-15T01:23:12, Setup Complete
2025-10-15T01:23:14, Data: 2025-10-15T01:23:12,3.64,25631,4420.00,4552.00,4483.50,6.23,88.16,4.99,887.99
2025-10-15T01:23:14, Add row to /TRACKING.csv
2025-10-15T01:23:14, Number of rows in /TRACKING.csv: 2
2025-10-15T01:23:17, Done loop ...
2025-10-15T01:40:00, Setup Complete
2025-10-15T01:40:02, Data: 2025-10-15T01:40:00,3.64,25631,4475.00,4545.00,4542.00,5.68,89.64,4.86,887.92
2025-10-15T01:40:02, Add row to /TRACKING.csv
2025-10-15T01:40:02, Number of rows in /TRACKING.csv: 3
2025-10-15T01:40:05, Done loop ...
2025-10-15T01:56:48, Setup Complete
2025-10-15T01:56:50, Data: 2025-10-15T01:56:48,3.64,25631,4391.00,4553.00,4480.50,5.78,89.07,4.73,887.84
2025-10-15T01:56:50, Add row to /TRACKING.csv
2025-10-15T01:56:50, Number of rows in /TRACKING.csv: 4
2025-10-15T01:56:54, Number of rows in /TRACKING.csv is >= 4
2025-10-15T01:56:54, Remove tracking
2025-10-15T01:56:54, Write to /TRANSMIT.csv: 2025-10-15T01:56:48,3.64,4391.00,5.8,89
2025-10-15T01:56:54, Number of rows in /TRANSMIT.csv: 1
2025-10-15T01:56:54, Current hour = 1, Transmission hour = 0
2025-10-15T01:56:54, Current hour = 1, Transmission hour = 1
2025-10-15T01:56:54, 1501563439+05889
2025-10-15T01:56:56,  - attempt to send message: 1501563439+05889
2025-10-15T01:56:57,  - Modem begin successful
2025-10-15T01:56:57,  - Sending...
2025-10-15T01:59:15,  - Send response: 
2025-10-15T01:59:15,   - Sync clocks... 
2025-10-15T01:59:15,  - Arduino Old Time: 2025-10-15T09:59:15
2025-10-15T01:59:14,  - Arduino New Time: 2025-10-15T09:59:14
2025-10-15T01:59:14, Message sent! Removing /TRANSMIT.csv
2025-10-15T01:59:14, Done loop ...
2025-10-15T02:13:35, Setup Complete
2025-10-15T02:13:37, Data: 2025-10-15T02:13:35,3.64,25631,4476.00,4496.00,4486.50,5.60,88.87,4.75,887.75
2025-10-15T02:13:37, Add row to /TRACKING.csv
2025-10-15T02:13:38, Number of rows in /TRACKING.csv: 1
2025-10-15T02:13:40, Done loop ...
2025-10-15T02:30:23, Setup Complete
2025-10-15T02:30:25, Data: 2025-10-15T02:30:23,3.64,25631,4475.00,4489.00,4480.50,5.19,91.33,4.55,887.66
2025-10-15T02:30:25, Add row to /TRACKING.csv
2025-10-15T02:30:26, Number of rows in /TRACKING.csv: 2
2025-10-15T02:30:28, Done loop ...
2025-10-15T02:47:11, Setup Complete
2025-10-15T02:47:14, Data: 2025-10-15T02:47:11,3.64,25631,4431.00,4540.00,4506.00,5.71,89.20,4.53,887.63
2025-10-15T02:47:14, Add row to /TRACKING.csv
2025-10-15T02:47:14, Number of rows in /TRACKING.csv: 3
2025-10-15T02:47:17, Done loop ...
2025-10-15T03:04:00, Setup Complete
2025-10-15T03:04:02, Data: 2025-10-15T03:04:00,3.64,25631,4409.00,4561.00,4546.00,5.49,91.36,4.41,887.58
2025-10-15T03:04:02, Add row to /TRACKING.csv
2025-10-15T03:04:02, Number of rows in /TRACKING.csv: 4
2025-10-15T03:04:05, Number of rows in /TRACKING.csv is >= 4
2025-10-15T03:04:05, Remove tracking
2025-10-15T03:04:05, Write to /TRANSMIT.csv: 2025-10-15T03:04:00,3.64,4409.00,5.5,91
2025-10-15T03:04:05, Number of rows in /TRANSMIT.csv: 1
2025-10-15T03:04:05, Current hour = 3, Transmission hour = 0
2025-10-15T03:04:05, Current hour = 3, Transmission hour = 1
2025-10-15T03:04:06, Current hour = 3, Transmission hour = 2
2025-10-15T03:04:06, Current hour = 3, Transmission hour = 3
2025-10-15T03:04:06, 1503043441+05591
2025-10-15T03:04:08,  - attempt to send message: 1503043441+05591
2025-10-15T03:04:08,  - Modem begin successful
2025-10-15T03:04:08,  - Sending...
2025-10-15T03:09:07,  - Send response: 
2025-10-15T03:09:07,   - Sync clocks... 
2025-10-15T03:09:07,  - Arduino Old Time: 2025-10-15T11:09:07
2025-10-15T03:09:07,  - Arduino New Time: 2025-10-15T11:09:07
2025-10-15T03:09:08, Message sent! Removing /TRANSMIT.csv
2025-10-15T03:09:08, Done loop ...
2025-10-15T03:20:48, Setup Complete
2025-10-15T03:20:50, Data: 2025-10-15T03:20:48,3.64,25631,4438.00,4541.00,4462.00,5.33,91.64,4.54,887.61
2025-10-15T03:20:50, Add row to /TRACKING.csv
2025-10-15T03:20:50, Number of rows in /TRACKING.csv: 1
2025-10-15T03:20:52, Done loop ...
2025-10-15T03:37:36, Setup Complete
2025-10-15T03:37:38, Data: 2025-10-15T03:37:36,3.64,25631,4403.00,4570.00,4470.00,5.26,90.72,4.48,887.46
2025-10-15T03:37:38, Add row to /TRACKING.csv
2025-10-15T03:37:38, Number of rows in /TRACKING.csv: 2
2025-10-15T03:37:41, Done loop ...
2025-10-15T03:54:24, Setup Complete
2025-10-15T03:54:26, Data: 2025-10-15T03:54:24,3.64,25631,4422.00,4553.00,4469.50,5.30,91.70,4.41,887.46
2025-10-15T03:54:26, Add row to /TRACKING.csv
2025-10-15T03:54:26, Number of rows in /TRACKING.csv: 3
2025-10-15T03:54:29, Done loop ...
2025-10-15T04:11:12, Setup Complete
2025-10-15T04:11:14, Data: 2025-10-15T04:11:12,3.64,25631,4419.00,4458.00,4443.50,5.11,92.33,4.25,887.30
2025-10-15T04:11:14, Add row to /TRACKING.csv
2025-10-15T04:11:15, Number of rows in /TRACKING.csv: 4
2025-10-15T04:11:18, Number of rows in /TRACKING.csv is >= 4
2025-10-15T04:11:18, Remove tracking
2025-10-15T04:11:18, Write to /TRANSMIT.csv: 2025-10-15T04:11:12,3.64,4419.00,5.1,92
2025-10-15T04:11:18, Number of rows in /TRANSMIT.csv: 1
2025-10-15T04:11:18, Current hour = 4, Transmission hour = 0
2025-10-15T04:11:18, Current hour = 4, Transmission hour = 1
2025-10-15T04:11:18, Current hour = 4, Transmission hour = 2
2025-10-15T04:11:18, Current hour = 4, Transmission hour = 3
2025-10-15T04:11:18, Current hour = 4, Transmission hour = 4
2025-10-15T04:11:18, 1504113442+05192
2025-10-15T04:11:20,  - attempt to send message: 1504113442+05192
2025-10-15T04:11:21,  - Modem begin successful
2025-10-15T04:11:21,  - Sending...
2025-10-15T04:12:13,  - Send response: 
2025-10-15T04:12:13,   - Sync clocks... 
2025-10-15T04:12:13,  - Arduino Old Time: 2025-10-15T12:12:13
2025-10-15T04:12:13,  - Arduino New Time: 2025-10-15T12:12:13
2025-10-15T04:12:14, Message sent! Removing /TRANSMIT.csv
2025-10-15T04:12:14, Done loop ...
2025-10-15T04:28:00, Setup Complete
2025-10-15T04:28:02, Data: 2025-10-15T04:28:00,3.64,25631,4385.00,4558.00,4443.00,5.23,90.78,4.23,887.38
2025-10-15T04:28:02, Add row to /TRACKING.csv
2025-10-15T04:28:03, Number of rows in /TRACKING.csv: 1
2025-10-15T04:28:05, Done loop ...
2025-10-15T04:44:48, Setup Complete
2025-10-15T04:44:51, Data: 2025-10-15T04:44:48,3.64,25631,4460.00,4475.00,4468.50,5.25,91.09,4.27,887.24
2025-10-15T04:44:51, Add row to /TRACKING.csv
2025-10-15T04:44:51, Number of rows in /TRACKING.csv: 2
2025-10-15T04:44:53, Done loop ...
2025-10-15T05:01:36, Setup Complete
2025-10-15T05:01:39, Data: 2025-10-15T05:01:37,3.64,25631,4477.00,4489.00,4480.50,5.11,91.95,4.17,887.38
2025-10-15T05:01:39, Add row to /TRACKING.csv
2025-10-15T05:01:39, Number of rows in /TRACKING.csv: 3
2025-10-15T05:01:42, Done loop ...
2025-10-15T05:18:25, Setup Complete
2025-10-15T05:18:27, Data: 2025-10-15T05:18:25,3.62,25631,4485.00,4499.00,4490.50,4.87,90.48,4.06,887.20
2025-10-15T05:18:27, Add row to /TRACKING.csv
2025-10-15T05:18:27, Number of rows in /TRACKING.csv: 4
2025-10-15T05:18:30, Number of rows in /TRACKING.csv is >= 4
2025-10-15T05:18:30, Remove tracking
2025-10-15T05:18:30, Write to /TRANSMIT.csv: 2025-10-15T05:18:25,3.62,4485.00,4.9,90
2025-10-15T05:18:30, Number of rows in /TRANSMIT.csv: 1
2025-10-15T05:18:30, Current hour = 5, Transmission hour = 0
2025-10-15T05:18:31, Current hour = 5, Transmission hour = 1
2025-10-15T05:18:31, Current hour = 5, Transmission hour = 2
2025-10-15T05:18:31, Current hour = 5, Transmission hour = 3
2025-10-15T05:18:31, Current hour = 5, Transmission hour = 4
2025-10-15T05:18:31, Current hour = 5, Transmission hour = 5
2025-10-15T05:18:31, 1505183449+04990
2025-10-15T05:18:33,  - attempt to send message: 1505183449+04990
2025-10-15T05:18:33,  - Modem begin successful
2025-10-15T05:18:34,  - Sending...
2025-10-15T05:18:47,  - Send response: 
2025-10-15T05:18:48,   - Sync clocks... 
2025-10-15T05:18:48,  - Arduino Old Time: 2025-10-15T13:18:48
2025-10-15T05:18:47,  - Arduino New Time: 2025-10-15T13:18:47
2025-10-15T05:18:47, Message sent! Removing /TRANSMIT.csv
2025-10-15T05:18:47, Done loop ...
2025-10-15T05:35:12, Setup Complete
2025-10-15T05:35:14, Data: 2025-10-15T05:35:12,3.64,25631,4478.00,4494.00,4487.50,4.98,90.87,3.92,887.32
2025-10-15T05:35:14, Add row to /TRACKING.csv
2025-10-15T05:35:14, Number of rows in /TRACKING.csv: 1
2025-10-15T05:35:16, Done loop ...
2025-10-15T05:52:00, Setup Complete
2025-10-15T05:52:02, Data: 2025-10-15T05:52:00,3.64,25631,4392.00,4496.00,4467.50,4.47,93.09,3.73,887.54
2025-10-15T05:52:02, Add row to /TRACKING.csv
2025-10-15T05:52:02, Number of rows in /TRACKING.csv: 2
2025-10-15T05:52:05, Done loop ...
2025-10-15T06:08:48, Setup Complete
2025-10-15T06:08:50, Data: 2025-10-15T06:08:48,3.63,25631,4473.00,4480.00,4476.00,4.67,93.16,3.73,887.73
2025-10-15T06:08:50, Add row to /TRACKING.csv
2025-10-15T06:08:50, Number of rows in /TRACKING.csv: 3
2025-10-15T06:08:53, Done loop ...
2025-10-15T06:25:36, Setup Complete
2025-10-15T06:25:38, Data: 2025-10-15T06:25:36,3.64,25631,4475.00,4488.00,4480.00,4.64,92.54,3.80,887.81
2025-10-15T06:25:38, Add row to /TRACKING.csv
2025-10-15T06:25:38, Number of rows in /TRACKING.csv: 4
2025-10-15T06:25:42, Number of rows in /TRACKING.csv is >= 4
2025-10-15T06:25:42, Remove tracking
2025-10-15T06:25:42, Write to /TRANSMIT.csv: 2025-10-15T06:25:36,3.64,4475.00,4.6,93
2025-10-15T06:25:42, Number of rows in /TRANSMIT.csv: 1
2025-10-15T06:25:42, Current hour = 6, Transmission hour = 0
2025-10-15T06:25:42, Current hour = 6, Transmission hour = 1
2025-10-15T06:25:42, Current hour = 6, Transmission hour = 2
2025-10-15T06:25:42, Current hour = 6, Transmission hour = 3
2025-10-15T06:25:42, Current hour = 6, Transmission hour = 4
2025-10-15T06:25:42, Current hour = 6, Transmission hour = 5
2025-10-15T06:25:42, Current hour = 6, Transmission hour = 6
2025-10-15T06:25:42, 1506253448+04693
2025-10-15T06:25:44,  - attempt to send message: 1506253448+04693
2025-10-15T06:25:45,  - Modem begin successful
2025-10-15T06:25:45,  - Sending...
2025-10-15T06:25:53,  - Send response: 
2025-10-15T06:25:53,   - Sync clocks... 
2025-10-15T06:25:53,  - Arduino Old Time: 2025-10-15T14:25:53
2025-10-15T06:25:53,  - Arduino New Time: 2025-10-15T14:25:53
2025-10-15T06:25:53, Message sent! Removing /TRANSMIT.csv
2025-10-15T06:25:53, Done loop ...
2025-10-15T06:42:24, Setup Complete
2025-10-15T06:42:26, Data: 2025-10-15T06:42:24,3.62,25631,4391.00,4463.00,4442.00,4.95,93.61,3.74,887.96
2025-10-15T06:42:26, Add row to /TRACKING.csv
2025-10-15T06:42:27, Number of rows in /TRACKING.csv: 1
2025-10-15T06:42:29, Done loop ...
2025-10-15T06:59:12, Setup Complete
2025-10-15T06:59:14, Data: 2025-10-15T06:59:12,3.64,25631,4468.00,4482.00,4476.50,4.53,93.51,3.69,888.20
2025-10-15T06:59:14, Add row to /TRACKING.csv
2025-10-15T06:59:15, Number of rows in /TRACKING.csv: 2
2025-10-15T06:59:17, Done loop ...
2025-10-15T07:16:00, Setup Complete
2025-10-15T07:16:03, Data: 2025-10-15T07:16:00,3.63,25631,4420.00,4466.00,4451.50,4.60,91.24,3.74,888.12
2025-10-15T07:16:03, Add row to /TRACKING.csv
2025-10-15T07:16:03, Number of rows in /TRACKING.csv: 3
2025-10-15T07:16:06, Done loop ...
2025-10-15T07:32:48, Setup Complete
2025-10-15T07:32:51, Data: 2025-10-15T07:32:48,3.64,25631,4449.00,4471.00,4454.50,4.71,91.62,3.76,888.05
2025-10-15T07:32:51, Add row to /TRACKING.csv
2025-10-15T07:32:51, Number of rows in /TRACKING.csv: 4
2025-10-15T07:32:54, Number of rows in /TRACKING.csv is >= 4
2025-10-15T07:32:54, Remove tracking
2025-10-15T07:32:54, Write to /TRANSMIT.csv: 2025-10-15T07:32:48,3.64,4449.00,4.7,92
2025-10-15T07:32:54, Number of rows in /TRANSMIT.csv: 1
2025-10-15T07:32:54, Current hour = 7, Transmission hour = 0
2025-10-15T07:32:54, Current hour = 7, Transmission hour = 1
2025-10-15T07:32:54, Current hour = 7, Transmission hour = 2
2025-10-15T07:32:54, Current hour = 7, Transmission hour = 3
2025-10-15T07:32:54, Current hour = 7, Transmission hour = 4
2025-10-15T07:32:54, Current hour = 7, Transmission hour = 5
2025-10-15T07:32:55, Current hour = 7, Transmission hour = 6
2025-10-15T07:32:55, Current hour = 7, Transmission hour = 7
2025-10-15T07:32:55, 1507323445+04792
2025-10-15T07:32:57,  - attempt to send message: 1507323445+04792
2025-10-15T07:32:57,  - Modem begin successful
2025-10-15T07:32:57,  - Sending...
2025-10-15T07:34:42,  - Send response: 
2025-10-15T07:34:42,   - Sync clocks... 
2025-10-15T07:34:42,  - Arduino Old Time: 2025-10-15T15:34:42
2025-10-15T07:34:42,  - Arduino New Time: 2025-10-15T15:34:42
2025-10-15T07:34:42, Message sent! Removing /TRANSMIT.csv
2025-10-15T07:34:43, Done loop ...
2025-10-15T07:49:37, Setup Complete
2025-10-15T07:49:39, Data: 2025-10-15T07:49:37,3.64,25631,4424.00,4489.00,4449.00,4.61,93.08,3.86,887.97
2025-10-15T07:49:39, Add row to /TRACKING.csv
2025-10-15T07:49:39, Number of rows in /TRACKING.csv: 1
2025-10-15T07:49:41, Done loop ...
2025-10-15T08:06:25, Setup Complete
2025-10-15T08:06:27, Data: 2025-10-15T08:06:25,3.63,25631,4524.00,4541.00,4533.50,7.52,80.94,8.22,887.99
2025-10-15T08:06:27, Add row to /TRACKING.csv
2025-10-15T08:06:27, Number of rows in /TRACKING.csv: 2
2025-10-15T08:06:30, Done loop ...
2025-10-15T08:23:13, Setup Complete
2025-10-15T08:23:15, Data: 2025-10-15T08:23:13,3.64,25631,4486.00,4597.00,4527.50,7.99,80.16,9.80,887.99
2025-10-15T08:23:15, Add row to /TRACKING.csv
2025-10-15T08:23:15, Number of rows in /TRACKING.csv: 3
2025-10-15T08:23:18, Done loop ...
2025-10-15T08:40:01, Setup Complete
2025-10-15T08:40:04, Data: 2025-10-15T08:40:01,3.63,25631,4486.00,4597.00,4507.50,9.04,78.68,14.30,887.84
2025-10-15T08:40:04, Add row to /TRACKING.csv
2025-10-15T08:40:04, Number of rows in /TRACKING.csv: 4
2025-10-15T08:40:07, Number of rows in /TRACKING.csv is >= 4
2025-10-15T08:40:07, Remove tracking
2025-10-15T08:40:07, Write to /TRANSMIT.csv: 2025-10-15T08:40:01,3.63,4486.00,9.0,79
2025-10-15T08:40:07, Number of rows in /TRANSMIT.csv: 1
2025-10-15T08:40:07, Current hour = 8, Transmission hour = 0
2025-10-15T08:40:07, Current hour = 8, Transmission hour = 1
2025-10-15T08:40:07, Current hour = 8, Transmission hour = 2
2025-10-15T08:40:07, Current hour = 8, Transmission hour = 3
2025-10-15T08:40:07, Current hour = 8, Transmission hour = 4
2025-10-15T08:40:07, Current hour = 8, Transmission hour = 5
2025-10-15T08:40:07, Current hour = 8, Transmission hour = 6
2025-10-15T08:40:08, Current hour = 8, Transmission hour = 7
2025-10-15T08:40:08, Current hour = 8, Transmission hour = 8
2025-10-15T08:40:08, 1508403449+09079
2025-10-15T08:40:10,  - attempt to send message: 1508403449+09079
2025-10-15T08:40:10,  - Modem begin successful
2025-10-15T08:40:10,  - Sending...
2025-10-15T08:41:06,  - Send response: 
2025-10-15T08:41:06,   - Sync clocks... 
2025-10-15T08:41:06,  - Arduino Old Time: 2025-10-15T16:41:06
2025-10-15T08:41:05,  - Arduino New Time: 2025-10-15T16:41:05
2025-10-15T08:41:05, Message sent! Removing /TRANSMIT.csv
2025-10-15T08:41:05, Done loop ...
2025-10-15T08:56:49, Setup Complete
2025-10-15T08:56:51, Data: 2025-10-15T08:56:49,3.64,25631,4492.00,4635.00,4624.50,8.42,77.41,16.97,887.42
2025-10-15T08:56:51, Add row to /TRACKING.csv
2025-10-15T08:56:51, Number of rows in /TRACKING.csv: 1
2025-10-15T08:56:54, Done loop ...
2025-10-15T09:13:38, Setup Complete
2025-10-15T09:13:40, Data: 2025-10-15T09:13:38,3.64,25631,4556.00,4635.00,4618.50,10.11,73.33,18.03,887.37
2025-10-15T09:13:40, Add row to /TRACKING.csv
2025-10-15T09:13:40, Number of rows in /TRACKING.csv: 2
2025-10-15T09:13:43, Done loop ...
2025-10-15T09:30:26, Setup Complete
2025-10-15T09:30:29, Data: 2025-10-15T09:30:26,3.64,25631,4533.00,4582.00,4570.50,10.41,73.90,19.24,887.27
2025-10-15T09:30:29, Add row to /TRACKING.csv
2025-10-15T09:30:29, Number of rows in /TRACKING.csv: 3
2025-10-15T09:30:32, Done loop ...
2025-10-15T09:47:15, Setup Complete
2025-10-15T09:47:17, Data: 2025-10-15T09:47:15,3.64,25631,4525.00,4641.00,4556.50,9.70,74.76,19.69,887.31
2025-10-15T09:47:17, Add row to /TRACKING.csv
2025-10-15T09:47:18, Number of rows in /TRACKING.csv: 4
2025-10-15T09:47:21, Number of rows in /TRACKING.csv is >= 4
2025-10-15T09:47:21, Remove tracking
2025-10-15T09:47:21, Write to /TRANSMIT.csv: 2025-10-15T09:47:15,3.64,4525.00,9.7,75
2025-10-15T09:47:21, Number of rows in /TRANSMIT.csv: 1
2025-10-15T09:47:21, Current hour = 9, Transmission hour = 0
2025-10-15T09:47:21, Current hour = 9, Transmission hour = 1
2025-10-15T09:47:21, Current hour = 9, Transmission hour = 2
2025-10-15T09:47:21, Current hour = 9, Transmission hour = 3
2025-10-15T09:47:21, Current hour = 9, Transmission hour = 4
2025-10-15T09:47:21, Current hour = 9, Transmission hour = 5
2025-10-15T09:47:21, Current hour = 9, Transmission hour = 6
2025-10-15T09:47:21, Current hour = 9, Transmission hour = 7
2025-10-15T09:47:21, Current hour = 9, Transmission hour = 8
2025-10-15T09:47:21, Current hour = 9, Transmission hour = 9
2025-10-15T09:47:21, 1509473453+09775
2025-10-15T09:47:24,  - attempt to send message: 1509473453+09775
2025-10-15T09:47:24,  - Modem begin successful
2025-10-15T09:47:24,  - Sending...
2025-10-15T09:48:19,  - Send response: 
2025-10-15T09:48:19,   - Sync clocks... 
2025-10-15T09:48:19,  - Arduino Old Time: 2025-10-15T17:48:19
2025-10-15T09:48:19,  - Arduino New Time: 2025-10-15T17:48:19
2025-10-15T09:48:19, Message sent! Removing /TRANSMIT.csv
2025-10-15T09:48:19, Done loop ...
2025-10-15T10:04:04, Setup Complete
2025-10-15T10:04:06, Data: 2025-10-15T10:04:04,3.64,25631,4541.00,4683.00,4560.50,10.44,72.78,19.66,887.13
2025-10-15T10:04:06, Add row to /TRACKING.csv
2025-10-15T10:04:06, Number of rows in /TRACKING.csv: 1
2025-10-15T10:04:09, Done loop ...
2025-10-15T10:20:53, Setup Complete
2025-10-15T10:20:55, Data: 2025-10-15T10:20:53,3.63,25631,4499.00,4646.00,4590.00,10.86,70.70,17.51,886.90
2025-10-15T10:20:55, Add row to /TRACKING.csv
2025-10-15T10:20:55, Number of rows in /TRACKING.csv: 2
2025-10-15T10:20:58, Done loop ...
2025-10-15T10:37:42, Setup Complete
2025-10-15T10:37:44, Data: 2025-10-15T10:37:42,3.64,25631,4510.00,4637.00,4542.00,11.11,70.98,15.52,887.14
2025-10-15T10:37:44, Add row to /TRACKING.csv
2025-10-15T10:37:44, Number of rows in /TRACKING.csv: 3
2025-10-15T10:37:47, Done loop ...
2025-10-15T10:54:30, Setup Complete
2025-10-15T10:54:33, Data: 2025-10-15T10:54:30,3.64,25631,4488.00,4614.00,4557.00,11.58,68.50,14.92,886.98
2025-10-15T10:54:33, Add row to /TRACKING.csv
2025-10-15T10:54:33, Number of rows in /TRACKING.csv: 4
2025-10-15T10:54:36, Number of rows in /TRACKING.csv is >= 4
2025-10-15T10:54:36, Remove tracking
2025-10-15T10:54:36, Write to /TRANSMIT.csv: 2025-10-15T10:54:30,3.64,4488.00,11.6,68
2025-10-15T10:54:36, Number of rows in /TRANSMIT.csv: 1
2025-10-15T10:54:36, Current hour = 10, Transmission hour = 0
2025-10-15T10:54:36, Current hour = 10, Transmission hour = 1
2025-10-15T10:54:36, Current hour = 10, Transmission hour = 2
2025-10-15T10:54:36, Current hour = 10, Transmission hour = 3
2025-10-15T10:54:36, Current hour = 10, Transmission hour = 4
2025-10-15T10:54:37, Current hour = 10, Transmission hour = 5
2025-10-15T10:54:37, Current hour = 10, Transmission hour = 6
2025-10-15T10:54:37, Current hour = 10, Transmission hour = 7
2025-10-15T10:54:37, Current hour = 10, Transmission hour = 8
2025-10-15T10:54:37, Current hour = 10, Transmission hour = 9
2025-10-15T10:54:37, Current hour = 10, Transmission hour = 10
2025-10-15T10:54:37, 1510543449+11668
2025-10-15T10:54:39,  - attempt to send message: 1510543449+11668
2025-10-15T10:54:40,  - Modem begin successful
2025-10-15T10:54:40,  - Sending...
2025-10-15T10:54:45,  - Send response: 
2025-10-15T10:54:46,   - Sync clocks... 
2025-10-15T10:54:46,  - Arduino Old Time: 2025-10-15T18:54:46
2025-10-15T10:54:45,  - Arduino New Time: 2025-10-15T18:54:45
2025-10-15T10:54:45, Message sent! Removing /TRANSMIT.csv
2025-10-15T10:54:45, Done loop ...
2025-10-15T11:11:18, Setup Complete
2025-10-15T11:11:20, Data: 2025-10-15T11:11:18,3.64,25631,4476.00,4568.00,4549.50,10.52,69.65,14.44,886.52
2025-10-15T11:11:20, Add row to /TRACKING.csv
2025-10-15T11:11:21, Number of rows in /TRACKING.csv: 1
2025-10-15T11:11:23, Done loop ...
2025-10-15T11:28:07, Setup Complete
2025-10-15T11:28:09, Data: 2025-10-15T11:28:07,3.64,25631,4480.00,4544.00,4519.00,9.56,73.83,14.15,886.49
2025-10-15T11:28:09, Add row to /TRACKING.csv
2025-10-15T11:28:09, Number of rows in /TRACKING.csv: 2
2025-10-15T11:28:12, Done loop ...
2025-10-15T11:44:56, Setup Complete
2025-10-15T11:44:58, Data: 2025-10-15T11:44:56,3.64,25631,4533.00,4567.00,4541.00,9.83,73.19,14.12,886.55
2025-10-15T11:44:58, Add row to /TRACKING.csv
2025-10-15T11:44:58, Number of rows in /TRACKING.csv: 3
2025-10-15T11:45:01, Done loop ...
2025-10-15T12:01:44, Setup Complete
2025-10-15T12:01:46, Data: 2025-10-15T12:01:44,3.64,25631,4470.00,4985.00,4550.50,10.12,72.98,14.56,886.42
2025-10-15T12:01:46, Add row to /TRACKING.csv
2025-10-15T12:01:47, Number of rows in /TRACKING.csv: 4
2025-10-15T12:01:50, Number of rows in /TRACKING.csv is >= 4
2025-10-15T12:01:50, Remove tracking
2025-10-15T12:01:50, Write to /TRANSMIT.csv: 2025-10-15T12:01:44,3.64,4470.00,10.1,73
2025-10-15T12:01:50, Number of rows in /TRANSMIT.csv: 1
2025-10-15T12:01:50, Current hour = 12, Transmission hour = 0
2025-10-15T12:01:50, Current hour = 12, Transmission hour = 1
2025-10-15T12:01:50, Current hour = 12, Transmission hour = 2
2025-10-15T12:01:50, Current hour = 12, Transmission hour = 3
2025-10-15T12:01:50, Current hour = 12, Transmission hour = 4
2025-10-15T12:01:50, Current hour = 12, Transmission hour = 5
2025-10-15T12:01:50, Current hour = 12, Transmission hour = 6
2025-10-15T12:01:50, Current hour = 12, Transmission hour = 7
2025-10-15T12:01:50, Current hour = 12, Transmission hour = 8
2025-10-15T12:01:50, Current hour = 12, Transmission hour = 9
2025-10-15T12:01:50, Current hour = 12, Transmission hour = 10
2025-10-15T12:01:51, Current hour = 12, Transmission hour = 11
2025-10-15T12:01:51, Current hour = 12, Transmission hour = 12
2025-10-15T12:01:51, 1512013447+10173
2025-10-15T12:01:53,  - attempt to send message: 1512013447+10173
2025-10-15T12:01:53,  - Modem begin successful
2025-10-15T12:01:53,  - Sending...
2025-10-15T12:01:59,  - Send response: 
2025-10-15T12:01:59,   - Sync clocks... 
2025-10-15T12:01:59,  - Arduino Old Time: 2025-10-15T20:01:59
2025-10-15T12:01:59,  - Arduino New Time: 2025-10-15T20:01:59
2025-10-15T12:01:59, Message sent! Removing /TRANSMIT.csv
2025-10-15T12:01:59, Done loop ...
2025-10-15T12:18:33, Setup Complete
2025-10-15T12:18:35, Data: 2025-10-15T12:18:33,3.63,25631,4507.00,4611.00,4546.50,10.83,69.85,15.10,886.36
2025-10-15T12:18:35, Add row to /TRACKING.csv
2025-10-15T12:18:35, Number of rows in /TRACKING.csv: 1
2025-10-15T12:18:38, Done loop ...
2025-10-15T12:35:22, Setup Complete
2025-10-15T12:35:24, Data: 2025-10-15T12:35:22,3.63,25631,4469.00,4546.00,4504.50,10.86,65.60,15.42,886.16
2025-10-15T12:35:24, Add row to /TRACKING.csv
2025-10-15T12:35:24, Number of rows in /TRACKING.csv: 2
2025-10-15T12:35:27, Done loop ...
2025-10-15T12:52:11, Setup Complete
2025-10-15T12:52:13, Data: 2025-10-15T12:52:11,3.64,25631,4512.00,4611.00,4550.00,11.00,62.12,15.54,886.21
2025-10-15T12:52:13, Add row to /TRACKING.csv
2025-10-15T12:52:13, Number of rows in /TRACKING.csv: 3
2025-10-15T12:52:16, Done loop ...
2025-10-15T13:08:59, Setup Complete
2025-10-15T13:09:01, Data: 2025-10-15T13:08:59,3.64,25631,4516.00,4547.00,4529.00,11.14,64.61,15.71,886.02
2025-10-15T13:09:02, Add row to /TRACKING.csv
2025-10-15T13:09:02, Number of rows in /TRACKING.csv: 4
2025-10-15T13:09:05, Number of rows in /TRACKING.csv is >= 4
2025-10-15T13:09:05, Remove tracking
2025-10-15T13:09:05, Write to /TRANSMIT.csv: 2025-10-15T13:08:59,3.64,4516.00,11.1,65
2025-10-15T13:09:05, Number of rows in /TRANSMIT.csv: 1
2025-10-15T13:09:05, Current hour = 13, Transmission hour = 0
2025-10-15T13:09:05, Current hour = 13, Transmission hour = 1
2025-10-15T13:09:05, Current hour = 13, Transmission hour = 2
2025-10-15T13:09:05, Current hour = 13, Transmission hour = 3
2025-10-15T13:09:05, Current hour = 13, Transmission hour = 4
2025-10-15T13:09:05, Current hour = 13, Transmission hour = 5
2025-10-15T13:09:05, Current hour = 13, Transmission hour = 6
2025-10-15T13:09:05, Current hour = 13, Transmission hour = 7
2025-10-15T13:09:05, Current hour = 13, Transmission hour = 8
2025-10-15T13:09:06, Current hour = 13, Transmission hour = 9
2025-10-15T13:09:06, Current hour = 13, Transmission hour = 10
2025-10-15T13:09:06, Current hour = 13, Transmission hour = 11
2025-10-15T13:09:06, Current hour = 13, Transmission hour = 12
2025-10-15T13:09:06, Current hour = 13, Transmission hour = 13
2025-10-15T13:09:06, 1513083452+11165
2025-10-15T13:09:08,  - attempt to send message: 1513083452+11165
2025-10-15T13:09:09,  - Modem begin successful
2025-10-15T13:09:09,  - Sending...
2025-10-15T13:09:19,  - Send response: 
2025-10-15T13:09:19,   - Sync clocks... 
2025-10-15T13:09:19,  - Arduino Old Time: 2025-10-15T21:09:19
2025-10-15T13:09:19,  - Arduino New Time: 2025-10-15T21:09:19
2025-10-15T13:09:19, Message sent! Removing /TRANSMIT.csv
2025-10-15T13:09:19, Done loop ...
2025-10-15T13:25:48, Setup Complete
2025-10-15T13:25:50, Data: 2025-10-15T13:25:48,3.64,25631,4483.00,4612.00,4530.50,11.78,67.27,15.99,885.92
2025-10-15T13:25:50, Add row to /TRACKING.csv
2025-10-15T13:25:50, Number of rows in /TRACKING.csv: 1
2025-10-15T13:25:53, Done loop ...
2025-10-15T13:42:37, Setup Complete
2025-10-15T13:42:39, Data: 2025-10-15T13:42:37,3.64,25631,4465.00,4636.00,4507.00,10.28,69.49,15.33,885.92
2025-10-15T13:42:39, Add row to /TRACKING.csv
2025-10-15T13:42:39, Number of rows in /TRACKING.csv: 2
2025-10-15T13:42:42, Done loop ...
2025-10-15T13:59:26, Setup Complete
2025-10-15T13:59:28, Data: 2025-10-15T13:59:26,3.64,25631,4466.00,4521.00,4499.50,9.79,54.03,13.87,885.73
2025-10-15T13:59:28, Add row to /TRACKING.csv
2025-10-15T13:59:28, Number of rows in /TRACKING.csv: 3
2025-10-15T13:59:31, Done loop ...
2025-10-15T14:16:14, Setup Complete
2025-10-15T14:16:17, Data: 2025-10-15T14:16:14,3.64,25631,4425.00,4568.00,4505.50,10.86,64.31,14.20,885.78
2025-10-15T14:16:17, Add row to /TRACKING.csv
2025-10-15T14:16:17, Number of rows in /TRACKING.csv: 4
2025-10-15T14:16:20, Number of rows in /TRACKING.csv is >= 4
2025-10-15T14:16:20, Remove tracking
2025-10-15T14:16:20, Write to /TRANSMIT.csv: 2025-10-15T14:16:14,3.64,4425.00,10.9,64
2025-10-15T14:16:20, Number of rows in /TRANSMIT.csv: 1
2025-10-15T14:16:20, Current hour = 14, Transmission hour = 0
2025-10-15T14:16:20, Current hour = 14, Transmission hour = 1
2025-10-15T14:16:20, Current hour = 14, Transmission hour = 2
2025-10-15T14:16:20, Current hour = 14, Transmission hour = 3
2025-10-15T14:16:20, Current hour = 14, Transmission hour = 4
2025-10-15T14:16:20, Current hour = 14, Transmission hour = 5
2025-10-15T14:16:20, Current hour = 14, Transmission hour = 6
2025-10-15T14:16:20, Current hour = 14, Transmission hour = 7
2025-10-15T14:16:21, Current hour = 14, Transmission hour = 8
2025-10-15T14:16:21, Current hour = 14, Transmission hour = 9
2025-10-15T14:16:21, Current hour = 14, Transmission hour = 10
2025-10-15T14:16:21, Current hour = 14, Transmission hour = 11
2025-10-15T14:16:21, Current hour = 14, Transmission hour = 12
2025-10-15T14:16:21, Current hour = 14, Transmission hour = 13
2025-10-15T14:16:21, Current hour = 14, Transmission hour = 14
2025-10-15T14:16:21, 1514163443+10964
2025-10-15T14:16:23,  - attempt to send message: 1514163443+10964
2025-10-15T14:16:24,  - Modem begin successful
2025-10-15T14:16:24,  - Sending...
2025-10-15T14:17:06,  - Send response: 
2025-10-15T14:17:06,   - Sync clocks... 
2025-10-15T14:17:06,  - Arduino Old Time: 2025-10-15T22:17:06
2025-10-15T14:17:06,  - Arduino New Time: 2025-10-15T22:17:06
2025-10-15T14:17:07, Message sent! Removing /TRANSMIT.csv
2025-10-15T14:17:07, Done loop ...
2025-10-15T14:33:03, Setup Complete
2025-10-15T14:33:05, Data: 2025-10-15T14:33:03,3.64,25631,4464.00,4984.00,4532.50,10.21,65.80,14.09,885.97
2025-10-15T14:33:05, Add row to /TRACKING.csv
2025-10-15T14:33:05, Number of rows in /TRACKING.csv: 1
2025-10-15T14:33:08, Done loop ...
2025-10-15T14:49:52, Setup Complete
2025-10-15T14:49:54, Data: 2025-10-15T14:49:52,3.63,25631,4371.00,4583.00,4512.50,10.22,63.67,13.64,885.95
2025-10-15T14:49:54, Add row to /TRACKING.csv
2025-10-15T14:49:54, Number of rows in /TRACKING.csv: 2
2025-10-15T14:49:57, Done loop ...
2025-10-15T15:06:40, Setup Complete
2025-10-15T15:06:43, Data: 2025-10-15T15:06:40,3.64,25631,4457.00,4511.00,4484.50,10.97,53.32,13.87,885.72
2025-10-15T15:06:43, Add row to /TRACKING.csv
2025-10-15T15:06:43, Number of rows in /TRACKING.csv: 3
2025-10-15T15:06:46, Done loop ...
2025-10-15T15:23:29, Setup Complete
2025-10-15T15:23:31, Data: 2025-10-15T15:23:29,3.63,25631,4440.00,4588.00,4484.50,10.46,61.67,13.49,885.69
2025-10-15T15:23:31, Add row to /TRACKING.csv
2025-10-15T15:23:31, Number of rows in /TRACKING.csv: 4
2025-10-15T15:23:35, Number of rows in /TRACKING.csv is >= 4
2025-10-15T15:23:35, Remove tracking
2025-10-15T15:23:35, Write to /TRANSMIT.csv: 2025-10-15T15:23:29,3.63,4440.00,10.5,62
2025-10-15T15:23:35, Number of rows in /TRANSMIT.csv: 1
2025-10-15T15:23:35, Current hour = 15, Transmission hour = 0
2025-10-15T15:23:35, Current hour = 15, Transmission hour = 1
2025-10-15T15:23:35, Current hour = 15, Transmission hour = 2
2025-10-15T15:23:35, Current hour = 15, Transmission hour = 3
2025-10-15T15:23:35, Current hour = 15, Transmission hour = 4
2025-10-15T15:23:35, Current hour = 15, Transmission hour = 5
2025-10-15T15:23:35, Current hour = 15, Transmission hour = 6
2025-10-15T15:23:35, Current hour = 15, Transmission hour = 7
2025-10-15T15:23:35, Current hour = 15, Transmission hour = 8
2025-10-15T15:23:35, Current hour = 15, Transmission hour = 9
2025-10-15T15:23:35, Current hour = 15, Transmission hour = 10
2025-10-15T15:23:35, Current hour = 15, Transmission hour = 11
2025-10-15T15:23:35, Current hour = 15, Transmission hour = 12
2025-10-15T15:23:35, Current hour = 15, Transmission hour = 13
2025-10-15T15:23:35, Current hour = 15, Transmission hour = 14
2025-10-15T15:23:36, Current hour = 15, Transmission hour = 15
2025-10-15T15:23:36, 1515233444+10562
2025-10-15T15:23:38,  - attempt to send message: 1515233444+10562
2025-10-15T15:23:38,  - Modem begin successful
2025-10-15T15:23:38,  - Sending...
2025-10-15T15:26:51,  - Send response: 
2025-10-15T15:26:51,   - Sync clocks... 
2025-10-15T15:26:51,  - Arduino Old Time: 2025-10-15T23:26:51
2025-10-15T15:26:51,  - Arduino New Time: 2025-10-15T23:26:51
2025-10-15T15:26:51, Message sent! Removing /TRANSMIT.csv
2025-10-15T15:26:51, Done loop ...
2025-10-15T15:40:17, Setup Complete
2025-10-15T15:40:19, Data: 2025-10-15T15:40:17,3.64,25631,4464.00,4654.00,4482.00,9.70,67.72,12.74,885.61
2025-10-15T15:40:19, Add row to /TRACKING.csv
2025-10-15T15:40:19, Number of rows in /TRACKING.csv: 1
2025-10-15T15:40:21, Done loop ...
2025-10-15T15:57:05, Setup Complete
2025-10-15T15:57:07, Data: 2025-10-15T15:57:05,3.63,25631,4445.00,4534.00,4457.50,8.26,73.60,10.98,885.65
2025-10-15T15:57:08, Add row to /TRACKING.csv
2025-10-15T15:57:08, Number of rows in /TRACKING.csv: 2
2025-10-15T15:57:10, Done loop ...
2025-10-15T16:13:54, Setup Complete
2025-10-15T16:13:56, Data: 2025-10-15T16:13:54,3.64,25631,4450.00,4480.00,4463.50,8.02,73.45,10.05,885.54
2025-10-15T16:13:56, Add row to /TRACKING.csv
2025-10-15T16:13:56, Number of rows in /TRACKING.csv: 3
2025-10-15T16:13:59, Done loop ...
2025-10-15T16:30:42, Setup Complete
2025-10-15T16:30:44, Data: 2025-10-15T16:30:42,3.63,25631,4440.00,4460.00,4453.50,7.50,74.76,8.75,885.50
2025-10-15T16:30:44, Add row to /TRACKING.csv
2025-10-15T16:30:45, Number of rows in /TRACKING.csv: 4
2025-10-15T16:30:48, Number of rows in /TRACKING.csv is >= 4
2025-10-15T16:30:48, Remove tracking
2025-10-15T16:30:48, Write to /TRANSMIT.csv: 2025-10-15T16:30:42,3.63,4440.00,7.5,75
2025-10-15T16:30:48, Number of rows in /TRANSMIT.csv: 1
2025-10-15T16:30:48, Current hour = 16, Transmission hour = 0
2025-10-15T16:30:48, Current hour = 16, Transmission hour = 1
2025-10-15T16:30:48, Current hour = 16, Transmission hour = 2
2025-10-15T16:30:48, Current hour = 16, Transmission hour = 3
2025-10-15T16:30:48, Current hour = 16, Transmission hour = 4
2025-10-15T16:30:48, Current hour = 16, Transmission hour = 5
2025-10-15T16:30:48, Current hour = 16, Transmission hour = 6
2025-10-15T16:30:48, Current hour = 16, Transmission hour = 7
2025-10-15T16:30:48, Current hour = 16, Transmission hour = 8
2025-10-15T16:30:48, Current hour = 16, Transmission hour = 9
2025-10-15T16:30:48, Current hour = 16, Transmission hour = 10
2025-10-15T16:30:49, Current hour = 16, Transmission hour = 11
2025-10-15T16:30:49, Current hour = 16, Transmission hour = 12
2025-10-15T16:30:49, Current hour = 16, Transmission hour = 13
2025-10-15T16:30:49, Current hour = 16, Transmission hour = 14
2025-10-15T16:30:49, Current hour = 16, Transmission hour = 15
2025-10-15T16:30:49, Current hour = 16, Transmission hour = 16
2025-10-15T16:30:49, 1516303444+07575
2025-10-15T16:30:51,  - attempt to send message: 1516303444+07575
2025-10-15T16:30:52,  - Modem begin successful
2025-10-15T16:30:52,  - Sending...
2025-10-15T16:30:58,  - Send response: 
2025-10-15T16:30:58,   - Sync clocks... 
2025-10-15T16:30:58,  - Arduino Old Time: 2025-10-16T00:30:58
2025-10-15T16:30:58,  - Arduino New Time: 2025-10-16T00:30:58
2025-10-15T16:30:58, Message sent! Removing /TRANSMIT.csv
2025-10-15T16:30:58, Done loop ...
2025-10-15T16:47:31, Setup Complete
2025-10-15T16:47:33, Data: 2025-10-15T16:47:31,3.64,25631,4436.00,4452.00,4445.00,6.95,74.78,7.90,885.29
2025-10-15T16:47:33, Add row to /TRACKING.csv
2025-10-15T16:47:33, Number of rows in /TRACKING.csv: 1
2025-10-15T16:47:35, Done loop ...
2025-10-15T17:04:19, Setup Complete
2025-10-15T17:04:21, Data: 2025-10-15T17:04:19,3.63,25631,4431.00,4985.00,4445.00,6.66,75.27,7.31,885.30
2025-10-15T17:04:21, Add row to /TRACKING.csv
2025-10-15T17:04:21, Number of rows in /TRACKING.csv: 2
2025-10-15T17:04:24, Done loop ...
2025-10-15T17:21:07, Setup Complete
2025-10-15T17:21:09, Data: 2025-10-15T17:21:07,3.63,25631,4423.00,4445.00,4431.00,6.74,72.96,6.82,885.33
2025-10-15T17:21:09, Add row to /TRACKING.csv
2025-10-15T17:21:10, Number of rows in /TRACKING.csv: 3
2025-10-15T17:21:12, Done loop ...
2025-10-15T17:37:55, Setup Complete
2025-10-15T17:37:58, Data: 2025-10-15T17:37:55,3.63,25631,4440.00,4986.00,4560.00,6.28,75.10,6.14,885.33
2025-10-15T17:37:58, Add row to /TRACKING.csv
2025-10-15T17:37:58, Number of rows in /TRACKING.csv: 4
2025-10-15T17:38:01, Number of rows in /TRACKING.csv is >= 4
2025-10-15T17:38:01, Remove tracking
2025-10-15T17:38:01, Write to /TRANSMIT.csv: 2025-10-15T17:37:55,3.63,4440.00,6.3,75
2025-10-15T17:38:01, Number of rows in /TRANSMIT.csv: 1
2025-10-15T17:38:01, Current hour = 17, Transmission hour = 0
2025-10-15T17:38:01, Current hour = 17, Transmission hour = 1
2025-10-15T17:38:01, Current hour = 17, Transmission hour = 2
2025-10-15T17:38:01, Current hour = 17, Transmission hour = 3
2025-10-15T17:38:01, Current hour = 17, Transmission hour = 4
2025-10-15T17:38:02, Current hour = 17, Transmission hour = 5
2025-10-15T17:38:02, Current hour = 17, Transmission hour = 6
2025-10-15T17:38:02, Current hour = 17, Transmission hour = 7
2025-10-15T17:38:02, Current hour = 17, Transmission hour = 8
2025-10-15T17:38:02, Current hour = 17, Transmission hour = 9
2025-10-15T17:38:02, Current hour = 17, Transmission hour = 10
2025-10-15T17:38:02, Current hour = 17, Transmission hour = 11
2025-10-15T17:38:02, Current hour = 17, Transmission hour = 12
2025-10-15T17:38:02, Current hour = 17, Transmission hour = 13
2025-10-15T17:38:02, Current hour = 17, Transmission hour = 14
2025-10-15T17:38:02, Current hour = 17, Transmission hour = 15
2025-10-15T17:38:02, Current hour = 17, Transmission hour = 16
2025-10-15T17:38:02, Current hour = 17, Transmission hour = 17
2025-10-15T17:38:02, 1517373444+06375
2025-10-15T17:38:04,  - attempt to send message: 1517373444+06375
2025-10-15T17:38:05,  - Modem begin successful
2025-10-15T17:38:05,  - Sending...
2025-10-15T17:39:36,  - Send response: 
2025-10-15T17:39:36,   - Sync clocks... 
2025-10-15T17:39:36,  - Arduino Old Time: 2025-10-16T01:39:36
2025-10-15T17:39:36,  - Arduino New Time: 2025-10-16T01:39:36
2025-10-15T17:39:36, Message sent! Removing /TRANSMIT.csv
2025-10-15T17:39:36, Done loop ...
2025-10-15T17:54:44, Setup Complete
2025-10-15T17:54:46, Data: 2025-10-15T17:54:44,3.64,25631,4417.00,4574.00,4467.50,6.39,74.57,5.94,885.47
2025-10-15T17:54:46, Add row to /TRACKING.csv
2025-10-15T17:54:46, Number of rows in /TRACKING.csv: 1
2025-10-15T17:54:48, Done loop ...
2025-10-15T18:11:32, Setup Complete
2025-10-15T18:11:34, Data: 2025-10-15T18:11:32,3.63,25631,4423.00,4556.00,4451.00,6.15,75.65,5.63,885.20
2025-10-15T18:11:34, Add row to /TRACKING.csv
2025-10-15T18:11:34, Number of rows in /TRACKING.csv: 2
2025-10-15T18:11:37, Done loop ...
2025-10-15T18:28:20, Setup Complete
2025-10-15T18:28:22, Data: 2025-10-15T18:28:20,3.63,25631,4448.00,4988.00,4520.00,6.06,76.95,5.51,884.58
2025-10-15T18:28:22, Add row to /TRACKING.csv
2025-10-15T18:28:22, Number of rows in /TRACKING.csv: 3
2025-10-15T18:28:25, Done loop ...
2025-10-15T18:45:08, Setup Complete
2025-10-15T18:45:10, Data: 2025-10-15T18:45:08,3.63,25631,4411.00,4436.00,4424.00,5.81,78.89,5.43,884.58
2025-10-15T18:45:10, Add row to /TRACKING.csv
2025-10-15T18:45:11, Number of rows in /TRACKING.csv: 4
2025-10-15T18:45:14, Number of rows in /TRACKING.csv is >= 4
2025-10-15T18:45:14, Remove tracking
2025-10-15T18:45:14, Write to /TRANSMIT.csv: 2025-10-15T18:45:08,3.63,4411.00,5.8,79
2025-10-15T18:45:14, Number of rows in /TRANSMIT.csv: 1
2025-10-15T18:45:14, Current hour = 18, Transmission hour = 0
2025-10-15T18:45:14, Current hour = 18, Transmission hour = 1
2025-10-15T18:45:14, Current hour = 18, Transmission hour = 2
2025-10-15T18:45:14, Current hour = 18, Transmission hour = 3
2025-10-15T18:45:14, Current hour = 18, Transmission hour = 4
2025-10-15T18:45:14, Current hour = 18, Transmission hour = 5
2025-10-15T18:45:14, Current hour = 18, Transmission hour = 6
2025-10-15T18:45:14, Current hour = 18, Transmission hour = 7
2025-10-15T18:45:14, Current hour = 18, Transmission hour = 8
2025-10-15T18:45:14, Current hour = 18, Transmission hour = 9
2025-10-15T18:45:14, Current hour = 18, Transmission hour = 10
2025-10-15T18:45:15, Current hour = 18, Transmission hour = 11
2025-10-15T18:45:15, Current hour = 18, Transmission hour = 12
2025-10-15T18:45:15, Current hour = 18, Transmission hour = 13
2025-10-15T18:45:15, Current hour = 18, Transmission hour = 14
2025-10-15T18:45:15, Current hour = 18, Transmission hour = 15
2025-10-15T18:45:15, Current hour = 18, Transmission hour = 16
2025-10-15T18:45:15, Current hour = 18, Transmission hour = 17
2025-10-15T18:45:15, Current hour = 18, Transmission hour = 18
2025-10-15T18:45:15, 1518453441+05879
2025-10-15T18:45:17,  - attempt to send message: 1518453441+05879
2025-10-15T18:45:18,  - Modem begin successful
2025-10-15T18:45:18,  - Sending...
2025-10-15T18:45:21,  - Send response: 
2025-10-15T18:45:21,   - Sync clocks... 
2025-10-15T18:45:21,  - Arduino Old Time: 2025-10-16T02:45:21
2025-10-15T18:45:20,  - Arduino New Time: 2025-10-16T02:45:20
2025-10-15T18:45:20, Message sent! Removing /TRANSMIT.csv
2025-10-15T18:45:20, Done loop ...
2025-10-15T19:01:55, Setup Complete
2025-10-15T19:01:58, Data: 2025-10-15T19:01:55,3.63,25631,4393.00,4466.00,4423.50,5.71,78.90,5.27,884.54
2025-10-15T19:01:58, Add row to /TRACKING.csv
2025-10-15T19:01:58, Number of rows in /TRACKING.csv: 1
2025-10-15T19:02:00, Done loop ...
2025-10-15T19:18:44, Setup Complete
2025-10-15T19:18:46, Data: 2025-10-15T19:18:44,3.63,25631,4435.00,4640.00,4579.50,5.58,80.52,5.19,884.43
2025-10-15T19:18:46, Add row to /TRACKING.csv
2025-10-15T19:18:46, Number of rows in /TRACKING.csv: 2
2025-10-15T19:18:49, Done loop ...
2025-10-15T19:35:32, Setup Complete
2025-10-15T19:35:34, Data: 2025-10-15T19:35:32,3.63,25631,4402.00,4432.00,4427.50,6.54,75.61,5.69,884.24
2025-10-15T19:35:34, Add row to /TRACKING.csv
2025-10-15T19:35:34, Number of rows in /TRACKING.csv: 3
2025-10-15T19:35:37, Done loop ...
2025-10-15T19:52:20, Setup Complete
2025-10-15T19:52:22, Data: 2025-10-15T19:52:20,3.63,25631,4406.00,4458.00,4434.00,6.47,75.12,5.88,883.98
2025-10-15T19:52:22, Add row to /TRACKING.csv
2025-10-15T19:52:22, Number of rows in /TRACKING.csv: 4
2025-10-15T19:52:25, Number of rows in /TRACKING.csv is >= 4
2025-10-15T19:52:26, Remove tracking
2025-10-15T19:52:26, Write to /TRANSMIT.csv: 2025-10-15T19:52:20,3.63,4406.00,6.5,75
2025-10-15T19:52:26, Number of rows in /TRANSMIT.csv: 1
2025-10-15T19:52:26, Current hour = 19, Transmission hour = 0
2025-10-15T19:52:26, Current hour = 19, Transmission hour = 1
2025-10-15T19:52:26, Current hour = 19, Transmission hour = 2
2025-10-15T19:52:26, Current hour = 19, Transmission hour = 3
2025-10-15T19:52:26, Current hour = 19, Transmission hour = 4
2025-10-15T19:52:26, Current hour = 19, Transmission hour = 5
2025-10-15T19:52:26, Current hour = 19, Transmission hour = 6
2025-10-15T19:52:26, Current hour = 19, Transmission hour = 7
2025-10-15T19:52:26, Current hour = 19, Transmission hour = 8
2025-10-15T19:52:26, Current hour = 19, Transmission hour = 9
2025-10-15T19:52:26, Current hour = 19, Transmission hour = 10
2025-10-15T19:52:26, Current hour = 19, Transmission hour = 11
2025-10-15T19:52:26, Current hour = 19, Transmission hour = 12
2025-10-15T19:52:26, Current hour = 19, Transmission hour = 13
2025-10-15T19:52:26, Current hour = 19, Transmission hour = 14
2025-10-15T19:52:26, Current hour = 19, Transmission hour = 15
2025-10-15T19:52:26, Current hour = 19, Transmission hour = 16
2025-10-15T19:52:26, Current hour = 19, Transmission hour = 17
2025-10-15T19:52:26, Current hour = 19, Transmission hour = 18
2025-10-15T19:52:26, Current hour = 19, Transmission hour = 19
2025-10-15T19:52:27, 1519523441+06575
2025-10-15T19:52:29,  - attempt to send message: 1519523441+06575
2025-10-15T19:52:29,  - Modem begin successful
2025-10-15T19:52:29,  - Sending...
2025-10-15T19:52:34,  - Send response: 
2025-10-15T19:52:34,   - Sync clocks... 
2025-10-15T19:52:34,  - Arduino Old Time: 2025-10-16T03:52:34
2025-10-15T19:52:34,  - Arduino New Time: 2025-10-16T03:52:34
2025-10-15T19:52:34, Message sent! Removing /TRANSMIT.csv
2025-10-15T19:52:34, Done loop ...
2025-10-15T20:09:08, Setup Complete
2025-10-15T20:09:10, Data: 2025-10-15T20:09:08,3.64,25631,4415.00,4445.00,4422.00,6.61,74.74,6.01,883.94
2025-10-15T20:09:10, Add row to /TRACKING.csv
2025-10-15T20:09:10, Number of rows in /TRACKING.csv: 1
2025-10-15T20:09:13, Done loop ...
2025-10-15T20:25:56, Setup Complete
2025-10-15T20:25:58, Data: 2025-10-15T20:25:56,3.63,25631,4422.00,4442.00,4427.00,6.40,76.82,5.93,883.96
2025-10-15T20:25:58, Add row to /TRACKING.csv
2025-10-15T20:25:59, Number of rows in /TRACKING.csv: 2
2025-10-15T20:26:01, Done loop ...
2025-10-15T20:42:44, Setup Complete
2025-10-15T20:42:47, Data: 2025-10-15T20:42:44,3.63,25631,4422.00,4458.00,4441.50,5.98,80.03,5.84,883.92
2025-10-15T20:42:47, Add row to /TRACKING.csv
2025-10-15T20:42:47, Number of rows in /TRACKING.csv: 3
2025-10-15T20:42:50, Done loop ...
2025-10-15T20:59:33, Setup Complete
2025-10-15T20:59:35, Data: 2025-10-15T20:59:33,3.63,25631,4423.00,4462.00,4441.50,6.04,80.65,5.71,883.71
2025-10-15T20:59:35, Add row to /TRACKING.csv
2025-10-15T20:59:35, Number of rows in /TRACKING.csv: 4
2025-10-15T20:59:38, Number of rows in /TRACKING.csv is >= 4
2025-10-15T20:59:38, Remove tracking
2025-10-15T20:59:38, Write to /TRANSMIT.csv: 2025-10-15T20:59:33,3.63,4423.00,6.0,81
2025-10-15T20:59:38, Number of rows in /TRANSMIT.csv: 1
2025-10-15T20:59:38, Current hour = 20, Transmission hour = 0
2025-10-15T20:59:39, Current hour = 20, Transmission hour = 1
2025-10-15T20:59:39, Current hour = 20, Transmission hour = 2
2025-10-15T20:59:39, Current hour = 20, Transmission hour = 3
2025-10-15T20:59:39, Current hour = 20, Transmission hour = 4
2025-10-15T20:59:39, Current hour = 20, Transmission hour = 5
2025-10-15T20:59:39, Current hour = 20, Transmission hour = 6
2025-10-15T20:59:39, Current hour = 20, Transmission hour = 7
2025-10-15T20:59:39, Current hour = 20, Transmission hour = 8
2025-10-15T20:59:39, Current hour = 20, Transmission hour = 9
2025-10-15T20:59:39, Current hour = 20, Transmission hour = 10
2025-10-15T20:59:39, Current hour = 20, Transmission hour = 11
2025-10-15T20:59:39, Current hour = 20, Transmission hour = 12
2025-10-15T20:59:39, Current hour = 20, Transmission hour = 13
2025-10-15T20:59:39, Current hour = 20, Transmission hour = 14
2025-10-15T20:59:39, Current hour = 20, Transmission hour = 15
2025-10-15T20:59:39, Current hour = 20, Transmission hour = 16
2025-10-15T20:59:39, Current hour = 20, Transmission hour = 17
2025-10-15T20:59:39, Current hour = 20, Transmission hour = 18
2025-10-15T20:59:39, Current hour = 20, Transmission hour = 19
2025-10-15T20:59:39, Current hour = 20, Transmission hour = 20
2025-10-15T20:59:39, 1520593442+06081
2025-10-15T20:59:41,  - attempt to send message: 1520593442+06081
2025-10-15T20:59:42,  - Modem begin successful
2025-10-15T20:59:42,  - Sending...
2025-10-15T20:59:46,  - Send response: 
2025-10-15T20:59:46,   - Sync clocks... 
2025-10-15T20:59:47,  - Arduino Old Time: 2025-10-16T04:59:47
2025-10-15T20:59:46,  - Arduino New Time: 2025-10-16T04:59:46
2025-10-15T20:59:46, Message sent! Removing /TRANSMIT.csv
2025-10-15T20:59:46, Done loop ...
2025-10-15T21:16:20, Setup Complete
2025-10-15T21:16:22, Data: 2025-10-15T21:16:20,3.64,25631,4415.00,4458.00,4423.00,5.90,81.01,5.70,883.52
2025-10-15T21:16:22, Add row to /TRACKING.csv
2025-10-15T21:16:22, Number of rows in /TRACKING.csv: 1
2025-10-15T21:16:25, Done loop ...
2025-10-15T21:33:08, Setup Complete
2025-10-15T21:33:10, Data: 2025-10-15T21:33:08,3.64,25631,4400.00,4429.00,4419.00,5.93,81.08,5.64,883.23
2025-10-15T21:33:10, Add row to /TRACKING.csv
2025-10-15T21:33:10, Number of rows in /TRACKING.csv: 2
2025-10-15T21:33:13, Done loop ...
2025-10-15T21:49:56, Setup Complete
2025-10-15T21:49:58, Data: 2025-10-15T21:49:56,3.63,25631,4407.00,4448.00,4425.00,5.84,82.37,5.68,883.24
2025-10-15T21:49:58, Add row to /TRACKING.csv
2025-10-15T21:49:58, Number of rows in /TRACKING.csv: 3
2025-10-15T21:50:01, Done loop ...
2025-10-15T22:06:44, Setup Complete
2025-10-15T22:06:46, Data: 2025-10-15T22:06:44,3.63,25631,4408.00,4435.00,4423.50,5.93,79.96,5.73,882.99
2025-10-15T22:06:46, Add row to /TRACKING.csv
2025-10-15T22:06:47, Number of rows in /TRACKING.csv: 4
2025-10-15T22:06:50, Number of rows in /TRACKING.csv is >= 4
2025-10-15T22:06:50, Remove tracking
2025-10-15T22:06:50, Write to /TRANSMIT.csv: 2025-10-15T22:06:44,3.63,4408.00,5.9,80
2025-10-15T22:06:50, Number of rows in /TRANSMIT.csv: 1
2025-10-15T22:06:50, Current hour = 22, Transmission hour = 0
2025-10-15T22:06:50, Current hour = 22, Transmission hour = 1
2025-10-15T22:06:50, Current hour = 22, Transmission hour = 2
2025-10-15T22:06:50, Current hour = 22, Transmission hour = 3
2025-10-15T22:06:50, Current hour = 22, Transmission hour = 4
2025-10-15T22:06:50, Current hour = 22, Transmission hour = 5
2025-10-15T22:06:50, Current hour = 22, Transmission hour = 6
2025-10-15T22:06:50, Current hour = 22, Transmission hour = 7
2025-10-15T22:06:50, Current hour = 22, Transmission hour = 8
2025-10-15T22:06:51, Current hour = 22, Transmission hour = 9
2025-10-15T22:06:51, Current hour = 22, Transmission hour = 10
2025-10-15T22:06:51, Current hour = 22, Transmission hour = 11
2025-10-15T22:06:51, Current hour = 22, Transmission hour = 12
2025-10-15T22:06:51, Current hour = 22, Transmission hour = 13
2025-10-15T22:06:51, Current hour = 22, Transmission hour = 14
2025-10-15T22:06:51, Current hour = 22, Transmission hour = 15
2025-10-15T22:06:51, Current hour = 22, Transmission hour = 16
2025-10-15T22:06:51, Current hour = 22, Transmission hour = 17
2025-10-15T22:06:51, Current hour = 22, Transmission hour = 18
2025-10-15T22:06:51, Current hour = 22, Transmission hour = 19
2025-10-15T22:06:51, Current hour = 22, Transmission hour = 20
2025-10-15T22:06:51, Current hour = 22, Transmission hour = 21
2025-10-15T22:06:51, Current hour = 22, Transmission hour = 22
2025-10-15T22:06:51, 1522063441+05980
2025-10-15T22:06:53,  - attempt to send message: 1522063441+05980
2025-10-15T22:06:54,  - Modem begin successful
2025-10-15T22:06:54,  - Sending...
2025-10-15T22:07:03,  - Send response: 
2025-10-15T22:07:03,   - Sync clocks... 
2025-10-15T22:07:03,  - Arduino Old Time: 2025-10-16T06:07:03
2025-10-15T22:07:04,  - Arduino New Time: 2025-10-16T06:07:04
2025-10-15T22:07:04, Message sent! Removing /TRANSMIT.csv
2025-10-15T22:07:04, Done loop ...
2025-10-15T22:23:33, Setup Complete
2025-10-15T22:23:36, Data: 2025-10-15T22:23:33,3.63,25631,4417.00,4437.00,4431.00,5.99,80.50,5.84,882.65
2025-10-15T22:23:36, Add row to /TRACKING.csv
2025-10-15T22:23:36, Number of rows in /TRACKING.csv: 1
2025-10-15T22:23:38, Done loop ...
2025-10-15T22:40:22, Setup Complete
2025-10-15T22:40:24, Data: 2025-10-15T22:40:22,3.63,25631,4413.00,4473.00,4444.50,6.18,74.56,5.78,882.28
2025-10-15T22:40:24, Add row to /TRACKING.csv
2025-10-15T22:40:24, Number of rows in /TRACKING.csv: 2
2025-10-15T22:40:27, Done loop ...
2025-10-15T22:57:10, Setup Complete
2025-10-15T22:57:12, Data: 2025-10-15T22:57:10,3.63,25631,4413.00,4437.00,4426.00,5.85,78.81,5.71,882.15
2025-10-15T22:57:12, Add row to /TRACKING.csv
2025-10-15T22:57:12, Number of rows in /TRACKING.csv: 3
2025-10-15T22:57:15, Done loop ...
2025-10-15T23:13:58, Setup Complete
2025-10-15T23:14:00, Data: 2025-10-15T23:13:58,3.63,25631,4408.00,4447.00,4429.00,5.61,80.52,5.51,881.94
2025-10-15T23:14:00, Add row to /TRACKING.csv
2025-10-15T23:14:00, Number of rows in /TRACKING.csv: 4
2025-10-15T23:14:04, Number of rows in /TRACKING.csv is >= 4
2025-10-15T23:14:04, Remove tracking
2025-10-15T23:14:04, Write to /TRANSMIT.csv: 2025-10-15T23:13:58,3.63,4408.00,5.6,81
2025-10-15T23:14:04, Number of rows in /TRANSMIT.csv: 1
2025-10-15T23:14:04, Current hour = 23, Transmission hour = 0
2025-10-15T23:14:04, Current hour = 23, Transmission hour = 1
2025-10-15T23:14:04, Current hour = 23, Transmission hour = 2
2025-10-15T23:14:04, Current hour = 23, Transmission hour = 3
2025-10-15T23:14:04, Current hour = 23, Transmission hour = 4
2025-10-15T23:14:04, Current hour = 23, Transmission hour = 5
2025-10-15T23:14:04, Current hour = 23, Transmission hour = 6
2025-10-15T23:14:04, Current hour = 23, Transmission hour = 7
2025-10-15T23:14:04, Current hour = 23, Transmission hour = 8
2025-10-15T23:14:04, Current hour = 23, Transmission hour = 9
2025-10-15T23:14:04, Current hour = 23, Transmission hour = 10
2025-10-15T23:14:04, Current hour = 23, Transmission hour = 11
2025-10-15T23:14:04, Current hour = 23, Transmission hour = 12
2025-10-15T23:14:04, Current hour = 23, Transmission hour = 13
2025-10-15T23:14:04, Current hour = 23, Transmission hour = 14
2025-10-15T23:14:04, Current hour = 23, Transmission hour = 15
2025-10-15T23:14:04, Current hour = 23, Transmission hour = 16
2025-10-15T23:14:05, Current hour = 23, Transmission hour = 17
2025-10-15T23:14:05, Current hour = 23, Transmission hour = 18
2025-10-15T23:14:05, Current hour = 23, Transmission hour = 19
2025-10-15T23:14:05, Current hour = 23, Transmission hour = 20
2025-10-15T23:14:05, Current hour = 23, Transmission hour = 21
2025-10-15T23:14:05, Current hour = 23, Transmission hour = 22
2025-10-15T23:14:05, Current hour = 23, Transmission hour = 23
2025-10-15T23:14:05, 1523133441+05681
2025-10-15T23:14:07,  - attempt to send message: 1523133441+05681
2025-10-15T23:14:08,  - Modem begin successful
2025-10-15T23:14:08,  - Sending...
2025-10-15T23:15:10,  - Send response: 
2025-10-15T23:15:10,   - Sync clocks... 
2025-10-15T23:15:10,  - Arduino Old Time: 2025-10-16T07:15:10
2025-10-15T23:15:09,  - Arduino New Time: 2025-10-16T07:15:09
2025-10-15T23:15:09, Message sent! Removing /TRANSMIT.csv
2025-10-15T23:15:09, Done loop ...
2025-10-15T23:30:45, Setup Complete
2025-10-15T23:30:47, Data: 2025-10-15T23:30:45,3.63,25631,4418.00,4443.00,4427.00,5.57,79.20,5.47,881.73
2025-10-15T23:30:47, Add row to /TRACKING.csv
2025-10-15T23:30:48, Number of rows in /TRACKING.csv: 1
2025-10-15T23:30:50, Done loop ...
2025-10-15T23:47:33, Setup Complete
2025-10-15T23:47:35, Data: 2025-10-15T23:47:33,3.63,25631,4407.00,4466.00,4418.50,5.49,79.20,5.37,881.71
2025-10-15T23:47:36, Add row to /TRACKING.csv
2025-10-15T23:47:36, Number of rows in /TRACKING.csv: 2
2025-10-15T23:47:38, Done loop ...
2025-10-16T00:04:22, Setup Complete
2025-10-16T00:04:24, Data: 2025-10-16T00:04:22,3.63,25631,4430.00,4467.00,4445.50,4.88,85.42,5.14,881.50
2025-10-16T00:04:24, Add row to /TRACKING.csv
2025-10-16T00:04:24, Number of rows in /TRACKING.csv: 3
2025-10-16T00:04:27, Done loop ...
2025-10-16T00:21:10, Setup Complete
2025-10-16T00:21:12, Data: 2025-10-16T00:21:10,3.63,25631,4411.00,4443.00,4426.00,4.94,82.79,4.97,881.32
2025-10-16T00:21:12, Add row to /TRACKING.csv
2025-10-16T00:21:12, Number of rows in /TRACKING.csv: 4
2025-10-16T00:21:15, Number of rows in /TRACKING.csv is >= 4
2025-10-16T00:21:15, Remove tracking
2025-10-16T00:21:15, Write to /TRANSMIT.csv: 2025-10-16T00:21:10,3.63,4411.00,4.9,83
2025-10-16T00:21:15, Number of rows in /TRANSMIT.csv: 1
2025-10-16T00:21:16, Current hour = 0, Transmission hour = 0
2025-10-16T00:21:16, 1600213441+04983
2025-10-16T00:21:18,  - attempt to send message: 1600213441+04983
2025-10-16T00:21:18,  - Modem begin successful
2025-10-16T00:21:18,  - Sending...
2025-10-16T00:21:30,  - Send response: 
2025-10-16T00:21:30,   - Sync clocks... 
2025-10-16T00:21:30,  - Arduino Old Time: 2025-10-16T08:21:30
2025-10-16T00:21:30,  - Arduino New Time: 2025-10-16T08:21:30
2025-10-16T00:21:30, Message sent! Removing /TRANSMIT.csv
2025-10-16T00:21:30, Done loop ...
2025-10-16T00:37:58, Setup Complete
2025-10-16T00:38:00, Data: 2025-10-16T00:37:58,3.64,25631,4413.00,4460.00,4437.00,4.71,84.37,4.70,881.07
2025-10-16T00:38:00, Add row to /TRACKING.csv
2025-10-16T00:38:00, Number of rows in /TRACKING.csv: 1
2025-10-16T00:38:03, Done loop ...
2025-10-16T00:54:46, Setup Complete
2025-10-16T00:54:48, Data: 2025-10-16T00:54:46,3.63,25631,4420.00,4455.00,4436.00,4.05,86.45,4.20,880.84
2025-10-16T00:54:48, Add row to /TRACKING.csv
2025-10-16T00:54:48, Number of rows in /TRACKING.csv: 2
2025-10-16T00:54:51, Done loop ...
2025-10-16T01:11:34, Setup Complete
2025-10-16T01:11:36, Data: 2025-10-16T01:11:34,3.64,25631,4457.00,4487.00,4472.50,3.88,87.63,3.83,880.40
2025-10-16T01:11:36, Add row to /TRACKING.csv
2025-10-16T01:11:36, Number of rows in /TRACKING.csv: 3
2025-10-16T01:11:39, Done loop ...
2025-10-16T01:28:22, Setup Complete
2025-10-16T01:28:24, Data: 2025-10-16T01:28:22,3.63,25631,4375.00,4609.00,4576.00,3.61,89.99,3.57,880.20
2025-10-16T01:28:24, Add row to /TRACKING.csv
2025-10-16T01:28:24, Number of rows in /TRACKING.csv: 4
2025-10-16T01:28:28, Number of rows in /TRACKING.csv is >= 4
2025-10-16T01:28:28, Remove tracking
2025-10-16T01:28:28, Write to /TRANSMIT.csv: 2025-10-16T01:28:22,3.63,4375.00,3.6,90
2025-10-16T01:28:28, Number of rows in /TRANSMIT.csv: 1
2025-10-16T01:28:28, Current hour = 1, Transmission hour = 0
2025-10-16T01:28:28, Current hour = 1, Transmission hour = 1
2025-10-16T01:28:28, 1601283438+03690
2025-10-16T01:28:30,  - attempt to send message: 1601283438+03690
2025-10-16T01:28:31,  - Modem begin successful
2025-10-16T01:28:31,  - Sending...
2025-10-16T01:28:39,  - Send response: 
2025-10-16T01:28:39,   - Sync clocks... 
2025-10-16T01:28:39,  - Arduino Old Time: 2025-10-16T09:28:39
2025-10-16T01:28:39,  - Arduino New Time: 2025-10-16T09:28:39
2025-10-16T01:28:40, Message sent! Removing /TRANSMIT.csv
2025-10-16T01:28:40, Done loop ...
2025-10-16T01:45:10, Setup Complete
2025-10-16T01:45:12, Data: 2025-10-16T01:45:10,3.64,25631,4384.00,4534.00,4489.50,3.63,91.25,3.46,879.95
2025-10-16T01:45:12, Add row to /TRACKING.csv
2025-10-16T01:45:13, Number of rows in /TRACKING.csv: 1
2025-10-16T01:45:15, Done loop ...
2025-10-16T02:01:58, Setup Complete
2025-10-16T02:02:00, Data: 2025-10-16T02:01:58,3.64,25631,4405.00,4497.00,4426.00,3.60,91.94,3.41,879.71
2025-10-16T02:02:00, Add row to /TRACKING.csv
2025-10-16T02:02:01, Number of rows in /TRACKING.csv: 2
2025-10-16T02:02:03, Done loop ...
2025-10-16T02:18:46, Setup Complete
2025-10-16T02:18:48, Data: 2025-10-16T02:18:46,3.64,25631,4470.00,4500.00,4484.50,3.47,93.48,3.39,879.52
2025-10-16T02:18:49, Add row to /TRACKING.csv
2025-10-16T02:18:49, Number of rows in /TRACKING.csv: 3
2025-10-16T02:18:52, Done loop ...
2025-10-16T02:35:34, Setup Complete
2025-10-16T02:35:37, Data: 2025-10-16T02:35:34,3.63,25631,4471.00,4500.00,4491.50,3.36,94.98,3.38,879.77
2025-10-16T02:35:37, Add row to /TRACKING.csv
2025-10-16T02:35:37, Number of rows in /TRACKING.csv: 4
2025-10-16T02:35:40, Number of rows in /TRACKING.csv is >= 4
2025-10-16T02:35:40, Remove tracking
2025-10-16T02:35:40, Write to /TRANSMIT.csv: 2025-10-16T02:35:34,3.63,4471.00,3.4,95
2025-10-16T02:35:40, Number of rows in /TRANSMIT.csv: 1
2025-10-16T02:35:40, Current hour = 2, Transmission hour = 0
2025-10-16T02:35:40, Current hour = 2, Transmission hour = 1
2025-10-16T02:35:40, Current hour = 2, Transmission hour = 2
2025-10-16T02:35:40, 1602353447+03495
2025-10-16T02:35:42,  - attempt to send message: 1602353447+03495
2025-10-16T02:35:43,  - Modem begin successful
2025-10-16T02:35:43,  - Sending...
2025-10-16T02:35:49,  - Send response: 
2025-10-16T02:35:49,   - Sync clocks... 
2025-10-16T02:35:49,  - Arduino Old Time: 2025-10-16T10:35:49
2025-10-16T02:35:48,  - Arduino New Time: 2025-10-16T10:35:48
2025-10-16T02:35:48, Message sent! Removing /TRANSMIT.csv
2025-10-16T02:35:48, Done loop ...
2025-10-16T02:52:21, Setup Complete
2025-10-16T02:52:24, Data: 2025-10-16T02:52:22,3.64,25631,4455.00,4500.00,4490.50,3.53,95.58,3.43,879.46
2025-10-16T02:52:24, Add row to /TRACKING.csv
2025-10-16T02:52:24, Number of rows in /TRACKING.csv: 1
2025-10-16T02:52:26, Done loop ...
2025-10-16T03:09:10, Setup Complete
2025-10-16T03:09:12, Data: 2025-10-16T03:09:10,3.63,25631,4464.00,4503.00,4476.50,3.51,95.08,3.46,879.23
2025-10-16T03:09:12, Add row to /TRACKING.csv
2025-10-16T03:09:12, Number of rows in /TRACKING.csv: 2
2025-10-16T03:09:15, Done loop ...
2025-10-16T03:25:58, Setup Complete
2025-10-16T03:26:00, Data: 2025-10-16T03:25:58,3.63,25631,4483.00,4496.00,4489.50,3.44,95.76,3.46,878.60
2025-10-16T03:26:00, Add row to /TRACKING.csv
2025-10-16T03:26:00, Number of rows in /TRACKING.csv: 3
2025-10-16T03:26:03, Done loop ...
2025-10-16T03:42:46, Setup Complete
2025-10-16T03:42:48, Data: 2025-10-16T03:42:46,3.63,25631,4433.00,4469.00,4464.50,3.41,96.28,3.45,878.26
2025-10-16T03:42:48, Add row to /TRACKING.csv
2025-10-16T03:42:48, Number of rows in /TRACKING.csv: 4
2025-10-16T03:42:51, Number of rows in /TRACKING.csv is >= 4
2025-10-16T03:42:51, Remove tracking
2025-10-16T03:42:51, Write to /TRANSMIT.csv: 2025-10-16T03:42:46,3.63,4433.00,3.4,96
2025-10-16T03:42:52, Number of rows in /TRANSMIT.csv: 1
2025-10-16T03:42:52, Current hour = 3, Transmission hour = 0
2025-10-16T03:42:52, Current hour = 3, Transmission hour = 1
2025-10-16T03:42:52, Current hour = 3, Transmission hour = 2
2025-10-16T03:42:52, Current hour = 3, Transmission hour = 3
2025-10-16T03:42:52, 1603423443+03496
2025-10-16T03:42:54,  - attempt to send message: 1603423443+03496
2025-10-16T03:42:55,  - Modem begin successful
2025-10-16T03:42:55,  - Sending...
2025-10-16T03:43:05,  - Send response: 
2025-10-16T03:43:05,   - Sync clocks... 
2025-10-16T03:43:05,  - Arduino Old Time: 2025-10-16T11:43:05
2025-10-16T03:43:05,  - Arduino New Time: 2025-10-16T11:43:05
2025-10-16T03:43:05, Message sent! Removing /TRANSMIT.csv
2025-10-16T03:43:05, Done loop ...
2025-10-16T03:59:34, Setup Complete
2025-10-16T03:59:36, Data: 2025-10-16T03:59:34,3.64,25631,4387.00,4488.00,4473.50,3.40,96.54,3.46,877.95
2025-10-16T03:59:36, Add row to /TRACKING.csv
2025-10-16T03:59:36, Number of rows in /TRACKING.csv: 1
2025-10-16T03:59:38, Done loop ...
2025-10-16T04:16:22, Setup Complete
2025-10-16T04:16:24, Data: 2025-10-16T04:16:22,3.63,25631,4468.00,4483.00,4477.00,3.36,96.74,3.42,878.00
2025-10-16T04:16:24, Add row to /TRACKING.csv
2025-10-16T04:16:24, Number of rows in /TRACKING.csv: 2
2025-10-16T04:16:27, Done loop ...
2025-10-16T04:33:10, Setup Complete
2025-10-16T04:33:12, Data: 2025-10-16T04:33:10,3.63,25631,4477.00,4494.00,4483.00,3.33,96.88,3.38,877.90
2025-10-16T04:33:12, Add row to /TRACKING.csv
2025-10-16T04:33:12, Number of rows in /TRACKING.csv: 3
2025-10-16T04:33:15, Done loop ...
2025-10-16T04:49:58, Setup Complete
2025-10-16T04:50:00, Data: 2025-10-16T04:49:58,3.63,25631,4438.00,4484.00,4471.00,3.22,97.03,3.33,877.78
2025-10-16T04:50:00, Add row to /TRACKING.csv
2025-10-16T04:50:00, Number of rows in /TRACKING.csv: 4
2025-10-16T04:50:04, Number of rows in /TRACKING.csv is >= 4
2025-10-16T04:50:04, Remove tracking
2025-10-16T04:50:04, Write to /TRANSMIT.csv: 2025-10-16T04:49:58,3.63,4438.00,3.2,97
2025-10-16T04:50:04, Number of rows in /TRANSMIT.csv: 1
2025-10-16T04:50:04, Current hour = 4, Transmission hour = 0
2025-10-16T04:50:04, Current hour = 4, Transmission hour = 1
2025-10-16T04:50:04, Current hour = 4, Transmission hour = 2
2025-10-16T04:50:04, Current hour = 4, Transmission hour = 3
2025-10-16T04:50:04, Current hour = 4, Transmission hour = 4
2025-10-16T04:50:04, 1604493444+03297
2025-10-16T04:50:06,  - attempt to send message: 1604493444+03297
2025-10-16T04:50:07,  - Modem begin successful
2025-10-16T04:50:07,  - Sending...
2025-10-16T04:52:26,  - Send response: 
2025-10-16T04:52:26,   - Sync clocks... 
2025-10-16T04:52:26,  - Arduino Old Time: 2025-10-16T12:52:26
2025-10-16T04:52:25,  - Arduino New Time: 2025-10-16T12:52:25
2025-10-16T04:52:25, Message sent! Removing /TRANSMIT.csv
2025-10-16T04:52:25, Done loop ...
2025-10-16T05:06:45, Setup Complete
2025-10-16T05:06:47, Data: 2025-10-16T05:06:45,3.64,25631,4422.00,4514.00,4475.00,3.03,97.08,3.25,877.48
2025-10-16T05:06:47, Add row to /TRACKING.csv
2025-10-16T05:06:47, Number of rows in /TRACKING.csv: 1
2025-10-16T05:06:50, Done loop ...
2025-10-16T05:23:33, Setup Complete
2025-10-16T05:23:35, Data: 2025-10-16T05:23:33,3.63,25631,4481.00,4492.00,4487.00,2.85,97.16,3.03,877.37
2025-10-16T05:23:35, Add row to /TRACKING.csv
2025-10-16T05:23:35, Number of rows in /TRACKING.csv: 2
2025-10-16T05:23:38, Done loop ...
2025-10-16T05:40:21, Setup Complete
2025-10-16T05:40:23, Data: 2025-10-16T05:40:21,3.63,25631,4479.00,4504.00,4494.00,2.70,97.25,2.88,877.26
2025-10-16T05:40:23, Add row to /TRACKING.csv
2025-10-16T05:40:24, Number of rows in /TRACKING.csv: 3
2025-10-16T05:40:26, Done loop ...
2025-10-16T05:57:09, Setup Complete
2025-10-16T05:57:11, Data: 2025-10-16T05:57:09,3.63,25631,4471.00,4492.00,4483.00,2.47,97.25,2.76,877.06
2025-10-16T05:57:11, Add row to /TRACKING.csv
2025-10-16T05:57:12, Number of rows in /TRACKING.csv: 4
2025-10-16T05:57:15, Number of rows in /TRACKING.csv is >= 4
2025-10-16T05:57:15, Remove tracking
2025-10-16T05:57:15, Write to /TRANSMIT.csv: 2025-10-16T05:57:09,3.63,4471.00,2.5,97
2025-10-16T05:57:15, Number of rows in /TRANSMIT.csv: 1
2025-10-16T05:57:15, Current hour = 5, Transmission hour = 0
2025-10-16T05:57:15, Current hour = 5, Transmission hour = 1
2025-10-16T05:57:15, Current hour = 5, Transmission hour = 2
2025-10-16T05:57:15, Current hour = 5, Transmission hour = 3
2025-10-16T05:57:15, Current hour = 5, Transmission hour = 4
2025-10-16T05:57:15, Current hour = 5, Transmission hour = 5
2025-10-16T05:57:15, 1605573447+02597
2025-10-16T05:57:17,  - attempt to send message: 1605573447+02597
2025-10-16T05:57:18,  - Modem begin successful
2025-10-16T05:57:18,  - Sending...
2025-10-16T06:01:39,  - Send response: 
2025-10-16T06:01:39,   - Sync clocks... 
2025-10-16T06:01:39,  - Arduino Old Time: 2025-10-16T14:01:39
2025-10-16T06:01:39,  - Arduino New Time: 2025-10-16T14:01:39
2025-10-16T06:01:39, Message sent! Removing /TRANSMIT.csv
2025-10-16T06:01:39, Done loop ...
2025-10-16T06:13:57, Setup Complete
2025-10-16T06:13:59, Data: 2025-10-16T06:13:57,3.64,25631,4412.00,4464.00,4456.00,2.30,97.33,2.58,876.66
2025-10-16T06:13:59, Add row to /TRACKING.csv
2025-10-16T06:14:00, Number of rows in /TRACKING.csv: 1
2025-10-16T06:14:02, Done loop ...
2025-10-16T06:30:45, Setup Complete
2025-10-16T06:30:47, Data: 2025-10-16T06:30:45,3.62,25631,4392.00,4474.00,4451.00,2.25,97.40,2.40,876.43
2025-10-16T06:30:47, Add row to /TRACKING.csv
2025-10-16T06:30:48, Number of rows in /TRACKING.csv: 2
2025-10-16T06:30:50, Done loop ...
2025-10-16T06:47:33, Setup Complete
2025-10-16T06:47:35, Data: 2025-10-16T06:47:33,3.63,25631,4459.00,4483.00,4465.00,2.20,97.48,2.28,876.17
2025-10-16T06:47:35, Add row to /TRACKING.csv
2025-10-16T06:47:36, Number of rows in /TRACKING.csv: 3
2025-10-16T06:47:39, Done loop ...
2025-10-16T07:04:21, Setup Complete
2025-10-16T07:04:23, Data: 2025-10-16T07:04:21,3.63,25631,4456.00,4474.00,4467.00,2.23,97.57,2.28,875.90
2025-10-16T07:04:23, Add row to /TRACKING.csv
2025-10-16T07:04:24, Number of rows in /TRACKING.csv: 4
2025-10-16T07:04:27, Number of rows in /TRACKING.csv is >= 4
2025-10-16T07:04:27, Remove tracking
2025-10-16T07:04:27, Write to /TRANSMIT.csv: 2025-10-16T07:04:21,3.63,4456.00,2.2,98
2025-10-16T07:04:27, Number of rows in /TRANSMIT.csv: 1
2025-10-16T07:04:27, Current hour = 7, Transmission hour = 0
2025-10-16T07:04:27, Current hour = 7, Transmission hour = 1
2025-10-16T07:04:27, Current hour = 7, Transmission hour = 2
2025-10-16T07:04:27, Current hour = 7, Transmission hour = 3
2025-10-16T07:04:27, Current hour = 7, Transmission hour = 4
2025-10-16T07:04:27, Current hour = 7, Transmission hour = 5
2025-10-16T07:04:27, Current hour = 7, Transmission hour = 6
2025-10-16T07:04:27, Current hour = 7, Transmission hour = 7
2025-10-16T07:04:28, 1607043446+02298
2025-10-16T07:04:30,  - attempt to send message: 1607043446+02298
2025-10-16T07:04:30,  - Modem begin successful
2025-10-16T07:04:30,  - Sending...
2025-10-16T07:10:11,  response: 
2025-10-16T07:10:11,  - Retry...
2025-10-16T07:10:11,    - Sending...
2025-10-16T07:10:11,    - Send response: 10
2025-10-16T07:10:41,  Sync clocks... 
2025-10-16T07:10:41,  - Clock was not synced
2025-10-16T07:10:41, Transmission failed. Error = 10
2025-10-16T07:10:41, Done loop ...
2025-10-16T07:21:09, Setup Complete
2025-10-16T07:21:11, Data: 2025-10-16T07:21:09,3.64,25631,4413.00,4436.00,4422.50,2.18,97.58,2.33,875.71
2025-10-16T07:21:11, Add row to /TRACKING.csv
2025-10-16T07:21:12, Number of rows in /TRACKING.csv: 1
2025-10-16T07:21:14, Done loop ...
2025-10-16T07:37:57, Setup Complete
2025-10-16T07:37:59, Data: 2025-10-16T07:37:57,3.63,25631,4467.00,4487.00,4477.00,2.30,97.66,2.33,875.63
2025-10-16T07:37:59, Add row to /TRACKING.csv
2025-10-16T07:38:00, Number of rows in /TRACKING.csv: 2
2025-10-16T07:38:02, Done loop ...
2025-10-16T07:54:45, Setup Complete
2025-10-16T07:54:47, Data: 2025-10-16T07:54:45,3.63,25631,4472.00,4480.00,4476.00,2.33,97.69,2.42,875.61
2025-10-16T07:54:47, Add row to /TRACKING.csv
2025-10-16T07:54:48, Number of rows in /TRACKING.csv: 3
2025-10-16T07:54:51, Done loop ...
2025-10-16T08:11:33, Setup Complete
2025-10-16T08:11:35, Data: 2025-10-16T08:11:33,3.63,25631,4486.00,4492.00,4489.00,2.46,97.73,2.64,875.60
2025-10-16T08:11:35, Add row to /TRACKING.csv
2025-10-16T08:11:36, Number of rows in /TRACKING.csv: 4
2025-10-16T08:11:39, Number of rows in /TRACKING.csv is >= 4
2025-10-16T08:11:39, Remove tracking
2025-10-16T08:11:39, Write to /TRANSMIT.csv: 2025-10-16T08:11:33,3.63,4486.00,2.5,98
2025-10-16T08:11:39, Number of rows in /TRANSMIT.csv: 2
2025-10-16T08:11:39, Current hour = 8, Transmission hour = 0
2025-10-16T08:11:39, Current hour = 8, Transmission hour = 1
2025-10-16T08:11:39, Current hour = 8, Transmission hour = 2
2025-10-16T08:11:39, Current hour = 8, Transmission hour = 3
2025-10-16T08:11:39, Current hour = 8, Transmission hour = 4
2025-10-16T08:11:39, Current hour = 8, Transmission hour = 5
2025-10-16T08:11:39, Current hour = 8, Transmission hour = 6
2025-10-16T08:11:39, Current hour = 8, Transmission hour = 7
2025-10-16T08:11:39, Current hour = 8, Transmission hour = 8
2025-10-16T08:11:39, 1607043446+02298:449+02598
2025-10-16T08:11:42,  - attempt to send message: 1607043446+02298:449+02598
2025-10-16T08:11:42,  - Modem begin successful
2025-10-16T08:11:42,  - Sending...
2025-10-16T08:13:18,  - Send response: 
2025-10-16T08:13:18,   - Sync clocks... 
2025-10-16T08:13:18,  - Arduino Old Time: 2025-10-16T16:13:18
2025-10-16T08:13:18,  - Arduino New Time: 2025-10-16T16:13:18
2025-10-16T08:13:18, Message sent! Removing /TRANSMIT.csv
2025-10-16T08:13:18, Done loop ...
2025-10-16T08:28:21, Setup Complete
2025-10-16T08:28:23, Data: 2025-10-16T08:28:21,3.63,25631,4393.00,4453.00,4431.50,2.36,97.78,2.51,875.71
2025-10-16T08:28:24, Add row to /TRACKING.csv
2025-10-16T08:28:24, Number of rows in /TRACKING.csv: 1
2025-10-16T08:28:26, Done loop ...
2025-10-16T08:45:10, Setup Complete
2025-10-16T08:45:12, Data: 2025-10-16T08:45:10,3.64,25631,4469.00,4483.00,4477.00,2.25,97.74,2.45,876.03
2025-10-16T08:45:12, Add row to /TRACKING.csv
2025-10-16T08:45:12, Number of rows in /TRACKING.csv: 2
2025-10-16T08:45:15, Done loop ...
2025-10-16T09:01:58, Setup Complete
2025-10-16T09:02:00, Data: 2025-10-16T09:01:58,3.64,25631,4499.00,4509.00,4501.50,2.32,97.78,2.48,876.18
2025-10-16T09:02:00, Add row to /TRACKING.csv
2025-10-16T09:02:00, Number of rows in /TRACKING.csv: 3
2025-10-16T09:02:03, Done loop ...
2025-10-16T09:18:46, Setup Complete
2025-10-16T09:18:48, Data: 2025-10-16T09:18:46,3.64,25631,4357.00,4512.00,4448.00,2.57,96.50,2.67,876.76
2025-10-16T09:18:48, Add row to /TRACKING.csv
2025-10-16T09:18:48, Number of rows in /TRACKING.csv: 4
2025-10-16T09:18:51, Number of rows in /TRACKING.csv is >= 4
2025-10-16T09:18:51, Remove tracking
2025-10-16T09:18:51, Write to /TRANSMIT.csv: 2025-10-16T09:18:46,3.64,4357.00,2.6,96
2025-10-16T09:18:52, Number of rows in /TRANSMIT.csv: 1
2025-10-16T09:18:52, Current hour = 9, Transmission hour = 0
2025-10-16T09:18:52, Current hour = 9, Transmission hour = 1
2025-10-16T09:18:52, Current hour = 9, Transmission hour = 2
2025-10-16T09:18:52, Current hour = 9, Transmission hour = 3
2025-10-16T09:18:52, Current hour = 9, Transmission hour = 4
2025-10-16T09:18:52, Current hour = 9, Transmission hour = 5
2025-10-16T09:18:52, Current hour = 9, Transmission hour = 6
2025-10-16T09:18:52, Current hour = 9, Transmission hour = 7
2025-10-16T09:18:52, Current hour = 9, Transmission hour = 8
2025-10-16T09:18:52, Current hour = 9, Transmission hour = 9
2025-10-16T09:18:52, 1609183436+02696
2025-10-16T09:18:54,  - attempt to send message: 1609183436+02696
2025-10-16T09:18:55,  - Modem begin successful
2025-10-16T09:18:55,  - Sending...
2025-10-16T09:19:01,  - Send response: 
2025-10-16T09:19:01,   - Sync clocks... 
2025-10-16T09:19:01,  - Arduino Old Time: 2025-10-16T17:19:01
2025-10-16T09:19:01,  - Arduino New Time: 2025-10-16T17:19:01
2025-10-16T09:19:01, Message sent! Removing /TRANSMIT.csv
2025-10-16T09:19:01, Done loop ...
2025-10-16T09:35:33, Setup Complete
2025-10-16T09:35:36, Data: 2025-10-16T09:35:34,3.63,25631,4367.00,4522.00,4452.50,3.43,89.68,4.47,876.88
2025-10-16T09:35:36, Add row to /TRACKING.csv
2025-10-16T09:35:36, Number of rows in /TRACKING.csv: 1
2025-10-16T09:35:38, Done loop ...
2025-10-16T09:52:22, Setup Complete
2025-10-16T09:52:24, Data: 2025-10-16T09:52:22,3.63,25631,4490.00,4548.00,4527.50,4.81,80.38,9.82,876.90
2025-10-16T09:52:24, Add row to /TRACKING.csv
2025-10-16T09:52:24, Number of rows in /TRACKING.csv: 2
2025-10-16T09:52:27, Done loop ...
2025-10-16T10:09:10, Setup Complete
2025-10-16T10:09:12, Data: 2025-10-16T10:09:10,3.62,25631,4447.00,4560.00,4532.50,5.57,79.97,10.52,876.89
2025-10-16T10:09:12, Add row to /TRACKING.csv
2025-10-16T10:09:12, Number of rows in /TRACKING.csv: 3
2025-10-16T10:09:15, Done loop ...
2025-10-16T10:25:59, Setup Complete
2025-10-16T10:26:01, Data: 2025-10-16T10:25:59,3.63,25631,4414.00,4600.00,4534.50,5.88,85.51,9.97,876.98
2025-10-16T10:26:01, Add row to /TRACKING.csv
2025-10-16T10:26:01, Number of rows in /TRACKING.csv: 4
2025-10-16T10:26:04, Number of rows in /TRACKING.csv is >= 4
2025-10-16T10:26:04, Remove tracking
2025-10-16T10:26:04, Write to /TRANSMIT.csv: 2025-10-16T10:25:59,3.63,4414.00,5.9,86
2025-10-16T10:26:04, Number of rows in /TRANSMIT.csv: 1
2025-10-16T10:26:04, Current hour = 10, Transmission hour = 0
2025-10-16T10:26:04, Current hour = 10, Transmission hour = 1
2025-10-16T10:26:04, Current hour = 10, Transmission hour = 2
2025-10-16T10:26:04, Current hour = 10, Transmission hour = 3
2025-10-16T10:26:05, Current hour = 10, Transmission hour = 4
2025-10-16T10:26:05, Current hour = 10, Transmission hour = 5
2025-10-16T10:26:05, Current hour = 10, Transmission hour = 6
2025-10-16T10:26:05, Current hour = 10, Transmission hour = 7
2025-10-16T10:26:05, Current hour = 10, Transmission hour = 8
2025-10-16T10:26:05, Current hour = 10, Transmission hour = 9
2025-10-16T10:26:05, Current hour = 10, Transmission hour = 10
2025-10-16T10:26:05, 1610253441+05986
2025-10-16T10:26:07,  - attempt to send message: 1610253441+05986
2025-10-16T10:26:08,  - Modem begin successful
2025-10-16T10:26:08,  - Sending...
2025-10-16T10:26:22,  - Send response: 
2025-10-16T10:26:22,   - Sync clocks... 
2025-10-16T10:26:22,  - Arduino Old Time: 2025-10-16T18:26:22
2025-10-16T10:26:21,  - Arduino New Time: 2025-10-16T18:26:21
2025-10-16T10:26:21, Message sent! Removing /TRANSMIT.csv
2025-10-16T10:26:21, Done loop ...
2025-10-16T10:42:46, Setup Complete
2025-10-16T10:42:48, Data: 2025-10-16T10:42:46,3.63,25631,4423.00,4577.00,4518.00,5.67,79.31,10.14,876.91
2025-10-16T10:42:48, Add row to /TRACKING.csv
2025-10-16T10:42:48, Number of rows in /TRACKING.csv: 1
2025-10-16T10:42:51, Done loop ...
2025-10-16T10:59:34, Setup Complete
2025-10-16T10:59:37, Data: 2025-10-16T10:59:35,3.62,25631,4412.00,4566.00,4519.50,4.61,82.69,8.40,877.01
2025-10-16T10:59:37, Add row to /TRACKING.csv
2025-10-16T10:59:37, Number of rows in /TRACKING.csv: 2
2025-10-16T10:59:39, Done loop ...
2025-10-16T11:16:23, Setup Complete
2025-10-16T11:16:25, Data: 2025-10-16T11:16:23,3.63,25631,4348.00,4534.00,4360.00,2.26,85.84,4.94,877.28
2025-10-16T11:16:25, Add row to /TRACKING.csv
2025-10-16T11:16:25, Number of rows in /TRACKING.csv: 3
2025-10-16T11:16:28, Done loop ...
2025-10-16T11:33:11, Setup Complete
2025-10-16T11:33:13, Data: 2025-10-16T11:33:11,3.63,25631,4402.00,4523.00,4426.50,2.87,90.22,5.07,877.65
2025-10-16T11:33:13, Add row to /TRACKING.csv
2025-10-16T11:33:13, Number of rows in /TRACKING.csv: 4
2025-10-16T11:33:17, Number of rows in /TRACKING.csv is >= 4
2025-10-16T11:33:17, Remove tracking
2025-10-16T11:33:17, Write to /TRANSMIT.csv: 2025-10-16T11:33:11,3.63,4402.00,2.9,90
2025-10-16T11:33:17, Number of rows in /TRANSMIT.csv: 1
2025-10-16T11:33:17, Current hour = 11, Transmission hour = 0
2025-10-16T11:33:17, Current hour = 11, Transmission hour = 1
2025-10-16T11:33:17, Current hour = 11, Transmission hour = 2
2025-10-16T11:33:17, Current hour = 11, Transmission hour = 3
2025-10-16T11:33:17, Current hour = 11, Transmission hour = 4
2025-10-16T11:33:17, Current hour = 11, Transmission hour = 5
2025-10-16T11:33:17, Current hour = 11, Transmission hour = 6
2025-10-16T11:33:17, Current hour = 11, Transmission hour = 7
2025-10-16T11:33:17, Current hour = 11, Transmission hour = 8
2025-10-16T11:33:17, Current hour = 11, Transmission hour = 9
2025-10-16T11:33:17, Current hour = 11, Transmission hour = 10
2025-10-16T11:33:17, Current hour = 11, Transmission hour = 11
2025-10-16T11:33:17, 1611333440+02990
2025-10-16T11:33:19,  - attempt to send message: 1611333440+02990
2025-10-16T11:33:20,  - Modem begin successful
2025-10-16T11:33:20,  - Sending...
2025-10-16T11:36:12,  - Send response: 
2025-10-16T11:36:12,   - Sync clocks... 
2025-10-16T11:36:12,  - Arduino Old Time: 2025-10-16T19:36:12
2025-10-16T11:36:12,  - Arduino New Time: 2025-10-16T19:36:12
2025-10-16T11:36:12, Message sent! Removing /TRANSMIT.csv
2025-10-16T11:36:12, Done loop ...
2025-10-16T11:49:59, Setup Complete
2025-10-16T11:50:01, Data: 2025-10-16T11:49:59,3.62,25631,4380.00,4585.00,4416.50,2.10,93.40,3.70,877.68
2025-10-16T11:50:01, Add row to /TRACKING.csv
2025-10-16T11:50:02, Number of rows in /TRACKING.csv: 1
2025-10-16T11:50:04, Done loop ...
2025-10-16T12:06:47, Setup Complete
2025-10-16T12:06:50, Data: 2025-10-16T12:06:47,3.63,25631,4394.00,4416.00,4404.50,1.02,93.81,2.35,878.12
2025-10-16T12:06:50, Add row to /TRACKING.csv
2025-10-16T12:06:50, Number of rows in /TRACKING.csv: 2
2025-10-16T12:06:52, Done loop ...
2025-10-16T12:23:35, Setup Complete
2025-10-16T12:23:38, Data: 2025-10-16T12:23:35,3.63,25631,4394.00,4431.00,4401.50,0.53,94.80,1.58,878.05
2025-10-16T12:23:38, Add row to /TRACKING.csv
2025-10-16T12:23:38, Number of rows in /TRACKING.csv: 3
2025-10-16T12:23:41, Done loop ...
2025-10-16T12:40:23, Setup Complete
2025-10-16T12:40:26, Data: 2025-10-16T12:40:23,3.63,25631,4494.00,4501.00,4498.50,1.02,94.93,3.06,878.02
2025-10-16T12:40:26, Add row to /TRACKING.csv
2025-10-16T12:40:26, Number of rows in /TRACKING.csv: 4
2025-10-16T12:40:29, Number of rows in /TRACKING.csv is >= 4
2025-10-16T12:40:29, Remove tracking
2025-10-16T12:40:29, Write to /TRANSMIT.csv: 2025-10-16T12:40:23,3.63,4494.00,1.0,95
2025-10-16T12:40:29, Number of rows in /TRANSMIT.csv: 1
2025-10-16T12:40:29, Current hour = 12, Transmission hour = 0
2025-10-16T12:40:29, Current hour = 12, Transmission hour = 1
2025-10-16T12:40:29, Current hour = 12, Transmission hour = 2
2025-10-16T12:40:29, Current hour = 12, Transmission hour = 3
2025-10-16T12:40:29, Current hour = 12, Transmission hour = 4
2025-10-16T12:40:29, Current hour = 12, Transmission hour = 5
2025-10-16T12:40:30, Current hour = 12, Transmission hour = 6
2025-10-16T12:40:30, Current hour = 12, Transmission hour = 7
2025-10-16T12:40:30, Current hour = 12, Transmission hour = 8
2025-10-16T12:40:30, Current hour = 12, Transmission hour = 9
2025-10-16T12:40:30, Current hour = 12, Transmission hour = 10
2025-10-16T12:40:30, Current hour = 12, Transmission hour = 11
2025-10-16T12:40:30, Current hour = 12, Transmission hour = 12
2025-10-16T12:40:30, 1612403449+01095
2025-10-16T12:40:32,  - attempt to send message: 1612403449+01095
2025-10-16T12:40:33,  - Modem begin successful
2025-10-16T12:40:33,  - Sending...
2025-10-16T12:40:40,  - Send response: 
2025-10-16T12:40:40,   - Sync clocks... 
2025-10-16T12:40:40,  - Arduino Old Time: 2025-10-16T20:40:40
2025-10-16T12:40:40,  - Arduino New Time: 2025-10-16T20:40:40
2025-10-16T12:40:41, Message sent! Removing /TRANSMIT.csv
2025-10-16T12:40:41, Done loop ...
2025-10-16T12:57:11, Setup Complete
2025-10-16T12:57:14, Data: 2025-10-16T12:57:12,3.63,25631,4372.00,4506.00,4496.50,1.15,95.44,2.25,878.07
2025-10-16T12:57:14, Add row to /TRACKING.csv
2025-10-16T12:57:14, Number of rows in /TRACKING.csv: 1
2025-10-16T12:57:16, Done loop ...
2025-10-16T13:14:00, Setup Complete
2025-10-16T13:14:02, Data: 2025-10-16T13:14:00,3.62,25631,4420.00,4491.00,4480.00,1.46,94.48,2.35,878.16
2025-10-16T13:14:02, Add row to /TRACKING.csv
2025-10-16T13:14:02, Number of rows in /TRACKING.csv: 2
2025-10-16T13:14:05, Done loop ...
2025-10-16T13:30:48, Setup Complete
2025-10-16T13:30:50, Data: 2025-10-16T13:30:48,3.64,25631,4469.00,4493.00,4487.00,1.22,94.21,1.83,878.14
2025-10-16T13:30:50, Add row to /TRACKING.csv
2025-10-16T13:30:50, Number of rows in /TRACKING.csv: 3
2025-10-16T13:30:53, Done loop ...
2025-10-16T13:47:36, Setup Complete
2025-10-16T13:47:38, Data: 2025-10-16T13:47:36,3.62,25631,4541.00,4549.00,4543.00,1.15,94.48,2.13,878.01
2025-10-16T13:47:38, Add row to /TRACKING.csv
2025-10-16T13:47:38, Number of rows in /TRACKING.csv: 4
2025-10-16T13:47:41, Number of rows in /TRACKING.csv is >= 4
2025-10-16T13:47:41, Remove tracking
2025-10-16T13:47:41, Write to /TRANSMIT.csv: 2025-10-16T13:47:36,3.62,4541.00,1.1,94
2025-10-16T13:47:41, Number of rows in /TRANSMIT.csv: 1
2025-10-16T13:47:42, Current hour = 13, Transmission hour = 0
2025-10-16T13:47:42, Current hour = 13, Transmission hour = 1
2025-10-16T13:47:42, Current hour = 13, Transmission hour = 2
2025-10-16T13:47:42, Current hour = 13, Transmission hour = 3
2025-10-16T13:47:42, Current hour = 13, Transmission hour = 4
2025-10-16T13:47:42, Current hour = 13, Transmission hour = 5
2025-10-16T13:47:42, Current hour = 13, Transmission hour = 6
2025-10-16T13:47:42, Current hour = 13, Transmission hour = 7
2025-10-16T13:47:42, Current hour = 13, Transmission hour = 8
2025-10-16T13:47:42, Current hour = 13, Transmission hour = 9
2025-10-16T13:47:42, Current hour = 13, Transmission hour = 10
2025-10-16T13:47:42, Current hour = 13, Transmission hour = 11
2025-10-16T13:47:42, Current hour = 13, Transmission hour = 12
2025-10-16T13:47:42, Current hour = 13, Transmission hour = 13
2025-10-16T13:47:42, 1613473454+01194
2025-10-16T13:47:44,  - attempt to send message: 1613473454+01194
2025-10-16T13:47:45,  - Modem begin successful
2025-10-16T13:47:45,  - Sending...
2025-10-16T13:47:54,  - Send response: 
2025-10-16T13:47:54,   - Sync clocks... 
2025-10-16T13:47:54,  - Arduino Old Time: 2025-10-16T21:47:54
2025-10-16T13:47:53,  - Arduino New Time: 2025-10-16T21:47:53
2025-10-16T13:47:53, Message sent! Removing /TRANSMIT.csv
2025-10-16T13:47:53, Done loop ...
2025-10-16T14:04:23, Setup Complete
2025-10-16T14:04:25, Data: 2025-10-16T14:04:23,3.64,25631,4479.00,4503.00,4493.50,1.71,93.59,1.99,878.07
2025-10-16T14:04:25, Add row to /TRACKING.csv
2025-10-16T14:04:25, Number of rows in /TRACKING.csv: 1
2025-10-16T14:04:28, Done loop ...
2025-10-16T14:21:11, Setup Complete
2025-10-16T14:21:13, Data: 2025-10-16T14:21:11,3.64,25631,4487.00,4500.00,4494.50,1.71,92.97,1.98,878.17
2025-10-16T14:21:13, Add row to /TRACKING.csv
2025-10-16T14:21:13, Number of rows in /TRACKING.csv: 2
2025-10-16T14:21:16, Done loop ...
2025-10-16T14:37:59, Setup Complete
2025-10-16T14:38:01, Data: 2025-10-16T14:37:59,3.64,25631,4299.00,4526.00,4436.50,1.41,93.78,1.73,878.53
2025-10-16T14:38:01, Add row to /TRACKING.csv
2025-10-16T14:38:01, Number of rows in /TRACKING.csv: 3
2025-10-16T14:38:04, Done loop ...
2025-10-16T14:54:47, Setup Complete
2025-10-16T14:54:49, Data: 2025-10-16T14:54:47,3.64,25631,4362.00,4417.00,4401.00,0.75,93.98,1.25,878.39
2025-10-16T14:54:49, Add row to /TRACKING.csv
2025-10-16T14:54:49, Number of rows in /TRACKING.csv: 4
2025-10-16T14:54:53, Number of rows in /TRACKING.csv is >= 4
2025-10-16T14:54:53, Remove tracking
2025-10-16T14:54:53, Write to /TRANSMIT.csv: 2025-10-16T14:54:47,3.64,4362.00,0.8,94
2025-10-16T14:54:53, Number of rows in /TRANSMIT.csv: 1
2025-10-16T14:54:53, Current hour = 14, Transmission hour = 0
2025-10-16T14:54:53, Current hour = 14, Transmission hour = 1
2025-10-16T14:54:53, Current hour = 14, Transmission hour = 2
2025-10-16T14:54:53, Current hour = 14, Transmission hour = 3
2025-10-16T14:54:53, Current hour = 14, Transmission hour = 4
2025-10-16T14:54:53, Current hour = 14, Transmission hour = 5
2025-10-16T14:54:53, Current hour = 14, Transmission hour = 6
2025-10-16T14:54:53, Current hour = 14, Transmission hour = 7
2025-10-16T14:54:53, Current hour = 14, Transmission hour = 8
2025-10-16T14:54:53, Current hour = 14, Transmission hour = 9
2025-10-16T14:54:53, Current hour = 14, Transmission hour = 10
2025-10-16T14:54:53, Current hour = 14, Transmission hour = 11
2025-10-16T14:54:53, Current hour = 14, Transmission hour = 12
2025-10-16T14:54:53, Current hour = 14, Transmission hour = 13
2025-10-16T14:54:54, Current hour = 14, Transmission hour = 14
2025-10-16T14:54:54, 1614543436+00894
2025-10-16T14:54:56,  - attempt to send message: 1614543436+00894
2025-10-16T14:54:56,  - Modem begin successful
2025-10-16T14:54:56,  - Sending...
2025-10-16T14:55:00,  - Send response: 
2025-10-16T14:55:00,   - Sync clocks... 
2025-10-16T14:55:00,  - Arduino Old Time: 2025-10-16T22:55:00
2025-10-16T14:55:00,  - Arduino New Time: 2025-10-16T22:55:00
2025-10-16T14:55:00, Message sent! Removing /TRANSMIT.csv
2025-10-16T14:55:00, Done loop ...
2025-10-16T15:11:35, Setup Complete
2025-10-16T15:11:37, Data: 2025-10-16T15:11:35,3.63,25631,4403.00,4418.00,4413.50,1.39,93.04,1.42,878.31
2025-10-16T15:11:37, Add row to /TRACKING.csv
2025-10-16T15:11:37, Number of rows in /TRACKING.csv: 1
2025-10-16T15:11:40, Done loop ...
2025-10-16T15:28:23, Setup Complete
2025-10-16T15:28:25, Data: 2025-10-16T15:28:23,3.64,25631,4398.00,4420.00,4408.50,1.00,96.02,1.35,878.19
2025-10-16T15:28:25, Add row to /TRACKING.csv
2025-10-16T15:28:25, Number of rows in /TRACKING.csv: 2
2025-10-16T15:28:28, Done loop ...
2025-10-16T15:45:11, Setup Complete
2025-10-16T15:45:13, Data: 2025-10-16T15:45:11,3.64,25631,4376.00,4491.00,4403.50,1.23,96.44,1.59,878.20
2025-10-16T15:45:13, Add row to /TRACKING.csv
2025-10-16T15:45:13, Number of rows in /TRACKING.csv: 3
2025-10-16T15:45:16, Done loop ...
2025-10-16T16:01:59, Setup Complete
2025-10-16T16:02:01, Data: 2025-10-16T16:01:59,3.64,25631,4381.00,4421.00,4407.50,1.36,96.71,1.91,878.27
2025-10-16T16:02:01, Add row to /TRACKING.csv
2025-10-16T16:02:01, Number of rows in /TRACKING.csv: 4
2025-10-16T16:02:05, Number of rows in /TRACKING.csv is >= 4
2025-10-16T16:02:05, Remove tracking
2025-10-16T16:02:05, Write to /TRANSMIT.csv: 2025-10-16T16:01:59,3.64,4381.00,1.4,97
2025-10-16T16:02:05, Number of rows in /TRANSMIT.csv: 1
2025-10-16T16:02:05, Current hour = 16, Transmission hour = 0
2025-10-16T16:02:05, Current hour = 16, Transmission hour = 1
2025-10-16T16:02:05, Current hour = 16, Transmission hour = 2
2025-10-16T16:02:05, Current hour = 16, Transmission hour = 3
2025-10-16T16:02:05, Current hour = 16, Transmission hour = 4
2025-10-16T16:02:05, Current hour = 16, Transmission hour = 5
2025-10-16T16:02:05, Current hour = 16, Transmission hour = 6
2025-10-16T16:02:05, Current hour = 16, Transmission hour = 7
2025-10-16T16:02:05, Current hour = 16, Transmission hour = 8
2025-10-16T16:02:05, Current hour = 16, Transmission hour = 9
2025-10-16T16:02:05, Current hour = 16, Transmission hour = 10
2025-10-16T16:02:05, Current hour = 16, Transmission hour = 11
2025-10-16T16:02:05, Current hour = 16, Transmission hour = 12
2025-10-16T16:02:05, Current hour = 16, Transmission hour = 13
2025-10-16T16:02:06, Current hour = 16, Transmission hour = 14
2025-10-16T16:02:06, Current hour = 16, Transmission hour = 15
2025-10-16T16:02:06, Current hour = 16, Transmission hour = 16
2025-10-16T16:02:06, 1616013438+01497
2025-10-16T16:02:08,  - attempt to send message: 1616013438+01497
2025-10-16T16:02:08,  - Modem begin successful
2025-10-16T16:02:08,  - Sending...
2025-10-16T16:02:16,  - Send response: 
2025-10-16T16:02:16,   - Sync clocks... 
2025-10-16T16:02:16,  - Arduino Old Time: 2025-10-17T00:02:16
2025-10-16T16:02:16,  - Arduino New Time: 2025-10-17T00:02:16
2025-10-16T16:02:16, Message sent! Removing /TRANSMIT.csv
2025-10-16T16:02:16, Done loop ...
2025-10-16T16:18:47, Setup Complete
2025-10-16T16:18:49, Data: 2025-10-16T16:18:47,3.64,25631,4378.00,4510.00,4493.00,1.41,94.95,1.78,878.32
2025-10-16T16:18:49, Add row to /TRACKING.csv
2025-10-16T16:18:50, Number of rows in /TRACKING.csv: 1
2025-10-16T16:18:52, Done loop ...
2025-10-16T16:35:35, Setup Complete
2025-10-16T16:35:37, Data: 2025-10-16T16:35:35,3.64,25631,4395.00,4503.00,4498.50,1.19,94.37,1.27,878.38
2025-10-16T16:35:37, Add row to /TRACKING.csv
2025-10-16T16:35:38, Number of rows in /TRACKING.csv: 2
2025-10-16T16:35:40, Done loop ...
2025-10-16T16:52:23, Setup Complete
2025-10-16T16:52:25, Data: 2025-10-16T16:52:23,3.63,25631,4505.00,4518.00,4514.00,0.91,96.02,1.08,878.32
2025-10-16T16:52:25, Add row to /TRACKING.csv
2025-10-16T16:52:26, Number of rows in /TRACKING.csv: 3
2025-10-16T16:52:29, Done loop ...
2025-10-16T17:09:11, Setup Complete
2025-10-16T17:09:13, Data: 2025-10-16T17:09:11,3.64,25631,4509.00,4516.00,4511.50,0.72,96.64,0.89,878.52
2025-10-16T17:09:13, Add row to /TRACKING.csv
2025-10-16T17:09:14, Number of rows in /TRACKING.csv: 4
2025-10-16T17:09:17, Number of rows in /TRACKING.csv is >= 4
2025-10-16T17:09:17, Remove tracking
2025-10-16T17:09:17, Write to /TRANSMIT.csv: 2025-10-16T17:09:11,3.64,4509.00,0.7,97
2025-10-16T17:09:17, Number of rows in /TRANSMIT.csv: 1
2025-10-16T17:09:17, Current hour = 17, Transmission hour = 0
2025-10-16T17:09:17, Current hour = 17, Transmission hour = 1
2025-10-16T17:09:17, Current hour = 17, Transmission hour = 2
2025-10-16T17:09:17, Current hour = 17, Transmission hour = 3
2025-10-16T17:09:17, Current hour = 17, Transmission hour = 4
2025-10-16T17:09:17, Current hour = 17, Transmission hour = 5
2025-10-16T17:09:17, Current hour = 17, Transmission hour = 6
2025-10-16T17:09:17, Current hour = 17, Transmission hour = 7
2025-10-16T17:09:17, Current hour = 17, Transmission hour = 8
2025-10-16T17:09:17, Current hour = 17, Transmission hour = 9
2025-10-16T17:09:17, Current hour = 17, Transmission hour = 10
2025-10-16T17:09:18, Current hour = 17, Transmission hour = 11
2025-10-16T17:09:18, Current hour = 17, Transmission hour = 12
2025-10-16T17:09:18, Current hour = 17, Transmission hour = 13
2025-10-16T17:09:18, Current hour = 17, Transmission hour = 14
2025-10-16T17:09:18, Current hour = 17, Transmission hour = 15
2025-10-16T17:09:18, Current hour = 17, Transmission hour = 16
2025-10-16T17:09:18, Current hour = 17, Transmission hour = 17
2025-10-16T17:09:18, 1617093451+00797
2025-10-16T17:09:20,  - attempt to send message: 1617093451+00797
2025-10-16T17:09:21,  - Modem begin successful
2025-10-16T17:09:21,  - Sending...
2025-10-16T17:09:26,  - Send response: 
2025-10-16T17:09:26,   - Sync clocks... 
2025-10-16T17:09:26,  - Arduino Old Time: 2025-10-17T01:09:26
2025-10-16T17:09:25,  - Arduino New Time: 2025-10-17T01:09:25
2025-10-16T17:09:25, Message sent! Removing /TRANSMIT.csv
2025-10-16T17:09:25, Done loop ...
2025-10-16T17:25:58, Setup Complete
2025-10-16T17:26:00, Data: 2025-10-16T17:25:58,3.64,25631,4473.00,4495.00,4480.00,0.43,96.60,0.64,878.60
2025-10-16T17:26:00, Add row to /TRACKING.csv
2025-10-16T17:26:01, Number of rows in /TRACKING.csv: 1
2025-10-16T17:26:03, Done loop ...
2025-10-16T17:42:46, Setup Complete
2025-10-16T17:42:48, Data: 2025-10-16T17:42:46,3.64,25631,4182.00,4513.00,4488.50,0.57,94.23,0.32,878.53
2025-10-16T17:42:48, Add row to /TRACKING.csv
2025-10-16T17:42:49, Number of rows in /TRACKING.csv: 2
2025-10-16T17:42:51, Done loop ...
2025-10-16T17:59:34, Setup Complete
2025-10-16T17:59:36, Data: 2025-10-16T17:59:34,3.64,25631,4406.00,4419.00,4414.50,0.17,96.28,0.16,878.57
2025-10-16T17:59:36, Add row to /TRACKING.csv
2025-10-16T17:59:36, Number of rows in /TRACKING.csv: 3
2025-10-16T17:59:39, Done loop ...
2025-10-16T18:16:22, Setup Complete
2025-10-16T18:16:24, Data: 2025-10-16T18:16:22,3.64,25631,4985.00,4986.00,4985.50,0.09,96.82,0.08,878.45
2025-10-16T18:16:24, Add row to /TRACKING.csv
2025-10-16T18:16:24, Number of rows in /TRACKING.csv: 4
2025-10-16T18:16:28, Number of rows in /TRACKING.csv is >= 4
2025-10-16T18:16:28, Remove tracking
2025-10-16T18:16:28, Write to /TRANSMIT.csv: 2025-10-16T18:16:22,3.64,4985.00,0.1,97
2025-10-16T18:16:28, Number of rows in /TRANSMIT.csv: 1
2025-10-16T18:16:28, Current hour = 18, Transmission hour = 0
2025-10-16T18:16:28, Current hour = 18, Transmission hour = 1
2025-10-16T18:16:28, Current hour = 18, Transmission hour = 2
2025-10-16T18:16:28, Current hour = 18, Transmission hour = 3
2025-10-16T18:16:28, Current hour = 18, Transmission hour = 4
2025-10-16T18:16:28, Current hour = 18, Transmission hour = 5
2025-10-16T18:16:28, Current hour = 18, Transmission hour = 6
2025-10-16T18:16:28, Current hour = 18, Transmission hour = 7
2025-10-16T18:16:28, Current hour = 18, Transmission hour = 8
2025-10-16T18:16:28, Current hour = 18, Transmission hour = 9
2025-10-16T18:16:28, Current hour = 18, Transmission hour = 10
2025-10-16T18:16:28, Current hour = 18, Transmission hour = 11
2025-10-16T18:16:28, Current hour = 18, Transmission hour = 12
2025-10-16T18:16:28, Current hour = 18, Transmission hour = 13
2025-10-16T18:16:28, Current hour = 18, Transmission hour = 14
2025-10-16T18:16:28, Current hour = 18, Transmission hour = 15
2025-10-16T18:16:29, Current hour = 18, Transmission hour = 16
2025-10-16T18:16:29, Current hour = 18, Transmission hour = 17
2025-10-16T18:16:29, Current hour = 18, Transmission hour = 18
2025-10-16T18:16:29, 1618163499+00197
2025-10-16T18:16:31,  - attempt to send message: 1618163499+00197
2025-10-16T18:16:31,  - Modem begin successful
2025-10-16T18:16:31,  - Sending...
2025-10-16T18:18:05,  - Send response: 
2025-10-16T18:18:05,   - Sync clocks... 
2025-10-16T18:18:05,  - Arduino Old Time: 2025-10-17T02:18:05
2025-10-16T18:18:06,  - Arduino New Time: 2025-10-17T02:18:06
2025-10-16T18:18:07, Message sent! Removing /TRANSMIT.csv
2025-10-16T18:18:07, Done loop ...
2025-10-16T18:33:11, Setup Complete
2025-10-16T18:33:13, Data: 2025-10-16T18:33:11,3.64,25631,4420.00,4987.00,4986.00,0.17,97.08,0.07,878.71
2025-10-16T18:33:13, Add row to /TRACKING.csv
2025-10-16T18:33:13, Number of rows in /TRACKING.csv: 1
2025-10-16T18:33:16, Done loop ...
2025-10-16T18:49:59, Setup Complete
2025-10-16T18:50:01, Data: 2025-10-16T18:49:59,3.64,25631,4407.00,4986.00,4985.00,0.17,97.15,0.07,878.77
2025-10-16T18:50:01, Add row to /TRACKING.csv
2025-10-16T18:50:01, Number of rows in /TRACKING.csv: 2
2025-10-16T18:50:04, Done loop ...
2025-10-16T19:06:47, Setup Complete
2025-10-16T19:06:49, Data: 2025-10-16T19:06:47,3.64,25631,4985.00,4987.00,4986.00,-0.02,97.18,0.05,878.71
2025-10-16T19:06:49, Add row to /TRACKING.csv
2025-10-16T19:06:49, Number of rows in /TRACKING.csv: 3
2025-10-16T19:06:52, Done loop ...
2025-10-16T19:23:35, Setup Complete
2025-10-16T19:23:37, Data: 2025-10-16T19:23:35,3.63,25631,4487.00,4987.00,4986.00,-0.15,97.35,-0.00,879.02
2025-10-16T19:23:37, Add row to /TRACKING.csv
2025-10-16T19:23:37, Number of rows in /TRACKING.csv: 4
2025-10-16T19:23:40, Number of rows in /TRACKING.csv is >= 4
2025-10-16T19:23:41, Remove tracking
2025-10-16T19:23:41, Write to /TRANSMIT.csv: 2025-10-16T19:23:35,3.63,4487.00,-0.2,97
2025-10-16T19:23:41, Number of rows in /TRANSMIT.csv: 1
2025-10-16T19:23:41, Current hour = 19, Transmission hour = 0
2025-10-16T19:23:41, Current hour = 19, Transmission hour = 1
2025-10-16T19:23:41, Current hour = 19, Transmission hour = 2
2025-10-16T19:23:41, Current hour = 19, Transmission hour = 3
2025-10-16T19:23:41, Current hour = 19, Transmission hour = 4
2025-10-16T19:23:41, Current hour = 19, Transmission hour = 5
2025-10-16T19:23:41, Current hour = 19, Transmission hour = 6
2025-10-16T19:23:41, Current hour = 19, Transmission hour = 7
2025-10-16T19:23:41, Current hour = 19, Transmission hour = 8
2025-10-16T19:23:41, Current hour = 19, Transmission hour = 9
2025-10-16T19:23:41, Current hour = 19, Transmission hour = 10
2025-10-16T19:23:41, Current hour = 19, Transmission hour = 11
2025-10-16T19:23:41, Current hour = 19, Transmission hour = 12
2025-10-16T19:23:41, Current hour = 19, Transmission hour = 13
2025-10-16T19:23:41, Current hour = 19, Transmission hour = 14
2025-10-16T19:23:41, Current hour = 19, Transmission hour = 15
2025-10-16T19:23:41, Current hour = 19, Transmission hour = 16
2025-10-16T19:23:41, Current hour = 19, Transmission hour = 17
2025-10-16T19:23:41, Current hour = 19, Transmission hour = 18
2025-10-16T19:23:41, Current hour = 19, Transmission hour = 19
2025-10-16T19:23:42, 1619233449-00297
2025-10-16T19:23:44,  - attempt to send message: 1619233449-00297
2025-10-16T19:23:44,  - Modem begin successful
2025-10-16T19:23:44,  - Sending...
2025-10-16T19:24:53,  - Send response: 
2025-10-16T19:24:53,   - Sync clocks... 
2025-10-16T19:24:53,  - Arduino Old Time: 2025-10-17T03:24:53
2025-10-16T19:24:52,  - Arduino New Time: 2025-10-17T03:24:52
2025-10-16T19:24:53, Message sent! Removing /TRANSMIT.csv
2025-10-16T19:24:53, Done loop ...
2025-10-16T19:40:22, Setup Complete
2025-10-16T19:40:24, Data: 2025-10-16T19:40:22,3.64,25631,4984.00,4988.00,4985.50,-0.17,97.36,-0.02,878.76
2025-10-16T19:40:24, Add row to /TRACKING.csv
2025-10-16T19:40:24, Number of rows in /TRACKING.csv: 1
2025-10-16T19:40:26, Done loop ...
2025-10-16T19:57:10, Setup Complete
2025-10-16T19:57:12, Data: 2025-10-16T19:57:10,3.62,25631,4984.00,4986.00,4985.00,-0.15,97.21,-0.07,878.77
2025-10-16T19:57:12, Add row to /TRACKING.csv
2025-10-16T19:57:12, Number of rows in /TRACKING.csv: 2
2025-10-16T19:57:15, Done loop ...
2025-10-16T20:13:58, Setup Complete
2025-10-16T20:14:00, Data: 2025-10-16T20:13:58,3.63,25631,4986.00,4986.00,4986.00,-0.23,96.34,-0.26,878.58
2025-10-16T20:14:00, Add row to /TRACKING.csv
2025-10-16T20:14:00, Number of rows in /TRACKING.csv: 3
2025-10-16T20:14:03, Done loop ...
2025-10-16T20:30:45, Setup Complete
2025-10-16T20:30:48, Data: 2025-10-16T20:30:45,3.63,25631,4986.00,4987.00,4986.50,-0.12,95.90,-0.29,878.63
2025-10-16T20:30:48, Add row to /TRACKING.csv
2025-10-16T20:30:48, Number of rows in /TRACKING.csv: 4
2025-10-16T20:30:51, Number of rows in /TRACKING.csv is >= 4
2025-10-16T20:30:51, Remove tracking
2025-10-16T20:30:51, Write to /TRANSMIT.csv: 2025-10-16T20:30:45,3.63,4986.00,-0.1,96
2025-10-16T20:30:51, Number of rows in /TRANSMIT.csv: 1
2025-10-16T20:30:51, Current hour = 20, Transmission hour = 0
2025-10-16T20:30:51, Current hour = 20, Transmission hour = 1
2025-10-16T20:30:51, Current hour = 20, Transmission hour = 2
2025-10-16T20:30:51, Current hour = 20, Transmission hour = 3
2025-10-16T20:30:51, Current hour = 20, Transmission hour = 4
2025-10-16T20:30:51, Current hour = 20, Transmission hour = 5
2025-10-16T20:30:52, Current hour = 20, Transmission hour = 6
2025-10-16T20:30:52, Current hour = 20, Transmission hour = 7
2025-10-16T20:30:52, Current hour = 20, Transmission hour = 8
2025-10-16T20:30:52, Current hour = 20, Transmission hour = 9
2025-10-16T20:30:52, Current hour = 20, Transmission hour = 10
2025-10-16T20:30:52, Current hour = 20, Transmission hour = 11
2025-10-16T20:30:52, Current hour = 20, Transmission hour = 12
2025-10-16T20:30:52, Current hour = 20, Transmission hour = 13
2025-10-16T20:30:52, Current hour = 20, Transmission hour = 14
2025-10-16T20:30:52, Current hour = 20, Transmission hour = 15
2025-10-16T20:30:52, Current hour = 20, Transmission hour = 16
2025-10-16T20:30:52, Current hour = 20, Transmission hour = 17
2025-10-16T20:30:52, Current hour = 20, Transmission hour = 18
2025-10-16T20:30:52, Current hour = 20, Transmission hour = 19
2025-10-16T20:30:52, Current hour = 20, Transmission hour = 20
2025-10-16T20:30:52, 1620303499-00196
2025-10-16T20:30:54,  - attempt to send message: 1620303499-00196
2025-10-16T20:30:55,  - Modem begin successful
2025-10-16T20:30:55,  - Sending...
2025-10-16T20:31:01,  - Send response: 
2025-10-16T20:31:01,   - Sync clocks... 
2025-10-16T20:31:01,  - Arduino Old Time: 2025-10-17T04:31:01
2025-10-16T20:31:01,  - Arduino New Time: 2025-10-17T04:31:01
2025-10-16T20:31:01, Message sent! Removing /TRANSMIT.csv
2025-10-16T20:31:01, Done loop ...
2025-10-16T20:47:33, Setup Complete
2025-10-16T20:47:36, Data: 2025-10-16T20:47:33,3.63,25631,4985.00,4987.00,4986.00,-0.14,96.17,-0.22,878.85
2025-10-16T20:47:36, Add row to /TRACKING.csv
2025-10-16T20:47:36, Number of rows in /TRACKING.csv: 1
2025-10-16T20:47:38, Done loop ...
2025-10-16T21:04:21, Setup Complete
2025-10-16T21:04:23, Data: 2025-10-16T21:04:21,3.64,25631,4451.00,4460.00,4456.50,-0.17,96.68,-0.17,878.89
2025-10-16T21:04:23, Add row to /TRACKING.csv
2025-10-16T21:04:24, Number of rows in /TRACKING.csv: 2
2025-10-16T21:04:26, Done loop ...
2025-10-16T21:21:09, Setup Complete
2025-10-16T21:21:11, Data: 2025-10-16T21:21:09,3.63,25631,4983.00,4986.00,4986.00,-0.25,97.00,-0.18,878.93
2025-10-16T21:21:11, Add row to /TRACKING.csv
2025-10-16T21:21:11, Number of rows in /TRACKING.csv: 3
2025-10-16T21:21:14, Done loop ...
2025-10-16T21:37:57, Setup Complete
2025-10-16T21:37:59, Data: 2025-10-16T21:37:57,3.64,25631,4986.00,4988.00,4987.00,-0.42,97.23,-0.30,879.04
2025-10-16T21:37:59, Add row to /TRACKING.csv
2025-10-16T21:37:59, Number of rows in /TRACKING.csv: 4
2025-10-16T21:38:03, Number of rows in /TRACKING.csv is >= 4
2025-10-16T21:38:03, Remove tracking
2025-10-16T21:38:03, Write to /TRANSMIT.csv: 2025-10-16T21:37:57,3.64,4986.00,-0.4,97
2025-10-16T21:38:03, Number of rows in /TRANSMIT.csv: 1
2025-10-16T21:38:03, Current hour = 21, Transmission hour = 0
2025-10-16T21:38:03, Current hour = 21, Transmission hour = 1
2025-10-16T21:38:03, Current hour = 21, Transmission hour = 2
2025-10-16T21:38:03, Current hour = 21, Transmission hour = 3
2025-10-16T21:38:03, Current hour = 21, Transmission hour = 4
2025-10-16T21:38:03, Current hour = 21, Transmission hour = 5
2025-10-16T21:38:03, Current hour = 21, Transmission hour = 6
2025-10-16T21:38:03, Current hour = 21, Transmission hour = 7
2025-10-16T21:38:03, Current hour = 21, Transmission hour = 8
2025-10-16T21:38:03, Current hour = 21, Transmission hour = 9
2025-10-16T21:38:03, Current hour = 21, Transmission hour = 10
2025-10-16T21:38:03, Current hour = 21, Transmission hour = 11
2025-10-16T21:38:03, Current hour = 21, Transmission hour = 12
2025-10-16T21:38:03, Current hour = 21, Transmission hour = 13
2025-10-16T21:38:03, Current hour = 21, Transmission hour = 14
2025-10-16T21:38:03, Current hour = 21, Transmission hour = 15
2025-10-16T21:38:03, Current hour = 21, Transmission hour = 16
2025-10-16T21:38:04, Current hour = 21, Transmission hour = 17
2025-10-16T21:38:04, Current hour = 21, Transmission hour = 18
2025-10-16T21:38:04, Current hour = 21, Transmission hour = 19
2025-10-16T21:38:04, Current hour = 21, Transmission hour = 20
2025-10-16T21:38:04, Current hour = 21, Transmission hour = 21
2025-10-16T21:38:04, 1621373499-00497
2025-10-16T21:38:06,  - attempt to send message: 1621373499-00497
2025-10-16T21:38:06,  - Modem begin successful
2025-10-16T21:38:07,  - Sending...
2025-10-16T21:41:26,  - Send response: 
2025-10-16T21:41:26,   - Sync clocks... 
2025-10-16T21:41:27,  - Arduino Old Time: 2025-10-17T05:41:27
2025-10-16T21:41:26,  - Arduino New Time: 2025-10-17T05:41:26
2025-10-16T21:41:26, Message sent! Removing /TRANSMIT.csv
2025-10-16T21:41:26, Done loop ...
2025-10-16T21:54:44, Setup Complete
2025-10-16T21:54:46, Data: 2025-10-16T21:54:44,3.64,25631,4985.00,4987.00,4986.00,-0.38,97.40,-0.27,879.13
2025-10-16T21:54:46, Add row to /TRACKING.csv
2025-10-16T21:54:46, Number of rows in /TRACKING.csv: 1
2025-10-16T21:54:49, Done loop ...
2025-10-16T22:11:32, Setup Complete
2025-10-16T22:11:34, Data: 2025-10-16T22:11:32,3.64,25631,4985.00,4988.00,4986.00,-0.60,97.47,-0.40,878.96
2025-10-16T22:11:34, Add row to /TRACKING.csv
2025-10-16T22:11:34, Number of rows in /TRACKING.csv: 2
2025-10-16T22:11:37, Done loop ...
2025-10-16T22:28:20, Setup Complete
2025-10-16T22:28:22, Data: 2025-10-16T22:28:20,3.64,25631,4985.00,4987.00,4985.00,-0.74,97.53,-0.56,879.05
2025-10-16T22:28:22, Add row to /TRACKING.csv
2025-10-16T22:28:22, Number of rows in /TRACKING.csv: 3
2025-10-16T22:28:25, Done loop ...
2025-10-16T22:45:07, Setup Complete
2025-10-16T22:45:10, Data: 2025-10-16T22:45:07,3.64,25631,4378.00,4987.00,4390.00,-0.87,97.57,-0.65,878.95
2025-10-16T22:45:10, Add row to /TRACKING.csv
2025-10-16T22:45:10, Number of rows in /TRACKING.csv: 4
2025-10-16T22:45:13, Number of rows in /TRACKING.csv is >= 4
2025-10-16T22:45:13, Remove tracking
2025-10-16T22:45:13, Write to /TRANSMIT.csv: 2025-10-16T22:45:07,3.64,4378.00,-0.9,98
2025-10-16T22:45:13, Number of rows in /TRANSMIT.csv: 1
2025-10-16T22:45:13, Current hour = 22, Transmission hour = 0
2025-10-16T22:45:13, Current hour = 22, Transmission hour = 1
2025-10-16T22:45:13, Current hour = 22, Transmission hour = 2
2025-10-16T22:45:13, Current hour = 22, Transmission hour = 3
2025-10-16T22:45:14, Current hour = 22, Transmission hour = 4
2025-10-16T22:45:14, Current hour = 22, Transmission hour = 5
2025-10-16T22:45:14, Current hour = 22, Transmission hour = 6
2025-10-16T22:45:14, Current hour = 22, Transmission hour = 7
2025-10-16T22:45:14, Current hour = 22, Transmission hour = 8
2025-10-16T22:45:14, Current hour = 22, Transmission hour = 9
2025-10-16T22:45:14, Current hour = 22, Transmission hour = 10
2025-10-16T22:45:14, Current hour = 22, Transmission hour = 11
2025-10-16T22:45:14, Current hour = 22, Transmission hour = 12
2025-10-16T22:45:14, Current hour = 22, Transmission hour = 13
2025-10-16T22:45:14, Current hour = 22, Transmission hour = 14
2025-10-16T22:45:14, Current hour = 22, Transmission hour = 15
2025-10-16T22:45:14, Current hour = 22, Transmission hour = 16
2025-10-16T22:45:14, Current hour = 22, Transmission hour = 17
2025-10-16T22:45:14, Current hour = 22, Transmission hour = 18
2025-10-16T22:45:14, Current hour = 22, Transmission hour = 19
2025-10-16T22:45:14, Current hour = 22, Transmission hour = 20
2025-10-16T22:45:14, Current hour = 22, Transmission hour = 21
2025-10-16T22:45:14, Current hour = 22, Transmission hour = 22
2025-10-16T22:45:14, 1622453438-00998
2025-10-16T22:45:16,  - attempt to send message: 1622453438-00998
2025-10-16T22:45:17,  - Modem begin successful
2025-10-16T22:45:17,  - Sending...
2025-10-16T22:46:49,  - Send response: 
2025-10-16T22:46:49,   - Sync clocks... 
2025-10-16T22:46:49,  - Arduino Old Time: 2025-10-17T06:46:49
2025-10-16T22:46:50,  - Arduino New Time: 2025-10-17T06:46:50
2025-10-16T22:46:50, Message sent! Removing /TRANSMIT.csv
2025-10-16T22:46:50, Done loop ...
2025-10-16T23:01:55, Setup Complete
2025-10-16T23:01:57, Data: 2025-10-16T23:01:55,3.64,25631,4984.00,4985.00,4985.00,-0.74,97.69,-0.66,879.05
2025-10-16T23:01:58, Add row to /TRACKING.csv
2025-10-16T23:01:58, Number of rows in /TRACKING.csv: 1
2025-10-16T23:02:00, Done loop ...
2025-10-16T23:18:43, Setup Complete
2025-10-16T23:18:45, Data: 2025-10-16T23:18:43,3.63,25631,4389.00,4988.00,4986.50,-0.67,97.73,-0.65,879.17
2025-10-16T23:18:45, Add row to /TRACKING.csv
2025-10-16T23:18:46, Number of rows in /TRACKING.csv: 2
2025-10-16T23:18:48, Done loop ...
2025-10-16T23:35:31, Setup Complete
2025-10-16T23:35:33, Data: 2025-10-16T23:35:31,3.64,25631,4388.00,4987.00,4398.50,-0.46,97.84,-0.53,879.39
2025-10-16T23:35:33, Add row to /TRACKING.csv
2025-10-16T23:35:33, Number of rows in /TRACKING.csv: 3
2025-10-16T23:35:36, Done loop ...
2025-10-16T23:52:19, Setup Complete
2025-10-16T23:52:21, Data: 2025-10-16T23:52:19,3.63,25631,4985.00,4987.00,4986.00,-0.53,97.86,-0.49,879.40
2025-10-16T23:52:21, Add row to /TRACKING.csv
2025-10-16T23:52:21, Number of rows in /TRACKING.csv: 4
2025-10-16T23:52:24, Number of rows in /TRACKING.csv is >= 4
2025-10-16T23:52:25, Remove tracking
2025-10-16T23:52:25, Write to /TRANSMIT.csv: 2025-10-16T23:52:19,3.63,4985.00,-0.5,98
2025-10-16T23:52:25, Number of rows in /TRANSMIT.csv: 1
2025-10-16T23:52:25, Current hour = 23, Transmission hour = 0
2025-10-16T23:52:25, Current hour = 23, Transmission hour = 1
2025-10-16T23:52:25, Current hour = 23, Transmission hour = 2
2025-10-16T23:52:25, Current hour = 23, Transmission hour = 3
2025-10-16T23:52:25, Current hour = 23, Transmission hour = 4
2025-10-16T23:52:25, Current hour = 23, Transmission hour = 5
2025-10-16T23:52:25, Current hour = 23, Transmission hour = 6
2025-10-16T23:52:25, Current hour = 23, Transmission hour = 7
2025-10-16T23:52:25, Current hour = 23, Transmission hour = 8
2025-10-16T23:52:25, Current hour = 23, Transmission hour = 9
2025-10-16T23:52:25, Current hour = 23, Transmission hour = 10
2025-10-16T23:52:25, Current hour = 23, Transmission hour = 11
2025-10-16T23:52:25, Current hour = 23, Transmission hour = 12
2025-10-16T23:52:25, Current hour = 23, Transmission hour = 13
2025-10-16T23:52:25, Current hour = 23, Transmission hour = 14
2025-10-16T23:52:25, Current hour = 23, Transmission hour = 15
2025-10-16T23:52:25, Current hour = 23, Transmission hour = 16
2025-10-16T23:52:25, Current hour = 23, Transmission hour = 17
2025-10-16T23:52:25, Current hour = 23, Transmission hour = 18
2025-10-16T23:52:26, Current hour = 23, Transmission hour = 19
2025-10-16T23:52:26, Current hour = 23, Transmission hour = 20
2025-10-16T23:52:26, Current hour = 23, Transmission hour = 21
2025-10-16T23:52:26, Current hour = 23, Transmission hour = 22
2025-10-16T23:52:26, Current hour = 23, Transmission hour = 23
2025-10-16T23:52:26, 1623523499-00598
2025-10-16T23:52:28,  - attempt to send message: 1623523499-00598
2025-10-16T23:52:28,  - Modem begin successful
2025-10-16T23:52:29,  - Sending...
2025-10-16T23:52:35,  - Send response: 
2025-10-16T23:52:35,   - Sync clocks... 
2025-10-16T23:52:35,  - Arduino Old Time: 2025-10-17T07:52:35
2025-10-16T23:52:35,  - Arduino New Time: 2025-10-17T07:52:35
2025-10-16T23:52:35, Message sent! Removing /TRANSMIT.csv
2025-10-16T23:52:35, Done loop ...
2025-10-17T00:09:07, Setup Complete
2025-10-17T00:09:09, Data: 2025-10-17T00:09:07,3.64,25631,4379.00,4987.00,4389.00,-0.81,97.80,-0.62,879.51
2025-10-17T00:09:09, Add row to /TRACKING.csv
2025-10-17T00:09:09, Number of rows in /TRACKING.csv: 1
2025-10-17T00:09:11, Done loop ...
2025-10-17T00:25:55, Setup Complete
2025-10-17T00:25:57, Data: 2025-10-17T00:25:55,3.62,25631,4373.00,4987.00,4985.50,-0.91,97.84,-0.75,879.78
2025-10-17T00:25:57, Add row to /TRACKING.csv
2025-10-17T00:25:57, Number of rows in /TRACKING.csv: 2
2025-10-17T00:26:00, Done loop ...
2025-10-17T00:42:42, Setup Complete
2025-10-17T00:42:45, Data: 2025-10-17T00:42:42,3.64,25631,4377.00,4987.00,4390.00,-0.81,97.90,-0.79,879.71
2025-10-17T00:42:45, Add row to /TRACKING.csv
2025-10-17T00:42:45, Number of rows in /TRACKING.csv: 3
2025-10-17T00:42:48, Done loop ...
2025-10-17T00:59:30, Setup Complete
2025-10-17T00:59:32, Data: 2025-10-17T00:59:30,3.63,25631,4374.00,4987.00,4380.50,-0.98,97.86,-1.00,879.70
2025-10-17T00:59:33, Add row to /TRACKING.csv
2025-10-17T00:59:33, Number of rows in /TRACKING.csv: 4
2025-10-17T00:59:36, Number of rows in /TRACKING.csv is >= 4
2025-10-17T00:59:36, Remove tracking
2025-10-17T00:59:36, Write to /TRANSMIT.csv: 2025-10-17T00:59:30,3.63,4374.00,-1.0,98
2025-10-17T00:59:36, Number of rows in /TRANSMIT.csv: 1
2025-10-17T00:59:36, Current hour = 0, Transmission hour = 0
2025-10-17T00:59:36, 1700593437-01098
2025-10-17T00:59:38,  - attempt to send message: 1700593437-01098
2025-10-17T00:59:39,  - Modem begin successful
2025-10-17T00:59:39,  - Sending...
2025-10-17T00:59:46,  - Send response: 
2025-10-17T00:59:46,   - Sync clocks... 
2025-10-17T00:59:46,  - Arduino Old Time: 2025-10-17T08:59:46
2025-10-17T00:59:46,  - Arduino New Time: 2025-10-17T08:59:46
2025-10-17T00:59:47, Message sent! Removing /TRANSMIT.csv
2025-10-17T00:59:47, Done loop ...
2025-10-17T01:16:18, Setup Complete
2025-10-17T01:16:20, Data: 2025-10-17T01:16:18,3.63,25631,4377.00,4396.00,4387.50,-0.97,97.90,-1.09,879.82
2025-10-17T01:16:20, Add row to /TRACKING.csv
2025-10-17T01:16:21, Number of rows in /TRACKING.csv: 1
2025-10-17T01:16:23, Done loop ...
2025-10-17T01:33:06, Setup Complete
2025-10-17T01:33:08, Data: 2025-10-17T01:33:06,3.64,25631,4985.00,4988.00,4986.50,-0.76,97.95,-0.89,879.96
2025-10-17T01:33:08, Add row to /TRACKING.csv
2025-10-17T01:33:08, Number of rows in /TRACKING.csv: 2
2025-10-17T01:33:11, Done loop ...
2025-10-17T01:49:54, Setup Complete
2025-10-17T01:49:56, Data: 2025-10-17T01:49:54,3.64,25631,4985.00,4987.00,4986.00,-0.69,97.98,-0.76,880.14
2025-10-17T01:49:56, Add row to /TRACKING.csv
2025-10-17T01:49:56, Number of rows in /TRACKING.csv: 3
2025-10-17T01:49:59, Done loop ...
2025-10-17T02:06:42, Setup Complete
2025-10-17T02:06:44, Data: 2025-10-17T02:06:42,3.64,25631,4380.00,4988.00,4689.50,-0.59,97.99,-0.68,880.11
2025-10-17T02:06:44, Add row to /TRACKING.csv
2025-10-17T02:06:44, Number of rows in /TRACKING.csv: 4
2025-10-17T02:06:47, Number of rows in /TRACKING.csv is >= 4
2025-10-17T02:06:47, Remove tracking
2025-10-17T02:06:47, Write to /TRANSMIT.csv: 2025-10-17T02:06:42,3.64,4380.00,-0.6,98
2025-10-17T02:06:47, Number of rows in /TRANSMIT.csv: 1
2025-10-17T02:06:47, Current hour = 2, Transmission hour = 0
2025-10-17T02:06:48, Current hour = 2, Transmission hour = 1
2025-10-17T02:06:48, Current hour = 2, Transmission hour = 2
2025-10-17T02:06:48, 1702063438-00698
2025-10-17T02:06:50,  - attempt to send message: 1702063438-00698
2025-10-17T02:06:50,  - Modem begin successful
2025-10-17T02:06:50,  - Sending...
2025-10-17T02:06:58,  - Send response: 
2025-10-17T02:06:58,   - Sync clocks... 
2025-10-17T02:06:58,  - Arduino Old Time: 2025-10-17T10:06:58
2025-10-17T02:06:58,  - Arduino New Time: 2025-10-17T10:06:58
2025-10-17T02:06:59, Message sent! Removing /TRANSMIT.csv
2025-10-17T02:06:59, Done loop ...
2025-10-17T02:23:29, Setup Complete
2025-10-17T02:23:32, Data: 2025-10-17T02:23:29,3.63,25631,4986.00,4987.00,4987.00,-0.48,98.05,-0.57,880.16
2025-10-17T02:23:32, Add row to /TRACKING.csv
2025-10-17T02:23:32, Number of rows in /TRACKING.csv: 1
2025-10-17T02:23:34, Done loop ...
2025-10-17T02:40:17, Setup Complete
2025-10-17T02:40:19, Data: 2025-10-17T02:40:17,3.63,25631,4381.00,4986.00,4986.00,-0.50,98.03,-0.52,880.13
2025-10-17T02:40:19, Add row to /TRACKING.csv
2025-10-17T02:40:20, Number of rows in /TRACKING.csv: 2
2025-10-17T02:40:22, Done loop ...
2025-10-17T02:57:05, Setup Complete
2025-10-17T02:57:07, Data: 2025-10-17T02:57:05,3.64,25631,4387.00,4988.00,4987.00,-0.42,98.11,-0.48,880.21
2025-10-17T02:57:07, Add row to /TRACKING.csv
2025-10-17T02:57:08, Number of rows in /TRACKING.csv: 3
2025-10-17T02:57:10, Done loop ...
2025-10-17T03:13:53, Setup Complete
2025-10-17T03:13:55, Data: 2025-10-17T03:13:53,3.64,25631,4985.00,4986.00,4985.50,-0.36,98.13,-0.41,880.26
2025-10-17T03:13:55, Add row to /TRACKING.csv
2025-10-17T03:13:55, Number of rows in /TRACKING.csv: 4
2025-10-17T03:13:59, Number of rows in /TRACKING.csv is >= 4
2025-10-17T03:13:59, Remove tracking
2025-10-17T03:13:59, Write to /TRANSMIT.csv: 2025-10-17T03:13:53,3.64,4985.00,-0.4,98
2025-10-17T03:13:59, Number of rows in /TRANSMIT.csv: 1
2025-10-17T03:13:59, Current hour = 3, Transmission hour = 0
2025-10-17T03:13:59, Current hour = 3, Transmission hour = 1
2025-10-17T03:13:59, Current hour = 3, Transmission hour = 2
2025-10-17T03:13:59, Current hour = 3, Transmission hour = 3
2025-10-17T03:13:59, 1703133499-00498
2025-10-17T03:14:01,  - attempt to send message: 1703133499-00498
2025-10-17T03:14:02,  - Modem begin successful
2025-10-17T03:14:02,  - Sending...
2025-10-17T03:15:36,  - Send response: 
2025-10-17T03:15:36,   - Sync clocks... 
2025-10-17T03:15:36,  - Arduino Old Time: 2025-10-17T11:15:36
2025-10-17T03:15:35,  - Arduino New Time: 2025-10-17T11:15:35
2025-10-17T03:15:35, Message sent! Removing /TRANSMIT.csv
2025-10-17T03:15:35, Done loop ...
2025-10-17T03:30:40, Setup Complete
2025-10-17T03:30:42, Data: 2025-10-17T03:30:40,3.63,25631,4358.00,4986.00,4372.00,-0.38,98.15,-0.37,880.20
2025-10-17T03:30:42, Add row to /TRACKING.csv
2025-10-17T03:30:42, Number of rows in /TRACKING.csv: 1
2025-10-17T03:30:45, Done loop ...
2025-10-17T03:47:28, Setup Complete
2025-10-17T03:47:30, Data: 2025-10-17T03:47:28,3.64,25631,4986.00,4987.00,4986.00,-0.35,98.18,-0.38,880.16
2025-10-17T03:47:30, Add row to /TRACKING.csv
2025-10-17T03:47:30, Number of rows in /TRACKING.csv: 2
2025-10-17T03:47:33, Done loop ...
2025-10-17T04:04:16, Setup Complete
2025-10-17T04:04:18, Data: 2025-10-17T04:04:16,3.64,25631,4987.00,4988.00,4988.00,-0.33,98.24,-0.37,880.11
2025-10-17T04:04:18, Add row to /TRACKING.csv
2025-10-17T04:04:18, Number of rows in /TRACKING.csv: 3
2025-10-17T04:04:21, Done loop ...
2025-10-17T04:21:04, Setup Complete
2025-10-17T04:21:06, Data: 2025-10-17T04:21:04,3.64,25631,4986.00,4987.00,4987.00,-0.29,98.24,-0.34,879.97
2025-10-17T04:21:06, Add row to /TRACKING.csv
2025-10-17T04:21:06, Number of rows in /TRACKING.csv: 4
2025-10-17T04:21:09, Number of rows in /TRACKING.csv is >= 4
2025-10-17T04:21:09, Remove tracking
2025-10-17T04:21:09, Write to /TRANSMIT.csv: 2025-10-17T04:21:04,3.64,4986.00,-0.3,98
2025-10-17T04:21:09, Number of rows in /TRANSMIT.csv: 1
2025-10-17T04:21:09, Current hour = 4, Transmission hour = 0
2025-10-17T04:21:09, Current hour = 4, Transmission hour = 1
2025-10-17T04:21:09, Current hour = 4, Transmission hour = 2
2025-10-17T04:21:09, Current hour = 4, Transmission hour = 3
2025-10-17T04:21:10, Current hour = 4, Transmission hour = 4
2025-10-17T04:21:10, 1704213499-00398
2025-10-17T04:21:12,  - attempt to send message: 1704213499-00398
2025-10-17T04:21:12,  - Modem begin successful
2025-10-17T04:21:12,  - Sending...
2025-10-17T04:21:19,  - Send response: 
2025-10-17T04:21:19,   - Sync clocks... 
2025-10-17T04:21:19,  - Arduino Old Time: 2025-10-17T12:21:19
2025-10-17T04:21:19,  - Arduino New Time: 2025-10-17T12:21:19
2025-10-17T04:21:19, Message sent! Removing /TRANSMIT.csv
2025-10-17T04:21:19, Done loop ...
2025-10-17T04:37:51, Setup Complete
2025-10-17T04:37:54, Data: 2025-10-17T04:37:52,3.64,25631,4986.00,4988.00,4986.00,-0.29,98.26,-0.31,880.09
2025-10-17T04:37:54, Add row to /TRACKING.csv
2025-10-17T04:37:54, Number of rows in /TRACKING.csv: 1
2025-10-17T04:37:56, Done loop ...
2025-10-17T04:54:39, Setup Complete
2025-10-17T04:54:41, Data: 2025-10-17T04:54:39,3.64,25631,4340.00,4365.00,4361.00,-0.32,98.28,-0.31,880.06
2025-10-17T04:54:41, Add row to /TRACKING.csv
2025-10-17T04:54:42, Number of rows in /TRACKING.csv: 2
2025-10-17T04:54:44, Done loop ...
2025-10-17T05:11:27, Setup Complete
2025-10-17T05:11:29, Data: 2025-10-17T05:11:27,3.64,25631,4363.00,4988.00,4987.00,-0.23,98.27,-0.30,880.21
2025-10-17T05:11:29, Add row to /TRACKING.csv
2025-10-17T05:11:29, Number of rows in /TRACKING.csv: 3
2025-10-17T05:11:32, Done loop ...
2025-10-17T05:28:15, Setup Complete
2025-10-17T05:28:17, Data: 2025-10-17T05:28:15,3.63,25631,4985.00,4988.00,4986.00,-0.23,98.31,-0.27,880.23
2025-10-17T05:28:17, Add row to /TRACKING.csv
2025-10-17T05:28:17, Number of rows in /TRACKING.csv: 4
2025-10-17T05:28:21, Number of rows in /TRACKING.csv is >= 4
2025-10-17T05:28:21, Remove tracking
2025-10-17T05:28:21, Write to /TRANSMIT.csv: 2025-10-17T05:28:15,3.63,4985.00,-0.2,98
2025-10-17T05:28:21, Number of rows in /TRANSMIT.csv: 1
2025-10-17T05:28:21, Current hour = 5, Transmission hour = 0
2025-10-17T05:28:21, Current hour = 5, Transmission hour = 1
2025-10-17T05:28:21, Current hour = 5, Transmission hour = 2
2025-10-17T05:28:21, Current hour = 5, Transmission hour = 3
2025-10-17T05:28:21, Current hour = 5, Transmission hour = 4
2025-10-17T05:28:21, Current hour = 5, Transmission hour = 5
2025-10-17T05:28:21, 1705283499-00298
2025-10-17T05:28:23,  - attempt to send message: 1705283499-00298
2025-10-17T05:28:24,  - Modem begin successful
2025-10-17T05:28:24,  - Sending...
2025-10-17T05:28:28,  - Send response: 
2025-10-17T05:28:28,   - Sync clocks... 
2025-10-17T05:28:28,  - Arduino Old Time: 2025-10-17T13:28:28
2025-10-17T05:28:27,  - Arduino New Time: 2025-10-17T13:28:27
2025-10-17T05:28:27, Message sent! Removing /TRANSMIT.csv
2025-10-17T05:28:27, Done loop ...
2025-10-17T05:45:02, Setup Complete
2025-10-17T05:45:04, Data: 2025-10-17T05:45:02,3.64,25631,4351.00,4987.00,4677.00,-0.19,98.37,-0.24,880.38
2025-10-17T05:45:04, Add row to /TRACKING.csv
2025-10-17T05:45:04, Number of rows in /TRACKING.csv: 1
2025-10-17T05:45:07, Done loop ...
2025-10-17T06:01:50, Setup Complete
2025-10-17T06:01:52, Data: 2025-10-17T06:01:50,3.63,25631,4985.00,4987.00,4985.50,-0.18,98.34,-0.23,880.46
2025-10-17T06:01:52, Add row to /TRACKING.csv
2025-10-17T06:01:52, Number of rows in /TRACKING.csv: 2
2025-10-17T06:01:55, Done loop ...
2025-10-17T06:18:38, Setup Complete
2025-10-17T06:18:40, Data: 2025-10-17T06:18:38,3.64,25631,4986.00,4988.00,4987.00,-0.22,98.41,-0.25,880.38
2025-10-17T06:18:40, Add row to /TRACKING.csv
2025-10-17T06:18:40, Number of rows in /TRACKING.csv: 3
2025-10-17T06:18:43, Done loop ...
2025-10-17T06:35:25, Setup Complete
2025-10-17T06:35:28, Data: 2025-10-17T06:35:26,3.64,25631,4358.00,4986.00,4368.50,-0.18,98.39,-0.22,880.46
2025-10-17T06:35:28, Add row to /TRACKING.csv
2025-10-17T06:35:28, Number of rows in /TRACKING.csv: 4
2025-10-17T06:35:31, Number of rows in /TRACKING.csv is >= 4
2025-10-17T06:35:31, Remove tracking
2025-10-17T06:35:31, Write to /TRANSMIT.csv: 2025-10-17T06:35:26,3.64,4358.00,-0.2,98
2025-10-17T06:35:31, Number of rows in /TRANSMIT.csv: 1
2025-10-17T06:35:31, Current hour = 6, Transmission hour = 0
2025-10-17T06:35:31, Current hour = 6, Transmission hour = 1
2025-10-17T06:35:31, Current hour = 6, Transmission hour = 2
2025-10-17T06:35:31, Current hour = 6, Transmission hour = 3
2025-10-17T06:35:32, Current hour = 6, Transmission hour = 4
2025-10-17T06:35:32, Current hour = 6, Transmission hour = 5
2025-10-17T06:35:32, Current hour = 6, Transmission hour = 6
2025-10-17T06:35:32, 1706353436-00298
2025-10-17T06:35:34,  - attempt to send message: 1706353436-00298
2025-10-17T06:35:34,  - Modem begin successful
2025-10-17T06:35:34,  - Sending...
2025-10-17T06:38:10,  - Send response: 
2025-10-17T06:38:10,   - Sync clocks... 
2025-10-17T06:38:10,  - Arduino Old Time: 2025-10-17T14:38:10
2025-10-17T06:38:10,  - Arduino New Time: 2025-10-17T14:38:10
2025-10-17T06:38:10, Message sent! Removing /TRANSMIT.csv
2025-10-17T06:38:10, Done loop ...
2025-10-17T06:52:13, Setup Complete
2025-10-17T06:52:16, Data: 2025-10-17T06:52:13,3.64,25631,4333.00,4352.00,4345.00,-0.12,98.46,-0.16,880.67
2025-10-17T06:52:16, Add row to /TRACKING.csv
2025-10-17T06:52:16, Number of rows in /TRACKING.csv: 1
2025-10-17T06:52:18, Done loop ...
2025-10-17T07:09:01, Setup Complete
2025-10-17T07:09:03, Data: 2025-10-17T07:09:01,3.63,25631,4333.00,4988.00,4988.00,-0.04,98.49,-0.08,880.67
2025-10-17T07:09:03, Add row to /TRACKING.csv
2025-10-17T07:09:04, Number of rows in /TRACKING.csv: 2
2025-10-17T07:09:06, Done loop ...
2025-10-17T07:25:49, Setup Complete
2025-10-17T07:25:51, Data: 2025-10-17T07:25:49,3.63,25631,4332.00,4986.00,4347.50,0.03,98.47,0.08,880.64
2025-10-17T07:25:51, Add row to /TRACKING.csv
2025-10-17T07:25:51, Number of rows in /TRACKING.csv: 3
2025-10-17T07:25:54, Done loop ...
2025-10-17T07:42:37, Setup Complete
2025-10-17T07:42:39, Data: 2025-10-17T07:42:37,3.62,25631,4356.00,4986.00,4985.00,0.05,98.49,0.16,880.92
2025-10-17T07:42:39, Add row to /TRACKING.csv
2025-10-17T07:42:39, Number of rows in /TRACKING.csv: 4
2025-10-17T07:42:43, Number of rows in /TRACKING.csv is >= 4
2025-10-17T07:42:43, Remove tracking
2025-10-17T07:42:43, Write to /TRANSMIT.csv: 2025-10-17T07:42:37,3.62,4356.00,0.1,98
2025-10-17T07:42:43, Number of rows in /TRANSMIT.csv: 1
2025-10-17T07:42:43, Current hour = 7, Transmission hour = 0
2025-10-17T07:42:43, Current hour = 7, Transmission hour = 1
2025-10-17T07:42:43, Current hour = 7, Transmission hour = 2
2025-10-17T07:42:43, Current hour = 7, Transmission hour = 3
2025-10-17T07:42:43, Current hour = 7, Transmission hour = 4
2025-10-17T07:42:43, Current hour = 7, Transmission hour = 5
2025-10-17T07:42:43, Current hour = 7, Transmission hour = 6
2025-10-17T07:42:43, Current hour = 7, Transmission hour = 7
2025-10-17T07:42:43, 1707423436+00198
2025-10-17T07:42:45,  - attempt to send message: 1707423436+00198
2025-10-17T07:42:46,  - Modem begin successful
2025-10-17T07:42:46,  - Sending...
2025-10-17T07:42:49,  - Send response: 
2025-10-17T07:42:49,   - Sync clocks... 
2025-10-17T07:42:49,  - Arduino Old Time: 2025-10-17T15:42:49
2025-10-17T07:42:49,  - Arduino New Time: 2025-10-17T15:42:49
2025-10-17T07:42:49, Message sent! Removing /TRANSMIT.csv
2025-10-17T07:42:49, Done loop ...
2025-10-17T07:59:25, Setup Complete
2025-10-17T07:59:27, Data: 2025-10-17T07:59:25,3.63,25631,4346.00,4986.00,4362.50,0.09,98.49,0.40,880.98
2025-10-17T07:59:27, Add row to /TRACKING.csv
2025-10-17T07:59:27, Number of rows in /TRACKING.csv: 1
2025-10-17T07:59:30, Done loop ...
2025-10-17T08:16:13, Setup Complete
2025-10-17T08:16:15, Data: 2025-10-17T08:16:13,3.63,25631,4337.00,4348.00,4341.00,0.16,98.49,0.69,880.96
2025-10-17T08:16:15, Add row to /TRACKING.csv
2025-10-17T08:16:15, Number of rows in /TRACKING.csv: 2
2025-10-17T08:16:18, Done loop ...
2025-10-17T08:33:01, Setup Complete
2025-10-17T08:33:03, Data: 2025-10-17T08:33:01,3.63,25631,4342.00,4356.00,4347.50,0.17,98.57,0.68,881.17
2025-10-17T08:33:03, Add row to /TRACKING.csv
2025-10-17T08:33:03, Number of rows in /TRACKING.csv: 3
2025-10-17T08:33:06, Done loop ...
2025-10-17T08:49:49, Setup Complete
2025-10-17T08:49:51, Data: 2025-10-17T08:49:49,3.63,25631,4333.00,4986.00,4341.50,0.23,98.54,1.14,881.18
2025-10-17T08:49:51, Add row to /TRACKING.csv
2025-10-17T08:49:51, Number of rows in /TRACKING.csv: 4
2025-10-17T08:49:54, Number of rows in /TRACKING.csv is >= 4
2025-10-17T08:49:54, Remove tracking
2025-10-17T08:49:54, Write to /TRANSMIT.csv: 2025-10-17T08:49:49,3.63,4333.00,0.2,99
2025-10-17T08:49:55, Number of rows in /TRANSMIT.csv: 1
2025-10-17T08:49:55, Current hour = 8, Transmission hour = 0
2025-10-17T08:49:55, Current hour = 8, Transmission hour = 1
2025-10-17T08:49:55, Current hour = 8, Transmission hour = 2
2025-10-17T08:49:55, Current hour = 8, Transmission hour = 3
2025-10-17T08:49:55, Current hour = 8, Transmission hour = 4
2025-10-17T08:49:55, Current hour = 8, Transmission hour = 5
2025-10-17T08:49:55, Current hour = 8, Transmission hour = 6
2025-10-17T08:49:55, Current hour = 8, Transmission hour = 7
2025-10-17T08:49:55, Current hour = 8, Transmission hour = 8
2025-10-17T08:49:55, 1708493433+00299
2025-10-17T08:49:57,  - attempt to send message: 1708493433+00299
2025-10-17T08:49:58,  - Modem begin successful
2025-10-17T08:49:58,  - Sending...
2025-10-17T08:52:38,  - Send response: 
2025-10-17T08:52:38,   - Sync clocks... 
2025-10-17T08:52:38,  - Arduino Old Time: 2025-10-17T16:52:38
2025-10-17T08:52:38,  - Arduino New Time: 2025-10-17T16:52:38
2025-10-17T08:52:38, Message sent! Removing /TRANSMIT.csv
2025-10-17T08:52:38, Done loop ...
2025-10-17T09:06:36, Setup Complete
2025-10-17T09:06:38, Data: 2025-10-17T09:06:36,3.64,25631,4314.00,4986.00,4332.50,0.26,98.60,1.39,881.21
2025-10-17T09:06:38, Add row to /TRACKING.csv
2025-10-17T09:06:38, Number of rows in /TRACKING.csv: 1
2025-10-17T09:06:40, Done loop ...
2025-10-17T09:23:24, Setup Complete
2025-10-17T09:23:26, Data: 2025-10-17T09:23:24,3.63,25631,4336.00,4356.00,4344.50,0.33,98.58,1.49,881.28
2025-10-17T09:23:26, Add row to /TRACKING.csv
2025-10-17T09:23:26, Number of rows in /TRACKING.csv: 2
2025-10-17T09:23:29, Done loop ...
2025-10-17T09:40:12, Setup Complete
2025-10-17T09:40:14, Data: 2025-10-17T09:40:12,3.64,25631,4277.00,4986.00,4332.00,0.51,98.56,1.92,881.48
2025-10-17T09:40:14, Add row to /TRACKING.csv
2025-10-17T09:40:14, Number of rows in /TRACKING.csv: 3
2025-10-17T09:40:17, Done loop ...
2025-10-17T09:57:00, Setup Complete
2025-10-17T09:57:02, Data: 2025-10-17T09:57:00,3.63,25631,4288.00,4338.00,4331.50,0.58,98.42,1.91,881.48
2025-10-17T09:57:02, Add row to /TRACKING.csv
2025-10-17T09:57:02, Number of rows in /TRACKING.csv: 4
2025-10-17T09:57:05, Number of rows in /TRACKING.csv is >= 4
2025-10-17T09:57:05, Remove tracking
2025-10-17T09:57:05, Write to /TRANSMIT.csv: 2025-10-17T09:57:00,3.63,4288.00,0.6,98
2025-10-17T09:57:06, Number of rows in /TRANSMIT.csv: 1
2025-10-17T09:57:06, Current hour = 9, Transmission hour = 0
2025-10-17T09:57:06, Current hour = 9, Transmission hour = 1
2025-10-17T09:57:06, Current hour = 9, Transmission hour = 2
2025-10-17T09:57:06, Current hour = 9, Transmission hour = 3
2025-10-17T09:57:06, Current hour = 9, Transmission hour = 4
2025-10-17T09:57:06, Current hour = 9, Transmission hour = 5
2025-10-17T09:57:06, Current hour = 9, Transmission hour = 6
2025-10-17T09:57:06, Current hour = 9, Transmission hour = 7
2025-10-17T09:57:06, Current hour = 9, Transmission hour = 8
2025-10-17T09:57:06, Current hour = 9, Transmission hour = 9
2025-10-17T09:57:06, 1709573429+00698
2025-10-17T09:57:08,  - attempt to send message: 1709573429+00698
2025-10-17T09:57:09,  - Modem begin successful
2025-10-17T09:57:09,  - Sending...
2025-10-17T09:58:45,  - Send response: 
2025-10-17T09:58:45,   - Sync clocks... 
2025-10-17T09:58:45,  - Arduino Old Time: 2025-10-17T17:58:45
2025-10-17T09:58:45,  - Arduino New Time: 2025-10-17T17:58:45
2025-10-17T09:58:45, Message sent! Removing /TRANSMIT.csv
2025-10-17T09:58:45, Done loop ...
