DATETIME, MESSAGE: 
2025-01-31T11:57:58, Setup Complete
2019-12-14T16:20:03, Data: 2025-01-31T11:57:58,4.10,25631,2426.00,2448.00,2438.50,-9.05,73.59,-7.67,863.61
2019-12-14T16:19:03, Add row to /TRACKING.csv
2022-09-10T16:00:03, Number of rows in /TRACKING.csv: 1
2019-12-14T16:19:03, Done loop ...
2019-12-14T16:19:03, ... powering down.
2020-01-27T16:18:03, RTC Initialization Failed
2020-01-27T16:18:03, Setup Complete
2020-01-27T16:23:03, Data: 2011-11-05T16:02:03,4.06,25003,2429.00,2498.00,2449.00,-4.95,64.49,-3.49,863.32
2020-01-27T16:21:03, Add row to /TRACKING.csv
2022-10-24T16:00:03, Number of rows in /TRACKING.csv: 2
2020-01-27T16:22:03, Done loop ...
2020-01-27T16:22:03, ... powering down.
2020-01-27T16:22:03, Power down failed
2020-01-27T16:24:03, Data: 2009-03-17T17:25:03,4.06,24487,2445.00,4964.00,2457.00,-5.01,64.57,-3.41,863.32
2020-01-27T16:21:03, Add row to /TRACKING.csv
2022-10-24T16:00:03, Number of rows in /TRACKING.csv: 3
2020-01-27T16:22:03, Done loop ...
2020-01-27T16:22:03, ... powering down.
2020-01-27T16:18:03, RTC Initialization Failed
2020-01-27T16:18:03, Setup Complete
2020-01-27T16:23:03, Data: 2009-05-14T16:02:03,4.05,25003,2453.00,4968.00,3725.00,-5.09,64.73,-3.34,863.32
2020-01-27T16:21:03, Add row to /TRACKING.csv
2022-10-04T16:56:03, Number of rows in /TRACKING.csv: 4
2020-01-27T16:21:03, Number of rows in /TRACKING.csv is >= 4
2020-01-27T16:22:03, Remove tracking
2020-01-27T16:23:03, Write to /TRANSMIT.csv: 2009-05-14T16:02:03,4.05,2453.00,-5.1,65
2022-10-04T16:56:03, Number of rows in /TRANSMIT.csv: 1
2003-01-30T16:00:03, Current hour = 16, Transmission hour = 1
2003-01-30T16:00:03, Current hour = 16, Transmission hour = 6
2003-01-30T16:00:03, Current hour = 16, Transmission hour = 8
2003-01-30T16:00:03, Current hour = 16, Transmission hour = 10
2003-01-30T16:00:03, Current hour = 16, Transmission hour = 15
2003-01-30T16:00:03, Current hour = 16, Transmission hour = 20
2003-01-30T16:00:03, Current hour = 16, Transmission hour = 22
2020-01-27T16:22:03, Done loop ...
2020-01-27T16:22:03, ... powering down.
2020-01-27T16:22:03, Power down failed
2020-01-27T16:23:03, Data: 2000-01-19T17:25:03,4.14,24215,2452.00,2486.00,2465.50,-5.19,64.90,-3.28,863.34
2020-01-27T16:21:03, Add row to /TRACKING.csv
2022-10-04T16:56:03, Number of rows in /TRACKING.csv: 1
2020-01-27T16:22:03, Done loop ...
2020-01-27T16:22:03, ... powering down.
2020-01-27T16:22:03, Power down failed
2020-01-27T16:23:03, Data: 2009-03-17T17:25:03,4.08,24215,2441.00,2471.00,2456.50,-5.28,65.11,-3.26,863.33
2020-01-27T16:21:03, Add row to /TRACKING.csv
2022-10-04T16:56:03, Number of rows in /TRACKING.csv: 2
2020-01-27T16:22:03, Done loop ...
2020-01-27T16:22:03, ... powering down.
2020-01-27T16:19:03, RTC Initialization Failed
2020-01-27T16:20:03, Setup Complete
2020-01-27T16:20:03, Data: 2009-05-14T16:02:03,3.96,25627,2451.00,2492.00,2470.50,-5.88,66.54,-2.83,863.32
2020-01-27T16:19:03, Add row to /TRACKING.csv
2023-03-18T06:25:03, Number of rows in /TRACKING.csv: 3
2020-01-27T16:19:03, Done loop ...
2020-01-27T16:19:03, ... powering down.
2020-01-27T16:19:03, RTC Initialization Failed
2020-01-27T16:20:03, Setup Complete
2020-01-27T16:20:03, Data: 2009-05-14T16:02:03,4.00,25627,2500.00,4989.00,4987.00,-6.32,69.03,-2.55,863.33
2020-01-27T16:19:03, Add row to /TRACKING.csv
2023-03-08T07:45:03, Number of rows in /TRACKING.csv: 4
2020-01-27T16:21:03, Number of rows in /TRACKING.csv is >= 4
2020-01-27T16:19:03, Remove tracking
2020-01-27T16:20:03, Write to /TRANSMIT.csv: 2009-05-14T16:02:03,4.00,2500.00,-6.3,69
2023-03-08T07:45:03, Number of rows in /TRANSMIT.csv: 2
2020-01-27T16:23:03, Current hour = 16, Transmission hour = 1
2020-01-27T16:23:03, Current hour = 16, Transmission hour = 6
2020-01-27T16:23:03, Current hour = 16, Transmission hour = 8
2020-01-27T16:23:03, Current hour = 16, Transmission hour = 10
2020-01-27T16:23:03, Current hour = 16, Transmission hour = 15
2020-01-27T16:23:03, Current hour = 16, Transmission hour = 20
2020-01-27T16:23:03, Current hour = 16, Transmission hour = 22
2020-01-27T16:19:03, Done loop ...
2020-01-27T16:19:03, ... powering down.
2020-01-27T16:19:03, RTC Initialization Failed
2020-01-27T16:20:03, Setup Complete
2020-01-27T16:20:03, Data: 2009-05-14T16:02:03,3.99,25627,2448.00,4987.00,2473.50,-6.50,70.29,-2.47,863.33
2020-01-27T16:19:03, Add row to /TRACKING.csv
2023-03-18T06:25:03, Number of rows in /TRACKING.csv: 1
2020-01-27T16:19:03, Done loop ...
2020-01-27T16:19:03, ... powering down.
2020-01-27T16:19:03, RTC Initialization Failed
2020-01-27T16:20:03, Setup Complete
2020-01-27T16:21:03, Data: 2009-05-14T16:02:03,4.00,25627,2466.00,4987.00,2472.50,-6.26,69.18,4.63,863.31
2020-01-27T16:19:03, Add row to /TRACKING.csv
2023-03-18T06:25:03, Number of rows in /TRACKING.csv: 2
2020-01-27T16:19:03, Done loop ...
2020-01-27T16:19:03, ... powering down.
2020-01-27T16:19:03, RTC Initialization Failed
2020-01-27T16:20:03, Setup Complete
2020-01-27T16:21:03, Data: 2011-11-25T16:09:03,4.00,25627,2442.00,4987.00,2463.50,-6.77,75.46,4.71,863.32
2020-01-27T16:19:03, Add row to /TRACKING.csv
2023-03-18T06:25:03, Number of rows in /TRACKING.csv: 3
2020-01-27T16:19:03, Done loop ...
2020-01-27T16:19:03, ... powering down.
2020-01-27T16:19:03, RTC Initialization Failed
2020-01-27T16:20:03, Setup Complete
2020-01-27T16:21:03, Data: 2009-05-14T16:02:03,3.98,25627,2452.00,4987.00,2460.00,-6.21,72.82,5.31,863.23
2020-01-27T16:19:03, Add row to /TRACKING.csv
2023-03-18T06:25:03, Number of rows in /TRACKING.csv: 4
2020-01-27T16:21:03, Number of rows in /TRACKING.csv is >= 4
2020-01-27T16:19:03, Remove tracking
2020-01-27T16:21:03, Write to /TRANSMIT.csv: 2009-05-14T16:02:03,3.98,2452.00,-6.2,73
2023-03-18T06:25:03, Number of rows in /TRANSMIT.csv: 3
2020-01-27T16:21:03, Current hour = 16, Transmission hour = 1
2020-01-27T16:21:03, Current hour = 16, Transmission hour = 6
2020-01-27T16:21:03, Current hour = 16, Transmission hour = 8
2020-01-27T16:21:03, Current hour = 16, Transmission hour = 10
2020-01-27T16:21:03, Current hour = 16, Transmission hour = 15
2020-01-27T16:21:03, Current hour = 16, Transmission hour = 20
2020-01-27T16:21:03, Current hour = 16, Transmission hour = 22
2020-01-27T16:19:03, Done loop ...
2020-01-27T16:19:03, ... powering down.
2020-01-27T16:19:03, RTC Initialization Failed
2020-01-27T16:20:03, Setup Complete
2020-01-27T16:21:03, Data: 2009-05-14T16:02:03,3.99,25627,2448.00,4988.00,4987.00,-5.84,73.51,5.80,863.16
2020-01-27T16:19:03, Add row to /TRACKING.csv
2023-03-18T06:25:03, Number of rows in /TRACKING.csv: 1
2020-01-27T16:19:03, Done loop ...
2020-01-27T16:19:03, ... powering down.
2020-01-27T16:19:03, RTC Initialization Failed
2020-01-27T16:20:03, Setup Complete
2020-01-27T16:21:03, Data: 2009-05-14T16:02:03,3.86,25627,2459.00,4990.00,4989.00,-9.53,85.27,0.44,863.00
2020-01-27T16:19:03, Add row to /TRACKING.csv
2023-03-18T06:25:03, Number of rows in /TRACKING.csv: 2
2020-01-27T16:19:03, Done loop ...
2020-01-27T16:19:03, ... powering down.
2020-01-27T16:19:03, RTC Initialization Failed
2020-01-27T16:20:03, Setup Complete
2020-01-27T16:20:03, Data: 2009-05-14T16:02:03,3.89,25627,2444.00,4989.00,2454.50,-9.07,83.09,-0.74,863.38
2020-01-27T16:19:03, Add row to /TRACKING.csv
2023-03-18T06:25:03, Number of rows in /TRACKING.csv: 3
2020-01-27T16:19:03, Done loop ...
2020-01-27T16:19:03, ... powering down.
2020-01-27T16:19:03, RTC Initialization Failed
2020-01-27T16:20:03, Setup Complete
2020-01-27T16:21:03, Data: 2009-05-14T16:02:03,3.88,25627,2431.00,4988.00,3729.00,-8.56,76.43,1.57,863.20
2020-01-27T16:19:03, Add row to /TRACKING.csv
2023-03-18T06:25:03, Number of rows in /TRACKING.csv: 4
2020-01-27T16:21:03, Number of rows in /TRACKING.csv is >= 4
2020-01-27T16:19:03, Remove tracking
2020-01-27T16:21:03, Write to /TRANSMIT.csv: 2009-05-14T16:02:03,3.88,2431.00,-8.6,76
2023-03-18T06:25:03, Number of rows in /TRANSMIT.csv: 4
2003-01-30T16:00:03, Current hour = 16, Transmission hour = 1
2003-01-30T16:00:03, Current hour = 16, Transmission hour = 6
2003-01-30T16:00:03, Current hour = 16, Transmission hour = 8
2003-01-30T16:00:03, Current hour = 16, Transmission hour = 10
2003-01-30T16:00:03, Current hour = 16, Transmission hour = 15
2003-01-30T16:00:03, Current hour = 16, Transmission hour = 20
2003-01-30T16:00:03, Current hour = 16, Transmission hour = 22
2020-01-27T16:19:03, Done loop ...
2020-01-27T16:19:03, ... powering down.
2020-01-27T16:19:03, RTC Initialization Failed
2020-01-27T16:20:03, Setup Complete
2020-01-27T16:20:03, Data: 2009-05-14T16:02:03,3.76,25627,2441.00,4990.00,2452.50,-9.97,85.98,-2.39,863.36
2020-01-27T16:19:03, Add row to /TRACKING.csv
2023-03-08T06:25:03, Number of rows in /TRACKING.csv: 1
2020-01-27T16:19:03, Done loop ...
2020-01-27T16:19:03, ... powering down.
2020-01-27T16:19:03, RTC Initialization Failed
2020-01-27T16:20:03, Setup Complete
2020-01-27T16:21:03, Data: 2009-05-14T16:02:03,3.84,25627,2430.00,4991.00,4990.00,-10.09,85.65,-4.29,863.34
2020-01-27T16:19:03, Add row to /TRACKING.csv
2023-03-18T07:45:03, Number of rows in /TRACKING.csv: 2
2020-01-27T16:19:03, Done loop ...
2020-01-27T16:19:03, ... powering down.
2020-01-27T16:19:03, RTC Initialization Failed
2020-01-27T16:20:03, Setup Complete
2020-01-27T16:21:03, Data: 2009-05-14T16:02:03,3.75,25627,4989.00,4992.00,4990.00,-10.56,88.75,-6.83,863.65
2020-01-27T16:19:03, Add row to /TRACKING.csv
2023-03-18T06:25:03, Number of rows in /TRACKING.csv: 3
2020-01-27T16:19:03, Done loop ...
2020-01-27T16:19:03, ... powering down.
2020-01-27T16:19:03, RTC Initialization Failed
2020-01-27T16:20:03, Setup Complete
2020-01-27T16:21:03, Data: 2009-05-14T16:02:03,3.74,25627,4989.00,4993.00,4991.50,-10.89,92.08,-8.23,863.75
2020-01-27T16:19:03, Add row to /TRACKING.csv
2023-03-18T06:25:03, Number of rows in /TRACKING.csv: 4
2020-01-27T16:21:03, Number of rows in /TRACKING.csv is >= 4
2020-01-27T16:19:03, Remove tracking
2020-01-27T16:21:03, Write to /TRANSMIT.csv: 2009-05-14T16:02:03,3.74,4989.00,-10.9,92
2023-03-18T06:25:03, Number of rows in /TRANSMIT.csv: 5
2003-01-30T16:00:03, Current hour = 16, Transmission hour = 1
2001-03-26T16:00:03, 1416024245-05165:250-06369:245-06273:243-08676:499-10992
2020-01-27T16:25:03,  - attempt to send message: 1416024245-05165:250-06369:245-06273:243-08676:499-10992
2020-01-27T16:25:03,  - Modem begin successful
2020-01-27T16:23:03,  - Sending...
2020-01-27T16:25:03,  - Send response: 
2020-01-27T16:25:03,   - Sync clocks... 
2020-01-27T16:24:03,  - Arduino Old Time: 2000-00-20T00:84:03
2020-01-27T16:24:03,  - Arduino New Time: 2001-00-23T59:44:03
2020-01-27T16:21:03, Message sent! Removing /TRANSMIT.csv
2020-01-27T16:19:03, Done loop ...
2020-01-27T16:19:03, ... powering down.
2020-01-27T16:19:03, RTC Initialization Failed
2020-01-27T16:20:03, Setup Complete
2020-01-27T16:21:03, Data: 2009-05-14T16:02:03,3.74,25627,4991.00,4992.00,4991.00,-10.95,90.10,-9.10,863.87
2020-01-27T16:19:03, Add row to /TRACKING.csv
2023-03-18T07:45:03, Number of rows in /TRACKING.csv: 1
2020-01-27T16:19:03, Done loop ...
2020-01-27T16:19:03, ... powering down.
2020-01-27T16:19:03, RTC Initialization Failed
2020-01-27T16:20:03, Setup Complete
2020-01-27T16:21:03, Data: 2009-05-14T16:02:03,3.74,25627,2411.00,4992.00,4989.50,-10.95,90.35,-9.71,863.98
2020-01-27T16:19:03, Add row to /TRACKING.csv
2023-03-18T07:45:03, Number of rows in /TRACKING.csv: 2
2020-01-27T16:19:03, Done loop ...
2020-01-27T16:19:03, ... powering down.
2020-01-27T16:19:03, RTC Initialization Failed
2020-01-27T16:20:03, Setup Complete
2020-01-27T16:21:03, Data: 2009-05-14T16:02:03,3.74,25627,4991.00,4994.00,4993.00,-11.14,90.29,-10.34,863.94
2020-01-27T16:19:03, Add row to /TRACKING.csv
2023-03-18T07:45:03, Number of rows in /TRACKING.csv: 3
2020-01-27T16:19:03, Done loop ...
2020-01-27T16:19:03, ... powering down.
2020-01-27T16:19:03, RTC Initialization Failed
2020-01-27T16:20:03, Setup Complete
2020-01-27T16:21:03, Data: 2009-05-14T16:02:03,3.73,25627,4990.00,4992.00,4992.00,-11.29,89.71,-10.81,864.02
2020-01-27T16:19:03, Add row to /TRACKING.csv
2023-03-18T07:45:03, Number of rows in /TRACKING.csv: 4
2020-01-27T16:21:03, Number of rows in /TRACKING.csv is >= 4
2020-01-27T16:19:03, Remove tracking
2020-01-27T16:21:03, Write to /TRANSMIT.csv: 2009-05-14T16:02:03,3.73,4990.00,-11.3,90
2023-03-18T07:45:03, Number of rows in /TRANSMIT.csv: 1
2020-01-27T16:23:03, Current hour = 16, Transmission hour = 1
2020-01-27T16:23:03, Current hour = 16, Transmission hour = 6
2020-01-27T16:23:03, Current hour = 16, Transmission hour = 8
2020-01-27T16:23:03, Current hour = 16, Transmission hour = 10
2020-01-27T16:23:03, Current hour = 16, Transmission hour = 15
2020-01-27T16:23:03, Current hour = 16, Transmission hour = 20
2020-01-27T16:23:03, Current hour = 16, Transmission hour = 22
2020-01-27T16:19:03, Done loop ...
2020-01-27T16:19:03, ... powering down.
2020-01-27T16:19:03, RTC Initialization Failed
2020-01-27T16:20:03, Setup Complete
2020-01-27T16:21:03, Data: 2000-01-19T16:11:03,3.73,25627,4990.00,4992.00,4991.00,-11.38,90.00,-11.23,864.14
2020-01-27T16:19:03, Add row to /TRACKING.csv
2023-03-18T07:45:03, Number of rows in /TRACKING.csv: 1
2020-01-27T16:19:03, Done loop ...
2020-01-27T16:19:03, ... powering down.
2020-01-27T16:19:03, RTC Initialization Failed
2020-01-27T16:20:03, Setup Complete
2020-01-27T16:21:03, Data: 2009-05-14T16:02:03,3.73,25627,4992.00,4994.00,4993.00,-11.61,89.38,-11.62,864.01
2020-01-27T16:19:03, Add row to /TRACKING.csv
2023-03-18T07:45:03, Number of rows in /TRACKING.csv: 2
2020-01-27T16:19:03, Done loop ...
2020-01-27T16:19:03, ... powering down.
2020-01-27T16:19:03, RTC Initialization Failed
2020-01-27T16:20:03, Setup Complete
2020-01-27T16:21:03, Data: 2000-01-19T16:11:03,3.73,25627,4993.00,4995.00,4994.00,-11.95,89.67,-12.10,864.24
2020-01-27T16:19:03, Add row to /TRACKING.csv
2023-03-18T07:45:03, Number of rows in /TRACKING.csv: 3
2020-01-27T16:19:03, Done loop ...
2020-01-27T16:19:03, ... powering down.
2020-01-27T16:19:03, RTC Initialization Failed
2020-01-27T16:20:03, Setup Complete
2043-04-29T09:31:47, Data: 2006-03-21T16:00:03,3.73,25627,4990.00,4992.00,4991.50,-11.71,90.33,-12.01,864.33
2020-01-27T16:19:03, Add row to /TRACKING.csv
2023-03-18T07:45:03, Number of rows in /TRACKING.csv: 4
2020-01-27T16:21:03, Number of rows in /TRACKING.csv is >= 4
2020-01-27T16:19:03, Remove tracking
2020-01-27T16:21:03, Write to /TRANSMIT.csv: 2006-03-21T16:00:03,3.73,4990.00,-11.7,90
2023-03-18T07:45:03, Number of rows in /TRANSMIT.csv: 2
2020-01-27T16:22:03, Current hour = 16, Transmission hour = 1
2020-01-27T16:22:03, Current hour = 16, Transmission hour = 6
2020-01-27T16:22:03, Current hour = 16, Transmission hour = 8
2020-01-27T16:22:03, Current hour = 16, Transmission hour = 10
2020-01-27T16:22:03, Current hour = 16, Transmission hour = 15
2020-01-27T16:22:03, Current hour = 16, Transmission hour = 20
2020-01-27T16:22:03, Current hour = 16, Transmission hour = 22
2020-01-27T16:19:03, Done loop ...
2020-01-27T16:19:03, ... powering down.
2020-01-27T16:19:03, RTC Initialization Failed
2020-01-27T16:20:03, Setup Complete
2020-01-27T16:21:03, Data: 2009-05-14T16:02:03,3.72,25627,4991.00,4993.00,4992.00,-11.43,89.84,-11.77,864.36
2020-01-27T16:19:03, Add row to /TRACKING.csv
2023-03-18T07:45:03, Number of rows in /TRACKING.csv: 1
2020-01-27T16:19:03, Done loop ...
2020-01-27T16:19:03, ... powering down.
2020-01-27T16:19:03, RTC Initialization Failed
2020-01-27T16:20:03, Setup Complete
2020-01-27T16:21:03, Data: 2009-05-14T16:02:03,3.72,25627,4992.00,4994.00,4993.00,-11.56,89.40,-11.76,864.35
2020-01-27T16:19:03, Add row to /TRACKING.csv
2023-03-18T07:45:03, Number of rows in /TRACKING.csv: 2
2020-01-27T16:19:03, Done loop ...
2020-01-27T16:19:03, ... powering down.
2020-01-27T16:19:03, RTC Initialization Failed
2020-01-27T16:20:03, Setup Complete
2020-01-27T16:21:03, Data: 2009-05-14T16:02:03,3.72,25627,4992.00,4994.00,4993.00,-11.84,89.56,-11.93,864.33
2020-01-27T16:19:03, Add row to /TRACKING.csv
2023-03-18T07:45:03, Number of rows in /TRACKING.csv: 3
2020-01-27T16:19:03, Done loop ...
2020-01-27T16:19:03, ... powering down.
2020-01-27T16:19:03, RTC Initialization Failed
2020-01-27T16:20:03, Setup Complete
2020-01-27T16:21:03, Data: 2009-05-14T16:02:03,3.72,25627,4991.00,4993.00,4993.00,-12.03,89.17,-12.17,864.32
2020-01-27T16:19:03, Add row to /TRACKING.csv
2023-03-18T07:45:03, Number of rows in /TRACKING.csv: 4
2020-01-27T16:21:03, Number of rows in /TRACKING.csv is >= 4
2020-01-27T16:19:03, Remove tracking
2020-01-27T16:21:03, Write to /TRANSMIT.csv: 2009-05-14T16:02:03,3.72,4991.00,-12.0,89
2023-03-18T07:45:03, Number of rows in /TRANSMIT.csv: 3
2003-01-30T16:00:03, Current hour = 16, Transmission hour = 1
2003-01-30T16:00:03, Current hour = 16, Transmission hour = 6
2003-01-30T16:00:03, Current hour = 16, Transmission hour = 8
2003-01-30T16:00:03, Current hour = 16, Transmission hour = 10
2003-01-30T16:00:03, Current hour = 16, Transmission hour = 15
2003-01-30T16:00:03, Current hour = 16, Transmission hour = 20
2003-01-30T16:00:03, Current hour = 16, Transmission hour = 22
2020-01-27T16:19:03, Done loop ...
2020-01-27T16:19:03, ... powering down.
2020-01-27T16:19:03, RTC Initialization Failed
2020-01-27T16:20:03, Setup Complete
2020-01-27T16:21:03, Data: 2009-05-14T16:02:03,3.72,25627,4992.00,4994.00,4993.00,-12.19,89.16,-12.37,864.50
2020-01-27T16:19:03, Add row to /TRACKING.csv
2023-03-18T07:45:03, Number of rows in /TRACKING.csv: 1
2020-01-27T16:19:03, Done loop ...
2020-01-27T16:19:03, ... powering down.
2020-01-27T16:19:03, RTC Initialization Failed
2020-01-27T16:20:03, Setup Complete
2020-01-27T16:21:03, Data: 2009-05-14T16:02:03,3.72,25627,4991.00,4993.00,4992.00,-12.11,89.50,-12.32,864.56
2020-01-27T16:19:03, Add row to /TRACKING.csv
2023-03-18T07:45:03, Number of rows in /TRACKING.csv: 2
2020-01-27T16:19:03, Done loop ...
2020-01-27T16:19:03, ... powering down.
2020-01-27T16:19:03, RTC Initialization Failed
2020-01-27T16:20:03, Setup Complete
2020-01-27T16:21:03, Data: 2000-01-19T16:11:03,3.72,25627,4990.00,4993.00,4992.00,-11.78,89.85,-12.16,864.65
2020-01-27T16:19:03, Add row to /TRACKING.csv
2023-03-18T06:25:03, Number of rows in /TRACKING.csv: 3
2020-01-27T16:19:03, Done loop ...
2020-01-27T16:19:03, ... powering down.
2020-01-27T16:19:03, RTC Initialization Failed
2020-01-27T16:20:03, Setup Complete
2020-01-27T16:21:03, Data: 2009-05-14T16:02:03,3.72,25627,4991.00,4993.00,4992.00,-11.71,89.78,-12.04,864.78
2020-01-27T16:19:03, Add row to /TRACKING.csv
2023-03-18T07:45:03, Number of rows in /TRACKING.csv: 4
2020-01-27T16:21:03, Number of rows in /TRACKING.csv is >= 4
2020-01-27T16:19:03, Remove tracking
2020-01-27T16:21:03, Write to /TRANSMIT.csv: 2009-05-14T16:02:03,3.72,4991.00,-11.7,90
2023-03-18T07:45:03, Number of rows in /TRANSMIT.csv: 4
2003-01-30T16:00:03, Current hour = 16, Transmission hour = 1
2003-01-30T16:00:03, Current hour = 16, Transmission hour = 6
2003-01-30T16:00:03, Current hour = 16, Transmission hour = 8
2003-01-30T16:00:03, Current hour = 16, Transmission hour = 10
2003-01-30T16:00:03, Current hour = 16, Transmission hour = 15
2003-01-30T16:00:03, Current hour = 16, Transmission hour = 20
2003-01-30T16:00:03, Current hour = 16, Transmission hour = 22
2020-01-27T16:19:03, Done loop ...
2020-01-27T16:19:03, ... powering down.
2020-01-27T16:19:03, RTC Initialization Failed
2020-01-27T16:20:03, Setup Complete
2020-01-27T16:21:03, Data: 2009-05-14T16:02:03,3.72,25627,4992.00,4995.00,4993.50,-11.53,89.81,-11.88,864.88
2020-01-27T16:19:03, Add row to /TRACKING.csv
2023-03-18T07:45:03, Number of rows in /TRACKING.csv: 1
2020-01-27T16:19:03, Done loop ...
2020-01-27T16:19:03, ... powering down.
2020-01-27T16:19:03, RTC Initialization Failed
2020-01-27T16:20:03, Setup Complete
2020-01-27T16:21:03, Data: 2009-05-14T16:02:03,3.72,25627,4992.00,4994.00,4992.00,-11.59,89.74,-11.83,864.96
2020-01-27T16:19:03, Add row to /TRACKING.csv
2023-03-18T07:45:03, Number of rows in /TRACKING.csv: 2
2020-01-27T16:19:03, Done loop ...
2020-01-27T16:19:03, ... powering down.
2020-01-27T16:19:03, RTC Initialization Failed
2020-01-27T16:20:03, Setup Complete
2020-01-27T16:21:03, Data: 2009-05-14T16:02:03,3.72,25627,4991.00,4993.00,4992.00,-11.59,89.61,-11.78,865.00
2020-01-27T16:19:03, Add row to /TRACKING.csv
2023-03-08T07:45:03, Number of rows in /TRACKING.csv: 3
2020-01-27T16:19:03, Done loop ...
2020-01-27T16:19:03, ... powering down.
2020-01-27T16:19:03, RTC Initialization Failed
2020-01-27T16:20:03, Setup Complete
2020-01-27T16:21:03, Data: 2009-05-14T16:02:03,3.72,25627,4992.00,4993.00,4992.50,-11.70,89.66,-11.82,865.09
2020-01-27T16:19:03, Add row to /TRACKING.csv
2023-03-18T07:45:03, Number of rows in /TRACKING.csv: 4
2020-01-27T16:21:03, Number of rows in /TRACKING.csv is >= 4
2020-01-27T16:19:03, Remove tracking
2020-01-27T16:21:03, Write to /TRANSMIT.csv: 2009-05-14T16:02:03,3.72,4992.00,-11.7,90
2023-03-18T07:45:03, Number of rows in /TRANSMIT.csv: 5
2003-01-30T16:00:03, Current hour = 16, Transmission hour = 1
2001-03-26T16:00:03, 1416024499-11390:499-11790:499-12089:499-11790:499-11790
2020-01-27T16:25:03,  - attempt to send message: 1416024499-11390:499-11790:499-12089:499-11790:499-11790
2020-01-27T16:21:03,  - Modem begin successful
2020-01-27T16:21:03,  - Sending...
2020-01-27T16:21:03,  - Send response: 
2020-01-27T16:22:03,   - Sync clocks... 
2020-01-27T16:25:03,  - Arduino Old Time: 2000-00-20T00:84:03
2020-01-27T16:24:03,  - Arduino New Time: 2002-00-05T35:38:03
2020-01-27T16:21:03, Message sent! Removing /TRANSMIT.csv
2020-01-27T16:19:03, Done loop ...
2020-01-27T16:19:03, ... powering down.
2020-01-27T16:19:03, RTC Initialization Failed
2020-01-27T16:20:03, Setup Complete
2020-01-27T16:21:03, Data: 2009-05-14T16:02:03,3.72,25627,4992.00,4995.00,4993.00,-11.75,89.53,-11.87,865.16
2020-01-27T16:19:03, Add row to /TRACKING.csv
2023-03-18T07:45:03, Number of rows in /TRACKING.csv: 1
2020-01-27T16:19:03, Done loop ...
2020-01-27T16:19:03, ... powering down.
2020-01-27T16:19:03, RTC Initialization Failed
2020-01-27T16:20:03, Setup Complete
2020-01-27T16:21:03, Data: 2009-05-14T16:02:03,3.73,25627,4991.00,4994.00,4993.00,-11.75,89.45,-11.97,865.06
2020-01-27T16:19:03, Add row to /TRACKING.csv
2023-03-18T07:45:03, Number of rows in /TRACKING.csv: 2
2020-01-27T16:19:03, Done loop ...
2020-01-27T16:19:03, ... powering down.
2020-01-27T16:19:03, RTC Initialization Failed
2020-01-27T16:20:03, Setup Complete
2020-01-27T16:21:03, Data: 2009-05-14T16:02:03,3.71,25627,2368.00,2394.00,2384.50,-11.63,89.25,-11.93,865.20
2020-01-27T16:19:03, Add row to /TRACKING.csv
2023-03-18T06:25:03, Number of rows in /TRACKING.csv: 3
2020-01-27T16:19:03, Done loop ...
2020-01-27T16:19:03, ... powering down.
2020-01-27T16:19:03, RTC Initialization Failed
2020-01-27T16:20:03, Setup Complete
2020-01-27T16:21:03, Data: 2009-05-14T16:02:03,3.72,25627,4993.00,4995.00,4994.00,-11.51,89.12,-11.83,865.33
2020-01-27T16:19:03, Add row to /TRACKING.csv
2023-03-18T07:45:03, Number of rows in /TRACKING.csv: 4
2020-01-27T16:21:03, Number of rows in /TRACKING.csv is >= 4
2020-01-27T16:19:03, Remove tracking
2020-01-27T16:21:03, Write to /TRANSMIT.csv: 2009-05-14T16:02:03,3.72,4993.00,-11.5,89
2023-03-18T07:45:03, Number of rows in /TRANSMIT.csv: 1
2020-01-27T16:23:03, Current hour = 16, Transmission hour = 1
2020-01-27T16:23:03, Current hour = 16, Transmission hour = 6
2020-01-27T16:23:03, Current hour = 16, Transmission hour = 8
2020-01-27T16:23:03, Current hour = 16, Transmission hour = 10
2020-01-27T16:23:03, Current hour = 16, Transmission hour = 15
2020-01-27T16:23:03, Current hour = 16, Transmission hour = 20
2020-01-27T16:23:03, Current hour = 16, Transmission hour = 22
2020-01-27T16:19:03, Done loop ...
2020-01-27T16:19:03, ... powering down.
2020-01-27T16:19:03, RTC Initialization Failed
2020-01-27T16:20:03, Setup Complete
2020-01-27T16:21:03, Data: 2009-05-14T16:02:03,3.71,25627,4993.00,4995.00,4994.00,-11.80,89.14,-12.01,865.50
2020-01-27T16:19:03, Add row to /TRACKING.csv
2023-03-18T07:45:03, Number of rows in /TRACKING.csv: 1
2020-01-27T16:19:03, Done loop ...
2020-01-27T16:19:03, ... powering down.
2020-01-27T16:19:03, RTC Initialization Failed
2020-01-27T16:20:03, Setup Complete
2020-01-27T16:21:03, Data: 2009-05-14T16:02:03,3.72,25627,4991.00,4993.00,4992.00,-11.66,88.16,-12.02,865.67
2020-01-27T16:19:03, Add row to /TRACKING.csv
2023-03-18T07:45:03, Number of rows in /TRACKING.csv: 2
2020-01-27T16:19:03, Done loop ...
2020-01-27T16:19:03, ... powering down.
2020-01-27T16:19:03, RTC Initialization Failed
2020-01-27T16:20:03, Setup Complete
2020-01-27T16:21:03, Data: 2009-05-14T16:02:03,3.70,25627,4992.00,4994.00,4992.00,-11.64,88.52,-11.93,865.91
2020-01-27T16:19:03, Add row to /TRACKING.csv
2023-03-18T07:45:03, Number of rows in /TRACKING.csv: 3
2020-01-27T16:19:03, Done loop ...
2020-01-27T16:19:03, ... powering down.
2020-01-27T16:19:03, RTC Initialization Failed
2020-01-27T16:20:03, Setup Complete
2020-01-27T16:21:03, Data: 2011-11-25T16:09:03,3.71,25627,4991.00,4992.00,4991.00,-11.70,88.97,-11.87,866.03
2020-01-27T16:19:03, Add row to /TRACKING.csv
2023-03-18T07:45:03, Number of rows in /TRACKING.csv: 4
2020-01-27T16:21:03, Number of rows in /TRACKING.csv is >= 4
2020-01-27T16:19:03, Remove tracking
2020-01-27T16:21:03, Write to /TRANSMIT.csv: 2011-11-25T16:09:03,3.71,4991.00,-11.7,89
2023-03-18T07:45:03, Number of rows in /TRANSMIT.csv: 2
2020-01-27T16:22:03, Current hour = 16, Transmission hour = 1
2020-01-27T16:22:03, Current hour = 16, Transmission hour = 6
2020-01-27T16:22:03, Current hour = 16, Transmission hour = 8
2020-01-27T16:22:03, Current hour = 16, Transmission hour = 10
2020-01-27T16:22:03, Current hour = 16, Transmission hour = 15
2020-01-27T16:22:03, Current hour = 16, Transmission hour = 20
2020-01-27T16:22:03, Current hour = 16, Transmission hour = 22
2020-01-27T16:19:03, Done loop ...
2020-01-27T16:19:03, ... powering down.
2020-01-27T16:19:03, RTC Initialization Failed
2020-01-27T16:20:03, Setup Complete
2020-01-27T16:21:03, Data: 2009-05-14T16:02:03,3.71,25627,4991.00,4992.00,4991.00,-11.80,89.27,-11.91,866.19
2020-01-27T16:19:03, Add row to /TRACKING.csv
2023-03-18T07:45:03, Number of rows in /TRACKING.csv: 1
2020-01-27T16:19:03, Done loop ...
2020-01-27T16:19:03, ... powering down.
2020-01-27T16:19:03, RTC Initialization Failed
2020-01-27T16:20:03, Setup Complete
2020-01-27T16:21:03, Data: 2009-05-14T16:02:03,3.72,25627,4993.00,4995.00,4993.50,-11.95,89.46,-12.01,866.24
2020-01-27T16:19:03, Add row to /TRACKING.csv
2023-03-18T07:45:03, Number of rows in /TRACKING.csv: 2
2020-01-27T16:19:03, Done loop ...
2020-01-27T16:19:03, ... powering down.
2020-01-27T16:19:03, RTC Initialization Failed
2020-01-27T16:20:03, Setup Complete
2020-01-27T16:21:03, Data: 2006-03-21T16:00:03,3.72,25627,4992.00,4995.00,4994.50,-11.95,84.88,-12.21,866.32
2020-01-27T16:19:03, Add row to /TRACKING.csv
2023-03-18T07:45:03, Number of rows in /TRACKING.csv: 3
2020-01-27T16:19:03, Done loop ...
2020-01-27T16:19:03, ... powering down.
2020-01-27T16:19:03, RTC Initialization Failed
2020-01-27T16:20:03, Setup Complete
2020-01-27T16:21:03, Data: 2009-05-14T16:02:03,3.72,25627,4991.00,4995.00,4993.00,-12.14,84.92,-12.35,866.46
2020-01-27T16:19:03, Add row to /TRACKING.csv
2023-03-08T07:45:03, Number of rows in /TRACKING.csv: 4
2020-01-27T16:21:03, Number of rows in /TRACKING.csv is >= 4
2020-01-27T16:19:03, Remove tracking
2020-01-27T16:21:03, Write to /TRANSMIT.csv: 2009-05-14T16:02:03,3.72,4991.00,-12.1,85
2023-03-08T07:45:03, Number of rows in /TRANSMIT.csv: 3
2003-01-30T16:00:03, Current hour = 16, Transmission hour = 1
2003-01-30T16:00:03, Current hour = 16, Transmission hour = 6
2003-01-30T16:00:03, Current hour = 16, Transmission hour = 8
2003-01-30T16:00:03, Current hour = 16, Transmission hour = 10
2003-01-30T16:00:03, Current hour = 16, Transmission hour = 15
2003-01-30T16:00:03, Current hour = 16, Transmission hour = 20
2003-01-30T16:00:03, Current hour = 16, Transmission hour = 22
2020-01-27T16:19:03, Done loop ...
2020-01-27T16:19:03, ... powering down.
2020-01-27T16:19:03, RTC Initialization Failed
2020-01-27T16:20:03, Setup Complete
2020-01-27T16:21:03, Data: 2000-01-19T16:11:03,3.72,25627,4991.00,4993.00,4992.00,-12.12,85.06,-12.41,866.59
2020-01-27T16:19:03, Add row to /TRACKING.csv
2023-03-18T07:45:03, Number of rows in /TRACKING.csv: 1
2020-01-27T16:19:03, Done loop ...
2020-01-27T16:19:03, ... powering down.
2020-01-27T16:19:03, RTC Initialization Failed
2020-01-27T16:20:03, Setup Complete
2020-01-27T16:21:03, Data: 2009-05-14T16:02:03,3.70,25627,4993.00,4995.00,4994.00,-12.15,85.63,-12.41,866.84
2020-01-27T16:19:03, Add row to /TRACKING.csv
2023-03-18T07:45:03, Number of rows in /TRACKING.csv: 2
2020-01-27T16:19:03, Done loop ...
2020-01-27T16:19:03, ... powering down.
2020-01-27T16:19:03, RTC Initialization Failed
2020-01-27T16:20:03, Setup Complete
2020-01-27T16:21:03, Data: 2009-05-14T16:02:03,3.72,25627,4991.00,4993.00,4992.50,-12.26,86.39,-12.45,866.90
2020-01-27T16:19:03, Add row to /TRACKING.csv
2023-03-18T07:45:03, Number of rows in /TRACKING.csv: 3
2020-01-27T16:19:03, Done loop ...
2020-01-27T16:19:03, ... powering down.
2020-01-27T16:19:03, RTC Initialization Failed
2020-01-27T16:20:03, Setup Complete
2020-01-27T16:21:03, Data: 2009-05-14T16:02:03,3.71,25627,4991.00,4993.00,4992.00,-12.42,87.78,-12.52,866.99
2020-01-27T16:19:03, Add row to /TRACKING.csv
2023-03-18T07:45:03, Number of rows in /TRACKING.csv: 4
2020-01-27T16:21:03, Number of rows in /TRACKING.csv is >= 4
2020-01-27T16:19:03, Remove tracking
2020-01-27T16:21:03, Write to /TRANSMIT.csv: 2009-05-14T16:02:03,3.71,4991.00,-12.4,88
2023-03-18T07:45:03, Number of rows in /TRANSMIT.csv: 4
2003-01-30T16:00:03, Current hour = 16, Transmission hour = 1
2003-01-30T16:00:03, Current hour = 16, Transmission hour = 6
2003-01-30T16:00:03, Current hour = 16, Transmission hour = 8
2003-01-30T16:00:03, Current hour = 16, Transmission hour = 10
2003-01-30T16:00:03, Current hour = 16, Transmission hour = 15
2003-01-30T16:00:03, Current hour = 16, Transmission hour = 20
2003-01-30T16:00:03, Current hour = 16, Transmission hour = 22
2020-01-27T16:19:03, Done loop ...
2020-01-27T16:19:03, ... powering down.
2020-01-27T16:19:03, RTC Initialization Failed
2020-01-27T16:20:03, Setup Complete
2020-01-27T16:21:03, Data: 2009-05-14T16:02:03,3.71,25627,4992.00,4994.00,4993.00,-12.47,88.36,-12.58,867.17
2020-01-27T16:19:03, Add row to /TRACKING.csv
2023-03-18T07:45:03, Number of rows in /TRACKING.csv: 1
2020-01-27T16:19:03, Done loop ...
2020-01-27T16:19:03, ... powering down.
2020-01-27T16:19:03, RTC Initialization Failed
2020-01-27T16:20:03, Setup Complete
2020-01-27T16:21:03, Data: 2009-05-14T16:02:03,3.71,25627,4993.00,4996.00,4995.00,-12.54,86.46,-12.66,867.15
2020-01-27T16:19:03, Add row to /TRACKING.csv
2023-03-18T07:45:03, Number of rows in /TRACKING.csv: 2
2020-01-27T16:19:03, Done loop ...
2020-01-27T16:19:03, ... powering down.
2020-01-27T16:19:03, RTC Initialization Failed
2020-01-27T16:20:03, Setup Complete
2020-01-27T16:21:03, Data: 2009-05-14T16:02:03,3.71,25627,4992.00,4995.00,4994.00,-12.56,85.34,-12.73,867.36
2020-01-27T16:19:03, Add row to /TRACKING.csv
2023-03-18T07:45:03, Number of rows in /TRACKING.csv: 3
2020-01-27T16:19:03, Done loop ...
2020-01-27T16:19:03, ... powering down.
2020-01-27T16:19:03, RTC Initialization Failed
2020-01-27T16:20:03, Setup Complete
2020-01-27T16:21:03, Data: 2009-05-14T16:02:03,3.71,25627,4992.00,4994.00,4993.00,-12.71,85.22,-12.80,867.65
2020-01-27T16:19:03, Add row to /TRACKING.csv
2023-03-18T07:45:03, Number of rows in /TRACKING.csv: 4
2020-01-27T16:21:03, Number of rows in /TRACKING.csv is >= 4
2020-01-27T16:19:03, Remove tracking
2020-01-27T16:21:03, Write to /TRANSMIT.csv: 2009-05-14T16:02:03,3.71,4992.00,-12.7,85
2023-03-18T07:45:03, Number of rows in /TRANSMIT.csv: 5
2003-01-30T16:00:03, Current hour = 16, Transmission hour = 1
2001-03-26T16:00:03, 1416024499-11589:499-11789:499-12185:499-12488:499-12785
2020-01-27T16:25:03,  - attempt to send message: 1416024499-11589:499-11789:499-12185:499-12488:499-12785
2020-01-27T16:21:03,  - Modem begin successful
2020-01-27T16:21:03,  - Sending...
2020-01-27T16:21:03,  - Send response: 
2020-01-27T16:22:03,   - Sync clocks... 
2020-01-27T16:25:03,  - Arduino Old Time: 2000-00-20T00:84:03
2020-01-27T16:24:03,  - Arduino New Time: 2002-00-11T11:28:03
2020-01-27T16:21:03, Message sent! Removing /TRANSMIT.csv
2020-01-27T16:19:03, Done loop ...
2020-01-27T16:19:03, ... powering down.
2020-01-27T16:19:03, RTC Initialization Failed
2020-01-27T16:20:03, Setup Complete
2020-01-27T16:21:03, Data: 2009-05-14T16:02:03,3.71,25627,4993.00,4994.00,4993.00,-12.87,86.20,-12.93,867.71
2020-01-27T16:19:03, Add row to /TRACKING.csv
2023-03-18T07:45:03, Number of rows in /TRACKING.csv: 1
2020-01-27T16:19:03, Done loop ...
2020-01-27T16:19:03, ... powering down.
2020-01-27T16:19:03, RTC Initialization Failed
2020-01-27T16:20:03, Setup Complete
2020-01-27T16:21:03, Data: 2009-05-14T16:02:03,3.71,25627,4992.00,4995.00,4994.00,-13.15,85.62,-13.10,867.81
2020-01-27T16:19:03, Add row to /TRACKING.csv
2023-03-18T07:45:03, Number of rows in /TRACKING.csv: 2
2020-01-27T16:19:03, Done loop ...
2020-01-27T16:19:03, ... powering down.
2020-01-27T16:19:03, RTC Initialization Failed
2020-01-27T16:20:03, Setup Complete
2020-01-27T16:21:03, Data: 2009-05-14T16:02:03,3.71,25627,4993.00,4995.00,4995.00,-13.47,83.35,-13.36,867.83
2020-01-27T16:19:03, Add row to /TRACKING.csv
2023-03-18T07:45:03, Number of rows in /TRACKING.csv: 3
2020-01-27T16:19:03, Done loop ...
2020-01-27T16:19:03, ... powering down.
2020-01-27T16:19:03, RTC Initialization Failed
2020-01-27T16:20:03, Setup Complete
2020-01-27T16:21:03, Data: 2009-05-14T16:02:03,3.71,25627,4993.00,4995.00,4993.50,-13.53,83.39,-13.58,868.11
2020-01-27T16:19:03, Add row to /TRACKING.csv
2023-03-18T07:45:03, Number of rows in /TRACKING.csv: 4
2020-01-27T16:21:03, Number of rows in /TRACKING.csv is >= 4
2020-01-27T16:19:03, Remove tracking
2020-01-27T16:21:03, Write to /TRANSMIT.csv: 2009-05-14T16:02:03,3.71,4993.00,-13.5,83
2023-03-18T07:45:03, Number of rows in /TRANSMIT.csv: 1
2020-01-27T16:23:03, Current hour = 16, Transmission hour = 1
2020-01-27T16:23:03, Current hour = 16, Transmission hour = 6
2020-01-27T16:23:03, Current hour = 16, Transmission hour = 8
2020-01-27T16:23:03, Current hour = 16, Transmission hour = 10
2020-01-27T16:23:03, Current hour = 16, Transmission hour = 15
2020-01-27T16:23:03, Current hour = 16, Transmission hour = 20
2020-01-27T16:23:03, Current hour = 16, Transmission hour = 22
2020-01-27T16:19:03, Done loop ...
2020-01-27T16:19:03, ... powering down.
2020-01-27T16:19:03, RTC Initialization Failed
2020-01-27T16:20:03, Setup Complete
2020-01-27T16:21:03, Data: 2009-05-14T16:02:03,3.71,25627,4993.00,4996.00,4994.50,-13.77,84.76,-13.72,868.19
2020-01-27T16:19:03, Add row to /TRACKING.csv
2023-03-18T07:45:03, Number of rows in /TRACKING.csv: 1
2020-01-27T16:19:03, Done loop ...
2020-01-27T16:19:03, ... powering down.
2020-01-27T16:19:03, RTC Initialization Failed
2020-01-27T16:20:03, Setup Complete
2020-01-27T16:21:03, Data: 2009-05-14T16:02:03,3.71,25627,4992.00,4994.00,4992.00,-13.93,83.74,-13.89,868.33
2020-01-27T16:19:03, Add row to /TRACKING.csv
2023-03-18T07:45:03, Number of rows in /TRACKING.csv: 2
2020-01-27T16:19:03, Done loop ...
2020-01-27T16:19:03, ... powering down.
2020-01-27T16:19:03, RTC Initialization Failed
2020-01-27T16:20:03, Setup Complete
2020-01-27T16:21:03, Data: 2009-05-14T16:02:03,3.71,25627,4994.00,4997.00,4996.00,-14.16,83.67,-14.11,868.59
2020-01-27T16:19:03, Add row to /TRACKING.csv
2023-03-18T07:45:03, Number of rows in /TRACKING.csv: 3
2020-01-27T16:19:03, Done loop ...
2020-01-27T16:19:03, ... powering down.
2020-01-27T16:19:03, RTC Initialization Failed
2020-01-27T16:20:03, Setup Complete
2020-01-27T16:21:03, Data: 2009-05-14T16:02:03,3.71,25627,4993.00,4995.00,4994.50,-14.39,83.17,-14.32,868.60
2020-01-27T16:19:03, Add row to /TRACKING.csv
2023-03-18T07:45:03, Number of rows in /TRACKING.csv: 4
2020-01-27T16:21:03, Number of rows in /TRACKING.csv is >= 4
2020-01-27T16:19:03, Remove tracking
2020-01-27T16:21:03, Write to /TRANSMIT.csv: 2009-05-14T16:02:03,3.71,4993.00,-14.4,83
2023-03-18T07:45:03, Number of rows in /TRANSMIT.csv: 2
2020-01-27T16:22:03, Current hour = 16, Transmission hour = 1
2020-01-27T16:22:03, Current hour = 16, Transmission hour = 6
2020-01-27T16:22:03, Current hour = 16, Transmission hour = 8
2020-01-27T16:22:03, Current hour = 16, Transmission hour = 10
2020-01-27T16:22:03, Current hour = 16, Transmission hour = 15
2020-01-27T16:22:03, Current hour = 16, Transmission hour = 20
2020-01-27T16:22:03, Current hour = 16, Transmission hour = 22
2020-01-27T16:19:03, Done loop ...
2020-01-27T16:19:03, ... powering down.
2020-01-27T16:19:03, RTC Initialization Failed
2020-01-27T16:20:03, Setup Complete
2020-01-27T16:21:03, Data: 2009-05-14T16:02:03,3.70,25627,4992.00,4995.00,4994.00,-14.54,84.71,-14.51,868.83
2020-01-27T16:19:03, Add row to /TRACKING.csv
2023-03-18T07:45:03, Number of rows in /TRACKING.csv: 1
2020-01-27T16:19:03, Done loop ...
2020-01-27T16:19:03, ... powering down.
2020-01-27T16:19:03, RTC Initialization Failed
2020-01-27T16:20:03, Setup Complete
2020-01-27T16:21:03, Data: 2009-05-14T16:02:03,3.70,25627,4994.00,4997.00,4996.00,-14.67,83.94,-14.66,868.82
2020-01-27T16:19:03, Add row to /TRACKING.csv
2023-03-18T07:45:03, Number of rows in /TRACKING.csv: 2
2020-01-27T16:19:03, Done loop ...
2020-01-27T16:19:03, ... powering down.
2020-01-27T16:19:03, RTC Initialization Failed
2020-01-27T16:20:03, Setup Complete
2020-01-27T16:21:03, Data: 2009-05-14T16:02:03,3.70,25627,4995.00,4997.00,4995.00,-14.85,82.49,-14.80,869.00
2020-01-27T16:19:03, Add row to /TRACKING.csv
2023-03-18T07:45:03, Number of rows in /TRACKING.csv: 3
2020-01-27T16:19:03, Done loop ...
2020-01-27T16:19:03, ... powering down.
2020-01-27T16:19:03, RTC Initialization Failed
2020-01-27T16:20:03, Setup Complete
2020-01-27T16:21:03, Data: 2009-05-14T16:02:03,3.70,25627,4994.00,4996.00,4994.50,-15.05,84.04,-14.98,869.21
2020-01-27T16:19:03, Add row to /TRACKING.csv
2023-03-18T07:45:03, Number of rows in /TRACKING.csv: 4
2020-01-27T16:21:03, Number of rows in /TRACKING.csv is >= 4
2020-01-27T16:19:03, Remove tracking
2020-01-27T16:21:03, Write to /TRANSMIT.csv: 2009-05-14T16:02:03,3.70,4994.00,-15.1,84
2023-03-18T07:45:03, Number of rows in /TRANSMIT.csv: 3
2003-01-30T16:00:03, Current hour = 16, Transmission hour = 1
2003-01-30T16:00:03, Current hour = 16, Transmission hour = 6
2003-01-30T16:00:03, Current hour = 16, Transmission hour = 8
2003-01-30T16:00:03, Current hour = 16, Transmission hour = 10
2003-01-30T16:00:03, Current hour = 16, Transmission hour = 15
2003-01-30T16:00:03, Current hour = 16, Transmission hour = 20
2003-01-30T16:00:03, Current hour = 16, Transmission hour = 22
2020-01-27T16:19:03, Done loop ...
2020-01-27T16:19:03, ... powering down.
2020-01-27T16:19:03, RTC Initialization Failed
2020-01-27T16:20:03, Setup Complete
2020-01-27T16:21:03, Data: 2009-05-14T16:02:03,3.70,25627,4995.00,4997.00,4996.00,-15.12,84.45,-15.13,869.46
2020-01-27T16:19:03, Add row to /TRACKING.csv
2023-03-18T07:45:03, Number of rows in /TRACKING.csv: 1
2020-01-27T16:19:03, Done loop ...
2020-01-27T16:19:03, ... powering down.
2020-01-27T16:19:03, RTC Initialization Failed
2020-01-27T16:20:03, Setup Complete
2020-01-27T16:21:03, Data: 2009-05-14T16:02:03,3.70,25627,4994.00,4996.00,4995.00,-15.36,84.03,-15.27,869.61
2020-01-27T16:19:03, Add row to /TRACKING.csv
2023-03-08T07:45:03, Number of rows in /TRACKING.csv: 2
2020-01-27T16:19:03, Done loop ...
2020-01-27T16:19:03, ... powering down.
2020-01-27T16:19:03, RTC Initialization Failed
2020-01-27T16:20:03, Setup Complete
2020-01-27T16:21:03, Data: 2009-05-14T16:02:03,3.70,25627,4995.00,4997.00,4996.00,-15.55,84.82,-15.47,869.88
2020-01-27T16:19:03, Add row to /TRACKING.csv
2023-03-18T07:45:03, Number of rows in /TRACKING.csv: 3
2020-01-27T16:19:03, Done loop ...
2020-01-27T16:19:03, ... powering down.
2020-01-27T16:19:03, RTC Initialization Failed
2020-01-27T16:20:03, Setup Complete
2020-01-27T16:21:03, Data: 2009-05-14T16:02:03,3.69,25627,4995.00,4998.00,4996.50,-15.92,84.14,-15.71,869.98
2020-01-27T16:19:03, Add row to /TRACKING.csv
2023-03-18T07:45:03, Number of rows in /TRACKING.csv: 4
2020-01-27T16:21:03, Number of rows in /TRACKING.csv is >= 4
2020-01-27T16:19:03, Remove tracking
2020-01-27T16:21:03, Write to /TRANSMIT.csv: 2009-05-14T16:02:03,3.69,4995.00,-15.9,84
2023-03-18T07:45:03, Number of rows in /TRANSMIT.csv: 4
2003-01-30T16:00:03, Current hour = 16, Transmission hour = 1
2003-01-30T16:00:03, Current hour = 16, Transmission hour = 6
2003-01-30T16:00:03, Current hour = 16, Transmission hour = 8
2003-01-30T16:00:03, Current hour = 16, Transmission hour = 10
2003-01-30T16:00:03, Current hour = 16, Transmission hour = 15
2003-01-30T16:00:03, Current hour = 16, Transmission hour = 20
2003-01-30T16:00:03, Current hour = 16, Transmission hour = 22
2020-01-27T16:19:03, Done loop ...
2020-01-27T16:19:03, ... powering down.
2020-01-27T16:19:03, RTC Initialization Failed
2020-01-27T16:20:03, Setup Complete
2020-01-27T16:21:03, Data: 2009-05-14T16:02:03,3.70,25627,4994.00,4997.00,4995.00,-16.06,84.94,-15.93,870.29
2020-01-27T16:19:03, Add row to /TRACKING.csv
2023-03-18T07:45:03, Number of rows in /TRACKING.csv: 1
2020-01-27T16:19:03, Done loop ...
2020-01-27T16:19:03, ... powering down.
2020-01-27T16:19:03, RTC Initialization Failed
2020-01-27T16:20:03, Setup Complete
2020-01-27T16:21:03, Data: 2009-05-14T16:02:03,3.69,25627,4995.00,4997.00,4996.00,-16.24,83.61,-16.07,870.59
2020-01-27T16:19:03, Add row to /TRACKING.csv
2023-03-18T07:45:03, Number of rows in /TRACKING.csv: 2
2020-01-27T16:19:03, Done loop ...
2020-01-27T16:19:03, ... powering down.
2020-01-27T16:19:03, RTC Initialization Failed
2020-01-27T16:20:03, Setup Complete
2020-01-27T16:21:03, Data: 2009-05-14T16:02:03,3.69,25627,4995.00,4997.00,4996.00,-16.45,83.92,-16.22,870.88
2020-01-27T16:19:03, Add row to /TRACKING.csv
2023-03-18T07:45:03, Number of rows in /TRACKING.csv: 3
2020-01-27T16:19:03, Done loop ...
2020-01-27T16:19:03, ... powering down.
2020-01-27T16:19:03, RTC Initialization Failed
2020-01-27T16:20:03, Setup Complete
2020-01-27T16:21:03, Data: 2009-05-14T16:02:03,3.70,25627,4994.00,4996.00,4995.00,-16.69,84.29,-16.27,871.30
2020-01-27T16:19:03, Add row to /TRACKING.csv
2023-03-18T07:45:03, Number of rows in /TRACKING.csv: 4
2020-01-27T16:21:03, Number of rows in /TRACKING.csv is >= 4
2020-01-27T16:19:03, Remove tracking
2020-01-27T16:21:03, Write to /TRANSMIT.csv: 2009-05-14T16:02:03,3.70,4994.00,-16.7,84
2023-03-18T07:45:03, Number of rows in /TRANSMIT.csv: 5
2003-01-30T16:00:03, Current hour = 16, Transmission hour = 1
2001-03-26T16:00:03, 1416024499-13583:499-14483:499-15184:500-15984:499-16784
2020-01-27T16:25:03,  - attempt to send message: 1416024499-13583:499-14483:499-15184:500-15984:499-16784
2020-01-27T16:21:03,  - Modem begin successful
2020-01-27T16:21:03,  - Sending...
2020-01-27T16:21:03,  - Send response: 
2020-01-27T16:22:03,   - Sync clocks... 
2020-01-27T16:25:03,  - Arduino Old Time: 2000-00-20T00:84:03
2020-01-27T16:24:03,  - Arduino New Time: 2002-00-16T47:01:03
2020-01-27T16:21:03, Message sent! Removing /TRANSMIT.csv
2020-01-27T16:19:03, Done loop ...
2020-01-27T16:19:03, ... powering down.
2020-01-27T16:19:03, RTC Initialization Failed
2020-01-27T16:20:03, Setup Complete
2020-01-27T16:21:03, Data: 2000-01-19T16:11:03,3.71,25627,4995.00,4997.00,4996.00,-16.83,83.65,-16.17,871.47
2020-01-27T16:19:03, Add row to /TRACKING.csv
2023-03-18T07:45:03, Number of rows in /TRACKING.csv: 1
2020-01-27T16:19:03, Done loop ...
2020-01-27T16:19:03, ... powering down.
2020-01-27T16:19:03, RTC Initialization Failed
2020-01-27T16:20:03, Setup Complete
2020-01-27T16:21:03, Data: 2009-05-14T16:02:03,3.73,25627,4994.00,4996.00,4996.00,-16.82,82.81,-15.76,871.74
2020-01-27T16:19:03, Add row to /TRACKING.csv
2023-03-18T07:45:03, Number of rows in /TRACKING.csv: 2
2020-01-27T16:19:03, Done loop ...
2020-01-27T16:19:03, ... powering down.
2020-01-27T16:19:03, RTC Initialization Failed
2020-01-27T16:20:03, Setup Complete
2020-01-27T16:21:03, Data: 2009-05-14T16:02:03,3.73,25627,4993.00,4996.00,4995.00,-16.85,82.33,-15.01,871.92
2020-01-27T16:19:03, Add row to /TRACKING.csv
2023-03-18T07:45:03, Number of rows in /TRACKING.csv: 3
2020-01-27T16:19:03, Done loop ...
2020-01-27T16:19:03, ... powering down.
2020-01-27T16:19:03, RTC Initialization Failed
2020-01-27T16:20:03, Setup Complete
2020-01-27T16:21:03, Data: 2000-01-19T16:11:03,3.73,25627,2362.00,4996.00,4995.50,-17.00,82.05,-14.72,872.02
2020-01-27T16:19:03, Add row to /TRACKING.csv
2023-03-18T07:45:03, Number of rows in /TRACKING.csv: 4
2020-01-27T16:21:03, Number of rows in /TRACKING.csv is >= 4
2020-01-27T16:19:03, Remove tracking
2020-01-27T16:21:03, Write to /TRANSMIT.csv: 2000-01-19T16:11:03,3.73,2362.00,-17.0,82
2023-03-18T07:45:03, Number of rows in /TRANSMIT.csv: 1
2020-01-27T16:23:03, Current hour = 16, Transmission hour = 1
2020-01-27T16:23:03, Current hour = 16, Transmission hour = 6
2020-01-27T16:23:03, Current hour = 16, Transmission hour = 8
2020-01-27T16:23:03, Current hour = 16, Transmission hour = 10
2020-01-27T16:23:03, Current hour = 16, Transmission hour = 15
2020-01-27T16:23:03, Current hour = 16, Transmission hour = 20
2020-01-27T16:23:03, Current hour = 16, Transmission hour = 22
2020-01-27T16:19:03, Done loop ...
2020-01-27T16:19:03, ... powering down.
2020-01-27T16:19:03, RTC Initialization Failed
2020-01-27T16:20:03, Setup Complete
2020-01-27T16:21:03, Data: 2009-05-14T16:02:03,3.84,25627,2358.00,4997.00,2384.00,-17.03,81.98,-14.02,872.31
2020-01-27T16:19:03, Add row to /TRACKING.csv
2023-03-18T07:45:03, Number of rows in /TRACKING.csv: 1
2020-01-27T16:19:03, Done loop ...
2020-01-27T16:19:03, ... powering down.
2020-01-27T16:19:03, RTC Initialization Failed
2020-01-27T16:20:03, Setup Complete
2020-01-27T16:21:03, Data: 2009-05-14T16:02:03,3.85,25627,4994.00,4996.00,4995.00,-16.90,80.69,-12.92,872.53
2020-01-27T16:19:03, Add row to /TRACKING.csv
2023-03-18T07:45:03, Number of rows in /TRACKING.csv: 2
2020-01-27T16:19:03, Done loop ...
2020-01-27T16:19:03, ... powering down.
2020-01-27T16:19:03, RTC Initialization Failed
2020-01-27T16:20:03, Setup Complete
2020-01-27T16:21:03, Data: 2009-05-14T16:02:03,3.83,25627,4995.00,4997.00,4996.00,-16.99,79.23,-12.98,872.79
2020-01-27T16:19:03, Add row to /TRACKING.csv
2023-03-18T07:45:03, Number of rows in /TRACKING.csv: 3
2020-01-27T16:19:03, Done loop ...
2020-01-27T16:19:03, ... powering down.
2020-01-27T16:19:03, RTC Initialization Failed
2020-01-27T16:20:03, Setup Complete
2020-01-27T16:21:03, Data: 2009-05-14T16:02:03,3.87,25627,2397.00,4997.00,4995.50,-17.14,80.51,-12.37,873.20
2020-01-27T16:19:03, Add row to /TRACKING.csv
2023-03-18T06:25:03, Number of rows in /TRACKING.csv: 4
2020-01-27T16:21:03, Number of rows in /TRACKING.csv is >= 4
2020-01-27T16:19:03, Remove tracking
2020-01-27T16:21:03, Write to /TRANSMIT.csv: 2009-05-14T16:02:03,3.87,2397.00,-17.1,81
2023-03-18T06:25:03, Number of rows in /TRANSMIT.csv: 2
2020-01-27T16:22:03, Current hour = 16, Transmission hour = 1
2020-01-27T16:22:03, Current hour = 16, Transmission hour = 6
2020-01-27T16:22:03, Current hour = 16, Transmission hour = 8
2020-01-27T16:22:03, Current hour = 16, Transmission hour = 10
2020-01-27T16:22:03, Current hour = 16, Transmission hour = 15
2020-01-27T16:22:03, Current hour = 16, Transmission hour = 20
2020-01-27T16:22:03, Current hour = 16, Transmission hour = 22
2020-01-27T16:19:03, Done loop ...
2020-01-27T16:19:03, ... powering down.
2020-01-27T16:19:03, RTC Initialization Failed
2020-01-27T16:20:03, Setup Complete
2020-01-27T16:21:03, Data: 2009-05-14T16:02:03,3.93,25627,2371.00,4996.00,4995.00,-17.21,77.83,-10.83,873.44
2020-01-27T16:19:03, Add row to /TRACKING.csv
2023-03-18T07:45:03, Number of rows in /TRACKING.csv: 1
2020-01-27T16:19:03, Done loop ...
2020-01-27T16:19:03, ... powering down.
2020-01-27T16:19:03, RTC Initialization Failed
2020-01-27T16:20:03, Setup Complete
2043-04-29T09:31:47, Data: 2009-05-14T16:02:03,3.87,25627,2394.00,4997.00,4995.50,-17.59,78.78,-11.36,873.61
2020-01-27T16:19:03, Add row to /TRACKING.csv
2023-03-18T07:45:03, Number of rows in /TRACKING.csv: 2
2020-01-27T16:19:03, Done loop ...
2020-01-27T16:19:03, ... powering down.
2020-01-27T16:19:03, RTC Initialization Failed
2020-01-27T16:20:03, Setup Complete
2043-04-29T09:31:47, Data: 2009-05-14T16:02:03,3.92,25627,2378.00,4996.00,4995.00,-17.44,77.97,-11.91,874.02
2020-01-27T16:19:03, Add row to /TRACKING.csv
2023-03-18T07:45:03, Number of rows in /TRACKING.csv: 3
2020-01-27T16:19:03, Done loop ...
2020-01-27T16:19:03, ... powering down.
2020-01-27T16:19:03, RTC Initialization Failed
2020-01-27T16:20:03, Setup Complete
2020-01-27T16:21:03, Data: 2009-05-14T16:02:03,3.85,25627,2363.00,2380.00,2372.50,-18.03,79.28,-12.57,873.63
2020-01-27T16:19:03, Add row to /TRACKING.csv
2023-03-18T07:45:03, Number of rows in /TRACKING.csv: 4
2020-01-27T16:21:03, Number of rows in /TRACKING.csv is >= 4
2020-01-27T16:19:03, Remove tracking
2020-01-27T16:21:03, Write to /TRANSMIT.csv: 2009-05-14T16:02:03,3.85,2363.00,-18.0,79
2023-03-18T07:45:03, Number of rows in /TRANSMIT.csv: 3
2003-01-30T16:00:03, Current hour = 16, Transmission hour = 1
2003-01-30T16:00:03, Current hour = 16, Transmission hour = 6
2003-01-30T16:00:03, Current hour = 16, Transmission hour = 8
2003-01-30T16:00:03, Current hour = 16, Transmission hour = 10
2003-01-30T16:00:03, Current hour = 16, Transmission hour = 15
2003-01-30T16:00:03, Current hour = 16, Transmission hour = 20
2003-01-30T16:00:03, Current hour = 16, Transmission hour = 22
2020-01-27T16:19:03, Done loop ...
2020-01-27T16:19:03, ... powering down.
2020-01-27T16:19:03, RTC Initialization Failed
2020-01-27T16:20:03, Setup Complete
2020-01-27T16:21:03, Data: 2009-05-14T16:02:03,3.85,25627,2363.00,2372.00,2369.00,-17.87,79.48,-13.07,874.13
2020-01-27T16:19:03, Add row to /TRACKING.csv
2023-03-18T07:45:03, Number of rows in /TRACKING.csv: 1
2020-01-27T16:19:03, Done loop ...
2020-01-27T16:19:03, ... powering down.
2020-01-27T16:19:03, RTC Initialization Failed
2020-01-27T16:20:03, Setup Complete
2020-01-27T16:21:03, Data: 2009-05-14T16:02:03,3.85,25627,2367.00,2383.00,2373.00,-18.03,79.60,-13.08,874.26
2020-01-27T16:19:03, Add row to /TRACKING.csv
2023-03-18T06:25:03, Number of rows in /TRACKING.csv: 2
2020-01-27T16:19:03, Done loop ...
2020-01-27T16:19:03, ... powering down.
2020-01-27T16:19:03, RTC Initialization Failed
2020-01-27T16:20:03, Setup Complete
2020-01-27T16:21:03, Data: 2009-05-14T16:02:03,3.87,25627,2372.00,2391.00,2381.50,-18.13,76.97,-12.17,874.27
2020-01-27T16:19:03, Add row to /TRACKING.csv
2023-03-18T07:45:03, Number of rows in /TRACKING.csv: 3
2020-01-27T16:19:03, Done loop ...
2020-01-27T16:19:03, ... powering down.
2020-01-27T16:19:03, RTC Initialization Failed
2020-01-27T16:20:03, Setup Complete
2020-01-27T16:21:03, Data: 2009-05-14T16:02:03,3.98,25627,2376.00,2389.00,2384.00,-17.56,77.11,-9.61,874.60
2020-01-27T16:19:03, Add row to /TRACKING.csv
2023-03-18T07:45:03, Number of rows in /TRACKING.csv: 4
2020-01-27T16:21:03, Number of rows in /TRACKING.csv is >= 4
2020-01-27T16:19:03, Remove tracking
2020-01-27T16:21:03, Write to /TRANSMIT.csv: 2009-05-14T16:02:03,3.98,2376.00,-17.6,77
2023-03-18T07:45:03, Number of rows in /TRANSMIT.csv: 4
2003-01-30T16:00:03, Current hour = 16, Transmission hour = 1
2003-01-30T16:00:03, Current hour = 16, Transmission hour = 6
2003-01-30T16:00:03, Current hour = 16, Transmission hour = 8
2003-01-30T16:00:03, Current hour = 16, Transmission hour = 10
2003-01-30T16:00:03, Current hour = 16, Transmission hour = 15
2003-01-30T16:00:03, Current hour = 16, Transmission hour = 20
2003-01-30T16:00:03, Current hour = 16, Transmission hour = 22
2020-01-27T16:19:03, Done loop ...
2020-01-27T16:19:03, ... powering down.
2020-01-27T16:19:03, RTC Initialization Failed
2020-01-27T16:20:03, Setup Complete
2020-01-27T16:21:03, Data: 2009-05-14T16:02:03,3.95,25627,2372.00,2389.00,2376.50,-17.86,76.93,-10.33,874.49
2020-01-27T16:19:03, Add row to /TRACKING.csv
2023-03-18T07:45:03, Number of rows in /TRACKING.csv: 1
2020-01-27T16:19:03, Done loop ...
2020-01-27T16:19:03, ... powering down.
2020-01-27T16:19:03, RTC Initialization Failed
2020-01-27T16:20:03, Setup Complete
2020-01-27T16:21:03, Data: 2009-05-14T16:02:03,3.94,25627,2373.00,2391.00,2384.00,-17.94,73.46,-10.89,874.59
2020-01-27T16:19:03, Add row to /TRACKING.csv
2023-03-18T07:45:03, Number of rows in /TRACKING.csv: 2
2020-01-27T16:19:03, Done loop ...
2020-01-27T16:19:03, ... powering down.
2020-01-27T16:19:03, RTC Initialization Failed
2020-01-27T16:20:03, Setup Complete
2020-01-27T16:21:03, Data: 2009-05-14T16:02:03,3.96,25627,2400.00,2408.00,2405.00,-17.70,74.02,-9.48,874.61
2020-01-27T16:19:03, Add row to /TRACKING.csv
2023-03-18T07:45:03, Number of rows in /TRACKING.csv: 3
2020-01-27T16:19:03, Done loop ...
2020-01-27T16:19:03, ... powering down.
2020-01-27T16:19:03, RTC Initialization Failed
2020-01-27T16:20:03, Setup Complete
2020-01-27T16:21:03, Data: 2009-05-14T16:02:03,3.96,25627,2375.00,2393.00,2382.00,-17.87,78.70,-9.65,874.74
2020-01-27T16:19:03, Add row to /TRACKING.csv
2023-03-18T07:45:03, Number of rows in /TRACKING.csv: 4
2020-01-27T16:21:03, Number of rows in /TRACKING.csv is >= 4
2020-01-27T16:19:03, Remove tracking
2020-01-27T16:21:03, Write to /TRANSMIT.csv: 2009-05-14T16:02:03,3.96,2375.00,-17.9,79
2023-03-18T07:45:03, Number of rows in /TRANSMIT.csv: 5
2003-01-30T16:00:03, Current hour = 16, Transmission hour = 1
2001-03-26T16:00:03, 1916116236-17082:240-17181:236-18079:238-17677:238-17979
2020-01-27T16:25:03,  - attempt to send message: 1916116236-17082:240-17181:236-18079:238-17677:238-17979
2020-01-27T16:25:03,  - Modem begin successful
2020-01-27T16:23:03,  - Sending...
2020-01-27T16:25:03,  - Send response: 
2020-01-27T16:25:03,   - Sync clocks... 
2020-01-27T16:24:03,  - Arduino Old Time: 2000-00-20T00:84:03
2020-01-27T16:24:03,  - Arduino New Time: 2002-00-22T24:29:03
2020-01-27T16:21:03, Message sent! Removing /TRANSMIT.csv
2020-01-27T16:19:03, Done loop ...
2020-01-27T16:19:03, ... powering down.
2020-01-27T16:19:03, RTC Initialization Failed
2020-01-27T16:20:03, Setup Complete
2020-01-27T16:21:03, Data: 2009-05-14T16:02:03,3.93,25627,2390.00,2413.00,2400.50,-18.31,78.32,-10.21,874.89
2020-01-27T16:19:03, Add row to /TRACKING.csv
2023-03-18T07:45:03, Number of rows in /TRACKING.csv: 1
2020-01-27T16:19:03, Done loop ...
2020-01-27T16:19:03, ... powering down.
2020-01-27T16:19:03, RTC Initialization Failed
2020-01-27T16:20:03, Setup Complete
2020-01-27T16:21:03, Data: 2009-05-14T16:02:03,3.87,25627,2346.00,2397.00,2381.00,-18.60,76.82,-11.54,874.86
2020-01-27T16:19:03, Add row to /TRACKING.csv
2023-03-18T07:45:03, Number of rows in /TRACKING.csv: 2
2020-01-27T16:19:03, Done loop ...
2020-01-27T16:19:03, ... powering down.
2020-01-27T16:19:03, RTC Initialization Failed
2020-01-27T16:20:03, Setup Complete
2020-01-27T16:21:03, Data: 2009-05-14T16:02:03,3.85,25627,2376.00,2397.00,2383.00,-18.73,77.82,-12.51,875.19
2020-01-27T16:19:03, Add row to /TRACKING.csv
2023-03-18T07:45:03, Number of rows in /TRACKING.csv: 3
2020-01-27T16:19:03, Done loop ...
2020-01-27T16:19:03, ... powering down.
2020-01-27T16:19:03, RTC Initialization Failed
2020-01-27T16:20:03, Setup Complete
2020-01-27T16:21:03, Data: 2009-05-14T16:02:03,3.85,25627,2381.00,2403.00,2389.00,-18.79,78.05,-13.37,875.39
2020-01-27T16:19:03, Add row to /TRACKING.csv
2023-03-18T07:45:03, Number of rows in /TRACKING.csv: 4
2020-01-27T16:21:03, Number of rows in /TRACKING.csv is >= 4
2020-01-27T16:19:03, Remove tracking
2020-01-27T16:21:03, Write to /TRANSMIT.csv: 2009-05-14T16:02:03,3.85,2381.00,-18.8,78
2023-03-18T07:45:03, Number of rows in /TRANSMIT.csv: 1
2020-01-27T16:23:03, Current hour = 16, Transmission hour = 1
2020-01-27T16:23:03, Current hour = 16, Transmission hour = 6
2020-01-27T16:23:03, Current hour = 16, Transmission hour = 8
2020-01-27T16:23:03, Current hour = 16, Transmission hour = 10
2020-01-27T16:23:03, Current hour = 16, Transmission hour = 15
2020-01-27T16:23:03, Current hour = 16, Transmission hour = 20
2020-01-27T16:23:03, Current hour = 16, Transmission hour = 22
2020-01-27T16:19:03, Done loop ...
2020-01-27T16:19:03, ... powering down.
2020-01-27T16:19:03, RTC Initialization Failed
2020-01-27T16:20:03, Setup Complete
2020-01-27T16:21:03, Data: 2009-05-14T16:02:03,3.83,25627,2361.00,2393.00,2372.00,-18.97,75.47,-13.96,875.58
2020-01-27T16:19:03, Add row to /TRACKING.csv
2023-03-18T07:45:03, Number of rows in /TRACKING.csv: 1
2020-01-27T16:19:03, Done loop ...
2020-01-27T16:19:03, ... powering down.
2020-01-27T16:19:03, RTC Initialization Failed
2020-01-27T16:20:03, Setup Complete
2020-01-27T16:21:03, Data: 2009-05-14T16:02:03,3.83,25627,2360.00,2387.00,2376.50,-19.05,77.77,-14.49,875.74
2020-01-27T16:19:03, Add row to /TRACKING.csv
2023-03-18T07:45:03, Number of rows in /TRACKING.csv: 2
2020-01-27T16:19:03, Done loop ...
2020-01-27T16:19:03, ... powering down.
2020-01-27T16:19:03, RTC Initialization Failed
2020-01-27T16:20:03, Setup Complete
2020-01-27T16:21:03, Data: 2009-05-14T16:02:03,3.78,25627,2381.00,4997.00,2386.50,-19.05,78.53,-14.64,875.81
2020-01-27T16:19:03, Add row to /TRACKING.csv
2023-03-18T07:45:03, Number of rows in /TRACKING.csv: 3
2020-01-27T16:19:03, Done loop ...
2020-01-27T16:19:03, ... powering down.
2020-01-27T16:19:03, RTC Initialization Failed
2020-01-27T16:20:03, Setup Complete
2020-01-27T16:21:03, Data: 2009-05-14T16:02:03,3.73,25627,2376.00,2393.00,2386.50,-19.40,78.41,-15.86,875.95
2020-01-27T16:19:03, Add row to /TRACKING.csv
2023-03-18T07:45:03, Number of rows in /TRACKING.csv: 4
2020-01-27T16:21:03, Number of rows in /TRACKING.csv is >= 4
2020-01-27T16:19:03, Remove tracking
2020-01-27T16:21:03, Write to /TRANSMIT.csv: 2009-05-14T16:02:03,3.73,2376.00,-19.4,78
2023-03-18T07:45:03, Number of rows in /TRANSMIT.csv: 2
2020-01-27T16:22:03, Current hour = 16, Transmission hour = 1
2020-01-27T16:22:03, Current hour = 16, Transmission hour = 6
2020-01-27T16:22:03, Current hour = 16, Transmission hour = 8
2020-01-27T16:22:03, Current hour = 16, Transmission hour = 10
2020-01-27T16:22:03, Current hour = 16, Transmission hour = 15
2020-01-27T16:22:03, Current hour = 16, Transmission hour = 20
2020-01-27T16:22:03, Current hour = 16, Transmission hour = 22
2020-01-27T16:19:03, Done loop ...
2020-01-27T16:19:03, ... powering down.
2020-01-27T16:19:03, RTC Initialization Failed
2020-01-27T16:20:03, Setup Complete
2020-01-27T16:21:03, Data: 2009-05-14T16:02:03,3.72,25627,2367.00,2382.00,2372.50,-19.71,78.63,-17.32,875.89
2020-01-27T16:19:03, Add row to /TRACKING.csv
2023-03-18T07:45:03, Number of rows in /TRACKING.csv: 1
2020-01-27T16:19:03, Done loop ...
2020-01-27T16:19:03, ... powering down.
2020-01-27T16:19:03, RTC Initialization Failed
2020-01-27T16:20:03, Setup Complete
2020-01-27T16:21:03, Data: 2009-05-14T16:02:03,3.70,25627,2360.00,2376.00,2372.00,-19.78,78.45,-18.59,876.02
2020-01-27T16:19:03, Add row to /TRACKING.csv
2023-03-18T07:45:03, Number of rows in /TRACKING.csv: 2
2020-01-27T16:19:03, Done loop ...
2020-01-27T16:19:03, ... powering down.
2020-01-27T16:19:03, RTC Initialization Failed
2020-01-27T16:20:03, Setup Complete
2020-01-27T16:21:03, Data: 2009-05-14T16:02:03,3.69,25627,2369.00,2378.00,2375.00,-19.88,79.64,-19.37,876.23
2020-01-27T16:19:03, Add row to /TRACKING.csv
2023-03-18T07:45:03, Number of rows in /TRACKING.csv: 3
2020-01-27T16:19:03, Done loop ...
2020-01-27T16:19:03, ... powering down.
2020-01-27T16:19:03, RTC Initialization Failed
2020-01-27T16:20:03, Setup Complete
2020-01-27T16:21:03, Data: 2009-05-14T16:02:03,3.68,25627,2362.00,2388.00,2370.00,-19.98,80.59,-19.76,876.43
2020-01-27T16:19:03, Add row to /TRACKING.csv
2023-03-18T07:45:03, Number of rows in /TRACKING.csv: 4
2020-01-27T16:21:03, Number of rows in /TRACKING.csv is >= 4
2020-01-27T16:19:03, Remove tracking
2020-01-27T16:21:03, Write to /TRANSMIT.csv: 2009-05-14T16:02:03,3.68,2362.00,-20.0,81
2023-03-18T07:45:03, Number of rows in /TRANSMIT.csv: 3
2003-01-30T16:00:03, Current hour = 16, Transmission hour = 1
2003-01-30T16:00:03, Current hour = 16, Transmission hour = 6
2003-01-30T16:00:03, Current hour = 16, Transmission hour = 8
2003-01-30T16:00:03, Current hour = 16, Transmission hour = 10
2003-01-30T16:00:03, Current hour = 16, Transmission hour = 15
2003-01-30T16:00:03, Current hour = 16, Transmission hour = 20
2003-01-30T16:00:03, Current hour = 16, Transmission hour = 22
2020-01-27T16:19:03, Done loop ...
2020-01-27T16:19:03, ... powering down.
2020-01-27T16:19:03, RTC Initialization Failed
2020-01-27T16:20:03, Setup Complete
2020-01-27T16:21:03, Data: 2009-05-14T16:02:03,3.68,25627,2354.00,2372.00,2360.00,-19.96,80.32,-19.95,876.41
2020-01-27T16:19:03, Add row to /TRACKING.csv
2023-03-18T07:45:03, Number of rows in /TRACKING.csv: 1
2020-01-27T16:19:03, Done loop ...
2020-01-27T16:19:03, ... powering down.
2020-01-27T16:19:03, RTC Initialization Failed
2020-01-27T16:20:03, Setup Complete
2020-01-27T16:21:03, Data: 2009-05-14T16:02:03,3.67,25627,2360.00,2369.00,2364.00,-20.04,80.68,-20.06,876.59
2020-01-27T16:19:03, Add row to /TRACKING.csv
2023-03-18T07:45:03, Number of rows in /TRACKING.csv: 2
2020-01-27T16:19:03, Done loop ...
2020-01-27T16:19:03, ... powering down.
2020-01-27T16:19:03, RTC Initialization Failed
2020-01-27T16:20:03, Setup Complete
2020-01-27T16:21:03, Data: 2009-05-14T16:02:03,3.67,25627,2358.00,2368.00,2364.00,-20.14,78.92,-20.21,876.72
2020-01-27T16:19:03, Add row to /TRACKING.csv
2023-03-18T07:45:03, Number of rows in /TRACKING.csv: 3
2020-01-27T16:19:03, Done loop ...
2020-01-27T16:19:03, ... powering down.
2020-01-27T16:19:03, RTC Initialization Failed
2020-01-27T16:20:03, Setup Complete
2043-04-29T09:31:47, Data: 2009-05-14T16:02:03,3.67,25627,2352.00,2369.00,2361.00,-20.18,79.26,-20.37,876.78
2020-01-27T16:19:03, Add row to /TRACKING.csv
2023-03-18T07:45:03, Number of rows in /TRACKING.csv: 4
2020-01-27T16:21:03, Number of rows in /TRACKING.csv is >= 4
2020-01-27T16:19:03, Remove tracking
2020-01-27T16:21:03, Write to /TRANSMIT.csv: 2009-05-14T16:02:03,3.67,2352.00,-20.2,79
2023-03-18T07:45:03, Number of rows in /TRANSMIT.csv: 4
2003-01-30T16:00:03, Current hour = 16, Transmission hour = 1
2003-01-30T16:00:03, Current hour = 16, Transmission hour = 6
2003-01-30T16:00:03, Current hour = 16, Transmission hour = 8
2003-01-30T16:00:03, Current hour = 16, Transmission hour = 10
2003-01-30T16:00:03, Current hour = 16, Transmission hour = 15
2003-01-30T16:00:03, Current hour = 16, Transmission hour = 20
2003-01-30T16:00:03, Current hour = 16, Transmission hour = 22
2020-01-27T16:19:03, Done loop ...
2020-01-27T16:19:03, ... powering down.
2020-01-27T16:19:03, RTC Initialization Failed
2020-01-27T16:20:03, Setup Complete
2020-01-27T16:21:03, Data: 2009-05-14T16:02:03,3.67,25627,2466.00,5002.00,5001.00,-20.42,80.59,-20.51,876.82
2020-01-27T16:19:03, Add row to /TRACKING.csv
2023-03-18T07:45:03, Number of rows in /TRACKING.csv: 1
2020-01-27T16:19:03, Done loop ...
2020-01-27T16:19:03, ... powering down.
2020-01-27T16:19:03, RTC Initialization Failed
2020-01-27T16:20:03, Setup Complete
2020-01-27T16:21:03, Data: 2009-05-14T16:02:03,3.66,25627,2367.00,2382.00,2370.50,-20.49,81.46,-20.65,877.09
2020-01-27T16:19:03, Add row to /TRACKING.csv
2023-03-18T07:45:03, Number of rows in /TRACKING.csv: 2
2020-01-27T16:19:03, Done loop ...
2020-01-27T16:19:03, ... powering down.
2020-01-27T16:19:03, RTC Initialization Failed
2020-01-27T16:20:03, Setup Complete
2020-01-27T16:21:03, Data: 2009-05-14T16:02:03,3.66,25627,2372.00,2377.00,2374.00,-20.63,81.74,-20.78,877.12
2020-01-27T16:19:03, Add row to /TRACKING.csv
2023-03-18T07:45:03, Number of rows in /TRACKING.csv: 3
2020-01-27T16:19:03, Done loop ...
2020-01-27T16:19:03, ... powering down.
2020-01-27T16:19:03, RTC Initialization Failed
2020-01-27T16:20:03, Setup Complete
2020-01-27T16:21:03, Data: 2009-05-14T16:02:03,3.66,25627,2383.00,5002.00,4999.50,-20.66,80.28,-20.88,877.23
2020-01-27T16:19:03, Add row to /TRACKING.csv
2023-03-18T07:45:03, Number of rows in /TRACKING.csv: 4
2020-01-27T16:21:03, Number of rows in /TRACKING.csv is >= 4
2020-01-27T16:19:03, Remove tracking
2020-01-27T16:21:03, Write to /TRANSMIT.csv: 2009-05-14T16:02:03,3.66,2383.00,-20.7,80
2023-03-18T07:45:03, Number of rows in /TRANSMIT.csv: 5
2003-01-30T16:00:03, Current hour = 16, Transmission hour = 1
2001-03-26T16:00:03, 1416023238-18878:238-19478:236-20081:235-20279:238-20780
2020-01-27T16:25:03,  - attempt to send message: 1416023238-18878:238-19478:236-20081:235-20279:238-20780
2020-01-27T16:21:03,  - Modem begin successful
2020-01-27T16:21:03,  - Sending...
2020-01-27T16:21:03,  - Send response: 
2020-01-27T16:22:03,   - Sync clocks... 
2020-01-27T16:25:03,  - Arduino Old Time: 2000-00-20T00:84:03
2020-01-27T16:24:03,  - Arduino New Time: 2002-00-03T58:42:03
2020-01-27T16:21:03, Message sent! Removing /TRANSMIT.csv
2020-01-27T16:19:03, Done loop ...
2020-01-27T16:19:03, ... powering down.
2020-01-27T16:19:03, RTC Initialization Failed
2020-01-27T16:20:03, Setup Complete
2020-01-27T16:21:03, Data: 2009-05-14T16:02:03,3.66,25627,2368.00,2378.00,2371.50,-20.74,79.86,-20.96,877.37
2020-01-27T16:19:03, Add row to /TRACKING.csv
2023-03-18T07:45:03, Number of rows in /TRACKING.csv: 1
2020-01-27T16:19:03, Done loop ...
2020-01-27T16:19:03, ... powering down.
2020-01-27T16:19:03, RTC Initialization Failed
2020-01-27T16:20:03, Setup Complete
2020-01-27T16:21:03, Data: 2009-05-14T16:02:03,3.66,25627,2364.00,2379.00,2374.00,-20.74,78.62,-21.05,877.52
2020-01-27T16:19:03, Add row to /TRACKING.csv
2023-03-18T07:45:03, Number of rows in /TRACKING.csv: 2
2020-01-27T16:19:03, Done loop ...
2020-01-27T16:19:03, ... powering down.
2020-01-27T16:19:03, RTC Initialization Failed
2020-01-27T16:20:03, Setup Complete
2020-01-27T16:21:03, Data: 2009-05-14T16:02:03,3.66,25627,2386.00,2406.00,2393.00,-20.84,78.26,-21.12,877.65
2020-01-27T16:19:03, Add row to /TRACKING.csv
2023-03-18T07:45:03, Number of rows in /TRACKING.csv: 3
2020-01-27T16:19:03, Done loop ...
2020-01-27T16:19:03, ... powering down.
2020-01-27T16:19:03, RTC Initialization Failed
2020-01-27T16:20:03, Setup Complete
2020-01-27T16:21:03, Data: 2009-05-14T16:02:03,3.65,25627,5000.00,5002.00,5002.00,-20.88,76.42,-21.34,877.55
2020-01-27T16:19:03, Add row to /TRACKING.csv
2023-03-18T07:45:03, Number of rows in /TRACKING.csv: 4
2020-01-27T16:21:03, Number of rows in /TRACKING.csv is >= 4
2020-01-27T16:19:03, Remove tracking
2020-01-27T16:21:03, Write to /TRANSMIT.csv: 2009-05-14T16:02:03,3.65,5000.00,-20.9,76
2023-03-18T07:45:03, Number of rows in /TRANSMIT.csv: 1
2020-01-27T16:23:03, Current hour = 16, Transmission hour = 1
2020-01-27T16:23:03, Current hour = 16, Transmission hour = 6
2020-01-27T16:23:03, Current hour = 16, Transmission hour = 8
2020-01-27T16:23:03, Current hour = 16, Transmission hour = 10
2020-01-27T16:23:03, Current hour = 16, Transmission hour = 15
2043-04-29T09:31:47, Current hour = 16, Transmission hour = 20
2020-01-27T16:23:03, Current hour = 16, Transmission hour = 22
2020-01-27T16:19:03, Done loop ...
2020-01-27T16:19:03, ... powering down.
2020-01-27T16:19:03, RTC Initialization Failed
2020-01-27T16:20:03, Setup Complete
2020-01-27T16:21:03, Data: 2009-05-14T16:02:03,3.65,25627,2409.00,5002.00,5001.00,-21.05,78.12,-21.52,877.71
2020-01-27T16:19:03, Add row to /TRACKING.csv
2023-03-18T07:45:03, Number of rows in /TRACKING.csv: 1
2020-01-27T16:19:03, Done loop ...
2020-01-27T16:19:03, ... powering down.
2020-01-27T16:19:03, RTC Initialization Failed
2020-01-27T16:20:03, Setup Complete
2020-01-27T16:21:03, Data: 2009-05-14T16:02:03,3.65,25627,5000.00,5002.00,5001.00,-21.18,78.33,-21.62,877.68
2020-01-27T16:19:03, Add row to /TRACKING.csv
2023-03-18T07:45:03, Number of rows in /TRACKING.csv: 2
2020-01-27T16:19:03, Done loop ...
2020-01-27T16:19:03, ... powering down.
2020-01-27T16:19:03, RTC Initialization Failed
2020-01-27T16:20:03, Setup Complete
2020-01-27T16:21:03, Data: 2009-05-14T16:02:03,3.65,25627,2370.00,2394.00,2383.50,-21.22,76.37,-21.74,877.88
2020-01-27T16:19:03, Add row to /TRACKING.csv
2023-03-18T07:45:03, Number of rows in /TRACKING.csv: 3
2020-01-27T16:19:03, Done loop ...
2020-01-27T16:19:03, ... powering down.
2020-01-27T16:19:03, RTC Initialization Failed
2020-01-27T16:20:03, Setup Complete
2020-01-27T16:21:03, Data: 2009-05-14T16:02:03,3.65,25627,2374.00,5001.00,2379.50,-21.54,79.16,-21.92,877.84
2020-01-27T16:19:03, Add row to /TRACKING.csv
2023-03-18T07:45:03, Number of rows in /TRACKING.csv: 4
2020-01-27T16:21:03, Number of rows in /TRACKING.csv is >= 4
2020-01-27T16:19:03, Remove tracking
2020-01-27T16:21:03, Write to /TRANSMIT.csv: 2009-05-14T16:02:03,3.65,2374.00,-21.5,79
2023-03-18T07:45:03, Number of rows in /TRANSMIT.csv: 2
2020-01-27T16:22:03, Current hour = 16, Transmission hour = 1
2020-01-27T16:22:03, Current hour = 16, Transmission hour = 6
2020-01-27T16:22:03, Current hour = 16, Transmission hour = 8
2020-01-27T16:22:03, Current hour = 16, Transmission hour = 10
2020-01-27T16:22:03, Current hour = 16, Transmission hour = 15
2020-01-27T16:22:03, Current hour = 16, Transmission hour = 20
2020-01-27T16:22:03, Current hour = 16, Transmission hour = 22
2020-01-27T16:19:03, Done loop ...
2020-01-27T16:19:03, ... powering down.
2020-01-27T16:19:03, RTC Initialization Failed
2020-01-27T16:20:03, Setup Complete
2000-12-19T16:21:03, Data: 2009-05-14T16:02:03,3.65,25627,2375.00,2397.00,2382.00,-21.68,79.73,-22.08,877.82
2020-01-27T16:19:03, Add row to /TRACKING.csv
2011-11-25T17:24:03, Number of rows in /TRACKING.csv: 1
2020-01-27T16:19:03, Done loop ...
2020-01-27T16:19:03, ... powering down.
2020-01-27T16:19:03, RTC Initialization Failed
2020-01-27T16:20:03, Setup Complete
2043-04-29T09:31:47, Data: 2009-05-14T16:02:03,3.65,25627,2373.00,2388.00,2381.00,-21.67,78.55,-22.23,877.70
2020-01-27T16:19:03, Add row to /TRACKING.csv
2023-03-18T07:45:03, Number of rows in /TRACKING.csv: 2
2020-01-27T16:19:03, Done loop ...
2020-01-27T16:19:03, ... powering down.
2020-01-27T16:19:03, RTC Initialization Failed
2020-01-27T16:20:03, Setup Complete
2020-01-27T16:21:03, Data: 2009-05-14T16:02:03,3.65,25627,2369.00,2392.00,2387.50,-21.57,77.34,-22.21,877.66
2020-01-27T16:19:03, Add row to /TRACKING.csv
2023-03-18T07:45:03, Number of rows in /TRACKING.csv: 3
2020-01-27T16:19:03, Done loop ...
2020-01-27T16:19:03, ... powering down.
2020-01-27T16:19:03, RTC Initialization Failed
2020-01-27T16:20:03, Setup Complete
2020-01-27T16:21:03, Data: 2009-05-14T16:02:03,3.65,25627,2373.00,4999.00,2399.00,-21.61,76.07,-22.28,877.63
2020-01-27T16:19:03, Add row to /TRACKING.csv
2023-03-18T07:45:03, Number of rows in /TRACKING.csv: 4
2020-01-27T16:21:03, Number of rows in /TRACKING.csv is >= 4
2020-01-27T16:19:03, Remove tracking
2020-01-27T16:21:03, Write to /TRANSMIT.csv: 2009-05-14T16:02:03,3.65,2373.00,-21.6,76
2023-03-18T07:45:03, Number of rows in /TRANSMIT.csv: 3
2003-01-30T16:00:03, Current hour = 16, Transmission hour = 1
2003-01-30T16:00:03, Current hour = 16, Transmission hour = 6
2003-01-30T16:00:03, Current hour = 16, Transmission hour = 8
2003-01-30T16:00:03, Current hour = 16, Transmission hour = 10
2003-01-30T16:00:03, Current hour = 16, Transmission hour = 15
2003-01-30T16:00:03, Current hour = 16, Transmission hour = 20
2003-01-30T16:00:03, Current hour = 16, Transmission hour = 22
2020-01-27T16:19:03, Done loop ...
2020-01-27T16:19:03, ... powering down.
2020-01-27T16:19:03, RTC Initialization Failed
2020-01-27T16:20:03, Setup Complete
2020-01-27T16:21:03, Data: 2009-05-14T16:02:03,3.64,25627,2382.00,5003.00,2395.00,-21.70,75.48,-22.40,877.62
2020-01-27T16:19:03, Add row to /TRACKING.csv
2023-03-18T07:45:03, Number of rows in /TRACKING.csv: 1
2020-01-27T16:19:03, Done loop ...
2020-01-27T16:19:03, ... powering down.
2020-01-27T16:19:03, RTC Initialization Failed
2020-01-27T16:20:03, Setup Complete
2020-01-27T16:21:03, Data: 2009-05-14T16:02:03,3.64,25627,2378.00,5003.00,2389.50,-21.83,75.56,-22.53,877.89
2020-01-27T16:19:03, Add row to /TRACKING.csv
2023-03-18T07:45:03, Number of rows in /TRACKING.csv: 2
2020-01-27T16:19:03, Done loop ...
2020-01-27T16:19:03, ... powering down.
2020-01-27T16:19:03, RTC Initialization Failed
2020-01-27T16:20:03, Setup Complete
2020-01-27T16:21:03, Data: 2009-05-14T16:02:03,3.64,25627,2395.00,5002.00,5001.00,-21.93,77.50,-22.56,878.13
2020-01-27T16:19:03, Add row to /TRACKING.csv
2023-03-18T07:45:03, Number of rows in /TRACKING.csv: 3
2020-01-27T16:19:03, Done loop ...
2020-01-27T16:19:03, ... powering down.
2020-01-27T16:19:03, RTC Initialization Failed
2020-01-27T16:20:03, Setup Complete
2020-01-27T16:21:03, Data: 2009-05-14T16:02:03,3.64,25627,2386.00,5003.00,5002.00,-22.09,77.95,-22.75,878.09
2020-01-27T16:19:03, Add row to /TRACKING.csv
2023-03-18T07:45:03, Number of rows in /TRACKING.csv: 4
2020-01-27T16:21:03, Number of rows in /TRACKING.csv is >= 4
2020-01-27T16:19:03, Remove tracking
2020-01-27T16:21:03, Write to /TRANSMIT.csv: 2009-05-14T16:02:03,3.64,2386.00,-22.1,78
2023-03-18T07:45:03, Number of rows in /TRANSMIT.csv: 4
2003-01-30T16:00:03, Current hour = 16, Transmission hour = 1
2003-01-30T16:00:03, Current hour = 16, Transmission hour = 6
2003-01-30T16:00:03, Current hour = 16, Transmission hour = 8
2003-01-30T16:00:03, Current hour = 16, Transmission hour = 10
2003-01-30T16:00:03, Current hour = 16, Transmission hour = 15
2003-01-30T16:00:03, Current hour = 16, Transmission hour = 20
2003-01-30T16:00:03, Current hour = 16, Transmission hour = 22
2020-01-27T16:19:03, Done loop ...
2020-01-27T16:19:03, ... powering down.
2020-01-27T16:19:03, RTC Initialization Failed
2020-01-27T16:20:03, Setup Complete
2020-01-27T16:21:03, Data: 2009-05-14T16:02:03,3.64,25627,5001.00,5003.00,5002.00,-21.91,75.70,-22.86,877.96
2020-01-27T16:19:03, Add row to /TRACKING.csv
2023-03-18T07:45:03, Number of rows in /TRACKING.csv: 1
2020-01-27T16:19:03, Done loop ...
2020-01-27T16:19:03, ... powering down.
2020-01-27T16:19:03, RTC Initialization Failed
2020-01-27T16:20:03, Setup Complete
2020-01-27T16:21:03, Data: 2009-05-14T16:02:03,3.62,25627,2379.00,5003.00,5003.00,-22.14,77.38,-22.89,877.93
2020-01-27T16:19:03, Add row to /TRACKING.csv
2023-03-18T07:45:03, Number of rows in /TRACKING.csv: 2
2020-01-27T16:19:03, Done loop ...
2020-01-27T16:19:03, ... powering down.
2020-01-27T16:19:03, RTC Initialization Failed
2020-01-27T16:20:03, Setup Complete
2020-01-27T16:21:03, Data: 2009-05-14T16:02:03,3.64,25627,2400.00,5003.00,2530.50,-22.03,76.59,-22.83,877.99
2020-01-27T16:19:03, Add row to /TRACKING.csv
2023-03-18T07:45:03, Number of rows in /TRACKING.csv: 3
2020-01-27T16:19:03, Done loop ...
2020-01-27T16:19:03, ... powering down.
2020-01-27T16:19:03, RTC Initialization Failed
2020-01-27T16:20:03, Setup Complete
2020-01-27T16:21:03, Data: 2009-05-14T16:02:03,3.64,25627,2387.00,2404.00,2396.50,-22.28,79.48,-22.82,877.92
2020-01-27T16:19:03, Add row to /TRACKING.csv
2023-03-18T07:45:03, Number of rows in /TRACKING.csv: 4
2020-01-27T16:21:03, Number of rows in /TRACKING.csv is >= 4
2020-01-27T16:19:03, Remove tracking
2020-01-27T16:21:03, Write to /TRANSMIT.csv: 2009-05-14T16:02:03,3.64,2387.00,-22.3,79
2023-03-18T07:45:03, Number of rows in /TRANSMIT.csv: 5
2003-01-30T16:00:03, Current hour = 16, Transmission hour = 1
2001-03-26T16:00:03, 1416023500-20976:237-21579:237-21676:239-22178:239-22379
2020-01-27T16:25:03,  - attempt to send message: 1416023500-20976:237-21579:237-21676:239-22178:239-22379
2020-01-27T16:21:03,  - Modem begin successful
2020-01-27T16:21:03,  - Sending...
2020-01-27T16:21:03,  - Send response: 
2020-01-27T16:22:03,   - Sync clocks... 
2020-01-27T16:25:03,  - Arduino Old Time: 2000-00-20T00:84:03
2020-01-27T16:24:03,  - Arduino New Time: 2002-00-09T36:05:03
2020-01-27T16:21:03, Message sent! Removing /TRANSMIT.csv
2020-01-27T16:19:03, Done loop ...
2020-01-27T16:19:03, ... powering down.
2020-01-27T16:19:03, RTC Initialization Failed
2020-01-27T16:20:03, Setup Complete
2020-01-27T16:21:03, Data: 2000-01-19T16:11:03,3.64,25627,2398.00,5003.00,5001.00,-22.28,78.31,-22.87,877.73
2020-01-27T16:19:03, Add row to /TRACKING.csv
2023-03-18T07:45:03, Number of rows in /TRACKING.csv: 1
2020-01-27T16:19:03, Done loop ...
2020-01-27T16:19:03, ... powering down.
2020-01-27T16:19:03, RTC Initialization Failed
2020-01-27T16:20:03, Setup Complete
2020-01-27T16:21:03, Data: 2009-05-14T16:02:03,3.64,25627,2407.00,2434.00,2418.00,-22.20,78.71,-22.86,877.79
2020-01-27T16:19:03, Add row to /TRACKING.csv
2023-03-18T07:45:03, Number of rows in /TRACKING.csv: 2
2020-01-27T16:19:03, Done loop ...
2020-01-27T16:19:03, ... powering down.
2020-01-27T16:19:03, RTC Initialization Failed
2020-01-27T16:20:03, Setup Complete
2020-01-27T16:21:03, Data: 2009-05-14T16:02:03,3.64,25627,2384.00,5003.00,2398.50,-22.36,79.05,-22.89,877.88
2020-01-27T16:19:03, Add row to /TRACKING.csv
2023-03-18T07:45:03, Number of rows in /TRACKING.csv: 3
2020-01-27T16:19:03, Done loop ...
2020-01-27T16:19:03, ... powering down.
2020-01-27T16:19:03, RTC Initialization Failed
2020-01-27T16:20:03, Setup Complete
2020-01-27T16:21:03, Data: 2009-05-14T16:02:03,3.64,25627,2397.00,5003.00,2407.00,-22.25,77.24,-22.91,877.74
2020-01-27T16:19:03, Add row to /TRACKING.csv
2023-03-18T07:45:03, Number of rows in /TRACKING.csv: 4
2020-01-27T16:21:03, Number of rows in /TRACKING.csv is >= 4
2020-01-27T16:19:03, Remove tracking
2020-01-27T16:21:03, Write to /TRANSMIT.csv: 2009-05-14T16:02:03,3.64,2397.00,-22.2,77
2023-03-18T07:45:03, Number of rows in /TRANSMIT.csv: 1
2003-01-30T16:00:03, Current hour = 16, Transmission hour = 1
2003-01-30T16:00:03, Current hour = 16, Transmission hour = 6
2003-01-30T16:00:03, Current hour = 16, Transmission hour = 8
2003-01-30T16:00:03, Current hour = 16, Transmission hour = 10
2003-01-30T16:00:03, Current hour = 16, Transmission hour = 15
2003-01-30T16:00:03, Current hour = 16, Transmission hour = 20
2003-01-30T16:00:03, Current hour = 16, Transmission hour = 22
2020-01-27T16:19:03, Done loop ...
2020-01-27T16:19:03, ... powering down.
2020-01-27T16:19:03, RTC Initialization Failed
2020-01-27T16:20:03, Setup Complete
2020-01-27T16:21:03, Data: 2009-05-14T16:02:03,3.64,25627,2401.00,2417.00,2409.50,-22.41,78.98,-22.99,877.80
2020-01-27T16:19:03, Add row to /TRACKING.csv
2023-03-18T07:45:03, Number of rows in /TRACKING.csv: 1
2020-01-27T16:19:03, Done loop ...
2020-01-27T16:19:03, ... powering down.
2020-01-27T16:19:03, RTC Initialization Failed
2020-01-27T16:20:03, Setup Complete
2020-01-27T16:21:03, Data: 2009-05-14T16:02:03,3.64,25627,5001.00,5003.00,5002.50,-22.41,79.02,-22.99,878.06
2020-01-27T16:19:03, Add row to /TRACKING.csv
2023-03-18T07:45:03, Number of rows in /TRACKING.csv: 2
2020-01-27T16:19:03, Done loop ...
2020-01-27T16:19:03, ... powering down.
2020-01-27T16:19:03, RTC Initialization Failed
2020-01-27T16:20:03, Setup Complete
2020-01-27T16:21:03, Data: 2009-05-14T16:02:03,3.64,25627,2390.00,2400.00,2394.00,-22.41,78.93,-22.97,878.08
2020-01-27T16:19:03, Add row to /TRACKING.csv
2023-03-18T07:45:03, Number of rows in /TRACKING.csv: 3
2020-01-27T16:19:03, Done loop ...
2020-01-27T16:19:03, ... powering down.
2020-01-27T16:19:03, RTC Initialization Failed
2020-01-27T16:20:03, Setup Complete
2020-01-27T16:21:03, Data: 2009-05-14T16:02:03,3.64,25627,2402.00,5003.00,2486.50,-22.48,78.68,-23.08,877.93
2020-01-27T16:19:03, Add row to /TRACKING.csv
2023-03-18T07:45:03, Number of rows in /TRACKING.csv: 4
2020-01-27T16:21:03, Number of rows in /TRACKING.csv is >= 4
2020-01-27T16:19:03, Remove tracking
2020-01-27T16:21:03, Write to /TRANSMIT.csv: 2009-05-14T16:02:03,3.64,2402.00,-22.5,79
2023-03-18T07:45:03, Number of rows in /TRANSMIT.csv: 2
2020-01-27T16:22:03, Current hour = 16, Transmission hour = 1
2020-01-27T16:22:03, Current hour = 16, Transmission hour = 6
2020-01-27T16:22:03, Current hour = 16, Transmission hour = 8
2020-01-27T16:22:03, Current hour = 16, Transmission hour = 10
2020-01-27T16:22:03, Current hour = 16, Transmission hour = 15
2020-01-27T16:22:03, Current hour = 16, Transmission hour = 20
2020-01-27T16:22:03, Current hour = 16, Transmission hour = 22
2020-01-27T16:19:03, Done loop ...
2020-01-27T16:19:03, ... powering down.
2020-01-27T16:19:03, RTC Initialization Failed
2020-01-27T16:20:03, Setup Complete
2020-01-27T16:21:03, Data: 2009-05-14T16:02:03,3.64,25627,2391.00,2397.00,2392.00,-22.60,78.74,-23.08,877.92
2020-01-27T16:19:03, Add row to /TRACKING.csv
2023-03-18T07:45:03, Number of rows in /TRACKING.csv: 1
2020-01-27T16:19:03, Done loop ...
2020-01-27T16:19:03, ... powering down.
2020-01-27T16:19:03, RTC Initialization Failed
2020-01-27T16:20:03, Setup Complete
2020-01-27T16:21:03, Data: 2009-05-14T16:02:03,3.64,25627,2373.00,2388.00,2385.00,-22.58,77.97,-23.24,878.02
2020-01-27T16:19:03, Add row to /TRACKING.csv
2023-03-18T07:45:03, Number of rows in /TRACKING.csv: 2
2020-01-27T16:19:03, Done loop ...
2020-01-27T16:19:03, ... powering down.
2020-01-27T16:19:03, RTC Initialization Failed
2020-01-27T16:20:03, Setup Complete
2020-01-27T16:21:03, Data: 2009-05-14T16:02:03,3.64,25627,2407.00,5002.00,2423.00,-22.69,79.23,-23.37,878.09
2020-01-27T16:19:03, Add row to /TRACKING.csv
2023-03-18T07:45:03, Number of rows in /TRACKING.csv: 3
2020-01-27T16:19:03, Done loop ...
2020-01-27T16:19:03, ... powering down.
2020-01-27T16:19:03, RTC Initialization Failed
2020-01-27T16:20:03, Setup Complete
2020-01-27T16:21:03, Data: 2009-05-14T16:02:03,3.63,25627,2408.00,5002.00,2464.50,-22.81,79.80,-23.42,877.94
2020-01-27T16:19:03, Add row to /TRACKING.csv
2023-03-18T07:45:03, Number of rows in /TRACKING.csv: 4
2020-01-27T16:21:03, Number of rows in /TRACKING.csv is >= 4
2020-01-27T16:19:03, Remove tracking
2020-01-27T16:21:03, Write to /TRANSMIT.csv: 2009-05-14T16:02:03,3.63,2408.00,-22.8,80
2023-03-18T07:45:03, Number of rows in /TRANSMIT.csv: 3
2003-01-30T16:00:03, Current hour = 16, Transmission hour = 1
2003-01-30T16:00:03, Current hour = 16, Transmission hour = 6
2003-01-30T16:00:03, Current hour = 16, Transmission hour = 8
2003-01-30T16:00:03, Current hour = 16, Transmission hour = 10
2003-01-30T16:00:03, Current hour = 16, Transmission hour = 15
2003-01-30T16:00:03, Current hour = 16, Transmission hour = 20
2003-01-30T16:00:03, Current hour = 16, Transmission hour = 22
2020-01-27T16:19:03, Done loop ...
2020-01-27T16:19:03, ... powering down.
2020-01-27T16:19:03, RTC Initialization Failed
2020-01-27T16:20:03, Setup Complete
2020-01-27T16:21:03, Data: 2009-05-14T16:02:03,3.63,25627,2372.00,2416.00,2410.00,-22.67,77.93,-23.37,878.14
2020-01-27T16:19:03, Add row to /TRACKING.csv
2023-03-18T07:45:03, Number of rows in /TRACKING.csv: 1
2020-01-27T16:19:03, Done loop ...
2020-01-27T16:19:03, ... powering down.
2020-01-27T16:19:03, RTC Initialization Failed
2020-01-27T16:20:03, Setup Complete
2020-01-27T16:21:03, Data: 2009-05-14T16:02:03,3.63,25627,2406.00,2510.00,2416.00,-22.74,78.01,-23.45,878.07
2020-01-27T16:19:03, Add row to /TRACKING.csv
2023-03-18T07:45:03, Number of rows in /TRACKING.csv: 2
2020-01-27T16:19:03, Done loop ...
2020-01-27T16:19:03, ... powering down.
2020-01-27T16:19:03, RTC Initialization Failed
2020-01-27T16:20:03, Setup Complete
2020-01-27T16:21:03, Data: 2009-05-14T16:02:03,3.63,25627,2394.00,5003.00,2421.00,-22.54,75.99,-23.27,878.15
2020-01-27T16:19:03, Add row to /TRACKING.csv
2023-03-18T07:45:03, Number of rows in /TRACKING.csv: 3
2020-01-27T16:19:03, Done loop ...
2020-01-27T16:19:03, ... powering down.
2020-01-27T16:19:03, RTC Initialization Failed
2020-01-27T16:20:03, Setup Complete
2020-01-27T16:21:03, Data: 2009-05-14T16:02:03,3.64,25627,2408.00,2425.00,2417.00,-22.65,77.46,-23.28,878.08
2020-01-27T16:19:03, Add row to /TRACKING.csv
2023-03-18T07:45:03, Number of rows in /TRACKING.csv: 4
2020-01-27T16:21:03, Number of rows in /TRACKING.csv is >= 4
2020-01-27T16:19:03, Remove tracking
2020-01-27T16:21:03, Write to /TRANSMIT.csv: 2009-05-14T16:02:03,3.64,2408.00,-22.6,77
2023-03-18T07:45:03, Number of rows in /TRANSMIT.csv: 4
2003-01-30T16:00:03, Current hour = 16, Transmission hour = 1
2003-01-30T16:00:03, Current hour = 16, Transmission hour = 6
2003-01-30T16:00:03, Current hour = 16, Transmission hour = 8
2003-01-30T16:00:03, Current hour = 16, Transmission hour = 10
2003-01-30T16:00:03, Current hour = 16, Transmission hour = 15
2003-01-30T16:00:03, Current hour = 16, Transmission hour = 20
2003-01-30T16:00:03, Current hour = 16, Transmission hour = 22
2020-01-27T16:19:03, Done loop ...
2020-01-27T16:19:03, ... powering down.
2020-01-27T16:19:03, RTC Initialization Failed
2020-01-27T16:20:03, Setup Complete
2020-01-27T16:21:03, Data: 2009-05-14T16:02:03,3.63,25627,2404.00,2414.00,2409.00,-22.61,75.46,-23.27,877.97
2020-01-27T16:19:03, Add row to /TRACKING.csv
2023-03-18T07:45:03, Number of rows in /TRACKING.csv: 1
2020-01-27T16:19:03, Done loop ...
2020-01-27T16:19:03, ... powering down.
2020-01-27T16:19:03, RTC Initialization Failed
2020-01-27T16:20:03, Setup Complete
2020-01-27T16:21:03, Data: 2009-05-14T16:02:03,3.64,25627,2414.00,2465.00,2418.00,-22.82,77.25,-23.37,878.15
2020-01-27T16:19:03, Add row to /TRACKING.csv
2023-03-18T07:45:03, Number of rows in /TRACKING.csv: 2
2020-01-27T16:19:03, Done loop ...
2020-01-27T16:19:03, ... powering down.
2020-01-27T16:19:03, RTC Initialization Failed
2020-01-27T16:20:03, Setup Complete
2020-01-27T16:21:03, Data: 2009-05-14T16:02:03,3.64,25627,2360.00,2490.00,2407.50,-22.88,78.17,-23.41,878.24
2020-01-27T16:19:03, Add row to /TRACKING.csv
2023-03-18T07:45:03, Number of rows in /TRACKING.csv: 3
2020-01-27T16:19:03, Done loop ...
2020-01-27T16:19:03, ... powering down.
2020-01-27T16:19:03, RTC Initialization Failed
2020-01-27T16:20:03, Setup Complete
2020-01-27T16:21:03, Data: 2009-05-14T16:02:03,3.63,25627,2403.00,5004.00,2488.00,-22.86,77.00,-23.53,878.34
2020-01-27T16:19:03, Add row to /TRACKING.csv
2023-03-18T07:45:03, Number of rows in /TRACKING.csv: 4
2020-01-27T16:21:03, Number of rows in /TRACKING.csv is >= 4
2020-01-27T16:19:03, Remove tracking
2020-01-27T16:21:03, Write to /TRANSMIT.csv: 2009-05-14T16:02:03,3.63,2403.00,-22.9,77
2023-03-18T07:45:03, Number of rows in /TRANSMIT.csv: 5
2003-01-30T16:00:03, Current hour = 16, Transmission hour = 1
2001-03-26T16:00:03, 1416023240-22277:240-22579:241-22880:241-22677:240-22977
2020-01-27T16:25:03,  - attempt to send message: 1416023240-22277:240-22579:241-22880:241-22677:240-22977
2020-01-27T16:21:03,  - Modem begin successful
2020-01-27T16:21:03,  - Sending...
2020-01-27T16:21:03,  - Send response: 
2020-01-27T16:22:03,   - Sync clocks... 
2020-01-27T16:25:03,  - Arduino Old Time: 2000-00-20T00:84:03
2020-01-27T16:24:03,  - Arduino New Time: 2002-00-15T09:56:03
2020-01-27T16:21:03, Message sent! Removing /TRANSMIT.csv
2020-01-27T16:19:03, Done loop ...
2020-01-27T16:19:03, ... powering down.
2020-01-27T16:19:03, RTC Initialization Failed
2020-01-27T16:20:03, Setup Complete
2020-01-27T16:21:03, Data: 2009-05-14T16:02:03,3.63,25627,2388.00,2401.00,2395.00,-22.95,75.51,-23.70,878.41
2020-01-27T16:19:03, Add row to /TRACKING.csv
2023-03-18T07:45:03, Number of rows in /TRACKING.csv: 1
2020-01-27T16:19:03, Done loop ...
2020-01-27T16:19:03, ... powering down.
2020-01-27T16:19:03, RTC Initialization Failed
2020-01-27T16:20:03, Setup Complete
2020-01-27T16:21:03, Data: 2009-05-14T16:02:03,3.63,25627,2366.00,2494.00,2401.50,-22.95,74.97,-23.80,878.33
2020-01-27T16:19:03, Add row to /TRACKING.csv
2023-03-18T07:45:03, Number of rows in /TRACKING.csv: 2
2020-01-27T16:19:03, Done loop ...
2020-01-27T16:19:03, ... powering down.
2020-01-27T16:19:03, RTC Initialization Failed
2020-01-27T16:20:03, Setup Complete
2020-01-27T16:21:03, Data: 2009-05-14T16:02:03,3.63,25627,2481.00,2493.00,2490.00,-22.81,74.13,-23.76,878.36
2020-01-27T16:19:03, Add row to /TRACKING.csv
2023-03-18T07:45:03, Number of rows in /TRACKING.csv: 3
2020-01-27T16:19:03, Done loop ...
2020-01-27T16:19:03, ... powering down.
2020-01-27T16:19:03, RTC Initialization Failed
2020-01-27T16:20:03, Setup Complete
2020-01-27T16:21:03, Data: 2009-05-14T16:02:03,3.63,25627,2395.00,5004.00,3730.00,-23.05,75.83,-23.81,878.66
2020-01-27T16:19:03, Add row to /TRACKING.csv
2023-03-18T07:45:03, Number of rows in /TRACKING.csv: 4
2020-01-27T16:21:03, Number of rows in /TRACKING.csv is >= 4
2020-01-27T16:19:03, Remove tracking
2020-01-27T16:21:03, Write to /TRANSMIT.csv: 2009-05-14T16:02:03,3.63,2395.00,-23.0,76
2023-03-18T07:45:03, Number of rows in /TRANSMIT.csv: 1
2020-01-27T16:23:03, Current hour = 16, Transmission hour = 1
2020-01-27T16:23:03, Current hour = 16, Transmission hour = 6
2020-01-27T16:23:03, Current hour = 16, Transmission hour = 8
2020-01-27T16:23:03, Current hour = 16, Transmission hour = 10
2020-01-27T16:23:03, Current hour = 16, Transmission hour = 15
2020-01-27T16:23:03, Current hour = 16, Transmission hour = 20
2020-01-27T16:23:03, Current hour = 16, Transmission hour = 22
2020-01-27T16:19:03, Done loop ...
2020-01-27T16:19:03, ... powering down.
2020-01-27T16:19:03, RTC Initialization Failed
2020-01-27T16:20:03, Setup Complete
2020-01-27T16:21:03, Data: 2009-05-14T16:02:03,3.65,25627,2386.00,2400.00,2393.00,-22.95,75.24,-23.66,878.70
2020-01-27T16:19:03, Add row to /TRACKING.csv
2023-03-18T07:45:03, Number of rows in /TRACKING.csv: 1
2020-01-27T16:19:03, Done loop ...
2020-01-27T16:19:03, ... powering down.
2020-01-27T16:19:03, RTC Initialization Failed
2020-01-27T16:20:03, Setup Complete
2020-01-27T16:21:03, Data: 2009-05-14T16:02:03,3.69,25627,2385.00,2403.00,2389.50,-22.91,75.14,-23.23,878.93
2020-01-27T16:19:03, Add row to /TRACKING.csv
2023-03-18T07:45:03, Number of rows in /TRACKING.csv: 2
2020-01-27T16:19:03, Done loop ...
2020-01-27T16:19:03, ... powering down.
2020-01-27T16:19:03, RTC Initialization Failed
2020-01-27T16:20:03, Setup Complete
2020-01-27T16:21:03, Data: 2009-05-14T16:02:03,3.96,25627,2400.00,2409.00,2404.50,-22.67,75.43,-21.67,879.03
2020-01-27T16:19:03, Add row to /TRACKING.csv
2023-03-18T07:45:03, Number of rows in /TRACKING.csv: 3
2020-01-27T16:19:03, Done loop ...
2020-01-27T16:19:03, ... powering down.
2020-01-27T16:19:03, RTC Initialization Failed
2020-01-27T16:20:03, Setup Complete
2020-01-27T16:21:03, Data: 2009-05-14T16:02:03,3.98,25627,2407.00,2413.00,2410.00,-22.33,71.83,-20.33,879.03
2020-01-27T16:19:03, Add row to /TRACKING.csv
2023-03-18T07:45:03, Number of rows in /TRACKING.csv: 4
2020-01-27T16:21:03, Number of rows in /TRACKING.csv is >= 4
2020-01-27T16:19:03, Remove tracking
2020-01-27T16:21:03, Write to /TRANSMIT.csv: 2009-05-14T16:02:03,3.98,2407.00,-22.3,72
2023-03-18T07:45:03, Number of rows in /TRANSMIT.csv: 2
2020-01-27T16:22:03, Current hour = 16, Transmission hour = 1
2020-01-27T16:22:03, Current hour = 16, Transmission hour = 6
2020-01-27T16:22:03, Current hour = 16, Transmission hour = 8
2020-01-27T16:22:03, Current hour = 16, Transmission hour = 10
2020-01-27T16:22:03, Current hour = 16, Transmission hour = 15
2020-01-27T16:22:03, Current hour = 16, Transmission hour = 20
2020-01-27T16:22:03, Current hour = 16, Transmission hour = 22
2020-01-27T16:19:03, Done loop ...
2020-01-27T16:19:03, ... powering down.
2020-01-27T16:19:03, RTC Initialization Failed
2020-01-27T16:20:03, Setup Complete
2020-01-27T16:21:03, Data: 2009-05-14T16:02:03,3.98,25627,2393.00,2412.00,2402.50,-21.58,68.91,-17.39,879.52
2020-01-27T16:19:03, Add row to /TRACKING.csv
2023-03-18T07:45:03, Number of rows in /TRACKING.csv: 1
2020-01-27T16:19:03, Done loop ...
2020-01-27T16:19:03, ... powering down.
2020-01-27T16:19:03, RTC Initialization Failed
2020-01-27T16:20:03, Setup Complete
2020-01-27T16:21:03, Data: 2009-05-14T16:02:03,3.99,25627,2397.00,2412.00,2405.00,-21.55,68.40,-14.96,879.58
2020-01-27T16:19:03, Add row to /TRACKING.csv
2023-03-18T07:45:03, Number of rows in /TRACKING.csv: 2
2020-01-27T16:19:03, Done loop ...
2020-01-27T16:19:03, ... powering down.
2020-01-27T16:19:03, RTC Initialization Failed
2020-01-27T16:20:03, Setup Complete
2020-01-27T16:21:03, Data: 2009-05-14T16:02:03,3.98,25627,2396.00,2402.00,2399.50,-21.20,65.31,-14.22,879.65
2020-01-27T16:19:03, Add row to /TRACKING.csv
2023-03-08T07:45:03, Number of rows in /TRACKING.csv: 3
2020-01-27T16:19:03, Done loop ...
2020-01-27T16:19:03, ... powering down.
2020-01-27T16:19:03, RTC Initialization Failed
2020-01-27T16:20:03, Setup Complete
2020-01-27T16:21:03, Data: 2009-05-14T16:02:03,3.99,25627,4996.00,4998.00,4997.00,-21.12,66.07,-14.18,879.96
2020-01-27T16:19:03, Add row to /TRACKING.csv
2023-03-08T07:45:03, Number of rows in /TRACKING.csv: 4
2020-01-27T16:21:03, Number of rows in /TRACKING.csv is >= 4
2020-01-27T16:19:03, Remove tracking
2020-01-27T16:21:03, Write to /TRANSMIT.csv: 2009-05-14T16:02:03,3.99,4996.00,-21.1,66
2023-03-08T07:45:03, Number of rows in /TRANSMIT.csv: 3
2003-01-30T16:00:03, Current hour = 16, Transmission hour = 1
2003-01-30T16:00:03, Current hour = 16, Transmission hour = 6
2003-01-30T16:00:03, Current hour = 16, Transmission hour = 8
2003-01-30T16:00:03, Current hour = 16, Transmission hour = 10
2003-01-30T16:00:03, Current hour = 16, Transmission hour = 15
2003-01-30T16:00:03, Current hour = 16, Transmission hour = 20
2003-01-30T16:00:03, Current hour = 16, Transmission hour = 22
2020-01-27T16:19:03, Done loop ...
2020-01-27T16:19:03, ... powering down.
2020-01-27T16:19:03, RTC Initialization Failed
2020-01-27T16:20:03, Setup Complete
2020-01-27T16:21:03, Data: 2009-05-14T16:02:03,3.99,25627,2441.00,4997.00,4995.50,-20.40,62.68,-13.68,880.29
2020-01-27T16:19:03, Add row to /TRACKING.csv
2023-03-18T07:45:03, Number of rows in /TRACKING.csv: 1
2020-01-27T16:19:03, Done loop ...
2020-01-27T16:19:03, ... powering down.
2020-01-27T16:19:03, RTC Initialization Failed
2020-01-27T16:20:03, Setup Complete
2020-01-27T16:21:03, Data: 2009-05-14T16:02:03,3.99,25627,2405.00,2426.00,2422.00,-20.55,62.80,-13.08,880.16
2020-01-27T16:19:03, Add row to /TRACKING.csv
2023-03-18T07:45:03, Number of rows in /TRACKING.csv: 2
2020-01-27T16:19:03, Done loop ...
2020-01-27T16:19:03, ... powering down.
2020-01-27T16:19:03, RTC Initialization Failed
2020-01-27T16:20:03, Setup Complete
2020-01-27T16:21:03, Data: 2009-05-14T16:02:03,3.99,25627,2417.00,2424.00,2421.50,-19.78,62.22,-12.37,880.51
2020-01-27T16:19:03, Add row to /TRACKING.csv
2023-03-18T07:45:03, Number of rows in /TRACKING.csv: 3
2020-01-27T16:19:03, Done loop ...
2020-01-27T16:19:03, ... powering down.
2020-01-27T16:19:03, RTC Initialization Failed
2020-01-27T16:20:03, Setup Complete
2020-01-27T16:21:03, Data: 2009-05-14T16:02:03,3.99,25627,2421.00,2430.00,2423.50,-19.73,60.72,-10.34,880.64
2020-01-27T16:19:03, Add row to /TRACKING.csv
2023-03-18T07:45:03, Number of rows in /TRACKING.csv: 4
2020-01-27T16:21:03, Number of rows in /TRACKING.csv is >= 4
2020-01-27T16:19:03, Remove tracking
2020-01-27T16:21:03, Write to /TRANSMIT.csv: 2009-05-14T16:02:03,3.99,2421.00,-19.7,61
2023-03-18T07:45:03, Number of rows in /TRANSMIT.csv: 4
2003-01-30T16:00:03, Current hour = 16, Transmission hour = 1
2003-01-30T16:00:03, Current hour = 16, Transmission hour = 6
2003-01-30T16:00:03, Current hour = 16, Transmission hour = 8
2003-01-30T16:00:03, Current hour = 16, Transmission hour = 10
2003-01-30T16:00:03, Current hour = 16, Transmission hour = 15
2003-01-30T16:00:03, Current hour = 16, Transmission hour = 20
2003-01-30T16:00:03, Current hour = 16, Transmission hour = 22
2020-01-27T16:19:03, Done loop ...
2020-01-27T16:19:03, ... powering down.
2020-01-27T16:19:03, RTC Initialization Failed
2020-01-27T16:20:03, Setup Complete
2020-01-27T16:21:03, Data: 2009-05-14T16:02:03,3.99,25627,2420.00,2433.00,2429.50,-19.91,60.88,-9.17,880.74
2020-01-27T16:19:03, Add row to /TRACKING.csv
2023-03-08T06:25:03, Number of rows in /TRACKING.csv: 1
2020-01-27T16:19:03, Done loop ...
2020-01-27T16:19:03, ... powering down.
2020-01-27T16:19:03, RTC Initialization Failed
2020-01-27T16:20:03, Setup Complete
2020-01-27T16:21:03, Data: 2009-05-14T16:02:03,3.99,25627,2422.00,2435.00,2427.00,-19.67,60.28,-8.81,880.52
2020-01-27T16:19:03, Add row to /TRACKING.csv
2023-03-18T06:25:03, Number of rows in /TRACKING.csv: 2
2020-01-27T16:19:03, Done loop ...
2020-01-27T16:19:03, ... powering down.
2020-01-27T16:19:03, RTC Initialization Failed
2020-01-27T16:20:03, Setup Complete
2020-01-27T16:21:03, Data: 2009-05-14T16:02:03,3.99,25627,2426.00,2437.00,2433.00,-18.97,60.89,-8.65,880.45
2020-01-27T16:19:03, Add row to /TRACKING.csv
2023-03-08T07:45:03, Number of rows in /TRACKING.csv: 3
2020-01-27T16:19:03, Done loop ...
2020-01-27T16:19:03, ... powering down.
2020-01-27T16:19:03, RTC Initialization Failed
2020-01-27T16:20:03, Setup Complete
2020-01-27T16:21:03, Data: 2009-05-14T16:02:03,3.99,25627,2423.00,4995.00,2429.50,-19.05,60.16,-8.21,880.56
2020-01-27T16:19:03, Add row to /TRACKING.csv
2023-03-18T07:45:03, Number of rows in /TRACKING.csv: 4
2020-01-27T16:21:03, Number of rows in /TRACKING.csv is >= 4
2020-01-27T16:19:03, Remove tracking
2020-01-27T16:21:03, Write to /TRANSMIT.csv: 2009-05-14T16:02:03,3.99,2423.00,-19.0,60
2023-03-18T07:45:03, Number of rows in /TRANSMIT.csv: 5
2003-01-30T16:00:03, Current hour = 16, Transmission hour = 1
2001-03-26T16:00:03, 1416026240-23076:241-22372:500-21166:242-19761:242-19060
2020-01-27T16:25:03,  - attempt to send message: 1416026240-23076:241-22372:500-21166:242-19761:242-19060
2020-01-27T16:25:03,  - Modem begin successful
2020-01-27T16:23:03,  - Sending...
2020-01-27T16:25:03,  - Send response: 
2020-01-27T16:25:03,   - Sync clocks... 
2020-01-27T16:24:03,  - Arduino Old Time: 2000-00-20T00:84:03
2020-01-27T16:24:03,  - Arduino New Time: 2002-00-20T47:14:03
2020-01-27T16:21:03, Message sent! Removing /TRANSMIT.csv
2020-01-27T16:19:03, Done loop ...
2020-01-27T16:19:03, ... powering down.
2020-01-27T16:19:03, RTC Initialization Failed
2020-01-27T16:20:03, Setup Complete
2020-01-27T16:21:03, Data: 2009-05-14T16:02:03,3.99,25627,2424.00,4994.00,2438.50,-18.43,60.87,-7.32,880.57
2020-01-27T16:19:03, Add row to /TRACKING.csv
2023-03-18T07:45:03, Number of rows in /TRACKING.csv: 1
2020-01-27T16:19:03, Done loop ...
2020-01-27T16:19:03, ... powering down.
2020-01-27T16:19:03, RTC Initialization Failed
2020-01-27T16:20:03, Setup Complete
2020-01-27T16:21:03, Data: 2009-05-14T16:02:03,3.99,25627,2425.00,2436.00,2428.00,-18.67,58.38,-7.46,880.37
2020-01-27T16:19:03, Add row to /TRACKING.csv
2023-03-18T07:45:03, Number of rows in /TRACKING.csv: 2
2020-01-27T16:19:03, Done loop ...
2020-01-27T16:19:03, ... powering down.
2020-01-27T16:19:03, RTC Initialization Failed
2020-01-27T16:20:03, Setup Complete
2020-01-27T16:21:03, Data: 2009-05-14T16:02:03,3.99,25627,2428.00,2436.00,2431.50,-18.49,61.49,-7.46,880.86
2020-01-27T16:19:03, Add row to /TRACKING.csv
2023-03-18T07:45:03, Number of rows in /TRACKING.csv: 3
2020-01-27T16:19:03, Done loop ...
2020-01-27T16:19:03, ... powering down.
2020-01-27T16:19:03, RTC Initialization Failed
2020-01-27T16:20:03, Setup Complete
2020-01-27T16:21:03, Data: 2009-05-14T16:02:03,3.99,25627,2421.00,2429.00,2424.00,-19.23,57.88,-8.69,880.33
2020-01-27T16:19:03, Add row to /TRACKING.csv
2023-03-18T07:45:03, Number of rows in /TRACKING.csv: 4
2020-01-27T16:21:03, Number of rows in /TRACKING.csv is >= 4
2020-01-27T16:19:03, Remove tracking
2020-01-27T16:21:03, Write to /TRANSMIT.csv: 2009-05-14T16:02:03,3.99,2421.00,-19.2,58
2023-03-18T07:45:03, Number of rows in /TRANSMIT.csv: 1
2003-01-30T16:00:03, Current hour = 16, Transmission hour = 1
2003-01-30T16:00:03, Current hour = 16, Transmission hour = 6
2003-01-30T16:00:03, Current hour = 16, Transmission hour = 8
2003-01-30T16:00:03, Current hour = 16, Transmission hour = 10
2003-01-30T16:00:03, Current hour = 16, Transmission hour = 15
2003-01-30T16:00:03, Current hour = 16, Transmission hour = 20
2003-01-30T16:00:03, Current hour = 16, Transmission hour = 22
2020-01-27T16:19:03, Done loop ...
2020-01-27T16:19:03, ... powering down.
2020-01-27T16:19:03, RTC Initialization Failed
2020-01-27T16:20:03, Setup Complete
2020-01-27T16:21:03, Data: 2009-05-14T16:02:03,3.99,25627,2419.00,2425.00,2422.00,-18.11,60.12,-9.47,880.92
2020-01-27T16:19:03, Add row to /TRACKING.csv
2023-03-18T06:25:03, Number of rows in /TRACKING.csv: 1
2020-01-27T16:19:03, Done loop ...
2020-01-27T16:19:03, ... powering down.
2020-01-27T16:19:03, RTC Initialization Failed
2020-01-27T16:20:03, Setup Complete
2020-01-27T16:21:03, Data: 2009-05-14T16:02:03,3.99,25627,2419.00,2427.00,2423.00,-18.42,57.40,-9.03,880.69
2020-01-27T16:19:03, Add row to /TRACKING.csv
2023-03-18T07:45:03, Number of rows in /TRACKING.csv: 2
2020-01-27T16:19:03, Done loop ...
2020-01-27T16:19:03, ... powering down.
2020-01-27T16:19:03, RTC Initialization Failed
2020-01-27T16:20:03, Setup Complete
2020-01-27T16:21:03, Data: 2009-05-14T16:02:03,3.96,25627,2411.00,2425.00,2417.00,-19.77,59.29,-11.48,880.42
2020-01-27T16:19:03, Add row to /TRACKING.csv
2023-03-18T07:45:03, Number of rows in /TRACKING.csv: 3
2020-01-27T16:19:03, Done loop ...
2020-01-27T16:19:03, ... powering down.
2020-01-27T16:19:03, RTC Initialization Failed
2020-01-27T16:20:03, Setup Complete
2020-01-27T16:21:03, Data: 2009-05-14T16:02:03,3.99,25627,2421.00,4996.00,2431.00,-18.42,58.91,-11.10,880.94
2020-01-27T16:19:03, Add row to /TRACKING.csv
2023-03-18T07:45:03, Number of rows in /TRACKING.csv: 4
2020-01-27T16:21:03, Number of rows in /TRACKING.csv is >= 4
2020-01-27T16:19:03, Remove tracking
2020-01-27T16:21:03, Write to /TRANSMIT.csv: 2009-05-14T16:02:03,3.99,2421.00,-18.4,59
2023-03-18T07:45:03, Number of rows in /TRANSMIT.csv: 2
2011-11-25T17:25:03, Current hour = 16, Transmission hour = 1
2020-01-27T16:22:03, Current hour = 16, Transmission hour = 6
2020-01-27T16:22:03, Current hour = 16, Transmission hour = 8
2020-01-27T16:22:03, Current hour = 16, Transmission hour = 10
2020-01-27T16:22:03, Current hour = 16, Transmission hour = 15
2020-01-27T16:22:03, Current hour = 16, Transmission hour = 20
2020-01-27T16:22:03, Current hour = 16, Transmission hour = 22
2020-01-27T16:19:03, Done loop ...
2020-01-27T16:19:03, ... powering down.
2020-01-27T16:19:03, RTC Initialization Failed
2020-01-27T16:20:03, Setup Complete
2020-01-27T16:21:03, Data: 2009-05-14T16:02:03,3.94,25627,2433.00,4998.00,4995.00,-19.01,59.44,-11.24,880.74
2020-01-27T16:19:03, Add row to /TRACKING.csv
2023-03-18T07:45:03, Number of rows in /TRACKING.csv: 1
2020-01-27T16:19:03, Done loop ...
2020-01-27T16:19:03, ... powering down.
2020-01-27T16:19:03, RTC Initialization Failed
2020-01-27T16:20:03, Setup Complete
2020-01-27T16:21:03, Data: 2009-05-14T16:02:03,3.99,25627,2414.00,2432.00,2420.00,-18.04,58.79,-11.29,880.75
2020-01-27T16:19:03, Add row to /TRACKING.csv
2023-03-18T06:25:03, Number of rows in /TRACKING.csv: 2
2020-01-27T16:19:03, Done loop ...
2020-01-27T16:19:03, ... powering down.
2020-01-27T16:19:03, RTC Initialization Failed
2020-01-27T16:20:03, Setup Complete
2020-01-27T16:21:03, Data: 2009-05-14T16:02:03,3.98,25627,2417.00,2425.00,2419.00,-19.46,61.96,-11.96,880.72
2020-01-27T16:19:03, Add row to /TRACKING.csv
2023-03-18T07:45:03, Number of rows in /TRACKING.csv: 3
2020-01-27T16:19:03, Done loop ...
2020-01-27T16:19:03, ... powering down.
2020-01-27T16:19:03, RTC Initialization Failed
2020-01-27T16:20:03, Setup Complete
2020-01-27T16:21:03, Data: 2009-05-14T16:02:03,3.85,25627,2417.00,2430.00,2425.00,-18.74,59.10,-13.07,880.74
2020-01-27T16:19:03, Add row to /TRACKING.csv
2023-03-18T07:45:03, Number of rows in /TRACKING.csv: 4
2020-01-27T16:21:03, Number of rows in /TRACKING.csv is >= 4
2020-01-27T16:19:03, Remove tracking
2020-01-27T16:21:03, Write to /TRANSMIT.csv: 2009-05-14T16:02:03,3.85,2417.00,-18.7,59
2023-03-18T07:45:03, Number of rows in /TRANSMIT.csv: 3
2003-01-30T16:00:03, Current hour = 16, Transmission hour = 1
2003-01-30T16:00:03, Current hour = 16, Transmission hour = 6
2003-01-30T16:00:03, Current hour = 16, Transmission hour = 8
2003-01-30T16:00:03, Current hour = 16, Transmission hour = 10
2003-01-30T16:00:03, Current hour = 16, Transmission hour = 15
2003-01-30T16:00:03, Current hour = 16, Transmission hour = 20
2003-01-30T16:00:03, Current hour = 16, Transmission hour = 22
2020-01-27T16:19:03, Done loop ...
2020-01-27T16:19:03, ... powering down.
2020-01-27T16:19:03, RTC Initialization Failed
2020-01-27T16:20:03, Setup Complete
2020-01-27T16:21:03, Data: 2009-05-14T16:02:03,3.85,25627,2419.00,2455.00,2436.50,-19.55,62.13,-14.25,880.55
2020-01-27T16:19:03, Add row to /TRACKING.csv
2023-03-18T07:45:03, Number of rows in /TRACKING.csv: 1
2020-01-27T16:19:03, Done loop ...
2020-01-27T16:19:03, ... powering down.
2020-01-27T16:19:03, RTC Initialization Failed
2020-01-27T16:20:03, Setup Complete
2020-01-27T16:21:03, Data: 2009-05-14T16:02:03,3.71,25627,2416.00,2425.00,2420.00,-19.88,63.62,-16.32,880.76
2020-01-27T16:19:03, Add row to /TRACKING.csv
2023-03-18T07:45:03, Number of rows in /TRACKING.csv: 2
2020-01-27T16:19:03, Done loop ...
2020-01-27T16:19:03, ... powering down.
2020-01-27T16:19:03, RTC Initialization Failed
2020-01-27T16:20:03, Setup Complete
2020-01-27T16:21:03, Data: 2009-05-14T16:02:03,3.71,25627,2411.00,2419.00,2414.50,-20.33,63.71,-18.95,881.19
2020-01-27T16:19:03, Add row to /TRACKING.csv
2023-03-18T07:45:03, Number of rows in /TRACKING.csv: 3
2020-01-27T16:19:03, Done loop ...
2020-01-27T16:19:03, ... powering down.
2020-01-27T16:19:03, RTC Initialization Failed
2020-01-27T16:20:03, Setup Complete
2020-01-27T16:21:03, Data: 2009-05-14T16:02:03,3.69,25627,2408.00,2416.00,2412.50,-20.59,65.32,-20.26,881.28
2020-01-27T16:19:03, Add row to /TRACKING.csv
2023-03-18T07:45:03, Number of rows in /TRACKING.csv: 4
2020-01-27T16:21:03, Number of rows in /TRACKING.csv is >= 4
2020-01-27T16:19:03, Remove tracking
2020-01-27T16:21:03, Write to /TRANSMIT.csv: 2009-05-14T16:02:03,3.69,2408.00,-20.6,65
2023-03-18T07:45:03, Number of rows in /TRANSMIT.csv: 4
2003-01-30T16:00:03, Current hour = 16, Transmission hour = 1
2003-01-30T16:00:03, Current hour = 16, Transmission hour = 6
2003-01-30T16:00:03, Current hour = 16, Transmission hour = 8
2003-01-30T16:00:03, Current hour = 16, Transmission hour = 10
2003-01-30T16:00:03, Current hour = 16, Transmission hour = 15
2003-01-30T16:00:03, Current hour = 16, Transmission hour = 20
2003-01-30T16:00:03, Current hour = 16, Transmission hour = 22
2020-01-27T16:19:03, Done loop ...
2020-01-27T16:19:03, ... powering down.
2020-01-27T16:19:03, RTC Initialization Failed
2020-01-27T16:20:03, Setup Complete
2020-01-27T16:21:03, Data: 2009-05-14T16:02:03,3.67,25627,2402.00,2418.00,2410.00,-20.70,65.36,-20.93,881.36
2020-01-27T16:19:03, Add row to /TRACKING.csv
2023-03-18T07:45:03, Number of rows in /TRACKING.csv: 1
2020-01-27T16:19:03, Done loop ...
2020-01-27T16:19:03, ... powering down.
2020-01-27T16:19:03, RTC Initialization Failed
2020-01-27T16:20:03, Setup Complete
2020-01-27T16:21:03, Data: 2009-05-14T16:02:03,3.67,25627,2410.00,2421.00,2415.00,-20.64,64.90,-21.24,881.51
2020-01-27T16:19:03, Add row to /TRACKING.csv
2023-03-18T07:45:03, Number of rows in /TRACKING.csv: 2
2020-01-27T16:19:03, Done loop ...
2020-01-27T16:19:03, ... powering down.
2020-01-27T16:19:03, RTC Initialization Failed
2020-01-27T16:20:03, Setup Complete
2020-01-27T16:21:03, Data: 2009-05-14T16:02:03,3.66,25627,2409.00,2419.00,2415.00,-20.60,65.20,-21.48,881.44
2020-01-27T16:19:03, Add row to /TRACKING.csv
2023-03-18T07:45:03, Number of rows in /TRACKING.csv: 3
2020-01-27T16:19:03, Done loop ...
2020-01-27T16:19:03, ... powering down.
2020-01-27T16:19:03, RTC Initialization Failed
2020-01-27T16:20:03, Setup Complete
2020-01-27T16:21:03, Data: 2009-05-14T16:02:03,3.66,25627,2417.00,5002.00,2421.50,-20.57,64.93,-21.59,881.50
2020-01-27T16:19:03, Add row to /TRACKING.csv
2023-03-18T07:45:03, Number of rows in /TRACKING.csv: 4
2020-01-27T16:21:03, Number of rows in /TRACKING.csv is >= 4
2020-01-27T16:19:03, Remove tracking
2020-01-27T16:21:03, Write to /TRANSMIT.csv: 2009-05-14T16:02:03,3.66,2417.00,-20.6,65
2023-03-18T07:45:03, Number of rows in /TRANSMIT.csv: 5
2003-01-30T16:00:03, Current hour = 16, Transmission hour = 1
2001-03-26T16:00:03, 1416023242-19258:242-18459:242-18759:241-20665:242-20665
2020-01-27T16:25:03,  - attempt to send message: 1416023242-19258:242-18459:242-18759:241-20665:242-20665
2020-01-27T16:21:03,  - Modem begin successful
2020-01-27T16:21:03,  - Sending...
2020-01-27T16:21:03,  - Send response: 
2020-01-27T16:22:03,   - Sync clocks... 
2020-01-27T16:25:03,  - Arduino Old Time: 2000-00-20T00:84:03
2020-01-27T16:24:03,  - Arduino New Time: 2002-00-02T21:51:03
2020-01-27T16:21:03, Message sent! Removing /TRANSMIT.csv
2020-01-27T16:19:03, Done loop ...
2020-01-27T16:19:03, ... powering down.
2020-01-27T16:19:03, RTC Initialization Failed
2020-01-27T16:20:03, Setup Complete
2020-01-27T16:21:03, Data: 2009-05-14T16:02:03,3.65,25627,2409.00,5002.00,2464.00,-20.67,65.12,-21.69,881.95
2020-01-27T16:19:03, Add row to /TRACKING.csv
2023-03-18T07:45:03, Number of rows in /TRACKING.csv: 1
2020-01-27T16:19:03, Done loop ...
2020-01-27T16:19:03, ... powering down.
2020-01-27T16:19:03, RTC Initialization Failed
2020-01-27T16:20:03, Setup Complete
2020-01-27T16:21:03, Data: 2009-05-14T16:02:03,3.65,25627,2421.00,5001.00,2461.50,-20.78,66.29,-21.81,882.07
2020-01-27T16:19:03, Add row to /TRACKING.csv
2023-03-18T07:45:03, Number of rows in /TRACKING.csv: 2
2020-01-27T16:19:03, Done loop ...
2020-01-27T16:19:03, ... powering down.
2020-01-27T16:19:03, RTC Initialization Failed
2020-01-27T16:20:03, Setup Complete
2020-01-27T16:21:03, Data: 2009-05-14T16:02:03,3.65,25627,2411.00,2507.00,2457.00,-20.74,66.89,-21.84,882.13
2020-01-27T16:19:03, Add row to /TRACKING.csv
2023-03-18T07:45:03, Number of rows in /TRACKING.csv: 3
2020-01-27T16:19:03, Done loop ...
2020-01-27T16:19:03, ... powering down.
2020-01-27T16:19:03, RTC Initialization Failed
2020-01-27T16:20:03, Setup Complete
2020-01-27T16:21:03, Data: 2009-05-14T16:02:03,3.65,25627,2417.00,2450.00,2439.50,-21.15,69.02,-22.01,882.33
2020-01-27T16:19:03, Add row to /TRACKING.csv
2023-03-18T07:45:03, Number of rows in /TRACKING.csv: 4
2020-01-27T16:21:03, Number of rows in /TRACKING.csv is >= 4
2020-01-27T16:19:03, Remove tracking
2020-01-27T16:21:03, Write to /TRANSMIT.csv: 2009-05-14T16:02:03,3.65,2417.00,-21.1,69
2023-03-18T07:45:03, Number of rows in /TRANSMIT.csv: 1
2020-01-27T16:23:03, Current hour = 16, Transmission hour = 1
2020-01-27T16:23:03, Current hour = 16, Transmission hour = 6
2020-01-27T16:23:03, Current hour = 16, Transmission hour = 8
2020-01-27T16:23:03, Current hour = 16, Transmission hour = 10
2020-01-27T16:23:03, Current hour = 16, Transmission hour = 15
2020-01-27T16:23:03, Current hour = 16, Transmission hour = 20
2020-01-27T16:23:03, Current hour = 16, Transmission hour = 22
2020-01-27T16:19:03, Done loop ...
2020-01-27T16:19:03, ... powering down.
2020-01-27T16:19:03, RTC Initialization Failed
2020-01-27T16:20:03, Setup Complete
2020-01-27T16:21:03, Data: 2009-05-14T16:02:03,3.64,25627,2418.00,2483.00,2449.00,-20.87,67.47,-22.11,882.43
2020-01-27T16:19:03, Add row to /TRACKING.csv
2023-03-18T07:45:03, Number of rows in /TRACKING.csv: 1
2020-01-27T16:19:03, Done loop ...
2020-01-27T16:19:03, ... powering down.
2020-01-27T16:19:03, RTC Initialization Failed
2020-01-27T16:20:03, Setup Complete
2020-01-27T16:21:03, Data: 2009-05-14T16:02:03,3.64,25627,2433.00,5001.00,2454.00,-20.83,67.10,-21.93,882.50
2020-01-27T16:19:03, Add row to /TRACKING.csv
2023-03-18T07:45:03, Number of rows in /TRACKING.csv: 2
2020-01-27T16:19:03, Done loop ...
2020-01-27T16:19:03, ... powering down.
2020-01-27T16:19:03, RTC Initialization Failed
2020-01-27T16:20:03, Setup Complete
2020-01-27T16:21:03, Data: 2009-05-14T16:02:03,3.65,25627,2417.00,2439.00,2426.00,-20.95,69.62,-21.77,882.81
2020-01-27T16:19:03, Add row to /TRACKING.csv
2023-03-18T07:45:03, Number of rows in /TRACKING.csv: 3
2020-01-27T16:19:03, Done loop ...
2020-01-27T16:19:03, ... powering down.
2020-01-27T16:19:03, RTC Initialization Failed
2020-01-27T16:20:03, Setup Complete
2020-01-27T16:21:03, Data: 2009-05-14T16:02:03,3.64,25627,2408.00,2414.00,2413.00,-20.75,66.40,-21.80,882.84
2020-01-27T16:19:03, Add row to /TRACKING.csv
2023-03-18T07:45:03, Number of rows in /TRACKING.csv: 4
2020-01-27T16:21:03, Number of rows in /TRACKING.csv is >= 4
2020-01-27T16:19:03, Remove tracking
2020-01-27T16:21:03, Write to /TRANSMIT.csv: 2009-05-14T16:02:03,3.64,2408.00,-20.8,66
2023-03-18T07:45:03, Number of rows in /TRANSMIT.csv: 2
2020-01-27T16:23:03, Current hour = 16, Transmission hour = 1
2020-01-27T16:23:03, Current hour = 16, Transmission hour = 6
2020-01-27T16:24:03, Current hour = 16, Transmission hour = 8
2020-01-27T16:24:03, Current hour = 16, Transmission hour = 10
2020-01-27T16:24:03, Current hour = 16, Transmission hour = 15
2020-01-27T16:24:03, Current hour = 16, Transmission hour = 20
2020-01-27T16:24:03, Current hour = 16, Transmission hour = 22
2020-01-27T16:19:03, Done loop ...
2020-01-27T16:19:03, ... powering down.
2020-01-27T16:19:03, RTC Initialization Failed
2020-01-27T16:20:03, Setup Complete
2020-01-27T16:21:03, Data: 2009-05-14T16:02:03,3.64,25627,2409.00,2417.00,2415.00,-21.32,69.44,-22.16,882.87
2020-01-27T16:19:03, Add row to /TRACKING.csv
2023-03-18T07:45:03, Number of rows in /TRACKING.csv: 1
2020-01-27T16:19:03, Done loop ...
2020-01-27T16:19:03, ... powering down.
2020-01-27T16:19:03, RTC Initialization Failed
2020-01-27T16:20:03, Setup Complete
2020-01-27T16:21:03, Data: 2009-05-14T16:02:03,3.64,25627,2413.00,2421.00,2419.00,-20.66,66.02,-22.24,882.88
2020-01-27T16:19:03, Add row to /TRACKING.csv
2023-03-18T07:45:03, Number of rows in /TRACKING.csv: 2
2020-01-27T16:19:03, Done loop ...
2020-01-27T16:19:03, ... powering down.
2020-01-27T16:19:03, RTC Initialization Failed
2020-01-27T16:20:03, Setup Complete
2020-01-27T16:21:03, Data: 2009-05-14T16:02:03,3.65,25627,2412.00,2425.00,2418.00,-21.06,68.10,-22.15,882.93
2020-01-27T16:19:03, Add row to /TRACKING.csv
2023-03-18T07:45:03, Number of rows in /TRACKING.csv: 3
2020-01-27T16:19:03, Done loop ...
2020-01-27T16:19:03, ... powering down.
2020-01-27T16:19:03, RTC Initialization Failed
2020-01-27T16:20:03, Setup Complete
2020-01-27T16:21:03, Data: 2009-05-14T16:02:03,3.64,25627,2412.00,2418.00,2416.50,-21.11,68.39,-22.37,883.00
2020-01-27T16:19:03, Add row to /TRACKING.csv
2023-03-18T07:45:03, Number of rows in /TRACKING.csv: 4
2020-01-27T16:21:03, Number of rows in /TRACKING.csv is >= 4
2020-01-27T16:19:03, Remove tracking
2020-01-27T16:21:03, Write to /TRANSMIT.csv: 2009-05-14T16:02:03,3.64,2412.00,-21.1,68
2023-03-18T07:45:03, Number of rows in /TRANSMIT.csv: 3
2003-01-30T16:00:03, Current hour = 16, Transmission hour = 1
2003-01-30T16:00:03, Current hour = 16, Transmission hour = 6
2003-01-30T16:00:03, Current hour = 16, Transmission hour = 8
2003-01-30T16:00:03, Current hour = 16, Transmission hour = 10
2003-01-30T16:00:03, Current hour = 16, Transmission hour = 15
2003-01-30T16:00:03, Current hour = 16, Transmission hour = 20
2003-01-30T16:00:03, Current hour = 16, Transmission hour = 22
2020-01-27T16:19:03, Done loop ...
2020-01-27T16:19:03, ... powering down.
2020-01-27T16:19:03, RTC Initialization Failed
2020-01-27T16:20:03, Setup Complete
2020-01-27T16:21:03, Data: 2009-05-14T16:02:03,3.64,25627,2416.00,2427.00,2422.50,-20.75,67.48,-22.16,882.94
2020-01-27T16:19:03, Add row to /TRACKING.csv
2023-03-18T07:45:03, Number of rows in /TRACKING.csv: 1
2020-01-27T16:19:03, Done loop ...
2020-01-27T16:19:03, ... powering down.
2020-01-27T16:19:03, RTC Initialization Failed
2020-01-27T16:20:03, Setup Complete
2020-01-27T16:21:03, Data: 2009-05-14T16:02:03,3.64,25627,2416.00,2567.00,2470.50,-20.53,64.85,-21.88,882.95
2020-01-27T16:19:03, Add row to /TRACKING.csv
2023-03-18T07:45:03, Number of rows in /TRACKING.csv: 2
2020-01-27T16:19:03, Done loop ...
2020-01-27T16:19:03, ... powering down.
2020-01-27T16:19:03, RTC Initialization Failed
2020-01-27T16:20:03, Setup Complete
2020-01-27T16:21:03, Data: 2009-05-14T16:02:03,3.65,25627,2422.00,5001.00,2436.00,-20.68,66.07,-22.01,883.05
2020-01-27T16:19:03, Add row to /TRACKING.csv
2023-03-18T07:45:03, Number of rows in /TRACKING.csv: 3
2020-01-27T16:19:03, Done loop ...
2020-01-27T16:19:03, ... powering down.
2020-01-27T16:19:03, RTC Initialization Failed
2020-01-27T16:20:03, Setup Complete
2020-01-27T16:21:03, Data: 2009-05-14T16:02:03,3.65,25627,2411.00,2570.00,2429.50,-20.47,65.59,-21.86,883.20
2020-01-27T16:19:03, Add row to /TRACKING.csv
2023-03-18T07:45:03, Number of rows in /TRACKING.csv: 4
2020-01-27T16:21:03, Number of rows in /TRACKING.csv is >= 4
2020-01-27T16:19:03, Remove tracking
2020-01-27T16:21:03, Write to /TRANSMIT.csv: 2009-05-14T16:02:03,3.65,2411.00,-20.5,66
2023-03-18T07:45:03, Number of rows in /TRANSMIT.csv: 4
2003-01-30T16:00:03, Current hour = 16, Transmission hour = 1
2003-01-30T16:00:03, Current hour = 16, Transmission hour = 6
2003-01-30T16:00:03, Current hour = 16, Transmission hour = 8
2003-01-30T16:00:03, Current hour = 16, Transmission hour = 10
2003-01-30T16:00:03, Current hour = 16, Transmission hour = 15
2003-01-30T16:00:03, Current hour = 16, Transmission hour = 20
2003-01-30T16:00:03, Current hour = 16, Transmission hour = 22
2020-01-27T16:19:03, Done loop ...
2020-01-27T16:19:03, ... powering down.
2020-01-27T16:19:03, RTC Initialization Failed
2020-01-27T16:20:03, Setup Complete
2020-01-27T16:21:03, Data: 2009-05-14T16:02:03,3.64,25627,2408.00,5001.00,2457.00,-20.35,64.56,-21.53,882.83
2020-01-27T16:19:03, Add row to /TRACKING.csv
2023-03-18T07:45:03, Number of rows in /TRACKING.csv: 1
2020-01-27T16:19:03, Done loop ...
2020-01-27T16:19:03, ... powering down.
2020-01-27T16:19:03, RTC Initialization Failed
2020-01-27T16:20:03, Setup Complete
2020-01-27T16:21:03, Data: 2009-05-14T16:02:03,3.65,25627,2428.00,5002.00,2461.50,-20.33,63.18,-21.51,883.20
2020-01-27T16:19:03, Add row to /TRACKING.csv
2023-03-18T07:45:03, Number of rows in /TRACKING.csv: 2
2020-01-27T16:19:03, Done loop ...
2020-01-27T16:19:03, ... powering down.
2020-01-27T16:19:03, RTC Initialization Failed
2020-01-27T16:20:03, Setup Complete
2020-01-27T16:21:03, Data: 2009-05-14T16:02:03,3.65,25627,2422.00,5000.00,2445.00,-20.30,64.04,-21.51,883.04
2020-01-27T16:19:03, Add row to /TRACKING.csv
2023-03-18T07:45:03, Number of rows in /TRACKING.csv: 3
2020-01-27T16:19:03, Done loop ...
2020-01-27T16:19:03, ... powering down.
2020-01-27T16:19:03, RTC Initialization Failed
2020-01-27T16:20:03, Setup Complete
2020-01-27T16:21:03, Data: 2009-05-14T16:02:03,3.65,25627,2453.00,5000.00,2463.50,-20.29,62.87,-21.48,883.17
2020-01-27T16:19:03, Add row to /TRACKING.csv
2023-03-18T07:45:03, Number of rows in /TRACKING.csv: 4
2020-01-27T16:21:03, Number of rows in /TRACKING.csv is >= 4
2020-01-27T16:19:03, Remove tracking
2020-01-27T16:21:03, Write to /TRANSMIT.csv: 2009-05-14T16:02:03,3.65,2453.00,-20.3,63
2023-03-18T07:45:03, Number of rows in /TRANSMIT.csv: 5
2003-01-30T16:00:03, Current hour = 16, Transmission hour = 1
2001-03-26T16:00:03, 1416023242-21169:241-20866:241-21168:241-20566:245-20363
2020-01-27T16:25:03,  - attempt to send message: 1416023242-21169:241-20866:241-21168:241-20566:245-20363
2020-01-27T16:21:03,  - Modem begin successful
2020-01-27T16:21:03,  - Sending...
2020-01-27T16:21:03,  - Send response: 
2020-01-27T16:22:03,   - Sync clocks... 
2020-01-27T16:25:03,  - Arduino Old Time: 2000-00-20T00:84:03
2020-01-27T16:24:03,  - Arduino New Time: 2002-00-07T57:58:03
2020-01-27T16:21:03, Message sent! Removing /TRANSMIT.csv
2020-01-27T16:19:03, Done loop ...
2020-01-27T16:19:03, ... powering down.
2020-01-27T16:19:03, RTC Initialization Failed
2020-01-27T16:20:03, Setup Complete
2020-01-27T16:21:03, Data: 2009-05-14T16:02:03,3.65,25627,2427.00,5001.00,2452.50,-20.71,65.65,-21.61,883.45
2020-01-27T16:19:03, Add row to /TRACKING.csv
2023-03-18T07:45:03, Number of rows in /TRACKING.csv: 1
2020-01-27T16:19:03, Done loop ...
2020-01-27T16:19:03, ... powering down.
2020-01-27T16:19:03, RTC Initialization Failed
2020-01-27T16:20:03, Setup Complete
2020-01-27T16:21:03, Data: 2009-05-14T16:02:03,3.65,25627,2430.00,2458.00,2438.50,-20.40,63.85,-21.81,883.62
2020-01-27T16:19:03, Add row to /TRACKING.csv
2023-03-18T07:45:03, Number of rows in /TRACKING.csv: 2
2020-01-27T16:19:03, Done loop ...
2020-01-27T16:19:03, ... powering down.
2020-01-27T16:19:03, RTC Initialization Failed
2020-01-27T16:20:03, Setup Complete
2043-04-29T09:31:47, Data: 2009-05-14T16:02:03,3.65,25627,2429.00,2467.00,2437.50,-20.59,65.58,-21.82,883.64
2020-01-27T16:19:03, Add row to /TRACKING.csv
2023-03-18T07:45:03, Number of rows in /TRACKING.csv: 3
2020-01-27T16:19:03, Done loop ...
2020-01-27T16:19:03, ... powering down.
2020-01-27T16:19:03, RTC Initialization Failed
2020-01-27T16:20:03, Setup Complete
2020-01-27T16:21:03, Data: 2009-05-14T16:02:03,3.65,25627,2441.00,2451.00,2445.00,-20.64,64.44,-21.93,883.53
2020-01-27T16:19:03, Add row to /TRACKING.csv
2023-03-18T07:45:03, Number of rows in /TRACKING.csv: 4
2020-01-27T16:21:03, Number of rows in /TRACKING.csv is >= 4
2020-01-27T16:19:03, Remove tracking
2020-01-27T16:21:03, Write to /TRANSMIT.csv: 2009-05-14T16:02:03,3.65,2441.00,-20.6,64
2023-03-18T07:45:03, Number of rows in /TRANSMIT.csv: 1
2020-01-27T16:23:03, Current hour = 16, Transmission hour = 1
2020-01-27T16:23:03, Current hour = 16, Transmission hour = 6
2020-01-27T16:23:03, Current hour = 16, Transmission hour = 8
2020-01-27T16:23:03, Current hour = 16, Transmission hour = 10
2020-01-27T16:23:03, Current hour = 16, Transmission hour = 15
2020-01-27T16:23:03, Current hour = 16, Transmission hour = 20
2020-01-27T16:23:03, Current hour = 16, Transmission hour = 22
2020-01-27T16:19:03, Done loop ...
2020-01-27T16:19:03, ... powering down.
2020-01-27T16:19:03, RTC Initialization Failed
2020-01-27T16:20:03, Setup Complete
2020-01-27T16:21:03, Data: 2009-05-14T16:02:03,3.65,25627,2430.00,4999.00,2439.50,-20.55,63.12,-22.07,883.48
2020-01-27T16:19:03, Add row to /TRACKING.csv
2023-03-18T07:45:03, Number of rows in /TRACKING.csv: 1
2020-01-27T16:19:03, Done loop ...
2020-01-27T16:19:03, ... powering down.
2020-01-27T16:19:03, RTC Initialization Failed
2020-01-27T16:20:03, Setup Complete
2020-01-27T16:21:03, Data: 2009-05-14T16:02:03,3.64,25627,2416.00,2446.00,2438.50,-20.75,63.47,-22.21,883.58
2020-01-27T16:19:03, Add row to /TRACKING.csv
2023-03-18T07:45:03, Number of rows in /TRACKING.csv: 2
2020-01-27T16:19:03, Done loop ...
2020-01-27T16:19:03, ... powering down.
2020-01-27T16:19:03, RTC Initialization Failed
2020-01-27T16:20:03, Setup Complete
2020-01-27T16:21:03, Data: 2009-05-14T16:02:03,3.64,25627,2416.00,5001.00,2429.00,-20.96,64.83,-22.29,883.73
2020-01-27T16:19:03, Add row to /TRACKING.csv
2023-03-18T07:45:03, Number of rows in /TRACKING.csv: 3
2020-01-27T16:19:03, Done loop ...
2020-01-27T16:19:03, ... powering down.
2020-01-27T16:19:03, RTC Initialization Failed
2020-01-27T16:20:03, Setup Complete
2020-01-27T16:21:03, Data: 2009-05-14T16:02:03,3.64,25627,2434.00,2452.00,2438.00,-20.94,64.41,-22.18,883.57
2020-01-27T16:19:03, Add row to /TRACKING.csv
2023-03-18T07:45:03, Number of rows in /TRACKING.csv: 4
2020-01-27T16:21:03, Number of rows in /TRACKING.csv is >= 4
2020-01-27T16:19:03, Remove tracking
2020-01-27T16:21:03, Write to /TRANSMIT.csv: 2009-05-14T16:02:03,3.64,2434.00,-20.9,64
2023-03-18T07:45:03, Number of rows in /TRANSMIT.csv: 2
2020-01-27T16:22:03, Current hour = 16, Transmission hour = 1
2020-01-27T16:22:03, Current hour = 16, Transmission hour = 6
2020-01-27T16:22:03, Current hour = 16, Transmission hour = 8
2020-01-27T16:22:03, Current hour = 16, Transmission hour = 10
2020-01-27T16:22:03, Current hour = 16, Transmission hour = 15
2020-01-27T16:22:03, Current hour = 16, Transmission hour = 20
2020-01-27T16:22:03, Current hour = 16, Transmission hour = 22
2020-01-27T16:19:03, Done loop ...
2020-01-27T16:19:03, ... powering down.
2020-01-27T16:19:03, RTC Initialization Failed
2020-01-27T16:20:03, Setup Complete
2020-01-27T16:21:03, Data: 2009-05-14T16:02:03,3.64,25627,2414.00,2435.00,2428.50,-20.81,64.20,-22.21,883.61
2020-01-27T16:19:03, Add row to /TRACKING.csv
2023-03-18T07:45:03, Number of rows in /TRACKING.csv: 1
2020-01-27T16:19:03, Done loop ...
2020-01-27T16:19:03, ... powering down.
2020-01-27T16:19:03, RTC Initialization Failed
2020-01-27T16:20:03, Setup Complete
2020-01-27T16:21:03, Data: 2009-05-14T16:02:03,3.64,25627,2418.00,2434.00,2426.00,-20.75,64.72,-22.05,883.65
2020-01-27T16:19:03, Add row to /TRACKING.csv
2023-03-18T07:45:03, Number of rows in /TRACKING.csv: 2
2020-01-27T16:19:03, Done loop ...
2020-01-27T16:19:03, ... powering down.
2020-01-27T16:19:03, RTC Initialization Failed
2020-01-27T16:20:03, Setup Complete
2020-01-27T16:21:03, Data: 2009-05-14T16:02:03,3.64,25627,2423.00,2439.00,2431.00,-20.75,65.26,-21.96,883.26
2020-01-27T16:19:03, Add row to /TRACKING.csv
2023-03-18T07:45:03, Number of rows in /TRACKING.csv: 3
2020-01-27T16:19:03, Done loop ...
2020-01-27T16:19:03, ... powering down.
2020-01-27T16:19:03, RTC Initialization Failed
2020-01-27T16:20:03, Setup Complete
2020-01-27T16:21:03, Data: 2009-05-14T16:02:03,3.64,25627,2417.00,2432.00,2428.00,-20.80,64.84,-22.06,883.33
2020-01-27T16:19:03, Add row to /TRACKING.csv
2023-03-18T07:45:03, Number of rows in /TRACKING.csv: 4
2020-01-27T16:21:03, Number of rows in /TRACKING.csv is >= 4
2020-01-27T16:19:03, Remove tracking
2020-01-27T16:21:03, Write to /TRANSMIT.csv: 2009-05-14T16:02:03,3.64,2417.00,-20.8,65
2023-03-18T07:45:03, Number of rows in /TRANSMIT.csv: 3
2003-01-30T16:00:03, Current hour = 16, Transmission hour = 1
2003-01-30T16:00:03, Current hour = 16, Transmission hour = 6
2003-01-30T16:00:03, Current hour = 16, Transmission hour = 8
2003-01-30T16:00:03, Current hour = 16, Transmission hour = 10
2003-01-30T16:00:03, Current hour = 16, Transmission hour = 15
2003-01-30T16:00:03, Current hour = 16, Transmission hour = 20
2003-01-30T16:00:03, Current hour = 16, Transmission hour = 22
2020-01-27T16:19:03, Done loop ...
2020-01-27T16:19:03, ... powering down.
2020-01-27T16:19:03, RTC Initialization Failed
2020-01-27T16:20:03, Setup Complete
2020-01-27T16:21:03, Data: 2009-05-14T16:02:03,3.64,25627,2422.00,2436.00,2432.50,-20.57,62.57,-21.97,883.40
2020-01-27T16:19:03, Add row to /TRACKING.csv
2023-03-18T07:45:03, Number of rows in /TRACKING.csv: 1
2020-01-27T16:19:03, Done loop ...
2020-01-27T16:19:03, ... powering down.
2020-01-27T16:19:03, RTC Initialization Failed
2020-01-27T16:20:03, Setup Complete
2020-01-27T16:21:03, Data: 2009-05-14T16:02:03,3.64,25627,2424.00,2433.00,2427.00,-20.94,64.43,-22.08,883.21
2020-01-27T16:19:03, Add row to /TRACKING.csv
2023-03-18T07:45:03, Number of rows in /TRACKING.csv: 2
2020-01-27T16:19:03, Done loop ...
2020-01-27T16:19:03, ... powering down.
2020-01-27T16:19:03, RTC Initialization Failed
2020-01-27T16:20:03, Setup Complete
2020-01-27T16:21:03, Data: 2009-05-14T16:02:03,3.64,25627,2428.00,2444.00,2434.00,-20.96,64.61,-22.05,883.41
2020-01-27T16:19:03, Add row to /TRACKING.csv
2023-03-18T07:45:03, Number of rows in /TRACKING.csv: 3
2020-01-27T16:19:03, Done loop ...
2020-01-27T16:19:03, ... powering down.
2020-01-27T16:19:03, RTC Initialization Failed
2020-01-27T16:20:03, Setup Complete
2020-01-27T16:21:03, Data: 2009-05-14T16:02:03,3.64,25627,2430.00,2439.00,2432.50,-20.60,62.48,-21.96,883.18
2020-01-27T16:19:03, Add row to /TRACKING.csv
2023-03-18T07:45:03, Number of rows in /TRACKING.csv: 4
2020-01-27T16:21:03, Number of rows in /TRACKING.csv is >= 4
2020-01-27T16:19:03, Remove tracking
2020-01-27T16:21:03, Write to /TRANSMIT.csv: 2009-05-14T16:02:03,3.64,2430.00,-20.6,62
2023-03-18T07:45:03, Number of rows in /TRANSMIT.csv: 4
2003-01-30T16:00:03, Current hour = 16, Transmission hour = 1
2003-01-30T16:00:03, Current hour = 16, Transmission hour = 6
2003-01-30T16:00:03, Current hour = 16, Transmission hour = 8
2003-01-30T16:00:03, Current hour = 16, Transmission hour = 10
2003-01-30T16:00:03, Current hour = 16, Transmission hour = 15
2003-01-30T16:00:03, Current hour = 16, Transmission hour = 20
2003-01-30T16:00:03, Current hour = 16, Transmission hour = 22
2020-01-27T16:19:03, Done loop ...
2020-01-27T16:19:03, ... powering down.
2020-01-27T16:19:03, RTC Initialization Failed
2020-01-27T16:20:03, Setup Complete
2020-01-27T16:21:03, Data: 2009-05-14T16:02:03,3.65,25627,2426.00,2438.00,2432.00,-20.68,63.47,-21.89,883.24
2020-01-27T16:19:03, Add row to /TRACKING.csv
2023-03-18T07:45:03, Number of rows in /TRACKING.csv: 1
2020-01-27T16:19:03, Done loop ...
2020-01-27T16:19:03, ... powering down.
2020-01-27T16:19:03, RTC Initialization Failed
2020-01-27T16:20:03, Setup Complete
2020-01-27T16:21:03, Data: 2009-05-14T16:02:03,3.64,25627,2427.00,2436.00,2433.00,-20.68,64.66,-21.91,883.18
2020-01-27T16:19:03, Add row to /TRACKING.csv
2023-03-18T07:45:03, Number of rows in /TRACKING.csv: 2
2020-01-27T16:19:03, Done loop ...
2020-01-27T16:19:03, ... powering down.
2020-01-27T16:19:03, RTC Initialization Failed
2020-01-27T16:20:03, Setup Complete
2020-01-27T16:21:03, Data: 2009-05-14T16:02:03,3.64,25627,2431.00,2437.00,2431.50,-20.63,64.49,-21.87,883.36
2020-01-27T16:19:03, Add row to /TRACKING.csv
2023-03-18T07:45:03, Number of rows in /TRACKING.csv: 3
2020-01-27T16:19:03, Done loop ...
2020-01-27T16:19:03, ... powering down.
2020-01-27T16:19:03, RTC Initialization Failed
2020-01-27T16:20:03, Setup Complete
2020-01-27T16:21:03, Data: 2009-05-14T16:02:03,3.65,25627,2428.00,2436.00,2432.50,-20.88,67.07,-21.75,883.24
2020-01-27T16:19:03, Add row to /TRACKING.csv
2023-03-18T07:45:03, Number of rows in /TRACKING.csv: 4
2020-01-27T16:21:03, Number of rows in /TRACKING.csv is >= 4
2020-01-27T16:19:03, Remove tracking
2020-01-27T16:21:03, Write to /TRANSMIT.csv: 2009-05-14T16:02:03,3.65,2428.00,-20.9,67
2023-03-18T07:45:03, Number of rows in /TRANSMIT.csv: 5
2003-01-30T16:00:03, Current hour = 16, Transmission hour = 1
2001-03-26T16:00:03, 1416023244-20664:243-20964:242-20865:243-20662:243-20967
2020-01-27T16:25:03,  - attempt to send message: 1416023244-20664:243-20964:242-20865:243-20662:243-20967
2020-01-27T16:21:03,  - Modem begin successful
2020-01-27T16:21:03,  - Sending...
2020-01-27T16:21:03,  - Send response: 
2020-01-27T16:22:03,   - Sync clocks... 
2020-01-27T16:25:03,  - Arduino Old Time: 2000-00-20T00:84:03
2020-01-27T16:24:03,  - Arduino New Time: 2002-00-13T34:30:03
2020-01-27T16:21:03, Message sent! Removing /TRANSMIT.csv
2020-01-27T16:19:03, Done loop ...
2020-01-27T16:19:03, ... powering down.
2020-01-27T16:19:03, RTC Initialization Failed
2020-01-27T16:20:03, Setup Complete
2020-01-27T16:21:03, Data: 2009-05-14T16:02:03,3.65,25627,2419.00,5001.00,2462.50,-20.64,64.43,-21.66,883.04
2020-01-27T16:19:03, Add row to /TRACKING.csv
2023-03-18T07:45:03, Number of rows in /TRACKING.csv: 1
2020-01-27T16:19:03, Done loop ...
2020-01-27T16:19:03, ... powering down.
2020-01-27T16:19:03, RTC Initialization Failed
2020-01-27T16:20:03, Setup Complete
2020-01-27T16:21:03, Data: 2009-05-14T16:02:03,3.64,25627,2433.00,2443.00,2438.00,-20.75,65.05,-21.57,882.64
2020-01-27T16:19:03, Add row to /TRACKING.csv
2023-03-18T07:45:03, Number of rows in /TRACKING.csv: 2
2020-01-27T16:19:03, Done loop ...
2020-01-27T16:19:03, ... powering down.
2020-01-27T16:19:03, RTC Initialization Failed
2020-01-27T16:20:03, Setup Complete
2020-01-27T16:21:03, Data: 2009-05-14T16:02:03,3.64,25627,2429.00,2441.00,2436.00,-20.77,65.48,-21.76,883.07
2020-01-27T16:19:03, Add row to /TRACKING.csv
2023-03-18T07:45:03, Number of rows in /TRACKING.csv: 3
2020-01-27T16:19:03, Done loop ...
2020-01-27T16:19:03, ... powering down.
2020-01-27T16:19:03, RTC Initialization Failed
2020-01-27T16:20:03, Setup Complete
2020-01-27T16:21:03, Data: 2009-05-14T16:02:03,3.65,25627,2437.00,2449.00,2444.50,-20.67,63.49,-21.89,882.70
2020-01-27T16:19:03, Add row to /TRACKING.csv
2023-03-18T07:45:03, Number of rows in /TRACKING.csv: 4
2020-01-27T16:21:03, Number of rows in /TRACKING.csv is >= 4
2020-01-27T16:19:03, Remove tracking
2020-01-27T16:21:03, Write to /TRANSMIT.csv: 2009-05-14T16:02:03,3.65,2437.00,-20.7,63
2023-03-18T07:45:03, Number of rows in /TRANSMIT.csv: 1
2020-01-27T16:23:03, Current hour = 16, Transmission hour = 1
2020-01-27T16:23:03, Current hour = 16, Transmission hour = 6
2020-01-27T16:23:03, Current hour = 16, Transmission hour = 8
2020-01-27T16:23:03, Current hour = 16, Transmission hour = 10
2020-01-27T16:23:03, Current hour = 16, Transmission hour = 15
2020-01-27T16:23:03, Current hour = 16, Transmission hour = 20
2020-01-27T16:23:03, Current hour = 16, Transmission hour = 22
2020-01-27T16:19:03, Done loop ...
2020-01-27T16:19:03, ... powering down.
2020-01-27T16:19:03, RTC Initialization Failed
2020-01-27T16:20:03, Setup Complete
2020-01-27T16:21:03, Data: 2009-05-14T16:02:03,3.64,25627,2441.00,2457.00,2449.50,-20.74,64.02,-21.91,882.63
2020-01-27T16:19:03, Add row to /TRACKING.csv
2023-03-18T07:45:03, Number of rows in /TRACKING.csv: 1
2020-01-27T16:19:03, Done loop ...
2020-01-27T16:19:03, ... powering down.
2020-01-27T16:19:03, RTC Initialization Failed
2020-01-27T16:20:03, Setup Complete
2020-01-27T16:21:03, Data: 2009-05-14T16:02:03,3.64,25627,2446.00,2458.00,2451.00,-20.83,63.96,-22.07,882.86
2020-01-27T16:19:03, Add row to /TRACKING.csv
2023-03-18T07:45:03, Number of rows in /TRACKING.csv: 2
2020-01-27T16:19:03, Done loop ...
2020-01-27T16:19:03, ... powering down.
2020-01-27T16:19:03, RTC Initialization Failed
2020-01-27T16:20:03, Setup Complete
2020-01-27T16:21:03, Data: 2009-05-14T16:02:03,3.65,25627,2444.00,2462.00,2451.00,-20.73,64.36,-21.97,882.73
2020-01-27T16:19:03, Add row to /TRACKING.csv
2023-03-18T07:45:03, Number of rows in /TRACKING.csv: 3
2020-01-27T16:19:03, Done loop ...
2020-01-27T16:19:03, ... powering down.
2020-01-27T16:19:03, RTC Initialization Failed
2020-01-27T16:20:03, Setup Complete
2020-01-27T16:21:03, Data: 2009-05-14T16:02:03,3.64,25627,2438.00,2662.00,2442.00,-20.47,61.96,-21.81,882.96
2020-01-27T16:19:03, Add row to /TRACKING.csv
2023-03-18T07:45:03, Number of rows in /TRACKING.csv: 4
2020-01-27T16:21:03, Number of rows in /TRACKING.csv is >= 4
2020-01-27T16:19:03, Remove tracking
2020-01-27T16:21:03, Write to /TRANSMIT.csv: 2009-05-14T16:02:03,3.64,2438.00,-20.5,62
2023-03-18T07:45:03, Number of rows in /TRANSMIT.csv: 2
2020-01-27T16:22:03, Current hour = 16, Transmission hour = 1
2020-01-27T16:22:03, Current hour = 16, Transmission hour = 6
2020-01-27T16:22:03, Current hour = 16, Transmission hour = 8
2020-01-27T16:22:03, Current hour = 16, Transmission hour = 10
2020-01-27T16:22:03, Current hour = 16, Transmission hour = 15
2020-01-27T16:22:03, Current hour = 16, Transmission hour = 20
2020-01-27T16:22:03, Current hour = 16, Transmission hour = 22
2020-01-27T16:19:03, Done loop ...
2020-01-27T16:19:03, ... powering down.
2020-01-27T16:19:03, RTC Initialization Failed
2020-01-27T16:20:03, Setup Complete
2020-01-27T16:21:03, Data: 2009-05-14T16:02:03,3.65,25627,2436.00,5000.00,2446.00,-20.52,62.10,-21.68,882.80
2020-01-27T16:19:03, Add row to /TRACKING.csv
2023-03-18T07:45:03, Number of rows in /TRACKING.csv: 1
2020-01-27T16:19:03, Done loop ...
2020-01-27T16:19:03, ... powering down.
2020-01-27T16:19:03, RTC Initialization Failed
2020-01-27T16:20:03, Setup Complete
2020-01-27T16:21:03, Data: 2009-05-14T16:02:03,3.65,25627,2440.00,2479.00,2447.00,-20.39,62.19,-21.57,883.06
2020-01-27T16:19:03, Add row to /TRACKING.csv
2023-03-18T07:45:03, Number of rows in /TRACKING.csv: 2
2020-01-27T16:19:03, Done loop ...
2020-01-27T16:19:03, ... powering down.
2020-01-27T16:19:03, RTC Initialization Failed
2020-01-27T16:20:03, Setup Complete
2020-01-27T16:21:03, Data: 2009-05-14T16:02:03,3.67,25627,2438.00,2454.00,2446.50,-20.59,62.38,-21.21,883.30
2020-01-27T16:19:03, Add row to /TRACKING.csv
2023-03-18T07:45:03, Number of rows in /TRACKING.csv: 3
2020-01-27T16:19:03, Done loop ...
2020-01-27T16:19:03, ... powering down.
2020-01-27T16:19:03, RTC Initialization Failed
2020-01-27T16:20:03, Setup Complete
2020-01-27T16:21:03, Data: 2009-05-14T16:02:03,3.98,25627,2444.00,2456.00,2451.50,-20.01,62.77,-20.18,883.54
2020-01-27T16:19:03, Add row to /TRACKING.csv
2023-03-18T07:45:03, Number of rows in /TRACKING.csv: 4
2020-01-27T16:21:03, Number of rows in /TRACKING.csv is >= 4
2020-01-27T16:19:03, Remove tracking
2020-01-27T16:21:03, Write to /TRANSMIT.csv: 2009-05-14T16:02:03,3.98,2444.00,-20.0,63
2023-03-18T07:45:03, Number of rows in /TRANSMIT.csv: 3
2003-01-30T16:00:03, Current hour = 16, Transmission hour = 1
2003-01-30T16:00:03, Current hour = 16, Transmission hour = 6
2003-01-30T16:00:03, Current hour = 16, Transmission hour = 8
2003-01-30T16:00:03, Current hour = 16, Transmission hour = 10
2003-01-30T16:00:03, Current hour = 16, Transmission hour = 15
2003-01-30T16:00:03, Current hour = 16, Transmission hour = 20
2003-01-30T16:00:03, Current hour = 16, Transmission hour = 22
2020-01-27T16:19:03, Done loop ...
2020-01-27T16:19:03, ... powering down.
2020-01-27T16:19:03, RTC Initialization Failed
2020-01-27T16:20:03, Setup Complete
2020-01-27T16:21:03, Data: 2009-05-14T16:02:03,3.99,25627,2458.00,2588.00,2464.00,-19.33,56.88,-16.74,883.42
2020-01-27T16:19:03, Add row to /TRACKING.csv
2023-03-18T07:45:03, Number of rows in /TRACKING.csv: 1
2020-01-27T16:19:03, Done loop ...
2020-01-27T16:19:03, ... powering down.
2020-01-27T16:19:03, RTC Initialization Failed
2020-01-27T16:20:03, Setup Complete
2043-04-29T09:31:47, Data: 2009-05-14T16:02:03,3.98,25627,2459.00,2471.00,2466.50,-19.26,59.32,-14.50,883.65
2020-01-27T16:19:03, Add row to /TRACKING.csv
2023-03-18T07:45:03, Number of rows in /TRACKING.csv: 2
2020-01-27T16:19:03, Done loop ...
2020-01-27T16:19:03, ... powering down.
2020-01-27T16:19:03, RTC Initialization Failed
2020-01-27T16:20:03, Setup Complete
2020-01-27T16:21:03, Data: 2009-05-14T16:02:03,3.98,25627,2465.00,4996.00,2549.50,-18.57,55.90,-11.28,883.85
2020-01-27T16:19:03, Add row to /TRACKING.csv
2023-03-18T07:45:03, Number of rows in /TRACKING.csv: 3
2020-01-27T16:19:03, Done loop ...
2020-01-27T16:19:03, ... powering down.
2020-01-27T16:19:03, RTC Initialization Failed
2020-01-27T16:20:03, Setup Complete
2000-12-19T16:21:03, Data: 2009-05-14T16:02:03,3.99,25627,2554.00,2599.00,2570.50,-18.69,57.50,-9.42,883.78
2020-01-27T16:19:03, Add row to /TRACKING.csv
2023-03-18T07:45:03, Number of rows in /TRACKING.csv: 4
2020-01-27T16:21:03, Number of rows in /TRACKING.csv is >= 4
2020-01-27T16:19:03, Remove tracking
2020-01-27T16:21:03, Write to /TRANSMIT.csv: 2009-05-14T16:02:03,3.99,2554.00,-18.7,58
2023-03-18T07:45:03, Number of rows in /TRANSMIT.csv: 4
2020-01-27T16:23:03, Current hour = 16, Transmission hour = 1
2020-01-27T16:24:03, Current hour = 16, Transmission hour = 6
2020-01-27T16:24:03, Current hour = 16, Transmission hour = 8
2020-01-27T16:24:03, Current hour = 16, Transmission hour = 10
2043-04-29T10:53:47, Current hour = 16, Transmission hour = 15
2020-01-27T16:24:03, Current hour = 16, Transmission hour = 20
2020-01-27T16:24:03, Current hour = 16, Transmission hour = 22
2020-01-27T16:19:03, Done loop ...
2020-01-27T16:19:03, ... powering down.
2020-01-27T16:19:03, RTC Initialization Failed
2020-01-27T16:20:03, Setup Complete
2020-01-27T16:21:03, Data: 2009-05-14T16:02:03,3.99,25627,2489.00,4993.00,2503.00,-18.94,56.20,-8.06,883.38
2020-01-27T16:19:03, Add row to /TRACKING.csv
2023-03-18T07:45:03, Number of rows in /TRACKING.csv: 1
2020-01-27T16:19:03, Done loop ...
2020-01-27T16:19:03, ... powering down.
2020-01-27T16:19:03, RTC Initialization Failed
2020-01-27T16:20:03, Setup Complete
2020-01-27T16:21:03, Data: 2009-05-14T16:02:03,3.99,25627,2476.00,4996.00,2490.00,-18.57,54.83,-8.03,883.43
2020-01-27T16:19:03, Add row to /TRACKING.csv
2023-03-18T07:45:03, Number of rows in /TRACKING.csv: 2
2020-01-27T16:19:03, Done loop ...
2020-01-27T16:19:03, ... powering down.
2020-01-27T16:19:03, RTC Initialization Failed
2020-01-27T16:20:03, Setup Complete
2020-01-27T16:21:03, Data: 2009-05-14T16:02:03,3.99,25627,2476.00,4993.00,2484.00,-18.93,57.42,-9.39,882.75
2020-01-27T16:19:03, Add row to /TRACKING.csv
2023-03-18T07:45:03, Number of rows in /TRACKING.csv: 3
2020-01-27T16:19:03, Done loop ...
2020-01-27T16:19:03, ... powering down.
2020-01-27T16:19:03, RTC Initialization Failed
2020-01-27T16:20:03, Setup Complete
2020-01-27T16:21:03, Data: 2009-05-14T16:02:03,3.98,25627,2476.00,2496.00,2492.50,-18.48,56.81,-9.70,883.16
2020-01-27T16:19:03, Add row to /TRACKING.csv
2023-03-18T07:45:03, Number of rows in /TRACKING.csv: 4
2020-01-27T16:21:03, Number of rows in /TRACKING.csv is >= 4
2020-01-27T16:19:03, Remove tracking
2020-01-27T16:21:03, Write to /TRANSMIT.csv: 2009-05-14T16:02:03,3.98,2476.00,-18.5,57
2023-03-18T07:45:03, Number of rows in /TRANSMIT.csv: 5
2003-01-30T16:00:03, Current hour = 16, Transmission hour = 1
2001-03-26T16:00:03, 1416026244-20763:244-20562:244-20063:255-18758:248-18557
2020-01-27T16:25:03,  - attempt to send message: 1416026244-20763:244-20562:244-20063:255-18758:248-18557
2020-01-27T16:25:03,  - Modem begin successful
2020-01-27T16:23:03,  - Sending...
2020-01-27T16:25:03,  - Send response: 
2020-01-27T16:25:03,   - Sync clocks... 
2020-01-27T16:24:03,  - Arduino Old Time: 2000-00-20T00:84:03
2020-01-27T16:24:03,  - Arduino New Time: 2002-00-19T09:55:03
2020-01-27T16:21:03, Message sent! Removing /TRANSMIT.csv
2020-01-27T16:19:03, Done loop ...
2020-01-27T16:19:03, ... powering down.
2020-01-27T16:19:03, RTC Initialization Failed
2020-01-27T16:20:03, Setup Complete
2020-01-27T16:21:03, Data: 2009-05-14T16:02:03,3.99,25627,2491.00,4996.00,2505.50,-18.10,55.30,-9.06,883.06
2020-01-27T16:19:03, Add row to /TRACKING.csv
2023-03-08T06:25:03, Number of rows in /TRACKING.csv: 1
2020-01-27T16:19:03, Done loop ...
2020-01-27T16:19:03, ... powering down.
2020-01-27T16:19:03, RTC Initialization Failed
2020-01-27T16:20:03, Setup Complete
2020-01-27T16:21:03, Data: 2009-05-14T16:02:03,3.98,25627,2471.00,2503.00,2482.00,-18.52,57.89,-10.94,883.47
2020-01-27T16:19:03, Add row to /TRACKING.csv
2023-03-18T07:45:03, Number of rows in /TRACKING.csv: 2
2020-01-27T16:19:03, Done loop ...
2020-01-27T16:19:03, ... powering down.
2020-01-27T16:19:03, RTC Initialization Failed
2020-01-27T16:20:03, Setup Complete
2020-01-27T16:21:03, Data: 2009-05-14T16:02:03,3.99,25627,2465.00,4996.00,2525.00,-19.12,59.09,-12.50,883.33
2020-01-27T16:19:03, Add row to /TRACKING.csv
2023-03-18T07:45:03, Number of rows in /TRACKING.csv: 3
2020-01-27T16:19:03, Done loop ...
2020-01-27T16:19:03, ... powering down.
2020-01-27T16:19:03, RTC Initialization Failed
2020-01-27T16:20:03, Setup Complete
2020-01-27T16:21:03, Data: 2009-05-14T16:02:03,3.98,25627,2484.00,2494.00,2489.00,-18.20,55.40,-10.28,882.72
2020-01-27T16:19:03, Add row to /TRACKING.csv
2023-03-18T07:45:03, Number of rows in /TRACKING.csv: 4
2020-01-27T16:21:03, Number of rows in /TRACKING.csv is >= 4
2020-01-27T16:19:03, Remove tracking
2020-01-27T16:21:03, Write to /TRANSMIT.csv: 2009-05-14T16:02:03,3.98,2484.00,-18.2,55
2023-03-18T07:45:03, Number of rows in /TRANSMIT.csv: 1
2020-01-27T16:23:03, Current hour = 16, Transmission hour = 1
2020-01-27T16:23:03, Current hour = 16, Transmission hour = 6
2020-01-27T16:23:03, Current hour = 16, Transmission hour = 8
2020-01-27T16:23:03, Current hour = 16, Transmission hour = 10
2020-01-27T16:23:03, Current hour = 16, Transmission hour = 15
2020-01-27T16:23:03, Current hour = 16, Transmission hour = 20
2020-01-27T16:23:03, Current hour = 16, Transmission hour = 22
2020-01-27T16:19:03, Done loop ...
2020-01-27T16:19:03, ... powering down.
2020-01-27T16:19:03, RTC Initialization Failed
2020-01-27T16:20:03, Setup Complete
2020-01-27T16:21:03, Data: 2009-05-14T16:02:03,3.94,25627,2465.00,2480.00,2469.00,-19.16,58.71,-12.76,882.68
2020-01-27T16:19:03, Add row to /TRACKING.csv
2023-03-18T07:45:03, Number of rows in /TRACKING.csv: 1
2020-01-27T16:19:03, Done loop ...
2020-01-27T16:19:03, ... powering down.
2020-01-27T16:19:03, RTC Initialization Failed
2020-01-27T16:20:03, Setup Complete
2020-01-27T16:21:03, Data: 2009-05-14T16:02:03,3.99,25627,2496.00,2515.00,2505.50,-17.83,53.93,-11.28,882.57
2020-01-27T16:19:03, Add row to /TRACKING.csv
2023-03-08T07:45:03, Number of rows in /TRACKING.csv: 2
2020-01-27T16:19:03, Done loop ...
2020-01-27T16:19:03, ... powering down.
2020-01-27T16:19:03, RTC Initialization Failed
2020-01-27T16:20:03, Setup Complete
2020-01-27T16:21:03, Data: 2009-05-14T16:02:03,3.99,25627,2482.00,2491.00,2485.00,-18.24,55.38,-9.63,882.58
2020-01-27T16:19:03, Add row to /TRACKING.csv
2023-03-18T07:45:03, Number of rows in /TRACKING.csv: 3
2020-01-27T16:19:03, Done loop ...
2020-01-27T16:19:03, ... powering down.
2020-01-27T16:19:03, RTC Initialization Failed
2020-01-27T16:20:03, Setup Complete
2020-01-27T16:21:03, Data: 2009-05-14T16:02:03,3.93,25627,2473.00,2490.00,2480.50,-18.87,55.98,-10.73,882.22
2020-01-27T16:19:03, Add row to /TRACKING.csv
2023-03-18T07:45:03, Number of rows in /TRACKING.csv: 4
2020-01-27T16:21:03, Number of rows in /TRACKING.csv is >= 4
2020-01-27T16:19:03, Remove tracking
2020-01-27T16:21:03, Write to /TRANSMIT.csv: 2009-05-14T16:02:03,3.93,2473.00,-18.9,56
2023-03-18T07:45:03, Number of rows in /TRANSMIT.csv: 2
2020-01-27T16:22:03, Current hour = 16, Transmission hour = 1
2020-01-27T16:22:03, Current hour = 16, Transmission hour = 6
2020-01-27T16:22:03, Current hour = 16, Transmission hour = 8
2020-01-27T16:22:03, Current hour = 16, Transmission hour = 10
2020-01-27T16:22:03, Current hour = 16, Transmission hour = 15
2020-01-27T16:22:03, Current hour = 16, Transmission hour = 20
2020-01-27T16:22:03, Current hour = 16, Transmission hour = 22
2020-01-27T16:19:03, Done loop ...
2020-01-27T16:19:03, ... powering down.
2020-01-27T16:19:03, RTC Initialization Failed
2020-01-27T16:20:03, Setup Complete
2020-01-27T16:21:03, Data: 2009-05-14T16:02:03,3.99,25627,2476.00,2523.00,2511.50,-17.23,53.66,-9.56,883.18
2020-01-27T16:19:03, Add row to /TRACKING.csv
2023-03-18T06:25:03, Number of rows in /TRACKING.csv: 1
2020-01-27T16:19:03, Done loop ...
2020-01-27T16:19:03, ... powering down.
2020-01-27T16:19:03, RTC Initialization Failed
2020-01-27T16:20:03, Setup Complete
2020-01-27T16:21:03, Data: 2009-05-14T16:02:03,3.99,25627,2453.00,2499.00,2490.50,-17.04,53.33,-9.09,882.95
2020-01-27T16:19:03, Add row to /TRACKING.csv
2023-03-18T07:45:03, Number of rows in /TRACKING.csv: 2
2020-01-27T16:19:03, Done loop ...
2020-01-27T16:19:03, ... powering down.
2020-01-27T16:19:03, RTC Initialization Failed
2020-01-27T16:20:03, Setup Complete
2020-01-27T16:21:03, Data: 2009-05-14T16:02:03,3.99,25627,2477.00,2527.00,2503.00,-17.20,53.30,-7.81,882.63
2020-01-27T16:19:03, Add row to /TRACKING.csv
2023-03-08T07:45:03, Number of rows in /TRACKING.csv: 3
2020-01-27T16:19:03, Done loop ...
2020-01-27T16:19:03, ... powering down.
2020-01-27T16:19:03, RTC Initialization Failed
2020-01-27T16:20:03, Setup Complete
2020-01-27T16:21:03, Data: 2009-05-14T16:02:03,3.99,25627,2493.00,2523.00,2511.00,-17.62,53.06,-7.43,882.42
2020-01-27T16:19:03, Add row to /TRACKING.csv
2023-03-18T06:25:03, Number of rows in /TRACKING.csv: 4
2020-01-27T16:21:03, Number of rows in /TRACKING.csv is >= 4
2020-01-27T16:19:03, Remove tracking
2020-01-27T16:21:03, Write to /TRANSMIT.csv: 2009-05-14T16:02:03,3.99,2493.00,-17.6,53
2023-03-18T06:25:03, Number of rows in /TRANSMIT.csv: 3
2003-01-30T16:00:03, Current hour = 16, Transmission hour = 1
2003-01-30T16:00:03, Current hour = 16, Transmission hour = 6
2003-01-30T16:00:03, Current hour = 16, Transmission hour = 8
2003-01-30T16:00:03, Current hour = 16, Transmission hour = 10
2003-01-30T16:00:03, Current hour = 16, Transmission hour = 15
2003-01-30T16:00:03, Current hour = 16, Transmission hour = 20
2003-01-30T16:00:03, Current hour = 16, Transmission hour = 22
2020-01-27T16:19:03, Done loop ...
2020-01-27T16:19:03, ... powering down.
2020-01-27T16:19:03, RTC Initialization Failed
2020-01-27T16:20:03, Setup Complete
2020-01-27T16:21:03, Data: 2009-05-14T16:02:03,4.00,25627,2477.00,2487.00,2482.00,-17.13,57.09,-7.97,882.77
2020-01-27T16:19:03, Add row to /TRACKING.csv
2023-03-18T07:45:03, Number of rows in /TRACKING.csv: 1
2020-01-27T16:19:03, Done loop ...
2020-01-27T16:19:03, ... powering down.
2020-01-27T16:19:03, RTC Initialization Failed
2020-01-27T16:20:03, Setup Complete
2020-01-27T16:21:03, Data: 2009-05-14T16:02:03,3.98,25627,2478.00,2490.00,2485.00,-16.83,54.35,-8.15,882.43
2020-01-27T16:19:03, Add row to /TRACKING.csv
2023-03-08T07:45:03, Number of rows in /TRACKING.csv: 2
2020-01-27T16:19:03, Done loop ...
2020-01-27T16:19:03, ... powering down.
2020-01-27T16:19:03, RTC Initialization Failed
2020-01-27T16:20:03, Setup Complete
2020-01-27T16:21:03, Data: 2009-05-14T16:02:03,3.88,25627,2481.00,2491.00,2484.00,-16.79,55.41,-7.94,882.25
2020-01-27T16:19:03, Add row to /TRACKING.csv
2023-03-18T07:45:03, Number of rows in /TRACKING.csv: 3
2020-01-27T16:19:03, Done loop ...
2020-01-27T16:19:03, ... powering down.
2020-01-27T16:19:03, RTC Initialization Failed
2020-01-27T16:20:03, Setup Complete
2020-01-27T16:21:03, Data: 2009-05-14T16:02:03,3.99,25627,2472.00,2483.00,2478.50,-16.96,55.45,-8.90,882.93
2020-01-27T16:19:03, Add row to /TRACKING.csv
2023-03-18T07:45:03, Number of rows in /TRACKING.csv: 4
2020-01-27T16:21:03, Number of rows in /TRACKING.csv is >= 4
2020-01-27T16:19:03, Remove tracking
2020-01-27T16:21:03, Write to /TRANSMIT.csv: 2009-05-14T16:02:03,3.99,2472.00,-17.0,55
2023-03-18T07:45:03, Number of rows in /TRANSMIT.csv: 4
2003-01-30T16:00:03, Current hour = 16, Transmission hour = 1
2003-01-30T16:00:03, Current hour = 16, Transmission hour = 6
2003-01-30T16:00:03, Current hour = 16, Transmission hour = 8
2003-01-30T16:00:03, Current hour = 16, Transmission hour = 10
2003-01-30T16:00:03, Current hour = 16, Transmission hour = 15
2003-01-30T16:00:03, Current hour = 16, Transmission hour = 20
2003-01-30T16:00:03, Current hour = 16, Transmission hour = 22
2020-01-27T16:19:03, Done loop ...
2020-01-27T16:19:03, ... powering down.
2020-01-27T16:19:03, RTC Initialization Failed
2020-01-27T16:20:03, Setup Complete
2020-01-27T16:21:03, Data: 2009-05-14T16:02:03,3.98,25627,2473.00,2489.00,2480.00,-16.95,55.67,-9.33,882.73
2020-01-27T16:19:03, Add row to /TRACKING.csv
2023-03-08T07:45:03, Number of rows in /TRACKING.csv: 1
2020-01-27T16:19:03, Done loop ...
2020-01-27T16:19:03, ... powering down.
2020-01-27T16:19:03, RTC Initialization Failed
2020-01-27T16:20:03, Setup Complete
2020-01-27T16:21:03, Data: 2009-05-14T16:02:03,3.98,25627,2472.00,2485.00,2478.50,-16.53,55.39,-9.98,882.87
2020-01-27T16:19:03, Add row to /TRACKING.csv
2023-03-18T07:45:03, Number of rows in /TRACKING.csv: 2
2020-01-27T16:19:03, Done loop ...
2020-01-27T16:19:03, ... powering down.
2020-01-27T16:19:03, RTC Initialization Failed
2020-01-27T16:20:03, Setup Complete
2020-01-27T16:21:03, Data: 2000-01-19T16:11:03,3.87,25627,2468.00,2492.00,2483.50,-17.20,57.37,-11.37,882.64
2020-01-27T16:19:03, Add row to /TRACKING.csv
2023-03-18T07:45:03, Number of rows in /TRACKING.csv: 3
2020-01-27T16:19:03, Done loop ...
2020-01-27T16:19:03, ... powering down.
2020-01-27T16:19:03, RTC Initialization Failed
2020-01-27T16:20:03, Setup Complete
2020-01-27T16:21:03, Data: 2009-05-14T16:02:03,3.73,25627,2469.00,2486.00,2480.50,-17.82,59.08,-13.69,882.96
2020-01-27T16:19:03, Add row to /TRACKING.csv
2023-03-18T07:45:03, Number of rows in /TRACKING.csv: 4
2020-01-27T16:21:03, Number of rows in /TRACKING.csv is >= 4
2020-01-27T16:19:03, Remove tracking
2020-01-27T16:21:03, Write to /TRANSMIT.csv: 2009-05-14T16:02:03,3.73,2469.00,-17.8,59
2023-03-18T07:45:03, Number of rows in /TRANSMIT.csv: 5
2003-01-30T16:00:03, Current hour = 16, Transmission hour = 1
2001-03-26T16:00:03, 1416024248-18255:247-18956:249-17653:247-17055:247-17859
2020-01-27T16:25:03,  - attempt to send message: 1416024248-18255:247-18956:249-17653:247-17055:247-17859
2020-01-27T16:21:03,  - Modem begin successful
2020-01-27T16:21:03,  - Sending...
2020-01-27T16:21:03,  - Send response: 
2020-01-27T16:22:03,   - Sync clocks... 
2020-01-27T16:25:03,  - Arduino Old Time: 2000-00-20T00:84:03
2020-01-27T16:24:03,  - Arduino New Time: 2002-00-00T44:32:03
2020-01-27T16:21:03, Message sent! Removing /TRANSMIT.csv
2020-01-27T16:19:03, Done loop ...
2020-01-27T16:19:03, ... powering down.
2020-01-27T16:19:03, RTC Initialization Failed
2020-01-27T16:20:03, Setup Complete
2020-01-27T16:21:03, Data: 2009-05-14T16:02:03,3.71,25627,2470.00,2480.00,2474.00,-18.56,62.68,-16.85,883.05
2020-01-27T16:19:03, Add row to /TRACKING.csv
2023-03-18T07:45:03, Number of rows in /TRACKING.csv: 1
2020-01-27T16:19:03, Done loop ...
2020-01-27T16:19:03, ... powering down.
2020-01-27T16:19:03, RTC Initialization Failed
2020-01-27T16:20:03, Setup Complete
2020-01-27T16:21:03, Data: 2000-01-19T16:11:03,3.71,25627,2465.00,2473.00,2470.50,-18.43,59.58,-18.31,883.04
2020-01-27T16:19:03, Add row to /TRACKING.csv
2023-03-18T07:45:03, Number of rows in /TRACKING.csv: 2
2020-01-27T16:19:03, Done loop ...
2020-01-27T16:19:03, ... powering down.
2020-01-27T16:19:03, RTC Initialization Failed
2020-01-27T16:20:03, Setup Complete
2020-01-27T16:21:03, Data: 2009-05-14T16:02:03,3.69,25627,2468.00,2495.00,2476.50,-18.46,59.88,-19.00,882.92
2020-01-27T16:19:03, Add row to /TRACKING.csv
2023-03-18T07:45:03, Number of rows in /TRACKING.csv: 3
2020-01-27T16:19:03, Done loop ...
2020-01-27T16:19:03, ... powering down.
2020-01-27T16:19:03, RTC Initialization Failed
2020-01-27T16:20:03, Setup Complete
2020-01-27T16:21:03, Data: 2009-05-14T16:02:03,3.69,25627,2468.00,2479.00,2472.50,-18.56,60.78,-19.39,883.23
2020-01-27T16:19:03, Add row to /TRACKING.csv
2023-03-18T07:45:03, Number of rows in /TRACKING.csv: 4
2020-01-27T16:21:03, Number of rows in /TRACKING.csv is >= 4
2020-01-27T16:19:03, Remove tracking
2020-01-27T16:21:03, Write to /TRANSMIT.csv: 2009-05-14T16:02:03,3.69,2468.00,-18.6,61
2023-03-18T07:45:03, Number of rows in /TRANSMIT.csv: 1
2020-01-27T16:23:03, Current hour = 16, Transmission hour = 1
2020-01-27T16:23:03, Current hour = 16, Transmission hour = 6
2020-01-27T16:23:03, Current hour = 16, Transmission hour = 8
2020-01-27T16:23:03, Current hour = 16, Transmission hour = 10
2020-01-27T16:23:03, Current hour = 16, Transmission hour = 15
2020-01-27T16:23:03, Current hour = 16, Transmission hour = 20
2020-01-27T16:23:03, Current hour = 16, Transmission hour = 22
2020-01-27T16:19:03, Done loop ...
2020-01-27T16:19:03, ... powering down.
2020-01-27T16:19:03, RTC Initialization Failed
2020-01-27T16:20:03, Setup Complete
2020-01-27T16:21:03, Data: 2009-05-14T16:02:03,3.68,25627,2460.00,2598.00,2510.00,-18.46,60.72,-19.41,883.49
2020-01-27T16:19:03, Add row to /TRACKING.csv
2023-03-18T07:45:03, Number of rows in /TRACKING.csv: 1
2020-01-27T16:19:03, Done loop ...
2020-01-27T16:19:03, ... powering down.
2020-01-27T16:19:03, RTC Initialization Failed
2020-01-27T16:20:03, Setup Complete
2020-01-27T16:21:03, Data: 2009-05-14T16:02:03,3.67,25627,2463.00,2477.00,2469.50,-18.66,63.04,-19.41,883.62
2020-01-27T16:19:03, Add row to /TRACKING.csv
2023-03-18T07:45:03, Number of rows in /TRACKING.csv: 2
2020-01-27T16:19:03, Done loop ...
2020-01-27T16:19:03, ... powering down.
2020-01-27T16:19:03, RTC Initialization Failed
2020-01-27T16:20:03, Setup Complete
2020-01-27T16:21:03, Data: 2009-05-14T16:02:03,3.67,25627,2459.00,2486.00,2472.00,-18.72,64.32,-19.44,883.52
2020-01-27T16:19:03, Add row to /TRACKING.csv
2023-03-18T07:45:03, Number of rows in /TRACKING.csv: 3
2020-01-27T16:19:03, Done loop ...
2020-01-27T16:19:03, ... powering down.
2020-01-27T16:19:03, RTC Initialization Failed
2020-01-27T16:20:03, Setup Complete
2020-01-27T16:21:03, Data: 2009-05-14T16:02:03,3.67,25627,2466.00,2487.00,2477.00,-18.85,65.34,-19.58,883.86
2020-01-27T16:19:03, Add row to /TRACKING.csv
2023-03-18T07:45:03, Number of rows in /TRACKING.csv: 4
2020-01-27T16:21:03, Number of rows in /TRACKING.csv is >= 4
2020-01-27T16:19:03, Remove tracking
2020-01-27T16:21:03, Write to /TRANSMIT.csv: 2009-05-14T16:02:03,3.67,2466.00,-18.9,65
2023-03-18T07:45:03, Number of rows in /TRANSMIT.csv: 2
2020-01-27T16:22:03, Current hour = 16, Transmission hour = 1
2020-01-27T16:22:03, Current hour = 16, Transmission hour = 6
2020-01-27T16:22:03, Current hour = 16, Transmission hour = 8
2020-01-27T16:22:03, Current hour = 16, Transmission hour = 10
2020-01-27T16:22:03, Current hour = 16, Transmission hour = 15
2020-01-27T16:22:03, Current hour = 16, Transmission hour = 20
2020-01-27T16:22:03, Current hour = 16, Transmission hour = 22
2020-01-27T16:19:03, Done loop ...
2020-01-27T16:19:03, ... powering down.
2020-01-27T16:19:03, RTC Initialization Failed
2020-01-27T16:20:03, Setup Complete
2020-01-27T16:21:03, Data: 2009-05-14T16:02:03,3.67,25627,2476.00,2487.00,2482.50,-18.67,63.69,-19.57,883.94
2020-01-27T16:19:03, Add row to /TRACKING.csv
2023-03-18T07:45:03, Number of rows in /TRACKING.csv: 1
2020-01-27T16:19:03, Done loop ...
2020-01-27T16:19:03, ... powering down.
2020-01-27T16:19:03, RTC Initialization Failed
2020-01-27T16:20:03, Setup Complete
2020-01-27T16:21:03, Data: 2009-05-14T16:02:03,3.66,25627,2465.00,2484.00,2476.50,-18.87,65.93,-19.73,883.90
2020-01-27T16:19:03, Add row to /TRACKING.csv
2023-03-18T07:45:03, Number of rows in /TRACKING.csv: 2
2020-01-27T16:19:03, Done loop ...
2020-01-27T16:19:03, ... powering down.
2020-01-27T16:19:03, RTC Initialization Failed
2020-01-27T16:20:03, Setup Complete
2020-01-27T16:21:03, Data: 2009-05-14T16:02:03,3.66,25627,2468.00,2482.00,2471.50,-18.85,65.76,-19.82,883.89
2020-01-27T16:19:03, Add row to /TRACKING.csv
2023-03-18T07:45:03, Number of rows in /TRACKING.csv: 3
2020-01-27T16:19:03, Done loop ...
2020-01-27T16:19:03, ... powering down.
2020-01-27T16:19:03, RTC Initialization Failed
2020-01-27T16:20:03, Setup Complete
2020-01-27T16:21:03, Data: 2009-05-14T16:02:03,3.66,25627,2469.00,2487.00,2473.00,-18.80,64.83,-19.91,883.88
2020-01-27T16:19:03, Add row to /TRACKING.csv
2023-03-18T07:45:03, Number of rows in /TRACKING.csv: 4
2020-01-27T16:21:03, Number of rows in /TRACKING.csv is >= 4
2020-01-27T16:19:03, Remove tracking
2020-01-27T16:21:03, Write to /TRANSMIT.csv: 2009-05-14T16:02:03,3.66,2469.00,-18.8,65
2023-03-18T07:45:03, Number of rows in /TRANSMIT.csv: 3
2003-01-30T16:00:03, Current hour = 16, Transmission hour = 1
2003-01-30T16:00:03, Current hour = 16, Transmission hour = 6
2003-01-30T16:00:03, Current hour = 16, Transmission hour = 8
2003-01-30T16:00:03, Current hour = 16, Transmission hour = 10
2003-01-30T16:00:03, Current hour = 16, Transmission hour = 15
2003-01-30T16:00:03, Current hour = 16, Transmission hour = 20
2003-01-30T16:00:03, Current hour = 16, Transmission hour = 22
2020-01-27T16:19:03, Done loop ...
2020-01-27T16:19:03, ... powering down.
2020-01-27T16:19:03, RTC Initialization Failed
2020-01-27T16:20:03, Setup Complete
2020-01-27T16:21:03, Data: 2009-05-14T16:02:03,3.66,25627,2463.00,2473.00,2468.50,-18.53,64.63,-19.79,883.86
2020-01-27T16:19:03, Add row to /TRACKING.csv
2023-03-18T07:45:03, Number of rows in /TRACKING.csv: 1
2020-01-27T16:19:03, Done loop ...
2020-01-27T16:19:03, ... powering down.
2020-01-27T16:19:03, RTC Initialization Failed
2020-01-27T16:20:03, Setup Complete
2020-01-27T16:21:03, Data: 2009-05-14T16:02:03,3.66,25627,2497.00,4998.00,2531.00,-18.41,63.11,-19.52,883.63
2020-01-27T16:19:03, Add row to /TRACKING.csv
2023-03-18T07:45:03, Number of rows in /TRACKING.csv: 2
2020-01-27T16:19:03, Done loop ...
2020-01-27T16:19:03, ... powering down.
2020-01-27T16:19:03, RTC Initialization Failed
2020-01-27T16:20:03, Setup Complete
2020-01-27T16:21:03, Data: 2000-01-19T16:11:03,3.65,25627,2463.00,2481.00,2470.50,-18.34,63.61,-19.35,883.92
2020-01-27T16:19:03, Add row to /TRACKING.csv
2023-03-18T07:45:03, Number of rows in /TRACKING.csv: 3
2020-01-27T16:19:03, Done loop ...
2020-01-27T16:19:03, ... powering down.
2020-01-27T16:19:03, RTC Initialization Failed
2020-01-27T16:20:03, Setup Complete
2020-01-27T16:21:03, Data: 2009-05-14T16:02:03,3.66,25627,2428.00,2567.00,2511.00,-18.42,64.11,-19.37,884.02
2020-01-27T16:19:03, Add row to /TRACKING.csv
2023-03-18T07:45:03, Number of rows in /TRACKING.csv: 4
2020-01-27T16:21:03, Number of rows in /TRACKING.csv is >= 4
2020-01-27T16:19:03, Remove tracking
2020-01-27T16:21:03, Write to /TRANSMIT.csv: 2009-05-14T16:02:03,3.66,2428.00,-18.4,64
2023-03-18T07:45:03, Number of rows in /TRANSMIT.csv: 4
2003-01-30T16:00:03, Current hour = 16, Transmission hour = 1
2003-01-30T16:00:03, Current hour = 16, Transmission hour = 6
2003-01-30T16:00:03, Current hour = 16, Transmission hour = 8
2003-01-30T16:00:03, Current hour = 16, Transmission hour = 10
2003-01-30T16:00:03, Current hour = 16, Transmission hour = 15
2003-01-30T16:00:03, Current hour = 16, Transmission hour = 20
2003-01-30T16:00:03, Current hour = 16, Transmission hour = 22
2020-01-27T16:19:03, Done loop ...
2020-01-27T16:19:03, ... powering down.
2020-01-27T16:19:03, RTC Initialization Failed
2020-01-27T16:20:03, Setup Complete
2043-04-29T09:31:47, Data: 2009-05-14T16:02:03,3.66,25627,2467.00,2484.00,2473.00,-18.36,63.94,-19.40,884.03
2020-01-27T16:19:03, Add row to /TRACKING.csv
2023-03-18T07:45:03, Number of rows in /TRACKING.csv: 1
2020-01-27T16:19:03, Done loop ...
2020-01-27T16:19:03, ... powering down.
2020-01-27T16:19:03, RTC Initialization Failed
2020-01-27T16:20:03, Setup Complete
2020-01-27T16:21:03, Data: 2009-05-14T16:02:03,3.66,25627,2471.00,2479.00,2473.50,-18.70,65.53,-19.58,884.10
2020-01-27T16:19:03, Add row to /TRACKING.csv
2023-03-18T07:45:03, Number of rows in /TRACKING.csv: 2
2020-01-27T16:19:03, Done loop ...
2020-01-27T16:19:03, ... powering down.
2020-01-27T16:19:03, RTC Initialization Failed
2020-01-27T16:20:03, Setup Complete
2020-01-27T16:21:03, Data: 2009-05-14T16:02:03,3.65,25627,2474.00,2584.00,2547.50,-18.49,64.43,-19.51,884.21
2020-01-27T16:19:03, Add row to /TRACKING.csv
2023-03-18T07:45:03, Number of rows in /TRACKING.csv: 3
2020-01-27T16:19:03, Done loop ...
2020-01-27T16:19:03, ... powering down.
2020-01-27T16:19:03, RTC Initialization Failed
2020-01-27T16:20:03, Setup Complete
2020-01-27T16:21:03, Data: 2009-05-14T16:02:03,3.66,25627,2464.00,2481.00,2475.00,-18.08,61.94,-19.36,884.22
2020-01-27T16:19:03, Add row to /TRACKING.csv
2023-03-18T07:45:03, Number of rows in /TRACKING.csv: 4
2020-01-27T16:21:03, Number of rows in /TRACKING.csv is >= 4
2020-01-27T16:19:03, Remove tracking
2020-01-27T16:21:03, Write to /TRANSMIT.csv: 2009-05-14T16:02:03,3.66,2464.00,-18.1,62
2023-03-18T07:45:03, Number of rows in /TRANSMIT.csv: 5
2003-01-30T16:00:03, Current hour = 16, Transmission hour = 1
2001-03-26T16:00:03, 1416023247-18661:247-18965:247-18865:243-18464:246-18162
2020-01-27T16:25:03,  - attempt to send message: 1416023247-18661:247-18965:247-18865:243-18464:246-18162
2020-01-27T16:21:03,  - Modem begin successful
2020-01-27T16:21:03,  - Sending...
2020-01-27T16:21:03,  - Send response: 
2020-01-27T16:22:03,   - Sync clocks... 
2020-01-27T16:25:03,  - Arduino Old Time: 2000-00-20T00:84:03
2020-01-27T16:24:03,  - Arduino New Time: 2002-00-06T20:12:03
2020-01-27T16:21:03, Message sent! Removing /TRANSMIT.csv
2020-01-27T16:19:03, Done loop ...
2020-01-27T16:19:03, ... powering down.
2020-01-27T16:19:03, RTC Initialization Failed
2020-01-27T16:20:03, Setup Complete
2020-01-27T16:21:03, Data: 2009-05-14T16:02:03,3.66,25627,2475.00,2485.00,2480.50,-18.13,61.50,-19.42,884.09
2020-01-27T16:19:03, Add row to /TRACKING.csv
2023-03-18T07:45:03, Number of rows in /TRACKING.csv: 1
2020-01-27T16:19:03, Done loop ...
2020-01-27T16:19:03, ... powering down.
2020-01-27T16:19:03, RTC Initialization Failed
2020-01-27T16:20:03, Setup Complete
2020-01-27T16:21:03, Data: 2009-05-14T16:02:03,3.67,25627,2471.00,2480.00,2477.00,-18.08,61.77,-19.27,884.18
2020-01-27T16:19:03, Add row to /TRACKING.csv
2023-03-18T07:45:03, Number of rows in /TRACKING.csv: 2
2020-01-27T16:19:03, Done loop ...
2020-01-27T16:19:03, ... powering down.
2020-01-27T16:19:03, RTC Initialization Failed
2020-01-27T16:20:03, Setup Complete
2020-01-27T16:21:03, Data: 2009-05-14T16:02:03,3.66,25627,2467.00,2652.00,2486.50,-18.28,63.30,-19.18,884.22
2020-01-27T16:19:03, Add row to /TRACKING.csv
2023-03-18T07:45:03, Number of rows in /TRACKING.csv: 3
2020-01-27T16:19:03, Done loop ...
2020-01-27T16:19:03, ... powering down.
2020-01-27T16:19:03, RTC Initialization Failed
2020-01-27T16:20:03, Setup Complete
2020-01-27T16:21:03, Data: 2009-05-14T16:02:03,3.66,25627,1074.00,3016.00,2471.00,-18.28,62.60,-19.31,883.93
2020-01-27T16:19:03, Add row to /TRACKING.csv
2023-03-18T07:45:03, Number of rows in /TRACKING.csv: 4
2020-01-27T16:21:03, Number of rows in /TRACKING.csv is >= 4
2020-01-27T16:19:03, Remove tracking
2020-01-27T16:21:03, Write to /TRANSMIT.csv: 2009-05-14T16:02:03,3.66,1074.00,-18.3,63
2023-03-18T07:45:03, Number of rows in /TRANSMIT.csv: 1
2020-01-27T16:23:03, Current hour = 16, Transmission hour = 1
2020-01-27T16:23:03, Current hour = 16, Transmission hour = 6
2020-01-27T16:23:03, Current hour = 16, Transmission hour = 8
2020-01-27T16:23:03, Current hour = 16, Transmission hour = 10
2020-01-27T16:23:03, Current hour = 16, Transmission hour = 15
2020-01-27T16:23:03, Current hour = 16, Transmission hour = 20
2020-01-27T16:23:03, Current hour = 16, Transmission hour = 22
2020-01-27T16:19:03, Done loop ...
2020-01-27T16:19:03, ... powering down.
2020-01-27T16:19:03, RTC Initialization Failed
2020-01-27T16:20:03, Setup Complete
2020-01-27T16:21:03, Data: 2009-05-14T16:02:03,3.66,25627,2454.00,2577.00,2564.00,-18.20,62.93,-19.31,884.51
2020-01-27T16:19:03, Add row to /TRACKING.csv
2023-03-18T07:45:03, Number of rows in /TRACKING.csv: 1
2020-01-27T16:19:03, Done loop ...
2020-01-27T16:19:03, ... powering down.
2020-01-27T16:19:03, RTC Initialization Failed
2020-01-27T16:20:03, Setup Complete
2020-01-27T16:21:03, Data: 2009-05-14T16:02:03,3.66,25627,2468.00,2481.00,2473.00,-17.90,61.34,-19.18,884.51
2020-01-27T16:19:03, Add row to /TRACKING.csv
2023-03-18T07:45:03, Number of rows in /TRACKING.csv: 2
2020-01-27T16:19:03, Done loop ...
2020-01-27T16:19:03, ... powering down.
2020-01-27T16:19:03, RTC Initialization Failed
2020-01-27T16:20:03, Setup Complete
2020-01-27T16:21:03, Data: 2009-05-14T16:02:03,3.66,25627,2460.00,2489.00,2473.50,-17.97,62.48,-19.02,884.61
2020-01-27T16:19:03, Add row to /TRACKING.csv
2023-03-18T07:45:03, Number of rows in /TRACKING.csv: 3
2020-01-27T16:19:03, Done loop ...
2020-01-27T16:19:03, ... powering down.
2020-01-27T16:19:03, RTC Initialization Failed
2020-01-27T16:20:03, Setup Complete
2000-12-19T16:21:03, Data: 2009-05-14T16:02:03,3.67,25627,2462.00,4998.00,2474.50,-17.89,61.42,-18.88,884.61
2020-01-27T16:19:03, Add row to /TRACKING.csv
2023-03-18T07:45:03, Number of rows in /TRACKING.csv: 4
2020-01-27T16:21:03, Number of rows in /TRACKING.csv is >= 4
2020-01-27T16:19:03, Remove tracking
2020-01-27T16:21:03, Write to /TRANSMIT.csv: 2009-05-14T16:02:03,3.67,2462.00,-17.9,61
2023-03-18T07:45:03, Number of rows in /TRANSMIT.csv: 2
2020-01-27T16:22:03, Current hour = 16, Transmission hour = 1
2020-01-27T16:22:03, Current hour = 16, Transmission hour = 6
2020-01-27T16:22:03, Current hour = 16, Transmission hour = 8
2020-01-27T16:22:03, Current hour = 16, Transmission hour = 10
2020-01-27T16:22:03, Current hour = 16, Transmission hour = 15
2020-01-27T16:22:03, Current hour = 16, Transmission hour = 20
2020-01-27T16:22:03, Current hour = 16, Transmission hour = 22
2020-01-27T16:19:03, Done loop ...
2020-01-27T16:19:03, ... powering down.
2020-01-27T16:19:03, RTC Initialization Failed
2020-01-27T16:20:03, Setup Complete
2020-01-27T16:21:03, Data: 2009-05-14T16:02:03,3.67,25627,2552.00,4998.00,4996.00,-17.66,57.95,-18.89,884.49
2020-01-27T16:19:03, Add row to /TRACKING.csv
2023-03-18T07:45:03, Number of rows in /TRACKING.csv: 1
2020-01-27T16:19:03, Done loop ...
2020-01-27T16:19:03, ... powering down.
2020-01-27T16:19:03, RTC Initialization Failed
2020-01-27T16:20:03, Setup Complete
2020-01-27T16:21:03, Data: 2009-05-14T16:02:03,3.67,25627,2460.00,2573.00,2488.00,-17.83,60.50,-18.86,884.10
2020-01-27T16:19:03, Add row to /TRACKING.csv
2023-03-18T07:45:03, Number of rows in /TRACKING.csv: 2
2020-01-27T16:19:03, Done loop ...
2020-01-27T16:19:03, ... powering down.
2020-01-27T16:19:03, RTC Initialization Failed
2020-01-27T16:20:03, Setup Complete
2020-01-27T16:21:03, Data: 2009-05-14T16:02:03,3.67,25627,2466.00,2473.00,2468.00,-17.62,58.99,-18.68,884.12
2020-01-27T16:19:03, Add row to /TRACKING.csv
2023-03-18T07:45:03, Number of rows in /TRACKING.csv: 3
2020-01-27T16:19:03, Done loop ...
2020-01-27T16:19:03, ... powering down.
2020-01-27T16:19:03, RTC Initialization Failed
2020-01-27T16:20:03, Setup Complete
2020-01-27T16:21:03, Data: 2009-05-14T16:02:03,3.66,25627,2466.00,4998.00,3736.50,-17.67,58.34,-18.82,883.95
2020-01-27T16:19:03, Add row to /TRACKING.csv
2023-03-18T07:45:03, Number of rows in /TRACKING.csv: 4
2020-01-27T16:21:03, Number of rows in /TRACKING.csv is >= 4
2020-01-27T16:19:03, Remove tracking
2020-01-27T16:21:03, Write to /TRANSMIT.csv: 2009-05-14T16:02:03,3.66,2466.00,-17.7,58
2023-03-18T07:45:03, Number of rows in /TRANSMIT.csv: 3
2003-01-30T16:00:03, Current hour = 16, Transmission hour = 1
2003-01-30T16:00:03, Current hour = 16, Transmission hour = 6
2003-01-30T16:00:03, Current hour = 16, Transmission hour = 8
2003-01-30T16:00:03, Current hour = 16, Transmission hour = 10
2003-01-30T16:00:03, Current hour = 16, Transmission hour = 15
2003-01-30T16:00:03, Current hour = 16, Transmission hour = 20
2003-01-30T16:00:03, Current hour = 16, Transmission hour = 22
2020-01-27T16:19:03, Done loop ...
2020-01-27T16:19:03, ... powering down.
2020-01-27T16:19:03, RTC Initialization Failed
2020-01-27T16:20:03, Setup Complete
2020-01-27T16:21:03, Data: 2000-01-19T16:11:03,3.67,25627,2459.00,4996.00,2500.50,-17.65,57.98,-18.82,884.09
2020-01-27T16:19:03, Add row to /TRACKING.csv
2023-03-18T07:45:03, Number of rows in /TRACKING.csv: 1
2020-01-27T16:19:03, Done loop ...
2020-01-27T16:19:03, ... powering down.
2020-01-27T16:19:03, RTC Initialization Failed
2020-01-27T16:20:03, Setup Complete
2020-01-27T16:21:03, Data: 2009-05-14T16:02:03,3.67,25627,2469.00,2480.00,2472.50,-17.49,57.87,-18.65,883.77
2020-01-27T16:19:03, Add row to /TRACKING.csv
2023-03-18T07:45:03, Number of rows in /TRACKING.csv: 2
2020-01-27T16:19:03, Done loop ...
2020-01-27T16:19:03, ... powering down.
2020-01-27T16:19:03, RTC Initialization Failed
2020-01-27T16:20:03, Setup Complete
2020-01-27T16:21:03, Data: 2009-05-14T16:02:03,3.67,25627,2467.00,2479.00,2471.00,-17.21,55.30,-18.55,883.98
2020-01-27T16:19:03, Add row to /TRACKING.csv
2023-03-18T07:45:03, Number of rows in /TRACKING.csv: 3
2020-01-27T16:19:03, Done loop ...
2020-01-27T16:19:03, ... powering down.
2020-01-27T16:19:03, RTC Initialization Failed
2020-01-27T16:20:03, Setup Complete
2020-01-27T16:21:03, Data: 2009-05-14T16:02:03,3.67,25627,2474.00,4998.00,2494.50,-17.45,56.44,-18.55,883.79
2020-01-27T16:19:03, Add row to /TRACKING.csv
2023-03-18T07:45:03, Number of rows in /TRACKING.csv: 4
2020-01-27T16:21:03, Number of rows in /TRACKING.csv is >= 4
2020-01-27T16:19:03, Remove tracking
2020-01-27T16:21:03, Write to /TRANSMIT.csv: 2009-05-14T16:02:03,3.67,2474.00,-17.5,56
2023-03-18T07:45:03, Number of rows in /TRANSMIT.csv: 4
2003-01-30T16:00:03, Current hour = 16, Transmission hour = 1
2003-01-30T16:00:03, Current hour = 16, Transmission hour = 6
2003-01-30T16:00:03, Current hour = 16, Transmission hour = 8
2003-01-30T16:00:03, Current hour = 16, Transmission hour = 10
2003-01-30T16:00:03, Current hour = 16, Transmission hour = 15
2003-01-30T16:00:03, Current hour = 16, Transmission hour = 20
2003-01-30T16:00:03, Current hour = 16, Transmission hour = 22
2020-01-27T16:19:03, Done loop ...
2020-01-27T16:19:03, ... powering down.
2020-01-27T16:19:03, RTC Initialization Failed
2020-01-27T16:20:03, Setup Complete
2020-01-27T16:21:03, Data: 2009-05-14T16:02:03,3.67,25627,2461.00,2476.00,2471.00,-17.31,57.92,-18.38,884.02
2020-01-27T16:19:03, Add row to /TRACKING.csv
2023-03-18T07:45:03, Number of rows in /TRACKING.csv: 1
2020-01-27T16:19:03, Done loop ...
2020-01-27T16:19:03, ... powering down.
2020-01-27T16:19:03, RTC Initialization Failed
2020-01-27T16:20:03, Setup Complete
2043-04-29T09:31:47, Data: 2009-05-14T16:02:03,3.67,25627,2470.00,4997.00,2496.50,-17.41,57.89,-18.31,884.28
2020-01-27T16:19:03, Add row to /TRACKING.csv
2023-03-18T07:45:03, Number of rows in /TRACKING.csv: 2
2020-01-27T16:19:03, Done loop ...
2020-01-27T16:19:03, ... powering down.
2020-01-27T16:19:03, RTC Initialization Failed
2020-01-27T16:20:03, Setup Complete
2020-01-27T16:21:03, Data: 2009-05-14T16:02:03,3.67,25627,2461.00,4998.00,2477.00,-17.72,59.67,-18.37,884.14
2020-01-27T16:19:03, Add row to /TRACKING.csv
2023-03-18T07:45:03, Number of rows in /TRACKING.csv: 3
2020-01-27T16:19:03, Done loop ...
2020-01-27T16:19:03, ... powering down.
2020-01-27T16:19:03, RTC Initialization Failed
2020-01-27T16:20:03, Setup Complete
2020-01-27T16:21:03, Data: 2009-05-14T16:02:03,3.67,25627,2456.00,2469.00,2463.00,-17.27,55.91,-18.34,883.87
2020-01-27T16:19:03, Add row to /TRACKING.csv
2023-03-18T07:45:03, Number of rows in /TRACKING.csv: 4
2020-01-27T16:21:03, Number of rows in /TRACKING.csv is >= 4
2020-01-27T16:19:03, Remove tracking
2020-01-27T16:21:03, Write to /TRANSMIT.csv: 2009-05-14T16:02:03,3.67,2456.00,-17.3,56
2023-03-18T07:45:03, Number of rows in /TRANSMIT.csv: 5
2003-01-30T16:00:03, Current hour = 16, Transmission hour = 1
2001-03-26T16:00:03, 1416023107-18363:246-17961:247-17758:247-17556:246-17356
2020-01-27T16:25:03,  - attempt to send message: 1416023107-18363:246-17961:247-17758:247-17556:246-17356
2020-01-27T16:21:03,  - Modem begin successful
2020-01-27T16:21:03,  - Sending...
2020-01-27T16:21:03,  - Send response: 
2020-01-27T16:22:03,   - Sync clocks... 
2020-01-27T16:25:03,  - Arduino Old Time: 2000-00-20T00:84:03
2020-01-27T16:24:03,  - Arduino New Time: 2002-00-11T55:48:03
2020-01-27T16:21:03, Message sent! Removing /TRANSMIT.csv
2020-01-27T16:19:03, Done loop ...
2020-01-27T16:19:03, ... powering down.
2020-01-27T16:19:03, RTC Initialization Failed
2020-01-27T16:20:03, Setup Complete
2020-01-27T16:21:03, Data: 2009-05-14T16:02:03,3.67,25627,2466.00,2470.00,2468.50,-17.27,55.53,-18.34,884.05
2020-01-27T16:19:03, Add row to /TRACKING.csv
2023-03-18T07:45:03, Number of rows in /TRACKING.csv: 1
2020-01-27T16:19:03, Done loop ...
2020-01-27T16:19:03, ... powering down.
2020-01-27T16:19:03, RTC Initialization Failed
2020-01-27T16:20:03, Setup Complete
2020-01-27T16:21:03, Data: 2009-05-14T16:02:03,3.67,25627,2470.00,4997.00,2487.50,-17.06,54.06,-18.28,883.65
2020-01-27T16:19:03, Add row to /TRACKING.csv
2023-03-18T07:45:03, Number of rows in /TRACKING.csv: 2
2020-01-27T16:19:03, Done loop ...
2020-01-27T16:19:03, ... powering down.
2020-01-27T16:19:03, RTC Initialization Failed
2020-01-27T16:20:03, Setup Complete
2020-01-27T16:21:03, Data: 2009-05-14T16:02:03,3.67,25627,2467.00,2482.00,2473.50,-17.16,54.90,-18.27,883.79
2020-01-27T16:19:03, Add row to /TRACKING.csv
2023-03-18T07:45:03, Number of rows in /TRACKING.csv: 3
2020-01-27T16:19:03, Done loop ...
2020-01-27T16:19:03, ... powering down.
2020-01-27T16:19:03, RTC Initialization Failed
2020-01-27T16:20:03, Setup Complete
2020-01-27T16:21:03, Data: 2009-05-14T16:02:03,3.67,25627,2455.00,2469.00,2460.50,-17.31,56.07,-18.43,883.84
2020-01-27T16:19:03, Add row to /TRACKING.csv
2023-03-18T07:45:03, Number of rows in /TRACKING.csv: 4
2020-01-27T16:21:03, Number of rows in /TRACKING.csv is >= 4
2020-01-27T16:19:03, Remove tracking
2020-01-27T16:21:03, Write to /TRANSMIT.csv: 2009-05-14T16:02:03,3.67,2455.00,-17.3,56
2023-03-18T07:45:03, Number of rows in /TRANSMIT.csv: 1
2020-01-27T16:23:03, Current hour = 16, Transmission hour = 1
2020-01-27T16:23:03, Current hour = 16, Transmission hour = 6
2020-01-27T16:23:03, Current hour = 16, Transmission hour = 8
2020-01-27T16:23:03, Current hour = 16, Transmission hour = 10
2020-01-27T16:23:03, Current hour = 16, Transmission hour = 15
2020-01-27T16:23:03, Current hour = 16, Transmission hour = 20
2020-01-27T16:23:03, Current hour = 16, Transmission hour = 22
2020-01-27T16:19:03, Done loop ...
2020-01-27T16:19:03, ... powering down.
2020-01-27T16:19:03, RTC Initialization Failed
2020-01-27T16:20:03, Setup Complete
2020-01-27T16:21:03, Data: 2009-05-14T16:02:03,3.67,25627,2448.00,2457.00,2452.50,-17.31,55.97,-18.30,883.60
2020-01-27T16:19:03, Add row to /TRACKING.csv
2023-03-18T07:45:03, Number of rows in /TRACKING.csv: 1
2020-01-27T16:19:03, Done loop ...
2020-01-27T16:19:03, ... powering down.
2020-01-27T16:19:03, RTC Initialization Failed
2020-01-27T16:20:03, Setup Complete
2020-01-27T16:21:03, Data: 2009-05-14T16:02:03,3.67,25627,2448.00,4996.00,4995.00,-17.11,54.94,-18.09,883.46
2020-01-27T16:19:03, Add row to /TRACKING.csv
2023-03-18T07:45:03, Number of rows in /TRACKING.csv: 2
2020-01-27T16:19:03, Done loop ...
2020-01-27T16:19:03, ... powering down.
2020-01-27T16:19:03, RTC Initialization Failed
2020-01-27T16:20:03, Setup Complete
2020-01-27T16:21:03, Data: 2009-05-14T16:02:03,3.67,25627,2442.00,2459.00,2453.00,-17.27,55.85,-18.20,883.55
2020-01-27T16:19:03, Add row to /TRACKING.csv
2023-03-18T07:45:03, Number of rows in /TRACKING.csv: 3
2020-01-27T16:19:03, Done loop ...
2020-01-27T16:19:03, ... powering down.
2020-01-27T16:19:03, RTC Initialization Failed
2020-01-27T16:20:03, Setup Complete
2020-01-27T16:21:03, Data: 2009-05-14T16:02:03,3.67,25627,2444.00,4998.00,2452.00,-17.24,54.33,-18.34,883.68
2020-01-27T16:19:03, Add row to /TRACKING.csv
2023-03-18T07:45:03, Number of rows in /TRACKING.csv: 4
2020-01-27T16:21:03, Number of rows in /TRACKING.csv is >= 4
2020-01-27T16:19:03, Remove tracking
2020-01-27T16:21:03, Write to /TRANSMIT.csv: 2009-05-14T16:02:03,3.67,2444.00,-17.2,54
2023-03-18T07:45:03, Number of rows in /TRANSMIT.csv: 2
2020-01-27T16:22:03, Current hour = 16, Transmission hour = 1
2020-01-27T16:22:03, Current hour = 16, Transmission hour = 6
2020-01-27T16:22:03, Current hour = 16, Transmission hour = 8
2020-01-27T16:22:03, Current hour = 16, Transmission hour = 10
2020-01-27T16:22:03, Current hour = 16, Transmission hour = 15
2020-01-27T16:22:03, Current hour = 16, Transmission hour = 20
2020-01-27T16:22:03, Current hour = 16, Transmission hour = 22
2020-01-27T16:19:03, Done loop ...
2020-01-27T16:19:03, ... powering down.
2020-01-27T16:19:03, RTC Initialization Failed
2020-01-27T16:20:03, Setup Complete
2020-01-27T16:21:03, Data: 2009-05-14T16:02:03,3.67,25627,2440.00,4996.00,2452.00,-16.90,52.88,-18.33,883.55
2020-01-27T16:19:03, Add row to /TRACKING.csv
2023-03-18T07:45:03, Number of rows in /TRACKING.csv: 1
2020-01-27T16:19:03, Done loop ...
2020-01-27T16:19:03, ... powering down.
2020-01-27T16:19:03, RTC Initialization Failed
2020-01-27T16:20:03, Setup Complete
2020-01-27T16:21:03, Data: 2009-05-14T16:02:03,3.67,25627,2464.00,4998.00,4995.50,-16.85,51.80,-18.27,883.57
2020-01-27T16:19:03, Add row to /TRACKING.csv
2023-03-18T07:45:03, Number of rows in /TRACKING.csv: 2
2020-01-27T16:19:03, Done loop ...
2020-01-27T16:19:03, ... powering down.
2020-01-27T16:19:03, RTC Initialization Failed
2020-01-27T16:20:03, Setup Complete
2020-01-27T16:21:03, Data: 2009-05-14T16:02:03,3.67,25627,2449.00,2463.00,2454.00,-16.75,50.58,-18.28,883.56
2020-01-27T16:19:03, Add row to /TRACKING.csv
2023-03-18T07:45:03, Number of rows in /TRACKING.csv: 3
2020-01-27T16:19:03, Done loop ...
2020-01-27T16:19:03, ... powering down.
2020-01-27T16:19:03, RTC Initialization Failed
2020-01-27T16:20:03, Setup Complete
2020-01-27T16:21:03, Data: 2009-05-14T16:02:03,3.67,25627,2444.00,4997.00,2458.00,-16.86,52.53,-18.33,883.81
2020-01-27T16:19:03, Add row to /TRACKING.csv
2023-03-18T07:45:03, Number of rows in /TRACKING.csv: 4
2020-01-27T16:21:03, Number of rows in /TRACKING.csv is >= 4
2020-01-27T16:19:03, Remove tracking
2020-01-27T16:21:03, Write to /TRANSMIT.csv: 2009-05-14T16:02:03,3.67,2444.00,-16.9,53
2023-03-18T07:45:03, Number of rows in /TRANSMIT.csv: 3
2003-01-30T16:00:03, Current hour = 16, Transmission hour = 1
2003-01-30T16:00:03, Current hour = 16, Transmission hour = 6
2000-12-19T16:21:03, Current hour = 16, Transmission hour = 8
2003-01-30T16:00:03, Current hour = 16, Transmission hour = 10
2003-01-30T16:00:03, Current hour = 16, Transmission hour = 15
2003-01-30T16:00:03, Current hour = 16, Transmission hour = 20
2003-01-30T16:00:03, Current hour = 16, Transmission hour = 22
2020-01-27T16:19:03, Done loop ...
2020-01-27T16:19:03, ... powering down.
2020-01-27T16:19:03, RTC Initialization Failed
2020-01-27T16:20:03, Setup Complete
2020-01-27T16:21:03, Data: 2009-05-14T16:02:03,3.67,25627,2440.00,2455.00,2445.00,-16.90,52.11,-18.02,883.76
2020-01-27T16:19:03, Add row to /TRACKING.csv
2023-03-18T07:45:03, Number of rows in /TRACKING.csv: 1
2020-01-27T16:19:03, Done loop ...
2020-01-27T16:19:03, ... powering down.
2020-01-27T16:19:03, RTC Initialization Failed
2020-01-27T16:20:03, Setup Complete
2020-01-27T16:21:03, Data: 2009-05-14T16:02:03,3.67,25627,2446.00,2458.00,2450.00,-16.72,50.67,-17.89,883.86
2020-01-27T16:19:03, Add row to /TRACKING.csv
2023-03-18T07:45:03, Number of rows in /TRACKING.csv: 2
2020-01-27T16:19:03, Done loop ...
2020-01-27T16:19:03, ... powering down.
2020-01-27T16:19:03, RTC Initialization Failed
2020-01-27T16:20:03, Setup Complete
2020-01-27T16:21:03, Data: 2009-05-14T16:02:03,3.68,25627,2453.00,4996.00,2458.00,-16.62,49.96,-17.67,883.75
2020-01-27T16:19:03, Add row to /TRACKING.csv
2023-03-18T07:45:03, Number of rows in /TRACKING.csv: 3
2020-01-27T16:19:03, Done loop ...
2020-01-27T16:19:03, ... powering down.
2020-01-27T16:19:03, RTC Initialization Failed
2020-01-27T16:20:03, Setup Complete
2020-01-27T16:21:03, Data: 2009-05-14T16:02:03,3.68,25627,2443.00,2451.00,2448.00,-16.25,47.41,-17.63,883.98
2020-01-27T16:19:03, Add row to /TRACKING.csv
2023-03-18T07:45:03, Number of rows in /TRACKING.csv: 4
2020-01-27T16:21:03, Number of rows in /TRACKING.csv is >= 4
2020-01-27T16:19:03, Remove tracking
2020-01-27T16:21:03, Write to /TRANSMIT.csv: 2009-05-14T16:02:03,3.68,2443.00,-16.2,47
2023-03-18T07:45:03, Number of rows in /TRANSMIT.csv: 4
2003-01-30T16:00:03, Current hour = 16, Transmission hour = 1
2003-01-30T16:00:03, Current hour = 16, Transmission hour = 6
2003-01-30T16:00:03, Current hour = 16, Transmission hour = 8
2003-01-30T16:00:03, Current hour = 16, Transmission hour = 10
2003-01-30T16:00:03, Current hour = 16, Transmission hour = 15
2003-01-30T16:00:03, Current hour = 16, Transmission hour = 20
2003-01-30T16:00:03, Current hour = 16, Transmission hour = 22
2020-01-27T16:19:03, Done loop ...
2020-01-27T16:19:03, ... powering down.
2020-01-27T16:19:03, RTC Initialization Failed
2020-01-27T16:20:03, Setup Complete
2020-01-27T16:21:03, Data: 2009-05-14T16:02:03,3.69,25627,2447.00,2456.00,2451.00,-16.40,48.16,-17.39,883.94
2020-01-27T16:19:03, Add row to /TRACKING.csv
2023-03-18T07:45:03, Number of rows in /TRACKING.csv: 1
2020-01-27T16:19:03, Done loop ...
2020-01-27T16:19:03, ... powering down.
2020-01-27T16:19:03, RTC Initialization Failed
2020-01-27T16:20:03, Setup Complete
2020-01-27T16:21:03, Data: 2009-05-14T16:02:03,3.98,25627,2463.00,2470.00,2467.00,-14.93,44.91,-13.53,884.34
2020-01-27T16:19:03, Add row to /TRACKING.csv
2023-03-18T07:45:03, Number of rows in /TRACKING.csv: 2
2020-01-27T16:19:03, Done loop ...
2020-01-27T16:19:03, ... powering down.
2020-01-27T16:19:03, RTC Initialization Failed
2020-01-27T16:20:03, Setup Complete
2020-01-27T16:21:03, Data: 2009-05-14T16:02:03,3.99,25627,2473.00,2523.00,2491.50,-15.15,44.66,-10.82,883.92
2020-01-27T16:19:03, Add row to /TRACKING.csv
2023-03-18T07:45:03, Number of rows in /TRACKING.csv: 3
2020-01-27T16:19:03, Done loop ...
2020-01-27T16:19:03, ... powering down.
2020-01-27T16:19:03, RTC Initialization Failed
2020-01-27T16:20:03, Setup Complete
2020-01-27T16:21:03, Data: 2000-01-19T16:11:03,3.99,25627,2496.00,4993.00,2984.50,-14.58,42.87,-8.72,884.14
2020-01-27T16:19:03, Add row to /TRACKING.csv
2023-03-18T06:25:03, Number of rows in /TRACKING.csv: 4
2020-01-27T16:21:03, Number of rows in /TRACKING.csv is >= 4
2020-01-27T16:19:03, Remove tracking
2020-01-27T16:21:03, Write to /TRANSMIT.csv: 2000-01-19T16:11:03,3.99,2496.00,-14.6,43
2023-03-18T06:25:03, Number of rows in /TRANSMIT.csv: 5
2003-01-30T16:00:03, Current hour = 16, Transmission hour = 1
2001-03-26T16:00:03, 1416026246-17356:244-17254:244-16953:244-16247:250-14643
2020-01-27T16:25:03,  - attempt to send message: 1416026246-17356:244-17254:244-16953:244-16247:250-14643
2020-01-27T16:25:03,  - Modem begin successful
2020-01-27T16:23:03,  - Sending...
2020-01-27T16:25:03,  - Send response: 
2020-01-27T16:25:03,   - Sync clocks... 
2020-01-27T16:24:03,  - Arduino Old Time: 2000-00-20T00:84:03
2020-01-27T16:24:03,  - Arduino New Time: 2002-00-17T31:34:03
2020-01-27T16:21:03, Message sent! Removing /TRANSMIT.csv
2020-01-27T16:19:03, Done loop ...
2020-01-27T16:19:03, ... powering down.
2020-01-27T16:19:03, RTC Initialization Failed
2020-01-27T16:20:03, Setup Complete
2020-01-27T16:21:03, Data: 2009-05-14T16:02:03,3.99,25627,2477.00,2490.00,2483.50,-14.16,42.43,-6.84,884.09
2020-01-27T16:19:03, Add row to /TRACKING.csv
2023-03-18T06:25:03, Number of rows in /TRACKING.csv: 1
2020-01-27T16:19:03, Done loop ...
2020-01-27T16:19:03, ... powering down.
2020-01-27T16:19:03, RTC Initialization Failed
2020-01-27T16:20:03, Setup Complete
2020-01-27T16:21:03, Data: 2009-05-14T16:02:03,3.99,25627,2489.00,2496.00,2492.50,-13.58,43.07,-5.02,884.34
2020-01-27T16:19:03, Add row to /TRACKING.csv
2023-03-18T06:25:03, Number of rows in /TRACKING.csv: 2
2020-01-27T16:19:03, Done loop ...
2020-01-27T16:19:03, ... powering down.
2020-01-27T16:19:03, RTC Initialization Failed
2020-01-27T16:20:03, Setup Complete
2020-01-27T16:21:03, Data: 2009-05-14T16:02:03,4.00,25627,2485.00,2497.00,2490.00,-13.93,42.68,-4.61,884.09
2020-01-27T16:19:03, Add row to /TRACKING.csv
2023-03-18T07:45:03, Number of rows in /TRACKING.csv: 3
2020-01-27T16:19:03, Done loop ...
2020-01-27T16:19:03, ... powering down.
2020-01-27T16:19:03, RTC Initialization Failed
2020-01-27T16:20:03, Setup Complete
2020-01-27T16:21:03, Data: 2009-05-14T16:02:03,3.99,25627,2498.00,2516.00,2505.50,-12.74,41.37,-3.40,884.30
2020-01-27T16:19:03, Add row to /TRACKING.csv
2023-03-18T06:25:03, Number of rows in /TRACKING.csv: 4
2020-01-27T16:21:03, Number of rows in /TRACKING.csv is >= 4
2020-01-27T16:19:03, Remove tracking
2020-01-27T16:21:03, Write to /TRANSMIT.csv: 2009-05-14T16:02:03,3.99,2498.00,-12.7,41
2023-03-18T06:25:03, Number of rows in /TRANSMIT.csv: 1
2003-01-30T16:00:03, Current hour = 16, Transmission hour = 1
2003-01-30T16:00:03, Current hour = 16, Transmission hour = 6
2003-01-30T16:00:03, Current hour = 16, Transmission hour = 8
2003-01-30T16:00:03, Current hour = 16, Transmission hour = 10
2003-01-30T16:00:03, Current hour = 16, Transmission hour = 15
2003-01-30T16:00:03, Current hour = 16, Transmission hour = 20
2003-01-30T16:00:03, Current hour = 16, Transmission hour = 22
2020-01-27T16:19:03, Done loop ...
2020-01-27T16:19:03, ... powering down.
2020-01-27T16:19:03, RTC Initialization Failed
2020-01-27T16:20:03, Setup Complete
2020-01-27T16:21:03, Data: 2009-05-14T16:02:03,3.99,25627,2503.00,2523.00,2514.00,-12.29,38.68,-2.95,884.11
2020-01-27T16:19:03, Add row to /TRACKING.csv
2023-03-18T06:25:03, Number of rows in /TRACKING.csv: 1
2020-01-27T16:19:03, Done loop ...
2020-01-27T16:19:03, ... powering down.
2020-01-27T16:19:03, RTC Initialization Failed
2020-01-27T16:20:03, Setup Complete
2020-01-27T16:21:03, Data: 2009-05-14T16:02:03,3.99,25627,2503.00,2515.00,2510.50,-12.73,38.49,-3.11,884.46
2020-01-27T16:19:03, Add row to /TRACKING.csv
2023-03-08T06:25:03, Number of rows in /TRACKING.csv: 2
2020-01-27T16:19:03, Done loop ...
2020-01-27T16:19:03, ... powering down.
2020-01-27T16:19:03, RTC Initialization Failed
2020-01-27T16:20:03, Setup Complete
2020-01-27T16:21:03, Data: 2009-05-14T16:02:03,3.99,25627,2488.00,2502.00,2494.50,-13.05,39.67,-3.37,884.08
2020-01-27T16:19:03, Add row to /TRACKING.csv
2023-03-08T07:45:03, Number of rows in /TRACKING.csv: 3
2020-01-27T16:19:03, Done loop ...
2020-01-27T16:19:03, ... powering down.
2020-01-27T16:19:03, RTC Initialization Failed
2020-01-27T16:20:03, Setup Complete
2020-01-27T16:21:03, Data: 2009-05-14T16:02:03,3.99,25627,2491.00,2513.00,2501.00,-12.12,39.47,-2.66,884.54
2020-01-27T16:19:03, Add row to /TRACKING.csv
2023-03-18T06:25:03, Number of rows in /TRACKING.csv: 4
2020-01-27T16:21:03, Number of rows in /TRACKING.csv is >= 4
2020-01-27T16:19:03, Remove tracking
2020-01-27T16:21:03, Write to /TRANSMIT.csv: 2009-05-14T16:02:03,3.99,2491.00,-12.1,39
2023-03-18T06:25:03, Number of rows in /TRANSMIT.csv: 2
2020-01-27T16:23:03, Current hour = 16, Transmission hour = 1
2020-01-27T16:23:03, Current hour = 16, Transmission hour = 6
2020-01-27T16:23:03, Current hour = 16, Transmission hour = 8
2020-01-27T16:23:03, Current hour = 16, Transmission hour = 10
2020-01-27T16:23:03, Current hour = 16, Transmission hour = 15
2020-01-27T16:23:03, Current hour = 16, Transmission hour = 20
2020-01-27T16:23:03, Current hour = 16, Transmission hour = 22
2020-01-27T16:19:03, Done loop ...
2020-01-27T16:19:03, ... powering down.
2020-01-27T16:19:03, RTC Initialization Failed
2020-01-27T16:20:03, Setup Complete
2020-01-27T16:21:03, Data: 2000-01-19T16:11:03,3.99,25627,2500.00,2509.00,2506.50,-10.71,35.27,-1.94,884.34
2020-01-27T16:19:03, Add row to /TRACKING.csv
2023-03-18T06:25:03, Number of rows in /TRACKING.csv: 1
2020-01-27T16:19:03, Done loop ...
2020-01-27T16:19:03, ... powering down.
2020-01-27T16:19:03, RTC Initialization Failed
2020-01-27T16:20:03, Setup Complete
2020-01-27T16:21:03, Data: 2000-01-19T16:11:03,3.99,25627,2507.00,2516.00,2509.50,-10.60,36.03,-1.57,884.10
2020-01-27T16:19:03, Add row to /TRACKING.csv
2023-03-08T06:25:03, Number of rows in /TRACKING.csv: 2
2020-01-27T16:19:03, Done loop ...
2020-01-27T16:19:03, ... powering down.
2020-01-27T16:19:03, RTC Initialization Failed
2020-01-27T16:20:03, Setup Complete
2020-01-27T16:21:03, Data: 2009-05-14T16:02:03,4.00,25627,2497.00,2510.00,2500.50,-10.80,36.83,-1.90,883.99
2020-01-27T16:19:03, Add row to /TRACKING.csv
2023-03-18T06:25:03, Number of rows in /TRACKING.csv: 3
2020-01-27T16:19:03, Done loop ...
2020-01-27T16:19:03, ... powering down.
2020-01-27T16:19:03, RTC Initialization Failed
2020-01-27T16:20:03, Setup Complete
2020-01-27T16:21:03, Data: 2009-05-14T16:02:03,3.99,25627,2489.00,2502.00,2497.50,-10.56,39.05,-1.63,883.85
2020-01-27T16:19:03, Add row to /TRACKING.csv
2023-03-18T06:25:03, Number of rows in /TRACKING.csv: 4
2020-01-27T16:21:03, Number of rows in /TRACKING.csv is >= 4
2020-01-27T16:19:03, Remove tracking
2043-04-29T09:31:47, Write to /TRANSMIT.csv: 2009-05-14T16:02:03,3.99,2489.00,-10.6,39
2023-03-18T06:25:03, Number of rows in /TRANSMIT.csv: 3
2003-01-30T16:00:03, Current hour = 16, Transmission hour = 1
2003-01-30T16:00:03, Current hour = 16, Transmission hour = 6
2003-01-30T16:00:03, Current hour = 16, Transmission hour = 8
2003-01-30T16:00:03, Current hour = 16, Transmission hour = 10
2003-01-30T16:00:03, Current hour = 16, Transmission hour = 15
2003-01-30T16:00:03, Current hour = 16, Transmission hour = 20
2003-01-30T16:00:03, Current hour = 16, Transmission hour = 22
2020-01-27T16:19:03, Done loop ...
2020-01-27T16:19:03, ... powering down.
2020-01-27T16:19:03, RTC Initialization Failed
2020-01-27T16:20:03, Setup Complete
2020-01-27T16:21:03, Data: 2009-05-14T16:02:03,3.99,25627,2496.00,4990.00,2500.50,-11.10,39.62,-1.64,883.73
2020-01-27T16:19:03, Add row to /TRACKING.csv
2023-03-18T06:25:03, Number of rows in /TRACKING.csv: 1
2020-01-27T16:19:03, Done loop ...
2020-01-27T16:19:03, ... powering down.
2020-01-27T16:19:03, RTC Initialization Failed
2020-01-27T16:20:03, Setup Complete
2020-01-27T16:21:03, Data: 2009-05-14T16:02:03,3.99,25627,2493.00,4989.00,2498.50,-11.12,38.73,-1.34,883.64
2020-01-27T16:19:03, Add row to /TRACKING.csv
2023-03-08T07:45:03, Number of rows in /TRACKING.csv: 2
2020-01-27T16:19:03, Done loop ...
2020-01-27T16:19:03, ... powering down.
2020-01-27T16:19:03, RTC Initialization Failed
2020-01-27T16:20:03, Setup Complete
2020-01-27T16:21:03, Data: 2009-05-14T16:02:03,3.99,25627,2490.00,2500.00,2496.00,-10.56,37.88,-1.39,883.58
2020-01-27T16:19:03, Add row to /TRACKING.csv
2023-03-18T06:25:03, Number of rows in /TRACKING.csv: 3
2020-01-27T16:19:03, Done loop ...
2020-01-27T16:19:03, ... powering down.
2020-01-27T16:19:03, RTC Initialization Failed
2020-01-27T16:20:03, Setup Complete
2020-01-27T16:21:03, Data: 2009-05-14T16:02:03,3.99,25627,2486.00,2498.00,2493.00,-11.32,39.96,-1.53,883.45
2020-01-27T16:19:03, Add row to /TRACKING.csv
2023-03-08T06:25:03, Number of rows in /TRACKING.csv: 4
2020-01-27T16:21:03, Number of rows in /TRACKING.csv is >= 4
2020-01-27T16:19:03, Remove tracking
2020-01-27T16:21:03, Write to /TRANSMIT.csv: 2009-05-14T16:02:03,3.99,2486.00,-11.3,40
2023-03-08T06:25:03, Number of rows in /TRANSMIT.csv: 4
2003-01-30T16:00:03, Current hour = 16, Transmission hour = 1
2003-01-30T16:00:03, Current hour = 16, Transmission hour = 6
2003-01-30T16:00:03, Current hour = 16, Transmission hour = 8
2003-01-30T16:00:03, Current hour = 16, Transmission hour = 10
2003-01-30T16:00:03, Current hour = 16, Transmission hour = 15
2003-01-30T16:00:03, Current hour = 16, Transmission hour = 20
2003-01-30T16:00:03, Current hour = 16, Transmission hour = 22
2020-01-27T16:19:03, Done loop ...
2020-01-27T16:19:03, ... powering down.
2020-01-27T16:19:03, RTC Initialization Failed
2020-01-27T16:20:03, Setup Complete
2020-01-27T16:21:03, Data: 2009-05-14T16:02:03,3.99,25627,2485.00,2497.00,2494.00,-10.68,40.03,-1.40,883.08
2020-01-27T16:19:03, Add row to /TRACKING.csv
2023-03-18T06:25:03, Number of rows in /TRACKING.csv: 1
2020-01-27T16:19:03, Done loop ...
2020-01-27T16:19:03, ... powering down.
2020-01-27T16:19:03, RTC Initialization Failed
2020-01-27T16:20:03, Setup Complete
2020-01-27T16:21:03, Data: 2009-05-14T16:02:03,3.99,25627,2489.00,4992.00,3775.00,-10.71,39.60,-1.98,882.93
2020-01-27T16:19:03, Add row to /TRACKING.csv
2023-03-18T06:25:03, Number of rows in /TRACKING.csv: 2
2020-01-27T16:19:03, Done loop ...
2020-01-27T16:19:03, ... powering down.
2020-01-27T16:19:03, RTC Initialization Failed
2020-01-27T16:20:03, Setup Complete
2020-01-27T16:21:03, Data: 2009-05-14T16:02:03,3.99,25627,2487.00,4991.00,2498.00,-10.08,37.85,-2.66,882.84
2020-01-27T16:19:03, Add row to /TRACKING.csv
2023-03-18T07:45:03, Number of rows in /TRACKING.csv: 3
2020-01-27T16:19:03, Done loop ...
2020-01-27T16:19:03, ... powering down.
2020-01-27T16:19:03, RTC Initialization Failed
2020-01-27T16:20:03, Setup Complete
2020-01-27T16:21:03, Data: 2009-05-14T16:02:03,3.88,25627,2481.00,2489.00,2483.00,-10.30,40.00,-3.13,882.58
2020-01-27T16:19:03, Add row to /TRACKING.csv
2023-03-18T07:45:03, Number of rows in /TRACKING.csv: 4
2020-01-27T16:21:03, Number of rows in /TRACKING.csv is >= 4
2020-01-27T16:19:03, Remove tracking
2020-01-27T16:21:03, Write to /TRANSMIT.csv: 2009-05-14T16:02:03,3.88,2481.00,-10.3,40
2023-03-18T07:45:03, Number of rows in /TRANSMIT.csv: 5
2003-01-30T16:00:03, Current hour = 16, Transmission hour = 1
2001-03-26T16:00:03, 1416025250-12741:249-12139:249-10639:249-11340:248-10340
2020-01-27T16:25:03,  - attempt to send message: 1416025250-12741:249-12139:249-10639:249-11340:248-10340
2020-01-27T16:25:03,  - Modem begin successful
2020-01-27T16:23:03,  - Sending...
2020-01-27T16:25:03,  - Send response: 
2020-01-27T16:25:03,   - Sync clocks... 
2020-01-27T16:24:03,  - Arduino Old Time: 2000-00-20T00:84:03
2020-01-27T16:24:03,  - Arduino New Time: 2002-00-23T08:18:03
2020-01-27T16:21:03, Message sent! Removing /TRANSMIT.csv
2020-01-27T16:19:03, Done loop ...
2020-01-27T16:19:03, ... powering down.
2020-01-27T16:19:03, RTC Initialization Failed
2020-01-27T16:20:03, Setup Complete
2020-01-27T16:21:03, Data: 2009-05-14T16:02:03,3.87,25627,2475.00,2495.00,2484.00,-10.33,38.56,-3.32,882.54
2020-01-27T16:19:03, Add row to /TRACKING.csv
2023-03-18T07:45:03, Number of rows in /TRACKING.csv: 1
2020-01-27T16:19:03, Done loop ...
2020-01-27T16:19:03, ... powering down.
2020-01-27T16:19:03, RTC Initialization Failed
2020-01-27T16:20:03, Setup Complete
2020-01-27T16:21:03, Data: 2009-05-14T16:02:03,3.99,25627,2474.00,2486.00,2482.00,-11.43,43.13,-3.94,882.47
2020-01-27T16:19:03, Add row to /TRACKING.csv
2023-03-18T07:45:03, Number of rows in /TRACKING.csv: 2
2020-01-27T16:19:03, Done loop ...
2020-01-27T16:19:03, ... powering down.
2020-01-27T16:19:03, RTC Initialization Failed
2020-01-27T16:20:03, Setup Complete
2020-01-27T16:21:03, Data: 2009-05-14T16:02:03,3.99,25627,2465.00,2480.00,2476.50,-11.35,43.20,-4.71,882.34
2020-01-27T16:19:03, Add row to /TRACKING.csv
2023-03-18T07:45:03, Number of rows in /TRACKING.csv: 3
2020-01-27T16:19:03, Done loop ...
2020-01-27T16:19:03, ... powering down.
2020-01-27T16:19:03, RTC Initialization Failed
2020-01-27T16:20:03, Setup Complete
2020-01-27T16:21:03, Data: 2009-05-14T16:02:03,3.88,25627,2475.00,2488.00,2479.00,-11.50,45.95,-5.65,882.42
2020-01-27T16:19:03, Add row to /TRACKING.csv
2023-03-18T07:45:03, Number of rows in /TRACKING.csv: 4
2020-01-27T16:21:03, Number of rows in /TRACKING.csv is >= 4
2020-01-27T16:19:03, Remove tracking
2020-01-27T16:21:03, Write to /TRANSMIT.csv: 2009-05-14T16:02:03,3.88,2475.00,-11.5,46
2023-03-18T07:45:03, Number of rows in /TRANSMIT.csv: 1
2003-01-30T16:00:03, Current hour = 16, Transmission hour = 1
2003-01-30T16:00:03, Current hour = 16, Transmission hour = 6
2003-01-30T16:00:03, Current hour = 16, Transmission hour = 8
2003-01-30T16:00:03, Current hour = 16, Transmission hour = 10
2003-01-30T16:00:03, Current hour = 16, Transmission hour = 15
2003-01-30T16:00:03, Current hour = 16, Transmission hour = 20
2003-01-30T16:00:03, Current hour = 16, Transmission hour = 22
2020-01-27T16:19:03, Done loop ...
2020-01-27T16:19:03, ... powering down.
2020-01-27T16:19:03, RTC Initialization Failed
2020-01-27T16:20:03, Setup Complete
2020-01-27T16:21:03, Data: 2009-05-14T16:02:03,3.87,25627,2485.00,2510.00,2496.50,-11.39,44.11,-6.39,882.11
2020-01-27T16:19:03, Add row to /TRACKING.csv
2023-03-18T06:25:03, Number of rows in /TRACKING.csv: 1
2020-01-27T16:19:03, Done loop ...
2020-01-27T16:19:03, ... powering down.
2020-01-27T16:19:03, RTC Initialization Failed
2020-01-27T16:20:03, Setup Complete
2020-01-27T16:21:03, Data: 2009-05-14T16:02:03,3.74,25627,2467.00,2486.00,2479.00,-11.85,47.16,-7.87,881.94
2020-01-27T16:19:03, Add row to /TRACKING.csv
2023-03-18T07:45:03, Number of rows in /TRACKING.csv: 2
2020-01-27T16:19:03, Done loop ...
2020-01-27T16:19:03, ... powering down.
2020-01-27T16:19:03, RTC Initialization Failed
2020-01-27T16:20:03, Setup Complete
2020-01-27T16:21:03, Data: 2009-05-14T16:02:03,3.73,25627,2460.00,2473.00,2467.00,-13.50,50.60,-11.80,881.79
2020-01-27T16:19:03, Add row to /TRACKING.csv
2023-03-18T06:25:03, Number of rows in /TRACKING.csv: 3
2020-01-27T16:19:03, Done loop ...
2020-01-27T16:19:03, ... powering down.
2020-01-27T16:19:03, RTC Initialization Failed
2020-01-27T16:20:03, Setup Complete
2020-01-27T16:21:03, Data: 2000-01-19T16:11:03,3.72,25627,2459.00,2473.00,2462.50,-13.71,51.46,-13.40,881.96
2020-01-27T16:19:03, Add row to /TRACKING.csv
2023-03-18T07:45:03, Number of rows in /TRACKING.csv: 4
2020-01-27T16:21:03, Number of rows in /TRACKING.csv is >= 4
2020-01-27T16:19:03, Remove tracking
2020-01-27T16:21:03, Write to /TRANSMIT.csv: 2000-01-19T16:11:03,3.72,2459.00,-13.7,51
2023-03-18T07:45:03, Number of rows in /TRANSMIT.csv: 2
2020-01-27T16:22:03, Current hour = 16, Transmission hour = 1
2020-01-27T16:22:03, Current hour = 16, Transmission hour = 6
2020-01-27T16:22:03, Current hour = 16, Transmission hour = 8
2020-01-27T16:22:03, Current hour = 16, Transmission hour = 10
2020-01-27T16:22:03, Current hour = 16, Transmission hour = 15
2020-01-27T16:22:03, Current hour = 16, Transmission hour = 20
2020-01-27T16:22:03, Current hour = 16, Transmission hour = 22
2020-01-27T16:19:03, Done loop ...
2020-01-27T16:19:03, ... powering down.
2020-01-27T16:19:03, RTC Initialization Failed
2020-01-27T16:20:03, Setup Complete
2020-01-27T16:21:03, Data: 2009-05-14T16:02:03,3.71,25627,2461.00,2474.00,2467.00,-14.01,52.48,-14.26,881.91
2020-01-27T16:19:03, Add row to /TRACKING.csv
2023-03-18T07:45:03, Number of rows in /TRACKING.csv: 1
2020-01-27T16:19:03, Done loop ...
2020-01-27T16:19:03, ... powering down.
2020-01-27T16:19:03, RTC Initialization Failed
2020-01-27T16:20:03, Setup Complete
2020-01-27T16:21:03, Data: 2009-05-14T16:02:03,3.71,25627,2461.00,2494.00,2469.00,-13.88,51.71,-14.67,881.92
2020-01-27T16:19:03, Add row to /TRACKING.csv
2023-03-18T07:45:03, Number of rows in /TRACKING.csv: 2
2020-01-27T16:19:03, Done loop ...
2020-01-27T16:19:03, ... powering down.
2020-01-27T16:19:03, RTC Initialization Failed
2020-01-27T16:20:03, Setup Complete
2020-01-27T16:21:03, Data: 2009-05-14T16:02:03,3.71,25627,2459.00,2483.00,2465.50,-14.25,53.27,-15.03,881.92
2020-01-27T16:19:03, Add row to /TRACKING.csv
2023-03-18T07:45:03, Number of rows in /TRACKING.csv: 3
2020-01-27T16:19:03, Done loop ...
2020-01-27T16:19:03, ... powering down.
2020-01-27T16:19:03, RTC Initialization Failed
2020-01-27T16:20:03, Setup Complete
2020-01-27T16:21:03, Data: 2009-05-14T16:02:03,3.70,25627,2460.00,2471.00,2464.00,-14.22,53.46,-15.37,881.93
2020-01-27T16:19:03, Add row to /TRACKING.csv
2023-03-18T07:45:03, Number of rows in /TRACKING.csv: 4
2020-01-27T16:21:03, Number of rows in /TRACKING.csv is >= 4
2020-01-27T16:19:03, Remove tracking
2020-01-27T16:21:03, Write to /TRANSMIT.csv: 2009-05-14T16:02:03,3.70,2460.00,-14.2,53
2023-03-18T07:45:03, Number of rows in /TRANSMIT.csv: 3
2003-01-30T16:00:03, Current hour = 16, Transmission hour = 1
2003-01-30T16:00:03, Current hour = 16, Transmission hour = 6
2003-01-30T16:00:03, Current hour = 16, Transmission hour = 8
2003-01-30T16:00:03, Current hour = 16, Transmission hour = 10
2003-01-30T16:00:03, Current hour = 16, Transmission hour = 15
2003-01-30T16:00:03, Current hour = 16, Transmission hour = 20
2003-01-30T16:00:03, Current hour = 16, Transmission hour = 22
2020-01-27T16:19:03, Done loop ...
2020-01-27T16:19:03, ... powering down.
2020-01-27T16:19:03, RTC Initialization Failed
2020-01-27T16:20:03, Setup Complete
2020-01-27T16:21:03, Data: 2009-05-14T16:02:03,3.70,25627,2454.00,2468.00,2466.00,-14.19,53.50,-15.61,881.79
2020-01-27T16:19:03, Add row to /TRACKING.csv
2023-03-18T07:45:03, Number of rows in /TRACKING.csv: 1
2020-01-27T16:19:03, Done loop ...
2020-01-27T16:19:03, ... powering down.
2020-01-27T16:19:03, RTC Initialization Failed
2020-01-27T16:20:03, Setup Complete
2043-04-29T09:31:47, Data: 2009-05-14T16:02:03,3.69,25627,2454.00,2467.00,2461.50,-14.16,52.91,-15.60,881.67
2020-01-27T16:19:03, Add row to /TRACKING.csv
2023-03-18T07:45:03, Number of rows in /TRACKING.csv: 2
2020-01-27T16:19:03, Done loop ...
2020-01-27T16:19:03, ... powering down.
2020-01-27T16:19:03, RTC Initialization Failed
2020-01-27T16:20:03, Setup Complete
2020-01-27T16:21:03, Data: 2009-05-14T16:02:03,3.70,25627,2462.00,4994.00,2470.50,-14.03,53.50,-15.46,881.56
2020-01-27T16:19:03, Add row to /TRACKING.csv
2023-03-18T07:45:03, Number of rows in /TRACKING.csv: 3
2020-01-27T16:19:03, Done loop ...
2020-01-27T16:19:03, ... powering down.
2020-01-27T16:19:03, RTC Initialization Failed
2020-01-27T16:20:03, Setup Complete
2043-04-29T09:31:47, Data: 2009-05-14T16:02:03,3.69,25627,2465.00,2484.00,2468.50,-14.18,53.88,-15.49,881.52
2020-01-27T16:19:03, Add row to /TRACKING.csv
2023-03-18T07:45:03, Number of rows in /TRACKING.csv: 4
2020-01-27T16:21:03, Number of rows in /TRACKING.csv is >= 4
2020-01-27T16:19:03, Remove tracking
2020-01-27T16:21:03, Write to /TRANSMIT.csv: 2009-05-14T16:02:03,3.69,2465.00,-14.2,54
2023-03-18T07:45:03, Number of rows in /TRANSMIT.csv: 4
2003-01-30T16:00:03, Current hour = 16, Transmission hour = 1
2003-01-30T16:00:03, Current hour = 16, Transmission hour = 6
2003-01-30T16:00:03, Current hour = 16, Transmission hour = 8
2003-01-30T16:00:03, Current hour = 16, Transmission hour = 10
2003-01-30T16:00:03, Current hour = 16, Transmission hour = 15
2003-01-30T16:00:03, Current hour = 16, Transmission hour = 20
2003-01-30T16:00:03, Current hour = 16, Transmission hour = 22
2020-01-27T16:19:03, Done loop ...
2020-01-27T16:19:03, ... powering down.
2020-01-27T16:19:03, RTC Initialization Failed
2020-01-27T16:20:03, Setup Complete
2020-01-27T16:21:03, Data: 2000-01-19T16:11:03,3.69,25627,2482.00,4994.00,2519.50,-13.54,51.87,-15.15,881.43
2020-01-27T16:19:03, Add row to /TRACKING.csv
2023-03-18T07:45:03, Number of rows in /TRACKING.csv: 1
2020-01-27T16:19:03, Done loop ...
2020-01-27T16:19:03, ... powering down.
2020-01-27T16:19:03, RTC Initialization Failed
2020-01-27T16:20:03, Setup Complete
2020-01-27T16:21:03, Data: 2009-05-14T16:02:03,3.69,25627,2460.00,2473.00,2469.50,-13.81,51.90,-14.96,881.39
2020-01-27T16:19:03, Add row to /TRACKING.csv
2023-03-18T07:45:03, Number of rows in /TRACKING.csv: 2
2020-01-27T16:19:03, Done loop ...
2020-01-27T16:19:03, ... powering down.
2020-01-27T16:19:03, RTC Initialization Failed
2020-01-27T16:20:03, Setup Complete
2020-01-27T16:21:03, Data: 2009-05-14T16:02:03,3.69,25627,2459.00,2472.00,2469.50,-13.60,50.46,-14.97,881.38
2020-01-27T16:19:03, Add row to /TRACKING.csv
2023-03-18T07:45:03, Number of rows in /TRACKING.csv: 3
2020-01-27T16:19:03, Done loop ...
2020-01-27T16:19:03, ... powering down.
2020-01-27T16:19:03, RTC Initialization Failed
2020-01-27T16:20:03, Setup Complete
2020-01-27T16:21:03, Data: 2009-05-14T16:02:03,3.69,25627,2459.00,2469.00,2465.50,-13.61,50.25,-15.04,881.29
2020-01-27T16:19:03, Add row to /TRACKING.csv
2023-03-18T07:45:03, Number of rows in /TRACKING.csv: 4
2020-01-27T16:21:03, Number of rows in /TRACKING.csv is >= 4
2020-01-27T16:19:03, Remove tracking
2020-01-27T16:21:03, Write to /TRANSMIT.csv: 2009-05-14T16:02:03,3.69,2459.00,-13.6,50
2023-03-18T07:45:03, Number of rows in /TRANSMIT.csv: 5
2003-01-30T16:00:03, Current hour = 16, Transmission hour = 1
2001-03-26T16:00:03, 1416023248-11546:246-13751:246-14253:247-14254:246-13650
2020-01-27T16:25:03,  - attempt to send message: 1416023248-11546:246-13751:246-14253:247-14254:246-13650
2020-01-27T16:21:03,  - Modem begin successful
2020-01-27T16:21:03,  - Sending...
2020-01-27T16:21:03,  - Send response: 
2020-01-27T16:22:03,   - Sync clocks... 
2020-01-27T16:25:03,  - Arduino Old Time: 2000-00-20T00:84:03
2020-01-27T16:24:03,  - Arduino New Time: 2002-00-04T43:35:03
2020-01-27T16:21:03, Message sent! Removing /TRANSMIT.csv
2020-01-27T16:19:03, Done loop ...
2020-01-27T16:19:03, ... powering down.
2020-01-27T16:19:03, RTC Initialization Failed
2020-01-27T16:20:03, Setup Complete
2020-01-27T16:21:03, Data: 2009-05-14T16:02:03,3.69,25627,2459.00,2477.00,2463.50,-13.70,51.59,-15.40,881.29
2020-01-27T16:19:03, Add row to /TRACKING.csv
2023-03-18T07:45:03, Number of rows in /TRACKING.csv: 1
2020-01-27T16:19:03, Done loop ...
2020-01-27T16:19:03, ... powering down.
2020-01-27T16:19:03, RTC Initialization Failed
2020-01-27T16:20:03, Setup Complete
2020-01-27T16:21:03, Data: 2009-05-14T16:02:03,3.69,25627,2460.00,2480.00,2471.50,-13.79,51.46,-15.34,881.11
2020-01-27T16:19:03, Add row to /TRACKING.csv
2023-03-18T07:45:03, Number of rows in /TRACKING.csv: 2
2020-01-27T16:19:03, Done loop ...
2020-01-27T16:19:03, ... powering down.
2020-01-27T16:19:03, RTC Initialization Failed
2020-01-27T16:20:03, Setup Complete
2020-01-27T16:21:03, Data: 2009-05-14T16:02:03,3.69,25627,2459.00,2484.00,2470.00,-13.34,49.44,-15.03,880.92
2020-01-27T16:19:03, Add row to /TRACKING.csv
2023-03-18T07:45:03, Number of rows in /TRACKING.csv: 3
2020-01-27T16:19:03, Done loop ...
2020-01-27T16:19:03, ... powering down.
2020-01-27T16:19:03, RTC Initialization Failed
2020-01-27T16:20:03, Setup Complete
2020-01-27T16:21:03, Data: 2009-05-14T16:02:03,3.69,25627,2463.00,2473.00,2468.00,-13.36,49.33,-15.17,880.77
2020-01-27T16:19:03, Add row to /TRACKING.csv
2023-03-18T07:45:03, Number of rows in /TRACKING.csv: 4
2020-01-27T16:21:03, Number of rows in /TRACKING.csv is >= 4
2020-01-27T16:19:03, Remove tracking
2020-01-27T16:21:03, Write to /TRANSMIT.csv: 2009-05-14T16:02:03,3.69,2463.00,-13.4,49
2023-03-18T07:45:03, Number of rows in /TRANSMIT.csv: 1
2020-01-27T16:23:03, Current hour = 16, Transmission hour = 1
2020-01-27T16:23:03, Current hour = 16, Transmission hour = 6
2020-01-27T16:23:03, Current hour = 16, Transmission hour = 8
2020-01-27T16:23:03, Current hour = 16, Transmission hour = 10
2020-01-27T16:23:03, Current hour = 16, Transmission hour = 15
2020-01-27T16:23:03, Current hour = 16, Transmission hour = 20
2020-01-27T16:23:03, Current hour = 16, Transmission hour = 22
2020-01-27T16:19:03, Done loop ...
2020-01-27T16:19:03, ... powering down.
2020-01-27T16:19:03, RTC Initialization Failed
2020-01-27T16:20:03, Setup Complete
2020-01-27T16:21:03, Data: 2009-05-14T16:02:03,3.69,25627,2465.00,2476.00,2470.00,-13.08,48.30,-14.97,880.70
2020-01-27T16:19:03, Add row to /TRACKING.csv
2023-03-18T07:45:03, Number of rows in /TRACKING.csv: 1
2020-01-27T16:19:03, Done loop ...
2020-01-27T16:19:03, ... powering down.
2020-01-27T16:19:03, RTC Initialization Failed
2020-01-27T16:20:03, Setup Complete
2020-01-27T16:21:03, Data: 2009-05-14T16:02:03,3.69,25627,2467.00,2476.00,2469.00,-13.40,50.41,-14.91,880.66
2020-01-27T16:19:03, Add row to /TRACKING.csv
2023-03-18T07:45:03, Number of rows in /TRACKING.csv: 2
2020-01-27T16:19:03, Done loop ...
2020-01-27T16:19:03, ... powering down.
2020-01-27T16:19:03, RTC Initialization Failed
2020-01-27T16:20:03, Setup Complete
2020-01-27T16:21:03, Data: 2009-05-14T16:02:03,3.69,25627,2466.00,2484.00,2474.00,-13.20,49.30,-14.70,880.62
2020-01-27T16:19:03, Add row to /TRACKING.csv
2023-03-18T07:45:03, Number of rows in /TRACKING.csv: 3
2020-01-27T16:19:03, Done loop ...
2020-01-27T16:19:03, ... powering down.
2020-01-27T16:19:03, RTC Initialization Failed
2020-01-27T16:20:03, Setup Complete
2020-01-27T16:21:03, Data: 2009-05-14T16:02:03,3.70,25627,2459.00,2474.00,2468.00,-13.06,48.60,-14.85,880.61
2020-01-27T16:19:03, Add row to /TRACKING.csv
2023-03-18T07:45:03, Number of rows in /TRACKING.csv: 4
2020-01-27T16:21:03, Number of rows in /TRACKING.csv is >= 4
2020-01-27T16:19:03, Remove tracking
2020-01-27T16:21:03, Write to /TRANSMIT.csv: 2009-05-14T16:02:03,3.70,2459.00,-13.1,49
2023-03-18T07:45:03, Number of rows in /TRANSMIT.csv: 2
2020-01-27T16:22:03, Current hour = 16, Transmission hour = 1
2020-01-27T16:22:03, Current hour = 16, Transmission hour = 6
2020-01-27T16:22:03, Current hour = 16, Transmission hour = 8
2020-01-27T16:22:03, Current hour = 16, Transmission hour = 10
2020-01-27T16:22:03, Current hour = 16, Transmission hour = 15
2020-01-27T16:22:03, Current hour = 16, Transmission hour = 20
2020-01-27T16:22:03, Current hour = 16, Transmission hour = 22
2020-01-27T16:19:03, Done loop ...
2020-01-27T16:19:03, ... powering down.
2020-01-27T16:19:03, RTC Initialization Failed
2020-01-27T16:20:03, Setup Complete
2020-01-27T16:21:03, Data: 2009-05-14T16:02:03,3.69,25627,2458.00,4995.00,2480.00,-12.63,46.68,-14.52,880.37
2020-01-27T16:19:03, Add row to /TRACKING.csv
2023-03-18T07:45:03, Number of rows in /TRACKING.csv: 1
2020-01-27T16:19:03, Done loop ...
2020-01-27T16:19:03, ... powering down.
2020-01-27T16:19:03, RTC Initialization Failed
2020-01-27T16:20:03, Setup Complete
2020-01-27T16:21:03, Data: 2009-05-14T16:02:03,3.70,25627,2465.00,4993.00,2477.50,-12.89,47.13,-14.49,880.31
2020-01-27T16:19:03, Add row to /TRACKING.csv
2023-03-18T07:45:03, Number of rows in /TRACKING.csv: 2
2020-01-27T16:19:03, Done loop ...
2020-01-27T16:19:03, ... powering down.
2020-01-27T16:19:03, RTC Initialization Failed
2020-01-27T16:20:03, Setup Complete
2020-01-27T16:21:03, Data: 2009-05-14T16:02:03,3.70,25627,2460.00,2476.00,2468.50,-12.71,47.66,-14.46,880.22
2020-01-27T16:19:03, Add row to /TRACKING.csv
2023-03-18T07:45:03, Number of rows in /TRACKING.csv: 3
2020-01-27T16:19:03, Done loop ...
2020-01-27T16:19:03, ... powering down.
2020-01-27T16:19:03, RTC Initialization Failed
2020-01-27T16:20:03, Setup Complete
2020-01-27T16:21:03, Data: 2009-05-14T16:02:03,3.69,25627,2457.00,2469.00,2465.50,-12.87,47.92,-14.58,880.14
2020-01-27T16:19:03, Add row to /TRACKING.csv
2023-03-18T07:45:03, Number of rows in /TRACKING.csv: 4
2020-01-27T16:21:03, Number of rows in /TRACKING.csv is >= 4
2020-01-27T16:19:03, Remove tracking
2020-01-27T16:21:03, Write to /TRANSMIT.csv: 2009-05-14T16:02:03,3.69,2457.00,-12.9,48
2023-03-18T07:45:03, Number of rows in /TRANSMIT.csv: 3
2003-01-30T16:00:03, Current hour = 16, Transmission hour = 1
2003-01-30T16:00:03, Current hour = 16, Transmission hour = 6
2003-01-30T16:00:03, Current hour = 16, Transmission hour = 8
2003-01-30T16:00:03, Current hour = 16, Transmission hour = 10
2003-01-30T16:00:03, Current hour = 16, Transmission hour = 15
2003-01-30T16:00:03, Current hour = 16, Transmission hour = 20
2003-01-30T16:00:03, Current hour = 16, Transmission hour = 22
2020-01-27T16:19:03, Done loop ...
2020-01-27T16:19:03, ... powering down.
2020-01-27T16:19:03, RTC Initialization Failed
2020-01-27T16:20:03, Setup Complete
2020-01-27T16:21:03, Data: 2009-05-14T16:02:03,3.69,25627,2459.00,2469.00,2464.00,-12.91,48.32,-14.57,880.10
2020-01-27T16:19:03, Add row to /TRACKING.csv
2023-03-18T07:45:03, Number of rows in /TRACKING.csv: 1
2020-01-27T16:19:03, Done loop ...
2020-01-27T16:19:03, ... powering down.
2020-01-27T16:19:03, RTC Initialization Failed
2020-01-27T16:20:03, Setup Complete
2020-01-27T16:21:03, Data: 2009-05-14T16:02:03,3.69,25627,2467.00,2480.00,2470.50,-12.32,45.79,-14.19,879.95
2020-01-27T16:19:03, Add row to /TRACKING.csv
2023-03-18T07:45:03, Number of rows in /TRACKING.csv: 2
2020-01-27T16:19:03, Done loop ...
2020-01-27T16:19:03, ... powering down.
2020-01-27T16:19:03, RTC Initialization Failed
2020-01-27T16:20:03, Setup Complete
2020-01-27T16:21:03, Data: 2009-05-14T16:02:03,3.70,25627,2458.00,2478.00,2469.00,-12.49,46.26,-14.15,880.03
2020-01-27T16:19:03, Add row to /TRACKING.csv
2023-03-18T07:45:03, Number of rows in /TRACKING.csv: 3
2020-01-27T16:19:03, Done loop ...
2020-01-27T16:19:03, ... powering down.
2020-01-27T16:19:03, RTC Initialization Failed
2020-01-27T16:20:03, Setup Complete
2020-01-27T16:21:03, Data: 2009-05-14T16:02:03,3.70,25627,2469.00,2479.00,2472.50,-12.59,46.47,-14.14,879.96
2020-01-27T16:19:03, Add row to /TRACKING.csv
2023-03-18T07:45:03, Number of rows in /TRACKING.csv: 4
2020-01-27T16:21:03, Number of rows in /TRACKING.csv is >= 4
2020-01-27T16:19:03, Remove tracking
2020-01-27T16:21:03, Write to /TRANSMIT.csv: 2009-05-14T16:02:03,3.70,2469.00,-12.6,46
2023-03-18T07:45:03, Number of rows in /TRANSMIT.csv: 4
2003-01-30T16:00:03, Current hour = 16, Transmission hour = 1
2003-01-30T16:00:03, Current hour = 16, Transmission hour = 6
2003-01-30T16:00:03, Current hour = 16, Transmission hour = 8
2003-01-30T16:00:03, Current hour = 16, Transmission hour = 10
2003-01-30T16:00:03, Current hour = 16, Transmission hour = 15
2003-01-30T16:00:03, Current hour = 16, Transmission hour = 20
2003-01-30T16:00:03, Current hour = 16, Transmission hour = 22
2020-01-27T16:19:03, Done loop ...
2020-01-27T16:19:03, ... powering down.
2020-01-27T16:19:03, RTC Initialization Failed
2020-01-27T16:20:03, Setup Complete
2020-01-27T16:21:03, Data: 2009-05-14T16:02:03,3.70,25627,2460.00,2471.00,2465.50,-12.50,45.59,-14.14,879.97
2020-01-27T16:19:03, Add row to /TRACKING.csv
2023-03-18T07:45:03, Number of rows in /TRACKING.csv: 1
2020-01-27T16:19:03, Done loop ...
2020-01-27T16:19:03, ... powering down.
2020-01-27T16:19:03, RTC Initialization Failed
2020-01-27T16:20:03, Setup Complete
2020-01-27T16:21:03, Data: 2009-05-14T16:02:03,3.69,25627,2468.00,2476.00,2473.50,-12.26,45.16,-14.19,880.10
2020-01-27T16:19:03, Add row to /TRACKING.csv
2023-03-18T07:45:03, Number of rows in /TRACKING.csv: 2
2020-01-27T16:19:03, Done loop ...
2020-01-27T16:19:03, ... powering down.
2020-01-27T16:19:03, RTC Initialization Failed
2020-01-27T16:20:03, Setup Complete
2020-01-27T16:21:03, Data: 2009-05-14T16:02:03,3.70,25627,2460.00,2470.00,2464.50,-12.49,44.29,-14.34,879.94
2020-01-27T16:19:03, Add row to /TRACKING.csv
2023-03-18T07:45:03, Number of rows in /TRACKING.csv: 3
2020-01-27T16:19:03, Done loop ...
2020-01-27T16:19:03, ... powering down.
2020-01-27T16:19:03, RTC Initialization Failed
2020-01-27T16:20:03, Setup Complete
2020-01-27T16:21:03, Data: 2009-05-14T16:02:03,3.70,25627,2466.00,2473.00,2468.00,-12.25,42.84,-14.27,879.71
2020-01-27T16:19:03, Add row to /TRACKING.csv
2023-03-18T07:45:03, Number of rows in /TRACKING.csv: 4
2020-01-27T16:21:03, Number of rows in /TRACKING.csv is >= 4
2020-01-27T16:19:03, Remove tracking
2020-01-27T16:21:03, Write to /TRANSMIT.csv: 2009-05-14T16:02:03,3.70,2466.00,-12.2,43
2023-03-18T07:45:03, Number of rows in /TRANSMIT.csv: 5
2003-01-30T16:00:03, Current hour = 16, Transmission hour = 1
2001-03-26T16:00:03, 1416024246-13449:246-13149:246-12948:247-12646:247-12243
2020-01-27T16:25:03,  - attempt to send message: 1416024246-13449:246-13149:246-12948:247-12646:247-12243
2020-01-27T16:22:03,  - Modem begin successful
2020-01-27T16:22:03,  - Sending...
2020-01-27T16:22:03,  - Send response: 
2020-01-27T16:22:03,   - Sync clocks... 
2020-01-27T16:25:03,  - Arduino Old Time: 2000-00-20T00:84:03
2020-01-27T16:24:03,  - Arduino New Time: 2002-00-10T19:21:03
2020-01-27T16:21:03, Message sent! Removing /TRANSMIT.csv
2020-01-27T16:19:03, Done loop ...
2020-01-27T16:19:03, ... powering down.
2020-01-27T16:19:03, RTC Initialization Failed
2020-01-27T16:20:03, Setup Complete
2020-01-27T16:21:03, Data: 2009-05-14T16:02:03,3.69,25627,2471.00,2500.00,2479.50,-12.32,43.35,-14.09,879.65
2020-01-27T16:19:03, Add row to /TRACKING.csv
2023-03-18T07:45:03, Number of rows in /TRACKING.csv: 1
2020-01-27T16:19:03, Done loop ...
2020-01-27T16:19:03, ... powering down.
2020-01-27T16:19:03, RTC Initialization Failed
2020-01-27T16:20:03, Setup Complete
2020-01-27T16:21:03, Data: 2009-05-14T16:02:03,3.69,25627,2466.00,2483.00,2475.50,-12.14,41.72,-13.99,879.70
2020-01-27T16:19:03, Add row to /TRACKING.csv
2023-03-18T07:45:03, Number of rows in /TRACKING.csv: 2
2020-01-27T16:19:03, Done loop ...
2020-01-27T16:19:03, ... powering down.
2020-01-27T16:19:03, RTC Initialization Failed
2020-01-27T16:20:03, Setup Complete
2020-01-27T16:21:03, Data: 2009-05-14T16:02:03,3.70,25627,2470.00,2477.00,2473.00,-12.60,43.93,-13.94,879.55
2020-01-27T16:19:03, Add row to /TRACKING.csv
2023-03-18T07:45:03, Number of rows in /TRACKING.csv: 3
2020-01-27T16:19:03, Done loop ...
2020-01-27T16:19:03, ... powering down.
2020-01-27T16:19:03, RTC Initialization Failed
2020-01-27T16:20:03, Setup Complete
2020-01-27T16:21:03, Data: 2009-05-14T16:02:03,3.70,25627,2464.00,2472.00,2468.00,-12.37,43.28,-13.98,879.53
2020-01-27T16:19:03, Add row to /TRACKING.csv
2023-03-18T07:45:03, Number of rows in /TRACKING.csv: 4
2020-01-27T16:21:03, Number of rows in /TRACKING.csv is >= 4
2020-01-27T16:19:03, Remove tracking
2020-01-27T16:21:03, Write to /TRANSMIT.csv: 2009-05-14T16:02:03,3.70,2464.00,-12.4,43
2023-03-18T07:45:03, Number of rows in /TRANSMIT.csv: 1
2020-01-27T16:23:03, Current hour = 16, Transmission hour = 1
2020-01-27T16:23:03, Current hour = 16, Transmission hour = 6
2020-01-27T16:23:03, Current hour = 16, Transmission hour = 8
2020-01-27T16:23:03, Current hour = 16, Transmission hour = 10
2020-01-27T16:23:03, Current hour = 16, Transmission hour = 15
2020-01-27T16:23:03, Current hour = 16, Transmission hour = 20
2020-01-27T16:23:03, Current hour = 16, Transmission hour = 22
2020-01-27T16:19:03, Done loop ...
2020-01-27T16:19:03, ... powering down.
2020-01-27T16:19:03, RTC Initialization Failed
2020-01-27T16:20:03, Setup Complete
2020-01-27T16:21:03, Data: 2009-05-14T16:02:03,3.70,25627,2469.00,4994.00,2474.00,-12.63,44.20,-14.02,879.52
2020-01-27T16:19:03, Add row to /TRACKING.csv
2023-03-18T07:45:03, Number of rows in /TRACKING.csv: 1
2020-01-27T16:19:03, Done loop ...
2020-01-27T16:19:03, ... powering down.
2020-01-27T16:19:03, RTC Initialization Failed
2020-01-27T16:20:03, Setup Complete
2020-01-27T16:21:03, Data: 2009-05-14T16:02:03,3.70,25627,2469.00,2480.00,2473.00,-12.21,41.10,-14.03,879.55
2020-01-27T16:19:03, Add row to /TRACKING.csv
2023-03-18T07:45:03, Number of rows in /TRACKING.csv: 2
2020-01-27T16:19:03, Done loop ...
2020-01-27T16:19:03, ... powering down.
2020-01-27T16:19:03, RTC Initialization Failed
2020-01-27T16:20:03, Setup Complete
2020-01-27T16:21:03, Data: 2009-05-14T16:02:03,3.70,25627,2470.00,4993.00,2472.50,-12.39,41.56,-14.00,879.40
2020-01-27T16:19:03, Add row to /TRACKING.csv
2023-03-18T07:45:03, Number of rows in /TRACKING.csv: 3
2020-01-27T16:19:03, Done loop ...
2020-01-27T16:19:03, ... powering down.
2020-01-27T16:19:03, RTC Initialization Failed
2020-01-27T16:20:03, Setup Complete
2020-01-27T16:21:03, Data: 2009-05-14T16:02:03,3.70,25627,2469.00,2493.00,2475.00,-12.08,39.84,-13.95,879.31
2020-01-27T16:19:03, Add row to /TRACKING.csv
2023-03-18T07:45:03, Number of rows in /TRACKING.csv: 4
2020-01-27T16:21:03, Number of rows in /TRACKING.csv is >= 4
2020-01-27T16:19:03, Remove tracking
2020-01-27T16:21:03, Write to /TRANSMIT.csv: 2009-05-14T16:02:03,3.70,2469.00,-12.1,40
2023-03-18T07:45:03, Number of rows in /TRANSMIT.csv: 2
2020-01-27T16:22:03, Current hour = 16, Transmission hour = 1
2020-01-27T16:22:03, Current hour = 16, Transmission hour = 6
2020-01-27T16:22:03, Current hour = 16, Transmission hour = 8
2020-01-27T16:22:03, Current hour = 16, Transmission hour = 10
2020-01-27T16:22:03, Current hour = 16, Transmission hour = 15
2020-01-27T16:22:03, Current hour = 16, Transmission hour = 20
2020-01-27T16:22:03, Current hour = 16, Transmission hour = 22
2020-01-27T16:19:03, Done loop ...
2020-01-27T16:19:03, ... powering down.
2020-01-27T16:19:03, RTC Initialization Failed
2020-01-27T16:20:03, Setup Complete
2020-01-27T16:21:03, Data: 2009-05-14T16:02:03,3.70,25627,2466.00,2477.00,2472.50,-12.45,40.00,-14.18,879.22
2020-01-27T16:19:03, Add row to /TRACKING.csv
2023-03-18T06:25:03, Number of rows in /TRACKING.csv: 1
2020-01-27T16:19:03, Done loop ...
2020-01-27T16:19:03, ... powering down.
2020-01-27T16:19:03, RTC Initialization Failed
2020-01-27T16:20:03, Setup Complete
2020-01-27T16:21:03, Data: 2009-05-14T16:02:03,3.70,25627,2468.00,2480.00,2473.00,-12.36,39.94,-14.14,879.08
2020-01-27T16:19:03, Add row to /TRACKING.csv
2023-03-18T07:45:03, Number of rows in /TRACKING.csv: 2
2020-01-27T16:19:03, Done loop ...
2020-01-27T16:19:03, ... powering down.
2020-01-27T16:19:03, RTC Initialization Failed
2020-01-27T16:20:03, Setup Complete
2020-01-27T16:21:03, Data: 2009-05-14T16:02:03,3.70,25627,2471.00,2494.00,2477.00,-12.49,38.72,-14.21,879.06
2020-01-27T16:19:03, Add row to /TRACKING.csv
2023-03-18T07:45:03, Number of rows in /TRACKING.csv: 3
2020-01-27T16:19:03, Done loop ...
2020-01-27T16:19:03, ... powering down.
2020-01-27T16:19:03, RTC Initialization Failed
2020-01-27T16:20:03, Setup Complete
2020-01-27T16:21:03, Data: 2009-05-14T16:02:03,3.69,25627,2467.00,2475.00,2471.00,-12.59,40.33,-14.27,879.04
2020-01-27T16:19:03, Add row to /TRACKING.csv
2023-03-18T07:45:03, Number of rows in /TRACKING.csv: 4
2020-01-27T16:21:03, Number of rows in /TRACKING.csv is >= 4
2020-01-27T16:19:03, Remove tracking
2020-01-27T16:21:03, Write to /TRANSMIT.csv: 2009-05-14T16:02:03,3.69,2467.00,-12.6,40
2023-03-18T07:45:03, Number of rows in /TRANSMIT.csv: 3
2003-01-30T16:00:03, Current hour = 16, Transmission hour = 1
2003-01-30T16:00:03, Current hour = 16, Transmission hour = 6
2003-01-30T16:00:03, Current hour = 16, Transmission hour = 8
2003-01-30T16:00:03, Current hour = 16, Transmission hour = 10
2003-01-30T16:00:03, Current hour = 16, Transmission hour = 15
2003-01-30T16:00:03, Current hour = 16, Transmission hour = 20
2003-01-30T16:00:03, Current hour = 16, Transmission hour = 22
2020-01-27T16:19:03, Done loop ...
2020-01-27T16:19:03, ... powering down.
2020-01-27T16:19:03, RTC Initialization Failed
2020-01-27T16:20:03, Setup Complete
2020-01-27T16:21:03, Data: 2009-05-14T16:02:03,3.69,25627,2466.00,2482.00,2475.50,-12.60,40.94,-14.28,878.90
2020-01-27T16:19:03, Add row to /TRACKING.csv
2023-03-18T07:45:03, Number of rows in /TRACKING.csv: 1
2020-01-27T16:19:03, Done loop ...
2020-01-27T16:19:03, ... powering down.
2020-01-27T16:19:03, RTC Initialization Failed
2020-01-27T16:20:03, Setup Complete
2020-01-27T16:21:03, Data: 2009-05-14T16:02:03,3.70,25627,2467.00,2476.00,2470.50,-12.63,39.06,-14.40,878.87
2020-01-27T16:19:03, Add row to /TRACKING.csv
2023-03-18T07:45:03, Number of rows in /TRACKING.csv: 2
2020-01-27T16:19:03, Done loop ...
2020-01-27T16:19:03, ... powering down.
2020-01-27T16:19:03, RTC Initialization Failed
2020-01-27T16:20:03, Setup Complete
2020-01-27T16:21:03, Data: 2009-05-14T16:02:03,3.69,25627,2471.00,2480.00,2475.00,-12.46,39.16,-14.18,878.75
2020-01-27T16:19:03, Add row to /TRACKING.csv
2023-03-08T07:45:03, Number of rows in /TRACKING.csv: 3
2020-01-27T16:19:03, Done loop ...
2020-01-27T16:19:03, ... powering down.
2020-01-27T16:19:03, RTC Initialization Failed
2020-01-27T16:20:03, Setup Complete
2020-01-27T16:21:03, Data: 2009-05-14T16:02:03,3.69,25627,2472.00,2478.00,2473.50,-12.60,40.20,-14.29,878.69
2020-01-27T16:19:03, Add row to /TRACKING.csv
2023-03-18T07:45:03, Number of rows in /TRACKING.csv: 4
2020-01-27T16:21:03, Number of rows in /TRACKING.csv is >= 4
2020-01-27T16:19:03, Remove tracking
2020-01-27T16:21:03, Write to /TRANSMIT.csv: 2009-05-14T16:02:03,3.69,2472.00,-12.6,40
2023-03-18T07:45:03, Number of rows in /TRANSMIT.csv: 4
2003-01-30T16:00:03, Current hour = 16, Transmission hour = 1
2003-01-30T16:00:03, Current hour = 16, Transmission hour = 6
2003-01-30T16:00:03, Current hour = 16, Transmission hour = 8
2003-01-30T16:00:03, Current hour = 16, Transmission hour = 10
2003-01-30T16:00:03, Current hour = 16, Transmission hour = 15
2003-01-30T16:00:03, Current hour = 16, Transmission hour = 20
2003-01-30T16:00:03, Current hour = 16, Transmission hour = 22
2020-01-27T16:19:03, Done loop ...
2020-01-27T16:19:03, ... powering down.
2020-01-27T16:19:03, RTC Initialization Failed
2020-01-27T16:20:03, Setup Complete
2020-01-27T16:21:03, Data: 2009-05-14T16:02:03,3.69,25627,2468.00,2476.00,2472.00,-12.77,40.51,-14.46,878.64
2020-01-27T16:19:03, Add row to /TRACKING.csv
2023-03-18T07:45:03, Number of rows in /TRACKING.csv: 1
2020-01-27T16:19:03, Done loop ...
2020-01-27T16:19:03, ... powering down.
2020-01-27T16:19:03, RTC Initialization Failed
2020-01-27T16:20:03, Setup Complete
2020-01-27T16:21:03, Data: 2009-05-14T16:02:03,3.69,25627,2463.00,2474.00,2469.50,-12.84,40.39,-14.67,878.58
2020-01-27T16:19:03, Add row to /TRACKING.csv
2023-03-18T07:45:03, Number of rows in /TRACKING.csv: 2
2020-01-27T16:19:03, Done loop ...
2020-01-27T16:19:03, ... powering down.
2020-01-27T16:19:03, RTC Initialization Failed
2020-01-27T16:20:03, Setup Complete
2020-01-27T16:21:03, Data: 2009-05-14T16:02:03,3.69,25627,2467.00,2480.00,2473.50,-12.57,39.04,-14.51,878.68
2020-01-27T16:19:03, Add row to /TRACKING.csv
2023-03-18T07:45:03, Number of rows in /TRACKING.csv: 3
2020-01-27T16:19:03, Done loop ...
2020-01-27T16:19:03, ... powering down.
2020-01-27T16:19:03, RTC Initialization Failed
2020-01-27T16:20:03, Setup Complete
2020-01-27T16:21:03, Data: 2004-06-14T16:00:03,3.70,25627,2467.00,2480.00,2475.00,-12.42,38.78,-14.40,878.61
2020-01-27T16:19:03, Add row to /TRACKING.csv
2023-03-18T07:45:03, Number of rows in /TRACKING.csv: 4
2020-01-27T16:21:03, Number of rows in /TRACKING.csv is >= 4
2020-01-27T16:19:03, Remove tracking
2020-01-27T16:21:03, Write to /TRANSMIT.csv: 2004-06-14T16:00:03,3.70,2467.00,-12.4,39
2023-03-18T07:45:03, Number of rows in /TRANSMIT.csv: 5
2003-01-30T16:00:03, Current hour = 16, Transmission hour = 1
2001-03-26T16:00:03, 1416024246-12443:247-12140:247-12640:247-12640:247-12439
2020-01-27T16:25:03,  - attempt to send message: 1416024246-12443:247-12140:247-12640:247-12640:247-12439
2020-01-27T16:21:03,  - Modem begin successful
2020-01-27T16:21:03,  - Sending...
2020-01-27T16:21:03,  - Send response: 
2020-01-27T16:22:03,   - Sync clocks... 
2020-01-27T16:25:03,  - Arduino Old Time: 2000-00-20T00:84:03
2020-01-27T16:24:03,  - Arduino New Time: 2002-00-15T55:40:03
2020-01-27T16:21:03, Message sent! Removing /TRANSMIT.csv
2020-01-27T16:19:03, Done loop ...
2020-01-27T16:19:03, ... powering down.
2020-01-27T16:19:03, RTC Initialization Failed
2020-01-27T16:20:03, Setup Complete
2020-01-27T16:21:03, Data: 2009-05-14T16:02:03,3.70,25627,2464.00,2472.00,2468.00,-11.99,36.54,-14.03,878.64
2020-01-27T16:19:03, Add row to /TRACKING.csv
2023-03-18T07:45:03, Number of rows in /TRACKING.csv: 1
2020-01-27T16:19:03, Done loop ...
2020-01-27T16:19:03, ... powering down.
2020-01-27T16:19:03, RTC Initialization Failed
2020-01-27T16:20:03, Setup Complete
2020-01-27T16:21:03, Data: 2009-05-14T16:02:03,3.71,25627,2465.00,2475.00,2471.00,-11.64,31.95,-13.80,878.63
2020-01-27T16:19:03, Add row to /TRACKING.csv
2023-03-08T07:45:03, Number of rows in /TRACKING.csv: 2
2020-01-27T16:19:03, Done loop ...
2020-01-27T16:19:03, ... powering down.
2020-01-27T16:19:03, RTC Initialization Failed
2020-01-27T16:20:03, Setup Complete
2020-01-27T16:21:03, Data: 2009-05-14T16:02:03,3.76,25627,2471.00,2479.00,2477.50,-11.29,32.81,-13.22,878.74
2020-01-27T16:19:03, Add row to /TRACKING.csv
2023-03-18T07:45:03, Number of rows in /TRACKING.csv: 3
2020-01-27T16:19:03, Done loop ...
2020-01-27T16:19:03, ... powering down.
2020-01-27T16:19:03, RTC Initialization Failed
2020-01-27T16:20:03, Setup Complete
2020-01-27T16:20:03, Data: 2009-05-14T16:02:03,3.99,25627,2492.00,2500.00,2496.00,-8.80,29.67,-7.38,878.94
2020-01-27T16:19:03, Add row to /TRACKING.csv
2023-03-18T07:45:03, Number of rows in /TRACKING.csv: 4
2020-01-27T16:21:03, Number of rows in /TRACKING.csv is >= 4
2020-01-27T16:19:03, Remove tracking
2020-01-27T16:20:03, Write to /TRANSMIT.csv: 2009-05-14T16:02:03,3.99,2492.00,-8.8,30
2023-03-18T07:45:03, Number of rows in /TRANSMIT.csv: 1
2003-01-30T16:00:03, Current hour = 16, Transmission hour = 1
2003-01-30T16:00:03, Current hour = 16, Transmission hour = 6
2003-01-30T16:00:03, Current hour = 16, Transmission hour = 8
2003-01-30T16:00:03, Current hour = 16, Transmission hour = 10
2003-01-30T16:00:03, Current hour = 16, Transmission hour = 15
2003-01-30T16:00:03, Current hour = 16, Transmission hour = 20
2003-01-30T16:00:03, Current hour = 16, Transmission hour = 22
2020-01-27T16:19:03, Done loop ...
2020-01-27T16:19:03, ... powering down.
2020-01-27T16:19:03, RTC Initialization Failed
2020-01-27T16:20:03, Setup Complete
2020-01-27T16:20:03, Data: 2009-05-14T16:02:03,3.99,25627,2497.00,2521.00,2512.50,-7.44,28.01,-5.10,878.91
2020-01-27T16:19:03, Add row to /TRACKING.csv
2023-03-18T06:25:03, Number of rows in /TRACKING.csv: 1
2020-01-27T16:19:03, Done loop ...
2020-01-27T16:19:03, ... powering down.
2020-01-27T16:19:03, RTC Initialization Failed
2020-01-27T16:20:03, Setup Complete
2020-01-27T16:20:03, Data: 2009-05-14T16:02:03,3.99,25627,2513.00,2528.00,2521.50,-6.18,25.89,-1.17,879.04
2020-01-27T16:19:03, Add row to /TRACKING.csv
2023-03-08T07:45:03, Number of rows in /TRACKING.csv: 2
2020-01-27T16:19:03, Done loop ...
2020-01-27T16:19:03, ... powering down.
2020-01-27T16:19:03, RTC Initialization Failed
2020-01-27T16:20:03, Setup Complete
2020-01-27T16:21:03, Data: 2009-05-14T16:02:03,3.99,25627,2531.00,2544.00,2538.00,-6.54,23.02,2.19,879.02
2020-01-27T16:19:03, Add row to /TRACKING.csv
2023-03-18T06:25:03, Number of rows in /TRACKING.csv: 3
2020-01-27T16:19:03, Done loop ...
2020-01-27T16:19:03, ... powering down.
2020-01-27T16:19:03, RTC Initialization Failed
2020-01-27T16:20:03, Setup Complete
2020-01-27T16:21:03, Data: 2000-01-19T16:11:03,4.00,25627,2531.00,2546.00,2536.50,-6.30,23.17,4.12,878.97
2020-01-27T16:19:03, Add row to /TRACKING.csv
2023-03-18T06:25:03, Number of rows in /TRACKING.csv: 4
2020-01-27T16:21:03, Number of rows in /TRACKING.csv is >= 4
2020-01-27T16:19:03, Remove tracking
2020-01-27T16:21:03, Write to /TRANSMIT.csv: 2000-01-19T16:11:03,4.00,2531.00,-6.3,23
2001-01-21T16:00:03, Number of rows in /TRANSMIT.csv: 2
2003-01-30T16:00:03, Current hour = 16, Transmission hour = 1
2003-01-30T16:00:03, Current hour = 16, Transmission hour = 6
2003-01-30T16:00:03, Current hour = 16, Transmission hour = 8
2003-01-30T16:00:03, Current hour = 16, Transmission hour = 10
2003-01-30T16:00:03, Current hour = 16, Transmission hour = 15
2003-01-30T16:00:03, Current hour = 16, Transmission hour = 20
2003-01-30T16:00:03, Current hour = 16, Transmission hour = 22
2020-01-27T16:19:03, Done loop ...
2020-01-27T16:19:03, ... powering down.
2020-01-27T16:19:03, RTC Initialization Failed
2020-01-27T16:20:03, Setup Complete
2020-01-27T16:21:03, Data: 2000-01-19T16:11:03,3.99,25627,2527.00,2548.00,2536.50,-5.59,26.21,5.03,879.18
2020-01-27T16:19:03, Add row to /TRACKING.csv
2023-03-18T07:45:03, Number of rows in /TRACKING.csv: 1
2020-01-27T16:19:03, Done loop ...
2020-01-27T16:19:03, ... powering down.
2020-01-27T16:19:03, RTC Initialization Failed
2020-01-27T16:20:03, Setup Complete
2020-01-27T16:21:03, Data: 2009-05-14T16:02:03,3.99,25627,2541.00,2551.00,2544.50,-4.70,28.29,5.24,879.21
2020-01-27T16:19:03, Add row to /TRACKING.csv
2023-03-18T06:25:03, Number of rows in /TRACKING.csv: 2
2020-01-27T16:19:03, Done loop ...
2020-01-27T16:19:03, ... powering down.
2020-01-27T16:19:03, RTC Initialization Failed
2020-01-27T16:20:03, Setup Complete
2020-01-27T16:21:03, Data: 2009-05-14T16:02:03,3.99,25627,2522.00,2542.00,2535.00,-5.39,22.50,3.64,879.22
2020-01-27T16:19:03, Add row to /TRACKING.csv
2023-03-08T06:25:03, Number of rows in /TRACKING.csv: 3
2020-01-27T16:19:03, Done loop ...
2020-01-27T16:19:03, ... powering down.
2020-01-27T16:19:03, RTC Initialization Failed
2020-01-27T16:20:03, Setup Complete
2020-01-27T16:21:03, Data: 2009-05-14T16:02:03,3.99,25627,2534.00,2544.00,2539.00,-3.94,22.88,3.32,879.38
2020-01-27T16:19:03, Add row to /TRACKING.csv
2023-03-08T06:25:03, Number of rows in /TRACKING.csv: 4
2020-01-27T16:21:03, Number of rows in /TRACKING.csv is >= 4
2020-01-27T16:19:03, Remove tracking
2020-01-27T16:21:03, Write to /TRANSMIT.csv: 2009-05-14T16:02:03,3.99,2534.00,-3.9,23
2023-03-08T06:25:03, Number of rows in /TRANSMIT.csv: 3
2020-01-27T16:21:03, Current hour = 16, Transmission hour = 1
2020-01-27T16:21:03, Current hour = 16, Transmission hour = 6
2020-01-27T16:21:03, Current hour = 16, Transmission hour = 8
2020-01-27T16:21:03, Current hour = 16, Transmission hour = 10
2020-01-27T16:21:03, Current hour = 16, Transmission hour = 15
2020-01-27T16:21:03, Current hour = 16, Transmission hour = 20
2020-01-27T16:21:03, Current hour = 16, Transmission hour = 22
2020-01-27T16:19:03, Done loop ...
2020-01-27T16:19:03, ... powering down.
2020-01-27T16:19:03, RTC Initialization Failed
2020-01-27T16:20:03, Setup Complete
2020-01-27T16:21:03, Data: 2009-05-14T16:02:03,4.00,25627,2535.00,2545.00,2540.50,-4.36,19.39,3.56,879.29
2020-01-27T16:19:03, Add row to /TRACKING.csv
2011-11-25T17:24:03, Number of rows in /TRACKING.csv: 1
2020-01-27T16:19:03, Done loop ...
2020-01-27T16:19:03, ... powering down.
2020-01-27T16:19:03, RTC Initialization Failed
2020-01-27T16:20:03, Setup Complete
2020-01-27T16:21:03, Data: 2009-05-14T16:02:03,4.00,25627,2532.00,2555.00,2540.50,-4.50,19.82,4.17,879.30
2020-01-27T16:19:03, Add row to /TRACKING.csv
2023-03-18T06:25:03, Number of rows in /TRACKING.csv: 2
2020-01-27T16:19:03, Done loop ...
2020-01-27T16:19:03, ... powering down.
2020-01-27T16:19:03, RTC Initialization Failed
2020-01-27T16:20:03, Setup Complete
2020-01-27T16:21:03, Data: 2009-05-14T16:02:03,4.00,25627,2535.00,2548.00,2542.50,-3.81,19.40,4.74,879.27
2020-01-27T16:19:03, Add row to /TRACKING.csv
2023-03-18T06:25:03, Number of rows in /TRACKING.csv: 3
2020-01-27T16:19:03, Done loop ...
2020-01-27T16:19:03, ... powering down.
2020-01-27T16:19:03, RTC Initialization Failed
2020-01-27T16:20:03, Setup Complete
2020-01-27T16:21:03, Data: 2009-05-14T16:02:03,3.99,25627,2551.00,2572.00,2567.00,0.30,24.32,6.07,879.16
2020-01-27T16:19:03, Add row to /TRACKING.csv
2023-03-08T06:25:03, Number of rows in /TRACKING.csv: 4
2020-01-27T16:21:03, Number of rows in /TRACKING.csv is >= 4
2020-01-27T16:19:03, Remove tracking
2020-01-27T16:20:03, Write to /TRANSMIT.csv: 2009-05-14T16:02:03,3.99,2551.00,0.3,24
2023-03-08T06:25:03, Number of rows in /TRANSMIT.csv: 4
2020-01-27T16:21:03, Current hour = 16, Transmission hour = 1
2020-01-27T16:21:03, Current hour = 16, Transmission hour = 6
2020-01-27T16:21:03, Current hour = 16, Transmission hour = 8
2020-01-27T16:21:03, Current hour = 16, Transmission hour = 10
2020-01-27T16:21:03, Current hour = 16, Transmission hour = 15
2020-01-27T16:21:03, Current hour = 16, Transmission hour = 20
2020-01-27T16:21:03, Current hour = 16, Transmission hour = 22
2020-01-27T16:19:03, Done loop ...
2020-01-27T16:19:03, ... powering down.
2020-01-27T16:19:03, RTC Initialization Failed
2020-01-27T16:20:03, Setup Complete
2020-01-27T16:21:03, Data: 2009-05-14T16:02:03,3.99,25627,2555.00,2573.00,2564.50,0.02,26.33,6.28,879.20
2020-01-27T16:19:03, Add row to /TRACKING.csv
2023-03-18T06:25:03, Number of rows in /TRACKING.csv: 1
2020-01-27T16:19:03, Done loop ...
2020-01-27T16:19:03, ... powering down.
2020-01-27T16:19:03, RTC Initialization Failed
2020-01-27T16:20:03, Setup Complete
2020-01-27T16:21:03, Data: 2000-01-19T16:11:03,3.99,25627,2534.00,2567.00,2556.50,-3.52,35.15,6.65,878.87
2020-01-27T16:19:03, Add row to /TRACKING.csv
2023-03-18T06:25:03, Number of rows in /TRACKING.csv: 2
2020-01-27T16:19:03, Done loop ...
2020-01-27T16:19:03, ... powering down.
2020-01-27T16:19:03, RTC Initialization Failed
2020-01-27T16:20:03, Setup Complete
2020-01-27T16:21:03, Data: 2009-05-14T16:02:03,3.99,25627,2545.00,2565.00,2553.50,-0.04,30.52,7.05,879.08
2020-01-27T16:19:03, Add row to /TRACKING.csv
2023-03-18T06:25:03, Number of rows in /TRACKING.csv: 3
2020-01-27T16:19:03, Done loop ...
2020-01-27T16:19:03, ... powering down.
2020-01-27T16:19:03, RTC Initialization Failed
2020-01-27T16:20:03, Setup Complete
2020-01-27T16:21:03, Data: 2009-05-14T16:02:03,3.99,25627,2557.00,2570.00,2562.00,1.53,26.64,7.69,879.08
2020-01-27T16:19:03, Add row to /TRACKING.csv
2023-03-18T06:25:03, Number of rows in /TRACKING.csv: 4
2020-01-27T16:21:03, Number of rows in /TRACKING.csv is >= 4
2020-01-27T16:19:03, Remove tracking
2020-01-27T16:20:03, Write to /TRANSMIT.csv: 2009-05-14T16:02:03,3.99,2557.00,1.5,27
2023-03-18T06:25:03, Number of rows in /TRANSMIT.csv: 5
2003-01-30T16:00:03, Current hour = 16, Transmission hour = 1
2001-03-26T16:00:03, 1416026249-08830:253-06323:253-03923:255+00324:256+01527
2020-01-27T16:24:03,  - attempt to send message: 1416026249-08830:253-06323:253-03923:255+00324:256+01527
2020-01-27T16:21:03,  - Modem begin successful
2020-01-27T16:21:03,  - Sending...
2020-01-27T16:21:03,  - Send response: 
2020-01-27T16:21:03,   - Sync clocks... 
2020-01-27T16:24:03,  - Arduino Old Time: 2000-00-20T00:84:03
2020-01-27T16:24:03,  - Arduino New Time: 2002-00-21T31:10:03
2020-01-27T16:24:03, Message sent! Removing /TRANSMIT.csv
2020-01-27T16:19:03, Done loop ...
2020-01-27T16:19:03, ... powering down.
2020-01-27T16:19:03, RTC Initialization Failed
2020-01-27T16:20:03, Setup Complete
2020-01-27T16:21:03, Data: 2009-05-14T16:02:03,4.00,25627,2551.00,2573.00,2559.50,-0.66,34.21,7.77,878.91
2020-01-27T16:19:03, Add row to /TRACKING.csv
2023-03-18T06:25:03, Number of rows in /TRACKING.csv: 1
2020-01-27T16:19:03, Done loop ...
2020-01-27T16:19:03, ... powering down.
2020-01-27T16:19:03, RTC Initialization Failed
2020-01-27T16:20:03, Setup Complete
2020-01-27T16:21:03, Data: 2009-05-14T16:02:03,4.00,25627,2539.00,2556.00,2547.00,-0.36,36.90,7.77,878.87
2020-01-27T16:19:03, Add row to /TRACKING.csv
2023-03-18T06:25:03, Number of rows in /TRACKING.csv: 2
2020-01-27T16:19:03, Done loop ...
2020-01-27T16:19:03, ... powering down.
2020-01-27T16:19:03, RTC Initialization Failed
2020-01-27T16:20:03, Setup Complete
2043-04-29T09:31:47, Data: 2009-05-14T16:02:03,3.99,25627,2534.00,2548.00,2542.50,-1.90,40.89,7.50,878.59
2020-01-27T16:19:03, Add row to /TRACKING.csv
2023-03-08T06:25:03, Number of rows in /TRACKING.csv: 3
2020-01-27T16:19:03, Done loop ...
2020-01-27T16:19:03, ... powering down.
2020-01-27T16:19:03, RTC Initialization Failed
2020-01-27T16:20:03, Setup Complete
2020-01-27T16:21:03, Data: 2009-05-14T16:02:03,3.99,25627,2533.00,2547.00,2536.50,1.03,33.98,7.32,878.45
2020-01-27T16:19:03, Add row to /TRACKING.csv
2023-03-18T06:25:03, Number of rows in /TRACKING.csv: 4
2020-01-27T16:21:03, Number of rows in /TRACKING.csv is >= 4
2020-01-27T16:19:03, Remove tracking
2020-01-27T16:20:03, Write to /TRANSMIT.csv: 2009-05-14T16:02:03,3.99,2533.00,1.0,34
2023-03-18T06:25:03, Number of rows in /TRANSMIT.csv: 1
2020-01-27T16:23:03, Current hour = 16, Transmission hour = 1
2020-01-27T16:23:03, Current hour = 16, Transmission hour = 6
2020-01-27T16:23:03, Current hour = 16, Transmission hour = 8
2020-01-27T16:23:03, Current hour = 16, Transmission hour = 10
2020-01-27T16:23:03, Current hour = 16, Transmission hour = 15
2020-01-27T16:23:03, Current hour = 16, Transmission hour = 20
2020-01-27T16:23:03, Current hour = 16, Transmission hour = 22
2020-01-27T16:19:03, Done loop ...
2020-01-27T16:19:03, ... powering down.
2020-01-27T16:19:03, RTC Initialization Failed
2020-01-27T16:20:03, Setup Complete
2020-01-27T16:21:03, Data: 2009-05-14T16:02:03,4.00,25627,2525.00,2543.00,2536.50,1.70,34.53,7.02,878.46
2020-01-27T16:19:03, Add row to /TRACKING.csv
2023-03-18T06:25:03, Number of rows in /TRACKING.csv: 1
2020-01-27T16:19:03, Done loop ...
2020-01-27T16:19:03, ... powering down.
2020-01-27T16:19:03, RTC Initialization Failed
2020-01-27T16:20:03, Setup Complete
2020-01-27T16:21:03, Data: 2009-05-14T16:02:03,3.88,25627,2509.00,2524.00,2515.00,-2.07,41.03,6.25,878.35
2020-01-27T16:19:03, Add row to /TRACKING.csv
2023-03-18T06:25:03, Number of rows in /TRACKING.csv: 2
2020-01-27T16:19:03, Done loop ...
2020-01-27T16:19:03, ... powering down.
2020-01-27T16:19:03, RTC Initialization Failed
2020-01-27T16:20:03, Setup Complete
2020-01-27T16:21:03, Data: 2009-05-14T16:02:03,3.88,25627,2508.00,2518.00,2513.00,0.13,34.45,6.04,878.30
2020-01-27T16:19:03, Add row to /TRACKING.csv
2023-03-08T06:25:03, Number of rows in /TRACKING.csv: 3
2020-01-27T16:19:03, Done loop ...
2020-01-27T16:19:03, ... powering down.
2020-01-27T16:19:03, RTC Initialization Failed
2020-01-27T16:20:03, Setup Complete
2020-01-27T16:21:03, Data: 2009-05-14T16:02:03,4.00,25627,2493.00,2509.00,2504.00,-3.04,41.89,4.51,878.23
2020-01-27T16:19:03, Add row to /TRACKING.csv
2023-03-18T06:25:03, Number of rows in /TRACKING.csv: 4
2020-01-27T16:21:03, Number of rows in /TRACKING.csv is >= 4
2020-01-27T16:19:03, Remove tracking
2020-01-27T16:21:03, Write to /TRANSMIT.csv: 2009-05-14T16:02:03,4.00,2493.00,-3.0,42
2023-03-18T06:25:03, Number of rows in /TRANSMIT.csv: 2
2003-01-30T16:00:03, Current hour = 16, Transmission hour = 1
2003-01-30T16:00:03, Current hour = 16, Transmission hour = 6
2003-01-30T16:00:03, Current hour = 16, Transmission hour = 8
2003-01-30T16:00:03, Current hour = 16, Transmission hour = 10
2003-01-30T16:00:03, Current hour = 16, Transmission hour = 15
2003-01-30T16:00:03, Current hour = 16, Transmission hour = 20
2003-01-30T16:00:03, Current hour = 16, Transmission hour = 22
2020-01-27T16:19:03, Done loop ...
2020-01-27T16:19:03, ... powering down.
2020-01-27T16:19:03, RTC Initialization Failed
2020-01-27T16:20:03, Setup Complete
2020-01-27T16:21:03, Data: 2009-05-14T16:02:03,3.99,25627,2493.00,2501.00,2495.00,-4.33,42.84,2.68,878.20
2020-01-27T16:19:03, Add row to /TRACKING.csv
2023-03-18T06:25:03, Number of rows in /TRACKING.csv: 1
2020-01-27T16:19:03, Done loop ...
2020-01-27T16:19:03, ... powering down.
2020-01-27T16:19:03, RTC Initialization Failed
2020-01-27T16:20:03, Setup Complete
2020-01-27T16:21:03, Data: 2009-05-14T16:02:03,3.88,25627,2504.00,2519.00,2511.00,-1.15,35.64,1.91,878.37
2020-01-27T16:19:03, Add row to /TRACKING.csv
2023-03-18T06:25:03, Number of rows in /TRACKING.csv: 2
2020-01-27T16:19:03, Done loop ...
2020-01-27T16:19:03, ... powering down.
2020-01-27T16:19:03, RTC Initialization Failed
2020-01-27T16:20:03, Setup Complete
2020-01-27T16:21:03, Data: 2009-05-14T16:02:03,3.84,25627,2504.00,2528.00,2514.00,-1.59,37.29,1.41,878.17
2020-01-27T16:19:03, Add row to /TRACKING.csv
2023-03-08T06:25:03, Number of rows in /TRACKING.csv: 3
2020-01-27T16:19:03, Done loop ...
2020-01-27T16:19:03, ... powering down.
2020-01-27T16:19:03, RTC Initialization Failed
2020-01-27T16:20:03, Setup Complete
2020-01-27T16:20:03, Data: 2009-05-14T16:02:03,3.76,25627,2503.00,2508.00,2505.00,-4.60,45.36,-0.43,878.04
2020-01-27T16:19:03, Add row to /TRACKING.csv
2023-03-18T06:25:03, Number of rows in /TRACKING.csv: 4
2020-01-27T16:21:03, Number of rows in /TRACKING.csv is >= 4
2020-01-27T16:19:03, Remove tracking
2020-01-27T16:20:03, Write to /TRANSMIT.csv: 2009-05-14T16:02:03,3.76,2503.00,-4.6,45
2023-03-18T06:25:03, Number of rows in /TRANSMIT.csv: 3
2003-01-30T16:00:03, Current hour = 16, Transmission hour = 1
2003-01-30T16:00:03, Current hour = 16, Transmission hour = 6
2003-01-30T16:00:03, Current hour = 16, Transmission hour = 8
2003-01-30T16:00:03, Current hour = 16, Transmission hour = 10
2003-01-30T16:00:03, Current hour = 16, Transmission hour = 15
2003-01-30T16:00:03, Current hour = 16, Transmission hour = 20
2003-01-30T16:00:03, Current hour = 16, Transmission hour = 22
2020-01-27T16:19:03, Done loop ...
2020-01-27T16:19:03, ... powering down.
2020-01-27T16:19:03, RTC Initialization Failed
2020-01-27T16:20:03, Setup Complete
2020-01-27T16:20:03, Data: 2009-05-14T16:02:03,3.75,25627,2480.00,2488.00,2485.50,-7.19,50.23,-4.88,877.99
2020-01-27T16:19:03, Add row to /TRACKING.csv
2023-03-18T07:45:03, Number of rows in /TRACKING.csv: 1
2020-01-27T16:19:03, Done loop ...
2020-01-27T16:19:03, ... powering down.
2020-01-27T16:19:03, RTC Initialization Failed
2020-01-27T16:20:03, Setup Complete
2020-01-27T16:20:03, Data: 2009-05-14T16:02:03,3.74,25627,2476.00,2486.00,2480.50,-7.66,53.51,-7.18,878.09
2020-01-27T16:19:03, Add row to /TRACKING.csv
2023-03-18T06:25:03, Number of rows in /TRACKING.csv: 2
2020-01-27T16:19:03, Done loop ...
2020-01-27T16:19:03, ... powering down.
2020-01-27T16:19:03, RTC Initialization Failed
2020-01-27T16:20:03, Setup Complete
2020-01-27T16:20:03, Data: 2009-05-14T16:02:03,3.74,25627,2468.00,2476.00,2473.50,-8.14,54.53,-8.47,878.19
2020-01-27T16:19:03, Add row to /TRACKING.csv
2023-03-18T07:45:03, Number of rows in /TRACKING.csv: 3
2020-01-27T16:19:03, Done loop ...
2020-01-27T16:19:03, ... powering down.
2020-01-27T16:19:03, RTC Initialization Failed
2020-01-27T16:20:03, Setup Complete
2020-01-27T16:20:03, Data: 2009-05-14T16:02:03,3.73,25627,2471.00,2481.00,2475.50,-9.12,55.99,-9.34,878.20
2020-01-27T16:19:03, Add row to /TRACKING.csv
2023-03-08T06:25:03, Number of rows in /TRACKING.csv: 4
2020-01-27T16:21:03, Number of rows in /TRACKING.csv is >= 4
2020-01-27T16:19:03, Remove tracking
2020-01-27T16:20:03, Write to /TRANSMIT.csv: 2009-05-14T16:02:03,3.73,2471.00,-9.1,56
2023-03-08T06:25:03, Number of rows in /TRANSMIT.csv: 4
2003-01-30T16:00:03, Current hour = 16, Transmission hour = 1
2003-01-30T16:00:03, Current hour = 16, Transmission hour = 6
2003-01-30T16:00:03, Current hour = 16, Transmission hour = 8
2003-01-30T16:00:03, Current hour = 16, Transmission hour = 10
2003-01-30T16:00:03, Current hour = 16, Transmission hour = 15
2003-01-30T16:00:03, Current hour = 16, Transmission hour = 20
2003-01-30T16:00:03, Current hour = 16, Transmission hour = 22
2020-01-27T16:19:03, Done loop ...
2020-01-27T16:19:03, ... powering down.
2020-01-27T16:19:03, RTC Initialization Failed
2020-01-27T16:20:03, Setup Complete
2020-01-27T16:20:03, Data: 2009-05-14T16:02:03,3.73,25627,2467.00,2482.00,2474.50,-8.49,53.20,-9.67,878.30
2020-01-27T16:19:03, Add row to /TRACKING.csv
2023-03-18T07:45:03, Number of rows in /TRACKING.csv: 1
2020-01-27T16:19:03, Done loop ...
2020-01-27T16:19:03, ... powering down.
2020-01-27T16:19:03, RTC Initialization Failed
2020-01-27T16:20:03, Setup Complete
2020-01-27T16:20:03, Data: 2009-05-14T16:02:03,3.73,25627,2469.00,2479.00,2472.50,-9.11,39.93,-9.91,878.19
2020-01-27T16:19:03, Add row to /TRACKING.csv
2023-03-18T07:45:03, Number of rows in /TRACKING.csv: 2
2020-01-27T16:19:03, Done loop ...
2020-01-27T16:19:03, ... powering down.
2020-01-27T16:19:03, RTC Initialization Failed
2020-01-27T16:20:03, Setup Complete
2020-01-27T16:20:03, Data: 2009-05-14T16:02:03,3.73,25627,2471.00,2482.00,2474.50,-8.42,40.63,-10.03,878.21
2020-01-27T16:19:03, Add row to /TRACKING.csv
2023-03-08T06:25:03, Number of rows in /TRACKING.csv: 3
2020-01-27T16:19:03, Done loop ...
2020-01-27T16:19:03, ... powering down.
2020-01-27T16:19:03, RTC Initialization Failed
2020-01-27T16:20:03, Setup Complete
2020-01-27T16:20:03, Data: 2009-05-14T16:02:03,3.73,25627,2473.00,2481.00,2475.00,-8.63,50.98,-10.20,878.24
2020-01-27T16:19:03, Add row to /TRACKING.csv
2023-03-18T07:45:03, Number of rows in /TRACKING.csv: 4
2020-01-27T16:21:03, Number of rows in /TRACKING.csv is >= 4
2020-01-27T16:19:03, Remove tracking
2020-01-27T16:20:03, Write to /TRANSMIT.csv: 2009-05-14T16:02:03,3.73,2473.00,-8.6,51
2023-03-18T07:45:03, Number of rows in /TRANSMIT.csv: 5
2003-01-30T16:00:03, Current hour = 16, Transmission hour = 1
2001-03-26T16:00:03, 1416024253+01034:249-03042:250-04645:247-09156:247-08651
2020-01-27T16:25:03,  - attempt to send message: 1416024253+01034:249-03042:250-04645:247-09156:247-08651
2020-01-27T16:25:03,  - Modem begin successful
2020-01-27T16:22:03,  - Sending...
2020-01-27T16:22:03,  - Send response: 
2020-01-27T16:22:03,   - Sync clocks... 
2020-01-27T16:24:03,  - Arduino Old Time: 2000-00-20T00:84:03
2020-01-27T16:24:03,  - Arduino New Time: 2002-00-03T08:23:03
2020-01-27T16:20:03, Message sent! Removing /TRANSMIT.csv
2020-01-27T16:19:03, Done loop ...
2020-01-27T16:19:03, ... powering down.
2020-01-27T16:19:03, RTC Initialization Failed
2020-01-27T16:20:03, Setup Complete
2020-01-27T16:20:03, Data: 2009-05-14T16:02:03,3.73,25627,2470.00,2479.00,2474.00,-8.61,43.39,-10.18,878.33
2020-01-27T16:19:03, Add row to /TRACKING.csv
2023-03-18T07:45:03, Number of rows in /TRACKING.csv: 1
2020-01-27T16:19:03, Done loop ...
2020-01-27T16:19:03, ... powering down.
2020-01-27T16:19:03, RTC Initialization Failed
2020-01-27T16:20:03, Setup Complete
2020-01-27T16:20:03, Data: 2009-05-14T16:02:03,3.73,25627,2466.00,2477.00,2476.00,-8.95,41.20,-10.18,878.31
2020-01-27T16:19:03, Add row to /TRACKING.csv
2023-03-08T07:45:03, Number of rows in /TRACKING.csv: 2
2020-01-27T16:19:03, Done loop ...
2020-01-27T16:19:03, ... powering down.
2020-01-27T16:19:03, RTC Initialization Failed
2020-01-27T16:20:03, Setup Complete
2020-01-27T16:20:03, Data: 2009-05-14T16:02:03,3.73,25627,2470.00,2480.00,2475.00,-9.12,41.61,-10.26,878.28
2020-01-27T16:19:03, Add row to /TRACKING.csv
2023-03-18T07:45:03, Number of rows in /TRACKING.csv: 3
2020-01-27T16:19:03, Done loop ...
2020-01-27T16:19:03, ... powering down.
2020-01-27T16:19:03, RTC Initialization Failed
2020-01-27T16:20:03, Setup Complete
2020-01-27T16:20:03, Data: 2009-05-14T16:02:03,3.73,25627,2471.00,2479.00,2476.00,-9.07,45.19,-10.43,878.27
2020-01-27T16:19:03, Add row to /TRACKING.csv
2023-03-18T07:45:03, Number of rows in /TRACKING.csv: 4
2020-01-27T16:21:03, Number of rows in /TRACKING.csv is >= 4
2020-01-27T16:19:03, Remove tracking
2020-01-27T16:20:03, Write to /TRANSMIT.csv: 2009-05-14T16:02:03,3.73,2471.00,-9.1,45
2023-03-18T07:45:03, Number of rows in /TRANSMIT.csv: 1
2003-01-30T16:00:03, Current hour = 16, Transmission hour = 1
2003-01-30T16:00:03, Current hour = 16, Transmission hour = 6
2003-01-30T16:00:03, Current hour = 16, Transmission hour = 8
2003-01-30T16:00:03, Current hour = 16, Transmission hour = 10
2003-01-30T16:00:03, Current hour = 16, Transmission hour = 15
2003-01-30T16:00:03, Current hour = 16, Transmission hour = 20
2003-01-30T16:00:03, Current hour = 16, Transmission hour = 22
2020-01-27T16:19:03, Done loop ...
2020-01-27T16:19:03, ... powering down.
2020-01-27T16:19:03, RTC Initialization Failed
2020-01-27T16:20:03, Setup Complete
2020-01-27T16:20:03, Data: 2009-05-14T16:02:03,3.73,25627,2468.00,2478.00,2474.00,-8.95,44.07,-10.51,878.29
2020-01-27T16:19:03, Add row to /TRACKING.csv
2023-03-18T07:45:03, Number of rows in /TRACKING.csv: 1
2020-01-27T16:19:03, Done loop ...
2020-01-27T16:19:03, ... powering down.
2020-01-27T16:19:03, RTC Initialization Failed
2020-01-27T16:20:03, Setup Complete
2020-01-27T16:20:03, Data: 2009-05-14T16:02:03,3.73,25627,2473.00,2483.00,2477.50,-8.26,44.24,-10.45,878.50
2020-01-27T16:19:03, Add row to /TRACKING.csv
2023-03-18T07:45:03, Number of rows in /TRACKING.csv: 2
2020-01-27T16:19:03, Done loop ...
2020-01-27T16:19:03, ... powering down.
2020-01-27T16:19:03, RTC Initialization Failed
2020-01-27T16:20:03, Setup Complete
2020-01-27T16:20:03, Data: 2009-05-14T16:02:03,3.73,25627,2472.00,2481.00,2475.00,-8.83,42.62,-10.58,878.67
2020-01-27T16:19:03, Add row to /TRACKING.csv
2023-03-18T07:45:03, Number of rows in /TRACKING.csv: 3
2020-01-27T16:19:03, Done loop ...
2020-01-27T16:19:03, ... powering down.
2020-01-27T16:19:03, RTC Initialization Failed
2020-01-27T16:20:03, Setup Complete
2020-01-27T16:20:03, Data: 2009-05-14T16:02:03,3.73,25627,2473.00,2484.00,2477.50,-8.97,46.16,-10.75,878.75
2020-01-27T16:19:03, Add row to /TRACKING.csv
2023-03-18T06:25:03, Number of rows in /TRACKING.csv: 4
2020-01-27T16:21:03, Number of rows in /TRACKING.csv is >= 4
2020-01-27T16:19:03, Remove tracking
2020-01-27T16:20:03, Write to /TRANSMIT.csv: 2009-05-14T16:02:03,3.73,2473.00,-9.0,46
2023-03-18T06:25:03, Number of rows in /TRANSMIT.csv: 2
2020-01-27T16:23:03, Current hour = 16, Transmission hour = 1
2020-01-27T16:23:03, Current hour = 16, Transmission hour = 6
2020-01-27T16:23:03, Current hour = 16, Transmission hour = 8
2020-01-27T16:23:03, Current hour = 16, Transmission hour = 10
2020-01-27T16:23:03, Current hour = 16, Transmission hour = 15
2020-01-27T16:23:03, Current hour = 16, Transmission hour = 20
2020-01-27T16:23:03, Current hour = 16, Transmission hour = 22
2020-01-27T16:19:03, Done loop ...
2020-01-27T16:19:03, ... powering down.
2020-01-27T16:19:03, RTC Initialization Failed
2020-01-27T16:20:03, Setup Complete
2020-01-27T16:20:03, Data: 2009-05-14T16:02:03,3.72,25627,2472.00,2481.00,2476.50,-9.57,46.20,-11.16,878.84
2020-01-27T16:19:03, Add row to /TRACKING.csv
2023-03-18T07:45:03, Number of rows in /TRACKING.csv: 1
2020-01-27T16:19:03, Done loop ...
2020-01-27T16:19:03, ... powering down.
2020-01-27T16:19:03, RTC Initialization Failed
2020-01-27T16:20:03, Setup Complete
2020-01-27T16:20:03, Data: 2009-05-14T16:02:03,3.72,25627,2470.00,2482.00,2473.50,-9.98,44.98,-11.33,878.96
2020-01-27T16:19:03, Add row to /TRACKING.csv
2023-03-18T07:45:03, Number of rows in /TRACKING.csv: 2
2020-01-27T16:19:03, Done loop ...
2020-01-27T16:19:03, ... powering down.
2020-01-27T16:19:03, RTC Initialization Failed
2020-01-27T16:20:03, Setup Complete
2020-01-27T16:21:03, Data: 2009-05-14T16:02:03,3.72,25627,2468.00,2477.00,2476.00,-10.67,45.25,-11.43,878.87
2020-01-27T16:19:03, Add row to /TRACKING.csv
2023-03-18T07:45:03, Number of rows in /TRACKING.csv: 3
2020-01-27T16:19:03, Done loop ...
2020-01-27T16:19:03, ... powering down.
2020-01-27T16:19:03, RTC Initialization Failed
2020-01-27T16:20:03, Setup Complete
2020-01-27T16:20:03, Data: 2009-05-14T16:02:03,3.72,25627,2471.00,2479.00,2475.50,-9.85,46.03,-11.49,878.81
2020-01-27T16:19:03, Add row to /TRACKING.csv
2023-03-18T06:25:03, Number of rows in /TRACKING.csv: 4
2020-01-27T16:21:03, Number of rows in /TRACKING.csv is >= 4
2020-01-27T16:19:03, Remove tracking
2020-01-27T16:20:03, Write to /TRANSMIT.csv: 2009-05-14T16:02:03,3.72,2471.00,-9.9,46
2023-03-18T06:25:03, Number of rows in /TRANSMIT.csv: 3
2003-01-30T16:00:03, Current hour = 16, Transmission hour = 1
2003-01-30T16:00:03, Current hour = 16, Transmission hour = 6
2003-01-30T16:00:03, Current hour = 16, Transmission hour = 8
2003-01-30T16:00:03, Current hour = 16, Transmission hour = 10
2003-01-30T16:00:03, Current hour = 16, Transmission hour = 15
2003-01-30T16:00:03, Current hour = 16, Transmission hour = 20
2003-01-30T16:00:03, Current hour = 16, Transmission hour = 22
2020-01-27T16:19:03, Done loop ...
2020-01-27T16:19:03, ... powering down.
2020-01-27T16:19:03, RTC Initialization Failed
2020-01-27T16:20:03, Setup Complete
2020-01-27T16:20:03, Data: 2009-05-14T16:02:03,3.72,25627,2472.00,2481.00,2476.50,-9.25,44.86,-11.35,878.84
2020-01-27T16:19:03, Add row to /TRACKING.csv
2023-03-18T07:45:03, Number of rows in /TRACKING.csv: 1
2020-01-27T16:19:03, Done loop ...
2020-01-27T16:19:03, ... powering down.
2020-01-27T16:19:03, RTC Initialization Failed
2020-01-27T16:20:03, Setup Complete
2020-01-27T16:21:03, Data: 2009-05-14T16:02:03,3.71,25627,2473.00,2484.00,2478.50,-10.16,44.80,-11.45,878.94
2020-01-27T16:19:03, Add row to /TRACKING.csv
2023-03-18T07:45:03, Number of rows in /TRACKING.csv: 2
2020-01-27T16:19:03, Done loop ...
2020-01-27T16:19:03, ... powering down.
2020-01-27T16:19:03, RTC Initialization Failed
2020-01-27T16:20:03, Setup Complete
2020-01-27T16:21:03, Data: 2009-05-14T16:02:03,3.72,25627,2469.00,2481.00,2477.50,-10.15,43.79,-11.45,878.95
2020-01-27T16:19:03, Add row to /TRACKING.csv
2023-03-18T07:45:03, Number of rows in /TRACKING.csv: 3
2020-01-27T16:19:03, Done loop ...
2020-01-27T16:19:03, ... powering down.
2020-01-27T16:19:03, RTC Initialization Failed
2020-01-27T16:20:03, Setup Complete
2020-01-27T16:21:03, Data: 2009-05-14T16:02:03,3.72,25627,2473.00,2483.00,2479.50,-10.22,44.44,-11.60,878.99
2020-01-27T16:19:03, Add row to /TRACKING.csv
2023-03-18T07:45:03, Number of rows in /TRACKING.csv: 4
2020-01-27T16:21:03, Number of rows in /TRACKING.csv is >= 4
2020-01-27T16:19:03, Remove tracking
2020-01-27T16:21:03, Write to /TRANSMIT.csv: 2009-05-14T16:02:03,3.72,2473.00,-10.2,44
2023-03-18T07:45:03, Number of rows in /TRANSMIT.csv: 4
2003-01-30T16:00:03, Current hour = 16, Transmission hour = 1
2003-01-30T16:00:03, Current hour = 16, Transmission hour = 6
2003-01-30T16:00:03, Current hour = 16, Transmission hour = 8
2003-01-30T16:00:03, Current hour = 16, Transmission hour = 10
2003-01-30T16:00:03, Current hour = 16, Transmission hour = 15
2003-01-30T16:00:03, Current hour = 16, Transmission hour = 20
2003-01-30T16:00:03, Current hour = 16, Transmission hour = 22
2020-01-27T16:19:03, Done loop ...
2020-01-27T16:19:03, ... powering down.
2020-01-27T16:19:03, RTC Initialization Failed
2020-01-27T16:20:03, Setup Complete
2020-01-27T16:21:03, Data: 2009-05-14T16:02:03,3.72,25627,2471.00,2487.00,2480.00,-10.01,46.93,-11.69,879.10
2020-01-27T16:19:03, Add row to /TRACKING.csv
2023-03-18T07:45:03, Number of rows in /TRACKING.csv: 1
2020-01-27T16:19:03, Done loop ...
2020-01-27T16:19:03, ... powering down.
2020-01-27T16:19:03, RTC Initialization Failed
2020-01-27T16:20:03, Setup Complete
2020-01-27T16:20:03, Data: 2009-05-14T16:02:03,3.71,25627,2477.00,2483.00,2481.00,-9.38,42.08,-11.63,879.24
2020-01-27T16:19:03, Add row to /TRACKING.csv
2023-03-18T07:45:03, Number of rows in /TRACKING.csv: 2
2020-01-27T16:19:03, Done loop ...
2020-01-27T16:19:03, ... powering down.
2020-01-27T16:19:03, RTC Initialization Failed
2020-01-27T16:20:03, Setup Complete
2020-01-27T16:20:03, Data: 2009-05-14T16:02:03,3.72,25627,2473.00,2486.00,2481.00,-9.40,43.41,-11.57,879.28
2020-01-27T16:19:03, Add row to /TRACKING.csv
2023-03-18T07:45:03, Number of rows in /TRACKING.csv: 3
2020-01-27T16:19:03, Done loop ...
2020-01-27T16:19:03, ... powering down.
2020-01-27T16:19:03, RTC Initialization Failed
2020-01-27T16:20:03, Setup Complete
2020-01-27T16:20:03, Data: 2009-05-14T16:02:03,3.72,25627,2475.00,2487.00,2483.00,-9.77,46.82,-11.69,879.29
2020-01-27T16:19:03, Add row to /TRACKING.csv
2023-03-18T07:45:03, Number of rows in /TRACKING.csv: 4
2020-01-27T16:21:03, Number of rows in /TRACKING.csv is >= 4
2020-01-27T16:19:03, Remove tracking
2020-01-27T16:20:03, Write to /TRANSMIT.csv: 2009-05-14T16:02:03,3.72,2475.00,-9.8,47
2023-03-18T07:45:03, Number of rows in /TRANSMIT.csv: 5
2003-01-30T16:00:03, Current hour = 16, Transmission hour = 1
2001-03-26T16:00:03, 1416024247-09145:247-09046:247-09946:247-10244:248-09847
2020-01-27T16:25:03,  - attempt to send message: 1416024247-09145:247-09046:247-09946:247-10244:248-09847
2020-01-27T16:25:03,  - Modem begin successful
2020-01-27T16:22:03,  - Sending...
2020-01-27T16:22:03,  - Send response: 
2020-01-27T16:22:03,   - Sync clocks... 
2020-01-27T16:24:03,  - Arduino Old Time: 2000-00-20T00:84:03
2020-01-27T16:24:03,  - Arduino New Time: 2002-00-08T43:05:03
2020-01-27T16:20:03, Message sent! Removing /TRANSMIT.csv
2020-01-27T16:19:03, Done loop ...
2020-01-27T16:19:03, ... powering down.
2020-01-27T16:19:03, RTC Initialization Failed
2020-01-27T16:20:03, Setup Complete
2020-01-27T16:21:03, Data: 2009-05-14T16:02:03,3.71,25627,2472.00,2484.00,2476.00,-10.15,46.07,-11.86,879.44
2020-01-27T16:19:03, Add row to /TRACKING.csv
2023-03-18T07:45:03, Number of rows in /TRACKING.csv: 1
2020-01-27T16:19:03, Done loop ...
2020-01-27T16:19:03, ... powering down.
2020-01-27T16:19:03, RTC Initialization Failed
2020-01-27T16:20:03, Setup Complete
2020-01-27T16:21:03, Data: 2009-05-14T16:02:03,3.72,25627,2474.00,2484.00,2480.50,-10.64,45.72,-11.89,879.56
2020-01-27T16:19:03, Add row to /TRACKING.csv
2023-03-18T07:45:03, Number of rows in /TRACKING.csv: 2
2020-01-27T16:19:03, Done loop ...
2020-01-27T16:19:03, ... powering down.
2020-01-27T16:19:03, RTC Initialization Failed
2020-01-27T16:20:03, Setup Complete
2020-01-27T16:21:03, Data: 2009-05-14T16:02:03,3.72,25627,2478.00,2487.00,2481.50,-10.47,44.34,-12.07,879.63
2020-01-27T16:19:03, Add row to /TRACKING.csv
2023-03-18T07:45:03, Number of rows in /TRACKING.csv: 3
2020-01-27T16:19:03, Done loop ...
2020-01-27T16:19:03, ... powering down.
2020-01-27T16:19:03, RTC Initialization Failed
2020-01-27T16:20:03, Setup Complete
2020-01-27T16:21:03, Data: 2009-05-14T16:02:03,3.71,25627,2477.00,2487.00,2482.00,-10.26,43.51,-12.18,879.75
2020-01-27T16:19:03, Add row to /TRACKING.csv
2023-03-18T07:45:03, Number of rows in /TRACKING.csv: 4
2020-01-27T16:21:03, Number of rows in /TRACKING.csv is >= 4
2020-01-27T16:19:03, Remove tracking
2020-01-27T16:21:03, Write to /TRANSMIT.csv: 2009-05-14T16:02:03,3.71,2477.00,-10.3,44
2023-03-18T07:45:03, Number of rows in /TRANSMIT.csv: 1
2020-01-27T16:23:03, Current hour = 16, Transmission hour = 1
2020-01-27T16:23:03, Current hour = 16, Transmission hour = 6
2020-01-27T16:23:03, Current hour = 16, Transmission hour = 8
2020-01-27T16:23:03, Current hour = 16, Transmission hour = 10
2020-01-27T16:23:03, Current hour = 16, Transmission hour = 15
2020-01-27T16:23:03, Current hour = 16, Transmission hour = 20
2020-01-27T16:23:03, Current hour = 16, Transmission hour = 22
2020-01-27T16:19:03, Done loop ...
2020-01-27T16:19:03, ... powering down.
2020-01-27T16:19:03, RTC Initialization Failed
2020-01-27T16:20:03, Setup Complete
2020-01-27T16:21:03, Data: 2009-05-14T16:02:03,3.71,25627,2477.00,2487.00,2482.50,-10.02,44.54,-12.08,879.79
2020-01-27T16:19:03, Add row to /TRACKING.csv
2023-03-18T07:45:03, Number of rows in /TRACKING.csv: 1
2020-01-27T16:19:03, Done loop ...
2020-01-27T16:19:03, ... powering down.
2020-01-27T16:19:03, RTC Initialization Failed
2020-01-27T16:20:03, Setup Complete
2020-01-27T16:21:03, Data: 2009-05-14T16:02:03,3.71,25627,2472.00,2484.00,2480.00,-10.37,45.07,-12.25,879.95
2020-01-27T16:19:03, Add row to /TRACKING.csv
2023-03-18T07:45:03, Number of rows in /TRACKING.csv: 2
2020-01-27T16:19:03, Done loop ...
2020-01-27T16:19:03, ... powering down.
2020-01-27T16:19:03, RTC Initialization Failed
2020-01-27T16:20:03, Setup Complete
2020-01-27T16:21:03, Data: 2009-05-14T16:02:03,3.71,25627,2473.00,2490.00,2479.50,-10.83,45.76,-12.38,880.08
2020-01-27T16:19:03, Add row to /TRACKING.csv
2023-03-18T07:45:03, Number of rows in /TRACKING.csv: 3
2020-01-27T16:19:03, Done loop ...
2020-01-27T16:19:03, ... powering down.
2020-01-27T16:19:03, RTC Initialization Failed
2020-01-27T16:20:03, Setup Complete
2020-01-27T16:21:03, Data: 2009-05-14T16:02:03,3.71,25627,2478.00,2486.00,2481.50,-10.73,45.58,-12.38,880.11
2020-01-27T16:19:03, Add row to /TRACKING.csv
2023-03-18T07:45:03, Number of rows in /TRACKING.csv: 4
2020-01-27T16:21:03, Number of rows in /TRACKING.csv is >= 4
2020-01-27T16:19:03, Remove tracking
2020-01-27T16:21:03, Write to /TRANSMIT.csv: 2009-05-14T16:02:03,3.71,2478.00,-10.7,46
2023-03-18T07:45:03, Number of rows in /TRANSMIT.csv: 2
2020-01-27T16:22:03, Current hour = 16, Transmission hour = 1
2020-01-27T16:22:03, Current hour = 16, Transmission hour = 6
2020-01-27T16:22:03, Current hour = 16, Transmission hour = 8
2020-01-27T16:22:03, Current hour = 16, Transmission hour = 10
2020-01-27T16:22:03, Current hour = 16, Transmission hour = 15
2020-01-27T16:22:03, Current hour = 16, Transmission hour = 20
2020-01-27T16:22:03, Current hour = 16, Transmission hour = 22
2020-01-27T16:19:03, Done loop ...
2020-01-27T16:19:03, ... powering down.
2020-01-27T16:19:03, RTC Initialization Failed
2020-01-27T16:20:03, Setup Complete
2020-01-27T16:21:03, Data: 2000-01-19T16:11:03,3.71,25627,2473.00,2484.00,2479.50,-10.39,47.52,-12.35,880.06
2020-01-27T16:19:03, Add row to /TRACKING.csv
2023-03-18T07:45:03, Number of rows in /TRACKING.csv: 1
2020-01-27T16:19:03, Done loop ...
2020-01-27T16:19:03, ... powering down.
2020-01-27T16:19:03, RTC Initialization Failed
2020-01-27T16:20:03, Setup Complete
2020-01-27T16:21:03, Data: 2009-05-14T16:02:03,3.72,25627,2476.00,2486.00,2481.50,-10.35,45.69,-12.43,880.11
2020-01-27T16:19:03, Add row to /TRACKING.csv
2023-03-18T07:45:03, Number of rows in /TRACKING.csv: 2
2020-01-27T16:19:03, Done loop ...
2020-01-27T16:19:03, ... powering down.
2020-01-27T16:19:03, RTC Initialization Failed
2020-01-27T16:20:03, Setup Complete
2020-01-27T16:21:03, Data: 2009-05-14T16:02:03,3.71,25627,2474.00,2485.00,2479.00,-10.81,46.64,-12.34,880.08
2020-01-27T16:19:03, Add row to /TRACKING.csv
2023-03-18T07:45:03, Number of rows in /TRACKING.csv: 3
2020-01-27T16:19:03, Done loop ...
2020-01-27T16:19:03, ... powering down.
2020-01-27T16:19:03, RTC Initialization Failed
2020-01-27T16:20:03, Setup Complete
2020-01-27T16:21:03, Data: 2006-03-21T16:00:03,3.71,25627,2475.00,2486.00,2482.00,-10.14,44.88,-12.17,880.13
2020-01-27T16:19:03, Add row to /TRACKING.csv
2023-03-18T06:25:03, Number of rows in /TRACKING.csv: 4
2020-01-27T16:21:03, Number of rows in /TRACKING.csv is >= 4
2020-01-27T16:19:03, Remove tracking
2020-01-27T16:21:03, Write to /TRANSMIT.csv: 2006-03-21T16:00:03,3.71,2475.00,-10.1,45
2023-03-18T06:25:03, Number of rows in /TRANSMIT.csv: 3
2003-01-30T16:00:03, Current hour = 16, Transmission hour = 1
2003-01-30T16:00:03, Current hour = 16, Transmission hour = 6
2003-01-30T16:00:03, Current hour = 16, Transmission hour = 8
2003-01-30T16:00:03, Current hour = 16, Transmission hour = 10
2003-01-30T16:00:03, Current hour = 16, Transmission hour = 15
2003-01-30T16:00:03, Current hour = 16, Transmission hour = 20
2003-01-30T16:00:03, Current hour = 16, Transmission hour = 22
2020-01-27T16:19:03, Done loop ...
2020-01-27T16:19:03, ... powering down.
2020-01-27T16:19:03, RTC Initialization Failed
2020-01-27T16:20:03, Setup Complete
2020-01-27T16:21:03, Data: 2009-05-14T16:02:03,3.72,25627,2478.00,2486.00,2483.00,-10.46,44.83,-12.23,880.09
2020-01-27T16:19:03, Add row to /TRACKING.csv
2023-03-18T07:45:03, Number of rows in /TRACKING.csv: 1
2020-01-27T16:19:03, Done loop ...
2020-01-27T16:19:03, ... powering down.
2020-01-27T16:19:03, RTC Initialization Failed
2020-01-27T16:20:03, Setup Complete
2020-01-27T16:21:03, Data: 2009-05-14T16:02:03,3.71,25627,2479.00,2489.00,2483.00,-10.63,49.02,-12.32,880.17
2020-01-27T16:19:03, Add row to /TRACKING.csv
2023-03-18T07:45:03, Number of rows in /TRACKING.csv: 2
2020-01-27T16:19:03, Done loop ...
2020-01-27T16:19:03, ... powering down.
2020-01-27T16:19:03, RTC Initialization Failed
2020-01-27T16:20:03, Setup Complete
2020-01-27T16:21:03, Data: 2009-05-14T16:02:03,3.71,25627,2476.00,2486.00,2481.00,-10.88,48.88,-12.55,880.32
2020-01-27T16:19:03, Add row to /TRACKING.csv
2023-03-18T07:45:03, Number of rows in /TRACKING.csv: 3
2020-01-27T16:19:03, Done loop ...
2020-01-27T16:19:03, ... powering down.
2020-01-27T16:19:03, RTC Initialization Failed
2020-01-27T16:20:03, Setup Complete
2043-04-29T09:31:47, Data: 2009-05-14T16:02:03,3.71,25627,2473.00,2484.00,2478.00,-10.81,47.68,-12.51,880.38
2020-01-27T16:19:03, Add row to /TRACKING.csv
2023-03-18T07:45:03, Number of rows in /TRACKING.csv: 4
2020-01-27T16:21:03, Number of rows in /TRACKING.csv is >= 4
2020-01-27T16:19:03, Remove tracking
2020-01-27T16:21:03, Write to /TRANSMIT.csv: 2009-05-14T16:02:03,3.71,2473.00,-10.8,48
2023-03-18T07:45:03, Number of rows in /TRANSMIT.csv: 4
2003-01-30T16:00:03, Current hour = 16, Transmission hour = 1
2003-01-30T16:00:03, Current hour = 16, Transmission hour = 6
2003-01-30T16:00:03, Current hour = 16, Transmission hour = 8
2003-01-30T16:00:03, Current hour = 16, Transmission hour = 10
2003-01-30T16:00:03, Current hour = 16, Transmission hour = 15
2003-01-30T16:00:03, Current hour = 16, Transmission hour = 20
2003-01-30T16:00:03, Current hour = 16, Transmission hour = 22
2020-01-27T16:19:03, Done loop ...
2020-01-27T16:19:03, ... powering down.
2020-01-27T16:19:03, RTC Initialization Failed
2020-01-27T16:20:03, Setup Complete
2020-01-27T16:21:03, Data: 2006-03-21T16:00:03,3.71,25627,2479.00,2486.00,2482.00,-10.47,46.78,-12.35,880.39
2020-01-27T16:19:03, Add row to /TRACKING.csv
2023-03-18T07:45:03, Number of rows in /TRACKING.csv: 1
2020-01-27T16:19:03, Done loop ...
2020-01-27T16:19:03, ... powering down.
2020-01-27T16:19:03, RTC Initialization Failed
2020-01-27T16:20:03, Setup Complete
2020-01-27T16:21:03, Data: 2009-05-14T16:02:03,3.71,25627,2482.00,2494.00,2485.50,-10.39,48.50,-12.25,880.38
2020-01-27T16:19:03, Add row to /TRACKING.csv
2023-03-18T07:45:03, Number of rows in /TRACKING.csv: 2
2020-01-27T16:19:03, Done loop ...
2020-01-27T16:19:03, ... powering down.
2020-01-27T16:19:03, RTC Initialization Failed
2020-01-27T16:20:03, Setup Complete
2020-01-27T16:21:03, Data: 2009-05-14T16:02:03,3.71,25627,2480.00,2488.00,2486.50,-11.04,50.43,-12.41,880.38
2020-01-27T16:19:03, Add row to /TRACKING.csv
2023-03-18T07:45:03, Number of rows in /TRACKING.csv: 3
2020-01-27T16:19:03, Done loop ...
2020-01-27T16:19:03, ... powering down.
2020-01-27T16:19:03, RTC Initialization Failed
2020-01-27T16:20:03, Setup Complete
2020-01-27T16:21:03, Data: 2009-05-14T16:02:03,3.71,25627,2477.00,2486.00,2480.50,-11.22,50.89,-12.48,880.33
2020-01-27T16:19:03, Add row to /TRACKING.csv
2023-03-18T07:45:03, Number of rows in /TRACKING.csv: 4
2020-01-27T16:21:03, Number of rows in /TRACKING.csv is >= 4
2020-01-27T16:19:03, Remove tracking
2020-01-27T16:21:03, Write to /TRANSMIT.csv: 2009-05-14T16:02:03,3.71,2477.00,-11.2,51
2023-03-18T07:45:03, Number of rows in /TRANSMIT.csv: 5
2003-01-30T16:00:03, Current hour = 16, Transmission hour = 1
2001-03-26T16:00:03, 1416024248-10344:248-10746:248-10145:247-10848:248-11251
2020-01-27T16:25:03,  - attempt to send message: 1416024248-10344:248-10746:248-10145:247-10848:248-11251
2020-01-27T16:21:03,  - Modem begin successful
2020-01-27T16:21:03,  - Sending...
2020-01-27T16:21:03,  - Send response: 
2020-01-27T16:22:03,   - Sync clocks... 
2020-01-27T16:25:03,  - Arduino Old Time: 2000-00-20T00:84:03
2020-01-27T16:24:03,  - Arduino New Time: 2002-00-14T18:47:03
2020-01-27T16:21:03, Message sent! Removing /TRANSMIT.csv
2020-01-27T16:19:03, Done loop ...
2020-01-27T16:19:03, ... powering down.
2020-01-27T16:19:03, RTC Initialization Failed
2020-01-27T16:20:03, Setup Complete
2020-01-27T16:21:03, Data: 2009-05-14T16:02:03,3.71,25627,2478.00,2489.00,2483.50,-10.28,47.70,-12.33,880.33
2020-01-27T16:19:03, Add row to /TRACKING.csv
2023-03-18T07:45:03, Number of rows in /TRACKING.csv: 1
2020-01-27T16:19:03, Done loop ...
2020-01-27T16:19:03, ... powering down.
2020-01-27T16:19:03, RTC Initialization Failed
2020-01-27T16:20:03, Setup Complete
2020-01-27T16:21:03, Data: 2009-05-14T16:02:03,3.71,25627,2475.00,2486.00,2480.50,-11.04,49.58,-12.46,880.32
2020-01-27T16:19:03, Add row to /TRACKING.csv
2023-03-18T07:45:03, Number of rows in /TRACKING.csv: 2
2020-01-27T16:19:03, Done loop ...
2020-01-27T16:19:03, ... powering down.
2020-01-27T16:19:03, RTC Initialization Failed
2020-01-27T16:20:03, Setup Complete
2020-01-27T16:21:03, Data: 2009-05-14T16:02:03,3.72,25627,2478.00,2487.00,2481.00,-10.81,50.39,-12.51,880.35
2020-01-27T16:19:03, Add row to /TRACKING.csv
2023-03-18T07:45:03, Number of rows in /TRACKING.csv: 3
2020-01-27T16:19:03, Done loop ...
2020-01-27T16:19:03, ... powering down.
2020-01-27T16:19:03, RTC Initialization Failed
2020-01-27T16:20:03, Setup Complete
2020-01-27T16:21:03, Data: 2009-05-14T16:02:03,3.71,25627,2483.00,2494.00,2488.00,-10.58,49.40,-12.34,880.35
2020-01-27T16:19:03, Add row to /TRACKING.csv
2023-03-18T07:45:03, Number of rows in /TRACKING.csv: 4
2020-01-27T16:21:03, Number of rows in /TRACKING.csv is >= 4
2020-01-27T16:19:03, Remove tracking
2020-01-27T16:21:03, Write to /TRANSMIT.csv: 2009-05-14T16:02:03,3.71,2483.00,-10.6,49
2023-03-18T07:45:03, Number of rows in /TRANSMIT.csv: 1
2020-01-27T16:23:03, Current hour = 16, Transmission hour = 1
2020-01-27T16:23:03, Current hour = 16, Transmission hour = 6
2020-01-27T16:23:03, Current hour = 16, Transmission hour = 8
2020-01-27T16:23:03, Current hour = 16, Transmission hour = 10
2020-01-27T16:23:03, Current hour = 16, Transmission hour = 15
2020-01-27T16:23:03, Current hour = 16, Transmission hour = 20
2020-01-27T16:23:03, Current hour = 16, Transmission hour = 22
2020-01-27T16:19:03, Done loop ...
2020-01-27T16:19:03, ... powering down.
2020-01-27T16:19:03, RTC Initialization Failed
2020-01-27T16:20:03, Setup Complete
2020-01-27T16:21:03, Data: 2009-05-14T16:02:03,3.71,25627,2474.00,2487.00,2484.00,-10.46,48.40,-12.52,880.46
2020-01-27T16:19:03, Add row to /TRACKING.csv
2023-03-18T07:45:03, Number of rows in /TRACKING.csv: 1
2020-01-27T16:19:03, Done loop ...
2020-01-27T16:19:03, ... powering down.
2020-01-27T16:19:03, RTC Initialization Failed
2020-01-27T16:20:03, Setup Complete
2020-01-27T16:21:03, Data: 2009-05-14T16:02:03,3.71,25627,2481.00,2493.00,2488.00,-10.43,47.95,-12.29,880.45
2020-01-27T16:19:03, Add row to /TRACKING.csv
2023-03-18T07:45:03, Number of rows in /TRACKING.csv: 2
2020-01-27T16:19:03, Done loop ...
2020-01-27T16:19:03, ... powering down.
2020-01-27T16:19:03, RTC Initialization Failed
2020-01-27T16:20:03, Setup Complete
2020-01-27T16:21:03, Data: 2009-05-14T16:02:03,3.72,25627,2481.00,2494.00,2487.00,-10.71,49.86,-12.33,880.51
2020-01-27T16:19:03, Add row to /TRACKING.csv
2023-03-18T07:45:03, Number of rows in /TRACKING.csv: 3
2020-01-27T16:19:03, Done loop ...
2020-01-27T16:19:03, ... powering down.
2020-01-27T16:19:03, RTC Initialization Failed
2020-01-27T16:20:03, Setup Complete
2020-01-27T16:21:03, Data: 2009-05-14T16:02:03,3.73,25627,2486.00,2491.00,2489.00,-10.40,49.26,-12.01,880.57
2020-01-27T16:19:03, Add row to /TRACKING.csv
2023-03-18T07:45:03, Number of rows in /TRACKING.csv: 4
2020-01-27T16:21:03, Number of rows in /TRACKING.csv is >= 4
2020-01-27T16:19:03, Remove tracking
2020-01-27T16:21:03, Write to /TRANSMIT.csv: 2009-05-14T16:02:03,3.73,2486.00,-10.4,49
2023-03-18T07:45:03, Number of rows in /TRANSMIT.csv: 2
2001-01-21T16:22:03, Current hour = 16, Transmission hour = 1
2020-01-27T16:22:03, Current hour = 16, Transmission hour = 6
2020-01-27T16:22:03, Current hour = 16, Transmission hour = 8
2020-01-27T16:22:03, Current hour = 16, Transmission hour = 10
2020-01-27T16:22:03, Current hour = 16, Transmission hour = 15
2020-01-27T16:22:03, Current hour = 16, Transmission hour = 20
2020-01-27T16:22:03, Current hour = 16, Transmission hour = 22
2020-01-27T16:19:03, Done loop ...
2020-01-27T16:19:03, ... powering down.
2020-01-27T16:19:03, RTC Initialization Failed
2020-01-27T16:20:03, Setup Complete
2020-01-27T16:20:03, Data: 2009-05-14T16:02:03,3.99,25627,2493.00,2502.00,2496.50,-9.69,47.52,-9.83,880.90
2020-01-27T16:19:03, Add row to /TRACKING.csv
2023-03-18T07:45:03, Number of rows in /TRACKING.csv: 1
2020-01-27T16:19:03, Done loop ...
2020-01-27T16:19:03, ... powering down.
2020-01-27T16:19:03, RTC Initialization Failed
2020-01-27T16:20:03, Setup Complete
2020-01-27T16:20:03, Data: 2009-05-14T16:02:03,3.99,25627,2507.00,2517.00,2515.00,-8.01,40.89,-5.92,880.75
2020-01-27T16:19:03, Add row to /TRACKING.csv
2023-03-18T07:45:03, Number of rows in /TRACKING.csv: 2
2020-01-27T16:19:03, Done loop ...
2020-01-27T16:19:03, ... powering down.
2020-01-27T16:19:03, RTC Initialization Failed
2020-01-27T16:20:03, Setup Complete
2020-01-27T16:20:03, Data: 2009-05-14T16:02:03,3.99,25627,2528.00,2540.00,2535.50,-7.47,39.46,-3.25,880.91
2020-01-27T16:19:03, Add row to /TRACKING.csv
2023-03-18T07:45:03, Number of rows in /TRACKING.csv: 3
2020-01-27T16:19:03, Done loop ...
2020-01-27T16:19:03, ... powering down.
2020-01-27T16:19:03, RTC Initialization Failed
2020-01-27T16:20:03, Setup Complete
2020-01-27T16:21:03, Data: 2009-05-14T16:02:03,3.99,25627,2533.00,2545.00,2535.50,-6.90,39.21,0.84,880.85
2020-01-27T16:19:03, Add row to /TRACKING.csv
2023-03-18T06:25:03, Number of rows in /TRACKING.csv: 4
2020-01-27T16:21:03, Number of rows in /TRACKING.csv is >= 4
2020-01-27T16:19:03, Remove tracking
2020-01-27T16:21:03, Write to /TRANSMIT.csv: 2009-05-14T16:02:03,3.99,2533.00,-6.9,39
2023-03-18T06:25:03, Number of rows in /TRANSMIT.csv: 3
2020-01-27T16:21:03, Current hour = 16, Transmission hour = 1
2020-01-27T16:21:03, Current hour = 16, Transmission hour = 6
2020-01-27T16:21:03, Current hour = 16, Transmission hour = 8
2043-04-29T09:31:47, Current hour = 16, Transmission hour = 10
2020-01-27T16:21:03, Current hour = 16, Transmission hour = 15
2020-01-27T16:21:03, Current hour = 16, Transmission hour = 20
2020-01-27T16:21:03, Current hour = 16, Transmission hour = 22
2020-01-27T16:19:03, Done loop ...
2020-01-27T16:19:03, ... powering down.
2020-01-27T16:19:03, RTC Initialization Failed
2020-01-27T16:20:03, Setup Complete
2020-01-27T16:21:03, Data: 2009-05-14T16:02:03,3.99,25627,2535.00,2552.00,2538.00,-6.59,37.87,1.26,881.14
2020-01-27T16:19:03, Add row to /TRACKING.csv
2023-03-18T07:45:03, Number of rows in /TRACKING.csv: 1
2020-01-27T16:19:03, Done loop ...
2020-01-27T16:19:03, ... powering down.
2020-01-27T16:19:03, RTC Initialization Failed
2020-01-27T16:20:03, Setup Complete
2020-01-27T16:21:03, Data: 2009-05-14T16:02:03,4.00,25627,2541.00,2555.00,2548.50,-5.97,37.18,4.20,881.30
2020-01-27T16:19:03, Add row to /TRACKING.csv
2023-03-18T06:25:03, Number of rows in /TRACKING.csv: 2
2020-01-27T16:19:03, Done loop ...
2020-01-27T16:19:03, ... powering down.
2020-01-27T16:19:03, RTC Initialization Failed
2020-01-27T16:20:03, Setup Complete
2020-01-27T16:21:03, Data: 2009-05-14T16:02:03,4.00,25627,2557.00,2573.00,2566.00,-4.74,30.64,6.18,881.07
2020-01-27T16:19:03, Add row to /TRACKING.csv
2023-03-18T06:25:03, Number of rows in /TRACKING.csv: 3
2020-01-27T16:19:03, Done loop ...
2020-01-27T16:19:03, ... powering down.
2020-01-27T16:19:03, RTC Initialization Failed
2020-01-27T16:20:03, Setup Complete
2020-01-27T16:21:03, Data: 2009-05-14T16:02:03,3.99,25627,2532.00,2544.00,2537.50,-7.94,39.49,3.16,881.01
2020-01-27T16:19:03, Add row to /TRACKING.csv
2023-03-08T06:25:03, Number of rows in /TRACKING.csv: 4
2020-01-27T16:21:03, Number of rows in /TRACKING.csv is >= 4
2020-01-27T16:19:03, Remove tracking
2020-01-27T16:21:03, Write to /TRANSMIT.csv: 2009-05-14T16:02:03,3.99,2532.00,-7.9,39
2023-03-08T06:25:03, Number of rows in /TRANSMIT.csv: 4
2003-01-30T16:00:03, Current hour = 16, Transmission hour = 1
2003-01-30T16:00:03, Current hour = 16, Transmission hour = 6
2003-01-30T16:00:03, Current hour = 16, Transmission hour = 8
2003-01-30T16:00:03, Current hour = 16, Transmission hour = 10
2003-01-30T16:00:03, Current hour = 16, Transmission hour = 15
2003-01-30T16:00:03, Current hour = 16, Transmission hour = 20
2003-01-30T16:00:03, Current hour = 16, Transmission hour = 22
2020-01-27T16:19:03, Done loop ...
2020-01-27T16:19:03, ... powering down.
2020-01-27T16:19:03, RTC Initialization Failed
2020-01-27T16:20:03, Setup Complete
2020-01-27T16:21:03, Data: 2009-05-14T16:02:03,3.99,25627,2536.00,2549.00,2541.00,-6.40,39.38,2.13,881.31
2020-01-27T16:19:03, Add row to /TRACKING.csv
2023-03-18T06:25:03, Number of rows in /TRACKING.csv: 1
2020-01-27T16:19:03, Done loop ...
2020-01-27T16:19:03, ... powering down.
2020-01-27T16:19:03, RTC Initialization Failed
2020-01-27T16:20:03, Setup Complete
2020-01-27T16:21:03, Data: 2000-01-19T16:11:03,4.00,25627,2560.00,2588.00,2574.50,-5.23,42.89,3.57,881.27
2020-01-27T16:19:03, Add row to /TRACKING.csv
2023-03-08T06:25:03, Number of rows in /TRACKING.csv: 2
2020-01-27T16:19:03, Done loop ...
2020-01-27T16:19:03, ... powering down.
2020-01-27T16:19:03, RTC Initialization Failed
2020-01-27T16:20:03, Setup Complete
2020-01-27T16:21:03, Data: 2009-05-14T16:02:03,3.99,25627,2564.00,2580.00,2572.50,-5.36,37.22,4.25,881.21
2020-01-27T16:19:03, Add row to /TRACKING.csv
2023-03-08T06:25:03, Number of rows in /TRACKING.csv: 3
2020-01-27T16:19:03, Done loop ...
2020-01-27T16:19:03, ... powering down.
2020-01-27T16:19:03, RTC Initialization Failed
2020-01-27T16:20:03, Setup Complete
2020-01-27T16:21:03, Data: 2009-05-14T16:02:03,3.99,25627,2546.00,2571.00,2556.50,-7.01,44.41,3.52,881.24
2020-01-27T16:19:03, Add row to /TRACKING.csv
2011-11-25T17:24:03, Number of rows in /TRACKING.csv: 4
2020-01-27T16:21:03, Number of rows in /TRACKING.csv is >= 4
2020-01-27T16:19:03, Remove tracking
2020-01-27T16:21:03, Write to /TRANSMIT.csv: 2009-05-14T16:02:03,3.99,2546.00,-7.0,44
2023-03-18T06:25:03, Number of rows in /TRANSMIT.csv: 5
2003-01-30T16:00:03, Current hour = 16, Transmission hour = 1
2001-03-26T16:00:03, 1416026248-10649:249-10449:253-06939:253-07939:255-07044
2020-01-27T16:25:03,  - attempt to send message: 1416026248-10649:249-10449:253-06939:253-07939:255-07044
2020-01-27T16:21:03,  - Modem begin successful
2020-01-27T16:20:03,  - Sending...
2020-01-27T16:21:03,  - Send response: 
2020-01-27T16:21:03,   - Sync clocks... 
2020-01-27T16:24:03,  - Arduino Old Time: 2000-00-20T00:84:03
2020-01-27T16:24:03,  - Arduino New Time: 2002-00-19T54:50:03
2020-01-27T16:24:03, Message sent! Removing /TRANSMIT.csv
2020-01-27T16:19:03, Done loop ...
2020-01-27T16:19:03, ... powering down.
2020-01-27T16:19:03, RTC Initialization Failed
2020-01-27T16:20:03, Setup Complete
2020-01-27T16:21:03, Data: 2009-05-14T16:02:03,3.99,25627,2536.00,2548.00,2542.00,-4.66,36.84,3.22,881.50
2020-01-27T16:19:03, Add row to /TRACKING.csv
2023-03-18T06:25:03, Number of rows in /TRACKING.csv: 1
2020-01-27T16:19:03, Done loop ...
2020-01-27T16:19:03, ... powering down.
2020-01-27T16:19:03, RTC Initialization Failed
2020-01-27T16:20:03, Setup Complete
2020-01-27T16:21:03, Data: 2009-05-14T16:02:03,4.00,25627,2554.00,2571.00,2558.00,-5.53,36.93,4.16,881.44
2020-01-27T16:19:03, Add row to /TRACKING.csv
2023-03-18T06:25:03, Number of rows in /TRACKING.csv: 2
2020-01-27T16:19:03, Done loop ...
2020-01-27T16:19:03, ... powering down.
2020-01-27T16:19:03, RTC Initialization Failed
2020-01-27T16:20:03, Setup Complete
2020-01-27T16:21:03, Data: 2009-05-14T16:02:03,3.98,25627,2542.00,2559.00,2549.00,-5.93,39.22,4.00,881.21
2020-01-27T16:19:03, Add row to /TRACKING.csv
2023-03-18T06:25:03, Number of rows in /TRACKING.csv: 3
2020-01-27T16:19:03, Done loop ...
2020-01-27T16:19:03, ... powering down.
2020-01-27T16:19:03, RTC Initialization Failed
2020-01-27T16:20:03, Setup Complete
2020-01-27T16:21:03, Data: 2009-05-14T16:02:03,4.00,25627,2535.00,2548.00,2544.50,-6.76,44.17,3.23,881.37
2020-01-27T16:19:03, Add row to /TRACKING.csv
2023-03-18T06:25:03, Number of rows in /TRACKING.csv: 4
2020-01-27T16:21:03, Number of rows in /TRACKING.csv is >= 4
2020-01-27T16:19:03, Remove tracking
2020-01-27T16:21:03, Write to /TRANSMIT.csv: 2009-05-14T16:02:03,4.00,2535.00,-6.8,44
2023-03-18T06:25:03, Number of rows in /TRANSMIT.csv: 1
2020-01-27T16:21:03, Current hour = 16, Transmission hour = 1
2020-01-27T16:21:03, Current hour = 16, Transmission hour = 6
2020-01-27T16:21:03, Current hour = 16, Transmission hour = 8
2020-01-27T16:21:03, Current hour = 16, Transmission hour = 10
2020-01-27T16:21:03, Current hour = 16, Transmission hour = 15
2020-01-27T16:21:03, Current hour = 16, Transmission hour = 20
2020-01-27T16:21:03, Current hour = 16, Transmission hour = 22
2020-01-27T16:19:03, Done loop ...
2020-01-27T16:19:03, ... powering down.
2020-01-27T16:19:03, RTC Initialization Failed
2020-01-27T16:20:03, Setup Complete
2020-01-27T16:21:03, Data: 2009-05-14T16:02:03,3.98,25627,2527.00,2543.00,2536.50,-6.40,49.08,1.60,881.18
2020-01-27T16:19:03, Add row to /TRACKING.csv
2023-03-18T06:25:03, Number of rows in /TRACKING.csv: 1
2020-01-27T16:19:03, Done loop ...
2020-01-27T16:19:03, ... powering down.
2020-01-27T16:19:03, RTC Initialization Failed
2020-01-27T16:20:03, Setup Complete
2020-01-27T16:21:03, Data: 2009-05-14T16:02:03,4.00,25627,2528.00,2542.00,2535.50,-6.33,41.74,0.52,881.37
2020-01-27T16:19:03, Add row to /TRACKING.csv
2023-03-08T06:25:03, Number of rows in /TRACKING.csv: 2
2020-01-27T16:19:03, Done loop ...
2020-01-27T16:19:03, ... powering down.
2020-01-27T16:19:03, RTC Initialization Failed
2020-01-27T16:20:03, Setup Complete
2020-01-27T16:21:03, Data: 2009-05-14T16:02:03,4.00,25627,2523.00,2534.00,2528.50,-6.95,44.88,0.51,881.18
2020-01-27T16:19:03, Add row to /TRACKING.csv
2023-03-18T06:25:03, Number of rows in /TRACKING.csv: 3
2020-01-27T16:19:03, Done loop ...
2020-01-27T16:19:03, ... powering down.
2020-01-27T16:19:03, RTC Initialization Failed
2020-01-27T16:20:03, Setup Complete
2020-01-27T16:20:03, Data: 2009-05-14T16:02:03,3.98,25627,2518.00,2532.00,2526.50,-8.25,47.51,-0.58,881.27
2020-01-27T16:19:03, Add row to /TRACKING.csv
2023-03-08T06:25:03, Number of rows in /TRACKING.csv: 4
2020-01-27T16:21:03, Number of rows in /TRACKING.csv is >= 4
2020-01-27T16:19:03, Remove tracking
2020-01-27T16:21:03, Write to /TRANSMIT.csv: 2009-05-14T16:02:03,3.98,2518.00,-8.2,48
2023-03-08T06:25:03, Number of rows in /TRANSMIT.csv: 2
2020-01-27T16:23:03, Current hour = 16, Transmission hour = 1
2020-01-27T16:23:03, Current hour = 16, Transmission hour = 6
2020-01-27T16:23:03, Current hour = 16, Transmission hour = 8
2020-01-27T16:23:03, Current hour = 16, Transmission hour = 10
2020-01-27T16:23:03, Current hour = 16, Transmission hour = 15
2020-01-27T16:23:03, Current hour = 16, Transmission hour = 20
2020-01-27T16:23:03, Current hour = 16, Transmission hour = 22
2020-01-27T16:19:03, Done loop ...
2020-01-27T16:19:03, ... powering down.
2020-01-27T16:19:03, RTC Initialization Failed
2020-01-27T16:20:03, Setup Complete
2020-01-27T16:20:03, Data: 2009-05-14T16:02:03,3.99,25627,2514.00,2526.00,2520.00,-7.31,43.35,-0.84,881.25
2020-01-27T16:19:03, Add row to /TRACKING.csv
2023-03-18T06:25:03, Number of rows in /TRACKING.csv: 1
2020-01-27T16:19:03, Done loop ...
2020-01-27T16:19:03, ... powering down.
2020-01-27T16:19:03, RTC Initialization Failed
2020-01-27T16:20:03, Setup Complete
2020-01-27T16:20:03, Data: 2009-05-14T16:02:03,4.00,25627,2515.00,2524.00,2521.50,-7.36,43.89,-0.36,880.99
2020-01-27T16:19:03, Add row to /TRACKING.csv
2023-03-08T06:25:03, Number of rows in /TRACKING.csv: 2
2020-01-27T16:19:03, Done loop ...
2020-01-27T16:19:03, ... powering down.
2020-01-27T16:19:03, RTC Initialization Failed
2020-01-27T16:20:03, Setup Complete
2020-01-27T16:20:03, Data: 2009-05-14T16:02:03,3.89,25627,2502.00,2514.00,2508.50,-7.97,46.08,-2.13,880.95
2020-01-27T16:19:03, Add row to /TRACKING.csv
2023-03-08T06:25:03, Number of rows in /TRACKING.csv: 3
2020-01-27T16:19:03, Done loop ...
2020-01-27T16:19:03, ... powering down.
2020-01-27T16:19:03, RTC Initialization Failed
2020-01-27T16:20:03, Setup Complete
2020-01-27T16:20:03, Data: 2009-05-14T16:02:03,3.88,25627,2499.00,2509.00,2505.00,-8.22,46.94,-2.19,881.05
2020-01-27T16:19:03, Add row to /TRACKING.csv
2023-03-08T06:25:03, Number of rows in /TRACKING.csv: 4
2020-01-27T16:21:03, Number of rows in /TRACKING.csv is >= 4
2020-01-27T16:19:03, Remove tracking
2020-01-27T16:20:03, Write to /TRANSMIT.csv: 2009-05-14T16:02:03,3.88,2499.00,-8.2,47
2023-03-08T06:25:03, Number of rows in /TRANSMIT.csv: 3
2003-01-30T16:00:03, Current hour = 16, Transmission hour = 1
2003-01-30T16:00:03, Current hour = 16, Transmission hour = 6
2003-01-30T16:00:03, Current hour = 16, Transmission hour = 8
2003-01-30T16:00:03, Current hour = 16, Transmission hour = 10
2003-01-30T16:00:03, Current hour = 16, Transmission hour = 15
2003-01-30T16:00:03, Current hour = 16, Transmission hour = 20
2003-01-30T16:00:03, Current hour = 16, Transmission hour = 22
2020-01-27T16:19:03, Done loop ...
2020-01-27T16:19:03, ... powering down.
2020-01-27T16:19:03, RTC Initialization Failed
2020-01-27T16:20:03, Setup Complete
2020-01-27T16:20:03, Data: 2009-05-14T16:02:03,3.88,25627,2504.00,2519.00,2507.00,-8.17,45.66,-2.14,880.90
2020-01-27T16:19:03, Add row to /TRACKING.csv
2023-03-18T06:25:03, Number of rows in /TRACKING.csv: 1
2020-01-27T16:19:03, Done loop ...
2020-01-27T16:19:03, ... powering down.
2020-01-27T16:19:03, RTC Initialization Failed
2020-01-27T16:20:03, Setup Complete
2020-01-27T16:20:03, Data: 2000-01-19T16:11:03,3.85,25627,2497.00,2505.00,2501.00,-9.16,50.13,-4.27,880.83
2020-01-27T16:19:03, Add row to /TRACKING.csv
2023-03-18T06:25:03, Number of rows in /TRACKING.csv: 2
2020-01-27T16:19:03, Done loop ...
2020-01-27T16:19:03, ... powering down.
2020-01-27T16:19:03, RTC Initialization Failed
2020-01-27T16:20:03, Setup Complete
2020-01-27T16:20:03, Data: 2009-05-14T16:02:03,3.86,25627,2493.00,2503.00,2497.00,-9.49,52.40,-5.36,880.88
2020-01-27T16:19:03, Add row to /TRACKING.csv
2023-03-18T06:25:03, Number of rows in /TRACKING.csv: 3
2020-01-27T16:19:03, Done loop ...
2020-01-27T16:19:03, ... powering down.
2020-01-27T16:19:03, RTC Initialization Failed
2020-01-27T16:20:03, Setup Complete
2020-01-27T16:20:03, Data: 2009-05-14T16:02:03,3.83,25627,2495.00,2505.00,2499.50,-9.12,51.60,-5.74,880.86
2020-01-27T16:19:03, Add row to /TRACKING.csv
2023-03-18T07:45:03, Number of rows in /TRACKING.csv: 4
2020-01-27T16:21:03, Number of rows in /TRACKING.csv is >= 4
2020-01-27T16:19:03, Remove tracking
2020-01-27T16:20:03, Write to /TRANSMIT.csv: 2009-05-14T16:02:03,3.83,2495.00,-9.1,52
2023-03-18T07:45:03, Number of rows in /TRANSMIT.csv: 4
2003-01-30T16:00:03, Current hour = 16, Transmission hour = 1
2003-01-30T16:00:03, Current hour = 16, Transmission hour = 6
2003-01-30T16:00:03, Current hour = 16, Transmission hour = 8
2003-01-30T16:00:03, Current hour = 16, Transmission hour = 10
2003-01-30T16:00:03, Current hour = 16, Transmission hour = 15
2003-01-30T16:00:03, Current hour = 16, Transmission hour = 20
2003-01-30T16:00:03, Current hour = 16, Transmission hour = 22
2020-01-27T16:19:03, Done loop ...
2020-01-27T16:19:03, ... powering down.
2020-01-27T16:19:03, RTC Initialization Failed
2020-01-27T16:20:03, Setup Complete
2020-01-27T16:21:03, Data: 2009-05-14T16:02:03,3.76,25627,2492.00,2500.00,2495.00,-10.11,54.50,-7.30,880.78
2020-01-27T16:19:03, Add row to /TRACKING.csv
2023-03-18T07:45:03, Number of rows in /TRACKING.csv: 1
2020-01-27T16:19:03, Done loop ...
2020-01-27T16:19:03, ... powering down.
2020-01-27T16:19:03, RTC Initialization Failed
2020-01-27T16:20:03, Setup Complete
2020-01-27T16:21:03, Data: 2009-05-14T16:02:03,3.74,25627,2489.00,2494.00,2493.00,-10.35,55.92,-8.98,880.91
2020-01-27T16:19:03, Add row to /TRACKING.csv
2023-03-18T06:25:03, Number of rows in /TRACKING.csv: 2
2020-01-27T16:19:03, Done loop ...
2020-01-27T16:19:03, ... powering down.
2020-01-27T16:19:03, RTC Initialization Failed
2020-01-27T16:20:03, Setup Complete
2020-01-27T16:21:03, Data: 2009-05-14T16:02:03,3.74,25627,2486.00,2497.00,2491.00,-10.74,56.16,-10.27,880.87
2020-01-27T16:19:03, Add row to /TRACKING.csv
2023-03-18T07:45:03, Number of rows in /TRACKING.csv: 3
2020-01-27T16:19:03, Done loop ...
2020-01-27T16:19:03, ... powering down.
2020-01-27T16:19:03, RTC Initialization Failed
2020-01-27T16:20:03, Setup Complete
2020-01-27T16:21:03, Data: 2009-05-14T16:02:03,3.73,25627,2481.00,2491.00,2486.00,-10.89,57.36,-11.30,880.86
2020-01-27T16:19:03, Add row to /TRACKING.csv
2023-03-18T07:45:03, Number of rows in /TRACKING.csv: 4
2020-01-27T16:21:03, Number of rows in /TRACKING.csv is >= 4
2020-01-27T16:19:03, Remove tracking
2020-01-27T16:21:03, Write to /TRANSMIT.csv: 2009-05-14T16:02:03,3.73,2481.00,-10.9,57
2023-03-18T07:45:03, Number of rows in /TRANSMIT.csv: 5
2003-01-30T16:00:03, Current hour = 16, Transmission hour = 1
2001-03-26T16:00:03, 1416024254-06844:252-08248:250-08247:250-09152:248-10957
2020-01-27T16:25:03,  - attempt to send message: 1416024254-06844:252-08248:250-08247:250-09152:248-10957
2020-01-27T16:21:03,  - Modem begin successful
2020-01-27T16:21:03,  - Sending...
2020-01-27T16:20:03,  response: 
2020-01-27T16:20:03,  - Retry...
2020-01-27T16:21:03,    - Sending...
2022-10-04T16:00:03,    - Send response: 10
2020-01-27T16:21:03,  Sync clocks... 
2020-01-27T16:21:03,  - Clock was not synced
2022-10-04T16:00:03, Transmission failed. Error = 10
2020-01-27T16:19:03, Done loop ...
2020-01-27T16:19:03, ... powering down.
2020-01-27T16:19:03, RTC Initialization Failed
2020-01-27T16:20:03, Setup Complete
2020-01-27T16:21:03, Data: 2009-05-14T16:02:03,3.73,25627,2491.00,2499.00,2495.00,-10.92,56.83,-11.82,880.80
2020-01-27T16:19:03, Add row to /TRACKING.csv
2023-03-18T07:45:03, Number of rows in /TRACKING.csv: 1
2020-01-27T16:19:03, Done loop ...
2020-01-27T16:19:03, ... powering down.
2020-01-27T16:19:03, RTC Initialization Failed
2020-01-27T16:20:03, Setup Complete
2020-01-27T16:21:03, Data: 2009-05-14T16:02:03,3.73,25627,2476.00,2491.00,2485.00,-10.97,57.73,-12.25,880.87
2020-01-27T16:19:03, Add row to /TRACKING.csv
2023-03-18T07:45:03, Number of rows in /TRACKING.csv: 2
2020-01-27T16:19:03, Done loop ...
2020-01-27T16:19:03, ... powering down.
2020-01-27T16:19:03, RTC Initialization Failed
2020-01-27T16:20:03, Setup Complete
2020-01-27T16:21:03, Data: 2009-05-14T16:02:03,3.73,25627,2483.00,2491.00,2488.50,-11.10,58.44,-12.43,880.97
2020-01-27T16:19:03, Add row to /TRACKING.csv
2023-03-18T07:45:03, Number of rows in /TRACKING.csv: 3
2020-01-27T16:19:03, Done loop ...
2020-01-27T16:19:03, ... powering down.
2020-01-27T16:19:03, RTC Initialization Failed
2020-01-27T16:20:03, Setup Complete
2020-01-27T16:21:03, Data: 2009-05-14T16:02:03,3.73,25627,2485.00,2492.00,2487.00,-11.40,59.63,-12.65,880.83
2020-01-27T16:19:03, Add row to /TRACKING.csv
2023-03-18T07:45:03, Number of rows in /TRACKING.csv: 4
2020-01-27T16:21:03, Number of rows in /TRACKING.csv is >= 4
2020-01-27T16:19:03, Remove tracking
2020-01-27T16:21:03, Write to /TRANSMIT.csv: 2009-05-14T16:02:03,3.73,2485.00,-11.4,60
2023-03-18T07:45:03, Number of rows in /TRANSMIT.csv: 6
2020-01-27T16:23:03, Current hour = 16, Transmission hour = 1
2001-03-26T16:00:03, 1416024254-06844:252-08248:250-08247:250-09152:248-10957:249-11460
2020-01-27T16:25:03,  - attempt to send message: 1416024254-06844:252-08248:250-08247:250-09152:248-10957:249-11460
2020-01-27T16:20:03,  - Modem begin successful
2020-01-27T16:21:03,  - Sending...
2020-01-27T16:20:03,  - Send response: 
2020-01-27T16:20:03,   - Sync clocks... 
2020-01-27T16:25:03,  - Arduino Old Time: 2000-00-20T00:84:03
2020-01-27T16:25:03,  - Arduino New Time: 2002-00-02T38:07:03
2020-01-27T16:22:03, Message sent! Removing /TRANSMIT.csv
2020-01-27T16:19:03, Done loop ...
2020-01-27T16:19:03, ... powering down.
2020-01-27T16:19:03, RTC Initialization Failed
2020-01-27T16:20:03, Setup Complete
2020-01-27T16:21:03, Data: 2009-05-14T16:02:03,3.72,25627,2487.00,2497.00,2487.50,-11.19,59.57,-12.79,880.92
2020-01-27T16:19:03, Add row to /TRACKING.csv
2023-03-18T07:45:03, Number of rows in /TRACKING.csv: 1
2020-01-27T16:19:03, Done loop ...
2020-01-27T16:19:03, ... powering down.
2020-01-27T16:19:03, RTC Initialization Failed
2020-01-27T16:20:03, Setup Complete
2020-01-27T16:21:03, Data: 2009-05-14T16:02:03,3.73,25627,2484.00,2494.00,2490.50,-11.50,61.02,-12.92,880.86
2020-01-27T16:19:03, Add row to /TRACKING.csv
2023-03-18T07:45:03, Number of rows in /TRACKING.csv: 2
2020-01-27T16:19:03, Done loop ...
2020-01-27T16:19:03, ... powering down.
2020-01-27T16:19:03, RTC Initialization Failed
2020-01-27T16:20:03, Setup Complete
2020-01-27T16:21:03, Data: 2009-05-14T16:02:03,3.72,25627,2480.00,2492.00,2487.00,-11.38,61.14,-13.06,880.95
2020-01-27T16:19:03, Add row to /TRACKING.csv
2023-03-18T07:45:03, Number of rows in /TRACKING.csv: 3
2020-01-27T16:19:03, Done loop ...
2020-01-27T16:19:03, ... powering down.
2020-01-27T16:19:03, RTC Initialization Failed
2020-01-27T16:20:03, Setup Complete
2020-01-27T16:21:03, Data: 2009-05-14T16:02:03,3.72,25627,2486.00,2496.00,2492.50,-11.64,63.18,-13.21,880.88
2020-01-27T16:19:03, Add row to /TRACKING.csv
2023-03-18T07:45:03, Number of rows in /TRACKING.csv: 4
2020-01-27T16:21:03, Number of rows in /TRACKING.csv is >= 4
2020-01-27T16:19:03, Remove tracking
2020-01-27T16:21:03, Write to /TRANSMIT.csv: 2009-05-14T16:02:03,3.72,2486.00,-11.6,63
2023-03-18T07:45:03, Number of rows in /TRANSMIT.csv: 1
2020-01-27T16:23:03, Current hour = 16, Transmission hour = 1
2020-01-27T16:23:03, Current hour = 16, Transmission hour = 6
2020-01-27T16:23:03, Current hour = 16, Transmission hour = 8
2020-01-27T16:23:03, Current hour = 16, Transmission hour = 10
2020-01-27T16:23:03, Current hour = 16, Transmission hour = 15
2020-01-27T16:23:03, Current hour = 16, Transmission hour = 20
2020-01-27T16:23:03, Current hour = 16, Transmission hour = 22
2020-01-27T16:19:03, Done loop ...
2020-01-27T16:19:03, ... powering down.
2020-01-27T16:19:03, RTC Initialization Failed
2020-01-27T16:20:03, Setup Complete
2020-01-27T16:21:03, Data: 2009-05-14T16:02:03,3.72,25627,2484.00,2490.00,2485.50,-11.59,64.31,-13.21,880.79
2020-01-27T16:19:03, Add row to /TRACKING.csv
2023-03-18T07:45:03, Number of rows in /TRACKING.csv: 1
2020-01-27T16:19:03, Done loop ...
2020-01-27T16:19:03, ... powering down.
2020-01-27T16:19:03, RTC Initialization Failed
2020-01-27T16:20:03, Setup Complete
2000-12-19T16:00:03, Data: 2009-05-14T16:02:03,3.72,25627,2483.00,2498.00,2489.50,-11.23,62.82,-13.15,880.87
2020-01-27T16:19:03, Add row to /TRACKING.csv
2023-03-18T07:45:03, Number of rows in /TRACKING.csv: 2
2020-01-27T16:19:03, Done loop ...
2020-01-27T16:19:03, ... powering down.
2020-01-27T16:19:03, RTC Initialization Failed
2020-01-27T16:20:03, Setup Complete
2020-01-27T16:21:03, Data: 2009-05-14T16:02:03,3.72,25627,2486.00,2496.00,2489.50,-11.63,64.76,-13.06,881.00
2020-01-27T16:19:03, Add row to /TRACKING.csv
2023-03-08T07:45:03, Number of rows in /TRACKING.csv: 3
2020-01-27T16:19:03, Done loop ...
2020-01-27T16:19:03, ... powering down.
2020-01-27T16:19:03, RTC Initialization Failed
2020-01-27T16:20:03, Setup Complete
2020-01-27T16:21:03, Data: 2009-05-14T16:02:03,3.72,25627,2486.00,2493.00,2490.00,-11.91,67.43,-13.04,880.98
2020-01-27T16:19:03, Add row to /TRACKING.csv
2023-03-18T07:45:03, Number of rows in /TRACKING.csv: 4
2020-01-27T16:21:03, Number of rows in /TRACKING.csv is >= 4
2020-01-27T16:19:03, Remove tracking
2020-01-27T16:21:03, Write to /TRANSMIT.csv: 2009-05-14T16:02:03,3.72,2486.00,-11.9,67
2023-03-18T07:45:03, Number of rows in /TRANSMIT.csv: 2
2020-01-27T16:22:03, Current hour = 16, Transmission hour = 1
2020-01-27T16:22:03, Current hour = 16, Transmission hour = 6
2020-01-27T16:22:03, Current hour = 16, Transmission hour = 8
2020-01-27T16:22:03, Current hour = 16, Transmission hour = 10
2020-01-27T16:22:03, Current hour = 16, Transmission hour = 15
2020-01-27T16:22:03, Current hour = 16, Transmission hour = 20
2020-01-27T16:22:03, Current hour = 16, Transmission hour = 22
2020-01-27T16:19:03, Done loop ...
2020-01-27T16:19:03, ... powering down.
2020-01-27T16:19:03, RTC Initialization Failed
2020-01-27T16:20:03, Setup Complete
2020-01-27T16:21:03, Data: 2009-05-14T16:02:03,3.72,25627,2486.00,2494.00,2491.50,-11.91,66.78,-13.16,880.98
2020-01-27T16:19:03, Add row to /TRACKING.csv
2023-03-18T07:45:03, Number of rows in /TRACKING.csv: 1
2020-01-27T16:19:03, Done loop ...
2020-01-27T16:19:03, ... powering down.
2020-01-27T16:19:03, RTC Initialization Failed
2020-01-27T16:20:03, Setup Complete
2020-01-27T16:21:03, Data: 2011-11-25T16:09:03,3.71,25627,2489.00,2497.00,2491.00,-11.82,67.01,-13.54,881.06
2020-01-27T16:19:03, Add row to /TRACKING.csv
2023-03-18T07:45:03, Number of rows in /TRACKING.csv: 2
2020-01-27T16:19:03, Done loop ...
2020-01-27T16:19:03, ... powering down.
2020-01-27T16:19:03, RTC Initialization Failed
2020-01-27T16:20:03, Setup Complete
2020-01-27T16:21:03, Data: 2009-05-14T16:02:03,3.72,25627,2486.00,2495.00,2491.00,-12.15,67.82,-13.56,880.86
2020-01-27T16:19:03, Add row to /TRACKING.csv
2023-03-18T07:45:03, Number of rows in /TRACKING.csv: 3
2020-01-27T16:19:03, Done loop ...
2020-01-27T16:19:03, ... powering down.
2020-01-27T16:19:03, RTC Initialization Failed
2020-01-27T16:20:03, Setup Complete
2020-01-27T16:21:03, Data: 2009-05-14T16:02:03,3.71,25627,2485.00,2496.00,2489.00,-11.63,66.00,-13.61,880.98
2020-01-27T16:19:03, Add row to /TRACKING.csv
2023-03-18T07:45:03, Number of rows in /TRACKING.csv: 4
2020-01-27T16:21:03, Number of rows in /TRACKING.csv is >= 4
2020-01-27T16:19:03, Remove tracking
2020-01-27T16:21:03, Write to /TRANSMIT.csv: 2009-05-14T16:02:03,3.71,2485.00,-11.6,66
2023-03-18T07:45:03, Number of rows in /TRANSMIT.csv: 3
2003-01-30T16:00:03, Current hour = 16, Transmission hour = 1
2003-01-30T16:00:03, Current hour = 16, Transmission hour = 6
2003-01-30T16:00:03, Current hour = 16, Transmission hour = 8
2003-01-30T16:00:03, Current hour = 16, Transmission hour = 10
2003-01-30T16:00:03, Current hour = 16, Transmission hour = 15
2003-01-30T16:00:03, Current hour = 16, Transmission hour = 20
2003-01-30T16:00:03, Current hour = 16, Transmission hour = 22
2020-01-27T16:19:03, Done loop ...
2020-01-27T16:19:03, ... powering down.
2020-01-27T16:19:03, RTC Initialization Failed
2020-01-27T16:20:03, Setup Complete
2020-01-27T16:21:03, Data: 2009-05-14T16:02:03,3.71,25627,2490.00,2499.00,2493.00,-11.42,65.44,-13.33,881.03
2020-01-27T16:19:03, Add row to /TRACKING.csv
2023-03-18T07:45:03, Number of rows in /TRACKING.csv: 1
2020-01-27T16:19:03, Done loop ...
2020-01-27T16:19:03, ... powering down.
2020-01-27T16:19:03, RTC Initialization Failed
2020-01-27T16:20:03, Setup Complete
2020-01-27T16:21:03, Data: 2009-05-14T16:02:03,3.71,25627,2487.00,2493.00,2491.00,-11.69,66.62,-13.35,881.15
2020-01-27T16:19:03, Add row to /TRACKING.csv
2023-03-18T07:45:03, Number of rows in /TRACKING.csv: 2
2020-01-27T16:19:03, Done loop ...
2020-01-27T16:19:03, ... powering down.
2020-01-27T16:19:03, RTC Initialization Failed
2020-01-27T16:20:03, Setup Complete
2020-01-27T16:21:03, Data: 2009-05-14T16:02:03,3.72,25627,2493.00,2498.00,2495.50,-11.95,67.68,-13.40,881.05
2020-01-27T16:19:03, Add row to /TRACKING.csv
2023-03-18T07:45:03, Number of rows in /TRACKING.csv: 3
2020-01-27T16:19:03, Done loop ...
2020-01-27T16:19:03, ... powering down.
2020-01-27T16:19:03, RTC Initialization Failed
2020-01-27T16:20:03, Setup Complete
2020-01-27T16:21:03, Data: 2009-05-14T16:02:03,3.72,25627,2486.00,2499.00,2493.00,-11.70,66.20,-13.39,881.12
2020-01-27T16:19:03, Add row to /TRACKING.csv
2023-03-18T07:45:03, Number of rows in /TRACKING.csv: 4
2020-01-27T16:21:03, Number of rows in /TRACKING.csv is >= 4
2020-01-27T16:19:03, Remove tracking
2020-01-27T16:21:03, Write to /TRANSMIT.csv: 2009-05-14T16:02:03,3.72,2486.00,-11.7,66
2023-03-18T07:45:03, Number of rows in /TRANSMIT.csv: 4
2003-01-30T16:00:03, Current hour = 16, Transmission hour = 1
2003-01-30T16:00:03, Current hour = 16, Transmission hour = 6
2003-01-30T16:00:03, Current hour = 16, Transmission hour = 8
2003-01-30T16:00:03, Current hour = 16, Transmission hour = 10
2003-01-30T16:00:03, Current hour = 16, Transmission hour = 15
2003-01-30T16:00:03, Current hour = 16, Transmission hour = 20
2003-01-30T16:00:03, Current hour = 16, Transmission hour = 22
2020-01-27T16:19:03, Done loop ...
2020-01-27T16:19:03, ... powering down.
2020-01-27T16:19:03, RTC Initialization Failed
2020-01-27T16:20:03, Setup Complete
2020-01-27T16:21:03, Data: 2009-05-14T16:02:03,3.70,25627,2489.00,2493.00,2491.00,-12.02,67.43,-13.37,881.08
2020-01-27T16:19:03, Add row to /TRACKING.csv
2023-03-18T07:45:03, Number of rows in /TRACKING.csv: 1
2020-01-27T16:19:03, Done loop ...
2020-01-27T16:19:03, ... powering down.
2020-01-27T16:19:03, RTC Initialization Failed
2020-01-27T16:20:03, Setup Complete
2020-01-27T16:21:03, Data: 2009-05-14T16:02:03,3.72,25627,2489.00,2496.00,2491.50,-11.91,67.30,-13.49,881.08
2020-01-27T16:19:03, Add row to /TRACKING.csv
2023-03-18T07:45:03, Number of rows in /TRACKING.csv: 2
2020-01-27T16:19:03, Done loop ...
2020-01-27T16:19:03, ... powering down.
2020-01-27T16:19:03, RTC Initialization Failed
2020-01-27T16:20:03, Setup Complete
2020-01-27T16:21:03, Data: 2009-05-14T16:02:03,3.72,25627,2491.00,2502.00,2494.50,-12.02,67.60,-13.59,880.95
2020-01-27T16:19:03, Add row to /TRACKING.csv
2023-03-18T07:45:03, Number of rows in /TRACKING.csv: 3
2020-01-27T16:19:03, Done loop ...
2020-01-27T16:19:03, ... powering down.
2020-01-27T16:19:03, RTC Initialization Failed
2020-01-27T16:20:03, Setup Complete
2020-01-27T16:21:03, Data: 2009-05-14T16:02:03,3.71,25627,2490.00,2499.00,2493.50,-12.12,67.97,-13.70,881.03
2020-01-27T16:19:03, Add row to /TRACKING.csv
2023-03-18T07:45:03, Number of rows in /TRACKING.csv: 4
2020-01-27T16:21:03, Number of rows in /TRACKING.csv is >= 4
2020-01-27T16:19:03, Remove tracking
2020-01-27T16:21:03, Write to /TRANSMIT.csv: 2009-05-14T16:02:03,3.71,2490.00,-12.1,68
2023-03-18T07:45:03, Number of rows in /TRANSMIT.csv: 5
2003-01-30T16:00:03, Current hour = 16, Transmission hour = 1
2001-03-26T16:00:03, 1416024249-11663:249-11967:249-11666:249-11766:249-12168
2020-01-27T16:25:03,  - attempt to send message: 1416024249-11663:249-11967:249-11666:249-11766:249-12168
2020-01-27T16:21:03,  - Modem begin successful
2020-01-27T16:21:03,  - Sending...
2020-01-27T16:21:03,  - Send response: 
2020-01-27T16:22:03,   - Sync clocks... 
2020-01-27T16:25:03,  - Arduino Old Time: 2000-00-20T00:84:03
2020-01-27T16:24:03,  - Arduino New Time: 2002-00-08T13:58:03
2020-01-27T16:21:03, Message sent! Removing /TRANSMIT.csv
2020-01-27T16:19:03, Done loop ...
2020-01-27T16:19:03, ... powering down.
2020-01-27T16:19:03, RTC Initialization Failed
2020-01-27T16:20:03, Setup Complete
2020-01-27T16:21:03, Data: 2009-05-14T16:02:03,3.71,25627,2484.00,2497.00,2491.00,-12.18,68.35,-13.83,880.99
2020-01-27T16:19:03, Add row to /TRACKING.csv
2023-03-18T07:45:03, Number of rows in /TRACKING.csv: 1
2020-01-27T16:19:03, Done loop ...
2020-01-27T16:19:03, ... powering down.
2020-01-27T16:19:03, RTC Initialization Failed
2020-01-27T16:20:03, Setup Complete
2020-01-27T16:21:03, Data: 2006-03-21T16:00:03,3.71,25627,2489.00,2493.00,2491.00,-12.22,68.50,-13.89,881.14
2020-01-27T16:19:03, Add row to /TRACKING.csv
2023-03-18T07:45:03, Number of rows in /TRACKING.csv: 2
2020-01-27T16:19:03, Done loop ...
2020-01-27T16:19:03, ... powering down.
2020-01-27T16:19:03, RTC Initialization Failed
2020-01-27T16:20:03, Setup Complete
2020-01-27T16:21:03, Data: 2009-05-14T16:02:03,3.72,25627,2486.00,2496.00,2493.50,-12.19,69.15,-13.78,880.97
2020-01-27T16:19:03, Add row to /TRACKING.csv
2023-03-18T07:45:03, Number of rows in /TRACKING.csv: 3
2020-01-27T16:19:03, Done loop ...
2020-01-27T16:19:03, ... powering down.
2020-01-27T16:19:03, RTC Initialization Failed
2020-01-27T16:20:03, Setup Complete
2020-01-27T16:21:03, Data: 2009-05-14T16:02:03,3.71,25627,2493.00,2503.00,2495.50,-12.05,68.63,-13.71,881.01
2020-01-27T16:19:03, Add row to /TRACKING.csv
2023-03-18T07:45:03, Number of rows in /TRACKING.csv: 4
2020-01-27T16:21:03, Number of rows in /TRACKING.csv is >= 4
2020-01-27T16:19:03, Remove tracking
2020-01-27T16:21:03, Write to /TRANSMIT.csv: 2009-05-14T16:02:03,3.71,2493.00,-12.1,69
2023-03-18T07:45:03, Number of rows in /TRANSMIT.csv: 1
2020-01-27T16:23:03, Current hour = 16, Transmission hour = 1
2020-01-27T16:23:03, Current hour = 16, Transmission hour = 6
2020-01-27T16:23:03, Current hour = 16, Transmission hour = 8
2020-01-27T16:23:03, Current hour = 16, Transmission hour = 10
2020-01-27T16:23:03, Current hour = 16, Transmission hour = 15
2020-01-27T16:23:03, Current hour = 16, Transmission hour = 20
2020-01-27T16:23:03, Current hour = 16, Transmission hour = 22
2020-01-27T16:19:03, Done loop ...
2020-01-27T16:19:03, ... powering down.
2020-01-27T16:19:03, RTC Initialization Failed
2020-01-27T16:20:03, Setup Complete
2020-01-27T16:21:03, Data: 2009-05-14T16:02:03,3.71,25627,2489.00,2505.00,2498.00,-12.45,69.84,-13.88,880.99
2020-01-27T16:19:03, Add row to /TRACKING.csv
2023-03-18T07:45:03, Number of rows in /TRACKING.csv: 1
2020-01-27T16:19:03, Done loop ...
2020-01-27T16:19:03, ... powering down.
2020-01-27T16:19:03, RTC Initialization Failed
2020-01-27T16:20:03, Setup Complete
2020-01-27T16:21:03, Data: 2009-05-14T16:02:03,3.71,25627,2490.00,2500.00,2497.00,-12.49,70.87,-14.08,881.02
2020-01-27T16:19:03, Add row to /TRACKING.csv
2023-03-18T07:45:03, Number of rows in /TRACKING.csv: 2
2020-01-27T16:19:03, Done loop ...
2020-01-27T16:19:03, ... powering down.
2020-01-27T16:19:03, RTC Initialization Failed
2020-01-27T16:20:03, Setup Complete
2020-01-27T16:21:03, Data: 2009-05-14T16:02:03,3.71,25627,2487.00,2499.00,2495.00,-12.77,71.85,-14.12,880.83
2020-01-27T16:19:03, Add row to /TRACKING.csv
2023-03-18T07:45:03, Number of rows in /TRACKING.csv: 3
2020-01-27T16:19:03, Done loop ...
2020-01-27T16:19:03, ... powering down.
2020-01-27T16:19:03, RTC Initialization Failed
2020-01-27T16:20:03, Setup Complete
2020-01-27T16:21:03, Data: 2009-05-14T16:02:03,3.71,25627,2489.00,2493.00,2490.50,-12.60,71.08,-14.20,880.94
2020-01-27T16:19:03, Add row to /TRACKING.csv
2023-03-18T07:45:03, Number of rows in /TRACKING.csv: 4
2020-01-27T16:21:03, Number of rows in /TRACKING.csv is >= 4
2020-01-27T16:19:03, Remove tracking
2020-01-27T16:21:03, Write to /TRANSMIT.csv: 2009-05-14T16:02:03,3.71,2489.00,-12.6,71
2023-03-18T07:45:03, Number of rows in /TRANSMIT.csv: 2
2020-01-27T16:22:03, Current hour = 16, Transmission hour = 1
2020-01-27T16:22:03, Current hour = 16, Transmission hour = 6
2020-01-27T16:22:03, Current hour = 16, Transmission hour = 8
2020-01-27T16:22:03, Current hour = 16, Transmission hour = 10
2020-01-27T16:22:03, Current hour = 16, Transmission hour = 15
2020-01-27T16:22:03, Current hour = 16, Transmission hour = 20
2020-01-27T16:22:03, Current hour = 16, Transmission hour = 22
2020-01-27T16:19:03, Done loop ...
2020-01-27T16:19:03, ... powering down.
2020-01-27T16:19:03, RTC Initialization Failed
2020-01-27T16:20:03, Setup Complete
2020-01-27T16:21:03, Data: 2009-05-14T16:02:03,3.71,25627,2486.00,2498.00,2493.50,-12.43,70.15,-14.32,881.06
2020-01-27T16:19:03, Add row to /TRACKING.csv
2023-03-18T07:45:03, Number of rows in /TRACKING.csv: 1
2020-01-27T16:19:03, Done loop ...
2020-01-27T16:19:03, ... powering down.
2020-01-27T16:19:03, RTC Initialization Failed
2020-01-27T16:20:03, Setup Complete
2020-01-27T16:21:03, Data: 2009-05-14T16:02:03,3.71,25627,2492.00,2500.00,2493.50,-12.54,70.59,-14.23,881.11
2020-01-27T16:19:03, Add row to /TRACKING.csv
2023-03-18T07:45:03, Number of rows in /TRACKING.csv: 2
2020-01-27T16:19:03, Done loop ...
2020-01-27T16:19:03, ... powering down.
2020-01-27T16:19:03, RTC Initialization Failed
2020-01-27T16:20:03, Setup Complete
2020-01-27T16:21:03, Data: 2009-05-14T16:02:03,3.71,25627,2489.00,2500.00,2494.00,-12.53,71.12,-14.35,881.07
2020-01-27T16:19:03, Add row to /TRACKING.csv
2023-03-18T07:45:03, Number of rows in /TRACKING.csv: 3
2020-01-27T16:19:03, Done loop ...
2020-01-27T16:19:03, ... powering down.
2020-01-27T16:19:03, RTC Initialization Failed
2020-01-27T16:20:03, Setup Complete
2020-01-27T16:21:03, Data: 2000-01-19T16:11:03,3.71,25627,2494.00,2501.00,2499.00,-12.83,72.17,-14.29,881.08
2020-01-27T16:19:03, Add row to /TRACKING.csv
2023-03-18T07:45:03, Number of rows in /TRACKING.csv: 4
2020-01-27T16:21:03, Number of rows in /TRACKING.csv is >= 4
2020-01-27T16:19:03, Remove tracking
2020-01-27T16:21:03, Write to /TRANSMIT.csv: 2000-01-19T16:11:03,3.71,2494.00,-12.8,72
2023-03-18T07:45:03, Number of rows in /TRANSMIT.csv: 3
2003-01-30T16:00:03, Current hour = 16, Transmission hour = 1
2003-01-30T16:00:03, Current hour = 16, Transmission hour = 6
2003-01-30T16:00:03, Current hour = 16, Transmission hour = 8
2003-01-30T16:00:03, Current hour = 16, Transmission hour = 10
2003-01-30T16:00:03, Current hour = 16, Transmission hour = 15
2003-01-30T16:00:03, Current hour = 16, Transmission hour = 20
2003-01-30T16:00:03, Current hour = 16, Transmission hour = 22
2020-01-27T16:19:03, Done loop ...
2020-01-27T16:19:03, ... powering down.
2020-01-27T16:19:03, RTC Initialization Failed
2020-01-27T16:20:03, Setup Complete
2020-01-27T16:21:03, Data: 2009-05-14T16:02:03,3.71,25627,2489.00,2498.00,2492.00,-12.88,73.42,-14.44,881.03
2020-01-27T16:19:03, Add row to /TRACKING.csv
2023-03-18T07:45:03, Number of rows in /TRACKING.csv: 1
2020-01-27T16:19:03, Done loop ...
2020-01-27T16:19:03, ... powering down.
2020-01-27T16:19:03, RTC Initialization Failed
2020-01-27T16:20:03, Setup Complete
2020-01-27T16:21:03, Data: 2009-05-14T16:02:03,3.71,25627,2491.00,2497.00,2494.00,-12.46,69.85,-14.47,881.08
2020-01-27T16:19:03, Add row to /TRACKING.csv
2023-03-18T07:45:03, Number of rows in /TRACKING.csv: 2
2020-01-27T16:19:03, Done loop ...
2020-01-27T16:19:03, ... powering down.
2020-01-27T16:19:03, RTC Initialization Failed
2020-01-27T16:20:03, Setup Complete
2020-01-27T16:21:03, Data: 2009-05-14T16:02:03,3.71,25627,2496.00,2501.00,2498.50,-12.49,70.16,-14.38,880.99
2020-01-27T16:19:03, Add row to /TRACKING.csv
2023-03-18T07:45:03, Number of rows in /TRACKING.csv: 3
2020-01-27T16:19:03, Done loop ...
2020-01-27T16:19:03, ... powering down.
2020-01-27T16:19:03, RTC Initialization Failed
2020-01-27T16:20:03, Setup Complete
2020-01-27T16:21:03, Data: 2009-05-14T16:02:03,3.71,25627,2491.00,2505.00,2496.00,-12.61,71.18,-14.29,881.09
2020-01-27T16:19:03, Add row to /TRACKING.csv
2023-03-18T07:45:03, Number of rows in /TRACKING.csv: 4
2020-01-27T16:21:03, Number of rows in /TRACKING.csv is >= 4
2020-01-27T16:19:03, Remove tracking
2020-01-27T16:21:03, Write to /TRANSMIT.csv: 2009-05-14T16:02:03,3.71,2491.00,-12.6,71
2023-03-18T07:45:03, Number of rows in /TRANSMIT.csv: 4
2003-01-30T16:00:03, Current hour = 16, Transmission hour = 1
2003-01-30T16:00:03, Current hour = 16, Transmission hour = 6
2003-01-30T16:00:03, Current hour = 16, Transmission hour = 8
2003-01-30T16:00:03, Current hour = 16, Transmission hour = 10
2003-01-30T16:00:03, Current hour = 16, Transmission hour = 15
2003-01-30T16:00:03, Current hour = 16, Transmission hour = 20
2003-01-30T16:00:03, Current hour = 16, Transmission hour = 22
2020-01-27T16:19:03, Done loop ...
2020-01-27T16:19:03, ... powering down.
2020-01-27T16:19:03, RTC Initialization Failed
2020-01-27T16:20:03, Setup Complete
2020-01-27T16:21:03, Data: 2009-05-14T16:02:03,3.71,25627,2490.00,2496.00,2494.00,-13.09,73.34,-14.56,881.04
2020-01-27T16:19:03, Add row to /TRACKING.csv
2023-03-18T07:45:03, Number of rows in /TRACKING.csv: 1
2020-01-27T16:19:03, Done loop ...
2020-01-27T16:19:03, ... powering down.
2020-01-27T16:19:03, RTC Initialization Failed
2020-01-27T16:20:03, Setup Complete
2020-01-27T16:21:03, Data: 2009-05-14T16:02:03,3.71,25627,2488.00,2497.00,2490.50,-13.11,73.37,-14.56,881.02
2020-01-27T16:19:03, Add row to /TRACKING.csv
2023-03-18T07:45:03, Number of rows in /TRACKING.csv: 2
2020-01-27T16:19:03, Done loop ...
2020-01-27T16:19:03, ... powering down.
2020-01-27T16:19:03, RTC Initialization Failed
2020-01-27T16:20:03, Setup Complete
2020-01-27T16:21:03, Data: 2009-05-14T16:02:03,3.71,25627,2496.00,2500.00,2497.00,-12.78,72.00,-14.62,881.05
2020-01-27T16:19:03, Add row to /TRACKING.csv
2023-03-18T07:45:03, Number of rows in /TRACKING.csv: 3
2020-01-27T16:19:03, Done loop ...
2020-01-27T16:19:03, ... powering down.
2020-01-27T16:19:03, RTC Initialization Failed
2020-01-27T16:20:03, Setup Complete
2020-01-27T16:21:03, Data: 2009-05-14T16:02:03,3.71,25627,2488.00,2505.00,2494.00,-12.77,71.75,-14.58,881.07
2020-01-27T16:19:03, Add row to /TRACKING.csv
2023-03-18T07:45:03, Number of rows in /TRACKING.csv: 4
2020-01-27T16:21:03, Number of rows in /TRACKING.csv is >= 4
2020-01-27T16:19:03, Remove tracking
2020-01-27T16:21:03, Write to /TRANSMIT.csv: 2009-05-14T16:02:03,3.71,2488.00,-12.8,72
2023-03-18T07:45:03, Number of rows in /TRANSMIT.csv: 5
2003-01-30T16:00:03, Current hour = 16, Transmission hour = 1
2001-03-26T16:00:03, 1416024249-12169:249-12671:249-12872:249-12671:249-12872
2020-01-27T16:25:03,  - attempt to send message: 1416024249-12169:249-12671:249-12872:249-12671:249-12872
2020-01-27T16:21:03,  - Modem begin successful
2020-01-27T16:21:03,  - Sending...
2020-01-27T16:21:03,  - Send response: 
2020-01-27T16:22:03,   - Sync clocks... 
2020-01-27T16:25:03,  - Arduino Old Time: 2000-00-20T00:84:03
2020-01-27T16:24:03,  - Arduino New Time: 2002-00-13T49:35:03
2020-01-27T16:21:03, Message sent! Removing /TRANSMIT.csv
2020-01-27T16:19:03, Done loop ...
2020-01-27T16:19:03, ... powering down.
2020-01-27T16:19:03, RTC Initialization Failed
2020-01-27T16:20:03, Setup Complete
2020-01-27T16:21:03, Data: 2009-05-14T16:02:03,3.71,25627,2492.00,2504.00,2498.50,-12.53,70.86,-14.27,880.95
2020-01-27T16:19:03, Add row to /TRACKING.csv
2023-03-18T07:45:03, Number of rows in /TRACKING.csv: 1
2020-01-27T16:19:03, Done loop ...
2020-01-27T16:19:03, ... powering down.
2020-01-27T16:19:03, RTC Initialization Failed
2020-01-27T16:20:03, Setup Complete
2020-01-27T16:21:03, Data: 2009-05-14T16:02:03,3.71,25627,2488.00,2500.00,2496.00,-13.12,72.58,-14.57,881.04
2020-01-27T16:19:03, Add row to /TRACKING.csv
2023-03-18T07:45:03, Number of rows in /TRACKING.csv: 2
2020-01-27T16:19:03, Done loop ...
2020-01-27T16:19:03, ... powering down.
2020-01-27T16:19:03, RTC Initialization Failed
2020-01-27T16:20:03, Setup Complete
2020-01-27T16:21:03, Data: 2009-05-14T16:02:03,3.71,25627,2487.00,2500.00,2492.50,-12.45,70.42,-14.62,881.02
2020-01-27T16:19:03, Add row to /TRACKING.csv
2023-03-18T07:45:03, Number of rows in /TRACKING.csv: 3
2020-01-27T16:19:03, Done loop ...
2020-01-27T16:19:03, ... powering down.
2020-01-27T16:19:03, RTC Initialization Failed
2020-01-27T16:20:03, Setup Complete
2020-01-27T16:21:03, Data: 2000-01-19T16:11:03,3.71,25627,2493.00,2500.00,2496.50,-12.73,71.51,-14.69,881.01
2020-01-27T16:19:03, Add row to /TRACKING.csv
2023-03-18T07:45:03, Number of rows in /TRACKING.csv: 4
2020-01-27T16:21:03, Number of rows in /TRACKING.csv is >= 4
2020-01-27T16:19:03, Remove tracking
2020-01-27T16:21:03, Write to /TRANSMIT.csv: 2000-01-19T16:11:03,3.71,2493.00,-12.7,72
2023-03-18T07:45:03, Number of rows in /TRANSMIT.csv: 1
2020-01-27T16:23:03, Current hour = 16, Transmission hour = 1
2020-01-27T16:23:03, Current hour = 16, Transmission hour = 6
2020-01-27T16:23:03, Current hour = 16, Transmission hour = 8
2020-01-27T16:23:03, Current hour = 16, Transmission hour = 10
2020-01-27T16:23:03, Current hour = 16, Transmission hour = 15
2020-01-27T16:23:03, Current hour = 16, Transmission hour = 20
2020-01-27T16:23:03, Current hour = 16, Transmission hour = 22
2020-01-27T16:19:03, Done loop ...
2020-01-27T16:19:03, ... powering down.
2020-01-27T16:19:03, RTC Initialization Failed
2020-01-27T16:20:03, Setup Complete
2020-01-27T16:21:03, Data: 2009-05-14T16:02:03,3.71,25627,2492.00,2499.00,2494.50,-12.99,73.28,-14.65,881.08
2020-01-27T16:19:03, Add row to /TRACKING.csv
2023-03-18T07:45:03, Number of rows in /TRACKING.csv: 1
2020-01-27T16:19:03, Done loop ...
2020-01-27T16:19:03, ... powering down.
2020-01-27T16:19:03, RTC Initialization Failed
2020-01-27T16:20:03, Setup Complete
2020-01-27T16:21:03, Data: 2009-05-14T16:02:03,3.70,25627,2490.00,2499.00,2494.50,-12.43,69.55,-14.70,881.03
2020-01-27T16:19:03, Add row to /TRACKING.csv
2023-03-18T07:45:03, Number of rows in /TRACKING.csv: 2
2020-01-27T16:19:03, Done loop ...
2020-01-27T16:19:03, ... powering down.
2020-01-27T16:19:03, RTC Initialization Failed
2020-01-27T16:20:03, Setup Complete
2020-01-27T16:21:03, Data: 2009-05-14T16:02:03,3.71,25627,2493.00,2501.00,2496.50,-12.32,69.75,-14.60,881.08
2020-01-27T16:19:03, Add row to /TRACKING.csv
2023-03-18T07:45:03, Number of rows in /TRACKING.csv: 3
2020-01-27T16:19:03, Done loop ...
2020-01-27T16:19:03, ... powering down.
2020-01-27T16:19:03, RTC Initialization Failed
2020-01-27T16:20:03, Setup Complete
2020-01-27T16:21:03, Data: 2009-05-14T16:02:03,3.70,25627,2492.00,2500.00,2496.00,-12.92,71.26,-14.58,881.11
2020-01-27T16:19:03, Add row to /TRACKING.csv
2023-03-18T07:45:03, Number of rows in /TRACKING.csv: 4
2020-01-27T16:21:03, Number of rows in /TRACKING.csv is >= 4
2020-01-27T16:19:03, Remove tracking
2020-01-27T16:21:03, Write to /TRANSMIT.csv: 2009-05-14T16:02:03,3.70,2492.00,-12.9,71
2023-03-18T07:45:03, Number of rows in /TRANSMIT.csv: 2
2020-01-27T16:22:03, Current hour = 16, Transmission hour = 1
2020-01-27T16:22:03, Current hour = 16, Transmission hour = 6
2020-01-27T16:22:03, Current hour = 16, Transmission hour = 8
2020-01-27T16:22:03, Current hour = 16, Transmission hour = 10
2020-01-27T16:22:03, Current hour = 16, Transmission hour = 15
2020-01-27T16:22:03, Current hour = 16, Transmission hour = 20
2020-01-27T16:22:03, Current hour = 16, Transmission hour = 22
2020-01-27T16:19:03, Done loop ...
2020-01-27T16:19:03, ... powering down.
2020-01-27T16:19:03, RTC Initialization Failed
2020-01-27T16:20:03, Setup Complete
2020-01-27T16:21:03, Data: 2009-05-14T16:02:03,3.71,25627,2496.00,2503.00,2501.00,-13.06,72.24,-14.58,881.30
2020-01-27T16:19:03, Add row to /TRACKING.csv
2023-03-18T07:45:03, Number of rows in /TRACKING.csv: 1
2020-01-27T16:19:03, Done loop ...
2020-01-27T16:19:03, ... powering down.
2020-01-27T16:19:03, RTC Initialization Failed
2020-01-27T16:20:03, Setup Complete
2043-04-29T09:31:47, Data: 2009-05-14T16:02:03,3.73,25627,2491.00,2503.00,2496.50,-13.37,73.32,-14.61,881.37
2020-01-27T16:19:03, Add row to /TRACKING.csv
2023-03-18T07:45:03, Number of rows in /TRACKING.csv: 2
2020-01-27T16:19:03, Done loop ...
2020-01-27T16:19:03, ... powering down.
2020-01-27T16:19:03, RTC Initialization Failed
2020-01-27T16:20:03, Setup Complete
2020-01-27T16:21:03, Data: 2009-05-14T16:02:03,3.99,25627,2512.00,2523.00,2515.50,-11.33,65.85,-10.04,881.67
2020-01-27T16:19:03, Add row to /TRACKING.csv
2023-03-18T07:45:03, Number of rows in /TRACKING.csv: 3
2020-01-27T16:19:03, Done loop ...
2020-01-27T16:19:03, ... powering down.
2020-01-27T16:19:03, RTC Initialization Failed
2020-01-27T16:20:03, Setup Complete
2020-01-27T16:20:03, Data: 2009-05-14T16:02:03,4.00,25627,2523.00,2536.00,2529.00,-9.90,61.36,-6.00,881.65
2020-01-27T16:19:03, Add row to /TRACKING.csv
2023-03-18T07:45:03, Number of rows in /TRACKING.csv: 4
2020-01-27T16:21:03, Number of rows in /TRACKING.csv is >= 4
2020-01-27T16:19:03, Remove tracking
2020-01-27T16:20:03, Write to /TRANSMIT.csv: 2009-05-14T16:02:03,4.00,2523.00,-9.9,61
2023-03-18T07:45:03, Number of rows in /TRANSMIT.csv: 3
2003-01-30T16:00:03, Current hour = 16, Transmission hour = 1
2003-01-30T16:00:03, Current hour = 16, Transmission hour = 6
2003-01-30T16:00:03, Current hour = 16, Transmission hour = 8
2003-01-30T16:00:03, Current hour = 16, Transmission hour = 10
2003-01-30T16:00:03, Current hour = 16, Transmission hour = 15
2003-01-30T16:00:03, Current hour = 16, Transmission hour = 20
2003-01-30T16:00:03, Current hour = 16, Transmission hour = 22
2020-01-27T16:19:03, Done loop ...
2020-01-27T16:19:03, ... powering down.
2020-01-27T16:19:03, RTC Initialization Failed
2020-01-27T16:20:03, Setup Complete
2020-01-27T16:21:03, Data: 2009-05-14T16:02:03,4.00,25627,2533.00,2542.00,2537.50,-10.39,62.24,-4.32,881.82
2020-01-27T16:19:03, Add row to /TRACKING.csv
2023-03-08T07:45:03, Number of rows in /TRACKING.csv: 1
2020-01-27T16:19:03, Done loop ...
2020-01-27T16:19:03, ... powering down.
2020-01-27T16:19:03, RTC Initialization Failed
2020-01-27T16:20:03, Setup Complete
2020-01-27T16:21:03, Data: 2009-05-14T16:02:03,4.00,25627,2538.00,2544.00,2543.00,-10.46,61.19,-1.00,881.81
2020-01-27T16:19:03, Add row to /TRACKING.csv
2023-03-08T06:25:03, Number of rows in /TRACKING.csv: 2
2020-01-27T16:19:03, Done loop ...
2020-01-27T16:19:03, ... powering down.
2020-01-27T16:19:03, RTC Initialization Failed
2020-01-27T16:20:03, Setup Complete
2020-01-27T16:20:03, Data: 2000-01-19T16:11:03,3.98,25627,2534.00,2566.00,2557.50,-5.09,48.81,-1.46,881.94
2020-01-27T16:19:03, Add row to /TRACKING.csv
2023-03-18T06:25:03, Number of rows in /TRACKING.csv: 3
2020-01-27T16:19:03, Done loop ...
2020-01-27T16:19:03, ... powering down.
2020-01-27T16:18:03, RTC Initialization Failed
2020-01-27T16:18:03, Setup Complete
2020-01-27T16:23:03, Data: 2009-05-14T16:02:03,4.06,25003,2519.00,2592.00,2544.00,-4.11,45.91,-6.11,881.97
2020-01-27T16:21:03, Add row to /TRACKING.csv
2023-03-08T07:45:03, Number of rows in /TRACKING.csv: 4
2020-01-27T16:21:03, Number of rows in /TRACKING.csv is >= 4
2020-01-27T16:22:03, Remove tracking
2020-01-27T16:23:03, Write to /TRANSMIT.csv: 2009-05-14T16:02:03,4.06,2519.00,-4.1,46
2023-03-08T07:45:03, Number of rows in /TRANSMIT.csv: 4
2003-01-30T16:00:03, Current hour = 16, Transmission hour = 1
2003-01-30T16:00:03, Current hour = 16, Transmission hour = 6
2003-01-30T16:00:03, Current hour = 16, Transmission hour = 8
2003-01-30T16:00:03, Current hour = 16, Transmission hour = 10
2003-01-30T16:00:03, Current hour = 16, Transmission hour = 15
2003-01-30T16:00:03, Current hour = 16, Transmission hour = 20
2003-01-30T16:00:03, Current hour = 16, Transmission hour = 22
2020-01-27T16:22:03, Done loop ...
2020-01-27T16:22:03, ... powering down.
2020-01-27T16:22:03, Power down failed
2020-01-27T16:23:03, Data: 2000-01-19T17:25:03,4.13,24051,2540.00,2566.00,2557.00,-4.08,45.00,-6.26,881.94
2020-01-27T16:21:03, Add row to /TRACKING.csv
2023-03-08T07:45:03, Number of rows in /TRACKING.csv: 1
2020-01-27T16:22:03, Done loop ...
2020-01-27T16:22:03, ... powering down.
2020-01-27T16:22:03, Power down failed
2020-01-27T16:23:03, Data: 2009-03-17T17:25:03,4.10,24051,2548.00,2580.00,2561.00,-4.08,44.28,-6.40,881.93
2020-01-27T16:21:03, Add row to /TRACKING.csv
2023-03-08T07:45:03, Number of rows in /TRACKING.csv: 2
2020-01-27T16:22:03, Done loop ...
2020-01-27T16:22:03, ... powering down.
2020-01-27T16:22:03, Power down failed
2020-01-27T16:23:03, Data: 2009-03-17T17:25:03,4.05,24051,2533.00,2587.00,2565.50,-4.05,43.77,-6.47,881.97
2020-01-27T16:21:03, Add row to /TRACKING.csv
2023-03-08T07:45:03, Number of rows in /TRACKING.csv: 3
2020-01-27T16:22:03, Done loop ...
2020-01-27T16:22:03, ... powering down.
2020-01-27T16:22:03, Power down failed
2020-01-27T16:23:03, Data: 2009-03-17T17:25:03,4.15,24051,2518.00,2570.00,2564.00,-4.01,43.70,-6.61,881.94
2020-01-27T16:21:03, Add row to /TRACKING.csv
2023-03-08T07:45:03, Number of rows in /TRACKING.csv: 4
2020-01-27T16:21:03, Number of rows in /TRACKING.csv is >= 4
2020-01-27T16:22:03, Remove tracking
2020-01-27T16:23:03, Write to /TRANSMIT.csv: 2009-03-17T17:25:03,4.15,2518.00,-4.0,44
2023-03-08T07:45:03, Number of rows in /TRANSMIT.csv: 5
2003-01-30T16:00:03, Current hour = 17, Transmission hour = 1
2001-06-03T16:00:03, 1916118249-12772:249-12971:252-09961:252-04146:252-04044
2020-01-27T16:18:03, RTC Initialization Failed
2020-01-27T16:18:03, Setup Complete
2020-01-27T16:23:03, Data: 2009-05-14T16:02:03,4.12,25003,2536.00,2574.00,2562.50,-4.45,42.40,-7.34,882.03
2020-01-27T16:21:03, Add row to /TRACKING.csv
2023-03-18T06:25:03, Number of rows in /TRACKING.csv: 1
2020-01-27T16:22:03, Done loop ...
2020-01-27T16:22:03, ... powering down.
2020-01-27T16:22:03, Power down failed
2020-01-27T16:24:03, Data: 2009-03-17T17:25:03,4.12,24487,2515.00,2575.00,2529.00,-4.55,42.64,-7.34,882.04
2020-01-27T16:21:03, Add row to /TRACKING.csv
2023-03-18T06:25:03, Number of rows in /TRACKING.csv: 2
2020-01-27T16:22:03, Done loop ...
2020-01-27T16:22:03, ... powering down.
2020-01-27T16:22:03, Power down failed
2020-01-27T16:25:03, Data: 2009-03-17T17:25:03,4.07,24311,2518.00,2600.00,2569.50,-4.63,42.84,-7.32,882.06
2020-01-27T16:21:03, Add row to /TRACKING.csv
2023-03-18T06:25:03, Number of rows in /TRACKING.csv: 3
2020-01-27T16:22:03, Done loop ...
2020-01-27T16:22:03, ... powering down.
2020-01-27T16:22:03, Power down failed
2020-01-27T16:25:03, Data: 2009-03-17T17:25:03,4.14,24311,2496.00,2567.00,2547.50,-4.74,43.11,-7.30,882.06
2020-01-27T16:21:03, Add row to /TRACKING.csv
2023-03-18T06:25:03, Number of rows in /TRACKING.csv: 4
2020-01-27T16:21:03, Number of rows in /TRACKING.csv is >= 4
2020-01-27T16:22:03, Remove tracking
2020-01-27T16:24:03, Write to /TRANSMIT.csv: 2009-03-17T17:25:03,4.14,2496.00,-4.7,43
2023-03-18T06:25:03, Number of rows in /TRANSMIT.csv: 6
2020-01-27T16:20:03, Current hour = 17, Transmission hour = 1
2001-03-26T16:00:03, 1916118249-12772:249-12971:252-09961:252-04146:252-04044:250-04743
2020-01-27T16:22:03,  - attempt to send message: 1916118249-12772:249-12971:252-09961:252-04146:252-04044:250-04743
2020-01-27T16:24:03,  - Modem begin successful
2020-01-27T16:24:03,  - Sending...
2020-01-27T16:24:03,  - Send response: 
2020-01-27T16:24:03,   - Sync clocks... 
2020-01-27T16:22:03,  - Arduino Old Time: 2000-00-20T00:84:03
2020-01-27T16:22:03,  - Arduino New Time: 2002-00-18T23:42:03
2020-01-27T16:22:03, Message sent! Removing /TRANSMIT.csv
2020-01-27T16:22:03, Done loop ...
2020-01-27T16:22:03, ... powering down.
2020-01-27T16:22:03, Power down failed
2020-01-27T16:23:03, Data: 2000-01-19T17:25:03,4.07,23299,2508.00,2562.00,2536.50,-4.84,43.58,-7.19,882.06
2020-01-27T16:21:03, Add row to /TRACKING.csv
2023-03-18T06:25:03, Number of rows in /TRACKING.csv: 1
2020-01-27T16:22:03, Done loop ...
2020-01-27T16:22:03, ... powering down.
2020-01-27T16:22:03, Power down failed
2020-01-27T16:23:03, Data: 2009-03-17T17:25:03,4.15,23299,2530.00,2585.00,2561.50,-4.91,43.77,-7.12,882.04
2020-01-27T16:21:03, Add row to /TRACKING.csv
2023-03-18T06:25:03, Number of rows in /TRACKING.csv: 2
2020-01-27T16:22:03, Done loop ...
2020-01-27T16:22:03, ... powering down.
2020-01-27T16:22:03, Power down failed
2020-01-27T16:23:03, Data: 2009-03-17T17:25:03,4.18,23299,2520.00,2580.00,2570.00,-4.93,43.83,-7.08,882.07
2020-01-27T16:21:03, Add row to /TRACKING.csv
2023-03-18T06:25:03, Number of rows in /TRACKING.csv: 3
2020-01-27T16:22:03, Done loop ...
2020-01-27T16:22:03, ... powering down.
2020-01-27T16:22:03, Power down failed
2020-01-27T16:23:03, Data: 2009-03-17T17:25:03,4.05,23299,2550.00,2571.00,2558.00,-4.93,44.23,-7.01,882.05
2020-01-27T16:21:03, Add row to /TRACKING.csv
2023-03-18T06:25:03, Number of rows in /TRACKING.csv: 4
2020-01-27T16:21:03, Number of rows in /TRACKING.csv is >= 4
2020-01-27T16:22:03, Remove tracking
2020-01-27T16:23:03, Write to /TRANSMIT.csv: 2009-03-17T17:25:03,4.05,2550.00,-4.9,44
2023-03-18T06:25:03, Number of rows in /TRANSMIT.csv: 1
2020-01-27T16:24:03, Current hour = 17, Transmission hour = 1
2020-01-27T16:24:03, Current hour = 17, Transmission hour = 6
2020-01-27T16:24:03, Current hour = 17, Transmission hour = 8
2020-01-27T16:24:03, Current hour = 17, Transmission hour = 10
2020-01-27T16:24:03, Current hour = 17, Transmission hour = 15
2020-01-27T16:24:03, Current hour = 17, Transmission hour = 20
2020-01-27T16:24:03, Current hour = 17, Transmission hour = 22
2020-01-27T16:22:03, Done loop ...
2020-01-27T16:22:03, ... powering down.
2020-01-27T16:22:03, Power down failed
2020-01-27T16:22:03, Data: 2000-01-19T17:25:03,4.05,23299,2536.00,2561.00,2545.00,-4.90,44.70,-6.98,882.07
2020-01-27T16:21:03, Add row to /TRACKING.csv
2023-03-18T06:25:03, Number of rows in /TRACKING.csv: 1
2020-01-27T16:22:03, Done loop ...
2020-01-27T16:22:03, ... powering down.
2020-01-27T16:22:03, Power down failed
2020-01-27T16:22:03, Data: 2009-03-17T17:25:03,4.07,23299,2537.00,2581.00,2557.00,-4.87,45.11,-7.05,882.05
2020-01-27T16:21:03, Add row to /TRACKING.csv
2023-03-18T06:25:03, Number of rows in /TRACKING.csv: 2
2020-01-27T16:22:03, Done loop ...
2020-01-27T16:22:03, ... powering down.
2020-01-27T16:22:03, Power down failed
2020-01-27T16:22:03, Data: 2009-03-17T17:25:03,4.06,23299,2539.00,2561.00,2546.00,-4.81,45.33,-7.14,882.02
2020-01-27T16:21:03, Add row to /TRACKING.csv
2023-03-18T06:25:03, Number of rows in /TRACKING.csv: 3
2020-01-27T16:22:03, Done loop ...
2020-01-27T16:22:03, ... powering down.
2020-01-27T16:22:03, Power down failed
2020-01-27T16:22:03, Data: 2009-03-17T17:25:03,4.14,23299,2539.00,2584.00,2566.00,-4.73,45.48,-7.15,882.04
2020-01-27T16:21:03, Add row to /TRACKING.csv
2023-03-18T06:25:03, Number of rows in /TRACKING.csv: 4
2020-01-27T16:21:03, Number of rows in /TRACKING.csv is >= 4
2020-01-27T16:22:03, Remove tracking
2020-01-27T16:22:03, Write to /TRANSMIT.csv: 2009-03-17T17:25:03,4.14,2539.00,-4.7,45
2023-03-18T06:25:03, Number of rows in /TRANSMIT.csv: 2
2003-01-30T16:00:03, Current hour = 17, Transmission hour = 1
2003-01-30T16:00:03, Current hour = 17, Transmission hour = 6
2003-01-30T16:00:03, Current hour = 17, Transmission hour = 8
2003-01-30T16:00:03, Current hour = 17, Transmission hour = 10
2003-01-30T16:00:03, Current hour = 17, Transmission hour = 15
2003-01-30T16:00:03, Current hour = 17, Transmission hour = 20
2003-01-30T16:00:03, Current hour = 17, Transmission hour = 22
2020-01-27T16:22:03, Done loop ...
2020-01-27T16:22:03, ... powering down.
2020-01-27T16:22:03, Power down failed
2020-01-27T16:18:03, RTC Initialization Failed
2020-01-27T16:18:03, Setup Complete
2020-01-27T16:23:03, Data: 2009-05-14T16:02:03,4.10,25003,2524.00,2568.00,2556.00,-4.57,45.53,-7.19,882.05
2020-01-27T16:21:03, Add row to /TRACKING.csv
2022-10-24T16:00:03, Number of rows in /TRACKING.csv: 1
2020-01-27T16:22:03, Done loop ...
2020-01-27T16:22:03, ... powering down.
2020-01-27T16:22:03, Power down failed
2020-01-27T16:24:03, Data: 2009-03-17T17:25:03,4.10,24487,2532.00,2580.00,2556.00,-4.50,45.52,-7.34,882.01
2020-01-27T16:21:03, Add row to /TRACKING.csv
2022-10-24T16:00:03, Number of rows in /TRACKING.csv: 2
2020-01-27T16:22:03, Done loop ...
2020-01-27T16:22:03, ... powering down.
2020-01-27T16:22:03, Power down failed
2020-01-27T16:25:03, Data: 2009-03-17T17:25:03,4.14,24311,2550.00,2572.00,2560.50,-4.41,45.34,-7.51,882.05
2020-01-27T16:21:03, Add row to /TRACKING.csv
2022-10-24T16:00:03, Number of rows in /TRACKING.csv: 3
2020-01-27T16:22:03, Done loop ...
2020-01-27T16:22:03, ... powering down.
2020-01-27T16:22:03, Power down failed
2020-01-27T16:25:03, Data: 2009-03-17T17:25:03,4.07,24311,2526.00,2581.00,2549.50,-4.29,45.10,-7.64,882.04
2020-01-27T16:21:03, Add row to /TRACKING.csv
2022-10-24T16:00:03, Number of rows in /TRACKING.csv: 4
2020-01-27T16:21:03, Number of rows in /TRACKING.csv is >= 4
2020-01-27T16:22:03, Remove tracking
2020-01-27T16:24:03, Write to /TRANSMIT.csv: 2009-03-17T17:25:03,4.07,2526.00,-4.3,45
2022-10-24T16:00:03, Number of rows in /TRANSMIT.csv: 3
2020-01-27T16:25:03, Current hour = 17, Transmission hour = 1
2020-01-27T16:25:03, Current hour = 17, Transmission hour = 6
2020-01-27T16:25:03, Current hour = 17, Transmission hour = 8
2020-01-27T16:25:03, Current hour = 17, Transmission hour = 10
2020-01-27T16:25:03, Current hour = 17, Transmission hour = 15
2020-01-27T16:25:03, Current hour = 17, Transmission hour = 20
2020-01-27T16:25:03, Current hour = 17, Transmission hour = 22
2020-01-27T16:22:03, Done loop ...
2020-01-27T16:22:03, ... powering down.
2020-01-27T16:22:03, Power down failed
2020-01-27T16:22:03, Data: 2000-01-19T17:25:03,4.07,24135,2487.00,2599.00,2544.00,-4.21,44.82,-7.69,882.02
2020-01-27T16:21:03, Add row to /TRACKING.csv
2022-10-24T16:00:03, Number of rows in /TRACKING.csv: 1
2020-01-27T16:22:03, Done loop ...
2020-01-27T16:22:03, ... powering down.
2020-01-27T16:22:03, Power down failed
2020-01-27T16:22:03, Data: 2009-03-17T17:25:03,4.14,24135,2530.00,2575.00,2558.50,-4.11,44.62,-7.79,882.02
2020-01-27T16:21:03, Add row to /TRACKING.csv
2022-10-24T16:00:03, Number of rows in /TRACKING.csv: 2
2020-01-27T16:22:03, Done loop ...
2020-01-27T16:22:03, ... powering down.
2020-01-27T16:22:03, Power down failed
2020-01-27T16:22:03, Data: 2009-03-17T17:25:03,4.16,24135,2539.00,2594.00,2559.00,-4.04,44.22,-7.94,882.05
2020-01-27T16:21:03, Add row to /TRACKING.csv
2022-10-24T16:00:03, Number of rows in /TRACKING.csv: 3
2020-01-27T16:22:03, Done loop ...
2020-01-27T16:22:03, ... powering down.
2020-01-27T16:22:03, Power down failed
2020-01-27T16:22:03, Data: 2009-03-17T17:25:03,4.13,24135,2539.00,2585.00,2575.00,-3.94,44.01,-7.90,882.05
2020-01-27T16:21:03, Add row to /TRACKING.csv
2022-10-24T16:00:03, Number of rows in /TRACKING.csv: 4
2020-01-27T16:21:03, Number of rows in /TRACKING.csv is >= 4
2020-01-27T16:22:03, Remove tracking
2020-01-27T16:23:03, Write to /TRANSMIT.csv: 2009-03-17T17:25:03,4.13,2539.00,-3.9,44
2022-10-24T16:00:03, Number of rows in /TRANSMIT.csv: 4
2020-01-27T16:23:03, Current hour = 17, Transmission hour = 1
2020-01-27T16:23:03, Current hour = 17, Transmission hour = 6
2020-01-27T16:23:03, Current hour = 17, Transmission hour = 8
2020-01-27T16:23:03, Current hour = 17, Transmission hour = 10
2020-01-27T16:23:03, Current hour = 17, Transmission hour = 15
2020-01-27T16:23:03, Current hour = 17, Transmission hour = 20
2020-01-27T16:23:03, Current hour = 17, Transmission hour = 22
2020-01-27T16:22:03, Done loop ...
2020-01-27T16:22:03, ... powering down.
2020-01-27T16:22:03, Power down failed
2020-01-27T16:24:03, Data: 2000-01-19T17:25:03,4.07,23999,2495.00,2567.00,2551.50,-3.87,43.75,-7.99,882.01
2020-01-27T16:21:03, Add row to /TRACKING.csv
2022-10-24T16:00:03, Number of rows in /TRACKING.csv: 1
2020-01-27T16:22:03, Done loop ...
2020-01-27T16:22:03, ... powering down.
2020-01-27T16:22:03, Power down failed
2020-01-27T16:24:03, Data: 2009-03-17T17:25:03,4.06,23999,2504.00,2575.00,2549.50,-3.76,43.54,-8.12,882.05
2020-01-27T16:21:03, Add row to /TRACKING.csv
2022-10-24T16:00:03, Number of rows in /TRACKING.csv: 2
2020-01-27T16:22:03, Done loop ...
2020-01-27T16:22:03, ... powering down.
2020-01-27T16:22:03, Power down failed
2020-01-27T16:24:03, Data: 2009-03-17T17:25:03,4.17,23999,2526.00,2571.00,2536.00,-3.67,43.28,-8.23,882.04
2020-01-27T16:21:03, Add row to /TRACKING.csv
2022-10-24T16:00:03, Number of rows in /TRACKING.csv: 3
2020-01-27T16:22:03, Done loop ...
2020-01-27T16:22:03, ... powering down.
2020-01-27T16:22:03, Power down failed
2020-01-27T16:24:03, Data: 2009-03-17T17:25:03,4.05,23999,2479.00,2591.00,2558.00,-3.60,42.86,-8.27,882.06
2020-01-27T16:21:03, Add row to /TRACKING.csv
2000-01-30T16:51:03, Number of rows in /TRACKING.csv: 4
2020-01-27T16:21:03, Number of rows in /TRACKING.csv is >= 4
2020-01-27T16:22:03, Remove tracking
2020-01-27T16:23:03, Write to /TRANSMIT.csv: 2009-03-17T17:25:03,4.05,2479.00,-3.6,43
2022-10-24T16:00:03, Number of rows in /TRANSMIT.csv: 5
2020-01-27T16:25:03, Current hour = 17, Transmission hour = 1
2001-06-03T16:00:03, 1717257255-04944:254-04745:253-04345:254-03944:248-03643
2020-01-27T16:24:03,  - attempt to send message: 1717257255-04944:254-04745:253-04345:254-03944:248-03643
2020-01-27T16:24:03,  - Modem begin successful
2020-01-27T16:23:03,  - Sending...
2020-01-27T16:23:03,  - Send response: 
2020-01-27T16:23:03,   - Sync clocks... 
2020-01-27T16:21:03,  - Arduino Old Time: 2000-00-20T00:84:03
2020-01-27T16:21:03,  - Arduino New Time: 2002-00-18T27:59:03
2020-01-27T16:25:03, Message sent! Removing /TRANSMIT.csv
2020-01-27T16:22:03, Done loop ...
2020-01-27T16:22:03, ... powering down.
2020-01-27T16:22:03, Power down failed
2020-01-27T16:23:03, Data: 2000-01-19T17:25:03,4.16,23555,2563.00,2605.00,2582.00,-3.32,41.99,-8.01,882.03
2020-01-27T16:21:03, Add row to /TRACKING.csv
2022-10-24T16:00:03, Number of rows in /TRACKING.csv: 1
2020-01-27T16:22:03, Done loop ...
2020-01-27T16:22:03, ... powering down.
2020-01-27T16:22:03, Power down failed
2020-01-27T16:23:03, Data: 2009-03-17T17:25:03,4.14,23555,2524.00,2573.00,2549.50,-3.23,41.49,-7.91,882.03
2020-01-27T16:21:03, Add row to /TRACKING.csv
2022-10-24T16:00:03, Number of rows in /TRACKING.csv: 2
2020-01-27T16:22:03, Done loop ...
2020-01-27T16:22:03, ... powering down.
2020-01-27T16:22:03, Power down failed
2020-01-27T16:23:03, Data: 2009-03-17T17:25:03,4.10,23555,2508.00,2579.00,2557.00,-3.18,40.96,-7.85,882.02
2020-01-27T16:21:03, Add row to /TRACKING.csv
2022-10-24T16:00:03, Number of rows in /TRACKING.csv: 3
2020-01-27T16:22:03, Done loop ...
2020-01-27T16:22:03, ... powering down.
2020-01-27T16:22:03, Power down failed
2020-01-27T16:23:03, Data: 2000-04-19T17:25:03,4.07,23555,2520.00,2595.00,2566.50,-3.15,40.61,-7.83,882.02
2020-01-27T16:21:03, Add row to /TRACKING.csv
2022-10-24T16:00:03, Number of rows in /TRACKING.csv: 4
2020-01-27T16:21:03, Number of rows in /TRACKING.csv is >= 4
2020-01-27T16:22:03, Remove tracking
2020-01-27T16:23:03, Write to /TRANSMIT.csv: 2000-04-19T17:25:03,4.07,2520.00,-3.2,41
2022-10-24T16:00:03, Number of rows in /TRANSMIT.csv: 1
2003-01-30T16:00:03, Current hour = 17, Transmission hour = 1
2003-01-30T16:00:03, Current hour = 17, Transmission hour = 6
2003-01-30T16:00:03, Current hour = 17, Transmission hour = 8
2003-01-30T16:00:03, Current hour = 17, Transmission hour = 10
2003-01-30T16:00:03, Current hour = 17, Transmission hour = 15
2003-01-30T16:00:03, Current hour = 17, Transmission hour = 20
2003-01-30T16:00:03, Current hour = 17, Transmission hour = 22
2020-01-27T16:22:03, Done loop ...
2020-01-27T16:22:03, ... powering down.
2020-01-27T16:22:03, Power down failed
2020-01-27T16:23:03, Data: 2000-01-19T17:25:03,4.11,23555,2541.00,2587.00,2559.50,-3.11,40.48,-7.76,882.05
2020-01-27T16:21:03, Add row to /TRACKING.csv
2022-10-24T16:00:03, Number of rows in /TRACKING.csv: 1
2020-01-27T16:22:03, Done loop ...
2020-01-27T16:22:03, ... powering down.
2020-01-27T16:22:03, Power down failed
2020-01-27T16:23:03, Data: 2009-03-17T17:25:03,4.06,23555,2530.00,2574.00,2556.50,-3.08,40.63,-7.81,882.04
2020-01-27T16:21:03, Add row to /TRACKING.csv
2022-10-24T16:00:03, Number of rows in /TRACKING.csv: 2
2020-01-27T16:22:03, Done loop ...
2020-01-27T16:22:03, ... powering down.
2020-01-27T16:22:03, Power down failed
2020-01-27T16:23:03, Data: 2009-03-17T17:25:03,4.14,23555,2533.00,2594.00,2564.00,-3.04,40.75,-7.97,882.04
2020-01-27T16:21:03, Add row to /TRACKING.csv
2022-10-24T16:00:03, Number of rows in /TRACKING.csv: 3
2020-01-27T16:22:03, Done loop ...
2020-01-27T16:22:03, ... powering down.
2020-01-27T16:22:03, Power down failed
2020-01-27T16:23:03, Data: 2009-03-17T17:25:03,4.12,23555,2533.00,2585.00,2567.00,-3.05,40.87,-7.95,882.02
2020-01-27T16:21:03, Add row to /TRACKING.csv
2022-10-24T16:00:03, Number of rows in /TRACKING.csv: 4
2020-01-27T16:21:03, Number of rows in /TRACKING.csv is >= 4
2020-01-27T16:22:03, Remove tracking
2020-01-27T16:24:03, Write to /TRANSMIT.csv: 2009-03-17T17:25:03,4.12,2533.00,-3.0,41
2022-10-24T16:00:03, Number of rows in /TRANSMIT.csv: 2
2003-01-30T16:00:03, Current hour = 17, Transmission hour = 1
2003-01-30T16:00:03, Current hour = 17, Transmission hour = 6
2003-01-30T16:00:03, Current hour = 17, Transmission hour = 8
2003-01-30T16:00:03, Current hour = 17, Transmission hour = 10
2003-01-30T16:00:03, Current hour = 17, Transmission hour = 15
2003-01-30T16:00:03, Current hour = 17, Transmission hour = 20
2003-01-30T16:00:03, Current hour = 17, Transmission hour = 22
2020-01-27T16:22:03, Done loop ...
2020-01-27T16:22:03, ... powering down.
2020-01-27T16:22:03, Power down failed
2020-01-27T16:23:03, Data: 2000-01-19T17:25:03,4.06,23555,2524.00,2579.00,2559.00,-3.05,41.46,-8.00,882.02
2020-01-27T16:21:03, Add row to /TRACKING.csv
2022-10-24T16:00:03, Number of rows in /TRACKING.csv: 1
2020-01-27T16:22:03, Done loop ...
2020-01-27T16:22:03, ... powering down.
2020-01-27T16:22:03, Power down failed
2020-01-27T16:23:03, Data: 2009-03-17T17:25:03,4.18,23555,2521.00,2592.00,2548.00,-3.05,41.26,-8.13,882.05
2020-01-27T16:21:03, Add row to /TRACKING.csv
2022-10-24T16:00:03, Number of rows in /TRACKING.csv: 2
2020-01-27T16:22:03, Done loop ...
2020-01-27T16:22:03, ... powering down.
2020-01-27T16:22:03, Power down failed
2020-01-27T16:23:03, Data: 2009-03-17T17:25:03,4.09,23555,2538.00,2580.00,2558.00,-3.11,40.82,-8.39,882.03
2020-01-27T16:21:03, Add row to /TRACKING.csv
2022-10-24T16:00:03, Number of rows in /TRACKING.csv: 3
2020-01-27T16:22:03, Done loop ...
2020-01-27T16:22:03, ... powering down.
2020-01-27T16:22:03, Power down failed
2020-01-27T16:23:03, Data: 2009-03-17T17:25:03,4.09,23555,2526.00,2572.00,2552.50,-3.21,40.44,-8.70,882.04
2020-01-27T16:21:03, Add row to /TRACKING.csv
2022-10-24T16:00:03, Number of rows in /TRACKING.csv: 4
2020-01-27T16:21:03, Number of rows in /TRACKING.csv is >= 4
2020-01-27T16:22:03, Remove tracking
2020-01-27T16:24:03, Write to /TRANSMIT.csv: 2009-03-17T17:25:03,4.09,2526.00,-3.2,40
2022-10-24T16:00:03, Number of rows in /TRANSMIT.csv: 3
2020-01-27T16:21:03, Current hour = 17, Transmission hour = 1
2020-01-27T16:21:03, Current hour = 17, Transmission hour = 6
2020-01-27T16:21:03, Current hour = 17, Transmission hour = 8
2020-01-27T16:21:03, Current hour = 17, Transmission hour = 10
2020-01-27T16:21:03, Current hour = 17, Transmission hour = 15
2020-01-27T16:21:03, Current hour = 17, Transmission hour = 20
2020-01-27T16:21:03, Current hour = 17, Transmission hour = 22
2020-01-27T16:22:03, Done loop ...
2020-01-27T16:22:03, ... powering down.
2020-01-27T16:22:03, Power down failed
2020-01-27T16:24:03, Data: 2000-01-19T17:25:03,4.07,23555,2515.00,2575.00,2546.50,-3.34,40.38,-9.06,882.04
2020-01-27T16:21:03, Add row to /TRACKING.csv
2022-10-24T16:00:03, Number of rows in /TRACKING.csv: 1
2020-01-27T16:22:03, Done loop ...
2020-01-27T16:22:03, ... powering down.
2020-01-27T16:22:03, Power down failed
2020-01-27T16:24:03, Data: 2009-03-17T17:25:03,4.06,23555,2539.00,2584.00,2559.00,-3.43,40.74,-9.25,882.04
2020-01-27T16:21:03, Add row to /TRACKING.csv
2022-10-24T16:00:03, Number of rows in /TRACKING.csv: 2
2020-01-27T16:22:03, Done loop ...
2020-01-27T16:22:03, ... powering down.
2020-01-27T16:22:03, Power down failed
2020-01-27T16:24:03, Data: 2009-03-17T17:25:03,4.16,23555,2522.00,2579.00,2542.00,-3.55,40.95,-9.37,882.04
2020-01-27T16:21:03, Add row to /TRACKING.csv
2022-10-24T16:00:03, Number of rows in /TRACKING.csv: 3
2020-01-27T16:22:03, Done loop ...
2020-01-27T16:22:03, ... powering down.
2020-01-27T16:22:03, Power down failed
2020-01-27T16:24:03, Data: 2009-03-17T17:25:03,4.05,23555,2516.00,2572.00,2558.00,-3.66,41.12,-9.52,882.01
2020-01-27T16:21:03, Add row to /TRACKING.csv
2022-10-24T16:00:03, Number of rows in /TRACKING.csv: 4
2020-01-27T16:21:03, Number of rows in /TRACKING.csv is >= 4
2020-01-27T16:22:03, Remove tracking
2020-01-27T16:23:03, Write to /TRANSMIT.csv: 2009-03-17T17:25:03,4.05,2516.00,-3.7,41
2022-10-24T16:00:03, Number of rows in /TRANSMIT.csv: 4
2003-01-30T16:00:03, Current hour = 17, Transmission hour = 1
2003-01-30T16:00:03, Current hour = 17, Transmission hour = 6
2003-01-30T16:00:03, Current hour = 17, Transmission hour = 8
2003-01-30T16:00:03, Current hour = 17, Transmission hour = 10
2003-01-30T16:00:03, Current hour = 17, Transmission hour = 15
2003-01-30T16:00:03, Current hour = 17, Transmission hour = 20
2003-01-30T16:00:03, Current hour = 17, Transmission hour = 22
2020-01-27T16:22:03, Done loop ...
2020-01-27T16:22:03, ... powering down.
2020-01-27T16:22:03, Power down failed
2020-01-27T16:24:03, Data: 2000-01-19T17:25:03,4.14,23555,2515.00,2583.00,2557.00,-3.84,41.26,-9.63,882.02
2020-01-27T16:21:03, Add row to /TRACKING.csv
2022-10-24T16:00:03, Number of rows in /TRACKING.csv: 1
2020-01-27T16:22:03, Done loop ...
2020-01-27T16:22:03, ... powering down.
2020-01-27T16:22:03, Power down failed
2020-01-27T16:24:03, Data: 2009-03-17T17:25:03,4.12,23555,2510.00,2572.00,2561.00,-3.99,41.64,-9.76,882.08
2020-01-27T16:21:03, Add row to /TRACKING.csv
2022-10-24T16:00:03, Number of rows in /TRACKING.csv: 2
2020-01-27T16:22:03, Done loop ...
2020-01-27T16:22:03, ... powering down.
2020-01-27T16:22:03, Power down failed
2020-01-27T16:24:03, Data: 2009-03-17T17:25:03,4.10,23555,2526.00,2586.00,2554.00,-4.15,41.65,-9.85,882.09
2020-01-27T16:21:03, Add row to /TRACKING.csv
2022-10-24T16:00:03, Number of rows in /TRACKING.csv: 3
2020-01-27T16:22:03, Done loop ...
2020-01-27T16:22:03, ... powering down.
2020-01-27T16:22:03, Power down failed
2020-01-27T16:24:03, Data: 2009-03-17T17:25:03,4.09,23555,2531.00,2583.00,2557.00,-4.29,42.09,-9.94,882.11
2020-01-27T16:21:03, Add row to /TRACKING.csv
2022-10-24T16:00:03, Number of rows in /TRACKING.csv: 4
2020-01-27T16:21:03, Number of rows in /TRACKING.csv is >= 4
2020-01-27T16:22:03, Remove tracking
2020-01-27T16:24:03, Write to /TRANSMIT.csv: 2009-03-17T17:25:03,4.09,2531.00,-4.3,42
2022-10-24T16:00:03, Number of rows in /TRANSMIT.csv: 5
2003-01-30T16:00:03, Current hour = 17, Transmission hour = 1
2001-06-03T16:00:03, 1917257252-03241:253-03041:253-03240:252-03741:253-04342
2020-01-27T16:20:03,  - attempt to send message: 1917257252-03241:253-03041:253-03240:252-03741:253-04342
2020-01-27T16:20:03,  - Modem begin successful
2020-01-27T16:20:03,  - Sending...
2020-01-27T16:20:03,  - Send response: 
2020-01-27T16:20:03,   - Sync clocks... 
2020-01-27T16:20:03,  - Arduino Old Time: 2000-00-20T00:84:03
2020-01-27T16:20:03,  - Arduino New Time: 2002-00-18T32:46:03
2020-01-27T16:20:03, Message sent! Removing /TRANSMIT.csv
2020-01-27T16:22:03, Done loop ...
2020-01-27T16:22:03, ... powering down.
2020-01-27T16:22:03, Power down failed
2020-01-27T16:24:03, Data: 2001-06-23T16:23:03,4.09,23275,2524.00,2592.00,2545.50,-5.26,44.35,-9.59,882.14
2020-01-27T16:21:03, Add row to /TRACKING.csv
2022-10-24T16:00:03, Number of rows in /TRACKING.csv: 1
2020-01-27T16:22:03, Done loop ...
2020-01-27T16:22:03, ... powering down.
2020-01-27T16:22:03, Power down failed
2020-01-27T16:24:03, Data: 2009-03-17T17:25:03,4.08,23275,2525.00,2558.00,2545.50,-5.36,44.56,-9.47,882.15
2020-01-27T16:21:03, Add row to /TRACKING.csv
2022-10-24T16:00:03, Number of rows in /TRACKING.csv: 2
2020-01-27T16:22:03, Done loop ...
2020-01-27T16:22:03, ... powering down.
2020-01-27T16:22:03, Power down failed
2020-01-27T16:24:03, Data: 2009-03-17T17:25:03,4.05,23275,2531.00,2551.00,2542.50,-5.46,45.28,-9.36,882.13
2020-01-27T16:21:03, Add row to /TRACKING.csv
2022-10-24T16:00:03, Number of rows in /TRACKING.csv: 3
2020-01-27T16:22:03, Done loop ...
2020-01-27T16:22:03, ... powering down.
2020-01-27T16:22:03, Power down failed
2020-01-27T16:24:03, Data: 2009-03-17T17:25:03,4.05,23275,2531.00,2602.00,2551.00,-5.55,46.23,-9.24,882.12
2020-01-27T16:21:03, Add row to /TRACKING.csv
2022-10-24T16:00:03, Number of rows in /TRACKING.csv: 4
2020-01-27T16:21:03, Number of rows in /TRACKING.csv is >= 4
2020-01-27T16:22:03, Remove tracking
2020-01-27T16:24:03, Write to /TRANSMIT.csv: 2009-03-17T17:25:03,4.05,2531.00,-5.6,46
2022-10-24T16:00:03, Number of rows in /TRANSMIT.csv: 1
2003-01-30T16:00:03, Current hour = 17, Transmission hour = 1
2003-01-30T16:00:03, Current hour = 17, Transmission hour = 6
2003-01-30T16:00:03, Current hour = 17, Transmission hour = 8
2003-01-30T16:00:03, Current hour = 17, Transmission hour = 10
2003-01-30T16:00:03, Current hour = 17, Transmission hour = 15
2003-01-30T16:00:03, Current hour = 17, Transmission hour = 20
2003-01-30T16:00:03, Current hour = 17, Transmission hour = 22
2020-01-27T16:22:03, Done loop ...
2020-01-27T16:22:03, ... powering down.
2020-01-27T16:22:03, Power down failed
2020-01-27T16:24:03, Data: 2000-01-19T17:25:03,4.18,23275,2535.00,2578.00,2564.50,-5.59,46.55,-9.19,882.14
2020-01-27T16:21:03, Add row to /TRACKING.csv
2022-10-24T16:00:03, Number of rows in /TRACKING.csv: 1
2020-01-27T16:22:03, Done loop ...
2020-01-27T16:22:03, ... powering down.
2020-01-27T16:22:03, Power down failed
2020-01-27T16:24:03, Data: 2009-03-17T17:25:03,4.14,23275,2521.00,2570.00,2556.00,-5.67,46.99,-9.05,882.12
2020-01-27T16:21:03, Add row to /TRACKING.csv
2022-10-24T16:00:03, Number of rows in /TRACKING.csv: 2
2020-01-27T16:22:03, Done loop ...
2020-01-27T16:22:03, ... powering down.
2020-01-27T16:22:03, Power down failed
2020-01-27T16:24:03, Data: 2009-03-17T17:25:03,4.20,23275,2523.00,2566.00,2543.00,-5.67,47.73,-8.93,882.14
2020-01-27T16:21:03, Add row to /TRACKING.csv
2022-10-24T16:00:03, Number of rows in /TRACKING.csv: 3
2020-01-27T16:22:03, Done loop ...
2020-01-27T16:22:03, ... powering down.
2020-01-27T16:22:03, Power down failed
2020-01-27T16:24:03, Data: 2009-03-17T17:25:03,4.06,23275,2538.00,2551.00,2541.00,-5.67,48.30,-8.82,882.14
2020-01-27T16:21:03, Add row to /TRACKING.csv
2022-10-24T16:00:03, Number of rows in /TRACKING.csv: 4
2020-01-27T16:21:03, Number of rows in /TRACKING.csv is >= 4
2020-01-27T16:22:03, Remove tracking
2020-01-27T16:24:03, Write to /TRANSMIT.csv: 2009-03-17T17:25:03,4.06,2538.00,-5.7,48
2022-10-24T16:00:03, Number of rows in /TRANSMIT.csv: 2
2003-01-30T16:00:03, Current hour = 17, Transmission hour = 1
2003-01-30T16:00:03, Current hour = 17, Transmission hour = 6
2003-01-30T16:00:03, Current hour = 17, Transmission hour = 8
2003-01-30T16:00:03, Current hour = 17, Transmission hour = 10
2003-01-30T16:00:03, Current hour = 17, Transmission hour = 15
2003-01-30T16:00:03, Current hour = 17, Transmission hour = 20
2003-01-30T16:00:03, Current hour = 17, Transmission hour = 22
2020-01-27T16:22:03, Done loop ...
2020-01-27T16:22:03, ... powering down.
2020-01-27T16:22:03, Power down failed
2020-01-27T16:24:03, Data: 2000-01-19T17:25:03,4.07,23275,2533.00,2573.00,2562.50,-5.66,48.18,-8.83,882.13
2020-01-27T16:21:03, Add row to /TRACKING.csv
2022-10-24T16:00:03, Number of rows in /TRACKING.csv: 1
2020-01-27T16:22:03, Done loop ...
2020-01-27T16:22:03, ... powering down.
2020-01-27T16:22:03, Power down failed
2020-01-27T16:24:03, Data: 2009-03-17T17:25:03,4.14,23275,2513.00,2601.00,2542.50,-5.66,47.97,-8.82,882.14
2020-01-27T16:21:03, Add row to /TRACKING.csv
2022-10-24T16:00:03, Number of rows in /TRACKING.csv: 2
2020-01-27T16:22:03, Done loop ...
2020-01-27T16:22:03, ... powering down.
2020-01-27T16:22:03, Power down failed
2043-04-29T09:31:47, Data: 2009-03-17T17:25:03,4.07,23275,2523.00,2552.00,2537.00,-5.63,47.60,-8.71,882.13
2020-01-27T16:21:03, Add row to /TRACKING.csv
2022-10-24T16:00:03, Number of rows in /TRACKING.csv: 3
2020-01-27T16:22:03, Done loop ...
2020-01-27T16:22:03, ... powering down.
2020-01-27T16:22:03, Power down failed
2020-01-27T16:24:03, Data: 2009-03-17T17:25:03,4.17,23275,2544.00,2580.00,2557.50,-5.64,47.46,-8.67,882.14
2020-01-27T16:21:03, Add row to /TRACKING.csv
2022-10-24T16:00:03, Number of rows in /TRACKING.csv: 4
2020-01-27T16:21:03, Number of rows in /TRACKING.csv is >= 4
2020-01-27T16:22:03, Remove tracking
2020-01-27T16:24:03, Write to /TRANSMIT.csv: 2009-03-17T17:25:03,4.17,2544.00,-5.6,47
2022-10-24T16:00:03, Number of rows in /TRANSMIT.csv: 3
2003-01-30T16:00:03, Current hour = 17, Transmission hour = 1
2003-01-30T16:00:03, Current hour = 17, Transmission hour = 6
2003-01-30T16:00:03, Current hour = 17, Transmission hour = 8
2003-01-30T16:00:03, Current hour = 17, Transmission hour = 10
2003-01-30T16:00:03, Current hour = 17, Transmission hour = 15
2003-01-30T16:00:03, Current hour = 17, Transmission hour = 20
2003-01-30T16:00:03, Current hour = 17, Transmission hour = 22
2020-01-27T16:22:03, Done loop ...
2020-01-27T16:22:03, ... powering down.
2020-01-27T16:22:03, Power down failed
2020-01-27T16:24:03, Data: 2000-01-19T17:25:03,4.07,23275,2520.00,2592.00,2561.00,-5.64,46.93,-8.65,882.14
2020-01-27T16:21:03, Add row to /TRACKING.csv
2022-10-24T16:00:03, Number of rows in /TRACKING.csv: 1
2020-01-27T16:22:03, Done loop ...
2020-01-27T16:22:03, ... powering down.
2020-01-27T16:22:03, Power down failed
2020-01-27T16:24:03, Data: 2009-03-17T17:25:03,4.09,23275,2536.00,2574.00,2549.00,-5.62,46.91,-8.71,882.12
2020-01-27T16:21:03, Add row to /TRACKING.csv
2022-10-24T16:00:03, Number of rows in /TRACKING.csv: 2
2020-01-27T16:22:03, Done loop ...
2020-01-27T16:22:03, ... powering down.
2020-01-27T16:22:03, Power down failed
2020-01-27T16:24:03, Data: 2009-03-17T17:25:03,4.05,23275,2501.00,2581.00,2544.50,-5.58,46.83,-8.68,882.13
2020-01-27T16:21:03, Add row to /TRACKING.csv
2022-10-24T16:00:03, Number of rows in /TRACKING.csv: 3
2020-01-27T16:22:03, Done loop ...
2020-01-27T16:22:03, ... powering down.
2020-01-27T16:22:03, Power down failed
2020-01-27T16:24:03, Data: 2009-03-17T17:25:03,4.09,23275,2531.00,2597.00,2574.50,-5.56,47.50,-8.56,882.12
2020-01-27T16:21:03, Add row to /TRACKING.csv
2022-10-24T16:00:03, Number of rows in /TRACKING.csv: 4
2020-01-27T16:21:03, Number of rows in /TRACKING.csv is >= 4
2020-01-27T16:22:03, Remove tracking
2020-01-27T16:24:03, Write to /TRANSMIT.csv: 2009-03-17T17:25:03,4.09,2531.00,-5.6,48
2022-10-24T16:00:03, Number of rows in /TRANSMIT.csv: 4
2003-01-30T16:00:03, Current hour = 17, Transmission hour = 1
2003-01-30T16:00:03, Current hour = 17, Transmission hour = 6
2003-01-30T16:00:03, Current hour = 17, Transmission hour = 8
2003-01-30T16:00:03, Current hour = 17, Transmission hour = 10
2003-01-30T16:00:03, Current hour = 17, Transmission hour = 15
2003-01-30T16:00:03, Current hour = 17, Transmission hour = 20
2003-01-30T16:00:03, Current hour = 17, Transmission hour = 22
2020-01-27T16:22:03, Done loop ...
2020-01-27T16:22:03, ... powering down.
2020-01-27T16:22:03, Power down failed
2020-01-27T16:24:03, Data: 2000-01-19T17:25:03,4.08,23275,2516.00,2577.00,2562.00,-5.50,47.81,-8.43,882.13
2020-01-27T16:21:03, Add row to /TRACKING.csv
2022-10-24T16:00:03, Number of rows in /TRACKING.csv: 1
2020-01-27T16:22:03, Done loop ...
2020-01-27T16:22:03, ... powering down.
2020-01-27T16:22:03, Power down failed
2020-01-27T16:24:03, Data: 2009-03-17T17:25:03,4.18,23275,2517.00,2590.00,2546.00,-5.46,48.22,-8.33,882.14
2020-01-27T16:21:03, Add row to /TRACKING.csv
2022-10-24T16:00:03, Number of rows in /TRACKING.csv: 2
2020-01-27T16:22:03, Done loop ...
2020-01-27T16:22:03, ... powering down.
2020-01-27T16:22:03, Power down failed
2020-01-27T16:24:03, Data: 2009-03-17T17:25:03,4.12,23275,2501.00,2581.00,2561.50,-5.40,48.37,-8.30,882.13
2020-01-27T16:21:03, Add row to /TRACKING.csv
2022-10-24T16:00:03, Number of rows in /TRACKING.csv: 3
2020-01-27T16:22:03, Done loop ...
2020-01-27T16:22:03, ... powering down.
2020-01-27T16:22:03, Power down failed
2020-01-27T16:24:03, Data: 2009-03-17T17:25:03,4.16,23275,2499.00,2536.00,2523.00,-5.35,48.31,-8.34,882.11
2020-01-27T16:21:03, Add row to /TRACKING.csv
2022-10-24T16:00:03, Number of rows in /TRACKING.csv: 4
2020-01-27T16:21:03, Number of rows in /TRACKING.csv is >= 4
2020-01-27T16:22:03, Remove tracking
2020-01-27T16:24:03, Write to /TRANSMIT.csv: 2009-03-17T17:25:03,4.16,2499.00,-5.3,48
2022-10-24T16:00:03, Number of rows in /TRANSMIT.csv: 5
2003-01-30T16:00:03, Current hour = 17, Transmission hour = 1
2001-06-03T16:00:03, 1717258253-05646:254-05748:254-05647:253-05648:250-05348
2020-01-27T16:25:03,  - attempt to send message: 1717258253-05646:254-05748:254-05647:253-05648:250-05348
2020-01-27T16:24:03,  - Modem begin successful
2020-01-27T16:24:03,  - Sending...
2020-01-27T16:24:03,  - Send response: 
2020-01-27T16:24:03,   - Sync clocks... 
2020-01-27T16:20:03,  - Arduino Old Time: 2000-00-20T00:84:03
2020-01-27T16:20:03,  - Arduino New Time: 2002-00-18T36:42:03
2020-01-27T16:20:03, Message sent! Removing /TRANSMIT.csv
2020-01-27T16:22:03, Done loop ...
2020-01-27T16:22:03, ... powering down.
2020-01-27T16:22:03, Power down failed
2020-01-27T16:24:03, Data: 2000-01-19T17:25:03,4.18,22883,2547.00,2584.00,2566.00,-5.19,48.08,-8.17,882.12
2020-01-27T16:21:03, Add row to /TRACKING.csv
2022-10-24T16:00:03, Number of rows in /TRACKING.csv: 1
2020-01-27T16:22:03, Done loop ...
2020-01-27T16:22:03, ... powering down.
2020-01-27T16:22:03, Power down failed
2020-01-27T16:24:03, Data: 2009-03-17T17:25:03,4.06,22883,2508.00,2585.00,2562.00,-5.14,47.97,-8.00,882.10
2020-01-27T16:21:03, Add row to /TRACKING.csv
2001-04-15T16:00:03, Number of rows in /TRACKING.csv: 2
2020-01-27T16:22:03, Done loop ...
2020-01-27T16:22:03, ... powering down.
2020-01-27T16:18:03, RTC Initialization Failed
2020-01-27T16:18:03, Setup Complete
2020-01-27T16:23:03, Data: 2009-05-14T16:02:03,4.43,25003,2514.00,2572.00,2534.50,-5.01,47.44,-7.96,882.08
2020-01-27T16:21:03, Add row to /TRACKING.csv
2022-10-05T04:10:03, Number of rows in /TRACKING.csv: 3
2043-04-29T11:54:47, Done loop ...
2020-01-27T16:22:03, ... powering down.
2020-01-27T16:22:03, Power down failed
2020-01-27T16:24:03, Data: 2009-03-17T17:25:03,4.44,24439,2524.00,2574.00,2560.00,-4.97,47.26,-8.07,882.16
2020-01-27T16:21:03, Add row to /TRACKING.csv
2022-10-05T04:10:03, Number of rows in /TRACKING.csv: 4
2020-01-27T16:21:03, Number of rows in /TRACKING.csv is >= 4
2000-01-01T00:00:00, RTC Initialization Failed - Using Default Time
2000-01-01T00:00:00, Setup Complete
2000-01-01T00:00:00, Data: 2000-01-01T00:00:00,4.43,24963,2523.00,2568.00,2536.50,-4.81,46.21,-8.29,882.13
2000-01-01T00:00:00, Add row to /TRACKING.csv
2000-01-01T00:00:00, Number of rows in /TRACKING.csv: 5
2000-01-01T00:00:00, Number of rows in /TRACKING.csv is >= 4
2000-01-01T00:00:00, Remove tracking
2000-01-01T00:00:00, Write to /TRANSMIT.csv: 2000-01-01T00:00:00,4.43,2523.00,-4.8,46
2000-01-01T00:00:00, Number of rows in /TRANSMIT.csv: 1
2000-01-01T00:00:00, Current hour = 0, Transmission hour = 0
2000-01-01T00:00:00, 0100009252-04846
2000-01-01T00:00:00,  - attempt to send message: 0100009252-04846
2000-01-01T00:00:00,  - Modem begin successful
2000-01-01T00:00:00,  - Sending...
2000-01-01T00:00:00,  - Send response: 
2000-01-01T00:00:00,   - Sync clocks... 
2000-01-01T00:00:00,  - Arduino Old Time: 2000-00-20T00:84:03
2000-01-01T00:00:00,  - Failed to set valid RTC time
2000-01-01T00:00:00, Message sent! Removing /TRANSMIT.csv
2000-01-01T00:00:00, Done loop ...
2000-01-01T00:00:00, ... powering down.
2000-01-01T00:00:00, Power down failed
2000-01-01T00:00:00, Data: 2000-01-01T00:00:00,4.43,23999,2528.00,2587.00,2560.50,-4.74,46.13,-8.51,882.11
2000-01-01T00:00:00, Add row to /TRACKING.csv
2000-01-01T00:00:00, Number of rows in /TRACKING.csv: 1
2000-01-01T00:00:00, Done loop ...
2000-01-01T00:00:00, ... powering down.
2000-01-01T00:00:00, Power down failed
2000-01-01T00:00:00, Data: 2000-01-01T00:00:00,4.43,23999,2517.00,2572.00,2547.50,-4.69,46.01,-8.63,882.09
2000-01-01T00:00:00, Add row to /TRACKING.csv
2000-01-01T00:00:00, Number of rows in /TRACKING.csv: 2
2000-01-01T00:00:00, Done loop ...
2000-01-01T00:00:00, ... powering down.
2000-01-01T00:00:00, Power down failed
2000-01-01T00:00:00, Data: 2000-01-01T00:00:00,4.43,23999,2529.00,2578.00,2559.00,-4.64,45.75,-8.76,882.11
2000-01-01T00:00:00, Add row to /TRACKING.csv
2000-01-01T00:00:00, Number of rows in /TRACKING.csv: 3
2000-01-01T00:00:00, Done loop ...
2000-01-01T00:00:00, ... powering down.
2000-01-01T00:00:00, Power down failed
2000-01-01T00:00:00, Data: 2000-01-01T00:00:00,4.43,23999,2508.00,2571.00,2560.00,-4.60,45.64,-8.88,882.09
2000-01-01T00:00:00, Add row to /TRACKING.csv
2000-01-01T00:00:00, Number of rows in /TRACKING.csv: 4
2000-01-01T00:00:00, Number of rows in /TRACKING.csv is >= 4
2000-01-01T00:00:00, Remove tracking
2000-01-01T00:00:00, Write to /TRANSMIT.csv: 2000-01-01T00:00:00,4.43,2508.00,-4.6,46
2000-01-01T00:00:00, Number of rows in /TRANSMIT.csv: 1
2000-01-01T00:00:00, Current hour = 0, Transmission hour = 0
2000-01-01T00:00:00, 0100009251-04646
2000-01-01T00:00:00,  - attempt to send message: 0100009251-04646
2000-01-01T00:00:00,  - Modem begin successful
2000-01-01T00:00:00,  - Sending...
2000-01-01T00:00:00,  - Send response: 
2000-01-01T00:00:00,   - Sync clocks... 
2000-01-01T00:00:00,  - Arduino Old Time: 2000-00-20T00:84:03
2000-01-01T00:00:00,  - Failed to set valid RTC time
2000-01-01T00:00:00, Message sent! Removing /TRANSMIT.csv
2000-01-01T00:00:00, Done loop ...
2000-01-01T00:00:00, ... powering down.
2000-01-01T00:00:00, Power down failed
2000-01-01T00:00:00, Data: 2000-01-01T00:00:00,4.43,23923,2529.00,2571.00,2551.50,-4.49,45.46,-9.01,882.09
2000-01-01T00:00:00, Add row to /TRACKING.csv
2000-01-01T00:00:00, Number of rows in /TRACKING.csv: 1
2000-01-01T00:00:00, Done loop ...
2000-01-01T00:00:00, ... powering down.
2000-01-01T00:00:00, Power down failed
2000-01-01T00:00:00, Data: 2000-01-01T00:00:00,4.44,23923,2479.00,2568.00,2527.00,-4.41,45.37,-9.17,882.09
2000-01-01T00:00:00, Add row to /TRACKING.csv
2000-01-01T00:00:00, Number of rows in /TRACKING.csv: 2
2000-01-01T00:00:00, Done loop ...
2000-01-01T00:00:00, ... powering down.
2000-01-01T00:00:00, Power down failed
2000-01-01T00:00:00, Data: 2000-01-01T00:00:00,4.43,23923,2522.00,2566.00,2546.00,-4.41,45.05,-9.24,882.14
2000-01-01T00:00:00, Add row to /TRACKING.csv
2000-01-01T00:00:00, Number of rows in /TRACKING.csv: 3
2000-01-01T00:00:00, Done loop ...
2000-01-01T00:00:00, ... powering down.
2000-01-01T00:00:00, Power down failed
2000-01-01T00:00:00, Data: 2000-01-01T00:00:00,4.43,23923,2516.00,2578.00,2541.50,-4.32,44.77,-9.36,882.06
2000-01-01T00:00:00, Add row to /TRACKING.csv
2000-01-01T00:00:00, Number of rows in /TRACKING.csv: 4
2000-01-01T00:00:00, Number of rows in /TRACKING.csv is >= 4
2000-01-01T00:00:00, Remove tracking
2000-01-01T00:00:00, Write to /TRANSMIT.csv: 2000-01-01T00:00:00,4.43,2516.00,-4.3,45
2000-01-01T00:00:00, Number of rows in /TRANSMIT.csv: 1
2000-01-01T00:00:00, Current hour = 0, Transmission hour = 0
2000-01-01T00:00:00, 0100009252-04345
2000-01-01T00:00:00,  - attempt to send message: 0100009252-04345
2000-01-01T00:00:00,  - Modem begin successful
2000-01-01T00:00:00,  - Sending...
2000-01-01T00:00:00,  - Send response: 
2000-01-01T00:00:00,   - Sync clocks... 
2000-01-01T00:00:00,  - Arduino Old Time: 2000-00-20T00:84:03
2000-01-01T00:00:00,  - Failed to set valid RTC time
2000-01-01T00:00:00, Message sent! Removing /TRANSMIT.csv
2000-01-01T00:00:00, Done loop ...
2000-01-01T00:00:00, ... powering down.
2000-01-01T00:00:00, Power down failed
2000-01-01T00:00:00, RTC Initialization Failed - Using Default Time
2000-01-01T00:00:00, Setup Complete
2000-01-01T00:00:00, Data: 2000-01-01T00:00:00,4.43,24963,2484.00,2584.00,2555.50,-4.14,44.53,-9.44,882.07
2000-01-01T00:00:00, Add row to /TRACKING.csv
2000-01-01T00:00:00, Number of rows in /TRACKING.csv: 1
2000-01-01T00:00:00, Done loop ...
2000-01-01T00:00:00, ... powering down.
2000-01-01T00:00:00, Power down failed
2000-01-01T00:00:00, Data: 2000-01-01T00:00:00,4.43,24491,2519.00,2566.00,2552.00,-4.05,44.37,-9.50,882.10
2000-01-01T00:00:00, Add row to /TRACKING.csv
2000-01-01T00:00:00, Number of rows in /TRACKING.csv: 2
2000-01-01T00:00:00, Done loop ...
2000-01-01T00:00:00, ... powering down.
2000-01-01T00:00:00, Power down failed
2000-01-01T00:00:00, Data: 2000-01-01T00:00:00,4.43,24403,2508.00,2574.00,2537.00,-4.02,44.26,-9.59,882.09
2000-01-01T00:00:00, Add row to /TRACKING.csv
2000-01-01T00:00:00, Number of rows in /TRACKING.csv: 3
2000-01-01T00:00:00, Done loop ...
2000-01-01T00:00:00, ... powering down.
2000-01-01T00:00:00, Power down failed
2000-01-01T00:00:00, Data: 2000-01-01T00:00:00,4.43,24403,2519.00,2590.00,2549.00,-3.95,44.14,-9.66,882.08
2000-01-01T00:00:00, Add row to /TRACKING.csv
2000-01-01T00:00:00, Number of rows in /TRACKING.csv: 4
2000-01-01T00:00:00, Number of rows in /TRACKING.csv is >= 4
2000-01-01T00:00:00, Remove tracking
2000-01-01T00:00:00, Write to /TRANSMIT.csv: 2000-01-01T00:00:00,4.43,2519.00,-4.0,44
2000-01-01T00:00:00, Number of rows in /TRANSMIT.csv: 1
2000-01-01T00:00:00, Current hour = 0, Transmission hour = 0
2000-01-01T00:00:00, 0100009252-04044
2000-01-01T00:00:00,  - attempt to send message: 0100009252-04044
2000-01-01T00:00:00,  - Modem begin successful
2000-01-01T00:00:00,  - Sending...
2000-01-01T00:00:00,  - Send response: 
2000-01-01T00:00:00,   - Sync clocks... 
2000-01-01T00:00:00,  - Arduino Old Time: 2000-00-20T00:84:03
2000-01-01T00:00:00,  - Failed to set valid RTC time
2000-01-01T00:00:00, Message sent! Removing /TRANSMIT.csv
2000-01-01T00:00:00, Done loop ...
2000-01-01T00:00:00, ... powering down.
2000-01-01T00:00:00, Power down failed
2000-01-01T00:00:00, Data: 2000-01-01T00:00:00,4.43,24003,2538.00,2591.00,2562.00,-3.84,43.78,-9.72,882.12
2000-01-01T00:00:00, Add row to /TRACKING.csv
2000-01-01T00:00:00, Number of rows in /TRACKING.csv: 1
2000-01-01T00:00:00, Done loop ...
2000-01-01T00:00:00, ... powering down.
2000-01-01T00:00:00, Power down failed
2000-01-01T00:00:00, Data: 2000-01-01T00:00:00,4.43,24003,2508.00,2571.00,2546.00,-3.76,43.55,-9.85,882.10
2000-01-01T00:00:00, Add row to /TRACKING.csv
2000-01-01T00:00:00, Number of rows in /TRACKING.csv: 2
2000-01-01T00:00:00, Done loop ...
2000-01-01T00:00:00, ... powering down.
2000-01-01T00:00:00, Power down failed
2000-01-01T00:00:00, Data: 2000-01-01T00:00:00,4.43,24003,2519.00,2587.00,2566.00,-3.73,43.25,-9.93,882.10
2000-01-01T00:00:00, Add row to /TRACKING.csv
2000-01-01T00:00:00, Number of rows in /TRACKING.csv: 3
2000-01-01T00:00:00, Done loop ...
2000-01-01T00:00:00, ... powering down.
2000-01-01T00:00:00, Power down failed
2000-01-01T00:00:00, Data: 2000-01-01T00:00:00,4.43,24003,2509.00,2604.00,2544.50,-3.66,43.06,-9.98,882.12
2000-01-01T00:00:00, Add row to /TRACKING.csv
2000-01-01T00:00:00, Number of rows in /TRACKING.csv: 4
2000-01-01T00:00:00, Number of rows in /TRACKING.csv is >= 4
2000-01-01T00:00:00, Remove tracking
2000-01-01T00:00:00, Write to /TRANSMIT.csv: 2000-01-01T00:00:00,4.43,2509.00,-3.7,43
2000-01-01T00:00:00, Number of rows in /TRANSMIT.csv: 1
2000-01-01T00:00:00, Current hour = 0, Transmission hour = 0
2000-01-01T00:00:00, 0100009251-03743
2000-01-01T00:00:00,  - attempt to send message: 0100009251-03743
2000-01-01T00:00:00,  - Modem begin successful
2000-01-01T00:00:00,  - Sending...
2000-01-01T00:00:00,  - Send response: 
2000-01-01T00:00:00,   - Sync clocks... 
2000-01-01T00:00:00,  - Arduino Old Time: 2000-00-20T00:84:03
2000-01-01T00:00:00,  - Failed to set valid RTC time
2000-01-01T00:00:00, Message sent! Removing /TRANSMIT.csv
2000-01-01T00:00:00, Done loop ...
2000-01-01T00:00:00, ... powering down.
2000-01-01T00:00:00, Power down failed
2000-01-01T00:00:00, Data: 2000-01-01T00:00:00,4.43,23947,2523.00,2567.00,2532.00,-3.56,42.81,-9.98,882.11
2000-01-01T00:00:00, Add row to /TRACKING.csv
2000-01-01T00:00:00, Number of rows in /TRACKING.csv: 1
2000-01-01T00:00:00, Done loop ...
2000-01-01T00:00:00, ... powering down.
2000-01-01T00:00:00, Power down failed
2000-01-01T00:00:00, Data: 2000-01-01T00:00:00,4.07,23947,2506.00,2584.00,2546.50,-3.49,42.58,-9.94,882.14
2000-01-01T00:00:00, Add row to /TRACKING.csv
2000-01-01T00:00:00, Number of rows in /TRACKING.csv: 2
2000-01-01T00:00:00, Done loop ...
2000-01-01T00:00:00, ... powering down.
2000-01-01T00:00:00, RTC Initialization Failed - Using Default Time
2000-01-01T00:00:00, Setup Complete
2000-01-01T00:00:00, Data: 2000-01-01T00:00:00,4.09,24963,2522.00,2560.00,2538.50,-3.43,42.00,-10.00,882.11
2000-01-01T00:00:00, Add row to /TRACKING.csv
2000-01-01T00:00:00, Number of rows in /TRACKING.csv: 3
2000-01-01T00:00:00, Done loop ...
2000-01-01T00:00:00, ... powering down.
2000-01-01T00:00:00, Power down failed
2000-01-01T00:00:00, Data: 2000-01-01T00:00:00,4.12,24399,2502.00,2557.00,2534.00,-3.41,41.82,-10.08,882.11
2000-01-01T00:00:00, Add row to /TRACKING.csv
2000-01-01T00:00:00, Number of rows in /TRACKING.csv: 4
2000-01-01T00:00:00, Number of rows in /TRACKING.csv is >= 4
2000-01-01T00:00:00, Remove tracking
2000-01-01T00:00:00, Write to /TRANSMIT.csv: 2000-01-01T00:00:00,4.12,2502.00,-3.4,42
2000-01-01T00:00:00, Number of rows in /TRANSMIT.csv: 1
2000-01-01T00:00:00, Current hour = 0, Transmission hour = 0
2000-01-01T00:00:00, 0100008250-03442
2000-01-01T00:00:00,  - attempt to send message: 0100008250-03442
2000-01-01T00:00:00,  - Modem begin successful
2000-01-01T00:00:00,  - Sending...
2000-01-01T00:00:00, RTC Initialization Failed - Using Default Time
2000-01-01T00:00:00, Setup Complete
2000-01-01T00:00:00, Data: 2000-01-01T00:00:00,4.15,24963,2512.00,2566.00,2547.00,-3.38,41.44,-9.68,882.18
2000-01-01T00:00:00, Add row to /TRACKING.csv
2000-01-01T00:00:00, Number of rows in /TRACKING.csv: 1
2000-01-01T00:00:00, Done loop ...
2000-01-01T00:00:00, ... powering down.
2000-01-01T00:00:00, Power down failed
2000-01-01T00:00:00, Data: 2000-01-01T00:00:00,4.07,24491,2512.00,2578.00,2548.00,-3.39,41.31,-9.74,882.21
2000-01-01T00:00:00, Add row to /TRACKING.csv
2000-01-01T00:00:00, Number of rows in /TRACKING.csv: 2
2000-01-01T00:00:00, Done loop ...
2000-01-01T00:00:00, ... powering down.
2000-01-01T00:00:00, Power down failed
2000-01-01T00:00:00, Data: 2000-01-01T00:00:00,4.14,24403,2517.00,2554.00,2534.50,-3.38,41.32,-9.64,882.19
2000-01-01T00:00:00, Add row to /TRACKING.csv
2000-01-01T00:00:00, Number of rows in /TRACKING.csv: 3
2000-01-01T00:00:00, Done loop ...
2000-01-01T00:00:00, ... powering down.
2000-01-01T00:00:00, Power down failed
2000-01-01T00:00:00, Data: 2000-01-01T00:00:00,4.08,24403,2526.00,2595.00,2551.50,-3.39,41.48,-9.57,882.19
2000-01-01T00:00:00, Add row to /TRACKING.csv
2000-01-01T00:00:00, Number of rows in /TRACKING.csv: 4
2000-01-01T00:00:00, Number of rows in /TRACKING.csv is >= 4
2000-01-01T00:00:00, Remove tracking
2000-01-01T00:00:00, Write to /TRANSMIT.csv: 2000-01-01T00:00:00,4.08,2526.00,-3.4,41
2000-01-01T00:00:00, Number of rows in /TRANSMIT.csv: 2
2000-01-01T00:00:00, Current hour = 0, Transmission hour = 0
2000-01-01T00:00:00, 0100007250-03442:253-03441
2000-01-01T00:00:00,  - attempt to send message: 0100007250-03442:253-03441
2000-01-01T00:00:00,  - Modem begin successful
2000-01-01T00:00:00,  - Sending...
2000-01-01T00:00:00, RTC Initialization Failed - Using Default Time
2000-01-01T00:00:00, Setup Complete
2000-01-01T00:00:00, RTC Initialization Failed - Using Default Time
2000-01-01T00:00:00, Setup Complete
2000-01-01T00:00:00, Data: 2000-01-01T00:00:00,4.05,24963,2538.00,2564.00,2553.50,-3.25,41.75,-9.62,882.23
2000-01-01T00:00:00, Add row to /TRACKING.csv
2000-01-01T00:00:00, Number of rows in /TRACKING.csv: 1
2000-01-01T00:00:00, Done loop ...
2000-01-01T00:00:00, ... powering down.
2000-01-01T00:00:00, Power down failed
2000-01-01T00:00:00, Data: 2000-01-01T00:00:00,4.05,24491,2523.00,2577.00,2557.50,-3.23,41.47,-9.54,882.24
2000-01-01T00:00:00, Add row to /TRACKING.csv
2000-01-01T00:00:00, Number of rows in /TRACKING.csv: 2
2000-01-01T00:00:00, Done loop ...
2000-01-01T00:00:00, ... powering down.
2000-01-01T00:00:00, Power down failed
2000-01-01T00:00:00, Data: 2000-01-01T00:00:00,4.06,24403,2499.00,2564.00,2546.50,-3.22,41.34,-9.38,882.23
2000-01-01T00:00:00, Add row to /TRACKING.csv
2000-01-01T00:00:00, Number of rows in /TRACKING.csv: 3
2000-01-01T00:00:00, Done loop ...
2000-01-01T00:00:00, ... powering down.
2000-01-01T00:00:00, Power down failed
2000-01-01T00:00:00, Data: 2000-01-01T00:00:00,4.15,24403,2521.00,2586.00,2554.00,-3.21,41.65,-9.35,882.25
2000-01-01T00:00:00, Add row to /TRACKING.csv
2000-01-01T00:00:00, Number of rows in /TRACKING.csv: 4
2000-01-01T00:00:00, Number of rows in /TRACKING.csv is >= 4
2000-01-01T00:00:00, Remove tracking
2000-01-01T00:00:00, Write to /TRANSMIT.csv: 2000-01-01T00:00:00,4.15,2521.00,-3.2,42
2000-01-01T00:00:00, Number of rows in /TRANSMIT.csv: 3
2000-01-01T00:00:00, Current hour = 0, Transmission hour = 0
2000-01-01T00:00:00, 0100008250-03442:253-03441:252-03242
2000-01-01T00:00:00,  - attempt to send message: 0100008250-03442:253-03441:252-03242
2000-01-01T00:00:00, RTC Initialization Failed - Using Default Time
2000-01-01T00:00:00, Setup Complete
2000-01-01T00:00:00, Data: 2000-01-01T00:00:00,4.12,24963,2517.00,2569.00,2538.00,-3.32,40.52,-8.15,882.21
2000-01-01T00:00:00, Add row to /TRACKING.csv
2000-01-01T00:00:00, Number of rows in /TRACKING.csv: 1
2000-01-01T00:00:00, Done loop ...
2000-01-01T00:00:00, ... powering down.
2000-01-01T00:00:00, Power down failed
2000-01-01T00:00:00, Data: 2000-01-01T00:00:00,4.09,24491,2532.00,2592.00,2558.50,-3.38,40.55,-8.01,882.26
2000-01-01T00:00:00, Add row to /TRACKING.csv
2000-01-01T00:00:00, Number of rows in /TRACKING.csv: 2
2000-01-01T00:00:00, Done loop ...
2000-01-01T00:00:00, ... powering down.
2000-01-01T00:00:00, Power down failed
2000-01-01T00:00:00, Data: 2000-01-01T00:00:00,4.16,24403,2530.00,2560.00,2537.50,-3.46,40.60,-7.92,882.21
2000-01-01T00:00:00, Add row to /TRACKING.csv
2000-01-01T00:00:00, Number of rows in /TRACKING.csv: 3
2000-01-01T00:00:00, Done loop ...
2000-01-01T00:00:00, ... powering down.
2000-01-01T00:00:00, Power down failed
2000-01-01T00:00:00, Data: 2000-01-01T00:00:00,4.43,24403,2538.00,2573.00,2553.00,-3.55,40.81,-7.79,882.21
2000-01-01T00:00:00, Add row to /TRACKING.csv
2000-01-01T00:00:00, Number of rows in /TRACKING.csv: 4
2000-01-01T00:00:00, Number of rows in /TRACKING.csv is >= 4
2000-01-01T00:00:00, Remove tracking
2000-01-01T00:00:00, Write to /TRANSMIT.csv: 2000-01-01T00:00:00,4.43,2538.00,-3.5,41
2000-01-01T00:00:00, Number of rows in /TRANSMIT.csv: 4
2000-01-01T00:00:00, Current hour = 0, Transmission hour = 0
2000-01-01T00:00:00, 0100009250-03442:253-03441:252-03242:254-03541
2000-01-01T00:00:00,  - attempt to send message: 0100009250-03442:253-03441:252-03242:254-03541
2000-01-01T00:00:00, RTC Initialization Failed - Using Default Time
2000-01-01T00:00:00, Setup Complete
2000-01-01T00:00:00, Data: 2000-01-01T00:00:00,4.20,24963,2529.00,2577.00,2570.00,-3.88,43.03,-8.51,882.20
2000-01-01T00:00:00, Add row to /TRACKING.csv
2000-01-01T00:00:00, Number of rows in /TRACKING.csv: 1
2000-01-01T00:00:00, Done loop ...
2000-01-01T00:00:00, ... powering down.
2000-01-01T00:00:00, Power down failed
2000-01-01T00:00:00, Data: 2000-01-01T00:00:00,4.20,24491,2543.00,2577.00,2565.00,-3.91,43.01,-8.61,882.22
2000-01-01T00:00:00, Add row to /TRACKING.csv
2000-01-01T00:00:00, Number of rows in /TRACKING.csv: 2
2000-01-01T00:00:00, Done loop ...
2000-01-01T00:00:00, ... powering down.
2000-01-01T00:00:00, Power down failed
2000-01-01T00:00:00, Data: 2000-01-01T00:00:00,4.20,24403,2530.00,2574.00,2550.50,-3.88,42.97,-8.66,882.25
2000-01-01T00:00:00, Add row to /TRACKING.csv
2000-01-01T00:00:00, Number of rows in /TRACKING.csv: 3
2000-01-01T00:00:00, Done loop ...
2000-01-01T00:00:00, ... powering down.
2000-01-01T00:00:00, Power down failed
2000-01-01T00:00:00, Data: 2000-01-01T00:00:00,4.20,24403,2542.00,2585.00,2570.50,-3.88,43.11,-8.72,882.25
2000-01-01T00:00:00, Add row to /TRACKING.csv
2000-01-01T00:00:00, Number of rows in /TRACKING.csv: 4
2000-01-01T00:00:00, Number of rows in /TRACKING.csv is >= 4
2000-01-01T00:00:00, Remove tracking
2000-01-01T00:00:00, Write to /TRANSMIT.csv: 2000-01-01T00:00:00,4.20,2542.00,-3.9,43
2000-01-01T00:00:00, Number of rows in /TRANSMIT.csv: 5
2000-01-01T00:00:00, Current hour = 0, Transmission hour = 0
2000-01-01T00:00:00, 0100008250-03442:253-03441:252-03242:254-03541:254-03943
2000-01-01T00:00:00,  - attempt to send message: 0100008250-03442:253-03441:252-03242:254-03541:254-03943
2000-01-01T00:00:00, RTC Initialization Failed - Using Default Time
2000-01-01T00:00:00, Setup Complete
2000-01-01T00:00:00, Data: 2000-01-01T00:00:00,4.20,24963,2546.00,2584.00,2562.00,-3.64,42.55,-8.55,882.24
2000-01-01T00:00:00, Add row to /TRACKING.csv
2000-01-01T00:00:00, Number of rows in /TRACKING.csv: 1
2000-01-01T00:00:00, Done loop ...
2000-01-01T00:00:00, ... powering down.
2000-01-01T00:00:00, Power down failed
2000-01-01T00:00:00, Data: 2000-01-01T00:00:00,4.20,24491,2516.00,2607.00,2544.50,-3.58,42.48,-8.63,882.25
2000-01-01T00:00:00, Add row to /TRACKING.csv
2000-01-01T00:00:00, Number of rows in /TRACKING.csv: 2
2000-01-01T00:00:00, Done loop ...
2000-01-01T00:00:00, ... powering down.
2000-01-01T00:00:00, Power down failed
2000-01-01T00:00:00, Data: 2000-01-01T00:00:00,4.20,24403,2549.00,2572.00,2564.50,-3.55,42.40,-8.67,882.23
2000-01-01T00:00:00, Add row to /TRACKING.csv
2000-01-01T00:00:00, Number of rows in /TRACKING.csv: 3
2000-01-01T00:00:00, Done loop ...
2000-01-01T00:00:00, ... powering down.
2000-01-01T00:00:00, Power down failed
2000-01-01T00:00:00, Data: 2000-01-01T00:00:00,4.20,24403,2536.00,2576.00,2566.50,-3.50,42.38,-8.73,882.21
2000-01-01T00:00:00, Add row to /TRACKING.csv
2000-01-01T00:00:00, Number of rows in /TRACKING.csv: 4
2000-01-01T00:00:00, Number of rows in /TRACKING.csv is >= 4
2000-01-01T00:00:00, Remove tracking
2000-01-01T00:00:00, Write to /TRANSMIT.csv: 2000-01-01T00:00:00,4.20,2536.00,-3.5,42
2000-01-01T00:00:00, Number of rows in /TRANSMIT.csv: 6
2000-01-01T00:00:00, Current hour = 0, Transmission hour = 0
2000-01-01T00:00:00, 0100008250-03442:253-03441:252-03242:254-03541:254-03943:254-03542
2000-01-01T00:00:00,  - attempt to send message: 0100008250-03442:253-03441:252-03242:254-03541:254-03943:254-03542
2000-01-01T00:00:00, RTC Initialization Failed - Using Default Time
2000-01-01T00:00:00, Setup Complete
2000-01-01T00:00:00, Data: 2000-01-01T00:00:00,4.20,24963,2526.00,2575.00,2543.00,-3.41,42.05,-8.85,882.30
2000-01-01T00:00:00, Add row to /TRACKING.csv
2000-01-01T00:00:00, Number of rows in /TRACKING.csv: 1
2000-01-01T00:00:00, Done loop ...
2000-01-01T00:00:00, ... powering down.
2000-01-01T00:00:00, Power down failed
2000-01-01T00:00:00, Data: 2000-01-01T00:00:00,4.19,24491,2549.00,2589.00,2566.00,-3.36,41.64,-8.87,882.31
2000-01-01T00:00:00, Add row to /TRACKING.csv
2000-01-01T00:00:00, Number of rows in /TRACKING.csv: 2
2000-01-01T00:00:00, RTC Initialization Failed - Using Default Time
2000-01-01T00:00:00, Setup Complete
2000-01-01T00:00:00, Data: 2000-01-01T00:00:00,4.20,24963,2528.00,2583.00,2557.00,-3.27,41.53,-9.17,882.30
2000-01-01T00:00:00, Add row to /TRACKING.csv
2000-01-01T00:00:00, Number of rows in /TRACKING.csv: 3
2000-01-01T00:00:00, Done loop ...
2000-01-01T00:00:00, ... powering down.
2000-01-01T00:00:00, Power down failed
2000-01-01T00:00:00, Data: 2000-01-01T00:00:00,4.17,24491,2530.00,2578.00,2554.50,-3.19,41.71,-9.28,882.26
2000-01-01T00:00:00, Add row to /TRACKING.csv
2000-01-01T00:00:00, Number of rows in /TRACKING.csv: 4
2000-01-01T00:00:00, Number of rows in /TRACKING.csv is >= 4
2000-01-01T00:00:00, Remove tracking
2000-01-01T00:00:00, Write to /TRANSMIT.csv: 2000-01-01T00:00:00,4.17,2530.00,-3.2,42
2000-01-01T00:00:00, Number of rows in /TRANSMIT.csv: 7
2000-01-01T00:00:00, Current hour = 0, Transmission hour = 0
2000-01-01T00:00:00, 0100008250-03442:253-03441:252-03242:254-03541:254-03943:254-03542:253-03242
2000-01-01T00:00:00,  - attempt to send message: 0100008250-03442:253-03441:252-03242:254-03541:254-03943:254-03542:253-03242
2000-01-01T00:00:00, RTC Initialization Failed - Using Default Time
2000-01-01T00:00:00, Setup Complete
2000-01-01T00:00:00, Data: 2000-01-01T00:00:00,4.20,24963,2535.00,2608.00,2571.50,-2.93,41.78,-8.86,882.25
2000-01-01T00:00:00, Add row to /TRACKING.csv
2000-01-01T00:00:00, Number of rows in /TRACKING.csv: 1
2000-01-01T00:00:00, Done loop ...
2000-01-01T00:00:00, ... powering down.
2000-01-01T00:00:00, Power down failed
2000-01-01T00:00:00, Data: 2000-01-01T00:00:00,4.20,24491,2510.00,2572.00,2551.00,-2.90,41.54,-8.98,882.25
2000-01-01T00:00:00, Add row to /TRACKING.csv
2000-01-01T00:00:00, Number of rows in /TRACKING.csv: 2
2000-01-01T00:00:00, Done loop ...
2000-01-01T00:00:00, ... powering down.
2000-01-01T00:00:00, RTC Initialization Failed - Using Default Time
2000-01-01T00:00:00, Setup Complete
2000-01-01T00:00:00, Data: 2000-01-01T00:00:00,4.20,24963,2515.00,2580.00,2553.50,-2.79,40.85,-9.52,882.30
2000-01-01T00:00:00, Add row to /TRACKING.csv
2000-01-01T00:00:00, Number of rows in /TRACKING.csv: 3
2000-01-01T00:00:00, Done loop ...
2000-01-01T00:00:00, ... powering down.
2000-01-01T00:00:00, Power down failed
2000-01-01T00:00:00, RTC Initialization Failed - Using Default Time
2000-01-01T00:00:00, Setup Complete
2000-01-01T00:00:00, Data: 2000-01-01T00:00:00,4.27,24963,2525.00,2565.00,2554.00,-9.50,58.38,-9.30,882.24
2000-01-01T00:00:00, Add row to /TRACKING.csv
2000-01-01T00:00:00, Number of rows in /TRACKING.csv: 4
2000-01-01T00:00:00, Number of rows in /TRACKING.csv is >= 4
2000-01-01T00:00:00, Remove tracking
2000-01-01T00:00:00, Write to /TRANSMIT.csv: 2000-01-01T00:00:00,4.27,2525.00,-9.5,58
2000-01-01T00:00:00, Number of rows in /TRANSMIT.csv: 8
2000-01-01T00:00:00, Current hour = 0, Transmission hour = 0
2000-01-01T00:00:00, 0100009250-03442:253-03441:252-03242:254-03541:254-03943:254-03542:253-03242:253-09558
2000-01-01T00:00:00,  - attempt to send message: 0100009250-03442:253-03441:252-03242:254-03541:254-03943:254-03542:253-03242:253-09558
2000-01-01T00:00:00,  - Modem begin successful
2000-01-01T00:00:00,  - Sending...
2000-01-01T00:00:00,  - Send response: 
2000-01-01T00:00:00,   - Sync clocks... 
2000-01-01T00:00:00,  - Arduino Old Time: 2000-00-20T00:84:03
2000-01-01T00:00:00,  - Failed to set valid RTC time
2000-01-01T00:00:00, Message sent! Removing /TRANSMIT.csv
2000-01-01T00:00:00, Done loop ...
2000-01-01T00:00:00, ... powering down.
2000-01-01T00:00:00, Power down failed
2000-01-01T00:00:00, Data: 2000-01-01T00:00:00,4.11,23051,2549.00,2559.00,2557.50,-9.52,58.59,-9.41,882.25
2000-01-01T00:00:00, Add row to /TRACKING.csv
2000-01-01T00:00:00, Number of rows in /TRACKING.csv: 1
2000-01-01T00:00:00, Done loop ...
2000-01-01T00:00:00, ... powering down.
2000-01-01T00:00:00, Power down failed
2000-01-01T00:00:00, Data: 2000-01-01T00:00:00,4.16,23051,2529.00,2559.00,2548.50,-9.53,58.74,-9.41,882.20
2000-01-01T00:00:00, Add row to /TRACKING.csv
2000-01-01T00:00:00, Number of rows in /TRACKING.csv: 2
2000-01-01T00:00:00, Done loop ...
2000-01-01T00:00:00, ... powering down.
2000-01-01T00:00:00, Power down failed
2000-01-01T00:00:00, RTC Initialization Failed - Using Default Time
2000-01-01T00:00:00, Setup Complete
2000-01-01T00:00:00, Data: 2000-01-01T00:00:00,3.98,25555,2546.00,2567.00,2558.50,-9.50,59.21,-9.04,882.29
2000-01-01T00:00:00, Add row to /TRACKING.csv
2000-01-01T00:00:00, Number of rows in /TRACKING.csv: 3
2000-01-01T00:00:00, Done loop ...
2000-01-01T00:00:00, ... powering down.
2000-01-01T00:00:00, RTC Initialization Failed - Using Default Time
2000-01-01T00:00:00, Setup Complete
2000-01-01T00:00:00, Data: 2000-01-01T00:00:00,4.00,25555,2537.00,2560.00,2549.00,-9.32,59.41,-8.71,882.30
2000-01-01T00:00:00, Add row to /TRACKING.csv
2000-01-01T00:00:00, Number of rows in /TRACKING.csv: 4
2000-01-01T00:00:00, Number of rows in /TRACKING.csv is >= 4
2000-01-01T00:00:00, Remove tracking
2000-01-01T00:00:00, Write to /TRANSMIT.csv: 2000-01-01T00:00:00,4.00,2537.00,-9.3,59
2000-01-01T00:00:00, Number of rows in /TRANSMIT.csv: 1
2000-01-01T00:00:00, Current hour = 0, Transmission hour = 0
2000-01-01T00:00:00, 0100007254-09359
2000-01-01T00:00:00,  - attempt to send message: 0100007254-09359
2000-01-01T00:00:00,  - Modem begin successful
2000-01-01T00:00:00,  - Sending...
2000-01-01T00:00:00,  - Send response: 
2000-01-01T00:00:00,   - Sync clocks... 
2000-01-01T00:00:00,  - Arduino Old Time: 2000-00-20T00:84:03
2000-01-01T00:00:00,  - Failed to set valid RTC time
2000-01-01T00:00:00, Message sent! Removing /TRANSMIT.csv
2000-01-01T00:00:00, Done loop ...
2000-01-01T00:00:00, ... powering down.
