DATETIME, MESSAGE: 
2025-01-31T11:57:58, Setup Complete
2019-12-14T16:20:03, Data: 2025-01-31T11:57:58,4.10,25631,2426.00,2448.00,2438.50,-9.05,73.59,-7.67,863.61
2019-12-14T16:19:03, Add row to /TRACKING.csv
2022-09-10T16:00:03, Number of rows in /TRACKING.csv: 1
2019-12-14T16:19:03, Done loop ...
2019-12-14T16:19:03, ... powering down.
2020-01-27T16:18:03, RTC Initialization Failed
2020-01-27T16:18:03, Setup Complete
2020-01-27T16:23:03, Data: 2011-11-05T16:02:03,4.06,25003,2429.00,2498.00,2449.00,-4.95,64.49,-3.49,863.32
2020-01-27T16:21:03, Add row to /TRACKING.csv
2022-10-24T16:00:03, Number of rows in /TRACKING.csv: 2
2020-01-27T16:22:03, Done loop ...
2020-01-27T16:22:03, ... powering down.
2020-01-27T16:22:03, Power down failed
2020-01-27T16:24:03, Data: 2009-03-17T17:25:03,4.06,24487,2445.00,4964.00,2457.00,-5.01,64.57,-3.41,863.32
2020-01-27T16:21:03, Add row to /TRACKING.csv
2022-10-24T16:00:03, Number of rows in /TRACKING.csv: 3
2020-01-27T16:22:03, Done loop ...
2020-01-27T16:22:03, ... powering down.
2020-01-27T16:18:03, RTC Initialization Failed
2020-01-27T16:18:03, Setup Complete
2020-01-27T16:23:03, Data: 2009-05-14T16:02:03,4.05,25003,2453.00,4968.00,3725.00,-5.09,64.73,-3.34,863.32
2020-01-27T16:21:03, Add row to /TRACKING.csv
2022-10-04T16:56:03, Number of rows in /TRACKING.csv: 4
2020-01-27T16:21:03, Number of rows in /TRACKING.csv is >= 4
2020-01-27T16:22:03, Remove tracking
2020-01-27T16:23:03, Write to /TRANSMIT.csv: 2009-05-14T16:02:03,4.05,2453.00,-5.1,65
2022-10-04T16:56:03, Number of rows in /TRANSMIT.csv: 1
2003-01-30T16:00:03, Current hour = 16, Transmission hour = 1
2003-01-30T16:00:03, Current hour = 16, Transmission hour = 6
2003-01-30T16:00:03, Current hour = 16, Transmission hour = 8
2003-01-30T16:00:03, Current hour = 16, Transmission hour = 10
2003-01-30T16:00:03, Current hour = 16, Transmission hour = 15
2003-01-30T16:00:03, Current hour = 16, Transmission hour = 20
2003-01-30T16:00:03, Current hour = 16, Transmission hour = 22
2020-01-27T16:22:03, Done loop ...
2020-01-27T16:22:03, ... powering down.
2020-01-27T16:22:03, Power down failed
2020-01-27T16:23:03, Data: 2000-01-19T17:25:03,4.14,24215,2452.00,2486.00,2465.50,-5.19,64.90,-3.28,863.34
2020-01-27T16:21:03, Add row to /TRACKING.csv
2022-10-04T16:56:03, Number of rows in /TRACKING.csv: 1
2020-01-27T16:22:03, Done loop ...
2020-01-27T16:22:03, ... powering down.
2020-01-27T16:22:03, Power down failed
2020-01-27T16:23:03, Data: 2009-03-17T17:25:03,4.08,24215,2441.00,2471.00,2456.50,-5.28,65.11,-3.26,863.33
2020-01-27T16:21:03, Add row to /TRACKING.csv
2022-10-04T16:56:03, Number of rows in /TRACKING.csv: 2
2020-01-27T16:22:03, Done loop ...
2020-01-27T16:22:03, ... powering down.
2020-01-27T16:19:03, RTC Initialization Failed
2020-01-27T16:20:03, Setup Complete
2020-01-27T16:20:03, Data: 2009-05-14T16:02:03,3.96,25627,2451.00,2492.00,2470.50,-5.88,66.54,-2.83,863.32
2020-01-27T16:19:03, Add row to /TRACKING.csv
2023-03-18T06:25:03, Number of rows in /TRACKING.csv: 3
2020-01-27T16:19:03, Done loop ...
2020-01-27T16:19:03, ... powering down.
2020-01-27T16:19:03, RTC Initialization Failed
2020-01-27T16:20:03, Setup Complete
2020-01-27T16:20:03, Data: 2009-05-14T16:02:03,4.00,25627,2500.00,4989.00,4987.00,-6.32,69.03,-2.55,863.33
2020-01-27T16:19:03, Add row to /TRACKING.csv
2023-03-08T07:45:03, Number of rows in /TRACKING.csv: 4
2020-01-27T16:21:03, Number of rows in /TRACKING.csv is >= 4
2020-01-27T16:19:03, Remove tracking
2020-01-27T16:20:03, Write to /TRANSMIT.csv: 2009-05-14T16:02:03,4.00,2500.00,-6.3,69
2023-03-08T07:45:03, Number of rows in /TRANSMIT.csv: 2
2020-01-27T16:23:03, Current hour = 16, Transmission hour = 1
2020-01-27T16:23:03, Current hour = 16, Transmission hour = 6
2020-01-27T16:23:03, Current hour = 16, Transmission hour = 8
2020-01-27T16:23:03, Current hour = 16, Transmission hour = 10
2020-01-27T16:23:03, Current hour = 16, Transmission hour = 15
2020-01-27T16:23:03, Current hour = 16, Transmission hour = 20
2020-01-27T16:23:03, Current hour = 16, Transmission hour = 22
2020-01-27T16:19:03, Done loop ...
2020-01-27T16:19:03, ... powering down.
2020-01-27T16:19:03, RTC Initialization Failed
2020-01-27T16:20:03, Setup Complete
2020-01-27T16:20:03, Data: 2009-05-14T16:02:03,3.99,25627,2448.00,4987.00,2473.50,-6.50,70.29,-2.47,863.33
2020-01-27T16:19:03, Add row to /TRACKING.csv
2023-03-18T06:25:03, Number of rows in /TRACKING.csv: 1
2020-01-27T16:19:03, Done loop ...
2020-01-27T16:19:03, ... powering down.
2020-01-27T16:19:03, RTC Initialization Failed
2020-01-27T16:20:03, Setup Complete
2020-01-27T16:21:03, Data: 2009-05-14T16:02:03,4.00,25627,2466.00,4987.00,2472.50,-6.26,69.18,4.63,863.31
2020-01-27T16:19:03, Add row to /TRACKING.csv
2023-03-18T06:25:03, Number of rows in /TRACKING.csv: 2
2020-01-27T16:19:03, Done loop ...
2020-01-27T16:19:03, ... powering down.
2020-01-27T16:19:03, RTC Initialization Failed
2020-01-27T16:20:03, Setup Complete
2020-01-27T16:21:03, Data: 2011-11-25T16:09:03,4.00,25627,2442.00,4987.00,2463.50,-6.77,75.46,4.71,863.32
2020-01-27T16:19:03, Add row to /TRACKING.csv
2023-03-18T06:25:03, Number of rows in /TRACKING.csv: 3
2020-01-27T16:19:03, Done loop ...
2020-01-27T16:19:03, ... powering down.
2020-01-27T16:19:03, RTC Initialization Failed
2020-01-27T16:20:03, Setup Complete
2020-01-27T16:21:03, Data: 2009-05-14T16:02:03,3.98,25627,2452.00,4987.00,2460.00,-6.21,72.82,5.31,863.23
2020-01-27T16:19:03, Add row to /TRACKING.csv
2023-03-18T06:25:03, Number of rows in /TRACKING.csv: 4
2020-01-27T16:21:03, Number of rows in /TRACKING.csv is >= 4
2020-01-27T16:19:03, Remove tracking
2020-01-27T16:21:03, Write to /TRANSMIT.csv: 2009-05-14T16:02:03,3.98,2452.00,-6.2,73
2023-03-18T06:25:03, Number of rows in /TRANSMIT.csv: 3
2020-01-27T16:21:03, Current hour = 16, Transmission hour = 1
2020-01-27T16:21:03, Current hour = 16, Transmission hour = 6
2020-01-27T16:21:03, Current hour = 16, Transmission hour = 8
2020-01-27T16:21:03, Current hour = 16, Transmission hour = 10
2020-01-27T16:21:03, Current hour = 16, Transmission hour = 15
2020-01-27T16:21:03, Current hour = 16, Transmission hour = 20
2020-01-27T16:21:03, Current hour = 16, Transmission hour = 22
2020-01-27T16:19:03, Done loop ...
2020-01-27T16:19:03, ... powering down.
2020-01-27T16:19:03, RTC Initialization Failed
2020-01-27T16:20:03, Setup Complete
2020-01-27T16:21:03, Data: 2009-05-14T16:02:03,3.99,25627,2448.00,4988.00,4987.00,-5.84,73.51,5.80,863.16
2020-01-27T16:19:03, Add row to /TRACKING.csv
2023-03-18T06:25:03, Number of rows in /TRACKING.csv: 1
2020-01-27T16:19:03, Done loop ...
2020-01-27T16:19:03, ... powering down.
2020-01-27T16:19:03, RTC Initialization Failed
2020-01-27T16:20:03, Setup Complete
2020-01-27T16:21:03, Data: 2009-05-14T16:02:03,3.86,25627,2459.00,4990.00,4989.00,-9.53,85.27,0.44,863.00
2020-01-27T16:19:03, Add row to /TRACKING.csv
2023-03-18T06:25:03, Number of rows in /TRACKING.csv: 2
2020-01-27T16:19:03, Done loop ...
2020-01-27T16:19:03, ... powering down.
2020-01-27T16:19:03, RTC Initialization Failed
2020-01-27T16:20:03, Setup Complete
2020-01-27T16:20:03, Data: 2009-05-14T16:02:03,3.89,25627,2444.00,4989.00,2454.50,-9.07,83.09,-0.74,863.38
2020-01-27T16:19:03, Add row to /TRACKING.csv
2023-03-18T06:25:03, Number of rows in /TRACKING.csv: 3
2020-01-27T16:19:03, Done loop ...
2020-01-27T16:19:03, ... powering down.
2020-01-27T16:19:03, RTC Initialization Failed
2020-01-27T16:20:03, Setup Complete
2020-01-27T16:21:03, Data: 2009-05-14T16:02:03,3.88,25627,2431.00,4988.00,3729.00,-8.56,76.43,1.57,863.20
2020-01-27T16:19:03, Add row to /TRACKING.csv
2023-03-18T06:25:03, Number of rows in /TRACKING.csv: 4
2020-01-27T16:21:03, Number of rows in /TRACKING.csv is >= 4
2020-01-27T16:19:03, Remove tracking
2020-01-27T16:21:03, Write to /TRANSMIT.csv: 2009-05-14T16:02:03,3.88,2431.00,-8.6,76
2023-03-18T06:25:03, Number of rows in /TRANSMIT.csv: 4
2003-01-30T16:00:03, Current hour = 16, Transmission hour = 1
2003-01-30T16:00:03, Current hour = 16, Transmission hour = 6
2003-01-30T16:00:03, Current hour = 16, Transmission hour = 8
2003-01-30T16:00:03, Current hour = 16, Transmission hour = 10
2003-01-30T16:00:03, Current hour = 16, Transmission hour = 15
2003-01-30T16:00:03, Current hour = 16, Transmission hour = 20
2003-01-30T16:00:03, Current hour = 16, Transmission hour = 22
2020-01-27T16:19:03, Done loop ...
2020-01-27T16:19:03, ... powering down.
2020-01-27T16:19:03, RTC Initialization Failed
2020-01-27T16:20:03, Setup Complete
2020-01-27T16:20:03, Data: 2009-05-14T16:02:03,3.76,25627,2441.00,4990.00,2452.50,-9.97,85.98,-2.39,863.36
2020-01-27T16:19:03, Add row to /TRACKING.csv
2023-03-08T06:25:03, Number of rows in /TRACKING.csv: 1
2020-01-27T16:19:03, Done loop ...
2020-01-27T16:19:03, ... powering down.
2020-01-27T16:19:03, RTC Initialization Failed
2020-01-27T16:20:03, Setup Complete
2020-01-27T16:21:03, Data: 2009-05-14T16:02:03,3.84,25627,2430.00,4991.00,4990.00,-10.09,85.65,-4.29,863.34
2020-01-27T16:19:03, Add row to /TRACKING.csv
2023-03-18T07:45:03, Number of rows in /TRACKING.csv: 2
2020-01-27T16:19:03, Done loop ...
2020-01-27T16:19:03, ... powering down.
2020-01-27T16:19:03, RTC Initialization Failed
2020-01-27T16:20:03, Setup Complete
2020-01-27T16:21:03, Data: 2009-05-14T16:02:03,3.75,25627,4989.00,4992.00,4990.00,-10.56,88.75,-6.83,863.65
2020-01-27T16:19:03, Add row to /TRACKING.csv
2023-03-18T06:25:03, Number of rows in /TRACKING.csv: 3
2020-01-27T16:19:03, Done loop ...
2020-01-27T16:19:03, ... powering down.
2020-01-27T16:19:03, RTC Initialization Failed
2020-01-27T16:20:03, Setup Complete
2020-01-27T16:21:03, Data: 2009-05-14T16:02:03,3.74,25627,4989.00,4993.00,4991.50,-10.89,92.08,-8.23,863.75
2020-01-27T16:19:03, Add row to /TRACKING.csv
2023-03-18T06:25:03, Number of rows in /TRACKING.csv: 4
2020-01-27T16:21:03, Number of rows in /TRACKING.csv is >= 4
2020-01-27T16:19:03, Remove tracking
2020-01-27T16:21:03, Write to /TRANSMIT.csv: 2009-05-14T16:02:03,3.74,4989.00,-10.9,92
2023-03-18T06:25:03, Number of rows in /TRANSMIT.csv: 5
2003-01-30T16:00:03, Current hour = 16, Transmission hour = 1
2001-03-26T16:00:03, 1416024245-05165:250-06369:245-06273:243-08676:499-10992
2020-01-27T16:25:03,  - attempt to send message: 1416024245-05165:250-06369:245-06273:243-08676:499-10992
2020-01-27T16:25:03,  - Modem begin successful
2020-01-27T16:23:03,  - Sending...
2020-01-27T16:25:03,  - Send response: 
2020-01-27T16:25:03,   - Sync clocks... 
2020-01-27T16:24:03,  - Arduino Old Time: 2000-00-20T00:84:03
2020-01-27T16:24:03,  - Arduino New Time: 2001-00-23T59:44:03
2020-01-27T16:21:03, Message sent! Removing /TRANSMIT.csv
2020-01-27T16:19:03, Done loop ...
2020-01-27T16:19:03, ... powering down.
2020-01-27T16:19:03, RTC Initialization Failed
2020-01-27T16:20:03, Setup Complete
2020-01-27T16:21:03, Data: 2009-05-14T16:02:03,3.74,25627,4991.00,4992.00,4991.00,-10.95,90.10,-9.10,863.87
2020-01-27T16:19:03, Add row to /TRACKING.csv
2023-03-18T07:45:03, Number of rows in /TRACKING.csv: 1
2020-01-27T16:19:03, Done loop ...
2020-01-27T16:19:03, ... powering down.
2020-01-27T16:19:03, RTC Initialization Failed
2020-01-27T16:20:03, Setup Complete
2020-01-27T16:21:03, Data: 2009-05-14T16:02:03,3.74,25627,2411.00,4992.00,4989.50,-10.95,90.35,-9.71,863.98
2020-01-27T16:19:03, Add row to /TRACKING.csv
2023-03-18T07:45:03, Number of rows in /TRACKING.csv: 2
2020-01-27T16:19:03, Done loop ...
2020-01-27T16:19:03, ... powering down.
2020-01-27T16:19:03, RTC Initialization Failed
2020-01-27T16:20:03, Setup Complete
2020-01-27T16:21:03, Data: 2009-05-14T16:02:03,3.74,25627,4991.00,4994.00,4993.00,-11.14,90.29,-10.34,863.94
2020-01-27T16:19:03, Add row to /TRACKING.csv
2023-03-18T07:45:03, Number of rows in /TRACKING.csv: 3
2020-01-27T16:19:03, Done loop ...
2020-01-27T16:19:03, ... powering down.
2020-01-27T16:19:03, RTC Initialization Failed
2020-01-27T16:20:03, Setup Complete
2020-01-27T16:21:03, Data: 2009-05-14T16:02:03,3.73,25627,4990.00,4992.00,4992.00,-11.29,89.71,-10.81,864.02
2020-01-27T16:19:03, Add row to /TRACKING.csv
2023-03-18T07:45:03, Number of rows in /TRACKING.csv: 4
2020-01-27T16:21:03, Number of rows in /TRACKING.csv is >= 4
2020-01-27T16:19:03, Remove tracking
2020-01-27T16:21:03, Write to /TRANSMIT.csv: 2009-05-14T16:02:03,3.73,4990.00,-11.3,90
2023-03-18T07:45:03, Number of rows in /TRANSMIT.csv: 1
2020-01-27T16:23:03, Current hour = 16, Transmission hour = 1
2020-01-27T16:23:03, Current hour = 16, Transmission hour = 6
2020-01-27T16:23:03, Current hour = 16, Transmission hour = 8
2020-01-27T16:23:03, Current hour = 16, Transmission hour = 10
2020-01-27T16:23:03, Current hour = 16, Transmission hour = 15
2020-01-27T16:23:03, Current hour = 16, Transmission hour = 20
2020-01-27T16:23:03, Current hour = 16, Transmission hour = 22
2020-01-27T16:19:03, Done loop ...
2020-01-27T16:19:03, ... powering down.
2020-01-27T16:19:03, RTC Initialization Failed
2020-01-27T16:20:03, Setup Complete
2020-01-27T16:21:03, Data: 2000-01-19T16:11:03,3.73,25627,4990.00,4992.00,4991.00,-11.38,90.00,-11.23,864.14
2020-01-27T16:19:03, Add row to /TRACKING.csv
2023-03-18T07:45:03, Number of rows in /TRACKING.csv: 1
2020-01-27T16:19:03, Done loop ...
2020-01-27T16:19:03, ... powering down.
2020-01-27T16:19:03, RTC Initialization Failed
2020-01-27T16:20:03, Setup Complete
2020-01-27T16:21:03, Data: 2009-05-14T16:02:03,3.73,25627,4992.00,4994.00,4993.00,-11.61,89.38,-11.62,864.01
2020-01-27T16:19:03, Add row to /TRACKING.csv
2023-03-18T07:45:03, Number of rows in /TRACKING.csv: 2
2020-01-27T16:19:03, Done loop ...
2020-01-27T16:19:03, ... powering down.
2020-01-27T16:19:03, RTC Initialization Failed
2020-01-27T16:20:03, Setup Complete
2020-01-27T16:21:03, Data: 2000-01-19T16:11:03,3.73,25627,4993.00,4995.00,4994.00,-11.95,89.67,-12.10,864.24
2020-01-27T16:19:03, Add row to /TRACKING.csv
2023-03-18T07:45:03, Number of rows in /TRACKING.csv: 3
2020-01-27T16:19:03, Done loop ...
2020-01-27T16:19:03, ... powering down.
2020-01-27T16:19:03, RTC Initialization Failed
2020-01-27T16:20:03, Setup Complete
2043-04-29T09:31:47, Data: 2006-03-21T16:00:03,3.73,25627,4990.00,4992.00,4991.50,-11.71,90.33,-12.01,864.33
2020-01-27T16:19:03, Add row to /TRACKING.csv
2023-03-18T07:45:03, Number of rows in /TRACKING.csv: 4
2020-01-27T16:21:03, Number of rows in /TRACKING.csv is >= 4
2020-01-27T16:19:03, Remove tracking
2020-01-27T16:21:03, Write to /TRANSMIT.csv: 2006-03-21T16:00:03,3.73,4990.00,-11.7,90
2023-03-18T07:45:03, Number of rows in /TRANSMIT.csv: 2
2020-01-27T16:22:03, Current hour = 16, Transmission hour = 1
2020-01-27T16:22:03, Current hour = 16, Transmission hour = 6
2020-01-27T16:22:03, Current hour = 16, Transmission hour = 8
2020-01-27T16:22:03, Current hour = 16, Transmission hour = 10
2020-01-27T16:22:03, Current hour = 16, Transmission hour = 15
2020-01-27T16:22:03, Current hour = 16, Transmission hour = 20
2020-01-27T16:22:03, Current hour = 16, Transmission hour = 22
2020-01-27T16:19:03, Done loop ...
2020-01-27T16:19:03, ... powering down.
2020-01-27T16:19:03, RTC Initialization Failed
2020-01-27T16:20:03, Setup Complete
2020-01-27T16:21:03, Data: 2009-05-14T16:02:03,3.72,25627,4991.00,4993.00,4992.00,-11.43,89.84,-11.77,864.36
2020-01-27T16:19:03, Add row to /TRACKING.csv
2023-03-18T07:45:03, Number of rows in /TRACKING.csv: 1
2020-01-27T16:19:03, Done loop ...
2020-01-27T16:19:03, ... powering down.
2020-01-27T16:19:03, RTC Initialization Failed
2020-01-27T16:20:03, Setup Complete
2020-01-27T16:21:03, Data: 2009-05-14T16:02:03,3.72,25627,4992.00,4994.00,4993.00,-11.56,89.40,-11.76,864.35
2020-01-27T16:19:03, Add row to /TRACKING.csv
2023-03-18T07:45:03, Number of rows in /TRACKING.csv: 2
2020-01-27T16:19:03, Done loop ...
2020-01-27T16:19:03, ... powering down.
2020-01-27T16:19:03, RTC Initialization Failed
2020-01-27T16:20:03, Setup Complete
2020-01-27T16:21:03, Data: 2009-05-14T16:02:03,3.72,25627,4992.00,4994.00,4993.00,-11.84,89.56,-11.93,864.33
2020-01-27T16:19:03, Add row to /TRACKING.csv
2023-03-18T07:45:03, Number of rows in /TRACKING.csv: 3
2020-01-27T16:19:03, Done loop ...
2020-01-27T16:19:03, ... powering down.
2020-01-27T16:19:03, RTC Initialization Failed
2020-01-27T16:20:03, Setup Complete
2020-01-27T16:21:03, Data: 2009-05-14T16:02:03,3.72,25627,4991.00,4993.00,4993.00,-12.03,89.17,-12.17,864.32
2020-01-27T16:19:03, Add row to /TRACKING.csv
2023-03-18T07:45:03, Number of rows in /TRACKING.csv: 4
2020-01-27T16:21:03, Number of rows in /TRACKING.csv is >= 4
2020-01-27T16:19:03, Remove tracking
2020-01-27T16:21:03, Write to /TRANSMIT.csv: 2009-05-14T16:02:03,3.72,4991.00,-12.0,89
2023-03-18T07:45:03, Number of rows in /TRANSMIT.csv: 3
2003-01-30T16:00:03, Current hour = 16, Transmission hour = 1
2003-01-30T16:00:03, Current hour = 16, Transmission hour = 6
2003-01-30T16:00:03, Current hour = 16, Transmission hour = 8
2003-01-30T16:00:03, Current hour = 16, Transmission hour = 10
2003-01-30T16:00:03, Current hour = 16, Transmission hour = 15
2003-01-30T16:00:03, Current hour = 16, Transmission hour = 20
2003-01-30T16:00:03, Current hour = 16, Transmission hour = 22
2020-01-27T16:19:03, Done loop ...
2020-01-27T16:19:03, ... powering down.
2020-01-27T16:19:03, RTC Initialization Failed
2020-01-27T16:20:03, Setup Complete
2020-01-27T16:21:03, Data: 2009-05-14T16:02:03,3.72,25627,4992.00,4994.00,4993.00,-12.19,89.16,-12.37,864.50
2020-01-27T16:19:03, Add row to /TRACKING.csv
2023-03-18T07:45:03, Number of rows in /TRACKING.csv: 1
2020-01-27T16:19:03, Done loop ...
2020-01-27T16:19:03, ... powering down.
2020-01-27T16:19:03, RTC Initialization Failed
2020-01-27T16:20:03, Setup Complete
2020-01-27T16:21:03, Data: 2009-05-14T16:02:03,3.72,25627,4991.00,4993.00,4992.00,-12.11,89.50,-12.32,864.56
2020-01-27T16:19:03, Add row to /TRACKING.csv
2023-03-18T07:45:03, Number of rows in /TRACKING.csv: 2
2020-01-27T16:19:03, Done loop ...
2020-01-27T16:19:03, ... powering down.
2020-01-27T16:19:03, RTC Initialization Failed
2020-01-27T16:20:03, Setup Complete
2020-01-27T16:21:03, Data: 2000-01-19T16:11:03,3.72,25627,4990.00,4993.00,4992.00,-11.78,89.85,-12.16,864.65
2020-01-27T16:19:03, Add row to /TRACKING.csv
2023-03-18T06:25:03, Number of rows in /TRACKING.csv: 3
2020-01-27T16:19:03, Done loop ...
2020-01-27T16:19:03, ... powering down.
2020-01-27T16:19:03, RTC Initialization Failed
2020-01-27T16:20:03, Setup Complete
2020-01-27T16:21:03, Data: 2009-05-14T16:02:03,3.72,25627,4991.00,4993.00,4992.00,-11.71,89.78,-12.04,864.78
2020-01-27T16:19:03, Add row to /TRACKING.csv
2023-03-18T07:45:03, Number of rows in /TRACKING.csv: 4
2020-01-27T16:21:03, Number of rows in /TRACKING.csv is >= 4
2020-01-27T16:19:03, Remove tracking
2020-01-27T16:21:03, Write to /TRANSMIT.csv: 2009-05-14T16:02:03,3.72,4991.00,-11.7,90
2023-03-18T07:45:03, Number of rows in /TRANSMIT.csv: 4
2003-01-30T16:00:03, Current hour = 16, Transmission hour = 1
2003-01-30T16:00:03, Current hour = 16, Transmission hour = 6
2003-01-30T16:00:03, Current hour = 16, Transmission hour = 8
2003-01-30T16:00:03, Current hour = 16, Transmission hour = 10
2003-01-30T16:00:03, Current hour = 16, Transmission hour = 15
2003-01-30T16:00:03, Current hour = 16, Transmission hour = 20
2003-01-30T16:00:03, Current hour = 16, Transmission hour = 22
2020-01-27T16:19:03, Done loop ...
2020-01-27T16:19:03, ... powering down.
2020-01-27T16:19:03, RTC Initialization Failed
2020-01-27T16:20:03, Setup Complete
2020-01-27T16:21:03, Data: 2009-05-14T16:02:03,3.72,25627,4992.00,4995.00,4993.50,-11.53,89.81,-11.88,864.88
2020-01-27T16:19:03, Add row to /TRACKING.csv
2023-03-18T07:45:03, Number of rows in /TRACKING.csv: 1
2020-01-27T16:19:03, Done loop ...
2020-01-27T16:19:03, ... powering down.
2020-01-27T16:19:03, RTC Initialization Failed
2020-01-27T16:20:03, Setup Complete
2020-01-27T16:21:03, Data: 2009-05-14T16:02:03,3.72,25627,4992.00,4994.00,4992.00,-11.59,89.74,-11.83,864.96
2020-01-27T16:19:03, Add row to /TRACKING.csv
2023-03-18T07:45:03, Number of rows in /TRACKING.csv: 2
2020-01-27T16:19:03, Done loop ...
2020-01-27T16:19:03, ... powering down.
2020-01-27T16:19:03, RTC Initialization Failed
2020-01-27T16:20:03, Setup Complete
2020-01-27T16:21:03, Data: 2009-05-14T16:02:03,3.72,25627,4991.00,4993.00,4992.00,-11.59,89.61,-11.78,865.00
2020-01-27T16:19:03, Add row to /TRACKING.csv
2023-03-08T07:45:03, Number of rows in /TRACKING.csv: 3
2020-01-27T16:19:03, Done loop ...
2020-01-27T16:19:03, ... powering down.
2020-01-27T16:19:03, RTC Initialization Failed
2020-01-27T16:20:03, Setup Complete
2020-01-27T16:21:03, Data: 2009-05-14T16:02:03,3.72,25627,4992.00,4993.00,4992.50,-11.70,89.66,-11.82,865.09
2020-01-27T16:19:03, Add row to /TRACKING.csv
2023-03-18T07:45:03, Number of rows in /TRACKING.csv: 4
2020-01-27T16:21:03, Number of rows in /TRACKING.csv is >= 4
2020-01-27T16:19:03, Remove tracking
2020-01-27T16:21:03, Write to /TRANSMIT.csv: 2009-05-14T16:02:03,3.72,4992.00,-11.7,90
2023-03-18T07:45:03, Number of rows in /TRANSMIT.csv: 5
2003-01-30T16:00:03, Current hour = 16, Transmission hour = 1
2001-03-26T16:00:03, 1416024499-11390:499-11790:499-12089:499-11790:499-11790
2020-01-27T16:25:03,  - attempt to send message: 1416024499-11390:499-11790:499-12089:499-11790:499-11790
2020-01-27T16:21:03,  - Modem begin successful
2020-01-27T16:21:03,  - Sending...
2020-01-27T16:21:03,  - Send response: 
2020-01-27T16:22:03,   - Sync clocks... 
2020-01-27T16:25:03,  - Arduino Old Time: 2000-00-20T00:84:03
2020-01-27T16:24:03,  - Arduino New Time: 2002-00-05T35:38:03
2020-01-27T16:21:03, Message sent! Removing /TRANSMIT.csv
2020-01-27T16:19:03, Done loop ...
2020-01-27T16:19:03, ... powering down.
2020-01-27T16:19:03, RTC Initialization Failed
2020-01-27T16:20:03, Setup Complete
2020-01-27T16:21:03, Data: 2009-05-14T16:02:03,3.72,25627,4992.00,4995.00,4993.00,-11.75,89.53,-11.87,865.16
2020-01-27T16:19:03, Add row to /TRACKING.csv
2023-03-18T07:45:03, Number of rows in /TRACKING.csv: 1
2020-01-27T16:19:03, Done loop ...
2020-01-27T16:19:03, ... powering down.
2020-01-27T16:19:03, RTC Initialization Failed
2020-01-27T16:20:03, Setup Complete
2020-01-27T16:21:03, Data: 2009-05-14T16:02:03,3.73,25627,4991.00,4994.00,4993.00,-11.75,89.45,-11.97,865.06
2020-01-27T16:19:03, Add row to /TRACKING.csv
2023-03-18T07:45:03, Number of rows in /TRACKING.csv: 2
2020-01-27T16:19:03, Done loop ...
2020-01-27T16:19:03, ... powering down.
2020-01-27T16:19:03, RTC Initialization Failed
2020-01-27T16:20:03, Setup Complete
2020-01-27T16:21:03, Data: 2009-05-14T16:02:03,3.71,25627,2368.00,2394.00,2384.50,-11.63,89.25,-11.93,865.20
2020-01-27T16:19:03, Add row to /TRACKING.csv
2023-03-18T06:25:03, Number of rows in /TRACKING.csv: 3
2020-01-27T16:19:03, Done loop ...
2020-01-27T16:19:03, ... powering down.
2020-01-27T16:19:03, RTC Initialization Failed
2020-01-27T16:20:03, Setup Complete
2020-01-27T16:21:03, Data: 2009-05-14T16:02:03,3.72,25627,4993.00,4995.00,4994.00,-11.51,89.12,-11.83,865.33
2020-01-27T16:19:03, Add row to /TRACKING.csv
2023-03-18T07:45:03, Number of rows in /TRACKING.csv: 4
2020-01-27T16:21:03, Number of rows in /TRACKING.csv is >= 4
2020-01-27T16:19:03, Remove tracking
2020-01-27T16:21:03, Write to /TRANSMIT.csv: 2009-05-14T16:02:03,3.72,4993.00,-11.5,89
2023-03-18T07:45:03, Number of rows in /TRANSMIT.csv: 1
2020-01-27T16:23:03, Current hour = 16, Transmission hour = 1
2020-01-27T16:23:03, Current hour = 16, Transmission hour = 6
2020-01-27T16:23:03, Current hour = 16, Transmission hour = 8
2020-01-27T16:23:03, Current hour = 16, Transmission hour = 10
2020-01-27T16:23:03, Current hour = 16, Transmission hour = 15
2020-01-27T16:23:03, Current hour = 16, Transmission hour = 20
2020-01-27T16:23:03, Current hour = 16, Transmission hour = 22
2020-01-27T16:19:03, Done loop ...
2020-01-27T16:19:03, ... powering down.
2020-01-27T16:19:03, RTC Initialization Failed
2020-01-27T16:20:03, Setup Complete
2020-01-27T16:21:03, Data: 2009-05-14T16:02:03,3.71,25627,4993.00,4995.00,4994.00,-11.80,89.14,-12.01,865.50
2020-01-27T16:19:03, Add row to /TRACKING.csv
2023-03-18T07:45:03, Number of rows in /TRACKING.csv: 1
2020-01-27T16:19:03, Done loop ...
2020-01-27T16:19:03, ... powering down.
2020-01-27T16:19:03, RTC Initialization Failed
2020-01-27T16:20:03, Setup Complete
2020-01-27T16:21:03, Data: 2009-05-14T16:02:03,3.72,25627,4991.00,4993.00,4992.00,-11.66,88.16,-12.02,865.67
2020-01-27T16:19:03, Add row to /TRACKING.csv
2023-03-18T07:45:03, Number of rows in /TRACKING.csv: 2
2020-01-27T16:19:03, Done loop ...
2020-01-27T16:19:03, ... powering down.
2020-01-27T16:19:03, RTC Initialization Failed
2020-01-27T16:20:03, Setup Complete
2020-01-27T16:21:03, Data: 2009-05-14T16:02:03,3.70,25627,4992.00,4994.00,4992.00,-11.64,88.52,-11.93,865.91
2020-01-27T16:19:03, Add row to /TRACKING.csv
2023-03-18T07:45:03, Number of rows in /TRACKING.csv: 3
2020-01-27T16:19:03, Done loop ...
2020-01-27T16:19:03, ... powering down.
2020-01-27T16:19:03, RTC Initialization Failed
2020-01-27T16:20:03, Setup Complete
2020-01-27T16:21:03, Data: 2011-11-25T16:09:03,3.71,25627,4991.00,4992.00,4991.00,-11.70,88.97,-11.87,866.03
2020-01-27T16:19:03, Add row to /TRACKING.csv
2023-03-18T07:45:03, Number of rows in /TRACKING.csv: 4
2020-01-27T16:21:03, Number of rows in /TRACKING.csv is >= 4
2020-01-27T16:19:03, Remove tracking
2020-01-27T16:21:03, Write to /TRANSMIT.csv: 2011-11-25T16:09:03,3.71,4991.00,-11.7,89
2023-03-18T07:45:03, Number of rows in /TRANSMIT.csv: 2
2020-01-27T16:22:03, Current hour = 16, Transmission hour = 1
2020-01-27T16:22:03, Current hour = 16, Transmission hour = 6
2020-01-27T16:22:03, Current hour = 16, Transmission hour = 8
2020-01-27T16:22:03, Current hour = 16, Transmission hour = 10
2020-01-27T16:22:03, Current hour = 16, Transmission hour = 15
2020-01-27T16:22:03, Current hour = 16, Transmission hour = 20
2020-01-27T16:22:03, Current hour = 16, Transmission hour = 22
2020-01-27T16:19:03, Done loop ...
2020-01-27T16:19:03, ... powering down.
2020-01-27T16:19:03, RTC Initialization Failed
2020-01-27T16:20:03, Setup Complete
2020-01-27T16:21:03, Data: 2009-05-14T16:02:03,3.71,25627,4991.00,4992.00,4991.00,-11.80,89.27,-11.91,866.19
2020-01-27T16:19:03, Add row to /TRACKING.csv
2023-03-18T07:45:03, Number of rows in /TRACKING.csv: 1
2020-01-27T16:19:03, Done loop ...
2020-01-27T16:19:03, ... powering down.
2020-01-27T16:19:03, RTC Initialization Failed
2020-01-27T16:20:03, Setup Complete
2020-01-27T16:21:03, Data: 2009-05-14T16:02:03,3.72,25627,4993.00,4995.00,4993.50,-11.95,89.46,-12.01,866.24
2020-01-27T16:19:03, Add row to /TRACKING.csv
2023-03-18T07:45:03, Number of rows in /TRACKING.csv: 2
2020-01-27T16:19:03, Done loop ...
2020-01-27T16:19:03, ... powering down.
2020-01-27T16:19:03, RTC Initialization Failed
2020-01-27T16:20:03, Setup Complete
2020-01-27T16:21:03, Data: 2006-03-21T16:00:03,3.72,25627,4992.00,4995.00,4994.50,-11.95,84.88,-12.21,866.32
2020-01-27T16:19:03, Add row to /TRACKING.csv
2023-03-18T07:45:03, Number of rows in /TRACKING.csv: 3
2020-01-27T16:19:03, Done loop ...
2020-01-27T16:19:03, ... powering down.
2020-01-27T16:19:03, RTC Initialization Failed
2020-01-27T16:20:03, Setup Complete
2020-01-27T16:21:03, Data: 2009-05-14T16:02:03,3.72,25627,4991.00,4995.00,4993.00,-12.14,84.92,-12.35,866.46
2020-01-27T16:19:03, Add row to /TRACKING.csv
2023-03-08T07:45:03, Number of rows in /TRACKING.csv: 4
2020-01-27T16:21:03, Number of rows in /TRACKING.csv is >= 4
2020-01-27T16:19:03, Remove tracking
2020-01-27T16:21:03, Write to /TRANSMIT.csv: 2009-05-14T16:02:03,3.72,4991.00,-12.1,85
2023-03-08T07:45:03, Number of rows in /TRANSMIT.csv: 3
2003-01-30T16:00:03, Current hour = 16, Transmission hour = 1
2003-01-30T16:00:03, Current hour = 16, Transmission hour = 6
2003-01-30T16:00:03, Current hour = 16, Transmission hour = 8
2003-01-30T16:00:03, Current hour = 16, Transmission hour = 10
2003-01-30T16:00:03, Current hour = 16, Transmission hour = 15
2003-01-30T16:00:03, Current hour = 16, Transmission hour = 20
2003-01-30T16:00:03, Current hour = 16, Transmission hour = 22
2020-01-27T16:19:03, Done loop ...
2020-01-27T16:19:03, ... powering down.
2020-01-27T16:19:03, RTC Initialization Failed
2020-01-27T16:20:03, Setup Complete
2020-01-27T16:21:03, Data: 2000-01-19T16:11:03,3.72,25627,4991.00,4993.00,4992.00,-12.12,85.06,-12.41,866.59
2020-01-27T16:19:03, Add row to /TRACKING.csv
2023-03-18T07:45:03, Number of rows in /TRACKING.csv: 1
2020-01-27T16:19:03, Done loop ...
2020-01-27T16:19:03, ... powering down.
2020-01-27T16:19:03, RTC Initialization Failed
2020-01-27T16:20:03, Setup Complete
2020-01-27T16:21:03, Data: 2009-05-14T16:02:03,3.70,25627,4993.00,4995.00,4994.00,-12.15,85.63,-12.41,866.84
2020-01-27T16:19:03, Add row to /TRACKING.csv
2023-03-18T07:45:03, Number of rows in /TRACKING.csv: 2
2020-01-27T16:19:03, Done loop ...
2020-01-27T16:19:03, ... powering down.
2020-01-27T16:19:03, RTC Initialization Failed
2020-01-27T16:20:03, Setup Complete
2020-01-27T16:21:03, Data: 2009-05-14T16:02:03,3.72,25627,4991.00,4993.00,4992.50,-12.26,86.39,-12.45,866.90
2020-01-27T16:19:03, Add row to /TRACKING.csv
2023-03-18T07:45:03, Number of rows in /TRACKING.csv: 3
2020-01-27T16:19:03, Done loop ...
2020-01-27T16:19:03, ... powering down.
2020-01-27T16:19:03, RTC Initialization Failed
2020-01-27T16:20:03, Setup Complete
2020-01-27T16:21:03, Data: 2009-05-14T16:02:03,3.71,25627,4991.00,4993.00,4992.00,-12.42,87.78,-12.52,866.99
2020-01-27T16:19:03, Add row to /TRACKING.csv
2023-03-18T07:45:03, Number of rows in /TRACKING.csv: 4
2020-01-27T16:21:03, Number of rows in /TRACKING.csv is >= 4
2020-01-27T16:19:03, Remove tracking
2020-01-27T16:21:03, Write to /TRANSMIT.csv: 2009-05-14T16:02:03,3.71,4991.00,-12.4,88
2023-03-18T07:45:03, Number of rows in /TRANSMIT.csv: 4
2003-01-30T16:00:03, Current hour = 16, Transmission hour = 1
2003-01-30T16:00:03, Current hour = 16, Transmission hour = 6
2003-01-30T16:00:03, Current hour = 16, Transmission hour = 8
2003-01-30T16:00:03, Current hour = 16, Transmission hour = 10
2003-01-30T16:00:03, Current hour = 16, Transmission hour = 15
2003-01-30T16:00:03, Current hour = 16, Transmission hour = 20
2003-01-30T16:00:03, Current hour = 16, Transmission hour = 22
2020-01-27T16:19:03, Done loop ...
2020-01-27T16:19:03, ... powering down.
2020-01-27T16:19:03, RTC Initialization Failed
2020-01-27T16:20:03, Setup Complete
2020-01-27T16:21:03, Data: 2009-05-14T16:02:03,3.71,25627,4992.00,4994.00,4993.00,-12.47,88.36,-12.58,867.17
2020-01-27T16:19:03, Add row to /TRACKING.csv
2023-03-18T07:45:03, Number of rows in /TRACKING.csv: 1
2020-01-27T16:19:03, Done loop ...
2020-01-27T16:19:03, ... powering down.
2020-01-27T16:19:03, RTC Initialization Failed
2020-01-27T16:20:03, Setup Complete
2020-01-27T16:21:03, Data: 2009-05-14T16:02:03,3.71,25627,4993.00,4996.00,4995.00,-12.54,86.46,-12.66,867.15
2020-01-27T16:19:03, Add row to /TRACKING.csv
2023-03-18T07:45:03, Number of rows in /TRACKING.csv: 2
2020-01-27T16:19:03, Done loop ...
2020-01-27T16:19:03, ... powering down.
2020-01-27T16:19:03, RTC Initialization Failed
2020-01-27T16:20:03, Setup Complete
2020-01-27T16:21:03, Data: 2009-05-14T16:02:03,3.71,25627,4992.00,4995.00,4994.00,-12.56,85.34,-12.73,867.36
2020-01-27T16:19:03, Add row to /TRACKING.csv
2023-03-18T07:45:03, Number of rows in /TRACKING.csv: 3
2020-01-27T16:19:03, Done loop ...
2020-01-27T16:19:03, ... powering down.
2020-01-27T16:19:03, RTC Initialization Failed
2020-01-27T16:20:03, Setup Complete
2020-01-27T16:21:03, Data: 2009-05-14T16:02:03,3.71,25627,4992.00,4994.00,4993.00,-12.71,85.22,-12.80,867.65
2020-01-27T16:19:03, Add row to /TRACKING.csv
2023-03-18T07:45:03, Number of rows in /TRACKING.csv: 4
2020-01-27T16:21:03, Number of rows in /TRACKING.csv is >= 4
2020-01-27T16:19:03, Remove tracking
2020-01-27T16:21:03, Write to /TRANSMIT.csv: 2009-05-14T16:02:03,3.71,4992.00,-12.7,85
2023-03-18T07:45:03, Number of rows in /TRANSMIT.csv: 5
2003-01-30T16:00:03, Current hour = 16, Transmission hour = 1
2001-03-26T16:00:03, 1416024499-11589:499-11789:499-12185:499-12488:499-12785
2020-01-27T16:25:03,  - attempt to send message: 1416024499-11589:499-11789:499-12185:499-12488:499-12785
2020-01-27T16:21:03,  - Modem begin successful
2020-01-27T16:21:03,  - Sending...
2020-01-27T16:21:03,  - Send response: 
2020-01-27T16:22:03,   - Sync clocks... 
2020-01-27T16:25:03,  - Arduino Old Time: 2000-00-20T00:84:03
2020-01-27T16:24:03,  - Arduino New Time: 2002-00-11T11:28:03
2020-01-27T16:21:03, Message sent! Removing /TRANSMIT.csv
2020-01-27T16:19:03, Done loop ...
2020-01-27T16:19:03, ... powering down.
2020-01-27T16:19:03, RTC Initialization Failed
2020-01-27T16:20:03, Setup Complete
2020-01-27T16:21:03, Data: 2009-05-14T16:02:03,3.71,25627,4993.00,4994.00,4993.00,-12.87,86.20,-12.93,867.71
2020-01-27T16:19:03, Add row to /TRACKING.csv
2023-03-18T07:45:03, Number of rows in /TRACKING.csv: 1
2020-01-27T16:19:03, Done loop ...
2020-01-27T16:19:03, ... powering down.
2020-01-27T16:19:03, RTC Initialization Failed
2020-01-27T16:20:03, Setup Complete
2020-01-27T16:21:03, Data: 2009-05-14T16:02:03,3.71,25627,4992.00,4995.00,4994.00,-13.15,85.62,-13.10,867.81
2020-01-27T16:19:03, Add row to /TRACKING.csv
2023-03-18T07:45:03, Number of rows in /TRACKING.csv: 2
2020-01-27T16:19:03, Done loop ...
2020-01-27T16:19:03, ... powering down.
2020-01-27T16:19:03, RTC Initialization Failed
2020-01-27T16:20:03, Setup Complete
2020-01-27T16:21:03, Data: 2009-05-14T16:02:03,3.71,25627,4993.00,4995.00,4995.00,-13.47,83.35,-13.36,867.83
2020-01-27T16:19:03, Add row to /TRACKING.csv
2023-03-18T07:45:03, Number of rows in /TRACKING.csv: 3
2020-01-27T16:19:03, Done loop ...
2020-01-27T16:19:03, ... powering down.
2020-01-27T16:19:03, RTC Initialization Failed
2020-01-27T16:20:03, Setup Complete
2020-01-27T16:21:03, Data: 2009-05-14T16:02:03,3.71,25627,4993.00,4995.00,4993.50,-13.53,83.39,-13.58,868.11
2020-01-27T16:19:03, Add row to /TRACKING.csv
2023-03-18T07:45:03, Number of rows in /TRACKING.csv: 4
2020-01-27T16:21:03, Number of rows in /TRACKING.csv is >= 4
2020-01-27T16:19:03, Remove tracking
2020-01-27T16:21:03, Write to /TRANSMIT.csv: 2009-05-14T16:02:03,3.71,4993.00,-13.5,83
2023-03-18T07:45:03, Number of rows in /TRANSMIT.csv: 1
2020-01-27T16:23:03, Current hour = 16, Transmission hour = 1
2020-01-27T16:23:03, Current hour = 16, Transmission hour = 6
2020-01-27T16:23:03, Current hour = 16, Transmission hour = 8
2020-01-27T16:23:03, Current hour = 16, Transmission hour = 10
2020-01-27T16:23:03, Current hour = 16, Transmission hour = 15
2020-01-27T16:23:03, Current hour = 16, Transmission hour = 20
2020-01-27T16:23:03, Current hour = 16, Transmission hour = 22
2020-01-27T16:19:03, Done loop ...
2020-01-27T16:19:03, ... powering down.
2020-01-27T16:19:03, RTC Initialization Failed
2020-01-27T16:20:03, Setup Complete
2020-01-27T16:21:03, Data: 2009-05-14T16:02:03,3.71,25627,4993.00,4996.00,4994.50,-13.77,84.76,-13.72,868.19
2020-01-27T16:19:03, Add row to /TRACKING.csv
2023-03-18T07:45:03, Number of rows in /TRACKING.csv: 1
2020-01-27T16:19:03, Done loop ...
2020-01-27T16:19:03, ... powering down.
2020-01-27T16:19:03, RTC Initialization Failed
2020-01-27T16:20:03, Setup Complete
2020-01-27T16:21:03, Data: 2009-05-14T16:02:03,3.71,25627,4992.00,4994.00,4992.00,-13.93,83.74,-13.89,868.33
2020-01-27T16:19:03, Add row to /TRACKING.csv
2023-03-18T07:45:03, Number of rows in /TRACKING.csv: 2
2020-01-27T16:19:03, Done loop ...
2020-01-27T16:19:03, ... powering down.
2020-01-27T16:19:03, RTC Initialization Failed
2020-01-27T16:20:03, Setup Complete
2020-01-27T16:21:03, Data: 2009-05-14T16:02:03,3.71,25627,4994.00,4997.00,4996.00,-14.16,83.67,-14.11,868.59
2020-01-27T16:19:03, Add row to /TRACKING.csv
2023-03-18T07:45:03, Number of rows in /TRACKING.csv: 3
2020-01-27T16:19:03, Done loop ...
2020-01-27T16:19:03, ... powering down.
2020-01-27T16:19:03, RTC Initialization Failed
2020-01-27T16:20:03, Setup Complete
2020-01-27T16:21:03, Data: 2009-05-14T16:02:03,3.71,25627,4993.00,4995.00,4994.50,-14.39,83.17,-14.32,868.60
2020-01-27T16:19:03, Add row to /TRACKING.csv
2023-03-18T07:45:03, Number of rows in /TRACKING.csv: 4
2020-01-27T16:21:03, Number of rows in /TRACKING.csv is >= 4
2020-01-27T16:19:03, Remove tracking
2020-01-27T16:21:03, Write to /TRANSMIT.csv: 2009-05-14T16:02:03,3.71,4993.00,-14.4,83
2023-03-18T07:45:03, Number of rows in /TRANSMIT.csv: 2
2020-01-27T16:22:03, Current hour = 16, Transmission hour = 1
2020-01-27T16:22:03, Current hour = 16, Transmission hour = 6
2020-01-27T16:22:03, Current hour = 16, Transmission hour = 8
2020-01-27T16:22:03, Current hour = 16, Transmission hour = 10
2020-01-27T16:22:03, Current hour = 16, Transmission hour = 15
2020-01-27T16:22:03, Current hour = 16, Transmission hour = 20
2020-01-27T16:22:03, Current hour = 16, Transmission hour = 22
2020-01-27T16:19:03, Done loop ...
2020-01-27T16:19:03, ... powering down.
2020-01-27T16:19:03, RTC Initialization Failed
2020-01-27T16:20:03, Setup Complete
2020-01-27T16:21:03, Data: 2009-05-14T16:02:03,3.70,25627,4992.00,4995.00,4994.00,-14.54,84.71,-14.51,868.83
2020-01-27T16:19:03, Add row to /TRACKING.csv
2023-03-18T07:45:03, Number of rows in /TRACKING.csv: 1
2020-01-27T16:19:03, Done loop ...
2020-01-27T16:19:03, ... powering down.
2020-01-27T16:19:03, RTC Initialization Failed
2020-01-27T16:20:03, Setup Complete
2020-01-27T16:21:03, Data: 2009-05-14T16:02:03,3.70,25627,4994.00,4997.00,4996.00,-14.67,83.94,-14.66,868.82
2020-01-27T16:19:03, Add row to /TRACKING.csv
2023-03-18T07:45:03, Number of rows in /TRACKING.csv: 2
2020-01-27T16:19:03, Done loop ...
2020-01-27T16:19:03, ... powering down.
2020-01-27T16:19:03, RTC Initialization Failed
2020-01-27T16:20:03, Setup Complete
2020-01-27T16:21:03, Data: 2009-05-14T16:02:03,3.70,25627,4995.00,4997.00,4995.00,-14.85,82.49,-14.80,869.00
2020-01-27T16:19:03, Add row to /TRACKING.csv
2023-03-18T07:45:03, Number of rows in /TRACKING.csv: 3
2020-01-27T16:19:03, Done loop ...
2020-01-27T16:19:03, ... powering down.
2020-01-27T16:19:03, RTC Initialization Failed
2020-01-27T16:20:03, Setup Complete
2020-01-27T16:21:03, Data: 2009-05-14T16:02:03,3.70,25627,4994.00,4996.00,4994.50,-15.05,84.04,-14.98,869.21
2020-01-27T16:19:03, Add row to /TRACKING.csv
2023-03-18T07:45:03, Number of rows in /TRACKING.csv: 4
2020-01-27T16:21:03, Number of rows in /TRACKING.csv is >= 4
2020-01-27T16:19:03, Remove tracking
2020-01-27T16:21:03, Write to /TRANSMIT.csv: 2009-05-14T16:02:03,3.70,4994.00,-15.1,84
2023-03-18T07:45:03, Number of rows in /TRANSMIT.csv: 3
2003-01-30T16:00:03, Current hour = 16, Transmission hour = 1
2003-01-30T16:00:03, Current hour = 16, Transmission hour = 6
2003-01-30T16:00:03, Current hour = 16, Transmission hour = 8
2003-01-30T16:00:03, Current hour = 16, Transmission hour = 10
2003-01-30T16:00:03, Current hour = 16, Transmission hour = 15
2003-01-30T16:00:03, Current hour = 16, Transmission hour = 20
2003-01-30T16:00:03, Current hour = 16, Transmission hour = 22
2020-01-27T16:19:03, Done loop ...
2020-01-27T16:19:03, ... powering down.
2020-01-27T16:19:03, RTC Initialization Failed
2020-01-27T16:20:03, Setup Complete
2020-01-27T16:21:03, Data: 2009-05-14T16:02:03,3.70,25627,4995.00,4997.00,4996.00,-15.12,84.45,-15.13,869.46
2020-01-27T16:19:03, Add row to /TRACKING.csv
2023-03-18T07:45:03, Number of rows in /TRACKING.csv: 1
2020-01-27T16:19:03, Done loop ...
2020-01-27T16:19:03, ... powering down.
2020-01-27T16:19:03, RTC Initialization Failed
2020-01-27T16:20:03, Setup Complete
2020-01-27T16:21:03, Data: 2009-05-14T16:02:03,3.70,25627,4994.00,4996.00,4995.00,-15.36,84.03,-15.27,869.61
2020-01-27T16:19:03, Add row to /TRACKING.csv
2023-03-08T07:45:03, Number of rows in /TRACKING.csv: 2
2020-01-27T16:19:03, Done loop ...
2020-01-27T16:19:03, ... powering down.
2020-01-27T16:19:03, RTC Initialization Failed
2020-01-27T16:20:03, Setup Complete
2020-01-27T16:21:03, Data: 2009-05-14T16:02:03,3.70,25627,4995.00,4997.00,4996.00,-15.55,84.82,-15.47,869.88
2020-01-27T16:19:03, Add row to /TRACKING.csv
2023-03-18T07:45:03, Number of rows in /TRACKING.csv: 3
2020-01-27T16:19:03, Done loop ...
2020-01-27T16:19:03, ... powering down.
2020-01-27T16:19:03, RTC Initialization Failed
2020-01-27T16:20:03, Setup Complete
2020-01-27T16:21:03, Data: 2009-05-14T16:02:03,3.69,25627,4995.00,4998.00,4996.50,-15.92,84.14,-15.71,869.98
2020-01-27T16:19:03, Add row to /TRACKING.csv
2023-03-18T07:45:03, Number of rows in /TRACKING.csv: 4
2020-01-27T16:21:03, Number of rows in /TRACKING.csv is >= 4
2020-01-27T16:19:03, Remove tracking
2020-01-27T16:21:03, Write to /TRANSMIT.csv: 2009-05-14T16:02:03,3.69,4995.00,-15.9,84
2023-03-18T07:45:03, Number of rows in /TRANSMIT.csv: 4
2003-01-30T16:00:03, Current hour = 16, Transmission hour = 1
2003-01-30T16:00:03, Current hour = 16, Transmission hour = 6
2003-01-30T16:00:03, Current hour = 16, Transmission hour = 8
2003-01-30T16:00:03, Current hour = 16, Transmission hour = 10
2003-01-30T16:00:03, Current hour = 16, Transmission hour = 15
2003-01-30T16:00:03, Current hour = 16, Transmission hour = 20
2003-01-30T16:00:03, Current hour = 16, Transmission hour = 22
2020-01-27T16:19:03, Done loop ...
2020-01-27T16:19:03, ... powering down.
2020-01-27T16:19:03, RTC Initialization Failed
2020-01-27T16:20:03, Setup Complete
2020-01-27T16:21:03, Data: 2009-05-14T16:02:03,3.70,25627,4994.00,4997.00,4995.00,-16.06,84.94,-15.93,870.29
2020-01-27T16:19:03, Add row to /TRACKING.csv
2023-03-18T07:45:03, Number of rows in /TRACKING.csv: 1
2020-01-27T16:19:03, Done loop ...
2020-01-27T16:19:03, ... powering down.
2020-01-27T16:19:03, RTC Initialization Failed
2020-01-27T16:20:03, Setup Complete
2020-01-27T16:21:03, Data: 2009-05-14T16:02:03,3.69,25627,4995.00,4997.00,4996.00,-16.24,83.61,-16.07,870.59
2020-01-27T16:19:03, Add row to /TRACKING.csv
2023-03-18T07:45:03, Number of rows in /TRACKING.csv: 2
2020-01-27T16:19:03, Done loop ...
2020-01-27T16:19:03, ... powering down.
2020-01-27T16:19:03, RTC Initialization Failed
2020-01-27T16:20:03, Setup Complete
2020-01-27T16:21:03, Data: 2009-05-14T16:02:03,3.69,25627,4995.00,4997.00,4996.00,-16.45,83.92,-16.22,870.88
2020-01-27T16:19:03, Add row to /TRACKING.csv
2023-03-18T07:45:03, Number of rows in /TRACKING.csv: 3
2020-01-27T16:19:03, Done loop ...
2020-01-27T16:19:03, ... powering down.
2020-01-27T16:19:03, RTC Initialization Failed
2020-01-27T16:20:03, Setup Complete
2020-01-27T16:21:03, Data: 2009-05-14T16:02:03,3.70,25627,4994.00,4996.00,4995.00,-16.69,84.29,-16.27,871.30
2020-01-27T16:19:03, Add row to /TRACKING.csv
2023-03-18T07:45:03, Number of rows in /TRACKING.csv: 4
2020-01-27T16:21:03, Number of rows in /TRACKING.csv is >= 4
2020-01-27T16:19:03, Remove tracking
2020-01-27T16:21:03, Write to /TRANSMIT.csv: 2009-05-14T16:02:03,3.70,4994.00,-16.7,84
2023-03-18T07:45:03, Number of rows in /TRANSMIT.csv: 5
2003-01-30T16:00:03, Current hour = 16, Transmission hour = 1
2001-03-26T16:00:03, 1416024499-13583:499-14483:499-15184:500-15984:499-16784
2020-01-27T16:25:03,  - attempt to send message: 1416024499-13583:499-14483:499-15184:500-15984:499-16784
2020-01-27T16:21:03,  - Modem begin successful
2020-01-27T16:21:03,  - Sending...
2020-01-27T16:21:03,  - Send response: 
2020-01-27T16:22:03,   - Sync clocks... 
2020-01-27T16:25:03,  - Arduino Old Time: 2000-00-20T00:84:03
2020-01-27T16:24:03,  - Arduino New Time: 2002-00-16T47:01:03
2020-01-27T16:21:03, Message sent! Removing /TRANSMIT.csv
2020-01-27T16:19:03, Done loop ...
2020-01-27T16:19:03, ... powering down.
2020-01-27T16:19:03, RTC Initialization Failed
2020-01-27T16:20:03, Setup Complete
2020-01-27T16:21:03, Data: 2000-01-19T16:11:03,3.71,25627,4995.00,4997.00,4996.00,-16.83,83.65,-16.17,871.47
2020-01-27T16:19:03, Add row to /TRACKING.csv
2023-03-18T07:45:03, Number of rows in /TRACKING.csv: 1
2020-01-27T16:19:03, Done loop ...
2020-01-27T16:19:03, ... powering down.
2020-01-27T16:19:03, RTC Initialization Failed
2020-01-27T16:20:03, Setup Complete
2020-01-27T16:21:03, Data: 2009-05-14T16:02:03,3.73,25627,4994.00,4996.00,4996.00,-16.82,82.81,-15.76,871.74
2020-01-27T16:19:03, Add row to /TRACKING.csv
2023-03-18T07:45:03, Number of rows in /TRACKING.csv: 2
2020-01-27T16:19:03, Done loop ...
2020-01-27T16:19:03, ... powering down.
2020-01-27T16:19:03, RTC Initialization Failed
2020-01-27T16:20:03, Setup Complete
2020-01-27T16:21:03, Data: 2009-05-14T16:02:03,3.73,25627,4993.00,4996.00,4995.00,-16.85,82.33,-15.01,871.92
2020-01-27T16:19:03, Add row to /TRACKING.csv
2023-03-18T07:45:03, Number of rows in /TRACKING.csv: 3
2020-01-27T16:19:03, Done loop ...
2020-01-27T16:19:03, ... powering down.
2020-01-27T16:19:03, RTC Initialization Failed
2020-01-27T16:20:03, Setup Complete
2020-01-27T16:21:03, Data: 2000-01-19T16:11:03,3.73,25627,2362.00,4996.00,4995.50,-17.00,82.05,-14.72,872.02
2020-01-27T16:19:03, Add row to /TRACKING.csv
2023-03-18T07:45:03, Number of rows in /TRACKING.csv: 4
2020-01-27T16:21:03, Number of rows in /TRACKING.csv is >= 4
2020-01-27T16:19:03, Remove tracking
2020-01-27T16:21:03, Write to /TRANSMIT.csv: 2000-01-19T16:11:03,3.73,2362.00,-17.0,82
2023-03-18T07:45:03, Number of rows in /TRANSMIT.csv: 1
2020-01-27T16:23:03, Current hour = 16, Transmission hour = 1
2020-01-27T16:23:03, Current hour = 16, Transmission hour = 6
2020-01-27T16:23:03, Current hour = 16, Transmission hour = 8
2020-01-27T16:23:03, Current hour = 16, Transmission hour = 10
2020-01-27T16:23:03, Current hour = 16, Transmission hour = 15
2020-01-27T16:23:03, Current hour = 16, Transmission hour = 20
2020-01-27T16:23:03, Current hour = 16, Transmission hour = 22
2020-01-27T16:19:03, Done loop ...
2020-01-27T16:19:03, ... powering down.
2020-01-27T16:19:03, RTC Initialization Failed
2020-01-27T16:20:03, Setup Complete
2020-01-27T16:21:03, Data: 2009-05-14T16:02:03,3.84,25627,2358.00,4997.00,2384.00,-17.03,81.98,-14.02,872.31
2020-01-27T16:19:03, Add row to /TRACKING.csv
2023-03-18T07:45:03, Number of rows in /TRACKING.csv: 1
2020-01-27T16:19:03, Done loop ...
2020-01-27T16:19:03, ... powering down.
2020-01-27T16:19:03, RTC Initialization Failed
2020-01-27T16:20:03, Setup Complete
2020-01-27T16:21:03, Data: 2009-05-14T16:02:03,3.85,25627,4994.00,4996.00,4995.00,-16.90,80.69,-12.92,872.53
2020-01-27T16:19:03, Add row to /TRACKING.csv
2023-03-18T07:45:03, Number of rows in /TRACKING.csv: 2
2020-01-27T16:19:03, Done loop ...
2020-01-27T16:19:03, ... powering down.
2020-01-27T16:19:03, RTC Initialization Failed
2020-01-27T16:20:03, Setup Complete
2020-01-27T16:21:03, Data: 2009-05-14T16:02:03,3.83,25627,4995.00,4997.00,4996.00,-16.99,79.23,-12.98,872.79
2020-01-27T16:19:03, Add row to /TRACKING.csv
2023-03-18T07:45:03, Number of rows in /TRACKING.csv: 3
2020-01-27T16:19:03, Done loop ...
2020-01-27T16:19:03, ... powering down.
2020-01-27T16:19:03, RTC Initialization Failed
2020-01-27T16:20:03, Setup Complete
2020-01-27T16:21:03, Data: 2009-05-14T16:02:03,3.87,25627,2397.00,4997.00,4995.50,-17.14,80.51,-12.37,873.20
2020-01-27T16:19:03, Add row to /TRACKING.csv
2023-03-18T06:25:03, Number of rows in /TRACKING.csv: 4
2020-01-27T16:21:03, Number of rows in /TRACKING.csv is >= 4
2020-01-27T16:19:03, Remove tracking
2020-01-27T16:21:03, Write to /TRANSMIT.csv: 2009-05-14T16:02:03,3.87,2397.00,-17.1,81
2023-03-18T06:25:03, Number of rows in /TRANSMIT.csv: 2
2020-01-27T16:22:03, Current hour = 16, Transmission hour = 1
2020-01-27T16:22:03, Current hour = 16, Transmission hour = 6
2020-01-27T16:22:03, Current hour = 16, Transmission hour = 8
2020-01-27T16:22:03, Current hour = 16, Transmission hour = 10
2020-01-27T16:22:03, Current hour = 16, Transmission hour = 15
2020-01-27T16:22:03, Current hour = 16, Transmission hour = 20
2020-01-27T16:22:03, Current hour = 16, Transmission hour = 22
2020-01-27T16:19:03, Done loop ...
2020-01-27T16:19:03, ... powering down.
2020-01-27T16:19:03, RTC Initialization Failed
2020-01-27T16:20:03, Setup Complete
2020-01-27T16:21:03, Data: 2009-05-14T16:02:03,3.93,25627,2371.00,4996.00,4995.00,-17.21,77.83,-10.83,873.44
2020-01-27T16:19:03, Add row to /TRACKING.csv
2023-03-18T07:45:03, Number of rows in /TRACKING.csv: 1
2020-01-27T16:19:03, Done loop ...
2020-01-27T16:19:03, ... powering down.
2020-01-27T16:19:03, RTC Initialization Failed
2020-01-27T16:20:03, Setup Complete
2043-04-29T09:31:47, Data: 2009-05-14T16:02:03,3.87,25627,2394.00,4997.00,4995.50,-17.59,78.78,-11.36,873.61
2020-01-27T16:19:03, Add row to /TRACKING.csv
2023-03-18T07:45:03, Number of rows in /TRACKING.csv: 2
2020-01-27T16:19:03, Done loop ...
2020-01-27T16:19:03, ... powering down.
2020-01-27T16:19:03, RTC Initialization Failed
2020-01-27T16:20:03, Setup Complete
2043-04-29T09:31:47, Data: 2009-05-14T16:02:03,3.92,25627,2378.00,4996.00,4995.00,-17.44,77.97,-11.91,874.02
2020-01-27T16:19:03, Add row to /TRACKING.csv
2023-03-18T07:45:03, Number of rows in /TRACKING.csv: 3
2020-01-27T16:19:03, Done loop ...
2020-01-27T16:19:03, ... powering down.
2020-01-27T16:19:03, RTC Initialization Failed
2020-01-27T16:20:03, Setup Complete
2020-01-27T16:21:03, Data: 2009-05-14T16:02:03,3.85,25627,2363.00,2380.00,2372.50,-18.03,79.28,-12.57,873.63
2020-01-27T16:19:03, Add row to /TRACKING.csv
2023-03-18T07:45:03, Number of rows in /TRACKING.csv: 4
2020-01-27T16:21:03, Number of rows in /TRACKING.csv is >= 4
2020-01-27T16:19:03, Remove tracking
2020-01-27T16:21:03, Write to /TRANSMIT.csv: 2009-05-14T16:02:03,3.85,2363.00,-18.0,79
2023-03-18T07:45:03, Number of rows in /TRANSMIT.csv: 3
2003-01-30T16:00:03, Current hour = 16, Transmission hour = 1
2003-01-30T16:00:03, Current hour = 16, Transmission hour = 6
2003-01-30T16:00:03, Current hour = 16, Transmission hour = 8
2003-01-30T16:00:03, Current hour = 16, Transmission hour = 10
2003-01-30T16:00:03, Current hour = 16, Transmission hour = 15
2003-01-30T16:00:03, Current hour = 16, Transmission hour = 20
2003-01-30T16:00:03, Current hour = 16, Transmission hour = 22
2020-01-27T16:19:03, Done loop ...
2020-01-27T16:19:03, ... powering down.
2020-01-27T16:19:03, RTC Initialization Failed
2020-01-27T16:20:03, Setup Complete
2020-01-27T16:21:03, Data: 2009-05-14T16:02:03,3.85,25627,2363.00,2372.00,2369.00,-17.87,79.48,-13.07,874.13
2020-01-27T16:19:03, Add row to /TRACKING.csv
2023-03-18T07:45:03, Number of rows in /TRACKING.csv: 1
2020-01-27T16:19:03, Done loop ...
2020-01-27T16:19:03, ... powering down.
2020-01-27T16:19:03, RTC Initialization Failed
2020-01-27T16:20:03, Setup Complete
2020-01-27T16:21:03, Data: 2009-05-14T16:02:03,3.85,25627,2367.00,2383.00,2373.00,-18.03,79.60,-13.08,874.26
2020-01-27T16:19:03, Add row to /TRACKING.csv
2023-03-18T06:25:03, Number of rows in /TRACKING.csv: 2
2020-01-27T16:19:03, Done loop ...
2020-01-27T16:19:03, ... powering down.
2020-01-27T16:19:03, RTC Initialization Failed
2020-01-27T16:20:03, Setup Complete
2020-01-27T16:21:03, Data: 2009-05-14T16:02:03,3.87,25627,2372.00,2391.00,2381.50,-18.13,76.97,-12.17,874.27
2020-01-27T16:19:03, Add row to /TRACKING.csv
2023-03-18T07:45:03, Number of rows in /TRACKING.csv: 3
2020-01-27T16:19:03, Done loop ...
2020-01-27T16:19:03, ... powering down.
2020-01-27T16:19:03, RTC Initialization Failed
2020-01-27T16:20:03, Setup Complete
2020-01-27T16:21:03, Data: 2009-05-14T16:02:03,3.98,25627,2376.00,2389.00,2384.00,-17.56,77.11,-9.61,874.60
2020-01-27T16:19:03, Add row to /TRACKING.csv
2023-03-18T07:45:03, Number of rows in /TRACKING.csv: 4
2020-01-27T16:21:03, Number of rows in /TRACKING.csv is >= 4
2020-01-27T16:19:03, Remove tracking
2020-01-27T16:21:03, Write to /TRANSMIT.csv: 2009-05-14T16:02:03,3.98,2376.00,-17.6,77
2023-03-18T07:45:03, Number of rows in /TRANSMIT.csv: 4
2003-01-30T16:00:03, Current hour = 16, Transmission hour = 1
2003-01-30T16:00:03, Current hour = 16, Transmission hour = 6
2003-01-30T16:00:03, Current hour = 16, Transmission hour = 8
2003-01-30T16:00:03, Current hour = 16, Transmission hour = 10
2003-01-30T16:00:03, Current hour = 16, Transmission hour = 15
2003-01-30T16:00:03, Current hour = 16, Transmission hour = 20
2003-01-30T16:00:03, Current hour = 16, Transmission hour = 22
2020-01-27T16:19:03, Done loop ...
2020-01-27T16:19:03, ... powering down.
2020-01-27T16:19:03, RTC Initialization Failed
2020-01-27T16:20:03, Setup Complete
2020-01-27T16:21:03, Data: 2009-05-14T16:02:03,3.95,25627,2372.00,2389.00,2376.50,-17.86,76.93,-10.33,874.49
2020-01-27T16:19:03, Add row to /TRACKING.csv
2023-03-18T07:45:03, Number of rows in /TRACKING.csv: 1
2020-01-27T16:19:03, Done loop ...
2020-01-27T16:19:03, ... powering down.
2020-01-27T16:19:03, RTC Initialization Failed
2020-01-27T16:20:03, Setup Complete
2020-01-27T16:21:03, Data: 2009-05-14T16:02:03,3.94,25627,2373.00,2391.00,2384.00,-17.94,73.46,-10.89,874.59
2020-01-27T16:19:03, Add row to /TRACKING.csv
2023-03-18T07:45:03, Number of rows in /TRACKING.csv: 2
2020-01-27T16:19:03, Done loop ...
2020-01-27T16:19:03, ... powering down.
2020-01-27T16:19:03, RTC Initialization Failed
2020-01-27T16:20:03, Setup Complete
2020-01-27T16:21:03, Data: 2009-05-14T16:02:03,3.96,25627,2400.00,2408.00,2405.00,-17.70,74.02,-9.48,874.61
2020-01-27T16:19:03, Add row to /TRACKING.csv
2023-03-18T07:45:03, Number of rows in /TRACKING.csv: 3
2020-01-27T16:19:03, Done loop ...
2020-01-27T16:19:03, ... powering down.
2020-01-27T16:19:03, RTC Initialization Failed
2020-01-27T16:20:03, Setup Complete
2020-01-27T16:21:03, Data: 2009-05-14T16:02:03,3.96,25627,2375.00,2393.00,2382.00,-17.87,78.70,-9.65,874.74
2020-01-27T16:19:03, Add row to /TRACKING.csv
2023-03-18T07:45:03, Number of rows in /TRACKING.csv: 4
2020-01-27T16:21:03, Number of rows in /TRACKING.csv is >= 4
2020-01-27T16:19:03, Remove tracking
2020-01-27T16:21:03, Write to /TRANSMIT.csv: 2009-05-14T16:02:03,3.96,2375.00,-17.9,79
2023-03-18T07:45:03, Number of rows in /TRANSMIT.csv: 5
2003-01-30T16:00:03, Current hour = 16, Transmission hour = 1
2001-03-26T16:00:03, 1916116236-17082:240-17181:236-18079:238-17677:238-17979
2020-01-27T16:25:03,  - attempt to send message: 1916116236-17082:240-17181:236-18079:238-17677:238-17979
2020-01-27T16:25:03,  - Modem begin successful
2020-01-27T16:23:03,  - Sending...
2020-01-27T16:25:03,  - Send response: 
2020-01-27T16:25:03,   - Sync clocks... 
2020-01-27T16:24:03,  - Arduino Old Time: 2000-00-20T00:84:03
2020-01-27T16:24:03,  - Arduino New Time: 2002-00-22T24:29:03
2020-01-27T16:21:03, Message sent! Removing /TRANSMIT.csv
2020-01-27T16:19:03, Done loop ...
2020-01-27T16:19:03, ... powering down.
2020-01-27T16:19:03, RTC Initialization Failed
2020-01-27T16:20:03, Setup Complete
2020-01-27T16:21:03, Data: 2009-05-14T16:02:03,3.93,25627,2390.00,2413.00,2400.50,-18.31,78.32,-10.21,874.89
2020-01-27T16:19:03, Add row to /TRACKING.csv
2023-03-18T07:45:03, Number of rows in /TRACKING.csv: 1
2020-01-27T16:19:03, Done loop ...
2020-01-27T16:19:03, ... powering down.
2020-01-27T16:19:03, RTC Initialization Failed
2020-01-27T16:20:03, Setup Complete
2020-01-27T16:21:03, Data: 2009-05-14T16:02:03,3.87,25627,2346.00,2397.00,2381.00,-18.60,76.82,-11.54,874.86
2020-01-27T16:19:03, Add row to /TRACKING.csv
2023-03-18T07:45:03, Number of rows in /TRACKING.csv: 2
2020-01-27T16:19:03, Done loop ...
2020-01-27T16:19:03, ... powering down.
2020-01-27T16:19:03, RTC Initialization Failed
2020-01-27T16:20:03, Setup Complete
2020-01-27T16:21:03, Data: 2009-05-14T16:02:03,3.85,25627,2376.00,2397.00,2383.00,-18.73,77.82,-12.51,875.19
2020-01-27T16:19:03, Add row to /TRACKING.csv
2023-03-18T07:45:03, Number of rows in /TRACKING.csv: 3
2020-01-27T16:19:03, Done loop ...
2020-01-27T16:19:03, ... powering down.
2020-01-27T16:19:03, RTC Initialization Failed
2020-01-27T16:20:03, Setup Complete
2020-01-27T16:21:03, Data: 2009-05-14T16:02:03,3.85,25627,2381.00,2403.00,2389.00,-18.79,78.05,-13.37,875.39
2020-01-27T16:19:03, Add row to /TRACKING.csv
2023-03-18T07:45:03, Number of rows in /TRACKING.csv: 4
2020-01-27T16:21:03, Number of rows in /TRACKING.csv is >= 4
2020-01-27T16:19:03, Remove tracking
2020-01-27T16:21:03, Write to /TRANSMIT.csv: 2009-05-14T16:02:03,3.85,2381.00,-18.8,78
2023-03-18T07:45:03, Number of rows in /TRANSMIT.csv: 1
2020-01-27T16:23:03, Current hour = 16, Transmission hour = 1
2020-01-27T16:23:03, Current hour = 16, Transmission hour = 6
2020-01-27T16:23:03, Current hour = 16, Transmission hour = 8
2020-01-27T16:23:03, Current hour = 16, Transmission hour = 10
2020-01-27T16:23:03, Current hour = 16, Transmission hour = 15
2020-01-27T16:23:03, Current hour = 16, Transmission hour = 20
2020-01-27T16:23:03, Current hour = 16, Transmission hour = 22
2020-01-27T16:19:03, Done loop ...
2020-01-27T16:19:03, ... powering down.
2020-01-27T16:19:03, RTC Initialization Failed
2020-01-27T16:20:03, Setup Complete
2020-01-27T16:21:03, Data: 2009-05-14T16:02:03,3.83,25627,2361.00,2393.00,2372.00,-18.97,75.47,-13.96,875.58
2020-01-27T16:19:03, Add row to /TRACKING.csv
2023-03-18T07:45:03, Number of rows in /TRACKING.csv: 1
2020-01-27T16:19:03, Done loop ...
2020-01-27T16:19:03, ... powering down.
2020-01-27T16:19:03, RTC Initialization Failed
2020-01-27T16:20:03, Setup Complete
2020-01-27T16:21:03, Data: 2009-05-14T16:02:03,3.83,25627,2360.00,2387.00,2376.50,-19.05,77.77,-14.49,875.74
2020-01-27T16:19:03, Add row to /TRACKING.csv
2023-03-18T07:45:03, Number of rows in /TRACKING.csv: 2
2020-01-27T16:19:03, Done loop ...
2020-01-27T16:19:03, ... powering down.
2020-01-27T16:19:03, RTC Initialization Failed
2020-01-27T16:20:03, Setup Complete
2020-01-27T16:21:03, Data: 2009-05-14T16:02:03,3.78,25627,2381.00,4997.00,2386.50,-19.05,78.53,-14.64,875.81
2020-01-27T16:19:03, Add row to /TRACKING.csv
2023-03-18T07:45:03, Number of rows in /TRACKING.csv: 3
2020-01-27T16:19:03, Done loop ...
2020-01-27T16:19:03, ... powering down.
2020-01-27T16:19:03, RTC Initialization Failed
2020-01-27T16:20:03, Setup Complete
2020-01-27T16:21:03, Data: 2009-05-14T16:02:03,3.73,25627,2376.00,2393.00,2386.50,-19.40,78.41,-15.86,875.95
2020-01-27T16:19:03, Add row to /TRACKING.csv
2023-03-18T07:45:03, Number of rows in /TRACKING.csv: 4
2020-01-27T16:21:03, Number of rows in /TRACKING.csv is >= 4
2020-01-27T16:19:03, Remove tracking
2020-01-27T16:21:03, Write to /TRANSMIT.csv: 2009-05-14T16:02:03,3.73,2376.00,-19.4,78
2023-03-18T07:45:03, Number of rows in /TRANSMIT.csv: 2
2020-01-27T16:22:03, Current hour = 16, Transmission hour = 1
2020-01-27T16:22:03, Current hour = 16, Transmission hour = 6
2020-01-27T16:22:03, Current hour = 16, Transmission hour = 8
2020-01-27T16:22:03, Current hour = 16, Transmission hour = 10
2020-01-27T16:22:03, Current hour = 16, Transmission hour = 15
2020-01-27T16:22:03, Current hour = 16, Transmission hour = 20
2020-01-27T16:22:03, Current hour = 16, Transmission hour = 22
2020-01-27T16:19:03, Done loop ...
2020-01-27T16:19:03, ... powering down.
2020-01-27T16:19:03, RTC Initialization Failed
2020-01-27T16:20:03, Setup Complete
2020-01-27T16:21:03, Data: 2009-05-14T16:02:03,3.72,25627,2367.00,2382.00,2372.50,-19.71,78.63,-17.32,875.89
2020-01-27T16:19:03, Add row to /TRACKING.csv
2023-03-18T07:45:03, Number of rows in /TRACKING.csv: 1
2020-01-27T16:19:03, Done loop ...
2020-01-27T16:19:03, ... powering down.
2020-01-27T16:19:03, RTC Initialization Failed
2020-01-27T16:20:03, Setup Complete
2020-01-27T16:21:03, Data: 2009-05-14T16:02:03,3.70,25627,2360.00,2376.00,2372.00,-19.78,78.45,-18.59,876.02
2020-01-27T16:19:03, Add row to /TRACKING.csv
2023-03-18T07:45:03, Number of rows in /TRACKING.csv: 2
2020-01-27T16:19:03, Done loop ...
2020-01-27T16:19:03, ... powering down.
2020-01-27T16:19:03, RTC Initialization Failed
2020-01-27T16:20:03, Setup Complete
2020-01-27T16:21:03, Data: 2009-05-14T16:02:03,3.69,25627,2369.00,2378.00,2375.00,-19.88,79.64,-19.37,876.23
2020-01-27T16:19:03, Add row to /TRACKING.csv
2023-03-18T07:45:03, Number of rows in /TRACKING.csv: 3
2020-01-27T16:19:03, Done loop ...
2020-01-27T16:19:03, ... powering down.
2020-01-27T16:19:03, RTC Initialization Failed
2020-01-27T16:20:03, Setup Complete
2020-01-27T16:21:03, Data: 2009-05-14T16:02:03,3.68,25627,2362.00,2388.00,2370.00,-19.98,80.59,-19.76,876.43
2020-01-27T16:19:03, Add row to /TRACKING.csv
2023-03-18T07:45:03, Number of rows in /TRACKING.csv: 4
2020-01-27T16:21:03, Number of rows in /TRACKING.csv is >= 4
2020-01-27T16:19:03, Remove tracking
2020-01-27T16:21:03, Write to /TRANSMIT.csv: 2009-05-14T16:02:03,3.68,2362.00,-20.0,81
2023-03-18T07:45:03, Number of rows in /TRANSMIT.csv: 3
2003-01-30T16:00:03, Current hour = 16, Transmission hour = 1
2003-01-30T16:00:03, Current hour = 16, Transmission hour = 6
2003-01-30T16:00:03, Current hour = 16, Transmission hour = 8
2003-01-30T16:00:03, Current hour = 16, Transmission hour = 10
2003-01-30T16:00:03, Current hour = 16, Transmission hour = 15
2003-01-30T16:00:03, Current hour = 16, Transmission hour = 20
2003-01-30T16:00:03, Current hour = 16, Transmission hour = 22
2020-01-27T16:19:03, Done loop ...
2020-01-27T16:19:03, ... powering down.
2020-01-27T16:19:03, RTC Initialization Failed
2020-01-27T16:20:03, Setup Complete
2020-01-27T16:21:03, Data: 2009-05-14T16:02:03,3.68,25627,2354.00,2372.00,2360.00,-19.96,80.32,-19.95,876.41
2020-01-27T16:19:03, Add row to /TRACKING.csv
2023-03-18T07:45:03, Number of rows in /TRACKING.csv: 1
2020-01-27T16:19:03, Done loop ...
2020-01-27T16:19:03, ... powering down.
2020-01-27T16:19:03, RTC Initialization Failed
2020-01-27T16:20:03, Setup Complete
2020-01-27T16:21:03, Data: 2009-05-14T16:02:03,3.67,25627,2360.00,2369.00,2364.00,-20.04,80.68,-20.06,876.59
2020-01-27T16:19:03, Add row to /TRACKING.csv
2023-03-18T07:45:03, Number of rows in /TRACKING.csv: 2
2020-01-27T16:19:03, Done loop ...
2020-01-27T16:19:03, ... powering down.
2020-01-27T16:19:03, RTC Initialization Failed
2020-01-27T16:20:03, Setup Complete
2020-01-27T16:21:03, Data: 2009-05-14T16:02:03,3.67,25627,2358.00,2368.00,2364.00,-20.14,78.92,-20.21,876.72
2020-01-27T16:19:03, Add row to /TRACKING.csv
2023-03-18T07:45:03, Number of rows in /TRACKING.csv: 3
2020-01-27T16:19:03, Done loop ...
2020-01-27T16:19:03, ... powering down.
2020-01-27T16:19:03, RTC Initialization Failed
2020-01-27T16:20:03, Setup Complete
2043-04-29T09:31:47, Data: 2009-05-14T16:02:03,3.67,25627,2352.00,2369.00,2361.00,-20.18,79.26,-20.37,876.78
2020-01-27T16:19:03, Add row to /TRACKING.csv
2023-03-18T07:45:03, Number of rows in /TRACKING.csv: 4
2020-01-27T16:21:03, Number of rows in /TRACKING.csv is >= 4
2020-01-27T16:19:03, Remove tracking
2020-01-27T16:21:03, Write to /TRANSMIT.csv: 2009-05-14T16:02:03,3.67,2352.00,-20.2,79
2023-03-18T07:45:03, Number of rows in /TRANSMIT.csv: 4
2003-01-30T16:00:03, Current hour = 16, Transmission hour = 1
2003-01-30T16:00:03, Current hour = 16, Transmission hour = 6
2003-01-30T16:00:03, Current hour = 16, Transmission hour = 8
2003-01-30T16:00:03, Current hour = 16, Transmission hour = 10
2003-01-30T16:00:03, Current hour = 16, Transmission hour = 15
2003-01-30T16:00:03, Current hour = 16, Transmission hour = 20
2003-01-30T16:00:03, Current hour = 16, Transmission hour = 22
2020-01-27T16:19:03, Done loop ...
2020-01-27T16:19:03, ... powering down.
2020-01-27T16:19:03, RTC Initialization Failed
2020-01-27T16:20:03, Setup Complete
2020-01-27T16:21:03, Data: 2009-05-14T16:02:03,3.67,25627,2466.00,5002.00,5001.00,-20.42,80.59,-20.51,876.82
2020-01-27T16:19:03, Add row to /TRACKING.csv
2023-03-18T07:45:03, Number of rows in /TRACKING.csv: 1
2020-01-27T16:19:03, Done loop ...
2020-01-27T16:19:03, ... powering down.
2020-01-27T16:19:03, RTC Initialization Failed
2020-01-27T16:20:03, Setup Complete
2020-01-27T16:21:03, Data: 2009-05-14T16:02:03,3.66,25627,2367.00,2382.00,2370.50,-20.49,81.46,-20.65,877.09
2020-01-27T16:19:03, Add row to /TRACKING.csv
2023-03-18T07:45:03, Number of rows in /TRACKING.csv: 2
2020-01-27T16:19:03, Done loop ...
2020-01-27T16:19:03, ... powering down.
2020-01-27T16:19:03, RTC Initialization Failed
2020-01-27T16:20:03, Setup Complete
2020-01-27T16:21:03, Data: 2009-05-14T16:02:03,3.66,25627,2372.00,2377.00,2374.00,-20.63,81.74,-20.78,877.12
2020-01-27T16:19:03, Add row to /TRACKING.csv
2023-03-18T07:45:03, Number of rows in /TRACKING.csv: 3
2020-01-27T16:19:03, Done loop ...
2020-01-27T16:19:03, ... powering down.
2020-01-27T16:19:03, RTC Initialization Failed
2020-01-27T16:20:03, Setup Complete
2020-01-27T16:21:03, Data: 2009-05-14T16:02:03,3.66,25627,2383.00,5002.00,4999.50,-20.66,80.28,-20.88,877.23
2020-01-27T16:19:03, Add row to /TRACKING.csv
2023-03-18T07:45:03, Number of rows in /TRACKING.csv: 4
2020-01-27T16:21:03, Number of rows in /TRACKING.csv is >= 4
2020-01-27T16:19:03, Remove tracking
2020-01-27T16:21:03, Write to /TRANSMIT.csv: 2009-05-14T16:02:03,3.66,2383.00,-20.7,80
2023-03-18T07:45:03, Number of rows in /TRANSMIT.csv: 5
2003-01-30T16:00:03, Current hour = 16, Transmission hour = 1
2001-03-26T16:00:03, 1416023238-18878:238-19478:236-20081:235-20279:238-20780
2020-01-27T16:25:03,  - attempt to send message: 1416023238-18878:238-19478:236-20081:235-20279:238-20780
2020-01-27T16:21:03,  - Modem begin successful
2020-01-27T16:21:03,  - Sending...
2020-01-27T16:21:03,  - Send response: 
2020-01-27T16:22:03,   - Sync clocks... 
2020-01-27T16:25:03,  - Arduino Old Time: 2000-00-20T00:84:03
2020-01-27T16:24:03,  - Arduino New Time: 2002-00-03T58:42:03
2020-01-27T16:21:03, Message sent! Removing /TRANSMIT.csv
2020-01-27T16:19:03, Done loop ...
2020-01-27T16:19:03, ... powering down.
2020-01-27T16:19:03, RTC Initialization Failed
2020-01-27T16:20:03, Setup Complete
2020-01-27T16:21:03, Data: 2009-05-14T16:02:03,3.66,25627,2368.00,2378.00,2371.50,-20.74,79.86,-20.96,877.37
2020-01-27T16:19:03, Add row to /TRACKING.csv
2023-03-18T07:45:03, Number of rows in /TRACKING.csv: 1
2020-01-27T16:19:03, Done loop ...
2020-01-27T16:19:03, ... powering down.
2020-01-27T16:19:03, RTC Initialization Failed
2020-01-27T16:20:03, Setup Complete
2020-01-27T16:21:03, Data: 2009-05-14T16:02:03,3.66,25627,2364.00,2379.00,2374.00,-20.74,78.62,-21.05,877.52
2020-01-27T16:19:03, Add row to /TRACKING.csv
2023-03-18T07:45:03, Number of rows in /TRACKING.csv: 2
2020-01-27T16:19:03, Done loop ...
2020-01-27T16:19:03, ... powering down.
2020-01-27T16:19:03, RTC Initialization Failed
2020-01-27T16:20:03, Setup Complete
2020-01-27T16:21:03, Data: 2009-05-14T16:02:03,3.66,25627,2386.00,2406.00,2393.00,-20.84,78.26,-21.12,877.65
2020-01-27T16:19:03, Add row to /TRACKING.csv
2023-03-18T07:45:03, Number of rows in /TRACKING.csv: 3
2020-01-27T16:19:03, Done loop ...
2020-01-27T16:19:03, ... powering down.
2020-01-27T16:19:03, RTC Initialization Failed
2020-01-27T16:20:03, Setup Complete
2020-01-27T16:21:03, Data: 2009-05-14T16:02:03,3.65,25627,5000.00,5002.00,5002.00,-20.88,76.42,-21.34,877.55
2020-01-27T16:19:03, Add row to /TRACKING.csv
2023-03-18T07:45:03, Number of rows in /TRACKING.csv: 4
2020-01-27T16:21:03, Number of rows in /TRACKING.csv is >= 4
2020-01-27T16:19:03, Remove tracking
2020-01-27T16:21:03, Write to /TRANSMIT.csv: 2009-05-14T16:02:03,3.65,5000.00,-20.9,76
2023-03-18T07:45:03, Number of rows in /TRANSMIT.csv: 1
2020-01-27T16:23:03, Current hour = 16, Transmission hour = 1
2020-01-27T16:23:03, Current hour = 16, Transmission hour = 6
2020-01-27T16:23:03, Current hour = 16, Transmission hour = 8
2020-01-27T16:23:03, Current hour = 16, Transmission hour = 10
2020-01-27T16:23:03, Current hour = 16, Transmission hour = 15
2043-04-29T09:31:47, Current hour = 16, Transmission hour = 20
2020-01-27T16:23:03, Current hour = 16, Transmission hour = 22
2020-01-27T16:19:03, Done loop ...
2020-01-27T16:19:03, ... powering down.
2020-01-27T16:19:03, RTC Initialization Failed
2020-01-27T16:20:03, Setup Complete
2020-01-27T16:21:03, Data: 2009-05-14T16:02:03,3.65,25627,2409.00,5002.00,5001.00,-21.05,78.12,-21.52,877.71
2020-01-27T16:19:03, Add row to /TRACKING.csv
2023-03-18T07:45:03, Number of rows in /TRACKING.csv: 1
2020-01-27T16:19:03, Done loop ...
2020-01-27T16:19:03, ... powering down.
2020-01-27T16:19:03, RTC Initialization Failed
2020-01-27T16:20:03, Setup Complete
2020-01-27T16:21:03, Data: 2009-05-14T16:02:03,3.65,25627,5000.00,5002.00,5001.00,-21.18,78.33,-21.62,877.68
2020-01-27T16:19:03, Add row to /TRACKING.csv
2023-03-18T07:45:03, Number of rows in /TRACKING.csv: 2
2020-01-27T16:19:03, Done loop ...
2020-01-27T16:19:03, ... powering down.
2020-01-27T16:19:03, RTC Initialization Failed
2020-01-27T16:20:03, Setup Complete
2020-01-27T16:21:03, Data: 2009-05-14T16:02:03,3.65,25627,2370.00,2394.00,2383.50,-21.22,76.37,-21.74,877.88
2020-01-27T16:19:03, Add row to /TRACKING.csv
2023-03-18T07:45:03, Number of rows in /TRACKING.csv: 3
2020-01-27T16:19:03, Done loop ...
2020-01-27T16:19:03, ... powering down.
2020-01-27T16:19:03, RTC Initialization Failed
2020-01-27T16:20:03, Setup Complete
2020-01-27T16:21:03, Data: 2009-05-14T16:02:03,3.65,25627,2374.00,5001.00,2379.50,-21.54,79.16,-21.92,877.84
2020-01-27T16:19:03, Add row to /TRACKING.csv
2023-03-18T07:45:03, Number of rows in /TRACKING.csv: 4
2020-01-27T16:21:03, Number of rows in /TRACKING.csv is >= 4
2020-01-27T16:19:03, Remove tracking
2020-01-27T16:21:03, Write to /TRANSMIT.csv: 2009-05-14T16:02:03,3.65,2374.00,-21.5,79
2023-03-18T07:45:03, Number of rows in /TRANSMIT.csv: 2
2020-01-27T16:22:03, Current hour = 16, Transmission hour = 1
2020-01-27T16:22:03, Current hour = 16, Transmission hour = 6
2020-01-27T16:22:03, Current hour = 16, Transmission hour = 8
2020-01-27T16:22:03, Current hour = 16, Transmission hour = 10
2020-01-27T16:22:03, Current hour = 16, Transmission hour = 15
2020-01-27T16:22:03, Current hour = 16, Transmission hour = 20
2020-01-27T16:22:03, Current hour = 16, Transmission hour = 22
2020-01-27T16:19:03, Done loop ...
2020-01-27T16:19:03, ... powering down.
2020-01-27T16:19:03, RTC Initialization Failed
2020-01-27T16:20:03, Setup Complete
2000-12-19T16:21:03, Data: 2009-05-14T16:02:03,3.65,25627,2375.00,2397.00,2382.00,-21.68,79.73,-22.08,877.82
2020-01-27T16:19:03, Add row to /TRACKING.csv
2011-11-25T17:24:03, Number of rows in /TRACKING.csv: 1
2020-01-27T16:19:03, Done loop ...
2020-01-27T16:19:03, ... powering down.
2020-01-27T16:19:03, RTC Initialization Failed
2020-01-27T16:20:03, Setup Complete
2043-04-29T09:31:47, Data: 2009-05-14T16:02:03,3.65,25627,2373.00,2388.00,2381.00,-21.67,78.55,-22.23,877.70
2020-01-27T16:19:03, Add row to /TRACKING.csv
2023-03-18T07:45:03, Number of rows in /TRACKING.csv: 2
2020-01-27T16:19:03, Done loop ...
2020-01-27T16:19:03, ... powering down.
2020-01-27T16:19:03, RTC Initialization Failed
2020-01-27T16:20:03, Setup Complete
2020-01-27T16:21:03, Data: 2009-05-14T16:02:03,3.65,25627,2369.00,2392.00,2387.50,-21.57,77.34,-22.21,877.66
2020-01-27T16:19:03, Add row to /TRACKING.csv
2023-03-18T07:45:03, Number of rows in /TRACKING.csv: 3
2020-01-27T16:19:03, Done loop ...
2020-01-27T16:19:03, ... powering down.
2020-01-27T16:19:03, RTC Initialization Failed
2020-01-27T16:20:03, Setup Complete
2020-01-27T16:21:03, Data: 2009-05-14T16:02:03,3.65,25627,2373.00,4999.00,2399.00,-21.61,76.07,-22.28,877.63
2020-01-27T16:19:03, Add row to /TRACKING.csv
2023-03-18T07:45:03, Number of rows in /TRACKING.csv: 4
2020-01-27T16:21:03, Number of rows in /TRACKING.csv is >= 4
2020-01-27T16:19:03, Remove tracking
2020-01-27T16:21:03, Write to /TRANSMIT.csv: 2009-05-14T16:02:03,3.65,2373.00,-21.6,76
2023-03-18T07:45:03, Number of rows in /TRANSMIT.csv: 3
2003-01-30T16:00:03, Current hour = 16, Transmission hour = 1
2003-01-30T16:00:03, Current hour = 16, Transmission hour = 6
2003-01-30T16:00:03, Current hour = 16, Transmission hour = 8
2003-01-30T16:00:03, Current hour = 16, Transmission hour = 10
2003-01-30T16:00:03, Current hour = 16, Transmission hour = 15
2003-01-30T16:00:03, Current hour = 16, Transmission hour = 20
2003-01-30T16:00:03, Current hour = 16, Transmission hour = 22
2020-01-27T16:19:03, Done loop ...
2020-01-27T16:19:03, ... powering down.
2020-01-27T16:19:03, RTC Initialization Failed
2020-01-27T16:20:03, Setup Complete
2020-01-27T16:21:03, Data: 2009-05-14T16:02:03,3.64,25627,2382.00,5003.00,2395.00,-21.70,75.48,-22.40,877.62
2020-01-27T16:19:03, Add row to /TRACKING.csv
2023-03-18T07:45:03, Number of rows in /TRACKING.csv: 1
2020-01-27T16:19:03, Done loop ...
2020-01-27T16:19:03, ... powering down.
2020-01-27T16:19:03, RTC Initialization Failed
2020-01-27T16:20:03, Setup Complete
2020-01-27T16:21:03, Data: 2009-05-14T16:02:03,3.64,25627,2378.00,5003.00,2389.50,-21.83,75.56,-22.53,877.89
2020-01-27T16:19:03, Add row to /TRACKING.csv
2023-03-18T07:45:03, Number of rows in /TRACKING.csv: 2
2020-01-27T16:19:03, Done loop ...
2020-01-27T16:19:03, ... powering down.
2020-01-27T16:19:03, RTC Initialization Failed
2020-01-27T16:20:03, Setup Complete
2020-01-27T16:21:03, Data: 2009-05-14T16:02:03,3.64,25627,2395.00,5002.00,5001.00,-21.93,77.50,-22.56,878.13
2020-01-27T16:19:03, Add row to /TRACKING.csv
2023-03-18T07:45:03, Number of rows in /TRACKING.csv: 3
2020-01-27T16:19:03, Done loop ...
2020-01-27T16:19:03, ... powering down.
2020-01-27T16:19:03, RTC Initialization Failed
2020-01-27T16:20:03, Setup Complete
2020-01-27T16:21:03, Data: 2009-05-14T16:02:03,3.64,25627,2386.00,5003.00,5002.00,-22.09,77.95,-22.75,878.09
2020-01-27T16:19:03, Add row to /TRACKING.csv
2023-03-18T07:45:03, Number of rows in /TRACKING.csv: 4
2020-01-27T16:21:03, Number of rows in /TRACKING.csv is >= 4
2020-01-27T16:19:03, Remove tracking
2020-01-27T16:21:03, Write to /TRANSMIT.csv: 2009-05-14T16:02:03,3.64,2386.00,-22.1,78
2023-03-18T07:45:03, Number of rows in /TRANSMIT.csv: 4
2003-01-30T16:00:03, Current hour = 16, Transmission hour = 1
2003-01-30T16:00:03, Current hour = 16, Transmission hour = 6
2003-01-30T16:00:03, Current hour = 16, Transmission hour = 8
2003-01-30T16:00:03, Current hour = 16, Transmission hour = 10
2003-01-30T16:00:03, Current hour = 16, Transmission hour = 15
2003-01-30T16:00:03, Current hour = 16, Transmission hour = 20
2003-01-30T16:00:03, Current hour = 16, Transmission hour = 22
2020-01-27T16:19:03, Done loop ...
2020-01-27T16:19:03, ... powering down.
2020-01-27T16:19:03, RTC Initialization Failed
2020-01-27T16:20:03, Setup Complete
2020-01-27T16:21:03, Data: 2009-05-14T16:02:03,3.64,25627,5001.00,5003.00,5002.00,-21.91,75.70,-22.86,877.96
2020-01-27T16:19:03, Add row to /TRACKING.csv
2023-03-18T07:45:03, Number of rows in /TRACKING.csv: 1
2020-01-27T16:19:03, Done loop ...
2020-01-27T16:19:03, ... powering down.
2020-01-27T16:19:03, RTC Initialization Failed
2020-01-27T16:20:03, Setup Complete
2020-01-27T16:21:03, Data: 2009-05-14T16:02:03,3.62,25627,2379.00,5003.00,5003.00,-22.14,77.38,-22.89,877.93
2020-01-27T16:19:03, Add row to /TRACKING.csv
2023-03-18T07:45:03, Number of rows in /TRACKING.csv: 2
2020-01-27T16:19:03, Done loop ...
2020-01-27T16:19:03, ... powering down.
2020-01-27T16:19:03, RTC Initialization Failed
2020-01-27T16:20:03, Setup Complete
2020-01-27T16:21:03, Data: 2009-05-14T16:02:03,3.64,25627,2400.00,5003.00,2530.50,-22.03,76.59,-22.83,877.99
2020-01-27T16:19:03, Add row to /TRACKING.csv
2023-03-18T07:45:03, Number of rows in /TRACKING.csv: 3
2020-01-27T16:19:03, Done loop ...
2020-01-27T16:19:03, ... powering down.
2020-01-27T16:19:03, RTC Initialization Failed
2020-01-27T16:20:03, Setup Complete
2020-01-27T16:21:03, Data: 2009-05-14T16:02:03,3.64,25627,2387.00,2404.00,2396.50,-22.28,79.48,-22.82,877.92
2020-01-27T16:19:03, Add row to /TRACKING.csv
2023-03-18T07:45:03, Number of rows in /TRACKING.csv: 4
2020-01-27T16:21:03, Number of rows in /TRACKING.csv is >= 4
2020-01-27T16:19:03, Remove tracking
2020-01-27T16:21:03, Write to /TRANSMIT.csv: 2009-05-14T16:02:03,3.64,2387.00,-22.3,79
2023-03-18T07:45:03, Number of rows in /TRANSMIT.csv: 5
2003-01-30T16:00:03, Current hour = 16, Transmission hour = 1
2001-03-26T16:00:03, 1416023500-20976:237-21579:237-21676:239-22178:239-22379
2020-01-27T16:25:03,  - attempt to send message: 1416023500-20976:237-21579:237-21676:239-22178:239-22379
2020-01-27T16:21:03,  - Modem begin successful
2020-01-27T16:21:03,  - Sending...
2020-01-27T16:21:03,  - Send response: 
2020-01-27T16:22:03,   - Sync clocks... 
2020-01-27T16:25:03,  - Arduino Old Time: 2000-00-20T00:84:03
2020-01-27T16:24:03,  - Arduino New Time: 2002-00-09T36:05:03
2020-01-27T16:21:03, Message sent! Removing /TRANSMIT.csv
2020-01-27T16:19:03, Done loop ...
2020-01-27T16:19:03, ... powering down.
2020-01-27T16:19:03, RTC Initialization Failed
2020-01-27T16:20:03, Setup Complete
2020-01-27T16:21:03, Data: 2000-01-19T16:11:03,3.64,25627,2398.00,5003.00,5001.00,-22.28,78.31,-22.87,877.73
2020-01-27T16:19:03, Add row to /TRACKING.csv
2023-03-18T07:45:03, Number of rows in /TRACKING.csv: 1
2020-01-27T16:19:03, Done loop ...
2020-01-27T16:19:03, ... powering down.
2020-01-27T16:19:03, RTC Initialization Failed
2020-01-27T16:20:03, Setup Complete
2020-01-27T16:21:03, Data: 2009-05-14T16:02:03,3.64,25627,2407.00,2434.00,2418.00,-22.20,78.71,-22.86,877.79
2020-01-27T16:19:03, Add row to /TRACKING.csv
2023-03-18T07:45:03, Number of rows in /TRACKING.csv: 2
2020-01-27T16:19:03, Done loop ...
2020-01-27T16:19:03, ... powering down.
2020-01-27T16:19:03, RTC Initialization Failed
2020-01-27T16:20:03, Setup Complete
2020-01-27T16:21:03, Data: 2009-05-14T16:02:03,3.64,25627,2384.00,5003.00,2398.50,-22.36,79.05,-22.89,877.88
2020-01-27T16:19:03, Add row to /TRACKING.csv
2023-03-18T07:45:03, Number of rows in /TRACKING.csv: 3
2020-01-27T16:19:03, Done loop ...
2020-01-27T16:19:03, ... powering down.
2020-01-27T16:19:03, RTC Initialization Failed
2020-01-27T16:20:03, Setup Complete
2020-01-27T16:21:03, Data: 2009-05-14T16:02:03,3.64,25627,2397.00,5003.00,2407.00,-22.25,77.24,-22.91,877.74
2020-01-27T16:19:03, Add row to /TRACKING.csv
2023-03-18T07:45:03, Number of rows in /TRACKING.csv: 4
2020-01-27T16:21:03, Number of rows in /TRACKING.csv is >= 4
2020-01-27T16:19:03, Remove tracking
2020-01-27T16:21:03, Write to /TRANSMIT.csv: 2009-05-14T16:02:03,3.64,2397.00,-22.2,77
2023-03-18T07:45:03, Number of rows in /TRANSMIT.csv: 1
2003-01-30T16:00:03, Current hour = 16, Transmission hour = 1
2003-01-30T16:00:03, Current hour = 16, Transmission hour = 6
2003-01-30T16:00:03, Current hour = 16, Transmission hour = 8
2003-01-30T16:00:03, Current hour = 16, Transmission hour = 10
2003-01-30T16:00:03, Current hour = 16, Transmission hour = 15
2003-01-30T16:00:03, Current hour = 16, Transmission hour = 20
2003-01-30T16:00:03, Current hour = 16, Transmission hour = 22
2020-01-27T16:19:03, Done loop ...
2020-01-27T16:19:03, ... powering down.
2020-01-27T16:19:03, RTC Initialization Failed
2020-01-27T16:20:03, Setup Complete
2020-01-27T16:21:03, Data: 2009-05-14T16:02:03,3.64,25627,2401.00,2417.00,2409.50,-22.41,78.98,-22.99,877.80
2020-01-27T16:19:03, Add row to /TRACKING.csv
2023-03-18T07:45:03, Number of rows in /TRACKING.csv: 1
2020-01-27T16:19:03, Done loop ...
2020-01-27T16:19:03, ... powering down.
2020-01-27T16:19:03, RTC Initialization Failed
2020-01-27T16:20:03, Setup Complete
2020-01-27T16:21:03, Data: 2009-05-14T16:02:03,3.64,25627,5001.00,5003.00,5002.50,-22.41,79.02,-22.99,878.06
2020-01-27T16:19:03, Add row to /TRACKING.csv
2023-03-18T07:45:03, Number of rows in /TRACKING.csv: 2
2020-01-27T16:19:03, Done loop ...
2020-01-27T16:19:03, ... powering down.
2020-01-27T16:19:03, RTC Initialization Failed
2020-01-27T16:20:03, Setup Complete
2020-01-27T16:21:03, Data: 2009-05-14T16:02:03,3.64,25627,2390.00,2400.00,2394.00,-22.41,78.93,-22.97,878.08
2020-01-27T16:19:03, Add row to /TRACKING.csv
2023-03-18T07:45:03, Number of rows in /TRACKING.csv: 3
2020-01-27T16:19:03, Done loop ...
2020-01-27T16:19:03, ... powering down.
2020-01-27T16:19:03, RTC Initialization Failed
2020-01-27T16:20:03, Setup Complete
2020-01-27T16:21:03, Data: 2009-05-14T16:02:03,3.64,25627,2402.00,5003.00,2486.50,-22.48,78.68,-23.08,877.93
2020-01-27T16:19:03, Add row to /TRACKING.csv
2023-03-18T07:45:03, Number of rows in /TRACKING.csv: 4
2020-01-27T16:21:03, Number of rows in /TRACKING.csv is >= 4
2020-01-27T16:19:03, Remove tracking
2020-01-27T16:21:03, Write to /TRANSMIT.csv: 2009-05-14T16:02:03,3.64,2402.00,-22.5,79
2023-03-18T07:45:03, Number of rows in /TRANSMIT.csv: 2
2020-01-27T16:22:03, Current hour = 16, Transmission hour = 1
2020-01-27T16:22:03, Current hour = 16, Transmission hour = 6
2020-01-27T16:22:03, Current hour = 16, Transmission hour = 8
2020-01-27T16:22:03, Current hour = 16, Transmission hour = 10
2020-01-27T16:22:03, Current hour = 16, Transmission hour = 15
2020-01-27T16:22:03, Current hour = 16, Transmission hour = 20
2020-01-27T16:22:03, Current hour = 16, Transmission hour = 22
2020-01-27T16:19:03, Done loop ...
2020-01-27T16:19:03, ... powering down.
2020-01-27T16:19:03, RTC Initialization Failed
2020-01-27T16:20:03, Setup Complete
2020-01-27T16:21:03, Data: 2009-05-14T16:02:03,3.64,25627,2391.00,2397.00,2392.00,-22.60,78.74,-23.08,877.92
2020-01-27T16:19:03, Add row to /TRACKING.csv
2023-03-18T07:45:03, Number of rows in /TRACKING.csv: 1
2020-01-27T16:19:03, Done loop ...
2020-01-27T16:19:03, ... powering down.
2020-01-27T16:19:03, RTC Initialization Failed
2020-01-27T16:20:03, Setup Complete
2020-01-27T16:21:03, Data: 2009-05-14T16:02:03,3.64,25627,2373.00,2388.00,2385.00,-22.58,77.97,-23.24,878.02
2020-01-27T16:19:03, Add row to /TRACKING.csv
2023-03-18T07:45:03, Number of rows in /TRACKING.csv: 2
2020-01-27T16:19:03, Done loop ...
2020-01-27T16:19:03, ... powering down.
2020-01-27T16:19:03, RTC Initialization Failed
2020-01-27T16:20:03, Setup Complete
2020-01-27T16:21:03, Data: 2009-05-14T16:02:03,3.64,25627,2407.00,5002.00,2423.00,-22.69,79.23,-23.37,878.09
2020-01-27T16:19:03, Add row to /TRACKING.csv
2023-03-18T07:45:03, Number of rows in /TRACKING.csv: 3
2020-01-27T16:19:03, Done loop ...
2020-01-27T16:19:03, ... powering down.
2020-01-27T16:19:03, RTC Initialization Failed
2020-01-27T16:20:03, Setup Complete
2020-01-27T16:21:03, Data: 2009-05-14T16:02:03,3.63,25627,2408.00,5002.00,2464.50,-22.81,79.80,-23.42,877.94
2020-01-27T16:19:03, Add row to /TRACKING.csv
2023-03-18T07:45:03, Number of rows in /TRACKING.csv: 4
2020-01-27T16:21:03, Number of rows in /TRACKING.csv is >= 4
2020-01-27T16:19:03, Remove tracking
2020-01-27T16:21:03, Write to /TRANSMIT.csv: 2009-05-14T16:02:03,3.63,2408.00,-22.8,80
2023-03-18T07:45:03, Number of rows in /TRANSMIT.csv: 3
2003-01-30T16:00:03, Current hour = 16, Transmission hour = 1
2003-01-30T16:00:03, Current hour = 16, Transmission hour = 6
2003-01-30T16:00:03, Current hour = 16, Transmission hour = 8
2003-01-30T16:00:03, Current hour = 16, Transmission hour = 10
2003-01-30T16:00:03, Current hour = 16, Transmission hour = 15
2003-01-30T16:00:03, Current hour = 16, Transmission hour = 20
2003-01-30T16:00:03, Current hour = 16, Transmission hour = 22
2020-01-27T16:19:03, Done loop ...
2020-01-27T16:19:03, ... powering down.
2020-01-27T16:19:03, RTC Initialization Failed
2020-01-27T16:20:03, Setup Complete
2020-01-27T16:21:03, Data: 2009-05-14T16:02:03,3.63,25627,2372.00,2416.00,2410.00,-22.67,77.93,-23.37,878.14
2020-01-27T16:19:03, Add row to /TRACKING.csv
2023-03-18T07:45:03, Number of rows in /TRACKING.csv: 1
2020-01-27T16:19:03, Done loop ...
2020-01-27T16:19:03, ... powering down.
2020-01-27T16:19:03, RTC Initialization Failed
2020-01-27T16:20:03, Setup Complete
2020-01-27T16:21:03, Data: 2009-05-14T16:02:03,3.63,25627,2406.00,2510.00,2416.00,-22.74,78.01,-23.45,878.07
2020-01-27T16:19:03, Add row to /TRACKING.csv
2023-03-18T07:45:03, Number of rows in /TRACKING.csv: 2
2020-01-27T16:19:03, Done loop ...
2020-01-27T16:19:03, ... powering down.
2020-01-27T16:19:03, RTC Initialization Failed
2020-01-27T16:20:03, Setup Complete
2020-01-27T16:21:03, Data: 2009-05-14T16:02:03,3.63,25627,2394.00,5003.00,2421.00,-22.54,75.99,-23.27,878.15
2020-01-27T16:19:03, Add row to /TRACKING.csv
2023-03-18T07:45:03, Number of rows in /TRACKING.csv: 3
2020-01-27T16:19:03, Done loop ...
2020-01-27T16:19:03, ... powering down.
2020-01-27T16:19:03, RTC Initialization Failed
2020-01-27T16:20:03, Setup Complete
2020-01-27T16:21:03, Data: 2009-05-14T16:02:03,3.64,25627,2408.00,2425.00,2417.00,-22.65,77.46,-23.28,878.08
2020-01-27T16:19:03, Add row to /TRACKING.csv
2023-03-18T07:45:03, Number of rows in /TRACKING.csv: 4
2020-01-27T16:21:03, Number of rows in /TRACKING.csv is >= 4
2020-01-27T16:19:03, Remove tracking
2020-01-27T16:21:03, Write to /TRANSMIT.csv: 2009-05-14T16:02:03,3.64,2408.00,-22.6,77
2023-03-18T07:45:03, Number of rows in /TRANSMIT.csv: 4
2003-01-30T16:00:03, Current hour = 16, Transmission hour = 1
2003-01-30T16:00:03, Current hour = 16, Transmission hour = 6
2003-01-30T16:00:03, Current hour = 16, Transmission hour = 8
2003-01-30T16:00:03, Current hour = 16, Transmission hour = 10
2003-01-30T16:00:03, Current hour = 16, Transmission hour = 15
2003-01-30T16:00:03, Current hour = 16, Transmission hour = 20
2003-01-30T16:00:03, Current hour = 16, Transmission hour = 22
2020-01-27T16:19:03, Done loop ...
2020-01-27T16:19:03, ... powering down.
2020-01-27T16:19:03, RTC Initialization Failed
2020-01-27T16:20:03, Setup Complete
2020-01-27T16:21:03, Data: 2009-05-14T16:02:03,3.63,25627,2404.00,2414.00,2409.00,-22.61,75.46,-23.27,877.97
2020-01-27T16:19:03, Add row to /TRACKING.csv
2023-03-18T07:45:03, Number of rows in /TRACKING.csv: 1
2020-01-27T16:19:03, Done loop ...
2020-01-27T16:19:03, ... powering down.
2020-01-27T16:19:03, RTC Initialization Failed
2020-01-27T16:20:03, Setup Complete
2020-01-27T16:21:03, Data: 2009-05-14T16:02:03,3.64,25627,2414.00,2465.00,2418.00,-22.82,77.25,-23.37,878.15
2020-01-27T16:19:03, Add row to /TRACKING.csv
2023-03-18T07:45:03, Number of rows in /TRACKING.csv: 2
2020-01-27T16:19:03, Done loop ...
2020-01-27T16:19:03, ... powering down.
2020-01-27T16:19:03, RTC Initialization Failed
2020-01-27T16:20:03, Setup Complete
2020-01-27T16:21:03, Data: 2009-05-14T16:02:03,3.64,25627,2360.00,2490.00,2407.50,-22.88,78.17,-23.41,878.24
2020-01-27T16:19:03, Add row to /TRACKING.csv
2023-03-18T07:45:03, Number of rows in /TRACKING.csv: 3
2020-01-27T16:19:03, Done loop ...
2020-01-27T16:19:03, ... powering down.
2020-01-27T16:19:03, RTC Initialization Failed
2020-01-27T16:20:03, Setup Complete
2020-01-27T16:21:03, Data: 2009-05-14T16:02:03,3.63,25627,2403.00,5004.00,2488.00,-22.86,77.00,-23.53,878.34
2020-01-27T16:19:03, Add row to /TRACKING.csv
2023-03-18T07:45:03, Number of rows in /TRACKING.csv: 4
2020-01-27T16:21:03, Number of rows in /TRACKING.csv is >= 4
2020-01-27T16:19:03, Remove tracking
2020-01-27T16:21:03, Write to /TRANSMIT.csv: 2009-05-14T16:02:03,3.63,2403.00,-22.9,77
2023-03-18T07:45:03, Number of rows in /TRANSMIT.csv: 5
2003-01-30T16:00:03, Current hour = 16, Transmission hour = 1
2001-03-26T16:00:03, 1416023240-22277:240-22579:241-22880:241-22677:240-22977
2020-01-27T16:25:03,  - attempt to send message: 1416023240-22277:240-22579:241-22880:241-22677:240-22977
2020-01-27T16:21:03,  - Modem begin successful
2020-01-27T16:21:03,  - Sending...
2020-01-27T16:21:03,  - Send response: 
2020-01-27T16:22:03,   - Sync clocks... 
2020-01-27T16:25:03,  - Arduino Old Time: 2000-00-20T00:84:03
2020-01-27T16:24:03,  - Arduino New Time: 2002-00-15T09:56:03
2020-01-27T16:21:03, Message sent! Removing /TRANSMIT.csv
2020-01-27T16:19:03, Done loop ...
2020-01-27T16:19:03, ... powering down.
2020-01-27T16:19:03, RTC Initialization Failed
2020-01-27T16:20:03, Setup Complete
2020-01-27T16:21:03, Data: 2009-05-14T16:02:03,3.63,25627,2388.00,2401.00,2395.00,-22.95,75.51,-23.70,878.41
2020-01-27T16:19:03, Add row to /TRACKING.csv
2023-03-18T07:45:03, Number of rows in /TRACKING.csv: 1
2020-01-27T16:19:03, Done loop ...
2020-01-27T16:19:03, ... powering down.
2020-01-27T16:19:03, RTC Initialization Failed
2020-01-27T16:20:03, Setup Complete
2020-01-27T16:21:03, Data: 2009-05-14T16:02:03,3.63,25627,2366.00,2494.00,2401.50,-22.95,74.97,-23.80,878.33
2020-01-27T16:19:03, Add row to /TRACKING.csv
2023-03-18T07:45:03, Number of rows in /TRACKING.csv: 2
2020-01-27T16:19:03, Done loop ...
2020-01-27T16:19:03, ... powering down.
2020-01-27T16:19:03, RTC Initialization Failed
2020-01-27T16:20:03, Setup Complete
2020-01-27T16:21:03, Data: 2009-05-14T16:02:03,3.63,25627,2481.00,2493.00,2490.00,-22.81,74.13,-23.76,878.36
2020-01-27T16:19:03, Add row to /TRACKING.csv
2023-03-18T07:45:03, Number of rows in /TRACKING.csv: 3
2020-01-27T16:19:03, Done loop ...
2020-01-27T16:19:03, ... powering down.
2020-01-27T16:19:03, RTC Initialization Failed
2020-01-27T16:20:03, Setup Complete
2020-01-27T16:21:03, Data: 2009-05-14T16:02:03,3.63,25627,2395.00,5004.00,3730.00,-23.05,75.83,-23.81,878.66
2020-01-27T16:19:03, Add row to /TRACKING.csv
2023-03-18T07:45:03, Number of rows in /TRACKING.csv: 4
2020-01-27T16:21:03, Number of rows in /TRACKING.csv is >= 4
2020-01-27T16:19:03, Remove tracking
2020-01-27T16:21:03, Write to /TRANSMIT.csv: 2009-05-14T16:02:03,3.63,2395.00,-23.0,76
2023-03-18T07:45:03, Number of rows in /TRANSMIT.csv: 1
2020-01-27T16:23:03, Current hour = 16, Transmission hour = 1
2020-01-27T16:23:03, Current hour = 16, Transmission hour = 6
2020-01-27T16:23:03, Current hour = 16, Transmission hour = 8
2020-01-27T16:23:03, Current hour = 16, Transmission hour = 10
2020-01-27T16:23:03, Current hour = 16, Transmission hour = 15
2020-01-27T16:23:03, Current hour = 16, Transmission hour = 20
2020-01-27T16:23:03, Current hour = 16, Transmission hour = 22
2020-01-27T16:19:03, Done loop ...
2020-01-27T16:19:03, ... powering down.
2020-01-27T16:19:03, RTC Initialization Failed
2020-01-27T16:20:03, Setup Complete
2020-01-27T16:21:03, Data: 2009-05-14T16:02:03,3.65,25627,2386.00,2400.00,2393.00,-22.95,75.24,-23.66,878.70
2020-01-27T16:19:03, Add row to /TRACKING.csv
2023-03-18T07:45:03, Number of rows in /TRACKING.csv: 1
2020-01-27T16:19:03, Done loop ...
2020-01-27T16:19:03, ... powering down.
2020-01-27T16:19:03, RTC Initialization Failed
2020-01-27T16:20:03, Setup Complete
2020-01-27T16:21:03, Data: 2009-05-14T16:02:03,3.69,25627,2385.00,2403.00,2389.50,-22.91,75.14,-23.23,878.93
2020-01-27T16:19:03, Add row to /TRACKING.csv
2023-03-18T07:45:03, Number of rows in /TRACKING.csv: 2
2020-01-27T16:19:03, Done loop ...
2020-01-27T16:19:03, ... powering down.
2020-01-27T16:19:03, RTC Initialization Failed
2020-01-27T16:20:03, Setup Complete
2020-01-27T16:21:03, Data: 2009-05-14T16:02:03,3.96,25627,2400.00,2409.00,2404.50,-22.67,75.43,-21.67,879.03
2020-01-27T16:19:03, Add row to /TRACKING.csv
2023-03-18T07:45:03, Number of rows in /TRACKING.csv: 3
2020-01-27T16:19:03, Done loop ...
2020-01-27T16:19:03, ... powering down.
2020-01-27T16:19:03, RTC Initialization Failed
2020-01-27T16:20:03, Setup Complete
2020-01-27T16:21:03, Data: 2009-05-14T16:02:03,3.98,25627,2407.00,2413.00,2410.00,-22.33,71.83,-20.33,879.03
2020-01-27T16:19:03, Add row to /TRACKING.csv
2023-03-18T07:45:03, Number of rows in /TRACKING.csv: 4
2020-01-27T16:21:03, Number of rows in /TRACKING.csv is >= 4
2020-01-27T16:19:03, Remove tracking
2020-01-27T16:21:03, Write to /TRANSMIT.csv: 2009-05-14T16:02:03,3.98,2407.00,-22.3,72
2023-03-18T07:45:03, Number of rows in /TRANSMIT.csv: 2
2020-01-27T16:22:03, Current hour = 16, Transmission hour = 1
2020-01-27T16:22:03, Current hour = 16, Transmission hour = 6
2020-01-27T16:22:03, Current hour = 16, Transmission hour = 8
2020-01-27T16:22:03, Current hour = 16, Transmission hour = 10
2020-01-27T16:22:03, Current hour = 16, Transmission hour = 15
2020-01-27T16:22:03, Current hour = 16, Transmission hour = 20
2020-01-27T16:22:03, Current hour = 16, Transmission hour = 22
2020-01-27T16:19:03, Done loop ...
2020-01-27T16:19:03, ... powering down.
2020-01-27T16:19:03, RTC Initialization Failed
2020-01-27T16:20:03, Setup Complete
2020-01-27T16:21:03, Data: 2009-05-14T16:02:03,3.98,25627,2393.00,2412.00,2402.50,-21.58,68.91,-17.39,879.52
2020-01-27T16:19:03, Add row to /TRACKING.csv
2023-03-18T07:45:03, Number of rows in /TRACKING.csv: 1
2020-01-27T16:19:03, Done loop ...
2020-01-27T16:19:03, ... powering down.
2020-01-27T16:19:03, RTC Initialization Failed
2020-01-27T16:20:03, Setup Complete
2020-01-27T16:21:03, Data: 2009-05-14T16:02:03,3.99,25627,2397.00,2412.00,2405.00,-21.55,68.40,-14.96,879.58
2020-01-27T16:19:03, Add row to /TRACKING.csv
2023-03-18T07:45:03, Number of rows in /TRACKING.csv: 2
2020-01-27T16:19:03, Done loop ...
2020-01-27T16:19:03, ... powering down.
2020-01-27T16:19:03, RTC Initialization Failed
2020-01-27T16:20:03, Setup Complete
2020-01-27T16:21:03, Data: 2009-05-14T16:02:03,3.98,25627,2396.00,2402.00,2399.50,-21.20,65.31,-14.22,879.65
2020-01-27T16:19:03, Add row to /TRACKING.csv
2023-03-08T07:45:03, Number of rows in /TRACKING.csv: 3
2020-01-27T16:19:03, Done loop ...
2020-01-27T16:19:03, ... powering down.
2020-01-27T16:19:03, RTC Initialization Failed
2020-01-27T16:20:03, Setup Complete
2020-01-27T16:21:03, Data: 2009-05-14T16:02:03,3.99,25627,4996.00,4998.00,4997.00,-21.12,66.07,-14.18,879.96
2020-01-27T16:19:03, Add row to /TRACKING.csv
2023-03-08T07:45:03, Number of rows in /TRACKING.csv: 4
2020-01-27T16:21:03, Number of rows in /TRACKING.csv is >= 4
2020-01-27T16:19:03, Remove tracking
2020-01-27T16:21:03, Write to /TRANSMIT.csv: 2009-05-14T16:02:03,3.99,4996.00,-21.1,66
2023-03-08T07:45:03, Number of rows in /TRANSMIT.csv: 3
2003-01-30T16:00:03, Current hour = 16, Transmission hour = 1
2003-01-30T16:00:03, Current hour = 16, Transmission hour = 6
2003-01-30T16:00:03, Current hour = 16, Transmission hour = 8
2003-01-30T16:00:03, Current hour = 16, Transmission hour = 10
2003-01-30T16:00:03, Current hour = 16, Transmission hour = 15
2003-01-30T16:00:03, Current hour = 16, Transmission hour = 20
2003-01-30T16:00:03, Current hour = 16, Transmission hour = 22
2020-01-27T16:19:03, Done loop ...
2020-01-27T16:19:03, ... powering down.
2020-01-27T16:19:03, RTC Initialization Failed
2020-01-27T16:20:03, Setup Complete
2020-01-27T16:21:03, Data: 2009-05-14T16:02:03,3.99,25627,2441.00,4997.00,4995.50,-20.40,62.68,-13.68,880.29
2020-01-27T16:19:03, Add row to /TRACKING.csv
2023-03-18T07:45:03, Number of rows in /TRACKING.csv: 1
2020-01-27T16:19:03, Done loop ...
2020-01-27T16:19:03, ... powering down.
2020-01-27T16:19:03, RTC Initialization Failed
2020-01-27T16:20:03, Setup Complete
2020-01-27T16:21:03, Data: 2009-05-14T16:02:03,3.99,25627,2405.00,2426.00,2422.00,-20.55,62.80,-13.08,880.16
2020-01-27T16:19:03, Add row to /TRACKING.csv
2023-03-18T07:45:03, Number of rows in /TRACKING.csv: 2
2020-01-27T16:19:03, Done loop ...
2020-01-27T16:19:03, ... powering down.
2020-01-27T16:19:03, RTC Initialization Failed
2020-01-27T16:20:03, Setup Complete
2020-01-27T16:21:03, Data: 2009-05-14T16:02:03,3.99,25627,2417.00,2424.00,2421.50,-19.78,62.22,-12.37,880.51
2020-01-27T16:19:03, Add row to /TRACKING.csv
2023-03-18T07:45:03, Number of rows in /TRACKING.csv: 3
2020-01-27T16:19:03, Done loop ...
2020-01-27T16:19:03, ... powering down.
2020-01-27T16:19:03, RTC Initialization Failed
2020-01-27T16:20:03, Setup Complete
2020-01-27T16:21:03, Data: 2009-05-14T16:02:03,3.99,25627,2421.00,2430.00,2423.50,-19.73,60.72,-10.34,880.64
2020-01-27T16:19:03, Add row to /TRACKING.csv
2023-03-18T07:45:03, Number of rows in /TRACKING.csv: 4
2020-01-27T16:21:03, Number of rows in /TRACKING.csv is >= 4
2020-01-27T16:19:03, Remove tracking
2020-01-27T16:21:03, Write to /TRANSMIT.csv: 2009-05-14T16:02:03,3.99,2421.00,-19.7,61
2023-03-18T07:45:03, Number of rows in /TRANSMIT.csv: 4
2003-01-30T16:00:03, Current hour = 16, Transmission hour = 1
2003-01-30T16:00:03, Current hour = 16, Transmission hour = 6
2003-01-30T16:00:03, Current hour = 16, Transmission hour = 8
2003-01-30T16:00:03, Current hour = 16, Transmission hour = 10
2003-01-30T16:00:03, Current hour = 16, Transmission hour = 15
2003-01-30T16:00:03, Current hour = 16, Transmission hour = 20
2003-01-30T16:00:03, Current hour = 16, Transmission hour = 22
2020-01-27T16:19:03, Done loop ...
2020-01-27T16:19:03, ... powering down.
2020-01-27T16:19:03, RTC Initialization Failed
2020-01-27T16:20:03, Setup Complete
2020-01-27T16:21:03, Data: 2009-05-14T16:02:03,3.99,25627,2420.00,2433.00,2429.50,-19.91,60.88,-9.17,880.74
2020-01-27T16:19:03, Add row to /TRACKING.csv
2023-03-08T06:25:03, Number of rows in /TRACKING.csv: 1
2020-01-27T16:19:03, Done loop ...
2020-01-27T16:19:03, ... powering down.
2020-01-27T16:19:03, RTC Initialization Failed
2020-01-27T16:20:03, Setup Complete
2020-01-27T16:21:03, Data: 2009-05-14T16:02:03,3.99,25627,2422.00,2435.00,2427.00,-19.67,60.28,-8.81,880.52
2020-01-27T16:19:03, Add row to /TRACKING.csv
2023-03-18T06:25:03, Number of rows in /TRACKING.csv: 2
2020-01-27T16:19:03, Done loop ...
2020-01-27T16:19:03, ... powering down.
2020-01-27T16:19:03, RTC Initialization Failed
2020-01-27T16:20:03, Setup Complete
2020-01-27T16:21:03, Data: 2009-05-14T16:02:03,3.99,25627,2426.00,2437.00,2433.00,-18.97,60.89,-8.65,880.45
2020-01-27T16:19:03, Add row to /TRACKING.csv
2023-03-08T07:45:03, Number of rows in /TRACKING.csv: 3
2020-01-27T16:19:03, Done loop ...
2020-01-27T16:19:03, ... powering down.
2020-01-27T16:19:03, RTC Initialization Failed
2020-01-27T16:20:03, Setup Complete
2020-01-27T16:21:03, Data: 2009-05-14T16:02:03,3.99,25627,2423.00,4995.00,2429.50,-19.05,60.16,-8.21,880.56
2020-01-27T16:19:03, Add row to /TRACKING.csv
2023-03-18T07:45:03, Number of rows in /TRACKING.csv: 4
2020-01-27T16:21:03, Number of rows in /TRACKING.csv is >= 4
2020-01-27T16:19:03, Remove tracking
2020-01-27T16:21:03, Write to /TRANSMIT.csv: 2009-05-14T16:02:03,3.99,2423.00,-19.0,60
2023-03-18T07:45:03, Number of rows in /TRANSMIT.csv: 5
2003-01-30T16:00:03, Current hour = 16, Transmission hour = 1
2001-03-26T16:00:03, 1416026240-23076:241-22372:500-21166:242-19761:242-19060
2020-01-27T16:25:03,  - attempt to send message: 1416026240-23076:241-22372:500-21166:242-19761:242-19060
2020-01-27T16:25:03,  - Modem begin successful
2020-01-27T16:23:03,  - Sending...
2020-01-27T16:25:03,  - Send response: 
2020-01-27T16:25:03,   - Sync clocks... 
2020-01-27T16:24:03,  - Arduino Old Time: 2000-00-20T00:84:03
2020-01-27T16:24:03,  - Arduino New Time: 2002-00-20T47:14:03
2020-01-27T16:21:03, Message sent! Removing /TRANSMIT.csv
2020-01-27T16:19:03, Done loop ...
2020-01-27T16:19:03, ... powering down.
2020-01-27T16:19:03, RTC Initialization Failed
2020-01-27T16:20:03, Setup Complete
2020-01-27T16:21:03, Data: 2009-05-14T16:02:03,3.99,25627,2424.00,4994.00,2438.50,-18.43,60.87,-7.32,880.57
2020-01-27T16:19:03, Add row to /TRACKING.csv
2023-03-18T07:45:03, Number of rows in /TRACKING.csv: 1
2020-01-27T16:19:03, Done loop ...
2020-01-27T16:19:03, ... powering down.
2020-01-27T16:19:03, RTC Initialization Failed
2020-01-27T16:20:03, Setup Complete
2020-01-27T16:21:03, Data: 2009-05-14T16:02:03,3.99,25627,2425.00,2436.00,2428.00,-18.67,58.38,-7.46,880.37
2020-01-27T16:19:03, Add row to /TRACKING.csv
2023-03-18T07:45:03, Number of rows in /TRACKING.csv: 2
2020-01-27T16:19:03, Done loop ...
2020-01-27T16:19:03, ... powering down.
2020-01-27T16:19:03, RTC Initialization Failed
2020-01-27T16:20:03, Setup Complete
2020-01-27T16:21:03, Data: 2009-05-14T16:02:03,3.99,25627,2428.00,2436.00,2431.50,-18.49,61.49,-7.46,880.86
2020-01-27T16:19:03, Add row to /TRACKING.csv
2023-03-18T07:45:03, Number of rows in /TRACKING.csv: 3
2020-01-27T16:19:03, Done loop ...
2020-01-27T16:19:03, ... powering down.
2020-01-27T16:19:03, RTC Initialization Failed
2020-01-27T16:20:03, Setup Complete
2020-01-27T16:21:03, Data: 2009-05-14T16:02:03,3.99,25627,2421.00,2429.00,2424.00,-19.23,57.88,-8.69,880.33
2020-01-27T16:19:03, Add row to /TRACKING.csv
2023-03-18T07:45:03, Number of rows in /TRACKING.csv: 4
2020-01-27T16:21:03, Number of rows in /TRACKING.csv is >= 4
2020-01-27T16:19:03, Remove tracking
2020-01-27T16:21:03, Write to /TRANSMIT.csv: 2009-05-14T16:02:03,3.99,2421.00,-19.2,58
2023-03-18T07:45:03, Number of rows in /TRANSMIT.csv: 1
2003-01-30T16:00:03, Current hour = 16, Transmission hour = 1
2003-01-30T16:00:03, Current hour = 16, Transmission hour = 6
2003-01-30T16:00:03, Current hour = 16, Transmission hour = 8
2003-01-30T16:00:03, Current hour = 16, Transmission hour = 10
2003-01-30T16:00:03, Current hour = 16, Transmission hour = 15
2003-01-30T16:00:03, Current hour = 16, Transmission hour = 20
2003-01-30T16:00:03, Current hour = 16, Transmission hour = 22
2020-01-27T16:19:03, Done loop ...
2020-01-27T16:19:03, ... powering down.
2020-01-27T16:19:03, RTC Initialization Failed
2020-01-27T16:20:03, Setup Complete
2020-01-27T16:21:03, Data: 2009-05-14T16:02:03,3.99,25627,2419.00,2425.00,2422.00,-18.11,60.12,-9.47,880.92
2020-01-27T16:19:03, Add row to /TRACKING.csv
2023-03-18T06:25:03, Number of rows in /TRACKING.csv: 1
2020-01-27T16:19:03, Done loop ...
2020-01-27T16:19:03, ... powering down.
2020-01-27T16:19:03, RTC Initialization Failed
2020-01-27T16:20:03, Setup Complete
2020-01-27T16:21:03, Data: 2009-05-14T16:02:03,3.99,25627,2419.00,2427.00,2423.00,-18.42,57.40,-9.03,880.69
2020-01-27T16:19:03, Add row to /TRACKING.csv
2023-03-18T07:45:03, Number of rows in /TRACKING.csv: 2
2020-01-27T16:19:03, Done loop ...
2020-01-27T16:19:03, ... powering down.
2020-01-27T16:19:03, RTC Initialization Failed
2020-01-27T16:20:03, Setup Complete
2020-01-27T16:21:03, Data: 2009-05-14T16:02:03,3.96,25627,2411.00,2425.00,2417.00,-19.77,59.29,-11.48,880.42
2020-01-27T16:19:03, Add row to /TRACKING.csv
2023-03-18T07:45:03, Number of rows in /TRACKING.csv: 3
2020-01-27T16:19:03, Done loop ...
2020-01-27T16:19:03, ... powering down.
2020-01-27T16:19:03, RTC Initialization Failed
2020-01-27T16:20:03, Setup Complete
2020-01-27T16:21:03, Data: 2009-05-14T16:02:03,3.99,25627,2421.00,4996.00,2431.00,-18.42,58.91,-11.10,880.94
2020-01-27T16:19:03, Add row to /TRACKING.csv
2023-03-18T07:45:03, Number of rows in /TRACKING.csv: 4
2020-01-27T16:21:03, Number of rows in /TRACKING.csv is >= 4
2020-01-27T16:19:03, Remove tracking
2020-01-27T16:21:03, Write to /TRANSMIT.csv: 2009-05-14T16:02:03,3.99,2421.00,-18.4,59
2023-03-18T07:45:03, Number of rows in /TRANSMIT.csv: 2
2011-11-25T17:25:03, Current hour = 16, Transmission hour = 1
2020-01-27T16:22:03, Current hour = 16, Transmission hour = 6
2020-01-27T16:22:03, Current hour = 16, Transmission hour = 8
2020-01-27T16:22:03, Current hour = 16, Transmission hour = 10
2020-01-27T16:22:03, Current hour = 16, Transmission hour = 15
2020-01-27T16:22:03, Current hour = 16, Transmission hour = 20
2020-01-27T16:22:03, Current hour = 16, Transmission hour = 22
2020-01-27T16:19:03, Done loop ...
2020-01-27T16:19:03, ... powering down.
2020-01-27T16:19:03, RTC Initialization Failed
2020-01-27T16:20:03, Setup Complete
2020-01-27T16:21:03, Data: 2009-05-14T16:02:03,3.94,25627,2433.00,4998.00,4995.00,-19.01,59.44,-11.24,880.74
2020-01-27T16:19:03, Add row to /TRACKING.csv
2023-03-18T07:45:03, Number of rows in /TRACKING.csv: 1
2020-01-27T16:19:03, Done loop ...
2020-01-27T16:19:03, ... powering down.
2020-01-27T16:19:03, RTC Initialization Failed
2020-01-27T16:20:03, Setup Complete
2020-01-27T16:21:03, Data: 2009-05-14T16:02:03,3.99,25627,2414.00,2432.00,2420.00,-18.04,58.79,-11.29,880.75
2020-01-27T16:19:03, Add row to /TRACKING.csv
2023-03-18T06:25:03, Number of rows in /TRACKING.csv: 2
2020-01-27T16:19:03, Done loop ...
2020-01-27T16:19:03, ... powering down.
2020-01-27T16:19:03, RTC Initialization Failed
2020-01-27T16:20:03, Setup Complete
2020-01-27T16:21:03, Data: 2009-05-14T16:02:03,3.98,25627,2417.00,2425.00,2419.00,-19.46,61.96,-11.96,880.72
2020-01-27T16:19:03, Add row to /TRACKING.csv
2023-03-18T07:45:03, Number of rows in /TRACKING.csv: 3
2020-01-27T16:19:03, Done loop ...
2020-01-27T16:19:03, ... powering down.
2020-01-27T16:19:03, RTC Initialization Failed
2020-01-27T16:20:03, Setup Complete
2020-01-27T16:21:03, Data: 2009-05-14T16:02:03,3.85,25627,2417.00,2430.00,2425.00,-18.74,59.10,-13.07,880.74
2020-01-27T16:19:03, Add row to /TRACKING.csv
2023-03-18T07:45:03, Number of rows in /TRACKING.csv: 4
2020-01-27T16:21:03, Number of rows in /TRACKING.csv is >= 4
2020-01-27T16:19:03, Remove tracking
2020-01-27T16:21:03, Write to /TRANSMIT.csv: 2009-05-14T16:02:03,3.85,2417.00,-18.7,59
2023-03-18T07:45:03, Number of rows in /TRANSMIT.csv: 3
2003-01-30T16:00:03, Current hour = 16, Transmission hour = 1
2003-01-30T16:00:03, Current hour = 16, Transmission hour = 6
2003-01-30T16:00:03, Current hour = 16, Transmission hour = 8
2003-01-30T16:00:03, Current hour = 16, Transmission hour = 10
2003-01-30T16:00:03, Current hour = 16, Transmission hour = 15
2003-01-30T16:00:03, Current hour = 16, Transmission hour = 20
2003-01-30T16:00:03, Current hour = 16, Transmission hour = 22
2020-01-27T16:19:03, Done loop ...
2020-01-27T16:19:03, ... powering down.
2020-01-27T16:19:03, RTC Initialization Failed
2020-01-27T16:20:03, Setup Complete
2020-01-27T16:21:03, Data: 2009-05-14T16:02:03,3.85,25627,2419.00,2455.00,2436.50,-19.55,62.13,-14.25,880.55
2020-01-27T16:19:03, Add row to /TRACKING.csv
2023-03-18T07:45:03, Number of rows in /TRACKING.csv: 1
2020-01-27T16:19:03, Done loop ...
2020-01-27T16:19:03, ... powering down.
2020-01-27T16:19:03, RTC Initialization Failed
2020-01-27T16:20:03, Setup Complete
2020-01-27T16:21:03, Data: 2009-05-14T16:02:03,3.71,25627,2416.00,2425.00,2420.00,-19.88,63.62,-16.32,880.76
2020-01-27T16:19:03, Add row to /TRACKING.csv
2023-03-18T07:45:03, Number of rows in /TRACKING.csv: 2
2020-01-27T16:19:03, Done loop ...
2020-01-27T16:19:03, ... powering down.
2020-01-27T16:19:03, RTC Initialization Failed
2020-01-27T16:20:03, Setup Complete
2020-01-27T16:21:03, Data: 2009-05-14T16:02:03,3.71,25627,2411.00,2419.00,2414.50,-20.33,63.71,-18.95,881.19
2020-01-27T16:19:03, Add row to /TRACKING.csv
2023-03-18T07:45:03, Number of rows in /TRACKING.csv: 3
2020-01-27T16:19:03, Done loop ...
2020-01-27T16:19:03, ... powering down.
2020-01-27T16:19:03, RTC Initialization Failed
2020-01-27T16:20:03, Setup Complete
2020-01-27T16:21:03, Data: 2009-05-14T16:02:03,3.69,25627,2408.00,2416.00,2412.50,-20.59,65.32,-20.26,881.28
2020-01-27T16:19:03, Add row to /TRACKING.csv
2023-03-18T07:45:03, Number of rows in /TRACKING.csv: 4
2020-01-27T16:21:03, Number of rows in /TRACKING.csv is >= 4
2020-01-27T16:19:03, Remove tracking
2020-01-27T16:21:03, Write to /TRANSMIT.csv: 2009-05-14T16:02:03,3.69,2408.00,-20.6,65
2023-03-18T07:45:03, Number of rows in /TRANSMIT.csv: 4
2003-01-30T16:00:03, Current hour = 16, Transmission hour = 1
2003-01-30T16:00:03, Current hour = 16, Transmission hour = 6
2003-01-30T16:00:03, Current hour = 16, Transmission hour = 8
2003-01-30T16:00:03, Current hour = 16, Transmission hour = 10
2003-01-30T16:00:03, Current hour = 16, Transmission hour = 15
2003-01-30T16:00:03, Current hour = 16, Transmission hour = 20
2003-01-30T16:00:03, Current hour = 16, Transmission hour = 22
2020-01-27T16:19:03, Done loop ...
2020-01-27T16:19:03, ... powering down.
2020-01-27T16:19:03, RTC Initialization Failed
2020-01-27T16:20:03, Setup Complete
2020-01-27T16:21:03, Data: 2009-05-14T16:02:03,3.67,25627,2402.00,2418.00,2410.00,-20.70,65.36,-20.93,881.36
2020-01-27T16:19:03, Add row to /TRACKING.csv
2023-03-18T07:45:03, Number of rows in /TRACKING.csv: 1
2020-01-27T16:19:03, Done loop ...
2020-01-27T16:19:03, ... powering down.
2020-01-27T16:19:03, RTC Initialization Failed
2020-01-27T16:20:03, Setup Complete
2020-01-27T16:21:03, Data: 2009-05-14T16:02:03,3.67,25627,2410.00,2421.00,2415.00,-20.64,64.90,-21.24,881.51
2020-01-27T16:19:03, Add row to /TRACKING.csv
2023-03-18T07:45:03, Number of rows in /TRACKING.csv: 2
2020-01-27T16:19:03, Done loop ...
2020-01-27T16:19:03, ... powering down.
2020-01-27T16:19:03, RTC Initialization Failed
2020-01-27T16:20:03, Setup Complete
2020-01-27T16:21:03, Data: 2009-05-14T16:02:03,3.66,25627,2409.00,2419.00,2415.00,-20.60,65.20,-21.48,881.44
2020-01-27T16:19:03, Add row to /TRACKING.csv
2023-03-18T07:45:03, Number of rows in /TRACKING.csv: 3
2020-01-27T16:19:03, Done loop ...
2020-01-27T16:19:03, ... powering down.
2020-01-27T16:19:03, RTC Initialization Failed
2020-01-27T16:20:03, Setup Complete
2020-01-27T16:21:03, Data: 2009-05-14T16:02:03,3.66,25627,2417.00,5002.00,2421.50,-20.57,64.93,-21.59,881.50
2020-01-27T16:19:03, Add row to /TRACKING.csv
2023-03-18T07:45:03, Number of rows in /TRACKING.csv: 4
2020-01-27T16:21:03, Number of rows in /TRACKING.csv is >= 4
2020-01-27T16:19:03, Remove tracking
2020-01-27T16:21:03, Write to /TRANSMIT.csv: 2009-05-14T16:02:03,3.66,2417.00,-20.6,65
2023-03-18T07:45:03, Number of rows in /TRANSMIT.csv: 5
2003-01-30T16:00:03, Current hour = 16, Transmission hour = 1
2001-03-26T16:00:03, 1416023242-19258:242-18459:242-18759:241-20665:242-20665
2020-01-27T16:25:03,  - attempt to send message: 1416023242-19258:242-18459:242-18759:241-20665:242-20665
2020-01-27T16:21:03,  - Modem begin successful
2020-01-27T16:21:03,  - Sending...
2020-01-27T16:21:03,  - Send response: 
2020-01-27T16:22:03,   - Sync clocks... 
2020-01-27T16:25:03,  - Arduino Old Time: 2000-00-20T00:84:03
2020-01-27T16:24:03,  - Arduino New Time: 2002-00-02T21:51:03
2020-01-27T16:21:03, Message sent! Removing /TRANSMIT.csv
2020-01-27T16:19:03, Done loop ...
2020-01-27T16:19:03, ... powering down.
2020-01-27T16:19:03, RTC Initialization Failed
2020-01-27T16:20:03, Setup Complete
2020-01-27T16:21:03, Data: 2009-05-14T16:02:03,3.65,25627,2409.00,5002.00,2464.00,-20.67,65.12,-21.69,881.95
2020-01-27T16:19:03, Add row to /TRACKING.csv
2023-03-18T07:45:03, Number of rows in /TRACKING.csv: 1
2020-01-27T16:19:03, Done loop ...
2020-01-27T16:19:03, ... powering down.
2020-01-27T16:19:03, RTC Initialization Failed
2020-01-27T16:20:03, Setup Complete
2020-01-27T16:21:03, Data: 2009-05-14T16:02:03,3.65,25627,2421.00,5001.00,2461.50,-20.78,66.29,-21.81,882.07
2020-01-27T16:19:03, Add row to /TRACKING.csv
2023-03-18T07:45:03, Number of rows in /TRACKING.csv: 2
2020-01-27T16:19:03, Done loop ...
2020-01-27T16:19:03, ... powering down.
2020-01-27T16:19:03, RTC Initialization Failed
2020-01-27T16:20:03, Setup Complete
2020-01-27T16:21:03, Data: 2009-05-14T16:02:03,3.65,25627,2411.00,2507.00,2457.00,-20.74,66.89,-21.84,882.13
2020-01-27T16:19:03, Add row to /TRACKING.csv
2023-03-18T07:45:03, Number of rows in /TRACKING.csv: 3
2020-01-27T16:19:03, Done loop ...
2020-01-27T16:19:03, ... powering down.
2020-01-27T16:19:03, RTC Initialization Failed
2020-01-27T16:20:03, Setup Complete
2020-01-27T16:21:03, Data: 2009-05-14T16:02:03,3.65,25627,2417.00,2450.00,2439.50,-21.15,69.02,-22.01,882.33
2020-01-27T16:19:03, Add row to /TRACKING.csv
2023-03-18T07:45:03, Number of rows in /TRACKING.csv: 4
2020-01-27T16:21:03, Number of rows in /TRACKING.csv is >= 4
2020-01-27T16:19:03, Remove tracking
2020-01-27T16:21:03, Write to /TRANSMIT.csv: 2009-05-14T16:02:03,3.65,2417.00,-21.1,69
2023-03-18T07:45:03, Number of rows in /TRANSMIT.csv: 1
2020-01-27T16:23:03, Current hour = 16, Transmission hour = 1
2020-01-27T16:23:03, Current hour = 16, Transmission hour = 6
2020-01-27T16:23:03, Current hour = 16, Transmission hour = 8
2020-01-27T16:23:03, Current hour = 16, Transmission hour = 10
2020-01-27T16:23:03, Current hour = 16, Transmission hour = 15
2020-01-27T16:23:03, Current hour = 16, Transmission hour = 20
2020-01-27T16:23:03, Current hour = 16, Transmission hour = 22
2020-01-27T16:19:03, Done loop ...
2020-01-27T16:19:03, ... powering down.
2020-01-27T16:19:03, RTC Initialization Failed
2020-01-27T16:20:03, Setup Complete
2020-01-27T16:21:03, Data: 2009-05-14T16:02:03,3.64,25627,2418.00,2483.00,2449.00,-20.87,67.47,-22.11,882.43
2020-01-27T16:19:03, Add row to /TRACKING.csv
2023-03-18T07:45:03, Number of rows in /TRACKING.csv: 1
2020-01-27T16:19:03, Done loop ...
2020-01-27T16:19:03, ... powering down.
2020-01-27T16:19:03, RTC Initialization Failed
2020-01-27T16:20:03, Setup Complete
2020-01-27T16:21:03, Data: 2009-05-14T16:02:03,3.64,25627,2433.00,5001.00,2454.00,-20.83,67.10,-21.93,882.50
2020-01-27T16:19:03, Add row to /TRACKING.csv
2023-03-18T07:45:03, Number of rows in /TRACKING.csv: 2
2020-01-27T16:19:03, Done loop ...
2020-01-27T16:19:03, ... powering down.
2020-01-27T16:19:03, RTC Initialization Failed
2020-01-27T16:20:03, Setup Complete
2020-01-27T16:21:03, Data: 2009-05-14T16:02:03,3.65,25627,2417.00,2439.00,2426.00,-20.95,69.62,-21.77,882.81
2020-01-27T16:19:03, Add row to /TRACKING.csv
2023-03-18T07:45:03, Number of rows in /TRACKING.csv: 3
2020-01-27T16:19:03, Done loop ...
2020-01-27T16:19:03, ... powering down.
2020-01-27T16:19:03, RTC Initialization Failed
2020-01-27T16:20:03, Setup Complete
2020-01-27T16:21:03, Data: 2009-05-14T16:02:03,3.64,25627,2408.00,2414.00,2413.00,-20.75,66.40,-21.80,882.84
2020-01-27T16:19:03, Add row to /TRACKING.csv
2023-03-18T07:45:03, Number of rows in /TRACKING.csv: 4
2020-01-27T16:21:03, Number of rows in /TRACKING.csv is >= 4
2020-01-27T16:19:03, Remove tracking
2020-01-27T16:21:03, Write to /TRANSMIT.csv: 2009-05-14T16:02:03,3.64,2408.00,-20.8,66
2023-03-18T07:45:03, Number of rows in /TRANSMIT.csv: 2
2020-01-27T16:23:03, Current hour = 16, Transmission hour = 1
2020-01-27T16:23:03, Current hour = 16, Transmission hour = 6
2020-01-27T16:24:03, Current hour = 16, Transmission hour = 8
2020-01-27T16:24:03, Current hour = 16, Transmission hour = 10
2020-01-27T16:24:03, Current hour = 16, Transmission hour = 15
2020-01-27T16:24:03, Current hour = 16, Transmission hour = 20
2020-01-27T16:24:03, Current hour = 16, Transmission hour = 22
2020-01-27T16:19:03, Done loop ...
2020-01-27T16:19:03, ... powering down.
2020-01-27T16:19:03, RTC Initialization Failed
2020-01-27T16:20:03, Setup Complete
2020-01-27T16:21:03, Data: 2009-05-14T16:02:03,3.64,25627,2409.00,2417.00,2415.00,-21.32,69.44,-22.16,882.87
2020-01-27T16:19:03, Add row to /TRACKING.csv
2023-03-18T07:45:03, Number of rows in /TRACKING.csv: 1
2020-01-27T16:19:03, Done loop ...
2020-01-27T16:19:03, ... powering down.
2020-01-27T16:19:03, RTC Initialization Failed
2020-01-27T16:20:03, Setup Complete
2020-01-27T16:21:03, Data: 2009-05-14T16:02:03,3.64,25627,2413.00,2421.00,2419.00,-20.66,66.02,-22.24,882.88
2020-01-27T16:19:03, Add row to /TRACKING.csv
2023-03-18T07:45:03, Number of rows in /TRACKING.csv: 2
2020-01-27T16:19:03, Done loop ...
2020-01-27T16:19:03, ... powering down.
2020-01-27T16:19:03, RTC Initialization Failed
2020-01-27T16:20:03, Setup Complete
2020-01-27T16:21:03, Data: 2009-05-14T16:02:03,3.65,25627,2412.00,2425.00,2418.00,-21.06,68.10,-22.15,882.93
2020-01-27T16:19:03, Add row to /TRACKING.csv
2023-03-18T07:45:03, Number of rows in /TRACKING.csv: 3
2020-01-27T16:19:03, Done loop ...
2020-01-27T16:19:03, ... powering down.
2020-01-27T16:19:03, RTC Initialization Failed
2020-01-27T16:20:03, Setup Complete
2020-01-27T16:21:03, Data: 2009-05-14T16:02:03,3.64,25627,2412.00,2418.00,2416.50,-21.11,68.39,-22.37,883.00
2020-01-27T16:19:03, Add row to /TRACKING.csv
2023-03-18T07:45:03, Number of rows in /TRACKING.csv: 4
2020-01-27T16:21:03, Number of rows in /TRACKING.csv is >= 4
2020-01-27T16:19:03, Remove tracking
2020-01-27T16:21:03, Write to /TRANSMIT.csv: 2009-05-14T16:02:03,3.64,2412.00,-21.1,68
2023-03-18T07:45:03, Number of rows in /TRANSMIT.csv: 3
2003-01-30T16:00:03, Current hour = 16, Transmission hour = 1
2003-01-30T16:00:03, Current hour = 16, Transmission hour = 6
2003-01-30T16:00:03, Current hour = 16, Transmission hour = 8
2003-01-30T16:00:03, Current hour = 16, Transmission hour = 10
2003-01-30T16:00:03, Current hour = 16, Transmission hour = 15
2003-01-30T16:00:03, Current hour = 16, Transmission hour = 20
2003-01-30T16:00:03, Current hour = 16, Transmission hour = 22
2020-01-27T16:19:03, Done loop ...
2020-01-27T16:19:03, ... powering down.
2020-01-27T16:19:03, RTC Initialization Failed
2020-01-27T16:20:03, Setup Complete
2020-01-27T16:21:03, Data: 2009-05-14T16:02:03,3.64,25627,2416.00,2427.00,2422.50,-20.75,67.48,-22.16,882.94
2020-01-27T16:19:03, Add row to /TRACKING.csv
2023-03-18T07:45:03, Number of rows in /TRACKING.csv: 1
2020-01-27T16:19:03, Done loop ...
2020-01-27T16:19:03, ... powering down.
2020-01-27T16:19:03, RTC Initialization Failed
2020-01-27T16:20:03, Setup Complete
2020-01-27T16:21:03, Data: 2009-05-14T16:02:03,3.64,25627,2416.00,2567.00,2470.50,-20.53,64.85,-21.88,882.95
2020-01-27T16:19:03, Add row to /TRACKING.csv
2023-03-18T07:45:03, Number of rows in /TRACKING.csv: 2
2020-01-27T16:19:03, Done loop ...
2020-01-27T16:19:03, ... powering down.
2020-01-27T16:19:03, RTC Initialization Failed
2020-01-27T16:20:03, Setup Complete
2020-01-27T16:21:03, Data: 2009-05-14T16:02:03,3.65,25627,2422.00,5001.00,2436.00,-20.68,66.07,-22.01,883.05
2020-01-27T16:19:03, Add row to /TRACKING.csv
2023-03-18T07:45:03, Number of rows in /TRACKING.csv: 3
2020-01-27T16:19:03, Done loop ...
2020-01-27T16:19:03, ... powering down.
2020-01-27T16:19:03, RTC Initialization Failed
2020-01-27T16:20:03, Setup Complete
2020-01-27T16:21:03, Data: 2009-05-14T16:02:03,3.65,25627,2411.00,2570.00,2429.50,-20.47,65.59,-21.86,883.20
2020-01-27T16:19:03, Add row to /TRACKING.csv
2023-03-18T07:45:03, Number of rows in /TRACKING.csv: 4
2020-01-27T16:21:03, Number of rows in /TRACKING.csv is >= 4
2020-01-27T16:19:03, Remove tracking
2020-01-27T16:21:03, Write to /TRANSMIT.csv: 2009-05-14T16:02:03,3.65,2411.00,-20.5,66
2023-03-18T07:45:03, Number of rows in /TRANSMIT.csv: 4
2003-01-30T16:00:03, Current hour = 16, Transmission hour = 1
2003-01-30T16:00:03, Current hour = 16, Transmission hour = 6
2003-01-30T16:00:03, Current hour = 16, Transmission hour = 8
2003-01-30T16:00:03, Current hour = 16, Transmission hour = 10
2003-01-30T16:00:03, Current hour = 16, Transmission hour = 15
2003-01-30T16:00:03, Current hour = 16, Transmission hour = 20
2003-01-30T16:00:03, Current hour = 16, Transmission hour = 22
2020-01-27T16:19:03, Done loop ...
2020-01-27T16:19:03, ... powering down.
2020-01-27T16:19:03, RTC Initialization Failed
2020-01-27T16:20:03, Setup Complete
2020-01-27T16:21:03, Data: 2009-05-14T16:02:03,3.64,25627,2408.00,5001.00,2457.00,-20.35,64.56,-21.53,882.83
2020-01-27T16:19:03, Add row to /TRACKING.csv
2023-03-18T07:45:03, Number of rows in /TRACKING.csv: 1
2020-01-27T16:19:03, Done loop ...
2020-01-27T16:19:03, ... powering down.
2020-01-27T16:19:03, RTC Initialization Failed
2020-01-27T16:20:03, Setup Complete
2020-01-27T16:21:03, Data: 2009-05-14T16:02:03,3.65,25627,2428.00,5002.00,2461.50,-20.33,63.18,-21.51,883.20
2020-01-27T16:19:03, Add row to /TRACKING.csv
2023-03-18T07:45:03, Number of rows in /TRACKING.csv: 2
2020-01-27T16:19:03, Done loop ...
2020-01-27T16:19:03, ... powering down.
2020-01-27T16:19:03, RTC Initialization Failed
2020-01-27T16:20:03, Setup Complete
2020-01-27T16:21:03, Data: 2009-05-14T16:02:03,3.65,25627,2422.00,5000.00,2445.00,-20.30,64.04,-21.51,883.04
2020-01-27T16:19:03, Add row to /TRACKING.csv
2023-03-18T07:45:03, Number of rows in /TRACKING.csv: 3
2020-01-27T16:19:03, Done loop ...
2020-01-27T16:19:03, ... powering down.
2020-01-27T16:19:03, RTC Initialization Failed
2020-01-27T16:20:03, Setup Complete
2020-01-27T16:21:03, Data: 2009-05-14T16:02:03,3.65,25627,2453.00,5000.00,2463.50,-20.29,62.87,-21.48,883.17
2020-01-27T16:19:03, Add row to /TRACKING.csv
2023-03-18T07:45:03, Number of rows in /TRACKING.csv: 4
2020-01-27T16:21:03, Number of rows in /TRACKING.csv is >= 4
2020-01-27T16:19:03, Remove tracking
2020-01-27T16:21:03, Write to /TRANSMIT.csv: 2009-05-14T16:02:03,3.65,2453.00,-20.3,63
2023-03-18T07:45:03, Number of rows in /TRANSMIT.csv: 5
2003-01-30T16:00:03, Current hour = 16, Transmission hour = 1
2001-03-26T16:00:03, 1416023242-21169:241-20866:241-21168:241-20566:245-20363
2020-01-27T16:25:03,  - attempt to send message: 1416023242-21169:241-20866:241-21168:241-20566:245-20363
2020-01-27T16:21:03,  - Modem begin successful
2020-01-27T16:21:03,  - Sending...
2020-01-27T16:21:03,  - Send response: 
2020-01-27T16:22:03,   - Sync clocks... 
2020-01-27T16:25:03,  - Arduino Old Time: 2000-00-20T00:84:03
2020-01-27T16:24:03,  - Arduino New Time: 2002-00-07T57:58:03
2020-01-27T16:21:03, Message sent! Removing /TRANSMIT.csv
2020-01-27T16:19:03, Done loop ...
2020-01-27T16:19:03, ... powering down.
2020-01-27T16:19:03, RTC Initialization Failed
2020-01-27T16:20:03, Setup Complete
2020-01-27T16:21:03, Data: 2009-05-14T16:02:03,3.65,25627,2427.00,5001.00,2452.50,-20.71,65.65,-21.61,883.45
2020-01-27T16:19:03, Add row to /TRACKING.csv
2023-03-18T07:45:03, Number of rows in /TRACKING.csv: 1
2020-01-27T16:19:03, Done loop ...
2020-01-27T16:19:03, ... powering down.
2020-01-27T16:19:03, RTC Initialization Failed
2020-01-27T16:20:03, Setup Complete
2020-01-27T16:21:03, Data: 2009-05-14T16:02:03,3.65,25627,2430.00,2458.00,2438.50,-20.40,63.85,-21.81,883.62
2020-01-27T16:19:03, Add row to /TRACKING.csv
2023-03-18T07:45:03, Number of rows in /TRACKING.csv: 2
2020-01-27T16:19:03, Done loop ...
2020-01-27T16:19:03, ... powering down.
2020-01-27T16:19:03, RTC Initialization Failed
2020-01-27T16:20:03, Setup Complete
2043-04-29T09:31:47, Data: 2009-05-14T16:02:03,3.65,25627,2429.00,2467.00,2437.50,-20.59,65.58,-21.82,883.64
2020-01-27T16:19:03, Add row to /TRACKING.csv
2023-03-18T07:45:03, Number of rows in /TRACKING.csv: 3
2020-01-27T16:19:03, Done loop ...
2020-01-27T16:19:03, ... powering down.
2020-01-27T16:19:03, RTC Initialization Failed
2020-01-27T16:20:03, Setup Complete
2020-01-27T16:21:03, Data: 2009-05-14T16:02:03,3.65,25627,2441.00,2451.00,2445.00,-20.64,64.44,-21.93,883.53
2020-01-27T16:19:03, Add row to /TRACKING.csv
2023-03-18T07:45:03, Number of rows in /TRACKING.csv: 4
2020-01-27T16:21:03, Number of rows in /TRACKING.csv is >= 4
2020-01-27T16:19:03, Remove tracking
2020-01-27T16:21:03, Write to /TRANSMIT.csv: 2009-05-14T16:02:03,3.65,2441.00,-20.6,64
2023-03-18T07:45:03, Number of rows in /TRANSMIT.csv: 1
2020-01-27T16:23:03, Current hour = 16, Transmission hour = 1
2020-01-27T16:23:03, Current hour = 16, Transmission hour = 6
2020-01-27T16:23:03, Current hour = 16, Transmission hour = 8
2020-01-27T16:23:03, Current hour = 16, Transmission hour = 10
2020-01-27T16:23:03, Current hour = 16, Transmission hour = 15
2020-01-27T16:23:03, Current hour = 16, Transmission hour = 20
2020-01-27T16:23:03, Current hour = 16, Transmission hour = 22
2020-01-27T16:19:03, Done loop ...
2020-01-27T16:19:03, ... powering down.
2020-01-27T16:19:03, RTC Initialization Failed
2020-01-27T16:20:03, Setup Complete
2020-01-27T16:21:03, Data: 2009-05-14T16:02:03,3.65,25627,2430.00,4999.00,2439.50,-20.55,63.12,-22.07,883.48
2020-01-27T16:19:03, Add row to /TRACKING.csv
2023-03-18T07:45:03, Number of rows in /TRACKING.csv: 1
2020-01-27T16:19:03, Done loop ...
2020-01-27T16:19:03, ... powering down.
2020-01-27T16:19:03, RTC Initialization Failed
2020-01-27T16:20:03, Setup Complete
2020-01-27T16:21:03, Data: 2009-05-14T16:02:03,3.64,25627,2416.00,2446.00,2438.50,-20.75,63.47,-22.21,883.58
2020-01-27T16:19:03, Add row to /TRACKING.csv
2023-03-18T07:45:03, Number of rows in /TRACKING.csv: 2
2020-01-27T16:19:03, Done loop ...
2020-01-27T16:19:03, ... powering down.
2020-01-27T16:19:03, RTC Initialization Failed
2020-01-27T16:20:03, Setup Complete
2020-01-27T16:21:03, Data: 2009-05-14T16:02:03,3.64,25627,2416.00,5001.00,2429.00,-20.96,64.83,-22.29,883.73
2020-01-27T16:19:03, Add row to /TRACKING.csv
2023-03-18T07:45:03, Number of rows in /TRACKING.csv: 3
2020-01-27T16:19:03, Done loop ...
2020-01-27T16:19:03, ... powering down.
2020-01-27T16:19:03, RTC Initialization Failed
2020-01-27T16:20:03, Setup Complete
2020-01-27T16:21:03, Data: 2009-05-14T16:02:03,3.64,25627,2434.00,2452.00,2438.00,-20.94,64.41,-22.18,883.57
2020-01-27T16:19:03, Add row to /TRACKING.csv
2023-03-18T07:45:03, Number of rows in /TRACKING.csv: 4
2020-01-27T16:21:03, Number of rows in /TRACKING.csv is >= 4
2020-01-27T16:19:03, Remove tracking
2020-01-27T16:21:03, Write to /TRANSMIT.csv: 2009-05-14T16:02:03,3.64,2434.00,-20.9,64
2023-03-18T07:45:03, Number of rows in /TRANSMIT.csv: 2
2020-01-27T16:22:03, Current hour = 16, Transmission hour = 1
2020-01-27T16:22:03, Current hour = 16, Transmission hour = 6
2020-01-27T16:22:03, Current hour = 16, Transmission hour = 8
2020-01-27T16:22:03, Current hour = 16, Transmission hour = 10
2020-01-27T16:22:03, Current hour = 16, Transmission hour = 15
2020-01-27T16:22:03, Current hour = 16, Transmission hour = 20
2020-01-27T16:22:03, Current hour = 16, Transmission hour = 22
2020-01-27T16:19:03, Done loop ...
2020-01-27T16:19:03, ... powering down.
2020-01-27T16:19:03, RTC Initialization Failed
2020-01-27T16:20:03, Setup Complete
2020-01-27T16:21:03, Data: 2009-05-14T16:02:03,3.64,25627,2414.00,2435.00,2428.50,-20.81,64.20,-22.21,883.61
2020-01-27T16:19:03, Add row to /TRACKING.csv
2023-03-18T07:45:03, Number of rows in /TRACKING.csv: 1
2020-01-27T16:19:03, Done loop ...
2020-01-27T16:19:03, ... powering down.
2020-01-27T16:19:03, RTC Initialization Failed
2020-01-27T16:20:03, Setup Complete
2020-01-27T16:21:03, Data: 2009-05-14T16:02:03,3.64,25627,2418.00,2434.00,2426.00,-20.75,64.72,-22.05,883.65
2020-01-27T16:19:03, Add row to /TRACKING.csv
2023-03-18T07:45:03, Number of rows in /TRACKING.csv: 2
2020-01-27T16:19:03, Done loop ...
2020-01-27T16:19:03, ... powering down.
2020-01-27T16:19:03, RTC Initialization Failed
2020-01-27T16:20:03, Setup Complete
2020-01-27T16:21:03, Data: 2009-05-14T16:02:03,3.64,25627,2423.00,2439.00,2431.00,-20.75,65.26,-21.96,883.26
2020-01-27T16:19:03, Add row to /TRACKING.csv
2023-03-18T07:45:03, Number of rows in /TRACKING.csv: 3
2020-01-27T16:19:03, Done loop ...
2020-01-27T16:19:03, ... powering down.
2020-01-27T16:19:03, RTC Initialization Failed
2020-01-27T16:20:03, Setup Complete
2020-01-27T16:21:03, Data: 2009-05-14T16:02:03,3.64,25627,2417.00,2432.00,2428.00,-20.80,64.84,-22.06,883.33
2020-01-27T16:19:03, Add row to /TRACKING.csv
2023-03-18T07:45:03, Number of rows in /TRACKING.csv: 4
2020-01-27T16:21:03, Number of rows in /TRACKING.csv is >= 4
2020-01-27T16:19:03, Remove tracking
2020-01-27T16:21:03, Write to /TRANSMIT.csv: 2009-05-14T16:02:03,3.64,2417.00,-20.8,65
2023-03-18T07:45:03, Number of rows in /TRANSMIT.csv: 3
2003-01-30T16:00:03, Current hour = 16, Transmission hour = 1
2003-01-30T16:00:03, Current hour = 16, Transmission hour = 6
2003-01-30T16:00:03, Current hour = 16, Transmission hour = 8
2003-01-30T16:00:03, Current hour = 16, Transmission hour = 10
2003-01-30T16:00:03, Current hour = 16, Transmission hour = 15
2003-01-30T16:00:03, Current hour = 16, Transmission hour = 20
2003-01-30T16:00:03, Current hour = 16, Transmission hour = 22
2020-01-27T16:19:03, Done loop ...
2020-01-27T16:19:03, ... powering down.
2020-01-27T16:19:03, RTC Initialization Failed
2020-01-27T16:20:03, Setup Complete
2020-01-27T16:21:03, Data: 2009-05-14T16:02:03,3.64,25627,2422.00,2436.00,2432.50,-20.57,62.57,-21.97,883.40
2020-01-27T16:19:03, Add row to /TRACKING.csv
2023-03-18T07:45:03, Number of rows in /TRACKING.csv: 1
2020-01-27T16:19:03, Done loop ...
2020-01-27T16:19:03, ... powering down.
2020-01-27T16:19:03, RTC Initialization Failed
2020-01-27T16:20:03, Setup Complete
2020-01-27T16:21:03, Data: 2009-05-14T16:02:03,3.64,25627,2424.00,2433.00,2427.00,-20.94,64.43,-22.08,883.21
2020-01-27T16:19:03, Add row to /TRACKING.csv
2023-03-18T07:45:03, Number of rows in /TRACKING.csv: 2
2020-01-27T16:19:03, Done loop ...
2020-01-27T16:19:03, ... powering down.
2020-01-27T16:19:03, RTC Initialization Failed
2020-01-27T16:20:03, Setup Complete
2020-01-27T16:21:03, Data: 2009-05-14T16:02:03,3.64,25627,2428.00,2444.00,2434.00,-20.96,64.61,-22.05,883.41
2020-01-27T16:19:03, Add row to /TRACKING.csv
2023-03-18T07:45:03, Number of rows in /TRACKING.csv: 3
2020-01-27T16:19:03, Done loop ...
2020-01-27T16:19:03, ... powering down.
2020-01-27T16:19:03, RTC Initialization Failed
2020-01-27T16:20:03, Setup Complete
2020-01-27T16:21:03, Data: 2009-05-14T16:02:03,3.64,25627,2430.00,2439.00,2432.50,-20.60,62.48,-21.96,883.18
2020-01-27T16:19:03, Add row to /TRACKING.csv
2023-03-18T07:45:03, Number of rows in /TRACKING.csv: 4
2020-01-27T16:21:03, Number of rows in /TRACKING.csv is >= 4
2020-01-27T16:19:03, Remove tracking
2020-01-27T16:21:03, Write to /TRANSMIT.csv: 2009-05-14T16:02:03,3.64,2430.00,-20.6,62
2023-03-18T07:45:03, Number of rows in /TRANSMIT.csv: 4
2003-01-30T16:00:03, Current hour = 16, Transmission hour = 1
2003-01-30T16:00:03, Current hour = 16, Transmission hour = 6
2003-01-30T16:00:03, Current hour = 16, Transmission hour = 8
2003-01-30T16:00:03, Current hour = 16, Transmission hour = 10
2003-01-30T16:00:03, Current hour = 16, Transmission hour = 15
2003-01-30T16:00:03, Current hour = 16, Transmission hour = 20
2003-01-30T16:00:03, Current hour = 16, Transmission hour = 22
2020-01-27T16:19:03, Done loop ...
2020-01-27T16:19:03, ... powering down.
2020-01-27T16:19:03, RTC Initialization Failed
2020-01-27T16:20:03, Setup Complete
2020-01-27T16:21:03, Data: 2009-05-14T16:02:03,3.65,25627,2426.00,2438.00,2432.00,-20.68,63.47,-21.89,883.24
2020-01-27T16:19:03, Add row to /TRACKING.csv
2023-03-18T07:45:03, Number of rows in /TRACKING.csv: 1
2020-01-27T16:19:03, Done loop ...
2020-01-27T16:19:03, ... powering down.
2020-01-27T16:19:03, RTC Initialization Failed
2020-01-27T16:20:03, Setup Complete
2020-01-27T16:21:03, Data: 2009-05-14T16:02:03,3.64,25627,2427.00,2436.00,2433.00,-20.68,64.66,-21.91,883.18
2020-01-27T16:19:03, Add row to /TRACKING.csv
2023-03-18T07:45:03, Number of rows in /TRACKING.csv: 2
2020-01-27T16:19:03, Done loop ...
2020-01-27T16:19:03, ... powering down.
2020-01-27T16:19:03, RTC Initialization Failed
2020-01-27T16:20:03, Setup Complete
2020-01-27T16:21:03, Data: 2009-05-14T16:02:03,3.64,25627,2431.00,2437.00,2431.50,-20.63,64.49,-21.87,883.36
2020-01-27T16:19:03, Add row to /TRACKING.csv
2023-03-18T07:45:03, Number of rows in /TRACKING.csv: 3
2020-01-27T16:19:03, Done loop ...
2020-01-27T16:19:03, ... powering down.
2020-01-27T16:19:03, RTC Initialization Failed
2020-01-27T16:20:03, Setup Complete
2020-01-27T16:21:03, Data: 2009-05-14T16:02:03,3.65,25627,2428.00,2436.00,2432.50,-20.88,67.07,-21.75,883.24
2020-01-27T16:19:03, Add row to /TRACKING.csv
2023-03-18T07:45:03, Number of rows in /TRACKING.csv: 4
2020-01-27T16:21:03, Number of rows in /TRACKING.csv is >= 4
2020-01-27T16:19:03, Remove tracking
2020-01-27T16:21:03, Write to /TRANSMIT.csv: 2009-05-14T16:02:03,3.65,2428.00,-20.9,67
2023-03-18T07:45:03, Number of rows in /TRANSMIT.csv: 5
2003-01-30T16:00:03, Current hour = 16, Transmission hour = 1
2001-03-26T16:00:03, 1416023244-20664:243-20964:242-20865:243-20662:243-20967
2020-01-27T16:25:03,  - attempt to send message: 1416023244-20664:243-20964:242-20865:243-20662:243-20967
2020-01-27T16:21:03,  - Modem begin successful
2020-01-27T16:21:03,  - Sending...
2020-01-27T16:21:03,  - Send response: 
2020-01-27T16:22:03,   - Sync clocks... 
2020-01-27T16:25:03,  - Arduino Old Time: 2000-00-20T00:84:03
2020-01-27T16:24:03,  - Arduino New Time: 2002-00-13T34:30:03
2020-01-27T16:21:03, Message sent! Removing /TRANSMIT.csv
2020-01-27T16:19:03, Done loop ...
2020-01-27T16:19:03, ... powering down.
2020-01-27T16:19:03, RTC Initialization Failed
2020-01-27T16:20:03, Setup Complete
2020-01-27T16:21:03, Data: 2009-05-14T16:02:03,3.65,25627,2419.00,5001.00,2462.50,-20.64,64.43,-21.66,883.04
2020-01-27T16:19:03, Add row to /TRACKING.csv
2023-03-18T07:45:03, Number of rows in /TRACKING.csv: 1
2020-01-27T16:19:03, Done loop ...
2020-01-27T16:19:03, ... powering down.
2020-01-27T16:19:03, RTC Initialization Failed
2020-01-27T16:20:03, Setup Complete
2020-01-27T16:21:03, Data: 2009-05-14T16:02:03,3.64,25627,2433.00,2443.00,2438.00,-20.75,65.05,-21.57,882.64
2020-01-27T16:19:03, Add row to /TRACKING.csv
2023-03-18T07:45:03, Number of rows in /TRACKING.csv: 2
2020-01-27T16:19:03, Done loop ...
2020-01-27T16:19:03, ... powering down.
2020-01-27T16:19:03, RTC Initialization Failed
2020-01-27T16:20:03, Setup Complete
2020-01-27T16:21:03, Data: 2009-05-14T16:02:03,3.64,25627,2429.00,2441.00,2436.00,-20.77,65.48,-21.76,883.07
2020-01-27T16:19:03, Add row to /TRACKING.csv
2023-03-18T07:45:03, Number of rows in /TRACKING.csv: 3
2020-01-27T16:19:03, Done loop ...
2020-01-27T16:19:03, ... powering down.
2020-01-27T16:19:03, RTC Initialization Failed
2020-01-27T16:20:03, Setup Complete
2020-01-27T16:21:03, Data: 2009-05-14T16:02:03,3.65,25627,2437.00,2449.00,2444.50,-20.67,63.49,-21.89,882.70
2020-01-27T16:19:03, Add row to /TRACKING.csv
2023-03-18T07:45:03, Number of rows in /TRACKING.csv: 4
2020-01-27T16:21:03, Number of rows in /TRACKING.csv is >= 4
2020-01-27T16:19:03, Remove tracking
2020-01-27T16:21:03, Write to /TRANSMIT.csv: 2009-05-14T16:02:03,3.65,2437.00,-20.7,63
2023-03-18T07:45:03, Number of rows in /TRANSMIT.csv: 1
2020-01-27T16:23:03, Current hour = 16, Transmission hour = 1
2020-01-27T16:23:03, Current hour = 16, Transmission hour = 6
2020-01-27T16:23:03, Current hour = 16, Transmission hour = 8
2020-01-27T16:23:03, Current hour = 16, Transmission hour = 10
2020-01-27T16:23:03, Current hour = 16, Transmission hour = 15
2020-01-27T16:23:03, Current hour = 16, Transmission hour = 20
2020-01-27T16:23:03, Current hour = 16, Transmission hour = 22
2020-01-27T16:19:03, Done loop ...
2020-01-27T16:19:03, ... powering down.
2020-01-27T16:19:03, RTC Initialization Failed
2020-01-27T16:20:03, Setup Complete
2020-01-27T16:21:03, Data: 2009-05-14T16:02:03,3.64,25627,2441.00,2457.00,2449.50,-20.74,64.02,-21.91,882.63
2020-01-27T16:19:03, Add row to /TRACKING.csv
2023-03-18T07:45:03, Number of rows in /TRACKING.csv: 1
2020-01-27T16:19:03, Done loop ...
2020-01-27T16:19:03, ... powering down.
2020-01-27T16:19:03, RTC Initialization Failed
2020-01-27T16:20:03, Setup Complete
2020-01-27T16:21:03, Data: 2009-05-14T16:02:03,3.64,25627,2446.00,2458.00,2451.00,-20.83,63.96,-22.07,882.86
2020-01-27T16:19:03, Add row to /TRACKING.csv
2023-03-18T07:45:03, Number of rows in /TRACKING.csv: 2
2020-01-27T16:19:03, Done loop ...
2020-01-27T16:19:03, ... powering down.
2020-01-27T16:19:03, RTC Initialization Failed
2020-01-27T16:20:03, Setup Complete
2020-01-27T16:21:03, Data: 2009-05-14T16:02:03,3.65,25627,2444.00,2462.00,2451.00,-20.73,64.36,-21.97,882.73
2020-01-27T16:19:03, Add row to /TRACKING.csv
2023-03-18T07:45:03, Number of rows in /TRACKING.csv: 3
2020-01-27T16:19:03, Done loop ...
2020-01-27T16:19:03, ... powering down.
2020-01-27T16:19:03, RTC Initialization Failed
2020-01-27T16:20:03, Setup Complete
2020-01-27T16:21:03, Data: 2009-05-14T16:02:03,3.64,25627,2438.00,2662.00,2442.00,-20.47,61.96,-21.81,882.96
2020-01-27T16:19:03, Add row to /TRACKING.csv
2023-03-18T07:45:03, Number of rows in /TRACKING.csv: 4
2020-01-27T16:21:03, Number of rows in /TRACKING.csv is >= 4
2020-01-27T16:19:03, Remove tracking
2020-01-27T16:21:03, Write to /TRANSMIT.csv: 2009-05-14T16:02:03,3.64,2438.00,-20.5,62
2023-03-18T07:45:03, Number of rows in /TRANSMIT.csv: 2
2020-01-27T16:22:03, Current hour = 16, Transmission hour = 1
2020-01-27T16:22:03, Current hour = 16, Transmission hour = 6
2020-01-27T16:22:03, Current hour = 16, Transmission hour = 8
2020-01-27T16:22:03, Current hour = 16, Transmission hour = 10
2020-01-27T16:22:03, Current hour = 16, Transmission hour = 15
2020-01-27T16:22:03, Current hour = 16, Transmission hour = 20
2020-01-27T16:22:03, Current hour = 16, Transmission hour = 22
2020-01-27T16:19:03, Done loop ...
2020-01-27T16:19:03, ... powering down.
2020-01-27T16:19:03, RTC Initialization Failed
2020-01-27T16:20:03, Setup Complete
2020-01-27T16:21:03, Data: 2009-05-14T16:02:03,3.65,25627,2436.00,5000.00,2446.00,-20.52,62.10,-21.68,882.80
2020-01-27T16:19:03, Add row to /TRACKING.csv
2023-03-18T07:45:03, Number of rows in /TRACKING.csv: 1
2020-01-27T16:19:03, Done loop ...
2020-01-27T16:19:03, ... powering down.
2020-01-27T16:19:03, RTC Initialization Failed
2020-01-27T16:20:03, Setup Complete
2020-01-27T16:21:03, Data: 2009-05-14T16:02:03,3.65,25627,2440.00,2479.00,2447.00,-20.39,62.19,-21.57,883.06
2020-01-27T16:19:03, Add row to /TRACKING.csv
2023-03-18T07:45:03, Number of rows in /TRACKING.csv: 2
2020-01-27T16:19:03, Done loop ...
2020-01-27T16:19:03, ... powering down.
2020-01-27T16:19:03, RTC Initialization Failed
2020-01-27T16:20:03, Setup Complete
2020-01-27T16:21:03, Data: 2009-05-14T16:02:03,3.67,25627,2438.00,2454.00,2446.50,-20.59,62.38,-21.21,883.30
2020-01-27T16:19:03, Add row to /TRACKING.csv
2023-03-18T07:45:03, Number of rows in /TRACKING.csv: 3
2020-01-27T16:19:03, Done loop ...
2020-01-27T16:19:03, ... powering down.
2020-01-27T16:19:03, RTC Initialization Failed
2020-01-27T16:20:03, Setup Complete
2020-01-27T16:21:03, Data: 2009-05-14T16:02:03,3.98,25627,2444.00,2456.00,2451.50,-20.01,62.77,-20.18,883.54
2020-01-27T16:19:03, Add row to /TRACKING.csv
2023-03-18T07:45:03, Number of rows in /TRACKING.csv: 4
2020-01-27T16:21:03, Number of rows in /TRACKING.csv is >= 4
2020-01-27T16:19:03, Remove tracking
2020-01-27T16:21:03, Write to /TRANSMIT.csv: 2009-05-14T16:02:03,3.98,2444.00,-20.0,63
2023-03-18T07:45:03, Number of rows in /TRANSMIT.csv: 3
2003-01-30T16:00:03, Current hour = 16, Transmission hour = 1
2003-01-30T16:00:03, Current hour = 16, Transmission hour = 6
2003-01-30T16:00:03, Current hour = 16, Transmission hour = 8
2003-01-30T16:00:03, Current hour = 16, Transmission hour = 10
2003-01-30T16:00:03, Current hour = 16, Transmission hour = 15
2003-01-30T16:00:03, Current hour = 16, Transmission hour = 20
2003-01-30T16:00:03, Current hour = 16, Transmission hour = 22
2020-01-27T16:19:03, Done loop ...
2020-01-27T16:19:03, ... powering down.
2020-01-27T16:19:03, RTC Initialization Failed
2020-01-27T16:20:03, Setup Complete
2020-01-27T16:21:03, Data: 2009-05-14T16:02:03,3.99,25627,2458.00,2588.00,2464.00,-19.33,56.88,-16.74,883.42
2020-01-27T16:19:03, Add row to /TRACKING.csv
2023-03-18T07:45:03, Number of rows in /TRACKING.csv: 1
2020-01-27T16:19:03, Done loop ...
2020-01-27T16:19:03, ... powering down.
2020-01-27T16:19:03, RTC Initialization Failed
2020-01-27T16:20:03, Setup Complete
2043-04-29T09:31:47, Data: 2009-05-14T16:02:03,3.98,25627,2459.00,2471.00,2466.50,-19.26,59.32,-14.50,883.65
2020-01-27T16:19:03, Add row to /TRACKING.csv
2023-03-18T07:45:03, Number of rows in /TRACKING.csv: 2
2020-01-27T16:19:03, Done loop ...
2020-01-27T16:19:03, ... powering down.
2020-01-27T16:19:03, RTC Initialization Failed
2020-01-27T16:20:03, Setup Complete
2020-01-27T16:21:03, Data: 2009-05-14T16:02:03,3.98,25627,2465.00,4996.00,2549.50,-18.57,55.90,-11.28,883.85
2020-01-27T16:19:03, Add row to /TRACKING.csv
2023-03-18T07:45:03, Number of rows in /TRACKING.csv: 3
2020-01-27T16:19:03, Done loop ...
2020-01-27T16:19:03, ... powering down.
2020-01-27T16:19:03, RTC Initialization Failed
2020-01-27T16:20:03, Setup Complete
2000-12-19T16:21:03, Data: 2009-05-14T16:02:03,3.99,25627,2554.00,2599.00,2570.50,-18.69,57.50,-9.42,883.78
2020-01-27T16:19:03, Add row to /TRACKING.csv
2023-03-18T07:45:03, Number of rows in /TRACKING.csv: 4
2020-01-27T16:21:03, Number of rows in /TRACKING.csv is >= 4
2020-01-27T16:19:03, Remove tracking
2020-01-27T16:21:03, Write to /TRANSMIT.csv: 2009-05-14T16:02:03,3.99,2554.00,-18.7,58
2023-03-18T07:45:03, Number of rows in /TRANSMIT.csv: 4
2020-01-27T16:23:03, Current hour = 16, Transmission hour = 1
2020-01-27T16:24:03, Current hour = 16, Transmission hour = 6
2020-01-27T16:24:03, Current hour = 16, Transmission hour = 8
2020-01-27T16:24:03, Current hour = 16, Transmission hour = 10
2043-04-29T10:53:47, Current hour = 16, Transmission hour = 15
2020-01-27T16:24:03, Current hour = 16, Transmission hour = 20
2020-01-27T16:24:03, Current hour = 16, Transmission hour = 22
2020-01-27T16:19:03, Done loop ...
2020-01-27T16:19:03, ... powering down.
2020-01-27T16:19:03, RTC Initialization Failed
2020-01-27T16:20:03, Setup Complete
2020-01-27T16:21:03, Data: 2009-05-14T16:02:03,3.99,25627,2489.00,4993.00,2503.00,-18.94,56.20,-8.06,883.38
2020-01-27T16:19:03, Add row to /TRACKING.csv
2023-03-18T07:45:03, Number of rows in /TRACKING.csv: 1
2020-01-27T16:19:03, Done loop ...
2020-01-27T16:19:03, ... powering down.
2020-01-27T16:19:03, RTC Initialization Failed
2020-01-27T16:20:03, Setup Complete
2020-01-27T16:21:03, Data: 2009-05-14T16:02:03,3.99,25627,2476.00,4996.00,2490.00,-18.57,54.83,-8.03,883.43
2020-01-27T16:19:03, Add row to /TRACKING.csv
2023-03-18T07:45:03, Number of rows in /TRACKING.csv: 2
2020-01-27T16:19:03, Done loop ...
2020-01-27T16:19:03, ... powering down.
2020-01-27T16:19:03, RTC Initialization Failed
2020-01-27T16:20:03, Setup Complete
2020-01-27T16:21:03, Data: 2009-05-14T16:02:03,3.99,25627,2476.00,4993.00,2484.00,-18.93,57.42,-9.39,882.75
2020-01-27T16:19:03, Add row to /TRACKING.csv
2023-03-18T07:45:03, Number of rows in /TRACKING.csv: 3
2020-01-27T16:19:03, Done loop ...
2020-01-27T16:19:03, ... powering down.
2020-01-27T16:19:03, RTC Initialization Failed
2020-01-27T16:20:03, Setup Complete
2020-01-27T16:21:03, Data: 2009-05-14T16:02:03,3.98,25627,2476.00,2496.00,2492.50,-18.48,56.81,-9.70,883.16
2020-01-27T16:19:03, Add row to /TRACKING.csv
2023-03-18T07:45:03, Number of rows in /TRACKING.csv: 4
2020-01-27T16:21:03, Number of rows in /TRACKING.csv is >= 4
2020-01-27T16:19:03, Remove tracking
2020-01-27T16:21:03, Write to /TRANSMIT.csv: 2009-05-14T16:02:03,3.98,2476.00,-18.5,57
2023-03-18T07:45:03, Number of rows in /TRANSMIT.csv: 5
2003-01-30T16:00:03, Current hour = 16, Transmission hour = 1
2001-03-26T16:00:03, 1416026244-20763:244-20562:244-20063:255-18758:248-18557
2020-01-27T16:25:03,  - attempt to send message: 1416026244-20763:244-20562:244-20063:255-18758:248-18557
2020-01-27T16:25:03,  - Modem begin successful
2020-01-27T16:23:03,  - Sending...
2020-01-27T16:25:03,  - Send response: 
2020-01-27T16:25:03,   - Sync clocks... 
2020-01-27T16:24:03,  - Arduino Old Time: 2000-00-20T00:84:03
2020-01-27T16:24:03,  - Arduino New Time: 2002-00-19T09:55:03
2020-01-27T16:21:03, Message sent! Removing /TRANSMIT.csv
2020-01-27T16:19:03, Done loop ...
2020-01-27T16:19:03, ... powering down.
2020-01-27T16:19:03, RTC Initialization Failed
2020-01-27T16:20:03, Setup Complete
2020-01-27T16:21:03, Data: 2009-05-14T16:02:03,3.99,25627,2491.00,4996.00,2505.50,-18.10,55.30,-9.06,883.06
2020-01-27T16:19:03, Add row to /TRACKING.csv
2023-03-08T06:25:03, Number of rows in /TRACKING.csv: 1
2020-01-27T16:19:03, Done loop ...
2020-01-27T16:19:03, ... powering down.
2020-01-27T16:19:03, RTC Initialization Failed
2020-01-27T16:20:03, Setup Complete
2020-01-27T16:21:03, Data: 2009-05-14T16:02:03,3.98,25627,2471.00,2503.00,2482.00,-18.52,57.89,-10.94,883.47
2020-01-27T16:19:03, Add row to /TRACKING.csv
2023-03-18T07:45:03, Number of rows in /TRACKING.csv: 2
2020-01-27T16:19:03, Done loop ...
2020-01-27T16:19:03, ... powering down.
2020-01-27T16:19:03, RTC Initialization Failed
2020-01-27T16:20:03, Setup Complete
2020-01-27T16:21:03, Data: 2009-05-14T16:02:03,3.99,25627,2465.00,4996.00,2525.00,-19.12,59.09,-12.50,883.33
2020-01-27T16:19:03, Add row to /TRACKING.csv
2023-03-18T07:45:03, Number of rows in /TRACKING.csv: 3
2020-01-27T16:19:03, Done loop ...
2020-01-27T16:19:03, ... powering down.
2020-01-27T16:19:03, RTC Initialization Failed
2020-01-27T16:20:03, Setup Complete
2020-01-27T16:21:03, Data: 2009-05-14T16:02:03,3.98,25627,2484.00,2494.00,2489.00,-18.20,55.40,-10.28,882.72
2020-01-27T16:19:03, Add row to /TRACKING.csv
2023-03-18T07:45:03, Number of rows in /TRACKING.csv: 4
2020-01-27T16:21:03, Number of rows in /TRACKING.csv is >= 4
2020-01-27T16:19:03, Remove tracking
2020-01-27T16:21:03, Write to /TRANSMIT.csv: 2009-05-14T16:02:03,3.98,2484.00,-18.2,55
2023-03-18T07:45:03, Number of rows in /TRANSMIT.csv: 1
2020-01-27T16:23:03, Current hour = 16, Transmission hour = 1
2020-01-27T16:23:03, Current hour = 16, Transmission hour = 6
2020-01-27T16:23:03, Current hour = 16, Transmission hour = 8
2020-01-27T16:23:03, Current hour = 16, Transmission hour = 10
2020-01-27T16:23:03, Current hour = 16, Transmission hour = 15
2020-01-27T16:23:03, Current hour = 16, Transmission hour = 20
2020-01-27T16:23:03, Current hour = 16, Transmission hour = 22
2020-01-27T16:19:03, Done loop ...
2020-01-27T16:19:03, ... powering down.
2020-01-27T16:19:03, RTC Initialization Failed
2020-01-27T16:20:03, Setup Complete
2020-01-27T16:21:03, Data: 2009-05-14T16:02:03,3.94,25627,2465.00,2480.00,2469.00,-19.16,58.71,-12.76,882.68
2020-01-27T16:19:03, Add row to /TRACKING.csv
2023-03-18T07:45:03, Number of rows in /TRACKING.csv: 1
2020-01-27T16:19:03, Done loop ...
2020-01-27T16:19:03, ... powering down.
2020-01-27T16:19:03, RTC Initialization Failed
2020-01-27T16:20:03, Setup Complete
2020-01-27T16:21:03, Data: 2009-05-14T16:02:03,3.99,25627,2496.00,2515.00,2505.50,-17.83,53.93,-11.28,882.57
2020-01-27T16:19:03, Add row to /TRACKING.csv
2023-03-08T07:45:03, Number of rows in /TRACKING.csv: 2
2020-01-27T16:19:03, Done loop ...
2020-01-27T16:19:03, ... powering down.
2020-01-27T16:19:03, RTC Initialization Failed
2020-01-27T16:20:03, Setup Complete
2020-01-27T16:21:03, Data: 2009-05-14T16:02:03,3.99,25627,2482.00,2491.00,2485.00,-18.24,55.38,-9.63,882.58
2020-01-27T16:19:03, Add row to /TRACKING.csv
2023-03-18T07:45:03, Number of rows in /TRACKING.csv: 3
2020-01-27T16:19:03, Done loop ...
2020-01-27T16:19:03, ... powering down.
2020-01-27T16:19:03, RTC Initialization Failed
2020-01-27T16:20:03, Setup Complete
2020-01-27T16:21:03, Data: 2009-05-14T16:02:03,3.93,25627,2473.00,2490.00,2480.50,-18.87,55.98,-10.73,882.22
2020-01-27T16:19:03, Add row to /TRACKING.csv
2023-03-18T07:45:03, Number of rows in /TRACKING.csv: 4
2020-01-27T16:21:03, Number of rows in /TRACKING.csv is >= 4
2020-01-27T16:19:03, Remove tracking
2020-01-27T16:21:03, Write to /TRANSMIT.csv: 2009-05-14T16:02:03,3.93,2473.00,-18.9,56
2023-03-18T07:45:03, Number of rows in /TRANSMIT.csv: 2
2020-01-27T16:22:03, Current hour = 16, Transmission hour = 1
2020-01-27T16:22:03, Current hour = 16, Transmission hour = 6
2020-01-27T16:22:03, Current hour = 16, Transmission hour = 8
2020-01-27T16:22:03, Current hour = 16, Transmission hour = 10
2020-01-27T16:22:03, Current hour = 16, Transmission hour = 15
2020-01-27T16:22:03, Current hour = 16, Transmission hour = 20
2020-01-27T16:22:03, Current hour = 16, Transmission hour = 22
2020-01-27T16:19:03, Done loop ...
2020-01-27T16:19:03, ... powering down.
2020-01-27T16:19:03, RTC Initialization Failed
2020-01-27T16:20:03, Setup Complete
2020-01-27T16:21:03, Data: 2009-05-14T16:02:03,3.99,25627,2476.00,2523.00,2511.50,-17.23,53.66,-9.56,883.18
2020-01-27T16:19:03, Add row to /TRACKING.csv
2023-03-18T06:25:03, Number of rows in /TRACKING.csv: 1
2020-01-27T16:19:03, Done loop ...
2020-01-27T16:19:03, ... powering down.
2020-01-27T16:19:03, RTC Initialization Failed
2020-01-27T16:20:03, Setup Complete
2020-01-27T16:21:03, Data: 2009-05-14T16:02:03,3.99,25627,2453.00,2499.00,2490.50,-17.04,53.33,-9.09,882.95
2020-01-27T16:19:03, Add row to /TRACKING.csv
2023-03-18T07:45:03, Number of rows in /TRACKING.csv: 2
2020-01-27T16:19:03, Done loop ...
2020-01-27T16:19:03, ... powering down.
2020-01-27T16:19:03, RTC Initialization Failed
2020-01-27T16:20:03, Setup Complete
2020-01-27T16:21:03, Data: 2009-05-14T16:02:03,3.99,25627,2477.00,2527.00,2503.00,-17.20,53.30,-7.81,882.63
2020-01-27T16:19:03, Add row to /TRACKING.csv
2023-03-08T07:45:03, Number of rows in /TRACKING.csv: 3
2020-01-27T16:19:03, Done loop ...
2020-01-27T16:19:03, ... powering down.
2020-01-27T16:19:03, RTC Initialization Failed
2020-01-27T16:20:03, Setup Complete
2020-01-27T16:21:03, Data: 2009-05-14T16:02:03,3.99,25627,2493.00,2523.00,2511.00,-17.62,53.06,-7.43,882.42
2020-01-27T16:19:03, Add row to /TRACKING.csv
2023-03-18T06:25:03, Number of rows in /TRACKING.csv: 4
2020-01-27T16:21:03, Number of rows in /TRACKING.csv is >= 4
2020-01-27T16:19:03, Remove tracking
2020-01-27T16:21:03, Write to /TRANSMIT.csv: 2009-05-14T16:02:03,3.99,2493.00,-17.6,53
2023-03-18T06:25:03, Number of rows in /TRANSMIT.csv: 3
2003-01-30T16:00:03, Current hour = 16, Transmission hour = 1
2003-01-30T16:00:03, Current hour = 16, Transmission hour = 6
2003-01-30T16:00:03, Current hour = 16, Transmission hour = 8
2003-01-30T16:00:03, Current hour = 16, Transmission hour = 10
2003-01-30T16:00:03, Current hour = 16, Transmission hour = 15
2003-01-30T16:00:03, Current hour = 16, Transmission hour = 20
2003-01-30T16:00:03, Current hour = 16, Transmission hour = 22
2020-01-27T16:19:03, Done loop ...
2020-01-27T16:19:03, ... powering down.
2020-01-27T16:19:03, RTC Initialization Failed
2020-01-27T16:20:03, Setup Complete
2020-01-27T16:21:03, Data: 2009-05-14T16:02:03,4.00,25627,2477.00,2487.00,2482.00,-17.13,57.09,-7.97,882.77
2020-01-27T16:19:03, Add row to /TRACKING.csv
2023-03-18T07:45:03, Number of rows in /TRACKING.csv: 1
2020-01-27T16:19:03, Done loop ...
2020-01-27T16:19:03, ... powering down.
2020-01-27T16:19:03, RTC Initialization Failed
2020-01-27T16:20:03, Setup Complete
2020-01-27T16:21:03, Data: 2009-05-14T16:02:03,3.98,25627,2478.00,2490.00,2485.00,-16.83,54.35,-8.15,882.43
2020-01-27T16:19:03, Add row to /TRACKING.csv
2023-03-08T07:45:03, Number of rows in /TRACKING.csv: 2
2020-01-27T16:19:03, Done loop ...
2020-01-27T16:19:03, ... powering down.
2020-01-27T16:19:03, RTC Initialization Failed
2020-01-27T16:20:03, Setup Complete
2020-01-27T16:21:03, Data: 2009-05-14T16:02:03,3.88,25627,2481.00,2491.00,2484.00,-16.79,55.41,-7.94,882.25
2020-01-27T16:19:03, Add row to /TRACKING.csv
2023-03-18T07:45:03, Number of rows in /TRACKING.csv: 3
2020-01-27T16:19:03, Done loop ...
2020-01-27T16:19:03, ... powering down.
2020-01-27T16:19:03, RTC Initialization Failed
2020-01-27T16:20:03, Setup Complete
2020-01-27T16:21:03, Data: 2009-05-14T16:02:03,3.99,25627,2472.00,2483.00,2478.50,-16.96,55.45,-8.90,882.93
2020-01-27T16:19:03, Add row to /TRACKING.csv
2023-03-18T07:45:03, Number of rows in /TRACKING.csv: 4
2020-01-27T16:21:03, Number of rows in /TRACKING.csv is >= 4
2020-01-27T16:19:03, Remove tracking
2020-01-27T16:21:03, Write to /TRANSMIT.csv: 2009-05-14T16:02:03,3.99,2472.00,-17.0,55
2023-03-18T07:45:03, Number of rows in /TRANSMIT.csv: 4
2003-01-30T16:00:03, Current hour = 16, Transmission hour = 1
2003-01-30T16:00:03, Current hour = 16, Transmission hour = 6
2003-01-30T16:00:03, Current hour = 16, Transmission hour = 8
2003-01-30T16:00:03, Current hour = 16, Transmission hour = 10
2003-01-30T16:00:03, Current hour = 16, Transmission hour = 15
2003-01-30T16:00:03, Current hour = 16, Transmission hour = 20
2003-01-30T16:00:03, Current hour = 16, Transmission hour = 22
2020-01-27T16:19:03, Done loop ...
2020-01-27T16:19:03, ... powering down.
2020-01-27T16:19:03, RTC Initialization Failed
2020-01-27T16:20:03, Setup Complete
2020-01-27T16:21:03, Data: 2009-05-14T16:02:03,3.98,25627,2473.00,2489.00,2480.00,-16.95,55.67,-9.33,882.73
2020-01-27T16:19:03, Add row to /TRACKING.csv
2023-03-08T07:45:03, Number of rows in /TRACKING.csv: 1
2020-01-27T16:19:03, Done loop ...
2020-01-27T16:19:03, ... powering down.
2020-01-27T16:19:03, RTC Initialization Failed
2020-01-27T16:20:03, Setup Complete
2020-01-27T16:21:03, Data: 2009-05-14T16:02:03,3.98,25627,2472.00,2485.00,2478.50,-16.53,55.39,-9.98,882.87
2020-01-27T16:19:03, Add row to /TRACKING.csv
2023-03-18T07:45:03, Number of rows in /TRACKING.csv: 2
2020-01-27T16:19:03, Done loop ...
2020-01-27T16:19:03, ... powering down.
2020-01-27T16:19:03, RTC Initialization Failed
2020-01-27T16:20:03, Setup Complete
2020-01-27T16:21:03, Data: 2000-01-19T16:11:03,3.87,25627,2468.00,2492.00,2483.50,-17.20,57.37,-11.37,882.64
2020-01-27T16:19:03, Add row to /TRACKING.csv
2023-03-18T07:45:03, Number of rows in /TRACKING.csv: 3
2020-01-27T16:19:03, Done loop ...
2020-01-27T16:19:03, ... powering down.
2020-01-27T16:19:03, RTC Initialization Failed
2020-01-27T16:20:03, Setup Complete
2020-01-27T16:21:03, Data: 2009-05-14T16:02:03,3.73,25627,2469.00,2486.00,2480.50,-17.82,59.08,-13.69,882.96
2020-01-27T16:19:03, Add row to /TRACKING.csv
2023-03-18T07:45:03, Number of rows in /TRACKING.csv: 4
2020-01-27T16:21:03, Number of rows in /TRACKING.csv is >= 4
2020-01-27T16:19:03, Remove tracking
2020-01-27T16:21:03, Write to /TRANSMIT.csv: 2009-05-14T16:02:03,3.73,2469.00,-17.8,59
2023-03-18T07:45:03, Number of rows in /TRANSMIT.csv: 5
2003-01-30T16:00:03, Current hour = 16, Transmission hour = 1
2001-03-26T16:00:03, 1416024248-18255:247-18956:249-17653:247-17055:247-17859
2020-01-27T16:25:03,  - attempt to send message: 1416024248-18255:247-18956:249-17653:247-17055:247-17859
2020-01-27T16:21:03,  - Modem begin successful
2020-01-27T16:21:03,  - Sending...
2020-01-27T16:21:03,  - Send response: 
2020-01-27T16:22:03,   - Sync clocks... 
2020-01-27T16:25:03,  - Arduino Old Time: 2000-00-20T00:84:03
2020-01-27T16:24:03,  - Arduino New Time: 2002-00-00T44:32:03
2020-01-27T16:21:03, Message sent! Removing /TRANSMIT.csv
2020-01-27T16:19:03, Done loop ...
2020-01-27T16:19:03, ... powering down.
2020-01-27T16:19:03, RTC Initialization Failed
2020-01-27T16:20:03, Setup Complete
2020-01-27T16:21:03, Data: 2009-05-14T16:02:03,3.71,25627,2470.00,2480.00,2474.00,-18.56,62.68,-16.85,883.05
2020-01-27T16:19:03, Add row to /TRACKING.csv
2023-03-18T07:45:03, Number of rows in /TRACKING.csv: 1
2020-01-27T16:19:03, Done loop ...
2020-01-27T16:19:03, ... powering down.
2020-01-27T16:19:03, RTC Initialization Failed
2020-01-27T16:20:03, Setup Complete
2020-01-27T16:21:03, Data: 2000-01-19T16:11:03,3.71,25627,2465.00,2473.00,2470.50,-18.43,59.58,-18.31,883.04
2020-01-27T16:19:03, Add row to /TRACKING.csv
2023-03-18T07:45:03, Number of rows in /TRACKING.csv: 2
2020-01-27T16:19:03, Done loop ...
2020-01-27T16:19:03, ... powering down.
2020-01-27T16:19:03, RTC Initialization Failed
2020-01-27T16:20:03, Setup Complete
2020-01-27T16:21:03, Data: 2009-05-14T16:02:03,3.69,25627,2468.00,2495.00,2476.50,-18.46,59.88,-19.00,882.92
2020-01-27T16:19:03, Add row to /TRACKING.csv
2023-03-18T07:45:03, Number of rows in /TRACKING.csv: 3
2020-01-27T16:19:03, Done loop ...
2020-01-27T16:19:03, ... powering down.
2020-01-27T16:19:03, RTC Initialization Failed
2020-01-27T16:20:03, Setup Complete
2020-01-27T16:21:03, Data: 2009-05-14T16:02:03,3.69,25627,2468.00,2479.00,2472.50,-18.56,60.78,-19.39,883.23
2020-01-27T16:19:03, Add row to /TRACKING.csv
2023-03-18T07:45:03, Number of rows in /TRACKING.csv: 4
2020-01-27T16:21:03, Number of rows in /TRACKING.csv is >= 4
2020-01-27T16:19:03, Remove tracking
2020-01-27T16:21:03, Write to /TRANSMIT.csv: 2009-05-14T16:02:03,3.69,2468.00,-18.6,61
2023-03-18T07:45:03, Number of rows in /TRANSMIT.csv: 1
2020-01-27T16:23:03, Current hour = 16, Transmission hour = 1
2020-01-27T16:23:03, Current hour = 16, Transmission hour = 6
2020-01-27T16:23:03, Current hour = 16, Transmission hour = 8
2020-01-27T16:23:03, Current hour = 16, Transmission hour = 10
2020-01-27T16:23:03, Current hour = 16, Transmission hour = 15
2020-01-27T16:23:03, Current hour = 16, Transmission hour = 20
2020-01-27T16:23:03, Current hour = 16, Transmission hour = 22
2020-01-27T16:19:03, Done loop ...
2020-01-27T16:19:03, ... powering down.
2020-01-27T16:19:03, RTC Initialization Failed
2020-01-27T16:20:03, Setup Complete
2020-01-27T16:21:03, Data: 2009-05-14T16:02:03,3.68,25627,2460.00,2598.00,2510.00,-18.46,60.72,-19.41,883.49
2020-01-27T16:19:03, Add row to /TRACKING.csv
2023-03-18T07:45:03, Number of rows in /TRACKING.csv: 1
2020-01-27T16:19:03, Done loop ...
2020-01-27T16:19:03, ... powering down.
2020-01-27T16:19:03, RTC Initialization Failed
2020-01-27T16:20:03, Setup Complete
2020-01-27T16:21:03, Data: 2009-05-14T16:02:03,3.67,25627,2463.00,2477.00,2469.50,-18.66,63.04,-19.41,883.62
2020-01-27T16:19:03, Add row to /TRACKING.csv
2023-03-18T07:45:03, Number of rows in /TRACKING.csv: 2
2020-01-27T16:19:03, Done loop ...
2020-01-27T16:19:03, ... powering down.
2020-01-27T16:19:03, RTC Initialization Failed
2020-01-27T16:20:03, Setup Complete
2020-01-27T16:21:03, Data: 2009-05-14T16:02:03,3.67,25627,2459.00,2486.00,2472.00,-18.72,64.32,-19.44,883.52
2020-01-27T16:19:03, Add row to /TRACKING.csv
2023-03-18T07:45:03, Number of rows in /TRACKING.csv: 3
2020-01-27T16:19:03, Done loop ...
2020-01-27T16:19:03, ... powering down.
2020-01-27T16:19:03, RTC Initialization Failed
2020-01-27T16:20:03, Setup Complete
2020-01-27T16:21:03, Data: 2009-05-14T16:02:03,3.67,25627,2466.00,2487.00,2477.00,-18.85,65.34,-19.58,883.86
2020-01-27T16:19:03, Add row to /TRACKING.csv
2023-03-18T07:45:03, Number of rows in /TRACKING.csv: 4
2020-01-27T16:21:03, Number of rows in /TRACKING.csv is >= 4
2020-01-27T16:19:03, Remove tracking
2020-01-27T16:21:03, Write to /TRANSMIT.csv: 2009-05-14T16:02:03,3.67,2466.00,-18.9,65
2023-03-18T07:45:03, Number of rows in /TRANSMIT.csv: 2
2020-01-27T16:22:03, Current hour = 16, Transmission hour = 1
2020-01-27T16:22:03, Current hour = 16, Transmission hour = 6
2020-01-27T16:22:03, Current hour = 16, Transmission hour = 8
2020-01-27T16:22:03, Current hour = 16, Transmission hour = 10
2020-01-27T16:22:03, Current hour = 16, Transmission hour = 15
2020-01-27T16:22:03, Current hour = 16, Transmission hour = 20
2020-01-27T16:22:03, Current hour = 16, Transmission hour = 22
2020-01-27T16:19:03, Done loop ...
2020-01-27T16:19:03, ... powering down.
2020-01-27T16:19:03, RTC Initialization Failed
2020-01-27T16:20:03, Setup Complete
2020-01-27T16:21:03, Data: 2009-05-14T16:02:03,3.67,25627,2476.00,2487.00,2482.50,-18.67,63.69,-19.57,883.94
2020-01-27T16:19:03, Add row to /TRACKING.csv
2023-03-18T07:45:03, Number of rows in /TRACKING.csv: 1
2020-01-27T16:19:03, Done loop ...
2020-01-27T16:19:03, ... powering down.
2020-01-27T16:19:03, RTC Initialization Failed
2020-01-27T16:20:03, Setup Complete
2020-01-27T16:21:03, Data: 2009-05-14T16:02:03,3.66,25627,2465.00,2484.00,2476.50,-18.87,65.93,-19.73,883.90
2020-01-27T16:19:03, Add row to /TRACKING.csv
2023-03-18T07:45:03, Number of rows in /TRACKING.csv: 2
2020-01-27T16:19:03, Done loop ...
2020-01-27T16:19:03, ... powering down.
2020-01-27T16:19:03, RTC Initialization Failed
2020-01-27T16:20:03, Setup Complete
2020-01-27T16:21:03, Data: 2009-05-14T16:02:03,3.66,25627,2468.00,2482.00,2471.50,-18.85,65.76,-19.82,883.89
2020-01-27T16:19:03, Add row to /TRACKING.csv
2023-03-18T07:45:03, Number of rows in /TRACKING.csv: 3
2020-01-27T16:19:03, Done loop ...
2020-01-27T16:19:03, ... powering down.
2020-01-27T16:19:03, RTC Initialization Failed
2020-01-27T16:20:03, Setup Complete
2020-01-27T16:21:03, Data: 2009-05-14T16:02:03,3.66,25627,2469.00,2487.00,2473.00,-18.80,64.83,-19.91,883.88
2020-01-27T16:19:03, Add row to /TRACKING.csv
2023-03-18T07:45:03, Number of rows in /TRACKING.csv: 4
2020-01-27T16:21:03, Number of rows in /TRACKING.csv is >= 4
2020-01-27T16:19:03, Remove tracking
2020-01-27T16:21:03, Write to /TRANSMIT.csv: 2009-05-14T16:02:03,3.66,2469.00,-18.8,65
2023-03-18T07:45:03, Number of rows in /TRANSMIT.csv: 3
2003-01-30T16:00:03, Current hour = 16, Transmission hour = 1
2003-01-30T16:00:03, Current hour = 16, Transmission hour = 6
2003-01-30T16:00:03, Current hour = 16, Transmission hour = 8
2003-01-30T16:00:03, Current hour = 16, Transmission hour = 10
2003-01-30T16:00:03, Current hour = 16, Transmission hour = 15
2003-01-30T16:00:03, Current hour = 16, Transmission hour = 20
2003-01-30T16:00:03, Current hour = 16, Transmission hour = 22
2020-01-27T16:19:03, Done loop ...
2020-01-27T16:19:03, ... powering down.
2020-01-27T16:19:03, RTC Initialization Failed
2020-01-27T16:20:03, Setup Complete
2020-01-27T16:21:03, Data: 2009-05-14T16:02:03,3.66,25627,2463.00,2473.00,2468.50,-18.53,64.63,-19.79,883.86
2020-01-27T16:19:03, Add row to /TRACKING.csv
2023-03-18T07:45:03, Number of rows in /TRACKING.csv: 1
2020-01-27T16:19:03, Done loop ...
2020-01-27T16:19:03, ... powering down.
2020-01-27T16:19:03, RTC Initialization Failed
2020-01-27T16:20:03, Setup Complete
2020-01-27T16:21:03, Data: 2009-05-14T16:02:03,3.66,25627,2497.00,4998.00,2531.00,-18.41,63.11,-19.52,883.63
2020-01-27T16:19:03, Add row to /TRACKING.csv
2023-03-18T07:45:03, Number of rows in /TRACKING.csv: 2
2020-01-27T16:19:03, Done loop ...
2020-01-27T16:19:03, ... powering down.
2020-01-27T16:19:03, RTC Initialization Failed
2020-01-27T16:20:03, Setup Complete
2020-01-27T16:21:03, Data: 2000-01-19T16:11:03,3.65,25627,2463.00,2481.00,2470.50,-18.34,63.61,-19.35,883.92
2020-01-27T16:19:03, Add row to /TRACKING.csv
2023-03-18T07:45:03, Number of rows in /TRACKING.csv: 3
2020-01-27T16:19:03, Done loop ...
2020-01-27T16:19:03, ... powering down.
2020-01-27T16:19:03, RTC Initialization Failed
2020-01-27T16:20:03, Setup Complete
2020-01-27T16:21:03, Data: 2009-05-14T16:02:03,3.66,25627,2428.00,2567.00,2511.00,-18.42,64.11,-19.37,884.02
2020-01-27T16:19:03, Add row to /TRACKING.csv
2023-03-18T07:45:03, Number of rows in /TRACKING.csv: 4
2020-01-27T16:21:03, Number of rows in /TRACKING.csv is >= 4
2020-01-27T16:19:03, Remove tracking
2020-01-27T16:21:03, Write to /TRANSMIT.csv: 2009-05-14T16:02:03,3.66,2428.00,-18.4,64
2023-03-18T07:45:03, Number of rows in /TRANSMIT.csv: 4
2003-01-30T16:00:03, Current hour = 16, Transmission hour = 1
2003-01-30T16:00:03, Current hour = 16, Transmission hour = 6
2003-01-30T16:00:03, Current hour = 16, Transmission hour = 8
2003-01-30T16:00:03, Current hour = 16, Transmission hour = 10
2003-01-30T16:00:03, Current hour = 16, Transmission hour = 15
2003-01-30T16:00:03, Current hour = 16, Transmission hour = 20
2003-01-30T16:00:03, Current hour = 16, Transmission hour = 22
2020-01-27T16:19:03, Done loop ...
2020-01-27T16:19:03, ... powering down.
2020-01-27T16:19:03, RTC Initialization Failed
2020-01-27T16:20:03, Setup Complete
2043-04-29T09:31:47, Data: 2009-05-14T16:02:03,3.66,25627,2467.00,2484.00,2473.00,-18.36,63.94,-19.40,884.03
2020-01-27T16:19:03, Add row to /TRACKING.csv
2023-03-18T07:45:03, Number of rows in /TRACKING.csv: 1
2020-01-27T16:19:03, Done loop ...
2020-01-27T16:19:03, ... powering down.
2020-01-27T16:19:03, RTC Initialization Failed
2020-01-27T16:20:03, Setup Complete
2020-01-27T16:21:03, Data: 2009-05-14T16:02:03,3.66,25627,2471.00,2479.00,2473.50,-18.70,65.53,-19.58,884.10
2020-01-27T16:19:03, Add row to /TRACKING.csv
2023-03-18T07:45:03, Number of rows in /TRACKING.csv: 2
2020-01-27T16:19:03, Done loop ...
2020-01-27T16:19:03, ... powering down.
2020-01-27T16:19:03, RTC Initialization Failed
2020-01-27T16:20:03, Setup Complete
2020-01-27T16:21:03, Data: 2009-05-14T16:02:03,3.65,25627,2474.00,2584.00,2547.50,-18.49,64.43,-19.51,884.21
2020-01-27T16:19:03, Add row to /TRACKING.csv
2023-03-18T07:45:03, Number of rows in /TRACKING.csv: 3
2020-01-27T16:19:03, Done loop ...
2020-01-27T16:19:03, ... powering down.
2020-01-27T16:19:03, RTC Initialization Failed
2020-01-27T16:20:03, Setup Complete
2020-01-27T16:21:03, Data: 2009-05-14T16:02:03,3.66,25627,2464.00,2481.00,2475.00,-18.08,61.94,-19.36,884.22
2020-01-27T16:19:03, Add row to /TRACKING.csv
2023-03-18T07:45:03, Number of rows in /TRACKING.csv: 4
2020-01-27T16:21:03, Number of rows in /TRACKING.csv is >= 4
2020-01-27T16:19:03, Remove tracking
2020-01-27T16:21:03, Write to /TRANSMIT.csv: 2009-05-14T16:02:03,3.66,2464.00,-18.1,62
2023-03-18T07:45:03, Number of rows in /TRANSMIT.csv: 5
2003-01-30T16:00:03, Current hour = 16, Transmission hour = 1
2001-03-26T16:00:03, 1416023247-18661:247-18965:247-18865:243-18464:246-18162
2020-01-27T16:25:03,  - attempt to send message: 1416023247-18661:247-18965:247-18865:243-18464:246-18162
2020-01-27T16:21:03,  - Modem begin successful
2020-01-27T16:21:03,  - Sending...
2020-01-27T16:21:03,  - Send response: 
2020-01-27T16:22:03,   - Sync clocks... 
2020-01-27T16:25:03,  - Arduino Old Time: 2000-00-20T00:84:03
2020-01-27T16:24:03,  - Arduino New Time: 2002-00-06T20:12:03
2020-01-27T16:21:03, Message sent! Removing /TRANSMIT.csv
2020-01-27T16:19:03, Done loop ...
2020-01-27T16:19:03, ... powering down.
2020-01-27T16:19:03, RTC Initialization Failed
2020-01-27T16:20:03, Setup Complete
2020-01-27T16:21:03, Data: 2009-05-14T16:02:03,3.66,25627,2475.00,2485.00,2480.50,-18.13,61.50,-19.42,884.09
2020-01-27T16:19:03, Add row to /TRACKING.csv
2023-03-18T07:45:03, Number of rows in /TRACKING.csv: 1
2020-01-27T16:19:03, Done loop ...
2020-01-27T16:19:03, ... powering down.
2020-01-27T16:19:03, RTC Initialization Failed
2020-01-27T16:20:03, Setup Complete
2020-01-27T16:21:03, Data: 2009-05-14T16:02:03,3.67,25627,2471.00,2480.00,2477.00,-18.08,61.77,-19.27,884.18
2020-01-27T16:19:03, Add row to /TRACKING.csv
2023-03-18T07:45:03, Number of rows in /TRACKING.csv: 2
2020-01-27T16:19:03, Done loop ...
2020-01-27T16:19:03, ... powering down.
2020-01-27T16:19:03, RTC Initialization Failed
2020-01-27T16:20:03, Setup Complete
2020-01-27T16:21:03, Data: 2009-05-14T16:02:03,3.66,25627,2467.00,2652.00,2486.50,-18.28,63.30,-19.18,884.22
2020-01-27T16:19:03, Add row to /TRACKING.csv
2023-03-18T07:45:03, Number of rows in /TRACKING.csv: 3
2020-01-27T16:19:03, Done loop ...
2020-01-27T16:19:03, ... powering down.
2020-01-27T16:19:03, RTC Initialization Failed
2020-01-27T16:20:03, Setup Complete
2020-01-27T16:21:03, Data: 2009-05-14T16:02:03,3.66,25627,1074.00,3016.00,2471.00,-18.28,62.60,-19.31,883.93
2020-01-27T16:19:03, Add row to /TRACKING.csv
2023-03-18T07:45:03, Number of rows in /TRACKING.csv: 4
2020-01-27T16:21:03, Number of rows in /TRACKING.csv is >= 4
2020-01-27T16:19:03, Remove tracking
2020-01-27T16:21:03, Write to /TRANSMIT.csv: 2009-05-14T16:02:03,3.66,1074.00,-18.3,63
2023-03-18T07:45:03, Number of rows in /TRANSMIT.csv: 1
2020-01-27T16:23:03, Current hour = 16, Transmission hour = 1
2020-01-27T16:23:03, Current hour = 16, Transmission hour = 6
2020-01-27T16:23:03, Current hour = 16, Transmission hour = 8
2020-01-27T16:23:03, Current hour = 16, Transmission hour = 10
2020-01-27T16:23:03, Current hour = 16, Transmission hour = 15
2020-01-27T16:23:03, Current hour = 16, Transmission hour = 20
2020-01-27T16:23:03, Current hour = 16, Transmission hour = 22
2020-01-27T16:19:03, Done loop ...
2020-01-27T16:19:03, ... powering down.
2020-01-27T16:19:03, RTC Initialization Failed
2020-01-27T16:20:03, Setup Complete
2020-01-27T16:21:03, Data: 2009-05-14T16:02:03,3.66,25627,2454.00,2577.00,2564.00,-18.20,62.93,-19.31,884.51
2020-01-27T16:19:03, Add row to /TRACKING.csv
2023-03-18T07:45:03, Number of rows in /TRACKING.csv: 1
2020-01-27T16:19:03, Done loop ...
2020-01-27T16:19:03, ... powering down.
2020-01-27T16:19:03, RTC Initialization Failed
2020-01-27T16:20:03, Setup Complete
2020-01-27T16:21:03, Data: 2009-05-14T16:02:03,3.66,25627,2468.00,2481.00,2473.00,-17.90,61.34,-19.18,884.51
2020-01-27T16:19:03, Add row to /TRACKING.csv
2023-03-18T07:45:03, Number of rows in /TRACKING.csv: 2
2020-01-27T16:19:03, Done loop ...
2020-01-27T16:19:03, ... powering down.
2020-01-27T16:19:03, RTC Initialization Failed
2020-01-27T16:20:03, Setup Complete
2020-01-27T16:21:03, Data: 2009-05-14T16:02:03,3.66,25627,2460.00,2489.00,2473.50,-17.97,62.48,-19.02,884.61
2020-01-27T16:19:03, Add row to /TRACKING.csv
2023-03-18T07:45:03, Number of rows in /TRACKING.csv: 3
2020-01-27T16:19:03, Done loop ...
2020-01-27T16:19:03, ... powering down.
2020-01-27T16:19:03, RTC Initialization Failed
2020-01-27T16:20:03, Setup Complete
2000-12-19T16:21:03, Data: 2009-05-14T16:02:03,3.67,25627,2462.00,4998.00,2474.50,-17.89,61.42,-18.88,884.61
2020-01-27T16:19:03, Add row to /TRACKING.csv
2023-03-18T07:45:03, Number of rows in /TRACKING.csv: 4
2020-01-27T16:21:03, Number of rows in /TRACKING.csv is >= 4
2020-01-27T16:19:03, Remove tracking
2020-01-27T16:21:03, Write to /TRANSMIT.csv: 2009-05-14T16:02:03,3.67,2462.00,-17.9,61
2023-03-18T07:45:03, Number of rows in /TRANSMIT.csv: 2
2020-01-27T16:22:03, Current hour = 16, Transmission hour = 1
2020-01-27T16:22:03, Current hour = 16, Transmission hour = 6
2020-01-27T16:22:03, Current hour = 16, Transmission hour = 8
2020-01-27T16:22:03, Current hour = 16, Transmission hour = 10
2020-01-27T16:22:03, Current hour = 16, Transmission hour = 15
2020-01-27T16:22:03, Current hour = 16, Transmission hour = 20
2020-01-27T16:22:03, Current hour = 16, Transmission hour = 22
2020-01-27T16:19:03, Done loop ...
2020-01-27T16:19:03, ... powering down.
2020-01-27T16:19:03, RTC Initialization Failed
2020-01-27T16:20:03, Setup Complete
2020-01-27T16:21:03, Data: 2009-05-14T16:02:03,3.67,25627,2552.00,4998.00,4996.00,-17.66,57.95,-18.89,884.49
2020-01-27T16:19:03, Add row to /TRACKING.csv
2023-03-18T07:45:03, Number of rows in /TRACKING.csv: 1
2020-01-27T16:19:03, Done loop ...
2020-01-27T16:19:03, ... powering down.
2020-01-27T16:19:03, RTC Initialization Failed
2020-01-27T16:20:03, Setup Complete
2020-01-27T16:21:03, Data: 2009-05-14T16:02:03,3.67,25627,2460.00,2573.00,2488.00,-17.83,60.50,-18.86,884.10
2020-01-27T16:19:03, Add row to /TRACKING.csv
2023-03-18T07:45:03, Number of rows in /TRACKING.csv: 2
2020-01-27T16:19:03, Done loop ...
2020-01-27T16:19:03, ... powering down.
2020-01-27T16:19:03, RTC Initialization Failed
2020-01-27T16:20:03, Setup Complete
2020-01-27T16:21:03, Data: 2009-05-14T16:02:03,3.67,25627,2466.00,2473.00,2468.00,-17.62,58.99,-18.68,884.12
2020-01-27T16:19:03, Add row to /TRACKING.csv
2023-03-18T07:45:03, Number of rows in /TRACKING.csv: 3
2020-01-27T16:19:03, Done loop ...
2020-01-27T16:19:03, ... powering down.
2020-01-27T16:19:03, RTC Initialization Failed
2020-01-27T16:20:03, Setup Complete
2020-01-27T16:21:03, Data: 2009-05-14T16:02:03,3.66,25627,2466.00,4998.00,3736.50,-17.67,58.34,-18.82,883.95
2020-01-27T16:19:03, Add row to /TRACKING.csv
2023-03-18T07:45:03, Number of rows in /TRACKING.csv: 4
2020-01-27T16:21:03, Number of rows in /TRACKING.csv is >= 4
2020-01-27T16:19:03, Remove tracking
2020-01-27T16:21:03, Write to /TRANSMIT.csv: 2009-05-14T16:02:03,3.66,2466.00,-17.7,58
2023-03-18T07:45:03, Number of rows in /TRANSMIT.csv: 3
2003-01-30T16:00:03, Current hour = 16, Transmission hour = 1
2003-01-30T16:00:03, Current hour = 16, Transmission hour = 6
2003-01-30T16:00:03, Current hour = 16, Transmission hour = 8
2003-01-30T16:00:03, Current hour = 16, Transmission hour = 10
2003-01-30T16:00:03, Current hour = 16, Transmission hour = 15
2003-01-30T16:00:03, Current hour = 16, Transmission hour = 20
2003-01-30T16:00:03, Current hour = 16, Transmission hour = 22
2020-01-27T16:19:03, Done loop ...
2020-01-27T16:19:03, ... powering down.
2020-01-27T16:19:03, RTC Initialization Failed
2020-01-27T16:20:03, Setup Complete
2020-01-27T16:21:03, Data: 2000-01-19T16:11:03,3.67,25627,2459.00,4996.00,2500.50,-17.65,57.98,-18.82,884.09
2020-01-27T16:19:03, Add row to /TRACKING.csv
2023-03-18T07:45:03, Number of rows in /TRACKING.csv: 1
2020-01-27T16:19:03, Done loop ...
2020-01-27T16:19:03, ... powering down.
2020-01-27T16:19:03, RTC Initialization Failed
2020-01-27T16:20:03, Setup Complete
2020-01-27T16:21:03, Data: 2009-05-14T16:02:03,3.67,25627,2469.00,2480.00,2472.50,-17.49,57.87,-18.65,883.77
2020-01-27T16:19:03, Add row to /TRACKING.csv
2023-03-18T07:45:03, Number of rows in /TRACKING.csv: 2
2020-01-27T16:19:03, Done loop ...
2020-01-27T16:19:03, ... powering down.
2020-01-27T16:19:03, RTC Initialization Failed
2020-01-27T16:20:03, Setup Complete
2020-01-27T16:21:03, Data: 2009-05-14T16:02:03,3.67,25627,2467.00,2479.00,2471.00,-17.21,55.30,-18.55,883.98
2020-01-27T16:19:03, Add row to /TRACKING.csv
2023-03-18T07:45:03, Number of rows in /TRACKING.csv: 3
2020-01-27T16:19:03, Done loop ...
2020-01-27T16:19:03, ... powering down.
2020-01-27T16:19:03, RTC Initialization Failed
2020-01-27T16:20:03, Setup Complete
2020-01-27T16:21:03, Data: 2009-05-14T16:02:03,3.67,25627,2474.00,4998.00,2494.50,-17.45,56.44,-18.55,883.79
2020-01-27T16:19:03, Add row to /TRACKING.csv
2023-03-18T07:45:03, Number of rows in /TRACKING.csv: 4
2020-01-27T16:21:03, Number of rows in /TRACKING.csv is >= 4
2020-01-27T16:19:03, Remove tracking
2020-01-27T16:21:03, Write to /TRANSMIT.csv: 2009-05-14T16:02:03,3.67,2474.00,-17.5,56
2023-03-18T07:45:03, Number of rows in /TRANSMIT.csv: 4
2003-01-30T16:00:03, Current hour = 16, Transmission hour = 1
2003-01-30T16:00:03, Current hour = 16, Transmission hour = 6
2003-01-30T16:00:03, Current hour = 16, Transmission hour = 8
2003-01-30T16:00:03, Current hour = 16, Transmission hour = 10
2003-01-30T16:00:03, Current hour = 16, Transmission hour = 15
2003-01-30T16:00:03, Current hour = 16, Transmission hour = 20
2003-01-30T16:00:03, Current hour = 16, Transmission hour = 22
2020-01-27T16:19:03, Done loop ...
2020-01-27T16:19:03, ... powering down.
2020-01-27T16:19:03, RTC Initialization Failed
2020-01-27T16:20:03, Setup Complete
2020-01-27T16:21:03, Data: 2009-05-14T16:02:03,3.67,25627,2461.00,2476.00,2471.00,-17.31,57.92,-18.38,884.02
2020-01-27T16:19:03, Add row to /TRACKING.csv
2023-03-18T07:45:03, Number of rows in /TRACKING.csv: 1
2020-01-27T16:19:03, Done loop ...
2020-01-27T16:19:03, ... powering down.
2020-01-27T16:19:03, RTC Initialization Failed
2020-01-27T16:20:03, Setup Complete
2043-04-29T09:31:47, Data: 2009-05-14T16:02:03,3.67,25627,2470.00,4997.00,2496.50,-17.41,57.89,-18.31,884.28
2020-01-27T16:19:03, Add row to /TRACKING.csv
2023-03-18T07:45:03, Number of rows in /TRACKING.csv: 2
2020-01-27T16:19:03, Done loop ...
2020-01-27T16:19:03, ... powering down.
2020-01-27T16:19:03, RTC Initialization Failed
2020-01-27T16:20:03, Setup Complete
2020-01-27T16:21:03, Data: 2009-05-14T16:02:03,3.67,25627,2461.00,4998.00,2477.00,-17.72,59.67,-18.37,884.14
2020-01-27T16:19:03, Add row to /TRACKING.csv
2023-03-18T07:45:03, Number of rows in /TRACKING.csv: 3
2020-01-27T16:19:03, Done loop ...
2020-01-27T16:19:03, ... powering down.
2020-01-27T16:19:03, RTC Initialization Failed
2020-01-27T16:20:03, Setup Complete
2020-01-27T16:21:03, Data: 2009-05-14T16:02:03,3.67,25627,2456.00,2469.00,2463.00,-17.27,55.91,-18.34,883.87
2020-01-27T16:19:03, Add row to /TRACKING.csv
2023-03-18T07:45:03, Number of rows in /TRACKING.csv: 4
2020-01-27T16:21:03, Number of rows in /TRACKING.csv is >= 4
2020-01-27T16:19:03, Remove tracking
2020-01-27T16:21:03, Write to /TRANSMIT.csv: 2009-05-14T16:02:03,3.67,2456.00,-17.3,56
2023-03-18T07:45:03, Number of rows in /TRANSMIT.csv: 5
2003-01-30T16:00:03, Current hour = 16, Transmission hour = 1
2001-03-26T16:00:03, 1416023107-18363:246-17961:247-17758:247-17556:246-17356
2020-01-27T16:25:03,  - attempt to send message: 1416023107-18363:246-17961:247-17758:247-17556:246-17356
2020-01-27T16:21:03,  - Modem begin successful
2020-01-27T16:21:03,  - Sending...
2020-01-27T16:21:03,  - Send response: 
2020-01-27T16:22:03,   - Sync clocks... 
2020-01-27T16:25:03,  - Arduino Old Time: 2000-00-20T00:84:03
2020-01-27T16:24:03,  - Arduino New Time: 2002-00-11T55:48:03
2020-01-27T16:21:03, Message sent! Removing /TRANSMIT.csv
2020-01-27T16:19:03, Done loop ...
2020-01-27T16:19:03, ... powering down.
2020-01-27T16:19:03, RTC Initialization Failed
2020-01-27T16:20:03, Setup Complete
2020-01-27T16:21:03, Data: 2009-05-14T16:02:03,3.67,25627,2466.00,2470.00,2468.50,-17.27,55.53,-18.34,884.05
2020-01-27T16:19:03, Add row to /TRACKING.csv
2023-03-18T07:45:03, Number of rows in /TRACKING.csv: 1
2020-01-27T16:19:03, Done loop ...
2020-01-27T16:19:03, ... powering down.
2020-01-27T16:19:03, RTC Initialization Failed
2020-01-27T16:20:03, Setup Complete
2020-01-27T16:21:03, Data: 2009-05-14T16:02:03,3.67,25627,2470.00,4997.00,2487.50,-17.06,54.06,-18.28,883.65
2020-01-27T16:19:03, Add row to /TRACKING.csv
2023-03-18T07:45:03, Number of rows in /TRACKING.csv: 2
2020-01-27T16:19:03, Done loop ...
2020-01-27T16:19:03, ... powering down.
2020-01-27T16:19:03, RTC Initialization Failed
2020-01-27T16:20:03, Setup Complete
2020-01-27T16:21:03, Data: 2009-05-14T16:02:03,3.67,25627,2467.00,2482.00,2473.50,-17.16,54.90,-18.27,883.79
2020-01-27T16:19:03, Add row to /TRACKING.csv
2023-03-18T07:45:03, Number of rows in /TRACKING.csv: 3
2020-01-27T16:19:03, Done loop ...
2020-01-27T16:19:03, ... powering down.
2020-01-27T16:19:03, RTC Initialization Failed
2020-01-27T16:20:03, Setup Complete
2020-01-27T16:21:03, Data: 2009-05-14T16:02:03,3.67,25627,2455.00,2469.00,2460.50,-17.31,56.07,-18.43,883.84
2020-01-27T16:19:03, Add row to /TRACKING.csv
2023-03-18T07:45:03, Number of rows in /TRACKING.csv: 4
2020-01-27T16:21:03, Number of rows in /TRACKING.csv is >= 4
2020-01-27T16:19:03, Remove tracking
2020-01-27T16:21:03, Write to /TRANSMIT.csv: 2009-05-14T16:02:03,3.67,2455.00,-17.3,56
2023-03-18T07:45:03, Number of rows in /TRANSMIT.csv: 1
2020-01-27T16:23:03, Current hour = 16, Transmission hour = 1
2020-01-27T16:23:03, Current hour = 16, Transmission hour = 6
2020-01-27T16:23:03, Current hour = 16, Transmission hour = 8
2020-01-27T16:23:03, Current hour = 16, Transmission hour = 10
2020-01-27T16:23:03, Current hour = 16, Transmission hour = 15
2020-01-27T16:23:03, Current hour = 16, Transmission hour = 20
2020-01-27T16:23:03, Current hour = 16, Transmission hour = 22
2020-01-27T16:19:03, Done loop ...
2020-01-27T16:19:03, ... powering down.
2020-01-27T16:19:03, RTC Initialization Failed
2020-01-27T16:20:03, Setup Complete
2020-01-27T16:21:03, Data: 2009-05-14T16:02:03,3.67,25627,2448.00,2457.00,2452.50,-17.31,55.97,-18.30,883.60
2020-01-27T16:19:03, Add row to /TRACKING.csv
2023-03-18T07:45:03, Number of rows in /TRACKING.csv: 1
2020-01-27T16:19:03, Done loop ...
2020-01-27T16:19:03, ... powering down.
2020-01-27T16:19:03, RTC Initialization Failed
2020-01-27T16:20:03, Setup Complete
2020-01-27T16:21:03, Data: 2009-05-14T16:02:03,3.67,25627,2448.00,4996.00,4995.00,-17.11,54.94,-18.09,883.46
2020-01-27T16:19:03, Add row to /TRACKING.csv
2023-03-18T07:45:03, Number of rows in /TRACKING.csv: 2
2020-01-27T16:19:03, Done loop ...
2020-01-27T16:19:03, ... powering down.
2020-01-27T16:19:03, RTC Initialization Failed
2020-01-27T16:20:03, Setup Complete
2020-01-27T16:21:03, Data: 2009-05-14T16:02:03,3.67,25627,2442.00,2459.00,2453.00,-17.27,55.85,-18.20,883.55
2020-01-27T16:19:03, Add row to /TRACKING.csv
2023-03-18T07:45:03, Number of rows in /TRACKING.csv: 3
2020-01-27T16:19:03, Done loop ...
2020-01-27T16:19:03, ... powering down.
2020-01-27T16:19:03, RTC Initialization Failed
2020-01-27T16:20:03, Setup Complete
2020-01-27T16:21:03, Data: 2009-05-14T16:02:03,3.67,25627,2444.00,4998.00,2452.00,-17.24,54.33,-18.34,883.68
2020-01-27T16:19:03, Add row to /TRACKING.csv
2023-03-18T07:45:03, Number of rows in /TRACKING.csv: 4
2020-01-27T16:21:03, Number of rows in /TRACKING.csv is >= 4
2020-01-27T16:19:03, Remove tracking
2020-01-27T16:21:03, Write to /TRANSMIT.csv: 2009-05-14T16:02:03,3.67,2444.00,-17.2,54
2023-03-18T07:45:03, Number of rows in /TRANSMIT.csv: 2
2020-01-27T16:22:03, Current hour = 16, Transmission hour = 1
2020-01-27T16:22:03, Current hour = 16, Transmission hour = 6
2020-01-27T16:22:03, Current hour = 16, Transmission hour = 8
2020-01-27T16:22:03, Current hour = 16, Transmission hour = 10
2020-01-27T16:22:03, Current hour = 16, Transmission hour = 15
2020-01-27T16:22:03, Current hour = 16, Transmission hour = 20
2020-01-27T16:22:03, Current hour = 16, Transmission hour = 22
2020-01-27T16:19:03, Done loop ...
2020-01-27T16:19:03, ... powering down.
2020-01-27T16:19:03, RTC Initialization Failed
2020-01-27T16:20:03, Setup Complete
2020-01-27T16:21:03, Data: 2009-05-14T16:02:03,3.67,25627,2440.00,4996.00,2452.00,-16.90,52.88,-18.33,883.55
2020-01-27T16:19:03, Add row to /TRACKING.csv
2023-03-18T07:45:03, Number of rows in /TRACKING.csv: 1
2020-01-27T16:19:03, Done loop ...
2020-01-27T16:19:03, ... powering down.
2020-01-27T16:19:03, RTC Initialization Failed
2020-01-27T16:20:03, Setup Complete
2020-01-27T16:21:03, Data: 2009-05-14T16:02:03,3.67,25627,2464.00,4998.00,4995.50,-16.85,51.80,-18.27,883.57
2020-01-27T16:19:03, Add row to /TRACKING.csv
2023-03-18T07:45:03, Number of rows in /TRACKING.csv: 2
2020-01-27T16:19:03, Done loop ...
2020-01-27T16:19:03, ... powering down.
2020-01-27T16:19:03, RTC Initialization Failed
2020-01-27T16:20:03, Setup Complete
2020-01-27T16:21:03, Data: 2009-05-14T16:02:03,3.67,25627,2449.00,2463.00,2454.00,-16.75,50.58,-18.28,883.56
2020-01-27T16:19:03, Add row to /TRACKING.csv
2023-03-18T07:45:03, Number of rows in /TRACKING.csv: 3
2020-01-27T16:19:03, Done loop ...
2020-01-27T16:19:03, ... powering down.
2020-01-27T16:19:03, RTC Initialization Failed
2020-01-27T16:20:03, Setup Complete
2020-01-27T16:21:03, Data: 2009-05-14T16:02:03,3.67,25627,2444.00,4997.00,2458.00,-16.86,52.53,-18.33,883.81
2020-01-27T16:19:03, Add row to /TRACKING.csv
2023-03-18T07:45:03, Number of rows in /TRACKING.csv: 4
2020-01-27T16:21:03, Number of rows in /TRACKING.csv is >= 4
2020-01-27T16:19:03, Remove tracking
2020-01-27T16:21:03, Write to /TRANSMIT.csv: 2009-05-14T16:02:03,3.67,2444.00,-16.9,53
2023-03-18T07:45:03, Number of rows in /TRANSMIT.csv: 3
2003-01-30T16:00:03, Current hour = 16, Transmission hour = 1
2003-01-30T16:00:03, Current hour = 16, Transmission hour = 6
2000-12-19T16:21:03, Current hour = 16, Transmission hour = 8
2003-01-30T16:00:03, Current hour = 16, Transmission hour = 10
2003-01-30T16:00:03, Current hour = 16, Transmission hour = 15
2003-01-30T16:00:03, Current hour = 16, Transmission hour = 20
2003-01-30T16:00:03, Current hour = 16, Transmission hour = 22
2020-01-27T16:19:03, Done loop ...
2020-01-27T16:19:03, ... powering down.
2020-01-27T16:19:03, RTC Initialization Failed
2020-01-27T16:20:03, Setup Complete
2020-01-27T16:21:03, Data: 2009-05-14T16:02:03,3.67,25627,2440.00,2455.00,2445.00,-16.90,52.11,-18.02,883.76
2020-01-27T16:19:03, Add row to /TRACKING.csv
2023-03-18T07:45:03, Number of rows in /TRACKING.csv: 1
2020-01-27T16:19:03, Done loop ...
2020-01-27T16:19:03, ... powering down.
2020-01-27T16:19:03, RTC Initialization Failed
2020-01-27T16:20:03, Setup Complete
2020-01-27T16:21:03, Data: 2009-05-14T16:02:03,3.67,25627,2446.00,2458.00,2450.00,-16.72,50.67,-17.89,883.86
2020-01-27T16:19:03, Add row to /TRACKING.csv
2023-03-18T07:45:03, Number of rows in /TRACKING.csv: 2
2020-01-27T16:19:03, Done loop ...
2020-01-27T16:19:03, ... powering down.
2020-01-27T16:19:03, RTC Initialization Failed
2020-01-27T16:20:03, Setup Complete
2020-01-27T16:21:03, Data: 2009-05-14T16:02:03,3.68,25627,2453.00,4996.00,2458.00,-16.62,49.96,-17.67,883.75
2020-01-27T16:19:03, Add row to /TRACKING.csv
2023-03-18T07:45:03, Number of rows in /TRACKING.csv: 3
2020-01-27T16:19:03, Done loop ...
2020-01-27T16:19:03, ... powering down.
2020-01-27T16:19:03, RTC Initialization Failed
2020-01-27T16:20:03, Setup Complete
2020-01-27T16:21:03, Data: 2009-05-14T16:02:03,3.68,25627,2443.00,2451.00,2448.00,-16.25,47.41,-17.63,883.98
2020-01-27T16:19:03, Add row to /TRACKING.csv
2023-03-18T07:45:03, Number of rows in /TRACKING.csv: 4
2020-01-27T16:21:03, Number of rows in /TRACKING.csv is >= 4
2020-01-27T16:19:03, Remove tracking
2020-01-27T16:21:03, Write to /TRANSMIT.csv: 2009-05-14T16:02:03,3.68,2443.00,-16.2,47
2023-03-18T07:45:03, Number of rows in /TRANSMIT.csv: 4
2003-01-30T16:00:03, Current hour = 16, Transmission hour = 1
2003-01-30T16:00:03, Current hour = 16, Transmission hour = 6
2003-01-30T16:00:03, Current hour = 16, Transmission hour = 8
2003-01-30T16:00:03, Current hour = 16, Transmission hour = 10
2003-01-30T16:00:03, Current hour = 16, Transmission hour = 15
2003-01-30T16:00:03, Current hour = 16, Transmission hour = 20
2003-01-30T16:00:03, Current hour = 16, Transmission hour = 22
2020-01-27T16:19:03, Done loop ...
2020-01-27T16:19:03, ... powering down.
2020-01-27T16:19:03, RTC Initialization Failed
2020-01-27T16:20:03, Setup Complete
2020-01-27T16:21:03, Data: 2009-05-14T16:02:03,3.69,25627,2447.00,2456.00,2451.00,-16.40,48.16,-17.39,883.94
2020-01-27T16:19:03, Add row to /TRACKING.csv
2023-03-18T07:45:03, Number of rows in /TRACKING.csv: 1
2020-01-27T16:19:03, Done loop ...
2020-01-27T16:19:03, ... powering down.
2020-01-27T16:19:03, RTC Initialization Failed
2020-01-27T16:20:03, Setup Complete
2020-01-27T16:21:03, Data: 2009-05-14T16:02:03,3.98,25627,2463.00,2470.00,2467.00,-14.93,44.91,-13.53,884.34
2020-01-27T16:19:03, Add row to /TRACKING.csv
2023-03-18T07:45:03, Number of rows in /TRACKING.csv: 2
2020-01-27T16:19:03, Done loop ...
2020-01-27T16:19:03, ... powering down.
2020-01-27T16:19:03, RTC Initialization Failed
2020-01-27T16:20:03, Setup Complete
2020-01-27T16:21:03, Data: 2009-05-14T16:02:03,3.99,25627,2473.00,2523.00,2491.50,-15.15,44.66,-10.82,883.92
2020-01-27T16:19:03, Add row to /TRACKING.csv
2023-03-18T07:45:03, Number of rows in /TRACKING.csv: 3
2020-01-27T16:19:03, Done loop ...
2020-01-27T16:19:03, ... powering down.
2020-01-27T16:19:03, RTC Initialization Failed
2020-01-27T16:20:03, Setup Complete
2020-01-27T16:21:03, Data: 2000-01-19T16:11:03,3.99,25627,2496.00,4993.00,2984.50,-14.58,42.87,-8.72,884.14
2020-01-27T16:19:03, Add row to /TRACKING.csv
2023-03-18T06:25:03, Number of rows in /TRACKING.csv: 4
2020-01-27T16:21:03, Number of rows in /TRACKING.csv is >= 4
2020-01-27T16:19:03, Remove tracking
2020-01-27T16:21:03, Write to /TRANSMIT.csv: 2000-01-19T16:11:03,3.99,2496.00,-14.6,43
2023-03-18T06:25:03, Number of rows in /TRANSMIT.csv: 5
2003-01-30T16:00:03, Current hour = 16, Transmission hour = 1
2001-03-26T16:00:03, 1416026246-17356:244-17254:244-16953:244-16247:250-14643
2020-01-27T16:25:03,  - attempt to send message: 1416026246-17356:244-17254:244-16953:244-16247:250-14643
2020-01-27T16:25:03,  - Modem begin successful
2020-01-27T16:23:03,  - Sending...
2020-01-27T16:25:03,  - Send response: 
2020-01-27T16:25:03,   - Sync clocks... 
2020-01-27T16:24:03,  - Arduino Old Time: 2000-00-20T00:84:03
2020-01-27T16:24:03,  - Arduino New Time: 2002-00-17T31:34:03
2020-01-27T16:21:03, Message sent! Removing /TRANSMIT.csv
2020-01-27T16:19:03, Done loop ...
2020-01-27T16:19:03, ... powering down.
2020-01-27T16:19:03, RTC Initialization Failed
2020-01-27T16:20:03, Setup Complete
2020-01-27T16:21:03, Data: 2009-05-14T16:02:03,3.99,25627,2477.00,2490.00,2483.50,-14.16,42.43,-6.84,884.09
2020-01-27T16:19:03, Add row to /TRACKING.csv
2023-03-18T06:25:03, Number of rows in /TRACKING.csv: 1
2020-01-27T16:19:03, Done loop ...
2020-01-27T16:19:03, ... powering down.
2020-01-27T16:19:03, RTC Initialization Failed
2020-01-27T16:20:03, Setup Complete
2020-01-27T16:21:03, Data: 2009-05-14T16:02:03,3.99,25627,2489.00,2496.00,2492.50,-13.58,43.07,-5.02,884.34
2020-01-27T16:19:03, Add row to /TRACKING.csv
2023-03-18T06:25:03, Number of rows in /TRACKING.csv: 2
2020-01-27T16:19:03, Done loop ...
2020-01-27T16:19:03, ... powering down.
2020-01-27T16:19:03, RTC Initialization Failed
2020-01-27T16:20:03, Setup Complete
2020-01-27T16:21:03, Data: 2009-05-14T16:02:03,4.00,25627,2485.00,2497.00,2490.00,-13.93,42.68,-4.61,884.09
2020-01-27T16:19:03, Add row to /TRACKING.csv
2023-03-18T07:45:03, Number of rows in /TRACKING.csv: 3
2020-01-27T16:19:03, Done loop ...
2020-01-27T16:19:03, ... powering down.
2020-01-27T16:19:03, RTC Initialization Failed
2020-01-27T16:20:03, Setup Complete
2020-01-27T16:21:03, Data: 2009-05-14T16:02:03,3.99,25627,2498.00,2516.00,2505.50,-12.74,41.37,-3.40,884.30
2020-01-27T16:19:03, Add row to /TRACKING.csv
2023-03-18T06:25:03, Number of rows in /TRACKING.csv: 4
2020-01-27T16:21:03, Number of rows in /TRACKING.csv is >= 4
2020-01-27T16:19:03, Remove tracking
2020-01-27T16:21:03, Write to /TRANSMIT.csv: 2009-05-14T16:02:03,3.99,2498.00,-12.7,41
2023-03-18T06:25:03, Number of rows in /TRANSMIT.csv: 1
2003-01-30T16:00:03, Current hour = 16, Transmission hour = 1
2003-01-30T16:00:03, Current hour = 16, Transmission hour = 6
2003-01-30T16:00:03, Current hour = 16, Transmission hour = 8
2003-01-30T16:00:03, Current hour = 16, Transmission hour = 10
2003-01-30T16:00:03, Current hour = 16, Transmission hour = 15
2003-01-30T16:00:03, Current hour = 16, Transmission hour = 20
2003-01-30T16:00:03, Current hour = 16, Transmission hour = 22
2020-01-27T16:19:03, Done loop ...
2020-01-27T16:19:03, ... powering down.
2020-01-27T16:19:03, RTC Initialization Failed
2020-01-27T16:20:03, Setup Complete
2020-01-27T16:21:03, Data: 2009-05-14T16:02:03,3.99,25627,2503.00,2523.00,2514.00,-12.29,38.68,-2.95,884.11
2020-01-27T16:19:03, Add row to /TRACKING.csv
2023-03-18T06:25:03, Number of rows in /TRACKING.csv: 1
2020-01-27T16:19:03, Done loop ...
2020-01-27T16:19:03, ... powering down.
2020-01-27T16:19:03, RTC Initialization Failed
2020-01-27T16:20:03, Setup Complete
2020-01-27T16:21:03, Data: 2009-05-14T16:02:03,3.99,25627,2503.00,2515.00,2510.50,-12.73,38.49,-3.11,884.46
2020-01-27T16:19:03, Add row to /TRACKING.csv
2023-03-08T06:25:03, Number of rows in /TRACKING.csv: 2
2020-01-27T16:19:03, Done loop ...
2020-01-27T16:19:03, ... powering down.
2020-01-27T16:19:03, RTC Initialization Failed
2020-01-27T16:20:03, Setup Complete
2020-01-27T16:21:03, Data: 2009-05-14T16:02:03,3.99,25627,2488.00,2502.00,2494.50,-13.05,39.67,-3.37,884.08
2020-01-27T16:19:03, Add row to /TRACKING.csv
2023-03-08T07:45:03, Number of rows in /TRACKING.csv: 3
2020-01-27T16:19:03, Done loop ...
2020-01-27T16:19:03, ... powering down.
2020-01-27T16:19:03, RTC Initialization Failed
2020-01-27T16:20:03, Setup Complete
2020-01-27T16:21:03, Data: 2009-05-14T16:02:03,3.99,25627,2491.00,2513.00,2501.00,-12.12,39.47,-2.66,884.54
2020-01-27T16:19:03, Add row to /TRACKING.csv
2023-03-18T06:25:03, Number of rows in /TRACKING.csv: 4
2020-01-27T16:21:03, Number of rows in /TRACKING.csv is >= 4
2020-01-27T16:19:03, Remove tracking
2020-01-27T16:21:03, Write to /TRANSMIT.csv: 2009-05-14T16:02:03,3.99,2491.00,-12.1,39
2023-03-18T06:25:03, Number of rows in /TRANSMIT.csv: 2
2020-01-27T16:23:03, Current hour = 16, Transmission hour = 1
2020-01-27T16:23:03, Current hour = 16, Transmission hour = 6
2020-01-27T16:23:03, Current hour = 16, Transmission hour = 8
2020-01-27T16:23:03, Current hour = 16, Transmission hour = 10
2020-01-27T16:23:03, Current hour = 16, Transmission hour = 15
2020-01-27T16:23:03, Current hour = 16, Transmission hour = 20
2020-01-27T16:23:03, Current hour = 16, Transmission hour = 22
2020-01-27T16:19:03, Done loop ...
2020-01-27T16:19:03, ... powering down.
2020-01-27T16:19:03, RTC Initialization Failed
2020-01-27T16:20:03, Setup Complete
2020-01-27T16:21:03, Data: 2000-01-19T16:11:03,3.99,25627,2500.00,2509.00,2506.50,-10.71,35.27,-1.94,884.34
2020-01-27T16:19:03, Add row to /TRACKING.csv
2023-03-18T06:25:03, Number of rows in /TRACKING.csv: 1
2020-01-27T16:19:03, Done loop ...
2020-01-27T16:19:03, ... powering down.
2020-01-27T16:19:03, RTC Initialization Failed
2020-01-27T16:20:03, Setup Complete
2020-01-27T16:21:03, Data: 2000-01-19T16:11:03,3.99,25627,2507.00,2516.00,2509.50,-10.60,36.03,-1.57,884.10
2020-01-27T16:19:03, Add row to /TRACKING.csv
2023-03-08T06:25:03, Number of rows in /TRACKING.csv: 2
2020-01-27T16:19:03, Done loop ...
2020-01-27T16:19:03, ... powering down.
2020-01-27T16:19:03, RTC Initialization Failed
2020-01-27T16:20:03, Setup Complete
2020-01-27T16:21:03, Data: 2009-05-14T16:02:03,4.00,25627,2497.00,2510.00,2500.50,-10.80,36.83,-1.90,883.99
2020-01-27T16:19:03, Add row to /TRACKING.csv
2023-03-18T06:25:03, Number of rows in /TRACKING.csv: 3
2020-01-27T16:19:03, Done loop ...
2020-01-27T16:19:03, ... powering down.
2020-01-27T16:19:03, RTC Initialization Failed
2020-01-27T16:20:03, Setup Complete
2020-01-27T16:21:03, Data: 2009-05-14T16:02:03,3.99,25627,2489.00,2502.00,2497.50,-10.56,39.05,-1.63,883.85
2020-01-27T16:19:03, Add row to /TRACKING.csv
2023-03-18T06:25:03, Number of rows in /TRACKING.csv: 4
2020-01-27T16:21:03, Number of rows in /TRACKING.csv is >= 4
2020-01-27T16:19:03, Remove tracking
2043-04-29T09:31:47, Write to /TRANSMIT.csv: 2009-05-14T16:02:03,3.99,2489.00,-10.6,39
2023-03-18T06:25:03, Number of rows in /TRANSMIT.csv: 3
2003-01-30T16:00:03, Current hour = 16, Transmission hour = 1
2003-01-30T16:00:03, Current hour = 16, Transmission hour = 6
2003-01-30T16:00:03, Current hour = 16, Transmission hour = 8
2003-01-30T16:00:03, Current hour = 16, Transmission hour = 10
2003-01-30T16:00:03, Current hour = 16, Transmission hour = 15
2003-01-30T16:00:03, Current hour = 16, Transmission hour = 20
2003-01-30T16:00:03, Current hour = 16, Transmission hour = 22
2020-01-27T16:19:03, Done loop ...
2020-01-27T16:19:03, ... powering down.
2020-01-27T16:19:03, RTC Initialization Failed
2020-01-27T16:20:03, Setup Complete
2020-01-27T16:21:03, Data: 2009-05-14T16:02:03,3.99,25627,2496.00,4990.00,2500.50,-11.10,39.62,-1.64,883.73
2020-01-27T16:19:03, Add row to /TRACKING.csv
2023-03-18T06:25:03, Number of rows in /TRACKING.csv: 1
2020-01-27T16:19:03, Done loop ...
2020-01-27T16:19:03, ... powering down.
2020-01-27T16:19:03, RTC Initialization Failed
2020-01-27T16:20:03, Setup Complete
2020-01-27T16:21:03, Data: 2009-05-14T16:02:03,3.99,25627,2493.00,4989.00,2498.50,-11.12,38.73,-1.34,883.64
2020-01-27T16:19:03, Add row to /TRACKING.csv
2023-03-08T07:45:03, Number of rows in /TRACKING.csv: 2
2020-01-27T16:19:03, Done loop ...
2020-01-27T16:19:03, ... powering down.
2020-01-27T16:19:03, RTC Initialization Failed
2020-01-27T16:20:03, Setup Complete
2020-01-27T16:21:03, Data: 2009-05-14T16:02:03,3.99,25627,2490.00,2500.00,2496.00,-10.56,37.88,-1.39,883.58
2020-01-27T16:19:03, Add row to /TRACKING.csv
2023-03-18T06:25:03, Number of rows in /TRACKING.csv: 3
2020-01-27T16:19:03, Done loop ...
2020-01-27T16:19:03, ... powering down.
2020-01-27T16:19:03, RTC Initialization Failed
2020-01-27T16:20:03, Setup Complete
2020-01-27T16:21:03, Data: 2009-05-14T16:02:03,3.99,25627,2486.00,2498.00,2493.00,-11.32,39.96,-1.53,883.45
2020-01-27T16:19:03, Add row to /TRACKING.csv
2023-03-08T06:25:03, Number of rows in /TRACKING.csv: 4
2020-01-27T16:21:03, Number of rows in /TRACKING.csv is >= 4
2020-01-27T16:19:03, Remove tracking
2020-01-27T16:21:03, Write to /TRANSMIT.csv: 2009-05-14T16:02:03,3.99,2486.00,-11.3,40
2023-03-08T06:25:03, Number of rows in /TRANSMIT.csv: 4
2003-01-30T16:00:03, Current hour = 16, Transmission hour = 1
2003-01-30T16:00:03, Current hour = 16, Transmission hour = 6
2003-01-30T16:00:03, Current hour = 16, Transmission hour = 8
2003-01-30T16:00:03, Current hour = 16, Transmission hour = 10
2003-01-30T16:00:03, Current hour = 16, Transmission hour = 15
2003-01-30T16:00:03, Current hour = 16, Transmission hour = 20
2003-01-30T16:00:03, Current hour = 16, Transmission hour = 22
2020-01-27T16:19:03, Done loop ...
2020-01-27T16:19:03, ... powering down.
2020-01-27T16:19:03, RTC Initialization Failed
2020-01-27T16:20:03, Setup Complete
2020-01-27T16:21:03, Data: 2009-05-14T16:02:03,3.99,25627,2485.00,2497.00,2494.00,-10.68,40.03,-1.40,883.08
2020-01-27T16:19:03, Add row to /TRACKING.csv
2023-03-18T06:25:03, Number of rows in /TRACKING.csv: 1
2020-01-27T16:19:03, Done loop ...
2020-01-27T16:19:03, ... powering down.
2020-01-27T16:19:03, RTC Initialization Failed
2020-01-27T16:20:03, Setup Complete
2020-01-27T16:21:03, Data: 2009-05-14T16:02:03,3.99,25627,2489.00,4992.00,3775.00,-10.71,39.60,-1.98,882.93
2020-01-27T16:19:03, Add row to /TRACKING.csv
2023-03-18T06:25:03, Number of rows in /TRACKING.csv: 2
2020-01-27T16:19:03, Done loop ...
2020-01-27T16:19:03, ... powering down.
2020-01-27T16:19:03, RTC Initialization Failed
2020-01-27T16:20:03, Setup Complete
2020-01-27T16:21:03, Data: 2009-05-14T16:02:03,3.99,25627,2487.00,4991.00,2498.00,-10.08,37.85,-2.66,882.84
2020-01-27T16:19:03, Add row to /TRACKING.csv
2023-03-18T07:45:03, Number of rows in /TRACKING.csv: 3
2020-01-27T16:19:03, Done loop ...
2020-01-27T16:19:03, ... powering down.
2020-01-27T16:19:03, RTC Initialization Failed
2020-01-27T16:20:03, Setup Complete
2020-01-27T16:21:03, Data: 2009-05-14T16:02:03,3.88,25627,2481.00,2489.00,2483.00,-10.30,40.00,-3.13,882.58
2020-01-27T16:19:03, Add row to /TRACKING.csv
2023-03-18T07:45:03, Number of rows in /TRACKING.csv: 4
2020-01-27T16:21:03, Number of rows in /TRACKING.csv is >= 4
2020-01-27T16:19:03, Remove tracking
2020-01-27T16:21:03, Write to /TRANSMIT.csv: 2009-05-14T16:02:03,3.88,2481.00,-10.3,40
2023-03-18T07:45:03, Number of rows in /TRANSMIT.csv: 5
2003-01-30T16:00:03, Current hour = 16, Transmission hour = 1
2001-03-26T16:00:03, 1416025250-12741:249-12139:249-10639:249-11340:248-10340
2020-01-27T16:25:03,  - attempt to send message: 1416025250-12741:249-12139:249-10639:249-11340:248-10340
2020-01-27T16:25:03,  - Modem begin successful
2020-01-27T16:23:03,  - Sending...
2020-01-27T16:25:03,  - Send response: 
2020-01-27T16:25:03,   - Sync clocks... 
2020-01-27T16:24:03,  - Arduino Old Time: 2000-00-20T00:84:03
2020-01-27T16:24:03,  - Arduino New Time: 2002-00-23T08:18:03
2020-01-27T16:21:03, Message sent! Removing /TRANSMIT.csv
2020-01-27T16:19:03, Done loop ...
2020-01-27T16:19:03, ... powering down.
2020-01-27T16:19:03, RTC Initialization Failed
2020-01-27T16:20:03, Setup Complete
2020-01-27T16:21:03, Data: 2009-05-14T16:02:03,3.87,25627,2475.00,2495.00,2484.00,-10.33,38.56,-3.32,882.54
2020-01-27T16:19:03, Add row to /TRACKING.csv
2023-03-18T07:45:03, Number of rows in /TRACKING.csv: 1
2020-01-27T16:19:03, Done loop ...
2020-01-27T16:19:03, ... powering down.
2020-01-27T16:19:03, RTC Initialization Failed
2020-01-27T16:20:03, Setup Complete
2020-01-27T16:21:03, Data: 2009-05-14T16:02:03,3.99,25627,2474.00,2486.00,2482.00,-11.43,43.13,-3.94,882.47
2020-01-27T16:19:03, Add row to /TRACKING.csv
2023-03-18T07:45:03, Number of rows in /TRACKING.csv: 2
2020-01-27T16:19:03, Done loop ...
2020-01-27T16:19:03, ... powering down.
2020-01-27T16:19:03, RTC Initialization Failed
2020-01-27T16:20:03, Setup Complete
2020-01-27T16:21:03, Data: 2009-05-14T16:02:03,3.99,25627,2465.00,2480.00,2476.50,-11.35,43.20,-4.71,882.34
2020-01-27T16:19:03, Add row to /TRACKING.csv
2023-03-18T07:45:03, Number of rows in /TRACKING.csv: 3
2020-01-27T16:19:03, Done loop ...
2020-01-27T16:19:03, ... powering down.
2020-01-27T16:19:03, RTC Initialization Failed
2020-01-27T16:20:03, Setup Complete
2020-01-27T16:21:03, Data: 2009-05-14T16:02:03,3.88,25627,2475.00,2488.00,2479.00,-11.50,45.95,-5.65,882.42
2020-01-27T16:19:03, Add row to /TRACKING.csv
2023-03-18T07:45:03, Number of rows in /TRACKING.csv: 4
2020-01-27T16:21:03, Number of rows in /TRACKING.csv is >= 4
2020-01-27T16:19:03, Remove tracking
2020-01-27T16:21:03, Write to /TRANSMIT.csv: 2009-05-14T16:02:03,3.88,2475.00,-11.5,46
2023-03-18T07:45:03, Number of rows in /TRANSMIT.csv: 1
2003-01-30T16:00:03, Current hour = 16, Transmission hour = 1
2003-01-30T16:00:03, Current hour = 16, Transmission hour = 6
2003-01-30T16:00:03, Current hour = 16, Transmission hour = 8
2003-01-30T16:00:03, Current hour = 16, Transmission hour = 10
2003-01-30T16:00:03, Current hour = 16, Transmission hour = 15
2003-01-30T16:00:03, Current hour = 16, Transmission hour = 20
2003-01-30T16:00:03, Current hour = 16, Transmission hour = 22
2020-01-27T16:19:03, Done loop ...
2020-01-27T16:19:03, ... powering down.
2020-01-27T16:19:03, RTC Initialization Failed
2020-01-27T16:20:03, Setup Complete
2020-01-27T16:21:03, Data: 2009-05-14T16:02:03,3.87,25627,2485.00,2510.00,2496.50,-11.39,44.11,-6.39,882.11
2020-01-27T16:19:03, Add row to /TRACKING.csv
2023-03-18T06:25:03, Number of rows in /TRACKING.csv: 1
2020-01-27T16:19:03, Done loop ...
2020-01-27T16:19:03, ... powering down.
2020-01-27T16:19:03, RTC Initialization Failed
2020-01-27T16:20:03, Setup Complete
2020-01-27T16:21:03, Data: 2009-05-14T16:02:03,3.74,25627,2467.00,2486.00,2479.00,-11.85,47.16,-7.87,881.94
2020-01-27T16:19:03, Add row to /TRACKING.csv
2023-03-18T07:45:03, Number of rows in /TRACKING.csv: 2
2020-01-27T16:19:03, Done loop ...
2020-01-27T16:19:03, ... powering down.
2020-01-27T16:19:03, RTC Initialization Failed
2020-01-27T16:20:03, Setup Complete
2020-01-27T16:21:03, Data: 2009-05-14T16:02:03,3.73,25627,2460.00,2473.00,2467.00,-13.50,50.60,-11.80,881.79
2020-01-27T16:19:03, Add row to /TRACKING.csv
2023-03-18T06:25:03, Number of rows in /TRACKING.csv: 3
2020-01-27T16:19:03, Done loop ...
2020-01-27T16:19:03, ... powering down.
2020-01-27T16:19:03, RTC Initialization Failed
2020-01-27T16:20:03, Setup Complete
2020-01-27T16:21:03, Data: 2000-01-19T16:11:03,3.72,25627,2459.00,2473.00,2462.50,-13.71,51.46,-13.40,881.96
2020-01-27T16:19:03, Add row to /TRACKING.csv
2023-03-18T07:45:03, Number of rows in /TRACKING.csv: 4
2020-01-27T16:21:03, Number of rows in /TRACKING.csv is >= 4
2020-01-27T16:19:03, Remove tracking
2020-01-27T16:21:03, Write to /TRANSMIT.csv: 2000-01-19T16:11:03,3.72,2459.00,-13.7,51
2023-03-18T07:45:03, Number of rows in /TRANSMIT.csv: 2
2020-01-27T16:22:03, Current hour = 16, Transmission hour = 1
2020-01-27T16:22:03, Current hour = 16, Transmission hour = 6
2020-01-27T16:22:03, Current hour = 16, Transmission hour = 8
2020-01-27T16:22:03, Current hour = 16, Transmission hour = 10
2020-01-27T16:22:03, Current hour = 16, Transmission hour = 15
2020-01-27T16:22:03, Current hour = 16, Transmission hour = 20
2020-01-27T16:22:03, Current hour = 16, Transmission hour = 22
2020-01-27T16:19:03, Done loop ...
2020-01-27T16:19:03, ... powering down.
2020-01-27T16:19:03, RTC Initialization Failed
2020-01-27T16:20:03, Setup Complete
2020-01-27T16:21:03, Data: 2009-05-14T16:02:03,3.71,25627,2461.00,2474.00,2467.00,-14.01,52.48,-14.26,881.91
2020-01-27T16:19:03, Add row to /TRACKING.csv
2023-03-18T07:45:03, Number of rows in /TRACKING.csv: 1
2020-01-27T16:19:03, Done loop ...
2020-01-27T16:19:03, ... powering down.
2020-01-27T16:19:03, RTC Initialization Failed
2020-01-27T16:20:03, Setup Complete
2020-01-27T16:21:03, Data: 2009-05-14T16:02:03,3.71,25627,2461.00,2494.00,2469.00,-13.88,51.71,-14.67,881.92
2020-01-27T16:19:03, Add row to /TRACKING.csv
2023-03-18T07:45:03, Number of rows in /TRACKING.csv: 2
2020-01-27T16:19:03, Done loop ...
2020-01-27T16:19:03, ... powering down.
2020-01-27T16:19:03, RTC Initialization Failed
2020-01-27T16:20:03, Setup Complete
2020-01-27T16:21:03, Data: 2009-05-14T16:02:03,3.71,25627,2459.00,2483.00,2465.50,-14.25,53.27,-15.03,881.92
2020-01-27T16:19:03, Add row to /TRACKING.csv
2023-03-18T07:45:03, Number of rows in /TRACKING.csv: 3
2020-01-27T16:19:03, Done loop ...
2020-01-27T16:19:03, ... powering down.
2020-01-27T16:19:03, RTC Initialization Failed
2020-01-27T16:20:03, Setup Complete
2020-01-27T16:21:03, Data: 2009-05-14T16:02:03,3.70,25627,2460.00,2471.00,2464.00,-14.22,53.46,-15.37,881.93
2020-01-27T16:19:03, Add row to /TRACKING.csv
2023-03-18T07:45:03, Number of rows in /TRACKING.csv: 4
2020-01-27T16:21:03, Number of rows in /TRACKING.csv is >= 4
2020-01-27T16:19:03, Remove tracking
2020-01-27T16:21:03, Write to /TRANSMIT.csv: 2009-05-14T16:02:03,3.70,2460.00,-14.2,53
2023-03-18T07:45:03, Number of rows in /TRANSMIT.csv: 3
2003-01-30T16:00:03, Current hour = 16, Transmission hour = 1
2003-01-30T16:00:03, Current hour = 16, Transmission hour = 6
2003-01-30T16:00:03, Current hour = 16, Transmission hour = 8
2003-01-30T16:00:03, Current hour = 16, Transmission hour = 10
2003-01-30T16:00:03, Current hour = 16, Transmission hour = 15
2003-01-30T16:00:03, Current hour = 16, Transmission hour = 20
2003-01-30T16:00:03, Current hour = 16, Transmission hour = 22
2020-01-27T16:19:03, Done loop ...
2020-01-27T16:19:03, ... powering down.
2020-01-27T16:19:03, RTC Initialization Failed
2020-01-27T16:20:03, Setup Complete
2020-01-27T16:21:03, Data: 2009-05-14T16:02:03,3.70,25627,2454.00,2468.00,2466.00,-14.19,53.50,-15.61,881.79
2020-01-27T16:19:03, Add row to /TRACKING.csv
2023-03-18T07:45:03, Number of rows in /TRACKING.csv: 1
2020-01-27T16:19:03, Done loop ...
2020-01-27T16:19:03, ... powering down.
2020-01-27T16:19:03, RTC Initialization Failed
2020-01-27T16:20:03, Setup Complete
2043-04-29T09:31:47, Data: 2009-05-14T16:02:03,3.69,25627,2454.00,2467.00,2461.50,-14.16,52.91,-15.60,881.67
2020-01-27T16:19:03, Add row to /TRACKING.csv
2023-03-18T07:45:03, Number of rows in /TRACKING.csv: 2
2020-01-27T16:19:03, Done loop ...
2020-01-27T16:19:03, ... powering down.
2020-01-27T16:19:03, RTC Initialization Failed
2020-01-27T16:20:03, Setup Complete
2020-01-27T16:21:03, Data: 2009-05-14T16:02:03,3.70,25627,2462.00,4994.00,2470.50,-14.03,53.50,-15.46,881.56
2020-01-27T16:19:03, Add row to /TRACKING.csv
2023-03-18T07:45:03, Number of rows in /TRACKING.csv: 3
2020-01-27T16:19:03, Done loop ...
2020-01-27T16:19:03, ... powering down.
2020-01-27T16:19:03, RTC Initialization Failed
2020-01-27T16:20:03, Setup Complete
2043-04-29T09:31:47, Data: 2009-05-14T16:02:03,3.69,25627,2465.00,2484.00,2468.50,-14.18,53.88,-15.49,881.52
2020-01-27T16:19:03, Add row to /TRACKING.csv
2023-03-18T07:45:03, Number of rows in /TRACKING.csv: 4
2020-01-27T16:21:03, Number of rows in /TRACKING.csv is >= 4
2020-01-27T16:19:03, Remove tracking
2020-01-27T16:21:03, Write to /TRANSMIT.csv: 2009-05-14T16:02:03,3.69,2465.00,-14.2,54
2023-03-18T07:45:03, Number of rows in /TRANSMIT.csv: 4
2003-01-30T16:00:03, Current hour = 16, Transmission hour = 1
2003-01-30T16:00:03, Current hour = 16, Transmission hour = 6
2003-01-30T16:00:03, Current hour = 16, Transmission hour = 8
2003-01-30T16:00:03, Current hour = 16, Transmission hour = 10
2003-01-30T16:00:03, Current hour = 16, Transmission hour = 15
2003-01-30T16:00:03, Current hour = 16, Transmission hour = 20
2003-01-30T16:00:03, Current hour = 16, Transmission hour = 22
2020-01-27T16:19:03, Done loop ...
2020-01-27T16:19:03, ... powering down.
2020-01-27T16:19:03, RTC Initialization Failed
2020-01-27T16:20:03, Setup Complete
2020-01-27T16:21:03, Data: 2000-01-19T16:11:03,3.69,25627,2482.00,4994.00,2519.50,-13.54,51.87,-15.15,881.43
2020-01-27T16:19:03, Add row to /TRACKING.csv
2023-03-18T07:45:03, Number of rows in /TRACKING.csv: 1
2020-01-27T16:19:03, Done loop ...
2020-01-27T16:19:03, ... powering down.
2020-01-27T16:19:03, RTC Initialization Failed
2020-01-27T16:20:03, Setup Complete
2020-01-27T16:21:03, Data: 2009-05-14T16:02:03,3.69,25627,2460.00,2473.00,2469.50,-13.81,51.90,-14.96,881.39
2020-01-27T16:19:03, Add row to /TRACKING.csv
2023-03-18T07:45:03, Number of rows in /TRACKING.csv: 2
2020-01-27T16:19:03, Done loop ...
2020-01-27T16:19:03, ... powering down.
2020-01-27T16:19:03, RTC Initialization Failed
2020-01-27T16:20:03, Setup Complete
2020-01-27T16:21:03, Data: 2009-05-14T16:02:03,3.69,25627,2459.00,2472.00,2469.50,-13.60,50.46,-14.97,881.38
2020-01-27T16:19:03, Add row to /TRACKING.csv
2023-03-18T07:45:03, Number of rows in /TRACKING.csv: 3
2020-01-27T16:19:03, Done loop ...
2020-01-27T16:19:03, ... powering down.
2020-01-27T16:19:03, RTC Initialization Failed
2020-01-27T16:20:03, Setup Complete
2020-01-27T16:21:03, Data: 2009-05-14T16:02:03,3.69,25627,2459.00,2469.00,2465.50,-13.61,50.25,-15.04,881.29
2020-01-27T16:19:03, Add row to /TRACKING.csv
2023-03-18T07:45:03, Number of rows in /TRACKING.csv: 4
2020-01-27T16:21:03, Number of rows in /TRACKING.csv is >= 4
2020-01-27T16:19:03, Remove tracking
2020-01-27T16:21:03, Write to /TRANSMIT.csv: 2009-05-14T16:02:03,3.69,2459.00,-13.6,50
2023-03-18T07:45:03, Number of rows in /TRANSMIT.csv: 5
2003-01-30T16:00:03, Current hour = 16, Transmission hour = 1
2001-03-26T16:00:03, 1416023248-11546:246-13751:246-14253:247-14254:246-13650
2020-01-27T16:25:03,  - attempt to send message: 1416023248-11546:246-13751:246-14253:247-14254:246-13650
2020-01-27T16:21:03,  - Modem begin successful
2020-01-27T16:21:03,  - Sending...
2020-01-27T16:21:03,  - Send response: 
2020-01-27T16:22:03,   - Sync clocks... 
2020-01-27T16:25:03,  - Arduino Old Time: 2000-00-20T00:84:03
2020-01-27T16:24:03,  - Arduino New Time: 2002-00-04T43:35:03
2020-01-27T16:21:03, Message sent! Removing /TRANSMIT.csv
2020-01-27T16:19:03, Done loop ...
2020-01-27T16:19:03, ... powering down.
2020-01-27T16:19:03, RTC Initialization Failed
2020-01-27T16:20:03, Setup Complete
2020-01-27T16:21:03, Data: 2009-05-14T16:02:03,3.69,25627,2459.00,2477.00,2463.50,-13.70,51.59,-15.40,881.29
2020-01-27T16:19:03, Add row to /TRACKING.csv
2023-03-18T07:45:03, Number of rows in /TRACKING.csv: 1
2020-01-27T16:19:03, Done loop ...
2020-01-27T16:19:03, ... powering down.
2020-01-27T16:19:03, RTC Initialization Failed
2020-01-27T16:20:03, Setup Complete
2020-01-27T16:21:03, Data: 2009-05-14T16:02:03,3.69,25627,2460.00,2480.00,2471.50,-13.79,51.46,-15.34,881.11
2020-01-27T16:19:03, Add row to /TRACKING.csv
2023-03-18T07:45:03, Number of rows in /TRACKING.csv: 2
2020-01-27T16:19:03, Done loop ...
2020-01-27T16:19:03, ... powering down.
2020-01-27T16:19:03, RTC Initialization Failed
2020-01-27T16:20:03, Setup Complete
2020-01-27T16:21:03, Data: 2009-05-14T16:02:03,3.69,25627,2459.00,2484.00,2470.00,-13.34,49.44,-15.03,880.92
2020-01-27T16:19:03, Add row to /TRACKING.csv
2023-03-18T07:45:03, Number of rows in /TRACKING.csv: 3
2020-01-27T16:19:03, Done loop ...
2020-01-27T16:19:03, ... powering down.
2020-01-27T16:19:03, RTC Initialization Failed
2020-01-27T16:20:03, Setup Complete
2020-01-27T16:21:03, Data: 2009-05-14T16:02:03,3.69,25627,2463.00,2473.00,2468.00,-13.36,49.33,-15.17,880.77
2020-01-27T16:19:03, Add row to /TRACKING.csv
2023-03-18T07:45:03, Number of rows in /TRACKING.csv: 4
2020-01-27T16:21:03, Number of rows in /TRACKING.csv is >= 4
2020-01-27T16:19:03, Remove tracking
2020-01-27T16:21:03, Write to /TRANSMIT.csv: 2009-05-14T16:02:03,3.69,2463.00,-13.4,49
2023-03-18T07:45:03, Number of rows in /TRANSMIT.csv: 1
2020-01-27T16:23:03, Current hour = 16, Transmission hour = 1
2020-01-27T16:23:03, Current hour = 16, Transmission hour = 6
2020-01-27T16:23:03, Current hour = 16, Transmission hour = 8
2020-01-27T16:23:03, Current hour = 16, Transmission hour = 10
2020-01-27T16:23:03, Current hour = 16, Transmission hour = 15
2020-01-27T16:23:03, Current hour = 16, Transmission hour = 20
2020-01-27T16:23:03, Current hour = 16, Transmission hour = 22
2020-01-27T16:19:03, Done loop ...
2020-01-27T16:19:03, ... powering down.
2020-01-27T16:19:03, RTC Initialization Failed
2020-01-27T16:20:03, Setup Complete
2020-01-27T16:21:03, Data: 2009-05-14T16:02:03,3.69,25627,2465.00,2476.00,2470.00,-13.08,48.30,-14.97,880.70
2020-01-27T16:19:03, Add row to /TRACKING.csv
2023-03-18T07:45:03, Number of rows in /TRACKING.csv: 1
2020-01-27T16:19:03, Done loop ...
2020-01-27T16:19:03, ... powering down.
2020-01-27T16:19:03, RTC Initialization Failed
2020-01-27T16:20:03, Setup Complete
2020-01-27T16:21:03, Data: 2009-05-14T16:02:03,3.69,25627,2467.00,2476.00,2469.00,-13.40,50.41,-14.91,880.66
2020-01-27T16:19:03, Add row to /TRACKING.csv
2023-03-18T07:45:03, Number of rows in /TRACKING.csv: 2
2020-01-27T16:19:03, Done loop ...
2020-01-27T16:19:03, ... powering down.
2020-01-27T16:19:03, RTC Initialization Failed
2020-01-27T16:20:03, Setup Complete
2020-01-27T16:21:03, Data: 2009-05-14T16:02:03,3.69,25627,2466.00,2484.00,2474.00,-13.20,49.30,-14.70,880.62
2020-01-27T16:19:03, Add row to /TRACKING.csv
2023-03-18T07:45:03, Number of rows in /TRACKING.csv: 3
2020-01-27T16:19:03, Done loop ...
2020-01-27T16:19:03, ... powering down.
2020-01-27T16:19:03, RTC Initialization Failed
2020-01-27T16:20:03, Setup Complete
2020-01-27T16:21:03, Data: 2009-05-14T16:02:03,3.70,25627,2459.00,2474.00,2468.00,-13.06,48.60,-14.85,880.61
2020-01-27T16:19:03, Add row to /TRACKING.csv
2023-03-18T07:45:03, Number of rows in /TRACKING.csv: 4
2020-01-27T16:21:03, Number of rows in /TRACKING.csv is >= 4
2020-01-27T16:19:03, Remove tracking
2020-01-27T16:21:03, Write to /TRANSMIT.csv: 2009-05-14T16:02:03,3.70,2459.00,-13.1,49
2023-03-18T07:45:03, Number of rows in /TRANSMIT.csv: 2
2020-01-27T16:22:03, Current hour = 16, Transmission hour = 1
2020-01-27T16:22:03, Current hour = 16, Transmission hour = 6
2020-01-27T16:22:03, Current hour = 16, Transmission hour = 8
2020-01-27T16:22:03, Current hour = 16, Transmission hour = 10
2020-01-27T16:22:03, Current hour = 16, Transmission hour = 15
2020-01-27T16:22:03, Current hour = 16, Transmission hour = 20
2020-01-27T16:22:03, Current hour = 16, Transmission hour = 22
2020-01-27T16:19:03, Done loop ...
2020-01-27T16:19:03, ... powering down.
2020-01-27T16:19:03, RTC Initialization Failed
2020-01-27T16:20:03, Setup Complete
2020-01-27T16:21:03, Data: 2009-05-14T16:02:03,3.69,25627,2458.00,4995.00,2480.00,-12.63,46.68,-14.52,880.37
2020-01-27T16:19:03, Add row to /TRACKING.csv
2023-03-18T07:45:03, Number of rows in /TRACKING.csv: 1
2020-01-27T16:19:03, Done loop ...
2020-01-27T16:19:03, ... powering down.
2020-01-27T16:19:03, RTC Initialization Failed
2020-01-27T16:20:03, Setup Complete
2020-01-27T16:21:03, Data: 2009-05-14T16:02:03,3.70,25627,2465.00,4993.00,2477.50,-12.89,47.13,-14.49,880.31
2020-01-27T16:19:03, Add row to /TRACKING.csv
2023-03-18T07:45:03, Number of rows in /TRACKING.csv: 2
2020-01-27T16:19:03, Done loop ...
2020-01-27T16:19:03, ... powering down.
2020-01-27T16:19:03, RTC Initialization Failed
2020-01-27T16:20:03, Setup Complete
2020-01-27T16:21:03, Data: 2009-05-14T16:02:03,3.70,25627,2460.00,2476.00,2468.50,-12.71,47.66,-14.46,880.22
2020-01-27T16:19:03, Add row to /TRACKING.csv
2023-03-18T07:45:03, Number of rows in /TRACKING.csv: 3
2020-01-27T16:19:03, Done loop ...
2020-01-27T16:19:03, ... powering down.
2020-01-27T16:19:03, RTC Initialization Failed
2020-01-27T16:20:03, Setup Complete
2020-01-27T16:21:03, Data: 2009-05-14T16:02:03,3.69,25627,2457.00,2469.00,2465.50,-12.87,47.92,-14.58,880.14
2020-01-27T16:19:03, Add row to /TRACKING.csv
2023-03-18T07:45:03, Number of rows in /TRACKING.csv: 4
2020-01-27T16:21:03, Number of rows in /TRACKING.csv is >= 4
2020-01-27T16:19:03, Remove tracking
2020-01-27T16:21:03, Write to /TRANSMIT.csv: 2009-05-14T16:02:03,3.69,2457.00,-12.9,48
2023-03-18T07:45:03, Number of rows in /TRANSMIT.csv: 3
2003-01-30T16:00:03, Current hour = 16, Transmission hour = 1
2003-01-30T16:00:03, Current hour = 16, Transmission hour = 6
2003-01-30T16:00:03, Current hour = 16, Transmission hour = 8
2003-01-30T16:00:03, Current hour = 16, Transmission hour = 10
2003-01-30T16:00:03, Current hour = 16, Transmission hour = 15
2003-01-30T16:00:03, Current hour = 16, Transmission hour = 20
2003-01-30T16:00:03, Current hour = 16, Transmission hour = 22
2020-01-27T16:19:03, Done loop ...
2020-01-27T16:19:03, ... powering down.
2020-01-27T16:19:03, RTC Initialization Failed
2020-01-27T16:20:03, Setup Complete
2020-01-27T16:21:03, Data: 2009-05-14T16:02:03,3.69,25627,2459.00,2469.00,2464.00,-12.91,48.32,-14.57,880.10
2020-01-27T16:19:03, Add row to /TRACKING.csv
2023-03-18T07:45:03, Number of rows in /TRACKING.csv: 1
2020-01-27T16:19:03, Done loop ...
2020-01-27T16:19:03, ... powering down.
2020-01-27T16:19:03, RTC Initialization Failed
2020-01-27T16:20:03, Setup Complete
2020-01-27T16:21:03, Data: 2009-05-14T16:02:03,3.69,25627,2467.00,2480.00,2470.50,-12.32,45.79,-14.19,879.95
2020-01-27T16:19:03, Add row to /TRACKING.csv
2023-03-18T07:45:03, Number of rows in /TRACKING.csv: 2
2020-01-27T16:19:03, Done loop ...
2020-01-27T16:19:03, ... powering down.
2020-01-27T16:19:03, RTC Initialization Failed
2020-01-27T16:20:03, Setup Complete
2020-01-27T16:21:03, Data: 2009-05-14T16:02:03,3.70,25627,2458.00,2478.00,2469.00,-12.49,46.26,-14.15,880.03
2020-01-27T16:19:03, Add row to /TRACKING.csv
2023-03-18T07:45:03, Number of rows in /TRACKING.csv: 3
2020-01-27T16:19:03, Done loop ...
2020-01-27T16:19:03, ... powering down.
2020-01-27T16:19:03, RTC Initialization Failed
2020-01-27T16:20:03, Setup Complete
2020-01-27T16:21:03, Data: 2009-05-14T16:02:03,3.70,25627,2469.00,2479.00,2472.50,-12.59,46.47,-14.14,879.96
2020-01-27T16:19:03, Add row to /TRACKING.csv
2023-03-18T07:45:03, Number of rows in /TRACKING.csv: 4
2020-01-27T16:21:03, Number of rows in /TRACKING.csv is >= 4
2020-01-27T16:19:03, Remove tracking
2020-01-27T16:21:03, Write to /TRANSMIT.csv: 2009-05-14T16:02:03,3.70,2469.00,-12.6,46
2023-03-18T07:45:03, Number of rows in /TRANSMIT.csv: 4
2003-01-30T16:00:03, Current hour = 16, Transmission hour = 1
2003-01-30T16:00:03, Current hour = 16, Transmission hour = 6
2003-01-30T16:00:03, Current hour = 16, Transmission hour = 8
2003-01-30T16:00:03, Current hour = 16, Transmission hour = 10
2003-01-30T16:00:03, Current hour = 16, Transmission hour = 15
2003-01-30T16:00:03, Current hour = 16, Transmission hour = 20
2003-01-30T16:00:03, Current hour = 16, Transmission hour = 22
2020-01-27T16:19:03, Done loop ...
2020-01-27T16:19:03, ... powering down.
2020-01-27T16:19:03, RTC Initialization Failed
2020-01-27T16:20:03, Setup Complete
2020-01-27T16:21:03, Data: 2009-05-14T16:02:03,3.70,25627,2460.00,2471.00,2465.50,-12.50,45.59,-14.14,879.97
2020-01-27T16:19:03, Add row to /TRACKING.csv
2023-03-18T07:45:03, Number of rows in /TRACKING.csv: 1
2020-01-27T16:19:03, Done loop ...
2020-01-27T16:19:03, ... powering down.
2020-01-27T16:19:03, RTC Initialization Failed
2020-01-27T16:20:03, Setup Complete
2020-01-27T16:21:03, Data: 2009-05-14T16:02:03,3.69,25627,2468.00,2476.00,2473.50,-12.26,45.16,-14.19,880.10
2020-01-27T16:19:03, Add row to /TRACKING.csv
2023-03-18T07:45:03, Number of rows in /TRACKING.csv: 2
2020-01-27T16:19:03, Done loop ...
2020-01-27T16:19:03, ... powering down.
2020-01-27T16:19:03, RTC Initialization Failed
2020-01-27T16:20:03, Setup Complete
2020-01-27T16:21:03, Data: 2009-05-14T16:02:03,3.70,25627,2460.00,2470.00,2464.50,-12.49,44.29,-14.34,879.94
2020-01-27T16:19:03, Add row to /TRACKING.csv
2023-03-18T07:45:03, Number of rows in /TRACKING.csv: 3
2020-01-27T16:19:03, Done loop ...
2020-01-27T16:19:03, ... powering down.
2020-01-27T16:19:03, RTC Initialization Failed
2020-01-27T16:20:03, Setup Complete
2020-01-27T16:21:03, Data: 2009-05-14T16:02:03,3.70,25627,2466.00,2473.00,2468.00,-12.25,42.84,-14.27,879.71
2020-01-27T16:19:03, Add row to /TRACKING.csv
2023-03-18T07:45:03, Number of rows in /TRACKING.csv: 4
2020-01-27T16:21:03, Number of rows in /TRACKING.csv is >= 4
2020-01-27T16:19:03, Remove tracking
2020-01-27T16:21:03, Write to /TRANSMIT.csv: 2009-05-14T16:02:03,3.70,2466.00,-12.2,43
2023-03-18T07:45:03, Number of rows in /TRANSMIT.csv: 5
2003-01-30T16:00:03, Current hour = 16, Transmission hour = 1
2001-03-26T16:00:03, 1416024246-13449:246-13149:246-12948:247-12646:247-12243
2020-01-27T16:25:03,  - attempt to send message: 1416024246-13449:246-13149:246-12948:247-12646:247-12243
2020-01-27T16:22:03,  - Modem begin successful
2020-01-27T16:22:03,  - Sending...
2020-01-27T16:22:03,  - Send response: 
2020-01-27T16:22:03,   - Sync clocks... 
2020-01-27T16:25:03,  - Arduino Old Time: 2000-00-20T00:84:03
2020-01-27T16:24:03,  - Arduino New Time: 2002-00-10T19:21:03
2020-01-27T16:21:03, Message sent! Removing /TRANSMIT.csv
2020-01-27T16:19:03, Done loop ...
2020-01-27T16:19:03, ... powering down.
2020-01-27T16:19:03, RTC Initialization Failed
2020-01-27T16:20:03, Setup Complete
2020-01-27T16:21:03, Data: 2009-05-14T16:02:03,3.69,25627,2471.00,2500.00,2479.50,-12.32,43.35,-14.09,879.65
2020-01-27T16:19:03, Add row to /TRACKING.csv
2023-03-18T07:45:03, Number of rows in /TRACKING.csv: 1
2020-01-27T16:19:03, Done loop ...
2020-01-27T16:19:03, ... powering down.
2020-01-27T16:19:03, RTC Initialization Failed
2020-01-27T16:20:03, Setup Complete
2020-01-27T16:21:03, Data: 2009-05-14T16:02:03,3.69,25627,2466.00,2483.00,2475.50,-12.14,41.72,-13.99,879.70
2020-01-27T16:19:03, Add row to /TRACKING.csv
2023-03-18T07:45:03, Number of rows in /TRACKING.csv: 2
2020-01-27T16:19:03, Done loop ...
2020-01-27T16:19:03, ... powering down.
2020-01-27T16:19:03, RTC Initialization Failed
2020-01-27T16:20:03, Setup Complete
2020-01-27T16:21:03, Data: 2009-05-14T16:02:03,3.70,25627,2470.00,2477.00,2473.00,-12.60,43.93,-13.94,879.55
2020-01-27T16:19:03, Add row to /TRACKING.csv
2023-03-18T07:45:03, Number of rows in /TRACKING.csv: 3
2020-01-27T16:19:03, Done loop ...
2020-01-27T16:19:03, ... powering down.
2020-01-27T16:19:03, RTC Initialization Failed
2020-01-27T16:20:03, Setup Complete
2020-01-27T16:21:03, Data: 2009-05-14T16:02:03,3.70,25627,2464.00,2472.00,2468.00,-12.37,43.28,-13.98,879.53
2020-01-27T16:19:03, Add row to /TRACKING.csv
2023-03-18T07:45:03, Number of rows in /TRACKING.csv: 4
2020-01-27T16:21:03, Number of rows in /TRACKING.csv is >= 4
2020-01-27T16:19:03, Remove tracking
2020-01-27T16:21:03, Write to /TRANSMIT.csv: 2009-05-14T16:02:03,3.70,2464.00,-12.4,43
2023-03-18T07:45:03, Number of rows in /TRANSMIT.csv: 1
2020-01-27T16:23:03, Current hour = 16, Transmission hour = 1
2020-01-27T16:23:03, Current hour = 16, Transmission hour = 6
2020-01-27T16:23:03, Current hour = 16, Transmission hour = 8
2020-01-27T16:23:03, Current hour = 16, Transmission hour = 10
2020-01-27T16:23:03, Current hour = 16, Transmission hour = 15
2020-01-27T16:23:03, Current hour = 16, Transmission hour = 20
2020-01-27T16:23:03, Current hour = 16, Transmission hour = 22
2020-01-27T16:19:03, Done loop ...
2020-01-27T16:19:03, ... powering down.
2020-01-27T16:19:03, RTC Initialization Failed
2020-01-27T16:20:03, Setup Complete
2020-01-27T16:21:03, Data: 2009-05-14T16:02:03,3.70,25627,2469.00,4994.00,2474.00,-12.63,44.20,-14.02,879.52
2020-01-27T16:19:03, Add row to /TRACKING.csv
2023-03-18T07:45:03, Number of rows in /TRACKING.csv: 1
2020-01-27T16:19:03, Done loop ...
2020-01-27T16:19:03, ... powering down.
2020-01-27T16:19:03, RTC Initialization Failed
2020-01-27T16:20:03, Setup Complete
2020-01-27T16:21:03, Data: 2009-05-14T16:02:03,3.70,25627,2469.00,2480.00,2473.00,-12.21,41.10,-14.03,879.55
2020-01-27T16:19:03, Add row to /TRACKING.csv
2023-03-18T07:45:03, Number of rows in /TRACKING.csv: 2
2020-01-27T16:19:03, Done loop ...
2020-01-27T16:19:03, ... powering down.
2020-01-27T16:19:03, RTC Initialization Failed
2020-01-27T16:20:03, Setup Complete
2020-01-27T16:21:03, Data: 2009-05-14T16:02:03,3.70,25627,2470.00,4993.00,2472.50,-12.39,41.56,-14.00,879.40
2020-01-27T16:19:03, Add row to /TRACKING.csv
2023-03-18T07:45:03, Number of rows in /TRACKING.csv: 3
2020-01-27T16:19:03, Done loop ...
2020-01-27T16:19:03, ... powering down.
2020-01-27T16:19:03, RTC Initialization Failed
2020-01-27T16:20:03, Setup Complete
2020-01-27T16:21:03, Data: 2009-05-14T16:02:03,3.70,25627,2469.00,2493.00,2475.00,-12.08,39.84,-13.95,879.31
2020-01-27T16:19:03, Add row to /TRACKING.csv
2023-03-18T07:45:03, Number of rows in /TRACKING.csv: 4
2020-01-27T16:21:03, Number of rows in /TRACKING.csv is >= 4
2020-01-27T16:19:03, Remove tracking
2020-01-27T16:21:03, Write to /TRANSMIT.csv: 2009-05-14T16:02:03,3.70,2469.00,-12.1,40
2023-03-18T07:45:03, Number of rows in /TRANSMIT.csv: 2
2020-01-27T16:22:03, Current hour = 16, Transmission hour = 1
2020-01-27T16:22:03, Current hour = 16, Transmission hour = 6
2020-01-27T16:22:03, Current hour = 16, Transmission hour = 8
2020-01-27T16:22:03, Current hour = 16, Transmission hour = 10
2020-01-27T16:22:03, Current hour = 16, Transmission hour = 15
2020-01-27T16:22:03, Current hour = 16, Transmission hour = 20
2020-01-27T16:22:03, Current hour = 16, Transmission hour = 22
2020-01-27T16:19:03, Done loop ...
2020-01-27T16:19:03, ... powering down.
2020-01-27T16:19:03, RTC Initialization Failed
2020-01-27T16:20:03, Setup Complete
2020-01-27T16:21:03, Data: 2009-05-14T16:02:03,3.70,25627,2466.00,2477.00,2472.50,-12.45,40.00,-14.18,879.22
2020-01-27T16:19:03, Add row to /TRACKING.csv
2023-03-18T06:25:03, Number of rows in /TRACKING.csv: 1
2020-01-27T16:19:03, Done loop ...
2020-01-27T16:19:03, ... powering down.
2020-01-27T16:19:03, RTC Initialization Failed
2020-01-27T16:20:03, Setup Complete
2020-01-27T16:21:03, Data: 2009-05-14T16:02:03,3.70,25627,2468.00,2480.00,2473.00,-12.36,39.94,-14.14,879.08
2020-01-27T16:19:03, Add row to /TRACKING.csv
2023-03-18T07:45:03, Number of rows in /TRACKING.csv: 2
2020-01-27T16:19:03, Done loop ...
2020-01-27T16:19:03, ... powering down.
2020-01-27T16:19:03, RTC Initialization Failed
2020-01-27T16:20:03, Setup Complete
2020-01-27T16:21:03, Data: 2009-05-14T16:02:03,3.70,25627,2471.00,2494.00,2477.00,-12.49,38.72,-14.21,879.06
2020-01-27T16:19:03, Add row to /TRACKING.csv
2023-03-18T07:45:03, Number of rows in /TRACKING.csv: 3
2020-01-27T16:19:03, Done loop ...
2020-01-27T16:19:03, ... powering down.
2020-01-27T16:19:03, RTC Initialization Failed
2020-01-27T16:20:03, Setup Complete
2020-01-27T16:21:03, Data: 2009-05-14T16:02:03,3.69,25627,2467.00,2475.00,2471.00,-12.59,40.33,-14.27,879.04
2020-01-27T16:19:03, Add row to /TRACKING.csv
2023-03-18T07:45:03, Number of rows in /TRACKING.csv: 4
2020-01-27T16:21:03, Number of rows in /TRACKING.csv is >= 4
2020-01-27T16:19:03, Remove tracking
2020-01-27T16:21:03, Write to /TRANSMIT.csv: 2009-05-14T16:02:03,3.69,2467.00,-12.6,40
2023-03-18T07:45:03, Number of rows in /TRANSMIT.csv: 3
2003-01-30T16:00:03, Current hour = 16, Transmission hour = 1
2003-01-30T16:00:03, Current hour = 16, Transmission hour = 6
2003-01-30T16:00:03, Current hour = 16, Transmission hour = 8
2003-01-30T16:00:03, Current hour = 16, Transmission hour = 10
2003-01-30T16:00:03, Current hour = 16, Transmission hour = 15
2003-01-30T16:00:03, Current hour = 16, Transmission hour = 20
2003-01-30T16:00:03, Current hour = 16, Transmission hour = 22
2020-01-27T16:19:03, Done loop ...
2020-01-27T16:19:03, ... powering down.
2020-01-27T16:19:03, RTC Initialization Failed
2020-01-27T16:20:03, Setup Complete
2020-01-27T16:21:03, Data: 2009-05-14T16:02:03,3.69,25627,2466.00,2482.00,2475.50,-12.60,40.94,-14.28,878.90
2020-01-27T16:19:03, Add row to /TRACKING.csv
2023-03-18T07:45:03, Number of rows in /TRACKING.csv: 1
2020-01-27T16:19:03, Done loop ...
2020-01-27T16:19:03, ... powering down.
2020-01-27T16:19:03, RTC Initialization Failed
2020-01-27T16:20:03, Setup Complete
2020-01-27T16:21:03, Data: 2009-05-14T16:02:03,3.70,25627,2467.00,2476.00,2470.50,-12.63,39.06,-14.40,878.87
2020-01-27T16:19:03, Add row to /TRACKING.csv
2023-03-18T07:45:03, Number of rows in /TRACKING.csv: 2
2020-01-27T16:19:03, Done loop ...
2020-01-27T16:19:03, ... powering down.
2020-01-27T16:19:03, RTC Initialization Failed
2020-01-27T16:20:03, Setup Complete
2020-01-27T16:21:03, Data: 2009-05-14T16:02:03,3.69,25627,2471.00,2480.00,2475.00,-12.46,39.16,-14.18,878.75
2020-01-27T16:19:03, Add row to /TRACKING.csv
2023-03-08T07:45:03, Number of rows in /TRACKING.csv: 3
2020-01-27T16:19:03, Done loop ...
2020-01-27T16:19:03, ... powering down.
2020-01-27T16:19:03, RTC Initialization Failed
2020-01-27T16:20:03, Setup Complete
2020-01-27T16:21:03, Data: 2009-05-14T16:02:03,3.69,25627,2472.00,2478.00,2473.50,-12.60,40.20,-14.29,878.69
2020-01-27T16:19:03, Add row to /TRACKING.csv
2023-03-18T07:45:03, Number of rows in /TRACKING.csv: 4
2020-01-27T16:21:03, Number of rows in /TRACKING.csv is >= 4
2020-01-27T16:19:03, Remove tracking
2020-01-27T16:21:03, Write to /TRANSMIT.csv: 2009-05-14T16:02:03,3.69,2472.00,-12.6,40
2023-03-18T07:45:03, Number of rows in /TRANSMIT.csv: 4
2003-01-30T16:00:03, Current hour = 16, Transmission hour = 1
2003-01-30T16:00:03, Current hour = 16, Transmission hour = 6
2003-01-30T16:00:03, Current hour = 16, Transmission hour = 8
2003-01-30T16:00:03, Current hour = 16, Transmission hour = 10
2003-01-30T16:00:03, Current hour = 16, Transmission hour = 15
2003-01-30T16:00:03, Current hour = 16, Transmission hour = 20
2003-01-30T16:00:03, Current hour = 16, Transmission hour = 22
2020-01-27T16:19:03, Done loop ...
2020-01-27T16:19:03, ... powering down.
2020-01-27T16:19:03, RTC Initialization Failed
2020-01-27T16:20:03, Setup Complete
2020-01-27T16:21:03, Data: 2009-05-14T16:02:03,3.69,25627,2468.00,2476.00,2472.00,-12.77,40.51,-14.46,878.64
2020-01-27T16:19:03, Add row to /TRACKING.csv
2023-03-18T07:45:03, Number of rows in /TRACKING.csv: 1
2020-01-27T16:19:03, Done loop ...
2020-01-27T16:19:03, ... powering down.
2020-01-27T16:19:03, RTC Initialization Failed
2020-01-27T16:20:03, Setup Complete
2020-01-27T16:21:03, Data: 2009-05-14T16:02:03,3.69,25627,2463.00,2474.00,2469.50,-12.84,40.39,-14.67,878.58
2020-01-27T16:19:03, Add row to /TRACKING.csv
2023-03-18T07:45:03, Number of rows in /TRACKING.csv: 2
2020-01-27T16:19:03, Done loop ...
2020-01-27T16:19:03, ... powering down.
2020-01-27T16:19:03, RTC Initialization Failed
2020-01-27T16:20:03, Setup Complete
2020-01-27T16:21:03, Data: 2009-05-14T16:02:03,3.69,25627,2467.00,2480.00,2473.50,-12.57,39.04,-14.51,878.68
2020-01-27T16:19:03, Add row to /TRACKING.csv
2023-03-18T07:45:03, Number of rows in /TRACKING.csv: 3
2020-01-27T16:19:03, Done loop ...
2020-01-27T16:19:03, ... powering down.
2020-01-27T16:19:03, RTC Initialization Failed
2020-01-27T16:20:03, Setup Complete
2020-01-27T16:21:03, Data: 2004-06-14T16:00:03,3.70,25627,2467.00,2480.00,2475.00,-12.42,38.78,-14.40,878.61
2020-01-27T16:19:03, Add row to /TRACKING.csv
2023-03-18T07:45:03, Number of rows in /TRACKING.csv: 4
2020-01-27T16:21:03, Number of rows in /TRACKING.csv is >= 4
2020-01-27T16:19:03, Remove tracking
2020-01-27T16:21:03, Write to /TRANSMIT.csv: 2004-06-14T16:00:03,3.70,2467.00,-12.4,39
2023-03-18T07:45:03, Number of rows in /TRANSMIT.csv: 5
2003-01-30T16:00:03, Current hour = 16, Transmission hour = 1
2001-03-26T16:00:03, 1416024246-12443:247-12140:247-12640:247-12640:247-12439
2020-01-27T16:25:03,  - attempt to send message: 1416024246-12443:247-12140:247-12640:247-12640:247-12439
2020-01-27T16:21:03,  - Modem begin successful
2020-01-27T16:21:03,  - Sending...
2020-01-27T16:21:03,  - Send response: 
2020-01-27T16:22:03,   - Sync clocks... 
2020-01-27T16:25:03,  - Arduino Old Time: 2000-00-20T00:84:03
2020-01-27T16:24:03,  - Arduino New Time: 2002-00-15T55:40:03
2020-01-27T16:21:03, Message sent! Removing /TRANSMIT.csv
2020-01-27T16:19:03, Done loop ...
2020-01-27T16:19:03, ... powering down.
2020-01-27T16:19:03, RTC Initialization Failed
2020-01-27T16:20:03, Setup Complete
2020-01-27T16:21:03, Data: 2009-05-14T16:02:03,3.70,25627,2464.00,2472.00,2468.00,-11.99,36.54,-14.03,878.64
2020-01-27T16:19:03, Add row to /TRACKING.csv
2023-03-18T07:45:03, Number of rows in /TRACKING.csv: 1
2020-01-27T16:19:03, Done loop ...
2020-01-27T16:19:03, ... powering down.
2020-01-27T16:19:03, RTC Initialization Failed
2020-01-27T16:20:03, Setup Complete
2020-01-27T16:21:03, Data: 2009-05-14T16:02:03,3.71,25627,2465.00,2475.00,2471.00,-11.64,31.95,-13.80,878.63
2020-01-27T16:19:03, Add row to /TRACKING.csv
2023-03-08T07:45:03, Number of rows in /TRACKING.csv: 2
2020-01-27T16:19:03, Done loop ...
2020-01-27T16:19:03, ... powering down.
2020-01-27T16:19:03, RTC Initialization Failed
2020-01-27T16:20:03, Setup Complete
2020-01-27T16:21:03, Data: 2009-05-14T16:02:03,3.76,25627,2471.00,2479.00,2477.50,-11.29,32.81,-13.22,878.74
2020-01-27T16:19:03, Add row to /TRACKING.csv
2023-03-18T07:45:03, Number of rows in /TRACKING.csv: 3
2020-01-27T16:19:03, Done loop ...
2020-01-27T16:19:03, ... powering down.
2020-01-27T16:19:03, RTC Initialization Failed
2020-01-27T16:20:03, Setup Complete
2020-01-27T16:20:03, Data: 2009-05-14T16:02:03,3.99,25627,2492.00,2500.00,2496.00,-8.80,29.67,-7.38,878.94
2020-01-27T16:19:03, Add row to /TRACKING.csv
2023-03-18T07:45:03, Number of rows in /TRACKING.csv: 4
2020-01-27T16:21:03, Number of rows in /TRACKING.csv is >= 4
2020-01-27T16:19:03, Remove tracking
2020-01-27T16:20:03, Write to /TRANSMIT.csv: 2009-05-14T16:02:03,3.99,2492.00,-8.8,30
2023-03-18T07:45:03, Number of rows in /TRANSMIT.csv: 1
2003-01-30T16:00:03, Current hour = 16, Transmission hour = 1
2003-01-30T16:00:03, Current hour = 16, Transmission hour = 6
2003-01-30T16:00:03, Current hour = 16, Transmission hour = 8
2003-01-30T16:00:03, Current hour = 16, Transmission hour = 10
2003-01-30T16:00:03, Current hour = 16, Transmission hour = 15
2003-01-30T16:00:03, Current hour = 16, Transmission hour = 20
2003-01-30T16:00:03, Current hour = 16, Transmission hour = 22
2020-01-27T16:19:03, Done loop ...
2020-01-27T16:19:03, ... powering down.
2020-01-27T16:19:03, RTC Initialization Failed
2020-01-27T16:20:03, Setup Complete
2020-01-27T16:20:03, Data: 2009-05-14T16:02:03,3.99,25627,2497.00,2521.00,2512.50,-7.44,28.01,-5.10,878.91
2020-01-27T16:19:03, Add row to /TRACKING.csv
2023-03-18T06:25:03, Number of rows in /TRACKING.csv: 1
2020-01-27T16:19:03, Done loop ...
2020-01-27T16:19:03, ... powering down.
2020-01-27T16:19:03, RTC Initialization Failed
2020-01-27T16:20:03, Setup Complete
2020-01-27T16:20:03, Data: 2009-05-14T16:02:03,3.99,25627,2513.00,2528.00,2521.50,-6.18,25.89,-1.17,879.04
2020-01-27T16:19:03, Add row to /TRACKING.csv
2023-03-08T07:45:03, Number of rows in /TRACKING.csv: 2
2020-01-27T16:19:03, Done loop ...
2020-01-27T16:19:03, ... powering down.
2020-01-27T16:19:03, RTC Initialization Failed
2020-01-27T16:20:03, Setup Complete
2020-01-27T16:21:03, Data: 2009-05-14T16:02:03,3.99,25627,2531.00,2544.00,2538.00,-6.54,23.02,2.19,879.02
2020-01-27T16:19:03, Add row to /TRACKING.csv
2023-03-18T06:25:03, Number of rows in /TRACKING.csv: 3
2020-01-27T16:19:03, Done loop ...
2020-01-27T16:19:03, ... powering down.
2020-01-27T16:19:03, RTC Initialization Failed
2020-01-27T16:20:03, Setup Complete
2020-01-27T16:21:03, Data: 2000-01-19T16:11:03,4.00,25627,2531.00,2546.00,2536.50,-6.30,23.17,4.12,878.97
2020-01-27T16:19:03, Add row to /TRACKING.csv
2023-03-18T06:25:03, Number of rows in /TRACKING.csv: 4
2020-01-27T16:21:03, Number of rows in /TRACKING.csv is >= 4
2020-01-27T16:19:03, Remove tracking
2020-01-27T16:21:03, Write to /TRANSMIT.csv: 2000-01-19T16:11:03,4.00,2531.00,-6.3,23
2001-01-21T16:00:03, Number of rows in /TRANSMIT.csv: 2
2003-01-30T16:00:03, Current hour = 16, Transmission hour = 1
2003-01-30T16:00:03, Current hour = 16, Transmission hour = 6
2003-01-30T16:00:03, Current hour = 16, Transmission hour = 8
2003-01-30T16:00:03, Current hour = 16, Transmission hour = 10
2003-01-30T16:00:03, Current hour = 16, Transmission hour = 15
2003-01-30T16:00:03, Current hour = 16, Transmission hour = 20
2003-01-30T16:00:03, Current hour = 16, Transmission hour = 22
2020-01-27T16:19:03, Done loop ...
2020-01-27T16:19:03, ... powering down.
2020-01-27T16:19:03, RTC Initialization Failed
2020-01-27T16:20:03, Setup Complete
2020-01-27T16:21:03, Data: 2000-01-19T16:11:03,3.99,25627,2527.00,2548.00,2536.50,-5.59,26.21,5.03,879.18
2020-01-27T16:19:03, Add row to /TRACKING.csv
2023-03-18T07:45:03, Number of rows in /TRACKING.csv: 1
2020-01-27T16:19:03, Done loop ...
2020-01-27T16:19:03, ... powering down.
2020-01-27T16:19:03, RTC Initialization Failed
2020-01-27T16:20:03, Setup Complete
2020-01-27T16:21:03, Data: 2009-05-14T16:02:03,3.99,25627,2541.00,2551.00,2544.50,-4.70,28.29,5.24,879.21
2020-01-27T16:19:03, Add row to /TRACKING.csv
2023-03-18T06:25:03, Number of rows in /TRACKING.csv: 2
2020-01-27T16:19:03, Done loop ...
2020-01-27T16:19:03, ... powering down.
2020-01-27T16:19:03, RTC Initialization Failed
2020-01-27T16:20:03, Setup Complete
2020-01-27T16:21:03, Data: 2009-05-14T16:02:03,3.99,25627,2522.00,2542.00,2535.00,-5.39,22.50,3.64,879.22
2020-01-27T16:19:03, Add row to /TRACKING.csv
2023-03-08T06:25:03, Number of rows in /TRACKING.csv: 3
2020-01-27T16:19:03, Done loop ...
2020-01-27T16:19:03, ... powering down.
2020-01-27T16:19:03, RTC Initialization Failed
2020-01-27T16:20:03, Setup Complete
2020-01-27T16:21:03, Data: 2009-05-14T16:02:03,3.99,25627,2534.00,2544.00,2539.00,-3.94,22.88,3.32,879.38
2020-01-27T16:19:03, Add row to /TRACKING.csv
2023-03-08T06:25:03, Number of rows in /TRACKING.csv: 4
2020-01-27T16:21:03, Number of rows in /TRACKING.csv is >= 4
2020-01-27T16:19:03, Remove tracking
2020-01-27T16:21:03, Write to /TRANSMIT.csv: 2009-05-14T16:02:03,3.99,2534.00,-3.9,23
2023-03-08T06:25:03, Number of rows in /TRANSMIT.csv: 3
2020-01-27T16:21:03, Current hour = 16, Transmission hour = 1
2020-01-27T16:21:03, Current hour = 16, Transmission hour = 6
2020-01-27T16:21:03, Current hour = 16, Transmission hour = 8
2020-01-27T16:21:03, Current hour = 16, Transmission hour = 10
2020-01-27T16:21:03, Current hour = 16, Transmission hour = 15
2020-01-27T16:21:03, Current hour = 16, Transmission hour = 20
2020-01-27T16:21:03, Current hour = 16, Transmission hour = 22
2020-01-27T16:19:03, Done loop ...
2020-01-27T16:19:03, ... powering down.
2020-01-27T16:19:03, RTC Initialization Failed
2020-01-27T16:20:03, Setup Complete
2020-01-27T16:21:03, Data: 2009-05-14T16:02:03,4.00,25627,2535.00,2545.00,2540.50,-4.36,19.39,3.56,879.29
2020-01-27T16:19:03, Add row to /TRACKING.csv
2011-11-25T17:24:03, Number of rows in /TRACKING.csv: 1
2020-01-27T16:19:03, Done loop ...
2020-01-27T16:19:03, ... powering down.
2020-01-27T16:19:03, RTC Initialization Failed
2020-01-27T16:20:03, Setup Complete
2020-01-27T16:21:03, Data: 2009-05-14T16:02:03,4.00,25627,2532.00,2555.00,2540.50,-4.50,19.82,4.17,879.30
2020-01-27T16:19:03, Add row to /TRACKING.csv
2023-03-18T06:25:03, Number of rows in /TRACKING.csv: 2
2020-01-27T16:19:03, Done loop ...
2020-01-27T16:19:03, ... powering down.
2020-01-27T16:19:03, RTC Initialization Failed
2020-01-27T16:20:03, Setup Complete
2020-01-27T16:21:03, Data: 2009-05-14T16:02:03,4.00,25627,2535.00,2548.00,2542.50,-3.81,19.40,4.74,879.27
2020-01-27T16:19:03, Add row to /TRACKING.csv
2023-03-18T06:25:03, Number of rows in /TRACKING.csv: 3
2020-01-27T16:19:03, Done loop ...
2020-01-27T16:19:03, ... powering down.
2020-01-27T16:19:03, RTC Initialization Failed
2020-01-27T16:20:03, Setup Complete
2020-01-27T16:21:03, Data: 2009-05-14T16:02:03,3.99,25627,2551.00,2572.00,2567.00,0.30,24.32,6.07,879.16
2020-01-27T16:19:03, Add row to /TRACKING.csv
2023-03-08T06:25:03, Number of rows in /TRACKING.csv: 4
2020-01-27T16:21:03, Number of rows in /TRACKING.csv is >= 4
2020-01-27T16:19:03, Remove tracking
2020-01-27T16:20:03, Write to /TRANSMIT.csv: 2009-05-14T16:02:03,3.99,2551.00,0.3,24
2023-03-08T06:25:03, Number of rows in /TRANSMIT.csv: 4
2020-01-27T16:21:03, Current hour = 16, Transmission hour = 1
2020-01-27T16:21:03, Current hour = 16, Transmission hour = 6
2020-01-27T16:21:03, Current hour = 16, Transmission hour = 8
2020-01-27T16:21:03, Current hour = 16, Transmission hour = 10
2020-01-27T16:21:03, Current hour = 16, Transmission hour = 15
2020-01-27T16:21:03, Current hour = 16, Transmission hour = 20
2020-01-27T16:21:03, Current hour = 16, Transmission hour = 22
2020-01-27T16:19:03, Done loop ...
2020-01-27T16:19:03, ... powering down.
2020-01-27T16:19:03, RTC Initialization Failed
2020-01-27T16:20:03, Setup Complete
2020-01-27T16:21:03, Data: 2009-05-14T16:02:03,3.99,25627,2555.00,2573.00,2564.50,0.02,26.33,6.28,879.20
2020-01-27T16:19:03, Add row to /TRACKING.csv
2023-03-18T06:25:03, Number of rows in /TRACKING.csv: 1
2020-01-27T16:19:03, Done loop ...
2020-01-27T16:19:03, ... powering down.
2020-01-27T16:19:03, RTC Initialization Failed
2020-01-27T16:20:03, Setup Complete
2020-01-27T16:21:03, Data: 2000-01-19T16:11:03,3.99,25627,2534.00,2567.00,2556.50,-3.52,35.15,6.65,878.87
2020-01-27T16:19:03, Add row to /TRACKING.csv
2023-03-18T06:25:03, Number of rows in /TRACKING.csv: 2
2020-01-27T16:19:03, Done loop ...
2020-01-27T16:19:03, ... powering down.
2020-01-27T16:19:03, RTC Initialization Failed
2020-01-27T16:20:03, Setup Complete
2020-01-27T16:21:03, Data: 2009-05-14T16:02:03,3.99,25627,2545.00,2565.00,2553.50,-0.04,30.52,7.05,879.08
2020-01-27T16:19:03, Add row to /TRACKING.csv
2023-03-18T06:25:03, Number of rows in /TRACKING.csv: 3
2020-01-27T16:19:03, Done loop ...
2020-01-27T16:19:03, ... powering down.
2020-01-27T16:19:03, RTC Initialization Failed
2020-01-27T16:20:03, Setup Complete
2020-01-27T16:21:03, Data: 2009-05-14T16:02:03,3.99,25627,2557.00,2570.00,2562.00,1.53,26.64,7.69,879.08
2020-01-27T16:19:03, Add row to /TRACKING.csv
2023-03-18T06:25:03, Number of rows in /TRACKING.csv: 4
2020-01-27T16:21:03, Number of rows in /TRACKING.csv is >= 4
2020-01-27T16:19:03, Remove tracking
2020-01-27T16:20:03, Write to /TRANSMIT.csv: 2009-05-14T16:02:03,3.99,2557.00,1.5,27
2023-03-18T06:25:03, Number of rows in /TRANSMIT.csv: 5
2003-01-30T16:00:03, Current hour = 16, Transmission hour = 1
2001-03-26T16:00:03, 1416026249-08830:253-06323:253-03923:255+00324:256+01527
2020-01-27T16:24:03,  - attempt to send message: 1416026249-08830:253-06323:253-03923:255+00324:256+01527
2020-01-27T16:21:03,  - Modem begin successful
2020-01-27T16:21:03,  - Sending...
2020-01-27T16:21:03,  - Send response: 
2020-01-27T16:21:03,   - Sync clocks... 
2020-01-27T16:24:03,  - Arduino Old Time: 2000-00-20T00:84:03
2020-01-27T16:24:03,  - Arduino New Time: 2002-00-21T31:10:03
2020-01-27T16:24:03, Message sent! Removing /TRANSMIT.csv
2020-01-27T16:19:03, Done loop ...
2020-01-27T16:19:03, ... powering down.
2020-01-27T16:19:03, RTC Initialization Failed
2020-01-27T16:20:03, Setup Complete
2020-01-27T16:21:03, Data: 2009-05-14T16:02:03,4.00,25627,2551.00,2573.00,2559.50,-0.66,34.21,7.77,878.91
2020-01-27T16:19:03, Add row to /TRACKING.csv
2023-03-18T06:25:03, Number of rows in /TRACKING.csv: 1
2020-01-27T16:19:03, Done loop ...
2020-01-27T16:19:03, ... powering down.
2020-01-27T16:19:03, RTC Initialization Failed
2020-01-27T16:20:03, Setup Complete
2020-01-27T16:21:03, Data: 2009-05-14T16:02:03,4.00,25627,2539.00,2556.00,2547.00,-0.36,36.90,7.77,878.87
2020-01-27T16:19:03, Add row to /TRACKING.csv
2023-03-18T06:25:03, Number of rows in /TRACKING.csv: 2
2020-01-27T16:19:03, Done loop ...
2020-01-27T16:19:03, ... powering down.
2020-01-27T16:19:03, RTC Initialization Failed
2020-01-27T16:20:03, Setup Complete
2043-04-29T09:31:47, Data: 2009-05-14T16:02:03,3.99,25627,2534.00,2548.00,2542.50,-1.90,40.89,7.50,878.59
2020-01-27T16:19:03, Add row to /TRACKING.csv
2023-03-08T06:25:03, Number of rows in /TRACKING.csv: 3
2020-01-27T16:19:03, Done loop ...
2020-01-27T16:19:03, ... powering down.
2020-01-27T16:19:03, RTC Initialization Failed
2020-01-27T16:20:03, Setup Complete
2020-01-27T16:21:03, Data: 2009-05-14T16:02:03,3.99,25627,2533.00,2547.00,2536.50,1.03,33.98,7.32,878.45
2020-01-27T16:19:03, Add row to /TRACKING.csv
2023-03-18T06:25:03, Number of rows in /TRACKING.csv: 4
2020-01-27T16:21:03, Number of rows in /TRACKING.csv is >= 4
2020-01-27T16:19:03, Remove tracking
2020-01-27T16:20:03, Write to /TRANSMIT.csv: 2009-05-14T16:02:03,3.99,2533.00,1.0,34
2023-03-18T06:25:03, Number of rows in /TRANSMIT.csv: 1
2020-01-27T16:23:03, Current hour = 16, Transmission hour = 1
2020-01-27T16:23:03, Current hour = 16, Transmission hour = 6
2020-01-27T16:23:03, Current hour = 16, Transmission hour = 8
2020-01-27T16:23:03, Current hour = 16, Transmission hour = 10
2020-01-27T16:23:03, Current hour = 16, Transmission hour = 15
2020-01-27T16:23:03, Current hour = 16, Transmission hour = 20
2020-01-27T16:23:03, Current hour = 16, Transmission hour = 22
2020-01-27T16:19:03, Done loop ...
2020-01-27T16:19:03, ... powering down.
2020-01-27T16:19:03, RTC Initialization Failed
2020-01-27T16:20:03, Setup Complete
2020-01-27T16:21:03, Data: 2009-05-14T16:02:03,4.00,25627,2525.00,2543.00,2536.50,1.70,34.53,7.02,878.46
2020-01-27T16:19:03, Add row to /TRACKING.csv
2023-03-18T06:25:03, Number of rows in /TRACKING.csv: 1
2020-01-27T16:19:03, Done loop ...
2020-01-27T16:19:03, ... powering down.
2020-01-27T16:19:03, RTC Initialization Failed
2020-01-27T16:20:03, Setup Complete
2020-01-27T16:21:03, Data: 2009-05-14T16:02:03,3.88,25627,2509.00,2524.00,2515.00,-2.07,41.03,6.25,878.35
2020-01-27T16:19:03, Add row to /TRACKING.csv
2023-03-18T06:25:03, Number of rows in /TRACKING.csv: 2
2020-01-27T16:19:03, Done loop ...
2020-01-27T16:19:03, ... powering down.
2020-01-27T16:19:03, RTC Initialization Failed
2020-01-27T16:20:03, Setup Complete
2020-01-27T16:21:03, Data: 2009-05-14T16:02:03,3.88,25627,2508.00,2518.00,2513.00,0.13,34.45,6.04,878.30
2020-01-27T16:19:03, Add row to /TRACKING.csv
2023-03-08T06:25:03, Number of rows in /TRACKING.csv: 3
2020-01-27T16:19:03, Done loop ...
2020-01-27T16:19:03, ... powering down.
2020-01-27T16:19:03, RTC Initialization Failed
2020-01-27T16:20:03, Setup Complete
2020-01-27T16:21:03, Data: 2009-05-14T16:02:03,4.00,25627,2493.00,2509.00,2504.00,-3.04,41.89,4.51,878.23
2020-01-27T16:19:03, Add row to /TRACKING.csv
2023-03-18T06:25:03, Number of rows in /TRACKING.csv: 4
2020-01-27T16:21:03, Number of rows in /TRACKING.csv is >= 4
2020-01-27T16:19:03, Remove tracking
2020-01-27T16:21:03, Write to /TRANSMIT.csv: 2009-05-14T16:02:03,4.00,2493.00,-3.0,42
2023-03-18T06:25:03, Number of rows in /TRANSMIT.csv: 2
2003-01-30T16:00:03, Current hour = 16, Transmission hour = 1
2003-01-30T16:00:03, Current hour = 16, Transmission hour = 6
2003-01-30T16:00:03, Current hour = 16, Transmission hour = 8
2003-01-30T16:00:03, Current hour = 16, Transmission hour = 10
2003-01-30T16:00:03, Current hour = 16, Transmission hour = 15
2003-01-30T16:00:03, Current hour = 16, Transmission hour = 20
2003-01-30T16:00:03, Current hour = 16, Transmission hour = 22
2020-01-27T16:19:03, Done loop ...
2020-01-27T16:19:03, ... powering down.
2020-01-27T16:19:03, RTC Initialization Failed
2020-01-27T16:20:03, Setup Complete
2020-01-27T16:21:03, Data: 2009-05-14T16:02:03,3.99,25627,2493.00,2501.00,2495.00,-4.33,42.84,2.68,878.20
2020-01-27T16:19:03, Add row to /TRACKING.csv
2023-03-18T06:25:03, Number of rows in /TRACKING.csv: 1
2020-01-27T16:19:03, Done loop ...
2020-01-27T16:19:03, ... powering down.
2020-01-27T16:19:03, RTC Initialization Failed
2020-01-27T16:20:03, Setup Complete
2020-01-27T16:21:03, Data: 2009-05-14T16:02:03,3.88,25627,2504.00,2519.00,2511.00,-1.15,35.64,1.91,878.37
2020-01-27T16:19:03, Add row to /TRACKING.csv
2023-03-18T06:25:03, Number of rows in /TRACKING.csv: 2
2020-01-27T16:19:03, Done loop ...
2020-01-27T16:19:03, ... powering down.
2020-01-27T16:19:03, RTC Initialization Failed
2020-01-27T16:20:03, Setup Complete
2020-01-27T16:21:03, Data: 2009-05-14T16:02:03,3.84,25627,2504.00,2528.00,2514.00,-1.59,37.29,1.41,878.17
2020-01-27T16:19:03, Add row to /TRACKING.csv
2023-03-08T06:25:03, Number of rows in /TRACKING.csv: 3
2020-01-27T16:19:03, Done loop ...
2020-01-27T16:19:03, ... powering down.
2020-01-27T16:19:03, RTC Initialization Failed
2020-01-27T16:20:03, Setup Complete
2020-01-27T16:20:03, Data: 2009-05-14T16:02:03,3.76,25627,2503.00,2508.00,2505.00,-4.60,45.36,-0.43,878.04
2020-01-27T16:19:03, Add row to /TRACKING.csv
2023-03-18T06:25:03, Number of rows in /TRACKING.csv: 4
2020-01-27T16:21:03, Number of rows in /TRACKING.csv is >= 4
2020-01-27T16:19:03, Remove tracking
2020-01-27T16:20:03, Write to /TRANSMIT.csv: 2009-05-14T16:02:03,3.76,2503.00,-4.6,45
2023-03-18T06:25:03, Number of rows in /TRANSMIT.csv: 3
2003-01-30T16:00:03, Current hour = 16, Transmission hour = 1
2003-01-30T16:00:03, Current hour = 16, Transmission hour = 6
2003-01-30T16:00:03, Current hour = 16, Transmission hour = 8
2003-01-30T16:00:03, Current hour = 16, Transmission hour = 10
2003-01-30T16:00:03, Current hour = 16, Transmission hour = 15
2003-01-30T16:00:03, Current hour = 16, Transmission hour = 20
2003-01-30T16:00:03, Current hour = 16, Transmission hour = 22
2020-01-27T16:19:03, Done loop ...
2020-01-27T16:19:03, ... powering down.
2020-01-27T16:19:03, RTC Initialization Failed
2020-01-27T16:20:03, Setup Complete
2020-01-27T16:20:03, Data: 2009-05-14T16:02:03,3.75,25627,2480.00,2488.00,2485.50,-7.19,50.23,-4.88,877.99
2020-01-27T16:19:03, Add row to /TRACKING.csv
2023-03-18T07:45:03, Number of rows in /TRACKING.csv: 1
2020-01-27T16:19:03, Done loop ...
2020-01-27T16:19:03, ... powering down.
2020-01-27T16:19:03, RTC Initialization Failed
2020-01-27T16:20:03, Setup Complete
2020-01-27T16:20:03, Data: 2009-05-14T16:02:03,3.74,25627,2476.00,2486.00,2480.50,-7.66,53.51,-7.18,878.09
2020-01-27T16:19:03, Add row to /TRACKING.csv
2023-03-18T06:25:03, Number of rows in /TRACKING.csv: 2
2020-01-27T16:19:03, Done loop ...
2020-01-27T16:19:03, ... powering down.
2020-01-27T16:19:03, RTC Initialization Failed
2020-01-27T16:20:03, Setup Complete
2020-01-27T16:20:03, Data: 2009-05-14T16:02:03,3.74,25627,2468.00,2476.00,2473.50,-8.14,54.53,-8.47,878.19
2020-01-27T16:19:03, Add row to /TRACKING.csv
2023-03-18T07:45:03, Number of rows in /TRACKING.csv: 3
2020-01-27T16:19:03, Done loop ...
2020-01-27T16:19:03, ... powering down.
2020-01-27T16:19:03, RTC Initialization Failed
2020-01-27T16:20:03, Setup Complete
2020-01-27T16:20:03, Data: 2009-05-14T16:02:03,3.73,25627,2471.00,2481.00,2475.50,-9.12,55.99,-9.34,878.20
2020-01-27T16:19:03, Add row to /TRACKING.csv
2023-03-08T06:25:03, Number of rows in /TRACKING.csv: 4
2020-01-27T16:21:03, Number of rows in /TRACKING.csv is >= 4
2020-01-27T16:19:03, Remove tracking
2020-01-27T16:20:03, Write to /TRANSMIT.csv: 2009-05-14T16:02:03,3.73,2471.00,-9.1,56
2023-03-08T06:25:03, Number of rows in /TRANSMIT.csv: 4
2003-01-30T16:00:03, Current hour = 16, Transmission hour = 1
2003-01-30T16:00:03, Current hour = 16, Transmission hour = 6
2003-01-30T16:00:03, Current hour = 16, Transmission hour = 8
2003-01-30T16:00:03, Current hour = 16, Transmission hour = 10
2003-01-30T16:00:03, Current hour = 16, Transmission hour = 15
2003-01-30T16:00:03, Current hour = 16, Transmission hour = 20
2003-01-30T16:00:03, Current hour = 16, Transmission hour = 22
2020-01-27T16:19:03, Done loop ...
2020-01-27T16:19:03, ... powering down.
2020-01-27T16:19:03, RTC Initialization Failed
2020-01-27T16:20:03, Setup Complete
2020-01-27T16:20:03, Data: 2009-05-14T16:02:03,3.73,25627,2467.00,2482.00,2474.50,-8.49,53.20,-9.67,878.30
2020-01-27T16:19:03, Add row to /TRACKING.csv
2023-03-18T07:45:03, Number of rows in /TRACKING.csv: 1
2020-01-27T16:19:03, Done loop ...
2020-01-27T16:19:03, ... powering down.
2020-01-27T16:19:03, RTC Initialization Failed
2020-01-27T16:20:03, Setup Complete
2020-01-27T16:20:03, Data: 2009-05-14T16:02:03,3.73,25627,2469.00,2479.00,2472.50,-9.11,39.93,-9.91,878.19
2020-01-27T16:19:03, Add row to /TRACKING.csv
2023-03-18T07:45:03, Number of rows in /TRACKING.csv: 2
2020-01-27T16:19:03, Done loop ...
2020-01-27T16:19:03, ... powering down.
2020-01-27T16:19:03, RTC Initialization Failed
2020-01-27T16:20:03, Setup Complete
2020-01-27T16:20:03, Data: 2009-05-14T16:02:03,3.73,25627,2471.00,2482.00,2474.50,-8.42,40.63,-10.03,878.21
2020-01-27T16:19:03, Add row to /TRACKING.csv
2023-03-08T06:25:03, Number of rows in /TRACKING.csv: 3
2020-01-27T16:19:03, Done loop ...
2020-01-27T16:19:03, ... powering down.
2020-01-27T16:19:03, RTC Initialization Failed
2020-01-27T16:20:03, Setup Complete
2020-01-27T16:20:03, Data: 2009-05-14T16:02:03,3.73,25627,2473.00,2481.00,2475.00,-8.63,50.98,-10.20,878.24
2020-01-27T16:19:03, Add row to /TRACKING.csv
2023-03-18T07:45:03, Number of rows in /TRACKING.csv: 4
2020-01-27T16:21:03, Number of rows in /TRACKING.csv is >= 4
2020-01-27T16:19:03, Remove tracking
2020-01-27T16:20:03, Write to /TRANSMIT.csv: 2009-05-14T16:02:03,3.73,2473.00,-8.6,51
2023-03-18T07:45:03, Number of rows in /TRANSMIT.csv: 5
2003-01-30T16:00:03, Current hour = 16, Transmission hour = 1
2001-03-26T16:00:03, 1416024253+01034:249-03042:250-04645:247-09156:247-08651
2020-01-27T16:25:03,  - attempt to send message: 1416024253+01034:249-03042:250-04645:247-09156:247-08651
2020-01-27T16:25:03,  - Modem begin successful
2020-01-27T16:22:03,  - Sending...
2020-01-27T16:22:03,  - Send response: 
2020-01-27T16:22:03,   - Sync clocks... 
2020-01-27T16:24:03,  - Arduino Old Time: 2000-00-20T00:84:03
2020-01-27T16:24:03,  - Arduino New Time: 2002-00-03T08:23:03
2020-01-27T16:20:03, Message sent! Removing /TRANSMIT.csv
2020-01-27T16:19:03, Done loop ...
2020-01-27T16:19:03, ... powering down.
2020-01-27T16:19:03, RTC Initialization Failed
2020-01-27T16:20:03, Setup Complete
2020-01-27T16:20:03, Data: 2009-05-14T16:02:03,3.73,25627,2470.00,2479.00,2474.00,-8.61,43.39,-10.18,878.33
2020-01-27T16:19:03, Add row to /TRACKING.csv
2023-03-18T07:45:03, Number of rows in /TRACKING.csv: 1
2020-01-27T16:19:03, Done loop ...
2020-01-27T16:19:03, ... powering down.
2020-01-27T16:19:03, RTC Initialization Failed
2020-01-27T16:20:03, Setup Complete
2020-01-27T16:20:03, Data: 2009-05-14T16:02:03,3.73,25627,2466.00,2477.00,2476.00,-8.95,41.20,-10.18,878.31
2020-01-27T16:19:03, Add row to /TRACKING.csv
2023-03-08T07:45:03, Number of rows in /TRACKING.csv: 2
2020-01-27T16:19:03, Done loop ...
2020-01-27T16:19:03, ... powering down.
2020-01-27T16:19:03, RTC Initialization Failed
2020-01-27T16:20:03, Setup Complete
2020-01-27T16:20:03, Data: 2009-05-14T16:02:03,3.73,25627,2470.00,2480.00,2475.00,-9.12,41.61,-10.26,878.28
2020-01-27T16:19:03, Add row to /TRACKING.csv
2023-03-18T07:45:03, Number of rows in /TRACKING.csv: 3
2020-01-27T16:19:03, Done loop ...
2020-01-27T16:19:03, ... powering down.
2020-01-27T16:19:03, RTC Initialization Failed
2020-01-27T16:20:03, Setup Complete
2020-01-27T16:20:03, Data: 2009-05-14T16:02:03,3.73,25627,2471.00,2479.00,2476.00,-9.07,45.19,-10.43,878.27
2020-01-27T16:19:03, Add row to /TRACKING.csv
2023-03-18T07:45:03, Number of rows in /TRACKING.csv: 4
2020-01-27T16:21:03, Number of rows in /TRACKING.csv is >= 4
2020-01-27T16:19:03, Remove tracking
2020-01-27T16:20:03, Write to /TRANSMIT.csv: 2009-05-14T16:02:03,3.73,2471.00,-9.1,45
2023-03-18T07:45:03, Number of rows in /TRANSMIT.csv: 1
2003-01-30T16:00:03, Current hour = 16, Transmission hour = 1
2003-01-30T16:00:03, Current hour = 16, Transmission hour = 6
2003-01-30T16:00:03, Current hour = 16, Transmission hour = 8
2003-01-30T16:00:03, Current hour = 16, Transmission hour = 10
2003-01-30T16:00:03, Current hour = 16, Transmission hour = 15
2003-01-30T16:00:03, Current hour = 16, Transmission hour = 20
2003-01-30T16:00:03, Current hour = 16, Transmission hour = 22
2020-01-27T16:19:03, Done loop ...
2020-01-27T16:19:03, ... powering down.
2020-01-27T16:19:03, RTC Initialization Failed
2020-01-27T16:20:03, Setup Complete
2020-01-27T16:20:03, Data: 2009-05-14T16:02:03,3.73,25627,2468.00,2478.00,2474.00,-8.95,44.07,-10.51,878.29
2020-01-27T16:19:03, Add row to /TRACKING.csv
2023-03-18T07:45:03, Number of rows in /TRACKING.csv: 1
2020-01-27T16:19:03, Done loop ...
2020-01-27T16:19:03, ... powering down.
2020-01-27T16:19:03, RTC Initialization Failed
2020-01-27T16:20:03, Setup Complete
2020-01-27T16:20:03, Data: 2009-05-14T16:02:03,3.73,25627,2473.00,2483.00,2477.50,-8.26,44.24,-10.45,878.50
2020-01-27T16:19:03, Add row to /TRACKING.csv
2023-03-18T07:45:03, Number of rows in /TRACKING.csv: 2
2020-01-27T16:19:03, Done loop ...
2020-01-27T16:19:03, ... powering down.
2020-01-27T16:19:03, RTC Initialization Failed
2020-01-27T16:20:03, Setup Complete
2020-01-27T16:20:03, Data: 2009-05-14T16:02:03,3.73,25627,2472.00,2481.00,2475.00,-8.83,42.62,-10.58,878.67
2020-01-27T16:19:03, Add row to /TRACKING.csv
2023-03-18T07:45:03, Number of rows in /TRACKING.csv: 3
2020-01-27T16:19:03, Done loop ...
2020-01-27T16:19:03, ... powering down.
2020-01-27T16:19:03, RTC Initialization Failed
2020-01-27T16:20:03, Setup Complete
2020-01-27T16:20:03, Data: 2009-05-14T16:02:03,3.73,25627,2473.00,2484.00,2477.50,-8.97,46.16,-10.75,878.75
2020-01-27T16:19:03, Add row to /TRACKING.csv
2023-03-18T06:25:03, Number of rows in /TRACKING.csv: 4
2020-01-27T16:21:03, Number of rows in /TRACKING.csv is >= 4
2020-01-27T16:19:03, Remove tracking
2020-01-27T16:20:03, Write to /TRANSMIT.csv: 2009-05-14T16:02:03,3.73,2473.00,-9.0,46
2023-03-18T06:25:03, Number of rows in /TRANSMIT.csv: 2
2020-01-27T16:23:03, Current hour = 16, Transmission hour = 1
2020-01-27T16:23:03, Current hour = 16, Transmission hour = 6
2020-01-27T16:23:03, Current hour = 16, Transmission hour = 8
2020-01-27T16:23:03, Current hour = 16, Transmission hour = 10
2020-01-27T16:23:03, Current hour = 16, Transmission hour = 15
2020-01-27T16:23:03, Current hour = 16, Transmission hour = 20
2020-01-27T16:23:03, Current hour = 16, Transmission hour = 22
2020-01-27T16:19:03, Done loop ...
2020-01-27T16:19:03, ... powering down.
2020-01-27T16:19:03, RTC Initialization Failed
2020-01-27T16:20:03, Setup Complete
2020-01-27T16:20:03, Data: 2009-05-14T16:02:03,3.72,25627,2472.00,2481.00,2476.50,-9.57,46.20,-11.16,878.84
2020-01-27T16:19:03, Add row to /TRACKING.csv
2023-03-18T07:45:03, Number of rows in /TRACKING.csv: 1
2020-01-27T16:19:03, Done loop ...
2020-01-27T16:19:03, ... powering down.
2020-01-27T16:19:03, RTC Initialization Failed
2020-01-27T16:20:03, Setup Complete
2020-01-27T16:20:03, Data: 2009-05-14T16:02:03,3.72,25627,2470.00,2482.00,2473.50,-9.98,44.98,-11.33,878.96
2020-01-27T16:19:03, Add row to /TRACKING.csv
2023-03-18T07:45:03, Number of rows in /TRACKING.csv: 2
2020-01-27T16:19:03, Done loop ...
2020-01-27T16:19:03, ... powering down.
2020-01-27T16:19:03, RTC Initialization Failed
2020-01-27T16:20:03, Setup Complete
2020-01-27T16:21:03, Data: 2009-05-14T16:02:03,3.72,25627,2468.00,2477.00,2476.00,-10.67,45.25,-11.43,878.87
2020-01-27T16:19:03, Add row to /TRACKING.csv
2023-03-18T07:45:03, Number of rows in /TRACKING.csv: 3
2020-01-27T16:19:03, Done loop ...
2020-01-27T16:19:03, ... powering down.
2020-01-27T16:19:03, RTC Initialization Failed
2020-01-27T16:20:03, Setup Complete
2020-01-27T16:20:03, Data: 2009-05-14T16:02:03,3.72,25627,2471.00,2479.00,2475.50,-9.85,46.03,-11.49,878.81
2020-01-27T16:19:03, Add row to /TRACKING.csv
2023-03-18T06:25:03, Number of rows in /TRACKING.csv: 4
2020-01-27T16:21:03, Number of rows in /TRACKING.csv is >= 4
2020-01-27T16:19:03, Remove tracking
2020-01-27T16:20:03, Write to /TRANSMIT.csv: 2009-05-14T16:02:03,3.72,2471.00,-9.9,46
2023-03-18T06:25:03, Number of rows in /TRANSMIT.csv: 3
2003-01-30T16:00:03, Current hour = 16, Transmission hour = 1
2003-01-30T16:00:03, Current hour = 16, Transmission hour = 6
2003-01-30T16:00:03, Current hour = 16, Transmission hour = 8
2003-01-30T16:00:03, Current hour = 16, Transmission hour = 10
2003-01-30T16:00:03, Current hour = 16, Transmission hour = 15
2003-01-30T16:00:03, Current hour = 16, Transmission hour = 20
2003-01-30T16:00:03, Current hour = 16, Transmission hour = 22
2020-01-27T16:19:03, Done loop ...
2020-01-27T16:19:03, ... powering down.
2020-01-27T16:19:03, RTC Initialization Failed
2020-01-27T16:20:03, Setup Complete
2020-01-27T16:20:03, Data: 2009-05-14T16:02:03,3.72,25627,2472.00,2481.00,2476.50,-9.25,44.86,-11.35,878.84
2020-01-27T16:19:03, Add row to /TRACKING.csv
2023-03-18T07:45:03, Number of rows in /TRACKING.csv: 1
2020-01-27T16:19:03, Done loop ...
2020-01-27T16:19:03, ... powering down.
2020-01-27T16:19:03, RTC Initialization Failed
2020-01-27T16:20:03, Setup Complete
2020-01-27T16:21:03, Data: 2009-05-14T16:02:03,3.71,25627,2473.00,2484.00,2478.50,-10.16,44.80,-11.45,878.94
2020-01-27T16:19:03, Add row to /TRACKING.csv
2023-03-18T07:45:03, Number of rows in /TRACKING.csv: 2
2020-01-27T16:19:03, Done loop ...
2020-01-27T16:19:03, ... powering down.
2020-01-27T16:19:03, RTC Initialization Failed
2020-01-27T16:20:03, Setup Complete
2020-01-27T16:21:03, Data: 2009-05-14T16:02:03,3.72,25627,2469.00,2481.00,2477.50,-10.15,43.79,-11.45,878.95
2020-01-27T16:19:03, Add row to /TRACKING.csv
2023-03-18T07:45:03, Number of rows in /TRACKING.csv: 3
2020-01-27T16:19:03, Done loop ...
2020-01-27T16:19:03, ... powering down.
2020-01-27T16:19:03, RTC Initialization Failed
2020-01-27T16:20:03, Setup Complete
2020-01-27T16:21:03, Data: 2009-05-14T16:02:03,3.72,25627,2473.00,2483.00,2479.50,-10.22,44.44,-11.60,878.99
2020-01-27T16:19:03, Add row to /TRACKING.csv
2023-03-18T07:45:03, Number of rows in /TRACKING.csv: 4
2020-01-27T16:21:03, Number of rows in /TRACKING.csv is >= 4
2020-01-27T16:19:03, Remove tracking
2020-01-27T16:21:03, Write to /TRANSMIT.csv: 2009-05-14T16:02:03,3.72,2473.00,-10.2,44
2023-03-18T07:45:03, Number of rows in /TRANSMIT.csv: 4
2003-01-30T16:00:03, Current hour = 16, Transmission hour = 1
2003-01-30T16:00:03, Current hour = 16, Transmission hour = 6
2003-01-30T16:00:03, Current hour = 16, Transmission hour = 8
2003-01-30T16:00:03, Current hour = 16, Transmission hour = 10
2003-01-30T16:00:03, Current hour = 16, Transmission hour = 15
2003-01-30T16:00:03, Current hour = 16, Transmission hour = 20
2003-01-30T16:00:03, Current hour = 16, Transmission hour = 22
2020-01-27T16:19:03, Done loop ...
2020-01-27T16:19:03, ... powering down.
2020-01-27T16:19:03, RTC Initialization Failed
2020-01-27T16:20:03, Setup Complete
2020-01-27T16:21:03, Data: 2009-05-14T16:02:03,3.72,25627,2471.00,2487.00,2480.00,-10.01,46.93,-11.69,879.10
2020-01-27T16:19:03, Add row to /TRACKING.csv
2023-03-18T07:45:03, Number of rows in /TRACKING.csv: 1
2020-01-27T16:19:03, Done loop ...
2020-01-27T16:19:03, ... powering down.
2020-01-27T16:19:03, RTC Initialization Failed
2020-01-27T16:20:03, Setup Complete
2020-01-27T16:20:03, Data: 2009-05-14T16:02:03,3.71,25627,2477.00,2483.00,2481.00,-9.38,42.08,-11.63,879.24
2020-01-27T16:19:03, Add row to /TRACKING.csv
2023-03-18T07:45:03, Number of rows in /TRACKING.csv: 2
2020-01-27T16:19:03, Done loop ...
2020-01-27T16:19:03, ... powering down.
2020-01-27T16:19:03, RTC Initialization Failed
2020-01-27T16:20:03, Setup Complete
2020-01-27T16:20:03, Data: 2009-05-14T16:02:03,3.72,25627,2473.00,2486.00,2481.00,-9.40,43.41,-11.57,879.28
2020-01-27T16:19:03, Add row to /TRACKING.csv
2023-03-18T07:45:03, Number of rows in /TRACKING.csv: 3
2020-01-27T16:19:03, Done loop ...
2020-01-27T16:19:03, ... powering down.
2020-01-27T16:19:03, RTC Initialization Failed
2020-01-27T16:20:03, Setup Complete
2020-01-27T16:20:03, Data: 2009-05-14T16:02:03,3.72,25627,2475.00,2487.00,2483.00,-9.77,46.82,-11.69,879.29
2020-01-27T16:19:03, Add row to /TRACKING.csv
2023-03-18T07:45:03, Number of rows in /TRACKING.csv: 4
2020-01-27T16:21:03, Number of rows in /TRACKING.csv is >= 4
2020-01-27T16:19:03, Remove tracking
2020-01-27T16:20:03, Write to /TRANSMIT.csv: 2009-05-14T16:02:03,3.72,2475.00,-9.8,47
2023-03-18T07:45:03, Number of rows in /TRANSMIT.csv: 5
2003-01-30T16:00:03, Current hour = 16, Transmission hour = 1
2001-03-26T16:00:03, 1416024247-09145:247-09046:247-09946:247-10244:248-09847
2020-01-27T16:25:03,  - attempt to send message: 1416024247-09145:247-09046:247-09946:247-10244:248-09847
2020-01-27T16:25:03,  - Modem begin successful
2020-01-27T16:22:03,  - Sending...
2020-01-27T16:22:03,  - Send response: 
2020-01-27T16:22:03,   - Sync clocks... 
2020-01-27T16:24:03,  - Arduino Old Time: 2000-00-20T00:84:03
2020-01-27T16:24:03,  - Arduino New Time: 2002-00-08T43:05:03
2020-01-27T16:20:03, Message sent! Removing /TRANSMIT.csv
2020-01-27T16:19:03, Done loop ...
2020-01-27T16:19:03, ... powering down.
2020-01-27T16:19:03, RTC Initialization Failed
2020-01-27T16:20:03, Setup Complete
2020-01-27T16:21:03, Data: 2009-05-14T16:02:03,3.71,25627,2472.00,2484.00,2476.00,-10.15,46.07,-11.86,879.44
2020-01-27T16:19:03, Add row to /TRACKING.csv
2023-03-18T07:45:03, Number of rows in /TRACKING.csv: 1
2020-01-27T16:19:03, Done loop ...
2020-01-27T16:19:03, ... powering down.
2020-01-27T16:19:03, RTC Initialization Failed
2020-01-27T16:20:03, Setup Complete
2020-01-27T16:21:03, Data: 2009-05-14T16:02:03,3.72,25627,2474.00,2484.00,2480.50,-10.64,45.72,-11.89,879.56
2020-01-27T16:19:03, Add row to /TRACKING.csv
2023-03-18T07:45:03, Number of rows in /TRACKING.csv: 2
2020-01-27T16:19:03, Done loop ...
2020-01-27T16:19:03, ... powering down.
2020-01-27T16:19:03, RTC Initialization Failed
2020-01-27T16:20:03, Setup Complete
2020-01-27T16:21:03, Data: 2009-05-14T16:02:03,3.72,25627,2478.00,2487.00,2481.50,-10.47,44.34,-12.07,879.63
2020-01-27T16:19:03, Add row to /TRACKING.csv
2023-03-18T07:45:03, Number of rows in /TRACKING.csv: 3
2020-01-27T16:19:03, Done loop ...
2020-01-27T16:19:03, ... powering down.
2020-01-27T16:19:03, RTC Initialization Failed
2020-01-27T16:20:03, Setup Complete
2020-01-27T16:21:03, Data: 2009-05-14T16:02:03,3.71,25627,2477.00,2487.00,2482.00,-10.26,43.51,-12.18,879.75
2020-01-27T16:19:03, Add row to /TRACKING.csv
2023-03-18T07:45:03, Number of rows in /TRACKING.csv: 4
2020-01-27T16:21:03, Number of rows in /TRACKING.csv is >= 4
2020-01-27T16:19:03, Remove tracking
2020-01-27T16:21:03, Write to /TRANSMIT.csv: 2009-05-14T16:02:03,3.71,2477.00,-10.3,44
2023-03-18T07:45:03, Number of rows in /TRANSMIT.csv: 1
2020-01-27T16:23:03, Current hour = 16, Transmission hour = 1
2020-01-27T16:23:03, Current hour = 16, Transmission hour = 6
2020-01-27T16:23:03, Current hour = 16, Transmission hour = 8
2020-01-27T16:23:03, Current hour = 16, Transmission hour = 10
2020-01-27T16:23:03, Current hour = 16, Transmission hour = 15
2020-01-27T16:23:03, Current hour = 16, Transmission hour = 20
2020-01-27T16:23:03, Current hour = 16, Transmission hour = 22
2020-01-27T16:19:03, Done loop ...
2020-01-27T16:19:03, ... powering down.
2020-01-27T16:19:03, RTC Initialization Failed
2020-01-27T16:20:03, Setup Complete
2020-01-27T16:21:03, Data: 2009-05-14T16:02:03,3.71,25627,2477.00,2487.00,2482.50,-10.02,44.54,-12.08,879.79
2020-01-27T16:19:03, Add row to /TRACKING.csv
2023-03-18T07:45:03, Number of rows in /TRACKING.csv: 1
2020-01-27T16:19:03, Done loop ...
2020-01-27T16:19:03, ... powering down.
2020-01-27T16:19:03, RTC Initialization Failed
2020-01-27T16:20:03, Setup Complete
2020-01-27T16:21:03, Data: 2009-05-14T16:02:03,3.71,25627,2472.00,2484.00,2480.00,-10.37,45.07,-12.25,879.95
2020-01-27T16:19:03, Add row to /TRACKING.csv
2023-03-18T07:45:03, Number of rows in /TRACKING.csv: 2
2020-01-27T16:19:03, Done loop ...
2020-01-27T16:19:03, ... powering down.
2020-01-27T16:19:03, RTC Initialization Failed
2020-01-27T16:20:03, Setup Complete
2020-01-27T16:21:03, Data: 2009-05-14T16:02:03,3.71,25627,2473.00,2490.00,2479.50,-10.83,45.76,-12.38,880.08
2020-01-27T16:19:03, Add row to /TRACKING.csv
2023-03-18T07:45:03, Number of rows in /TRACKING.csv: 3
2020-01-27T16:19:03, Done loop ...
2020-01-27T16:19:03, ... powering down.
2020-01-27T16:19:03, RTC Initialization Failed
2020-01-27T16:20:03, Setup Complete
2020-01-27T16:21:03, Data: 2009-05-14T16:02:03,3.71,25627,2478.00,2486.00,2481.50,-10.73,45.58,-12.38,880.11
2020-01-27T16:19:03, Add row to /TRACKING.csv
2023-03-18T07:45:03, Number of rows in /TRACKING.csv: 4
2020-01-27T16:21:03, Number of rows in /TRACKING.csv is >= 4
2020-01-27T16:19:03, Remove tracking
2020-01-27T16:21:03, Write to /TRANSMIT.csv: 2009-05-14T16:02:03,3.71,2478.00,-10.7,46
2023-03-18T07:45:03, Number of rows in /TRANSMIT.csv: 2
2020-01-27T16:22:03, Current hour = 16, Transmission hour = 1
2020-01-27T16:22:03, Current hour = 16, Transmission hour = 6
2020-01-27T16:22:03, Current hour = 16, Transmission hour = 8
2020-01-27T16:22:03, Current hour = 16, Transmission hour = 10
2020-01-27T16:22:03, Current hour = 16, Transmission hour = 15
2020-01-27T16:22:03, Current hour = 16, Transmission hour = 20
2020-01-27T16:22:03, Current hour = 16, Transmission hour = 22
2020-01-27T16:19:03, Done loop ...
2020-01-27T16:19:03, ... powering down.
2020-01-27T16:19:03, RTC Initialization Failed
2020-01-27T16:20:03, Setup Complete
2020-01-27T16:21:03, Data: 2000-01-19T16:11:03,3.71,25627,2473.00,2484.00,2479.50,-10.39,47.52,-12.35,880.06
2020-01-27T16:19:03, Add row to /TRACKING.csv
2023-03-18T07:45:03, Number of rows in /TRACKING.csv: 1
2020-01-27T16:19:03, Done loop ...
2020-01-27T16:19:03, ... powering down.
2020-01-27T16:19:03, RTC Initialization Failed
2020-01-27T16:20:03, Setup Complete
2020-01-27T16:21:03, Data: 2009-05-14T16:02:03,3.72,25627,2476.00,2486.00,2481.50,-10.35,45.69,-12.43,880.11
2020-01-27T16:19:03, Add row to /TRACKING.csv
2023-03-18T07:45:03, Number of rows in /TRACKING.csv: 2
2020-01-27T16:19:03, Done loop ...
2020-01-27T16:19:03, ... powering down.
2020-01-27T16:19:03, RTC Initialization Failed
2020-01-27T16:20:03, Setup Complete
2020-01-27T16:21:03, Data: 2009-05-14T16:02:03,3.71,25627,2474.00,2485.00,2479.00,-10.81,46.64,-12.34,880.08
2020-01-27T16:19:03, Add row to /TRACKING.csv
2023-03-18T07:45:03, Number of rows in /TRACKING.csv: 3
2020-01-27T16:19:03, Done loop ...
2020-01-27T16:19:03, ... powering down.
2020-01-27T16:19:03, RTC Initialization Failed
2020-01-27T16:20:03, Setup Complete
2020-01-27T16:21:03, Data: 2006-03-21T16:00:03,3.71,25627,2475.00,2486.00,2482.00,-10.14,44.88,-12.17,880.13
2020-01-27T16:19:03, Add row to /TRACKING.csv
2023-03-18T06:25:03, Number of rows in /TRACKING.csv: 4
2020-01-27T16:21:03, Number of rows in /TRACKING.csv is >= 4
2020-01-27T16:19:03, Remove tracking
2020-01-27T16:21:03, Write to /TRANSMIT.csv: 2006-03-21T16:00:03,3.71,2475.00,-10.1,45
2023-03-18T06:25:03, Number of rows in /TRANSMIT.csv: 3
2003-01-30T16:00:03, Current hour = 16, Transmission hour = 1
2003-01-30T16:00:03, Current hour = 16, Transmission hour = 6
2003-01-30T16:00:03, Current hour = 16, Transmission hour = 8
2003-01-30T16:00:03, Current hour = 16, Transmission hour = 10
2003-01-30T16:00:03, Current hour = 16, Transmission hour = 15
2003-01-30T16:00:03, Current hour = 16, Transmission hour = 20
2003-01-30T16:00:03, Current hour = 16, Transmission hour = 22
2020-01-27T16:19:03, Done loop ...
2020-01-27T16:19:03, ... powering down.
2020-01-27T16:19:03, RTC Initialization Failed
2020-01-27T16:20:03, Setup Complete
2020-01-27T16:21:03, Data: 2009-05-14T16:02:03,3.72,25627,2478.00,2486.00,2483.00,-10.46,44.83,-12.23,880.09
2020-01-27T16:19:03, Add row to /TRACKING.csv
2023-03-18T07:45:03, Number of rows in /TRACKING.csv: 1
2020-01-27T16:19:03, Done loop ...
2020-01-27T16:19:03, ... powering down.
2020-01-27T16:19:03, RTC Initialization Failed
2020-01-27T16:20:03, Setup Complete
2020-01-27T16:21:03, Data: 2009-05-14T16:02:03,3.71,25627,2479.00,2489.00,2483.00,-10.63,49.02,-12.32,880.17
2020-01-27T16:19:03, Add row to /TRACKING.csv
2023-03-18T07:45:03, Number of rows in /TRACKING.csv: 2
2020-01-27T16:19:03, Done loop ...
2020-01-27T16:19:03, ... powering down.
2020-01-27T16:19:03, RTC Initialization Failed
2020-01-27T16:20:03, Setup Complete
2020-01-27T16:21:03, Data: 2009-05-14T16:02:03,3.71,25627,2476.00,2486.00,2481.00,-10.88,48.88,-12.55,880.32
2020-01-27T16:19:03, Add row to /TRACKING.csv
2023-03-18T07:45:03, Number of rows in /TRACKING.csv: 3
2020-01-27T16:19:03, Done loop ...
2020-01-27T16:19:03, ... powering down.
2020-01-27T16:19:03, RTC Initialization Failed
2020-01-27T16:20:03, Setup Complete
2043-04-29T09:31:47, Data: 2009-05-14T16:02:03,3.71,25627,2473.00,2484.00,2478.00,-10.81,47.68,-12.51,880.38
2020-01-27T16:19:03, Add row to /TRACKING.csv
2023-03-18T07:45:03, Number of rows in /TRACKING.csv: 4
2020-01-27T16:21:03, Number of rows in /TRACKING.csv is >= 4
2020-01-27T16:19:03, Remove tracking
2020-01-27T16:21:03, Write to /TRANSMIT.csv: 2009-05-14T16:02:03,3.71,2473.00,-10.8,48
2023-03-18T07:45:03, Number of rows in /TRANSMIT.csv: 4
2003-01-30T16:00:03, Current hour = 16, Transmission hour = 1
2003-01-30T16:00:03, Current hour = 16, Transmission hour = 6
2003-01-30T16:00:03, Current hour = 16, Transmission hour = 8
2003-01-30T16:00:03, Current hour = 16, Transmission hour = 10
2003-01-30T16:00:03, Current hour = 16, Transmission hour = 15
2003-01-30T16:00:03, Current hour = 16, Transmission hour = 20
2003-01-30T16:00:03, Current hour = 16, Transmission hour = 22
2020-01-27T16:19:03, Done loop ...
2020-01-27T16:19:03, ... powering down.
2020-01-27T16:19:03, RTC Initialization Failed
2020-01-27T16:20:03, Setup Complete
2020-01-27T16:21:03, Data: 2006-03-21T16:00:03,3.71,25627,2479.00,2486.00,2482.00,-10.47,46.78,-12.35,880.39
2020-01-27T16:19:03, Add row to /TRACKING.csv
2023-03-18T07:45:03, Number of rows in /TRACKING.csv: 1
2020-01-27T16:19:03, Done loop ...
2020-01-27T16:19:03, ... powering down.
2020-01-27T16:19:03, RTC Initialization Failed
2020-01-27T16:20:03, Setup Complete
2020-01-27T16:21:03, Data: 2009-05-14T16:02:03,3.71,25627,2482.00,2494.00,2485.50,-10.39,48.50,-12.25,880.38
2020-01-27T16:19:03, Add row to /TRACKING.csv
2023-03-18T07:45:03, Number of rows in /TRACKING.csv: 2
2020-01-27T16:19:03, Done loop ...
2020-01-27T16:19:03, ... powering down.
2020-01-27T16:19:03, RTC Initialization Failed
2020-01-27T16:20:03, Setup Complete
2020-01-27T16:21:03, Data: 2009-05-14T16:02:03,3.71,25627,2480.00,2488.00,2486.50,-11.04,50.43,-12.41,880.38
2020-01-27T16:19:03, Add row to /TRACKING.csv
2023-03-18T07:45:03, Number of rows in /TRACKING.csv: 3
2020-01-27T16:19:03, Done loop ...
2020-01-27T16:19:03, ... powering down.
2020-01-27T16:19:03, RTC Initialization Failed
2020-01-27T16:20:03, Setup Complete
2020-01-27T16:21:03, Data: 2009-05-14T16:02:03,3.71,25627,2477.00,2486.00,2480.50,-11.22,50.89,-12.48,880.33
2020-01-27T16:19:03, Add row to /TRACKING.csv
2023-03-18T07:45:03, Number of rows in /TRACKING.csv: 4
2020-01-27T16:21:03, Number of rows in /TRACKING.csv is >= 4
2020-01-27T16:19:03, Remove tracking
2020-01-27T16:21:03, Write to /TRANSMIT.csv: 2009-05-14T16:02:03,3.71,2477.00,-11.2,51
2023-03-18T07:45:03, Number of rows in /TRANSMIT.csv: 5
2003-01-30T16:00:03, Current hour = 16, Transmission hour = 1
2001-03-26T16:00:03, 1416024248-10344:248-10746:248-10145:247-10848:248-11251
2020-01-27T16:25:03,  - attempt to send message: 1416024248-10344:248-10746:248-10145:247-10848:248-11251
2020-01-27T16:21:03,  - Modem begin successful
2020-01-27T16:21:03,  - Sending...
2020-01-27T16:21:03,  - Send response: 
2020-01-27T16:22:03,   - Sync clocks... 
2020-01-27T16:25:03,  - Arduino Old Time: 2000-00-20T00:84:03
2020-01-27T16:24:03,  - Arduino New Time: 2002-00-14T18:47:03
2020-01-27T16:21:03, Message sent! Removing /TRANSMIT.csv
2020-01-27T16:19:03, Done loop ...
2020-01-27T16:19:03, ... powering down.
2020-01-27T16:19:03, RTC Initialization Failed
2020-01-27T16:20:03, Setup Complete
2020-01-27T16:21:03, Data: 2009-05-14T16:02:03,3.71,25627,2478.00,2489.00,2483.50,-10.28,47.70,-12.33,880.33
2020-01-27T16:19:03, Add row to /TRACKING.csv
2023-03-18T07:45:03, Number of rows in /TRACKING.csv: 1
2020-01-27T16:19:03, Done loop ...
2020-01-27T16:19:03, ... powering down.
2020-01-27T16:19:03, RTC Initialization Failed
2020-01-27T16:20:03, Setup Complete
2020-01-27T16:21:03, Data: 2009-05-14T16:02:03,3.71,25627,2475.00,2486.00,2480.50,-11.04,49.58,-12.46,880.32
2020-01-27T16:19:03, Add row to /TRACKING.csv
2023-03-18T07:45:03, Number of rows in /TRACKING.csv: 2
2020-01-27T16:19:03, Done loop ...
2020-01-27T16:19:03, ... powering down.
2020-01-27T16:19:03, RTC Initialization Failed
2020-01-27T16:20:03, Setup Complete
2020-01-27T16:21:03, Data: 2009-05-14T16:02:03,3.72,25627,2478.00,2487.00,2481.00,-10.81,50.39,-12.51,880.35
2020-01-27T16:19:03, Add row to /TRACKING.csv
2023-03-18T07:45:03, Number of rows in /TRACKING.csv: 3
2020-01-27T16:19:03, Done loop ...
2020-01-27T16:19:03, ... powering down.
2020-01-27T16:19:03, RTC Initialization Failed
2020-01-27T16:20:03, Setup Complete
2020-01-27T16:21:03, Data: 2009-05-14T16:02:03,3.71,25627,2483.00,2494.00,2488.00,-10.58,49.40,-12.34,880.35
2020-01-27T16:19:03, Add row to /TRACKING.csv
2023-03-18T07:45:03, Number of rows in /TRACKING.csv: 4
2020-01-27T16:21:03, Number of rows in /TRACKING.csv is >= 4
2020-01-27T16:19:03, Remove tracking
2020-01-27T16:21:03, Write to /TRANSMIT.csv: 2009-05-14T16:02:03,3.71,2483.00,-10.6,49
2023-03-18T07:45:03, Number of rows in /TRANSMIT.csv: 1
2020-01-27T16:23:03, Current hour = 16, Transmission hour = 1
2020-01-27T16:23:03, Current hour = 16, Transmission hour = 6
2020-01-27T16:23:03, Current hour = 16, Transmission hour = 8
2020-01-27T16:23:03, Current hour = 16, Transmission hour = 10
2020-01-27T16:23:03, Current hour = 16, Transmission hour = 15
2020-01-27T16:23:03, Current hour = 16, Transmission hour = 20
2020-01-27T16:23:03, Current hour = 16, Transmission hour = 22
2020-01-27T16:19:03, Done loop ...
2020-01-27T16:19:03, ... powering down.
2020-01-27T16:19:03, RTC Initialization Failed
2020-01-27T16:20:03, Setup Complete
2020-01-27T16:21:03, Data: 2009-05-14T16:02:03,3.71,25627,2474.00,2487.00,2484.00,-10.46,48.40,-12.52,880.46
2020-01-27T16:19:03, Add row to /TRACKING.csv
2023-03-18T07:45:03, Number of rows in /TRACKING.csv: 1
2020-01-27T16:19:03, Done loop ...
2020-01-27T16:19:03, ... powering down.
2020-01-27T16:19:03, RTC Initialization Failed
2020-01-27T16:20:03, Setup Complete
2020-01-27T16:21:03, Data: 2009-05-14T16:02:03,3.71,25627,2481.00,2493.00,2488.00,-10.43,47.95,-12.29,880.45
2020-01-27T16:19:03, Add row to /TRACKING.csv
2023-03-18T07:45:03, Number of rows in /TRACKING.csv: 2
2020-01-27T16:19:03, Done loop ...
2020-01-27T16:19:03, ... powering down.
2020-01-27T16:19:03, RTC Initialization Failed
2020-01-27T16:20:03, Setup Complete
2020-01-27T16:21:03, Data: 2009-05-14T16:02:03,3.72,25627,2481.00,2494.00,2487.00,-10.71,49.86,-12.33,880.51
2020-01-27T16:19:03, Add row to /TRACKING.csv
2023-03-18T07:45:03, Number of rows in /TRACKING.csv: 3
2020-01-27T16:19:03, Done loop ...
2020-01-27T16:19:03, ... powering down.
2020-01-27T16:19:03, RTC Initialization Failed
2020-01-27T16:20:03, Setup Complete
2020-01-27T16:21:03, Data: 2009-05-14T16:02:03,3.73,25627,2486.00,2491.00,2489.00,-10.40,49.26,-12.01,880.57
2020-01-27T16:19:03, Add row to /TRACKING.csv
2023-03-18T07:45:03, Number of rows in /TRACKING.csv: 4
2020-01-27T16:21:03, Number of rows in /TRACKING.csv is >= 4
2020-01-27T16:19:03, Remove tracking
2020-01-27T16:21:03, Write to /TRANSMIT.csv: 2009-05-14T16:02:03,3.73,2486.00,-10.4,49
2023-03-18T07:45:03, Number of rows in /TRANSMIT.csv: 2
2001-01-21T16:22:03, Current hour = 16, Transmission hour = 1
2020-01-27T16:22:03, Current hour = 16, Transmission hour = 6
2020-01-27T16:22:03, Current hour = 16, Transmission hour = 8
2020-01-27T16:22:03, Current hour = 16, Transmission hour = 10
2020-01-27T16:22:03, Current hour = 16, Transmission hour = 15
2020-01-27T16:22:03, Current hour = 16, Transmission hour = 20
2020-01-27T16:22:03, Current hour = 16, Transmission hour = 22
2020-01-27T16:19:03, Done loop ...
2020-01-27T16:19:03, ... powering down.
2020-01-27T16:19:03, RTC Initialization Failed
2020-01-27T16:20:03, Setup Complete
2020-01-27T16:20:03, Data: 2009-05-14T16:02:03,3.99,25627,2493.00,2502.00,2496.50,-9.69,47.52,-9.83,880.90
2020-01-27T16:19:03, Add row to /TRACKING.csv
2023-03-18T07:45:03, Number of rows in /TRACKING.csv: 1
2020-01-27T16:19:03, Done loop ...
2020-01-27T16:19:03, ... powering down.
2020-01-27T16:19:03, RTC Initialization Failed
2020-01-27T16:20:03, Setup Complete
2020-01-27T16:20:03, Data: 2009-05-14T16:02:03,3.99,25627,2507.00,2517.00,2515.00,-8.01,40.89,-5.92,880.75
2020-01-27T16:19:03, Add row to /TRACKING.csv
2023-03-18T07:45:03, Number of rows in /TRACKING.csv: 2
2020-01-27T16:19:03, Done loop ...
2020-01-27T16:19:03, ... powering down.
2020-01-27T16:19:03, RTC Initialization Failed
2020-01-27T16:20:03, Setup Complete
2020-01-27T16:20:03, Data: 2009-05-14T16:02:03,3.99,25627,2528.00,2540.00,2535.50,-7.47,39.46,-3.25,880.91
2020-01-27T16:19:03, Add row to /TRACKING.csv
2023-03-18T07:45:03, Number of rows in /TRACKING.csv: 3
2020-01-27T16:19:03, Done loop ...
2020-01-27T16:19:03, ... powering down.
2020-01-27T16:19:03, RTC Initialization Failed
2020-01-27T16:20:03, Setup Complete
2020-01-27T16:21:03, Data: 2009-05-14T16:02:03,3.99,25627,2533.00,2545.00,2535.50,-6.90,39.21,0.84,880.85
2020-01-27T16:19:03, Add row to /TRACKING.csv
2023-03-18T06:25:03, Number of rows in /TRACKING.csv: 4
2020-01-27T16:21:03, Number of rows in /TRACKING.csv is >= 4
2020-01-27T16:19:03, Remove tracking
2020-01-27T16:21:03, Write to /TRANSMIT.csv: 2009-05-14T16:02:03,3.99,2533.00,-6.9,39
2023-03-18T06:25:03, Number of rows in /TRANSMIT.csv: 3
2020-01-27T16:21:03, Current hour = 16, Transmission hour = 1
2020-01-27T16:21:03, Current hour = 16, Transmission hour = 6
2020-01-27T16:21:03, Current hour = 16, Transmission hour = 8
2043-04-29T09:31:47, Current hour = 16, Transmission hour = 10
2020-01-27T16:21:03, Current hour = 16, Transmission hour = 15
2020-01-27T16:21:03, Current hour = 16, Transmission hour = 20
2020-01-27T16:21:03, Current hour = 16, Transmission hour = 22
2020-01-27T16:19:03, Done loop ...
2020-01-27T16:19:03, ... powering down.
2020-01-27T16:19:03, RTC Initialization Failed
2020-01-27T16:20:03, Setup Complete
2020-01-27T16:21:03, Data: 2009-05-14T16:02:03,3.99,25627,2535.00,2552.00,2538.00,-6.59,37.87,1.26,881.14
2020-01-27T16:19:03, Add row to /TRACKING.csv
2023-03-18T07:45:03, Number of rows in /TRACKING.csv: 1
2020-01-27T16:19:03, Done loop ...
2020-01-27T16:19:03, ... powering down.
2020-01-27T16:19:03, RTC Initialization Failed
2020-01-27T16:20:03, Setup Complete
2020-01-27T16:21:03, Data: 2009-05-14T16:02:03,4.00,25627,2541.00,2555.00,2548.50,-5.97,37.18,4.20,881.30
2020-01-27T16:19:03, Add row to /TRACKING.csv
2023-03-18T06:25:03, Number of rows in /TRACKING.csv: 2
2020-01-27T16:19:03, Done loop ...
2020-01-27T16:19:03, ... powering down.
2020-01-27T16:19:03, RTC Initialization Failed
2020-01-27T16:20:03, Setup Complete
2020-01-27T16:21:03, Data: 2009-05-14T16:02:03,4.00,25627,2557.00,2573.00,2566.00,-4.74,30.64,6.18,881.07
2020-01-27T16:19:03, Add row to /TRACKING.csv
2023-03-18T06:25:03, Number of rows in /TRACKING.csv: 3
2020-01-27T16:19:03, Done loop ...
2020-01-27T16:19:03, ... powering down.
2020-01-27T16:19:03, RTC Initialization Failed
2020-01-27T16:20:03, Setup Complete
2020-01-27T16:21:03, Data: 2009-05-14T16:02:03,3.99,25627,2532.00,2544.00,2537.50,-7.94,39.49,3.16,881.01
2020-01-27T16:19:03, Add row to /TRACKING.csv
2023-03-08T06:25:03, Number of rows in /TRACKING.csv: 4
2020-01-27T16:21:03, Number of rows in /TRACKING.csv is >= 4
2020-01-27T16:19:03, Remove tracking
2020-01-27T16:21:03, Write to /TRANSMIT.csv: 2009-05-14T16:02:03,3.99,2532.00,-7.9,39
2023-03-08T06:25:03, Number of rows in /TRANSMIT.csv: 4
2003-01-30T16:00:03, Current hour = 16, Transmission hour = 1
2003-01-30T16:00:03, Current hour = 16, Transmission hour = 6
2003-01-30T16:00:03, Current hour = 16, Transmission hour = 8
2003-01-30T16:00:03, Current hour = 16, Transmission hour = 10
2003-01-30T16:00:03, Current hour = 16, Transmission hour = 15
2003-01-30T16:00:03, Current hour = 16, Transmission hour = 20
2003-01-30T16:00:03, Current hour = 16, Transmission hour = 22
2020-01-27T16:19:03, Done loop ...
2020-01-27T16:19:03, ... powering down.
2020-01-27T16:19:03, RTC Initialization Failed
2020-01-27T16:20:03, Setup Complete
2020-01-27T16:21:03, Data: 2009-05-14T16:02:03,3.99,25627,2536.00,2549.00,2541.00,-6.40,39.38,2.13,881.31
2020-01-27T16:19:03, Add row to /TRACKING.csv
2023-03-18T06:25:03, Number of rows in /TRACKING.csv: 1
2020-01-27T16:19:03, Done loop ...
2020-01-27T16:19:03, ... powering down.
2020-01-27T16:19:03, RTC Initialization Failed
2020-01-27T16:20:03, Setup Complete
2020-01-27T16:21:03, Data: 2000-01-19T16:11:03,4.00,25627,2560.00,2588.00,2574.50,-5.23,42.89,3.57,881.27
2020-01-27T16:19:03, Add row to /TRACKING.csv
2023-03-08T06:25:03, Number of rows in /TRACKING.csv: 2
2020-01-27T16:19:03, Done loop ...
2020-01-27T16:19:03, ... powering down.
2020-01-27T16:19:03, RTC Initialization Failed
2020-01-27T16:20:03, Setup Complete
2020-01-27T16:21:03, Data: 2009-05-14T16:02:03,3.99,25627,2564.00,2580.00,2572.50,-5.36,37.22,4.25,881.21
2020-01-27T16:19:03, Add row to /TRACKING.csv
2023-03-08T06:25:03, Number of rows in /TRACKING.csv: 3
2020-01-27T16:19:03, Done loop ...
2020-01-27T16:19:03, ... powering down.
2020-01-27T16:19:03, RTC Initialization Failed
2020-01-27T16:20:03, Setup Complete
2020-01-27T16:21:03, Data: 2009-05-14T16:02:03,3.99,25627,2546.00,2571.00,2556.50,-7.01,44.41,3.52,881.24
2020-01-27T16:19:03, Add row to /TRACKING.csv
2011-11-25T17:24:03, Number of rows in /TRACKING.csv: 4
2020-01-27T16:21:03, Number of rows in /TRACKING.csv is >= 4
2020-01-27T16:19:03, Remove tracking
2020-01-27T16:21:03, Write to /TRANSMIT.csv: 2009-05-14T16:02:03,3.99,2546.00,-7.0,44
2023-03-18T06:25:03, Number of rows in /TRANSMIT.csv: 5
2003-01-30T16:00:03, Current hour = 16, Transmission hour = 1
2001-03-26T16:00:03, 1416026248-10649:249-10449:253-06939:253-07939:255-07044
2020-01-27T16:25:03,  - attempt to send message: 1416026248-10649:249-10449:253-06939:253-07939:255-07044
2020-01-27T16:21:03,  - Modem begin successful
2020-01-27T16:20:03,  - Sending...
2020-01-27T16:21:03,  - Send response: 
2020-01-27T16:21:03,   - Sync clocks... 
2020-01-27T16:24:03,  - Arduino Old Time: 2000-00-20T00:84:03
2020-01-27T16:24:03,  - Arduino New Time: 2002-00-19T54:50:03
2020-01-27T16:24:03, Message sent! Removing /TRANSMIT.csv
2020-01-27T16:19:03, Done loop ...
2020-01-27T16:19:03, ... powering down.
2020-01-27T16:19:03, RTC Initialization Failed
2020-01-27T16:20:03, Setup Complete
2020-01-27T16:21:03, Data: 2009-05-14T16:02:03,3.99,25627,2536.00,2548.00,2542.00,-4.66,36.84,3.22,881.50
2020-01-27T16:19:03, Add row to /TRACKING.csv
2023-03-18T06:25:03, Number of rows in /TRACKING.csv: 1
2020-01-27T16:19:03, Done loop ...
2020-01-27T16:19:03, ... powering down.
2020-01-27T16:19:03, RTC Initialization Failed
2020-01-27T16:20:03, Setup Complete
2020-01-27T16:21:03, Data: 2009-05-14T16:02:03,4.00,25627,2554.00,2571.00,2558.00,-5.53,36.93,4.16,881.44
2020-01-27T16:19:03, Add row to /TRACKING.csv
2023-03-18T06:25:03, Number of rows in /TRACKING.csv: 2
2020-01-27T16:19:03, Done loop ...
2020-01-27T16:19:03, ... powering down.
2020-01-27T16:19:03, RTC Initialization Failed
2020-01-27T16:20:03, Setup Complete
2020-01-27T16:21:03, Data: 2009-05-14T16:02:03,3.98,25627,2542.00,2559.00,2549.00,-5.93,39.22,4.00,881.21
2020-01-27T16:19:03, Add row to /TRACKING.csv
2023-03-18T06:25:03, Number of rows in /TRACKING.csv: 3
2020-01-27T16:19:03, Done loop ...
2020-01-27T16:19:03, ... powering down.
2020-01-27T16:19:03, RTC Initialization Failed
2020-01-27T16:20:03, Setup Complete
2020-01-27T16:21:03, Data: 2009-05-14T16:02:03,4.00,25627,2535.00,2548.00,2544.50,-6.76,44.17,3.23,881.37
2020-01-27T16:19:03, Add row to /TRACKING.csv
2023-03-18T06:25:03, Number of rows in /TRACKING.csv: 4
2020-01-27T16:21:03, Number of rows in /TRACKING.csv is >= 4
2020-01-27T16:19:03, Remove tracking
2020-01-27T16:21:03, Write to /TRANSMIT.csv: 2009-05-14T16:02:03,4.00,2535.00,-6.8,44
2023-03-18T06:25:03, Number of rows in /TRANSMIT.csv: 1
2020-01-27T16:21:03, Current hour = 16, Transmission hour = 1
2020-01-27T16:21:03, Current hour = 16, Transmission hour = 6
2020-01-27T16:21:03, Current hour = 16, Transmission hour = 8
2020-01-27T16:21:03, Current hour = 16, Transmission hour = 10
2020-01-27T16:21:03, Current hour = 16, Transmission hour = 15
2020-01-27T16:21:03, Current hour = 16, Transmission hour = 20
2020-01-27T16:21:03, Current hour = 16, Transmission hour = 22
2020-01-27T16:19:03, Done loop ...
2020-01-27T16:19:03, ... powering down.
2020-01-27T16:19:03, RTC Initialization Failed
2020-01-27T16:20:03, Setup Complete
2020-01-27T16:21:03, Data: 2009-05-14T16:02:03,3.98,25627,2527.00,2543.00,2536.50,-6.40,49.08,1.60,881.18
2020-01-27T16:19:03, Add row to /TRACKING.csv
2023-03-18T06:25:03, Number of rows in /TRACKING.csv: 1
2020-01-27T16:19:03, Done loop ...
2020-01-27T16:19:03, ... powering down.
2020-01-27T16:19:03, RTC Initialization Failed
2020-01-27T16:20:03, Setup Complete
2020-01-27T16:21:03, Data: 2009-05-14T16:02:03,4.00,25627,2528.00,2542.00,2535.50,-6.33,41.74,0.52,881.37
2020-01-27T16:19:03, Add row to /TRACKING.csv
2023-03-08T06:25:03, Number of rows in /TRACKING.csv: 2
2020-01-27T16:19:03, Done loop ...
2020-01-27T16:19:03, ... powering down.
2020-01-27T16:19:03, RTC Initialization Failed
2020-01-27T16:20:03, Setup Complete
2020-01-27T16:21:03, Data: 2009-05-14T16:02:03,4.00,25627,2523.00,2534.00,2528.50,-6.95,44.88,0.51,881.18
2020-01-27T16:19:03, Add row to /TRACKING.csv
2023-03-18T06:25:03, Number of rows in /TRACKING.csv: 3
2020-01-27T16:19:03, Done loop ...
2020-01-27T16:19:03, ... powering down.
2020-01-27T16:19:03, RTC Initialization Failed
2020-01-27T16:20:03, Setup Complete
2020-01-27T16:20:03, Data: 2009-05-14T16:02:03,3.98,25627,2518.00,2532.00,2526.50,-8.25,47.51,-0.58,881.27
2020-01-27T16:19:03, Add row to /TRACKING.csv
2023-03-08T06:25:03, Number of rows in /TRACKING.csv: 4
2020-01-27T16:21:03, Number of rows in /TRACKING.csv is >= 4
2020-01-27T16:19:03, Remove tracking
2020-01-27T16:21:03, Write to /TRANSMIT.csv: 2009-05-14T16:02:03,3.98,2518.00,-8.2,48
2023-03-08T06:25:03, Number of rows in /TRANSMIT.csv: 2
2020-01-27T16:23:03, Current hour = 16, Transmission hour = 1
2020-01-27T16:23:03, Current hour = 16, Transmission hour = 6
2020-01-27T16:23:03, Current hour = 16, Transmission hour = 8
2020-01-27T16:23:03, Current hour = 16, Transmission hour = 10
2020-01-27T16:23:03, Current hour = 16, Transmission hour = 15
2020-01-27T16:23:03, Current hour = 16, Transmission hour = 20
2020-01-27T16:23:03, Current hour = 16, Transmission hour = 22
2020-01-27T16:19:03, Done loop ...
2020-01-27T16:19:03, ... powering down.
2020-01-27T16:19:03, RTC Initialization Failed
2020-01-27T16:20:03, Setup Complete
2020-01-27T16:20:03, Data: 2009-05-14T16:02:03,3.99,25627,2514.00,2526.00,2520.00,-7.31,43.35,-0.84,881.25
2020-01-27T16:19:03, Add row to /TRACKING.csv
2023-03-18T06:25:03, Number of rows in /TRACKING.csv: 1
2020-01-27T16:19:03, Done loop ...
2020-01-27T16:19:03, ... powering down.
2020-01-27T16:19:03, RTC Initialization Failed
2020-01-27T16:20:03, Setup Complete
2020-01-27T16:20:03, Data: 2009-05-14T16:02:03,4.00,25627,2515.00,2524.00,2521.50,-7.36,43.89,-0.36,880.99
2020-01-27T16:19:03, Add row to /TRACKING.csv
2023-03-08T06:25:03, Number of rows in /TRACKING.csv: 2
2020-01-27T16:19:03, Done loop ...
2020-01-27T16:19:03, ... powering down.
2020-01-27T16:19:03, RTC Initialization Failed
2020-01-27T16:20:03, Setup Complete
2020-01-27T16:20:03, Data: 2009-05-14T16:02:03,3.89,25627,2502.00,2514.00,2508.50,-7.97,46.08,-2.13,880.95
2020-01-27T16:19:03, Add row to /TRACKING.csv
2023-03-08T06:25:03, Number of rows in /TRACKING.csv: 3
2020-01-27T16:19:03, Done loop ...
2020-01-27T16:19:03, ... powering down.
2020-01-27T16:19:03, RTC Initialization Failed
2020-01-27T16:20:03, Setup Complete
2020-01-27T16:20:03, Data: 2009-05-14T16:02:03,3.88,25627,2499.00,2509.00,2505.00,-8.22,46.94,-2.19,881.05
2020-01-27T16:19:03, Add row to /TRACKING.csv
2023-03-08T06:25:03, Number of rows in /TRACKING.csv: 4
2020-01-27T16:21:03, Number of rows in /TRACKING.csv is >= 4
2020-01-27T16:19:03, Remove tracking
2020-01-27T16:20:03, Write to /TRANSMIT.csv: 2009-05-14T16:02:03,3.88,2499.00,-8.2,47
2023-03-08T06:25:03, Number of rows in /TRANSMIT.csv: 3
2003-01-30T16:00:03, Current hour = 16, Transmission hour = 1
2003-01-30T16:00:03, Current hour = 16, Transmission hour = 6
2003-01-30T16:00:03, Current hour = 16, Transmission hour = 8
2003-01-30T16:00:03, Current hour = 16, Transmission hour = 10
2003-01-30T16:00:03, Current hour = 16, Transmission hour = 15
2003-01-30T16:00:03, Current hour = 16, Transmission hour = 20
2003-01-30T16:00:03, Current hour = 16, Transmission hour = 22
2020-01-27T16:19:03, Done loop ...
2020-01-27T16:19:03, ... powering down.
2020-01-27T16:19:03, RTC Initialization Failed
2020-01-27T16:20:03, Setup Complete
2020-01-27T16:20:03, Data: 2009-05-14T16:02:03,3.88,25627,2504.00,2519.00,2507.00,-8.17,45.66,-2.14,880.90
2020-01-27T16:19:03, Add row to /TRACKING.csv
2023-03-18T06:25:03, Number of rows in /TRACKING.csv: 1
2020-01-27T16:19:03, Done loop ...
2020-01-27T16:19:03, ... powering down.
2020-01-27T16:19:03, RTC Initialization Failed
2020-01-27T16:20:03, Setup Complete
2020-01-27T16:20:03, Data: 2000-01-19T16:11:03,3.85,25627,2497.00,2505.00,2501.00,-9.16,50.13,-4.27,880.83
2020-01-27T16:19:03, Add row to /TRACKING.csv
2023-03-18T06:25:03, Number of rows in /TRACKING.csv: 2
2020-01-27T16:19:03, Done loop ...
2020-01-27T16:19:03, ... powering down.
2020-01-27T16:19:03, RTC Initialization Failed
2020-01-27T16:20:03, Setup Complete
2020-01-27T16:20:03, Data: 2009-05-14T16:02:03,3.86,25627,2493.00,2503.00,2497.00,-9.49,52.40,-5.36,880.88
2020-01-27T16:19:03, Add row to /TRACKING.csv
2023-03-18T06:25:03, Number of rows in /TRACKING.csv: 3
2020-01-27T16:19:03, Done loop ...
2020-01-27T16:19:03, ... powering down.
2020-01-27T16:19:03, RTC Initialization Failed
2020-01-27T16:20:03, Setup Complete
2020-01-27T16:20:03, Data: 2009-05-14T16:02:03,3.83,25627,2495.00,2505.00,2499.50,-9.12,51.60,-5.74,880.86
2020-01-27T16:19:03, Add row to /TRACKING.csv
2023-03-18T07:45:03, Number of rows in /TRACKING.csv: 4
2020-01-27T16:21:03, Number of rows in /TRACKING.csv is >= 4
2020-01-27T16:19:03, Remove tracking
2020-01-27T16:20:03, Write to /TRANSMIT.csv: 2009-05-14T16:02:03,3.83,2495.00,-9.1,52
2023-03-18T07:45:03, Number of rows in /TRANSMIT.csv: 4
2003-01-30T16:00:03, Current hour = 16, Transmission hour = 1
2003-01-30T16:00:03, Current hour = 16, Transmission hour = 6
2003-01-30T16:00:03, Current hour = 16, Transmission hour = 8
2003-01-30T16:00:03, Current hour = 16, Transmission hour = 10
2003-01-30T16:00:03, Current hour = 16, Transmission hour = 15
2003-01-30T16:00:03, Current hour = 16, Transmission hour = 20
2003-01-30T16:00:03, Current hour = 16, Transmission hour = 22
2020-01-27T16:19:03, Done loop ...
2020-01-27T16:19:03, ... powering down.
2020-01-27T16:19:03, RTC Initialization Failed
2020-01-27T16:20:03, Setup Complete
2020-01-27T16:21:03, Data: 2009-05-14T16:02:03,3.76,25627,2492.00,2500.00,2495.00,-10.11,54.50,-7.30,880.78
2020-01-27T16:19:03, Add row to /TRACKING.csv
2023-03-18T07:45:03, Number of rows in /TRACKING.csv: 1
2020-01-27T16:19:03, Done loop ...
2020-01-27T16:19:03, ... powering down.
2020-01-27T16:19:03, RTC Initialization Failed
2020-01-27T16:20:03, Setup Complete
2020-01-27T16:21:03, Data: 2009-05-14T16:02:03,3.74,25627,2489.00,2494.00,2493.00,-10.35,55.92,-8.98,880.91
2020-01-27T16:19:03, Add row to /TRACKING.csv
2023-03-18T06:25:03, Number of rows in /TRACKING.csv: 2
2020-01-27T16:19:03, Done loop ...
2020-01-27T16:19:03, ... powering down.
2020-01-27T16:19:03, RTC Initialization Failed
2020-01-27T16:20:03, Setup Complete
2020-01-27T16:21:03, Data: 2009-05-14T16:02:03,3.74,25627,2486.00,2497.00,2491.00,-10.74,56.16,-10.27,880.87
2020-01-27T16:19:03, Add row to /TRACKING.csv
2023-03-18T07:45:03, Number of rows in /TRACKING.csv: 3
2020-01-27T16:19:03, Done loop ...
2020-01-27T16:19:03, ... powering down.
2020-01-27T16:19:03, RTC Initialization Failed
2020-01-27T16:20:03, Setup Complete
2020-01-27T16:21:03, Data: 2009-05-14T16:02:03,3.73,25627,2481.00,2491.00,2486.00,-10.89,57.36,-11.30,880.86
2020-01-27T16:19:03, Add row to /TRACKING.csv
2023-03-18T07:45:03, Number of rows in /TRACKING.csv: 4
2020-01-27T16:21:03, Number of rows in /TRACKING.csv is >= 4
2020-01-27T16:19:03, Remove tracking
2020-01-27T16:21:03, Write to /TRANSMIT.csv: 2009-05-14T16:02:03,3.73,2481.00,-10.9,57
2023-03-18T07:45:03, Number of rows in /TRANSMIT.csv: 5
2003-01-30T16:00:03, Current hour = 16, Transmission hour = 1
2001-03-26T16:00:03, 1416024254-06844:252-08248:250-08247:250-09152:248-10957
2020-01-27T16:25:03,  - attempt to send message: 1416024254-06844:252-08248:250-08247:250-09152:248-10957
2020-01-27T16:21:03,  - Modem begin successful
2020-01-27T16:21:03,  - Sending...
2020-01-27T16:20:03,  response: 
2020-01-27T16:20:03,  - Retry...
2020-01-27T16:21:03,    - Sending...
2022-10-04T16:00:03,    - Send response: 10
2020-01-27T16:21:03,  Sync clocks... 
2020-01-27T16:21:03,  - Clock was not synced
2022-10-04T16:00:03, Transmission failed. Error = 10
2020-01-27T16:19:03, Done loop ...
2020-01-27T16:19:03, ... powering down.
2020-01-27T16:19:03, RTC Initialization Failed
2020-01-27T16:20:03, Setup Complete
2020-01-27T16:21:03, Data: 2009-05-14T16:02:03,3.73,25627,2491.00,2499.00,2495.00,-10.92,56.83,-11.82,880.80
2020-01-27T16:19:03, Add row to /TRACKING.csv
2023-03-18T07:45:03, Number of rows in /TRACKING.csv: 1
2020-01-27T16:19:03, Done loop ...
2020-01-27T16:19:03, ... powering down.
2020-01-27T16:19:03, RTC Initialization Failed
2020-01-27T16:20:03, Setup Complete
2020-01-27T16:21:03, Data: 2009-05-14T16:02:03,3.73,25627,2476.00,2491.00,2485.00,-10.97,57.73,-12.25,880.87
2020-01-27T16:19:03, Add row to /TRACKING.csv
2023-03-18T07:45:03, Number of rows in /TRACKING.csv: 2
2020-01-27T16:19:03, Done loop ...
2020-01-27T16:19:03, ... powering down.
2020-01-27T16:19:03, RTC Initialization Failed
2020-01-27T16:20:03, Setup Complete
2020-01-27T16:21:03, Data: 2009-05-14T16:02:03,3.73,25627,2483.00,2491.00,2488.50,-11.10,58.44,-12.43,880.97
2020-01-27T16:19:03, Add row to /TRACKING.csv
2023-03-18T07:45:03, Number of rows in /TRACKING.csv: 3
2020-01-27T16:19:03, Done loop ...
2020-01-27T16:19:03, ... powering down.
2020-01-27T16:19:03, RTC Initialization Failed
2020-01-27T16:20:03, Setup Complete
2020-01-27T16:21:03, Data: 2009-05-14T16:02:03,3.73,25627,2485.00,2492.00,2487.00,-11.40,59.63,-12.65,880.83
2020-01-27T16:19:03, Add row to /TRACKING.csv
2023-03-18T07:45:03, Number of rows in /TRACKING.csv: 4
2020-01-27T16:21:03, Number of rows in /TRACKING.csv is >= 4
2020-01-27T16:19:03, Remove tracking
2020-01-27T16:21:03, Write to /TRANSMIT.csv: 2009-05-14T16:02:03,3.73,2485.00,-11.4,60
2023-03-18T07:45:03, Number of rows in /TRANSMIT.csv: 6
2020-01-27T16:23:03, Current hour = 16, Transmission hour = 1
2001-03-26T16:00:03, 1416024254-06844:252-08248:250-08247:250-09152:248-10957:249-11460
2020-01-27T16:25:03,  - attempt to send message: 1416024254-06844:252-08248:250-08247:250-09152:248-10957:249-11460
2020-01-27T16:20:03,  - Modem begin successful
2020-01-27T16:21:03,  - Sending...
2020-01-27T16:20:03,  - Send response: 
2020-01-27T16:20:03,   - Sync clocks... 
2020-01-27T16:25:03,  - Arduino Old Time: 2000-00-20T00:84:03
2020-01-27T16:25:03,  - Arduino New Time: 2002-00-02T38:07:03
2020-01-27T16:22:03, Message sent! Removing /TRANSMIT.csv
2020-01-27T16:19:03, Done loop ...
2020-01-27T16:19:03, ... powering down.
2020-01-27T16:19:03, RTC Initialization Failed
2020-01-27T16:20:03, Setup Complete
2020-01-27T16:21:03, Data: 2009-05-14T16:02:03,3.72,25627,2487.00,2497.00,2487.50,-11.19,59.57,-12.79,880.92
2020-01-27T16:19:03, Add row to /TRACKING.csv
2023-03-18T07:45:03, Number of rows in /TRACKING.csv: 1
2020-01-27T16:19:03, Done loop ...
2020-01-27T16:19:03, ... powering down.
2020-01-27T16:19:03, RTC Initialization Failed
2020-01-27T16:20:03, Setup Complete
2020-01-27T16:21:03, Data: 2009-05-14T16:02:03,3.73,25627,2484.00,2494.00,2490.50,-11.50,61.02,-12.92,880.86
2020-01-27T16:19:03, Add row to /TRACKING.csv
2023-03-18T07:45:03, Number of rows in /TRACKING.csv: 2
2020-01-27T16:19:03, Done loop ...
2020-01-27T16:19:03, ... powering down.
2020-01-27T16:19:03, RTC Initialization Failed
2020-01-27T16:20:03, Setup Complete
2020-01-27T16:21:03, Data: 2009-05-14T16:02:03,3.72,25627,2480.00,2492.00,2487.00,-11.38,61.14,-13.06,880.95
2020-01-27T16:19:03, Add row to /TRACKING.csv
2023-03-18T07:45:03, Number of rows in /TRACKING.csv: 3
2020-01-27T16:19:03, Done loop ...
2020-01-27T16:19:03, ... powering down.
2020-01-27T16:19:03, RTC Initialization Failed
2020-01-27T16:20:03, Setup Complete
2020-01-27T16:21:03, Data: 2009-05-14T16:02:03,3.72,25627,2486.00,2496.00,2492.50,-11.64,63.18,-13.21,880.88
2020-01-27T16:19:03, Add row to /TRACKING.csv
2023-03-18T07:45:03, Number of rows in /TRACKING.csv: 4
2020-01-27T16:21:03, Number of rows in /TRACKING.csv is >= 4
2020-01-27T16:19:03, Remove tracking
2020-01-27T16:21:03, Write to /TRANSMIT.csv: 2009-05-14T16:02:03,3.72,2486.00,-11.6,63
2023-03-18T07:45:03, Number of rows in /TRANSMIT.csv: 1
2020-01-27T16:23:03, Current hour = 16, Transmission hour = 1
2020-01-27T16:23:03, Current hour = 16, Transmission hour = 6
2020-01-27T16:23:03, Current hour = 16, Transmission hour = 8
2020-01-27T16:23:03, Current hour = 16, Transmission hour = 10
2020-01-27T16:23:03, Current hour = 16, Transmission hour = 15
2020-01-27T16:23:03, Current hour = 16, Transmission hour = 20
2020-01-27T16:23:03, Current hour = 16, Transmission hour = 22
2020-01-27T16:19:03, Done loop ...
2020-01-27T16:19:03, ... powering down.
2020-01-27T16:19:03, RTC Initialization Failed
2020-01-27T16:20:03, Setup Complete
2020-01-27T16:21:03, Data: 2009-05-14T16:02:03,3.72,25627,2484.00,2490.00,2485.50,-11.59,64.31,-13.21,880.79
2020-01-27T16:19:03, Add row to /TRACKING.csv
2023-03-18T07:45:03, Number of rows in /TRACKING.csv: 1
2020-01-27T16:19:03, Done loop ...
2020-01-27T16:19:03, ... powering down.
2020-01-27T16:19:03, RTC Initialization Failed
2020-01-27T16:20:03, Setup Complete
2000-12-19T16:00:03, Data: 2009-05-14T16:02:03,3.72,25627,2483.00,2498.00,2489.50,-11.23,62.82,-13.15,880.87
2020-01-27T16:19:03, Add row to /TRACKING.csv
2023-03-18T07:45:03, Number of rows in /TRACKING.csv: 2
2020-01-27T16:19:03, Done loop ...
2020-01-27T16:19:03, ... powering down.
2020-01-27T16:19:03, RTC Initialization Failed
2020-01-27T16:20:03, Setup Complete
2020-01-27T16:21:03, Data: 2009-05-14T16:02:03,3.72,25627,2486.00,2496.00,2489.50,-11.63,64.76,-13.06,881.00
2020-01-27T16:19:03, Add row to /TRACKING.csv
2023-03-08T07:45:03, Number of rows in /TRACKING.csv: 3
2020-01-27T16:19:03, Done loop ...
2020-01-27T16:19:03, ... powering down.
2020-01-27T16:19:03, RTC Initialization Failed
2020-01-27T16:20:03, Setup Complete
2020-01-27T16:21:03, Data: 2009-05-14T16:02:03,3.72,25627,2486.00,2493.00,2490.00,-11.91,67.43,-13.04,880.98
2020-01-27T16:19:03, Add row to /TRACKING.csv
2023-03-18T07:45:03, Number of rows in /TRACKING.csv: 4
2020-01-27T16:21:03, Number of rows in /TRACKING.csv is >= 4
2020-01-27T16:19:03, Remove tracking
2020-01-27T16:21:03, Write to /TRANSMIT.csv: 2009-05-14T16:02:03,3.72,2486.00,-11.9,67
2023-03-18T07:45:03, Number of rows in /TRANSMIT.csv: 2
2020-01-27T16:22:03, Current hour = 16, Transmission hour = 1
2020-01-27T16:22:03, Current hour = 16, Transmission hour = 6
2020-01-27T16:22:03, Current hour = 16, Transmission hour = 8
2020-01-27T16:22:03, Current hour = 16, Transmission hour = 10
2020-01-27T16:22:03, Current hour = 16, Transmission hour = 15
2020-01-27T16:22:03, Current hour = 16, Transmission hour = 20
2020-01-27T16:22:03, Current hour = 16, Transmission hour = 22
2020-01-27T16:19:03, Done loop ...
2020-01-27T16:19:03, ... powering down.
2020-01-27T16:19:03, RTC Initialization Failed
2020-01-27T16:20:03, Setup Complete
2020-01-27T16:21:03, Data: 2009-05-14T16:02:03,3.72,25627,2486.00,2494.00,2491.50,-11.91,66.78,-13.16,880.98
2020-01-27T16:19:03, Add row to /TRACKING.csv
2023-03-18T07:45:03, Number of rows in /TRACKING.csv: 1
2020-01-27T16:19:03, Done loop ...
2020-01-27T16:19:03, ... powering down.
2020-01-27T16:19:03, RTC Initialization Failed
2020-01-27T16:20:03, Setup Complete
2020-01-27T16:21:03, Data: 2011-11-25T16:09:03,3.71,25627,2489.00,2497.00,2491.00,-11.82,67.01,-13.54,881.06
2020-01-27T16:19:03, Add row to /TRACKING.csv
2023-03-18T07:45:03, Number of rows in /TRACKING.csv: 2
2020-01-27T16:19:03, Done loop ...
2020-01-27T16:19:03, ... powering down.
2020-01-27T16:19:03, RTC Initialization Failed
2020-01-27T16:20:03, Setup Complete
2020-01-27T16:21:03, Data: 2009-05-14T16:02:03,3.72,25627,2486.00,2495.00,2491.00,-12.15,67.82,-13.56,880.86
2020-01-27T16:19:03, Add row to /TRACKING.csv
2023-03-18T07:45:03, Number of rows in /TRACKING.csv: 3
2020-01-27T16:19:03, Done loop ...
2020-01-27T16:19:03, ... powering down.
2020-01-27T16:19:03, RTC Initialization Failed
2020-01-27T16:20:03, Setup Complete
2020-01-27T16:21:03, Data: 2009-05-14T16:02:03,3.71,25627,2485.00,2496.00,2489.00,-11.63,66.00,-13.61,880.98
2020-01-27T16:19:03, Add row to /TRACKING.csv
2023-03-18T07:45:03, Number of rows in /TRACKING.csv: 4
2020-01-27T16:21:03, Number of rows in /TRACKING.csv is >= 4
2020-01-27T16:19:03, Remove tracking
2020-01-27T16:21:03, Write to /TRANSMIT.csv: 2009-05-14T16:02:03,3.71,2485.00,-11.6,66
2023-03-18T07:45:03, Number of rows in /TRANSMIT.csv: 3
2003-01-30T16:00:03, Current hour = 16, Transmission hour = 1
2003-01-30T16:00:03, Current hour = 16, Transmission hour = 6
2003-01-30T16:00:03, Current hour = 16, Transmission hour = 8
2003-01-30T16:00:03, Current hour = 16, Transmission hour = 10
2003-01-30T16:00:03, Current hour = 16, Transmission hour = 15
2003-01-30T16:00:03, Current hour = 16, Transmission hour = 20
2003-01-30T16:00:03, Current hour = 16, Transmission hour = 22
2020-01-27T16:19:03, Done loop ...
2020-01-27T16:19:03, ... powering down.
2020-01-27T16:19:03, RTC Initialization Failed
2020-01-27T16:20:03, Setup Complete
2020-01-27T16:21:03, Data: 2009-05-14T16:02:03,3.71,25627,2490.00,2499.00,2493.00,-11.42,65.44,-13.33,881.03
2020-01-27T16:19:03, Add row to /TRACKING.csv
2023-03-18T07:45:03, Number of rows in /TRACKING.csv: 1
2020-01-27T16:19:03, Done loop ...
2020-01-27T16:19:03, ... powering down.
2020-01-27T16:19:03, RTC Initialization Failed
2020-01-27T16:20:03, Setup Complete
2020-01-27T16:21:03, Data: 2009-05-14T16:02:03,3.71,25627,2487.00,2493.00,2491.00,-11.69,66.62,-13.35,881.15
2020-01-27T16:19:03, Add row to /TRACKING.csv
2023-03-18T07:45:03, Number of rows in /TRACKING.csv: 2
2020-01-27T16:19:03, Done loop ...
2020-01-27T16:19:03, ... powering down.
2020-01-27T16:19:03, RTC Initialization Failed
2020-01-27T16:20:03, Setup Complete
2020-01-27T16:21:03, Data: 2009-05-14T16:02:03,3.72,25627,2493.00,2498.00,2495.50,-11.95,67.68,-13.40,881.05
2020-01-27T16:19:03, Add row to /TRACKING.csv
2023-03-18T07:45:03, Number of rows in /TRACKING.csv: 3
2020-01-27T16:19:03, Done loop ...
2020-01-27T16:19:03, ... powering down.
2020-01-27T16:19:03, RTC Initialization Failed
2020-01-27T16:20:03, Setup Complete
2020-01-27T16:21:03, Data: 2009-05-14T16:02:03,3.72,25627,2486.00,2499.00,2493.00,-11.70,66.20,-13.39,881.12
2020-01-27T16:19:03, Add row to /TRACKING.csv
2023-03-18T07:45:03, Number of rows in /TRACKING.csv: 4
2020-01-27T16:21:03, Number of rows in /TRACKING.csv is >= 4
2020-01-27T16:19:03, Remove tracking
2020-01-27T16:21:03, Write to /TRANSMIT.csv: 2009-05-14T16:02:03,3.72,2486.00,-11.7,66
2023-03-18T07:45:03, Number of rows in /TRANSMIT.csv: 4
2003-01-30T16:00:03, Current hour = 16, Transmission hour = 1
2003-01-30T16:00:03, Current hour = 16, Transmission hour = 6
2003-01-30T16:00:03, Current hour = 16, Transmission hour = 8
2003-01-30T16:00:03, Current hour = 16, Transmission hour = 10
2003-01-30T16:00:03, Current hour = 16, Transmission hour = 15
2003-01-30T16:00:03, Current hour = 16, Transmission hour = 20
2003-01-30T16:00:03, Current hour = 16, Transmission hour = 22
2020-01-27T16:19:03, Done loop ...
2020-01-27T16:19:03, ... powering down.
2020-01-27T16:19:03, RTC Initialization Failed
2020-01-27T16:20:03, Setup Complete
2020-01-27T16:21:03, Data: 2009-05-14T16:02:03,3.70,25627,2489.00,2493.00,2491.00,-12.02,67.43,-13.37,881.08
2020-01-27T16:19:03, Add row to /TRACKING.csv
2023-03-18T07:45:03, Number of rows in /TRACKING.csv: 1
2020-01-27T16:19:03, Done loop ...
2020-01-27T16:19:03, ... powering down.
2020-01-27T16:19:03, RTC Initialization Failed
2020-01-27T16:20:03, Setup Complete
2020-01-27T16:21:03, Data: 2009-05-14T16:02:03,3.72,25627,2489.00,2496.00,2491.50,-11.91,67.30,-13.49,881.08
2020-01-27T16:19:03, Add row to /TRACKING.csv
2023-03-18T07:45:03, Number of rows in /TRACKING.csv: 2
2020-01-27T16:19:03, Done loop ...
2020-01-27T16:19:03, ... powering down.
2020-01-27T16:19:03, RTC Initialization Failed
2020-01-27T16:20:03, Setup Complete
2020-01-27T16:21:03, Data: 2009-05-14T16:02:03,3.72,25627,2491.00,2502.00,2494.50,-12.02,67.60,-13.59,880.95
2020-01-27T16:19:03, Add row to /TRACKING.csv
2023-03-18T07:45:03, Number of rows in /TRACKING.csv: 3
2020-01-27T16:19:03, Done loop ...
2020-01-27T16:19:03, ... powering down.
2020-01-27T16:19:03, RTC Initialization Failed
2020-01-27T16:20:03, Setup Complete
2020-01-27T16:21:03, Data: 2009-05-14T16:02:03,3.71,25627,2490.00,2499.00,2493.50,-12.12,67.97,-13.70,881.03
2020-01-27T16:19:03, Add row to /TRACKING.csv
2023-03-18T07:45:03, Number of rows in /TRACKING.csv: 4
2020-01-27T16:21:03, Number of rows in /TRACKING.csv is >= 4
2020-01-27T16:19:03, Remove tracking
2020-01-27T16:21:03, Write to /TRANSMIT.csv: 2009-05-14T16:02:03,3.71,2490.00,-12.1,68
2023-03-18T07:45:03, Number of rows in /TRANSMIT.csv: 5
2003-01-30T16:00:03, Current hour = 16, Transmission hour = 1
2001-03-26T16:00:03, 1416024249-11663:249-11967:249-11666:249-11766:249-12168
2020-01-27T16:25:03,  - attempt to send message: 1416024249-11663:249-11967:249-11666:249-11766:249-12168
2020-01-27T16:21:03,  - Modem begin successful
2020-01-27T16:21:03,  - Sending...
2020-01-27T16:21:03,  - Send response: 
2020-01-27T16:22:03,   - Sync clocks... 
2020-01-27T16:25:03,  - Arduino Old Time: 2000-00-20T00:84:03
2020-01-27T16:24:03,  - Arduino New Time: 2002-00-08T13:58:03
2020-01-27T16:21:03, Message sent! Removing /TRANSMIT.csv
2020-01-27T16:19:03, Done loop ...
2020-01-27T16:19:03, ... powering down.
2020-01-27T16:19:03, RTC Initialization Failed
2020-01-27T16:20:03, Setup Complete
2020-01-27T16:21:03, Data: 2009-05-14T16:02:03,3.71,25627,2484.00,2497.00,2491.00,-12.18,68.35,-13.83,880.99
2020-01-27T16:19:03, Add row to /TRACKING.csv
2023-03-18T07:45:03, Number of rows in /TRACKING.csv: 1
2020-01-27T16:19:03, Done loop ...
2020-01-27T16:19:03, ... powering down.
2020-01-27T16:19:03, RTC Initialization Failed
2020-01-27T16:20:03, Setup Complete
2020-01-27T16:21:03, Data: 2006-03-21T16:00:03,3.71,25627,2489.00,2493.00,2491.00,-12.22,68.50,-13.89,881.14
2020-01-27T16:19:03, Add row to /TRACKING.csv
2023-03-18T07:45:03, Number of rows in /TRACKING.csv: 2
2020-01-27T16:19:03, Done loop ...
2020-01-27T16:19:03, ... powering down.
2020-01-27T16:19:03, RTC Initialization Failed
2020-01-27T16:20:03, Setup Complete
2020-01-27T16:21:03, Data: 2009-05-14T16:02:03,3.72,25627,2486.00,2496.00,2493.50,-12.19,69.15,-13.78,880.97
2020-01-27T16:19:03, Add row to /TRACKING.csv
2023-03-18T07:45:03, Number of rows in /TRACKING.csv: 3
2020-01-27T16:19:03, Done loop ...
2020-01-27T16:19:03, ... powering down.
2020-01-27T16:19:03, RTC Initialization Failed
2020-01-27T16:20:03, Setup Complete
2020-01-27T16:21:03, Data: 2009-05-14T16:02:03,3.71,25627,2493.00,2503.00,2495.50,-12.05,68.63,-13.71,881.01
2020-01-27T16:19:03, Add row to /TRACKING.csv
2023-03-18T07:45:03, Number of rows in /TRACKING.csv: 4
2020-01-27T16:21:03, Number of rows in /TRACKING.csv is >= 4
2020-01-27T16:19:03, Remove tracking
2020-01-27T16:21:03, Write to /TRANSMIT.csv: 2009-05-14T16:02:03,3.71,2493.00,-12.1,69
2023-03-18T07:45:03, Number of rows in /TRANSMIT.csv: 1
2020-01-27T16:23:03, Current hour = 16, Transmission hour = 1
2020-01-27T16:23:03, Current hour = 16, Transmission hour = 6
2020-01-27T16:23:03, Current hour = 16, Transmission hour = 8
2020-01-27T16:23:03, Current hour = 16, Transmission hour = 10
2020-01-27T16:23:03, Current hour = 16, Transmission hour = 15
2020-01-27T16:23:03, Current hour = 16, Transmission hour = 20
2020-01-27T16:23:03, Current hour = 16, Transmission hour = 22
2020-01-27T16:19:03, Done loop ...
2020-01-27T16:19:03, ... powering down.
2020-01-27T16:19:03, RTC Initialization Failed
2020-01-27T16:20:03, Setup Complete
2020-01-27T16:21:03, Data: 2009-05-14T16:02:03,3.71,25627,2489.00,2505.00,2498.00,-12.45,69.84,-13.88,880.99
2020-01-27T16:19:03, Add row to /TRACKING.csv
2023-03-18T07:45:03, Number of rows in /TRACKING.csv: 1
2020-01-27T16:19:03, Done loop ...
2020-01-27T16:19:03, ... powering down.
2020-01-27T16:19:03, RTC Initialization Failed
2020-01-27T16:20:03, Setup Complete
2020-01-27T16:21:03, Data: 2009-05-14T16:02:03,3.71,25627,2490.00,2500.00,2497.00,-12.49,70.87,-14.08,881.02
2020-01-27T16:19:03, Add row to /TRACKING.csv
2023-03-18T07:45:03, Number of rows in /TRACKING.csv: 2
2020-01-27T16:19:03, Done loop ...
2020-01-27T16:19:03, ... powering down.
2020-01-27T16:19:03, RTC Initialization Failed
2020-01-27T16:20:03, Setup Complete
2020-01-27T16:21:03, Data: 2009-05-14T16:02:03,3.71,25627,2487.00,2499.00,2495.00,-12.77,71.85,-14.12,880.83
2020-01-27T16:19:03, Add row to /TRACKING.csv
2023-03-18T07:45:03, Number of rows in /TRACKING.csv: 3
2020-01-27T16:19:03, Done loop ...
2020-01-27T16:19:03, ... powering down.
2020-01-27T16:19:03, RTC Initialization Failed
2020-01-27T16:20:03, Setup Complete
2020-01-27T16:21:03, Data: 2009-05-14T16:02:03,3.71,25627,2489.00,2493.00,2490.50,-12.60,71.08,-14.20,880.94
2020-01-27T16:19:03, Add row to /TRACKING.csv
2023-03-18T07:45:03, Number of rows in /TRACKING.csv: 4
2020-01-27T16:21:03, Number of rows in /TRACKING.csv is >= 4
2020-01-27T16:19:03, Remove tracking
2020-01-27T16:21:03, Write to /TRANSMIT.csv: 2009-05-14T16:02:03,3.71,2489.00,-12.6,71
2023-03-18T07:45:03, Number of rows in /TRANSMIT.csv: 2
2020-01-27T16:22:03, Current hour = 16, Transmission hour = 1
2020-01-27T16:22:03, Current hour = 16, Transmission hour = 6
2020-01-27T16:22:03, Current hour = 16, Transmission hour = 8
2020-01-27T16:22:03, Current hour = 16, Transmission hour = 10
2020-01-27T16:22:03, Current hour = 16, Transmission hour = 15
2020-01-27T16:22:03, Current hour = 16, Transmission hour = 20
2020-01-27T16:22:03, Current hour = 16, Transmission hour = 22
2020-01-27T16:19:03, Done loop ...
2020-01-27T16:19:03, ... powering down.
2020-01-27T16:19:03, RTC Initialization Failed
2020-01-27T16:20:03, Setup Complete
2020-01-27T16:21:03, Data: 2009-05-14T16:02:03,3.71,25627,2486.00,2498.00,2493.50,-12.43,70.15,-14.32,881.06
2020-01-27T16:19:03, Add row to /TRACKING.csv
2023-03-18T07:45:03, Number of rows in /TRACKING.csv: 1
2020-01-27T16:19:03, Done loop ...
2020-01-27T16:19:03, ... powering down.
2020-01-27T16:19:03, RTC Initialization Failed
2020-01-27T16:20:03, Setup Complete
2020-01-27T16:21:03, Data: 2009-05-14T16:02:03,3.71,25627,2492.00,2500.00,2493.50,-12.54,70.59,-14.23,881.11
2020-01-27T16:19:03, Add row to /TRACKING.csv
2023-03-18T07:45:03, Number of rows in /TRACKING.csv: 2
2020-01-27T16:19:03, Done loop ...
2020-01-27T16:19:03, ... powering down.
2020-01-27T16:19:03, RTC Initialization Failed
2020-01-27T16:20:03, Setup Complete
2020-01-27T16:21:03, Data: 2009-05-14T16:02:03,3.71,25627,2489.00,2500.00,2494.00,-12.53,71.12,-14.35,881.07
2020-01-27T16:19:03, Add row to /TRACKING.csv
2023-03-18T07:45:03, Number of rows in /TRACKING.csv: 3
2020-01-27T16:19:03, Done loop ...
2020-01-27T16:19:03, ... powering down.
2020-01-27T16:19:03, RTC Initialization Failed
2020-01-27T16:20:03, Setup Complete
2020-01-27T16:21:03, Data: 2000-01-19T16:11:03,3.71,25627,2494.00,2501.00,2499.00,-12.83,72.17,-14.29,881.08
2020-01-27T16:19:03, Add row to /TRACKING.csv
2023-03-18T07:45:03, Number of rows in /TRACKING.csv: 4
2020-01-27T16:21:03, Number of rows in /TRACKING.csv is >= 4
2020-01-27T16:19:03, Remove tracking
2020-01-27T16:21:03, Write to /TRANSMIT.csv: 2000-01-19T16:11:03,3.71,2494.00,-12.8,72
2023-03-18T07:45:03, Number of rows in /TRANSMIT.csv: 3
2003-01-30T16:00:03, Current hour = 16, Transmission hour = 1
2003-01-30T16:00:03, Current hour = 16, Transmission hour = 6
2003-01-30T16:00:03, Current hour = 16, Transmission hour = 8
2003-01-30T16:00:03, Current hour = 16, Transmission hour = 10
2003-01-30T16:00:03, Current hour = 16, Transmission hour = 15
2003-01-30T16:00:03, Current hour = 16, Transmission hour = 20
2003-01-30T16:00:03, Current hour = 16, Transmission hour = 22
2020-01-27T16:19:03, Done loop ...
2020-01-27T16:19:03, ... powering down.
2020-01-27T16:19:03, RTC Initialization Failed
2020-01-27T16:20:03, Setup Complete
2020-01-27T16:21:03, Data: 2009-05-14T16:02:03,3.71,25627,2489.00,2498.00,2492.00,-12.88,73.42,-14.44,881.03
2020-01-27T16:19:03, Add row to /TRACKING.csv
2023-03-18T07:45:03, Number of rows in /TRACKING.csv: 1
2020-01-27T16:19:03, Done loop ...
2020-01-27T16:19:03, ... powering down.
2020-01-27T16:19:03, RTC Initialization Failed
2020-01-27T16:20:03, Setup Complete
2020-01-27T16:21:03, Data: 2009-05-14T16:02:03,3.71,25627,2491.00,2497.00,2494.00,-12.46,69.85,-14.47,881.08
2020-01-27T16:19:03, Add row to /TRACKING.csv
2023-03-18T07:45:03, Number of rows in /TRACKING.csv: 2
2020-01-27T16:19:03, Done loop ...
2020-01-27T16:19:03, ... powering down.
2020-01-27T16:19:03, RTC Initialization Failed
2020-01-27T16:20:03, Setup Complete
2020-01-27T16:21:03, Data: 2009-05-14T16:02:03,3.71,25627,2496.00,2501.00,2498.50,-12.49,70.16,-14.38,880.99
2020-01-27T16:19:03, Add row to /TRACKING.csv
2023-03-18T07:45:03, Number of rows in /TRACKING.csv: 3
2020-01-27T16:19:03, Done loop ...
2020-01-27T16:19:03, ... powering down.
2020-01-27T16:19:03, RTC Initialization Failed
2020-01-27T16:20:03, Setup Complete
2020-01-27T16:21:03, Data: 2009-05-14T16:02:03,3.71,25627,2491.00,2505.00,2496.00,-12.61,71.18,-14.29,881.09
2020-01-27T16:19:03, Add row to /TRACKING.csv
2023-03-18T07:45:03, Number of rows in /TRACKING.csv: 4
2020-01-27T16:21:03, Number of rows in /TRACKING.csv is >= 4
2020-01-27T16:19:03, Remove tracking
2020-01-27T16:21:03, Write to /TRANSMIT.csv: 2009-05-14T16:02:03,3.71,2491.00,-12.6,71
2023-03-18T07:45:03, Number of rows in /TRANSMIT.csv: 4
2003-01-30T16:00:03, Current hour = 16, Transmission hour = 1
2003-01-30T16:00:03, Current hour = 16, Transmission hour = 6
2003-01-30T16:00:03, Current hour = 16, Transmission hour = 8
2003-01-30T16:00:03, Current hour = 16, Transmission hour = 10
2003-01-30T16:00:03, Current hour = 16, Transmission hour = 15
2003-01-30T16:00:03, Current hour = 16, Transmission hour = 20
2003-01-30T16:00:03, Current hour = 16, Transmission hour = 22
2020-01-27T16:19:03, Done loop ...
2020-01-27T16:19:03, ... powering down.
2020-01-27T16:19:03, RTC Initialization Failed
2020-01-27T16:20:03, Setup Complete
2020-01-27T16:21:03, Data: 2009-05-14T16:02:03,3.71,25627,2490.00,2496.00,2494.00,-13.09,73.34,-14.56,881.04
2020-01-27T16:19:03, Add row to /TRACKING.csv
2023-03-18T07:45:03, Number of rows in /TRACKING.csv: 1
2020-01-27T16:19:03, Done loop ...
2020-01-27T16:19:03, ... powering down.
2020-01-27T16:19:03, RTC Initialization Failed
2020-01-27T16:20:03, Setup Complete
2020-01-27T16:21:03, Data: 2009-05-14T16:02:03,3.71,25627,2488.00,2497.00,2490.50,-13.11,73.37,-14.56,881.02
2020-01-27T16:19:03, Add row to /TRACKING.csv
2023-03-18T07:45:03, Number of rows in /TRACKING.csv: 2
2020-01-27T16:19:03, Done loop ...
2020-01-27T16:19:03, ... powering down.
2020-01-27T16:19:03, RTC Initialization Failed
2020-01-27T16:20:03, Setup Complete
2020-01-27T16:21:03, Data: 2009-05-14T16:02:03,3.71,25627,2496.00,2500.00,2497.00,-12.78,72.00,-14.62,881.05
2020-01-27T16:19:03, Add row to /TRACKING.csv
2023-03-18T07:45:03, Number of rows in /TRACKING.csv: 3
2020-01-27T16:19:03, Done loop ...
2020-01-27T16:19:03, ... powering down.
2020-01-27T16:19:03, RTC Initialization Failed
2020-01-27T16:20:03, Setup Complete
2020-01-27T16:21:03, Data: 2009-05-14T16:02:03,3.71,25627,2488.00,2505.00,2494.00,-12.77,71.75,-14.58,881.07
2020-01-27T16:19:03, Add row to /TRACKING.csv
2023-03-18T07:45:03, Number of rows in /TRACKING.csv: 4
2020-01-27T16:21:03, Number of rows in /TRACKING.csv is >= 4
2020-01-27T16:19:03, Remove tracking
2020-01-27T16:21:03, Write to /TRANSMIT.csv: 2009-05-14T16:02:03,3.71,2488.00,-12.8,72
2023-03-18T07:45:03, Number of rows in /TRANSMIT.csv: 5
2003-01-30T16:00:03, Current hour = 16, Transmission hour = 1
2001-03-26T16:00:03, 1416024249-12169:249-12671:249-12872:249-12671:249-12872
2020-01-27T16:25:03,  - attempt to send message: 1416024249-12169:249-12671:249-12872:249-12671:249-12872
2020-01-27T16:21:03,  - Modem begin successful
2020-01-27T16:21:03,  - Sending...
2020-01-27T16:21:03,  - Send response: 
2020-01-27T16:22:03,   - Sync clocks... 
2020-01-27T16:25:03,  - Arduino Old Time: 2000-00-20T00:84:03
2020-01-27T16:24:03,  - Arduino New Time: 2002-00-13T49:35:03
2020-01-27T16:21:03, Message sent! Removing /TRANSMIT.csv
2020-01-27T16:19:03, Done loop ...
2020-01-27T16:19:03, ... powering down.
2020-01-27T16:19:03, RTC Initialization Failed
2020-01-27T16:20:03, Setup Complete
2020-01-27T16:21:03, Data: 2009-05-14T16:02:03,3.71,25627,2492.00,2504.00,2498.50,-12.53,70.86,-14.27,880.95
2020-01-27T16:19:03, Add row to /TRACKING.csv
2023-03-18T07:45:03, Number of rows in /TRACKING.csv: 1
2020-01-27T16:19:03, Done loop ...
2020-01-27T16:19:03, ... powering down.
2020-01-27T16:19:03, RTC Initialization Failed
2020-01-27T16:20:03, Setup Complete
2020-01-27T16:21:03, Data: 2009-05-14T16:02:03,3.71,25627,2488.00,2500.00,2496.00,-13.12,72.58,-14.57,881.04
2020-01-27T16:19:03, Add row to /TRACKING.csv
2023-03-18T07:45:03, Number of rows in /TRACKING.csv: 2
2020-01-27T16:19:03, Done loop ...
2020-01-27T16:19:03, ... powering down.
2020-01-27T16:19:03, RTC Initialization Failed
2020-01-27T16:20:03, Setup Complete
2020-01-27T16:21:03, Data: 2009-05-14T16:02:03,3.71,25627,2487.00,2500.00,2492.50,-12.45,70.42,-14.62,881.02
2020-01-27T16:19:03, Add row to /TRACKING.csv
2023-03-18T07:45:03, Number of rows in /TRACKING.csv: 3
2020-01-27T16:19:03, Done loop ...
2020-01-27T16:19:03, ... powering down.
2020-01-27T16:19:03, RTC Initialization Failed
2020-01-27T16:20:03, Setup Complete
2020-01-27T16:21:03, Data: 2000-01-19T16:11:03,3.71,25627,2493.00,2500.00,2496.50,-12.73,71.51,-14.69,881.01
2020-01-27T16:19:03, Add row to /TRACKING.csv
2023-03-18T07:45:03, Number of rows in /TRACKING.csv: 4
2020-01-27T16:21:03, Number of rows in /TRACKING.csv is >= 4
2020-01-27T16:19:03, Remove tracking
2020-01-27T16:21:03, Write to /TRANSMIT.csv: 2000-01-19T16:11:03,3.71,2493.00,-12.7,72
2023-03-18T07:45:03, Number of rows in /TRANSMIT.csv: 1
2020-01-27T16:23:03, Current hour = 16, Transmission hour = 1
2020-01-27T16:23:03, Current hour = 16, Transmission hour = 6
2020-01-27T16:23:03, Current hour = 16, Transmission hour = 8
2020-01-27T16:23:03, Current hour = 16, Transmission hour = 10
2020-01-27T16:23:03, Current hour = 16, Transmission hour = 15
2020-01-27T16:23:03, Current hour = 16, Transmission hour = 20
2020-01-27T16:23:03, Current hour = 16, Transmission hour = 22
2020-01-27T16:19:03, Done loop ...
2020-01-27T16:19:03, ... powering down.
2020-01-27T16:19:03, RTC Initialization Failed
2020-01-27T16:20:03, Setup Complete
2020-01-27T16:21:03, Data: 2009-05-14T16:02:03,3.71,25627,2492.00,2499.00,2494.50,-12.99,73.28,-14.65,881.08
2020-01-27T16:19:03, Add row to /TRACKING.csv
2023-03-18T07:45:03, Number of rows in /TRACKING.csv: 1
2020-01-27T16:19:03, Done loop ...
2020-01-27T16:19:03, ... powering down.
2020-01-27T16:19:03, RTC Initialization Failed
2020-01-27T16:20:03, Setup Complete
2020-01-27T16:21:03, Data: 2009-05-14T16:02:03,3.70,25627,2490.00,2499.00,2494.50,-12.43,69.55,-14.70,881.03
2020-01-27T16:19:03, Add row to /TRACKING.csv
2023-03-18T07:45:03, Number of rows in /TRACKING.csv: 2
2020-01-27T16:19:03, Done loop ...
2020-01-27T16:19:03, ... powering down.
2020-01-27T16:19:03, RTC Initialization Failed
2020-01-27T16:20:03, Setup Complete
2020-01-27T16:21:03, Data: 2009-05-14T16:02:03,3.71,25627,2493.00,2501.00,2496.50,-12.32,69.75,-14.60,881.08
2020-01-27T16:19:03, Add row to /TRACKING.csv
2023-03-18T07:45:03, Number of rows in /TRACKING.csv: 3
2020-01-27T16:19:03, Done loop ...
2020-01-27T16:19:03, ... powering down.
2020-01-27T16:19:03, RTC Initialization Failed
2020-01-27T16:20:03, Setup Complete
2020-01-27T16:21:03, Data: 2009-05-14T16:02:03,3.70,25627,2492.00,2500.00,2496.00,-12.92,71.26,-14.58,881.11
2020-01-27T16:19:03, Add row to /TRACKING.csv
2023-03-18T07:45:03, Number of rows in /TRACKING.csv: 4
2020-01-27T16:21:03, Number of rows in /TRACKING.csv is >= 4
2020-01-27T16:19:03, Remove tracking
2020-01-27T16:21:03, Write to /TRANSMIT.csv: 2009-05-14T16:02:03,3.70,2492.00,-12.9,71
2023-03-18T07:45:03, Number of rows in /TRANSMIT.csv: 2
2020-01-27T16:22:03, Current hour = 16, Transmission hour = 1
2020-01-27T16:22:03, Current hour = 16, Transmission hour = 6
2020-01-27T16:22:03, Current hour = 16, Transmission hour = 8
2020-01-27T16:22:03, Current hour = 16, Transmission hour = 10
2020-01-27T16:22:03, Current hour = 16, Transmission hour = 15
2020-01-27T16:22:03, Current hour = 16, Transmission hour = 20
2020-01-27T16:22:03, Current hour = 16, Transmission hour = 22
2020-01-27T16:19:03, Done loop ...
2020-01-27T16:19:03, ... powering down.
2020-01-27T16:19:03, RTC Initialization Failed
2020-01-27T16:20:03, Setup Complete
2020-01-27T16:21:03, Data: 2009-05-14T16:02:03,3.71,25627,2496.00,2503.00,2501.00,-13.06,72.24,-14.58,881.30
2020-01-27T16:19:03, Add row to /TRACKING.csv
2023-03-18T07:45:03, Number of rows in /TRACKING.csv: 1
2020-01-27T16:19:03, Done loop ...
2020-01-27T16:19:03, ... powering down.
2020-01-27T16:19:03, RTC Initialization Failed
2020-01-27T16:20:03, Setup Complete
2043-04-29T09:31:47, Data: 2009-05-14T16:02:03,3.73,25627,2491.00,2503.00,2496.50,-13.37,73.32,-14.61,881.37
2020-01-27T16:19:03, Add row to /TRACKING.csv
2023-03-18T07:45:03, Number of rows in /TRACKING.csv: 2
2020-01-27T16:19:03, Done loop ...
2020-01-27T16:19:03, ... powering down.
2020-01-27T16:19:03, RTC Initialization Failed
2020-01-27T16:20:03, Setup Complete
2020-01-27T16:21:03, Data: 2009-05-14T16:02:03,3.99,25627,2512.00,2523.00,2515.50,-11.33,65.85,-10.04,881.67
2020-01-27T16:19:03, Add row to /TRACKING.csv
2023-03-18T07:45:03, Number of rows in /TRACKING.csv: 3
2020-01-27T16:19:03, Done loop ...
2020-01-27T16:19:03, ... powering down.
2020-01-27T16:19:03, RTC Initialization Failed
2020-01-27T16:20:03, Setup Complete
2020-01-27T16:20:03, Data: 2009-05-14T16:02:03,4.00,25627,2523.00,2536.00,2529.00,-9.90,61.36,-6.00,881.65
2020-01-27T16:19:03, Add row to /TRACKING.csv
2023-03-18T07:45:03, Number of rows in /TRACKING.csv: 4
2020-01-27T16:21:03, Number of rows in /TRACKING.csv is >= 4
2020-01-27T16:19:03, Remove tracking
2020-01-27T16:20:03, Write to /TRANSMIT.csv: 2009-05-14T16:02:03,4.00,2523.00,-9.9,61
2023-03-18T07:45:03, Number of rows in /TRANSMIT.csv: 3
2003-01-30T16:00:03, Current hour = 16, Transmission hour = 1
2003-01-30T16:00:03, Current hour = 16, Transmission hour = 6
2003-01-30T16:00:03, Current hour = 16, Transmission hour = 8
2003-01-30T16:00:03, Current hour = 16, Transmission hour = 10
2003-01-30T16:00:03, Current hour = 16, Transmission hour = 15
2003-01-30T16:00:03, Current hour = 16, Transmission hour = 20
2003-01-30T16:00:03, Current hour = 16, Transmission hour = 22
2020-01-27T16:19:03, Done loop ...
2020-01-27T16:19:03, ... powering down.
2020-01-27T16:19:03, RTC Initialization Failed
2020-01-27T16:20:03, Setup Complete
2020-01-27T16:21:03, Data: 2009-05-14T16:02:03,4.00,25627,2533.00,2542.00,2537.50,-10.39,62.24,-4.32,881.82
2020-01-27T16:19:03, Add row to /TRACKING.csv
2023-03-08T07:45:03, Number of rows in /TRACKING.csv: 1
2020-01-27T16:19:03, Done loop ...
2020-01-27T16:19:03, ... powering down.
2020-01-27T16:19:03, RTC Initialization Failed
2020-01-27T16:20:03, Setup Complete
2020-01-27T16:21:03, Data: 2009-05-14T16:02:03,4.00,25627,2538.00,2544.00,2543.00,-10.46,61.19,-1.00,881.81
2020-01-27T16:19:03, Add row to /TRACKING.csv
2023-03-08T06:25:03, Number of rows in /TRACKING.csv: 2
2020-01-27T16:19:03, Done loop ...
2020-01-27T16:19:03, ... powering down.
2020-01-27T16:19:03, RTC Initialization Failed
2020-01-27T16:20:03, Setup Complete
2020-01-27T16:20:03, Data: 2000-01-19T16:11:03,3.98,25627,2534.00,2566.00,2557.50,-5.09,48.81,-1.46,881.94
2020-01-27T16:19:03, Add row to /TRACKING.csv
2023-03-18T06:25:03, Number of rows in /TRACKING.csv: 3
2020-01-27T16:19:03, Done loop ...
2020-01-27T16:19:03, ... powering down.
2020-01-27T16:18:03, RTC Initialization Failed
2020-01-27T16:18:03, Setup Complete
2020-01-27T16:23:03, Data: 2009-05-14T16:02:03,4.06,25003,2519.00,2592.00,2544.00,-4.11,45.91,-6.11,881.97
2020-01-27T16:21:03, Add row to /TRACKING.csv
2023-03-08T07:45:03, Number of rows in /TRACKING.csv: 4
2020-01-27T16:21:03, Number of rows in /TRACKING.csv is >= 4
2020-01-27T16:22:03, Remove tracking
2020-01-27T16:23:03, Write to /TRANSMIT.csv: 2009-05-14T16:02:03,4.06,2519.00,-4.1,46
2023-03-08T07:45:03, Number of rows in /TRANSMIT.csv: 4
2003-01-30T16:00:03, Current hour = 16, Transmission hour = 1
2003-01-30T16:00:03, Current hour = 16, Transmission hour = 6
2003-01-30T16:00:03, Current hour = 16, Transmission hour = 8
2003-01-30T16:00:03, Current hour = 16, Transmission hour = 10
2003-01-30T16:00:03, Current hour = 16, Transmission hour = 15
2003-01-30T16:00:03, Current hour = 16, Transmission hour = 20
2003-01-30T16:00:03, Current hour = 16, Transmission hour = 22
2020-01-27T16:22:03, Done loop ...
2020-01-27T16:22:03, ... powering down.
2020-01-27T16:22:03, Power down failed
2020-01-27T16:23:03, Data: 2000-01-19T17:25:03,4.13,24051,2540.00,2566.00,2557.00,-4.08,45.00,-6.26,881.94
2020-01-27T16:21:03, Add row to /TRACKING.csv
2023-03-08T07:45:03, Number of rows in /TRACKING.csv: 1
2020-01-27T16:22:03, Done loop ...
2020-01-27T16:22:03, ... powering down.
2020-01-27T16:22:03, Power down failed
2020-01-27T16:23:03, Data: 2009-03-17T17:25:03,4.10,24051,2548.00,2580.00,2561.00,-4.08,44.28,-6.40,881.93
2020-01-27T16:21:03, Add row to /TRACKING.csv
2023-03-08T07:45:03, Number of rows in /TRACKING.csv: 2
2020-01-27T16:22:03, Done loop ...
2020-01-27T16:22:03, ... powering down.
2020-01-27T16:22:03, Power down failed
2020-01-27T16:23:03, Data: 2009-03-17T17:25:03,4.05,24051,2533.00,2587.00,2565.50,-4.05,43.77,-6.47,881.97
2020-01-27T16:21:03, Add row to /TRACKING.csv
2023-03-08T07:45:03, Number of rows in /TRACKING.csv: 3
2020-01-27T16:22:03, Done loop ...
2020-01-27T16:22:03, ... powering down.
2020-01-27T16:22:03, Power down failed
2020-01-27T16:23:03, Data: 2009-03-17T17:25:03,4.15,24051,2518.00,2570.00,2564.00,-4.01,43.70,-6.61,881.94
2020-01-27T16:21:03, Add row to /TRACKING.csv
2023-03-08T07:45:03, Number of rows in /TRACKING.csv: 4
2020-01-27T16:21:03, Number of rows in /TRACKING.csv is >= 4
2020-01-27T16:22:03, Remove tracking
2020-01-27T16:23:03, Write to /TRANSMIT.csv: 2009-03-17T17:25:03,4.15,2518.00,-4.0,44
2023-03-08T07:45:03, Number of rows in /TRANSMIT.csv: 5
2003-01-30T16:00:03, Current hour = 17, Transmission hour = 1
2001-06-03T16:00:03, 1916118249-12772:249-12971:252-09961:252-04146:252-04044
2020-01-27T16:18:03, RTC Initialization Failed
2020-01-27T16:18:03, Setup Complete
2020-01-27T16:23:03, Data: 2009-05-14T16:02:03,4.12,25003,2536.00,2574.00,2562.50,-4.45,42.40,-7.34,882.03
2020-01-27T16:21:03, Add row to /TRACKING.csv
2023-03-18T06:25:03, Number of rows in /TRACKING.csv: 1
2020-01-27T16:22:03, Done loop ...
2020-01-27T16:22:03, ... powering down.
2020-01-27T16:22:03, Power down failed
2020-01-27T16:24:03, Data: 2009-03-17T17:25:03,4.12,24487,2515.00,2575.00,2529.00,-4.55,42.64,-7.34,882.04
2020-01-27T16:21:03, Add row to /TRACKING.csv
2023-03-18T06:25:03, Number of rows in /TRACKING.csv: 2
2020-01-27T16:22:03, Done loop ...
2020-01-27T16:22:03, ... powering down.
2020-01-27T16:22:03, Power down failed
2020-01-27T16:25:03, Data: 2009-03-17T17:25:03,4.07,24311,2518.00,2600.00,2569.50,-4.63,42.84,-7.32,882.06
2020-01-27T16:21:03, Add row to /TRACKING.csv
2023-03-18T06:25:03, Number of rows in /TRACKING.csv: 3
2020-01-27T16:22:03, Done loop ...
2020-01-27T16:22:03, ... powering down.
2020-01-27T16:22:03, Power down failed
2020-01-27T16:25:03, Data: 2009-03-17T17:25:03,4.14,24311,2496.00,2567.00,2547.50,-4.74,43.11,-7.30,882.06
2020-01-27T16:21:03, Add row to /TRACKING.csv
2023-03-18T06:25:03, Number of rows in /TRACKING.csv: 4
2020-01-27T16:21:03, Number of rows in /TRACKING.csv is >= 4
2020-01-27T16:22:03, Remove tracking
2020-01-27T16:24:03, Write to /TRANSMIT.csv: 2009-03-17T17:25:03,4.14,2496.00,-4.7,43
2023-03-18T06:25:03, Number of rows in /TRANSMIT.csv: 6
2020-01-27T16:20:03, Current hour = 17, Transmission hour = 1
2001-03-26T16:00:03, 1916118249-12772:249-12971:252-09961:252-04146:252-04044:250-04743
2020-01-27T16:22:03,  - attempt to send message: 1916118249-12772:249-12971:252-09961:252-04146:252-04044:250-04743
2020-01-27T16:24:03,  - Modem begin successful
2020-01-27T16:24:03,  - Sending...
2020-01-27T16:24:03,  - Send response: 
2020-01-27T16:24:03,   - Sync clocks... 
2020-01-27T16:22:03,  - Arduino Old Time: 2000-00-20T00:84:03
2020-01-27T16:22:03,  - Arduino New Time: 2002-00-18T23:42:03
2020-01-27T16:22:03, Message sent! Removing /TRANSMIT.csv
2020-01-27T16:22:03, Done loop ...
2020-01-27T16:22:03, ... powering down.
2020-01-27T16:22:03, Power down failed
2020-01-27T16:23:03, Data: 2000-01-19T17:25:03,4.07,23299,2508.00,2562.00,2536.50,-4.84,43.58,-7.19,882.06
2020-01-27T16:21:03, Add row to /TRACKING.csv
2023-03-18T06:25:03, Number of rows in /TRACKING.csv: 1
2020-01-27T16:22:03, Done loop ...
2020-01-27T16:22:03, ... powering down.
2020-01-27T16:22:03, Power down failed
2020-01-27T16:23:03, Data: 2009-03-17T17:25:03,4.15,23299,2530.00,2585.00,2561.50,-4.91,43.77,-7.12,882.04
2020-01-27T16:21:03, Add row to /TRACKING.csv
2023-03-18T06:25:03, Number of rows in /TRACKING.csv: 2
2020-01-27T16:22:03, Done loop ...
2020-01-27T16:22:03, ... powering down.
2020-01-27T16:22:03, Power down failed
2020-01-27T16:23:03, Data: 2009-03-17T17:25:03,4.18,23299,2520.00,2580.00,2570.00,-4.93,43.83,-7.08,882.07
2020-01-27T16:21:03, Add row to /TRACKING.csv
2023-03-18T06:25:03, Number of rows in /TRACKING.csv: 3
2020-01-27T16:22:03, Done loop ...
2020-01-27T16:22:03, ... powering down.
2020-01-27T16:22:03, Power down failed
2020-01-27T16:23:03, Data: 2009-03-17T17:25:03,4.05,23299,2550.00,2571.00,2558.00,-4.93,44.23,-7.01,882.05
2020-01-27T16:21:03, Add row to /TRACKING.csv
2023-03-18T06:25:03, Number of rows in /TRACKING.csv: 4
2020-01-27T16:21:03, Number of rows in /TRACKING.csv is >= 4
2020-01-27T16:22:03, Remove tracking
2020-01-27T16:23:03, Write to /TRANSMIT.csv: 2009-03-17T17:25:03,4.05,2550.00,-4.9,44
2023-03-18T06:25:03, Number of rows in /TRANSMIT.csv: 1
2020-01-27T16:24:03, Current hour = 17, Transmission hour = 1
2020-01-27T16:24:03, Current hour = 17, Transmission hour = 6
2020-01-27T16:24:03, Current hour = 17, Transmission hour = 8
2020-01-27T16:24:03, Current hour = 17, Transmission hour = 10
2020-01-27T16:24:03, Current hour = 17, Transmission hour = 15
2020-01-27T16:24:03, Current hour = 17, Transmission hour = 20
2020-01-27T16:24:03, Current hour = 17, Transmission hour = 22
2020-01-27T16:22:03, Done loop ...
2020-01-27T16:22:03, ... powering down.
2020-01-27T16:22:03, Power down failed
2020-01-27T16:22:03, Data: 2000-01-19T17:25:03,4.05,23299,2536.00,2561.00,2545.00,-4.90,44.70,-6.98,882.07
2020-01-27T16:21:03, Add row to /TRACKING.csv
2023-03-18T06:25:03, Number of rows in /TRACKING.csv: 1
2020-01-27T16:22:03, Done loop ...
2020-01-27T16:22:03, ... powering down.
2020-01-27T16:22:03, Power down failed
2020-01-27T16:22:03, Data: 2009-03-17T17:25:03,4.07,23299,2537.00,2581.00,2557.00,-4.87,45.11,-7.05,882.05
2020-01-27T16:21:03, Add row to /TRACKING.csv
2023-03-18T06:25:03, Number of rows in /TRACKING.csv: 2
2020-01-27T16:22:03, Done loop ...
2020-01-27T16:22:03, ... powering down.
2020-01-27T16:22:03, Power down failed
2020-01-27T16:22:03, Data: 2009-03-17T17:25:03,4.06,23299,2539.00,2561.00,2546.00,-4.81,45.33,-7.14,882.02
2020-01-27T16:21:03, Add row to /TRACKING.csv
2023-03-18T06:25:03, Number of rows in /TRACKING.csv: 3
2020-01-27T16:22:03, Done loop ...
2020-01-27T16:22:03, ... powering down.
2020-01-27T16:22:03, Power down failed
2020-01-27T16:22:03, Data: 2009-03-17T17:25:03,4.14,23299,2539.00,2584.00,2566.00,-4.73,45.48,-7.15,882.04
2020-01-27T16:21:03, Add row to /TRACKING.csv
2023-03-18T06:25:03, Number of rows in /TRACKING.csv: 4
2020-01-27T16:21:03, Number of rows in /TRACKING.csv is >= 4
2020-01-27T16:22:03, Remove tracking
2020-01-27T16:22:03, Write to /TRANSMIT.csv: 2009-03-17T17:25:03,4.14,2539.00,-4.7,45
2023-03-18T06:25:03, Number of rows in /TRANSMIT.csv: 2
2003-01-30T16:00:03, Current hour = 17, Transmission hour = 1
2003-01-30T16:00:03, Current hour = 17, Transmission hour = 6
2003-01-30T16:00:03, Current hour = 17, Transmission hour = 8
2003-01-30T16:00:03, Current hour = 17, Transmission hour = 10
2003-01-30T16:00:03, Current hour = 17, Transmission hour = 15
2003-01-30T16:00:03, Current hour = 17, Transmission hour = 20
2003-01-30T16:00:03, Current hour = 17, Transmission hour = 22
2020-01-27T16:22:03, Done loop ...
2020-01-27T16:22:03, ... powering down.
2020-01-27T16:22:03, Power down failed
2020-01-27T16:18:03, RTC Initialization Failed
2020-01-27T16:18:03, Setup Complete
2020-01-27T16:23:03, Data: 2009-05-14T16:02:03,4.10,25003,2524.00,2568.00,2556.00,-4.57,45.53,-7.19,882.05
2020-01-27T16:21:03, Add row to /TRACKING.csv
2022-10-24T16:00:03, Number of rows in /TRACKING.csv: 1
2020-01-27T16:22:03, Done loop ...
2020-01-27T16:22:03, ... powering down.
2020-01-27T16:22:03, Power down failed
2020-01-27T16:24:03, Data: 2009-03-17T17:25:03,4.10,24487,2532.00,2580.00,2556.00,-4.50,45.52,-7.34,882.01
2020-01-27T16:21:03, Add row to /TRACKING.csv
2022-10-24T16:00:03, Number of rows in /TRACKING.csv: 2
2020-01-27T16:22:03, Done loop ...
2020-01-27T16:22:03, ... powering down.
2020-01-27T16:22:03, Power down failed
2020-01-27T16:25:03, Data: 2009-03-17T17:25:03,4.14,24311,2550.00,2572.00,2560.50,-4.41,45.34,-7.51,882.05
2020-01-27T16:21:03, Add row to /TRACKING.csv
2022-10-24T16:00:03, Number of rows in /TRACKING.csv: 3
2020-01-27T16:22:03, Done loop ...
2020-01-27T16:22:03, ... powering down.
2020-01-27T16:22:03, Power down failed
2020-01-27T16:25:03, Data: 2009-03-17T17:25:03,4.07,24311,2526.00,2581.00,2549.50,-4.29,45.10,-7.64,882.04
2020-01-27T16:21:03, Add row to /TRACKING.csv
2022-10-24T16:00:03, Number of rows in /TRACKING.csv: 4
2020-01-27T16:21:03, Number of rows in /TRACKING.csv is >= 4
2020-01-27T16:22:03, Remove tracking
2020-01-27T16:24:03, Write to /TRANSMIT.csv: 2009-03-17T17:25:03,4.07,2526.00,-4.3,45
2022-10-24T16:00:03, Number of rows in /TRANSMIT.csv: 3
2020-01-27T16:25:03, Current hour = 17, Transmission hour = 1
2020-01-27T16:25:03, Current hour = 17, Transmission hour = 6
2020-01-27T16:25:03, Current hour = 17, Transmission hour = 8
2020-01-27T16:25:03, Current hour = 17, Transmission hour = 10
2020-01-27T16:25:03, Current hour = 17, Transmission hour = 15
2020-01-27T16:25:03, Current hour = 17, Transmission hour = 20
2020-01-27T16:25:03, Current hour = 17, Transmission hour = 22
2020-01-27T16:22:03, Done loop ...
2020-01-27T16:22:03, ... powering down.
2020-01-27T16:22:03, Power down failed
2020-01-27T16:22:03, Data: 2000-01-19T17:25:03,4.07,24135,2487.00,2599.00,2544.00,-4.21,44.82,-7.69,882.02
2020-01-27T16:21:03, Add row to /TRACKING.csv
2022-10-24T16:00:03, Number of rows in /TRACKING.csv: 1
2020-01-27T16:22:03, Done loop ...
2020-01-27T16:22:03, ... powering down.
2020-01-27T16:22:03, Power down failed
2020-01-27T16:22:03, Data: 2009-03-17T17:25:03,4.14,24135,2530.00,2575.00,2558.50,-4.11,44.62,-7.79,882.02
2020-01-27T16:21:03, Add row to /TRACKING.csv
2022-10-24T16:00:03, Number of rows in /TRACKING.csv: 2
2020-01-27T16:22:03, Done loop ...
2020-01-27T16:22:03, ... powering down.
2020-01-27T16:22:03, Power down failed
2020-01-27T16:22:03, Data: 2009-03-17T17:25:03,4.16,24135,2539.00,2594.00,2559.00,-4.04,44.22,-7.94,882.05
2020-01-27T16:21:03, Add row to /TRACKING.csv
2022-10-24T16:00:03, Number of rows in /TRACKING.csv: 3
2020-01-27T16:22:03, Done loop ...
2020-01-27T16:22:03, ... powering down.
2020-01-27T16:22:03, Power down failed
2020-01-27T16:22:03, Data: 2009-03-17T17:25:03,4.13,24135,2539.00,2585.00,2575.00,-3.94,44.01,-7.90,882.05
2020-01-27T16:21:03, Add row to /TRACKING.csv
2022-10-24T16:00:03, Number of rows in /TRACKING.csv: 4
2020-01-27T16:21:03, Number of rows in /TRACKING.csv is >= 4
2020-01-27T16:22:03, Remove tracking
2020-01-27T16:23:03, Write to /TRANSMIT.csv: 2009-03-17T17:25:03,4.13,2539.00,-3.9,44
2022-10-24T16:00:03, Number of rows in /TRANSMIT.csv: 4
2020-01-27T16:23:03, Current hour = 17, Transmission hour = 1
2020-01-27T16:23:03, Current hour = 17, Transmission hour = 6
2020-01-27T16:23:03, Current hour = 17, Transmission hour = 8
2020-01-27T16:23:03, Current hour = 17, Transmission hour = 10
2020-01-27T16:23:03, Current hour = 17, Transmission hour = 15
2020-01-27T16:23:03, Current hour = 17, Transmission hour = 20
2020-01-27T16:23:03, Current hour = 17, Transmission hour = 22
2020-01-27T16:22:03, Done loop ...
2020-01-27T16:22:03, ... powering down.
2020-01-27T16:22:03, Power down failed
2020-01-27T16:24:03, Data: 2000-01-19T17:25:03,4.07,23999,2495.00,2567.00,2551.50,-3.87,43.75,-7.99,882.01
2020-01-27T16:21:03, Add row to /TRACKING.csv
2022-10-24T16:00:03, Number of rows in /TRACKING.csv: 1
2020-01-27T16:22:03, Done loop ...
2020-01-27T16:22:03, ... powering down.
2020-01-27T16:22:03, Power down failed
2020-01-27T16:24:03, Data: 2009-03-17T17:25:03,4.06,23999,2504.00,2575.00,2549.50,-3.76,43.54,-8.12,882.05
2020-01-27T16:21:03, Add row to /TRACKING.csv
2022-10-24T16:00:03, Number of rows in /TRACKING.csv: 2
2020-01-27T16:22:03, Done loop ...
2020-01-27T16:22:03, ... powering down.
2020-01-27T16:22:03, Power down failed
2020-01-27T16:24:03, Data: 2009-03-17T17:25:03,4.17,23999,2526.00,2571.00,2536.00,-3.67,43.28,-8.23,882.04
2020-01-27T16:21:03, Add row to /TRACKING.csv
2022-10-24T16:00:03, Number of rows in /TRACKING.csv: 3
2020-01-27T16:22:03, Done loop ...
2020-01-27T16:22:03, ... powering down.
2020-01-27T16:22:03, Power down failed
2020-01-27T16:24:03, Data: 2009-03-17T17:25:03,4.05,23999,2479.00,2591.00,2558.00,-3.60,42.86,-8.27,882.06
2020-01-27T16:21:03, Add row to /TRACKING.csv
2000-01-30T16:51:03, Number of rows in /TRACKING.csv: 4
2020-01-27T16:21:03, Number of rows in /TRACKING.csv is >= 4
2020-01-27T16:22:03, Remove tracking
2020-01-27T16:23:03, Write to /TRANSMIT.csv: 2009-03-17T17:25:03,4.05,2479.00,-3.6,43
2022-10-24T16:00:03, Number of rows in /TRANSMIT.csv: 5
2020-01-27T16:25:03, Current hour = 17, Transmission hour = 1
2001-06-03T16:00:03, 1717257255-04944:254-04745:253-04345:254-03944:248-03643
2020-01-27T16:24:03,  - attempt to send message: 1717257255-04944:254-04745:253-04345:254-03944:248-03643
2020-01-27T16:24:03,  - Modem begin successful
2020-01-27T16:23:03,  - Sending...
2020-01-27T16:23:03,  - Send response: 
2020-01-27T16:23:03,   - Sync clocks... 
2020-01-27T16:21:03,  - Arduino Old Time: 2000-00-20T00:84:03
2020-01-27T16:21:03,  - Arduino New Time: 2002-00-18T27:59:03
2020-01-27T16:25:03, Message sent! Removing /TRANSMIT.csv
2020-01-27T16:22:03, Done loop ...
2020-01-27T16:22:03, ... powering down.
2020-01-27T16:22:03, Power down failed
2020-01-27T16:23:03, Data: 2000-01-19T17:25:03,4.16,23555,2563.00,2605.00,2582.00,-3.32,41.99,-8.01,882.03
2020-01-27T16:21:03, Add row to /TRACKING.csv
2022-10-24T16:00:03, Number of rows in /TRACKING.csv: 1
2020-01-27T16:22:03, Done loop ...
2020-01-27T16:22:03, ... powering down.
2020-01-27T16:22:03, Power down failed
2020-01-27T16:23:03, Data: 2009-03-17T17:25:03,4.14,23555,2524.00,2573.00,2549.50,-3.23,41.49,-7.91,882.03
2020-01-27T16:21:03, Add row to /TRACKING.csv
2022-10-24T16:00:03, Number of rows in /TRACKING.csv: 2
2020-01-27T16:22:03, Done loop ...
2020-01-27T16:22:03, ... powering down.
2020-01-27T16:22:03, Power down failed
2020-01-27T16:23:03, Data: 2009-03-17T17:25:03,4.10,23555,2508.00,2579.00,2557.00,-3.18,40.96,-7.85,882.02
2020-01-27T16:21:03, Add row to /TRACKING.csv
2022-10-24T16:00:03, Number of rows in /TRACKING.csv: 3
2020-01-27T16:22:03, Done loop ...
2020-01-27T16:22:03, ... powering down.
2020-01-27T16:22:03, Power down failed
2020-01-27T16:23:03, Data: 2000-04-19T17:25:03,4.07,23555,2520.00,2595.00,2566.50,-3.15,40.61,-7.83,882.02
2020-01-27T16:21:03, Add row to /TRACKING.csv
2022-10-24T16:00:03, Number of rows in /TRACKING.csv: 4
2020-01-27T16:21:03, Number of rows in /TRACKING.csv is >= 4
2020-01-27T16:22:03, Remove tracking
2020-01-27T16:23:03, Write to /TRANSMIT.csv: 2000-04-19T17:25:03,4.07,2520.00,-3.2,41
2022-10-24T16:00:03, Number of rows in /TRANSMIT.csv: 1
2003-01-30T16:00:03, Current hour = 17, Transmission hour = 1
2003-01-30T16:00:03, Current hour = 17, Transmission hour = 6
2003-01-30T16:00:03, Current hour = 17, Transmission hour = 8
2003-01-30T16:00:03, Current hour = 17, Transmission hour = 10
2003-01-30T16:00:03, Current hour = 17, Transmission hour = 15
2003-01-30T16:00:03, Current hour = 17, Transmission hour = 20
2003-01-30T16:00:03, Current hour = 17, Transmission hour = 22
2020-01-27T16:22:03, Done loop ...
2020-01-27T16:22:03, ... powering down.
2020-01-27T16:22:03, Power down failed
2020-01-27T16:23:03, Data: 2000-01-19T17:25:03,4.11,23555,2541.00,2587.00,2559.50,-3.11,40.48,-7.76,882.05
2020-01-27T16:21:03, Add row to /TRACKING.csv
2022-10-24T16:00:03, Number of rows in /TRACKING.csv: 1
2020-01-27T16:22:03, Done loop ...
2020-01-27T16:22:03, ... powering down.
2020-01-27T16:22:03, Power down failed
2020-01-27T16:23:03, Data: 2009-03-17T17:25:03,4.06,23555,2530.00,2574.00,2556.50,-3.08,40.63,-7.81,882.04
2020-01-27T16:21:03, Add row to /TRACKING.csv
2022-10-24T16:00:03, Number of rows in /TRACKING.csv: 2
2020-01-27T16:22:03, Done loop ...
2020-01-27T16:22:03, ... powering down.
2020-01-27T16:22:03, Power down failed
2020-01-27T16:23:03, Data: 2009-03-17T17:25:03,4.14,23555,2533.00,2594.00,2564.00,-3.04,40.75,-7.97,882.04
2020-01-27T16:21:03, Add row to /TRACKING.csv
2022-10-24T16:00:03, Number of rows in /TRACKING.csv: 3
2020-01-27T16:22:03, Done loop ...
2020-01-27T16:22:03, ... powering down.
2020-01-27T16:22:03, Power down failed
2020-01-27T16:23:03, Data: 2009-03-17T17:25:03,4.12,23555,2533.00,2585.00,2567.00,-3.05,40.87,-7.95,882.02
2020-01-27T16:21:03, Add row to /TRACKING.csv
2022-10-24T16:00:03, Number of rows in /TRACKING.csv: 4
2020-01-27T16:21:03, Number of rows in /TRACKING.csv is >= 4
2020-01-27T16:22:03, Remove tracking
2020-01-27T16:24:03, Write to /TRANSMIT.csv: 2009-03-17T17:25:03,4.12,2533.00,-3.0,41
2022-10-24T16:00:03, Number of rows in /TRANSMIT.csv: 2
2003-01-30T16:00:03, Current hour = 17, Transmission hour = 1
2003-01-30T16:00:03, Current hour = 17, Transmission hour = 6
2003-01-30T16:00:03, Current hour = 17, Transmission hour = 8
2003-01-30T16:00:03, Current hour = 17, Transmission hour = 10
2003-01-30T16:00:03, Current hour = 17, Transmission hour = 15
2003-01-30T16:00:03, Current hour = 17, Transmission hour = 20
2003-01-30T16:00:03, Current hour = 17, Transmission hour = 22
2020-01-27T16:22:03, Done loop ...
2020-01-27T16:22:03, ... powering down.
2020-01-27T16:22:03, Power down failed
2020-01-27T16:23:03, Data: 2000-01-19T17:25:03,4.06,23555,2524.00,2579.00,2559.00,-3.05,41.46,-8.00,882.02
2020-01-27T16:21:03, Add row to /TRACKING.csv
2022-10-24T16:00:03, Number of rows in /TRACKING.csv: 1
2020-01-27T16:22:03, Done loop ...
2020-01-27T16:22:03, ... powering down.
2020-01-27T16:22:03, Power down failed
2020-01-27T16:23:03, Data: 2009-03-17T17:25:03,4.18,23555,2521.00,2592.00,2548.00,-3.05,41.26,-8.13,882.05
2020-01-27T16:21:03, Add row to /TRACKING.csv
2022-10-24T16:00:03, Number of rows in /TRACKING.csv: 2
2020-01-27T16:22:03, Done loop ...
2020-01-27T16:22:03, ... powering down.
2020-01-27T16:22:03, Power down failed
2020-01-27T16:23:03, Data: 2009-03-17T17:25:03,4.09,23555,2538.00,2580.00,2558.00,-3.11,40.82,-8.39,882.03
2020-01-27T16:21:03, Add row to /TRACKING.csv
2022-10-24T16:00:03, Number of rows in /TRACKING.csv: 3
2020-01-27T16:22:03, Done loop ...
2020-01-27T16:22:03, ... powering down.
2020-01-27T16:22:03, Power down failed
2020-01-27T16:23:03, Data: 2009-03-17T17:25:03,4.09,23555,2526.00,2572.00,2552.50,-3.21,40.44,-8.70,882.04
2020-01-27T16:21:03, Add row to /TRACKING.csv
2022-10-24T16:00:03, Number of rows in /TRACKING.csv: 4
2020-01-27T16:21:03, Number of rows in /TRACKING.csv is >= 4
2020-01-27T16:22:03, Remove tracking
2020-01-27T16:24:03, Write to /TRANSMIT.csv: 2009-03-17T17:25:03,4.09,2526.00,-3.2,40
2022-10-24T16:00:03, Number of rows in /TRANSMIT.csv: 3
2020-01-27T16:21:03, Current hour = 17, Transmission hour = 1
2020-01-27T16:21:03, Current hour = 17, Transmission hour = 6
2020-01-27T16:21:03, Current hour = 17, Transmission hour = 8
2020-01-27T16:21:03, Current hour = 17, Transmission hour = 10
2020-01-27T16:21:03, Current hour = 17, Transmission hour = 15
2020-01-27T16:21:03, Current hour = 17, Transmission hour = 20
2020-01-27T16:21:03, Current hour = 17, Transmission hour = 22
2020-01-27T16:22:03, Done loop ...
2020-01-27T16:22:03, ... powering down.
2020-01-27T16:22:03, Power down failed
2020-01-27T16:24:03, Data: 2000-01-19T17:25:03,4.07,23555,2515.00,2575.00,2546.50,-3.34,40.38,-9.06,882.04
2020-01-27T16:21:03, Add row to /TRACKING.csv
2022-10-24T16:00:03, Number of rows in /TRACKING.csv: 1
2020-01-27T16:22:03, Done loop ...
2020-01-27T16:22:03, ... powering down.
2020-01-27T16:22:03, Power down failed
2020-01-27T16:24:03, Data: 2009-03-17T17:25:03,4.06,23555,2539.00,2584.00,2559.00,-3.43,40.74,-9.25,882.04
2020-01-27T16:21:03, Add row to /TRACKING.csv
2022-10-24T16:00:03, Number of rows in /TRACKING.csv: 2
2020-01-27T16:22:03, Done loop ...
2020-01-27T16:22:03, ... powering down.
2020-01-27T16:22:03, Power down failed
2020-01-27T16:24:03, Data: 2009-03-17T17:25:03,4.16,23555,2522.00,2579.00,2542.00,-3.55,40.95,-9.37,882.04
2020-01-27T16:21:03, Add row to /TRACKING.csv
2022-10-24T16:00:03, Number of rows in /TRACKING.csv: 3
2020-01-27T16:22:03, Done loop ...
2020-01-27T16:22:03, ... powering down.
2020-01-27T16:22:03, Power down failed
2020-01-27T16:24:03, Data: 2009-03-17T17:25:03,4.05,23555,2516.00,2572.00,2558.00,-3.66,41.12,-9.52,882.01
2020-01-27T16:21:03, Add row to /TRACKING.csv
2022-10-24T16:00:03, Number of rows in /TRACKING.csv: 4
2020-01-27T16:21:03, Number of rows in /TRACKING.csv is >= 4
2020-01-27T16:22:03, Remove tracking
2020-01-27T16:23:03, Write to /TRANSMIT.csv: 2009-03-17T17:25:03,4.05,2516.00,-3.7,41
2022-10-24T16:00:03, Number of rows in /TRANSMIT.csv: 4
2003-01-30T16:00:03, Current hour = 17, Transmission hour = 1
2003-01-30T16:00:03, Current hour = 17, Transmission hour = 6
2003-01-30T16:00:03, Current hour = 17, Transmission hour = 8
2003-01-30T16:00:03, Current hour = 17, Transmission hour = 10
2003-01-30T16:00:03, Current hour = 17, Transmission hour = 15
2003-01-30T16:00:03, Current hour = 17, Transmission hour = 20
2003-01-30T16:00:03, Current hour = 17, Transmission hour = 22
2020-01-27T16:22:03, Done loop ...
2020-01-27T16:22:03, ... powering down.
2020-01-27T16:22:03, Power down failed
2020-01-27T16:24:03, Data: 2000-01-19T17:25:03,4.14,23555,2515.00,2583.00,2557.00,-3.84,41.26,-9.63,882.02
2020-01-27T16:21:03, Add row to /TRACKING.csv
2022-10-24T16:00:03, Number of rows in /TRACKING.csv: 1
2020-01-27T16:22:03, Done loop ...
2020-01-27T16:22:03, ... powering down.
2020-01-27T16:22:03, Power down failed
2020-01-27T16:24:03, Data: 2009-03-17T17:25:03,4.12,23555,2510.00,2572.00,2561.00,-3.99,41.64,-9.76,882.08
2020-01-27T16:21:03, Add row to /TRACKING.csv
2022-10-24T16:00:03, Number of rows in /TRACKING.csv: 2
2020-01-27T16:22:03, Done loop ...
2020-01-27T16:22:03, ... powering down.
2020-01-27T16:22:03, Power down failed
2020-01-27T16:24:03, Data: 2009-03-17T17:25:03,4.10,23555,2526.00,2586.00,2554.00,-4.15,41.65,-9.85,882.09
2020-01-27T16:21:03, Add row to /TRACKING.csv
2022-10-24T16:00:03, Number of rows in /TRACKING.csv: 3
2020-01-27T16:22:03, Done loop ...
2020-01-27T16:22:03, ... powering down.
2020-01-27T16:22:03, Power down failed
2020-01-27T16:24:03, Data: 2009-03-17T17:25:03,4.09,23555,2531.00,2583.00,2557.00,-4.29,42.09,-9.94,882.11
2020-01-27T16:21:03, Add row to /TRACKING.csv
2022-10-24T16:00:03, Number of rows in /TRACKING.csv: 4
2020-01-27T16:21:03, Number of rows in /TRACKING.csv is >= 4
2020-01-27T16:22:03, Remove tracking
2020-01-27T16:24:03, Write to /TRANSMIT.csv: 2009-03-17T17:25:03,4.09,2531.00,-4.3,42
2022-10-24T16:00:03, Number of rows in /TRANSMIT.csv: 5
2003-01-30T16:00:03, Current hour = 17, Transmission hour = 1
2001-06-03T16:00:03, 1917257252-03241:253-03041:253-03240:252-03741:253-04342
2020-01-27T16:20:03,  - attempt to send message: 1917257252-03241:253-03041:253-03240:252-03741:253-04342
2020-01-27T16:20:03,  - Modem begin successful
2020-01-27T16:20:03,  - Sending...
2020-01-27T16:20:03,  - Send response: 
2020-01-27T16:20:03,   - Sync clocks... 
2020-01-27T16:20:03,  - Arduino Old Time: 2000-00-20T00:84:03
2020-01-27T16:20:03,  - Arduino New Time: 2002-00-18T32:46:03
2020-01-27T16:20:03, Message sent! Removing /TRANSMIT.csv
2020-01-27T16:22:03, Done loop ...
2020-01-27T16:22:03, ... powering down.
2020-01-27T16:22:03, Power down failed
2020-01-27T16:24:03, Data: 2001-06-23T16:23:03,4.09,23275,2524.00,2592.00,2545.50,-5.26,44.35,-9.59,882.14
2020-01-27T16:21:03, Add row to /TRACKING.csv
2022-10-24T16:00:03, Number of rows in /TRACKING.csv: 1
2020-01-27T16:22:03, Done loop ...
2020-01-27T16:22:03, ... powering down.
2020-01-27T16:22:03, Power down failed
2020-01-27T16:24:03, Data: 2009-03-17T17:25:03,4.08,23275,2525.00,2558.00,2545.50,-5.36,44.56,-9.47,882.15
2020-01-27T16:21:03, Add row to /TRACKING.csv
2022-10-24T16:00:03, Number of rows in /TRACKING.csv: 2
2020-01-27T16:22:03, Done loop ...
2020-01-27T16:22:03, ... powering down.
2020-01-27T16:22:03, Power down failed
2020-01-27T16:24:03, Data: 2009-03-17T17:25:03,4.05,23275,2531.00,2551.00,2542.50,-5.46,45.28,-9.36,882.13
2020-01-27T16:21:03, Add row to /TRACKING.csv
2022-10-24T16:00:03, Number of rows in /TRACKING.csv: 3
2020-01-27T16:22:03, Done loop ...
2020-01-27T16:22:03, ... powering down.
2020-01-27T16:22:03, Power down failed
2020-01-27T16:24:03, Data: 2009-03-17T17:25:03,4.05,23275,2531.00,2602.00,2551.00,-5.55,46.23,-9.24,882.12
2020-01-27T16:21:03, Add row to /TRACKING.csv
2022-10-24T16:00:03, Number of rows in /TRACKING.csv: 4
2020-01-27T16:21:03, Number of rows in /TRACKING.csv is >= 4
2020-01-27T16:22:03, Remove tracking
2020-01-27T16:24:03, Write to /TRANSMIT.csv: 2009-03-17T17:25:03,4.05,2531.00,-5.6,46
2022-10-24T16:00:03, Number of rows in /TRANSMIT.csv: 1
2003-01-30T16:00:03, Current hour = 17, Transmission hour = 1
2003-01-30T16:00:03, Current hour = 17, Transmission hour = 6
2003-01-30T16:00:03, Current hour = 17, Transmission hour = 8
2003-01-30T16:00:03, Current hour = 17, Transmission hour = 10
2003-01-30T16:00:03, Current hour = 17, Transmission hour = 15
2003-01-30T16:00:03, Current hour = 17, Transmission hour = 20
2003-01-30T16:00:03, Current hour = 17, Transmission hour = 22
2020-01-27T16:22:03, Done loop ...
2020-01-27T16:22:03, ... powering down.
2020-01-27T16:22:03, Power down failed
2020-01-27T16:24:03, Data: 2000-01-19T17:25:03,4.18,23275,2535.00,2578.00,2564.50,-5.59,46.55,-9.19,882.14
2020-01-27T16:21:03, Add row to /TRACKING.csv
2022-10-24T16:00:03, Number of rows in /TRACKING.csv: 1
2020-01-27T16:22:03, Done loop ...
2020-01-27T16:22:03, ... powering down.
2020-01-27T16:22:03, Power down failed
2020-01-27T16:24:03, Data: 2009-03-17T17:25:03,4.14,23275,2521.00,2570.00,2556.00,-5.67,46.99,-9.05,882.12
2020-01-27T16:21:03, Add row to /TRACKING.csv
2022-10-24T16:00:03, Number of rows in /TRACKING.csv: 2
2020-01-27T16:22:03, Done loop ...
2020-01-27T16:22:03, ... powering down.
2020-01-27T16:22:03, Power down failed
2020-01-27T16:24:03, Data: 2009-03-17T17:25:03,4.20,23275,2523.00,2566.00,2543.00,-5.67,47.73,-8.93,882.14
2020-01-27T16:21:03, Add row to /TRACKING.csv
2022-10-24T16:00:03, Number of rows in /TRACKING.csv: 3
2020-01-27T16:22:03, Done loop ...
2020-01-27T16:22:03, ... powering down.
2020-01-27T16:22:03, Power down failed
2020-01-27T16:24:03, Data: 2009-03-17T17:25:03,4.06,23275,2538.00,2551.00,2541.00,-5.67,48.30,-8.82,882.14
2020-01-27T16:21:03, Add row to /TRACKING.csv
2022-10-24T16:00:03, Number of rows in /TRACKING.csv: 4
2020-01-27T16:21:03, Number of rows in /TRACKING.csv is >= 4
2020-01-27T16:22:03, Remove tracking
2020-01-27T16:24:03, Write to /TRANSMIT.csv: 2009-03-17T17:25:03,4.06,2538.00,-5.7,48
2022-10-24T16:00:03, Number of rows in /TRANSMIT.csv: 2
2003-01-30T16:00:03, Current hour = 17, Transmission hour = 1
2003-01-30T16:00:03, Current hour = 17, Transmission hour = 6
2003-01-30T16:00:03, Current hour = 17, Transmission hour = 8
2003-01-30T16:00:03, Current hour = 17, Transmission hour = 10
2003-01-30T16:00:03, Current hour = 17, Transmission hour = 15
2003-01-30T16:00:03, Current hour = 17, Transmission hour = 20
2003-01-30T16:00:03, Current hour = 17, Transmission hour = 22
2020-01-27T16:22:03, Done loop ...
2020-01-27T16:22:03, ... powering down.
2020-01-27T16:22:03, Power down failed
2020-01-27T16:24:03, Data: 2000-01-19T17:25:03,4.07,23275,2533.00,2573.00,2562.50,-5.66,48.18,-8.83,882.13
2020-01-27T16:21:03, Add row to /TRACKING.csv
2022-10-24T16:00:03, Number of rows in /TRACKING.csv: 1
2020-01-27T16:22:03, Done loop ...
2020-01-27T16:22:03, ... powering down.
2020-01-27T16:22:03, Power down failed
2020-01-27T16:24:03, Data: 2009-03-17T17:25:03,4.14,23275,2513.00,2601.00,2542.50,-5.66,47.97,-8.82,882.14
2020-01-27T16:21:03, Add row to /TRACKING.csv
2022-10-24T16:00:03, Number of rows in /TRACKING.csv: 2
2020-01-27T16:22:03, Done loop ...
2020-01-27T16:22:03, ... powering down.
2020-01-27T16:22:03, Power down failed
2043-04-29T09:31:47, Data: 2009-03-17T17:25:03,4.07,23275,2523.00,2552.00,2537.00,-5.63,47.60,-8.71,882.13
2020-01-27T16:21:03, Add row to /TRACKING.csv
2022-10-24T16:00:03, Number of rows in /TRACKING.csv: 3
2020-01-27T16:22:03, Done loop ...
2020-01-27T16:22:03, ... powering down.
2020-01-27T16:22:03, Power down failed
2020-01-27T16:24:03, Data: 2009-03-17T17:25:03,4.17,23275,2544.00,2580.00,2557.50,-5.64,47.46,-8.67,882.14
2020-01-27T16:21:03, Add row to /TRACKING.csv
2022-10-24T16:00:03, Number of rows in /TRACKING.csv: 4
2020-01-27T16:21:03, Number of rows in /TRACKING.csv is >= 4
2020-01-27T16:22:03, Remove tracking
2020-01-27T16:24:03, Write to /TRANSMIT.csv: 2009-03-17T17:25:03,4.17,2544.00,-5.6,47
2022-10-24T16:00:03, Number of rows in /TRANSMIT.csv: 3
2003-01-30T16:00:03, Current hour = 17, Transmission hour = 1
2003-01-30T16:00:03, Current hour = 17, Transmission hour = 6
2003-01-30T16:00:03, Current hour = 17, Transmission hour = 8
2003-01-30T16:00:03, Current hour = 17, Transmission hour = 10
2003-01-30T16:00:03, Current hour = 17, Transmission hour = 15
2003-01-30T16:00:03, Current hour = 17, Transmission hour = 20
2003-01-30T16:00:03, Current hour = 17, Transmission hour = 22
2020-01-27T16:22:03, Done loop ...
2020-01-27T16:22:03, ... powering down.
2020-01-27T16:22:03, Power down failed
2020-01-27T16:24:03, Data: 2000-01-19T17:25:03,4.07,23275,2520.00,2592.00,2561.00,-5.64,46.93,-8.65,882.14
2020-01-27T16:21:03, Add row to /TRACKING.csv
2022-10-24T16:00:03, Number of rows in /TRACKING.csv: 1
2020-01-27T16:22:03, Done loop ...
2020-01-27T16:22:03, ... powering down.
2020-01-27T16:22:03, Power down failed
2020-01-27T16:24:03, Data: 2009-03-17T17:25:03,4.09,23275,2536.00,2574.00,2549.00,-5.62,46.91,-8.71,882.12
2020-01-27T16:21:03, Add row to /TRACKING.csv
2022-10-24T16:00:03, Number of rows in /TRACKING.csv: 2
2020-01-27T16:22:03, Done loop ...
2020-01-27T16:22:03, ... powering down.
2020-01-27T16:22:03, Power down failed
2020-01-27T16:24:03, Data: 2009-03-17T17:25:03,4.05,23275,2501.00,2581.00,2544.50,-5.58,46.83,-8.68,882.13
2020-01-27T16:21:03, Add row to /TRACKING.csv
2022-10-24T16:00:03, Number of rows in /TRACKING.csv: 3
2020-01-27T16:22:03, Done loop ...
2020-01-27T16:22:03, ... powering down.
2020-01-27T16:22:03, Power down failed
2020-01-27T16:24:03, Data: 2009-03-17T17:25:03,4.09,23275,2531.00,2597.00,2574.50,-5.56,47.50,-8.56,882.12
2020-01-27T16:21:03, Add row to /TRACKING.csv
2022-10-24T16:00:03, Number of rows in /TRACKING.csv: 4
2020-01-27T16:21:03, Number of rows in /TRACKING.csv is >= 4
2020-01-27T16:22:03, Remove tracking
2020-01-27T16:24:03, Write to /TRANSMIT.csv: 2009-03-17T17:25:03,4.09,2531.00,-5.6,48
2022-10-24T16:00:03, Number of rows in /TRANSMIT.csv: 4
2003-01-30T16:00:03, Current hour = 17, Transmission hour = 1
2003-01-30T16:00:03, Current hour = 17, Transmission hour = 6
2003-01-30T16:00:03, Current hour = 17, Transmission hour = 8
2003-01-30T16:00:03, Current hour = 17, Transmission hour = 10
2003-01-30T16:00:03, Current hour = 17, Transmission hour = 15
2003-01-30T16:00:03, Current hour = 17, Transmission hour = 20
2003-01-30T16:00:03, Current hour = 17, Transmission hour = 22
2020-01-27T16:22:03, Done loop ...
2020-01-27T16:22:03, ... powering down.
2020-01-27T16:22:03, Power down failed
2020-01-27T16:24:03, Data: 2000-01-19T17:25:03,4.08,23275,2516.00,2577.00,2562.00,-5.50,47.81,-8.43,882.13
2020-01-27T16:21:03, Add row to /TRACKING.csv
2022-10-24T16:00:03, Number of rows in /TRACKING.csv: 1
2020-01-27T16:22:03, Done loop ...
2020-01-27T16:22:03, ... powering down.
2020-01-27T16:22:03, Power down failed
2020-01-27T16:24:03, Data: 2009-03-17T17:25:03,4.18,23275,2517.00,2590.00,2546.00,-5.46,48.22,-8.33,882.14
2020-01-27T16:21:03, Add row to /TRACKING.csv
2022-10-24T16:00:03, Number of rows in /TRACKING.csv: 2
2020-01-27T16:22:03, Done loop ...
2020-01-27T16:22:03, ... powering down.
2020-01-27T16:22:03, Power down failed
2020-01-27T16:24:03, Data: 2009-03-17T17:25:03,4.12,23275,2501.00,2581.00,2561.50,-5.40,48.37,-8.30,882.13
2020-01-27T16:21:03, Add row to /TRACKING.csv
2022-10-24T16:00:03, Number of rows in /TRACKING.csv: 3
2020-01-27T16:22:03, Done loop ...
2020-01-27T16:22:03, ... powering down.
2020-01-27T16:22:03, Power down failed
2020-01-27T16:24:03, Data: 2009-03-17T17:25:03,4.16,23275,2499.00,2536.00,2523.00,-5.35,48.31,-8.34,882.11
2020-01-27T16:21:03, Add row to /TRACKING.csv
2022-10-24T16:00:03, Number of rows in /TRACKING.csv: 4
2020-01-27T16:21:03, Number of rows in /TRACKING.csv is >= 4
2020-01-27T16:22:03, Remove tracking
2020-01-27T16:24:03, Write to /TRANSMIT.csv: 2009-03-17T17:25:03,4.16,2499.00,-5.3,48
2022-10-24T16:00:03, Number of rows in /TRANSMIT.csv: 5
2003-01-30T16:00:03, Current hour = 17, Transmission hour = 1
2001-06-03T16:00:03, 1717258253-05646:254-05748:254-05647:253-05648:250-05348
2020-01-27T16:25:03,  - attempt to send message: 1717258253-05646:254-05748:254-05647:253-05648:250-05348
2020-01-27T16:24:03,  - Modem begin successful
2020-01-27T16:24:03,  - Sending...
2020-01-27T16:24:03,  - Send response: 
2020-01-27T16:24:03,   - Sync clocks... 
2020-01-27T16:20:03,  - Arduino Old Time: 2000-00-20T00:84:03
2020-01-27T16:20:03,  - Arduino New Time: 2002-00-18T36:42:03
2020-01-27T16:20:03, Message sent! Removing /TRANSMIT.csv
2020-01-27T16:22:03, Done loop ...
2020-01-27T16:22:03, ... powering down.
2020-01-27T16:22:03, Power down failed
2020-01-27T16:24:03, Data: 2000-01-19T17:25:03,4.18,22883,2547.00,2584.00,2566.00,-5.19,48.08,-8.17,882.12
2020-01-27T16:21:03, Add row to /TRACKING.csv
2022-10-24T16:00:03, Number of rows in /TRACKING.csv: 1
2020-01-27T16:22:03, Done loop ...
2020-01-27T16:22:03, ... powering down.
2020-01-27T16:22:03, Power down failed
2020-01-27T16:24:03, Data: 2009-03-17T17:25:03,4.06,22883,2508.00,2585.00,2562.00,-5.14,47.97,-8.00,882.10
2020-01-27T16:21:03, Add row to /TRACKING.csv
2001-04-15T16:00:03, Number of rows in /TRACKING.csv: 2
2020-01-27T16:22:03, Done loop ...
2020-01-27T16:22:03, ... powering down.
2020-01-27T16:18:03, RTC Initialization Failed
2020-01-27T16:18:03, Setup Complete
2020-01-27T16:23:03, Data: 2009-05-14T16:02:03,4.43,25003,2514.00,2572.00,2534.50,-5.01,47.44,-7.96,882.08
2020-01-27T16:21:03, Add row to /TRACKING.csv
2022-10-05T04:10:03, Number of rows in /TRACKING.csv: 3
2043-04-29T11:54:47, Done loop ...
2020-01-27T16:22:03, ... powering down.
2020-01-27T16:22:03, Power down failed
2020-01-27T16:24:03, Data: 2009-03-17T17:25:03,4.44,24439,2524.00,2574.00,2560.00,-4.97,47.26,-8.07,882.16
2020-01-27T16:21:03, Add row to /TRACKING.csv
2022-10-05T04:10:03, Number of rows in /TRACKING.csv: 4
2020-01-27T16:21:03, Number of rows in /TRACKING.csv is >= 4
2000-01-01T00:00:00, RTC Initialization Failed - Using Default Time
2000-01-01T00:00:00, Setup Complete
2000-01-01T00:00:00, Data: 2000-01-01T00:00:00,4.43,24963,2523.00,2568.00,2536.50,-4.81,46.21,-8.29,882.13
2000-01-01T00:00:00, Add row to /TRACKING.csv
2000-01-01T00:00:00, Number of rows in /TRACKING.csv: 5
2000-01-01T00:00:00, Number of rows in /TRACKING.csv is >= 4
2000-01-01T00:00:00, Remove tracking
2000-01-01T00:00:00, Write to /TRANSMIT.csv: 2000-01-01T00:00:00,4.43,2523.00,-4.8,46
2000-01-01T00:00:00, Number of rows in /TRANSMIT.csv: 1
2000-01-01T00:00:00, Current hour = 0, Transmission hour = 0
2000-01-01T00:00:00, 0100009252-04846
2000-01-01T00:00:00,  - attempt to send message: 0100009252-04846
2000-01-01T00:00:00,  - Modem begin successful
2000-01-01T00:00:00,  - Sending...
2000-01-01T00:00:00,  - Send response: 
2000-01-01T00:00:00,   - Sync clocks... 
2000-01-01T00:00:00,  - Arduino Old Time: 2000-00-20T00:84:03
2000-01-01T00:00:00,  - Failed to set valid RTC time
2000-01-01T00:00:00, Message sent! Removing /TRANSMIT.csv
2000-01-01T00:00:00, Done loop ...
2000-01-01T00:00:00, ... powering down.
2000-01-01T00:00:00, Power down failed
2000-01-01T00:00:00, Data: 2000-01-01T00:00:00,4.43,23999,2528.00,2587.00,2560.50,-4.74,46.13,-8.51,882.11
2000-01-01T00:00:00, Add row to /TRACKING.csv
2000-01-01T00:00:00, Number of rows in /TRACKING.csv: 1
2000-01-01T00:00:00, Done loop ...
2000-01-01T00:00:00, ... powering down.
2000-01-01T00:00:00, Power down failed
2000-01-01T00:00:00, Data: 2000-01-01T00:00:00,4.43,23999,2517.00,2572.00,2547.50,-4.69,46.01,-8.63,882.09
2000-01-01T00:00:00, Add row to /TRACKING.csv
2000-01-01T00:00:00, Number of rows in /TRACKING.csv: 2
2000-01-01T00:00:00, Done loop ...
2000-01-01T00:00:00, ... powering down.
2000-01-01T00:00:00, Power down failed
2000-01-01T00:00:00, Data: 2000-01-01T00:00:00,4.43,23999,2529.00,2578.00,2559.00,-4.64,45.75,-8.76,882.11
2000-01-01T00:00:00, Add row to /TRACKING.csv
2000-01-01T00:00:00, Number of rows in /TRACKING.csv: 3
2000-01-01T00:00:00, Done loop ...
2000-01-01T00:00:00, ... powering down.
2000-01-01T00:00:00, Power down failed
2000-01-01T00:00:00, Data: 2000-01-01T00:00:00,4.43,23999,2508.00,2571.00,2560.00,-4.60,45.64,-8.88,882.09
2000-01-01T00:00:00, Add row to /TRACKING.csv
2000-01-01T00:00:00, Number of rows in /TRACKING.csv: 4
2000-01-01T00:00:00, Number of rows in /TRACKING.csv is >= 4
2000-01-01T00:00:00, Remove tracking
2000-01-01T00:00:00, Write to /TRANSMIT.csv: 2000-01-01T00:00:00,4.43,2508.00,-4.6,46
2000-01-01T00:00:00, Number of rows in /TRANSMIT.csv: 1
2000-01-01T00:00:00, Current hour = 0, Transmission hour = 0
2000-01-01T00:00:00, 0100009251-04646
2000-01-01T00:00:00,  - attempt to send message: 0100009251-04646
2000-01-01T00:00:00,  - Modem begin successful
2000-01-01T00:00:00,  - Sending...
2000-01-01T00:00:00,  - Send response: 
2000-01-01T00:00:00,   - Sync clocks... 
2000-01-01T00:00:00,  - Arduino Old Time: 2000-00-20T00:84:03
2000-01-01T00:00:00,  - Failed to set valid RTC time
2000-01-01T00:00:00, Message sent! Removing /TRANSMIT.csv
2000-01-01T00:00:00, Done loop ...
2000-01-01T00:00:00, ... powering down.
2000-01-01T00:00:00, Power down failed
2000-01-01T00:00:00, Data: 2000-01-01T00:00:00,4.43,23923,2529.00,2571.00,2551.50,-4.49,45.46,-9.01,882.09
2000-01-01T00:00:00, Add row to /TRACKING.csv
2000-01-01T00:00:00, Number of rows in /TRACKING.csv: 1
2000-01-01T00:00:00, Done loop ...
2000-01-01T00:00:00, ... powering down.
2000-01-01T00:00:00, Power down failed
2000-01-01T00:00:00, Data: 2000-01-01T00:00:00,4.44,23923,2479.00,2568.00,2527.00,-4.41,45.37,-9.17,882.09
2000-01-01T00:00:00, Add row to /TRACKING.csv
2000-01-01T00:00:00, Number of rows in /TRACKING.csv: 2
2000-01-01T00:00:00, Done loop ...
2000-01-01T00:00:00, ... powering down.
2000-01-01T00:00:00, Power down failed
2000-01-01T00:00:00, Data: 2000-01-01T00:00:00,4.43,23923,2522.00,2566.00,2546.00,-4.41,45.05,-9.24,882.14
2000-01-01T00:00:00, Add row to /TRACKING.csv
2000-01-01T00:00:00, Number of rows in /TRACKING.csv: 3
2000-01-01T00:00:00, Done loop ...
2000-01-01T00:00:00, ... powering down.
2000-01-01T00:00:00, Power down failed
2000-01-01T00:00:00, Data: 2000-01-01T00:00:00,4.43,23923,2516.00,2578.00,2541.50,-4.32,44.77,-9.36,882.06
2000-01-01T00:00:00, Add row to /TRACKING.csv
2000-01-01T00:00:00, Number of rows in /TRACKING.csv: 4
2000-01-01T00:00:00, Number of rows in /TRACKING.csv is >= 4
2000-01-01T00:00:00, Remove tracking
2000-01-01T00:00:00, Write to /TRANSMIT.csv: 2000-01-01T00:00:00,4.43,2516.00,-4.3,45
2000-01-01T00:00:00, Number of rows in /TRANSMIT.csv: 1
2000-01-01T00:00:00, Current hour = 0, Transmission hour = 0
2000-01-01T00:00:00, 0100009252-04345
2000-01-01T00:00:00,  - attempt to send message: 0100009252-04345
2000-01-01T00:00:00,  - Modem begin successful
2000-01-01T00:00:00,  - Sending...
2000-01-01T00:00:00,  - Send response: 
2000-01-01T00:00:00,   - Sync clocks... 
2000-01-01T00:00:00,  - Arduino Old Time: 2000-00-20T00:84:03
2000-01-01T00:00:00,  - Failed to set valid RTC time
2000-01-01T00:00:00, Message sent! Removing /TRANSMIT.csv
2000-01-01T00:00:00, Done loop ...
2000-01-01T00:00:00, ... powering down.
2000-01-01T00:00:00, Power down failed
2000-01-01T00:00:00, RTC Initialization Failed - Using Default Time
2000-01-01T00:00:00, Setup Complete
2000-01-01T00:00:00, Data: 2000-01-01T00:00:00,4.43,24963,2484.00,2584.00,2555.50,-4.14,44.53,-9.44,882.07
2000-01-01T00:00:00, Add row to /TRACKING.csv
2000-01-01T00:00:00, Number of rows in /TRACKING.csv: 1
2000-01-01T00:00:00, Done loop ...
2000-01-01T00:00:00, ... powering down.
2000-01-01T00:00:00, Power down failed
2000-01-01T00:00:00, Data: 2000-01-01T00:00:00,4.43,24491,2519.00,2566.00,2552.00,-4.05,44.37,-9.50,882.10
2000-01-01T00:00:00, Add row to /TRACKING.csv
2000-01-01T00:00:00, Number of rows in /TRACKING.csv: 2
2000-01-01T00:00:00, Done loop ...
2000-01-01T00:00:00, ... powering down.
2000-01-01T00:00:00, Power down failed
2000-01-01T00:00:00, Data: 2000-01-01T00:00:00,4.43,24403,2508.00,2574.00,2537.00,-4.02,44.26,-9.59,882.09
2000-01-01T00:00:00, Add row to /TRACKING.csv
2000-01-01T00:00:00, Number of rows in /TRACKING.csv: 3
2000-01-01T00:00:00, Done loop ...
2000-01-01T00:00:00, ... powering down.
2000-01-01T00:00:00, Power down failed
2000-01-01T00:00:00, Data: 2000-01-01T00:00:00,4.43,24403,2519.00,2590.00,2549.00,-3.95,44.14,-9.66,882.08
2000-01-01T00:00:00, Add row to /TRACKING.csv
2000-01-01T00:00:00, Number of rows in /TRACKING.csv: 4
2000-01-01T00:00:00, Number of rows in /TRACKING.csv is >= 4
2000-01-01T00:00:00, Remove tracking
2000-01-01T00:00:00, Write to /TRANSMIT.csv: 2000-01-01T00:00:00,4.43,2519.00,-4.0,44
2000-01-01T00:00:00, Number of rows in /TRANSMIT.csv: 1
2000-01-01T00:00:00, Current hour = 0, Transmission hour = 0
2000-01-01T00:00:00, 0100009252-04044
2000-01-01T00:00:00,  - attempt to send message: 0100009252-04044
2000-01-01T00:00:00,  - Modem begin successful
2000-01-01T00:00:00,  - Sending...
2000-01-01T00:00:00,  - Send response: 
2000-01-01T00:00:00,   - Sync clocks... 
2000-01-01T00:00:00,  - Arduino Old Time: 2000-00-20T00:84:03
2000-01-01T00:00:00,  - Failed to set valid RTC time
2000-01-01T00:00:00, Message sent! Removing /TRANSMIT.csv
2000-01-01T00:00:00, Done loop ...
2000-01-01T00:00:00, ... powering down.
2000-01-01T00:00:00, Power down failed
2000-01-01T00:00:00, Data: 2000-01-01T00:00:00,4.43,24003,2538.00,2591.00,2562.00,-3.84,43.78,-9.72,882.12
2000-01-01T00:00:00, Add row to /TRACKING.csv
2000-01-01T00:00:00, Number of rows in /TRACKING.csv: 1
2000-01-01T00:00:00, Done loop ...
2000-01-01T00:00:00, ... powering down.
2000-01-01T00:00:00, Power down failed
2000-01-01T00:00:00, Data: 2000-01-01T00:00:00,4.43,24003,2508.00,2571.00,2546.00,-3.76,43.55,-9.85,882.10
2000-01-01T00:00:00, Add row to /TRACKING.csv
2000-01-01T00:00:00, Number of rows in /TRACKING.csv: 2
2000-01-01T00:00:00, Done loop ...
2000-01-01T00:00:00, ... powering down.
2000-01-01T00:00:00, Power down failed
2000-01-01T00:00:00, Data: 2000-01-01T00:00:00,4.43,24003,2519.00,2587.00,2566.00,-3.73,43.25,-9.93,882.10
2000-01-01T00:00:00, Add row to /TRACKING.csv
2000-01-01T00:00:00, Number of rows in /TRACKING.csv: 3
2000-01-01T00:00:00, Done loop ...
2000-01-01T00:00:00, ... powering down.
2000-01-01T00:00:00, Power down failed
2000-01-01T00:00:00, Data: 2000-01-01T00:00:00,4.43,24003,2509.00,2604.00,2544.50,-3.66,43.06,-9.98,882.12
2000-01-01T00:00:00, Add row to /TRACKING.csv
2000-01-01T00:00:00, Number of rows in /TRACKING.csv: 4
2000-01-01T00:00:00, Number of rows in /TRACKING.csv is >= 4
2000-01-01T00:00:00, Remove tracking
2000-01-01T00:00:00, Write to /TRANSMIT.csv: 2000-01-01T00:00:00,4.43,2509.00,-3.7,43
2000-01-01T00:00:00, Number of rows in /TRANSMIT.csv: 1
2000-01-01T00:00:00, Current hour = 0, Transmission hour = 0
2000-01-01T00:00:00, 0100009251-03743
2000-01-01T00:00:00,  - attempt to send message: 0100009251-03743
2000-01-01T00:00:00,  - Modem begin successful
2000-01-01T00:00:00,  - Sending...
2000-01-01T00:00:00,  - Send response: 
2000-01-01T00:00:00,   - Sync clocks... 
2000-01-01T00:00:00,  - Arduino Old Time: 2000-00-20T00:84:03
2000-01-01T00:00:00,  - Failed to set valid RTC time
2000-01-01T00:00:00, Message sent! Removing /TRANSMIT.csv
2000-01-01T00:00:00, Done loop ...
2000-01-01T00:00:00, ... powering down.
2000-01-01T00:00:00, Power down failed
2000-01-01T00:00:00, Data: 2000-01-01T00:00:00,4.43,23947,2523.00,2567.00,2532.00,-3.56,42.81,-9.98,882.11
2000-01-01T00:00:00, Add row to /TRACKING.csv
2000-01-01T00:00:00, Number of rows in /TRACKING.csv: 1
2000-01-01T00:00:00, Done loop ...
2000-01-01T00:00:00, ... powering down.
2000-01-01T00:00:00, Power down failed
2000-01-01T00:00:00, Data: 2000-01-01T00:00:00,4.07,23947,2506.00,2584.00,2546.50,-3.49,42.58,-9.94,882.14
2000-01-01T00:00:00, Add row to /TRACKING.csv
2000-01-01T00:00:00, Number of rows in /TRACKING.csv: 2
2000-01-01T00:00:00, Done loop ...
2000-01-01T00:00:00, ... powering down.
2000-01-01T00:00:00, RTC Initialization Failed - Using Default Time
2000-01-01T00:00:00, Setup Complete
2000-01-01T00:00:00, Data: 2000-01-01T00:00:00,4.09,24963,2522.00,2560.00,2538.50,-3.43,42.00,-10.00,882.11
2000-01-01T00:00:00, Add row to /TRACKING.csv
2000-01-01T00:00:00, Number of rows in /TRACKING.csv: 3
2000-01-01T00:00:00, Done loop ...
2000-01-01T00:00:00, ... powering down.
2000-01-01T00:00:00, Power down failed
2000-01-01T00:00:00, Data: 2000-01-01T00:00:00,4.12,24399,2502.00,2557.00,2534.00,-3.41,41.82,-10.08,882.11
2000-01-01T00:00:00, Add row to /TRACKING.csv
2000-01-01T00:00:00, Number of rows in /TRACKING.csv: 4
2000-01-01T00:00:00, Number of rows in /TRACKING.csv is >= 4
2000-01-01T00:00:00, Remove tracking
2000-01-01T00:00:00, Write to /TRANSMIT.csv: 2000-01-01T00:00:00,4.12,2502.00,-3.4,42
2000-01-01T00:00:00, Number of rows in /TRANSMIT.csv: 1
2000-01-01T00:00:00, Current hour = 0, Transmission hour = 0
2000-01-01T00:00:00, 0100008250-03442
2000-01-01T00:00:00,  - attempt to send message: 0100008250-03442
2000-01-01T00:00:00,  - Modem begin successful
2000-01-01T00:00:00,  - Sending...
2000-01-01T00:00:00, RTC Initialization Failed - Using Default Time
2000-01-01T00:00:00, Setup Complete
2000-01-01T00:00:00, Data: 2000-01-01T00:00:00,4.15,24963,2512.00,2566.00,2547.00,-3.38,41.44,-9.68,882.18
2000-01-01T00:00:00, Add row to /TRACKING.csv
2000-01-01T00:00:00, Number of rows in /TRACKING.csv: 1
2000-01-01T00:00:00, Done loop ...
2000-01-01T00:00:00, ... powering down.
2000-01-01T00:00:00, Power down failed
2000-01-01T00:00:00, Data: 2000-01-01T00:00:00,4.07,24491,2512.00,2578.00,2548.00,-3.39,41.31,-9.74,882.21
2000-01-01T00:00:00, Add row to /TRACKING.csv
2000-01-01T00:00:00, Number of rows in /TRACKING.csv: 2
2000-01-01T00:00:00, Done loop ...
2000-01-01T00:00:00, ... powering down.
2000-01-01T00:00:00, Power down failed
2000-01-01T00:00:00, Data: 2000-01-01T00:00:00,4.14,24403,2517.00,2554.00,2534.50,-3.38,41.32,-9.64,882.19
2000-01-01T00:00:00, Add row to /TRACKING.csv
2000-01-01T00:00:00, Number of rows in /TRACKING.csv: 3
2000-01-01T00:00:00, Done loop ...
2000-01-01T00:00:00, ... powering down.
2000-01-01T00:00:00, Power down failed
2000-01-01T00:00:00, Data: 2000-01-01T00:00:00,4.08,24403,2526.00,2595.00,2551.50,-3.39,41.48,-9.57,882.19
2000-01-01T00:00:00, Add row to /TRACKING.csv
2000-01-01T00:00:00, Number of rows in /TRACKING.csv: 4
2000-01-01T00:00:00, Number of rows in /TRACKING.csv is >= 4
2000-01-01T00:00:00, Remove tracking
2000-01-01T00:00:00, Write to /TRANSMIT.csv: 2000-01-01T00:00:00,4.08,2526.00,-3.4,41
2000-01-01T00:00:00, Number of rows in /TRANSMIT.csv: 2
2000-01-01T00:00:00, Current hour = 0, Transmission hour = 0
2000-01-01T00:00:00, 0100007250-03442:253-03441
2000-01-01T00:00:00,  - attempt to send message: 0100007250-03442:253-03441
2000-01-01T00:00:00,  - Modem begin successful
2000-01-01T00:00:00,  - Sending...
2000-01-01T00:00:00, RTC Initialization Failed - Using Default Time
2000-01-01T00:00:00, Setup Complete
2000-01-01T00:00:00, RTC Initialization Failed - Using Default Time
2000-01-01T00:00:00, Setup Complete
2000-01-01T00:00:00, Data: 2000-01-01T00:00:00,4.05,24963,2538.00,2564.00,2553.50,-3.25,41.75,-9.62,882.23
2000-01-01T00:00:00, Add row to /TRACKING.csv
2000-01-01T00:00:00, Number of rows in /TRACKING.csv: 1
2000-01-01T00:00:00, Done loop ...
2000-01-01T00:00:00, ... powering down.
2000-01-01T00:00:00, Power down failed
2000-01-01T00:00:00, Data: 2000-01-01T00:00:00,4.05,24491,2523.00,2577.00,2557.50,-3.23,41.47,-9.54,882.24
2000-01-01T00:00:00, Add row to /TRACKING.csv
2000-01-01T00:00:00, Number of rows in /TRACKING.csv: 2
2000-01-01T00:00:00, Done loop ...
2000-01-01T00:00:00, ... powering down.
2000-01-01T00:00:00, Power down failed
2000-01-01T00:00:00, Data: 2000-01-01T00:00:00,4.06,24403,2499.00,2564.00,2546.50,-3.22,41.34,-9.38,882.23
2000-01-01T00:00:00, Add row to /TRACKING.csv
2000-01-01T00:00:00, Number of rows in /TRACKING.csv: 3
2000-01-01T00:00:00, Done loop ...
2000-01-01T00:00:00, ... powering down.
2000-01-01T00:00:00, Power down failed
2000-01-01T00:00:00, Data: 2000-01-01T00:00:00,4.15,24403,2521.00,2586.00,2554.00,-3.21,41.65,-9.35,882.25
2000-01-01T00:00:00, Add row to /TRACKING.csv
2000-01-01T00:00:00, Number of rows in /TRACKING.csv: 4
2000-01-01T00:00:00, Number of rows in /TRACKING.csv is >= 4
2000-01-01T00:00:00, Remove tracking
2000-01-01T00:00:00, Write to /TRANSMIT.csv: 2000-01-01T00:00:00,4.15,2521.00,-3.2,42
2000-01-01T00:00:00, Number of rows in /TRANSMIT.csv: 3
2000-01-01T00:00:00, Current hour = 0, Transmission hour = 0
2000-01-01T00:00:00, 0100008250-03442:253-03441:252-03242
2000-01-01T00:00:00,  - attempt to send message: 0100008250-03442:253-03441:252-03242
2000-01-01T00:00:00, RTC Initialization Failed - Using Default Time
2000-01-01T00:00:00, Setup Complete
2000-01-01T00:00:00, Data: 2000-01-01T00:00:00,4.12,24963,2517.00,2569.00,2538.00,-3.32,40.52,-8.15,882.21
2000-01-01T00:00:00, Add row to /TRACKING.csv
2000-01-01T00:00:00, Number of rows in /TRACKING.csv: 1
2000-01-01T00:00:00, Done loop ...
2000-01-01T00:00:00, ... powering down.
2000-01-01T00:00:00, Power down failed
2000-01-01T00:00:00, Data: 2000-01-01T00:00:00,4.09,24491,2532.00,2592.00,2558.50,-3.38,40.55,-8.01,882.26
2000-01-01T00:00:00, Add row to /TRACKING.csv
2000-01-01T00:00:00, Number of rows in /TRACKING.csv: 2
2000-01-01T00:00:00, Done loop ...
2000-01-01T00:00:00, ... powering down.
2000-01-01T00:00:00, Power down failed
2000-01-01T00:00:00, Data: 2000-01-01T00:00:00,4.16,24403,2530.00,2560.00,2537.50,-3.46,40.60,-7.92,882.21
2000-01-01T00:00:00, Add row to /TRACKING.csv
2000-01-01T00:00:00, Number of rows in /TRACKING.csv: 3
2000-01-01T00:00:00, Done loop ...
2000-01-01T00:00:00, ... powering down.
2000-01-01T00:00:00, Power down failed
2000-01-01T00:00:00, Data: 2000-01-01T00:00:00,4.43,24403,2538.00,2573.00,2553.00,-3.55,40.81,-7.79,882.21
2000-01-01T00:00:00, Add row to /TRACKING.csv
2000-01-01T00:00:00, Number of rows in /TRACKING.csv: 4
2000-01-01T00:00:00, Number of rows in /TRACKING.csv is >= 4
2000-01-01T00:00:00, Remove tracking
2000-01-01T00:00:00, Write to /TRANSMIT.csv: 2000-01-01T00:00:00,4.43,2538.00,-3.5,41
2000-01-01T00:00:00, Number of rows in /TRANSMIT.csv: 4
2000-01-01T00:00:00, Current hour = 0, Transmission hour = 0
2000-01-01T00:00:00, 0100009250-03442:253-03441:252-03242:254-03541
2000-01-01T00:00:00,  - attempt to send message: 0100009250-03442:253-03441:252-03242:254-03541
2000-01-01T00:00:00, RTC Initialization Failed - Using Default Time
2000-01-01T00:00:00, Setup Complete
2000-01-01T00:00:00, Data: 2000-01-01T00:00:00,4.20,24963,2529.00,2577.00,2570.00,-3.88,43.03,-8.51,882.20
2000-01-01T00:00:00, Add row to /TRACKING.csv
2000-01-01T00:00:00, Number of rows in /TRACKING.csv: 1
2000-01-01T00:00:00, Done loop ...
2000-01-01T00:00:00, ... powering down.
2000-01-01T00:00:00, Power down failed
2000-01-01T00:00:00, Data: 2000-01-01T00:00:00,4.20,24491,2543.00,2577.00,2565.00,-3.91,43.01,-8.61,882.22
2000-01-01T00:00:00, Add row to /TRACKING.csv
2000-01-01T00:00:00, Number of rows in /TRACKING.csv: 2
2000-01-01T00:00:00, Done loop ...
2000-01-01T00:00:00, ... powering down.
2000-01-01T00:00:00, Power down failed
2000-01-01T00:00:00, Data: 2000-01-01T00:00:00,4.20,24403,2530.00,2574.00,2550.50,-3.88,42.97,-8.66,882.25
2000-01-01T00:00:00, Add row to /TRACKING.csv
2000-01-01T00:00:00, Number of rows in /TRACKING.csv: 3
2000-01-01T00:00:00, Done loop ...
2000-01-01T00:00:00, ... powering down.
2000-01-01T00:00:00, Power down failed
2000-01-01T00:00:00, Data: 2000-01-01T00:00:00,4.20,24403,2542.00,2585.00,2570.50,-3.88,43.11,-8.72,882.25
2000-01-01T00:00:00, Add row to /TRACKING.csv
2000-01-01T00:00:00, Number of rows in /TRACKING.csv: 4
2000-01-01T00:00:00, Number of rows in /TRACKING.csv is >= 4
2000-01-01T00:00:00, Remove tracking
2000-01-01T00:00:00, Write to /TRANSMIT.csv: 2000-01-01T00:00:00,4.20,2542.00,-3.9,43
2000-01-01T00:00:00, Number of rows in /TRANSMIT.csv: 5
2000-01-01T00:00:00, Current hour = 0, Transmission hour = 0
2000-01-01T00:00:00, 0100008250-03442:253-03441:252-03242:254-03541:254-03943
2000-01-01T00:00:00,  - attempt to send message: 0100008250-03442:253-03441:252-03242:254-03541:254-03943
2000-01-01T00:00:00, RTC Initialization Failed - Using Default Time
2000-01-01T00:00:00, Setup Complete
2000-01-01T00:00:00, Data: 2000-01-01T00:00:00,4.20,24963,2546.00,2584.00,2562.00,-3.64,42.55,-8.55,882.24
2000-01-01T00:00:00, Add row to /TRACKING.csv
2000-01-01T00:00:00, Number of rows in /TRACKING.csv: 1
2000-01-01T00:00:00, Done loop ...
2000-01-01T00:00:00, ... powering down.
2000-01-01T00:00:00, Power down failed
2000-01-01T00:00:00, Data: 2000-01-01T00:00:00,4.20,24491,2516.00,2607.00,2544.50,-3.58,42.48,-8.63,882.25
2000-01-01T00:00:00, Add row to /TRACKING.csv
2000-01-01T00:00:00, Number of rows in /TRACKING.csv: 2
2000-01-01T00:00:00, Done loop ...
2000-01-01T00:00:00, ... powering down.
2000-01-01T00:00:00, Power down failed
2000-01-01T00:00:00, Data: 2000-01-01T00:00:00,4.20,24403,2549.00,2572.00,2564.50,-3.55,42.40,-8.67,882.23
2000-01-01T00:00:00, Add row to /TRACKING.csv
2000-01-01T00:00:00, Number of rows in /TRACKING.csv: 3
2000-01-01T00:00:00, Done loop ...
2000-01-01T00:00:00, ... powering down.
2000-01-01T00:00:00, Power down failed
2000-01-01T00:00:00, Data: 2000-01-01T00:00:00,4.20,24403,2536.00,2576.00,2566.50,-3.50,42.38,-8.73,882.21
2000-01-01T00:00:00, Add row to /TRACKING.csv
2000-01-01T00:00:00, Number of rows in /TRACKING.csv: 4
2000-01-01T00:00:00, Number of rows in /TRACKING.csv is >= 4
2000-01-01T00:00:00, Remove tracking
2000-01-01T00:00:00, Write to /TRANSMIT.csv: 2000-01-01T00:00:00,4.20,2536.00,-3.5,42
2000-01-01T00:00:00, Number of rows in /TRANSMIT.csv: 6
2000-01-01T00:00:00, Current hour = 0, Transmission hour = 0
2000-01-01T00:00:00, 0100008250-03442:253-03441:252-03242:254-03541:254-03943:254-03542
2000-01-01T00:00:00,  - attempt to send message: 0100008250-03442:253-03441:252-03242:254-03541:254-03943:254-03542
2000-01-01T00:00:00, RTC Initialization Failed - Using Default Time
2000-01-01T00:00:00, Setup Complete
2000-01-01T00:00:00, Data: 2000-01-01T00:00:00,4.20,24963,2526.00,2575.00,2543.00,-3.41,42.05,-8.85,882.30
2000-01-01T00:00:00, Add row to /TRACKING.csv
2000-01-01T00:00:00, Number of rows in /TRACKING.csv: 1
2000-01-01T00:00:00, Done loop ...
2000-01-01T00:00:00, ... powering down.
2000-01-01T00:00:00, Power down failed
2000-01-01T00:00:00, Data: 2000-01-01T00:00:00,4.19,24491,2549.00,2589.00,2566.00,-3.36,41.64,-8.87,882.31
2000-01-01T00:00:00, Add row to /TRACKING.csv
2000-01-01T00:00:00, Number of rows in /TRACKING.csv: 2
2000-01-01T00:00:00, RTC Initialization Failed - Using Default Time
2000-01-01T00:00:00, Setup Complete
2000-01-01T00:00:00, Data: 2000-01-01T00:00:00,4.20,24963,2528.00,2583.00,2557.00,-3.27,41.53,-9.17,882.30
2000-01-01T00:00:00, Add row to /TRACKING.csv
2000-01-01T00:00:00, Number of rows in /TRACKING.csv: 3
2000-01-01T00:00:00, Done loop ...
2000-01-01T00:00:00, ... powering down.
2000-01-01T00:00:00, Power down failed
2000-01-01T00:00:00, Data: 2000-01-01T00:00:00,4.17,24491,2530.00,2578.00,2554.50,-3.19,41.71,-9.28,882.26
2000-01-01T00:00:00, Add row to /TRACKING.csv
2000-01-01T00:00:00, Number of rows in /TRACKING.csv: 4
2000-01-01T00:00:00, Number of rows in /TRACKING.csv is >= 4
2000-01-01T00:00:00, Remove tracking
2000-01-01T00:00:00, Write to /TRANSMIT.csv: 2000-01-01T00:00:00,4.17,2530.00,-3.2,42
2000-01-01T00:00:00, Number of rows in /TRANSMIT.csv: 7
2000-01-01T00:00:00, Current hour = 0, Transmission hour = 0
2000-01-01T00:00:00, 0100008250-03442:253-03441:252-03242:254-03541:254-03943:254-03542:253-03242
2000-01-01T00:00:00,  - attempt to send message: 0100008250-03442:253-03441:252-03242:254-03541:254-03943:254-03542:253-03242
2000-01-01T00:00:00, RTC Initialization Failed - Using Default Time
2000-01-01T00:00:00, Setup Complete
2000-01-01T00:00:00, Data: 2000-01-01T00:00:00,4.20,24963,2535.00,2608.00,2571.50,-2.93,41.78,-8.86,882.25
2000-01-01T00:00:00, Add row to /TRACKING.csv
2000-01-01T00:00:00, Number of rows in /TRACKING.csv: 1
2000-01-01T00:00:00, Done loop ...
2000-01-01T00:00:00, ... powering down.
2000-01-01T00:00:00, Power down failed
2000-01-01T00:00:00, Data: 2000-01-01T00:00:00,4.20,24491,2510.00,2572.00,2551.00,-2.90,41.54,-8.98,882.25
2000-01-01T00:00:00, Add row to /TRACKING.csv
2000-01-01T00:00:00, Number of rows in /TRACKING.csv: 2
2000-01-01T00:00:00, Done loop ...
2000-01-01T00:00:00, ... powering down.
2000-01-01T00:00:00, RTC Initialization Failed - Using Default Time
2000-01-01T00:00:00, Setup Complete
2000-01-01T00:00:00, Data: 2000-01-01T00:00:00,4.20,24963,2515.00,2580.00,2553.50,-2.79,40.85,-9.52,882.30
2000-01-01T00:00:00, Add row to /TRACKING.csv
2000-01-01T00:00:00, Number of rows in /TRACKING.csv: 3
2000-01-01T00:00:00, Done loop ...
2000-01-01T00:00:00, ... powering down.
2000-01-01T00:00:00, Power down failed
2000-01-01T00:00:00, RTC Initialization Failed - Using Default Time
2000-01-01T00:00:00, Setup Complete
2000-01-01T00:00:00, Data: 2000-01-01T00:00:00,4.27,24963,2525.00,2565.00,2554.00,-9.50,58.38,-9.30,882.24
2000-01-01T00:00:00, Add row to /TRACKING.csv
2000-01-01T00:00:00, Number of rows in /TRACKING.csv: 4
2000-01-01T00:00:00, Number of rows in /TRACKING.csv is >= 4
2000-01-01T00:00:00, Remove tracking
2000-01-01T00:00:00, Write to /TRANSMIT.csv: 2000-01-01T00:00:00,4.27,2525.00,-9.5,58
2000-01-01T00:00:00, Number of rows in /TRANSMIT.csv: 8
2000-01-01T00:00:00, Current hour = 0, Transmission hour = 0
2000-01-01T00:00:00, 0100009250-03442:253-03441:252-03242:254-03541:254-03943:254-03542:253-03242:253-09558
2000-01-01T00:00:00,  - attempt to send message: 0100009250-03442:253-03441:252-03242:254-03541:254-03943:254-03542:253-03242:253-09558
2000-01-01T00:00:00,  - Modem begin successful
2000-01-01T00:00:00,  - Sending...
2000-01-01T00:00:00,  - Send response: 
2000-01-01T00:00:00,   - Sync clocks... 
2000-01-01T00:00:00,  - Arduino Old Time: 2000-00-20T00:84:03
2000-01-01T00:00:00,  - Failed to set valid RTC time
2000-01-01T00:00:00, Message sent! Removing /TRANSMIT.csv
2000-01-01T00:00:00, Done loop ...
2000-01-01T00:00:00, ... powering down.
2000-01-01T00:00:00, Power down failed
2000-01-01T00:00:00, Data: 2000-01-01T00:00:00,4.11,23051,2549.00,2559.00,2557.50,-9.52,58.59,-9.41,882.25
2000-01-01T00:00:00, Add row to /TRACKING.csv
2000-01-01T00:00:00, Number of rows in /TRACKING.csv: 1
2000-01-01T00:00:00, Done loop ...
2000-01-01T00:00:00, ... powering down.
2000-01-01T00:00:00, Power down failed
2000-01-01T00:00:00, Data: 2000-01-01T00:00:00,4.16,23051,2529.00,2559.00,2548.50,-9.53,58.74,-9.41,882.20
2000-01-01T00:00:00, Add row to /TRACKING.csv
2000-01-01T00:00:00, Number of rows in /TRACKING.csv: 2
2000-01-01T00:00:00, Done loop ...
2000-01-01T00:00:00, ... powering down.
2000-01-01T00:00:00, Power down failed
2000-01-01T00:00:00, RTC Initialization Failed - Using Default Time
2000-01-01T00:00:00, Setup Complete
2000-01-01T00:00:00, Data: 2000-01-01T00:00:00,3.98,25555,2546.00,2567.00,2558.50,-9.50,59.21,-9.04,882.29
2000-01-01T00:00:00, Add row to /TRACKING.csv
2000-01-01T00:00:00, Number of rows in /TRACKING.csv: 3
2000-01-01T00:00:00, Done loop ...
2000-01-01T00:00:00, ... powering down.
2000-01-01T00:00:00, RTC Initialization Failed - Using Default Time
2000-01-01T00:00:00, Setup Complete
2000-01-01T00:00:00, Data: 2000-01-01T00:00:00,4.00,25555,2537.00,2560.00,2549.00,-9.32,59.41,-8.71,882.30
2000-01-01T00:00:00, Add row to /TRACKING.csv
2000-01-01T00:00:00, Number of rows in /TRACKING.csv: 4
2000-01-01T00:00:00, Number of rows in /TRACKING.csv is >= 4
2000-01-01T00:00:00, Remove tracking
2000-01-01T00:00:00, Write to /TRANSMIT.csv: 2000-01-01T00:00:00,4.00,2537.00,-9.3,59
2000-01-01T00:00:00, Number of rows in /TRANSMIT.csv: 1
2000-01-01T00:00:00, Current hour = 0, Transmission hour = 0
2000-01-01T00:00:00, 0100007254-09359
2000-01-01T00:00:00,  - attempt to send message: 0100007254-09359
2000-01-01T00:00:00,  - Modem begin successful
2000-01-01T00:00:00,  - Sending...
2000-01-01T00:00:00,  - Send response: 
2000-01-01T00:00:00,   - Sync clocks... 
2000-01-01T00:00:00,  - Arduino Old Time: 2000-00-20T00:84:03
2000-01-01T00:00:00,  - Failed to set valid RTC time
2000-01-01T00:00:00, Message sent! Removing /TRANSMIT.csv
2000-01-01T00:00:00, Done loop ...
2000-01-01T00:00:00, ... powering down.
2000-01-01T00:00:00, RTC Initialization Failed - Using Default Time
2000-01-01T00:00:00, Setup Complete
2000-01-01T00:00:00, Data: 2000-01-01T00:00:00,4.01,25555,2568.00,2613.00,2579.50,-8.18,56.52,-1.63,882.86
2000-01-01T00:00:00, Add row to /TRACKING.csv
2000-01-01T00:00:00, Number of rows in /TRACKING.csv: 1
2000-01-01T00:00:00, Done loop ...
2000-01-01T00:00:00, ... powering down.
2000-01-01T00:00:00, RTC Initialization Failed - Using Default Time
2000-01-01T00:00:00, Setup Complete
2000-01-01T00:00:00, Data: 2000-01-01T00:00:00,4.00,25555,2564.00,2607.00,2581.00,-7.99,55.57,1.60,882.55
2000-01-01T00:00:00, Add row to /TRACKING.csv
2000-01-01T00:00:00, Number of rows in /TRACKING.csv: 2
2000-01-01T00:00:00, Done loop ...
2000-01-01T00:00:00, ... powering down.
2000-01-01T00:00:00, RTC Initialization Failed - Using Default Time
2000-01-01T00:00:00, Setup Complete
2000-01-01T00:00:00, Data: 2000-01-01T00:00:00,4.00,25555,2542.00,2580.00,2575.50,-8.17,55.96,2.13,882.42
2000-01-01T00:00:00, Add row to /TRACKING.csv
2000-01-01T00:00:00, Number of rows in /TRACKING.csv: 3
2000-01-01T00:00:00, Done loop ...
2000-01-01T00:00:00, ... powering down.
2000-01-01T00:00:00, RTC Initialization Failed - Using Default Time
2000-01-01T00:00:00, Setup Complete
2000-01-01T00:00:00, Data: 2000-01-01T00:00:00,4.00,25555,2556.00,2581.00,2561.00,-7.99,56.45,2.00,882.62
2000-01-01T00:00:00, Add row to /TRACKING.csv
2000-01-01T00:00:00, Number of rows in /TRACKING.csv: 4
2000-01-01T00:00:00, Number of rows in /TRACKING.csv is >= 4
2000-01-01T00:00:00, Remove tracking
2000-01-01T00:00:00, Write to /TRANSMIT.csv: 2000-01-01T00:00:00,4.00,2556.00,-8.0,56
2000-01-01T00:00:00, Number of rows in /TRANSMIT.csv: 1
2000-01-01T00:00:00, Current hour = 0, Transmission hour = 0
2000-01-01T00:00:00, 0100007256-08056
2000-01-01T00:00:00,  - attempt to send message: 0100007256-08056
2000-01-01T00:00:00,  - Modem begin successful
2000-01-01T00:00:00,  - Sending...
2000-01-01T00:00:00,  - Send response: 
2000-01-01T00:00:00,   - Sync clocks... 
2000-01-01T00:00:00,  - Arduino Old Time: 2000-00-20T00:84:03
2000-01-01T00:00:00,  - Failed to set valid RTC time
2000-01-01T00:00:00, Message sent! Removing /TRANSMIT.csv
2000-01-01T00:00:00, Done loop ...
2000-01-01T00:00:00, ... powering down.
2000-01-01T00:00:00, RTC Initialization Failed - Using Default Time
2000-01-01T00:00:00, Setup Complete
2000-01-01T00:00:00, Data: 2000-01-01T00:00:00,4.00,25555,2551.00,2566.00,2558.50,-8.53,58.08,2.19,882.56
2000-01-01T00:00:00, Add row to /TRACKING.csv
2000-01-01T00:00:00, Number of rows in /TRACKING.csv: 1
2000-01-01T00:00:00, Done loop ...
2000-01-01T00:00:00, ... powering down.
2000-01-01T00:00:00, RTC Initialization Failed - Using Default Time
2000-01-01T00:00:00, Setup Complete
2000-01-01T00:00:00, Data: 2000-01-01T00:00:00,4.00,25555,2562.00,2580.00,2565.00,-8.08,57.35,2.84,882.54
2000-01-01T00:00:00, Add row to /TRACKING.csv
2000-01-01T00:00:00, Number of rows in /TRACKING.csv: 2
2000-01-01T00:00:00, Done loop ...
2000-01-01T00:00:00, ... powering down.
2000-01-01T00:00:00, RTC Initialization Failed - Using Default Time
2000-01-01T00:00:00, Setup Complete
2000-01-01T00:00:00, Data: 2000-01-01T00:00:00,4.00,25555,2562.00,2594.00,2574.00,-6.97,57.14,3.81,882.65
2000-01-01T00:00:00, Add row to /TRACKING.csv
2000-01-01T00:00:00, Number of rows in /TRACKING.csv: 3
2000-01-01T00:00:00, Done loop ...
2000-01-01T00:00:00, ... powering down.
2000-01-01T00:00:00, RTC Initialization Failed - Using Default Time
2000-01-01T00:00:00, Setup Complete
2000-01-01T00:00:00, Data: 2000-01-01T00:00:00,4.00,25555,2560.00,2594.00,2574.50,-6.91,57.33,4.33,882.95
2000-01-01T00:00:00, Add row to /TRACKING.csv
2000-01-01T00:00:00, Number of rows in /TRACKING.csv: 4
2000-01-01T00:00:00, Number of rows in /TRACKING.csv is >= 4
2000-01-01T00:00:00, Remove tracking
2000-01-01T00:00:00, Write to /TRANSMIT.csv: 2000-01-01T00:00:00,4.00,2560.00,-6.9,57
2000-01-01T00:00:00, Number of rows in /TRANSMIT.csv: 1
2000-01-01T00:00:00, Current hour = 0, Transmission hour = 0
2000-01-01T00:00:00, 0100007256-06957
2000-01-01T00:00:00,  - attempt to send message: 0100007256-06957
2000-01-01T00:00:00,  - Modem begin successful
2000-01-01T00:00:00,  - Sending...
2000-01-01T00:00:00,  - Send response: 
2000-01-01T00:00:00,   - Sync clocks... 
2000-01-01T00:00:00,  - Arduino Old Time: 2000-00-20T00:84:03
2000-01-01T00:00:00,  - Failed to set valid RTC time
2000-01-01T00:00:00, Message sent! Removing /TRANSMIT.csv
2000-01-01T00:00:00, Done loop ...
2000-01-01T00:00:00, ... powering down.
2000-01-01T00:00:00, RTC Initialization Failed - Using Default Time
2000-01-01T00:00:00, Setup Complete
2000-01-01T00:00:00, Data: 2000-01-01T00:00:00,4.00,25555,2549.00,2563.00,2554.00,-6.45,57.93,3.55,882.80
2000-01-01T00:00:00, Add row to /TRACKING.csv
2000-01-01T00:00:00, Number of rows in /TRACKING.csv: 1
2000-01-01T00:00:00, Done loop ...
2000-01-01T00:00:00, ... powering down.
2000-01-01T00:00:00, RTC Initialization Failed - Using Default Time
2000-01-01T00:00:00, Setup Complete
2000-01-01T00:00:00, Data: 2000-01-01T00:00:00,4.00,25555,2552.00,2572.00,2561.50,-4.08,52.28,3.77,883.21
2000-01-01T00:00:00, Add row to /TRACKING.csv
2000-01-01T00:00:00, Number of rows in /TRACKING.csv: 2
2000-01-01T00:00:00, Done loop ...
2000-01-01T00:00:00, ... powering down.
2000-01-01T00:00:00, RTC Initialization Failed - Using Default Time
2000-01-01T00:00:00, Setup Complete
2000-01-01T00:00:00, Data: 2000-01-01T00:00:00,4.00,25555,2557.00,2568.00,2560.50,-4.69,54.39,3.90,883.12
2000-01-01T00:00:00, Add row to /TRACKING.csv
2000-01-01T00:00:00, Number of rows in /TRACKING.csv: 3
2000-01-01T00:00:00, Done loop ...
2000-01-01T00:00:00, ... powering down.
2000-01-01T00:00:00, RTC Initialization Failed - Using Default Time
2000-01-01T00:00:00, Setup Complete
2000-01-01T00:00:00, Data: 2000-01-01T00:00:00,4.00,25555,2544.00,2562.00,2555.50,-3.99,51.77,3.85,883.15
2000-01-01T00:00:00, Add row to /TRACKING.csv
2000-01-01T00:00:00, Number of rows in /TRACKING.csv: 4
2000-01-01T00:00:00, Number of rows in /TRACKING.csv is >= 4
2000-01-01T00:00:00, Remove tracking
2000-01-01T00:00:00, Write to /TRANSMIT.csv: 2000-01-01T00:00:00,4.00,2544.00,-4.0,52
2000-01-01T00:00:00, Number of rows in /TRANSMIT.csv: 1
2000-01-01T00:00:00, Current hour = 0, Transmission hour = 0
2000-01-01T00:00:00, 0100007254-04052
2000-01-01T00:00:00,  - attempt to send message: 0100007254-04052
2000-01-01T00:00:00,  - Modem begin successful
2000-01-01T00:00:00,  - Sending...
2000-01-01T00:00:00,  - Send response: 
2000-01-01T00:00:00,   - Sync clocks... 
2000-01-01T00:00:00,  - Arduino Old Time: 2000-00-20T00:84:03
2000-01-01T00:00:00,  - Failed to set valid RTC time
2000-01-01T00:00:00, Message sent! Removing /TRANSMIT.csv
2000-01-01T00:00:00, Done loop ...
2000-01-01T00:00:00, ... powering down.
2000-01-01T00:00:00, RTC Initialization Failed - Using Default Time
2000-01-01T00:00:00, Setup Complete
2000-01-01T00:00:00, Data: 2000-01-01T00:00:00,4.00,25555,2542.00,2561.00,2551.00,-5.80,56.74,3.39,883.20
2000-01-01T00:00:00, Add row to /TRACKING.csv
2000-01-01T00:00:00, Number of rows in /TRACKING.csv: 1
2000-01-01T00:00:00, Done loop ...
2000-01-01T00:00:00, ... powering down.
2000-01-01T00:00:00, RTC Initialization Failed - Using Default Time
2000-01-01T00:00:00, Setup Complete
2000-01-01T00:00:00, Data: 2000-01-01T00:00:00,4.00,25555,2520.00,2544.00,2528.00,-5.58,55.49,2.85,883.30
2000-01-01T00:00:00, Add row to /TRACKING.csv
2000-01-01T00:00:00, Number of rows in /TRACKING.csv: 2
2000-01-01T00:00:00, Done loop ...
2000-01-01T00:00:00, ... powering down.
2000-01-01T00:00:00, RTC Initialization Failed - Using Default Time
2000-01-01T00:00:00, Setup Complete
2000-01-01T00:00:00, Data: 2000-01-01T00:00:00,4.00,25555,2525.00,2537.00,2529.00,-5.84,55.71,2.10,883.39
2000-01-01T00:00:00, Add row to /TRACKING.csv
2000-01-01T00:00:00, Number of rows in /TRACKING.csv: 3
2000-01-01T00:00:00, Done loop ...
2000-01-01T00:00:00, ... powering down.
2000-01-01T00:00:00, RTC Initialization Failed - Using Default Time
2000-01-01T00:00:00, Setup Complete
2000-01-01T00:00:00, Data: 2000-01-01T00:00:00,3.98,25555,2519.00,2533.00,2525.00,-6.95,56.36,0.45,883.47
2000-01-01T00:00:00, Add row to /TRACKING.csv
2000-01-01T00:00:00, Number of rows in /TRACKING.csv: 4
2000-01-01T00:00:00, Number of rows in /TRACKING.csv is >= 4
2000-01-01T00:00:00, Remove tracking
2000-01-01T00:00:00, Write to /TRANSMIT.csv: 2000-01-01T00:00:00,3.98,2519.00,-6.9,56
2000-01-01T00:00:00, Number of rows in /TRANSMIT.csv: 1
2000-01-01T00:00:00, Current hour = 0, Transmission hour = 0
2000-01-01T00:00:00, 0100006252-06956
2000-01-01T00:00:00,  - attempt to send message: 0100006252-06956
2000-01-01T00:00:00,  - Modem begin successful
2000-01-01T00:00:00,  - Sending...
2000-01-01T00:00:00,  - Send response: 
2000-01-01T00:00:00,   - Sync clocks... 
2000-01-01T00:00:00,  - Arduino Old Time: 2000-00-20T00:84:03
2000-01-01T00:00:00,  - Failed to set valid RTC time
2000-01-01T00:00:00, Message sent! Removing /TRANSMIT.csv
2000-01-01T00:00:00, Done loop ...
2000-01-01T00:00:00, ... powering down.
2000-01-01T00:00:00, RTC Initialization Failed - Using Default Time
2000-01-01T00:00:00, Setup Complete
2000-01-01T00:00:00, Data: 2000-01-01T00:00:00,3.89,25555,2526.00,2541.00,2536.50,-6.91,56.01,-0.96,883.63
2000-01-01T00:00:00, Add row to /TRACKING.csv
2000-01-01T00:00:00, Number of rows in /TRACKING.csv: 1
2000-01-01T00:00:00, Done loop ...
2000-01-01T00:00:00, ... powering down.
2000-01-01T00:00:00, RTC Initialization Failed - Using Default Time
2000-01-01T00:00:00, Setup Complete
2000-01-01T00:00:00, Data: 2000-01-01T00:00:00,3.83,25555,2525.00,2539.00,2536.50,-7.25,55.36,-2.15,883.62
2000-01-01T00:00:00, Add row to /TRACKING.csv
2000-01-01T00:00:00, Number of rows in /TRACKING.csv: 2
2000-01-01T00:00:00, Done loop ...
2000-01-01T00:00:00, ... powering down.
2000-01-01T00:00:00, RTC Initialization Failed - Using Default Time
2000-01-01T00:00:00, Setup Complete
2000-01-01T00:00:00, Data: 2000-01-01T00:00:00,3.78,25555,2535.00,2555.00,2548.50,-6.50,53.75,-3.78,883.77
2000-01-01T00:00:00, Add row to /TRACKING.csv
2000-01-01T00:00:00, Number of rows in /TRACKING.csv: 3
2000-01-01T00:00:00, Done loop ...
2000-01-01T00:00:00, ... powering down.
2000-01-01T00:00:00, RTC Initialization Failed - Using Default Time
2000-01-01T00:00:00, Setup Complete
2000-01-01T00:00:00, Data: 2000-01-01T00:00:00,3.76,25555,2493.00,2531.00,2521.00,-10.71,65.91,-8.27,883.80
2000-01-01T00:00:00, Add row to /TRACKING.csv
2000-01-01T00:00:00, Number of rows in /TRACKING.csv: 4
2000-01-01T00:00:00, Number of rows in /TRACKING.csv is >= 4
2000-01-01T00:00:00, Remove tracking
2000-01-01T00:00:00, Write to /TRANSMIT.csv: 2000-01-01T00:00:00,3.76,2493.00,-10.7,66
2000-01-01T00:00:00, Number of rows in /TRANSMIT.csv: 1
2000-01-01T00:00:00, Current hour = 0, Transmission hour = 0
2000-01-01T00:00:00, 0100004249-10766
2000-01-01T00:00:00,  - attempt to send message: 0100004249-10766
2000-01-01T00:00:00,  - Modem begin successful
2000-01-01T00:00:00,  - Sending...
2000-01-01T00:00:00,  - Send response: 
2000-01-01T00:00:00,   - Sync clocks... 
2000-01-01T00:00:00,  - Arduino Old Time: 2000-00-20T00:84:03
2000-01-01T00:00:00,  - Failed to set valid RTC time
2000-01-01T00:00:00, Message sent! Removing /TRANSMIT.csv
2000-01-01T00:00:00, Done loop ...
2000-01-01T00:00:00, ... powering down.
2000-01-01T00:00:00, RTC Initialization Failed - Using Default Time
2000-01-01T00:00:00, Setup Complete
2000-01-01T00:00:00, Data: 2000-01-01T00:00:00,3.76,25555,2500.00,2516.00,2506.50,-11.54,69.79,-10.59,883.99
2000-01-01T00:00:00, Add row to /TRACKING.csv
2000-01-01T00:00:00, Number of rows in /TRACKING.csv: 1
2000-01-01T00:00:00, Done loop ...
2000-01-01T00:00:00, ... powering down.
2000-01-01T00:00:00, RTC Initialization Failed - Using Default Time
2000-01-01T00:00:00, Setup Complete
2000-01-01T00:00:00, Data: 2000-01-01T00:00:00,3.75,25555,2502.00,2516.00,2506.00,-11.92,71.43,-11.87,884.28
2000-01-01T00:00:00, Add row to /TRACKING.csv
2000-01-01T00:00:00, Number of rows in /TRACKING.csv: 2
2000-01-01T00:00:00, Done loop ...
2000-01-01T00:00:00, ... powering down.
2000-01-01T00:00:00, RTC Initialization Failed - Using Default Time
2000-01-01T00:00:00, Setup Complete
2000-01-01T00:00:00, Data: 2000-01-01T00:00:00,3.74,25555,2499.00,2512.00,2506.50,-12.29,73.47,-12.68,884.58
2000-01-01T00:00:00, Add row to /TRACKING.csv
2000-01-01T00:00:00, Number of rows in /TRACKING.csv: 3
2000-01-01T00:00:00, Done loop ...
2000-01-01T00:00:00, ... powering down.
2000-01-01T00:00:00, RTC Initialization Failed - Using Default Time
2000-01-01T00:00:00, Setup Complete
2000-01-01T00:00:00, Data: 2000-01-01T00:00:00,3.74,25555,2494.00,2509.00,2503.00,-12.37,74.61,-13.24,884.77
2000-01-01T00:00:00, Add row to /TRACKING.csv
2000-01-01T00:00:00, Number of rows in /TRACKING.csv: 4
2000-01-01T00:00:00, Number of rows in /TRACKING.csv is >= 4
2000-01-01T00:00:00, Remove tracking
2000-01-01T00:00:00, Write to /TRANSMIT.csv: 2000-01-01T00:00:00,3.74,2494.00,-12.4,75
2000-01-01T00:00:00, Number of rows in /TRANSMIT.csv: 1
2000-01-01T00:00:00, Current hour = 0, Transmission hour = 0
2000-01-01T00:00:00, 0100004249-12475
2000-01-01T00:00:00,  - attempt to send message: 0100004249-12475
2000-01-01T00:00:00,  - Modem begin successful
2000-01-01T00:00:00,  - Sending...
2000-01-01T00:00:00,  - Send response: 
2000-01-01T00:00:00,   - Sync clocks... 
2000-01-01T00:00:00,  - Arduino Old Time: 2000-00-20T00:84:03
2000-01-01T00:00:00,  - Failed to set valid RTC time
2000-01-01T00:00:00, Message sent! Removing /TRANSMIT.csv
2000-01-01T00:00:00, Done loop ...
2000-01-01T00:00:00, ... powering down.
2000-01-01T00:00:00, RTC Initialization Failed - Using Default Time
2000-01-01T00:00:00, Setup Complete
2000-01-01T00:00:00, Data: 2000-01-01T00:00:00,3.74,25555,2499.00,2514.00,2509.00,-12.75,76.39,-13.74,884.88
2000-01-01T00:00:00, Add row to /TRACKING.csv
2000-01-01T00:00:00, Number of rows in /TRACKING.csv: 1
2000-01-01T00:00:00, Done loop ...
2000-01-01T00:00:00, ... powering down.
2000-01-01T00:00:00, RTC Initialization Failed - Using Default Time
2000-01-01T00:00:00, Setup Complete
2000-01-01T00:00:00, Data: 2000-01-01T00:00:00,3.74,25555,2500.00,2516.00,2508.00,-12.39,74.60,-13.82,884.91
2000-01-01T00:00:00, Add row to /TRACKING.csv
2000-01-01T00:00:00, Number of rows in /TRACKING.csv: 2
2000-01-01T00:00:00, Done loop ...
2000-01-01T00:00:00, ... powering down.
2000-01-01T00:00:00, RTC Initialization Failed - Using Default Time
2000-01-01T00:00:00, Setup Complete
2000-01-01T00:00:00, Data: 2000-01-01T00:00:00,3.73,25555,2497.00,2510.00,2505.00,-12.66,76.00,-14.12,885.04
2000-01-01T00:00:00, Add row to /TRACKING.csv
2000-01-01T00:00:00, Number of rows in /TRACKING.csv: 3
2000-01-01T00:00:00, Done loop ...
2000-01-01T00:00:00, ... powering down.
2000-01-01T00:00:00, RTC Initialization Failed - Using Default Time
2000-01-01T00:00:00, Setup Complete
2000-01-01T00:00:00, Data: 2000-01-01T00:00:00,3.73,25555,2500.00,2524.00,2509.50,-12.64,76.91,-14.24,885.11
2000-01-01T00:00:00, Add row to /TRACKING.csv
2000-01-01T00:00:00, Number of rows in /TRACKING.csv: 4
2000-01-01T00:00:00, Number of rows in /TRACKING.csv is >= 4
2000-01-01T00:00:00, Remove tracking
2000-01-01T00:00:00, Write to /TRANSMIT.csv: 2000-01-01T00:00:00,3.73,2500.00,-12.6,77
2000-01-01T00:00:00, Number of rows in /TRANSMIT.csv: 1
2000-01-01T00:00:00, Current hour = 0, Transmission hour = 0
2000-01-01T00:00:00, 0100004250-12677
2000-01-01T00:00:00,  - attempt to send message: 0100004250-12677
2000-01-01T00:00:00,  - Modem begin successful
2000-01-01T00:00:00,  - Sending...
2000-01-01T00:00:00,  - Send response: 
2000-01-01T00:00:00,   - Sync clocks... 
2000-01-01T00:00:00,  - Arduino Old Time: 2000-00-20T00:84:03
2000-01-01T00:00:00,  - Failed to set valid RTC time
2000-01-01T00:00:00, Message sent! Removing /TRANSMIT.csv
2000-01-01T00:00:00, Done loop ...
2000-01-01T00:00:00, ... powering down.
2000-01-01T00:00:00, RTC Initialization Failed - Using Default Time
2000-01-01T00:00:00, Setup Complete
2000-01-01T00:00:00, Data: 2000-01-01T00:00:00,3.74,25555,2499.00,2512.00,2502.50,-12.63,75.85,-14.26,885.11
2000-01-01T00:00:00, Add row to /TRACKING.csv
2000-01-01T00:00:00, Number of rows in /TRACKING.csv: 1
2000-01-01T00:00:00, Done loop ...
2000-01-01T00:00:00, ... powering down.
2000-01-01T00:00:00, RTC Initialization Failed - Using Default Time
2000-01-01T00:00:00, Setup Complete
2000-01-01T00:00:00, Data: 2000-01-01T00:00:00,3.73,25555,2498.00,2515.00,2506.00,-12.32,75.02,-14.27,885.24
2000-01-01T00:00:00, Add row to /TRACKING.csv
2000-01-01T00:00:00, Number of rows in /TRACKING.csv: 2
2000-01-01T00:00:00, Done loop ...
2000-01-01T00:00:00, ... powering down.
2000-01-01T00:00:00, RTC Initialization Failed - Using Default Time
2000-01-01T00:00:00, Setup Complete
2000-01-01T00:00:00, Data: 2000-01-01T00:00:00,3.73,25555,2494.00,2518.00,2513.00,-12.43,75.22,-14.32,885.26
2000-01-01T00:00:00, Add row to /TRACKING.csv
2000-01-01T00:00:00, Number of rows in /TRACKING.csv: 3
2000-01-01T00:00:00, Done loop ...
2000-01-01T00:00:00, ... powering down.
2000-01-01T00:00:00, RTC Initialization Failed - Using Default Time
2000-01-01T00:00:00, Setup Complete
2000-01-01T00:00:00, Data: 2000-01-01T00:00:00,3.73,25555,2499.00,2510.00,2504.50,-12.52,75.96,-14.33,885.41
2000-01-01T00:00:00, Add row to /TRACKING.csv
2000-01-01T00:00:00, Number of rows in /TRACKING.csv: 4
2000-01-01T00:00:00, Number of rows in /TRACKING.csv is >= 4
2000-01-01T00:00:00, Remove tracking
2000-01-01T00:00:00, Write to /TRANSMIT.csv: 2000-01-01T00:00:00,3.73,2499.00,-12.5,76
2000-01-01T00:00:00, Number of rows in /TRANSMIT.csv: 1
2000-01-01T00:00:00, Current hour = 0, Transmission hour = 0
2000-01-01T00:00:00, 0100004250-12576
2000-01-01T00:00:00,  - attempt to send message: 0100004250-12576
2000-01-01T00:00:00,  - Modem begin successful
2000-01-01T00:00:00,  - Sending...
2000-01-01T00:00:00,  - Send response: 
2000-01-01T00:00:00,   - Sync clocks... 
2000-01-01T00:00:00,  - Arduino Old Time: 2000-00-20T00:84:03
2000-01-01T00:00:00,  - Failed to set valid RTC time
2000-01-01T00:00:00, Message sent! Removing /TRANSMIT.csv
2000-01-01T00:00:00, Done loop ...
2000-01-01T00:00:00, ... powering down.
2000-01-01T00:00:00, RTC Initialization Failed - Using Default Time
2000-01-01T00:00:00, Setup Complete
2000-01-01T00:00:00, Data: 2000-01-01T00:00:00,3.73,25555,2503.00,2517.00,2507.00,-12.40,75.41,-14.28,885.43
2000-01-01T00:00:00, Add row to /TRACKING.csv
2000-01-01T00:00:00, Number of rows in /TRACKING.csv: 1
2000-01-01T00:00:00, Done loop ...
2000-01-01T00:00:00, ... powering down.
2000-01-01T00:00:00, RTC Initialization Failed - Using Default Time
2000-01-01T00:00:00, Setup Complete
2000-01-01T00:00:00, Data: 2000-01-01T00:00:00,3.73,25555,2507.00,2527.00,2512.00,-12.40,74.77,-14.28,885.64
2000-01-01T00:00:00, Add row to /TRACKING.csv
2000-01-01T00:00:00, Number of rows in /TRACKING.csv: 2
2000-01-01T00:00:00, Done loop ...
2000-01-01T00:00:00, ... powering down.
2000-01-01T00:00:00, RTC Initialization Failed - Using Default Time
2000-01-01T00:00:00, Setup Complete
2000-01-01T00:00:00, Data: 2000-01-01T00:00:00,3.73,25555,2497.00,2511.00,2509.00,-12.56,75.38,-14.35,885.77
2000-01-01T00:00:00, Add row to /TRACKING.csv
2000-01-01T00:00:00, Number of rows in /TRACKING.csv: 3
2000-01-01T00:00:00, Done loop ...
2000-01-01T00:00:00, ... powering down.
2000-01-01T00:00:00, RTC Initialization Failed - Using Default Time
2000-01-01T00:00:00, Setup Complete
2000-01-01T00:00:00, Data: 2000-01-01T00:00:00,3.73,25555,2500.00,2516.00,2506.00,-12.68,76.11,-14.45,885.91
2000-01-01T00:00:00, Add row to /TRACKING.csv
2000-01-01T00:00:00, Number of rows in /TRACKING.csv: 4
2000-01-01T00:00:00, Number of rows in /TRACKING.csv is >= 4
2000-01-01T00:00:00, Remove tracking
2000-01-01T00:00:00, Write to /TRANSMIT.csv: 2000-01-01T00:00:00,3.73,2500.00,-12.7,76
2000-01-01T00:00:00, Number of rows in /TRANSMIT.csv: 1
2000-01-01T00:00:00, Current hour = 0, Transmission hour = 0
2000-01-01T00:00:00, 0100004250-12776
2000-01-01T00:00:00,  - attempt to send message: 0100004250-12776
2000-01-01T00:00:00,  - Modem begin successful
2000-01-01T00:00:00,  - Sending...
2000-01-01T00:00:00,  - Send response: 
2000-01-01T00:00:00,   - Sync clocks... 
2000-01-01T00:00:00,  - Arduino Old Time: 2000-00-20T00:84:03
2000-01-01T00:00:00,  - Failed to set valid RTC time
2000-01-01T00:00:00, Message sent! Removing /TRANSMIT.csv
2000-01-01T00:00:00, Done loop ...
2000-01-01T00:00:00, ... powering down.
2000-01-01T00:00:00, RTC Initialization Failed - Using Default Time
2000-01-01T00:00:00, Setup Complete
2000-01-01T00:00:00, Data: 2000-01-01T00:00:00,3.73,25555,2493.00,2514.00,2508.50,-12.75,76.36,-14.38,886.05
2000-01-01T00:00:00, Add row to /TRACKING.csv
2000-01-01T00:00:00, Number of rows in /TRACKING.csv: 1
2000-01-01T00:00:00, Done loop ...
2000-01-01T00:00:00, ... powering down.
2000-01-01T00:00:00, RTC Initialization Failed - Using Default Time
2000-01-01T00:00:00, Setup Complete
2000-01-01T00:00:00, Data: 2000-01-01T00:00:00,3.73,25555,2503.00,2524.00,2517.00,-12.75,76.18,-14.52,886.22
2000-01-01T00:00:00, Add row to /TRACKING.csv
2000-01-01T00:00:00, Number of rows in /TRACKING.csv: 2
2000-01-01T00:00:00, Done loop ...
2000-01-01T00:00:00, ... powering down.
2000-01-01T00:00:00, RTC Initialization Failed - Using Default Time
2000-01-01T00:00:00, Setup Complete
2000-01-01T00:00:00, Data: 2000-01-01T00:00:00,3.73,25555,2495.00,2526.00,2513.50,-12.88,76.55,-14.68,886.36
2000-01-01T00:00:00, Add row to /TRACKING.csv
2000-01-01T00:00:00, Number of rows in /TRACKING.csv: 3
2000-01-01T00:00:00, Done loop ...
2000-01-01T00:00:00, ... powering down.
2000-01-01T00:00:00, RTC Initialization Failed - Using Default Time
2000-01-01T00:00:00, Setup Complete
2000-01-01T00:00:00, Data: 2000-01-01T00:00:00,3.73,25555,2498.00,2512.00,2507.50,-12.68,75.82,-14.60,886.45
2000-01-01T00:00:00, Add row to /TRACKING.csv
2000-01-01T00:00:00, Number of rows in /TRACKING.csv: 4
2000-01-01T00:00:00, Number of rows in /TRACKING.csv is >= 4
2000-01-01T00:00:00, Remove tracking
2000-01-01T00:00:00, Write to /TRANSMIT.csv: 2000-01-01T00:00:00,3.73,2498.00,-12.7,76
2000-01-01T00:00:00, Number of rows in /TRANSMIT.csv: 1
2000-01-01T00:00:00, Current hour = 0, Transmission hour = 0
2000-01-01T00:00:00, 0100004250-12776
2000-01-01T00:00:00,  - attempt to send message: 0100004250-12776
2000-01-01T00:00:00,  - Modem begin successful
2000-01-01T00:00:00,  - Sending...
2000-01-01T00:00:00,  - Send response: 
2000-01-01T00:00:00,   - Sync clocks... 
2000-01-01T00:00:00,  - Arduino Old Time: 2000-00-20T00:84:03
2000-01-01T00:00:00,  - Failed to set valid RTC time
2000-01-01T00:00:00, Message sent! Removing /TRANSMIT.csv
2000-01-01T00:00:00, Done loop ...
2000-01-01T00:00:00, ... powering down.
2000-01-01T00:00:00, RTC Initialization Failed - Using Default Time
2000-01-01T00:00:00, Setup Complete
2000-01-01T00:00:00, Data: 2000-01-01T00:00:00,3.73,25555,2503.00,2517.00,2511.00,-12.88,77.11,-14.45,886.42
2000-01-01T00:00:00, Add row to /TRACKING.csv
2000-01-01T00:00:00, Number of rows in /TRACKING.csv: 1
2000-01-01T00:00:00, Done loop ...
2000-01-01T00:00:00, ... powering down.
2000-01-01T00:00:00, RTC Initialization Failed - Using Default Time
2000-01-01T00:00:00, Setup Complete
2000-01-01T00:00:00, Data: 2000-01-01T00:00:00,3.72,25555,2498.00,2509.00,2503.00,-12.80,77.33,-14.53,886.47
2000-01-01T00:00:00, Add row to /TRACKING.csv
2000-01-01T00:00:00, Number of rows in /TRACKING.csv: 2
2000-01-01T00:00:00, Done loop ...
2000-01-01T00:00:00, ... powering down.
2000-01-01T00:00:00, RTC Initialization Failed - Using Default Time
2000-01-01T00:00:00, Setup Complete
2000-01-01T00:00:00, Data: 2000-01-01T00:00:00,3.72,25555,2500.00,2522.00,2513.00,-12.73,74.82,-14.45,886.56
2000-01-01T00:00:00, Add row to /TRACKING.csv
2000-01-01T00:00:00, Number of rows in /TRACKING.csv: 3
2000-01-01T00:00:00, Done loop ...
2000-01-01T00:00:00, ... powering down.
2000-01-01T00:00:00, RTC Initialization Failed - Using Default Time
2000-01-01T00:00:00, Setup Complete
2000-01-01T00:00:00, Data: 2000-01-01T00:00:00,3.72,25555,2503.00,2517.00,2510.00,-12.99,76.56,-14.65,886.69
2000-01-01T00:00:00, Add row to /TRACKING.csv
2000-01-01T00:00:00, Number of rows in /TRACKING.csv: 4
2000-01-01T00:00:00, Number of rows in /TRACKING.csv is >= 4
2000-01-01T00:00:00, Remove tracking
2000-01-01T00:00:00, Write to /TRANSMIT.csv: 2000-01-01T00:00:00,3.72,2503.00,-13.0,77
2000-01-01T00:00:00, Number of rows in /TRANSMIT.csv: 1
2000-01-01T00:00:00, Current hour = 0, Transmission hour = 0
2000-01-01T00:00:00, 0100004250-13077
2000-01-01T00:00:00,  - attempt to send message: 0100004250-13077
2000-01-01T00:00:00,  - Modem begin successful
2000-01-01T00:00:00,  - Sending...
2000-01-01T00:00:00,  - Send response: 
2000-01-01T00:00:00,   - Sync clocks... 
2000-01-01T00:00:00,  - Arduino Old Time: 2000-00-20T00:84:03
2000-01-01T00:00:00,  - Failed to set valid RTC time
2000-01-01T00:00:00, Message sent! Removing /TRANSMIT.csv
2000-01-01T00:00:00, Done loop ...
2000-01-01T00:00:00, ... powering down.
2000-01-01T00:00:00, RTC Initialization Failed - Using Default Time
2000-01-01T00:00:00, Setup Complete
2000-01-01T00:00:00, Data: 2000-01-01T00:00:00,3.73,25555,2503.00,2522.00,2511.00,-13.13,77.75,-14.81,886.77
2000-01-01T00:00:00, Add row to /TRACKING.csv
2000-01-01T00:00:00, Number of rows in /TRACKING.csv: 1
2000-01-01T00:00:00, Done loop ...
2000-01-01T00:00:00, ... powering down.
2000-01-01T00:00:00, RTC Initialization Failed - Using Default Time
2000-01-01T00:00:00, Setup Complete
2000-01-01T00:00:00, Data: 2000-01-01T00:00:00,3.72,25555,2502.00,2516.00,2509.50,-13.11,77.90,-14.80,886.94
2000-01-01T00:00:00, Add row to /TRACKING.csv
2000-01-01T00:00:00, Number of rows in /TRACKING.csv: 2
2000-01-01T00:00:00, Done loop ...
2000-01-01T00:00:00, ... powering down.
2000-01-01T00:00:00, RTC Initialization Failed - Using Default Time
2000-01-01T00:00:00, Setup Complete
2000-01-01T00:00:00, Data: 2000-01-01T00:00:00,3.72,25555,2497.00,2515.00,2510.00,-12.98,77.18,-14.71,886.97
2000-01-01T00:00:00, Add row to /TRACKING.csv
2000-01-01T00:00:00, Number of rows in /TRACKING.csv: 3
2000-01-01T00:00:00, Done loop ...
2000-01-01T00:00:00, ... powering down.
2000-01-01T00:00:00, RTC Initialization Failed - Using Default Time
2000-01-01T00:00:00, Setup Complete
2000-01-01T00:00:00, Data: 2000-01-01T00:00:00,3.72,25555,2508.00,2520.00,2512.00,-13.22,77.99,-14.75,887.09
2000-01-01T00:00:00, Add row to /TRACKING.csv
2000-01-01T00:00:00, Number of rows in /TRACKING.csv: 4
2000-01-01T00:00:00, Number of rows in /TRACKING.csv is >= 4
2000-01-01T00:00:00, Remove tracking
2000-01-01T00:00:00, Write to /TRANSMIT.csv: 2000-01-01T00:00:00,3.72,2508.00,-13.2,78
2000-01-01T00:00:00, Number of rows in /TRANSMIT.csv: 1
2000-01-01T00:00:00, Current hour = 0, Transmission hour = 0
2000-01-01T00:00:00, 0100004251-13278
2000-01-01T00:00:00,  - attempt to send message: 0100004251-13278
2000-01-01T00:00:00,  - Modem begin successful
2000-01-01T00:00:00,  - Sending...
2000-01-01T00:00:00,  - Send response: 
2000-01-01T00:00:00,   - Sync clocks... 
2000-01-01T00:00:00,  - Arduino Old Time: 2000-00-20T00:84:03
2000-01-01T00:00:00,  - Failed to set valid RTC time
2000-01-01T00:00:00, Message sent! Removing /TRANSMIT.csv
2000-01-01T00:00:00, Done loop ...
2000-01-01T00:00:00, ... powering down.
2000-01-01T00:00:00, RTC Initialization Failed - Using Default Time
2000-01-01T00:00:00, Setup Complete
2000-01-01T00:00:00, Data: 2000-01-01T00:00:00,3.72,25555,2497.00,2521.00,2510.00,-13.20,78.35,-14.80,887.21
2000-01-01T00:00:00, Add row to /TRACKING.csv
2000-01-01T00:00:00, Number of rows in /TRACKING.csv: 1
2000-01-01T00:00:00, Done loop ...
2000-01-01T00:00:00, ... powering down.
2000-01-01T00:00:00, RTC Initialization Failed - Using Default Time
2000-01-01T00:00:00, Setup Complete
2000-01-01T00:00:00, Data: 2000-01-01T00:00:00,3.72,25555,2509.00,2519.00,2512.50,-13.06,77.63,-14.71,887.23
2000-01-01T00:00:00, Add row to /TRACKING.csv
2000-01-01T00:00:00, Number of rows in /TRACKING.csv: 2
2000-01-01T00:00:00, Done loop ...
2000-01-01T00:00:00, ... powering down.
2000-01-01T00:00:00, RTC Initialization Failed - Using Default Time
2000-01-01T00:00:00, Setup Complete
2000-01-01T00:00:00, Data: 2000-01-01T00:00:00,3.72,25555,2509.00,2520.00,2513.00,-13.09,77.91,-14.72,887.32
2000-01-01T00:00:00, Add row to /TRACKING.csv
2000-01-01T00:00:00, Number of rows in /TRACKING.csv: 3
2000-01-01T00:00:00, Done loop ...
2000-01-01T00:00:00, ... powering down.
2000-01-01T00:00:00, RTC Initialization Failed - Using Default Time
2000-01-01T00:00:00, Setup Complete
2000-01-01T00:00:00, Data: 2000-01-01T00:00:00,3.72,25555,2491.00,2515.00,2506.50,-13.13,78.78,-14.85,887.40
2000-01-01T00:00:00, Add row to /TRACKING.csv
2000-01-01T00:00:00, Number of rows in /TRACKING.csv: 4
2000-01-01T00:00:00, Number of rows in /TRACKING.csv is >= 4
2000-01-01T00:00:00, Remove tracking
2000-01-01T00:00:00, Write to /TRANSMIT.csv: 2000-01-01T00:00:00,3.72,2491.00,-13.1,79
2000-01-01T00:00:00, Number of rows in /TRANSMIT.csv: 1
2000-01-01T00:00:00, Current hour = 0, Transmission hour = 0
2000-01-01T00:00:00, 0100004249-13179
2000-01-01T00:00:00,  - attempt to send message: 0100004249-13179
2000-01-01T00:00:00,  - Modem begin successful
2000-01-01T00:00:00,  - Sending...
2000-01-01T00:00:00,  - Send response: 
2000-01-01T00:00:00,   - Sync clocks... 
2000-01-01T00:00:00,  - Arduino Old Time: 2000-00-20T00:84:03
2000-01-01T00:00:00,  - Failed to set valid RTC time
2000-01-01T00:00:00, Message sent! Removing /TRANSMIT.csv
2000-01-01T00:00:00, Done loop ...
2000-01-01T00:00:00, ... powering down.
2000-01-01T00:00:00, RTC Initialization Failed - Using Default Time
2000-01-01T00:00:00, Setup Complete
2000-01-01T00:00:00, Data: 2000-01-01T00:00:00,3.72,25555,2493.00,2510.00,2502.00,-12.81,77.98,-14.84,887.34
2000-01-01T00:00:00, Add row to /TRACKING.csv
2000-01-01T00:00:00, Number of rows in /TRACKING.csv: 1
2000-01-01T00:00:00, Done loop ...
2000-01-01T00:00:00, ... powering down.
2000-01-01T00:00:00, RTC Initialization Failed - Using Default Time
2000-01-01T00:00:00, Setup Complete
2000-01-01T00:00:00, Data: 2000-01-01T00:00:00,3.72,25555,2508.00,2516.00,2513.00,-12.70,77.09,-14.58,887.35
2000-01-01T00:00:00, Add row to /TRACKING.csv
2000-01-01T00:00:00, Number of rows in /TRACKING.csv: 2
2000-01-01T00:00:00, Done loop ...
2000-01-01T00:00:00, ... powering down.
2000-01-01T00:00:00, RTC Initialization Failed - Using Default Time
2000-01-01T00:00:00, Setup Complete
2000-01-01T00:00:00, Data: 2000-01-01T00:00:00,3.72,25555,2496.00,2517.00,2508.50,-12.71,77.11,-14.58,887.48
2000-01-01T00:00:00, Add row to /TRACKING.csv
2000-01-01T00:00:00, Number of rows in /TRACKING.csv: 3
2000-01-01T00:00:00, Done loop ...
2000-01-01T00:00:00, ... powering down.
2000-01-01T00:00:00, RTC Initialization Failed - Using Default Time
2000-01-01T00:00:00, Setup Complete
2000-01-01T00:00:00, Data: 2000-01-01T00:00:00,3.72,25555,2502.00,2514.00,2507.50,-12.99,77.01,-14.70,887.63
2000-01-01T00:00:00, Add row to /TRACKING.csv
2000-01-01T00:00:00, Number of rows in /TRACKING.csv: 4
2000-01-01T00:00:00, Number of rows in /TRACKING.csv is >= 4
2000-01-01T00:00:00, Remove tracking
2000-01-01T00:00:00, Write to /TRANSMIT.csv: 2000-01-01T00:00:00,3.72,2502.00,-13.0,77
2000-01-01T00:00:00, Number of rows in /TRANSMIT.csv: 1
2000-01-01T00:00:00, Current hour = 0, Transmission hour = 0
2000-01-01T00:00:00, 0100004250-13077
2000-01-01T00:00:00,  - attempt to send message: 0100004250-13077
2000-01-01T00:00:00,  - Modem begin successful
2000-01-01T00:00:00,  - Sending...
2000-01-01T00:00:00,  - Send response: 
2000-01-01T00:00:00,   - Sync clocks... 
2000-01-01T00:00:00,  - Arduino Old Time: 2000-00-20T00:84:03
2000-01-01T00:00:00,  - Failed to set valid RTC time
2000-01-01T00:00:00, Message sent! Removing /TRANSMIT.csv
2000-01-01T00:00:00, Done loop ...
2000-01-01T00:00:00, ... powering down.
2000-01-01T00:00:00, RTC Initialization Failed - Using Default Time
2000-01-01T00:00:00, Setup Complete
2000-01-01T00:00:00, Data: 2000-01-01T00:00:00,3.72,25555,2503.00,2548.00,2528.00,-13.19,77.50,-14.79,887.67
2000-01-01T00:00:00, Add row to /TRACKING.csv
2000-01-01T00:00:00, Number of rows in /TRACKING.csv: 1
2000-01-01T00:00:00, Done loop ...
2000-01-01T00:00:00, ... powering down.
2000-01-01T00:00:00, RTC Initialization Failed - Using Default Time
2000-01-01T00:00:00, Setup Complete
2000-01-01T00:00:00, Data: 2000-01-01T00:00:00,3.72,25555,2514.00,2525.00,2516.00,-13.12,78.15,-14.89,887.68
2000-01-01T00:00:00, Add row to /TRACKING.csv
2000-01-01T00:00:00, Number of rows in /TRACKING.csv: 2
2000-01-01T00:00:00, Done loop ...
2000-01-01T00:00:00, ... powering down.
2000-01-01T00:00:00, RTC Initialization Failed - Using Default Time
2000-01-01T00:00:00, Setup Complete
2000-01-01T00:00:00, Data: 2000-01-01T00:00:00,3.72,25555,2503.00,2517.00,2511.50,-13.37,79.52,-15.10,887.74
2000-01-01T00:00:00, Add row to /TRACKING.csv
2000-01-01T00:00:00, Number of rows in /TRACKING.csv: 3
2000-01-01T00:00:00, Done loop ...
2000-01-01T00:00:00, ... powering down.
2000-01-01T00:00:00, RTC Initialization Failed - Using Default Time
2000-01-01T00:00:00, Setup Complete
2000-01-01T00:00:00, Data: 2000-01-01T00:00:00,3.71,25555,2507.00,2518.00,2515.00,-13.19,78.52,-15.08,887.91
2000-01-01T00:00:00, Add row to /TRACKING.csv
2000-01-01T00:00:00, Number of rows in /TRACKING.csv: 4
2000-01-01T00:00:00, Number of rows in /TRACKING.csv is >= 4
2000-01-01T00:00:00, Remove tracking
2000-01-01T00:00:00, Write to /TRANSMIT.csv: 2000-01-01T00:00:00,3.71,2507.00,-13.2,79
2000-01-01T00:00:00, Number of rows in /TRANSMIT.csv: 1
2000-01-01T00:00:00, Current hour = 0, Transmission hour = 0
2000-01-01T00:00:00, 0100004251-13279
2000-01-01T00:00:00,  - attempt to send message: 0100004251-13279
2000-01-01T00:00:00,  - Modem begin successful
2000-01-01T00:00:00,  - Sending...
2000-01-01T00:00:00,  - Send response: 
2000-01-01T00:00:00,   - Sync clocks... 
2000-01-01T00:00:00,  - Arduino Old Time: 2000-00-20T00:84:03
2000-01-01T00:00:00,  - Failed to set valid RTC time
2000-01-01T00:00:00, Message sent! Removing /TRANSMIT.csv
2000-01-01T00:00:00, Done loop ...
2000-01-01T00:00:00, ... powering down.
2000-01-01T00:00:00, RTC Initialization Failed - Using Default Time
2000-01-01T00:00:00, Setup Complete
2000-01-01T00:00:00, Data: 2000-01-01T00:00:00,3.71,25555,2495.00,2513.00,2501.50,-12.74,76.85,-14.92,888.01
2000-01-01T00:00:00, Add row to /TRACKING.csv
2000-01-01T00:00:00, Number of rows in /TRACKING.csv: 1
2000-01-01T00:00:00, Done loop ...
2000-01-01T00:00:00, ... powering down.
2000-01-01T00:00:00, RTC Initialization Failed - Using Default Time
2000-01-01T00:00:00, Setup Complete
2000-01-01T00:00:00, Data: 2000-01-01T00:00:00,3.71,25555,2499.00,2522.00,2512.00,-13.12,76.43,-14.92,888.09
2000-01-01T00:00:00, Add row to /TRACKING.csv
2000-01-01T00:00:00, Number of rows in /TRACKING.csv: 2
2000-01-01T00:00:00, Done loop ...
2000-01-01T00:00:00, ... powering down.
2000-01-01T00:00:00, RTC Initialization Failed - Using Default Time
2000-01-01T00:00:00, Setup Complete
2000-01-01T00:00:00, Data: 2000-01-01T00:00:00,3.71,25555,2495.00,2517.00,2512.00,-13.23,76.53,-15.03,888.24
2000-01-01T00:00:00, Add row to /TRACKING.csv
2000-01-01T00:00:00, Number of rows in /TRACKING.csv: 3
2000-01-01T00:00:00, Done loop ...
2000-01-01T00:00:00, ... powering down.
2000-01-01T00:00:00, RTC Initialization Failed - Using Default Time
2000-01-01T00:00:00, Setup Complete
2000-01-01T00:00:00, Data: 2000-01-01T00:00:00,3.71,25555,2505.00,2520.00,2511.00,-13.33,76.86,-15.09,888.30
2000-01-01T00:00:00, Add row to /TRACKING.csv
2000-01-01T00:00:00, Number of rows in /TRACKING.csv: 4
2000-01-01T00:00:00, Number of rows in /TRACKING.csv is >= 4
2000-01-01T00:00:00, Remove tracking
2000-01-01T00:00:00, Write to /TRANSMIT.csv: 2000-01-01T00:00:00,3.71,2505.00,-13.3,77
2000-01-01T00:00:00, Number of rows in /TRANSMIT.csv: 1
2000-01-01T00:00:00, Current hour = 0, Transmission hour = 0
2000-01-01T00:00:00, 0100004251-13377
2000-01-01T00:00:00,  - attempt to send message: 0100004251-13377
2000-01-01T00:00:00,  - Modem begin successful
2000-01-01T00:00:00,  - Sending...
2000-01-01T00:00:00,  - Send response: 
2000-01-01T00:00:00,   - Sync clocks... 
2000-01-01T00:00:00,  - Arduino Old Time: 2000-00-20T00:84:03
2000-01-01T00:00:00,  - Failed to set valid RTC time
2000-01-01T00:00:00, Message sent! Removing /TRANSMIT.csv
2000-01-01T00:00:00, Done loop ...
2000-01-01T00:00:00, ... powering down.
2000-01-01T00:00:00, RTC Initialization Failed - Using Default Time
2000-01-01T00:00:00, Setup Complete
2000-01-01T00:00:00, Data: 2000-01-01T00:00:00,3.71,25555,2492.00,2520.00,2506.00,-13.29,76.59,-15.09,888.40
2000-01-01T00:00:00, Add row to /TRACKING.csv
2000-01-01T00:00:00, Number of rows in /TRACKING.csv: 1
2000-01-01T00:00:00, Done loop ...
2000-01-01T00:00:00, ... powering down.
2000-01-01T00:00:00, RTC Initialization Failed - Using Default Time
2000-01-01T00:00:00, Setup Complete
2000-01-01T00:00:00, Data: 2000-01-01T00:00:00,3.72,25555,2506.00,2513.00,2510.00,-13.36,77.75,-15.17,888.45
2000-01-01T00:00:00, Add row to /TRACKING.csv
2000-01-01T00:00:00, Number of rows in /TRACKING.csv: 2
2000-01-01T00:00:00, Done loop ...
2000-01-01T00:00:00, ... powering down.
2000-01-01T00:00:00, RTC Initialization Failed - Using Default Time
2000-01-01T00:00:00, Setup Complete
2000-01-01T00:00:00, Data: 2000-01-01T00:00:00,3.71,25555,2502.00,2519.00,2510.50,-13.23,77.09,-15.17,888.48
2000-01-01T00:00:00, Add row to /TRACKING.csv
2000-01-01T00:00:00, Number of rows in /TRACKING.csv: 3
2000-01-01T00:00:00, Done loop ...
2000-01-01T00:00:00, ... powering down.
2000-01-01T00:00:00, RTC Initialization Failed - Using Default Time
2000-01-01T00:00:00, Setup Complete
2000-01-01T00:00:00, Data: 2000-01-01T00:00:00,3.71,25555,2502.00,2518.00,2510.00,-13.22,77.49,-15.16,888.52
2000-01-01T00:00:00, Add row to /TRACKING.csv
2000-01-01T00:00:00, Number of rows in /TRACKING.csv: 4
2000-01-01T00:00:00, Number of rows in /TRACKING.csv is >= 4
2000-01-01T00:00:00, Remove tracking
2000-01-01T00:00:00, Write to /TRANSMIT.csv: 2000-01-01T00:00:00,3.71,2502.00,-13.2,77
2000-01-01T00:00:00, Number of rows in /TRANSMIT.csv: 1
2000-01-01T00:00:00, Current hour = 0, Transmission hour = 0
2000-01-01T00:00:00, 0100004250-13277
2000-01-01T00:00:00,  - attempt to send message: 0100004250-13277
2000-01-01T00:00:00,  - Modem begin successful
2000-01-01T00:00:00,  - Sending...
2000-01-01T00:00:00,  - Send response: 
2000-01-01T00:00:00,   - Sync clocks... 
2000-01-01T00:00:00,  - Arduino Old Time: 2000-00-20T00:84:03
2000-01-01T00:00:00,  - Failed to set valid RTC time
2000-01-01T00:00:00, Message sent! Removing /TRANSMIT.csv
2000-01-01T00:00:00, Done loop ...
2000-01-01T00:00:00, ... powering down.
2000-01-01T00:00:00, RTC Initialization Failed - Using Default Time
2000-01-01T00:00:00, Setup Complete
2000-01-01T00:00:00, Data: 2000-01-01T00:00:00,3.71,25555,2505.00,2521.00,2513.00,-13.18,76.97,-15.09,888.57
2000-01-01T00:00:00, Add row to /TRACKING.csv
2000-01-01T00:00:00, Number of rows in /TRACKING.csv: 1
2000-01-01T00:00:00, Done loop ...
2000-01-01T00:00:00, ... powering down.
2000-01-01T00:00:00, RTC Initialization Failed - Using Default Time
2000-01-01T00:00:00, Setup Complete
2000-01-01T00:00:00, Data: 2000-01-01T00:00:00,3.71,25555,2510.00,2524.00,2515.50,-13.16,76.75,-15.08,888.67
2000-01-01T00:00:00, Add row to /TRACKING.csv
2000-01-01T00:00:00, Number of rows in /TRACKING.csv: 2
2000-01-01T00:00:00, Done loop ...
2000-01-01T00:00:00, ... powering down.
2000-01-01T00:00:00, RTC Initialization Failed - Using Default Time
2000-01-01T00:00:00, Setup Complete
2000-01-01T00:00:00, Data: 2000-01-01T00:00:00,3.71,25555,2501.00,2522.00,2510.00,-13.47,78.44,-15.12,888.83
2000-01-01T00:00:00, Add row to /TRACKING.csv
2000-01-01T00:00:00, Number of rows in /TRACKING.csv: 3
2000-01-01T00:00:00, Done loop ...
2000-01-01T00:00:00, ... powering down.
2000-01-01T00:00:00, RTC Initialization Failed - Using Default Time
2000-01-01T00:00:00, Setup Complete
2000-01-01T00:00:00, Data: 2000-01-01T00:00:00,3.71,25555,2494.00,2524.00,2513.00,-13.16,76.99,-15.12,888.96
2000-01-01T00:00:00, Add row to /TRACKING.csv
2000-01-01T00:00:00, Number of rows in /TRACKING.csv: 4
2000-01-01T00:00:00, Number of rows in /TRACKING.csv is >= 4
2000-01-01T00:00:00, Remove tracking
2000-01-01T00:00:00, Write to /TRANSMIT.csv: 2000-01-01T00:00:00,3.71,2494.00,-13.2,77
2000-01-01T00:00:00, Number of rows in /TRANSMIT.csv: 1
2000-01-01T00:00:00, Current hour = 0, Transmission hour = 0
2000-01-01T00:00:00, 0100004249-13277
2000-01-01T00:00:00,  - attempt to send message: 0100004249-13277
2000-01-01T00:00:00,  - Modem begin successful
2000-01-01T00:00:00,  - Sending...
2000-01-01T00:00:00,  - Send response: 
2000-01-01T00:00:00,   - Sync clocks... 
2000-01-01T00:00:00,  - Arduino Old Time: 2000-00-20T00:84:03
2000-01-01T00:00:00,  - Failed to set valid RTC time
2000-01-01T00:00:00, Message sent! Removing /TRANSMIT.csv
2000-01-01T00:00:00, Done loop ...
2000-01-01T00:00:00, ... powering down.
2000-01-01T00:00:00, RTC Initialization Failed - Using Default Time
2000-01-01T00:00:00, Setup Complete
2000-01-01T00:00:00, Data: 2000-01-01T00:00:00,3.71,25555,2492.00,2516.00,2510.00,-13.37,77.76,-15.12,889.06
2000-01-01T00:00:00, Add row to /TRACKING.csv
2000-01-01T00:00:00, Number of rows in /TRACKING.csv: 1
2000-01-01T00:00:00, Done loop ...
2000-01-01T00:00:00, ... powering down.
2000-01-01T00:00:00, RTC Initialization Failed - Using Default Time
2000-01-01T00:00:00, Setup Complete
2000-01-01T00:00:00, Data: 2000-01-01T00:00:00,3.72,25555,2510.00,2521.00,2516.50,-13.08,76.41,-14.83,889.30
2000-01-01T00:00:00, Add row to /TRACKING.csv
2000-01-01T00:00:00, Number of rows in /TRACKING.csv: 2
2000-01-01T00:00:00, Done loop ...
2000-01-01T00:00:00, ... powering down.
2000-01-01T00:00:00, RTC Initialization Failed - Using Default Time
2000-01-01T00:00:00, Setup Complete
2000-01-01T00:00:00, Data: 2000-01-01T00:00:00,3.73,25555,2506.00,2521.00,2514.00,-12.71,76.37,-14.46,889.65
2000-01-01T00:00:00, Add row to /TRACKING.csv
2000-01-01T00:00:00, Number of rows in /TRACKING.csv: 3
2000-01-01T00:00:00, Done loop ...
2000-01-01T00:00:00, ... powering down.
2000-01-01T00:00:00, RTC Initialization Failed - Using Default Time
2000-01-01T00:00:00, Setup Complete
2000-01-01T00:00:00, Data: 2000-01-01T00:00:00,4.00,25555,2512.00,2540.00,2527.00,-8.68,62.05,-8.62,889.93
2000-01-01T00:00:00, Add row to /TRACKING.csv
2000-01-01T00:00:00, Number of rows in /TRACKING.csv: 4
2000-01-01T00:00:00, Number of rows in /TRACKING.csv is >= 4
2000-01-01T00:00:00, Remove tracking
2000-01-01T00:00:00, Write to /TRANSMIT.csv: 2000-01-01T00:00:00,4.00,2512.00,-8.7,62
2000-01-01T00:00:00, Number of rows in /TRANSMIT.csv: 1
2000-01-01T00:00:00, Current hour = 0, Transmission hour = 0
2000-01-01T00:00:00, 0100007251-08762
2000-01-01T00:00:00,  - attempt to send message: 0100007251-08762
2000-01-01T00:00:00,  - Modem begin successful
2000-01-01T00:00:00,  - Sending...
2000-01-01T00:00:00,  - Send response: 
2000-01-01T00:00:00,   - Sync clocks... 
2000-01-01T00:00:00,  - Arduino Old Time: 2000-00-20T00:84:03
2000-01-01T00:00:00,  - Failed to set valid RTC time
2000-01-01T00:00:00, Message sent! Removing /TRANSMIT.csv
2000-01-01T00:00:00, Done loop ...
2000-01-01T00:00:00, ... powering down.
2000-01-01T00:00:00, RTC Initialization Failed - Using Default Time
2000-01-01T00:00:00, Setup Complete
2000-01-01T00:00:00, Data: 2000-01-01T00:00:00,4.00,25555,2536.00,2561.00,2548.50,-6.12,51.31,-3.72,889.84
2000-01-01T00:00:00, Add row to /TRACKING.csv
2000-01-01T00:00:00, Number of rows in /TRACKING.csv: 1
2000-01-01T00:00:00, Done loop ...
2000-01-01T00:00:00, ... powering down.
2000-01-01T00:00:00, RTC Initialization Failed - Using Default Time
2000-01-01T00:00:00, Setup Complete
2000-01-01T00:00:00, Data: 2000-01-01T00:00:00,4.00,25555,2550.00,2585.00,2578.50,-4.05,44.99,-1.92,889.72
2000-01-01T00:00:00, Add row to /TRACKING.csv
2000-01-01T00:00:00, Number of rows in /TRACKING.csv: 2
2000-01-01T00:00:00, Done loop ...
2000-01-01T00:00:00, ... powering down.
2000-01-01T00:00:00, RTC Initialization Failed - Using Default Time
2000-01-01T00:00:00, Setup Complete
2000-01-01T00:00:00, Data: 2000-01-01T00:00:00,4.00,25555,2571.00,2611.00,2583.50,-7.19,53.06,0.39,889.63
2000-01-01T00:00:00, Add row to /TRACKING.csv
2000-01-01T00:00:00, Number of rows in /TRACKING.csv: 3
2000-01-01T00:00:00, Done loop ...
2000-01-01T00:00:00, ... powering down.
2000-01-01T00:00:00, RTC Initialization Failed - Using Default Time
2000-01-01T00:00:00, Setup Complete
2000-01-01T00:00:00, Data: 2000-01-01T00:00:00,4.00,25555,2546.00,2561.00,2551.50,-9.00,60.04,-1.99,890.24
2000-01-01T00:00:00, Add row to /TRACKING.csv
2000-01-01T00:00:00, Number of rows in /TRACKING.csv: 4
2000-01-01T00:00:00, Number of rows in /TRACKING.csv is >= 4
2000-01-01T00:00:00, Remove tracking
2000-01-01T00:00:00, Write to /TRANSMIT.csv: 2000-01-01T00:00:00,4.00,2546.00,-9.0,60
2000-01-01T00:00:00, Number of rows in /TRANSMIT.csv: 1
2000-01-01T00:00:00, Current hour = 0, Transmission hour = 0
2000-01-01T00:00:00, 0100007255-09060
2000-01-01T00:00:00,  - attempt to send message: 0100007255-09060
2000-01-01T00:00:00,  - Modem begin successful
2000-01-01T00:00:00,  - Sending...
2000-01-01T00:00:00,  - Send response: 
2000-01-01T00:00:00,   - Sync clocks... 
2000-01-01T00:00:00,  - Arduino Old Time: 2000-00-20T00:84:03
2000-01-01T00:00:00,  - Failed to set valid RTC time
2000-01-01T00:00:00, Message sent! Removing /TRANSMIT.csv
2000-01-01T00:00:00, Done loop ...
2000-01-01T00:00:00, ... powering down.
2000-01-01T00:00:00, RTC Initialization Failed - Using Default Time
2000-01-01T00:00:00, Setup Complete
2000-01-01T00:00:00, Data: 2000-01-01T00:00:00,3.97,25555,2538.00,2570.00,2556.00,-8.17,56.48,-2.62,890.01
2000-01-01T00:00:00, Add row to /TRACKING.csv
2000-01-01T00:00:00, Number of rows in /TRACKING.csv: 1
2000-01-01T00:00:00, Done loop ...
2000-01-01T00:00:00, ... powering down.
2000-01-01T00:00:00, RTC Initialization Failed - Using Default Time
2000-01-01T00:00:00, Setup Complete
2000-01-01T00:00:00, Data: 2000-01-01T00:00:00,4.00,25555,2535.00,2550.00,2544.00,-8.77,59.33,-4.07,890.66
2000-01-01T00:00:00, Add row to /TRACKING.csv
2000-01-01T00:00:00, Number of rows in /TRACKING.csv: 2
2000-01-01T00:00:00, Done loop ...
2000-01-01T00:00:00, ... powering down.
2000-01-01T00:00:00, RTC Initialization Failed - Using Default Time
2000-01-01T00:00:00, Setup Complete
2000-01-01T00:00:00, Data: 2000-01-01T00:00:00,4.00,25555,2571.00,2584.00,2578.00,-4.01,45.29,-0.75,890.70
2000-01-01T00:00:00, Add row to /TRACKING.csv
2000-01-01T00:00:00, Number of rows in /TRACKING.csv: 3
2000-01-01T00:00:00, Done loop ...
2000-01-01T00:00:00, ... powering down.
2000-01-01T00:00:00, RTC Initialization Failed - Using Default Time
2000-01-01T00:00:00, Setup Complete
2000-01-01T00:00:00, Data: 2000-01-01T00:00:00,4.00,25555,2602.00,2614.00,2611.00,-4.12,45.11,1.54,890.74
2000-01-01T00:00:00, Add row to /TRACKING.csv
2000-01-01T00:00:00, Number of rows in /TRACKING.csv: 4
2000-01-01T00:00:00, Number of rows in /TRACKING.csv is >= 4
2000-01-01T00:00:00, Remove tracking
2000-01-01T00:00:00, Write to /TRANSMIT.csv: 2000-01-01T00:00:00,4.00,2602.00,-4.1,45
2000-01-01T00:00:00, Number of rows in /TRANSMIT.csv: 1
2000-01-01T00:00:00, Current hour = 0, Transmission hour = 0
2000-01-01T00:00:00, 0100007260-04145
2000-01-01T00:00:00,  - attempt to send message: 0100007260-04145
2000-01-01T00:00:00,  - Modem begin successful
2000-01-01T00:00:00,  - Sending...
2000-01-01T00:00:00,  - Send response: 
2000-01-01T00:00:00,   - Sync clocks... 
2000-01-01T00:00:00,  - Arduino Old Time: 2000-00-20T00:84:03
2000-01-01T00:00:00,  - Failed to set valid RTC time
2000-01-01T00:00:00, Message sent! Removing /TRANSMIT.csv
2000-01-01T00:00:00, Done loop ...
2000-01-01T00:00:00, ... powering down.
2000-01-01T00:00:00, RTC Initialization Failed - Using Default Time
2000-01-01T00:00:00, Setup Complete
2000-01-01T00:00:00, Data: 2000-01-01T00:00:00,4.01,25555,2596.00,2610.00,2607.00,-5.39,49.40,3.19,890.70
2000-01-01T00:00:00, Add row to /TRACKING.csv
2000-01-01T00:00:00, Number of rows in /TRACKING.csv: 1
2000-01-01T00:00:00, Done loop ...
2000-01-01T00:00:00, ... powering down.
2000-01-01T00:00:00, RTC Initialization Failed - Using Default Time
2000-01-01T00:00:00, Setup Complete
2000-01-01T00:00:00, Data: 2000-01-01T00:00:00,4.00,25555,2596.00,2613.00,2603.00,-6.73,54.75,4.33,890.85
2000-01-01T00:00:00, Add row to /TRACKING.csv
2000-01-01T00:00:00, Number of rows in /TRACKING.csv: 2
2000-01-01T00:00:00, Done loop ...
2000-01-01T00:00:00, ... powering down.
2000-01-01T00:00:00, RTC Initialization Failed - Using Default Time
2000-01-01T00:00:00, Setup Complete
2000-01-01T00:00:00, Data: 2000-01-01T00:00:00,4.00,25555,2567.00,2601.00,2588.50,-7.07,60.61,5.12,890.97
2000-01-01T00:00:00, Add row to /TRACKING.csv
2000-01-01T00:00:00, Number of rows in /TRACKING.csv: 3
2000-01-01T00:00:00, Done loop ...
2000-01-01T00:00:00, ... powering down.
2000-01-01T00:00:00, RTC Initialization Failed - Using Default Time
2000-01-01T00:00:00, Setup Complete
2000-01-01T00:00:00, Data: 2000-01-01T00:00:00,4.00,25555,2552.00,2638.00,2584.00,-7.05,59.05,5.40,890.92
2000-01-01T00:00:00, Add row to /TRACKING.csv
2000-01-01T00:00:00, Number of rows in /TRACKING.csv: 4
2000-01-01T00:00:00, Number of rows in /TRACKING.csv is >= 4
2000-01-01T00:00:00, Remove tracking
2000-01-01T00:00:00, Write to /TRANSMIT.csv: 2000-01-01T00:00:00,4.00,2552.00,-7.1,59
2000-01-01T00:00:00, Number of rows in /TRANSMIT.csv: 1
2000-01-01T00:00:00, Current hour = 0, Transmission hour = 0
2000-01-01T00:00:00, 0100007255-07159
2000-01-01T00:00:00,  - attempt to send message: 0100007255-07159
2000-01-01T00:00:00,  - Modem begin successful
2000-01-01T00:00:00,  - Sending...
2000-01-01T00:00:00,  - Send response: 
2000-01-01T00:00:00,   - Sync clocks... 
2000-01-01T00:00:00,  - Arduino Old Time: 2000-00-20T00:84:03
2000-01-01T00:00:00,  - Failed to set valid RTC time
2000-01-01T00:00:00, Message sent! Removing /TRANSMIT.csv
2000-01-01T00:00:00, Done loop ...
2000-01-01T00:00:00, ... powering down.
2000-01-01T00:00:00, RTC Initialization Failed - Using Default Time
2000-01-01T00:00:00, Setup Complete
2000-01-01T00:00:00, Data: 2000-01-01T00:00:00,4.00,25555,2585.00,2617.00,2612.00,-6.12,59.00,5.57,891.06
2000-01-01T00:00:00, Add row to /TRACKING.csv
2000-01-01T00:00:00, Number of rows in /TRACKING.csv: 1
2000-01-01T00:00:00, Done loop ...
2000-01-01T00:00:00, ... powering down.
2000-01-01T00:00:00, RTC Initialization Failed - Using Default Time
2000-01-01T00:00:00, Setup Complete
2000-01-01T00:00:00, Data: 2000-01-01T00:00:00,4.00,25555,2601.00,2609.00,2606.00,-6.35,60.35,5.22,891.05
2000-01-01T00:00:00, Add row to /TRACKING.csv
2000-01-01T00:00:00, Number of rows in /TRACKING.csv: 2
2000-01-01T00:00:00, Done loop ...
2000-01-01T00:00:00, ... powering down.
2000-01-01T00:00:00, RTC Initialization Failed - Using Default Time
2000-01-01T00:00:00, Setup Complete
2000-01-01T00:00:00, Data: 2000-01-01T00:00:00,4.00,25555,2589.00,2600.00,2596.50,-6.28,60.28,5.75,891.06
2000-01-01T00:00:00, Add row to /TRACKING.csv
2000-01-01T00:00:00, Number of rows in /TRACKING.csv: 3
2000-01-01T00:00:00, Done loop ...
2000-01-01T00:00:00, ... powering down.
2000-01-01T00:00:00, RTC Initialization Failed - Using Default Time
2000-01-01T00:00:00, Setup Complete
2000-01-01T00:00:00, Data: 2000-01-01T00:00:00,4.00,25555,2571.00,2621.00,2580.50,-5.60,57.30,6.24,891.08
2000-01-01T00:00:00, Add row to /TRACKING.csv
2000-01-01T00:00:00, Number of rows in /TRACKING.csv: 4
2000-01-01T00:00:00, Number of rows in /TRACKING.csv is >= 4
2000-01-01T00:00:00, Remove tracking
2000-01-01T00:00:00, Write to /TRANSMIT.csv: 2000-01-01T00:00:00,4.00,2571.00,-5.6,57
2000-01-01T00:00:00, Number of rows in /TRANSMIT.csv: 1
2000-01-01T00:00:00, Current hour = 0, Transmission hour = 0
2000-01-01T00:00:00, 0100007257-05657
2000-01-01T00:00:00,  - attempt to send message: 0100007257-05657
2000-01-01T00:00:00,  - Modem begin successful
2000-01-01T00:00:00,  - Sending...
2000-01-01T00:00:00,  - Send response: 
2000-01-01T00:00:00,   - Sync clocks... 
2000-01-01T00:00:00,  - Arduino Old Time: 2000-00-20T00:84:03
2000-01-01T00:00:00,  - Failed to set valid RTC time
2000-01-01T00:00:00, Message sent! Removing /TRANSMIT.csv
2000-01-01T00:00:00, Done loop ...
2000-01-01T00:00:00, ... powering down.
2000-01-01T00:00:00, RTC Initialization Failed - Using Default Time
2000-01-01T00:00:00, Setup Complete
2000-01-01T00:00:00, Data: 2000-01-01T00:00:00,4.01,25555,2558.00,2610.00,2587.00,-6.17,59.01,6.30,891.08
2000-01-01T00:00:00, Add row to /TRACKING.csv
2000-01-01T00:00:00, Number of rows in /TRACKING.csv: 1
2000-01-01T00:00:00, Done loop ...
2000-01-01T00:00:00, ... powering down.
2000-01-01T00:00:00, RTC Initialization Failed - Using Default Time
2000-01-01T00:00:00, Setup Complete
2000-01-01T00:00:00, Data: 2000-01-01T00:00:00,4.00,25555,2547.00,2586.00,2578.50,-4.90,53.83,6.37,891.09
2000-01-01T00:00:00, Add row to /TRACKING.csv
2000-01-01T00:00:00, Number of rows in /TRACKING.csv: 2
2000-01-01T00:00:00, Done loop ...
2000-01-01T00:00:00, ... powering down.
2000-01-01T00:00:00, RTC Initialization Failed - Using Default Time
2000-01-01T00:00:00, Setup Complete
2000-01-01T00:00:00, Data: 2000-01-01T00:00:00,4.00,25555,2543.00,2590.00,2583.50,-4.33,50.99,6.62,890.78
2000-01-01T00:00:00, Add row to /TRACKING.csv
2000-01-01T00:00:00, Number of rows in /TRACKING.csv: 3
2000-01-01T00:00:00, Done loop ...
2000-01-01T00:00:00, ... powering down.
2000-01-01T00:00:00, RTC Initialization Failed - Using Default Time
2000-01-01T00:00:00, Setup Complete
2000-01-01T00:00:00, Data: 2000-01-01T00:00:00,4.00,25555,2565.00,2597.00,2584.00,-2.56,50.88,7.08,891.16
2000-01-01T00:00:00, Add row to /TRACKING.csv
2000-01-01T00:00:00, Number of rows in /TRACKING.csv: 4
2000-01-01T00:00:00, Number of rows in /TRACKING.csv is >= 4
2000-01-01T00:00:00, Remove tracking
2000-01-01T00:00:00, Write to /TRANSMIT.csv: 2000-01-01T00:00:00,4.00,2565.00,-2.6,51
2000-01-01T00:00:00, Number of rows in /TRANSMIT.csv: 1
2000-01-01T00:00:00, Current hour = 0, Transmission hour = 0
2000-01-01T00:00:00, 0100007257-02651
2000-01-01T00:00:00,  - attempt to send message: 0100007257-02651
2000-01-01T00:00:00,  - Modem begin successful
2000-01-01T00:00:00,  - Sending...
2000-01-01T00:00:00,  - Send response: 
2000-01-01T00:00:00,   - Sync clocks... 
2000-01-01T00:00:00,  - Arduino Old Time: 2000-00-20T00:84:03
2000-01-01T00:00:00,  - Failed to set valid RTC time
2000-01-01T00:00:00, Message sent! Removing /TRANSMIT.csv
2000-01-01T00:00:00, Done loop ...
2000-01-01T00:00:00, ... powering down.
2000-01-01T00:00:00, RTC Initialization Failed - Using Default Time
2000-01-01T00:00:00, Setup Complete
2000-01-01T00:00:00, Data: 2000-01-01T00:00:00,4.00,25555,2530.00,2587.00,2559.00,-2.28,50.60,6.97,891.19
2000-01-01T00:00:00, Add row to /TRACKING.csv
2000-01-01T00:00:00, Number of rows in /TRACKING.csv: 1
2000-01-01T00:00:00, Done loop ...
2000-01-01T00:00:00, ... powering down.
2000-01-01T00:00:00, RTC Initialization Failed - Using Default Time
2000-01-01T00:00:00, Setup Complete
2000-01-01T00:00:00, Data: 2000-01-01T00:00:00,4.00,25555,2542.00,2562.00,2553.00,-3.32,52.35,6.88,891.37
2000-01-01T00:00:00, Add row to /TRACKING.csv
2000-01-01T00:00:00, Number of rows in /TRACKING.csv: 2
2000-01-01T00:00:00, Done loop ...
2000-01-01T00:00:00, ... powering down.
2000-01-01T00:00:00, RTC Initialization Failed - Using Default Time
2000-01-01T00:00:00, Setup Complete
2000-01-01T00:00:00, Data: 2000-01-01T00:00:00,3.89,25555,2529.00,2544.00,2539.00,-4.84,54.02,3.80,891.11
2000-01-01T00:00:00, Add row to /TRACKING.csv
2000-01-01T00:00:00, Number of rows in /TRACKING.csv: 3
2000-01-01T00:00:00, Done loop ...
2000-01-01T00:00:00, ... powering down.
2000-01-01T00:00:00, RTC Initialization Failed - Using Default Time
2000-01-01T00:00:00, Setup Complete
2000-01-01T00:00:00, Data: 2000-01-01T00:00:00,3.85,25555,2518.00,2530.00,2524.00,-8.05,65.07,-1.49,891.58
2000-01-01T00:00:00, Add row to /TRACKING.csv
2000-01-01T00:00:00, Number of rows in /TRACKING.csv: 4
2000-01-01T00:00:00, Number of rows in /TRACKING.csv is >= 4
2000-01-01T00:00:00, Remove tracking
2000-01-01T00:00:00, Write to /TRANSMIT.csv: 2000-01-01T00:00:00,3.85,2518.00,-8.1,65
2000-01-01T00:00:00, Number of rows in /TRANSMIT.csv: 1
2000-01-01T00:00:00, Current hour = 0, Transmission hour = 0
2000-01-01T00:00:00, 0100005252-08165
2000-01-01T00:00:00,  - attempt to send message: 0100005252-08165
2000-01-01T00:00:00,  - Modem begin successful
2000-01-01T00:00:00,  - Sending...
2000-01-01T00:00:00,  - Send response: 
2000-01-01T00:00:00,   - Sync clocks... 
2000-01-01T00:00:00,  - Arduino Old Time: 2000-00-20T00:84:03
2000-01-01T00:00:00,  - Failed to set valid RTC time
2000-01-01T00:00:00, Message sent! Removing /TRANSMIT.csv
2000-01-01T00:00:00, Done loop ...
2000-01-01T00:00:00, ... powering down.
2000-01-01T00:00:00, RTC Initialization Failed - Using Default Time
2000-01-01T00:00:00, Setup Complete
2000-01-01T00:00:00, Data: 2000-01-01T00:00:00,3.89,25555,2516.00,2534.00,2525.50,-6.43,60.52,-1.29,891.85
2000-01-01T00:00:00, Add row to /TRACKING.csv
2000-01-01T00:00:00, Number of rows in /TRACKING.csv: 1
2000-01-01T00:00:00, Done loop ...
2000-01-01T00:00:00, ... powering down.
2000-01-01T00:00:00, RTC Initialization Failed - Using Default Time
2000-01-01T00:00:00, Setup Complete
2000-01-01T00:00:00, Data: 2000-01-01T00:00:00,3.87,25555,2525.00,2542.00,2536.00,-5.52,55.68,-0.52,891.76
2000-01-01T00:00:00, Add row to /TRACKING.csv
2000-01-01T00:00:00, Number of rows in /TRACKING.csv: 2
2000-01-01T00:00:00, Done loop ...
2000-01-01T00:00:00, ... powering down.
2000-01-01T00:00:00, RTC Initialization Failed - Using Default Time
2000-01-01T00:00:00, Setup Complete
2000-01-01T00:00:00, Data: 2000-01-01T00:00:00,3.78,25555,2521.00,2533.00,2524.50,-7.57,62.05,-3.54,891.75
2000-01-01T00:00:00, Add row to /TRACKING.csv
2000-01-01T00:00:00, Number of rows in /TRACKING.csv: 3
2000-01-01T00:00:00, Done loop ...
2000-01-01T00:00:00, ... powering down.
2000-01-01T00:00:00, RTC Initialization Failed - Using Default Time
2000-01-01T00:00:00, Setup Complete
2000-01-01T00:00:00, Data: 2000-01-01T00:00:00,3.77,25555,2515.00,2532.00,2520.00,-6.88,60.52,-4.80,891.80
2000-01-01T00:00:00, Add row to /TRACKING.csv
2000-01-01T00:00:00, Number of rows in /TRACKING.csv: 4
2000-01-01T00:00:00, Number of rows in /TRACKING.csv is >= 4
2000-01-01T00:00:00, Remove tracking
2000-01-01T00:00:00, Write to /TRANSMIT.csv: 2000-01-01T00:00:00,3.77,2515.00,-6.9,61
2000-01-01T00:00:00, Number of rows in /TRANSMIT.csv: 1
2000-01-01T00:00:00, Current hour = 0, Transmission hour = 0
2000-01-01T00:00:00, 0100004252-06961
2000-01-01T00:00:00,  - attempt to send message: 0100004252-06961
2000-01-01T00:00:00,  - Modem begin successful
2000-01-01T00:00:00,  - Sending...
2000-01-01T00:00:00,  - Send response: 
2000-01-01T00:00:00,   - Sync clocks... 
2000-01-01T00:00:00,  - Arduino Old Time: 2000-00-20T00:84:03
2000-01-01T00:00:00,  - Failed to set valid RTC time
2000-01-01T00:00:00, Message sent! Removing /TRANSMIT.csv
2000-01-01T00:00:00, Done loop ...
2000-01-01T00:00:00, ... powering down.
2000-01-01T00:00:00, RTC Initialization Failed - Using Default Time
2000-01-01T00:00:00, Setup Complete
2000-01-01T00:00:00, Data: 2000-01-01T00:00:00,3.76,25555,2522.00,2532.00,2526.00,-6.60,59.29,-4.69,891.82
2000-01-01T00:00:00, Add row to /TRACKING.csv
2000-01-01T00:00:00, Number of rows in /TRACKING.csv: 1
2000-01-01T00:00:00, Done loop ...
2000-01-01T00:00:00, ... powering down.
2000-01-01T00:00:00, RTC Initialization Failed - Using Default Time
2000-01-01T00:00:00, Setup Complete
2000-01-01T00:00:00, Data: 2000-01-01T00:00:00,3.76,25555,2503.00,2522.00,2512.50,-9.18,69.15,-7.21,891.95
2000-01-01T00:00:00, Add row to /TRACKING.csv
2000-01-01T00:00:00, Number of rows in /TRACKING.csv: 2
2000-01-01T00:00:00, Done loop ...
2000-01-01T00:00:00, ... powering down.
2000-01-01T00:00:00, RTC Initialization Failed - Using Default Time
2000-01-01T00:00:00, Setup Complete
2000-01-01T00:00:00, Data: 2000-01-01T00:00:00,3.75,25555,2510.00,2518.00,2516.00,-9.90,73.28,-8.86,892.07
2000-01-01T00:00:00, Add row to /TRACKING.csv
2000-01-01T00:00:00, Number of rows in /TRACKING.csv: 3
2000-01-01T00:00:00, Done loop ...
2000-01-01T00:00:00, ... powering down.
2000-01-01T00:00:00, RTC Initialization Failed - Using Default Time
2000-01-01T00:00:00, Setup Complete
2000-01-01T00:00:00, Data: 2000-01-01T00:00:00,3.75,25555,2505.00,2522.00,2510.50,-10.36,75.19,-10.03,892.19
2000-01-01T00:00:00, Add row to /TRACKING.csv
2000-01-01T00:00:00, Number of rows in /TRACKING.csv: 4
2000-01-01T00:00:00, Number of rows in /TRACKING.csv is >= 4
2000-01-01T00:00:00, Remove tracking
2000-01-01T00:00:00, Write to /TRANSMIT.csv: 2000-01-01T00:00:00,3.75,2505.00,-10.4,75
2000-01-01T00:00:00, Number of rows in /TRANSMIT.csv: 1
2000-01-01T00:00:00, Current hour = 0, Transmission hour = 0
2000-01-01T00:00:00, 0100004251-10475
2000-01-01T00:00:00,  - attempt to send message: 0100004251-10475
2000-01-01T00:00:00,  - Modem begin successful
2000-01-01T00:00:00,  - Sending...
2000-01-01T00:00:00,  - Send response: 
2000-01-01T00:00:00,   - Sync clocks... 
2000-01-01T00:00:00,  - Arduino Old Time: 2000-00-20T00:84:03
2000-01-01T00:00:00,  - Failed to set valid RTC time
2000-01-01T00:00:00, Message sent! Removing /TRANSMIT.csv
2000-01-01T00:00:00, Done loop ...
2000-01-01T00:00:00, ... powering down.
2000-01-01T00:00:00, RTC Initialization Failed - Using Default Time
2000-01-01T00:00:00, Setup Complete
2000-01-01T00:00:00, Data: 2000-01-01T00:00:00,3.74,25555,2507.00,2514.00,2510.00,-10.60,74.87,-10.88,892.32
2000-01-01T00:00:00, Add row to /TRACKING.csv
2000-01-01T00:00:00, Number of rows in /TRACKING.csv: 1
2000-01-01T00:00:00, Done loop ...
2000-01-01T00:00:00, ... powering down.
2000-01-01T00:00:00, RTC Initialization Failed - Using Default Time
2000-01-01T00:00:00, Setup Complete
2000-01-01T00:00:00, Data: 2000-01-01T00:00:00,3.74,25555,2497.00,2515.00,2509.50,-10.70,77.07,-11.31,892.55
2000-01-01T00:00:00, Add row to /TRACKING.csv
2000-01-01T00:00:00, Number of rows in /TRACKING.csv: 2
2000-01-01T00:00:00, Done loop ...
2000-01-01T00:00:00, ... powering down.
2000-01-01T00:00:00, RTC Initialization Failed - Using Default Time
2000-01-01T00:00:00, Setup Complete
2000-01-01T00:00:00, Data: 2000-01-01T00:00:00,3.74,25555,2499.00,2518.00,2504.00,-10.58,76.81,-11.54,892.68
2000-01-01T00:00:00, Add row to /TRACKING.csv
2000-01-01T00:00:00, Number of rows in /TRACKING.csv: 3
2000-01-01T00:00:00, Done loop ...
2000-01-01T00:00:00, ... powering down.
2000-01-01T00:00:00, RTC Initialization Failed - Using Default Time
2000-01-01T00:00:00, Setup Complete
2000-01-01T00:00:00, Data: 2000-01-01T00:00:00,3.74,25555,2502.00,2513.00,2509.50,-10.60,76.72,-11.70,892.81
2000-01-01T00:00:00, Add row to /TRACKING.csv
2000-01-01T00:00:00, Number of rows in /TRACKING.csv: 4
2000-01-01T00:00:00, Number of rows in /TRACKING.csv is >= 4
2000-01-01T00:00:00, Remove tracking
2000-01-01T00:00:00, Write to /TRANSMIT.csv: 2000-01-01T00:00:00,3.74,2502.00,-10.6,77
2000-01-01T00:00:00, Number of rows in /TRANSMIT.csv: 1
2000-01-01T00:00:00, Current hour = 0, Transmission hour = 0
2000-01-01T00:00:00, 0100004250-10677
2000-01-01T00:00:00,  - attempt to send message: 0100004250-10677
2000-01-01T00:00:00,  - Modem begin successful
2000-01-01T00:00:00,  - Sending...
2000-01-01T00:00:00,  - Send response: 
2000-01-01T00:00:00,   - Sync clocks... 
2000-01-01T00:00:00,  - Arduino Old Time: 2000-00-20T00:84:03
2000-01-01T00:00:00,  - Failed to set valid RTC time
2000-01-01T00:00:00, Message sent! Removing /TRANSMIT.csv
2000-01-01T00:00:00, Done loop ...
2000-01-01T00:00:00, ... powering down.
2000-01-01T00:00:00, RTC Initialization Failed - Using Default Time
2000-01-01T00:00:00, Setup Complete
2000-01-01T00:00:00, Data: 2000-01-01T00:00:00,3.74,25555,2494.00,2518.00,2506.50,-10.67,76.27,-11.95,892.85
2000-01-01T00:00:00, Add row to /TRACKING.csv
2000-01-01T00:00:00, Number of rows in /TRACKING.csv: 1
2000-01-01T00:00:00, Done loop ...
2000-01-01T00:00:00, ... powering down.
2000-01-01T00:00:00, RTC Initialization Failed - Using Default Time
2000-01-01T00:00:00, Setup Complete
2000-01-01T00:00:00, Data: 2000-01-01T00:00:00,3.74,25555,2496.00,2519.00,2510.00,-10.77,75.79,-12.25,892.83
2000-01-01T00:00:00, Add row to /TRACKING.csv
2000-01-01T00:00:00, Number of rows in /TRACKING.csv: 2
2000-01-01T00:00:00, Done loop ...
2000-01-01T00:00:00, ... powering down.
2000-01-01T00:00:00, RTC Initialization Failed - Using Default Time
2000-01-01T00:00:00, Setup Complete
2000-01-01T00:00:00, Data: 2000-01-01T00:00:00,3.73,25555,2498.00,2526.00,2511.50,-10.56,75.77,-12.26,892.94
2000-01-01T00:00:00, Add row to /TRACKING.csv
2000-01-01T00:00:00, Number of rows in /TRACKING.csv: 3
2000-01-01T00:00:00, Done loop ...
2000-01-01T00:00:00, ... powering down.
2000-01-01T00:00:00, RTC Initialization Failed - Using Default Time
2000-01-01T00:00:00, Setup Complete
2000-01-01T00:00:00, Data: 2000-01-01T00:00:00,3.74,25555,2505.00,2519.00,2513.00,-10.75,76.80,-12.30,893.06
2000-01-01T00:00:00, Add row to /TRACKING.csv
2000-01-01T00:00:00, Number of rows in /TRACKING.csv: 4
2000-01-01T00:00:00, Number of rows in /TRACKING.csv is >= 4
2000-01-01T00:00:00, Remove tracking
2000-01-01T00:00:00, Write to /TRANSMIT.csv: 2000-01-01T00:00:00,3.74,2505.00,-10.8,77
2000-01-01T00:00:00, Number of rows in /TRANSMIT.csv: 1
2000-01-01T00:00:00, Current hour = 0, Transmission hour = 0
2000-01-01T00:00:00, 0100004251-10877
2000-01-01T00:00:00,  - attempt to send message: 0100004251-10877
2000-01-01T00:00:00,  - Modem begin successful
2000-01-01T00:00:00,  - Sending...
2000-01-01T00:00:00,  - Send response: 
2000-01-01T00:00:00,   - Sync clocks... 
2000-01-01T00:00:00,  - Arduino Old Time: 2000-00-20T00:84:03
2000-01-01T00:00:00,  - Failed to set valid RTC time
2000-01-01T00:00:00, Message sent! Removing /TRANSMIT.csv
2000-01-01T00:00:00, Done loop ...
2000-01-01T00:00:00, ... powering down.
2000-01-01T00:00:00, RTC Initialization Failed - Using Default Time
2000-01-01T00:00:00, Setup Complete
2000-01-01T00:00:00, Data: 2000-01-01T00:00:00,3.73,25555,2489.00,2520.00,2507.50,-10.53,72.56,-12.30,893.12
2000-01-01T00:00:00, Add row to /TRACKING.csv
2000-01-01T00:00:00, Number of rows in /TRACKING.csv: 1
2000-01-01T00:00:00, Done loop ...
2000-01-01T00:00:00, ... powering down.
2000-01-01T00:00:00, RTC Initialization Failed - Using Default Time
2000-01-01T00:00:00, Setup Complete
2000-01-01T00:00:00, Data: 2000-01-01T00:00:00,3.73,25555,2483.00,2514.00,2506.00,-10.45,70.86,-12.34,893.27
2000-01-01T00:00:00, Add row to /TRACKING.csv
2000-01-01T00:00:00, Number of rows in /TRACKING.csv: 2
2000-01-01T00:00:00, Done loop ...
2000-01-01T00:00:00, ... powering down.
2000-01-01T00:00:00, RTC Initialization Failed - Using Default Time
2000-01-01T00:00:00, Setup Complete
2000-01-01T00:00:00, Data: 2000-01-01T00:00:00,3.73,25555,2494.00,2510.00,2501.50,-10.56,73.36,-12.36,893.36
2000-01-01T00:00:00, Add row to /TRACKING.csv
2000-01-01T00:00:00, Number of rows in /TRACKING.csv: 3
2000-01-01T00:00:00, Done loop ...
2000-01-01T00:00:00, ... powering down.
2000-01-01T00:00:00, RTC Initialization Failed - Using Default Time
2000-01-01T00:00:00, Setup Complete
2000-01-01T00:00:00, Data: 2000-01-01T00:00:00,3.73,25555,2502.00,2512.00,2509.00,-10.68,73.19,-12.42,893.53
2000-01-01T00:00:00, Add row to /TRACKING.csv
2000-01-01T00:00:00, Number of rows in /TRACKING.csv: 4
2000-01-01T00:00:00, Number of rows in /TRACKING.csv is >= 4
2000-01-01T00:00:00, Remove tracking
2000-01-01T00:00:00, Write to /TRANSMIT.csv: 2000-01-01T00:00:00,3.73,2502.00,-10.7,73
2000-01-01T00:00:00, Number of rows in /TRANSMIT.csv: 1
2000-01-01T00:00:00, Current hour = 0, Transmission hour = 0
2000-01-01T00:00:00, 0100004250-10773
2000-01-01T00:00:00,  - attempt to send message: 0100004250-10773
2000-01-01T00:00:00,  - Modem begin successful
2000-01-01T00:00:00,  - Sending...
2000-01-01T00:00:00,  - Send response: 
2000-01-01T00:00:00,   - Sync clocks... 
2000-01-01T00:00:00,  - Arduino Old Time: 2000-00-20T00:84:03
2000-01-01T00:00:00,  - Failed to set valid RTC time
2000-01-01T00:00:00, Message sent! Removing /TRANSMIT.csv
2000-01-01T00:00:00, Done loop ...
2000-01-01T00:00:00, ... powering down.
2000-01-01T00:00:00, RTC Initialization Failed - Using Default Time
2000-01-01T00:00:00, Setup Complete
2000-01-01T00:00:00, Data: 2000-01-01T00:00:00,3.73,25555,2504.00,2518.00,2510.50,-10.53,74.61,-12.36,893.60
2000-01-01T00:00:00, Add row to /TRACKING.csv
2000-01-01T00:00:00, Number of rows in /TRACKING.csv: 1
2000-01-01T00:00:00, Done loop ...
2000-01-01T00:00:00, ... powering down.
2000-01-01T00:00:00, RTC Initialization Failed - Using Default Time
2000-01-01T00:00:00, Setup Complete
2000-01-01T00:00:00, Data: 2000-01-01T00:00:00,3.73,25555,2494.00,2520.00,2506.00,-10.49,72.63,-12.36,893.74
2000-01-01T00:00:00, Add row to /TRACKING.csv
2000-01-01T00:00:00, Number of rows in /TRACKING.csv: 2
2000-01-01T00:00:00, Done loop ...
2000-01-01T00:00:00, ... powering down.
2000-01-01T00:00:00, RTC Initialization Failed - Using Default Time
2000-01-01T00:00:00, Setup Complete
2000-01-01T00:00:00, Data: 2000-01-01T00:00:00,3.73,25555,2493.00,2519.00,2512.50,-10.49,68.24,-12.35,893.74
2000-01-01T00:00:00, Add row to /TRACKING.csv
2000-01-01T00:00:00, Number of rows in /TRACKING.csv: 3
2000-01-01T00:00:00, Done loop ...
2000-01-01T00:00:00, ... powering down.
2000-01-01T00:00:00, RTC Initialization Failed - Using Default Time
2000-01-01T00:00:00, Setup Complete
2000-01-01T00:00:00, Data: 2000-01-01T00:00:00,3.73,25555,2509.00,2524.00,2517.50,-10.11,66.92,-12.32,893.93
2000-01-01T00:00:00, Add row to /TRACKING.csv
2000-01-01T00:00:00, Number of rows in /TRACKING.csv: 4
2000-01-01T00:00:00, Number of rows in /TRACKING.csv is >= 4
2000-01-01T00:00:00, Remove tracking
2000-01-01T00:00:00, Write to /TRANSMIT.csv: 2000-01-01T00:00:00,3.73,2509.00,-10.1,67
2000-01-01T00:00:00, Number of rows in /TRANSMIT.csv: 1
2000-01-01T00:00:00, Current hour = 0, Transmission hour = 0
2000-01-01T00:00:00, 0100004251-10167
2000-01-01T00:00:00,  - attempt to send message: 0100004251-10167
2000-01-01T00:00:00,  - Modem begin successful
2000-01-01T00:00:00,  - Sending...
2000-01-01T00:00:00,  - Send response: 
2000-01-01T00:00:00,   - Sync clocks... 
2000-01-01T00:00:00,  - Arduino Old Time: 2000-00-20T00:84:03
2000-01-01T00:00:00,  - Failed to set valid RTC time
2000-01-01T00:00:00, Message sent! Removing /TRANSMIT.csv
2000-01-01T00:00:00, Done loop ...
2000-01-01T00:00:00, ... powering down.
2000-01-01T00:00:00, RTC Initialization Failed - Using Default Time
2000-01-01T00:00:00, Setup Complete
2000-01-01T00:00:00, Data: 2000-01-01T00:00:00,3.73,25555,2493.00,2511.00,2499.50,-10.33,67.37,-12.28,893.89
2000-01-01T00:00:00, Add row to /TRACKING.csv
2000-01-01T00:00:00, Number of rows in /TRACKING.csv: 1
2000-01-01T00:00:00, Done loop ...
2000-01-01T00:00:00, ... powering down.
2000-01-01T00:00:00, RTC Initialization Failed - Using Default Time
2000-01-01T00:00:00, Setup Complete
2000-01-01T00:00:00, Data: 2000-01-01T00:00:00,3.73,25555,2500.00,2520.00,2512.50,-10.37,69.21,-12.23,893.98
2000-01-01T00:00:00, Add row to /TRACKING.csv
2000-01-01T00:00:00, Number of rows in /TRACKING.csv: 2
2000-01-01T00:00:00, Done loop ...
2000-01-01T00:00:00, ... powering down.
2000-01-01T00:00:00, RTC Initialization Failed - Using Default Time
2000-01-01T00:00:00, Setup Complete
2000-01-01T00:00:00, Data: 2000-01-01T00:00:00,3.73,25555,2495.00,2534.00,2521.50,-10.47,70.25,-12.40,894.04
2000-01-01T00:00:00, Add row to /TRACKING.csv
2000-01-01T00:00:00, Number of rows in /TRACKING.csv: 3
2000-01-01T00:00:00, Done loop ...
2000-01-01T00:00:00, ... powering down.
2000-01-01T00:00:00, RTC Initialization Failed - Using Default Time
2000-01-01T00:00:00, Setup Complete
2000-01-01T00:00:00, Data: 2000-01-01T00:00:00,3.73,25555,2492.00,2523.00,2516.00,-10.56,71.29,-12.48,894.08
2000-01-01T00:00:00, Add row to /TRACKING.csv
2000-01-01T00:00:00, Number of rows in /TRACKING.csv: 4
2000-01-01T00:00:00, Number of rows in /TRACKING.csv is >= 4
2000-01-01T00:00:00, Remove tracking
2000-01-01T00:00:00, Write to /TRANSMIT.csv: 2000-01-01T00:00:00,3.73,2492.00,-10.6,71
2000-01-01T00:00:00, Number of rows in /TRANSMIT.csv: 1
2000-01-01T00:00:00, Current hour = 0, Transmission hour = 0
2000-01-01T00:00:00, 0100004249-10671
2000-01-01T00:00:00,  - attempt to send message: 0100004249-10671
2000-01-01T00:00:00,  - Modem begin successful
2000-01-01T00:00:00,  - Sending...
2000-01-01T00:00:00,  - Send response: 
2000-01-01T00:00:00,   - Sync clocks... 
2000-01-01T00:00:00,  - Arduino Old Time: 2000-00-20T00:84:03
2000-01-01T00:00:00,  - Failed to set valid RTC time
2000-01-01T00:00:00, Message sent! Removing /TRANSMIT.csv
2000-01-01T00:00:00, Done loop ...
2000-01-01T00:00:00, ... powering down.
2000-01-01T00:00:00, RTC Initialization Failed - Using Default Time
2000-01-01T00:00:00, Setup Complete
2000-01-01T00:00:00, Data: 2000-01-01T00:00:00,3.73,25555,2499.00,2516.00,2509.50,-10.49,69.39,-12.48,894.05
2000-01-01T00:00:00, Add row to /TRACKING.csv
2000-01-01T00:00:00, Number of rows in /TRACKING.csv: 1
2000-01-01T00:00:00, Done loop ...
2000-01-01T00:00:00, ... powering down.
2000-01-01T00:00:00, RTC Initialization Failed - Using Default Time
2000-01-01T00:00:00, Setup Complete
2000-01-01T00:00:00, Data: 2000-01-01T00:00:00,3.73,25555,2510.00,2522.00,2515.50,-10.35,66.23,-12.39,894.11
2000-01-01T00:00:00, Add row to /TRACKING.csv
2000-01-01T00:00:00, Number of rows in /TRACKING.csv: 2
2000-01-01T00:00:00, Done loop ...
2000-01-01T00:00:00, ... powering down.
2000-01-01T00:00:00, RTC Initialization Failed - Using Default Time
2000-01-01T00:00:00, Setup Complete
2000-01-01T00:00:00, Data: 2000-01-01T00:00:00,3.73,25555,2509.00,2521.00,2512.50,-10.37,69.46,-12.33,894.23
2000-01-01T00:00:00, Add row to /TRACKING.csv
2000-01-01T00:00:00, Number of rows in /TRACKING.csv: 3
2000-01-01T00:00:00, Done loop ...
2000-01-01T00:00:00, ... powering down.
2000-01-01T00:00:00, RTC Initialization Failed - Using Default Time
2000-01-01T00:00:00, Setup Complete
2000-01-01T00:00:00, Data: 2000-01-01T00:00:00,3.73,25555,2496.00,2521.00,2515.00,-10.77,68.16,-12.47,894.45
2000-01-01T00:00:00, Add row to /TRACKING.csv
2000-01-01T00:00:00, Number of rows in /TRACKING.csv: 4
2000-01-01T00:00:00, Number of rows in /TRACKING.csv is >= 4
2000-01-01T00:00:00, Remove tracking
2000-01-01T00:00:00, Write to /TRANSMIT.csv: 2000-01-01T00:00:00,3.73,2496.00,-10.8,68
2000-01-01T00:00:00, Number of rows in /TRANSMIT.csv: 1
2000-01-01T00:00:00, Current hour = 0, Transmission hour = 0
2000-01-01T00:00:00, 0100004250-10868
2000-01-01T00:00:00,  - attempt to send message: 0100004250-10868
2000-01-01T00:00:00,  - Modem begin successful
2000-01-01T00:00:00,  - Sending...
2000-01-01T00:00:00,  - Send response: 
2000-01-01T00:00:00,   - Sync clocks... 
2000-01-01T00:00:00,  - Arduino Old Time: 2000-00-20T00:84:03
2000-01-01T00:00:00,  - Failed to set valid RTC time
2000-01-01T00:00:00, Message sent! Removing /TRANSMIT.csv
2000-01-01T00:00:00, Done loop ...
2000-01-01T00:00:00, ... powering down.
2000-01-01T00:00:00, RTC Initialization Failed - Using Default Time
2000-01-01T00:00:00, Setup Complete
2000-01-01T00:00:00, Data: 2000-01-01T00:00:00,3.73,25555,2491.00,2527.00,2509.50,-10.66,68.23,-12.61,894.52
2000-01-01T00:00:00, Add row to /TRACKING.csv
2000-01-01T00:00:00, Number of rows in /TRACKING.csv: 1
2000-01-01T00:00:00, Done loop ...
2000-01-01T00:00:00, ... powering down.
2000-01-01T00:00:00, RTC Initialization Failed - Using Default Time
2000-01-01T00:00:00, Setup Complete
2000-01-01T00:00:00, Data: 2000-01-01T00:00:00,3.73,25555,2505.00,2519.00,2511.50,-10.94,67.35,-12.75,894.62
2000-01-01T00:00:00, Add row to /TRACKING.csv
2000-01-01T00:00:00, Number of rows in /TRACKING.csv: 2
2000-01-01T00:00:00, Done loop ...
2000-01-01T00:00:00, ... powering down.
2000-01-01T00:00:00, RTC Initialization Failed - Using Default Time
2000-01-01T00:00:00, Setup Complete
2000-01-01T00:00:00, Data: 2000-01-01T00:00:00,3.73,25555,2513.00,2522.00,2520.00,-11.08,69.41,-12.84,894.60
2000-01-01T00:00:00, Add row to /TRACKING.csv
2000-01-01T00:00:00, Number of rows in /TRACKING.csv: 3
2000-01-01T00:00:00, Done loop ...
2000-01-01T00:00:00, ... powering down.
2000-01-01T00:00:00, RTC Initialization Failed - Using Default Time
2000-01-01T00:00:00, Setup Complete
2000-01-01T00:00:00, Data: 2000-01-01T00:00:00,3.73,25555,2488.00,2519.00,2512.50,-11.08,67.69,-12.97,894.70
2000-01-01T00:00:00, Add row to /TRACKING.csv
2000-01-01T00:00:00, Number of rows in /TRACKING.csv: 4
2000-01-01T00:00:00, Number of rows in /TRACKING.csv is >= 4
2000-01-01T00:00:00, Remove tracking
2000-01-01T00:00:00, Write to /TRANSMIT.csv: 2000-01-01T00:00:00,3.73,2488.00,-11.1,68
2000-01-01T00:00:00, Number of rows in /TRANSMIT.csv: 1
2000-01-01T00:00:00, Current hour = 0, Transmission hour = 0
2000-01-01T00:00:00, 0100004249-11168
2000-01-01T00:00:00,  - attempt to send message: 0100004249-11168
2000-01-01T00:00:00,  - Modem begin successful
2000-01-01T00:00:00,  - Sending...
2000-01-01T00:00:00,  - Send response: 
2000-01-01T00:00:00,   - Sync clocks... 
2000-01-01T00:00:00,  - Arduino Old Time: 2000-00-20T00:84:03
2000-01-01T00:00:00,  - Failed to set valid RTC time
2000-01-01T00:00:00, Message sent! Removing /TRANSMIT.csv
2000-01-01T00:00:00, Done loop ...
2000-01-01T00:00:00, ... powering down.
2000-01-01T00:00:00, RTC Initialization Failed - Using Default Time
2000-01-01T00:00:00, Setup Complete
2000-01-01T00:00:00, Data: 2000-01-01T00:00:00,3.72,25555,2501.00,2518.00,2511.00,-10.80,64.86,-12.85,894.71
2000-01-01T00:00:00, Add row to /TRACKING.csv
2000-01-01T00:00:00, Number of rows in /TRACKING.csv: 1
2000-01-01T00:00:00, Done loop ...
2000-01-01T00:00:00, ... powering down.
2000-01-01T00:00:00, RTC Initialization Failed - Using Default Time
2000-01-01T00:00:00, Setup Complete
2000-01-01T00:00:00, Data: 2000-01-01T00:00:00,3.72,25555,2508.00,2522.00,2516.50,-10.75,64.41,-12.92,894.62
2000-01-01T00:00:00, Add row to /TRACKING.csv
2000-01-01T00:00:00, Number of rows in /TRACKING.csv: 2
2000-01-01T00:00:00, Done loop ...
2000-01-01T00:00:00, ... powering down.
2000-01-01T00:00:00, RTC Initialization Failed - Using Default Time
2000-01-01T00:00:00, Setup Complete
2000-01-01T00:00:00, Data: 2000-01-01T00:00:00,3.73,25555,2507.00,2526.00,2520.00,-11.12,65.83,-13.04,894.83
2000-01-01T00:00:00, Add row to /TRACKING.csv
2000-01-01T00:00:00, Number of rows in /TRACKING.csv: 3
2000-01-01T00:00:00, Done loop ...
2000-01-01T00:00:00, ... powering down.
2000-01-01T00:00:00, RTC Initialization Failed - Using Default Time
2000-01-01T00:00:00, Setup Complete
2000-01-01T00:00:00, Data: 2000-01-01T00:00:00,3.73,25555,2512.00,2523.00,2519.50,-11.23,66.71,-13.11,894.90
2000-01-01T00:00:00, Add row to /TRACKING.csv
2000-01-01T00:00:00, Number of rows in /TRACKING.csv: 4
2000-01-01T00:00:00, Number of rows in /TRACKING.csv is >= 4
2000-01-01T00:00:00, Remove tracking
2000-01-01T00:00:00, Write to /TRANSMIT.csv: 2000-01-01T00:00:00,3.73,2512.00,-11.2,67
2000-01-01T00:00:00, Number of rows in /TRANSMIT.csv: 1
2000-01-01T00:00:00, Current hour = 0, Transmission hour = 0
2000-01-01T00:00:00, 0100004251-11267
2000-01-01T00:00:00,  - attempt to send message: 0100004251-11267
2000-01-01T00:00:00,  - Modem begin successful
2000-01-01T00:00:00,  - Sending...
2000-01-01T00:00:00,  - Send response: 
2000-01-01T00:00:00,   - Sync clocks... 
2000-01-01T00:00:00,  - Arduino Old Time: 2000-00-20T00:84:03
2000-01-01T00:00:00,  - Failed to set valid RTC time
2000-01-01T00:00:00, Message sent! Removing /TRANSMIT.csv
2000-01-01T00:00:00, Done loop ...
2000-01-01T00:00:00, ... powering down.
2000-01-01T00:00:00, RTC Initialization Failed - Using Default Time
2000-01-01T00:00:00, Setup Complete
2000-01-01T00:00:00, Data: 2000-01-01T00:00:00,3.73,25555,2503.00,2516.00,2510.50,-10.80,60.42,-12.98,895.07
2000-01-01T00:00:00, Add row to /TRACKING.csv
2000-01-01T00:00:00, Number of rows in /TRACKING.csv: 1
2000-01-01T00:00:00, Done loop ...
2000-01-01T00:00:00, ... powering down.
2000-01-01T00:00:00, RTC Initialization Failed - Using Default Time
2000-01-01T00:00:00, Setup Complete
2000-01-01T00:00:00, Data: 2000-01-01T00:00:00,3.73,25555,2506.00,2524.00,2515.00,-11.10,61.22,-13.15,895.03
2000-01-01T00:00:00, Add row to /TRACKING.csv
2000-01-01T00:00:00, Number of rows in /TRACKING.csv: 2
2000-01-01T00:00:00, Done loop ...
2000-01-01T00:00:00, ... powering down.
2000-01-01T00:00:00, RTC Initialization Failed - Using Default Time
2000-01-01T00:00:00, Setup Complete
2000-01-01T00:00:00, Data: 2000-01-01T00:00:00,3.73,25555,2502.00,2521.00,2510.50,-10.83,59.78,-13.00,895.10
2000-01-01T00:00:00, Add row to /TRACKING.csv
2000-01-01T00:00:00, Number of rows in /TRACKING.csv: 3
2000-01-01T00:00:00, Done loop ...
2000-01-01T00:00:00, ... powering down.
2000-01-01T00:00:00, RTC Initialization Failed - Using Default Time
2000-01-01T00:00:00, Setup Complete
2000-01-01T00:00:00, Data: 2000-01-01T00:00:00,3.73,25555,2491.00,2519.00,2507.50,-10.91,58.70,-13.02,895.08
2000-01-01T00:00:00, Add row to /TRACKING.csv
2000-01-01T00:00:00, Number of rows in /TRACKING.csv: 4
2000-01-01T00:00:00, Number of rows in /TRACKING.csv is >= 4
2000-01-01T00:00:00, Remove tracking
2000-01-01T00:00:00, Write to /TRANSMIT.csv: 2000-01-01T00:00:00,3.73,2491.00,-10.9,59
2000-01-01T00:00:00, Number of rows in /TRANSMIT.csv: 1
2000-01-01T00:00:00, Current hour = 0, Transmission hour = 0
2000-01-01T00:00:00, 0100004249-10959
2000-01-01T00:00:00,  - attempt to send message: 0100004249-10959
2000-01-01T00:00:00,  - Modem begin successful
2000-01-01T00:00:00,  - Sending...
2000-01-01T00:00:00,  - Send response: 
2000-01-01T00:00:00,   - Sync clocks... 
2000-01-01T00:00:00,  - Arduino Old Time: 2000-00-20T00:84:03
2000-01-01T00:00:00,  - Failed to set valid RTC time
2000-01-01T00:00:00, Message sent! Removing /TRANSMIT.csv
2000-01-01T00:00:00, Done loop ...
2000-01-01T00:00:00, ... powering down.
2000-01-01T00:00:00, RTC Initialization Failed - Using Default Time
2000-01-01T00:00:00, Setup Complete
2000-01-01T00:00:00, Data: 2000-01-01T00:00:00,3.73,25555,2506.00,2531.00,2519.00,-10.87,58.53,-12.95,895.00
2000-01-01T00:00:00, Add row to /TRACKING.csv
2000-01-01T00:00:00, Number of rows in /TRACKING.csv: 1
2000-01-01T00:00:00, Done loop ...
2000-01-01T00:00:00, ... powering down.
2000-01-01T00:00:00, RTC Initialization Failed - Using Default Time
2000-01-01T00:00:00, Setup Complete
2000-01-01T00:00:00, Data: 2000-01-01T00:00:00,3.73,25555,2513.00,2534.00,2524.50,-10.78,58.32,-12.94,895.08
2000-01-01T00:00:00, Add row to /TRACKING.csv
2000-01-01T00:00:00, Number of rows in /TRACKING.csv: 2
2000-01-01T00:00:00, Done loop ...
2000-01-01T00:00:00, ... powering down.
2000-01-01T00:00:00, RTC Initialization Failed - Using Default Time
2000-01-01T00:00:00, Setup Complete
2000-01-01T00:00:00, Data: 2000-01-01T00:00:00,3.73,25555,2500.00,2525.00,2515.50,-10.81,57.47,-12.84,895.27
2000-01-01T00:00:00, Add row to /TRACKING.csv
2000-01-01T00:00:00, Number of rows in /TRACKING.csv: 3
2000-01-01T00:00:00, Done loop ...
2000-01-01T00:00:00, ... powering down.
2000-01-01T00:00:00, RTC Initialization Failed - Using Default Time
2000-01-01T00:00:00, Setup Complete
2000-01-01T00:00:00, Data: 2000-01-01T00:00:00,3.73,25555,2513.00,2531.00,2523.50,-10.74,57.68,-12.78,895.30
2000-01-01T00:00:00, Add row to /TRACKING.csv
2000-01-01T00:00:00, Number of rows in /TRACKING.csv: 4
2000-01-01T00:00:00, Number of rows in /TRACKING.csv is >= 4
2000-01-01T00:00:00, Remove tracking
2000-01-01T00:00:00, Write to /TRANSMIT.csv: 2000-01-01T00:00:00,3.73,2513.00,-10.7,58
2000-01-01T00:00:00, Number of rows in /TRANSMIT.csv: 1
2000-01-01T00:00:00, Current hour = 0, Transmission hour = 0
2000-01-01T00:00:00, 0100004251-10758
2000-01-01T00:00:00,  - attempt to send message: 0100004251-10758
2000-01-01T00:00:00,  - Modem begin successful
2000-01-01T00:00:00,  - Sending...
2000-01-01T00:00:00,  - Send response: 
2000-01-01T00:00:00,   - Sync clocks... 
2000-01-01T00:00:00,  - Arduino Old Time: 2000-00-20T00:84:03
2000-01-01T00:00:00,  - Failed to set valid RTC time
2000-01-01T00:00:00, Message sent! Removing /TRANSMIT.csv
2000-01-01T00:00:00, Done loop ...
2000-01-01T00:00:00, ... powering down.
2000-01-01T00:00:00, RTC Initialization Failed - Using Default Time
2000-01-01T00:00:00, Setup Complete
2000-01-01T00:00:00, Data: 2000-01-01T00:00:00,3.73,25555,2494.00,2523.00,2511.00,-10.60,56.12,-12.78,895.06
2000-01-01T00:00:00, Add row to /TRACKING.csv
2000-01-01T00:00:00, Number of rows in /TRACKING.csv: 1
2000-01-01T00:00:00, Done loop ...
2000-01-01T00:00:00, ... powering down.
2000-01-01T00:00:00, RTC Initialization Failed - Using Default Time
2000-01-01T00:00:00, Setup Complete
2000-01-01T00:00:00, Data: 2000-01-01T00:00:00,3.73,25555,2500.00,2531.00,2522.00,-10.54,55.78,-12.68,894.85
2000-01-01T00:00:00, Add row to /TRACKING.csv
2000-01-01T00:00:00, Number of rows in /TRACKING.csv: 2
2000-01-01T00:00:00, Done loop ...
2000-01-01T00:00:00, ... powering down.
2000-01-01T00:00:00, RTC Initialization Failed - Using Default Time
2000-01-01T00:00:00, Setup Complete
2000-01-01T00:00:00, Data: 2000-01-01T00:00:00,3.73,25555,2499.00,2520.00,2512.50,-10.50,55.31,-12.56,894.72
2000-01-01T00:00:00, Add row to /TRACKING.csv
2000-01-01T00:00:00, Number of rows in /TRACKING.csv: 3
2000-01-01T00:00:00, Done loop ...
2000-01-01T00:00:00, ... powering down.
2000-01-01T00:00:00, RTC Initialization Failed - Using Default Time
2000-01-01T00:00:00, Setup Complete
2000-01-01T00:00:00, Data: 2000-01-01T00:00:00,3.73,25555,2506.00,2533.00,2514.50,-10.68,56.58,-12.66,894.83
2000-01-01T00:00:00, Add row to /TRACKING.csv
2000-01-01T00:00:00, Number of rows in /TRACKING.csv: 4
2000-01-01T00:00:00, Number of rows in /TRACKING.csv is >= 4
2000-01-01T00:00:00, Remove tracking
2000-01-01T00:00:00, Write to /TRANSMIT.csv: 2000-01-01T00:00:00,3.73,2506.00,-10.7,57
2000-01-01T00:00:00, Number of rows in /TRANSMIT.csv: 1
2000-01-01T00:00:00, Current hour = 0, Transmission hour = 0
2000-01-01T00:00:00, 0100004251-10757
2000-01-01T00:00:00,  - attempt to send message: 0100004251-10757
2000-01-01T00:00:00,  - Modem begin successful
2000-01-01T00:00:00,  - Sending...
2000-01-01T00:00:00,  - Send response: 
2000-01-01T00:00:00,   - Sync clocks... 
2000-01-01T00:00:00,  - Arduino Old Time: 2000-00-20T00:84:03
2000-01-01T00:00:00,  - Failed to set valid RTC time
2000-01-01T00:00:00, Message sent! Removing /TRANSMIT.csv
2000-01-01T00:00:00, Done loop ...
2000-01-01T00:00:00, ... powering down.
2000-01-01T00:00:00, RTC Initialization Failed - Using Default Time
2000-01-01T00:00:00, Setup Complete
2000-01-01T00:00:00, Data: 2000-01-01T00:00:00,3.73,25555,2487.00,2534.00,2518.50,-10.63,56.55,-12.83,894.92
2000-01-01T00:00:00, Add row to /TRACKING.csv
2000-01-01T00:00:00, Number of rows in /TRACKING.csv: 1
2000-01-01T00:00:00, Done loop ...
2000-01-01T00:00:00, ... powering down.
2000-01-01T00:00:00, RTC Initialization Failed - Using Default Time
2000-01-01T00:00:00, Setup Complete
2000-01-01T00:00:00, Data: 2000-01-01T00:00:00,3.73,25555,2509.00,2535.00,2517.50,-11.42,59.86,-12.87,894.99
2000-01-01T00:00:00, Add row to /TRACKING.csv
2000-01-01T00:00:00, Number of rows in /TRACKING.csv: 2
2000-01-01T00:00:00, Done loop ...
2000-01-01T00:00:00, ... powering down.
2000-01-01T00:00:00, RTC Initialization Failed - Using Default Time
2000-01-01T00:00:00, Setup Complete
2000-01-01T00:00:00, Data: 2000-01-01T00:00:00,3.73,25555,2506.00,2537.00,2522.50,-11.82,61.76,-13.17,894.94
2000-01-01T00:00:00, Add row to /TRACKING.csv
2000-01-01T00:00:00, Number of rows in /TRACKING.csv: 3
2000-01-01T00:00:00, Done loop ...
2000-01-01T00:00:00, ... powering down.
2000-01-01T00:00:00, RTC Initialization Failed - Using Default Time
2000-01-01T00:00:00, Setup Complete
2000-01-01T00:00:00, Data: 2000-01-01T00:00:00,3.73,25555,2497.00,2515.00,2506.50,-11.87,61.84,-13.49,894.89
2000-01-01T00:00:00, Add row to /TRACKING.csv
2000-01-01T00:00:00, Number of rows in /TRACKING.csv: 4
2000-01-01T00:00:00, Number of rows in /TRACKING.csv is >= 4
2000-01-01T00:00:00, Remove tracking
2000-01-01T00:00:00, Write to /TRANSMIT.csv: 2000-01-01T00:00:00,3.73,2497.00,-11.9,62
2000-01-01T00:00:00, Number of rows in /TRANSMIT.csv: 1
2000-01-01T00:00:00, Current hour = 0, Transmission hour = 0
2000-01-01T00:00:00, 0100004250-11962
2000-01-01T00:00:00,  - attempt to send message: 0100004250-11962
2000-01-01T00:00:00,  - Modem begin successful
2000-01-01T00:00:00,  - Sending...
2000-01-01T00:00:00,  - Send response: 
2000-01-01T00:00:00,   - Sync clocks... 
2000-01-01T00:00:00,  - Arduino Old Time: 2000-00-20T00:84:03
2000-01-01T00:00:00,  - Failed to set valid RTC time
2000-01-01T00:00:00, Message sent! Removing /TRANSMIT.csv
2000-01-01T00:00:00, Done loop ...
2000-01-01T00:00:00, ... powering down.
2000-01-01T00:00:00, RTC Initialization Failed - Using Default Time
2000-01-01T00:00:00, Setup Complete
2000-01-01T00:00:00, Data: 2000-01-01T00:00:00,3.73,25555,2498.00,2514.00,2508.50,-11.73,60.83,-13.55,894.85
2000-01-01T00:00:00, Add row to /TRACKING.csv
2000-01-01T00:00:00, Number of rows in /TRACKING.csv: 1
2000-01-01T00:00:00, Done loop ...
2000-01-01T00:00:00, ... powering down.
2000-01-01T00:00:00, RTC Initialization Failed - Using Default Time
2000-01-01T00:00:00, Setup Complete
2000-01-01T00:00:00, Data: 2000-01-01T00:00:00,3.72,25555,2512.00,2534.00,2525.50,-11.28,58.80,-13.59,894.98
2000-01-01T00:00:00, Add row to /TRACKING.csv
2000-01-01T00:00:00, Number of rows in /TRACKING.csv: 2
2000-01-01T00:00:00, Done loop ...
2000-01-01T00:00:00, ... powering down.
2000-01-01T00:00:00, RTC Initialization Failed - Using Default Time
2000-01-01T00:00:00, Setup Complete
2000-01-01T00:00:00, Data: 2000-01-01T00:00:00,3.73,25555,2508.00,2518.00,2510.50,-11.32,58.91,-13.22,894.95
2000-01-01T00:00:00, Add row to /TRACKING.csv
2000-01-01T00:00:00, Number of rows in /TRACKING.csv: 3
2000-01-01T00:00:00, Done loop ...
2000-01-01T00:00:00, ... powering down.
2000-01-01T00:00:00, RTC Initialization Failed - Using Default Time
2000-01-01T00:00:00, Setup Complete
2000-01-01T00:00:00, Data: 2000-01-01T00:00:00,3.73,25555,2491.00,2523.00,2511.00,-11.08,57.20,-13.01,895.00
2000-01-01T00:00:00, Add row to /TRACKING.csv
2000-01-01T00:00:00, Number of rows in /TRACKING.csv: 4
2000-01-01T00:00:00, Number of rows in /TRACKING.csv is >= 4
2000-01-01T00:00:00, Remove tracking
2000-01-01T00:00:00, Write to /TRANSMIT.csv: 2000-01-01T00:00:00,3.73,2491.00,-11.1,57
2000-01-01T00:00:00, Number of rows in /TRANSMIT.csv: 1
2000-01-01T00:00:00, Current hour = 0, Transmission hour = 0
2000-01-01T00:00:00, 0100004249-11157
2000-01-01T00:00:00,  - attempt to send message: 0100004249-11157
2000-01-01T00:00:00,  - Modem begin successful
2000-01-01T00:00:00,  - Sending...
2000-01-01T00:00:00,  - Send response: 
2000-01-01T00:00:00,   - Sync clocks... 
2000-01-01T00:00:00,  - Arduino Old Time: 2000-00-20T00:84:03
2000-01-01T00:00:00,  - Failed to set valid RTC time
2000-01-01T00:00:00, Message sent! Removing /TRANSMIT.csv
2000-01-01T00:00:00, Done loop ...
2000-01-01T00:00:00, ... powering down.
2000-01-01T00:00:00, RTC Initialization Failed - Using Default Time
2000-01-01T00:00:00, Setup Complete
2000-01-01T00:00:00, Data: 2000-01-01T00:00:00,3.98,25555,2504.00,2528.00,2519.50,-10.67,57.05,-12.11,895.25
2000-01-01T00:00:00, Add row to /TRACKING.csv
2000-01-01T00:00:00, Number of rows in /TRACKING.csv: 1
2000-01-01T00:00:00, Done loop ...
2000-01-01T00:00:00, ... powering down.
2000-01-01T00:00:00, RTC Initialization Failed - Using Default Time
2000-01-01T00:00:00, Setup Complete
2000-01-01T00:00:00, Data: 2000-01-01T00:00:00,4.00,25555,2525.00,2564.00,2552.00,-5.90,42.41,-5.21,895.29
2000-01-01T00:00:00, Add row to /TRACKING.csv
2000-01-01T00:00:00, Number of rows in /TRACKING.csv: 2
2000-01-01T00:00:00, Done loop ...
2000-01-01T00:00:00, ... powering down.
2000-01-01T00:00:00, RTC Initialization Failed - Using Default Time
2000-01-01T00:00:00, Setup Complete
2000-01-01T00:00:00, Data: 2000-01-01T00:00:00,4.00,25555,2534.00,2578.00,2556.50,-6.54,44.60,-1.49,895.16
2000-01-01T00:00:00, Add row to /TRACKING.csv
2000-01-01T00:00:00, Number of rows in /TRACKING.csv: 3
2000-01-01T00:00:00, Done loop ...
2000-01-01T00:00:00, ... powering down.
2000-01-01T00:00:00, RTC Initialization Failed - Using Default Time
2000-01-01T00:00:00, Setup Complete
2000-01-01T00:00:00, Data: 2000-01-01T00:00:00,4.00,25555,2557.00,2593.00,2579.00,-4.80,39.23,0.56,895.33
2000-01-01T00:00:00, Add row to /TRACKING.csv
2000-01-01T00:00:00, Number of rows in /TRACKING.csv: 4
2000-01-01T00:00:00, Number of rows in /TRACKING.csv is >= 4
2000-01-01T00:00:00, Remove tracking
2000-01-01T00:00:00, Write to /TRANSMIT.csv: 2000-01-01T00:00:00,4.00,2557.00,-4.8,39
2000-01-01T00:00:00, Number of rows in /TRANSMIT.csv: 1
2000-01-01T00:00:00, Current hour = 0, Transmission hour = 0
2000-01-01T00:00:00, 0100007256-04839
2000-01-01T00:00:00,  - attempt to send message: 0100007256-04839
2000-01-01T00:00:00,  - Modem begin successful
2000-01-01T00:00:00,  - Sending...
2000-01-01T00:00:00,  - Send response: 
2000-01-01T00:00:00,   - Sync clocks... 
2000-01-01T00:00:00,  - Arduino Old Time: 2000-00-20T00:84:03
2000-01-01T00:00:00,  - Failed to set valid RTC time
2000-01-01T00:00:00, Message sent! Removing /TRANSMIT.csv
2000-01-01T00:00:00, Done loop ...
2000-01-01T00:00:00, ... powering down.
2000-01-01T00:00:00, RTC Initialization Failed - Using Default Time
2000-01-01T00:00:00, Setup Complete
2000-01-01T00:00:00, Data: 2000-01-01T00:00:00,4.00,25555,2540.00,2583.00,2575.00,-4.04,36.39,2.31,895.56
2000-01-01T00:00:00, Add row to /TRACKING.csv
2000-01-01T00:00:00, Number of rows in /TRACKING.csv: 1
2000-01-01T00:00:00, Done loop ...
2000-01-01T00:00:00, ... powering down.
2000-01-01T00:00:00, RTC Initialization Failed - Using Default Time
2000-01-01T00:00:00, Setup Complete
2000-01-01T00:00:00, Data: 2000-01-01T00:00:00,4.00,25555,2549.00,2581.00,2570.00,-7.33,50.08,3.54,895.32
2000-01-01T00:00:00, Add row to /TRACKING.csv
2000-01-01T00:00:00, Number of rows in /TRACKING.csv: 2
2000-01-01T00:00:00, Done loop ...
2000-01-01T00:00:00, ... powering down.
2000-01-01T00:00:00, RTC Initialization Failed - Using Default Time
2000-01-01T00:00:00, Setup Complete
2000-01-01T00:00:00, Data: 2000-01-01T00:00:00,4.00,25555,2538.00,2599.00,2568.00,-5.86,45.32,5.19,895.36
2000-01-01T00:00:00, Add row to /TRACKING.csv
2000-01-01T00:00:00, Number of rows in /TRACKING.csv: 3
2000-01-01T00:00:00, Done loop ...
2000-01-01T00:00:00, ... powering down.
2000-01-01T00:00:00, RTC Initialization Failed - Using Default Time
2000-01-01T00:00:00, Setup Complete
2000-01-01T00:00:00, Data: 2000-01-01T00:00:00,4.00,25555,2558.00,2611.00,2584.00,-5.29,46.43,5.72,895.46
2000-01-01T00:00:00, Add row to /TRACKING.csv
2000-01-01T00:00:00, Number of rows in /TRACKING.csv: 4
2000-01-01T00:00:00, Number of rows in /TRACKING.csv is >= 4
2000-01-01T00:00:00, Remove tracking
2000-01-01T00:00:00, Write to /TRANSMIT.csv: 2000-01-01T00:00:00,4.00,2558.00,-5.3,46
2000-01-01T00:00:00, Number of rows in /TRANSMIT.csv: 1
2000-01-01T00:00:00, Current hour = 0, Transmission hour = 0
2000-01-01T00:00:00, 0100007256-05346
2000-01-01T00:00:00,  - attempt to send message: 0100007256-05346
2000-01-01T00:00:00,  - Modem begin successful
2000-01-01T00:00:00,  - Sending...
2000-01-01T00:00:00,  - Send response: 
2000-01-01T00:00:00,   - Sync clocks... 
2000-01-01T00:00:00,  - Arduino Old Time: 2000-00-20T00:84:03
2000-01-01T00:00:00,  - Failed to set valid RTC time
2000-01-01T00:00:00, Message sent! Removing /TRANSMIT.csv
2000-01-01T00:00:00, Done loop ...
2000-01-01T00:00:00, ... powering down.
2000-01-01T00:00:00, RTC Initialization Failed - Using Default Time
2000-01-01T00:00:00, Setup Complete
2000-01-01T00:00:00, Data: 2000-01-01T00:00:00,4.00,25555,2566.00,2627.00,2607.50,-3.25,42.95,5.90,895.41
2000-01-01T00:00:00, Add row to /TRACKING.csv
2000-01-01T00:00:00, Number of rows in /TRACKING.csv: 1
2000-01-01T00:00:00, Done loop ...
2000-01-01T00:00:00, ... powering down.
2000-01-01T00:00:00, RTC Initialization Failed - Using Default Time
2000-01-01T00:00:00, Setup Complete
2000-01-01T00:00:00, Data: 2000-01-01T00:00:00,4.00,25555,2559.00,2623.00,2612.50,-4.35,41.11,4.95,895.46
2000-01-01T00:00:00, Add row to /TRACKING.csv
2000-01-01T00:00:00, Number of rows in /TRACKING.csv: 2
2000-01-01T00:00:00, Done loop ...
2000-01-01T00:00:00, ... powering down.
2000-01-01T00:00:00, RTC Initialization Failed - Using Default Time
2000-01-01T00:00:00, Setup Complete
2000-01-01T00:00:00, Data: 2000-01-01T00:00:00,4.00,25555,2563.00,2617.00,2596.50,-5.05,51.72,5.16,895.54
2000-01-01T00:00:00, Add row to /TRACKING.csv
2000-01-01T00:00:00, Number of rows in /TRACKING.csv: 3
2000-01-01T00:00:00, Done loop ...
2000-01-01T00:00:00, ... powering down.
2000-01-01T00:00:00, RTC Initialization Failed - Using Default Time
2000-01-01T00:00:00, Setup Complete
2000-01-01T00:00:00, Data: 2000-01-01T00:00:00,4.00,25555,2559.00,2633.00,2592.00,-5.43,55.03,6.15,895.44
2000-01-01T00:00:00, Add row to /TRACKING.csv
2000-01-01T00:00:00, Number of rows in /TRACKING.csv: 4
2000-01-01T00:00:00, Number of rows in /TRACKING.csv is >= 4
2000-01-01T00:00:00, Remove tracking
2000-01-01T00:00:00, Write to /TRANSMIT.csv: 2000-01-01T00:00:00,4.00,2559.00,-5.4,55
2000-01-01T00:00:00, Number of rows in /TRANSMIT.csv: 1
2000-01-01T00:00:00, Current hour = 0, Transmission hour = 0
2000-01-01T00:00:00, 0100007256-05455
2000-01-01T00:00:00,  - attempt to send message: 0100007256-05455
2000-01-01T00:00:00,  - Modem begin successful
2000-01-01T00:00:00,  - Sending...
2000-01-01T00:00:00,  - Send response: 
2000-01-01T00:00:00,   - Sync clocks... 
2000-01-01T00:00:00,  - Arduino Old Time: 2000-00-20T00:84:03
2000-01-01T00:00:00,  - Failed to set valid RTC time
2000-01-01T00:00:00, Message sent! Removing /TRANSMIT.csv
2000-01-01T00:00:00, Done loop ...
2000-01-01T00:00:00, ... powering down.
2000-01-01T00:00:00, RTC Initialization Failed - Using Default Time
2000-01-01T00:00:00, Setup Complete
2000-01-01T00:00:00, Data: 2000-01-01T00:00:00,4.01,25555,2564.00,2626.00,2598.50,-5.70,57.35,6.70,895.58
2000-01-01T00:00:00, Add row to /TRACKING.csv
2000-01-01T00:00:00, Number of rows in /TRACKING.csv: 1
2000-01-01T00:00:00, Done loop ...
2000-01-01T00:00:00, ... powering down.
2000-01-01T00:00:00, RTC Initialization Failed - Using Default Time
2000-01-01T00:00:00, Setup Complete
2000-01-01T00:00:00, Data: 2000-01-01T00:00:00,4.00,25555,2569.00,2620.00,2607.50,-5.49,56.10,6.98,895.61
2000-01-01T00:00:00, Add row to /TRACKING.csv
2000-01-01T00:00:00, Number of rows in /TRACKING.csv: 2
2000-01-01T00:00:00, Done loop ...
2000-01-01T00:00:00, ... powering down.
2000-01-01T00:00:00, RTC Initialization Failed - Using Default Time
2000-01-01T00:00:00, Setup Complete
2000-01-01T00:00:00, Data: 2000-01-01T00:00:00,4.00,25555,2579.00,2627.00,2620.50,-5.32,54.53,6.52,895.50
2000-01-01T00:00:00, Add row to /TRACKING.csv
2000-01-01T00:00:00, Number of rows in /TRACKING.csv: 3
2000-01-01T00:00:00, Done loop ...
2000-01-01T00:00:00, ... powering down.
2000-01-01T00:00:00, RTC Initialization Failed - Using Default Time
2000-01-01T00:00:00, Setup Complete
2000-01-01T00:00:00, Data: 2000-01-01T00:00:00,4.01,25555,2607.00,2621.00,2612.00,-4.88,57.13,6.88,895.35
2000-01-01T00:00:00, Add row to /TRACKING.csv
2000-01-01T00:00:00, Number of rows in /TRACKING.csv: 4
2000-01-01T00:00:00, Number of rows in /TRACKING.csv is >= 4
2000-01-01T00:00:00, Remove tracking
2000-01-01T00:00:00, Write to /TRANSMIT.csv: 2000-01-01T00:00:00,4.01,2607.00,-4.9,57
2000-01-01T00:00:00, Number of rows in /TRANSMIT.csv: 1
2000-01-01T00:00:00, Current hour = 0, Transmission hour = 0
2000-01-01T00:00:00, 0100007261-04957
2000-01-01T00:00:00,  - attempt to send message: 0100007261-04957
2000-01-01T00:00:00,  - Modem begin successful
2000-01-01T00:00:00,  - Sending...
2000-01-01T00:00:00,  - Send response: 
2000-01-01T00:00:00,   - Sync clocks... 
2000-01-01T00:00:00,  - Arduino Old Time: 2000-00-20T00:84:03
2000-01-01T00:00:00,  - Failed to set valid RTC time
2000-01-01T00:00:00, Message sent! Removing /TRANSMIT.csv
2000-01-01T00:00:00, Done loop ...
2000-01-01T00:00:00, ... powering down.
2000-01-01T00:00:00, RTC Initialization Failed - Using Default Time
2000-01-01T00:00:00, Setup Complete
2000-01-01T00:00:00, Data: 2000-01-01T00:00:00,4.01,25555,2555.00,2593.00,2568.50,-5.87,57.90,6.92,895.07
2000-01-01T00:00:00, Add row to /TRACKING.csv
2000-01-01T00:00:00, Number of rows in /TRACKING.csv: 1
2000-01-01T00:00:00, Done loop ...
2000-01-01T00:00:00, ... powering down.
2000-01-01T00:00:00, RTC Initialization Failed - Using Default Time
2000-01-01T00:00:00, Setup Complete
2000-01-01T00:00:00, Data: 2000-01-01T00:00:00,4.00,25555,2546.00,2599.00,2588.00,-5.86,60.70,6.07,895.27
2000-01-01T00:00:00, Add row to /TRACKING.csv
2000-01-01T00:00:00, Number of rows in /TRACKING.csv: 2
2000-01-01T00:00:00, Done loop ...
2000-01-01T00:00:00, ... powering down.
2000-01-01T00:00:00, RTC Initialization Failed - Using Default Time
2000-01-01T00:00:00, Setup Complete
2000-01-01T00:00:00, Data: 2000-01-01T00:00:00,4.00,25555,2555.00,2602.00,2592.50,-5.22,57.17,6.42,895.19
2000-01-01T00:00:00, Add row to /TRACKING.csv
2000-01-01T00:00:00, Number of rows in /TRACKING.csv: 3
2000-01-01T00:00:00, Done loop ...
2000-01-01T00:00:00, ... powering down.
2000-01-01T00:00:00, RTC Initialization Failed - Using Default Time
2000-01-01T00:00:00, Setup Complete
2000-01-01T00:00:00, Data: 2000-01-01T00:00:00,4.00,25555,2573.00,2604.00,2590.50,-4.01,53.77,6.82,895.21
2000-01-01T00:00:00, Add row to /TRACKING.csv
2000-01-01T00:00:00, Number of rows in /TRACKING.csv: 4
2000-01-01T00:00:00, Number of rows in /TRACKING.csv is >= 4
2000-01-01T00:00:00, Remove tracking
2000-01-01T00:00:00, Write to /TRANSMIT.csv: 2000-01-01T00:00:00,4.00,2573.00,-4.0,54
2000-01-01T00:00:00, Number of rows in /TRANSMIT.csv: 1
2000-01-01T00:00:00, Current hour = 0, Transmission hour = 0
2000-01-01T00:00:00, 0100007257-04054
2000-01-01T00:00:00,  - attempt to send message: 0100007257-04054
2000-01-01T00:00:00,  - Modem begin successful
2000-01-01T00:00:00,  - Sending...
2000-01-01T00:00:00,  - Send response: 
2000-01-01T00:00:00,   - Sync clocks... 
2000-01-01T00:00:00,  - Arduino Old Time: 2000-00-20T00:84:03
2000-01-01T00:00:00,  - Failed to set valid RTC time
2000-01-01T00:00:00, Message sent! Removing /TRANSMIT.csv
2000-01-01T00:00:00, Done loop ...
2000-01-01T00:00:00, ... powering down.
2000-01-01T00:00:00, RTC Initialization Failed - Using Default Time
2000-01-01T00:00:00, Setup Complete
2000-01-01T00:00:00, Data: 2000-01-01T00:00:00,4.00,25555,2545.00,2609.00,2580.50,-2.36,48.35,6.60,895.05
2000-01-01T00:00:00, Add row to /TRACKING.csv
2000-01-01T00:00:00, Number of rows in /TRACKING.csv: 1
2000-01-01T00:00:00, Done loop ...
2000-01-01T00:00:00, ... powering down.
2000-01-01T00:00:00, RTC Initialization Failed - Using Default Time
2000-01-01T00:00:00, Setup Complete
2000-01-01T00:00:00, Data: 2000-01-01T00:00:00,4.00,25555,2545.00,2596.00,2565.00,-1.86,46.70,6.26,895.11
2000-01-01T00:00:00, Add row to /TRACKING.csv
2000-01-01T00:00:00, Number of rows in /TRACKING.csv: 2
2000-01-01T00:00:00, Done loop ...
2000-01-01T00:00:00, ... powering down.
2000-01-01T00:00:00, RTC Initialization Failed - Using Default Time
2000-01-01T00:00:00, Setup Complete
2000-01-01T00:00:00, Data: 2000-01-01T00:00:00,4.00,25555,2546.00,2593.00,2576.00,-2.32,47.66,5.22,895.21
2000-01-01T00:00:00, Add row to /TRACKING.csv
2000-01-01T00:00:00, Number of rows in /TRACKING.csv: 3
2000-01-01T00:00:00, Done loop ...
2000-01-01T00:00:00, ... powering down.
2000-01-01T00:00:00, RTC Initialization Failed - Using Default Time
2000-01-01T00:00:00, Setup Complete
2000-01-01T00:00:00, Data: 2000-01-01T00:00:00,4.00,25555,2542.00,2571.00,2548.00,-3.97,49.92,5.31,895.24
2000-01-01T00:00:00, Add row to /TRACKING.csv
2000-01-01T00:00:00, Number of rows in /TRACKING.csv: 4
2000-01-01T00:00:00, Number of rows in /TRACKING.csv is >= 4
2000-01-01T00:00:00, Remove tracking
2000-01-01T00:00:00, Write to /TRANSMIT.csv: 2000-01-01T00:00:00,4.00,2542.00,-4.0,50
2000-01-01T00:00:00, Number of rows in /TRANSMIT.csv: 1
2000-01-01T00:00:00, Current hour = 0, Transmission hour = 0
2000-01-01T00:00:00, 0100007254-04050
2000-01-01T00:00:00,  - attempt to send message: 0100007254-04050
2000-01-01T00:00:00,  - Modem begin successful
2000-01-01T00:00:00,  - Sending...
2000-01-01T00:00:00,  - Send response: 
2000-01-01T00:00:00,   - Sync clocks... 
2000-01-01T00:00:00,  - Arduino Old Time: 2000-00-20T00:84:03
2000-01-01T00:00:00,  - Failed to set valid RTC time
2000-01-01T00:00:00, Message sent! Removing /TRANSMIT.csv
2000-01-01T00:00:00, Done loop ...
2000-01-01T00:00:00, ... powering down.
2000-01-01T00:00:00, RTC Initialization Failed - Using Default Time
2000-01-01T00:00:00, Setup Complete
2000-01-01T00:00:00, Data: 2000-01-01T00:00:00,4.00,25555,2549.00,2570.00,2561.00,-2.66,46.62,4.98,895.16
2000-01-01T00:00:00, Add row to /TRACKING.csv
2000-01-01T00:00:00, Number of rows in /TRACKING.csv: 1
2000-01-01T00:00:00, Done loop ...
2000-01-01T00:00:00, ... powering down.
2000-01-01T00:00:00, RTC Initialization Failed - Using Default Time
2000-01-01T00:00:00, Setup Complete
2000-01-01T00:00:00, Data: 2000-01-01T00:00:00,4.00,25555,2529.00,2549.00,2535.50,-3.81,50.76,4.33,895.22
2000-01-01T00:00:00, Add row to /TRACKING.csv
2000-01-01T00:00:00, Number of rows in /TRACKING.csv: 2
2000-01-01T00:00:00, Done loop ...
2000-01-01T00:00:00, ... powering down.
2000-01-01T00:00:00, RTC Initialization Failed - Using Default Time
2000-01-01T00:00:00, Setup Complete
2000-01-01T00:00:00, Data: 2000-01-01T00:00:00,4.00,25555,2522.00,2542.00,2538.00,-5.16,49.87,3.10,895.17
2000-01-01T00:00:00, Add row to /TRACKING.csv
2000-01-01T00:00:00, Number of rows in /TRACKING.csv: 3
2000-01-01T00:00:00, Done loop ...
2000-01-01T00:00:00, ... powering down.
2000-01-01T00:00:00, RTC Initialization Failed - Using Default Time
2000-01-01T00:00:00, Setup Complete
2000-01-01T00:00:00, Data: 2000-01-01T00:00:00,3.89,25555,2529.00,2558.00,2544.50,-5.07,48.02,1.62,895.16
2000-01-01T00:00:00, Add row to /TRACKING.csv
2000-01-01T00:00:00, Number of rows in /TRACKING.csv: 4
2000-01-01T00:00:00, Number of rows in /TRACKING.csv is >= 4
2000-01-01T00:00:00, Remove tracking
2000-01-01T00:00:00, Write to /TRANSMIT.csv: 2000-01-01T00:00:00,3.89,2529.00,-5.1,48
2000-01-01T00:00:00, Number of rows in /TRANSMIT.csv: 1
2000-01-01T00:00:00, Current hour = 0, Transmission hour = 0
2000-01-01T00:00:00, 0100005253-05148
2000-01-01T00:00:00,  - attempt to send message: 0100005253-05148
2000-01-01T00:00:00,  - Modem begin successful
2000-01-01T00:00:00,  - Sending...
2000-01-01T00:00:00,  - Send response: 
2000-01-01T00:00:00,   - Sync clocks... 
2000-01-01T00:00:00,  - Arduino Old Time: 2000-00-20T00:84:03
2000-01-01T00:00:00,  - Failed to set valid RTC time
2000-01-01T00:00:00, Message sent! Removing /TRANSMIT.csv
2000-01-01T00:00:00, Done loop ...
2000-01-01T00:00:00, ... powering down.
2000-01-01T00:00:00, RTC Initialization Failed - Using Default Time
2000-01-01T00:00:00, Setup Complete
2000-01-01T00:00:00, Data: 2000-01-01T00:00:00,3.87,25555,2503.00,2565.00,2543.50,-5.32,49.18,0.35,895.20
2000-01-01T00:00:00, Add row to /TRACKING.csv
2000-01-01T00:00:00, Number of rows in /TRACKING.csv: 1
2000-01-01T00:00:00, Done loop ...
2000-01-01T00:00:00, ... powering down.
2000-01-01T00:00:00, RTC Initialization Failed - Using Default Time
2000-01-01T00:00:00, Setup Complete
2000-01-01T00:00:00, Data: 2000-01-01T00:00:00,3.80,25555,2533.00,2549.00,2544.00,-5.60,50.67,-1.10,895.15
2000-01-01T00:00:00, Add row to /TRACKING.csv
2000-01-01T00:00:00, Number of rows in /TRACKING.csv: 2
2000-01-01T00:00:00, Done loop ...
2000-01-01T00:00:00, ... powering down.
2000-01-01T00:00:00, RTC Initialization Failed - Using Default Time
2000-01-01T00:00:00, Setup Complete
2000-01-01T00:00:00, Data: 2000-01-01T00:00:00,3.76,25555,2524.00,2545.00,2528.00,-6.85,53.96,-4.01,895.03
2000-01-01T00:00:00, Add row to /TRACKING.csv
2000-01-01T00:00:00, Number of rows in /TRACKING.csv: 3
2000-01-01T00:00:00, Done loop ...
2000-01-01T00:00:00, ... powering down.
2000-01-01T00:00:00, RTC Initialization Failed - Using Default Time
2000-01-01T00:00:00, Setup Complete
2000-01-01T00:00:00, Data: 2000-01-01T00:00:00,3.76,25555,2520.00,2530.00,2525.50,-9.02,57.58,-7.03,895.05
2000-01-01T00:00:00, Add row to /TRACKING.csv
2000-01-01T00:00:00, Number of rows in /TRACKING.csv: 4
2000-01-01T00:00:00, Number of rows in /TRACKING.csv is >= 4
2000-01-01T00:00:00, Remove tracking
2000-01-01T00:00:00, Write to /TRANSMIT.csv: 2000-01-01T00:00:00,3.76,2520.00,-9.0,58
2000-01-01T00:00:00, Number of rows in /TRANSMIT.csv: 1
2000-01-01T00:00:00, Current hour = 0, Transmission hour = 0
2000-01-01T00:00:00, 0100004252-09058
2000-01-01T00:00:00,  - attempt to send message: 0100004252-09058
2000-01-01T00:00:00,  - Modem begin successful
2000-01-01T00:00:00,  - Sending...
2000-01-01T00:00:00,  - Send response: 
2000-01-01T00:00:00,   - Sync clocks... 
2000-01-01T00:00:00,  - Arduino Old Time: 2000-00-20T00:84:03
2000-01-01T00:00:00,  - Failed to set valid RTC time
2000-01-01T00:00:00, Message sent! Removing /TRANSMIT.csv
2000-01-01T00:00:00, Done loop ...
2000-01-01T00:00:00, ... powering down.
2000-01-01T00:00:00, RTC Initialization Failed - Using Default Time
2000-01-01T00:00:00, Setup Complete
2000-01-01T00:00:00, Data: 2000-01-01T00:00:00,3.75,25555,2522.00,2528.00,2525.50,-9.75,63.52,-8.92,895.11
2000-01-01T00:00:00, Add row to /TRACKING.csv
2000-01-01T00:00:00, Number of rows in /TRACKING.csv: 1
2000-01-01T00:00:00, Done loop ...
2000-01-01T00:00:00, ... powering down.
2000-01-01T00:00:00, RTC Initialization Failed - Using Default Time
2000-01-01T00:00:00, Setup Complete
2000-01-01T00:00:00, Data: 2000-01-01T00:00:00,3.75,25555,2516.00,2526.00,2523.00,-10.15,62.50,-10.31,895.19
2000-01-01T00:00:00, Add row to /TRACKING.csv
2000-01-01T00:00:00, Number of rows in /TRACKING.csv: 2
2000-01-01T00:00:00, Done loop ...
2000-01-01T00:00:00, ... powering down.
2000-01-01T00:00:00, RTC Initialization Failed - Using Default Time
2000-01-01T00:00:00, Setup Complete
2000-01-01T00:00:00, Data: 2000-01-01T00:00:00,3.74,25555,2510.00,2532.00,2515.50,-10.28,61.28,-11.05,895.26
2000-01-01T00:00:00, Add row to /TRACKING.csv
2000-01-01T00:00:00, Number of rows in /TRACKING.csv: 3
2000-01-01T00:00:00, Done loop ...
2000-01-01T00:00:00, ... powering down.
2000-01-01T00:00:00, RTC Initialization Failed - Using Default Time
2000-01-01T00:00:00, Setup Complete
2000-01-01T00:00:00, Data: 2000-01-01T00:00:00,3.73,25555,2507.00,2529.00,2517.50,-10.45,63.84,-11.54,895.42
2000-01-01T00:00:00, Add row to /TRACKING.csv
2000-01-01T00:00:00, Number of rows in /TRACKING.csv: 4
2000-01-01T00:00:00, Number of rows in /TRACKING.csv is >= 4
2000-01-01T00:00:00, Remove tracking
2000-01-01T00:00:00, Write to /TRANSMIT.csv: 2000-01-01T00:00:00,3.73,2507.00,-10.4,64
2000-01-01T00:00:00, Number of rows in /TRANSMIT.csv: 1
2000-01-01T00:00:00, Current hour = 0, Transmission hour = 0
2000-01-01T00:00:00, 0100004251-10464
2000-01-01T00:00:00,  - attempt to send message: 0100004251-10464
2000-01-01T00:00:00,  - Modem begin successful
2000-01-01T00:00:00,  - Sending...
2000-01-01T00:00:00,  - Send response: 
2000-01-01T00:00:00,   - Sync clocks... 
2000-01-01T00:00:00,  - Arduino Old Time: 2000-00-20T00:84:03
2000-01-01T00:00:00,  - Failed to set valid RTC time
2000-01-01T00:00:00, Message sent! Removing /TRANSMIT.csv
2000-01-01T00:00:00, Done loop ...
2000-01-01T00:00:00, ... powering down.
2000-01-01T00:00:00, RTC Initialization Failed - Using Default Time
2000-01-01T00:00:00, Setup Complete
2000-01-01T00:00:00, Data: 2000-01-01T00:00:00,3.74,25555,2508.00,2525.00,2513.50,-9.91,59.90,-11.41,895.39
2000-01-01T00:00:00, Add row to /TRACKING.csv
2000-01-01T00:00:00, Number of rows in /TRACKING.csv: 1
2000-01-01T00:00:00, Done loop ...
2000-01-01T00:00:00, ... powering down.
2000-01-01T00:00:00, RTC Initialization Failed - Using Default Time
2000-01-01T00:00:00, Setup Complete
2000-01-01T00:00:00, Data: 2000-01-01T00:00:00,3.74,25555,2497.00,2535.00,2519.50,-9.82,58.97,-11.46,895.38
2000-01-01T00:00:00, Add row to /TRACKING.csv
2000-01-01T00:00:00, Number of rows in /TRACKING.csv: 2
2000-01-01T00:00:00, Done loop ...
2000-01-01T00:00:00, ... powering down.
2000-01-01T00:00:00, RTC Initialization Failed - Using Default Time
2000-01-01T00:00:00, Setup Complete
2000-01-01T00:00:00, Data: 2000-01-01T00:00:00,3.74,25555,2510.00,2522.00,2515.00,-9.52,56.05,-11.40,895.30
2000-01-01T00:00:00, Add row to /TRACKING.csv
2000-01-01T00:00:00, Number of rows in /TRACKING.csv: 3
2000-01-01T00:00:00, Done loop ...
2000-01-01T00:00:00, ... powering down.
2000-01-01T00:00:00, RTC Initialization Failed - Using Default Time
2000-01-01T00:00:00, Setup Complete
2000-01-01T00:00:00, Data: 2000-01-01T00:00:00,3.73,25555,2514.00,2528.00,2522.50,-10.04,58.23,-11.41,895.30
2000-01-01T00:00:00, Add row to /TRACKING.csv
2000-01-01T00:00:00, Number of rows in /TRACKING.csv: 4
2000-01-01T00:00:00, Number of rows in /TRACKING.csv is >= 4
2000-01-01T00:00:00, Remove tracking
2000-01-01T00:00:00, Write to /TRANSMIT.csv: 2000-01-01T00:00:00,3.73,2514.00,-10.0,58
2000-01-01T00:00:00, Number of rows in /TRANSMIT.csv: 1
2000-01-01T00:00:00, Current hour = 0, Transmission hour = 0
2000-01-01T00:00:00, 0100004251-10058
2000-01-01T00:00:00,  - attempt to send message: 0100004251-10058
2000-01-01T00:00:00,  - Modem begin successful
2000-01-01T00:00:00,  - Sending...
2000-01-01T00:00:00,  - Send response: 
2000-01-01T00:00:00,   - Sync clocks... 
2000-01-01T00:00:00,  - Arduino Old Time: 2000-00-20T00:84:03
2000-01-01T00:00:00,  - Failed to set valid RTC time
2000-01-01T00:00:00, Message sent! Removing /TRANSMIT.csv
2000-01-01T00:00:00, Done loop ...
2000-01-01T00:00:00, ... powering down.
2000-01-01T00:00:00, RTC Initialization Failed - Using Default Time
2000-01-01T00:00:00, Setup Complete
2000-01-01T00:00:00, Data: 2000-01-01T00:00:00,3.74,25555,2512.00,2530.00,2526.00,-10.42,58.76,-11.82,895.41
2000-01-01T00:00:00, Add row to /TRACKING.csv
2000-01-01T00:00:00, Number of rows in /TRACKING.csv: 1
2000-01-01T00:00:00, Done loop ...
2000-01-01T00:00:00, ... powering down.
2000-01-01T00:00:00, RTC Initialization Failed - Using Default Time
2000-01-01T00:00:00, Setup Complete
2000-01-01T00:00:00, Data: 2000-01-01T00:00:00,3.74,25555,2509.00,2530.00,2521.00,-10.21,57.67,-11.97,895.49
2000-01-01T00:00:00, Add row to /TRACKING.csv
2000-01-01T00:00:00, Number of rows in /TRACKING.csv: 2
2000-01-01T00:00:00, Done loop ...
2000-01-01T00:00:00, ... powering down.
2000-01-01T00:00:00, RTC Initialization Failed - Using Default Time
2000-01-01T00:00:00, Setup Complete
2000-01-01T00:00:00, Data: 2000-01-01T00:00:00,3.73,25555,2510.00,2525.00,2520.00,-9.91,55.34,-11.96,895.54
2000-01-01T00:00:00, Add row to /TRACKING.csv
2000-01-01T00:00:00, Number of rows in /TRACKING.csv: 3
2000-01-01T00:00:00, Done loop ...
2000-01-01T00:00:00, ... powering down.
2000-01-01T00:00:00, RTC Initialization Failed - Using Default Time
2000-01-01T00:00:00, Setup Complete
2000-01-01T00:00:00, Data: 2000-01-01T00:00:00,3.73,25555,2505.00,2524.00,2511.00,-10.12,56.27,-11.87,895.48
2000-01-01T00:00:00, Add row to /TRACKING.csv
2000-01-01T00:00:00, Number of rows in /TRACKING.csv: 4
2000-01-01T00:00:00, Number of rows in /TRACKING.csv is >= 4
2000-01-01T00:00:00, Remove tracking
2000-01-01T00:00:00, Write to /TRANSMIT.csv: 2000-01-01T00:00:00,3.73,2505.00,-10.1,56
2000-01-01T00:00:00, Number of rows in /TRANSMIT.csv: 1
2000-01-01T00:00:00, Current hour = 0, Transmission hour = 0
2000-01-01T00:00:00, 0100004251-10156
2000-01-01T00:00:00,  - attempt to send message: 0100004251-10156
2000-01-01T00:00:00,  - Modem begin successful
2000-01-01T00:00:00,  - Sending...
2000-01-01T00:00:00,  - Send response: 
2000-01-01T00:00:00,   - Sync clocks... 
2000-01-01T00:00:00,  - Arduino Old Time: 2000-00-20T00:84:03
2000-01-01T00:00:00,  - Failed to set valid RTC time
2000-01-01T00:00:00, Message sent! Removing /TRANSMIT.csv
2000-01-01T00:00:00, Done loop ...
2000-01-01T00:00:00, ... powering down.
2000-01-01T00:00:00, RTC Initialization Failed - Using Default Time
2000-01-01T00:00:00, Setup Complete
2000-01-01T00:00:00, Data: 2000-01-01T00:00:00,3.73,25555,2510.00,2534.00,2517.00,-9.95,55.83,-11.73,895.60
2000-01-01T00:00:00, Add row to /TRACKING.csv
2000-01-01T00:00:00, Number of rows in /TRACKING.csv: 1
2000-01-01T00:00:00, Done loop ...
2000-01-01T00:00:00, ... powering down.
2000-01-01T00:00:00, RTC Initialization Failed - Using Default Time
2000-01-01T00:00:00, Setup Complete
2000-01-01T00:00:00, Data: 2000-01-01T00:00:00,3.73,25555,2497.00,2524.00,2519.00,-10.18,56.97,-11.94,895.59
2000-01-01T00:00:00, Add row to /TRACKING.csv
2000-01-01T00:00:00, Number of rows in /TRACKING.csv: 2
2000-01-01T00:00:00, Done loop ...
2000-01-01T00:00:00, ... powering down.
2000-01-01T00:00:00, RTC Initialization Failed - Using Default Time
2000-01-01T00:00:00, Setup Complete
2000-01-01T00:00:00, Data: 2000-01-01T00:00:00,3.73,25555,2505.00,2521.00,2513.50,-10.49,57.69,-12.22,895.67
2000-01-01T00:00:00, Add row to /TRACKING.csv
2000-01-01T00:00:00, Number of rows in /TRACKING.csv: 3
2000-01-01T00:00:00, Done loop ...
2000-01-01T00:00:00, ... powering down.
2000-01-01T00:00:00, RTC Initialization Failed - Using Default Time
2000-01-01T00:00:00, Setup Complete
2000-01-01T00:00:00, Data: 2000-01-01T00:00:00,3.73,25555,2503.00,2522.00,2511.50,-10.19,55.02,-12.35,895.83
2000-01-01T00:00:00, Add row to /TRACKING.csv
2000-01-01T00:00:00, Number of rows in /TRACKING.csv: 4
2000-01-01T00:00:00, Number of rows in /TRACKING.csv is >= 4
2000-01-01T00:00:00, Remove tracking
2000-01-01T00:00:00, Write to /TRANSMIT.csv: 2000-01-01T00:00:00,3.73,2503.00,-10.2,55
2000-01-01T00:00:00, Number of rows in /TRANSMIT.csv: 1
2000-01-01T00:00:00, Current hour = 0, Transmission hour = 0
2000-01-01T00:00:00, 0100004250-10255
2000-01-01T00:00:00,  - attempt to send message: 0100004250-10255
2000-01-01T00:00:00,  - Modem begin successful
2000-01-01T00:00:00,  - Sending...
2000-01-01T00:00:00,  - Send response: 
2000-01-01T00:00:00,   - Sync clocks... 
2000-01-01T00:00:00,  - Arduino Old Time: 2000-00-20T00:84:03
2000-01-01T00:00:00,  - Failed to set valid RTC time
2000-01-01T00:00:00, Message sent! Removing /TRANSMIT.csv
2000-01-01T00:00:00, Done loop ...
2000-01-01T00:00:00, ... powering down.
2000-01-01T00:00:00, RTC Initialization Failed - Using Default Time
2000-01-01T00:00:00, Setup Complete
2000-01-01T00:00:00, Data: 2000-01-01T00:00:00,3.73,25555,2507.00,2530.00,2510.00,-10.32,55.39,-12.33,895.92
2000-01-01T00:00:00, Add row to /TRACKING.csv
2000-01-01T00:00:00, Number of rows in /TRACKING.csv: 1
2000-01-01T00:00:00, Done loop ...
2000-01-01T00:00:00, ... powering down.
2000-01-01T00:00:00, RTC Initialization Failed - Using Default Time
2000-01-01T00:00:00, Setup Complete
2000-01-01T00:00:00, Data: 2000-01-01T00:00:00,3.73,25555,2518.00,2542.00,2520.00,-10.70,56.18,-12.52,896.06
2000-01-01T00:00:00, Add row to /TRACKING.csv
2000-01-01T00:00:00, Number of rows in /TRACKING.csv: 2
2000-01-01T00:00:00, Done loop ...
2000-01-01T00:00:00, ... powering down.
2000-01-01T00:00:00, RTC Initialization Failed - Using Default Time
2000-01-01T00:00:00, Setup Complete
2000-01-01T00:00:00, Data: 2000-01-01T00:00:00,3.73,25555,2518.00,2549.00,2534.50,-10.58,56.06,-12.58,896.20
2000-01-01T00:00:00, Add row to /TRACKING.csv
2000-01-01T00:00:00, Number of rows in /TRACKING.csv: 3
2000-01-01T00:00:00, Done loop ...
2000-01-01T00:00:00, ... powering down.
2000-01-01T00:00:00, RTC Initialization Failed - Using Default Time
2000-01-01T00:00:00, Setup Complete
2000-01-01T00:00:00, Data: 2000-01-01T00:00:00,3.73,25555,2518.00,2548.00,2528.50,-10.42,55.52,-12.39,896.26
2000-01-01T00:00:00, Add row to /TRACKING.csv
2000-01-01T00:00:00, Number of rows in /TRACKING.csv: 4
2000-01-01T00:00:00, Number of rows in /TRACKING.csv is >= 4
2000-01-01T00:00:00, Remove tracking
2000-01-01T00:00:00, Write to /TRANSMIT.csv: 2000-01-01T00:00:00,3.73,2518.00,-10.4,56
2000-01-01T00:00:00, Number of rows in /TRANSMIT.csv: 1
2000-01-01T00:00:00, Current hour = 0, Transmission hour = 0
2000-01-01T00:00:00, 0100004252-10456
2000-01-01T00:00:00,  - attempt to send message: 0100004252-10456
2000-01-01T00:00:00,  - Modem begin successful
2000-01-01T00:00:00,  - Sending...
2000-01-01T00:00:00,  - Send response: 
2000-01-01T00:00:00,   - Sync clocks... 
2000-01-01T00:00:00,  - Arduino Old Time: 2000-00-20T00:84:03
2000-01-01T00:00:00,  - Failed to set valid RTC time
2000-01-01T00:00:00, Message sent! Removing /TRANSMIT.csv
2000-01-01T00:00:00, Done loop ...
2000-01-01T00:00:00, ... powering down.
2000-01-01T00:00:00, RTC Initialization Failed - Using Default Time
2000-01-01T00:00:00, Setup Complete
2000-01-01T00:00:00, Data: 2000-01-01T00:00:00,3.73,25555,2507.00,2553.00,2532.00,-10.58,56.88,-12.30,896.36
2000-01-01T00:00:00, Add row to /TRACKING.csv
2000-01-01T00:00:00, Number of rows in /TRACKING.csv: 1
2000-01-01T00:00:00, Done loop ...
2000-01-01T00:00:00, ... powering down.
2000-01-01T00:00:00, RTC Initialization Failed - Using Default Time
2000-01-01T00:00:00, Setup Complete
2000-01-01T00:00:00, Data: 2000-01-01T00:00:00,3.73,25555,2506.00,2549.00,2519.50,-10.91,57.89,-12.48,896.37
2000-01-01T00:00:00, Add row to /TRACKING.csv
2000-01-01T00:00:00, Number of rows in /TRACKING.csv: 2
2000-01-01T00:00:00, Done loop ...
2000-01-01T00:00:00, ... powering down.
2000-01-01T00:00:00, RTC Initialization Failed - Using Default Time
2000-01-01T00:00:00, Setup Complete
2000-01-01T00:00:00, Data: 2000-01-01T00:00:00,3.73,25555,2507.00,2539.00,2522.00,-10.97,57.22,-12.68,896.47
2000-01-01T00:00:00, Add row to /TRACKING.csv
2000-01-01T00:00:00, Number of rows in /TRACKING.csv: 3
2000-01-01T00:00:00, Done loop ...
2000-01-01T00:00:00, ... powering down.
2000-01-01T00:00:00, RTC Initialization Failed - Using Default Time
2000-01-01T00:00:00, Setup Complete
2000-01-01T00:00:00, Data: 2000-01-01T00:00:00,3.73,25555,2507.00,2553.00,2538.50,-11.42,59.46,-12.98,896.53
2000-01-01T00:00:00, Add row to /TRACKING.csv
2000-01-01T00:00:00, Number of rows in /TRACKING.csv: 4
2000-01-01T00:00:00, Number of rows in /TRACKING.csv is >= 4
2000-01-01T00:00:00, Remove tracking
2000-01-01T00:00:00, Write to /TRANSMIT.csv: 2000-01-01T00:00:00,3.73,2507.00,-11.4,59
2000-01-01T00:00:00, Number of rows in /TRANSMIT.csv: 1
2000-01-01T00:00:00, Current hour = 0, Transmission hour = 0
2000-01-01T00:00:00, 0100004251-11459
2000-01-01T00:00:00,  - attempt to send message: 0100004251-11459
2000-01-01T00:00:00,  - Modem begin successful
2000-01-01T00:00:00,  - Sending...
2000-01-01T00:00:00,  - Send response: 
2000-01-01T00:00:00,   - Sync clocks... 
2000-01-01T00:00:00,  - Arduino Old Time: 2000-00-20T00:84:03
2000-01-01T00:00:00,  - Failed to set valid RTC time
2000-01-01T00:00:00, Message sent! Removing /TRANSMIT.csv
2000-01-01T00:00:00, Done loop ...
2000-01-01T00:00:00, ... powering down.
2000-01-01T00:00:00, RTC Initialization Failed - Using Default Time
2000-01-01T00:00:00, Setup Complete
2000-01-01T00:00:00, Data: 2000-01-01T00:00:00,3.73,25555,2513.00,2535.00,2522.50,-11.60,60.13,-13.19,896.67
2000-01-01T00:00:00, Add row to /TRACKING.csv
2000-01-01T00:00:00, Number of rows in /TRACKING.csv: 1
2000-01-01T00:00:00, Done loop ...
2000-01-01T00:00:00, ... powering down.
2000-01-01T00:00:00, RTC Initialization Failed - Using Default Time
2000-01-01T00:00:00, Setup Complete
2000-01-01T00:00:00, Data: 2000-01-01T00:00:00,3.73,25555,2516.00,2544.00,2522.50,-11.33,57.69,-13.27,896.83
2000-01-01T00:00:00, Add row to /TRACKING.csv
2000-01-01T00:00:00, Number of rows in /TRACKING.csv: 2
2000-01-01T00:00:00, Done loop ...
2000-01-01T00:00:00, ... powering down.
2000-01-01T00:00:00, RTC Initialization Failed - Using Default Time
2000-01-01T00:00:00, Setup Complete
2000-01-01T00:00:00, Data: 2000-01-01T00:00:00,3.72,25555,2511.00,2536.00,2522.50,-11.42,57.20,-13.10,896.98
2000-01-01T00:00:00, Add row to /TRACKING.csv
2000-01-01T00:00:00, Number of rows in /TRACKING.csv: 3
2000-01-01T00:00:00, Done loop ...
2000-01-01T00:00:00, ... powering down.
2000-01-01T00:00:00, RTC Initialization Failed - Using Default Time
2000-01-01T00:00:00, Setup Complete
2000-01-01T00:00:00, Data: 2000-01-01T00:00:00,3.73,25555,2522.00,2536.00,2528.00,-11.54,57.69,-13.15,897.15
2000-01-01T00:00:00, Add row to /TRACKING.csv
2000-01-01T00:00:00, Number of rows in /TRACKING.csv: 4
2000-01-01T00:00:00, Number of rows in /TRACKING.csv is >= 4
2000-01-01T00:00:00, Remove tracking
2000-01-01T00:00:00, Write to /TRANSMIT.csv: 2000-01-01T00:00:00,3.73,2522.00,-11.5,58
2000-01-01T00:00:00, Number of rows in /TRANSMIT.csv: 1
2000-01-01T00:00:00, Current hour = 0, Transmission hour = 0
2000-01-01T00:00:00, 0100004252-11558
2000-01-01T00:00:00,  - attempt to send message: 0100004252-11558
2000-01-01T00:00:00,  - Modem begin successful
2000-01-01T00:00:00,  - Sending...
2000-01-01T00:00:00,  - Send response: 
2000-01-01T00:00:00,   - Sync clocks... 
2000-01-01T00:00:00,  - Arduino Old Time: 2000-00-20T00:84:03
2000-01-01T00:00:00,  - Failed to set valid RTC time
2000-01-01T00:00:00, Message sent! Removing /TRANSMIT.csv
2000-01-01T00:00:00, Done loop ...
2000-01-01T00:00:00, ... powering down.
2000-01-01T00:00:00, RTC Initialization Failed - Using Default Time
2000-01-01T00:00:00, Setup Complete
2000-01-01T00:00:00, Data: 2000-01-01T00:00:00,3.73,25555,2520.00,2537.00,2528.00,-11.21,53.41,-13.14,897.21
2000-01-01T00:00:00, Add row to /TRACKING.csv
2000-01-01T00:00:00, Number of rows in /TRACKING.csv: 1
2000-01-01T00:00:00, Done loop ...
2000-01-01T00:00:00, ... powering down.
2000-01-01T00:00:00, RTC Initialization Failed - Using Default Time
2000-01-01T00:00:00, Setup Complete
2000-01-01T00:00:00, Data: 2000-01-01T00:00:00,3.73,25555,2515.00,2559.00,2543.00,-11.50,56.05,-13.16,897.21
2000-01-01T00:00:00, Add row to /TRACKING.csv
2000-01-01T00:00:00, Number of rows in /TRACKING.csv: 2
2000-01-01T00:00:00, Done loop ...
2000-01-01T00:00:00, ... powering down.
2000-01-01T00:00:00, RTC Initialization Failed - Using Default Time
2000-01-01T00:00:00, Setup Complete
2000-01-01T00:00:00, Data: 2000-01-01T00:00:00,3.73,25555,2516.00,2541.00,2529.50,-11.98,57.19,-13.36,897.25
2000-01-01T00:00:00, Add row to /TRACKING.csv
2000-01-01T00:00:00, Number of rows in /TRACKING.csv: 3
2000-01-01T00:00:00, Done loop ...
2000-01-01T00:00:00, ... powering down.
2000-01-01T00:00:00, RTC Initialization Failed - Using Default Time
2000-01-01T00:00:00, Setup Complete
2000-01-01T00:00:00, Data: 2000-01-01T00:00:00,3.73,25555,2522.00,2543.00,2529.00,-12.11,57.56,-13.50,897.34
2000-01-01T00:00:00, Add row to /TRACKING.csv
2000-01-01T00:00:00, Number of rows in /TRACKING.csv: 4
2000-01-01T00:00:00, Number of rows in /TRACKING.csv is >= 4
2000-01-01T00:00:00, Remove tracking
2000-01-01T00:00:00, Write to /TRANSMIT.csv: 2000-01-01T00:00:00,3.73,2522.00,-12.1,58
2000-01-01T00:00:00, Number of rows in /TRANSMIT.csv: 1
2000-01-01T00:00:00, Current hour = 0, Transmission hour = 0
2000-01-01T00:00:00, 0100004252-12158
2000-01-01T00:00:00,  - attempt to send message: 0100004252-12158
2000-01-01T00:00:00,  - Modem begin successful
2000-01-01T00:00:00,  - Sending...
2000-01-01T00:00:00,  - Send response: 
2000-01-01T00:00:00,   - Sync clocks... 
2000-01-01T00:00:00,  - Arduino Old Time: 2000-00-20T00:84:03
2000-01-01T00:00:00,  - Failed to set valid RTC time
2000-01-01T00:00:00, Message sent! Removing /TRANSMIT.csv
2000-01-01T00:00:00, Done loop ...
2000-01-01T00:00:00, ... powering down.
2000-01-01T00:00:00, RTC Initialization Failed - Using Default Time
2000-01-01T00:00:00, Setup Complete
2000-01-01T00:00:00, Data: 2000-01-01T00:00:00,3.73,25555,2507.00,2534.00,2527.00,-12.37,59.20,-13.65,897.33
2000-01-01T00:00:00, Add row to /TRACKING.csv
2000-01-01T00:00:00, Number of rows in /TRACKING.csv: 1
2000-01-01T00:00:00, Done loop ...
2000-01-01T00:00:00, ... powering down.
2000-01-01T00:00:00, RTC Initialization Failed - Using Default Time
2000-01-01T00:00:00, Setup Complete
2000-01-01T00:00:00, Data: 2000-01-01T00:00:00,3.73,25555,2521.00,2536.00,2529.50,-12.47,58.93,-13.88,897.42
2000-01-01T00:00:00, Add row to /TRACKING.csv
2000-01-01T00:00:00, Number of rows in /TRACKING.csv: 2
2000-01-01T00:00:00, Done loop ...
2000-01-01T00:00:00, ... powering down.
2000-01-01T00:00:00, RTC Initialization Failed - Using Default Time
2000-01-01T00:00:00, Setup Complete
2000-01-01T00:00:00, Data: 2000-01-01T00:00:00,3.72,25555,2532.00,2549.00,2539.00,-12.42,58.51,-13.96,897.44
2000-01-01T00:00:00, Add row to /TRACKING.csv
2000-01-01T00:00:00, Number of rows in /TRACKING.csv: 3
2000-01-01T00:00:00, Done loop ...
2000-01-01T00:00:00, ... powering down.
2000-01-01T00:00:00, RTC Initialization Failed - Using Default Time
2000-01-01T00:00:00, Setup Complete
2000-01-01T00:00:00, Data: 2000-01-01T00:00:00,3.72,25555,2519.00,2539.00,2533.00,-12.84,59.81,-14.29,897.58
2000-01-01T00:00:00, Add row to /TRACKING.csv
2000-01-01T00:00:00, Number of rows in /TRACKING.csv: 4
2000-01-01T00:00:00, Number of rows in /TRACKING.csv is >= 4
2000-01-01T00:00:00, Remove tracking
2000-01-01T00:00:00, Write to /TRANSMIT.csv: 2000-01-01T00:00:00,3.72,2519.00,-12.8,60
2000-01-01T00:00:00, Number of rows in /TRANSMIT.csv: 1
2000-01-01T00:00:00, Current hour = 0, Transmission hour = 0
2000-01-01T00:00:00, 0100004252-12860
2000-01-01T00:00:00,  - attempt to send message: 0100004252-12860
2000-01-01T00:00:00,  - Modem begin successful
2000-01-01T00:00:00,  - Sending...
2000-01-01T00:00:00,  - Send response: 
2000-01-01T00:00:00,   - Sync clocks... 
2000-01-01T00:00:00,  - Arduino Old Time: 2000-00-20T00:84:03
2000-01-01T00:00:00,  - Failed to set valid RTC time
2000-01-01T00:00:00, Message sent! Removing /TRANSMIT.csv
2000-01-01T00:00:00, Done loop ...
2000-01-01T00:00:00, ... powering down.
2000-01-01T00:00:00, RTC Initialization Failed - Using Default Time
2000-01-01T00:00:00, Setup Complete
2000-01-01T00:00:00, Data: 2000-01-01T00:00:00,3.72,25555,2513.00,2544.00,2530.00,-12.32,56.54,-14.25,897.63
2000-01-01T00:00:00, Add row to /TRACKING.csv
2000-01-01T00:00:00, Number of rows in /TRACKING.csv: 1
2000-01-01T00:00:00, Done loop ...
2000-01-01T00:00:00, ... powering down.
2000-01-01T00:00:00, RTC Initialization Failed - Using Default Time
2000-01-01T00:00:00, Setup Complete
2000-01-01T00:00:00, Data: 2000-01-01T00:00:00,3.72,25555,2524.00,2555.00,2541.50,-12.25,58.00,-14.16,897.65
2000-01-01T00:00:00, Add row to /TRACKING.csv
2000-01-01T00:00:00, Number of rows in /TRACKING.csv: 2
2000-01-01T00:00:00, Done loop ...
2000-01-01T00:00:00, ... powering down.
2000-01-01T00:00:00, RTC Initialization Failed - Using Default Time
2000-01-01T00:00:00, Setup Complete
2000-01-01T00:00:00, Data: 2000-01-01T00:00:00,3.72,25555,2520.00,2543.00,2530.50,-12.89,60.38,-14.40,897.54
2000-01-01T00:00:00, Add row to /TRACKING.csv
2000-01-01T00:00:00, Number of rows in /TRACKING.csv: 3
2000-01-01T00:00:00, Done loop ...
2000-01-01T00:00:00, ... powering down.
2000-01-01T00:00:00, RTC Initialization Failed - Using Default Time
2000-01-01T00:00:00, Setup Complete
2000-01-01T00:00:00, Data: 2000-01-01T00:00:00,3.72,25555,2507.00,2543.00,2528.50,-12.54,58.78,-14.46,897.61
2000-01-01T00:00:00, Add row to /TRACKING.csv
2000-01-01T00:00:00, Number of rows in /TRACKING.csv: 4
2000-01-01T00:00:00, Number of rows in /TRACKING.csv is >= 4
2000-01-01T00:00:00, Remove tracking
2000-01-01T00:00:00, Write to /TRANSMIT.csv: 2000-01-01T00:00:00,3.72,2507.00,-12.5,59
2000-01-01T00:00:00, Number of rows in /TRANSMIT.csv: 1
2000-01-01T00:00:00, Current hour = 0, Transmission hour = 0
2000-01-01T00:00:00, 0100004251-12559
2000-01-01T00:00:00,  - attempt to send message: 0100004251-12559
2000-01-01T00:00:00,  - Modem begin successful
2000-01-01T00:00:00,  - Sending...
2000-01-01T00:00:00,  - Send response: 
2000-01-01T00:00:00,   - Sync clocks... 
2000-01-01T00:00:00,  - Arduino Old Time: 2000-00-20T00:84:03
2000-01-01T00:00:00,  - Failed to set valid RTC time
2000-01-01T00:00:00, Message sent! Removing /TRANSMIT.csv
2000-01-01T00:00:00, Done loop ...
2000-01-01T00:00:00, ... powering down.
2000-01-01T00:00:00, RTC Initialization Failed - Using Default Time
2000-01-01T00:00:00, Setup Complete
2000-01-01T00:00:00, Data: 2000-01-01T00:00:00,3.72,25555,2525.00,2547.00,2529.50,-12.61,58.79,-14.42,897.60
2000-01-01T00:00:00, Add row to /TRACKING.csv
2000-01-01T00:00:00, Number of rows in /TRACKING.csv: 1
2000-01-01T00:00:00, Done loop ...
2000-01-01T00:00:00, ... powering down.
2000-01-01T00:00:00, RTC Initialization Failed - Using Default Time
2000-01-01T00:00:00, Setup Complete
2000-01-01T00:00:00, Data: 2000-01-01T00:00:00,3.71,25555,2526.00,2550.00,2534.50,-13.01,60.90,-14.55,897.54
2000-01-01T00:00:00, Add row to /TRACKING.csv
2000-01-01T00:00:00, Number of rows in /TRACKING.csv: 2
2000-01-01T00:00:00, Done loop ...
2000-01-01T00:00:00, ... powering down.
2000-01-01T00:00:00, RTC Initialization Failed - Using Default Time
2000-01-01T00:00:00, Setup Complete
2000-01-01T00:00:00, Data: 2000-01-01T00:00:00,3.71,25555,2523.00,2547.00,2539.00,-12.99,60.62,-14.60,897.63
2000-01-01T00:00:00, Add row to /TRACKING.csv
2000-01-01T00:00:00, Number of rows in /TRACKING.csv: 3
2000-01-01T00:00:00, Done loop ...
2000-01-01T00:00:00, ... powering down.
2000-01-01T00:00:00, RTC Initialization Failed - Using Default Time
2000-01-01T00:00:00, Setup Complete
2000-01-01T00:00:00, Data: 2000-01-01T00:00:00,3.72,25555,2518.00,2544.00,2529.00,-13.02,61.28,-14.74,897.75
2000-01-01T00:00:00, Add row to /TRACKING.csv
2000-01-01T00:00:00, Number of rows in /TRACKING.csv: 4
2000-01-01T00:00:00, Number of rows in /TRACKING.csv is >= 4
2000-01-01T00:00:00, Remove tracking
2000-01-01T00:00:00, Write to /TRANSMIT.csv: 2000-01-01T00:00:00,3.72,2518.00,-13.0,61
2000-01-01T00:00:00, Number of rows in /TRANSMIT.csv: 1
2000-01-01T00:00:00, Current hour = 0, Transmission hour = 0
2000-01-01T00:00:00, 0100004252-13061
2000-01-01T00:00:00,  - attempt to send message: 0100004252-13061
2000-01-01T00:00:00,  - Modem begin successful
2000-01-01T00:00:00,  - Sending...
2000-01-01T00:00:00,  - Send response: 
2000-01-01T00:00:00,   - Sync clocks... 
2000-01-01T00:00:00,  - Arduino Old Time: 2000-00-20T00:84:03
2000-01-01T00:00:00,  - Failed to set valid RTC time
2000-01-01T00:00:00, Message sent! Removing /TRANSMIT.csv
2000-01-01T00:00:00, Done loop ...
2000-01-01T00:00:00, ... powering down.
2000-01-01T00:00:00, RTC Initialization Failed - Using Default Time
2000-01-01T00:00:00, Setup Complete
2000-01-01T00:00:00, Data: 2000-01-01T00:00:00,3.72,25555,2520.00,2546.00,2533.50,-12.67,59.59,-14.40,897.70
2000-01-01T00:00:00, Add row to /TRACKING.csv
2000-01-01T00:00:00, Number of rows in /TRACKING.csv: 1
2000-01-01T00:00:00, Done loop ...
2000-01-01T00:00:00, ... powering down.
2000-01-01T00:00:00, RTC Initialization Failed - Using Default Time
2000-01-01T00:00:00, Setup Complete
2000-01-01T00:00:00, Data: 2000-01-01T00:00:00,3.71,25555,2522.00,2538.00,2526.50,-12.49,58.61,-14.02,897.71
2000-01-01T00:00:00, Add row to /TRACKING.csv
2000-01-01T00:00:00, Number of rows in /TRACKING.csv: 2
2000-01-01T00:00:00, Done loop ...
2000-01-01T00:00:00, ... powering down.
2000-01-01T00:00:00, RTC Initialization Failed - Using Default Time
2000-01-01T00:00:00, Setup Complete
2000-01-01T00:00:00, Data: 2000-01-01T00:00:00,3.71,25555,2530.00,2548.00,2539.00,-12.89,59.65,-14.03,897.61
2000-01-01T00:00:00, Add row to /TRACKING.csv
2000-01-01T00:00:00, Number of rows in /TRACKING.csv: 3
2000-01-01T00:00:00, Done loop ...
2000-01-01T00:00:00, ... powering down.
2000-01-01T00:00:00, RTC Initialization Failed - Using Default Time
2000-01-01T00:00:00, Setup Complete
2000-01-01T00:00:00, Data: 2000-01-01T00:00:00,3.72,25555,2531.00,2554.00,2542.00,-12.67,58.84,-14.25,897.56
2000-01-01T00:00:00, Add row to /TRACKING.csv
2000-01-01T00:00:00, Number of rows in /TRACKING.csv: 4
2000-01-01T00:00:00, Number of rows in /TRACKING.csv is >= 4
2000-01-01T00:00:00, Remove tracking
2000-01-01T00:00:00, Write to /TRANSMIT.csv: 2000-01-01T00:00:00,3.72,2531.00,-12.7,59
2000-01-01T00:00:00, Number of rows in /TRANSMIT.csv: 1
2000-01-01T00:00:00, Current hour = 0, Transmission hour = 0
2000-01-01T00:00:00, 0100004253-12759
2000-01-01T00:00:00,  - attempt to send message: 0100004253-12759
2000-01-01T00:00:00,  - Modem begin successful
2000-01-01T00:00:00,  - Sending...
2000-01-01T00:00:00,  - Send response: 
2000-01-01T00:00:00,   - Sync clocks... 
2000-01-01T00:00:00,  - Arduino Old Time: 2000-00-20T00:84:03
2000-01-01T00:00:00,  - Failed to set valid RTC time
2000-01-01T00:00:00, Message sent! Removing /TRANSMIT.csv
2000-01-01T00:00:00, Done loop ...
2000-01-01T00:00:00, ... powering down.
2000-01-01T00:00:00, RTC Initialization Failed - Using Default Time
2000-01-01T00:00:00, Setup Complete
2000-01-01T00:00:00, Data: 2000-01-01T00:00:00,3.72,25555,2524.00,2549.00,2531.00,-12.71,59.19,-14.20,897.45
2000-01-01T00:00:00, Add row to /TRACKING.csv
2000-01-01T00:00:00, Number of rows in /TRACKING.csv: 1
2000-01-01T00:00:00, Done loop ...
2000-01-01T00:00:00, ... powering down.
2000-01-01T00:00:00, RTC Initialization Failed - Using Default Time
2000-01-01T00:00:00, Setup Complete
2000-01-01T00:00:00, Data: 2000-01-01T00:00:00,3.71,25555,2526.00,2560.00,2548.00,-12.92,58.54,-14.37,897.55
2000-01-01T00:00:00, Add row to /TRACKING.csv
2000-01-01T00:00:00, Number of rows in /TRACKING.csv: 2
2000-01-01T00:00:00, Done loop ...
2000-01-01T00:00:00, ... powering down.
2000-01-01T00:00:00, RTC Initialization Failed - Using Default Time
2000-01-01T00:00:00, Setup Complete
2000-01-01T00:00:00, Data: 2000-01-01T00:00:00,3.71,25555,2533.00,2557.00,2539.50,-12.89,58.29,-14.31,897.58
2000-01-01T00:00:00, Add row to /TRACKING.csv
2000-01-01T00:00:00, Number of rows in /TRACKING.csv: 3
2000-01-01T00:00:00, Done loop ...
2000-01-01T00:00:00, ... powering down.
2000-01-01T00:00:00, RTC Initialization Failed - Using Default Time
2000-01-01T00:00:00, Setup Complete
2000-01-01T00:00:00, Data: 2000-01-01T00:00:00,3.72,25555,2528.00,2551.00,2537.00,-12.70,57.63,-14.23,897.56
2000-01-01T00:00:00, Add row to /TRACKING.csv
2000-01-01T00:00:00, Number of rows in /TRACKING.csv: 4
2000-01-01T00:00:00, Number of rows in /TRACKING.csv is >= 4
2000-01-01T00:00:00, Remove tracking
2000-01-01T00:00:00, Write to /TRANSMIT.csv: 2000-01-01T00:00:00,3.72,2528.00,-12.7,58
2000-01-01T00:00:00, Number of rows in /TRANSMIT.csv: 1
2000-01-01T00:00:00, Current hour = 0, Transmission hour = 0
2000-01-01T00:00:00, 0100004253-12758
2000-01-01T00:00:00,  - attempt to send message: 0100004253-12758
2000-01-01T00:00:00,  - Modem begin successful
2000-01-01T00:00:00,  - Sending...
2000-01-01T00:00:00,  - Send response: 
2000-01-01T00:00:00,   - Sync clocks... 
2000-01-01T00:00:00,  - Arduino Old Time: 2000-00-20T00:84:03
2000-01-01T00:00:00,  - Failed to set valid RTC time
2000-01-01T00:00:00, Message sent! Removing /TRANSMIT.csv
2000-01-01T00:00:00, Done loop ...
2000-01-01T00:00:00, ... powering down.
2000-01-01T00:00:00, RTC Initialization Failed - Using Default Time
2000-01-01T00:00:00, Setup Complete
2000-01-01T00:00:00, Data: 2000-01-01T00:00:00,3.73,25555,2529.00,2541.00,2535.00,-13.11,59.80,-14.04,897.62
2000-01-01T00:00:00, Add row to /TRACKING.csv
2000-01-01T00:00:00, Number of rows in /TRACKING.csv: 1
2000-01-01T00:00:00, Done loop ...
2000-01-01T00:00:00, ... powering down.
2000-01-01T00:00:00, RTC Initialization Failed - Using Default Time
2000-01-01T00:00:00, Setup Complete
2000-01-01T00:00:00, Data: 2000-01-01T00:00:00,3.73,25555,2537.00,2562.00,2545.50,-13.02,58.70,-13.99,897.63
2000-01-01T00:00:00, Add row to /TRACKING.csv
2000-01-01T00:00:00, Number of rows in /TRACKING.csv: 2
2000-01-01T00:00:00, Done loop ...
2000-01-01T00:00:00, ... powering down.
2000-01-01T00:00:00, RTC Initialization Failed - Using Default Time
2000-01-01T00:00:00, Setup Complete
2000-01-01T00:00:00, Data: 2000-01-01T00:00:00,4.00,25555,2531.00,2546.00,2542.00,-11.63,53.60,-10.76,898.06
2000-01-01T00:00:00, Add row to /TRACKING.csv
2000-01-01T00:00:00, Number of rows in /TRACKING.csv: 3
2000-01-01T00:00:00, Done loop ...
2000-01-01T00:00:00, ... powering down.
2000-01-01T00:00:00, RTC Initialization Failed - Using Default Time
2000-01-01T00:00:00, Setup Complete
2000-01-01T00:00:00, Data: 2000-01-01T00:00:00,4.00,25555,2555.00,2588.00,2572.50,-10.83,51.66,-5.64,898.10
2000-01-01T00:00:00, Add row to /TRACKING.csv
2000-01-01T00:00:00, Number of rows in /TRACKING.csv: 4
2000-01-01T00:00:00, Number of rows in /TRACKING.csv is >= 4
2000-01-01T00:00:00, Remove tracking
2000-01-01T00:00:00, Write to /TRANSMIT.csv: 2000-01-01T00:00:00,4.00,2555.00,-10.8,52
2000-01-01T00:00:00, Number of rows in /TRANSMIT.csv: 1
2000-01-01T00:00:00, Current hour = 0, Transmission hour = 0
2000-01-01T00:00:00, 0100007256-10852
2000-01-01T00:00:00,  - attempt to send message: 0100007256-10852
2000-01-01T00:00:00,  - Modem begin successful
2000-01-01T00:00:00,  - Sending...
2000-01-01T00:00:00,  - Send response: 
2000-01-01T00:00:00,   - Sync clocks... 
2000-01-01T00:00:00,  - Arduino Old Time: 2000-00-20T00:84:03
2000-01-01T00:00:00,  - Failed to set valid RTC time
2000-01-01T00:00:00, Message sent! Removing /TRANSMIT.csv
2000-01-01T00:00:00, Done loop ...
2000-01-01T00:00:00, ... powering down.
2000-01-01T00:00:00, RTC Initialization Failed - Using Default Time
2000-01-01T00:00:00, Setup Complete
2000-01-01T00:00:00, Data: 2000-01-01T00:00:00,4.00,25555,2557.00,2590.00,2567.50,-10.42,49.13,-3.27,898.10
2000-01-01T00:00:00, Add row to /TRACKING.csv
2000-01-01T00:00:00, Number of rows in /TRACKING.csv: 1
2000-01-01T00:00:00, Done loop ...
2000-01-01T00:00:00, ... powering down.
2000-01-01T00:00:00, RTC Initialization Failed - Using Default Time
2000-01-01T00:00:00, Setup Complete
2000-01-01T00:00:00, Data: 2000-01-01T00:00:00,4.00,25555,2573.00,2604.00,2583.50,-8.70,43.32,-0.75,898.31
2000-01-01T00:00:00, Add row to /TRACKING.csv
2000-01-01T00:00:00, Number of rows in /TRACKING.csv: 2
2000-01-01T00:00:00, Done loop ...
2000-01-01T00:00:00, ... powering down.
2000-01-01T00:00:00, RTC Initialization Failed - Using Default Time
2000-01-01T00:00:00, Setup Complete
2000-01-01T00:00:00, Data: 2000-01-01T00:00:00,4.00,25555,2572.00,2604.00,2589.50,-9.66,44.40,1.31,897.94
2000-01-01T00:00:00, Add row to /TRACKING.csv
2000-01-01T00:00:00, Number of rows in /TRACKING.csv: 3
2000-01-01T00:00:00, Done loop ...
2000-01-01T00:00:00, ... powering down.
2000-01-01T00:00:00, RTC Initialization Failed - Using Default Time
2000-01-01T00:00:00, Setup Complete
2000-01-01T00:00:00, Data: 2000-01-01T00:00:00,4.00,25555,2564.00,2591.00,2570.00,-9.99,47.40,1.43,898.13
2000-01-01T00:00:00, Add row to /TRACKING.csv
2000-01-01T00:00:00, Number of rows in /TRACKING.csv: 4
2000-01-01T00:00:00, Number of rows in /TRACKING.csv is >= 4
2000-01-01T00:00:00, Remove tracking
2000-01-01T00:00:00, Write to /TRANSMIT.csv: 2000-01-01T00:00:00,4.00,2564.00,-10.0,47
2000-01-01T00:00:00, Number of rows in /TRANSMIT.csv: 1
2000-01-01T00:00:00, Current hour = 0, Transmission hour = 0
2000-01-01T00:00:00, 0100007256-10047
2000-01-01T00:00:00,  - attempt to send message: 0100007256-10047
2000-01-01T00:00:00,  - Modem begin successful
2000-01-01T00:00:00,  - Sending...
2000-01-01T00:00:00,  - Send response: 
2000-01-01T00:00:00,   - Sync clocks... 
2000-01-01T00:00:00,  - Arduino Old Time: 2000-00-20T00:84:03
2000-01-01T00:00:00,  - Failed to set valid RTC time
2000-01-01T00:00:00, Message sent! Removing /TRANSMIT.csv
2000-01-01T00:00:00, Done loop ...
2000-01-01T00:00:00, ... powering down.
2000-01-01T00:00:00, RTC Initialization Failed - Using Default Time
2000-01-01T00:00:00, Setup Complete
2000-01-01T00:00:00, Data: 2000-01-01T00:00:00,4.00,25555,2561.00,2588.00,2571.50,-8.70,45.38,2.18,898.25
2000-01-01T00:00:00, Add row to /TRACKING.csv
2000-01-01T00:00:00, Number of rows in /TRACKING.csv: 1
2000-01-01T00:00:00, Done loop ...
2000-01-01T00:00:00, ... powering down.
2000-01-01T00:00:00, RTC Initialization Failed - Using Default Time
2000-01-01T00:00:00, Setup Complete
2000-01-01T00:00:00, Data: 2000-01-01T00:00:00,4.00,25555,2562.00,2577.00,2571.00,-8.28,44.12,1.76,898.39
2000-01-01T00:00:00, Add row to /TRACKING.csv
2000-01-01T00:00:00, Number of rows in /TRACKING.csv: 2
2000-01-01T00:00:00, Done loop ...
2000-01-01T00:00:00, ... powering down.
2000-01-01T00:00:00, RTC Initialization Failed - Using Default Time
2000-01-01T00:00:00, Setup Complete
2000-01-01T00:00:00, Data: 2000-01-01T00:00:00,3.99,25555,2584.00,2614.00,2595.00,-7.66,41.31,1.97,898.15
2000-01-01T00:00:00, Add row to /TRACKING.csv
2000-01-01T00:00:00, Number of rows in /TRACKING.csv: 3
2000-01-01T00:00:00, Done loop ...
2000-01-01T00:00:00, ... powering down.
2000-01-01T00:00:00, RTC Initialization Failed - Using Default Time
2000-01-01T00:00:00, Setup Complete
2000-01-01T00:00:00, Data: 2000-01-01T00:00:00,4.00,25555,2571.00,2618.00,2601.50,-8.21,43.11,1.57,898.43
2000-01-01T00:00:00, Add row to /TRACKING.csv
2000-01-01T00:00:00, Number of rows in /TRACKING.csv: 4
2000-01-01T00:00:00, Number of rows in /TRACKING.csv is >= 4
2000-01-01T00:00:00, Remove tracking
2000-01-01T00:00:00, Write to /TRANSMIT.csv: 2000-01-01T00:00:00,4.00,2571.00,-8.2,43
2000-01-01T00:00:00, Number of rows in /TRANSMIT.csv: 1
2000-01-01T00:00:00, Current hour = 0, Transmission hour = 0
2000-01-01T00:00:00, 0100007257-08243
2000-01-01T00:00:00,  - attempt to send message: 0100007257-08243
2000-01-01T00:00:00,  - Modem begin successful
2000-01-01T00:00:00,  - Sending...
2000-01-01T00:00:00,  - Send response: 
2000-01-01T00:00:00,   - Sync clocks... 
2000-01-01T00:00:00,  - Arduino Old Time: 2000-00-20T00:84:03
2000-01-01T00:00:00,  - Failed to set valid RTC time
2000-01-01T00:00:00, Message sent! Removing /TRANSMIT.csv
2000-01-01T00:00:00, Done loop ...
2000-01-01T00:00:00, ... powering down.
2000-01-01T00:00:00, RTC Initialization Failed - Using Default Time
2000-01-01T00:00:00, Setup Complete
2000-01-01T00:00:00, Data: 2000-01-01T00:00:00,4.00,25555,2569.00,2575.00,2572.00,-8.73,43.78,1.84,898.48
2000-01-01T00:00:00, Add row to /TRACKING.csv
2000-01-01T00:00:00, Number of rows in /TRACKING.csv: 1
2000-01-01T00:00:00, Done loop ...
2000-01-01T00:00:00, ... powering down.
2000-01-01T00:00:00, RTC Initialization Failed - Using Default Time
2000-01-01T00:00:00, Setup Complete
2000-01-01T00:00:00, Data: 2000-01-01T00:00:00,4.00,25555,2566.00,2601.00,2575.00,-9.95,48.71,1.24,898.47
2000-01-01T00:00:00, Add row to /TRACKING.csv
2000-01-01T00:00:00, Number of rows in /TRACKING.csv: 2
2000-01-01T00:00:00, Done loop ...
2000-01-01T00:00:00, ... powering down.
2000-01-01T00:00:00, RTC Initialization Failed - Using Default Time
2000-01-01T00:00:00, Setup Complete
2000-01-01T00:00:00, Data: 2000-01-01T00:00:00,4.00,25555,2574.00,2616.00,2592.00,-8.37,47.18,1.73,898.65
2000-01-01T00:00:00, Add row to /TRACKING.csv
2000-01-01T00:00:00, Number of rows in /TRACKING.csv: 3
2000-01-01T00:00:00, Done loop ...
2000-01-01T00:00:00, ... powering down.
2000-01-01T00:00:00, RTC Initialization Failed - Using Default Time
2000-01-01T00:00:00, Setup Complete
2000-01-01T00:00:00, Data: 2000-01-01T00:00:00,3.98,25555,2579.00,2618.00,2595.50,-7.83,45.30,2.90,898.49
2000-01-01T00:00:00, Add row to /TRACKING.csv
2000-01-01T00:00:00, Number of rows in /TRACKING.csv: 4
2000-01-01T00:00:00, Number of rows in /TRACKING.csv is >= 4
2000-01-01T00:00:00, Remove tracking
2000-01-01T00:00:00, Write to /TRANSMIT.csv: 2000-01-01T00:00:00,3.98,2579.00,-7.8,45
2000-01-01T00:00:00, Number of rows in /TRANSMIT.csv: 1
2000-01-01T00:00:00, Current hour = 0, Transmission hour = 0
2000-01-01T00:00:00, 0100006258-07845
2000-01-01T00:00:00,  - attempt to send message: 0100006258-07845
2000-01-01T00:00:00,  - Modem begin successful
2000-01-01T00:00:00,  - Sending...
2000-01-01T00:00:00,  - Send response: 
2000-01-01T00:00:00,   - Sync clocks... 
2000-01-01T00:00:00,  - Arduino Old Time: 2000-00-20T00:84:03
2000-01-01T00:00:00,  - Failed to set valid RTC time
2000-01-01T00:00:00, Message sent! Removing /TRANSMIT.csv
2000-01-01T00:00:00, Done loop ...
2000-01-01T00:00:00, ... powering down.
2000-01-01T00:00:00, RTC Initialization Failed - Using Default Time
2000-01-01T00:00:00, Setup Complete
2000-01-01T00:00:00, Data: 2000-01-01T00:00:00,4.00,25555,2564.00,2607.00,2582.00,-9.02,48.17,1.99,898.26
2000-01-01T00:00:00, Add row to /TRACKING.csv
2000-01-01T00:00:00, Number of rows in /TRACKING.csv: 1
2000-01-01T00:00:00, Done loop ...
2000-01-01T00:00:00, ... powering down.
2000-01-01T00:00:00, RTC Initialization Failed - Using Default Time
2000-01-01T00:00:00, Setup Complete
2000-01-01T00:00:00, Data: 2000-01-01T00:00:00,4.00,25555,2555.00,2588.00,2563.50,-8.80,48.67,1.03,898.41
2000-01-01T00:00:00, Add row to /TRACKING.csv
2000-01-01T00:00:00, Number of rows in /TRACKING.csv: 2
2000-01-01T00:00:00, Done loop ...
2000-01-01T00:00:00, ... powering down.
2000-01-01T00:00:00, RTC Initialization Failed - Using Default Time
2000-01-01T00:00:00, Setup Complete
2000-01-01T00:00:00, Data: 2000-01-01T00:00:00,4.00,25555,2532.00,2604.00,2578.00,-7.78,45.71,2.22,898.31
2000-01-01T00:00:00, Add row to /TRACKING.csv
2000-01-01T00:00:00, Number of rows in /TRACKING.csv: 3
2000-01-01T00:00:00, Done loop ...
2000-01-01T00:00:00, ... powering down.
2000-01-01T00:00:00, RTC Initialization Failed - Using Default Time
2000-01-01T00:00:00, Setup Complete
2000-01-01T00:00:00, Data: 2000-01-01T00:00:00,4.00,25555,2559.00,2601.00,2576.50,-7.80,45.23,2.61,897.98
2000-01-01T00:00:00, Add row to /TRACKING.csv
2000-01-01T00:00:00, Number of rows in /TRACKING.csv: 4
2000-01-01T00:00:00, Number of rows in /TRACKING.csv is >= 4
2000-01-01T00:00:00, Remove tracking
2000-01-01T00:00:00, Write to /TRANSMIT.csv: 2000-01-01T00:00:00,4.00,2559.00,-7.8,45
2000-01-01T00:00:00, Number of rows in /TRANSMIT.csv: 1
2000-01-01T00:00:00, Current hour = 0, Transmission hour = 0
2000-01-01T00:00:00, 0100007256-07845
2000-01-01T00:00:00,  - attempt to send message: 0100007256-07845
2000-01-01T00:00:00,  - Modem begin successful
2000-01-01T00:00:00,  - Sending...
2000-01-01T00:00:00,  - Send response: 
2000-01-01T00:00:00,   - Sync clocks... 
2000-01-01T00:00:00,  - Arduino Old Time: 2000-00-20T00:84:03
2000-01-01T00:00:00,  - Failed to set valid RTC time
2000-01-01T00:00:00, Message sent! Removing /TRANSMIT.csv
2000-01-01T00:00:00, Done loop ...
2000-01-01T00:00:00, ... powering down.
2000-01-01T00:00:00, RTC Initialization Failed - Using Default Time
2000-01-01T00:00:00, Setup Complete
2000-01-01T00:00:00, Data: 2000-01-01T00:00:00,4.00,25555,2555.00,2585.00,2561.50,-7.86,50.00,1.49,898.21
2000-01-01T00:00:00, Add row to /TRACKING.csv
2000-01-01T00:00:00, Number of rows in /TRACKING.csv: 1
2000-01-01T00:00:00, Done loop ...
2000-01-01T00:00:00, ... powering down.
2000-01-01T00:00:00, RTC Initialization Failed - Using Default Time
2000-01-01T00:00:00, Setup Complete
2000-01-01T00:00:00, Data: 2000-01-01T00:00:00,4.00,25555,2565.00,2600.00,2572.50,-6.64,40.65,2.15,897.63
2000-01-01T00:00:00, Add row to /TRACKING.csv
2000-01-01T00:00:00, Number of rows in /TRACKING.csv: 2
2000-01-01T00:00:00, Done loop ...
2000-01-01T00:00:00, ... powering down.
2000-01-01T00:00:00, RTC Initialization Failed - Using Default Time
2000-01-01T00:00:00, Setup Complete
2000-01-01T00:00:00, Data: 2000-01-01T00:00:00,4.00,25555,2559.00,2590.00,2579.00,-5.04,39.41,2.06,897.99
2000-01-01T00:00:00, Add row to /TRACKING.csv
2000-01-01T00:00:00, Number of rows in /TRACKING.csv: 3
2000-01-01T00:00:00, Done loop ...
2000-01-01T00:00:00, ... powering down.
2000-01-01T00:00:00, RTC Initialization Failed - Using Default Time
2000-01-01T00:00:00, Setup Complete
2000-01-01T00:00:00, Data: 2000-01-01T00:00:00,4.00,25555,2549.00,2561.00,2554.00,-6.69,42.96,1.53,897.70
2000-01-01T00:00:00, Add row to /TRACKING.csv
2000-01-01T00:00:00, Number of rows in /TRACKING.csv: 4
2000-01-01T00:00:00, Number of rows in /TRACKING.csv is >= 4
2000-01-01T00:00:00, Remove tracking
2000-01-01T00:00:00, Write to /TRANSMIT.csv: 2000-01-01T00:00:00,4.00,2549.00,-6.7,43
2000-01-01T00:00:00, Number of rows in /TRANSMIT.csv: 1
2000-01-01T00:00:00, Current hour = 0, Transmission hour = 0
2000-01-01T00:00:00, 0100007255-06743
2000-01-01T00:00:00,  - attempt to send message: 0100007255-06743
2000-01-01T00:00:00,  - Modem begin successful
2000-01-01T00:00:00,  - Sending...
2000-01-01T00:00:00,  - Send response: 
2000-01-01T00:00:00,   - Sync clocks... 
2000-01-01T00:00:00,  - Arduino Old Time: 2000-00-20T00:84:03
2000-01-01T00:00:00,  - Failed to set valid RTC time
2000-01-01T00:00:00, Message sent! Removing /TRANSMIT.csv
2000-01-01T00:00:00, Done loop ...
2000-01-01T00:00:00, ... powering down.
2000-01-01T00:00:00, RTC Initialization Failed - Using Default Time
2000-01-01T00:00:00, Setup Complete
2000-01-01T00:00:00, Data: 2000-01-01T00:00:00,4.00,25555,2546.00,2561.00,2554.50,-6.04,43.04,1.12,897.81
2000-01-01T00:00:00, Add row to /TRACKING.csv
2000-01-01T00:00:00, Number of rows in /TRACKING.csv: 1
2000-01-01T00:00:00, Done loop ...
2000-01-01T00:00:00, ... powering down.
2000-01-01T00:00:00, RTC Initialization Failed - Using Default Time
2000-01-01T00:00:00, Setup Complete
2000-01-01T00:00:00, Data: 2000-01-01T00:00:00,4.00,25555,2547.00,2559.00,2550.00,-6.87,41.90,1.00,897.49
2000-01-01T00:00:00, Add row to /TRACKING.csv
2000-01-01T00:00:00, Number of rows in /TRACKING.csv: 2
2000-01-01T00:00:00, Done loop ...
2000-01-01T00:00:00, ... powering down.
2000-01-01T00:00:00, RTC Initialization Failed - Using Default Time
2000-01-01T00:00:00, Setup Complete
2000-01-01T00:00:00, Data: 2000-01-01T00:00:00,4.00,25555,2546.00,2561.00,2554.00,-4.35,36.57,1.30,897.37
2000-01-01T00:00:00, Add row to /TRACKING.csv
2000-01-01T00:00:00, Number of rows in /TRACKING.csv: 3
2000-01-01T00:00:00, Done loop ...
2000-01-01T00:00:00, ... powering down.
2000-01-01T00:00:00, RTC Initialization Failed - Using Default Time
2000-01-01T00:00:00, Setup Complete
2000-01-01T00:00:00, Data: 2000-01-01T00:00:00,4.00,25555,2544.00,2563.00,2548.50,-4.76,39.16,1.36,897.42
2000-01-01T00:00:00, Add row to /TRACKING.csv
2000-01-01T00:00:00, Number of rows in /TRACKING.csv: 4
2000-01-01T00:00:00, Number of rows in /TRACKING.csv is >= 4
2000-01-01T00:00:00, Remove tracking
2000-01-01T00:00:00, Write to /TRANSMIT.csv: 2000-01-01T00:00:00,4.00,2544.00,-4.8,39
2000-01-01T00:00:00, Number of rows in /TRANSMIT.csv: 1
2000-01-01T00:00:00, Current hour = 0, Transmission hour = 0
2000-01-01T00:00:00, 0100007254-04839
2000-01-01T00:00:00,  - attempt to send message: 0100007254-04839
2000-01-01T00:00:00,  - Modem begin successful
2000-01-01T00:00:00,  - Sending...
2000-01-01T00:00:00,  - Send response: 
2000-01-01T00:00:00,   - Sync clocks... 
2000-01-01T00:00:00,  - Arduino Old Time: 2000-00-20T00:84:03
2000-01-01T00:00:00,  - Failed to set valid RTC time
2000-01-01T00:00:00, Message sent! Removing /TRANSMIT.csv
2000-01-01T00:00:00, Done loop ...
2000-01-01T00:00:00, ... powering down.
2000-01-01T00:00:00, RTC Initialization Failed - Using Default Time
2000-01-01T00:00:00, Setup Complete
2000-01-01T00:00:00, Data: 2000-01-01T00:00:00,4.00,25555,2548.00,2559.00,2550.00,-5.07,35.27,1.20,897.20
2000-01-01T00:00:00, Add row to /TRACKING.csv
2000-01-01T00:00:00, Number of rows in /TRACKING.csv: 1
2000-01-01T00:00:00, Done loop ...
2000-01-01T00:00:00, ... powering down.
2000-01-01T00:00:00, RTC Initialization Failed - Using Default Time
2000-01-01T00:00:00, Setup Complete
2000-01-01T00:00:00, Data: 2000-01-01T00:00:00,3.88,25555,2547.00,2575.00,2556.00,-6.36,41.16,0.07,897.33
2000-01-01T00:00:00, Add row to /TRACKING.csv
2000-01-01T00:00:00, Number of rows in /TRACKING.csv: 2
2000-01-01T00:00:00, Done loop ...
2000-01-01T00:00:00, ... powering down.
2000-01-01T00:00:00, RTC Initialization Failed - Using Default Time
2000-01-01T00:00:00, Setup Complete
2000-01-01T00:00:00, Data: 2000-01-01T00:00:00,3.86,25555,2552.00,2588.00,2565.00,-6.90,45.07,-1.39,897.33
2000-01-01T00:00:00, Add row to /TRACKING.csv
2000-01-01T00:00:00, Number of rows in /TRACKING.csv: 3
2000-01-01T00:00:00, Done loop ...
2000-01-01T00:00:00, ... powering down.
2000-01-01T00:00:00, RTC Initialization Failed - Using Default Time
2000-01-01T00:00:00, Setup Complete
2000-01-01T00:00:00, Data: 2000-01-01T00:00:00,3.78,25555,2548.00,2587.00,2561.50,-6.87,44.19,-2.45,897.26
2000-01-01T00:00:00, Add row to /TRACKING.csv
2000-01-01T00:00:00, Number of rows in /TRACKING.csv: 4
2000-01-01T00:00:00, Number of rows in /TRACKING.csv is >= 4
2000-01-01T00:00:00, Remove tracking
2000-01-01T00:00:00, Write to /TRANSMIT.csv: 2000-01-01T00:00:00,3.78,2548.00,-6.9,44
2000-01-01T00:00:00, Number of rows in /TRANSMIT.csv: 1
2000-01-01T00:00:00, Current hour = 0, Transmission hour = 0
2000-01-01T00:00:00, 0100004255-06944
2000-01-01T00:00:00,  - attempt to send message: 0100004255-06944
2000-01-01T00:00:00,  - Modem begin successful
2000-01-01T00:00:00,  - Sending...
2000-01-01T00:00:00,  - Send response: 
2000-01-01T00:00:00,   - Sync clocks... 
2000-01-01T00:00:00,  - Arduino Old Time: 2000-00-20T00:84:03
2000-01-01T00:00:00,  - Failed to set valid RTC time
2000-01-01T00:00:00, Message sent! Removing /TRANSMIT.csv
2000-01-01T00:00:00, Done loop ...
2000-01-01T00:00:00, ... powering down.
2000-01-01T00:00:00, RTC Initialization Failed - Using Default Time
2000-01-01T00:00:00, Setup Complete
2000-01-01T00:00:00, Data: 2000-01-01T00:00:00,3.76,25555,2536.00,2552.00,2543.00,-9.16,44.27,-6.16,896.92
2000-01-01T00:00:00, Add row to /TRACKING.csv
2000-01-01T00:00:00, Number of rows in /TRACKING.csv: 1
2000-01-01T00:00:00, Done loop ...
2000-01-01T00:00:00, ... powering down.
2000-01-01T00:00:00, RTC Initialization Failed - Using Default Time
2000-01-01T00:00:00, Setup Complete
2000-01-01T00:00:00, Data: 2000-01-01T00:00:00,3.76,25555,2527.00,2564.00,2542.00,-10.11,49.49,-9.05,897.02
2000-01-01T00:00:00, Add row to /TRACKING.csv
2000-01-01T00:00:00, Number of rows in /TRACKING.csv: 2
2000-01-01T00:00:00, Done loop ...
2000-01-01T00:00:00, ... powering down.
2000-01-01T00:00:00, RTC Initialization Failed - Using Default Time
2000-01-01T00:00:00, Setup Complete
2000-01-01T00:00:00, Data: 2000-01-01T00:00:00,3.74,25555,2522.00,2548.00,2532.50,-10.67,50.12,-10.67,896.99
2000-01-01T00:00:00, Add row to /TRACKING.csv
2000-01-01T00:00:00, Number of rows in /TRACKING.csv: 3
2000-01-01T00:00:00, Done loop ...
2000-01-01T00:00:00, ... powering down.
2000-01-01T00:00:00, RTC Initialization Failed - Using Default Time
2000-01-01T00:00:00, Setup Complete
2000-01-01T00:00:00, Data: 2000-01-01T00:00:00,3.74,25555,2531.00,2543.00,2536.50,-11.22,49.21,-11.77,896.93
2000-01-01T00:00:00, Add row to /TRACKING.csv
2000-01-01T00:00:00, Number of rows in /TRACKING.csv: 4
2000-01-01T00:00:00, Number of rows in /TRACKING.csv is >= 4
2000-01-01T00:00:00, Remove tracking
2000-01-01T00:00:00, Write to /TRANSMIT.csv: 2000-01-01T00:00:00,3.74,2531.00,-11.2,49
2000-01-01T00:00:00, Number of rows in /TRANSMIT.csv: 1
2000-01-01T00:00:00, Current hour = 0, Transmission hour = 0
2000-01-01T00:00:00, 0100004253-11249
2000-01-01T00:00:00,  - attempt to send message: 0100004253-11249
2000-01-01T00:00:00,  - Modem begin successful
2000-01-01T00:00:00,  - Sending...
2000-01-01T00:00:00,  - Send response: 
2000-01-01T00:00:00,   - Sync clocks... 
2000-01-01T00:00:00,  - Arduino Old Time: 2000-00-20T00:84:03
2000-01-01T00:00:00,  - Failed to set valid RTC time
2000-01-01T00:00:00, Message sent! Removing /TRANSMIT.csv
2000-01-01T00:00:00, Done loop ...
2000-01-01T00:00:00, ... powering down.
2000-01-01T00:00:00, RTC Initialization Failed - Using Default Time
2000-01-01T00:00:00, Setup Complete
2000-01-01T00:00:00, Data: 2000-01-01T00:00:00,3.74,25555,2521.00,2539.00,2527.00,-10.87,48.29,-12.15,896.83
2000-01-01T00:00:00, Add row to /TRACKING.csv
2000-01-01T00:00:00, Number of rows in /TRACKING.csv: 1
2000-01-01T00:00:00, Done loop ...
2000-01-01T00:00:00, ... powering down.
2000-01-01T00:00:00, RTC Initialization Failed - Using Default Time
2000-01-01T00:00:00, Setup Complete
2000-01-01T00:00:00, Data: 2000-01-01T00:00:00,3.74,25555,2533.00,2548.00,2540.50,-10.64,46.39,-12.32,896.56
2000-01-01T00:00:00, Add row to /TRACKING.csv
2000-01-01T00:00:00, Number of rows in /TRACKING.csv: 2
2000-01-01T00:00:00, Done loop ...
2000-01-01T00:00:00, ... powering down.
2000-01-01T00:00:00, RTC Initialization Failed - Using Default Time
2000-01-01T00:00:00, Setup Complete
2000-01-01T00:00:00, Data: 2000-01-01T00:00:00,3.74,25555,2526.00,2542.00,2537.00,-11.10,45.56,-12.66,896.41
2000-01-01T00:00:00, Add row to /TRACKING.csv
2000-01-01T00:00:00, Number of rows in /TRACKING.csv: 3
2000-01-01T00:00:00, Done loop ...
2000-01-01T00:00:00, ... powering down.
2000-01-01T00:00:00, RTC Initialization Failed - Using Default Time
2000-01-01T00:00:00, Setup Complete
2000-01-01T00:00:00, Data: 2000-01-01T00:00:00,3.73,25555,2533.00,2542.00,2541.00,-10.75,45.97,-12.72,896.32
2000-01-01T00:00:00, Add row to /TRACKING.csv
2000-01-01T00:00:00, Number of rows in /TRACKING.csv: 4
2000-01-01T00:00:00, Number of rows in /TRACKING.csv is >= 4
2000-01-01T00:00:00, Remove tracking
2000-01-01T00:00:00, Write to /TRANSMIT.csv: 2000-01-01T00:00:00,3.73,2533.00,-10.8,46
2000-01-01T00:00:00, Number of rows in /TRANSMIT.csv: 1
2000-01-01T00:00:00, Current hour = 0, Transmission hour = 0
2000-01-01T00:00:00, 0100004253-10846
2000-01-01T00:00:00,  - attempt to send message: 0100004253-10846
2000-01-01T00:00:00,  - Modem begin successful
2000-01-01T00:00:00,  - Sending...
2000-01-01T00:00:00,  - Send response: 
2000-01-01T00:00:00,   - Sync clocks... 
2000-01-01T00:00:00,  - Arduino Old Time: 2000-00-20T00:84:03
2000-01-01T00:00:00,  - Failed to set valid RTC time
2000-01-01T00:00:00, Message sent! Removing /TRANSMIT.csv
2000-01-01T00:00:00, Done loop ...
2000-01-01T00:00:00, ... powering down.
2000-01-01T00:00:00, RTC Initialization Failed - Using Default Time
2000-01-01T00:00:00, Setup Complete
2000-01-01T00:00:00, Data: 2000-01-01T00:00:00,3.73,25555,2525.00,2548.00,2539.50,-10.92,43.18,-12.84,896.22
2000-01-01T00:00:00, Add row to /TRACKING.csv
2000-01-01T00:00:00, Number of rows in /TRACKING.csv: 1
2000-01-01T00:00:00, Done loop ...
2000-01-01T00:00:00, ... powering down.
2000-01-01T00:00:00, RTC Initialization Failed - Using Default Time
2000-01-01T00:00:00, Setup Complete
2000-01-01T00:00:00, Data: 2000-01-01T00:00:00,3.73,25555,2529.00,2554.00,2537.50,-11.19,46.60,-12.96,896.05
2000-01-01T00:00:00, Add row to /TRACKING.csv
2000-01-01T00:00:00, Number of rows in /TRACKING.csv: 2
2000-01-01T00:00:00, Done loop ...
2000-01-01T00:00:00, ... powering down.
2000-01-01T00:00:00, RTC Initialization Failed - Using Default Time
2000-01-01T00:00:00, Setup Complete
2000-01-01T00:00:00, Data: 2000-01-01T00:00:00,3.73,25555,2523.00,2550.00,2528.50,-11.35,46.20,-13.10,896.08
2000-01-01T00:00:00, Add row to /TRACKING.csv
2000-01-01T00:00:00, Number of rows in /TRACKING.csv: 3
2000-01-01T00:00:00, Done loop ...
2000-01-01T00:00:00, ... powering down.
2000-01-01T00:00:00, RTC Initialization Failed - Using Default Time
2000-01-01T00:00:00, Setup Complete
2000-01-01T00:00:00, Data: 2000-01-01T00:00:00,3.73,25555,2525.00,2545.00,2533.50,-10.87,44.34,-13.00,895.93
2000-01-01T00:00:00, Add row to /TRACKING.csv
2000-01-01T00:00:00, Number of rows in /TRACKING.csv: 4
2000-01-01T00:00:00, Number of rows in /TRACKING.csv is >= 4
2000-01-01T00:00:00, Remove tracking
2000-01-01T00:00:00, Write to /TRANSMIT.csv: 2000-01-01T00:00:00,3.73,2525.00,-10.9,44
2000-01-01T00:00:00, Number of rows in /TRANSMIT.csv: 1
2000-01-01T00:00:00, Current hour = 0, Transmission hour = 0
2000-01-01T00:00:00, 0100004253-10944
2000-01-01T00:00:00,  - attempt to send message: 0100004253-10944
2000-01-01T00:00:00,  - Modem begin successful
2000-01-01T00:00:00,  - Sending...
2000-01-01T00:00:00,  - Send response: 
2000-01-01T00:00:00,   - Sync clocks... 
2000-01-01T00:00:00,  - Arduino Old Time: 2000-00-20T00:84:03
2000-01-01T00:00:00,  - Failed to set valid RTC time
2000-01-01T00:00:00, Message sent! Removing /TRANSMIT.csv
2000-01-01T00:00:00, Done loop ...
2000-01-01T00:00:00, ... powering down.
2000-01-01T00:00:00, RTC Initialization Failed - Using Default Time
2000-01-01T00:00:00, Setup Complete
2000-01-01T00:00:00, Data: 2000-01-01T00:00:00,3.73,25555,2528.00,2549.00,2534.50,-11.07,44.61,-12.94,895.84
2000-01-01T00:00:00, Add row to /TRACKING.csv
2000-01-01T00:00:00, Number of rows in /TRACKING.csv: 1
2000-01-01T00:00:00, Done loop ...
2000-01-01T00:00:00, ... powering down.
2000-01-01T00:00:00, RTC Initialization Failed - Using Default Time
2000-01-01T00:00:00, Setup Complete
2000-01-01T00:00:00, Data: 2000-01-01T00:00:00,3.73,25555,2530.00,2545.00,2536.50,-11.42,43.41,-13.25,895.84
2000-01-01T00:00:00, Add row to /TRACKING.csv
2000-01-01T00:00:00, Number of rows in /TRACKING.csv: 2
2000-01-01T00:00:00, Done loop ...
2000-01-01T00:00:00, ... powering down.
2000-01-01T00:00:00, RTC Initialization Failed - Using Default Time
2000-01-01T00:00:00, Setup Complete
2000-01-01T00:00:00, Data: 2000-01-01T00:00:00,3.73,25555,2531.00,2545.00,2538.00,-11.15,45.47,-13.12,895.82
2000-01-01T00:00:00, Add row to /TRACKING.csv
2000-01-01T00:00:00, Number of rows in /TRACKING.csv: 3
2000-01-01T00:00:00, Done loop ...
2000-01-01T00:00:00, ... powering down.
2000-01-01T00:00:00, RTC Initialization Failed - Using Default Time
2000-01-01T00:00:00, Setup Complete
2000-01-01T00:00:00, Data: 2000-01-01T00:00:00,3.73,25555,2529.00,2549.00,2538.00,-11.00,40.70,-13.18,895.55
2000-01-01T00:00:00, Add row to /TRACKING.csv
2000-01-01T00:00:00, Number of rows in /TRACKING.csv: 4
2000-01-01T00:00:00, Number of rows in /TRACKING.csv is >= 4
2000-01-01T00:00:00, Remove tracking
2000-01-01T00:00:00, Write to /TRANSMIT.csv: 2000-01-01T00:00:00,3.73,2529.00,-11.0,41
2000-01-01T00:00:00, Number of rows in /TRANSMIT.csv: 1
2000-01-01T00:00:00, Current hour = 0, Transmission hour = 0
2000-01-01T00:00:00, 0100004253-11041
2000-01-01T00:00:00,  - attempt to send message: 0100004253-11041
2000-01-01T00:00:00,  - Modem begin successful
2000-01-01T00:00:00,  - Sending...
2000-01-01T00:00:00,  - Send response: 
2000-01-01T00:00:00,   - Sync clocks... 
2000-01-01T00:00:00,  - Arduino Old Time: 2000-00-20T00:84:03
2000-01-01T00:00:00,  - Failed to set valid RTC time
2000-01-01T00:00:00, Message sent! Removing /TRANSMIT.csv
2000-01-01T00:00:00, Done loop ...
2000-01-01T00:00:00, ... powering down.
2000-01-01T00:00:00, RTC Initialization Failed - Using Default Time
2000-01-01T00:00:00, Setup Complete
2000-01-01T00:00:00, Data: 2000-01-01T00:00:00,3.73,25555,2523.00,2539.00,2531.50,-10.46,37.46,-13.04,895.44
2000-01-01T00:00:00, Add row to /TRACKING.csv
2000-01-01T00:00:00, Number of rows in /TRACKING.csv: 1
2000-01-01T00:00:00, Done loop ...
2000-01-01T00:00:00, ... powering down.
2000-01-01T00:00:00, RTC Initialization Failed - Using Default Time
2000-01-01T00:00:00, Setup Complete
2000-01-01T00:00:00, Data: 2000-01-01T00:00:00,3.73,25555,2530.00,2548.00,2536.50,-10.78,41.23,-12.81,895.38
2000-01-01T00:00:00, Add row to /TRACKING.csv
2000-01-01T00:00:00, Number of rows in /TRACKING.csv: 2
2000-01-01T00:00:00, Done loop ...
2000-01-01T00:00:00, ... powering down.
2000-01-01T00:00:00, RTC Initialization Failed - Using Default Time
2000-01-01T00:00:00, Setup Complete
2000-01-01T00:00:00, Data: 2000-01-01T00:00:00,3.73,25555,2520.00,2535.00,2523.50,-11.10,42.17,-12.84,895.25
2000-01-01T00:00:00, Add row to /TRACKING.csv
2000-01-01T00:00:00, Number of rows in /TRACKING.csv: 3
2000-01-01T00:00:00, Done loop ...
2000-01-01T00:00:00, ... powering down.
2000-01-01T00:00:00, RTC Initialization Failed - Using Default Time
2000-01-01T00:00:00, Setup Complete
2000-01-01T00:00:00, Data: 2000-01-01T00:00:00,3.73,25555,2529.00,2537.00,2532.50,-11.10,41.78,-13.01,895.14
2000-01-01T00:00:00, Add row to /TRACKING.csv
2000-01-01T00:00:00, Number of rows in /TRACKING.csv: 4
2000-01-01T00:00:00, Number of rows in /TRACKING.csv is >= 4
2000-01-01T00:00:00, Remove tracking
2000-01-01T00:00:00, Write to /TRANSMIT.csv: 2000-01-01T00:00:00,3.73,2529.00,-11.1,42
2000-01-01T00:00:00, Number of rows in /TRANSMIT.csv: 1
2000-01-01T00:00:00, Current hour = 0, Transmission hour = 0
2000-01-01T00:00:00, 0100004253-11142
2000-01-01T00:00:00,  - attempt to send message: 0100004253-11142
2000-01-01T00:00:00,  - Modem begin successful
2000-01-01T00:00:00,  - Sending...
2000-01-01T00:00:00,  - Send response: 
2000-01-01T00:00:00,   - Sync clocks... 
2000-01-01T00:00:00,  - Arduino Old Time: 2000-00-20T00:84:03
2000-01-01T00:00:00,  - Failed to set valid RTC time
2000-01-01T00:00:00, Message sent! Removing /TRANSMIT.csv
2000-01-01T00:00:00, Done loop ...
2000-01-01T00:00:00, ... powering down.
2000-01-01T00:00:00, RTC Initialization Failed - Using Default Time
2000-01-01T00:00:00, Setup Complete
2000-01-01T00:00:00, Data: 2000-01-01T00:00:00,3.73,25555,2527.00,2539.00,2533.00,-11.11,40.25,-13.15,895.13
2000-01-01T00:00:00, Add row to /TRACKING.csv
2000-01-01T00:00:00, Number of rows in /TRACKING.csv: 1
2000-01-01T00:00:00, Done loop ...
2000-01-01T00:00:00, ... powering down.
2000-01-01T00:00:00, RTC Initialization Failed - Using Default Time
2000-01-01T00:00:00, Setup Complete
2000-01-01T00:00:00, Data: 2000-01-01T00:00:00,3.73,25555,2532.00,2560.00,2542.00,-11.31,42.54,-13.19,895.13
2000-01-01T00:00:00, Add row to /TRACKING.csv
2000-01-01T00:00:00, Number of rows in /TRACKING.csv: 2
2000-01-01T00:00:00, Done loop ...
2000-01-01T00:00:00, ... powering down.
2000-01-01T00:00:00, RTC Initialization Failed - Using Default Time
2000-01-01T00:00:00, Setup Complete
2000-01-01T00:00:00, Data: 2000-01-01T00:00:00,3.73,25555,2518.00,2551.00,2534.00,-10.87,35.71,-13.04,895.05
2000-01-01T00:00:00, Add row to /TRACKING.csv
2000-01-01T00:00:00, Number of rows in /TRACKING.csv: 3
2000-01-01T00:00:00, Done loop ...
2000-01-01T00:00:00, ... powering down.
2000-01-01T00:00:00, RTC Initialization Failed - Using Default Time
2000-01-01T00:00:00, Setup Complete
2000-01-01T00:00:00, Data: 2000-01-01T00:00:00,3.73,25555,2519.00,2554.00,2536.00,-11.28,38.27,-13.15,894.89
2000-01-01T00:00:00, Add row to /TRACKING.csv
2000-01-01T00:00:00, Number of rows in /TRACKING.csv: 4
2000-01-01T00:00:00, Number of rows in /TRACKING.csv is >= 4
2000-01-01T00:00:00, Remove tracking
2000-01-01T00:00:00, Write to /TRANSMIT.csv: 2000-01-01T00:00:00,3.73,2519.00,-11.3,38
2000-01-01T00:00:00, Number of rows in /TRANSMIT.csv: 1
2000-01-01T00:00:00, Current hour = 0, Transmission hour = 0
2000-01-01T00:00:00, 0100004252-11338
2000-01-01T00:00:00,  - attempt to send message: 0100004252-11338
2000-01-01T00:00:00,  - Modem begin successful
2000-01-01T00:00:00,  - Sending...
2000-01-01T00:00:00,  - Send response: 
2000-01-01T00:00:00,   - Sync clocks... 
2000-01-01T00:00:00,  - Arduino Old Time: 2000-00-20T00:84:03
2000-01-01T00:00:00,  - Failed to set valid RTC time
2000-01-01T00:00:00, Message sent! Removing /TRANSMIT.csv
2000-01-01T00:00:00, Done loop ...
2000-01-01T00:00:00, ... powering down.
2000-01-01T00:00:00, RTC Initialization Failed - Using Default Time
2000-01-01T00:00:00, Setup Complete
2000-01-01T00:00:00, Data: 2000-01-01T00:00:00,3.73,25555,2532.00,2550.00,2537.00,-11.47,43.41,-13.33,894.85
2000-01-01T00:00:00, Add row to /TRACKING.csv
2000-01-01T00:00:00, Number of rows in /TRACKING.csv: 1
2000-01-01T00:00:00, Done loop ...
2000-01-01T00:00:00, ... powering down.
2000-01-01T00:00:00, RTC Initialization Failed - Using Default Time
2000-01-01T00:00:00, Setup Complete
2000-01-01T00:00:00, Data: 2000-01-01T00:00:00,3.73,25555,2529.00,2549.00,2544.50,-11.11,40.96,-13.19,894.66
2000-01-01T00:00:00, Add row to /TRACKING.csv
2000-01-01T00:00:00, Number of rows in /TRACKING.csv: 2
2000-01-01T00:00:00, Done loop ...
2000-01-01T00:00:00, ... powering down.
2000-01-01T00:00:00, RTC Initialization Failed - Using Default Time
2000-01-01T00:00:00, Setup Complete
2000-01-01T00:00:00, Data: 2000-01-01T00:00:00,3.73,25555,2518.00,2547.00,2527.00,-11.00,37.91,-13.10,894.51
2000-01-01T00:00:00, Add row to /TRACKING.csv
2000-01-01T00:00:00, Number of rows in /TRACKING.csv: 3
2000-01-01T00:00:00, Done loop ...
2000-01-01T00:00:00, ... powering down.
2000-01-01T00:00:00, RTC Initialization Failed - Using Default Time
2000-01-01T00:00:00, Setup Complete
2000-01-01T00:00:00, Data: 2000-01-01T00:00:00,3.73,25555,2523.00,2535.00,2528.50,-10.57,33.27,-12.84,894.13
2000-01-01T00:00:00, Add row to /TRACKING.csv
2000-01-01T00:00:00, Number of rows in /TRACKING.csv: 4
2000-01-01T00:00:00, Number of rows in /TRACKING.csv is >= 4
2000-01-01T00:00:00, Remove tracking
2000-01-01T00:00:00, Write to /TRANSMIT.csv: 2000-01-01T00:00:00,3.73,2523.00,-10.6,33
2000-01-01T00:00:00, Number of rows in /TRANSMIT.csv: 1
2000-01-01T00:00:00, Current hour = 0, Transmission hour = 0
2000-01-01T00:00:00, 0100004252-10633
2000-01-01T00:00:00,  - attempt to send message: 0100004252-10633
2000-01-01T00:00:00,  - Modem begin successful
2000-01-01T00:00:00,  - Sending...
2000-01-01T00:00:00,  - Send response: 
2000-01-01T00:00:00,   - Sync clocks... 
2000-01-01T00:00:00,  - Arduino Old Time: 2000-00-20T00:84:03
2000-01-01T00:00:00,  - Failed to set valid RTC time
2000-01-01T00:00:00, Message sent! Removing /TRANSMIT.csv
2000-01-01T00:00:00, Done loop ...
2000-01-01T00:00:00, ... powering down.
2000-01-01T00:00:00, RTC Initialization Failed - Using Default Time
2000-01-01T00:00:00, Setup Complete
2000-01-01T00:00:00, Data: 2000-01-01T00:00:00,3.73,25555,2526.00,2545.00,2533.50,-9.85,31.38,-12.56,893.96
2000-01-01T00:00:00, Add row to /TRACKING.csv
2000-01-01T00:00:00, Number of rows in /TRACKING.csv: 1
2000-01-01T00:00:00, Done loop ...
2000-01-01T00:00:00, ... powering down.
2000-01-01T00:00:00, RTC Initialization Failed - Using Default Time
2000-01-01T00:00:00, Setup Complete
2000-01-01T00:00:00, Data: 2000-01-01T00:00:00,3.73,25555,2529.00,2558.00,2537.00,-9.93,31.54,-12.25,893.83
2000-01-01T00:00:00, Add row to /TRACKING.csv
2000-01-01T00:00:00, Number of rows in /TRACKING.csv: 2
2000-01-01T00:00:00, Done loop ...
2000-01-01T00:00:00, ... powering down.
2000-01-01T00:00:00, RTC Initialization Failed - Using Default Time
2000-01-01T00:00:00, Setup Complete
2000-01-01T00:00:00, Data: 2000-01-01T00:00:00,3.73,25555,2540.00,2561.00,2551.50,-9.80,32.35,-12.10,893.77
2000-01-01T00:00:00, Add row to /TRACKING.csv
2000-01-01T00:00:00, Number of rows in /TRACKING.csv: 3
2000-01-01T00:00:00, Done loop ...
2000-01-01T00:00:00, ... powering down.
2000-01-01T00:00:00, RTC Initialization Failed - Using Default Time
2000-01-01T00:00:00, Setup Complete
2000-01-01T00:00:00, Data: 2000-01-01T00:00:00,3.73,25555,2528.00,2560.00,2536.50,-10.64,34.21,-12.40,893.72
2000-01-01T00:00:00, Add row to /TRACKING.csv
2000-01-01T00:00:00, Number of rows in /TRACKING.csv: 4
2000-01-01T00:00:00, Number of rows in /TRACKING.csv is >= 4
2000-01-01T00:00:00, Remove tracking
2000-01-01T00:00:00, Write to /TRANSMIT.csv: 2000-01-01T00:00:00,3.73,2528.00,-10.6,34
2000-01-01T00:00:00, Number of rows in /TRANSMIT.csv: 1
2000-01-01T00:00:00, Current hour = 0, Transmission hour = 0
2000-01-01T00:00:00, 0100004253-10634
2000-01-01T00:00:00,  - attempt to send message: 0100004253-10634
2000-01-01T00:00:00,  - Modem begin successful
2000-01-01T00:00:00,  - Sending...
2000-01-01T00:00:00,  - Send response: 
2000-01-01T00:00:00,   - Sync clocks... 
2000-01-01T00:00:00,  - Arduino Old Time: 2000-00-20T00:84:03
2000-01-01T00:00:00,  - Failed to set valid RTC time
2000-01-01T00:00:00, Message sent! Removing /TRANSMIT.csv
2000-01-01T00:00:00, Done loop ...
2000-01-01T00:00:00, ... powering down.
2000-01-01T00:00:00, RTC Initialization Failed - Using Default Time
2000-01-01T00:00:00, Setup Complete
2000-01-01T00:00:00, Data: 2000-01-01T00:00:00,3.73,25555,2525.00,2539.00,2528.50,-10.40,31.88,-12.50,893.73
2000-01-01T00:00:00, Add row to /TRACKING.csv
2000-01-01T00:00:00, Number of rows in /TRACKING.csv: 1
2000-01-01T00:00:00, Done loop ...
2000-01-01T00:00:00, ... powering down.
2000-01-01T00:00:00, RTC Initialization Failed - Using Default Time
2000-01-01T00:00:00, Setup Complete
2000-01-01T00:00:00, Data: 2000-01-01T00:00:00,3.73,25555,2534.00,2552.00,2545.00,-10.42,32.58,-12.43,893.57
2000-01-01T00:00:00, Add row to /TRACKING.csv
2000-01-01T00:00:00, Number of rows in /TRACKING.csv: 2
2000-01-01T00:00:00, Done loop ...
2000-01-01T00:00:00, ... powering down.
2000-01-01T00:00:00, RTC Initialization Failed - Using Default Time
2000-01-01T00:00:00, Setup Complete
2000-01-01T00:00:00, Data: 2000-01-01T00:00:00,3.72,25555,2534.00,2553.00,2538.00,-10.42,34.02,-12.30,893.39
2000-01-01T00:00:00, Add row to /TRACKING.csv
2000-01-01T00:00:00, Number of rows in /TRACKING.csv: 3
2000-01-01T00:00:00, Done loop ...
2000-01-01T00:00:00, ... powering down.
2000-01-01T00:00:00, RTC Initialization Failed - Using Default Time
2000-01-01T00:00:00, Setup Complete
2000-01-01T00:00:00, Data: 2000-01-01T00:00:00,3.73,25555,2529.00,2536.00,2530.50,-10.08,32.54,-12.17,893.24
2000-01-01T00:00:00, Add row to /TRACKING.csv
2000-01-01T00:00:00, Number of rows in /TRACKING.csv: 4
2000-01-01T00:00:00, Number of rows in /TRACKING.csv is >= 4
2000-01-01T00:00:00, Remove tracking
2000-01-01T00:00:00, Write to /TRANSMIT.csv: 2000-01-01T00:00:00,3.73,2529.00,-10.1,33
2000-01-01T00:00:00, Number of rows in /TRANSMIT.csv: 1
2000-01-01T00:00:00, Current hour = 0, Transmission hour = 0
2000-01-01T00:00:00, 0100004253-10133
2000-01-01T00:00:00,  - attempt to send message: 0100004253-10133
2000-01-01T00:00:00,  - Modem begin successful
2000-01-01T00:00:00,  - Sending...
2000-01-01T00:00:00,  - Send response: 
2000-01-01T00:00:00,   - Sync clocks... 
2000-01-01T00:00:00,  - Arduino Old Time: 2000-00-20T00:84:03
2000-01-01T00:00:00,  - Failed to set valid RTC time
2000-01-01T00:00:00, Message sent! Removing /TRANSMIT.csv
2000-01-01T00:00:00, Done loop ...
2000-01-01T00:00:00, ... powering down.
2000-01-01T00:00:00, RTC Initialization Failed - Using Default Time
2000-01-01T00:00:00, Setup Complete
2000-01-01T00:00:00, Data: 2000-01-01T00:00:00,3.73,25555,2531.00,2556.00,2538.50,-10.37,31.80,-12.25,892.85
2000-01-01T00:00:00, Add row to /TRACKING.csv
2000-01-01T00:00:00, Number of rows in /TRACKING.csv: 1
2000-01-01T00:00:00, Done loop ...
2000-01-01T00:00:00, ... powering down.
2000-01-01T00:00:00, RTC Initialization Failed - Using Default Time
2000-01-01T00:00:00, Setup Complete
2000-01-01T00:00:00, Data: 2000-01-01T00:00:00,3.73,25555,2528.00,2539.00,2530.50,-9.91,31.37,-11.97,892.70
2000-01-01T00:00:00, Add row to /TRACKING.csv
2000-01-01T00:00:00, Number of rows in /TRACKING.csv: 2
2000-01-01T00:00:00, Done loop ...
2000-01-01T00:00:00, ... powering down.
2000-01-01T00:00:00, RTC Initialization Failed - Using Default Time
2000-01-01T00:00:00, Setup Complete
2000-01-01T00:00:00, Data: 2000-01-01T00:00:00,3.73,25555,2525.00,2539.00,2530.00,-9.95,30.11,-11.91,892.53
2000-01-01T00:00:00, Add row to /TRACKING.csv
2000-01-01T00:00:00, Number of rows in /TRACKING.csv: 3
2000-01-01T00:00:00, Done loop ...
2000-01-01T00:00:00, ... powering down.
2000-01-01T00:00:00, RTC Initialization Failed - Using Default Time
2000-01-01T00:00:00, Setup Complete
2000-01-01T00:00:00, Data: 2000-01-01T00:00:00,3.73,25555,2531.00,2546.00,2535.50,-9.50,26.15,-11.85,892.48
2000-01-01T00:00:00, Add row to /TRACKING.csv
2000-01-01T00:00:00, Number of rows in /TRACKING.csv: 4
2000-01-01T00:00:00, Number of rows in /TRACKING.csv is >= 4
2000-01-01T00:00:00, Remove tracking
2000-01-01T00:00:00, Write to /TRANSMIT.csv: 2000-01-01T00:00:00,3.73,2531.00,-9.5,26
2000-01-01T00:00:00, Number of rows in /TRANSMIT.csv: 1
2000-01-01T00:00:00, Current hour = 0, Transmission hour = 0
2000-01-01T00:00:00, 0100004253-09526
2000-01-01T00:00:00,  - attempt to send message: 0100004253-09526
2000-01-01T00:00:00,  - Modem begin successful
2000-01-01T00:00:00,  - Sending...
2000-01-01T00:00:00,  - Send response: 
2000-01-01T00:00:00,   - Sync clocks... 
2000-01-01T00:00:00,  - Arduino Old Time: 2000-00-20T00:84:03
2000-01-01T00:00:00,  - Failed to set valid RTC time
2000-01-01T00:00:00, Message sent! Removing /TRANSMIT.csv
2000-01-01T00:00:00, Done loop ...
2000-01-01T00:00:00, ... powering down.
2000-01-01T00:00:00, RTC Initialization Failed - Using Default Time
2000-01-01T00:00:00, Setup Complete
2000-01-01T00:00:00, Data: 2000-01-01T00:00:00,3.73,25555,2531.00,2544.00,2539.00,-9.31,26.81,-11.62,892.44
2000-01-01T00:00:00, Add row to /TRACKING.csv
2000-01-01T00:00:00, Number of rows in /TRACKING.csv: 1
2000-01-01T00:00:00, Done loop ...
2000-01-01T00:00:00, ... powering down.
2000-01-01T00:00:00, RTC Initialization Failed - Using Default Time
2000-01-01T00:00:00, Setup Complete
2000-01-01T00:00:00, Data: 2000-01-01T00:00:00,3.73,25555,2526.00,2537.00,2530.00,-8.98,24.94,-11.46,892.16
2000-01-01T00:00:00, Add row to /TRACKING.csv
2000-01-01T00:00:00, Number of rows in /TRACKING.csv: 2
2000-01-01T00:00:00, Done loop ...
2000-01-01T00:00:00, ... powering down.
2000-01-01T00:00:00, RTC Initialization Failed - Using Default Time
2000-01-01T00:00:00, Setup Complete
2000-01-01T00:00:00, Data: 2000-01-01T00:00:00,3.73,25555,2525.00,2548.00,2528.50,-7.95,21.78,-10.92,892.05
2000-01-01T00:00:00, Add row to /TRACKING.csv
2000-01-01T00:00:00, Number of rows in /TRACKING.csv: 3
2000-01-01T00:00:00, Done loop ...
2000-01-01T00:00:00, ... powering down.
2000-01-01T00:00:00, RTC Initialization Failed - Using Default Time
2000-01-01T00:00:00, Setup Complete
2000-01-01T00:00:00, Data: 2000-01-01T00:00:00,3.73,25555,2525.00,2558.00,2537.50,-8.12,21.79,-10.66,891.83
2000-01-01T00:00:00, Add row to /TRACKING.csv
2000-01-01T00:00:00, Number of rows in /TRACKING.csv: 4
2000-01-01T00:00:00, Number of rows in /TRACKING.csv is >= 4
2000-01-01T00:00:00, Remove tracking
2000-01-01T00:00:00, Write to /TRANSMIT.csv: 2000-01-01T00:00:00,3.73,2525.00,-8.1,22
2000-01-01T00:00:00, Number of rows in /TRANSMIT.csv: 1
2000-01-01T00:00:00, Current hour = 0, Transmission hour = 0
2000-01-01T00:00:00, 0100004253-08122
2000-01-01T00:00:00,  - attempt to send message: 0100004253-08122
2000-01-01T00:00:00,  - Modem begin successful
2000-01-01T00:00:00,  - Sending...
2000-01-01T00:00:00,  - Send response: 
2000-01-01T00:00:00,   - Sync clocks... 
2000-01-01T00:00:00,  - Arduino Old Time: 2000-00-20T00:84:03
2000-01-01T00:00:00,  - Failed to set valid RTC time
2000-01-01T00:00:00, Message sent! Removing /TRANSMIT.csv
2000-01-01T00:00:00, Done loop ...
2000-01-01T00:00:00, ... powering down.
2000-01-01T00:00:00, RTC Initialization Failed - Using Default Time
2000-01-01T00:00:00, Setup Complete
2000-01-01T00:00:00, Data: 2000-01-01T00:00:00,3.73,25555,2529.00,2541.00,2536.50,-8.42,22.60,-10.55,891.74
2000-01-01T00:00:00, Add row to /TRACKING.csv
2000-01-01T00:00:00, Number of rows in /TRACKING.csv: 1
2000-01-01T00:00:00, Done loop ...
2000-01-01T00:00:00, ... powering down.
2000-01-01T00:00:00, RTC Initialization Failed - Using Default Time
2000-01-01T00:00:00, Setup Complete
2000-01-01T00:00:00, Data: 2000-01-01T00:00:00,3.73,25555,2527.00,2558.00,2543.00,-8.05,21.65,-10.44,891.67
2000-01-01T00:00:00, Add row to /TRACKING.csv
2000-01-01T00:00:00, Number of rows in /TRACKING.csv: 2
2000-01-01T00:00:00, Done loop ...
2000-01-01T00:00:00, ... powering down.
2000-01-01T00:00:00, RTC Initialization Failed - Using Default Time
2000-01-01T00:00:00, Setup Complete
2000-01-01T00:00:00, Data: 2000-01-01T00:00:00,3.73,25555,2535.00,2561.00,2545.50,-8.54,24.30,-10.61,891.56
2000-01-01T00:00:00, Add row to /TRACKING.csv
2000-01-01T00:00:00, Number of rows in /TRACKING.csv: 3
2000-01-01T00:00:00, Done loop ...
2000-01-01T00:00:00, ... powering down.
2000-01-01T00:00:00, RTC Initialization Failed - Using Default Time
2000-01-01T00:00:00, Setup Complete
2000-01-01T00:00:00, Data: 2000-01-01T00:00:00,3.73,25555,2533.00,2554.00,2539.00,-8.84,25.76,-10.61,891.32
2000-01-01T00:00:00, Add row to /TRACKING.csv
2000-01-01T00:00:00, Number of rows in /TRACKING.csv: 4
2000-01-01T00:00:00, Number of rows in /TRACKING.csv is >= 4
2000-01-01T00:00:00, Remove tracking
2000-01-01T00:00:00, Write to /TRANSMIT.csv: 2000-01-01T00:00:00,3.73,2533.00,-8.8,26
2000-01-01T00:00:00, Number of rows in /TRANSMIT.csv: 1
2000-01-01T00:00:00, Current hour = 0, Transmission hour = 0
2000-01-01T00:00:00, 0100004253-08826
2000-01-01T00:00:00,  - attempt to send message: 0100004253-08826
2000-01-01T00:00:00,  - Modem begin successful
2000-01-01T00:00:00,  - Sending...
2000-01-01T00:00:00,  response: 
2000-01-01T00:00:00,  - Retry...
2000-01-01T00:00:00,    - Sending...
2000-01-01T00:00:00,    - Send response: 10
2000-01-01T00:00:00,  Sync clocks... 
2000-01-01T00:00:00,  - Clock was not synced
2000-01-01T00:00:00, Transmission failed. Error = 10
2000-01-01T00:00:00, Done loop ...
2000-01-01T00:00:00, ... powering down.
2000-01-01T00:00:00, RTC Initialization Failed - Using Default Time
2000-01-01T00:00:00, Setup Complete
2000-01-01T00:00:00, Data: 2000-01-01T00:00:00,3.73,25555,2530.00,2552.00,2536.50,-8.84,24.09,-10.79,890.99
2000-01-01T00:00:00, Add row to /TRACKING.csv
2000-01-01T00:00:00, Number of rows in /TRACKING.csv: 1
2000-01-01T00:00:00, Done loop ...
2000-01-01T00:00:00, ... powering down.
2000-01-01T00:00:00, RTC Initialization Failed - Using Default Time
2000-01-01T00:00:00, Setup Complete
2000-01-01T00:00:00, Data: 2000-01-01T00:00:00,3.73,25555,2536.00,2564.00,2548.50,-8.47,28.06,-10.52,890.78
2000-01-01T00:00:00, Add row to /TRACKING.csv
2000-01-01T00:00:00, Number of rows in /TRACKING.csv: 2
2000-01-01T00:00:00, Done loop ...
2000-01-01T00:00:00, ... powering down.
2000-01-01T00:00:00, RTC Initialization Failed - Using Default Time
2000-01-01T00:00:00, Setup Complete
2000-01-01T00:00:00, Data: 2000-01-01T00:00:00,3.73,25555,2525.00,2546.00,2536.50,-9.08,29.83,-10.57,890.78
2000-01-01T00:00:00, Add row to /TRACKING.csv
2000-01-01T00:00:00, Number of rows in /TRACKING.csv: 3
2000-01-01T00:00:00, Done loop ...
2000-01-01T00:00:00, ... powering down.
2000-01-01T00:00:00, RTC Initialization Failed - Using Default Time
2000-01-01T00:00:00, Setup Complete
2000-01-01T00:00:00, Data: 2000-01-01T00:00:00,3.73,25555,2533.00,2549.00,2541.00,-8.68,26.26,-10.69,890.63
2000-01-01T00:00:00, Add row to /TRACKING.csv
2000-01-01T00:00:00, Number of rows in /TRACKING.csv: 4
2000-01-01T00:00:00, Number of rows in /TRACKING.csv is >= 4
2000-01-01T00:00:00, Remove tracking
2000-01-01T00:00:00, Write to /TRANSMIT.csv: 2000-01-01T00:00:00,3.73,2533.00,-8.7,26
2000-01-01T00:00:00, Number of rows in /TRANSMIT.csv: 2
2000-01-01T00:00:00, Current hour = 0, Transmission hour = 0
2000-01-01T00:00:00, 0100004253-08826:253-08726
2000-01-01T00:00:00,  - attempt to send message: 0100004253-08826:253-08726
2000-01-01T00:00:00,  - Modem begin successful
2000-01-01T00:00:00,  - Sending...
2000-01-01T00:00:00,  - Send response: 
2000-01-01T00:00:00,   - Sync clocks... 
2000-01-01T00:00:00,  - Arduino Old Time: 2000-00-20T00:84:03
2000-01-01T00:00:00,  - Failed to set valid RTC time
2000-01-01T00:00:00, Message sent! Removing /TRANSMIT.csv
2000-01-01T00:00:00, Done loop ...
2000-01-01T00:00:00, ... powering down.
2000-01-01T00:00:00, RTC Initialization Failed - Using Default Time
2000-01-01T00:00:00, Setup Complete
2000-01-01T00:00:00, Data: 2000-01-01T00:00:00,3.73,25555,2526.00,2538.00,2533.50,-8.83,25.81,-10.75,890.38
2000-01-01T00:00:00, Add row to /TRACKING.csv
2000-01-01T00:00:00, Number of rows in /TRACKING.csv: 1
2000-01-01T00:00:00, Done loop ...
2000-01-01T00:00:00, ... powering down.
2000-01-01T00:00:00, RTC Initialization Failed - Using Default Time
2000-01-01T00:00:00, Setup Complete
2000-01-01T00:00:00, Data: 2000-01-01T00:00:00,3.73,25555,2532.00,2565.00,2543.50,-8.77,25.66,-10.76,890.30
2000-01-01T00:00:00, Add row to /TRACKING.csv
2000-01-01T00:00:00, Number of rows in /TRACKING.csv: 2
2000-01-01T00:00:00, Done loop ...
2000-01-01T00:00:00, ... powering down.
2000-01-01T00:00:00, RTC Initialization Failed - Using Default Time
2000-01-01T00:00:00, Setup Complete
2000-01-01T00:00:00, Data: 2000-01-01T00:00:00,3.74,25555,2541.00,2560.00,2550.50,-8.36,26.09,-10.44,890.16
2000-01-01T00:00:00, Add row to /TRACKING.csv
2000-01-01T00:00:00, Number of rows in /TRACKING.csv: 3
2000-01-01T00:00:00, Done loop ...
2000-01-01T00:00:00, ... powering down.
2000-01-01T00:00:00, RTC Initialization Failed - Using Default Time
2000-01-01T00:00:00, Setup Complete
2000-01-01T00:00:00, Data: 2000-01-01T00:00:00,3.75,25555,2533.00,2557.00,2539.00,-7.86,25.62,-9.88,890.10
2000-01-01T00:00:00, Add row to /TRACKING.csv
2000-01-01T00:00:00, Number of rows in /TRACKING.csv: 4
2000-01-01T00:00:00, Number of rows in /TRACKING.csv is >= 4
2000-01-01T00:00:00, Remove tracking
2000-01-01T00:00:00, Write to /TRANSMIT.csv: 2000-01-01T00:00:00,3.75,2533.00,-7.9,26
2000-01-01T00:00:00, Number of rows in /TRANSMIT.csv: 1
2000-01-01T00:00:00, Current hour = 0, Transmission hour = 0
2000-01-01T00:00:00, 0100004253-07926
2000-01-01T00:00:00,  - attempt to send message: 0100004253-07926
2000-01-01T00:00:00,  - Modem begin successful
2000-01-01T00:00:00,  - Sending...
2000-01-01T00:00:00,  - Send response: 
2000-01-01T00:00:00,   - Sync clocks... 
2000-01-01T00:00:00,  - Arduino Old Time: 2000-00-20T00:84:03
2000-01-01T00:00:00,  - Failed to set valid RTC time
2000-01-01T00:00:00, Message sent! Removing /TRANSMIT.csv
2000-01-01T00:00:00, Done loop ...
2000-01-01T00:00:00, ... powering down.
2000-01-01T00:00:00, RTC Initialization Failed - Using Default Time
2000-01-01T00:00:00, Setup Complete
2000-01-01T00:00:00, Data: 2000-01-01T00:00:00,4.00,25555,2548.00,2562.00,2555.00,-3.05,17.31,-4.37,890.16
2000-01-01T00:00:00, Add row to /TRACKING.csv
2000-01-01T00:00:00, Number of rows in /TRACKING.csv: 1
2000-01-01T00:00:00, Done loop ...
2000-01-01T00:00:00, ... powering down.
2000-01-01T00:00:00, RTC Initialization Failed - Using Default Time
2000-01-01T00:00:00, Setup Complete
2000-01-01T00:00:00, Data: 2000-01-01T00:00:00,4.00,25555,2583.00,2621.00,2600.00,-1.25,16.99,0.48,889.94
2000-01-01T00:00:00, Add row to /TRACKING.csv
2000-01-01T00:00:00, Number of rows in /TRACKING.csv: 2
2000-01-01T00:00:00, Done loop ...
2000-01-01T00:00:00, ... powering down.
2000-01-01T00:00:00, RTC Initialization Failed - Using Default Time
2000-01-01T00:00:00, Setup Complete
2000-01-01T00:00:00, Data: 2000-01-01T00:00:00,4.00,25555,2587.00,2598.00,2593.50,-2.77,17.29,2.47,889.60
2000-01-01T00:00:00, Add row to /TRACKING.csv
2000-01-01T00:00:00, Number of rows in /TRACKING.csv: 3
2000-01-01T00:00:00, Done loop ...
2000-01-01T00:00:00, ... powering down.
2000-01-01T00:00:00, RTC Initialization Failed - Using Default Time
2000-01-01T00:00:00, Setup Complete
2000-01-01T00:00:00, Data: 2000-01-01T00:00:00,4.00,25555,2596.00,2614.00,2609.50,-0.32,15.04,5.23,889.65
2000-01-01T00:00:00, Add row to /TRACKING.csv
2000-01-01T00:00:00, Number of rows in /TRACKING.csv: 4
2000-01-01T00:00:00, Number of rows in /TRACKING.csv is >= 4
2000-01-01T00:00:00, Remove tracking
2000-01-01T00:00:00, Write to /TRANSMIT.csv: 2000-01-01T00:00:00,4.00,2596.00,-0.3,15
2000-01-01T00:00:00, Number of rows in /TRANSMIT.csv: 1
2000-01-01T00:00:00, Current hour = 0, Transmission hour = 0
2000-01-01T00:00:00, 0100007260-00315
2000-01-01T00:00:00,  - attempt to send message: 0100007260-00315
2000-01-01T00:00:00,  - Modem begin successful
2000-01-01T00:00:00,  - Sending...
2000-01-01T00:00:00,  - Send response: 
2000-01-01T00:00:00,   - Sync clocks... 
2000-01-01T00:00:00,  - Arduino Old Time: 2000-00-20T00:84:03
2000-01-01T00:00:00,  - Failed to set valid RTC time
2000-01-01T00:00:00, Message sent! Removing /TRANSMIT.csv
2000-01-01T00:00:00, Done loop ...
2000-01-01T00:00:00, ... powering down.
2000-01-01T00:00:00, RTC Initialization Failed - Using Default Time
2000-01-01T00:00:00, Setup Complete
2000-01-01T00:00:00, Data: 2000-01-01T00:00:00,4.00,25555,2596.00,2619.00,2612.00,-0.76,18.79,7.40,889.47
2000-01-01T00:00:00, Add row to /TRACKING.csv
2000-01-01T00:00:00, Number of rows in /TRACKING.csv: 1
2000-01-01T00:00:00, Done loop ...
2000-01-01T00:00:00, ... powering down.
2000-01-01T00:00:00, RTC Initialization Failed - Using Default Time
2000-01-01T00:00:00, Setup Complete
2000-01-01T00:00:00, Data: 2000-01-01T00:00:00,4.00,25555,2596.00,2623.00,2608.50,-2.29,24.28,8.95,889.28
2000-01-01T00:00:00, Add row to /TRACKING.csv
2000-01-01T00:00:00, Number of rows in /TRACKING.csv: 2
2000-01-01T00:00:00, Done loop ...
2000-01-01T00:00:00, ... powering down.
2000-01-01T00:00:00, RTC Initialization Failed - Using Default Time
2000-01-01T00:00:00, Setup Complete
2000-01-01T00:00:00, Data: 2000-01-01T00:00:00,4.00,25555,2599.00,2620.00,2605.00,-1.98,31.58,9.53,889.30
2000-01-01T00:00:00, Add row to /TRACKING.csv
2000-01-01T00:00:00, Number of rows in /TRACKING.csv: 3
2000-01-01T00:00:00, Done loop ...
2000-01-01T00:00:00, ... powering down.
2000-01-01T00:00:00, RTC Initialization Failed - Using Default Time
2000-01-01T00:00:00, Setup Complete
2000-01-01T00:00:00, Data: 2000-01-01T00:00:00,3.98,25555,2595.00,2613.00,2606.00,-2.42,27.90,7.65,889.30
2000-01-01T00:00:00, Add row to /TRACKING.csv
2000-01-01T00:00:00, Number of rows in /TRACKING.csv: 4
2000-01-01T00:00:00, Number of rows in /TRACKING.csv is >= 4
2000-01-01T00:00:00, Remove tracking
2000-01-01T00:00:00, Write to /TRANSMIT.csv: 2000-01-01T00:00:00,3.98,2595.00,-2.4,28
2000-01-01T00:00:00, Number of rows in /TRANSMIT.csv: 1
2000-01-01T00:00:00, Current hour = 0, Transmission hour = 0
2000-01-01T00:00:00, 0100006260-02428
2000-01-01T00:00:00,  - attempt to send message: 0100006260-02428
2000-01-01T00:00:00,  - Modem begin successful
2000-01-01T00:00:00,  - Sending...
2000-01-01T00:00:00,  - Send response: 
2000-01-01T00:00:00,   - Sync clocks... 
2000-01-01T00:00:00,  - Arduino Old Time: 2000-00-20T00:84:03
2000-01-01T00:00:00,  - Failed to set valid RTC time
2000-01-01T00:00:00, Message sent! Removing /TRANSMIT.csv
2000-01-01T00:00:00, Done loop ...
2000-01-01T00:00:00, ... powering down.
2000-01-01T00:00:00, RTC Initialization Failed - Using Default Time
2000-01-01T00:00:00, Setup Complete
2000-01-01T00:00:00, Data: 2000-01-01T00:00:00,4.00,25555,2605.00,2610.00,2608.00,-0.88,29.97,7.70,889.26
2000-01-01T00:00:00, Add row to /TRACKING.csv
2000-01-01T00:00:00, Number of rows in /TRACKING.csv: 1
2000-01-01T00:00:00, Done loop ...
2000-01-01T00:00:00, ... powering down.
2000-01-01T00:00:00, RTC Initialization Failed - Using Default Time
2000-01-01T00:00:00, Setup Complete
2000-01-01T00:00:00, Data: 2000-01-01T00:00:00,4.00,25555,2614.00,2657.00,2627.50,1.92,25.53,9.00,889.34
2000-01-01T00:00:00, Add row to /TRACKING.csv
2000-01-01T00:00:00, Number of rows in /TRACKING.csv: 2
2000-01-01T00:00:00, Done loop ...
2000-01-01T00:00:00, ... powering down.
2000-01-01T00:00:00, RTC Initialization Failed - Using Default Time
2000-01-01T00:00:00, Setup Complete
2000-01-01T00:00:00, Data: 2000-01-01T00:00:00,4.00,25555,2632.00,2662.00,2650.00,-2.09,39.79,9.38,889.26
2000-01-01T00:00:00, Add row to /TRACKING.csv
2000-01-01T00:00:00, Number of rows in /TRACKING.csv: 3
2000-01-01T00:00:00, Done loop ...
2000-01-01T00:00:00, ... powering down.
2000-01-01T00:00:00, RTC Initialization Failed - Using Default Time
2000-01-01T00:00:00, Setup Complete
2000-01-01T00:00:00, Data: 2000-01-01T00:00:00,4.00,25555,2628.00,2634.00,2631.00,-2.39,30.87,9.42,889.18
2000-01-01T00:00:00, Add row to /TRACKING.csv
2000-01-01T00:00:00, Number of rows in /TRACKING.csv: 4
2000-01-01T00:00:00, Number of rows in /TRACKING.csv is >= 4
2000-01-01T00:00:00, Remove tracking
2000-01-01T00:00:00, Write to /TRANSMIT.csv: 2000-01-01T00:00:00,4.00,2628.00,-2.4,31
2000-01-01T00:00:00, Number of rows in /TRANSMIT.csv: 1
2000-01-01T00:00:00, Current hour = 0, Transmission hour = 0
2000-01-01T00:00:00, 0100007263-02431
2000-01-01T00:00:00,  - attempt to send message: 0100007263-02431
2000-01-01T00:00:00,  - Modem begin successful
2000-01-01T00:00:00,  - Sending...
2000-01-01T00:00:00,  - Send response: 
2000-01-01T00:00:00,   - Sync clocks... 
2000-01-01T00:00:00,  - Arduino Old Time: 2000-00-20T00:84:03
2000-01-01T00:00:00,  - Failed to set valid RTC time
2000-01-01T00:00:00, Message sent! Removing /TRANSMIT.csv
2000-01-01T00:00:00, Done loop ...
2000-01-01T00:00:00, ... powering down.
2000-01-01T00:00:00, RTC Initialization Failed - Using Default Time
2000-01-01T00:00:00, Setup Complete
2000-01-01T00:00:00, Data: 2000-01-01T00:00:00,4.00,25555,2609.00,2643.00,2624.50,-2.45,43.01,9.82,889.02
2000-01-01T00:00:00, Add row to /TRACKING.csv
2000-01-01T00:00:00, Number of rows in /TRACKING.csv: 1
2000-01-01T00:00:00, Done loop ...
2000-01-01T00:00:00, ... powering down.
2000-01-01T00:00:00, RTC Initialization Failed - Using Default Time
2000-01-01T00:00:00, Setup Complete
2000-01-01T00:00:00, Data: 2000-01-01T00:00:00,4.00,25555,2604.00,2639.00,2623.00,-2.12,43.04,9.65,888.91
2000-01-01T00:00:00, Add row to /TRACKING.csv
2000-01-01T00:00:00, Number of rows in /TRACKING.csv: 2
2000-01-01T00:00:00, Done loop ...
2000-01-01T00:00:00, ... powering down.
2000-01-01T00:00:00, RTC Initialization Failed - Using Default Time
2000-01-01T00:00:00, Setup Complete
2000-01-01T00:00:00, Data: 2000-01-01T00:00:00,4.00,25555,2619.00,2623.00,2621.50,-2.19,43.35,10.02,888.83
2000-01-01T00:00:00, Add row to /TRACKING.csv
2000-01-01T00:00:00, Number of rows in /TRACKING.csv: 3
2000-01-01T00:00:00, Done loop ...
2000-01-01T00:00:00, ... powering down.
2000-01-01T00:00:00, RTC Initialization Failed - Using Default Time
2000-01-01T00:00:00, Setup Complete
2000-01-01T00:00:00, Data: 2000-01-01T00:00:00,4.00,25555,2617.00,2642.00,2630.00,-3.79,40.66,8.91,888.61
2000-01-01T00:00:00, Add row to /TRACKING.csv
2000-01-01T00:00:00, Number of rows in /TRACKING.csv: 4
2000-01-01T00:00:00, Number of rows in /TRACKING.csv is >= 4
2000-01-01T00:00:00, Remove tracking
2000-01-01T00:00:00, Write to /TRANSMIT.csv: 2000-01-01T00:00:00,4.00,2617.00,-3.8,41
2000-01-01T00:00:00, Number of rows in /TRANSMIT.csv: 1
2000-01-01T00:00:00, Current hour = 0, Transmission hour = 0
2000-01-01T00:00:00, 0100007262-03841
2000-01-01T00:00:00,  - attempt to send message: 0100007262-03841
2000-01-01T00:00:00,  - Modem begin successful
2000-01-01T00:00:00,  - Sending...
2000-01-01T00:00:00,  - Send response: 
2000-01-01T00:00:00,   - Sync clocks... 
2000-01-01T00:00:00,  - Arduino Old Time: 2000-00-20T00:84:03
2000-01-01T00:00:00,  - Failed to set valid RTC time
2000-01-01T00:00:00, Message sent! Removing /TRANSMIT.csv
2000-01-01T00:00:00, Done loop ...
2000-01-01T00:00:00, ... powering down.
2000-01-01T00:00:00, RTC Initialization Failed - Using Default Time
2000-01-01T00:00:00, Setup Complete
2000-01-01T00:00:00, Data: 2000-01-01T00:00:00,4.00,25555,2596.00,2624.00,2604.50,-2.65,40.16,8.05,888.61
2000-01-01T00:00:00, Add row to /TRACKING.csv
2000-01-01T00:00:00, Number of rows in /TRACKING.csv: 1
2000-01-01T00:00:00, Done loop ...
2000-01-01T00:00:00, ... powering down.
2000-01-01T00:00:00, RTC Initialization Failed - Using Default Time
2000-01-01T00:00:00, Setup Complete
2000-01-01T00:00:00, Data: 2000-01-01T00:00:00,4.00,25555,2598.00,2635.00,2611.50,-0.57,41.05,8.71,888.65
2000-01-01T00:00:00, Add row to /TRACKING.csv
2000-01-01T00:00:00, Number of rows in /TRACKING.csv: 2
2000-01-01T00:00:00, Done loop ...
2000-01-01T00:00:00, ... powering down.
2000-01-01T00:00:00, RTC Initialization Failed - Using Default Time
2000-01-01T00:00:00, Setup Complete
2000-01-01T00:00:00, Data: 2000-01-01T00:00:00,4.00,25555,2616.00,2638.00,2632.00,-1.32,40.38,9.62,888.25
2000-01-01T00:00:00, Add row to /TRACKING.csv
2000-01-01T00:00:00, Number of rows in /TRACKING.csv: 3
2000-01-01T00:00:00, Done loop ...
2000-01-01T00:00:00, ... powering down.
2000-01-01T00:00:00, RTC Initialization Failed - Using Default Time
2000-01-01T00:00:00, Setup Complete
2000-01-01T00:00:00, Data: 2000-01-01T00:00:00,4.00,25555,2613.00,2631.00,2614.50,-0.73,37.56,9.12,888.14
2000-01-01T00:00:00, Add row to /TRACKING.csv
2000-01-01T00:00:00, Number of rows in /TRACKING.csv: 4
2000-01-01T00:00:00, Number of rows in /TRACKING.csv is >= 4
2000-01-01T00:00:00, Remove tracking
2000-01-01T00:00:00, Write to /TRANSMIT.csv: 2000-01-01T00:00:00,4.00,2613.00,-0.7,38
2000-01-01T00:00:00, Number of rows in /TRANSMIT.csv: 1
2000-01-01T00:00:00, Current hour = 0, Transmission hour = 0
2000-01-01T00:00:00, 0100007261-00738
2000-01-01T00:00:00,  - attempt to send message: 0100007261-00738
2000-01-01T00:00:00,  - Modem begin successful
2000-01-01T00:00:00,  - Sending...
2000-01-01T00:00:00,  - Send response: 
2000-01-01T00:00:00,   - Sync clocks... 
2000-01-01T00:00:00,  - Arduino Old Time: 2000-00-20T00:84:03
2000-01-01T00:00:00,  - Failed to set valid RTC time
2000-01-01T00:00:00, Message sent! Removing /TRANSMIT.csv
2000-01-01T00:00:00, Done loop ...
2000-01-01T00:00:00, ... powering down.
2000-01-01T00:00:00, RTC Initialization Failed - Using Default Time
2000-01-01T00:00:00, Setup Complete
2000-01-01T00:00:00, Data: 2000-01-01T00:00:00,4.00,25555,2584.00,2602.00,2592.50,-0.88,39.41,8.07,888.00
2000-01-01T00:00:00, Add row to /TRACKING.csv
2000-01-01T00:00:00, Number of rows in /TRACKING.csv: 1
2000-01-01T00:00:00, Done loop ...
2000-01-01T00:00:00, ... powering down.
2000-01-01T00:00:00, RTC Initialization Failed - Using Default Time
2000-01-01T00:00:00, Setup Complete
2000-01-01T00:00:00, Data: 2000-01-01T00:00:00,4.00,25555,2593.00,2601.00,2596.50,-1.04,40.84,7.74,887.91
2000-01-01T00:00:00, Add row to /TRACKING.csv
2000-01-01T00:00:00, Number of rows in /TRACKING.csv: 2
2000-01-01T00:00:00, Done loop ...
2000-01-01T00:00:00, ... powering down.
2000-01-01T00:00:00, RTC Initialization Failed - Using Default Time
2000-01-01T00:00:00, Setup Complete
2000-01-01T00:00:00, Data: 2000-01-01T00:00:00,4.00,25555,2588.00,2600.00,2590.50,0.67,40.08,8.04,887.84
2000-01-01T00:00:00, Add row to /TRACKING.csv
2000-01-01T00:00:00, Number of rows in /TRACKING.csv: 3
2000-01-01T00:00:00, Done loop ...
2000-01-01T00:00:00, ... powering down.
2000-01-01T00:00:00, RTC Initialization Failed - Using Default Time
2000-01-01T00:00:00, Setup Complete
2000-01-01T00:00:00, Data: 2000-01-01T00:00:00,4.00,25555,2568.00,2576.00,2572.50,1.51,38.49,8.60,887.73
2000-01-01T00:00:00, Add row to /TRACKING.csv
2000-01-01T00:00:00, Number of rows in /TRACKING.csv: 4
2000-01-01T00:00:00, Number of rows in /TRACKING.csv is >= 4
2000-01-01T00:00:00, Remove tracking
2000-01-01T00:00:00, Write to /TRANSMIT.csv: 2000-01-01T00:00:00,4.00,2568.00,1.5,38
2000-01-01T00:00:00, Number of rows in /TRANSMIT.csv: 1
2000-01-01T00:00:00, Current hour = 0, Transmission hour = 0
2000-01-01T00:00:00, 0100007257+01538
2000-01-01T00:00:00,  - attempt to send message: 0100007257+01538
2000-01-01T00:00:00,  - Modem begin successful
2000-01-01T00:00:00,  - Sending...
2000-01-01T00:00:00,  - Send response: 
2000-01-01T00:00:00,   - Sync clocks... 
2000-01-01T00:00:00,  - Arduino Old Time: 2000-00-20T00:84:03
2000-01-01T00:00:00,  - Failed to set valid RTC time
2000-01-01T00:00:00, Message sent! Removing /TRANSMIT.csv
2000-01-01T00:00:00, Done loop ...
2000-01-01T00:00:00, ... powering down.
2000-01-01T00:00:00, RTC Initialization Failed - Using Default Time
2000-01-01T00:00:00, Setup Complete
2000-01-01T00:00:00, Data: 2000-01-01T00:00:00,4.00,25555,2567.00,2575.00,2572.00,1.19,38.98,8.39,887.61
2000-01-01T00:00:00, Add row to /TRACKING.csv
2000-01-01T00:00:00, Number of rows in /TRACKING.csv: 1
2000-01-01T00:00:00, Done loop ...
2000-01-01T00:00:00, ... powering down.
2000-01-01T00:00:00, RTC Initialization Failed - Using Default Time
2000-01-01T00:00:00, Setup Complete
2000-01-01T00:00:00, Data: 2000-01-01T00:00:00,4.00,25555,2567.00,2573.00,2571.00,1.92,36.24,8.13,887.38
2000-01-01T00:00:00, Add row to /TRACKING.csv
2000-01-01T00:00:00, Number of rows in /TRACKING.csv: 2
2000-01-01T00:00:00, Done loop ...
2000-01-01T00:00:00, ... powering down.
2000-01-01T00:00:00, RTC Initialization Failed - Using Default Time
2000-01-01T00:00:00, Setup Complete
2000-01-01T00:00:00, Data: 2000-01-01T00:00:00,4.00,25555,2551.00,2597.00,2564.50,-0.21,40.64,6.67,887.21
2000-01-01T00:00:00, Add row to /TRACKING.csv
2000-01-01T00:00:00, Number of rows in /TRACKING.csv: 3
2000-01-01T00:00:00, Done loop ...
2000-01-01T00:00:00, ... powering down.
2000-01-01T00:00:00, RTC Initialization Failed - Using Default Time
2000-01-01T00:00:00, Setup Complete
2000-01-01T00:00:00, Data: 2000-01-01T00:00:00,3.88,25555,2569.00,2577.00,2573.00,-0.35,40.82,5.33,887.19
2000-01-01T00:00:00, Add row to /TRACKING.csv
2000-01-01T00:00:00, Number of rows in /TRACKING.csv: 4
2000-01-01T00:00:00, Number of rows in /TRACKING.csv is >= 4
2000-01-01T00:00:00, Remove tracking
2000-01-01T00:00:00, Write to /TRANSMIT.csv: 2000-01-01T00:00:00,3.88,2569.00,-0.3,41
2000-01-01T00:00:00, Number of rows in /TRANSMIT.csv: 1
2000-01-01T00:00:00, Current hour = 0, Transmission hour = 0
2000-01-01T00:00:00, 0100005257-00341
2000-01-01T00:00:00,  - attempt to send message: 0100005257-00341
2000-01-01T00:00:00,  - Modem begin successful
2000-01-01T00:00:00,  - Sending...
2000-01-01T00:00:00,  - Send response: 
2000-01-01T00:00:00,   - Sync clocks... 
2000-01-01T00:00:00,  - Arduino Old Time: 2000-00-20T00:84:03
2000-01-01T00:00:00,  - Failed to set valid RTC time
2000-01-01T00:00:00, Message sent! Removing /TRANSMIT.csv
2000-01-01T00:00:00, Done loop ...
2000-01-01T00:00:00, ... powering down.
2000-01-01T00:00:00, RTC Initialization Failed - Using Default Time
2000-01-01T00:00:00, Setup Complete
2000-01-01T00:00:00, Data: 2000-01-01T00:00:00,3.84,25555,2575.00,2584.00,2582.00,0.38,39.85,4.47,887.07
2000-01-01T00:00:00, Add row to /TRACKING.csv
2000-01-01T00:00:00, Number of rows in /TRACKING.csv: 1
2000-01-01T00:00:00, Done loop ...
2000-01-01T00:00:00, ... powering down.
2000-01-01T00:00:00, RTC Initialization Failed - Using Default Time
2000-01-01T00:00:00, Setup Complete
2000-01-01T00:00:00, Data: 2000-01-01T00:00:00,3.78,25555,2568.00,2591.00,2584.00,-2.04,43.95,3.05,886.95
2000-01-01T00:00:00, Add row to /TRACKING.csv
2000-01-01T00:00:00, Number of rows in /TRACKING.csv: 2
2000-01-01T00:00:00, Done loop ...
2000-01-01T00:00:00, ... powering down.
2000-01-01T00:00:00, RTC Initialization Failed - Using Default Time
2000-01-01T00:00:00, Setup Complete
2000-01-01T00:00:00, Data: 2000-01-01T00:00:00,3.77,25555,2541.00,2554.00,2547.00,-4.24,49.33,-1.20,886.66
2000-01-01T00:00:00, Add row to /TRACKING.csv
2000-01-01T00:00:00, Number of rows in /TRACKING.csv: 3
2000-01-01T00:00:00, Done loop ...
2000-01-01T00:00:00, ... powering down.
2000-01-01T00:00:00, RTC Initialization Failed - Using Default Time
2000-01-01T00:00:00, Setup Complete
2000-01-01T00:00:00, Data: 2000-01-01T00:00:00,3.76,25555,2528.00,2541.00,2534.50,-5.02,52.08,-3.88,886.54
2000-01-01T00:00:00, Add row to /TRACKING.csv
2000-01-01T00:00:00, Number of rows in /TRACKING.csv: 4
2000-01-01T00:00:00, Number of rows in /TRACKING.csv is >= 4
2000-01-01T00:00:00, Remove tracking
2000-01-01T00:00:00, Write to /TRANSMIT.csv: 2000-01-01T00:00:00,3.76,2528.00,-5.0,52
2000-01-01T00:00:00, Number of rows in /TRANSMIT.csv: 1
2000-01-01T00:00:00, Current hour = 0, Transmission hour = 0
2000-01-01T00:00:00, 0100004253-05052
2000-01-01T00:00:00,  - attempt to send message: 0100004253-05052
2000-01-01T00:00:00,  - Modem begin successful
2000-01-01T00:00:00,  - Sending...
2000-01-01T00:00:00,  - Send response: 
2000-01-01T00:00:00,   - Sync clocks... 
2000-01-01T00:00:00,  - Arduino Old Time: 2000-00-20T00:84:03
2000-01-01T00:00:00,  - Failed to set valid RTC time
2000-01-01T00:00:00, Message sent! Removing /TRANSMIT.csv
2000-01-01T00:00:00, Done loop ...
2000-01-01T00:00:00, ... powering down.
2000-01-01T00:00:00, RTC Initialization Failed - Using Default Time
2000-01-01T00:00:00, Setup Complete
2000-01-01T00:00:00, Data: 2000-01-01T00:00:00,3.76,25555,2526.00,2540.00,2531.50,-5.28,51.69,-5.37,886.45
2000-01-01T00:00:00, Add row to /TRACKING.csv
2000-01-01T00:00:00, Number of rows in /TRACKING.csv: 1
2000-01-01T00:00:00, Done loop ...
2000-01-01T00:00:00, ... powering down.
2000-01-01T00:00:00, RTC Initialization Failed - Using Default Time
2000-01-01T00:00:00, Setup Complete
2000-01-01T00:00:00, Data: 2000-01-01T00:00:00,3.76,25555,2530.00,2540.00,2536.50,-5.80,53.36,-6.28,886.32
2000-01-01T00:00:00, Add row to /TRACKING.csv
2000-01-01T00:00:00, Number of rows in /TRACKING.csv: 2
2000-01-01T00:00:00, Done loop ...
2000-01-01T00:00:00, ... powering down.
2000-01-01T00:00:00, RTC Initialization Failed - Using Default Time
2000-01-01T00:00:00, Setup Complete
2000-01-01T00:00:00, Data: 2000-01-01T00:00:00,3.76,25555,2520.00,2543.00,2526.50,-6.22,55.99,-7.13,886.25
2000-01-01T00:00:00, Add row to /TRACKING.csv
2000-01-01T00:00:00, Number of rows in /TRACKING.csv: 3
2000-01-01T00:00:00, Done loop ...
2000-01-01T00:00:00, ... powering down.
2000-01-01T00:00:00, RTC Initialization Failed - Using Default Time
2000-01-01T00:00:00, Setup Complete
2000-01-01T00:00:00, Data: 2000-01-01T00:00:00,3.75,25555,2525.00,2545.00,2536.00,-5.77,48.31,-7.40,886.08
2000-01-01T00:00:00, Add row to /TRACKING.csv
2000-01-01T00:00:00, Number of rows in /TRACKING.csv: 4
2000-01-01T00:00:00, Number of rows in /TRACKING.csv is >= 4
2000-01-01T00:00:00, Remove tracking
2000-01-01T00:00:00, Write to /TRANSMIT.csv: 2000-01-01T00:00:00,3.75,2525.00,-5.8,48
2000-01-01T00:00:00, Number of rows in /TRANSMIT.csv: 1
2000-01-01T00:00:00, Current hour = 0, Transmission hour = 0
2000-01-01T00:00:00, 0100004253-05848
2000-01-01T00:00:00,  - attempt to send message: 0100004253-05848
2000-01-01T00:00:00,  - Modem begin successful
2000-01-01T00:00:00,  - Sending...
2000-01-01T00:00:00,  - Send response: 
2000-01-01T00:00:00,   - Sync clocks... 
2000-01-01T00:00:00,  - Arduino Old Time: 2000-00-20T00:84:03
2000-01-01T00:00:00,  - Failed to set valid RTC time
2000-01-01T00:00:00, Message sent! Removing /TRANSMIT.csv
2000-01-01T00:00:00, Done loop ...
2000-01-01T00:00:00, ... powering down.
2000-01-01T00:00:00, RTC Initialization Failed - Using Default Time
2000-01-01T00:00:00, Setup Complete
2000-01-01T00:00:00, Data: 2000-01-01T00:00:00,3.75,25555,2527.00,2540.00,2529.50,-5.70,45.09,-7.47,885.95
2000-01-01T00:00:00, Add row to /TRACKING.csv
2000-01-01T00:00:00, Number of rows in /TRACKING.csv: 1
2000-01-01T00:00:00, Done loop ...
2000-01-01T00:00:00, ... powering down.
2000-01-01T00:00:00, RTC Initialization Failed - Using Default Time
2000-01-01T00:00:00, Setup Complete
2000-01-01T00:00:00, Data: 2000-01-01T00:00:00,3.75,25555,2531.00,2544.00,2535.00,-6.18,49.34,-7.69,885.89
2000-01-01T00:00:00, Add row to /TRACKING.csv
2000-01-01T00:00:00, Number of rows in /TRACKING.csv: 2
2000-01-01T00:00:00, Done loop ...
2000-01-01T00:00:00, ... powering down.
2000-01-01T00:00:00, RTC Initialization Failed - Using Default Time
2000-01-01T00:00:00, Setup Complete
2000-01-01T00:00:00, Data: 2000-01-01T00:00:00,3.74,25555,2525.00,2551.00,2540.00,-6.08,47.53,-7.88,885.73
2000-01-01T00:00:00, Add row to /TRACKING.csv
2000-01-01T00:00:00, Number of rows in /TRACKING.csv: 3
2000-01-01T00:00:00, Done loop ...
2000-01-01T00:00:00, ... powering down.
2000-01-01T00:00:00, RTC Initialization Failed - Using Default Time
2000-01-01T00:00:00, Setup Complete
2000-01-01T00:00:00, Data: 2000-01-01T00:00:00,3.75,25555,2524.00,2554.00,2531.50,-5.99,46.81,-7.80,885.45
2000-01-01T00:00:00, Add row to /TRACKING.csv
2000-01-01T00:00:00, Number of rows in /TRACKING.csv: 4
2000-01-01T00:00:00, Number of rows in /TRACKING.csv is >= 4
2000-01-01T00:00:00, Remove tracking
2000-01-01T00:00:00, Write to /TRANSMIT.csv: 2000-01-01T00:00:00,3.75,2524.00,-6.0,47
2000-01-01T00:00:00, Number of rows in /TRANSMIT.csv: 1
2000-01-01T00:00:00, Current hour = 0, Transmission hour = 0
2000-01-01T00:00:00, 0100004252-06047
2000-01-01T00:00:00,  - attempt to send message: 0100004252-06047
2000-01-01T00:00:00,  - Modem begin successful
2000-01-01T00:00:00,  - Sending...
2000-01-01T00:00:00,  - Send response: 
2000-01-01T00:00:00,   - Sync clocks... 
2000-01-01T00:00:00,  - Arduino Old Time: 2000-00-20T00:84:03
2000-01-01T00:00:00,  - Failed to set valid RTC time
2000-01-01T00:00:00, Message sent! Removing /TRANSMIT.csv
2000-01-01T00:00:00, Done loop ...
2000-01-01T00:00:00, ... powering down.
2000-01-01T00:00:00, RTC Initialization Failed - Using Default Time
2000-01-01T00:00:00, Setup Complete
2000-01-01T00:00:00, Data: 2000-01-01T00:00:00,3.75,25555,2525.00,2564.00,2551.00,-6.24,44.20,-8.00,885.31
2000-01-01T00:00:00, Add row to /TRACKING.csv
2000-01-01T00:00:00, Number of rows in /TRACKING.csv: 1
2000-01-01T00:00:00, Done loop ...
2000-01-01T00:00:00, ... powering down.
2000-01-01T00:00:00, RTC Initialization Failed - Using Default Time
2000-01-01T00:00:00, Setup Complete
2000-01-01T00:00:00, Data: 2000-01-01T00:00:00,3.75,25555,2522.00,2554.00,2539.50,-6.81,48.73,-8.37,885.23
2000-01-01T00:00:00, Add row to /TRACKING.csv
2000-01-01T00:00:00, Number of rows in /TRACKING.csv: 2
2000-01-01T00:00:00, Done loop ...
2000-01-01T00:00:00, ... powering down.
2000-01-01T00:00:00, RTC Initialization Failed - Using Default Time
2000-01-01T00:00:00, Setup Complete
2000-01-01T00:00:00, Data: 2000-01-01T00:00:00,3.74,25555,2527.00,2540.00,2535.00,-6.66,47.40,-8.47,885.15
2000-01-01T00:00:00, Add row to /TRACKING.csv
2000-01-01T00:00:00, Number of rows in /TRACKING.csv: 3
2000-01-01T00:00:00, Done loop ...
2000-01-01T00:00:00, ... powering down.
2000-01-01T00:00:00, RTC Initialization Failed - Using Default Time
2000-01-01T00:00:00, Setup Complete
2000-01-01T00:00:00, Data: 2000-01-01T00:00:00,3.74,25555,2529.00,2546.00,2534.50,-6.81,48.27,-8.58,885.09
2000-01-01T00:00:00, Add row to /TRACKING.csv
2000-01-01T00:00:00, Number of rows in /TRACKING.csv: 4
2000-01-01T00:00:00, Number of rows in /TRACKING.csv is >= 4
2000-01-01T00:00:00, Remove tracking
2000-01-01T00:00:00, Write to /TRANSMIT.csv: 2000-01-01T00:00:00,3.74,2529.00,-6.8,48
2000-01-01T00:00:00, Number of rows in /TRANSMIT.csv: 1
2000-01-01T00:00:00, Current hour = 0, Transmission hour = 0
2000-01-01T00:00:00, 0100004253-06848
2000-01-01T00:00:00,  - attempt to send message: 0100004253-06848
2000-01-01T00:00:00,  - Modem begin successful
2000-01-01T00:00:00,  - Sending...
2000-01-01T00:00:00,  - Send response: 
2000-01-01T00:00:00,   - Sync clocks... 
2000-01-01T00:00:00,  - Arduino Old Time: 2000-00-20T00:84:03
2000-01-01T00:00:00,  - Failed to set valid RTC time
2000-01-01T00:00:00, Message sent! Removing /TRANSMIT.csv
2000-01-01T00:00:00, Done loop ...
2000-01-01T00:00:00, ... powering down.
2000-01-01T00:00:00, RTC Initialization Failed - Using Default Time
2000-01-01T00:00:00, Setup Complete
2000-01-01T00:00:00, Data: 2000-01-01T00:00:00,3.74,25555,2532.00,2544.00,2536.00,-6.57,48.98,-8.52,885.00
2000-01-01T00:00:00, Add row to /TRACKING.csv
2000-01-01T00:00:00, Number of rows in /TRACKING.csv: 1
2000-01-01T00:00:00, Done loop ...
2000-01-01T00:00:00, ... powering down.
2000-01-01T00:00:00, RTC Initialization Failed - Using Default Time
2000-01-01T00:00:00, Setup Complete
2000-01-01T00:00:00, Data: 2000-01-01T00:00:00,3.74,25555,2518.00,2548.00,2528.50,-7.39,49.09,-8.96,884.89
2000-01-01T00:00:00, Add row to /TRACKING.csv
2000-01-01T00:00:00, Number of rows in /TRACKING.csv: 2
2000-01-01T00:00:00, Done loop ...
2000-01-01T00:00:00, ... powering down.
2000-01-01T00:00:00, RTC Initialization Failed - Using Default Time
2000-01-01T00:00:00, Setup Complete
2000-01-01T00:00:00, Data: 2000-01-01T00:00:00,3.74,25555,2532.00,2545.00,2537.00,-7.14,48.11,-9.04,884.72
2000-01-01T00:00:00, Add row to /TRACKING.csv
2000-01-01T00:00:00, Number of rows in /TRACKING.csv: 3
2000-01-01T00:00:00, Done loop ...
2000-01-01T00:00:00, ... powering down.
2000-01-01T00:00:00, RTC Initialization Failed - Using Default Time
2000-01-01T00:00:00, Setup Complete
2000-01-01T00:00:00, Data: 2000-01-01T00:00:00,3.74,25555,2530.00,2548.00,2538.00,-6.98,46.64,-9.03,884.60
2000-01-01T00:00:00, Add row to /TRACKING.csv
2000-01-01T00:00:00, Number of rows in /TRACKING.csv: 4
2000-01-01T00:00:00, Number of rows in /TRACKING.csv is >= 4
2000-01-01T00:00:00, Remove tracking
2000-01-01T00:00:00, Write to /TRANSMIT.csv: 2000-01-01T00:00:00,3.74,2530.00,-7.0,47
2000-01-01T00:00:00, Number of rows in /TRANSMIT.csv: 1
2000-01-01T00:00:00, Current hour = 0, Transmission hour = 0
2000-01-01T00:00:00, 0100004253-07047
2000-01-01T00:00:00,  - attempt to send message: 0100004253-07047
2000-01-01T00:00:00,  - Modem begin successful
2000-01-01T00:00:00,  - Sending...
2000-01-01T00:00:00,  - Send response: 
2000-01-01T00:00:00,   - Sync clocks... 
2000-01-01T00:00:00,  - Arduino Old Time: 2000-00-20T00:84:03
2000-01-01T00:00:00,  - Failed to set valid RTC time
2000-01-01T00:00:00, Message sent! Removing /TRANSMIT.csv
2000-01-01T00:00:00, Done loop ...
2000-01-01T00:00:00, ... powering down.
2000-01-01T00:00:00, RTC Initialization Failed - Using Default Time
2000-01-01T00:00:00, Setup Complete
2000-01-01T00:00:00, Data: 2000-01-01T00:00:00,3.74,25555,2542.00,2563.00,2550.50,-6.60,45.32,-8.85,884.41
2000-01-01T00:00:00, Add row to /TRACKING.csv
2000-01-01T00:00:00, Number of rows in /TRACKING.csv: 1
2000-01-01T00:00:00, Done loop ...
2000-01-01T00:00:00, ... powering down.
2000-01-01T00:00:00, RTC Initialization Failed - Using Default Time
2000-01-01T00:00:00, Setup Complete
2000-01-01T00:00:00, Data: 2000-01-01T00:00:00,3.74,25555,2524.00,2561.00,2535.00,-7.22,47.01,-9.03,884.33
2000-01-01T00:00:00, Add row to /TRACKING.csv
2000-01-01T00:00:00, Number of rows in /TRACKING.csv: 2
2000-01-01T00:00:00, Done loop ...
2000-01-01T00:00:00, ... powering down.
2000-01-01T00:00:00, RTC Initialization Failed - Using Default Time
2000-01-01T00:00:00, Setup Complete
2000-01-01T00:00:00, Data: 2000-01-01T00:00:00,3.74,25555,2524.00,2551.00,2536.00,-7.07,45.75,-9.12,884.13
2000-01-01T00:00:00, Add row to /TRACKING.csv
2000-01-01T00:00:00, Number of rows in /TRACKING.csv: 3
2000-01-01T00:00:00, Done loop ...
2000-01-01T00:00:00, ... powering down.
2000-01-01T00:00:00, RTC Initialization Failed - Using Default Time
2000-01-01T00:00:00, Setup Complete
2000-01-01T00:00:00, Data: 2000-01-01T00:00:00,3.74,25555,2536.00,2555.00,2543.50,-6.91,46.13,-9.04,884.03
2000-01-01T00:00:00, Add row to /TRACKING.csv
2000-01-01T00:00:00, Number of rows in /TRACKING.csv: 4
2000-01-01T00:00:00, Number of rows in /TRACKING.csv is >= 4
2000-01-01T00:00:00, Remove tracking
2000-01-01T00:00:00, Write to /TRANSMIT.csv: 2000-01-01T00:00:00,3.74,2536.00,-6.9,46
2000-01-01T00:00:00, Number of rows in /TRANSMIT.csv: 1
2000-01-01T00:00:00, Current hour = 0, Transmission hour = 0
2000-01-01T00:00:00, 0100004254-06946
2000-01-01T00:00:00,  - attempt to send message: 0100004254-06946
2000-01-01T00:00:00,  - Modem begin successful
2000-01-01T00:00:00,  - Sending...
2000-01-01T00:00:00,  - Send response: 
2000-01-01T00:00:00,   - Sync clocks... 
2000-01-01T00:00:00,  - Arduino Old Time: 2000-00-20T00:84:03
2000-01-01T00:00:00,  - Failed to set valid RTC time
2000-01-01T00:00:00, Message sent! Removing /TRANSMIT.csv
2000-01-01T00:00:00, Done loop ...
2000-01-01T00:00:00, ... powering down.
2000-01-01T00:00:00, RTC Initialization Failed - Using Default Time
2000-01-01T00:00:00, Setup Complete
2000-01-01T00:00:00, Data: 2000-01-01T00:00:00,3.74,25555,2520.00,2546.00,2531.50,-6.57,43.09,-8.90,883.91
2000-01-01T00:00:00, Add row to /TRACKING.csv
2000-01-01T00:00:00, Number of rows in /TRACKING.csv: 1
2000-01-01T00:00:00, Done loop ...
2000-01-01T00:00:00, ... powering down.
2000-01-01T00:00:00, RTC Initialization Failed - Using Default Time
2000-01-01T00:00:00, Setup Complete
2000-01-01T00:00:00, Data: 2000-01-01T00:00:00,3.74,25555,2526.00,2554.00,2536.00,-6.85,44.43,-8.93,883.76
2000-01-01T00:00:00, Add row to /TRACKING.csv
2000-01-01T00:00:00, Number of rows in /TRACKING.csv: 2
2000-01-01T00:00:00, Done loop ...
2000-01-01T00:00:00, ... powering down.
2000-01-01T00:00:00, RTC Initialization Failed - Using Default Time
2000-01-01T00:00:00, Setup Complete
2000-01-01T00:00:00, Data: 2000-01-01T00:00:00,3.74,25555,2526.00,2552.00,2530.00,-7.43,46.72,-9.16,883.60
2000-01-01T00:00:00, Add row to /TRACKING.csv
2000-01-01T00:00:00, Number of rows in /TRACKING.csv: 3
2000-01-01T00:00:00, Done loop ...
2000-01-01T00:00:00, ... powering down.
2000-01-01T00:00:00, RTC Initialization Failed - Using Default Time
2000-01-01T00:00:00, Setup Complete
2000-01-01T00:00:00, Data: 2000-01-01T00:00:00,3.74,25555,2538.00,2558.00,2550.00,-7.15,45.38,-9.30,883.48
2000-01-01T00:00:00, Add row to /TRACKING.csv
2000-01-01T00:00:00, Number of rows in /TRACKING.csv: 4
2000-01-01T00:00:00, Number of rows in /TRACKING.csv is >= 4
2000-01-01T00:00:00, Remove tracking
2000-01-01T00:00:00, Write to /TRANSMIT.csv: 2000-01-01T00:00:00,3.74,2538.00,-7.2,45
2000-01-01T00:00:00, Number of rows in /TRANSMIT.csv: 1
2000-01-01T00:00:00, Current hour = 0, Transmission hour = 0
2000-01-01T00:00:00, 0100004254-07245
2000-01-01T00:00:00,  - attempt to send message: 0100004254-07245
2000-01-01T00:00:00,  - Modem begin successful
2000-01-01T00:00:00,  - Sending...
2000-01-01T00:00:00,  - Send response: 
2000-01-01T00:00:00,   - Sync clocks... 
2000-01-01T00:00:00,  - Arduino Old Time: 2000-00-20T00:84:03
2000-01-01T00:00:00,  - Failed to set valid RTC time
2000-01-01T00:00:00, Message sent! Removing /TRANSMIT.csv
2000-01-01T00:00:00, Done loop ...
2000-01-01T00:00:00, ... powering down.
2000-01-01T00:00:00, RTC Initialization Failed - Using Default Time
2000-01-01T00:00:00, Setup Complete
2000-01-01T00:00:00, Data: 2000-01-01T00:00:00,3.74,25555,2530.00,2551.00,2543.50,-7.18,47.49,-9.30,883.47
2000-01-01T00:00:00, Add row to /TRACKING.csv
2000-01-01T00:00:00, Number of rows in /TRACKING.csv: 1
2000-01-01T00:00:00, Done loop ...
2000-01-01T00:00:00, ... powering down.
2000-01-01T00:00:00, RTC Initialization Failed - Using Default Time
2000-01-01T00:00:00, Setup Complete
2000-01-01T00:00:00, Data: 2000-01-01T00:00:00,3.74,25555,2529.00,2549.00,2538.50,-7.36,47.04,-9.36,883.11
2000-01-01T00:00:00, Add row to /TRACKING.csv
2000-01-01T00:00:00, Number of rows in /TRACKING.csv: 2
2000-01-01T00:00:00, Done loop ...
2000-01-01T00:00:00, ... powering down.
2000-01-01T00:00:00, RTC Initialization Failed - Using Default Time
2000-01-01T00:00:00, Setup Complete
2000-01-01T00:00:00, Data: 2000-01-01T00:00:00,3.72,25555,2535.00,2554.00,2541.00,-7.53,48.02,-9.37,882.92
2000-01-01T00:00:00, Add row to /TRACKING.csv
2000-01-01T00:00:00, Number of rows in /TRACKING.csv: 3
2000-01-01T00:00:00, Done loop ...
2000-01-01T00:00:00, ... powering down.
2000-01-01T00:00:00, RTC Initialization Failed - Using Default Time
2000-01-01T00:00:00, Setup Complete
2000-01-01T00:00:00, Data: 2000-01-01T00:00:00,3.74,25555,2535.00,2550.00,2540.50,-7.66,47.53,-9.59,882.88
2000-01-01T00:00:00, Add row to /TRACKING.csv
2000-01-01T00:00:00, Number of rows in /TRACKING.csv: 4
2000-01-01T00:00:00, Number of rows in /TRACKING.csv is >= 4
2000-01-01T00:00:00, Remove tracking
2000-01-01T00:00:00, Write to /TRANSMIT.csv: 2000-01-01T00:00:00,3.74,2535.00,-7.7,48
2000-01-01T00:00:00, Number of rows in /TRANSMIT.csv: 1
2000-01-01T00:00:00, Current hour = 0, Transmission hour = 0
2000-01-01T00:00:00, 0100004254-07748
2000-01-01T00:00:00,  - attempt to send message: 0100004254-07748
2000-01-01T00:00:00,  - Modem begin successful
2000-01-01T00:00:00,  - Sending...
2000-01-01T00:00:00,  - Send response: 
2000-01-01T00:00:00,   - Sync clocks... 
2000-01-01T00:00:00,  - Arduino Old Time: 2000-00-20T00:84:03
2000-01-01T00:00:00,  - Failed to set valid RTC time
2000-01-01T00:00:00, Message sent! Removing /TRANSMIT.csv
2000-01-01T00:00:00, Done loop ...
2000-01-01T00:00:00, ... powering down.
2000-01-01T00:00:00, RTC Initialization Failed - Using Default Time
2000-01-01T00:00:00, Setup Complete
2000-01-01T00:00:00, Data: 2000-01-01T00:00:00,3.74,25555,2535.00,2555.00,2548.50,-8.14,51.90,-9.75,882.71
2000-01-01T00:00:00, Add row to /TRACKING.csv
2000-01-01T00:00:00, Number of rows in /TRACKING.csv: 1
2000-01-01T00:00:00, Done loop ...
2000-01-01T00:00:00, ... powering down.
2000-01-01T00:00:00, RTC Initialization Failed - Using Default Time
2000-01-01T00:00:00, Setup Complete
2000-01-01T00:00:00, Data: 2000-01-01T00:00:00,3.74,25555,2530.00,2558.00,2547.00,-8.32,51.19,-9.99,882.53
2000-01-01T00:00:00, Add row to /TRACKING.csv
2000-01-01T00:00:00, Number of rows in /TRACKING.csv: 2
2000-01-01T00:00:00, Done loop ...
2000-01-01T00:00:00, ... powering down.
2000-01-01T00:00:00, RTC Initialization Failed - Using Default Time
2000-01-01T00:00:00, Setup Complete
2000-01-01T00:00:00, Data: 2000-01-01T00:00:00,3.74,25555,2538.00,2552.00,2545.00,-8.46,51.25,-10.17,882.30
2000-01-01T00:00:00, Add row to /TRACKING.csv
2000-01-01T00:00:00, Number of rows in /TRACKING.csv: 3
2000-01-01T00:00:00, Done loop ...
2000-01-01T00:00:00, ... powering down.
2000-01-01T00:00:00, RTC Initialization Failed - Using Default Time
2000-01-01T00:00:00, Setup Complete
2000-01-01T00:00:00, Data: 2000-01-01T00:00:00,3.74,25555,2537.00,2552.00,2546.00,-7.83,48.52,-10.05,882.13
2000-01-01T00:00:00, Add row to /TRACKING.csv
2000-01-01T00:00:00, Number of rows in /TRACKING.csv: 4
2000-01-01T00:00:00, Number of rows in /TRACKING.csv is >= 4
2000-01-01T00:00:00, Remove tracking
2000-01-01T00:00:00, Write to /TRANSMIT.csv: 2000-01-01T00:00:00,3.74,2537.00,-7.8,49
2000-01-01T00:00:00, Number of rows in /TRANSMIT.csv: 1
2000-01-01T00:00:00, Current hour = 0, Transmission hour = 0
2000-01-01T00:00:00, 0100004254-07849
2000-01-01T00:00:00,  - attempt to send message: 0100004254-07849
2000-01-01T00:00:00,  - Modem begin successful
2000-01-01T00:00:00,  - Sending...
2000-01-01T00:00:00,  - Send response: 
2000-01-01T00:00:00,   - Sync clocks... 
2000-01-01T00:00:00,  - Arduino Old Time: 2000-00-20T00:84:03
2000-01-01T00:00:00,  - Failed to set valid RTC time
2000-01-01T00:00:00, Message sent! Removing /TRANSMIT.csv
2000-01-01T00:00:00, Done loop ...
2000-01-01T00:00:00, ... powering down.
2000-01-01T00:00:00, RTC Initialization Failed - Using Default Time
2000-01-01T00:00:00, Setup Complete
2000-01-01T00:00:00, Data: 2000-01-01T00:00:00,3.73,25555,2527.00,2558.00,2545.50,-7.71,47.44,-9.85,881.93
2000-01-01T00:00:00, Add row to /TRACKING.csv
2000-01-01T00:00:00, Number of rows in /TRACKING.csv: 1
2000-01-01T00:00:00, Done loop ...
2000-01-01T00:00:00, ... powering down.
2000-01-01T00:00:00, RTC Initialization Failed - Using Default Time
2000-01-01T00:00:00, Setup Complete
2000-01-01T00:00:00, Data: 2000-01-01T00:00:00,3.74,25555,2538.00,2556.00,2551.00,-7.80,48.80,-9.86,881.76
2000-01-01T00:00:00, Add row to /TRACKING.csv
2000-01-01T00:00:00, Number of rows in /TRACKING.csv: 2
2000-01-01T00:00:00, Done loop ...
2000-01-01T00:00:00, ... powering down.
2000-01-01T00:00:00, RTC Initialization Failed - Using Default Time
2000-01-01T00:00:00, Setup Complete
2000-01-01T00:00:00, Data: 2000-01-01T00:00:00,3.73,25555,2540.00,2556.00,2548.00,-7.90,49.05,-9.87,881.52
2000-01-01T00:00:00, Add row to /TRACKING.csv
2000-01-01T00:00:00, Number of rows in /TRACKING.csv: 3
2000-01-01T00:00:00, Done loop ...
2000-01-01T00:00:00, ... powering down.
2000-01-01T00:00:00, RTC Initialization Failed - Using Default Time
2000-01-01T00:00:00, Setup Complete
2000-01-01T00:00:00, Data: 2000-01-01T00:00:00,3.74,25555,2524.00,2559.00,2552.50,-7.95,47.92,-10.01,881.35
2000-01-01T00:00:00, Add row to /TRACKING.csv
2000-01-01T00:00:00, Number of rows in /TRACKING.csv: 4
2000-01-01T00:00:00, Number of rows in /TRACKING.csv is >= 4
2000-01-01T00:00:00, Remove tracking
2000-01-01T00:00:00, Write to /TRANSMIT.csv: 2000-01-01T00:00:00,3.74,2524.00,-7.9,48
2000-01-01T00:00:00, Number of rows in /TRANSMIT.csv: 1
2000-01-01T00:00:00, Current hour = 0, Transmission hour = 0
2000-01-01T00:00:00, 0100004252-07948
2000-01-01T00:00:00,  - attempt to send message: 0100004252-07948
2000-01-01T00:00:00,  - Modem begin successful
2000-01-01T00:00:00,  - Sending...
2000-01-01T00:00:00,  - Send response: 
2000-01-01T00:00:00,   - Sync clocks... 
2000-01-01T00:00:00,  - Arduino Old Time: 2000-00-20T00:84:03
2000-01-01T00:00:00,  - Failed to set valid RTC time
2000-01-01T00:00:00, Message sent! Removing /TRANSMIT.csv
2000-01-01T00:00:00, Done loop ...
2000-01-01T00:00:00, ... powering down.
2000-01-01T00:00:00, RTC Initialization Failed - Using Default Time
2000-01-01T00:00:00, Setup Complete
2000-01-01T00:00:00, Data: 2000-01-01T00:00:00,3.74,25555,2534.00,2558.00,2552.50,-7.98,47.10,-10.17,881.32
2000-01-01T00:00:00, Add row to /TRACKING.csv
2000-01-01T00:00:00, Number of rows in /TRACKING.csv: 1
2000-01-01T00:00:00, Done loop ...
2000-01-01T00:00:00, ... powering down.
2000-01-01T00:00:00, RTC Initialization Failed - Using Default Time
2000-01-01T00:00:00, Setup Complete
2000-01-01T00:00:00, Data: 2000-01-01T00:00:00,3.74,25555,2534.00,2564.00,2557.50,-8.12,48.53,-10.06,881.03
2000-01-01T00:00:00, Add row to /TRACKING.csv
2000-01-01T00:00:00, Number of rows in /TRACKING.csv: 2
2000-01-01T00:00:00, Done loop ...
2000-01-01T00:00:00, ... powering down.
2000-01-01T00:00:00, RTC Initialization Failed - Using Default Time
2000-01-01T00:00:00, Setup Complete
2000-01-01T00:00:00, Data: 2000-01-01T00:00:00,3.74,25555,2536.00,2558.00,2549.50,-8.24,49.15,-10.14,880.88
2000-01-01T00:00:00, Add row to /TRACKING.csv
2000-01-01T00:00:00, Number of rows in /TRACKING.csv: 3
2000-01-01T00:00:00, Done loop ...
2000-01-01T00:00:00, ... powering down.
2000-01-01T00:00:00, RTC Initialization Failed - Using Default Time
2000-01-01T00:00:00, Setup Complete
2000-01-01T00:00:00, Data: 2000-01-01T00:00:00,3.74,25555,2532.00,2558.00,2547.50,-8.57,48.38,-10.42,880.76
2000-01-01T00:00:00, Add row to /TRACKING.csv
2000-01-01T00:00:00, Number of rows in /TRACKING.csv: 4
2000-01-01T00:00:00, Number of rows in /TRACKING.csv is >= 4
2000-01-01T00:00:00, Remove tracking
2000-01-01T00:00:00, Write to /TRANSMIT.csv: 2000-01-01T00:00:00,3.74,2532.00,-8.6,48
2000-01-01T00:00:00, Number of rows in /TRANSMIT.csv: 1
2000-01-01T00:00:00, Current hour = 0, Transmission hour = 0
2000-01-01T00:00:00, 0100004253-08648
2000-01-01T00:00:00,  - attempt to send message: 0100004253-08648
2000-01-01T00:00:00,  - Modem begin successful
2000-01-01T00:00:00,  - Sending...
2000-01-01T00:00:00,  - Send response: 
2000-01-01T00:00:00,   - Sync clocks... 
2000-01-01T00:00:00,  - Arduino Old Time: 2000-00-20T00:84:03
2000-01-01T00:00:00,  - Failed to set valid RTC time
2000-01-01T00:00:00, Message sent! Removing /TRANSMIT.csv
2000-01-01T00:00:00, Done loop ...
2000-01-01T00:00:00, ... powering down.
2000-01-01T00:00:00, RTC Initialization Failed - Using Default Time
2000-01-01T00:00:00, Setup Complete
2000-01-01T00:00:00, Data: 2000-01-01T00:00:00,3.74,25555,2531.00,2558.00,2550.50,-8.28,48.20,-10.38,880.63
2000-01-01T00:00:00, Add row to /TRACKING.csv
2000-01-01T00:00:00, Number of rows in /TRACKING.csv: 1
2000-01-01T00:00:00, Done loop ...
2000-01-01T00:00:00, ... powering down.
2000-01-01T00:00:00, RTC Initialization Failed - Using Default Time
2000-01-01T00:00:00, Setup Complete
2000-01-01T00:00:00, Data: 2000-01-01T00:00:00,3.73,25555,2517.00,2545.00,2541.50,-8.21,47.65,-10.32,880.33
2000-01-01T00:00:00, Add row to /TRACKING.csv
2000-01-01T00:00:00, Number of rows in /TRACKING.csv: 2
2000-01-01T00:00:00, Done loop ...
2000-01-01T00:00:00, ... powering down.
2000-01-01T00:00:00, RTC Initialization Failed - Using Default Time
2000-01-01T00:00:00, Setup Complete
2000-01-01T00:00:00, Data: 2000-01-01T00:00:00,3.73,25555,2538.00,2564.00,2551.00,-8.24,46.97,-10.27,880.15
2000-01-01T00:00:00, Add row to /TRACKING.csv
2000-01-01T00:00:00, Number of rows in /TRACKING.csv: 3
2000-01-01T00:00:00, Done loop ...
2000-01-01T00:00:00, ... powering down.
2000-01-01T00:00:00, RTC Initialization Failed - Using Default Time
2000-01-01T00:00:00, Setup Complete
2000-01-01T00:00:00, Data: 2000-01-01T00:00:00,3.73,25555,2536.00,2557.00,2547.00,-8.43,48.84,-10.40,880.06
2000-01-01T00:00:00, Add row to /TRACKING.csv
2000-01-01T00:00:00, Number of rows in /TRACKING.csv: 4
2000-01-01T00:00:00, Number of rows in /TRACKING.csv is >= 4
2000-01-01T00:00:00, Remove tracking
2000-01-01T00:00:00, Write to /TRANSMIT.csv: 2000-01-01T00:00:00,3.73,2536.00,-8.4,49
2000-01-01T00:00:00, Number of rows in /TRANSMIT.csv: 1
2000-01-01T00:00:00, Current hour = 0, Transmission hour = 0
2000-01-01T00:00:00, 0100004254-08449
2000-01-01T00:00:00,  - attempt to send message: 0100004254-08449
2000-01-01T00:00:00,  - Modem begin successful
2000-01-01T00:00:00,  - Sending...
2000-01-01T00:00:00,  - Send response: 
2000-01-01T00:00:00,   - Sync clocks... 
2000-01-01T00:00:00,  - Arduino Old Time: 2000-00-20T00:84:03
2000-01-01T00:00:00,  - Failed to set valid RTC time
2000-01-01T00:00:00, Message sent! Removing /TRANSMIT.csv
2000-01-01T00:00:00, Done loop ...
2000-01-01T00:00:00, ... powering down.
2000-01-01T00:00:00, RTC Initialization Failed - Using Default Time
2000-01-01T00:00:00, Setup Complete
2000-01-01T00:00:00, Data: 2000-01-01T00:00:00,3.74,25555,2526.00,2556.00,2542.00,-8.63,49.67,-10.52,879.84
2000-01-01T00:00:00, Add row to /TRACKING.csv
2000-01-01T00:00:00, Number of rows in /TRACKING.csv: 1
2000-01-01T00:00:00, Done loop ...
2000-01-01T00:00:00, ... powering down.
2000-01-01T00:00:00, RTC Initialization Failed - Using Default Time
2000-01-01T00:00:00, Setup Complete
2000-01-01T00:00:00, Data: 2000-01-01T00:00:00,3.74,25555,2542.00,2558.00,2547.00,-8.50,48.66,-10.54,879.51
2000-01-01T00:00:00, Add row to /TRACKING.csv
2000-01-01T00:00:00, Number of rows in /TRACKING.csv: 2
2000-01-01T00:00:00, Done loop ...
2000-01-01T00:00:00, ... powering down.
2000-01-01T00:00:00, RTC Initialization Failed - Using Default Time
2000-01-01T00:00:00, Setup Complete
2000-01-01T00:00:00, Data: 2000-01-01T00:00:00,3.73,25555,2535.00,2558.00,2552.00,-8.11,45.84,-10.46,879.41
2000-01-01T00:00:00, Add row to /TRACKING.csv
2000-01-01T00:00:00, Number of rows in /TRACKING.csv: 3
2000-01-01T00:00:00, Done loop ...
2000-01-01T00:00:00, ... powering down.
2000-01-01T00:00:00, RTC Initialization Failed - Using Default Time
2000-01-01T00:00:00, Setup Complete
2000-01-01T00:00:00, Data: 2000-01-01T00:00:00,3.73,25555,2535.00,2552.00,2542.50,-8.80,50.76,-10.65,879.11
2000-01-01T00:00:00, Add row to /TRACKING.csv
2000-01-01T00:00:00, Number of rows in /TRACKING.csv: 4
2000-01-01T00:00:00, Number of rows in /TRACKING.csv is >= 4
2000-01-01T00:00:00, Remove tracking
2000-01-01T00:00:00, Write to /TRANSMIT.csv: 2000-01-01T00:00:00,3.73,2535.00,-8.8,51
2000-01-01T00:00:00, Number of rows in /TRANSMIT.csv: 1
2000-01-01T00:00:00, Current hour = 0, Transmission hour = 0
2000-01-01T00:00:00, 0100004254-08851
2000-01-01T00:00:00,  - attempt to send message: 0100004254-08851
2000-01-01T00:00:00,  - Modem begin successful
2000-01-01T00:00:00,  - Sending...
2000-01-01T00:00:00,  - Send response: 
2000-01-01T00:00:00,   - Sync clocks... 
2000-01-01T00:00:00,  - Arduino Old Time: 2000-00-20T00:84:03
2000-01-01T00:00:00,  - Failed to set valid RTC time
2000-01-01T00:00:00, Message sent! Removing /TRANSMIT.csv
2000-01-01T00:00:00, Done loop ...
2000-01-01T00:00:00, ... powering down.
2000-01-01T00:00:00, RTC Initialization Failed - Using Default Time
2000-01-01T00:00:00, Setup Complete
2000-01-01T00:00:00, Data: 2000-01-01T00:00:00,3.73,25555,2538.00,2561.00,2550.50,-8.81,50.25,-10.76,878.82
2000-01-01T00:00:00, Add row to /TRACKING.csv
2000-01-01T00:00:00, Number of rows in /TRACKING.csv: 1
2000-01-01T00:00:00, Done loop ...
2000-01-01T00:00:00, ... powering down.
2000-01-01T00:00:00, RTC Initialization Failed - Using Default Time
2000-01-01T00:00:00, Setup Complete
2000-01-01T00:00:00, Data: 2000-01-01T00:00:00,3.73,25555,2537.00,2561.00,2549.50,-9.15,51.62,-10.94,878.64
2000-01-01T00:00:00, Add row to /TRACKING.csv
2000-01-01T00:00:00, Number of rows in /TRACKING.csv: 2
2000-01-01T00:00:00, Done loop ...
2000-01-01T00:00:00, ... powering down.
2000-01-01T00:00:00, RTC Initialization Failed - Using Default Time
2000-01-01T00:00:00, Setup Complete
2000-01-01T00:00:00, Data: 2000-01-01T00:00:00,3.73,25555,2519.00,2554.00,2537.50,-9.33,52.76,-11.14,878.53
2000-01-01T00:00:00, Add row to /TRACKING.csv
2000-01-01T00:00:00, Number of rows in /TRACKING.csv: 3
2000-01-01T00:00:00, Done loop ...
2000-01-01T00:00:00, ... powering down.
2000-01-01T00:00:00, RTC Initialization Failed - Using Default Time
2000-01-01T00:00:00, Setup Complete
2000-01-01T00:00:00, Data: 2000-01-01T00:00:00,3.73,25555,2533.00,2561.00,2544.50,-8.94,50.19,-10.93,878.30
2000-01-01T00:00:00, Add row to /TRACKING.csv
2000-01-01T00:00:00, Number of rows in /TRACKING.csv: 4
2000-01-01T00:00:00, Number of rows in /TRACKING.csv is >= 4
2000-01-01T00:00:00, Remove tracking
2000-01-01T00:00:00, Write to /TRANSMIT.csv: 2000-01-01T00:00:00,3.73,2533.00,-8.9,50
2000-01-01T00:00:00, Number of rows in /TRANSMIT.csv: 1
2000-01-01T00:00:00, Current hour = 0, Transmission hour = 0
2000-01-01T00:00:00, 0100004253-08950
2000-01-01T00:00:00,  - attempt to send message: 0100004253-08950
2000-01-01T00:00:00,  - Modem begin successful
2000-01-01T00:00:00,  - Sending...
2000-01-01T00:00:00,  - Send response: 
2000-01-01T00:00:00,   - Sync clocks... 
2000-01-01T00:00:00,  - Arduino Old Time: 2000-00-20T00:84:03
2000-01-01T00:00:00,  - Failed to set valid RTC time
2000-01-01T00:00:00, Message sent! Removing /TRANSMIT.csv
2000-01-01T00:00:00, Done loop ...
2000-01-01T00:00:00, ... powering down.
2000-01-01T00:00:00, RTC Initialization Failed - Using Default Time
2000-01-01T00:00:00, Setup Complete
2000-01-01T00:00:00, Data: 2000-01-01T00:00:00,3.74,25555,2532.00,2549.00,2545.00,-8.70,49.40,-10.46,878.24
2000-01-01T00:00:00, Add row to /TRACKING.csv
2000-01-01T00:00:00, Number of rows in /TRACKING.csv: 1
2000-01-01T00:00:00, Done loop ...
2000-01-01T00:00:00, ... powering down.
2000-01-01T00:00:00, RTC Initialization Failed - Using Default Time
2000-01-01T00:00:00, Setup Complete
2000-01-01T00:00:00, Data: 2000-01-01T00:00:00,3.99,25555,2528.00,2561.00,2542.50,-8.24,49.77,-9.23,878.40
2000-01-01T00:00:00, Add row to /TRACKING.csv
2000-01-01T00:00:00, Number of rows in /TRACKING.csv: 2
2000-01-01T00:00:00, Done loop ...
2000-01-01T00:00:00, ... powering down.
2000-01-01T00:00:00, RTC Initialization Failed - Using Default Time
2000-01-01T00:00:00, Setup Complete
2000-01-01T00:00:00, Data: 2000-01-01T00:00:00,4.00,25555,2579.00,2589.00,2587.00,-3.69,37.72,-2.51,878.14
2000-01-01T00:00:00, Add row to /TRACKING.csv
2000-01-01T00:00:00, Number of rows in /TRACKING.csv: 3
2000-01-01T00:00:00, Done loop ...
2000-01-01T00:00:00, ... powering down.
2000-01-01T00:00:00, RTC Initialization Failed - Using Default Time
2000-01-01T00:00:00, Setup Complete
2000-01-01T00:00:00, Data: 2000-01-01T00:00:00,4.00,25555,2589.00,2614.00,2600.50,-4.62,39.45,0.86,877.86
2000-01-01T00:00:00, Add row to /TRACKING.csv
2000-01-01T00:00:00, Number of rows in /TRACKING.csv: 4
2000-01-01T00:00:00, Number of rows in /TRACKING.csv is >= 4
2000-01-01T00:00:00, Remove tracking
2000-01-01T00:00:00, Write to /TRANSMIT.csv: 2000-01-01T00:00:00,4.00,2589.00,-4.6,39
2000-01-01T00:00:00, Number of rows in /TRANSMIT.csv: 1
2000-01-01T00:00:00, Current hour = 0, Transmission hour = 0
2000-01-01T00:00:00, 0100007259-04639
2000-01-01T00:00:00,  - attempt to send message: 0100007259-04639
2000-01-01T00:00:00,  - Modem begin successful
2000-01-01T00:00:00,  - Sending...
2000-01-01T00:00:00,  - Send response: 
2000-01-01T00:00:00,   - Sync clocks... 
2000-01-01T00:00:00,  - Arduino Old Time: 2000-00-20T00:84:03
2000-01-01T00:00:00,  - Failed to set valid RTC time
2000-01-01T00:00:00, Message sent! Removing /TRANSMIT.csv
2000-01-01T00:00:00, Done loop ...
2000-01-01T00:00:00, ... powering down.
2000-01-01T00:00:00, RTC Initialization Failed - Using Default Time
2000-01-01T00:00:00, Setup Complete
2000-01-01T00:00:00, Data: 2000-01-01T00:00:00,4.00,25555,2586.00,2613.00,2602.00,-3.73,39.86,3.53,877.69
2000-01-01T00:00:00, Add row to /TRACKING.csv
2000-01-01T00:00:00, Number of rows in /TRACKING.csv: 1
2000-01-01T00:00:00, Done loop ...
2000-01-01T00:00:00, ... powering down.
2000-01-01T00:00:00, RTC Initialization Failed - Using Default Time
2000-01-01T00:00:00, Setup Complete
2000-01-01T00:00:00, Data: 2000-01-01T00:00:00,4.00,25555,2606.00,2612.00,2608.00,-3.05,38.24,5.84,877.82
2000-01-01T00:00:00, Add row to /TRACKING.csv
2000-01-01T00:00:00, Number of rows in /TRACKING.csv: 2
2000-01-01T00:00:00, Done loop ...
2000-01-01T00:00:00, ... powering down.
2000-01-01T00:00:00, RTC Initialization Failed - Using Default Time
2000-01-01T00:00:00, Setup Complete
2000-01-01T00:00:00, Data: 2000-01-01T00:00:00,4.00,25555,2625.00,2630.00,2628.50,-0.90,34.83,8.39,877.57
2000-01-01T00:00:00, Add row to /TRACKING.csv
2000-01-01T00:00:00, Number of rows in /TRACKING.csv: 3
2000-01-01T00:00:00, Done loop ...
2000-01-01T00:00:00, ... powering down.
2000-01-01T00:00:00, RTC Initialization Failed - Using Default Time
2000-01-01T00:00:00, Setup Complete
2000-01-01T00:00:00, Data: 2000-01-01T00:00:00,4.00,25555,2620.00,2652.00,2637.00,-2.17,38.70,9.61,877.33
2000-01-01T00:00:00, Add row to /TRACKING.csv
2000-01-01T00:00:00, Number of rows in /TRACKING.csv: 4
2000-01-01T00:00:00, Number of rows in /TRACKING.csv is >= 4
2000-01-01T00:00:00, Remove tracking
2000-01-01T00:00:00, Write to /TRANSMIT.csv: 2000-01-01T00:00:00,4.00,2620.00,-2.2,39
2000-01-01T00:00:00, Number of rows in /TRANSMIT.csv: 1
2000-01-01T00:00:00, Current hour = 0, Transmission hour = 0
2000-01-01T00:00:00, 0100007262-02239
2000-01-01T00:00:00,  - attempt to send message: 0100007262-02239
2000-01-01T00:00:00,  - Modem begin successful
2000-01-01T00:00:00,  - Sending...
2000-01-01T00:00:00,  - Send response: 
2000-01-01T00:00:00,   - Sync clocks... 
2000-01-01T00:00:00,  - Arduino Old Time: 2000-00-20T00:84:03
2000-01-01T00:00:00,  - Failed to set valid RTC time
2000-01-01T00:00:00, Message sent! Removing /TRANSMIT.csv
2000-01-01T00:00:00, Done loop ...
2000-01-01T00:00:00, ... powering down.
2000-01-01T00:00:00, RTC Initialization Failed - Using Default Time
2000-01-01T00:00:00, Setup Complete
2000-01-01T00:00:00, Data: 2000-01-01T00:00:00,4.00,25555,2632.00,2636.00,2633.50,-1.86,39.79,9.71,877.32
2000-01-01T00:00:00, Add row to /TRACKING.csv
2000-01-01T00:00:00, Number of rows in /TRACKING.csv: 1
2000-01-01T00:00:00, Done loop ...
2000-01-01T00:00:00, ... powering down.
2000-01-01T00:00:00, RTC Initialization Failed - Using Default Time
2000-01-01T00:00:00, Setup Complete
2000-01-01T00:00:00, Data: 2000-01-01T00:00:00,4.00,25555,2640.00,2646.00,2644.00,-0.98,38.07,8.98,877.26
2000-01-01T00:00:00, Add row to /TRACKING.csv
2000-01-01T00:00:00, Number of rows in /TRACKING.csv: 2
2000-01-01T00:00:00, Done loop ...
2000-01-01T00:00:00, ... powering down.
2000-01-01T00:00:00, RTC Initialization Failed - Using Default Time
2000-01-01T00:00:00, Setup Complete
2000-01-01T00:00:00, Data: 2000-01-01T00:00:00,4.00,25555,2629.00,2671.00,2650.50,-0.66,41.18,8.64,877.09
2000-01-01T00:00:00, Add row to /TRACKING.csv
2000-01-01T00:00:00, Number of rows in /TRACKING.csv: 3
2000-01-01T00:00:00, Done loop ...
2000-01-01T00:00:00, ... powering down.
2000-01-01T00:00:00, RTC Initialization Failed - Using Default Time
2000-01-01T00:00:00, Setup Complete
2000-01-01T00:00:00, Data: 2000-01-01T00:00:00,4.00,25555,2620.00,2630.00,2625.50,-2.85,46.05,7.95,876.99
2000-01-01T00:00:00, Add row to /TRACKING.csv
2000-01-01T00:00:00, Number of rows in /TRACKING.csv: 4
2000-01-01T00:00:00, Number of rows in /TRACKING.csv is >= 4
2000-01-01T00:00:00, Remove tracking
2000-01-01T00:00:00, Write to /TRANSMIT.csv: 2000-01-01T00:00:00,4.00,2620.00,-2.8,46
2000-01-01T00:00:00, Number of rows in /TRANSMIT.csv: 1
2000-01-01T00:00:00, Current hour = 0, Transmission hour = 0
2000-01-01T00:00:00, 0100007262-02846
2000-01-01T00:00:00,  - attempt to send message: 0100007262-02846
2000-01-01T00:00:00,  - Modem begin successful
2000-01-01T00:00:00,  - Sending...
2000-01-01T00:00:00,  - Send response: 
2000-01-01T00:00:00,   - Sync clocks... 
2000-01-01T00:00:00,  - Arduino Old Time: 2000-00-20T00:84:03
2000-01-01T00:00:00,  - Failed to set valid RTC time
2000-01-01T00:00:00, Message sent! Removing /TRANSMIT.csv
2000-01-01T00:00:00, Done loop ...
2000-01-01T00:00:00, ... powering down.
2000-01-01T00:00:00, RTC Initialization Failed - Using Default Time
2000-01-01T00:00:00, Setup Complete
2000-01-01T00:00:00, Data: 2000-01-01T00:00:00,4.00,25555,2618.00,2642.00,2630.00,-2.73,45.10,8.51,876.90
2000-01-01T00:00:00, Add row to /TRACKING.csv
2000-01-01T00:00:00, Number of rows in /TRACKING.csv: 1
2000-01-01T00:00:00, Done loop ...
2000-01-01T00:00:00, ... powering down.
2000-01-01T00:00:00, RTC Initialization Failed - Using Default Time
2000-01-01T00:00:00, Setup Complete
2000-01-01T00:00:00, Data: 2000-01-01T00:00:00,4.00,25555,2589.00,2633.00,2622.50,-4.52,50.28,8.40,876.71
2000-01-01T00:00:00, Add row to /TRACKING.csv
2000-01-01T00:00:00, Number of rows in /TRACKING.csv: 2
2000-01-01T00:00:00, Done loop ...
2000-01-01T00:00:00, ... powering down.
2000-01-01T00:00:00, RTC Initialization Failed - Using Default Time
2000-01-01T00:00:00, Setup Complete
2000-01-01T00:00:00, Data: 2000-01-01T00:00:00,4.00,25555,2623.00,2648.00,2630.00,-2.98,46.77,9.31,876.67
2000-01-01T00:00:00, Add row to /TRACKING.csv
2000-01-01T00:00:00, Number of rows in /TRACKING.csv: 3
2000-01-01T00:00:00, Done loop ...
2000-01-01T00:00:00, ... powering down.
2000-01-01T00:00:00, RTC Initialization Failed - Using Default Time
2000-01-01T00:00:00, Setup Complete
2000-01-01T00:00:00, Data: 2000-01-01T00:00:00,4.00,25555,2608.00,2618.00,2612.50,-5.39,44.38,8.16,876.42
2000-01-01T00:00:00, Add row to /TRACKING.csv
2000-01-01T00:00:00, Number of rows in /TRACKING.csv: 4
2000-01-01T00:00:00, Number of rows in /TRACKING.csv is >= 4
2000-01-01T00:00:00, Remove tracking
2000-01-01T00:00:00, Write to /TRANSMIT.csv: 2000-01-01T00:00:00,4.00,2608.00,-5.4,44
2000-01-01T00:00:00, Number of rows in /TRANSMIT.csv: 1
2000-01-01T00:00:00, Current hour = 0, Transmission hour = 0
2000-01-01T00:00:00, 0100007261-05444
2000-01-01T00:00:00,  - attempt to send message: 0100007261-05444
2000-01-01T00:00:00,  - Modem begin successful
2000-01-01T00:00:00,  - Sending...
2000-01-01T00:00:00,  - Send response: 
2000-01-01T00:00:00,   - Sync clocks... 
2000-01-01T00:00:00,  - Arduino Old Time: 2000-00-20T00:84:03
2000-01-01T00:00:00,  - Failed to set valid RTC time
2000-01-01T00:00:00, Message sent! Removing /TRANSMIT.csv
2000-01-01T00:00:00, Done loop ...
2000-01-01T00:00:00, ... powering down.
2000-01-01T00:00:00, RTC Initialization Failed - Using Default Time
2000-01-01T00:00:00, Setup Complete
2000-01-01T00:00:00, Data: 2000-01-01T00:00:00,4.00,25555,2596.00,2605.00,2602.00,-5.22,43.00,7.01,876.43
2000-01-01T00:00:00, Add row to /TRACKING.csv
2000-01-01T00:00:00, Number of rows in /TRACKING.csv: 1
2000-01-01T00:00:00, Done loop ...
2000-01-01T00:00:00, ... powering down.
2000-01-01T00:00:00, RTC Initialization Failed - Using Default Time
2000-01-01T00:00:00, Setup Complete
2000-01-01T00:00:00, Data: 2000-01-01T00:00:00,4.00,25555,2613.00,2642.00,2624.50,-2.88,50.21,8.04,876.24
2000-01-01T00:00:00, Add row to /TRACKING.csv
2000-01-01T00:00:00, Number of rows in /TRACKING.csv: 2
2000-01-01T00:00:00, Done loop ...
2000-01-01T00:00:00, ... powering down.
2000-01-01T00:00:00, RTC Initialization Failed - Using Default Time
2000-01-01T00:00:00, Setup Complete
2000-01-01T00:00:00, Data: 2000-01-01T00:00:00,4.00,25555,2604.00,2618.00,2613.00,-3.99,48.33,8.29,875.92
2000-01-01T00:00:00, Add row to /TRACKING.csv
2000-01-01T00:00:00, Number of rows in /TRACKING.csv: 3
2000-01-01T00:00:00, Done loop ...
2000-01-01T00:00:00, ... powering down.
2000-01-01T00:00:00, RTC Initialization Failed - Using Default Time
2000-01-01T00:00:00, Setup Complete
2000-01-01T00:00:00, Data: 2000-01-01T00:00:00,3.99,25555,2596.00,2617.00,2607.00,-3.99,44.05,8.02,875.72
2000-01-01T00:00:00, Add row to /TRACKING.csv
2000-01-01T00:00:00, Number of rows in /TRACKING.csv: 4
2000-01-01T00:00:00, Number of rows in /TRACKING.csv is >= 4
2000-01-01T00:00:00, Remove tracking
2000-01-01T00:00:00, Write to /TRANSMIT.csv: 2000-01-01T00:00:00,3.99,2596.00,-4.0,44
2000-01-01T00:00:00, Number of rows in /TRANSMIT.csv: 1
2000-01-01T00:00:00, Current hour = 0, Transmission hour = 0
2000-01-01T00:00:00, 0100006260-04044
2000-01-01T00:00:00,  - attempt to send message: 0100006260-04044
2000-01-01T00:00:00,  - Modem begin successful
2000-01-01T00:00:00,  - Sending...
2000-01-01T00:00:00,  - Send response: 
2000-01-01T00:00:00,   - Sync clocks... 
2000-01-01T00:00:00,  - Arduino Old Time: 2000-00-20T00:84:03
2000-01-01T00:00:00,  - Failed to set valid RTC time
2000-01-01T00:00:00, Message sent! Removing /TRANSMIT.csv
2000-01-01T00:00:00, Done loop ...
2000-01-01T00:00:00, ... powering down.
2000-01-01T00:00:00, RTC Initialization Failed - Using Default Time
2000-01-01T00:00:00, Setup Complete
2000-01-01T00:00:00, Data: 2000-01-01T00:00:00,4.00,25555,2586.00,2603.00,2596.50,-4.05,45.15,7.59,875.60
2000-01-01T00:00:00, Add row to /TRACKING.csv
2000-01-01T00:00:00, Number of rows in /TRACKING.csv: 1
2000-01-01T00:00:00, Done loop ...
2000-01-01T00:00:00, ... powering down.
2000-01-01T00:00:00, RTC Initialization Failed - Using Default Time
2000-01-01T00:00:00, Setup Complete
2000-01-01T00:00:00, Data: 2000-01-01T00:00:00,3.98,25555,2572.00,2594.00,2588.50,-3.46,47.14,6.61,875.68
2000-01-01T00:00:00, Add row to /TRACKING.csv
2000-01-01T00:00:00, Number of rows in /TRACKING.csv: 2
2000-01-01T00:00:00, Done loop ...
2000-01-01T00:00:00, ... powering down.
2000-01-01T00:00:00, RTC Initialization Failed - Using Default Time
2000-01-01T00:00:00, Setup Complete
2000-01-01T00:00:00, Data: 2000-01-01T00:00:00,4.00,25555,2575.00,2603.00,2586.50,-2.63,42.08,7.02,875.41
2000-01-01T00:00:00, Add row to /TRACKING.csv
2000-01-01T00:00:00, Number of rows in /TRACKING.csv: 3
2000-01-01T00:00:00, Done loop ...
2000-01-01T00:00:00, ... powering down.
2000-01-01T00:00:00, RTC Initialization Failed - Using Default Time
2000-01-01T00:00:00, Setup Complete
2000-01-01T00:00:00, Data: 2000-01-01T00:00:00,4.00,25555,2578.00,2585.00,2580.00,-3.39,41.31,6.54,875.10
2000-01-01T00:00:00, Add row to /TRACKING.csv
2000-01-01T00:00:00, Number of rows in /TRACKING.csv: 4
2000-01-01T00:00:00, Number of rows in /TRACKING.csv is >= 4
2000-01-01T00:00:00, Remove tracking
2000-01-01T00:00:00, Write to /TRANSMIT.csv: 2000-01-01T00:00:00,4.00,2578.00,-3.4,41
2000-01-01T00:00:00, Number of rows in /TRANSMIT.csv: 1
2000-01-01T00:00:00, Current hour = 0, Transmission hour = 0
2000-01-01T00:00:00, 0100007258-03441
2000-01-01T00:00:00,  - attempt to send message: 0100007258-03441
2000-01-01T00:00:00,  - Modem begin successful
2000-01-01T00:00:00,  - Sending...
2000-01-01T00:00:00,  - Send response: 
2000-01-01T00:00:00,   - Sync clocks... 
2000-01-01T00:00:00,  - Arduino Old Time: 2000-00-20T00:84:03
2000-01-01T00:00:00,  - Failed to set valid RTC time
2000-01-01T00:00:00, Message sent! Removing /TRANSMIT.csv
2000-01-01T00:00:00, Done loop ...
2000-01-01T00:00:00, ... powering down.
2000-01-01T00:00:00, RTC Initialization Failed - Using Default Time
2000-01-01T00:00:00, Setup Complete
2000-01-01T00:00:00, Data: 2000-01-01T00:00:00,4.00,25555,2554.00,2574.00,2564.50,-3.73,43.27,6.26,875.01
2000-01-01T00:00:00, Add row to /TRACKING.csv
2000-01-01T00:00:00, Number of rows in /TRACKING.csv: 1
2000-01-01T00:00:00, Done loop ...
2000-01-01T00:00:00, ... powering down.
2000-01-01T00:00:00, RTC Initialization Failed - Using Default Time
2000-01-01T00:00:00, Setup Complete
2000-01-01T00:00:00, Data: 2000-01-01T00:00:00,4.00,25555,2567.00,2582.00,2576.50,-3.34,47.24,5.74,874.88
2000-01-01T00:00:00, Add row to /TRACKING.csv
2000-01-01T00:00:00, Number of rows in /TRACKING.csv: 2
2000-01-01T00:00:00, Done loop ...
2000-01-01T00:00:00, ... powering down.
2000-01-01T00:00:00, RTC Initialization Failed - Using Default Time
2000-01-01T00:00:00, Setup Complete
2000-01-01T00:00:00, Data: 2000-01-01T00:00:00,4.00,25555,2559.00,2568.00,2565.50,-4.22,46.04,5.09,874.72
2000-01-01T00:00:00, Add row to /TRACKING.csv
2000-01-01T00:00:00, Number of rows in /TRACKING.csv: 3
2000-01-01T00:00:00, Done loop ...
2000-01-01T00:00:00, ... powering down.
2000-01-01T00:00:00, RTC Initialization Failed - Using Default Time
2000-01-01T00:00:00, Setup Complete
2000-01-01T00:00:00, Data: 2000-01-01T00:00:00,4.00,25555,2546.00,2574.00,2566.00,-4.57,47.61,3.99,874.61
2000-01-01T00:00:00, Add row to /TRACKING.csv
2000-01-01T00:00:00, Number of rows in /TRACKING.csv: 4
2000-01-01T00:00:00, Number of rows in /TRACKING.csv is >= 4
2000-01-01T00:00:00, Remove tracking
2000-01-01T00:00:00, Write to /TRANSMIT.csv: 2000-01-01T00:00:00,4.00,2546.00,-4.6,48
2000-01-01T00:00:00, Number of rows in /TRANSMIT.csv: 1
2000-01-01T00:00:00, Current hour = 0, Transmission hour = 0
2000-01-01T00:00:00, 0100007255-04648
2000-01-01T00:00:00,  - attempt to send message: 0100007255-04648
2000-01-01T00:00:00,  - Modem begin successful
2000-01-01T00:00:00,  - Sending...
2000-01-01T00:00:00,  - Send response: 
2000-01-01T00:00:00,   - Sync clocks... 
2000-01-01T00:00:00,  - Arduino Old Time: 2000-00-20T00:84:03
2000-01-01T00:00:00,  - Failed to set valid RTC time
2000-01-01T00:00:00, Message sent! Removing /TRANSMIT.csv
2000-01-01T00:00:00, Done loop ...
2000-01-01T00:00:00, ... powering down.
2000-01-01T00:00:00, RTC Initialization Failed - Using Default Time
2000-01-01T00:00:00, Setup Complete
2000-01-01T00:00:00, Data: 2000-01-01T00:00:00,3.93,25555,2569.00,2588.00,2580.50,-3.98,46.16,3.53,874.60
2000-01-01T00:00:00, Add row to /TRACKING.csv
2000-01-01T00:00:00, Number of rows in /TRACKING.csv: 1
2000-01-01T00:00:00, Done loop ...
2000-01-01T00:00:00, ... powering down.
2000-01-01T00:00:00, RTC Initialization Failed - Using Default Time
2000-01-01T00:00:00, Setup Complete
2000-01-01T00:00:00, Data: 2000-01-01T00:00:00,3.87,25555,2575.00,2585.00,2578.50,-3.74,43.97,2.43,874.57
2000-01-01T00:00:00, Add row to /TRACKING.csv
2000-01-01T00:00:00, Number of rows in /TRACKING.csv: 2
2000-01-01T00:00:00, Done loop ...
2000-01-01T00:00:00, ... powering down.
2000-01-01T00:00:00, RTC Initialization Failed - Using Default Time
2000-01-01T00:00:00, Setup Complete
2000-01-01T00:00:00, Data: 2000-01-01T00:00:00,3.82,25555,2575.00,2598.00,2583.00,-4.30,45.48,1.66,874.40
2000-01-01T00:00:00, Add row to /TRACKING.csv
2000-01-01T00:00:00, Number of rows in /TRACKING.csv: 3
2000-01-01T00:00:00, Done loop ...
2000-01-01T00:00:00, ... powering down.
2000-01-01T00:00:00, RTC Initialization Failed - Using Default Time
2000-01-01T00:00:00, Setup Complete
2000-01-01T00:00:00, Data: 2000-01-01T00:00:00,3.78,25555,2553.00,2590.00,2568.00,-5.76,46.69,-0.18,874.16
2000-01-01T00:00:00, Add row to /TRACKING.csv
2000-01-01T00:00:00, Number of rows in /TRACKING.csv: 4
2000-01-01T00:00:00, Number of rows in /TRACKING.csv is >= 4
2000-01-01T00:00:00, Remove tracking
2000-01-01T00:00:00, Write to /TRANSMIT.csv: 2000-01-01T00:00:00,3.78,2553.00,-5.8,47
2000-01-01T00:00:00, Number of rows in /TRANSMIT.csv: 1
2000-01-01T00:00:00, Current hour = 0, Transmission hour = 0
2000-01-01T00:00:00, 0100004255-05847
2000-01-01T00:00:00,  - attempt to send message: 0100004255-05847
2000-01-01T00:00:00,  - Modem begin successful
2000-01-01T00:00:00,  - Sending...
2000-01-01T00:00:00,  - Send response: 
2000-01-01T00:00:00,   - Sync clocks... 
2000-01-01T00:00:00,  - Arduino Old Time: 2000-00-20T00:84:03
2000-01-01T00:00:00,  - Failed to set valid RTC time
2000-01-01T00:00:00, Message sent! Removing /TRANSMIT.csv
2000-01-01T00:00:00, Done loop ...
2000-01-01T00:00:00, ... powering down.
2000-01-01T00:00:00, RTC Initialization Failed - Using Default Time
2000-01-01T00:00:00, Setup Complete
2000-01-01T00:00:00, Data: 2000-01-01T00:00:00,3.77,25555,2538.00,2570.00,2549.00,-7.52,51.21,-4.96,873.95
2000-01-01T00:00:00, Add row to /TRACKING.csv
2000-01-01T00:00:00, Number of rows in /TRACKING.csv: 1
2000-01-01T00:00:00, Done loop ...
2000-01-01T00:00:00, ... powering down.
2000-01-01T00:00:00, RTC Initialization Failed - Using Default Time
2000-01-01T00:00:00, Setup Complete
2000-01-01T00:00:00, Data: 2000-01-01T00:00:00,3.76,25555,2544.00,2568.00,2563.00,-8.17,53.96,-7.14,873.77
2000-01-01T00:00:00, Add row to /TRACKING.csv
2000-01-01T00:00:00, Number of rows in /TRACKING.csv: 2
2000-01-01T00:00:00, Done loop ...
2000-01-01T00:00:00, ... powering down.
2000-01-01T00:00:00, RTC Initialization Failed - Using Default Time
2000-01-01T00:00:00, Setup Complete
2000-01-01T00:00:00, Data: 2000-01-01T00:00:00,3.76,25555,2527.00,2557.00,2550.00,-8.33,53.88,-8.34,873.64
2000-01-01T00:00:00, Add row to /TRACKING.csv
2000-01-01T00:00:00, Number of rows in /TRACKING.csv: 3
2000-01-01T00:00:00, Done loop ...
2000-01-01T00:00:00, ... powering down.
2000-01-01T00:00:00, RTC Initialization Failed - Using Default Time
2000-01-01T00:00:00, Setup Complete
2000-01-01T00:00:00, Data: 2000-01-01T00:00:00,3.75,25555,2523.00,2557.00,2543.50,-8.56,53.97,-9.09,873.43
2000-01-01T00:00:00, Add row to /TRACKING.csv
2000-01-01T00:00:00, Number of rows in /TRACKING.csv: 4
2000-01-01T00:00:00, Number of rows in /TRACKING.csv is >= 4
2000-01-01T00:00:00, Remove tracking
2000-01-01T00:00:00, Write to /TRANSMIT.csv: 2000-01-01T00:00:00,3.75,2523.00,-8.6,54
2000-01-01T00:00:00, Number of rows in /TRANSMIT.csv: 1
2000-01-01T00:00:00, Current hour = 0, Transmission hour = 0
2000-01-01T00:00:00, 0100004252-08654
2000-01-01T00:00:00,  - attempt to send message: 0100004252-08654
2000-01-01T00:00:00,  - Modem begin successful
2000-01-01T00:00:00,  - Sending...
2000-01-01T00:00:00,  - Send response: 
2000-01-01T00:00:00,   - Sync clocks... 
2000-01-01T00:00:00,  - Arduino Old Time: 2000-00-20T00:84:03
2000-01-01T00:00:00,  - Failed to set valid RTC time
2000-01-01T00:00:00, Message sent! Removing /TRANSMIT.csv
2000-01-01T00:00:00, Done loop ...
2000-01-01T00:00:00, ... powering down.
2000-01-01T00:00:00, RTC Initialization Failed - Using Default Time
2000-01-01T00:00:00, Setup Complete
2000-01-01T00:00:00, Data: 2000-01-01T00:00:00,3.75,25555,2516.00,2561.00,2539.50,-8.60,54.06,-9.56,873.32
2000-01-01T00:00:00, Add row to /TRACKING.csv
2000-01-01T00:00:00, Number of rows in /TRACKING.csv: 1
2000-01-01T00:00:00, Done loop ...
2000-01-01T00:00:00, ... powering down.
2000-01-01T00:00:00, RTC Initialization Failed - Using Default Time
2000-01-01T00:00:00, Setup Complete
2000-01-01T00:00:00, Data: 2000-01-01T00:00:00,3.75,25555,2546.00,2565.00,2552.50,-8.94,55.85,-9.82,873.27
2000-01-01T00:00:00, Add row to /TRACKING.csv
2000-01-01T00:00:00, Number of rows in /TRACKING.csv: 2
2000-01-01T00:00:00, Done loop ...
2000-01-01T00:00:00, ... powering down.
2000-01-01T00:00:00, RTC Initialization Failed - Using Default Time
2000-01-01T00:00:00, Setup Complete
2000-01-01T00:00:00, Data: 2000-01-01T00:00:00,3.74,25555,2531.00,2561.00,2547.50,-9.08,56.46,-10.08,873.18
2000-01-01T00:00:00, Add row to /TRACKING.csv
2000-01-01T00:00:00, Number of rows in /TRACKING.csv: 3
2000-01-01T00:00:00, Done loop ...
2000-01-01T00:00:00, ... powering down.
2000-01-01T00:00:00, RTC Initialization Failed - Using Default Time
2000-01-01T00:00:00, Setup Complete
2000-01-01T00:00:00, Data: 2000-01-01T00:00:00,3.74,25555,2504.00,2568.00,2539.50,-9.04,56.21,-10.25,872.94
2000-01-01T00:00:00, Add row to /TRACKING.csv
2000-01-01T00:00:00, Number of rows in /TRACKING.csv: 4
2000-01-01T00:00:00, Number of rows in /TRACKING.csv is >= 4
2000-01-01T00:00:00, Remove tracking
2000-01-01T00:00:00, Write to /TRANSMIT.csv: 2000-01-01T00:00:00,3.74,2504.00,-9.0,56
2000-01-01T00:00:00, Number of rows in /TRANSMIT.csv: 1
2000-01-01T00:00:00, Current hour = 0, Transmission hour = 0
2000-01-01T00:00:00, 0100004250-09056
2000-01-01T00:00:00,  - attempt to send message: 0100004250-09056
2000-01-01T00:00:00,  - Modem begin successful
2000-01-01T00:00:00,  - Sending...
2000-01-01T00:00:00,  - Send response: 
2000-01-01T00:00:00,   - Sync clocks... 
2000-01-01T00:00:00,  - Arduino Old Time: 2000-00-20T00:84:03
2000-01-01T00:00:00,  - Failed to set valid RTC time
2000-01-01T00:00:00, Message sent! Removing /TRANSMIT.csv
2000-01-01T00:00:00, Done loop ...
2000-01-01T00:00:00, ... powering down.
2000-01-01T00:00:00, RTC Initialization Failed - Using Default Time
2000-01-01T00:00:00, Setup Complete
2000-01-01T00:00:00, Data: 2000-01-01T00:00:00,3.74,25555,2535.00,2564.00,2545.00,-8.71,54.83,-10.35,872.70
2000-01-01T00:00:00, Add row to /TRACKING.csv
2000-01-01T00:00:00, Number of rows in /TRACKING.csv: 1
2000-01-01T00:00:00, Done loop ...
2000-01-01T00:00:00, ... powering down.
2000-01-01T00:00:00, RTC Initialization Failed - Using Default Time
2000-01-01T00:00:00, Setup Complete
2000-01-01T00:00:00, Data: 2000-01-01T00:00:00,3.74,25555,2493.00,2562.00,2541.00,-9.28,56.49,-10.55,872.52
2000-01-01T00:00:00, Add row to /TRACKING.csv
2000-01-01T00:00:00, Number of rows in /TRACKING.csv: 2
2000-01-01T00:00:00, Done loop ...
2000-01-01T00:00:00, ... powering down.
2000-01-01T00:00:00, RTC Initialization Failed - Using Default Time
2000-01-01T00:00:00, Setup Complete
2000-01-01T00:00:00, Data: 2000-01-01T00:00:00,3.74,25555,2531.00,2565.00,2549.50,-9.90,58.89,-11.08,872.36
2000-01-01T00:00:00, Add row to /TRACKING.csv
2000-01-01T00:00:00, Number of rows in /TRACKING.csv: 3
2000-01-01T00:00:00, Done loop ...
2000-01-01T00:00:00, ... powering down.
2000-01-01T00:00:00, RTC Initialization Failed - Using Default Time
2000-01-01T00:00:00, Setup Complete
2000-01-01T00:00:00, Data: 2000-01-01T00:00:00,3.74,25555,2516.00,2565.00,2539.50,-10.07,59.46,-11.40,872.11
2000-01-01T00:00:00, Add row to /TRACKING.csv
2000-01-01T00:00:00, Number of rows in /TRACKING.csv: 4
2000-01-01T00:00:00, Number of rows in /TRACKING.csv is >= 4
2000-01-01T00:00:00, Remove tracking
2000-01-01T00:00:00, Write to /TRANSMIT.csv: 2000-01-01T00:00:00,3.74,2516.00,-10.1,59
2000-01-01T00:00:00, Number of rows in /TRANSMIT.csv: 1
2000-01-01T00:00:00, Current hour = 0, Transmission hour = 0
2000-01-01T00:00:00, 0100004252-10159
2000-01-01T00:00:00,  - attempt to send message: 0100004252-10159
2000-01-01T00:00:00,  - Modem begin successful
2000-01-01T00:00:00,  - Sending...
2000-01-01T00:00:00,  - Send response: 
2000-01-01T00:00:00,   - Sync clocks... 
2000-01-01T00:00:00,  - Arduino Old Time: 2000-00-20T00:84:03
2000-01-01T00:00:00,  - Failed to set valid RTC time
2000-01-01T00:00:00, Message sent! Removing /TRANSMIT.csv
2000-01-01T00:00:00, Done loop ...
2000-01-01T00:00:00, ... powering down.
2000-01-01T00:00:00, RTC Initialization Failed - Using Default Time
2000-01-01T00:00:00, Setup Complete
2000-01-01T00:00:00, Data: 2000-01-01T00:00:00,3.74,25555,2532.00,2562.00,2547.00,-9.64,58.00,-11.38,871.98
2000-01-01T00:00:00, Add row to /TRACKING.csv
2000-01-01T00:00:00, Number of rows in /TRACKING.csv: 1
2000-01-01T00:00:00, Done loop ...
2000-01-01T00:00:00, ... powering down.
2000-01-01T00:00:00, RTC Initialization Failed - Using Default Time
2000-01-01T00:00:00, Setup Complete
2000-01-01T00:00:00, Data: 2000-01-01T00:00:00,3.72,25555,2528.00,2561.00,2542.50,-9.78,58.54,-11.46,871.87
2000-01-01T00:00:00, Add row to /TRACKING.csv
2000-01-01T00:00:00, Number of rows in /TRACKING.csv: 2
2000-01-01T00:00:00, Done loop ...
2000-01-01T00:00:00, ... powering down.
2000-01-01T00:00:00, RTC Initialization Failed - Using Default Time
2000-01-01T00:00:00, Setup Complete
2000-01-01T00:00:00, Data: 2000-01-01T00:00:00,3.73,25555,2528.00,2571.00,2539.00,-9.33,56.55,-11.36,871.79
2000-01-01T00:00:00, Add row to /TRACKING.csv
2000-01-01T00:00:00, Number of rows in /TRACKING.csv: 3
2000-01-01T00:00:00, Done loop ...
2000-01-01T00:00:00, ... powering down.
2000-01-01T00:00:00, RTC Initialization Failed - Using Default Time
2000-01-01T00:00:00, Setup Complete
2000-01-01T00:00:00, Data: 2000-01-01T00:00:00,3.74,25555,2535.00,2550.00,2542.00,-9.40,56.26,-11.26,871.70
2000-01-01T00:00:00, Add row to /TRACKING.csv
2000-01-01T00:00:00, Number of rows in /TRACKING.csv: 4
2000-01-01T00:00:00, Number of rows in /TRACKING.csv is >= 4
2000-01-01T00:00:00, Remove tracking
2000-01-01T00:00:00, Write to /TRANSMIT.csv: 2000-01-01T00:00:00,3.74,2535.00,-9.4,56
2000-01-01T00:00:00, Number of rows in /TRANSMIT.csv: 1
2000-01-01T00:00:00, Current hour = 0, Transmission hour = 0
2000-01-01T00:00:00, 0100004254-09456
2000-01-01T00:00:00,  - attempt to send message: 0100004254-09456
2000-01-01T00:00:00,  - Modem begin successful
2000-01-01T00:00:00,  - Sending...
2000-01-01T00:00:00,  - Send response: 
2000-01-01T00:00:00,   - Sync clocks... 
2000-01-01T00:00:00,  - Arduino Old Time: 2000-00-20T00:84:03
2000-01-01T00:00:00,  - Failed to set valid RTC time
2000-01-01T00:00:00, Message sent! Removing /TRANSMIT.csv
2000-01-01T00:00:00, Done loop ...
2000-01-01T00:00:00, ... powering down.
2000-01-01T00:00:00, RTC Initialization Failed - Using Default Time
2000-01-01T00:00:00, Setup Complete
2000-01-01T00:00:00, Data: 2000-01-01T00:00:00,3.74,25555,2513.00,2562.00,2535.50,-9.52,57.05,-11.27,871.61
2000-01-01T00:00:00, Add row to /TRACKING.csv
2000-01-01T00:00:00, Number of rows in /TRACKING.csv: 1
2000-01-01T00:00:00, Done loop ...
2000-01-01T00:00:00, ... powering down.
2000-01-01T00:00:00, RTC Initialization Failed - Using Default Time
2000-01-01T00:00:00, Setup Complete
2000-01-01T00:00:00, Data: 2000-01-01T00:00:00,3.74,25555,2526.00,2565.00,2546.00,-9.39,57.00,-11.31,871.50
2000-01-01T00:00:00, Add row to /TRACKING.csv
2000-01-01T00:00:00, Number of rows in /TRACKING.csv: 2
2000-01-01T00:00:00, Done loop ...
2000-01-01T00:00:00, ... powering down.
2000-01-01T00:00:00, RTC Initialization Failed - Using Default Time
2000-01-01T00:00:00, Setup Complete
2000-01-01T00:00:00, Data: 2000-01-01T00:00:00,3.74,25555,2535.00,2570.00,2556.00,-9.93,59.10,-11.51,871.45
2000-01-01T00:00:00, Add row to /TRACKING.csv
2000-01-01T00:00:00, Number of rows in /TRACKING.csv: 3
2000-01-01T00:00:00, Done loop ...
2000-01-01T00:00:00, ... powering down.
2000-01-01T00:00:00, RTC Initialization Failed - Using Default Time
2000-01-01T00:00:00, Setup Complete
2000-01-01T00:00:00, Data: 2000-01-01T00:00:00,3.74,25555,2526.00,2559.00,2541.00,-9.90,59.31,-11.61,871.48
2000-01-01T00:00:00, Add row to /TRACKING.csv
2000-01-01T00:00:00, Number of rows in /TRACKING.csv: 4
2000-01-01T00:00:00, Number of rows in /TRACKING.csv is >= 4
2000-01-01T00:00:00, Remove tracking
2000-01-01T00:00:00, Write to /TRANSMIT.csv: 2000-01-01T00:00:00,3.74,2526.00,-9.9,59
2000-01-01T00:00:00, Number of rows in /TRANSMIT.csv: 1
2000-01-01T00:00:00, Current hour = 0, Transmission hour = 0
2000-01-01T00:00:00, 0100004253-09959
2000-01-01T00:00:00,  - attempt to send message: 0100004253-09959
2000-01-01T00:00:00,  - Modem begin successful
2000-01-01T00:00:00,  - Sending...
2000-01-01T00:00:00,  - Send response: 
2000-01-01T00:00:00,   - Sync clocks... 
2000-01-01T00:00:00,  - Arduino Old Time: 2000-00-20T00:84:03
2000-01-01T00:00:00,  - Failed to set valid RTC time
2000-01-01T00:00:00, Message sent! Removing /TRANSMIT.csv
2000-01-01T00:00:00, Done loop ...
2000-01-01T00:00:00, ... powering down.
2000-01-01T00:00:00, RTC Initialization Failed - Using Default Time
2000-01-01T00:00:00, Setup Complete
2000-01-01T00:00:00, Data: 2000-01-01T00:00:00,3.74,25555,2532.00,2566.00,2545.50,-9.70,58.24,-11.54,871.33
2000-01-01T00:00:00, Add row to /TRACKING.csv
2000-01-01T00:00:00, Number of rows in /TRACKING.csv: 1
2000-01-01T00:00:00, Done loop ...
2000-01-01T00:00:00, ... powering down.
2000-01-01T00:00:00, RTC Initialization Failed - Using Default Time
2000-01-01T00:00:00, Setup Complete
2000-01-01T00:00:00, Data: 2000-01-01T00:00:00,3.74,25555,2534.00,2562.00,2548.50,-10.07,59.84,-11.64,871.17
2000-01-01T00:00:00, Add row to /TRACKING.csv
2000-01-01T00:00:00, Number of rows in /TRACKING.csv: 2
2000-01-01T00:00:00, Done loop ...
2000-01-01T00:00:00, ... powering down.
2000-01-01T00:00:00, RTC Initialization Failed - Using Default Time
2000-01-01T00:00:00, Setup Complete
2000-01-01T00:00:00, Data: 2000-01-01T00:00:00,3.73,25555,2531.00,2560.00,2540.50,-9.52,57.70,-11.60,871.10
2000-01-01T00:00:00, Add row to /TRACKING.csv
2000-01-01T00:00:00, Number of rows in /TRACKING.csv: 3
2000-01-01T00:00:00, Done loop ...
2000-01-01T00:00:00, ... powering down.
2000-01-01T00:00:00, RTC Initialization Failed - Using Default Time
2000-01-01T00:00:00, Setup Complete
2000-01-01T00:00:00, Data: 2000-01-01T00:00:00,3.73,25555,2526.00,2564.00,2551.50,-9.97,58.73,-11.67,870.89
2000-01-01T00:00:00, Add row to /TRACKING.csv
2000-01-01T00:00:00, Number of rows in /TRACKING.csv: 4
2000-01-01T00:00:00, Number of rows in /TRACKING.csv is >= 4
2000-01-01T00:00:00, Remove tracking
2000-01-01T00:00:00, Write to /TRANSMIT.csv: 2000-01-01T00:00:00,3.73,2526.00,-10.0,59
2000-01-01T00:00:00, Number of rows in /TRANSMIT.csv: 1
2000-01-01T00:00:00, Current hour = 0, Transmission hour = 0
2000-01-01T00:00:00, 0100004253-10059
2000-01-01T00:00:00,  - attempt to send message: 0100004253-10059
2000-01-01T00:00:00,  - Modem begin successful
2000-01-01T00:00:00,  - Sending...
2000-01-01T00:00:00,  - Send response: 
2000-01-01T00:00:00,   - Sync clocks... 
2000-01-01T00:00:00,  - Arduino Old Time: 2000-00-20T00:84:03
2000-01-01T00:00:00,  - Failed to set valid RTC time
2000-01-01T00:00:00, Message sent! Removing /TRANSMIT.csv
2000-01-01T00:00:00, Done loop ...
2000-01-01T00:00:00, ... powering down.
2000-01-01T00:00:00, RTC Initialization Failed - Using Default Time
2000-01-01T00:00:00, Setup Complete
2000-01-01T00:00:00, Data: 2000-01-01T00:00:00,3.74,25555,2532.00,2575.00,2556.50,-9.84,59.43,-11.57,870.81
2000-01-01T00:00:00, Add row to /TRACKING.csv
2000-01-01T00:00:00, Number of rows in /TRACKING.csv: 1
2000-01-01T00:00:00, Done loop ...
2000-01-01T00:00:00, ... powering down.
2000-01-01T00:00:00, RTC Initialization Failed - Using Default Time
2000-01-01T00:00:00, Setup Complete
2000-01-01T00:00:00, Data: 2000-01-01T00:00:00,3.73,25555,2513.00,2571.00,2557.00,-10.24,60.92,-11.72,870.70
2000-01-01T00:00:00, Add row to /TRACKING.csv
2000-01-01T00:00:00, Number of rows in /TRACKING.csv: 2
2000-01-01T00:00:00, Done loop ...
2000-01-01T00:00:00, ... powering down.
2000-01-01T00:00:00, RTC Initialization Failed - Using Default Time
2000-01-01T00:00:00, Setup Complete
2000-01-01T00:00:00, Data: 2000-01-01T00:00:00,3.73,25555,2533.00,2568.00,2551.50,-10.37,61.38,-11.88,870.73
2000-01-01T00:00:00, Add row to /TRACKING.csv
2000-01-01T00:00:00, Number of rows in /TRACKING.csv: 3
2000-01-01T00:00:00, Done loop ...
2000-01-01T00:00:00, ... powering down.
2000-01-01T00:00:00, RTC Initialization Failed - Using Default Time
2000-01-01T00:00:00, Setup Complete
2000-01-01T00:00:00, Data: 2000-01-01T00:00:00,3.73,25555,2531.00,2567.00,2554.50,-10.43,61.29,-12.10,870.66
2000-01-01T00:00:00, Add row to /TRACKING.csv
2000-01-01T00:00:00, Number of rows in /TRACKING.csv: 4
2000-01-01T00:00:00, Number of rows in /TRACKING.csv is >= 4
2000-01-01T00:00:00, Remove tracking
2000-01-01T00:00:00, Write to /TRANSMIT.csv: 2000-01-01T00:00:00,3.73,2531.00,-10.4,61
2000-01-01T00:00:00, Number of rows in /TRANSMIT.csv: 1
2000-01-01T00:00:00, Current hour = 0, Transmission hour = 0
2000-01-01T00:00:00, 0100004253-10461
2000-01-01T00:00:00,  - attempt to send message: 0100004253-10461
2000-01-01T00:00:00,  - Modem begin successful
2000-01-01T00:00:00,  - Sending...
2000-01-01T00:00:00,  - Send response: 
2000-01-01T00:00:00,   - Sync clocks... 
2000-01-01T00:00:00,  - Arduino Old Time: 2000-00-20T00:84:03
2000-01-01T00:00:00,  - Failed to set valid RTC time
2000-01-01T00:00:00, Message sent! Removing /TRANSMIT.csv
2000-01-01T00:00:00, Done loop ...
2000-01-01T00:00:00, ... powering down.
2000-01-01T00:00:00, RTC Initialization Failed - Using Default Time
2000-01-01T00:00:00, Setup Complete
2000-01-01T00:00:00, Data: 2000-01-01T00:00:00,3.73,25555,2539.00,2554.00,2544.50,-10.21,59.75,-12.12,870.48
2000-01-01T00:00:00, Add row to /TRACKING.csv
2000-01-01T00:00:00, Number of rows in /TRACKING.csv: 1
2000-01-01T00:00:00, Done loop ...
2000-01-01T00:00:00, ... powering down.
2000-01-01T00:00:00, RTC Initialization Failed - Using Default Time
2000-01-01T00:00:00, Setup Complete
2000-01-01T00:00:00, Data: 2000-01-01T00:00:00,3.74,25555,2528.00,2565.00,2553.50,-10.16,60.20,-12.12,870.33
2000-01-01T00:00:00, Add row to /TRACKING.csv
2000-01-01T00:00:00, Number of rows in /TRACKING.csv: 2
2000-01-01T00:00:00, Done loop ...
2000-01-01T00:00:00, ... powering down.
2000-01-01T00:00:00, RTC Initialization Failed - Using Default Time
2000-01-01T00:00:00, Setup Complete
2000-01-01T00:00:00, Data: 2000-01-01T00:00:00,3.73,25555,2492.00,2565.00,2545.50,-10.36,60.07,-12.20,870.16
2000-01-01T00:00:00, Add row to /TRACKING.csv
2000-01-01T00:00:00, Number of rows in /TRACKING.csv: 3
2000-01-01T00:00:00, Done loop ...
2000-01-01T00:00:00, ... powering down.
2000-01-01T00:00:00, RTC Initialization Failed - Using Default Time
2000-01-01T00:00:00, Setup Complete
2000-01-01T00:00:00, Data: 2000-01-01T00:00:00,3.73,25555,2540.00,2567.00,2559.00,-10.21,58.51,-12.17,870.07
2000-01-01T00:00:00, Add row to /TRACKING.csv
2000-01-01T00:00:00, Number of rows in /TRACKING.csv: 4
2000-01-01T00:00:00, Number of rows in /TRACKING.csv is >= 4
2000-01-01T00:00:00, Remove tracking
2000-01-01T00:00:00, Write to /TRANSMIT.csv: 2000-01-01T00:00:00,3.73,2540.00,-10.2,59
2000-01-01T00:00:00, Number of rows in /TRANSMIT.csv: 1
2000-01-01T00:00:00, Current hour = 0, Transmission hour = 0
2000-01-01T00:00:00, 0100004254-10259
2000-01-01T00:00:00,  - attempt to send message: 0100004254-10259
2000-01-01T00:00:00,  - Modem begin successful
2000-01-01T00:00:00,  - Sending...
2000-01-01T00:00:00,  - Send response: 
2000-01-01T00:00:00,   - Sync clocks... 
2000-01-01T00:00:00,  - Arduino Old Time: 2000-00-20T00:84:03
2000-01-01T00:00:00,  - Failed to set valid RTC time
2000-01-01T00:00:00, Message sent! Removing /TRANSMIT.csv
2000-01-01T00:00:00, Done loop ...
2000-01-01T00:00:00, ... powering down.
2000-01-01T00:00:00, RTC Initialization Failed - Using Default Time
2000-01-01T00:00:00, Setup Complete
2000-01-01T00:00:00, Data: 2000-01-01T00:00:00,3.73,25555,2499.00,2557.00,2542.00,-10.02,57.40,-12.08,870.04
2000-01-01T00:00:00, Add row to /TRACKING.csv
2000-01-01T00:00:00, Number of rows in /TRACKING.csv: 1
2000-01-01T00:00:00, Done loop ...
2000-01-01T00:00:00, ... powering down.
2000-01-01T00:00:00, RTC Initialization Failed - Using Default Time
2000-01-01T00:00:00, Setup Complete
2000-01-01T00:00:00, Data: 2000-01-01T00:00:00,3.73,25555,2517.00,2557.00,2536.00,-10.04,57.13,-12.06,869.83
2000-01-01T00:00:00, Add row to /TRACKING.csv
2000-01-01T00:00:00, Number of rows in /TRACKING.csv: 2
2000-01-01T00:00:00, Done loop ...
2000-01-01T00:00:00, ... powering down.
2000-01-01T00:00:00, RTC Initialization Failed - Using Default Time
2000-01-01T00:00:00, Setup Complete
2000-01-01T00:00:00, Data: 2000-01-01T00:00:00,3.73,25555,2532.00,2565.00,2550.00,-9.77,56.36,-11.98,869.63
2000-01-01T00:00:00, Add row to /TRACKING.csv
2000-01-01T00:00:00, Number of rows in /TRACKING.csv: 3
2000-01-01T00:00:00, Done loop ...
2000-01-01T00:00:00, ... powering down.
2000-01-01T00:00:00, RTC Initialization Failed - Using Default Time
2000-01-01T00:00:00, Setup Complete
2000-01-01T00:00:00, Data: 2000-01-01T00:00:00,3.73,25555,2524.00,2562.00,2552.50,-9.71,56.00,-11.82,869.50
2000-01-01T00:00:00, Add row to /TRACKING.csv
2000-01-01T00:00:00, Number of rows in /TRACKING.csv: 4
2000-01-01T00:00:00, Number of rows in /TRACKING.csv is >= 4
2000-01-01T00:00:00, Remove tracking
2000-01-01T00:00:00, Write to /TRANSMIT.csv: 2000-01-01T00:00:00,3.73,2524.00,-9.7,56
2000-01-01T00:00:00, Number of rows in /TRANSMIT.csv: 1
2000-01-01T00:00:00, Current hour = 0, Transmission hour = 0
2000-01-01T00:00:00, 0100004252-09756
2000-01-01T00:00:00,  - attempt to send message: 0100004252-09756
2000-01-01T00:00:00,  - Modem begin successful
2000-01-01T00:00:00,  - Sending...
2000-01-01T00:00:00,  - Send response: 
2000-01-01T00:00:00,   - Sync clocks... 
2000-01-01T00:00:00,  - Arduino Old Time: 2000-00-20T00:84:03
2000-01-01T00:00:00,  - Failed to set valid RTC time
2000-01-01T00:00:00, Message sent! Removing /TRANSMIT.csv
2000-01-01T00:00:00, Done loop ...
2000-01-01T00:00:00, ... powering down.
2000-01-01T00:00:00, RTC Initialization Failed - Using Default Time
2000-01-01T00:00:00, Setup Complete
2000-01-01T00:00:00, Data: 2000-01-01T00:00:00,3.73,25555,2544.00,2569.00,2565.50,-10.01,55.62,-11.88,869.41
2000-01-01T00:00:00, Add row to /TRACKING.csv
2000-01-01T00:00:00, Number of rows in /TRACKING.csv: 1
2000-01-01T00:00:00, Done loop ...
2000-01-01T00:00:00, ... powering down.
2000-01-01T00:00:00, RTC Initialization Failed - Using Default Time
2000-01-01T00:00:00, Setup Complete
2000-01-01T00:00:00, Data: 2000-01-01T00:00:00,3.73,25555,2535.00,2573.00,2556.50,-9.97,56.45,-11.83,869.28
2000-01-01T00:00:00, Add row to /TRACKING.csv
2000-01-01T00:00:00, Number of rows in /TRACKING.csv: 2
2000-01-01T00:00:00, Done loop ...
2000-01-01T00:00:00, ... powering down.
2000-01-01T00:00:00, RTC Initialization Failed - Using Default Time
2000-01-01T00:00:00, Setup Complete
2000-01-01T00:00:00, Data: 2000-01-01T00:00:00,3.73,25555,2538.00,2572.00,2564.00,-9.87,56.11,-11.87,869.17
2000-01-01T00:00:00, Add row to /TRACKING.csv
2000-01-01T00:00:00, Number of rows in /TRACKING.csv: 3
2000-01-01T00:00:00, Done loop ...
2000-01-01T00:00:00, ... powering down.
2000-01-01T00:00:00, RTC Initialization Failed - Using Default Time
2000-01-01T00:00:00, Setup Complete
2000-01-01T00:00:00, Data: 2000-01-01T00:00:00,3.73,25555,2535.00,2572.00,2562.50,-9.85,56.50,-11.85,868.85
2000-01-01T00:00:00, Add row to /TRACKING.csv
2000-01-01T00:00:00, Number of rows in /TRACKING.csv: 4
2000-01-01T00:00:00, Number of rows in /TRACKING.csv is >= 4
2000-01-01T00:00:00, Remove tracking
2000-01-01T00:00:00, Write to /TRANSMIT.csv: 2000-01-01T00:00:00,3.73,2535.00,-9.9,56
2000-01-01T00:00:00, Number of rows in /TRANSMIT.csv: 1
2000-01-01T00:00:00, Current hour = 0, Transmission hour = 0
2000-01-01T00:00:00, 0100004254-09956
2000-01-01T00:00:00,  - attempt to send message: 0100004254-09956
2000-01-01T00:00:00,  - Modem begin successful
2000-01-01T00:00:00,  - Sending...
2000-01-01T00:00:00,  - Send response: 
2000-01-01T00:00:00,   - Sync clocks... 
2000-01-01T00:00:00,  - Arduino Old Time: 2000-00-20T00:84:03
2000-01-01T00:00:00,  - Failed to set valid RTC time
2000-01-01T00:00:00, Message sent! Removing /TRANSMIT.csv
2000-01-01T00:00:00, Done loop ...
2000-01-01T00:00:00, ... powering down.
2000-01-01T00:00:00, RTC Initialization Failed - Using Default Time
2000-01-01T00:00:00, Setup Complete
2000-01-01T00:00:00, Data: 2000-01-01T00:00:00,3.73,25555,2536.00,2574.00,2566.00,-10.09,57.85,-11.93,868.69
2000-01-01T00:00:00, Add row to /TRACKING.csv
2000-01-01T00:00:00, Number of rows in /TRACKING.csv: 1
2000-01-01T00:00:00, Done loop ...
2000-01-01T00:00:00, ... powering down.
2000-01-01T00:00:00, RTC Initialization Failed - Using Default Time
2000-01-01T00:00:00, Setup Complete
2000-01-01T00:00:00, Data: 2000-01-01T00:00:00,3.73,25555,2533.00,2576.00,2552.50,-10.12,57.52,-12.06,868.56
2000-01-01T00:00:00, Add row to /TRACKING.csv
2000-01-01T00:00:00, Number of rows in /TRACKING.csv: 2
2000-01-01T00:00:00, Done loop ...
2000-01-01T00:00:00, ... powering down.
2000-01-01T00:00:00, RTC Initialization Failed - Using Default Time
2000-01-01T00:00:00, Setup Complete
2000-01-01T00:00:00, Data: 2000-01-01T00:00:00,3.73,25555,2547.00,2569.00,2563.00,-10.25,57.94,-12.05,868.28
2000-01-01T00:00:00, Add row to /TRACKING.csv
2000-01-01T00:00:00, Number of rows in /TRACKING.csv: 3
2000-01-01T00:00:00, Done loop ...
2000-01-01T00:00:00, ... powering down.
2000-01-01T00:00:00, RTC Initialization Failed - Using Default Time
2000-01-01T00:00:00, Setup Complete
2000-01-01T00:00:00, Data: 2000-01-01T00:00:00,3.73,25555,2516.00,2574.00,2551.00,-10.37,58.61,-12.23,868.20
2000-01-01T00:00:00, Add row to /TRACKING.csv
2000-01-01T00:00:00, Number of rows in /TRACKING.csv: 4
2000-01-01T00:00:00, Number of rows in /TRACKING.csv is >= 4
2000-01-01T00:00:00, Remove tracking
2000-01-01T00:00:00, Write to /TRANSMIT.csv: 2000-01-01T00:00:00,3.73,2516.00,-10.4,59
2000-01-01T00:00:00, Number of rows in /TRANSMIT.csv: 1
2000-01-01T00:00:00, Current hour = 0, Transmission hour = 0
2000-01-01T00:00:00, 0100004252-10459
2000-01-01T00:00:00,  - attempt to send message: 0100004252-10459
2000-01-01T00:00:00,  - Modem begin successful
2000-01-01T00:00:00,  - Sending...
2000-01-01T00:00:00,  - Send response: 
2000-01-01T00:00:00,   - Sync clocks... 
2000-01-01T00:00:00,  - Arduino Old Time: 2000-00-20T00:84:03
2000-01-01T00:00:00,  - Failed to set valid RTC time
2000-01-01T00:00:00, Message sent! Removing /TRANSMIT.csv
2000-01-01T00:00:00, Done loop ...
2000-01-01T00:00:00, ... powering down.
2000-01-01T00:00:00, RTC Initialization Failed - Using Default Time
2000-01-01T00:00:00, Setup Complete
2000-01-01T00:00:00, Data: 2000-01-01T00:00:00,3.73,25555,2534.00,2573.00,2556.50,-10.08,57.44,-12.07,868.01
2000-01-01T00:00:00, Add row to /TRACKING.csv
2000-01-01T00:00:00, Number of rows in /TRACKING.csv: 1
2000-01-01T00:00:00, Done loop ...
2000-01-01T00:00:00, ... powering down.
2000-01-01T00:00:00, RTC Initialization Failed - Using Default Time
2000-01-01T00:00:00, Setup Complete
2000-01-01T00:00:00, Data: 2000-01-01T00:00:00,3.73,25555,2558.00,2572.00,2566.00,-10.26,58.59,-12.16,867.91
2000-01-01T00:00:00, Add row to /TRACKING.csv
2000-01-01T00:00:00, Number of rows in /TRACKING.csv: 2
2000-01-01T00:00:00, Done loop ...
2000-01-01T00:00:00, ... powering down.
2000-01-01T00:00:00, RTC Initialization Failed - Using Default Time
2000-01-01T00:00:00, Setup Complete
2000-01-01T00:00:00, Data: 2000-01-01T00:00:00,3.73,25555,2539.00,2574.00,2555.50,-10.04,57.86,-12.16,867.82
2000-01-01T00:00:00, Add row to /TRACKING.csv
2000-01-01T00:00:00, Number of rows in /TRACKING.csv: 3
2000-01-01T00:00:00, Done loop ...
2000-01-01T00:00:00, ... powering down.
2000-01-01T00:00:00, RTC Initialization Failed - Using Default Time
2000-01-01T00:00:00, Setup Complete
2000-01-01T00:00:00, Data: 2000-01-01T00:00:00,3.73,25555,2528.00,2571.00,2553.50,-9.93,56.97,-11.95,867.64
2000-01-01T00:00:00, Add row to /TRACKING.csv
2000-01-01T00:00:00, Number of rows in /TRACKING.csv: 4
2000-01-01T00:00:00, Number of rows in /TRACKING.csv is >= 4
2000-01-01T00:00:00, Remove tracking
2000-01-01T00:00:00, Write to /TRANSMIT.csv: 2000-01-01T00:00:00,3.73,2528.00,-9.9,57
2000-01-01T00:00:00, Number of rows in /TRANSMIT.csv: 1
2000-01-01T00:00:00, Current hour = 0, Transmission hour = 0
2000-01-01T00:00:00, 0100004253-09957
2000-01-01T00:00:00,  - attempt to send message: 0100004253-09957
2000-01-01T00:00:00,  - Modem begin successful
2000-01-01T00:00:00,  - Sending...
2000-01-01T00:00:00,  - Send response: 
2000-01-01T00:00:00,   - Sync clocks... 
2000-01-01T00:00:00,  - Arduino Old Time: 2000-00-20T00:84:03
2000-01-01T00:00:00,  - Failed to set valid RTC time
2000-01-01T00:00:00, Message sent! Removing /TRANSMIT.csv
2000-01-01T00:00:00, Done loop ...
2000-01-01T00:00:00, ... powering down.
2000-01-01T00:00:00, RTC Initialization Failed - Using Default Time
2000-01-01T00:00:00, Setup Complete
2000-01-01T00:00:00, Data: 2000-01-01T00:00:00,3.73,25555,2539.00,2569.00,2561.00,-9.94,57.00,-11.77,867.49
2000-01-01T00:00:00, Add row to /TRACKING.csv
2000-01-01T00:00:00, Number of rows in /TRACKING.csv: 1
2000-01-01T00:00:00, Done loop ...
2000-01-01T00:00:00, ... powering down.
2000-01-01T00:00:00, RTC Initialization Failed - Using Default Time
2000-01-01T00:00:00, Setup Complete
2000-01-01T00:00:00, Data: 2000-01-01T00:00:00,3.73,25555,2515.00,2568.00,2549.50,-9.71,56.26,-11.66,867.39
2000-01-01T00:00:00, Add row to /TRACKING.csv
2000-01-01T00:00:00, Number of rows in /TRACKING.csv: 2
2000-01-01T00:00:00, Done loop ...
2000-01-01T00:00:00, ... powering down.
2000-01-01T00:00:00, RTC Initialization Failed - Using Default Time
2000-01-01T00:00:00, Setup Complete
2000-01-01T00:00:00, Data: 2000-01-01T00:00:00,3.73,25555,2540.00,2575.00,2564.00,-9.99,56.53,-11.63,867.31
2000-01-01T00:00:00, Add row to /TRACKING.csv
2000-01-01T00:00:00, Number of rows in /TRACKING.csv: 3
2000-01-01T00:00:00, Done loop ...
2000-01-01T00:00:00, ... powering down.
2000-01-01T00:00:00, RTC Initialization Failed - Using Default Time
2000-01-01T00:00:00, Setup Complete
2000-01-01T00:00:00, Data: 2000-01-01T00:00:00,3.73,25555,2559.00,2570.00,2563.50,-10.54,58.05,-12.14,867.30
2000-01-01T00:00:00, Add row to /TRACKING.csv
2000-01-01T00:00:00, Number of rows in /TRACKING.csv: 4
2000-01-01T00:00:00, Number of rows in /TRACKING.csv is >= 4
2000-01-01T00:00:00, Remove tracking
2000-01-01T00:00:00, Write to /TRANSMIT.csv: 2000-01-01T00:00:00,3.73,2559.00,-10.5,58
2000-01-01T00:00:00, Number of rows in /TRANSMIT.csv: 1
2000-01-01T00:00:00, Current hour = 0, Transmission hour = 0
2000-01-01T00:00:00, 0100004256-10558
2000-01-01T00:00:00,  - attempt to send message: 0100004256-10558
2000-01-01T00:00:00,  - Modem begin successful
2000-01-01T00:00:00,  - Sending...
2000-01-01T00:00:00,  - Send response: 
2000-01-01T00:00:00,   - Sync clocks... 
2000-01-01T00:00:00,  - Arduino Old Time: 2000-00-20T00:84:03
2000-01-01T00:00:00,  - Failed to set valid RTC time
2000-01-01T00:00:00, Message sent! Removing /TRANSMIT.csv
2000-01-01T00:00:00, Done loop ...
2000-01-01T00:00:00, ... powering down.
2000-01-01T00:00:00, RTC Initialization Failed - Using Default Time
2000-01-01T00:00:00, Setup Complete
2000-01-01T00:00:00, Data: 2000-01-01T00:00:00,3.73,25555,2544.00,2576.00,2561.00,-9.99,56.15,-12.03,867.22
2000-01-01T00:00:00, Add row to /TRACKING.csv
2000-01-01T00:00:00, Number of rows in /TRACKING.csv: 1
2000-01-01T00:00:00, Done loop ...
2000-01-01T00:00:00, ... powering down.
2000-01-01T00:00:00, RTC Initialization Failed - Using Default Time
2000-01-01T00:00:00, Setup Complete
2000-01-01T00:00:00, Data: 2000-01-01T00:00:00,3.73,25555,2564.00,2573.00,2569.00,-10.02,54.95,-11.86,867.19
2000-01-01T00:00:00, Add row to /TRACKING.csv
2000-01-01T00:00:00, Number of rows in /TRACKING.csv: 2
2000-01-01T00:00:00, Done loop ...
2000-01-01T00:00:00, ... powering down.
2000-01-01T00:00:00, RTC Initialization Failed - Using Default Time
2000-01-01T00:00:00, Setup Complete
2000-01-01T00:00:00, Data: 2000-01-01T00:00:00,3.74,25555,2548.00,2577.00,2570.00,-9.52,53.18,-11.18,867.19
2000-01-01T00:00:00, Add row to /TRACKING.csv
2000-01-01T00:00:00, Number of rows in /TRACKING.csv: 3
2000-01-01T00:00:00, Done loop ...
2000-01-01T00:00:00, ... powering down.
2000-01-01T00:00:00, RTC Initialization Failed - Using Default Time
2000-01-01T00:00:00, Setup Complete
2000-01-01T00:00:00, Data: 2000-01-01T00:00:00,4.00,25555,2566.00,2587.00,2571.50,-7.14,45.97,-6.67,867.38
2000-01-01T00:00:00, Add row to /TRACKING.csv
2000-01-01T00:00:00, Number of rows in /TRACKING.csv: 4
2000-01-01T00:00:00, Number of rows in /TRACKING.csv is >= 4
2000-01-01T00:00:00, Remove tracking
2000-01-01T00:00:00, Write to /TRANSMIT.csv: 2000-01-01T00:00:00,4.00,2566.00,-7.1,46
2000-01-01T00:00:00, Number of rows in /TRANSMIT.csv: 1
2000-01-01T00:00:00, Current hour = 0, Transmission hour = 0
2000-01-01T00:00:00, 0100007257-07146
2000-01-01T00:00:00,  - attempt to send message: 0100007257-07146
2000-01-01T00:00:00,  - Modem begin successful
2000-01-01T00:00:00,  - Sending...
2000-01-01T00:00:00,  - Send response: 
2000-01-01T00:00:00,   - Sync clocks... 
2000-01-01T00:00:00,  - Arduino Old Time: 2000-00-20T00:84:03
2000-01-01T00:00:00,  - Failed to set valid RTC time
2000-01-01T00:00:00, Message sent! Removing /TRANSMIT.csv
2000-01-01T00:00:00, Done loop ...
2000-01-01T00:00:00, ... powering down.
2000-01-01T00:00:00, RTC Initialization Failed - Using Default Time
2000-01-01T00:00:00, Setup Complete
2000-01-01T00:00:00, Data: 2000-01-01T00:00:00,4.00,25555,2554.00,2616.00,2583.00,-5.14,40.16,-1.67,867.24
2000-01-01T00:00:00, Add row to /TRACKING.csv
2000-01-01T00:00:00, Number of rows in /TRACKING.csv: 1
2000-01-01T00:00:00, Done loop ...
2000-01-01T00:00:00, ... powering down.
2000-01-01T00:00:00, RTC Initialization Failed - Using Default Time
2000-01-01T00:00:00, Setup Complete
2000-01-01T00:00:00, Data: 2000-01-01T00:00:00,4.00,25555,2592.00,2617.00,2612.00,-4.56,38.67,1.85,867.30
2000-01-01T00:00:00, Add row to /TRACKING.csv
2000-01-01T00:00:00, Number of rows in /TRACKING.csv: 2
2000-01-01T00:00:00, Done loop ...
2000-01-01T00:00:00, ... powering down.
2000-01-01T00:00:00, RTC Initialization Failed - Using Default Time
2000-01-01T00:00:00, Setup Complete
2000-01-01T00:00:00, Data: 2000-01-01T00:00:00,4.00,25555,2580.00,2640.00,2608.00,-3.05,34.29,4.14,867.04
2000-01-01T00:00:00, Add row to /TRACKING.csv
2000-01-01T00:00:00, Number of rows in /TRACKING.csv: 3
2000-01-01T00:00:00, Done loop ...
2000-01-01T00:00:00, ... powering down.
2000-01-01T00:00:00, RTC Initialization Failed - Using Default Time
2000-01-01T00:00:00, Setup Complete
2000-01-01T00:00:00, Data: 2000-01-01T00:00:00,4.00,25555,2600.00,2627.00,2616.50,-3.86,35.70,5.60,866.93
2000-01-01T00:00:00, Add row to /TRACKING.csv
2000-01-01T00:00:00, Number of rows in /TRACKING.csv: 4
2000-01-01T00:00:00, Number of rows in /TRACKING.csv is >= 4
2000-01-01T00:00:00, Remove tracking
2000-01-01T00:00:00, Write to /TRANSMIT.csv: 2000-01-01T00:00:00,4.00,2600.00,-3.9,36
2000-01-01T00:00:00, Number of rows in /TRANSMIT.csv: 1
2000-01-01T00:00:00, Current hour = 0, Transmission hour = 0
2000-01-01T00:00:00, 0100007260-03936
2000-01-01T00:00:00,  - attempt to send message: 0100007260-03936
2000-01-01T00:00:00,  - Modem begin successful
2000-01-01T00:00:00,  - Sending...
2000-01-01T00:00:00,  - Send response: 
2000-01-01T00:00:00,   - Sync clocks... 
2000-01-01T00:00:00,  - Arduino Old Time: 2000-00-20T00:84:03
2000-01-01T00:00:00,  - Failed to set valid RTC time
2000-01-01T00:00:00, Message sent! Removing /TRANSMIT.csv
2000-01-01T00:00:00, Done loop ...
2000-01-01T00:00:00, ... powering down.
2000-01-01T00:00:00, RTC Initialization Failed - Using Default Time
2000-01-01T00:00:00, Setup Complete
2000-01-01T00:00:00, Data: 2000-01-01T00:00:00,4.00,25555,2618.00,2628.00,2623.50,-1.64,32.09,6.75,867.04
2000-01-01T00:00:00, Add row to /TRACKING.csv
2000-01-01T00:00:00, Number of rows in /TRACKING.csv: 1
2000-01-01T00:00:00, Done loop ...
2000-01-01T00:00:00, ... powering down.
2000-01-01T00:00:00, RTC Initialization Failed - Using Default Time
2000-01-01T00:00:00, Setup Complete
2000-01-01T00:00:00, Data: 2000-01-01T00:00:00,4.00,25555,2609.00,2653.00,2645.00,-1.32,32.63,8.82,866.86
2000-01-01T00:00:00, Add row to /TRACKING.csv
2000-01-01T00:00:00, Number of rows in /TRACKING.csv: 2
2000-01-01T00:00:00, Done loop ...
2000-01-01T00:00:00, ... powering down.
2000-01-01T00:00:00, RTC Initialization Failed - Using Default Time
2000-01-01T00:00:00, Setup Complete
2000-01-01T00:00:00, Data: 2000-01-01T00:00:00,4.00,25555,2621.00,2630.00,2625.00,-2.39,33.70,7.66,866.80
2000-01-01T00:00:00, Add row to /TRACKING.csv
2000-01-01T00:00:00, Number of rows in /TRACKING.csv: 3
2000-01-01T00:00:00, Done loop ...
2000-01-01T00:00:00, ... powering down.
2000-01-01T00:00:00, RTC Initialization Failed - Using Default Time
2000-01-01T00:00:00, Setup Complete
2000-01-01T00:00:00, Data: 2000-01-01T00:00:00,4.00,25555,2633.00,2656.00,2651.00,-4.08,39.12,6.84,866.77
2000-01-01T00:00:00, Add row to /TRACKING.csv
2000-01-01T00:00:00, Number of rows in /TRACKING.csv: 4
2000-01-01T00:00:00, Number of rows in /TRACKING.csv is >= 4
2000-01-01T00:00:00, Remove tracking
2000-01-01T00:00:00, Write to /TRANSMIT.csv: 2000-01-01T00:00:00,4.00,2633.00,-4.1,39
2000-01-01T00:00:00, Number of rows in /TRANSMIT.csv: 1
2000-01-01T00:00:00, Current hour = 0, Transmission hour = 0
2000-01-01T00:00:00, 0100007263-04139
2000-01-01T00:00:00,  - attempt to send message: 0100007263-04139
2000-01-01T00:00:00,  - Modem begin successful
2000-01-01T00:00:00,  - Sending...
2000-01-01T00:00:00,  - Send response: 
2000-01-01T00:00:00,   - Sync clocks... 
2000-01-01T00:00:00,  - Arduino Old Time: 2000-00-20T00:84:03
2000-01-01T00:00:00,  - Failed to set valid RTC time
2000-01-01T00:00:00, Message sent! Removing /TRANSMIT.csv
2000-01-01T00:00:00, Done loop ...
2000-01-01T00:00:00, ... powering down.
2000-01-01T00:00:00, RTC Initialization Failed - Using Default Time
2000-01-01T00:00:00, Setup Complete
2000-01-01T00:00:00, Data: 2000-01-01T00:00:00,4.00,25555,2629.00,2638.00,2636.00,-4.18,38.55,6.13,866.83
2000-01-01T00:00:00, Add row to /TRACKING.csv
2000-01-01T00:00:00, Number of rows in /TRACKING.csv: 1
2000-01-01T00:00:00, Done loop ...
2000-01-01T00:00:00, ... powering down.
2000-01-01T00:00:00, RTC Initialization Failed - Using Default Time
2000-01-01T00:00:00, Setup Complete
2000-01-01T00:00:00, Data: 2000-01-01T00:00:00,4.00,25555,2629.00,2665.00,2640.00,-4.59,41.11,6.41,866.52
2000-01-01T00:00:00, Add row to /TRACKING.csv
2000-01-01T00:00:00, Number of rows in /TRACKING.csv: 2
2000-01-01T00:00:00, Done loop ...
2000-01-01T00:00:00, ... powering down.
2000-01-01T00:00:00, RTC Initialization Failed - Using Default Time
2000-01-01T00:00:00, Setup Complete
2000-01-01T00:00:00, Data: 2000-01-01T00:00:00,4.00,25555,2637.00,2650.00,2645.50,-3.99,40.11,6.99,866.77
2000-01-01T00:00:00, Add row to /TRACKING.csv
2000-01-01T00:00:00, Number of rows in /TRACKING.csv: 3
2000-01-01T00:00:00, Done loop ...
2000-01-01T00:00:00, ... powering down.
2000-01-01T00:00:00, RTC Initialization Failed - Using Default Time
2000-01-01T00:00:00, Setup Complete
2000-01-01T00:00:00, Data: 2000-01-01T00:00:00,4.00,25555,2605.00,2661.00,2636.00,-4.45,42.12,7.44,866.69
2000-01-01T00:00:00, Add row to /TRACKING.csv
2000-01-01T00:00:00, Number of rows in /TRACKING.csv: 4
2000-01-01T00:00:00, Number of rows in /TRACKING.csv is >= 4
2000-01-01T00:00:00, Remove tracking
2000-01-01T00:00:00, Write to /TRANSMIT.csv: 2000-01-01T00:00:00,4.00,2605.00,-4.4,42
2000-01-01T00:00:00, Number of rows in /TRANSMIT.csv: 1
2000-01-01T00:00:00, Current hour = 0, Transmission hour = 0
2000-01-01T00:00:00, 0100007261-04442
2000-01-01T00:00:00,  - attempt to send message: 0100007261-04442
2000-01-01T00:00:00,  - Modem begin successful
2000-01-01T00:00:00,  - Sending...
2000-01-01T00:00:00,  - Send response: 
2000-01-01T00:00:00,   - Sync clocks... 
2000-01-01T00:00:00,  - Arduino Old Time: 2000-00-20T00:84:03
2000-01-01T00:00:00,  - Failed to set valid RTC time
2000-01-01T00:00:00, Message sent! Removing /TRANSMIT.csv
2000-01-01T00:00:00, Done loop ...
2000-01-01T00:00:00, ... powering down.
2000-01-01T00:00:00, RTC Initialization Failed - Using Default Time
2000-01-01T00:00:00, Setup Complete
2000-01-01T00:00:00, Data: 2000-01-01T00:00:00,4.00,25555,2597.00,2630.00,2620.00,-4.79,44.28,7.12,866.93
2000-01-01T00:00:00, Add row to /TRACKING.csv
2000-01-01T00:00:00, Number of rows in /TRACKING.csv: 1
2000-01-01T00:00:00, Done loop ...
2000-01-01T00:00:00, ... powering down.
2000-01-01T00:00:00, RTC Initialization Failed - Using Default Time
2000-01-01T00:00:00, Setup Complete
2000-01-01T00:00:00, Data: 2000-01-01T00:00:00,4.00,25555,2619.00,2633.00,2623.50,-4.22,40.37,7.70,866.64
2000-01-01T00:00:00, Add row to /TRACKING.csv
2000-01-01T00:00:00, Number of rows in /TRACKING.csv: 2
2000-01-01T00:00:00, Done loop ...
2000-01-01T00:00:00, ... powering down.
2000-01-01T00:00:00, RTC Initialization Failed - Using Default Time
2000-01-01T00:00:00, Setup Complete
2000-01-01T00:00:00, Data: 2000-01-01T00:00:00,4.00,25555,2596.00,2633.00,2618.00,-6.53,46.07,5.96,866.48
2000-01-01T00:00:00, Add row to /TRACKING.csv
2000-01-01T00:00:00, Number of rows in /TRACKING.csv: 3
2000-01-01T00:00:00, Done loop ...
2000-01-01T00:00:00, ... powering down.
2000-01-01T00:00:00, RTC Initialization Failed - Using Default Time
2000-01-01T00:00:00, Setup Complete
2000-01-01T00:00:00, Data: 2000-01-01T00:00:00,4.00,25555,2561.00,2606.00,2594.00,-6.14,47.05,4.65,866.72
2000-01-01T00:00:00, Add row to /TRACKING.csv
2000-01-01T00:00:00, Number of rows in /TRACKING.csv: 4
2000-01-01T00:00:00, Number of rows in /TRACKING.csv is >= 4
2000-01-01T00:00:00, Remove tracking
2000-01-01T00:00:00, Write to /TRANSMIT.csv: 2000-01-01T00:00:00,4.00,2561.00,-6.1,47
2000-01-01T00:00:00, Number of rows in /TRANSMIT.csv: 1
2000-01-01T00:00:00, Current hour = 0, Transmission hour = 0
2000-01-01T00:00:00, 0100007256-06147
2000-01-01T00:00:00,  - attempt to send message: 0100007256-06147
2000-01-01T00:00:00,  - Modem begin successful
2000-01-01T00:00:00,  - Sending...
2000-01-01T00:00:00,  - Send response: 
2000-01-01T00:00:00,   - Sync clocks... 
2000-01-01T00:00:00,  - Arduino Old Time: 2000-00-20T00:84:03
2000-01-01T00:00:00,  - Failed to set valid RTC time
2000-01-01T00:00:00, Message sent! Removing /TRANSMIT.csv
2000-01-01T00:00:00, Done loop ...
2000-01-01T00:00:00, ... powering down.
2000-01-01T00:00:00, RTC Initialization Failed - Using Default Time
2000-01-01T00:00:00, Setup Complete
2000-01-01T00:00:00, Data: 2000-01-01T00:00:00,4.00,25555,2589.00,2615.00,2604.50,-5.58,46.05,5.06,866.49
2000-01-01T00:00:00, Add row to /TRACKING.csv
2000-01-01T00:00:00, Number of rows in /TRACKING.csv: 1
2000-01-01T00:00:00, Done loop ...
2000-01-01T00:00:00, ... powering down.
2000-01-01T00:00:00, RTC Initialization Failed - Using Default Time
2000-01-01T00:00:00, Setup Complete
2000-01-01T00:00:00, Data: 2000-01-01T00:00:00,4.00,25555,2595.00,2614.00,2605.50,-6.39,47.84,4.40,866.29
2000-01-01T00:00:00, Add row to /TRACKING.csv
2000-01-01T00:00:00, Number of rows in /TRACKING.csv: 2
2000-01-01T00:00:00, Done loop ...
2000-01-01T00:00:00, ... powering down.
2000-01-01T00:00:00, RTC Initialization Failed - Using Default Time
2000-01-01T00:00:00, Setup Complete
2000-01-01T00:00:00, Data: 2000-01-01T00:00:00,4.00,25555,2551.00,2600.00,2592.00,-5.23,47.70,3.37,866.60
2000-01-01T00:00:00, Add row to /TRACKING.csv
2000-01-01T00:00:00, Number of rows in /TRACKING.csv: 3
2000-01-01T00:00:00, Done loop ...
2000-01-01T00:00:00, ... powering down.
2000-01-01T00:00:00, RTC Initialization Failed - Using Default Time
2000-01-01T00:00:00, Setup Complete
2000-01-01T00:00:00, Data: 2000-01-01T00:00:00,4.00,25555,2582.00,2606.00,2588.00,-5.23,47.15,3.17,866.44
2000-01-01T00:00:00, Add row to /TRACKING.csv
2000-01-01T00:00:00, Number of rows in /TRACKING.csv: 4
2000-01-01T00:00:00, Number of rows in /TRACKING.csv is >= 4
2000-01-01T00:00:00, Remove tracking
2000-01-01T00:00:00, Write to /TRANSMIT.csv: 2000-01-01T00:00:00,4.00,2582.00,-5.2,47
2000-01-01T00:00:00, Number of rows in /TRANSMIT.csv: 1
2000-01-01T00:00:00, Current hour = 0, Transmission hour = 0
2000-01-01T00:00:00, 0100007258-05247
2000-01-01T00:00:00,  - attempt to send message: 0100007258-05247
2000-01-01T00:00:00,  - Modem begin successful
2000-01-01T00:00:00,  - Sending...
2000-01-01T00:00:00,  - Send response: 
2000-01-01T00:00:00,   - Sync clocks... 
2000-01-01T00:00:00,  - Arduino Old Time: 2000-00-20T00:84:03
2000-01-01T00:00:00,  - Failed to set valid RTC time
2000-01-01T00:00:00, Message sent! Removing /TRANSMIT.csv
2000-01-01T00:00:00, Done loop ...
2000-01-01T00:00:00, ... powering down.
2000-01-01T00:00:00, RTC Initialization Failed - Using Default Time
2000-01-01T00:00:00, Setup Complete
2000-01-01T00:00:00, Data: 2000-01-01T00:00:00,4.00,25555,2575.00,2597.00,2583.50,-5.58,48.46,2.57,866.23
2000-01-01T00:00:00, Add row to /TRACKING.csv
2000-01-01T00:00:00, Number of rows in /TRACKING.csv: 1
2000-01-01T00:00:00, Done loop ...
2000-01-01T00:00:00, ... powering down.
2000-01-01T00:00:00, RTC Initialization Failed - Using Default Time
2000-01-01T00:00:00, Setup Complete
2000-01-01T00:00:00, Data: 2000-01-01T00:00:00,4.00,25555,2548.00,2597.00,2577.50,-4.81,48.93,2.47,866.34
2000-01-01T00:00:00, Add row to /TRACKING.csv
2000-01-01T00:00:00, Number of rows in /TRACKING.csv: 2
2000-01-01T00:00:00, Done loop ...
2000-01-01T00:00:00, ... powering down.
2000-01-01T00:00:00, RTC Initialization Failed - Using Default Time
2000-01-01T00:00:00, Setup Complete
2000-01-01T00:00:00, Data: 2000-01-01T00:00:00,4.00,25555,2572.00,2598.00,2577.00,-4.66,47.41,2.89,866.00
2000-01-01T00:00:00, Add row to /TRACKING.csv
2000-01-01T00:00:00, Number of rows in /TRACKING.csv: 3
2000-01-01T00:00:00, Done loop ...
2000-01-01T00:00:00, ... powering down.
2000-01-01T00:00:00, RTC Initialization Failed - Using Default Time
2000-01-01T00:00:00, Setup Complete
2000-01-01T00:00:00, Data: 2000-01-01T00:00:00,4.00,25555,2562.00,2597.00,2591.00,-5.40,49.83,2.70,865.94
2000-01-01T00:00:00, Add row to /TRACKING.csv
2000-01-01T00:00:00, Number of rows in /TRACKING.csv: 4
2000-01-01T00:00:00, Number of rows in /TRACKING.csv is >= 4
2000-01-01T00:00:00, Remove tracking
2000-01-01T00:00:00, Write to /TRANSMIT.csv: 2000-01-01T00:00:00,4.00,2562.00,-5.4,50
2000-01-01T00:00:00, Number of rows in /TRANSMIT.csv: 1
2000-01-01T00:00:00, Current hour = 0, Transmission hour = 0
2000-01-01T00:00:00, 0100007256-05450
2000-01-01T00:00:00,  - attempt to send message: 0100007256-05450
2000-01-01T00:00:00,  - Modem begin successful
2000-01-01T00:00:00,  - Sending...
2000-01-01T00:00:00,  - Send response: 
2000-01-01T00:00:00,   - Sync clocks... 
2000-01-01T00:00:00,  - Arduino Old Time: 2000-00-20T00:84:03
2000-01-01T00:00:00,  - Failed to set valid RTC time
2000-01-01T00:00:00, Message sent! Removing /TRANSMIT.csv
2000-01-01T00:00:00, Done loop ...
2000-01-01T00:00:00, ... powering down.
2000-01-01T00:00:00, RTC Initialization Failed - Using Default Time
2000-01-01T00:00:00, Setup Complete
2000-01-01T00:00:00, Data: 2000-01-01T00:00:00,4.00,25555,2555.00,2584.00,2566.00,-5.98,52.38,1.66,866.00
2000-01-01T00:00:00, Add row to /TRACKING.csv
2000-01-01T00:00:00, Number of rows in /TRACKING.csv: 1
2000-01-01T00:00:00, Done loop ...
2000-01-01T00:00:00, ... powering down.
2000-01-01T00:00:00, RTC Initialization Failed - Using Default Time
2000-01-01T00:00:00, Setup Complete
2000-01-01T00:00:00, Data: 2000-01-01T00:00:00,4.00,25555,2567.00,2589.00,2578.50,-4.93,49.00,1.48,866.06
2000-01-01T00:00:00, Add row to /TRACKING.csv
2000-01-01T00:00:00, Number of rows in /TRACKING.csv: 2
2000-01-01T00:00:00, Done loop ...
2000-01-01T00:00:00, ... powering down.
2000-01-01T00:00:00, RTC Initialization Failed - Using Default Time
2000-01-01T00:00:00, Setup Complete
2000-01-01T00:00:00, Data: 2000-01-01T00:00:00,3.89,25555,2548.00,2603.00,2583.50,-4.94,49.12,1.11,866.23
2000-01-01T00:00:00, Add row to /TRACKING.csv
2000-01-01T00:00:00, Number of rows in /TRACKING.csv: 3
2000-01-01T00:00:00, Done loop ...
2000-01-01T00:00:00, ... powering down.
2000-01-01T00:00:00, RTC Initialization Failed - Using Default Time
2000-01-01T00:00:00, Setup Complete
2000-01-01T00:00:00, Data: 2000-01-01T00:00:00,3.87,25555,2579.00,2608.00,2595.00,-5.14,46.94,0.67,866.05
2000-01-01T00:00:00, Add row to /TRACKING.csv
2000-01-01T00:00:00, Number of rows in /TRACKING.csv: 4
2000-01-01T00:00:00, Number of rows in /TRACKING.csv is >= 4
2000-01-01T00:00:00, Remove tracking
2000-01-01T00:00:00, Write to /TRANSMIT.csv: 2000-01-01T00:00:00,3.87,2579.00,-5.1,47
2000-01-01T00:00:00, Number of rows in /TRANSMIT.csv: 1
2000-01-01T00:00:00, Current hour = 0, Transmission hour = 0
2000-01-01T00:00:00, 0100005258-05147
2000-01-01T00:00:00,  - attempt to send message: 0100005258-05147
2000-01-01T00:00:00,  - Modem begin successful
2000-01-01T00:00:00,  - Sending...
2000-01-01T00:00:00,  - Send response: 
2000-01-01T00:00:00,   - Sync clocks... 
2000-01-01T00:00:00,  - Arduino Old Time: 2000-00-20T00:84:03
2000-01-01T00:00:00,  - Failed to set valid RTC time
2000-01-01T00:00:00, Message sent! Removing /TRANSMIT.csv
2000-01-01T00:00:00, Done loop ...
2000-01-01T00:00:00, ... powering down.
2000-01-01T00:00:00, RTC Initialization Failed - Using Default Time
2000-01-01T00:00:00, Setup Complete
2000-01-01T00:00:00, Data: 2000-01-01T00:00:00,3.81,25555,2572.00,2599.00,2587.00,-6.67,51.11,-0.93,866.24
2000-01-01T00:00:00, Add row to /TRACKING.csv
2000-01-01T00:00:00, Number of rows in /TRACKING.csv: 1
2000-01-01T00:00:00, Done loop ...
2000-01-01T00:00:00, ... powering down.
2000-01-01T00:00:00, RTC Initialization Failed - Using Default Time
2000-01-01T00:00:00, Setup Complete
2000-01-01T00:00:00, Data: 2000-01-01T00:00:00,3.77,25555,2568.00,2592.00,2586.50,-6.80,51.27,-2.85,866.07
2000-01-01T00:00:00, Add row to /TRACKING.csv
2000-01-01T00:00:00, Number of rows in /TRACKING.csv: 2
2000-01-01T00:00:00, Done loop ...
2000-01-01T00:00:00, ... powering down.
2000-01-01T00:00:00, RTC Initialization Failed - Using Default Time
2000-01-01T00:00:00, Setup Complete
2000-01-01T00:00:00, Data: 2000-01-01T00:00:00,3.76,25555,2571.00,2583.00,2580.00,-8.79,58.18,-6.74,866.27
2000-01-01T00:00:00, Add row to /TRACKING.csv
2000-01-01T00:00:00, Number of rows in /TRACKING.csv: 3
2000-01-01T00:00:00, Done loop ...
2000-01-01T00:00:00, ... powering down.
2000-01-01T00:00:00, RTC Initialization Failed - Using Default Time
2000-01-01T00:00:00, Setup Complete
2000-01-01T00:00:00, Data: 2000-01-01T00:00:00,3.75,25555,2569.00,2577.00,2573.00,-9.18,60.25,-8.64,866.52
2000-01-01T00:00:00, Add row to /TRACKING.csv
2000-01-01T00:00:00, Number of rows in /TRACKING.csv: 4
2000-01-01T00:00:00, Number of rows in /TRACKING.csv is >= 4
2000-01-01T00:00:00, Remove tracking
2000-01-01T00:00:00, Write to /TRANSMIT.csv: 2000-01-01T00:00:00,3.75,2569.00,-9.2,60
2000-01-01T00:00:00, Number of rows in /TRANSMIT.csv: 1
2000-01-01T00:00:00, Current hour = 0, Transmission hour = 0
2000-01-01T00:00:00, 0100004257-09260
2000-01-01T00:00:00,  - attempt to send message: 0100004257-09260
2000-01-01T00:00:00,  - Modem begin successful
2000-01-01T00:00:00,  - Sending...
2000-01-01T00:00:00,  - Send response: 
2000-01-01T00:00:00,   - Sync clocks... 
2000-01-01T00:00:00,  - Arduino Old Time: 2000-00-20T00:84:03
2000-01-01T00:00:00,  - Failed to set valid RTC time
2000-01-01T00:00:00, Message sent! Removing /TRANSMIT.csv
2000-01-01T00:00:00, Done loop ...
2000-01-01T00:00:00, ... powering down.
2000-01-01T00:00:00, RTC Initialization Failed - Using Default Time
2000-01-01T00:00:00, Setup Complete
2000-01-01T00:00:00, Data: 2000-01-01T00:00:00,3.75,25555,2563.00,2577.00,2572.50,-9.64,62.91,-9.81,866.65
2000-01-01T00:00:00, Add row to /TRACKING.csv
2000-01-01T00:00:00, Number of rows in /TRACKING.csv: 1
2000-01-01T00:00:00, Done loop ...
2000-01-01T00:00:00, ... powering down.
2000-01-01T00:00:00, RTC Initialization Failed - Using Default Time
2000-01-01T00:00:00, Setup Complete
2000-01-01T00:00:00, Data: 2000-01-01T00:00:00,3.75,25555,2545.00,2573.00,2565.00,-9.75,63.31,-10.40,866.72
2000-01-01T00:00:00, Add row to /TRACKING.csv
2000-01-01T00:00:00, Number of rows in /TRACKING.csv: 2
2000-01-01T00:00:00, Done loop ...
2000-01-01T00:00:00, ... powering down.
2000-01-01T00:00:00, RTC Initialization Failed - Using Default Time
2000-01-01T00:00:00, Setup Complete
2000-01-01T00:00:00, Data: 2000-01-01T00:00:00,3.74,25555,2537.00,2574.00,2570.00,-9.42,62.15,-10.49,866.90
2000-01-01T00:00:00, Add row to /TRACKING.csv
2000-01-01T00:00:00, Number of rows in /TRACKING.csv: 3
2000-01-01T00:00:00, Done loop ...
2000-01-01T00:00:00, ... powering down.
2000-01-01T00:00:00, RTC Initialization Failed - Using Default Time
2000-01-01T00:00:00, Setup Complete
2000-01-01T00:00:00, Data: 2000-01-01T00:00:00,3.74,25555,2540.00,2578.00,2572.50,-9.80,64.38,-10.53,866.83
2000-01-01T00:00:00, Add row to /TRACKING.csv
2000-01-01T00:00:00, Number of rows in /TRACKING.csv: 4
2000-01-01T00:00:00, Number of rows in /TRACKING.csv is >= 4
2000-01-01T00:00:00, Remove tracking
2000-01-01T00:00:00, Write to /TRANSMIT.csv: 2000-01-01T00:00:00,3.74,2540.00,-9.8,64
2000-01-01T00:00:00, Number of rows in /TRANSMIT.csv: 1
2000-01-01T00:00:00, Current hour = 0, Transmission hour = 0
2000-01-01T00:00:00, 0100004254-09864
2000-01-01T00:00:00,  - attempt to send message: 0100004254-09864
2000-01-01T00:00:00,  - Modem begin successful
2000-01-01T00:00:00,  - Sending...
2000-01-01T00:00:00,  - Send response: 
2000-01-01T00:00:00,   - Sync clocks... 
2000-01-01T00:00:00,  - Arduino Old Time: 2000-00-20T00:84:03
2000-01-01T00:00:00,  - Failed to set valid RTC time
2000-01-01T00:00:00, Message sent! Removing /TRANSMIT.csv
2000-01-01T00:00:00, Done loop ...
2000-01-01T00:00:00, ... powering down.
2000-01-01T00:00:00, RTC Initialization Failed - Using Default Time
2000-01-01T00:00:00, Setup Complete
2000-01-01T00:00:00, Data: 2000-01-01T00:00:00,3.74,25555,2550.00,2577.00,2570.50,-9.82,64.88,-10.70,866.98
2000-01-01T00:00:00, Add row to /TRACKING.csv
2000-01-01T00:00:00, Number of rows in /TRACKING.csv: 1
2000-01-01T00:00:00, Done loop ...
2000-01-01T00:00:00, ... powering down.
2000-01-01T00:00:00, RTC Initialization Failed - Using Default Time
2000-01-01T00:00:00, Setup Complete
2000-01-01T00:00:00, Data: 2000-01-01T00:00:00,3.74,25555,2534.00,2576.00,2567.50,-9.64,63.95,-10.77,867.16
2000-01-01T00:00:00, Add row to /TRACKING.csv
2000-01-01T00:00:00, Number of rows in /TRACKING.csv: 2
2000-01-01T00:00:00, Done loop ...
2000-01-01T00:00:00, ... powering down.
2000-01-01T00:00:00, RTC Initialization Failed - Using Default Time
2000-01-01T00:00:00, Setup Complete
2000-01-01T00:00:00, Data: 2000-01-01T00:00:00,3.74,25555,2565.00,2577.00,2573.50,-10.11,65.83,-11.00,867.32
2000-01-01T00:00:00, Add row to /TRACKING.csv
2000-01-01T00:00:00, Number of rows in /TRACKING.csv: 3
2000-01-01T00:00:00, Done loop ...
2000-01-01T00:00:00, ... powering down.
2000-01-01T00:00:00, RTC Initialization Failed - Using Default Time
2000-01-01T00:00:00, Setup Complete
2000-01-01T00:00:00, Data: 2000-01-01T00:00:00,3.74,25555,2538.00,2578.00,2565.50,-10.05,65.44,-11.08,867.36
2000-01-01T00:00:00, Add row to /TRACKING.csv
2000-01-01T00:00:00, Number of rows in /TRACKING.csv: 4
2000-01-01T00:00:00, Number of rows in /TRACKING.csv is >= 4
2000-01-01T00:00:00, Remove tracking
2000-01-01T00:00:00, Write to /TRANSMIT.csv: 2000-01-01T00:00:00,3.74,2538.00,-10.1,65
2000-01-01T00:00:00, Number of rows in /TRANSMIT.csv: 1
2000-01-01T00:00:00, Current hour = 0, Transmission hour = 0
2000-01-01T00:00:00, 0100004254-10165
2000-01-01T00:00:00,  - attempt to send message: 0100004254-10165
2000-01-01T00:00:00,  - Modem begin successful
2000-01-01T00:00:00,  - Sending...
2000-01-01T00:00:00,  - Send response: 
2000-01-01T00:00:00,   - Sync clocks... 
2000-01-01T00:00:00,  - Arduino Old Time: 2000-00-20T00:84:03
2000-01-01T00:00:00,  - Failed to set valid RTC time
2000-01-01T00:00:00, Message sent! Removing /TRANSMIT.csv
2000-01-01T00:00:00, Done loop ...
2000-01-01T00:00:00, ... powering down.
2000-01-01T00:00:00, RTC Initialization Failed - Using Default Time
2000-01-01T00:00:00, Setup Complete
2000-01-01T00:00:00, Data: 2000-01-01T00:00:00,3.74,25555,2521.00,2577.00,2560.00,-10.29,66.61,-11.18,867.64
2000-01-01T00:00:00, Add row to /TRACKING.csv
2000-01-01T00:00:00, Number of rows in /TRACKING.csv: 1
2000-01-01T00:00:00, Done loop ...
2000-01-01T00:00:00, ... powering down.
2000-01-01T00:00:00, RTC Initialization Failed - Using Default Time
2000-01-01T00:00:00, Setup Complete
2000-01-01T00:00:00, Data: 2000-01-01T00:00:00,3.74,25555,2530.00,2584.00,2567.00,-10.29,66.43,-11.35,867.95
2000-01-01T00:00:00, Add row to /TRACKING.csv
2000-01-01T00:00:00, Number of rows in /TRACKING.csv: 2
2000-01-01T00:00:00, Done loop ...
2000-01-01T00:00:00, ... powering down.
2000-01-01T00:00:00, RTC Initialization Failed - Using Default Time
2000-01-01T00:00:00, Setup Complete
2000-01-01T00:00:00, Data: 2000-01-01T00:00:00,3.74,25555,2562.00,2578.00,2575.50,-10.50,67.46,-11.40,867.98
2000-01-01T00:00:00, Add row to /TRACKING.csv
2000-01-01T00:00:00, Number of rows in /TRACKING.csv: 3
2000-01-01T00:00:00, Done loop ...
2000-01-01T00:00:00, ... powering down.
2000-01-01T00:00:00, RTC Initialization Failed - Using Default Time
2000-01-01T00:00:00, Setup Complete
2000-01-01T00:00:00, Data: 2000-01-01T00:00:00,3.74,25555,2545.00,2576.00,2566.00,-10.56,68.13,-11.42,868.23
2000-01-01T00:00:00, Add row to /TRACKING.csv
2000-01-01T00:00:00, Number of rows in /TRACKING.csv: 4
2000-01-01T00:00:00, Number of rows in /TRACKING.csv is >= 4
2000-01-01T00:00:00, Remove tracking
2000-01-01T00:00:00, Write to /TRANSMIT.csv: 2000-01-01T00:00:00,3.74,2545.00,-10.6,68
2000-01-01T00:00:00, Number of rows in /TRANSMIT.csv: 1
2000-01-01T00:00:00, Current hour = 0, Transmission hour = 0
2000-01-01T00:00:00, 0100004255-10668
2000-01-01T00:00:00,  - attempt to send message: 0100004255-10668
2000-01-01T00:00:00,  - Modem begin successful
2000-01-01T00:00:00,  - Sending...
2000-01-01T00:00:00,  - Send response: 
2000-01-01T00:00:00,   - Sync clocks... 
2000-01-01T00:00:00,  - Arduino Old Time: 2000-00-20T00:84:03
2000-01-01T00:00:00,  - Failed to set valid RTC time
2000-01-01T00:00:00, Message sent! Removing /TRANSMIT.csv
2000-01-01T00:00:00, Done loop ...
2000-01-01T00:00:00, ... powering down.
2000-01-01T00:00:00, RTC Initialization Failed - Using Default Time
2000-01-01T00:00:00, Setup Complete
2000-01-01T00:00:00, Data: 2000-01-01T00:00:00,3.73,25555,2572.00,2577.00,2574.00,-10.53,68.24,-11.37,868.34
2000-01-01T00:00:00, Add row to /TRACKING.csv
2000-01-01T00:00:00, Number of rows in /TRACKING.csv: 1
2000-01-01T00:00:00, Done loop ...
2000-01-01T00:00:00, ... powering down.
2000-01-01T00:00:00, RTC Initialization Failed - Using Default Time
2000-01-01T00:00:00, Setup Complete
2000-01-01T00:00:00, Data: 2000-01-01T00:00:00,3.73,25555,2551.00,2584.00,2577.50,-10.74,69.17,-11.44,868.56
2000-01-01T00:00:00, Add row to /TRACKING.csv
2000-01-01T00:00:00, Number of rows in /TRACKING.csv: 2
2000-01-01T00:00:00, Done loop ...
2000-01-01T00:00:00, ... powering down.
2000-01-01T00:00:00, RTC Initialization Failed - Using Default Time
2000-01-01T00:00:00, Setup Complete
2000-01-01T00:00:00, Data: 2000-01-01T00:00:00,3.74,25555,2569.00,2581.00,2575.50,-10.94,69.72,-11.63,868.73
2000-01-01T00:00:00, Add row to /TRACKING.csv
2000-01-01T00:00:00, Number of rows in /TRACKING.csv: 3
2000-01-01T00:00:00, Done loop ...
2000-01-01T00:00:00, ... powering down.
2000-01-01T00:00:00, RTC Initialization Failed - Using Default Time
2000-01-01T00:00:00, Setup Complete
2000-01-01T00:00:00, Data: 2000-01-01T00:00:00,3.73,25555,2567.00,2575.00,2573.00,-10.89,69.81,-11.72,868.86
2000-01-01T00:00:00, Add row to /TRACKING.csv
2000-01-01T00:00:00, Number of rows in /TRACKING.csv: 4
2000-01-01T00:00:00, Number of rows in /TRACKING.csv is >= 4
2000-01-01T00:00:00, Remove tracking
2000-01-01T00:00:00, Write to /TRANSMIT.csv: 2000-01-01T00:00:00,3.73,2567.00,-10.9,70
2000-01-01T00:00:00, Number of rows in /TRANSMIT.csv: 1
2000-01-01T00:00:00, Current hour = 0, Transmission hour = 0
2000-01-01T00:00:00, 0100004257-10970
2000-01-01T00:00:00,  - attempt to send message: 0100004257-10970
2000-01-01T00:00:00,  - Modem begin successful
2000-01-01T00:00:00,  - Sending...
2000-01-01T00:00:00,  - Send response: 
2000-01-01T00:00:00,   - Sync clocks... 
2000-01-01T00:00:00,  - Arduino Old Time: 2000-00-20T00:84:03
2000-01-01T00:00:00,  - Failed to set valid RTC time
2000-01-01T00:00:00, Message sent! Removing /TRANSMIT.csv
2000-01-01T00:00:00, Done loop ...
2000-01-01T00:00:00, ... powering down.
2000-01-01T00:00:00, RTC Initialization Failed - Using Default Time
2000-01-01T00:00:00, Setup Complete
2000-01-01T00:00:00, Data: 2000-01-01T00:00:00,3.74,25555,2551.00,2577.00,2572.50,-11.05,70.25,-11.79,869.01
2000-01-01T00:00:00, Add row to /TRACKING.csv
2000-01-01T00:00:00, Number of rows in /TRACKING.csv: 1
2000-01-01T00:00:00, Done loop ...
2000-01-01T00:00:00, ... powering down.
2000-01-01T00:00:00, RTC Initialization Failed - Using Default Time
2000-01-01T00:00:00, Setup Complete
2000-01-01T00:00:00, Data: 2000-01-01T00:00:00,3.74,25555,2556.00,2579.00,2572.50,-11.07,70.27,-11.89,869.24
2000-01-01T00:00:00, Add row to /TRACKING.csv
2000-01-01T00:00:00, Number of rows in /TRACKING.csv: 2
2000-01-01T00:00:00, Done loop ...
2000-01-01T00:00:00, ... powering down.
2000-01-01T00:00:00, RTC Initialization Failed - Using Default Time
2000-01-01T00:00:00, Setup Complete
2000-01-01T00:00:00, Data: 2000-01-01T00:00:00,3.73,25555,2542.00,2579.00,2570.50,-11.08,70.12,-11.85,869.33
2000-01-01T00:00:00, Add row to /TRACKING.csv
2000-01-01T00:00:00, Number of rows in /TRACKING.csv: 3
2000-01-01T00:00:00, Done loop ...
2000-01-01T00:00:00, ... powering down.
2000-01-01T00:00:00, RTC Initialization Failed - Using Default Time
2000-01-01T00:00:00, Setup Complete
2000-01-01T00:00:00, Data: 2000-01-01T00:00:00,3.73,25555,2543.00,2580.00,2578.00,-11.21,70.70,-11.91,869.48
2000-01-01T00:00:00, Add row to /TRACKING.csv
2000-01-01T00:00:00, Number of rows in /TRACKING.csv: 4
2000-01-01T00:00:00, Number of rows in /TRACKING.csv is >= 4
2000-01-01T00:00:00, Remove tracking
2000-01-01T00:00:00, Write to /TRANSMIT.csv: 2000-01-01T00:00:00,3.73,2543.00,-11.2,71
2000-01-01T00:00:00, Number of rows in /TRANSMIT.csv: 1
2000-01-01T00:00:00, Current hour = 0, Transmission hour = 0
2000-01-01T00:00:00, 0100004254-11271
2000-01-01T00:00:00,  - attempt to send message: 0100004254-11271
2000-01-01T00:00:00,  - Modem begin successful
2000-01-01T00:00:00,  - Sending...
2000-01-01T00:00:00,  - Send response: 
2000-01-01T00:00:00,   - Sync clocks... 
2000-01-01T00:00:00,  - Arduino Old Time: 2000-00-20T00:84:03
2000-01-01T00:00:00,  - Failed to set valid RTC time
2000-01-01T00:00:00, Message sent! Removing /TRANSMIT.csv
2000-01-01T00:00:00, Done loop ...
2000-01-01T00:00:00, ... powering down.
2000-01-01T00:00:00, RTC Initialization Failed - Using Default Time
2000-01-01T00:00:00, Setup Complete
2000-01-01T00:00:00, Data: 2000-01-01T00:00:00,3.73,25555,2567.00,2579.00,2574.50,-11.31,71.17,-11.97,869.62
2000-01-01T00:00:00, Add row to /TRACKING.csv
2000-01-01T00:00:00, Number of rows in /TRACKING.csv: 1
2000-01-01T00:00:00, Done loop ...
2000-01-01T00:00:00, ... powering down.
2000-01-01T00:00:00, RTC Initialization Failed - Using Default Time
2000-01-01T00:00:00, Setup Complete
2000-01-01T00:00:00, Data: 2000-01-01T00:00:00,3.73,25555,2572.00,2577.00,2574.50,-11.32,71.41,-12.02,869.81
2000-01-01T00:00:00, Add row to /TRACKING.csv
2000-01-01T00:00:00, Number of rows in /TRACKING.csv: 2
2000-01-01T00:00:00, Done loop ...
2000-01-01T00:00:00, ... powering down.
2000-01-01T00:00:00, RTC Initialization Failed - Using Default Time
2000-01-01T00:00:00, Setup Complete
2000-01-01T00:00:00, Data: 2000-01-01T00:00:00,3.73,25555,2557.00,2579.00,2576.00,-11.35,71.07,-12.09,869.85
2000-01-01T00:00:00, Add row to /TRACKING.csv
2000-01-01T00:00:00, Number of rows in /TRACKING.csv: 3
2000-01-01T00:00:00, Done loop ...
2000-01-01T00:00:00, ... powering down.
2000-01-01T00:00:00, RTC Initialization Failed - Using Default Time
2000-01-01T00:00:00, Setup Complete
2000-01-01T00:00:00, Data: 2000-01-01T00:00:00,3.73,25555,2572.00,2580.00,2574.00,-11.28,70.57,-12.06,870.22
2000-01-01T00:00:00, Add row to /TRACKING.csv
2000-01-01T00:00:00, Number of rows in /TRACKING.csv: 4
2000-01-01T00:00:00, Number of rows in /TRACKING.csv is >= 4
2000-01-01T00:00:00, Remove tracking
2000-01-01T00:00:00, Write to /TRANSMIT.csv: 2000-01-01T00:00:00,3.73,2572.00,-11.3,71
2000-01-01T00:00:00, Number of rows in /TRANSMIT.csv: 1
2000-01-01T00:00:00, Current hour = 0, Transmission hour = 0
2000-01-01T00:00:00, 0100004257-11371
2000-01-01T00:00:00,  - attempt to send message: 0100004257-11371
2000-01-01T00:00:00,  - Modem begin successful
2000-01-01T00:00:00,  - Sending...
2000-01-01T00:00:00,  - Send response: 
2000-01-01T00:00:00,   - Sync clocks... 
2000-01-01T00:00:00,  - Arduino Old Time: 2000-00-20T00:84:03
2000-01-01T00:00:00,  - Failed to set valid RTC time
2000-01-01T00:00:00, Message sent! Removing /TRANSMIT.csv
2000-01-01T00:00:00, Done loop ...
2000-01-01T00:00:00, ... powering down.
2000-01-01T00:00:00, RTC Initialization Failed - Using Default Time
2000-01-01T00:00:00, Setup Complete
2000-01-01T00:00:00, Data: 2000-01-01T00:00:00,3.73,25555,2577.00,2582.00,2578.50,-11.38,71.09,-12.12,870.45
2000-01-01T00:00:00, Add row to /TRACKING.csv
2000-01-01T00:00:00, Number of rows in /TRACKING.csv: 1
2000-01-01T00:00:00, Done loop ...
2000-01-01T00:00:00, ... powering down.
2000-01-01T00:00:00, RTC Initialization Failed - Using Default Time
2000-01-01T00:00:00, Setup Complete
2000-01-01T00:00:00, Data: 2000-01-01T00:00:00,3.73,25555,2572.00,2580.00,2577.00,-11.43,71.06,-12.17,870.50
2000-01-01T00:00:00, Add row to /TRACKING.csv
2000-01-01T00:00:00, Number of rows in /TRACKING.csv: 2
2000-01-01T00:00:00, Done loop ...
2000-01-01T00:00:00, ... powering down.
2000-01-01T00:00:00, RTC Initialization Failed - Using Default Time
2000-01-01T00:00:00, Setup Complete
2000-01-01T00:00:00, Data: 2000-01-01T00:00:00,3.73,25555,2571.00,2577.00,2575.00,-11.47,71.10,-12.23,870.74
2000-01-01T00:00:00, Add row to /TRACKING.csv
2000-01-01T00:00:00, Number of rows in /TRACKING.csv: 3
2000-01-01T00:00:00, Done loop ...
2000-01-01T00:00:00, ... powering down.
2000-01-01T00:00:00, RTC Initialization Failed - Using Default Time
2000-01-01T00:00:00, Setup Complete
2000-01-01T00:00:00, Data: 2000-01-01T00:00:00,3.73,25555,2517.00,2580.00,2574.00,-11.46,71.22,-12.23,870.86
2000-01-01T00:00:00, Add row to /TRACKING.csv
2000-01-01T00:00:00, Number of rows in /TRACKING.csv: 4
2000-01-01T00:00:00, Number of rows in /TRACKING.csv is >= 4
2000-01-01T00:00:00, Remove tracking
2000-01-01T00:00:00, Write to /TRANSMIT.csv: 2000-01-01T00:00:00,3.73,2517.00,-11.5,71
2000-01-01T00:00:00, Number of rows in /TRANSMIT.csv: 1
2000-01-01T00:00:00, Current hour = 0, Transmission hour = 0
2000-01-01T00:00:00, 0100004252-11571
2000-01-01T00:00:00,  - attempt to send message: 0100004252-11571
2000-01-01T00:00:00,  - Modem begin successful
2000-01-01T00:00:00,  - Sending...
2000-01-01T00:00:00,  - Send response: 
2000-01-01T00:00:00,   - Sync clocks... 
2000-01-01T00:00:00,  - Arduino Old Time: 2000-00-20T00:84:03
2000-01-01T00:00:00,  - Failed to set valid RTC time
2000-01-01T00:00:00, Message sent! Removing /TRANSMIT.csv
2000-01-01T00:00:00, Done loop ...
2000-01-01T00:00:00, ... powering down.
2000-01-01T00:00:00, RTC Initialization Failed - Using Default Time
2000-01-01T00:00:00, Setup Complete
2000-01-01T00:00:00, Data: 2000-01-01T00:00:00,3.73,25555,2565.00,2585.00,2578.50,-11.51,71.14,-12.29,871.11
2000-01-01T00:00:00, Add row to /TRACKING.csv
2000-01-01T00:00:00, Number of rows in /TRACKING.csv: 1
2000-01-01T00:00:00, Done loop ...
2000-01-01T00:00:00, ... powering down.
2000-01-01T00:00:00, RTC Initialization Failed - Using Default Time
2000-01-01T00:00:00, Setup Complete
2000-01-01T00:00:00, Data: 2000-01-01T00:00:00,3.73,25555,2574.00,2581.00,2578.00,-11.54,71.43,-12.32,871.36
2000-01-01T00:00:00, Add row to /TRACKING.csv
2000-01-01T00:00:00, Number of rows in /TRACKING.csv: 2
2000-01-01T00:00:00, Done loop ...
2000-01-01T00:00:00, ... powering down.
2000-01-01T00:00:00, RTC Initialization Failed - Using Default Time
2000-01-01T00:00:00, Setup Complete
2000-01-01T00:00:00, Data: 2000-01-01T00:00:00,3.73,25555,2576.00,2584.00,2581.00,-11.66,71.61,-12.41,871.50
2000-01-01T00:00:00, Add row to /TRACKING.csv
2000-01-01T00:00:00, Number of rows in /TRACKING.csv: 3
2000-01-01T00:00:00, Done loop ...
2000-01-01T00:00:00, ... powering down.
2000-01-01T00:00:00, RTC Initialization Failed - Using Default Time
2000-01-01T00:00:00, Setup Complete
2000-01-01T00:00:00, Data: 2000-01-01T00:00:00,3.73,25555,2571.00,2580.00,2578.50,-11.70,71.67,-12.52,871.78
2000-01-01T00:00:00, Add row to /TRACKING.csv
2000-01-01T00:00:00, Number of rows in /TRACKING.csv: 4
2000-01-01T00:00:00, Number of rows in /TRACKING.csv is >= 4
2000-01-01T00:00:00, Remove tracking
2000-01-01T00:00:00, Write to /TRANSMIT.csv: 2000-01-01T00:00:00,3.73,2571.00,-11.7,72
2000-01-01T00:00:00, Number of rows in /TRANSMIT.csv: 1
2000-01-01T00:00:00, Current hour = 0, Transmission hour = 0
2000-01-01T00:00:00, 0100004257-11772
2000-01-01T00:00:00,  - attempt to send message: 0100004257-11772
2000-01-01T00:00:00,  - Modem begin successful
2000-01-01T00:00:00,  - Sending...
2000-01-01T00:00:00,  - Send response: 
2000-01-01T00:00:00,   - Sync clocks... 
2000-01-01T00:00:00,  - Arduino Old Time: 2000-00-20T00:84:03
2000-01-01T00:00:00,  - Failed to set valid RTC time
2000-01-01T00:00:00, Message sent! Removing /TRANSMIT.csv
2000-01-01T00:00:00, Done loop ...
2000-01-01T00:00:00, ... powering down.
2000-01-01T00:00:00, RTC Initialization Failed - Using Default Time
2000-01-01T00:00:00, Setup Complete
2000-01-01T00:00:00, Data: 2000-01-01T00:00:00,3.73,25555,2574.00,2579.00,2577.00,-11.70,71.74,-12.55,872.02
2000-01-01T00:00:00, Add row to /TRACKING.csv
2000-01-01T00:00:00, Number of rows in /TRACKING.csv: 1
2000-01-01T00:00:00, Done loop ...
2000-01-01T00:00:00, ... powering down.
2000-01-01T00:00:00, RTC Initialization Failed - Using Default Time
2000-01-01T00:00:00, Setup Complete
2000-01-01T00:00:00, Data: 2000-01-01T00:00:00,3.73,25555,2575.00,2582.00,2579.50,-11.74,71.52,-12.56,872.33
2000-01-01T00:00:00, Add row to /TRACKING.csv
2000-01-01T00:00:00, Number of rows in /TRACKING.csv: 2
2000-01-01T00:00:00, Done loop ...
2000-01-01T00:00:00, ... powering down.
2000-01-01T00:00:00, RTC Initialization Failed - Using Default Time
2000-01-01T00:00:00, Setup Complete
2000-01-01T00:00:00, Data: 2000-01-01T00:00:00,3.73,25555,0.00,2578.00,2573.00,-11.80,71.80,-12.60,872.38
2000-01-01T00:00:00, Add row to /TRACKING.csv
2000-01-01T00:00:00, Number of rows in /TRACKING.csv: 3
2000-01-01T00:00:00, Done loop ...
2000-01-01T00:00:00, ... powering down.
2000-01-01T00:00:00, RTC Initialization Failed - Using Default Time
2000-01-01T00:00:00, Setup Complete
2000-01-01T00:00:00, Data: 2000-01-01T00:00:00,3.73,25555,2577.00,2582.00,2578.00,-12.05,72.65,-12.73,872.47
2000-01-01T00:00:00, Add row to /TRACKING.csv
2000-01-01T00:00:00, Number of rows in /TRACKING.csv: 4
2000-01-01T00:00:00, Number of rows in /TRACKING.csv is >= 4
2000-01-01T00:00:00, Remove tracking
2000-01-01T00:00:00, Write to /TRANSMIT.csv: 2000-01-01T00:00:00,3.73,2577.00,-12.1,73
2000-01-01T00:00:00, Number of rows in /TRANSMIT.csv: 1
2000-01-01T00:00:00, Current hour = 0, Transmission hour = 0
2000-01-01T00:00:00, 0100004258-12173
2000-01-01T00:00:00,  - attempt to send message: 0100004258-12173
2000-01-01T00:00:00,  - Modem begin successful
2000-01-01T00:00:00,  - Sending...
2000-01-01T00:00:00,  - Send response: 
2000-01-01T00:00:00,   - Sync clocks... 
2000-01-01T00:00:00,  - Arduino Old Time: 2000-00-20T00:84:03
2000-01-01T00:00:00,  - Failed to set valid RTC time
2000-01-01T00:00:00, Message sent! Removing /TRANSMIT.csv
2000-01-01T00:00:00, Done loop ...
2000-01-01T00:00:00, ... powering down.
2000-01-01T00:00:00, RTC Initialization Failed - Using Default Time
2000-01-01T00:00:00, Setup Complete
2000-01-01T00:00:00, Data: 2000-01-01T00:00:00,3.73,25555,2576.00,2580.00,2579.00,-11.92,71.78,-12.71,872.67
2000-01-01T00:00:00, Add row to /TRACKING.csv
2000-01-01T00:00:00, Number of rows in /TRACKING.csv: 1
2000-01-01T00:00:00, Done loop ...
2000-01-01T00:00:00, ... powering down.
2000-01-01T00:00:00, RTC Initialization Failed - Using Default Time
2000-01-01T00:00:00, Setup Complete
2000-01-01T00:00:00, Data: 2000-01-01T00:00:00,3.73,25555,2576.00,2584.00,2581.00,-11.91,71.35,-12.71,872.84
2000-01-01T00:00:00, Add row to /TRACKING.csv
2000-01-01T00:00:00, Number of rows in /TRACKING.csv: 2
2000-01-01T00:00:00, Done loop ...
2000-01-01T00:00:00, ... powering down.
2000-01-01T00:00:00, RTC Initialization Failed - Using Default Time
2000-01-01T00:00:00, Setup Complete
2000-01-01T00:00:00, Data: 2000-01-01T00:00:00,3.73,25555,2574.00,2579.00,2576.00,-11.91,71.42,-12.68,872.98
2000-01-01T00:00:00, Add row to /TRACKING.csv
2000-01-01T00:00:00, Number of rows in /TRACKING.csv: 3
2000-01-01T00:00:00, Done loop ...
2000-01-01T00:00:00, ... powering down.
2000-01-01T00:00:00, RTC Initialization Failed - Using Default Time
2000-01-01T00:00:00, Setup Complete
2000-01-01T00:00:00, Data: 2000-01-01T00:00:00,3.73,25555,2564.00,2584.00,2578.00,-11.88,71.01,-12.59,872.84
2000-01-01T00:00:00, Add row to /TRACKING.csv
2000-01-01T00:00:00, Number of rows in /TRACKING.csv: 4
2000-01-01T00:00:00, Number of rows in /TRACKING.csv is >= 4
2000-01-01T00:00:00, Remove tracking
2000-01-01T00:00:00, Write to /TRANSMIT.csv: 2000-01-01T00:00:00,3.73,2564.00,-11.9,71
2000-01-01T00:00:00, Number of rows in /TRANSMIT.csv: 1
2000-01-01T00:00:00, Current hour = 0, Transmission hour = 0
2000-01-01T00:00:00, 0100004256-11971
2000-01-01T00:00:00,  - attempt to send message: 0100004256-11971
2000-01-01T00:00:00,  - Modem begin successful
2000-01-01T00:00:00,  - Sending...
2000-01-01T00:00:00,  - Send response: 
2000-01-01T00:00:00,   - Sync clocks... 
2000-01-01T00:00:00,  - Arduino Old Time: 2000-00-20T00:84:03
2000-01-01T00:00:00,  - Failed to set valid RTC time
2000-01-01T00:00:00, Message sent! Removing /TRANSMIT.csv
2000-01-01T00:00:00, Done loop ...
2000-01-01T00:00:00, ... powering down.
2000-01-01T00:00:00, RTC Initialization Failed - Using Default Time
2000-01-01T00:00:00, Setup Complete
2000-01-01T00:00:00, Data: 2000-01-01T00:00:00,3.73,25555,2542.00,2583.00,2579.50,-11.99,71.51,-12.62,873.12
2000-01-01T00:00:00, Add row to /TRACKING.csv
2000-01-01T00:00:00, Number of rows in /TRACKING.csv: 1
2000-01-01T00:00:00, Done loop ...
2000-01-01T00:00:00, ... powering down.
2000-01-01T00:00:00, RTC Initialization Failed - Using Default Time
2000-01-01T00:00:00, Setup Complete
2000-01-01T00:00:00, Data: 2000-01-01T00:00:00,3.73,25555,2575.00,2585.00,2580.00,-12.07,71.58,-12.82,873.22
2000-01-01T00:00:00, Add row to /TRACKING.csv
2000-01-01T00:00:00, Number of rows in /TRACKING.csv: 2
2000-01-01T00:00:00, Done loop ...
2000-01-01T00:00:00, ... powering down.
2000-01-01T00:00:00, RTC Initialization Failed - Using Default Time
2000-01-01T00:00:00, Setup Complete
2000-01-01T00:00:00, Data: 2000-01-01T00:00:00,3.73,25555,2575.00,2579.00,2577.50,-12.05,71.12,-12.82,873.29
2000-01-01T00:00:00, Add row to /TRACKING.csv
2000-01-01T00:00:00, Number of rows in /TRACKING.csv: 3
2000-01-01T00:00:00, Done loop ...
2000-01-01T00:00:00, ... powering down.
2000-01-01T00:00:00, RTC Initialization Failed - Using Default Time
2000-01-01T00:00:00, Setup Complete
2000-01-01T00:00:00, Data: 2000-01-01T00:00:00,3.72,25555,2574.00,2583.00,2577.00,-12.07,71.69,-12.86,873.44
2000-01-01T00:00:00, Add row to /TRACKING.csv
2000-01-01T00:00:00, Number of rows in /TRACKING.csv: 4
2000-01-01T00:00:00, Number of rows in /TRACKING.csv is >= 4
2000-01-01T00:00:00, Remove tracking
2000-01-01T00:00:00, Write to /TRANSMIT.csv: 2000-01-01T00:00:00,3.72,2574.00,-12.1,72
2000-01-01T00:00:00, Number of rows in /TRANSMIT.csv: 1
2000-01-01T00:00:00, Current hour = 0, Transmission hour = 0
2000-01-01T00:00:00, 0100004257-12172
2000-01-01T00:00:00,  - attempt to send message: 0100004257-12172
2000-01-01T00:00:00,  - Modem begin successful
2000-01-01T00:00:00,  - Sending...
2000-01-01T00:00:00,  - Send response: 
2000-01-01T00:00:00,   - Sync clocks... 
2000-01-01T00:00:00,  - Arduino Old Time: 2000-00-20T00:84:03
2000-01-01T00:00:00,  - Failed to set valid RTC time
2000-01-01T00:00:00, Message sent! Removing /TRANSMIT.csv
2000-01-01T00:00:00, Done loop ...
2000-01-01T00:00:00, ... powering down.
2000-01-01T00:00:00, RTC Initialization Failed - Using Default Time
2000-01-01T00:00:00, Setup Complete
2000-01-01T00:00:00, Data: 2000-01-01T00:00:00,3.73,25555,2576.00,2585.00,2581.50,-12.12,71.97,-12.79,873.78
2000-01-01T00:00:00, Add row to /TRACKING.csv
2000-01-01T00:00:00, Number of rows in /TRACKING.csv: 1
2000-01-01T00:00:00, Done loop ...
2000-01-01T00:00:00, ... powering down.
2000-01-01T00:00:00, RTC Initialization Failed - Using Default Time
2000-01-01T00:00:00, Setup Complete
2000-01-01T00:00:00, Data: 2000-01-01T00:00:00,3.73,25555,2577.00,2584.00,2581.50,-12.08,71.61,-12.63,873.82
2000-01-01T00:00:00, Add row to /TRACKING.csv
2000-01-01T00:00:00, Number of rows in /TRACKING.csv: 2
2000-01-01T00:00:00, Done loop ...
2000-01-01T00:00:00, ... powering down.
2000-01-01T00:00:00, RTC Initialization Failed - Using Default Time
2000-01-01T00:00:00, Setup Complete
2000-01-01T00:00:00, Data: 2000-01-01T00:00:00,3.73,25555,2579.00,2583.00,2581.00,-12.32,72.43,-12.82,874.05
2000-01-01T00:00:00, Add row to /TRACKING.csv
2000-01-01T00:00:00, Number of rows in /TRACKING.csv: 3
2000-01-01T00:00:00, Done loop ...
2000-01-01T00:00:00, ... powering down.
2000-01-01T00:00:00, RTC Initialization Failed - Using Default Time
2000-01-01T00:00:00, Setup Complete
2000-01-01T00:00:00, Data: 2000-01-01T00:00:00,3.73,25555,2579.00,2583.00,2581.00,-12.37,72.46,-12.97,874.34
2000-01-01T00:00:00, Add row to /TRACKING.csv
2000-01-01T00:00:00, Number of rows in /TRACKING.csv: 4
2000-01-01T00:00:00, Number of rows in /TRACKING.csv is >= 4
2000-01-01T00:00:00, Remove tracking
2000-01-01T00:00:00, Write to /TRANSMIT.csv: 2000-01-01T00:00:00,3.73,2579.00,-12.4,72
2000-01-01T00:00:00, Number of rows in /TRANSMIT.csv: 1
2000-01-01T00:00:00, Current hour = 0, Transmission hour = 0
2000-01-01T00:00:00, 0100004258-12472
2000-01-01T00:00:00,  - attempt to send message: 0100004258-12472
2000-01-01T00:00:00,  - Modem begin successful
2000-01-01T00:00:00,  - Sending...
2000-01-01T00:00:00,  - Send response: 
2000-01-01T00:00:00,   - Sync clocks... 
2000-01-01T00:00:00,  - Arduino Old Time: 2000-00-20T00:84:03
2000-01-01T00:00:00,  - Failed to set valid RTC time
2000-01-01T00:00:00, Message sent! Removing /TRANSMIT.csv
2000-01-01T00:00:00, Done loop ...
2000-01-01T00:00:00, ... powering down.
2000-01-01T00:00:00, RTC Initialization Failed - Using Default Time
2000-01-01T00:00:00, Setup Complete
2000-01-01T00:00:00, Data: 2000-01-01T00:00:00,3.73,25555,2575.00,2582.00,2578.50,-12.33,71.98,-13.03,874.38
2000-01-01T00:00:00, Add row to /TRACKING.csv
2000-01-01T00:00:00, Number of rows in /TRACKING.csv: 1
2000-01-01T00:00:00, Done loop ...
2000-01-01T00:00:00, ... powering down.
2000-01-01T00:00:00, RTC Initialization Failed - Using Default Time
2000-01-01T00:00:00, Setup Complete
2000-01-01T00:00:00, Data: 2000-01-01T00:00:00,3.73,25555,2560.00,2583.00,2578.00,-12.47,72.79,-13.20,874.91
2000-01-01T00:00:00, Add row to /TRACKING.csv
2000-01-01T00:00:00, Number of rows in /TRACKING.csv: 2
2000-01-01T00:00:00, Done loop ...
2000-01-01T00:00:00, ... powering down.
2000-01-01T00:00:00, RTC Initialization Failed - Using Default Time
2000-01-01T00:00:00, Setup Complete
2000-01-01T00:00:00, Data: 2000-01-01T00:00:00,3.73,25555,2566.00,2584.00,2581.00,-12.42,72.27,-13.22,875.08
2000-01-01T00:00:00, Add row to /TRACKING.csv
2000-01-01T00:00:00, Number of rows in /TRACKING.csv: 3
2000-01-01T00:00:00, Done loop ...
2000-01-01T00:00:00, ... powering down.
2000-01-01T00:00:00, RTC Initialization Failed - Using Default Time
2000-01-01T00:00:00, Setup Complete
2000-01-01T00:00:00, Data: 2000-01-01T00:00:00,3.74,25555,2538.00,2584.00,2578.50,-12.35,71.60,-12.88,875.32
2000-01-01T00:00:00, Add row to /TRACKING.csv
2000-01-01T00:00:00, Number of rows in /TRACKING.csv: 4
2000-01-01T00:00:00, Number of rows in /TRACKING.csv is >= 4
2000-01-01T00:00:00, Remove tracking
2000-01-01T00:00:00, Write to /TRANSMIT.csv: 2000-01-01T00:00:00,3.74,2538.00,-12.4,72
2000-01-01T00:00:00, Number of rows in /TRANSMIT.csv: 1
2000-01-01T00:00:00, Current hour = 0, Transmission hour = 0
2000-01-01T00:00:00, 0100004254-12472
2000-01-01T00:00:00,  - attempt to send message: 0100004254-12472
2000-01-01T00:00:00,  - Modem begin successful
2000-01-01T00:00:00,  - Sending...
2000-01-01T00:00:00,  - Send response: 
2000-01-01T00:00:00,   - Sync clocks... 
2000-01-01T00:00:00,  - Arduino Old Time: 2000-00-20T00:84:03
2000-01-01T00:00:00,  - Failed to set valid RTC time
2000-01-01T00:00:00, Message sent! Removing /TRANSMIT.csv
2000-01-01T00:00:00, Done loop ...
2000-01-01T00:00:00, ... powering down.
2000-01-01T00:00:00, RTC Initialization Failed - Using Default Time
2000-01-01T00:00:00, Setup Complete
2000-01-01T00:00:00, Data: 2000-01-01T00:00:00,3.82,25555,2583.00,2588.00,2584.00,-11.99,70.02,-11.95,875.71
2000-01-01T00:00:00, Add row to /TRACKING.csv
2000-01-01T00:00:00, Number of rows in /TRACKING.csv: 1
2000-01-01T00:00:00, Done loop ...
2000-01-01T00:00:00, ... powering down.
2000-01-01T00:00:00, RTC Initialization Failed - Using Default Time
2000-01-01T00:00:00, Setup Complete
2000-01-01T00:00:00, Data: 2000-01-01T00:00:00,3.95,25555,2589.00,2596.00,2592.50,-11.14,67.01,-9.16,875.81
2000-01-01T00:00:00, Add row to /TRACKING.csv
2000-01-01T00:00:00, Number of rows in /TRACKING.csv: 2
2000-01-01T00:00:00, Done loop ...
2000-01-01T00:00:00, ... powering down.
2000-01-01T00:00:00, RTC Initialization Failed - Using Default Time
2000-01-01T00:00:00, Setup Complete
2000-01-01T00:00:00, Data: 2000-01-01T00:00:00,4.00,25555,2596.00,2603.00,2600.00,-10.61,65.49,-7.03,876.25
2000-01-01T00:00:00, Add row to /TRACKING.csv
2000-01-01T00:00:00, Number of rows in /TRACKING.csv: 3
2000-01-01T00:00:00, Done loop ...
2000-01-01T00:00:00, ... powering down.
2000-01-01T00:00:00, RTC Initialization Failed - Using Default Time
2000-01-01T00:00:00, Setup Complete
2000-01-01T00:00:00, Data: 2000-01-01T00:00:00,3.85,25555,2591.00,2597.00,2594.50,-11.35,67.91,-8.13,876.47
2000-01-01T00:00:00, Add row to /TRACKING.csv
2000-01-01T00:00:00, Number of rows in /TRACKING.csv: 4
2000-01-01T00:00:00, Number of rows in /TRACKING.csv is >= 4
2000-01-01T00:00:00, Remove tracking
2000-01-01T00:00:00, Write to /TRANSMIT.csv: 2000-01-01T00:00:00,3.85,2591.00,-11.4,68
2000-01-01T00:00:00, Number of rows in /TRANSMIT.csv: 1
2000-01-01T00:00:00, Current hour = 0, Transmission hour = 0
2000-01-01T00:00:00, 0100005259-11468
2000-01-01T00:00:00,  - attempt to send message: 0100005259-11468
2000-01-01T00:00:00,  - Modem begin successful
2000-01-01T00:00:00,  - Sending...
2000-01-01T00:00:00,  - Send response: 
2000-01-01T00:00:00,   - Sync clocks... 
2000-01-01T00:00:00,  - Arduino Old Time: 2000-00-20T00:84:03
2000-01-01T00:00:00,  - Failed to set valid RTC time
2000-01-01T00:00:00, Message sent! Removing /TRANSMIT.csv
2000-01-01T00:00:00, Done loop ...
2000-01-01T00:00:00, ... powering down.
2000-01-01T00:00:00, RTC Initialization Failed - Using Default Time
2000-01-01T00:00:00, Setup Complete
2000-01-01T00:00:00, Data: 2000-01-01T00:00:00,3.98,25555,2586.00,2592.00,2590.00,-11.43,67.97,-8.28,876.65
2000-01-01T00:00:00, Add row to /TRACKING.csv
2000-01-01T00:00:00, Number of rows in /TRACKING.csv: 1
2000-01-01T00:00:00, Done loop ...
2000-01-01T00:00:00, ... powering down.
2000-01-01T00:00:00, RTC Initialization Failed - Using Default Time
2000-01-01T00:00:00, Setup Complete
2000-01-01T00:00:00, Data: 2000-01-01T00:00:00,4.00,25555,2591.00,2600.00,2595.50,-10.70,65.21,-7.08,877.06
2000-01-01T00:00:00, Add row to /TRACKING.csv
2000-01-01T00:00:00, Number of rows in /TRACKING.csv: 2
2000-01-01T00:00:00, Done loop ...
2000-01-01T00:00:00, ... powering down.
2000-01-01T00:00:00, RTC Initialization Failed - Using Default Time
2000-01-01T00:00:00, Setup Complete
2000-01-01T00:00:00, Data: 2000-01-01T00:00:00,4.00,25555,2607.00,2613.00,2610.00,-9.59,61.85,-4.45,877.42
2000-01-01T00:00:00, Add row to /TRACKING.csv
2000-01-01T00:00:00, Number of rows in /TRACKING.csv: 3
2000-01-01T00:00:00, Done loop ...
2000-01-01T00:00:00, ... powering down.
2000-01-01T00:00:00, RTC Initialization Failed - Using Default Time
2000-01-01T00:00:00, Setup Complete
2000-01-01T00:00:00, Data: 2000-01-01T00:00:00,4.00,25555,2608.00,2616.00,2612.50,-9.84,62.57,-2.86,877.62
2000-01-01T00:00:00, Add row to /TRACKING.csv
2000-01-01T00:00:00, Number of rows in /TRACKING.csv: 4
2000-01-01T00:00:00, Number of rows in /TRACKING.csv is >= 4
2000-01-01T00:00:00, Remove tracking
2000-01-01T00:00:00, Write to /TRANSMIT.csv: 2000-01-01T00:00:00,4.00,2608.00,-9.8,63
2000-01-01T00:00:00, Number of rows in /TRANSMIT.csv: 1
2000-01-01T00:00:00, Current hour = 0, Transmission hour = 0
2000-01-01T00:00:00, 0100007261-09863
2000-01-01T00:00:00,  - attempt to send message: 0100007261-09863
2000-01-01T00:00:00,  - Modem begin successful
2000-01-01T00:00:00,  - Sending...
2000-01-01T00:00:00,  - Send response: 
2000-01-01T00:00:00,   - Sync clocks... 
2000-01-01T00:00:00,  - Arduino Old Time: 2000-00-20T00:84:03
2000-01-01T00:00:00,  - Failed to set valid RTC time
2000-01-01T00:00:00, Message sent! Removing /TRANSMIT.csv
2000-01-01T00:00:00, Done loop ...
2000-01-01T00:00:00, ... powering down.
2000-01-01T00:00:00, RTC Initialization Failed - Using Default Time
2000-01-01T00:00:00, Setup Complete
2000-01-01T00:00:00, Data: 2000-01-01T00:00:00,4.00,25555,2609.00,2615.00,2612.00,-9.71,61.54,-1.81,877.49
2000-01-01T00:00:00, Add row to /TRACKING.csv
2000-01-01T00:00:00, Number of rows in /TRACKING.csv: 1
2000-01-01T00:00:00, Done loop ...
2000-01-01T00:00:00, ... powering down.
2000-01-01T00:00:00, RTC Initialization Failed - Using Default Time
2000-01-01T00:00:00, Setup Complete
2000-01-01T00:00:00, Data: 2000-01-01T00:00:00,3.99,25555,2610.00,2616.00,2613.00,-9.53,61.64,-2.18,877.78
2000-01-01T00:00:00, Add row to /TRACKING.csv
2000-01-01T00:00:00, Number of rows in /TRACKING.csv: 2
2000-01-01T00:00:00, Done loop ...
2000-01-01T00:00:00, ... powering down.
2000-01-01T00:00:00, RTC Initialization Failed - Using Default Time
2000-01-01T00:00:00, Setup Complete
2000-01-01T00:00:00, Data: 2000-01-01T00:00:00,3.98,25555,2590.00,2600.00,2598.50,-10.73,65.25,-4.05,878.01
2000-01-01T00:00:00, Add row to /TRACKING.csv
2000-01-01T00:00:00, Number of rows in /TRACKING.csv: 3
2000-01-01T00:00:00, Done loop ...
2000-01-01T00:00:00, ... powering down.
2000-01-01T00:00:00, RTC Initialization Failed - Using Default Time
2000-01-01T00:00:00, Setup Complete
2000-01-01T00:00:00, Data: 2000-01-01T00:00:00,4.00,25555,2597.00,2606.00,2602.00,-9.71,61.88,-3.61,878.54
2000-01-01T00:00:00, Add row to /TRACKING.csv
2000-01-01T00:00:00, Number of rows in /TRACKING.csv: 4
2000-01-01T00:00:00, Number of rows in /TRACKING.csv is >= 4
2000-01-01T00:00:00, Remove tracking
2000-01-01T00:00:00, Write to /TRANSMIT.csv: 2000-01-01T00:00:00,4.00,2597.00,-9.7,62
2000-01-01T00:00:00, Number of rows in /TRANSMIT.csv: 1
2000-01-01T00:00:00, Current hour = 0, Transmission hour = 0
2000-01-01T00:00:00, 0100007260-09762
2000-01-01T00:00:00,  - attempt to send message: 0100007260-09762
2000-01-01T00:00:00,  - Modem begin successful
2000-01-01T00:00:00,  - Sending...
2000-01-01T00:00:00,  - Send response: 
2000-01-01T00:00:00,   - Sync clocks... 
2000-01-01T00:00:00,  - Arduino Old Time: 2000-00-20T00:84:03
2000-01-01T00:00:00,  - Failed to set valid RTC time
2000-01-01T00:00:00, Message sent! Removing /TRANSMIT.csv
2000-01-01T00:00:00, Done loop ...
2000-01-01T00:00:00, ... powering down.
2000-01-01T00:00:00, RTC Initialization Failed - Using Default Time
2000-01-01T00:00:00, Setup Complete
2000-01-01T00:00:00, Data: 2000-01-01T00:00:00,4.00,25555,2598.00,2613.00,2608.50,-9.08,60.66,-2.56,878.88
2000-01-01T00:00:00, Add row to /TRACKING.csv
2000-01-01T00:00:00, Number of rows in /TRACKING.csv: 1
2000-01-01T00:00:00, Done loop ...
2000-01-01T00:00:00, ... powering down.
2000-01-01T00:00:00, RTC Initialization Failed - Using Default Time
2000-01-01T00:00:00, Setup Complete
2000-01-01T00:00:00, Data: 2000-01-01T00:00:00,4.00,25555,2620.00,2627.00,2623.00,-9.09,59.53,-0.46,878.73
2000-01-01T00:00:00, Add row to /TRACKING.csv
2000-01-01T00:00:00, Number of rows in /TRACKING.csv: 2
2000-01-01T00:00:00, Done loop ...
2000-01-01T00:00:00, ... powering down.
2000-01-01T00:00:00, RTC Initialization Failed - Using Default Time
2000-01-01T00:00:00, Setup Complete
2000-01-01T00:00:00, Data: 2000-01-01T00:00:00,4.00,25555,2615.00,2623.00,2619.50,-9.59,64.33,-0.88,879.37
2000-01-01T00:00:00, Add row to /TRACKING.csv
2000-01-01T00:00:00, Number of rows in /TRACKING.csv: 3
2000-01-01T00:00:00, Done loop ...
2000-01-01T00:00:00, ... powering down.
2000-01-01T00:00:00, RTC Initialization Failed - Using Default Time
2000-01-01T00:00:00, Setup Complete
2000-01-01T00:00:00, Data: 2000-01-01T00:00:00,4.00,25555,2610.00,2616.00,2613.00,-9.43,65.04,-1.02,879.67
2000-01-01T00:00:00, Add row to /TRACKING.csv
2000-01-01T00:00:00, Number of rows in /TRACKING.csv: 4
2000-01-01T00:00:00, Number of rows in /TRACKING.csv is >= 4
2000-01-01T00:00:00, Remove tracking
2000-01-01T00:00:00, Write to /TRANSMIT.csv: 2000-01-01T00:00:00,4.00,2610.00,-9.4,65
2000-01-01T00:00:00, Number of rows in /TRANSMIT.csv: 1
2000-01-01T00:00:00, Current hour = 0, Transmission hour = 0
2000-01-01T00:00:00, 0100007261-09465
2000-01-01T00:00:00,  - attempt to send message: 0100007261-09465
2000-01-01T00:00:00,  - Modem begin successful
2000-01-01T00:00:00,  - Sending...
2000-01-01T00:00:00,  - Send response: 
2000-01-01T00:00:00,   - Sync clocks... 
2000-01-01T00:00:00,  - Arduino Old Time: 2000-00-20T00:84:03
2000-01-01T00:00:00,  - Failed to set valid RTC time
2000-01-01T00:00:00, Message sent! Removing /TRANSMIT.csv
2000-01-01T00:00:00, Done loop ...
2000-01-01T00:00:00, ... powering down.
2000-01-01T00:00:00, RTC Initialization Failed - Using Default Time
2000-01-01T00:00:00, Setup Complete
2000-01-01T00:00:00, Data: 2000-01-01T00:00:00,4.00,25555,2622.00,2637.00,2627.50,-6.93,56.14,3.30,879.94
2000-01-01T00:00:00, Add row to /TRACKING.csv
2000-01-01T00:00:00, Number of rows in /TRACKING.csv: 1
2000-01-01T00:00:00, Done loop ...
2000-01-01T00:00:00, ... powering down.
2000-01-01T00:00:00, RTC Initialization Failed - Using Default Time
2000-01-01T00:00:00, Setup Complete
2000-01-01T00:00:00, Data: 2000-01-01T00:00:00,4.00,25555,2623.00,2642.00,2635.00,-8.30,58.90,5.06,879.86
2000-01-01T00:00:00, Add row to /TRACKING.csv
2000-01-01T00:00:00, Number of rows in /TRACKING.csv: 2
2000-01-01T00:00:00, Done loop ...
2000-01-01T00:00:00, ... powering down.
2000-01-01T00:00:00, RTC Initialization Failed - Using Default Time
2000-01-01T00:00:00, Setup Complete
2000-01-01T00:00:00, Data: 2000-01-01T00:00:00,4.00,25555,2615.00,2626.00,2623.00,-8.35,59.11,4.18,879.92
2000-01-01T00:00:00, Add row to /TRACKING.csv
2000-01-01T00:00:00, Number of rows in /TRACKING.csv: 3
2000-01-01T00:00:00, Done loop ...
2000-01-01T00:00:00, ... powering down.
2000-01-01T00:00:00, RTC Initialization Failed - Using Default Time
2000-01-01T00:00:00, Setup Complete
2000-01-01T00:00:00, Data: 2000-01-01T00:00:00,4.00,25555,2607.00,2621.00,2612.50,-7.99,56.73,3.63,880.11
2000-01-01T00:00:00, Add row to /TRACKING.csv
2000-01-01T00:00:00, Number of rows in /TRACKING.csv: 4
2000-01-01T00:00:00, Number of rows in /TRACKING.csv is >= 4
2000-01-01T00:00:00, Remove tracking
2000-01-01T00:00:00, Write to /TRANSMIT.csv: 2000-01-01T00:00:00,4.00,2607.00,-8.0,57
2000-01-01T00:00:00, Number of rows in /TRANSMIT.csv: 1
2000-01-01T00:00:00, Current hour = 0, Transmission hour = 0
2000-01-01T00:00:00, 0100007261-08057
2000-01-01T00:00:00,  - attempt to send message: 0100007261-08057
2000-01-01T00:00:00,  - Modem begin successful
2000-01-01T00:00:00,  - Sending...
2000-01-01T00:00:00,  - Send response: 
2000-01-01T00:00:00,   - Sync clocks... 
2000-01-01T00:00:00,  - Arduino Old Time: 2000-00-20T00:84:03
2000-01-01T00:00:00,  - Failed to set valid RTC time
2000-01-01T00:00:00, Message sent! Removing /TRANSMIT.csv
2000-01-01T00:00:00, Done loop ...
2000-01-01T00:00:00, ... powering down.
2000-01-01T00:00:00, RTC Initialization Failed - Using Default Time
2000-01-01T00:00:00, Setup Complete
2000-01-01T00:00:00, Data: 2000-01-01T00:00:00,4.00,25555,2605.00,2622.00,2619.00,-6.46,56.66,3.52,880.47
2000-01-01T00:00:00, Add row to /TRACKING.csv
2000-01-01T00:00:00, Number of rows in /TRACKING.csv: 1
2000-01-01T00:00:00, Done loop ...
2000-01-01T00:00:00, ... powering down.
2000-01-01T00:00:00, RTC Initialization Failed - Using Default Time
2000-01-01T00:00:00, Setup Complete
2000-01-01T00:00:00, Data: 2000-01-01T00:00:00,4.00,25555,2613.00,2624.00,2617.50,-6.26,49.84,3.12,880.44
2000-01-01T00:00:00, Add row to /TRACKING.csv
2000-01-01T00:00:00, Number of rows in /TRACKING.csv: 2
2000-01-01T00:00:00, Done loop ...
2000-01-01T00:00:00, ... powering down.
2000-01-01T00:00:00, RTC Initialization Failed - Using Default Time
2000-01-01T00:00:00, Setup Complete
2000-01-01T00:00:00, Data: 2000-01-01T00:00:00,4.00,25555,2597.00,2611.00,2610.00,-8.50,56.77,0.30,880.46
2000-01-01T00:00:00, Add row to /TRACKING.csv
2000-01-01T00:00:00, Number of rows in /TRACKING.csv: 3
2000-01-01T00:00:00, Done loop ...
2000-01-01T00:00:00, ... powering down.
2000-01-01T00:00:00, RTC Initialization Failed - Using Default Time
2000-01-01T00:00:00, Setup Complete
2000-01-01T00:00:00, Data: 2000-01-01T00:00:00,4.00,25555,2603.00,2610.00,2606.00,-7.52,56.88,-1.15,881.01
2000-01-01T00:00:00, Add row to /TRACKING.csv
2000-01-01T00:00:00, Number of rows in /TRACKING.csv: 4
2000-01-01T00:00:00, Number of rows in /TRACKING.csv is >= 4
2000-01-01T00:00:00, Remove tracking
2000-01-01T00:00:00, Write to /TRANSMIT.csv: 2000-01-01T00:00:00,4.00,2603.00,-7.5,57
2000-01-01T00:00:00, Number of rows in /TRANSMIT.csv: 1
2000-01-01T00:00:00, Current hour = 0, Transmission hour = 0
2000-01-01T00:00:00, 0100007260-07557
2000-01-01T00:00:00,  - attempt to send message: 0100007260-07557
2000-01-01T00:00:00,  - Modem begin successful
2000-01-01T00:00:00,  - Sending...
2000-01-01T00:00:00,  - Send response: 
2000-01-01T00:00:00,   - Sync clocks... 
2000-01-01T00:00:00,  - Arduino Old Time: 2000-00-20T00:84:03
2000-01-01T00:00:00,  - Failed to set valid RTC time
2000-01-01T00:00:00, Message sent! Removing /TRANSMIT.csv
2000-01-01T00:00:00, Done loop ...
2000-01-01T00:00:00, ... powering down.
2000-01-01T00:00:00, RTC Initialization Failed - Using Default Time
2000-01-01T00:00:00, Setup Complete
2000-01-01T00:00:00, Data: 2000-01-01T00:00:00,4.00,25555,2605.00,2614.00,2610.00,-7.83,57.48,0.23,881.04
2000-01-01T00:00:00, Add row to /TRACKING.csv
2000-01-01T00:00:00, Number of rows in /TRACKING.csv: 1
2000-01-01T00:00:00, Done loop ...
2000-01-01T00:00:00, ... powering down.
2000-01-01T00:00:00, RTC Initialization Failed - Using Default Time
2000-01-01T00:00:00, Setup Complete
2000-01-01T00:00:00, Data: 2000-01-01T00:00:00,4.00,25555,2606.00,2614.00,2609.00,-5.19,48.84,1.93,881.48
2000-01-01T00:00:00, Add row to /TRACKING.csv
2000-01-01T00:00:00, Number of rows in /TRACKING.csv: 2
2000-01-01T00:00:00, Done loop ...
2000-01-01T00:00:00, ... powering down.
2000-01-01T00:00:00, RTC Initialization Failed - Using Default Time
2000-01-01T00:00:00, Setup Complete
2000-01-01T00:00:00, Data: 2000-01-01T00:00:00,4.00,25555,2600.00,2607.00,2604.00,-5.53,51.99,2.00,881.64
2000-01-01T00:00:00, Add row to /TRACKING.csv
2000-01-01T00:00:00, Number of rows in /TRACKING.csv: 3
2000-01-01T00:00:00, Done loop ...
2000-01-01T00:00:00, ... powering down.
2000-01-01T00:00:00, RTC Initialization Failed - Using Default Time
2000-01-01T00:00:00, Setup Complete
2000-01-01T00:00:00, Data: 2000-01-01T00:00:00,3.99,25555,2602.00,2615.00,2611.50,-5.26,48.81,2.48,881.65
2000-01-01T00:00:00, Add row to /TRACKING.csv
2000-01-01T00:00:00, Number of rows in /TRACKING.csv: 4
2000-01-01T00:00:00, Number of rows in /TRACKING.csv is >= 4
2000-01-01T00:00:00, Remove tracking
2000-01-01T00:00:00, Write to /TRANSMIT.csv: 2000-01-01T00:00:00,3.99,2602.00,-5.3,49
2000-01-01T00:00:00, Number of rows in /TRANSMIT.csv: 1
2000-01-01T00:00:00, Current hour = 0, Transmission hour = 0
2000-01-01T00:00:00, 0100006260-05349
2000-01-01T00:00:00,  - attempt to send message: 0100006260-05349
2000-01-01T00:00:00,  - Modem begin successful
2000-01-01T00:00:00,  - Sending...
2000-01-01T00:00:00,  - Send response: 
2000-01-01T00:00:00,   - Sync clocks... 
2000-01-01T00:00:00,  - Arduino Old Time: 2000-00-20T00:84:03
2000-01-01T00:00:00,  - Failed to set valid RTC time
2000-01-01T00:00:00, Message sent! Removing /TRANSMIT.csv
2000-01-01T00:00:00, Done loop ...
2000-01-01T00:00:00, ... powering down.
2000-01-01T00:00:00, RTC Initialization Failed - Using Default Time
2000-01-01T00:00:00, Setup Complete
2000-01-01T00:00:00, Data: 2000-01-01T00:00:00,3.89,25555,2610.00,2618.00,2613.50,-6.24,51.90,1.86,881.75
2000-01-01T00:00:00, Add row to /TRACKING.csv
2000-01-01T00:00:00, Number of rows in /TRACKING.csv: 1
2000-01-01T00:00:00, Done loop ...
2000-01-01T00:00:00, ... powering down.
2000-01-01T00:00:00, RTC Initialization Failed - Using Default Time
2000-01-01T00:00:00, Setup Complete
2000-01-01T00:00:00, Data: 2000-01-01T00:00:00,3.85,25555,2607.00,2616.00,2613.50,-6.69,52.99,-0.49,882.18
2000-01-01T00:00:00, Add row to /TRACKING.csv
2000-01-01T00:00:00, Number of rows in /TRACKING.csv: 2
2000-01-01T00:00:00, Done loop ...
2000-01-01T00:00:00, ... powering down.
2000-01-01T00:00:00, RTC Initialization Failed - Using Default Time
2000-01-01T00:00:00, Setup Complete
2000-01-01T00:00:00, Data: 2000-01-01T00:00:00,3.76,25555,2605.00,2613.00,2607.50,-9.19,59.71,-3.02,881.90
2000-01-01T00:00:00, Add row to /TRACKING.csv
2000-01-01T00:00:00, Number of rows in /TRACKING.csv: 3
2000-01-01T00:00:00, Done loop ...
2000-01-01T00:00:00, ... powering down.
2000-01-01T00:00:00, RTC Initialization Failed - Using Default Time
2000-01-01T00:00:00, Setup Complete
2000-01-01T00:00:00, Data: 2000-01-01T00:00:00,3.76,25555,2585.00,2593.00,2590.50,-10.56,64.96,-7.25,882.03
2000-01-01T00:00:00, Add row to /TRACKING.csv
2000-01-01T00:00:00, Number of rows in /TRACKING.csv: 4
2000-01-01T00:00:00, Number of rows in /TRACKING.csv is >= 4
2000-01-01T00:00:00, Remove tracking
2000-01-01T00:00:00, Write to /TRANSMIT.csv: 2000-01-01T00:00:00,3.76,2585.00,-10.6,65
2000-01-01T00:00:00, Number of rows in /TRANSMIT.csv: 1
2000-01-01T00:00:00, Current hour = 0, Transmission hour = 0
2000-01-01T00:00:00, 0100004259-10665
2000-01-01T00:00:00,  - attempt to send message: 0100004259-10665
2000-01-01T00:00:00,  - Modem begin successful
2000-01-01T00:00:00,  - Sending...
2000-01-01T00:00:00,  - Send response: 
2000-01-01T00:00:00,   - Sync clocks... 
2000-01-01T00:00:00,  - Arduino Old Time: 2000-00-20T00:84:03
2000-01-01T00:00:00,  - Failed to set valid RTC time
2000-01-01T00:00:00, Message sent! Removing /TRANSMIT.csv
2000-01-01T00:00:00, Done loop ...
2000-01-01T00:00:00, ... powering down.
2000-01-01T00:00:00, RTC Initialization Failed - Using Default Time
2000-01-01T00:00:00, Setup Complete
2000-01-01T00:00:00, Data: 2000-01-01T00:00:00,3.75,25555,2579.00,2584.00,2581.50,-11.29,67.87,-9.96,882.14
2000-01-01T00:00:00, Add row to /TRACKING.csv
2000-01-01T00:00:00, Number of rows in /TRACKING.csv: 1
2000-01-01T00:00:00, Done loop ...
2000-01-01T00:00:00, ... powering down.
2000-01-01T00:00:00, RTC Initialization Failed - Using Default Time
2000-01-01T00:00:00, Setup Complete
2000-01-01T00:00:00, Data: 2000-01-01T00:00:00,3.74,25555,2574.00,2582.00,2580.00,-11.01,66.88,-11.06,882.30
2000-01-01T00:00:00, Add row to /TRACKING.csv
2000-01-01T00:00:00, Number of rows in /TRACKING.csv: 2
2000-01-01T00:00:00, Done loop ...
2000-01-01T00:00:00, ... powering down.
2000-01-01T00:00:00, RTC Initialization Failed - Using Default Time
2000-01-01T00:00:00, Setup Complete
2000-01-01T00:00:00, Data: 2000-01-01T00:00:00,3.74,25555,2580.00,2586.00,2585.00,-11.36,67.85,-11.62,882.56
2000-01-01T00:00:00, Add row to /TRACKING.csv
2000-01-01T00:00:00, Number of rows in /TRACKING.csv: 3
2000-01-01T00:00:00, Done loop ...
2000-01-01T00:00:00, ... powering down.
2000-01-01T00:00:00, RTC Initialization Failed - Using Default Time
2000-01-01T00:00:00, Setup Complete
2000-01-01T00:00:00, Data: 2000-01-01T00:00:00,3.74,25555,2577.00,2585.00,2581.50,-11.56,69.27,-12.22,882.65
2000-01-01T00:00:00, Add row to /TRACKING.csv
2000-01-01T00:00:00, Number of rows in /TRACKING.csv: 4
2000-01-01T00:00:00, Number of rows in /TRACKING.csv is >= 4
2000-01-01T00:00:00, Remove tracking
2000-01-01T00:00:00, Write to /TRANSMIT.csv: 2000-01-01T00:00:00,3.74,2577.00,-11.6,69
2000-01-01T00:00:00, Number of rows in /TRANSMIT.csv: 1
2000-01-01T00:00:00, Current hour = 0, Transmission hour = 0
2000-01-01T00:00:00, 0100004258-11669
2000-01-01T00:00:00,  - attempt to send message: 0100004258-11669
2000-01-01T00:00:00,  - Modem begin successful
2000-01-01T00:00:00,  - Sending...
2000-01-01T00:00:00,  - Send response: 
2000-01-01T00:00:00,   - Sync clocks... 
2000-01-01T00:00:00,  - Arduino Old Time: 2000-00-20T00:84:03
2000-01-01T00:00:00,  - Failed to set valid RTC time
2000-01-01T00:00:00, Message sent! Removing /TRANSMIT.csv
2000-01-01T00:00:00, Done loop ...
2000-01-01T00:00:00, ... powering down.
2000-01-01T00:00:00, RTC Initialization Failed - Using Default Time
2000-01-01T00:00:00, Setup Complete
2000-01-01T00:00:00, Data: 2000-01-01T00:00:00,3.74,25555,2567.00,2586.00,2578.00,-11.26,69.94,-12.31,882.68
2000-01-01T00:00:00, Add row to /TRACKING.csv
2000-01-01T00:00:00, Number of rows in /TRACKING.csv: 1
2000-01-01T00:00:00, Done loop ...
2000-01-01T00:00:00, ... powering down.
2000-01-01T00:00:00, RTC Initialization Failed - Using Default Time
2000-01-01T00:00:00, Setup Complete
2000-01-01T00:00:00, Data: 2000-01-01T00:00:00,3.73,25555,2573.00,2584.00,2579.50,-11.32,68.98,-12.12,882.78
2000-01-01T00:00:00, Add row to /TRACKING.csv
2000-01-01T00:00:00, Number of rows in /TRACKING.csv: 2
2000-01-01T00:00:00, Done loop ...
2000-01-01T00:00:00, ... powering down.
2000-01-01T00:00:00, RTC Initialization Failed - Using Default Time
2000-01-01T00:00:00, Setup Complete
2000-01-01T00:00:00, Data: 2000-01-01T00:00:00,3.74,25555,2570.00,2581.00,2579.00,-11.26,68.86,-12.18,882.97
2000-01-01T00:00:00, Add row to /TRACKING.csv
2000-01-01T00:00:00, Number of rows in /TRACKING.csv: 3
2000-01-01T00:00:00, Done loop ...
2000-01-01T00:00:00, ... powering down.
2000-01-01T00:00:00, RTC Initialization Failed - Using Default Time
2000-01-01T00:00:00, Setup Complete
2000-01-01T00:00:00, Data: 2000-01-01T00:00:00,3.74,25555,2570.00,2579.00,2575.50,-11.28,68.36,-12.23,883.19
2000-01-01T00:00:00, Add row to /TRACKING.csv
2000-01-01T00:00:00, Number of rows in /TRACKING.csv: 4
2000-01-01T00:00:00, Number of rows in /TRACKING.csv is >= 4
2000-01-01T00:00:00, Remove tracking
2000-01-01T00:00:00, Write to /TRANSMIT.csv: 2000-01-01T00:00:00,3.74,2570.00,-11.3,68
2000-01-01T00:00:00, Number of rows in /TRANSMIT.csv: 1
2000-01-01T00:00:00, Current hour = 0, Transmission hour = 0
2000-01-01T00:00:00, 0100004257-11368
2000-01-01T00:00:00,  - attempt to send message: 0100004257-11368
2000-01-01T00:00:00,  - Modem begin successful
2000-01-01T00:00:00,  - Sending...
2000-01-01T00:00:00,  - Send response: 
2000-01-01T00:00:00,   - Sync clocks... 
2000-01-01T00:00:00,  - Arduino Old Time: 2000-00-20T00:84:03
2000-01-01T00:00:00,  - Failed to set valid RTC time
2000-01-01T00:00:00, Message sent! Removing /TRANSMIT.csv
2000-01-01T00:00:00, Done loop ...
2000-01-01T00:00:00, ... powering down.
2000-01-01T00:00:00, RTC Initialization Failed - Using Default Time
2000-01-01T00:00:00, Setup Complete
2000-01-01T00:00:00, Data: 2000-01-01T00:00:00,3.74,25555,2561.00,2586.00,2582.50,-11.66,70.18,-12.54,883.48
2000-01-01T00:00:00, Add row to /TRACKING.csv
2000-01-01T00:00:00, Number of rows in /TRACKING.csv: 1
2000-01-01T00:00:00, Done loop ...
2000-01-01T00:00:00, ... powering down.
2000-01-01T00:00:00, RTC Initialization Failed - Using Default Time
2000-01-01T00:00:00, Setup Complete
2000-01-01T00:00:00, Data: 2000-01-01T00:00:00,3.73,25555,2578.00,2583.00,2580.50,-11.82,71.22,-12.77,883.64
2000-01-01T00:00:00, Add row to /TRACKING.csv
2000-01-01T00:00:00, Number of rows in /TRACKING.csv: 2
2000-01-01T00:00:00, Done loop ...
2000-01-01T00:00:00, ... powering down.
2000-01-01T00:00:00, RTC Initialization Failed - Using Default Time
2000-01-01T00:00:00, Setup Complete
2000-01-01T00:00:00, Data: 2000-01-01T00:00:00,3.73,25555,2572.00,2584.00,2581.50,-12.01,71.84,-13.05,883.80
2000-01-01T00:00:00, Add row to /TRACKING.csv
2000-01-01T00:00:00, Number of rows in /TRACKING.csv: 3
2000-01-01T00:00:00, Done loop ...
2000-01-01T00:00:00, ... powering down.
2000-01-01T00:00:00, RTC Initialization Failed - Using Default Time
2000-01-01T00:00:00, Setup Complete
2000-01-01T00:00:00, Data: 2000-01-01T00:00:00,3.73,25555,2581.00,2585.00,2583.50,-12.09,71.71,-13.23,883.93
2000-01-01T00:00:00, Add row to /TRACKING.csv
2000-01-01T00:00:00, Number of rows in /TRACKING.csv: 4
2000-01-01T00:00:00, Number of rows in /TRACKING.csv is >= 4
2000-01-01T00:00:00, Remove tracking
2000-01-01T00:00:00, Write to /TRANSMIT.csv: 2000-01-01T00:00:00,3.73,2581.00,-12.1,72
2000-01-01T00:00:00, Number of rows in /TRANSMIT.csv: 1
2000-01-01T00:00:00, Current hour = 0, Transmission hour = 0
2000-01-01T00:00:00, 0100004258-12172
2000-01-01T00:00:00,  - attempt to send message: 0100004258-12172
2000-01-01T00:00:00,  - Modem begin successful
2000-01-01T00:00:00,  - Sending...
2000-01-01T00:00:00,  - Send response: 
2000-01-01T00:00:00,   - Sync clocks... 
2000-01-01T00:00:00,  - Arduino Old Time: 2000-00-20T00:84:03
2000-01-01T00:00:00,  - Failed to set valid RTC time
2000-01-01T00:00:00, Message sent! Removing /TRANSMIT.csv
2000-01-01T00:00:00, Done loop ...
2000-01-01T00:00:00, ... powering down.
2000-01-01T00:00:00, RTC Initialization Failed - Using Default Time
2000-01-01T00:00:00, Setup Complete
2000-01-01T00:00:00, Data: 2000-01-01T00:00:00,3.73,25555,2580.00,2587.00,2584.00,-12.12,71.77,-13.44,884.28
2000-01-01T00:00:00, Add row to /TRACKING.csv
2000-01-01T00:00:00, Number of rows in /TRACKING.csv: 1
2000-01-01T00:00:00, Done loop ...
2000-01-01T00:00:00, ... powering down.
2000-01-01T00:00:00, RTC Initialization Failed - Using Default Time
2000-01-01T00:00:00, Setup Complete
2000-01-01T00:00:00, Data: 2000-01-01T00:00:00,3.73,25555,2576.00,2583.00,2582.00,-11.67,70.20,-13.18,884.28
2000-01-01T00:00:00, Add row to /TRACKING.csv
2000-01-01T00:00:00, Number of rows in /TRACKING.csv: 2
2000-01-01T00:00:00, Done loop ...
2000-01-01T00:00:00, ... powering down.
2000-01-01T00:00:00, RTC Initialization Failed - Using Default Time
2000-01-01T00:00:00, Setup Complete
2000-01-01T00:00:00, Data: 2000-01-01T00:00:00,3.73,25555,2578.00,2583.00,2580.00,-11.92,71.10,-13.28,884.46
2000-01-01T00:00:00, Add row to /TRACKING.csv
2000-01-01T00:00:00, Number of rows in /TRACKING.csv: 3
2000-01-01T00:00:00, Done loop ...
2000-01-01T00:00:00, ... powering down.
2000-01-01T00:00:00, RTC Initialization Failed - Using Default Time
2000-01-01T00:00:00, Setup Complete
2000-01-01T00:00:00, Data: 2000-01-01T00:00:00,3.73,25555,2576.00,2587.00,2580.00,-12.19,71.88,-13.42,884.55
2000-01-01T00:00:00, Add row to /TRACKING.csv
2000-01-01T00:00:00, Number of rows in /TRACKING.csv: 4
2000-01-01T00:00:00, Number of rows in /TRACKING.csv is >= 4
2000-01-01T00:00:00, Remove tracking
2000-01-01T00:00:00, Write to /TRANSMIT.csv: 2000-01-01T00:00:00,3.73,2576.00,-12.2,72
2000-01-01T00:00:00, Number of rows in /TRANSMIT.csv: 1
2000-01-01T00:00:00, Current hour = 0, Transmission hour = 0
2000-01-01T00:00:00, 0100004258-12272
2000-01-01T00:00:00,  - attempt to send message: 0100004258-12272
2000-01-01T00:00:00,  - Modem begin successful
2000-01-01T00:00:00,  - Sending...
2000-01-01T00:00:00,  - Send response: 
2000-01-01T00:00:00,   - Sync clocks... 
2000-01-01T00:00:00,  - Arduino Old Time: 2000-00-20T00:84:03
2000-01-01T00:00:00,  - Failed to set valid RTC time
2000-01-01T00:00:00, Message sent! Removing /TRANSMIT.csv
2000-01-01T00:00:00, Done loop ...
2000-01-01T00:00:00, ... powering down.
2000-01-01T00:00:00, RTC Initialization Failed - Using Default Time
2000-01-01T00:00:00, Setup Complete
2000-01-01T00:00:00, Data: 2000-01-01T00:00:00,3.72,25555,2579.00,2583.00,2581.00,-12.09,71.88,-13.57,884.91
2000-01-01T00:00:00, Add row to /TRACKING.csv
2000-01-01T00:00:00, Number of rows in /TRACKING.csv: 1
2000-01-01T00:00:00, Done loop ...
2000-01-01T00:00:00, ... powering down.
2000-01-01T00:00:00, RTC Initialization Failed - Using Default Time
2000-01-01T00:00:00, Setup Complete
2000-01-01T00:00:00, Data: 2000-01-01T00:00:00,3.73,25555,2580.00,2583.00,2580.50,-12.12,72.28,-13.67,885.13
2000-01-01T00:00:00, Add row to /TRACKING.csv
2000-01-01T00:00:00, Number of rows in /TRACKING.csv: 2
2000-01-01T00:00:00, Done loop ...
2000-01-01T00:00:00, ... powering down.
2000-01-01T00:00:00, RTC Initialization Failed - Using Default Time
2000-01-01T00:00:00, Setup Complete
2000-01-01T00:00:00, Data: 2000-01-01T00:00:00,3.73,25555,2578.00,2581.00,2580.00,-12.26,73.01,-13.68,885.41
2000-01-01T00:00:00, Add row to /TRACKING.csv
2000-01-01T00:00:00, Number of rows in /TRACKING.csv: 3
2000-01-01T00:00:00, Done loop ...
2000-01-01T00:00:00, ... powering down.
2000-01-01T00:00:00, RTC Initialization Failed - Using Default Time
2000-01-01T00:00:00, Setup Complete
2000-01-01T00:00:00, Data: 2000-01-01T00:00:00,3.73,25555,2579.00,2582.00,2581.00,-11.63,70.66,-12.98,885.48
2000-01-01T00:00:00, Add row to /TRACKING.csv
2000-01-01T00:00:00, Number of rows in /TRACKING.csv: 4
2000-01-01T00:00:00, Number of rows in /TRACKING.csv is >= 4
2000-01-01T00:00:00, Remove tracking
2000-01-01T00:00:00, Write to /TRANSMIT.csv: 2000-01-01T00:00:00,3.73,2579.00,-11.6,71
2000-01-01T00:00:00, Number of rows in /TRANSMIT.csv: 1
2000-01-01T00:00:00, Current hour = 0, Transmission hour = 0
2000-01-01T00:00:00, 0100004258-11671
2000-01-01T00:00:00,  - attempt to send message: 0100004258-11671
2000-01-01T00:00:00,  - Modem begin successful
2000-01-01T00:00:00,  - Sending...
2000-01-01T00:00:00,  - Send response: 
2000-01-01T00:00:00,   - Sync clocks... 
2000-01-01T00:00:00,  - Arduino Old Time: 2000-00-20T00:84:03
2000-01-01T00:00:00,  - Failed to set valid RTC time
2000-01-01T00:00:00, Message sent! Removing /TRANSMIT.csv
2000-01-01T00:00:00, Done loop ...
2000-01-01T00:00:00, ... powering down.
2000-01-01T00:00:00, RTC Initialization Failed - Using Default Time
2000-01-01T00:00:00, Setup Complete
2000-01-01T00:00:00, Data: 2000-01-01T00:00:00,3.73,25555,2580.00,2585.00,2582.50,-11.49,70.05,-12.43,885.44
2000-01-01T00:00:00, Add row to /TRACKING.csv
2000-01-01T00:00:00, Number of rows in /TRACKING.csv: 1
2000-01-01T00:00:00, Done loop ...
2000-01-01T00:00:00, ... powering down.
2000-01-01T00:00:00, RTC Initialization Failed - Using Default Time
2000-01-01T00:00:00, Setup Complete
2000-01-01T00:00:00, Data: 2000-01-01T00:00:00,3.73,25555,2578.00,2584.00,2581.50,-11.51,70.24,-12.17,885.56
2000-01-01T00:00:00, Add row to /TRACKING.csv
2000-01-01T00:00:00, Number of rows in /TRACKING.csv: 2
2000-01-01T00:00:00, Done loop ...
2000-01-01T00:00:00, ... powering down.
2000-01-01T00:00:00, RTC Initialization Failed - Using Default Time
2000-01-01T00:00:00, Setup Complete
2000-01-01T00:00:00, Data: 2000-01-01T00:00:00,3.73,25555,2578.00,2586.00,2584.00,-11.43,70.15,-11.95,885.60
2000-01-01T00:00:00, Add row to /TRACKING.csv
2000-01-01T00:00:00, Number of rows in /TRACKING.csv: 3
2000-01-01T00:00:00, Done loop ...
2000-01-01T00:00:00, ... powering down.
2000-01-01T00:00:00, RTC Initialization Failed - Using Default Time
2000-01-01T00:00:00, Setup Complete
2000-01-01T00:00:00, Data: 2000-01-01T00:00:00,3.73,25555,2582.00,2584.00,2583.50,-11.42,70.16,-11.89,885.77
2000-01-01T00:00:00, Add row to /TRACKING.csv
2000-01-01T00:00:00, Number of rows in /TRACKING.csv: 4
2000-01-01T00:00:00, Number of rows in /TRACKING.csv is >= 4
2000-01-01T00:00:00, Remove tracking
2000-01-01T00:00:00, Write to /TRANSMIT.csv: 2000-01-01T00:00:00,3.73,2582.00,-11.4,70
2000-01-01T00:00:00, Number of rows in /TRANSMIT.csv: 1
2000-01-01T00:00:00, Current hour = 0, Transmission hour = 0
2000-01-01T00:00:00, 0100004258-11470
2000-01-01T00:00:00,  - attempt to send message: 0100004258-11470
2000-01-01T00:00:00,  - Modem begin successful
2000-01-01T00:00:00,  - Sending...
2000-01-01T00:00:00,  - Send response: 
2000-01-01T00:00:00,   - Sync clocks... 
2000-01-01T00:00:00,  - Arduino Old Time: 2000-00-20T00:84:03
2000-01-01T00:00:00,  - Failed to set valid RTC time
2000-01-01T00:00:00, Message sent! Removing /TRANSMIT.csv
2000-01-01T00:00:00, Done loop ...
2000-01-01T00:00:00, ... powering down.
2000-01-01T00:00:00, RTC Initialization Failed - Using Default Time
2000-01-01T00:00:00, Setup Complete
2000-01-01T00:00:00, Data: 2000-01-01T00:00:00,3.73,25555,2581.00,2587.00,2583.00,-11.36,70.44,-11.74,885.77
2000-01-01T00:00:00, Add row to /TRACKING.csv
2000-01-01T00:00:00, Number of rows in /TRACKING.csv: 1
2000-01-01T00:00:00, Done loop ...
2000-01-01T00:00:00, ... powering down.
2000-01-01T00:00:00, RTC Initialization Failed - Using Default Time
2000-01-01T00:00:00, Setup Complete
2000-01-01T00:00:00, Data: 2000-01-01T00:00:00,3.73,25555,2581.00,2585.00,2584.00,-11.33,70.15,-11.66,885.79
2000-01-01T00:00:00, Add row to /TRACKING.csv
2000-01-01T00:00:00, Number of rows in /TRACKING.csv: 2
2000-01-01T00:00:00, Done loop ...
2000-01-01T00:00:00, ... powering down.
2000-01-01T00:00:00, RTC Initialization Failed - Using Default Time
2000-01-01T00:00:00, Setup Complete
2000-01-01T00:00:00, Data: 2000-01-01T00:00:00,3.73,25555,2580.00,2587.00,2583.00,-11.10,69.36,-11.53,885.66
2000-01-01T00:00:00, Add row to /TRACKING.csv
2000-01-01T00:00:00, Number of rows in /TRACKING.csv: 3
2000-01-01T00:00:00, Done loop ...
2000-01-01T00:00:00, ... powering down.
2000-01-01T00:00:00, RTC Initialization Failed - Using Default Time
2000-01-01T00:00:00, Setup Complete
2000-01-01T00:00:00, Data: 2000-01-01T00:00:00,3.73,25555,2580.00,2584.00,2582.50,-11.02,69.90,-11.43,885.79
2000-01-01T00:00:00, Add row to /TRACKING.csv
2000-01-01T00:00:00, Number of rows in /TRACKING.csv: 4
2000-01-01T00:00:00, Number of rows in /TRACKING.csv is >= 4
2000-01-01T00:00:00, Remove tracking
2000-01-01T00:00:00, Write to /TRANSMIT.csv: 2000-01-01T00:00:00,3.73,2580.00,-11.0,70
2000-01-01T00:00:00, Number of rows in /TRANSMIT.csv: 1
2000-01-01T00:00:00, Current hour = 0, Transmission hour = 0
2000-01-01T00:00:00, 0100004258-11070
2000-01-01T00:00:00,  - attempt to send message: 0100004258-11070
2000-01-01T00:00:00,  - Modem begin successful
2000-01-01T00:00:00,  - Sending...
2000-01-01T00:00:00,  - Send response: 
2000-01-01T00:00:00,   - Sync clocks... 
2000-01-01T00:00:00,  - Arduino Old Time: 2000-00-20T00:84:03
2000-01-01T00:00:00,  - Failed to set valid RTC time
2000-01-01T00:00:00, Message sent! Removing /TRANSMIT.csv
2000-01-01T00:00:00, Done loop ...
2000-01-01T00:00:00, ... powering down.
2000-01-01T00:00:00, RTC Initialization Failed - Using Default Time
2000-01-01T00:00:00, Setup Complete
2000-01-01T00:00:00, Data: 2000-01-01T00:00:00,3.73,25555,2581.00,2585.00,2583.50,-11.08,69.52,-11.35,886.04
2000-01-01T00:00:00, Add row to /TRACKING.csv
2000-01-01T00:00:00, Number of rows in /TRACKING.csv: 1
2000-01-01T00:00:00, Done loop ...
2000-01-01T00:00:00, ... powering down.
2000-01-01T00:00:00, RTC Initialization Failed - Using Default Time
2000-01-01T00:00:00, Setup Complete
2000-01-01T00:00:00, Data: 2000-01-01T00:00:00,3.73,25555,2585.00,2590.00,2587.00,-11.22,69.85,-11.29,885.89
2000-01-01T00:00:00, Add row to /TRACKING.csv
2000-01-01T00:00:00, Number of rows in /TRACKING.csv: 2
2000-01-01T00:00:00, Done loop ...
2000-01-01T00:00:00, ... powering down.
2000-01-01T00:00:00, RTC Initialization Failed - Using Default Time
2000-01-01T00:00:00, Setup Complete
2000-01-01T00:00:00, Data: 2000-01-01T00:00:00,3.73,25555,2580.00,2587.00,2583.50,-11.28,73.45,-11.40,885.86
2000-01-01T00:00:00, Add row to /TRACKING.csv
2000-01-01T00:00:00, Number of rows in /TRACKING.csv: 3
2000-01-01T00:00:00, Done loop ...
2000-01-01T00:00:00, ... powering down.
2000-01-01T00:00:00, RTC Initialization Failed - Using Default Time
2000-01-01T00:00:00, Setup Complete
2000-01-01T00:00:00, Data: 2000-01-01T00:00:00,3.73,25555,2582.00,2588.00,2584.00,-11.15,70.59,-11.41,885.93
2000-01-01T00:00:00, Add row to /TRACKING.csv
2000-01-01T00:00:00, Number of rows in /TRACKING.csv: 4
2000-01-01T00:00:00, Number of rows in /TRACKING.csv is >= 4
2000-01-01T00:00:00, Remove tracking
2000-01-01T00:00:00, Write to /TRANSMIT.csv: 2000-01-01T00:00:00,3.73,2582.00,-11.1,71
2000-01-01T00:00:00, Number of rows in /TRANSMIT.csv: 1
2000-01-01T00:00:00, Current hour = 0, Transmission hour = 0
2000-01-01T00:00:00, 0100004258-11171
2000-01-01T00:00:00,  - attempt to send message: 0100004258-11171
2000-01-01T00:00:00,  - Modem begin successful
2000-01-01T00:00:00,  - Sending...
2000-01-01T00:00:00,  - Send response: 
2000-01-01T00:00:00,   - Sync clocks... 
2000-01-01T00:00:00,  - Arduino Old Time: 2000-00-20T00:84:03
2000-01-01T00:00:00,  - Failed to set valid RTC time
2000-01-01T00:00:00, Message sent! Removing /TRANSMIT.csv
2000-01-01T00:00:00, Done loop ...
2000-01-01T00:00:00, ... powering down.
2000-01-01T00:00:00, RTC Initialization Failed - Using Default Time
2000-01-01T00:00:00, Setup Complete
2000-01-01T00:00:00, Data: 2000-01-01T00:00:00,3.73,25555,2582.00,2587.00,2585.00,-10.91,70.06,-11.25,885.89
2000-01-01T00:00:00, Add row to /TRACKING.csv
2000-01-01T00:00:00, Number of rows in /TRACKING.csv: 1
2000-01-01T00:00:00, Done loop ...
2000-01-01T00:00:00, ... powering down.
2000-01-01T00:00:00, RTC Initialization Failed - Using Default Time
2000-01-01T00:00:00, Setup Complete
2000-01-01T00:00:00, Data: 2000-01-01T00:00:00,3.73,25555,2581.00,2587.00,2585.00,-11.22,72.04,-11.29,885.91
2000-01-01T00:00:00, Add row to /TRACKING.csv
2000-01-01T00:00:00, Number of rows in /TRACKING.csv: 2
2000-01-01T00:00:00, Done loop ...
2000-01-01T00:00:00, ... powering down.
2000-01-01T00:00:00, RTC Initialization Failed - Using Default Time
2000-01-01T00:00:00, Setup Complete
2000-01-01T00:00:00, Data: 2000-01-01T00:00:00,3.73,25555,2581.00,2587.00,2583.00,-11.02,70.54,-11.29,885.82
2000-01-01T00:00:00, Add row to /TRACKING.csv
2000-01-01T00:00:00, Number of rows in /TRACKING.csv: 3
2000-01-01T00:00:00, Done loop ...
2000-01-01T00:00:00, ... powering down.
2000-01-01T00:00:00, RTC Initialization Failed - Using Default Time
2000-01-01T00:00:00, Setup Complete
2000-01-01T00:00:00, Data: 2000-01-01T00:00:00,3.73,25555,2582.00,2587.00,2585.00,-10.97,70.64,-11.25,885.67
2000-01-01T00:00:00, Add row to /TRACKING.csv
2000-01-01T00:00:00, Number of rows in /TRACKING.csv: 4
2000-01-01T00:00:00, Number of rows in /TRACKING.csv is >= 4
2000-01-01T00:00:00, Remove tracking
2000-01-01T00:00:00, Write to /TRANSMIT.csv: 2000-01-01T00:00:00,3.73,2582.00,-11.0,71
2000-01-01T00:00:00, Number of rows in /TRANSMIT.csv: 1
2000-01-01T00:00:00, Current hour = 0, Transmission hour = 0
2000-01-01T00:00:00, 0100004258-11071
2000-01-01T00:00:00,  - attempt to send message: 0100004258-11071
2000-01-01T00:00:00,  - Modem begin successful
2000-01-01T00:00:00,  - Sending...
2000-01-01T00:00:00,  - Send response: 
2000-01-01T00:00:00,   - Sync clocks... 
2000-01-01T00:00:00,  - Arduino Old Time: 2000-00-20T00:84:03
2000-01-01T00:00:00,  - Failed to set valid RTC time
2000-01-01T00:00:00, Message sent! Removing /TRANSMIT.csv
2000-01-01T00:00:00, Done loop ...
2000-01-01T00:00:00, ... powering down.
2000-01-01T00:00:00, RTC Initialization Failed - Using Default Time
2000-01-01T00:00:00, Setup Complete
2000-01-01T00:00:00, Data: 2000-01-01T00:00:00,3.73,25555,2580.00,2584.00,2582.00,-11.00,69.99,-11.21,885.64
2000-01-01T00:00:00, Add row to /TRACKING.csv
2000-01-01T00:00:00, Number of rows in /TRACKING.csv: 1
2000-01-01T00:00:00, Done loop ...
2000-01-01T00:00:00, ... powering down.
2000-01-01T00:00:00, RTC Initialization Failed - Using Default Time
2000-01-01T00:00:00, Setup Complete
2000-01-01T00:00:00, Data: 2000-01-01T00:00:00,3.73,25555,2582.00,2587.00,2584.00,-10.73,70.26,-11.05,885.58
2000-01-01T00:00:00, Add row to /TRACKING.csv
2000-01-01T00:00:00, Number of rows in /TRACKING.csv: 2
2000-01-01T00:00:00, Done loop ...
2000-01-01T00:00:00, ... powering down.
2000-01-01T00:00:00, RTC Initialization Failed - Using Default Time
2000-01-01T00:00:00, Setup Complete
2000-01-01T00:00:00, Data: 2000-01-01T00:00:00,3.73,25555,2580.00,2585.00,2582.00,-10.78,70.15,-11.00,885.56
2000-01-01T00:00:00, Add row to /TRACKING.csv
2000-01-01T00:00:00, Number of rows in /TRACKING.csv: 3
2000-01-01T00:00:00, Done loop ...
2000-01-01T00:00:00, ... powering down.
2000-01-01T00:00:00, RTC Initialization Failed - Using Default Time
2000-01-01T00:00:00, Setup Complete
2000-01-01T00:00:00, Data: 2000-01-01T00:00:00,3.73,25555,2581.00,2585.00,2583.00,-10.78,71.89,-10.98,885.61
2000-01-01T00:00:00, Add row to /TRACKING.csv
2000-01-01T00:00:00, Number of rows in /TRACKING.csv: 4
2000-01-01T00:00:00, Number of rows in /TRACKING.csv is >= 4
2000-01-01T00:00:00, Remove tracking
2000-01-01T00:00:00, Write to /TRANSMIT.csv: 2000-01-01T00:00:00,3.73,2581.00,-10.8,72
2000-01-01T00:00:00, Number of rows in /TRANSMIT.csv: 1
2000-01-01T00:00:00, Current hour = 0, Transmission hour = 0
2000-01-01T00:00:00, 0100004258-10872
2000-01-01T00:00:00,  - attempt to send message: 0100004258-10872
2000-01-01T00:00:00,  - Modem begin successful
2000-01-01T00:00:00,  - Sending...
2000-01-01T00:00:00,  - Send response: 
2000-01-01T00:00:00,   - Sync clocks... 
2000-01-01T00:00:00,  - Arduino Old Time: 2000-00-20T00:84:03
2000-01-01T00:00:00,  - Failed to set valid RTC time
2000-01-01T00:00:00, Message sent! Removing /TRANSMIT.csv
2000-01-01T00:00:00, Done loop ...
2000-01-01T00:00:00, ... powering down.
2000-01-01T00:00:00, RTC Initialization Failed - Using Default Time
2000-01-01T00:00:00, Setup Complete
2000-01-01T00:00:00, Data: 2000-01-01T00:00:00,3.73,25555,2582.00,2585.00,2584.00,-10.75,72.74,-10.97,885.47
2000-01-01T00:00:00, Add row to /TRACKING.csv
2000-01-01T00:00:00, Number of rows in /TRACKING.csv: 1
2000-01-01T00:00:00, Done loop ...
2000-01-01T00:00:00, ... powering down.
2000-01-01T00:00:00, RTC Initialization Failed - Using Default Time
2000-01-01T00:00:00, Setup Complete
2000-01-01T00:00:00, Data: 2000-01-01T00:00:00,3.73,25555,2583.00,2587.00,2585.00,-10.68,74.71,-10.92,885.32
2000-01-01T00:00:00, Add row to /TRACKING.csv
2000-01-01T00:00:00, Number of rows in /TRACKING.csv: 2
2000-01-01T00:00:00, Done loop ...
2000-01-01T00:00:00, ... powering down.
2000-01-01T00:00:00, RTC Initialization Failed - Using Default Time
2000-01-01T00:00:00, Setup Complete
2000-01-01T00:00:00, Data: 2000-01-01T00:00:00,3.73,25555,2581.00,2586.00,2583.00,-10.77,77.11,-10.91,885.35
2000-01-01T00:00:00, Add row to /TRACKING.csv
2000-01-01T00:00:00, Number of rows in /TRACKING.csv: 3
2000-01-01T00:00:00, Done loop ...
2000-01-01T00:00:00, ... powering down.
2000-01-01T00:00:00, RTC Initialization Failed - Using Default Time
2000-01-01T00:00:00, Setup Complete
2000-01-01T00:00:00, Data: 2000-01-01T00:00:00,3.73,25555,2580.00,2585.00,2583.00,-10.57,78.74,-10.84,885.17
2000-01-01T00:00:00, Add row to /TRACKING.csv
2000-01-01T00:00:00, Number of rows in /TRACKING.csv: 4
2000-01-01T00:00:00, Number of rows in /TRACKING.csv is >= 4
2000-01-01T00:00:00, Remove tracking
2000-01-01T00:00:00, Write to /TRANSMIT.csv: 2000-01-01T00:00:00,3.73,2580.00,-10.6,79
2000-01-01T00:00:00, Number of rows in /TRANSMIT.csv: 1
2000-01-01T00:00:00, Current hour = 0, Transmission hour = 0
2000-01-01T00:00:00, 0100004258-10679
2000-01-01T00:00:00,  - attempt to send message: 0100004258-10679
2000-01-01T00:00:00,  - Modem begin successful
2000-01-01T00:00:00,  - Sending...
2000-01-01T00:00:00,  - Send response: 
2000-01-01T00:00:00,   - Sync clocks... 
2000-01-01T00:00:00,  - Arduino Old Time: 2000-00-20T00:84:03
2000-01-01T00:00:00,  - Failed to set valid RTC time
2000-01-01T00:00:00, Message sent! Removing /TRANSMIT.csv
2000-01-01T00:00:00, Done loop ...
2000-01-01T00:00:00, ... powering down.
2000-01-01T00:00:00, RTC Initialization Failed - Using Default Time
2000-01-01T00:00:00, Setup Complete
2000-01-01T00:00:00, Data: 2000-01-01T00:00:00,3.73,25555,2583.00,2587.00,2585.50,-10.53,79.75,-10.73,885.05
2000-01-01T00:00:00, Add row to /TRACKING.csv
2000-01-01T00:00:00, Number of rows in /TRACKING.csv: 1
2000-01-01T00:00:00, Done loop ...
2000-01-01T00:00:00, ... powering down.
2000-01-01T00:00:00, RTC Initialization Failed - Using Default Time
2000-01-01T00:00:00, Setup Complete
2000-01-01T00:00:00, Data: 2000-01-01T00:00:00,3.73,25555,2580.00,2585.00,2583.00,-10.50,82.13,-10.72,884.99
2000-01-01T00:00:00, Add row to /TRACKING.csv
2000-01-01T00:00:00, Number of rows in /TRACKING.csv: 2
2000-01-01T00:00:00, Done loop ...
2000-01-01T00:00:00, ... powering down.
2000-01-01T00:00:00, RTC Initialization Failed - Using Default Time
2000-01-01T00:00:00, Setup Complete
2000-01-01T00:00:00, Data: 2000-01-01T00:00:00,3.73,25555,2581.00,2584.00,2583.00,-10.60,84.57,-10.72,884.93
2000-01-01T00:00:00, Add row to /TRACKING.csv
2000-01-01T00:00:00, Number of rows in /TRACKING.csv: 3
2000-01-01T00:00:00, Done loop ...
2000-01-01T00:00:00, ... powering down.
2000-01-01T00:00:00, RTC Initialization Failed - Using Default Time
2000-01-01T00:00:00, Setup Complete
2000-01-01T00:00:00, Data: 2000-01-01T00:00:00,3.73,25555,2581.00,2586.00,2583.00,-10.54,87.46,-10.70,884.61
2000-01-01T00:00:00, Add row to /TRACKING.csv
2000-01-01T00:00:00, Number of rows in /TRACKING.csv: 4
2000-01-01T00:00:00, Number of rows in /TRACKING.csv is >= 4
2000-01-01T00:00:00, Remove tracking
2000-01-01T00:00:00, Write to /TRANSMIT.csv: 2000-01-01T00:00:00,3.73,2581.00,-10.5,87
2000-01-01T00:00:00, Number of rows in /TRANSMIT.csv: 1
2000-01-01T00:00:00, Current hour = 0, Transmission hour = 0
2000-01-01T00:00:00, 0100004258-10587
2000-01-01T00:00:00,  - attempt to send message: 0100004258-10587
2000-01-01T00:00:00,  - Modem begin successful
2000-01-01T00:00:00,  - Sending...
2000-01-01T00:00:00,  - Send response: 
2000-01-01T00:00:00,   - Sync clocks... 
2000-01-01T00:00:00,  - Arduino Old Time: 2000-00-20T00:84:03
2000-01-01T00:00:00,  - Failed to set valid RTC time
2000-01-01T00:00:00, Message sent! Removing /TRANSMIT.csv
2000-01-01T00:00:00, Done loop ...
2000-01-01T00:00:00, ... powering down.
2000-01-01T00:00:00, RTC Initialization Failed - Using Default Time
2000-01-01T00:00:00, Setup Complete
2000-01-01T00:00:00, Data: 2000-01-01T00:00:00,3.73,25555,2584.00,2588.00,2585.50,-10.37,87.79,-10.61,884.51
2000-01-01T00:00:00, Add row to /TRACKING.csv
2000-01-01T00:00:00, Number of rows in /TRACKING.csv: 1
2000-01-01T00:00:00, Done loop ...
2000-01-01T00:00:00, ... powering down.
2000-01-01T00:00:00, RTC Initialization Failed - Using Default Time
2000-01-01T00:00:00, Setup Complete
2000-01-01T00:00:00, Data: 2000-01-01T00:00:00,3.73,25555,2584.00,2588.00,2586.00,-10.50,87.19,-10.55,884.47
2000-01-01T00:00:00, Add row to /TRACKING.csv
2000-01-01T00:00:00, Number of rows in /TRACKING.csv: 2
2000-01-01T00:00:00, Done loop ...
2000-01-01T00:00:00, ... powering down.
2000-01-01T00:00:00, RTC Initialization Failed - Using Default Time
2000-01-01T00:00:00, Setup Complete
2000-01-01T00:00:00, Data: 2000-01-01T00:00:00,3.73,25555,2583.00,2586.00,2584.00,-10.74,87.88,-10.66,884.42
2000-01-01T00:00:00, Add row to /TRACKING.csv
2000-01-01T00:00:00, Number of rows in /TRACKING.csv: 3
2000-01-01T00:00:00, Done loop ...
2000-01-01T00:00:00, ... powering down.
2000-01-01T00:00:00, RTC Initialization Failed - Using Default Time
2000-01-01T00:00:00, Setup Complete
2000-01-01T00:00:00, Data: 2000-01-01T00:00:00,3.73,25555,2583.00,2586.00,2584.00,-10.66,88.58,-10.68,884.35
2000-01-01T00:00:00, Add row to /TRACKING.csv
2000-01-01T00:00:00, Number of rows in /TRACKING.csv: 4
2000-01-01T00:00:00, Number of rows in /TRACKING.csv is >= 4
2000-01-01T00:00:00, Remove tracking
2000-01-01T00:00:00, Write to /TRANSMIT.csv: 2000-01-01T00:00:00,3.73,2583.00,-10.7,89
2000-01-01T00:00:00, Number of rows in /TRANSMIT.csv: 1
2000-01-01T00:00:00, Current hour = 0, Transmission hour = 0
2000-01-01T00:00:00, 0100004258-10789
2000-01-01T00:00:00,  - attempt to send message: 0100004258-10789
2000-01-01T00:00:00,  - Modem begin successful
2000-01-01T00:00:00,  - Sending...
2000-01-01T00:00:00,  - Send response: 
2000-01-01T00:00:00,   - Sync clocks... 
2000-01-01T00:00:00,  - Arduino Old Time: 2000-00-20T00:84:03
2000-01-01T00:00:00,  - Failed to set valid RTC time
2000-01-01T00:00:00, Message sent! Removing /TRANSMIT.csv
2000-01-01T00:00:00, Done loop ...
2000-01-01T00:00:00, ... powering down.
2000-01-01T00:00:00, RTC Initialization Failed - Using Default Time
2000-01-01T00:00:00, Setup Complete
2000-01-01T00:00:00, Data: 2000-01-01T00:00:00,3.73,25555,2583.00,2587.00,2584.00,-10.49,88.65,-10.57,884.24
2000-01-01T00:00:00, Add row to /TRACKING.csv
2000-01-01T00:00:00, Number of rows in /TRACKING.csv: 1
2000-01-01T00:00:00, Done loop ...
2000-01-01T00:00:00, ... powering down.
2000-01-01T00:00:00, RTC Initialization Failed - Using Default Time
2000-01-01T00:00:00, Setup Complete
2000-01-01T00:00:00, Data: 2000-01-01T00:00:00,3.73,25555,2583.00,2586.00,2584.00,-10.42,87.44,-10.36,884.29
2000-01-01T00:00:00, Add row to /TRACKING.csv
2000-01-01T00:00:00, Number of rows in /TRACKING.csv: 2
2000-01-01T00:00:00, Done loop ...
2000-01-01T00:00:00, ... powering down.
2000-01-01T00:00:00, RTC Initialization Failed - Using Default Time
2000-01-01T00:00:00, Setup Complete
2000-01-01T00:00:00, Data: 2000-01-01T00:00:00,3.73,25555,2584.00,2590.00,2587.00,-10.16,85.40,-9.89,884.24
2000-01-01T00:00:00, Add row to /TRACKING.csv
2000-01-01T00:00:00, Number of rows in /TRACKING.csv: 3
2000-01-01T00:00:00, Done loop ...
2000-01-01T00:00:00, ... powering down.
2000-01-01T00:00:00, RTC Initialization Failed - Using Default Time
2000-01-01T00:00:00, Setup Complete
2000-01-01T00:00:00, Data: 2000-01-01T00:00:00,3.74,25555,2587.00,2590.00,2589.00,-10.14,83.86,-9.38,884.08
2000-01-01T00:00:00, Add row to /TRACKING.csv
2000-01-01T00:00:00, Number of rows in /TRACKING.csv: 4
2000-01-01T00:00:00, Number of rows in /TRACKING.csv is >= 4
2000-01-01T00:00:00, Remove tracking
2000-01-01T00:00:00, Write to /TRANSMIT.csv: 2000-01-01T00:00:00,3.74,2587.00,-10.1,84
2000-01-01T00:00:00, Number of rows in /TRANSMIT.csv: 1
2000-01-01T00:00:00, Current hour = 0, Transmission hour = 0
2000-01-01T00:00:00, 0100004259-10184
2000-01-01T00:00:00,  - attempt to send message: 0100004259-10184
2000-01-01T00:00:00,  - Modem begin successful
2000-01-01T00:00:00,  - Sending...
2000-01-01T00:00:00,  - Send response: 
2000-01-01T00:00:00,   - Sync clocks... 
2000-01-01T00:00:00,  - Arduino Old Time: 2000-00-20T00:84:03
2000-01-01T00:00:00,  - Failed to set valid RTC time
2000-01-01T00:00:00, Message sent! Removing /TRANSMIT.csv
2000-01-01T00:00:00, Done loop ...
2000-01-01T00:00:00, ... powering down.
2000-01-01T00:00:00, RTC Initialization Failed - Using Default Time
2000-01-01T00:00:00, Setup Complete
2000-01-01T00:00:00, Data: 2000-01-01T00:00:00,3.75,25555,2588.00,2594.00,2590.50,-10.16,82.73,-8.84,884.22
2000-01-01T00:00:00, Add row to /TRACKING.csv
2000-01-01T00:00:00, Number of rows in /TRACKING.csv: 1
2000-01-01T00:00:00, Done loop ...
2000-01-01T00:00:00, ... powering down.
2000-01-01T00:00:00, RTC Initialization Failed - Using Default Time
2000-01-01T00:00:00, Setup Complete
2000-01-01T00:00:00, Data: 2000-01-01T00:00:00,3.76,25555,2587.00,2591.00,2588.00,-10.25,82.66,-8.49,884.15
2000-01-01T00:00:00, Add row to /TRACKING.csv
2000-01-01T00:00:00, Number of rows in /TRACKING.csv: 2
2000-01-01T00:00:00, Done loop ...
2000-01-01T00:00:00, ... powering down.
2000-01-01T00:00:00, RTC Initialization Failed - Using Default Time
2000-01-01T00:00:00, Setup Complete
2000-01-01T00:00:00, Data: 2000-01-01T00:00:00,3.76,25555,2589.00,2595.00,2591.50,-9.70,79.60,-7.83,884.11
2000-01-01T00:00:00, Add row to /TRACKING.csv
2000-01-01T00:00:00, Number of rows in /TRACKING.csv: 3
2000-01-01T00:00:00, Done loop ...
2000-01-01T00:00:00, ... powering down.
2000-01-01T00:00:00, RTC Initialization Failed - Using Default Time
2000-01-01T00:00:00, Setup Complete
2000-01-01T00:00:00, Data: 2000-01-01T00:00:00,3.80,25555,2588.00,2597.00,2591.00,-9.97,78.74,-7.21,884.13
2000-01-01T00:00:00, Add row to /TRACKING.csv
2000-01-01T00:00:00, Number of rows in /TRACKING.csv: 4
2000-01-01T00:00:00, Number of rows in /TRACKING.csv is >= 4
2000-01-01T00:00:00, Remove tracking
2000-01-01T00:00:00, Write to /TRANSMIT.csv: 2000-01-01T00:00:00,3.80,2588.00,-10.0,79
2000-01-01T00:00:00, Number of rows in /TRANSMIT.csv: 1
2000-01-01T00:00:00, Current hour = 0, Transmission hour = 0
2000-01-01T00:00:00, 0100004259-10079
2000-01-01T00:00:00,  - attempt to send message: 0100004259-10079
2000-01-01T00:00:00,  - Modem begin successful
2000-01-01T00:00:00,  - Sending...
2000-01-01T00:00:00,  - Send response: 
2000-01-01T00:00:00,   - Sync clocks... 
2000-01-01T00:00:00,  - Arduino Old Time: 2000-00-20T00:84:03
2000-01-01T00:00:00,  - Failed to set valid RTC time
2000-01-01T00:00:00, Message sent! Removing /TRANSMIT.csv
2000-01-01T00:00:00, Done loop ...
2000-01-01T00:00:00, ... powering down.
2000-01-01T00:00:00, RTC Initialization Failed - Using Default Time
2000-01-01T00:00:00, Setup Complete
2000-01-01T00:00:00, Data: 2000-01-01T00:00:00,3.86,25555,2594.00,2601.00,2597.00,-9.46,76.35,-6.25,884.47
2000-01-01T00:00:00, Add row to /TRACKING.csv
2000-01-01T00:00:00, Number of rows in /TRACKING.csv: 1
2000-01-01T00:00:00, Done loop ...
2000-01-01T00:00:00, ... powering down.
2000-01-01T00:00:00, RTC Initialization Failed - Using Default Time
2000-01-01T00:00:00, Setup Complete
2000-01-01T00:00:00, Data: 2000-01-01T00:00:00,3.87,25555,2594.00,2600.00,2598.50,-9.16,76.20,-5.12,884.57
2000-01-01T00:00:00, Add row to /TRACKING.csv
2000-01-01T00:00:00, Number of rows in /TRACKING.csv: 2
2000-01-01T00:00:00, Done loop ...
2000-01-01T00:00:00, ... powering down.
2000-01-01T00:00:00, RTC Initialization Failed - Using Default Time
2000-01-01T00:00:00, Setup Complete
2000-01-01T00:00:00, Data: 2000-01-01T00:00:00,3.87,25555,2600.00,2603.00,2601.00,-8.97,73.15,-3.94,884.26
2000-01-01T00:00:00, Add row to /TRACKING.csv
2000-01-01T00:00:00, Number of rows in /TRACKING.csv: 3
2000-01-01T00:00:00, Done loop ...
2000-01-01T00:00:00, ... powering down.
2000-01-01T00:00:00, RTC Initialization Failed - Using Default Time
2000-01-01T00:00:00, Setup Complete
2000-01-01T00:00:00, Data: 2000-01-01T00:00:00,3.86,25555,2596.00,2602.00,2599.00,-9.26,74.12,-4.43,884.20
2000-01-01T00:00:00, Add row to /TRACKING.csv
2000-01-01T00:00:00, Number of rows in /TRACKING.csv: 4
2000-01-01T00:00:00, Number of rows in /TRACKING.csv is >= 4
2000-01-01T00:00:00, Remove tracking
2000-01-01T00:00:00, Write to /TRANSMIT.csv: 2000-01-01T00:00:00,3.86,2596.00,-9.3,74
2000-01-01T00:00:00, Number of rows in /TRANSMIT.csv: 1
2000-01-01T00:00:00, Current hour = 0, Transmission hour = 0
2000-01-01T00:00:00, 0100005260-09374
2000-01-01T00:00:00,  - attempt to send message: 0100005260-09374
2000-01-01T00:00:00,  - Modem begin successful
2000-01-01T00:00:00,  - Sending...
2000-01-01T00:00:00,  - Send response: 
2000-01-01T00:00:00,   - Sync clocks... 
2000-01-01T00:00:00,  - Arduino Old Time: 2000-00-20T00:84:03
2000-01-01T00:00:00,  - Failed to set valid RTC time
2000-01-01T00:00:00, Message sent! Removing /TRANSMIT.csv
2000-01-01T00:00:00, Done loop ...
2000-01-01T00:00:00, ... powering down.
2000-01-01T00:00:00, RTC Initialization Failed - Using Default Time
2000-01-01T00:00:00, Setup Complete
2000-01-01T00:00:00, Data: 2000-01-01T00:00:00,3.84,25555,2593.00,2600.00,2596.00,-9.16,74.65,-4.77,884.12
2000-01-01T00:00:00, Add row to /TRACKING.csv
2000-01-01T00:00:00, Number of rows in /TRACKING.csv: 1
2000-01-01T00:00:00, Done loop ...
2000-01-01T00:00:00, ... powering down.
2000-01-01T00:00:00, RTC Initialization Failed - Using Default Time
2000-01-01T00:00:00, Setup Complete
2000-01-01T00:00:00, Data: 2000-01-01T00:00:00,3.82,25555,2587.00,2595.00,2593.50,-10.07,76.85,-5.79,883.64
2000-01-01T00:00:00, Add row to /TRACKING.csv
2000-01-01T00:00:00, Number of rows in /TRACKING.csv: 2
2000-01-01T00:00:00, Done loop ...
2000-01-01T00:00:00, ... powering down.
2000-01-01T00:00:00, RTC Initialization Failed - Using Default Time
2000-01-01T00:00:00, Setup Complete
2000-01-01T00:00:00, Data: 2000-01-01T00:00:00,3.83,25555,2588.00,2593.00,2591.00,-9.60,75.43,-6.43,883.97
2000-01-01T00:00:00, Add row to /TRACKING.csv
2000-01-01T00:00:00, Number of rows in /TRACKING.csv: 3
2000-01-01T00:00:00, Done loop ...
2000-01-01T00:00:00, ... powering down.
2000-01-01T00:00:00, RTC Initialization Failed - Using Default Time
2000-01-01T00:00:00, Setup Complete
2000-01-01T00:00:00, Data: 2000-01-01T00:00:00,3.85,25555,2589.00,2597.00,2592.00,-9.81,75.91,-6.14,883.76
2000-01-01T00:00:00, Add row to /TRACKING.csv
2000-01-01T00:00:00, Number of rows in /TRACKING.csv: 4
2000-01-01T00:00:00, Number of rows in /TRACKING.csv is >= 4
2000-01-01T00:00:00, Remove tracking
2000-01-01T00:00:00, Write to /TRANSMIT.csv: 2000-01-01T00:00:00,3.85,2589.00,-9.8,76
2000-01-01T00:00:00, Number of rows in /TRANSMIT.csv: 1
2000-01-01T00:00:00, Current hour = 0, Transmission hour = 0
2000-01-01T00:00:00, 0100005259-09876
2000-01-01T00:00:00,  - attempt to send message: 0100005259-09876
2000-01-01T00:00:00,  - Modem begin successful
2000-01-01T00:00:00,  - Sending...
2000-01-01T00:00:00,  - Send response: 
2000-01-01T00:00:00,   - Sync clocks... 
2000-01-01T00:00:00,  - Arduino Old Time: 2000-00-20T00:84:03
2000-01-01T00:00:00,  - Failed to set valid RTC time
2000-01-01T00:00:00, Message sent! Removing /TRANSMIT.csv
2000-01-01T00:00:00, Done loop ...
2000-01-01T00:00:00, ... powering down.
2000-01-01T00:00:00, RTC Initialization Failed - Using Default Time
2000-01-01T00:00:00, Setup Complete
2000-01-01T00:00:00, Data: 2000-01-01T00:00:00,3.86,25555,2591.00,2598.00,2593.50,-9.46,73.60,-5.45,883.55
2000-01-01T00:00:00, Add row to /TRACKING.csv
2000-01-01T00:00:00, Number of rows in /TRACKING.csv: 1
2000-01-01T00:00:00, Done loop ...
2000-01-01T00:00:00, ... powering down.
2000-01-01T00:00:00, RTC Initialization Failed - Using Default Time
2000-01-01T00:00:00, Setup Complete
2000-01-01T00:00:00, Data: 2000-01-01T00:00:00,3.87,25555,2591.00,2600.00,2598.00,-9.49,72.63,-5.14,883.34
2000-01-01T00:00:00, Add row to /TRACKING.csv
2000-01-01T00:00:00, Number of rows in /TRACKING.csv: 2
2000-01-01T00:00:00, Done loop ...
2000-01-01T00:00:00, ... powering down.
2000-01-01T00:00:00, RTC Initialization Failed - Using Default Time
2000-01-01T00:00:00, Setup Complete
2000-01-01T00:00:00, Data: 2000-01-01T00:00:00,3.88,25555,2590.00,2597.00,2595.00,-9.08,72.03,-4.51,883.32
2000-01-01T00:00:00, Add row to /TRACKING.csv
2000-01-01T00:00:00, Number of rows in /TRACKING.csv: 3
2000-01-01T00:00:00, Done loop ...
2000-01-01T00:00:00, ... powering down.
2000-01-01T00:00:00, RTC Initialization Failed - Using Default Time
2000-01-01T00:00:00, Setup Complete
2000-01-01T00:00:00, Data: 2000-01-01T00:00:00,3.94,25555,2588.00,2605.00,2601.50,-8.79,70.31,-3.24,882.78
2000-01-01T00:00:00, Add row to /TRACKING.csv
2000-01-01T00:00:00, Number of rows in /TRACKING.csv: 4
2000-01-01T00:00:00, Number of rows in /TRACKING.csv is >= 4
2000-01-01T00:00:00, Remove tracking
2000-01-01T00:00:00, Write to /TRANSMIT.csv: 2000-01-01T00:00:00,3.94,2588.00,-8.8,70
2000-01-01T00:00:00, Number of rows in /TRANSMIT.csv: 1
2000-01-01T00:00:00, Current hour = 0, Transmission hour = 0
2000-01-01T00:00:00, 0100006259-08870
2000-01-01T00:00:00,  - attempt to send message: 0100006259-08870
2000-01-01T00:00:00,  - Modem begin successful
2000-01-01T00:00:00,  - Sending...
2000-01-01T00:00:00,  - Send response: 
2000-01-01T00:00:00,   - Sync clocks... 
2000-01-01T00:00:00,  - Arduino Old Time: 2000-00-20T00:84:03
2000-01-01T00:00:00,  - Failed to set valid RTC time
2000-01-01T00:00:00, Message sent! Removing /TRANSMIT.csv
2000-01-01T00:00:00, Done loop ...
2000-01-01T00:00:00, ... powering down.
2000-01-01T00:00:00, RTC Initialization Failed - Using Default Time
2000-01-01T00:00:00, Setup Complete
2000-01-01T00:00:00, Data: 2000-01-01T00:00:00,3.87,25555,2596.00,2600.00,2598.00,-9.09,71.22,-3.70,882.81
2000-01-01T00:00:00, Add row to /TRACKING.csv
2000-01-01T00:00:00, Number of rows in /TRACKING.csv: 1
2000-01-01T00:00:00, Done loop ...
2000-01-01T00:00:00, ... powering down.
2000-01-01T00:00:00, RTC Initialization Failed - Using Default Time
2000-01-01T00:00:00, Setup Complete
2000-01-01T00:00:00, Data: 2000-01-01T00:00:00,3.96,25555,2597.00,2606.00,2601.50,-8.85,71.50,-3.18,882.39
2000-01-01T00:00:00, Add row to /TRACKING.csv
2000-01-01T00:00:00, Number of rows in /TRACKING.csv: 2
2000-01-01T00:00:00, Done loop ...
2000-01-01T00:00:00, ... powering down.
2000-01-01T00:00:00, RTC Initialization Failed - Using Default Time
2000-01-01T00:00:00, Setup Complete
2000-01-01T00:00:00, Data: 2000-01-01T00:00:00,3.87,25555,2596.00,2601.00,2598.50,-8.90,72.49,-3.41,882.35
2000-01-01T00:00:00, Add row to /TRACKING.csv
2000-01-01T00:00:00, Number of rows in /TRACKING.csv: 3
2000-01-01T00:00:00, Done loop ...
2000-01-01T00:00:00, ... powering down.
2000-01-01T00:00:00, RTC Initialization Failed - Using Default Time
2000-01-01T00:00:00, Setup Complete
2000-01-01T00:00:00, Data: 2000-01-01T00:00:00,3.83,25555,2583.00,2596.00,2593.50,-9.39,74.58,-5.21,882.10
2000-01-01T00:00:00, Add row to /TRACKING.csv
2000-01-01T00:00:00, Number of rows in /TRACKING.csv: 4
2000-01-01T00:00:00, Number of rows in /TRACKING.csv is >= 4
2000-01-01T00:00:00, Remove tracking
2000-01-01T00:00:00, Write to /TRANSMIT.csv: 2000-01-01T00:00:00,3.83,2583.00,-9.4,75
2000-01-01T00:00:00, Number of rows in /TRANSMIT.csv: 1
2000-01-01T00:00:00, Current hour = 0, Transmission hour = 0
2000-01-01T00:00:00, 0100005258-09475
2000-01-01T00:00:00,  - attempt to send message: 0100005258-09475
2000-01-01T00:00:00,  - Modem begin successful
2000-01-01T00:00:00,  - Sending...
2000-01-01T00:00:00,  - Send response: 
2000-01-01T00:00:00,   - Sync clocks... 
2000-01-01T00:00:00,  - Arduino Old Time: 2000-00-20T00:84:03
2000-01-01T00:00:00,  - Failed to set valid RTC time
2000-01-01T00:00:00, Message sent! Removing /TRANSMIT.csv
2000-01-01T00:00:00, Done loop ...
2000-01-01T00:00:00, ... powering down.
2000-01-01T00:00:00, RTC Initialization Failed - Using Default Time
2000-01-01T00:00:00, Setup Complete
2000-01-01T00:00:00, Data: 2000-01-01T00:00:00,3.82,25555,2557.00,2598.00,2592.50,-9.19,75.24,-5.84,882.05
2000-01-01T00:00:00, Add row to /TRACKING.csv
2000-01-01T00:00:00, Number of rows in /TRACKING.csv: 1
2000-01-01T00:00:00, Done loop ...
2000-01-01T00:00:00, ... powering down.
2000-01-01T00:00:00, RTC Initialization Failed - Using Default Time
2000-01-01T00:00:00, Setup Complete
2000-01-01T00:00:00, Data: 2000-01-01T00:00:00,3.77,25555,2587.00,2593.00,2591.00,-9.21,76.55,-6.33,881.90
2000-01-01T00:00:00, Add row to /TRACKING.csv
2000-01-01T00:00:00, Number of rows in /TRACKING.csv: 2
2000-01-01T00:00:00, Done loop ...
2000-01-01T00:00:00, ... powering down.
2000-01-01T00:00:00, RTC Initialization Failed - Using Default Time
2000-01-01T00:00:00, Setup Complete
2000-01-01T00:00:00, Data: 2000-01-01T00:00:00,3.77,25555,2587.00,2594.00,2591.50,-9.28,75.86,-6.67,881.68
2000-01-01T00:00:00, Add row to /TRACKING.csv
2000-01-01T00:00:00, Number of rows in /TRACKING.csv: 3
2000-01-01T00:00:00, Done loop ...
2000-01-01T00:00:00, ... powering down.
2000-01-01T00:00:00, RTC Initialization Failed - Using Default Time
2000-01-01T00:00:00, Setup Complete
2000-01-01T00:00:00, Data: 2000-01-01T00:00:00,3.76,25555,2584.00,2595.00,2590.50,-9.32,77.04,-6.97,881.47
2000-01-01T00:00:00, Add row to /TRACKING.csv
2000-01-01T00:00:00, Number of rows in /TRACKING.csv: 4
2000-01-01T00:00:00, Number of rows in /TRACKING.csv is >= 4
2000-01-01T00:00:00, Remove tracking
2000-01-01T00:00:00, Write to /TRANSMIT.csv: 2000-01-01T00:00:00,3.76,2584.00,-9.3,77
2000-01-01T00:00:00, Number of rows in /TRANSMIT.csv: 1
2000-01-01T00:00:00, Current hour = 0, Transmission hour = 0
2000-01-01T00:00:00, 0100004258-09377
2000-01-01T00:00:00,  - attempt to send message: 0100004258-09377
2000-01-01T00:00:00,  - Modem begin successful
2000-01-01T00:00:00,  - Sending...
2000-01-01T00:00:00,  - Send response: 
2000-01-01T00:00:00,   - Sync clocks... 
2000-01-01T00:00:00,  - Arduino Old Time: 2000-00-20T00:84:03
2000-01-01T00:00:00,  - Failed to set valid RTC time
2000-01-01T00:00:00, Message sent! Removing /TRANSMIT.csv
2000-01-01T00:00:00, Done loop ...
2000-01-01T00:00:00, ... powering down.
2000-01-01T00:00:00, RTC Initialization Failed - Using Default Time
2000-01-01T00:00:00, Setup Complete
2000-01-01T00:00:00, Data: 2000-01-01T00:00:00,3.76,25555,2583.00,2590.00,2587.50,-9.11,76.20,-7.32,881.54
2000-01-01T00:00:00, Add row to /TRACKING.csv
2000-01-01T00:00:00, Number of rows in /TRACKING.csv: 1
2000-01-01T00:00:00, Done loop ...
2000-01-01T00:00:00, ... powering down.
2000-01-01T00:00:00, RTC Initialization Failed - Using Default Time
2000-01-01T00:00:00, Setup Complete
2000-01-01T00:00:00, Data: 2000-01-01T00:00:00,3.77,25555,2578.00,2590.00,2585.00,-9.35,78.39,-7.87,881.39
2000-01-01T00:00:00, Add row to /TRACKING.csv
2000-01-01T00:00:00, Number of rows in /TRACKING.csv: 2
2000-01-01T00:00:00, Done loop ...
2000-01-01T00:00:00, ... powering down.
2000-01-01T00:00:00, RTC Initialization Failed - Using Default Time
2000-01-01T00:00:00, Setup Complete
2000-01-01T00:00:00, Data: 2000-01-01T00:00:00,3.76,25555,2583.00,2591.00,2587.50,-9.63,80.13,-8.31,881.16
2000-01-01T00:00:00, Add row to /TRACKING.csv
2000-01-01T00:00:00, Number of rows in /TRACKING.csv: 3
2000-01-01T00:00:00, Done loop ...
2000-01-01T00:00:00, ... powering down.
2000-01-01T00:00:00, RTC Initialization Failed - Using Default Time
2000-01-01T00:00:00, Setup Complete
2000-01-01T00:00:00, Data: 2000-01-01T00:00:00,3.76,25555,2585.00,2595.00,2591.00,-9.33,78.85,-8.56,881.00
2000-01-01T00:00:00, Add row to /TRACKING.csv
2000-01-01T00:00:00, Number of rows in /TRACKING.csv: 4
2000-01-01T00:00:00, Number of rows in /TRACKING.csv is >= 4
2000-01-01T00:00:00, Remove tracking
2000-01-01T00:00:00, Write to /TRANSMIT.csv: 2000-01-01T00:00:00,3.76,2585.00,-9.3,79
2000-01-01T00:00:00, Number of rows in /TRANSMIT.csv: 1
2000-01-01T00:00:00, Current hour = 0, Transmission hour = 0
2000-01-01T00:00:00, 0100004259-09379
2000-01-01T00:00:00,  - attempt to send message: 0100004259-09379
2000-01-01T00:00:00,  - Modem begin successful
2000-01-01T00:00:00,  - Sending...
2000-01-01T00:00:00,  - Send response: 
2000-01-01T00:00:00,   - Sync clocks... 
2000-01-01T00:00:00,  - Arduino Old Time: 2000-00-20T00:84:03
2000-01-01T00:00:00,  - Failed to set valid RTC time
2000-01-01T00:00:00, Message sent! Removing /TRANSMIT.csv
2000-01-01T00:00:00, Done loop ...
2000-01-01T00:00:00, ... powering down.
2000-01-01T00:00:00, RTC Initialization Failed - Using Default Time
2000-01-01T00:00:00, Setup Complete
2000-01-01T00:00:00, Data: 2000-01-01T00:00:00,3.76,25555,2583.00,2590.00,2586.00,-9.57,80.56,-8.83,880.76
2000-01-01T00:00:00, Add row to /TRACKING.csv
2000-01-01T00:00:00, Number of rows in /TRACKING.csv: 1
2000-01-01T00:00:00, Done loop ...
2000-01-01T00:00:00, ... powering down.
2000-01-01T00:00:00, RTC Initialization Failed - Using Default Time
2000-01-01T00:00:00, Setup Complete
2000-01-01T00:00:00, Data: 2000-01-01T00:00:00,3.76,25555,2581.00,2589.00,2587.00,-9.59,80.56,-9.12,880.53
2000-01-01T00:00:00, Add row to /TRACKING.csv
2000-01-01T00:00:00, Number of rows in /TRACKING.csv: 2
2000-01-01T00:00:00, Done loop ...
2000-01-01T00:00:00, ... powering down.
2000-01-01T00:00:00, RTC Initialization Failed - Using Default Time
2000-01-01T00:00:00, Setup Complete
2000-01-01T00:00:00, Data: 2000-01-01T00:00:00,3.76,25555,2583.00,2590.00,2585.50,-9.63,81.20,-9.36,880.28
2000-01-01T00:00:00, Add row to /TRACKING.csv
2000-01-01T00:00:00, Number of rows in /TRACKING.csv: 3
2000-01-01T00:00:00, Done loop ...
2000-01-01T00:00:00, ... powering down.
2000-01-01T00:00:00, RTC Initialization Failed - Using Default Time
2000-01-01T00:00:00, Setup Complete
2000-01-01T00:00:00, Data: 2000-01-01T00:00:00,3.75,25555,2580.00,2591.00,2586.50,-9.69,81.85,-9.61,880.39
2000-01-01T00:00:00, Add row to /TRACKING.csv
2000-01-01T00:00:00, Number of rows in /TRACKING.csv: 4
2000-01-01T00:00:00, Number of rows in /TRACKING.csv is >= 4
2000-01-01T00:00:00, Remove tracking
2000-01-01T00:00:00, Write to /TRANSMIT.csv: 2000-01-01T00:00:00,3.75,2580.00,-9.7,82
2000-01-01T00:00:00, Number of rows in /TRANSMIT.csv: 1
2000-01-01T00:00:00, Current hour = 0, Transmission hour = 0
2000-01-01T00:00:00, 0100004258-09782
2000-01-01T00:00:00,  - attempt to send message: 0100004258-09782
2000-01-01T00:00:00,  - Modem begin successful
2000-01-01T00:00:00,  - Sending...
2000-01-01T00:00:00,  - Send response: 
2000-01-01T00:00:00,   - Sync clocks... 
2000-01-01T00:00:00,  - Arduino Old Time: 2000-00-20T00:84:03
2000-01-01T00:00:00,  - Failed to set valid RTC time
2000-01-01T00:00:00, Message sent! Removing /TRANSMIT.csv
2000-01-01T00:00:00, Done loop ...
2000-01-01T00:00:00, ... powering down.
2000-01-01T00:00:00, RTC Initialization Failed - Using Default Time
2000-01-01T00:00:00, Setup Complete
2000-01-01T00:00:00, Data: 2000-01-01T00:00:00,3.75,25555,2572.00,2593.00,2588.50,-9.53,81.31,-9.65,880.43
2000-01-01T00:00:00, Add row to /TRACKING.csv
2000-01-01T00:00:00, Number of rows in /TRACKING.csv: 1
2000-01-01T00:00:00, Done loop ...
2000-01-01T00:00:00, ... powering down.
2000-01-01T00:00:00, RTC Initialization Failed - Using Default Time
2000-01-01T00:00:00, Setup Complete
2000-01-01T00:00:00, Data: 2000-01-01T00:00:00,3.75,25555,2563.00,2594.00,2577.00,-9.70,81.98,-9.74,880.20
2000-01-01T00:00:00, Add row to /TRACKING.csv
2000-01-01T00:00:00, Number of rows in /TRACKING.csv: 2
2000-01-01T00:00:00, Done loop ...
2000-01-01T00:00:00, ... powering down.
2000-01-01T00:00:00, RTC Initialization Failed - Using Default Time
2000-01-01T00:00:00, Setup Complete
2000-01-01T00:00:00, Data: 2000-01-01T00:00:00,3.76,25555,2583.00,2590.00,2587.00,-9.88,83.48,-9.84,880.09
2000-01-01T00:00:00, Add row to /TRACKING.csv
2000-01-01T00:00:00, Number of rows in /TRACKING.csv: 3
2000-01-01T00:00:00, Done loop ...
2000-01-01T00:00:00, ... powering down.
2000-01-01T00:00:00, RTC Initialization Failed - Using Default Time
2000-01-01T00:00:00, Setup Complete
2000-01-01T00:00:00, Data: 2000-01-01T00:00:00,3.75,25555,2554.00,2591.00,2587.50,-9.67,83.18,-9.85,879.99
2000-01-01T00:00:00, Add row to /TRACKING.csv
2000-01-01T00:00:00, Number of rows in /TRACKING.csv: 4
2000-01-01T00:00:00, Number of rows in /TRACKING.csv is >= 4
2000-01-01T00:00:00, Remove tracking
2000-01-01T00:00:00, Write to /TRANSMIT.csv: 2000-01-01T00:00:00,3.75,2554.00,-9.7,83
2000-01-01T00:00:00, Number of rows in /TRANSMIT.csv: 1
2000-01-01T00:00:00, Current hour = 0, Transmission hour = 0
2000-01-01T00:00:00, 0100004255-09783
2000-01-01T00:00:00,  - attempt to send message: 0100004255-09783
2000-01-01T00:00:00,  - Modem begin successful
2000-01-01T00:00:00,  - Sending...
2000-01-01T00:00:00,  - Send response: 
2000-01-01T00:00:00,   - Sync clocks... 
2000-01-01T00:00:00,  - Arduino Old Time: 2000-00-20T00:84:03
2000-01-01T00:00:00,  - Failed to set valid RTC time
2000-01-01T00:00:00, Message sent! Removing /TRANSMIT.csv
2000-01-01T00:00:00, Done loop ...
2000-01-01T00:00:00, ... powering down.
2000-01-01T00:00:00, RTC Initialization Failed - Using Default Time
2000-01-01T00:00:00, Setup Complete
2000-01-01T00:00:00, Data: 2000-01-01T00:00:00,3.75,25555,2581.00,2592.00,2587.00,-9.49,83.34,-9.73,880.00
2000-01-01T00:00:00, Add row to /TRACKING.csv
2000-01-01T00:00:00, Number of rows in /TRACKING.csv: 1
2000-01-01T00:00:00, Done loop ...
2000-01-01T00:00:00, ... powering down.
2000-01-01T00:00:00, RTC Initialization Failed - Using Default Time
2000-01-01T00:00:00, Setup Complete
2000-01-01T00:00:00, Data: 2000-01-01T00:00:00,3.75,25555,2584.00,2588.00,2585.50,-9.67,83.27,-9.76,879.89
2000-01-01T00:00:00, Add row to /TRACKING.csv
2000-01-01T00:00:00, Number of rows in /TRACKING.csv: 2
2000-01-01T00:00:00, Done loop ...
2000-01-01T00:00:00, ... powering down.
2000-01-01T00:00:00, RTC Initialization Failed - Using Default Time
2000-01-01T00:00:00, Setup Complete
2000-01-01T00:00:00, Data: 2000-01-01T00:00:00,3.75,25555,2584.00,2590.00,2586.50,-9.71,83.56,-9.85,879.65
2000-01-01T00:00:00, Add row to /TRACKING.csv
2000-01-01T00:00:00, Number of rows in /TRACKING.csv: 3
2000-01-01T00:00:00, Done loop ...
2000-01-01T00:00:00, ... powering down.
2000-01-01T00:00:00, RTC Initialization Failed - Using Default Time
2000-01-01T00:00:00, Setup Complete
2000-01-01T00:00:00, Data: 2000-01-01T00:00:00,3.74,25555,2544.00,2596.00,2588.00,-9.84,84.46,-9.87,879.43
2000-01-01T00:00:00, Add row to /TRACKING.csv
2000-01-01T00:00:00, Number of rows in /TRACKING.csv: 4
2000-01-01T00:00:00, Number of rows in /TRACKING.csv is >= 4
2000-01-01T00:00:00, Remove tracking
2000-01-01T00:00:00, Write to /TRANSMIT.csv: 2000-01-01T00:00:00,3.74,2544.00,-9.8,84
2000-01-01T00:00:00, Number of rows in /TRANSMIT.csv: 1
2000-01-01T00:00:00, Current hour = 0, Transmission hour = 0
2000-01-01T00:00:00, 0100004254-09884
2000-01-01T00:00:00,  - attempt to send message: 0100004254-09884
2000-01-01T00:00:00,  - Modem begin successful
2000-01-01T00:00:00,  - Sending...
2000-01-01T00:00:00,  - Send response: 
2000-01-01T00:00:00,   - Sync clocks... 
2000-01-01T00:00:00,  - Arduino Old Time: 2000-00-20T00:84:03
2000-01-01T00:00:00,  - Failed to set valid RTC time
2000-01-01T00:00:00, Message sent! Removing /TRANSMIT.csv
2000-01-01T00:00:00, Done loop ...
2000-01-01T00:00:00, ... powering down.
2000-01-01T00:00:00, RTC Initialization Failed - Using Default Time
2000-01-01T00:00:00, Setup Complete
2000-01-01T00:00:00, Data: 2000-01-01T00:00:00,3.75,25555,2552.00,2566.00,2559.50,-9.64,84.16,-9.85,879.53
2000-01-01T00:00:00, Add row to /TRACKING.csv
2000-01-01T00:00:00, Number of rows in /TRACKING.csv: 1
2000-01-01T00:00:00, Done loop ...
2000-01-01T00:00:00, ... powering down.
2000-01-01T00:00:00, RTC Initialization Failed - Using Default Time
2000-01-01T00:00:00, Setup Complete
2000-01-01T00:00:00, Data: 2000-01-01T00:00:00,3.74,25555,2532.00,2613.00,2602.50,-9.60,83.91,-9.80,879.34
2000-01-01T00:00:00, Add row to /TRACKING.csv
2000-01-01T00:00:00, Number of rows in /TRACKING.csv: 2
2000-01-01T00:00:00, Done loop ...
2000-01-01T00:00:00, ... powering down.
2000-01-01T00:00:00, RTC Initialization Failed - Using Default Time
2000-01-01T00:00:00, Setup Complete
2000-01-01T00:00:00, Data: 2000-01-01T00:00:00,3.74,25555,2610.00,2619.00,2615.00,-9.44,83.77,-9.70,879.33
2000-01-01T00:00:00, Add row to /TRACKING.csv
2000-01-01T00:00:00, Number of rows in /TRACKING.csv: 3
2000-01-01T00:00:00, Done loop ...
2000-01-01T00:00:00, ... powering down.
2000-01-01T00:00:00, RTC Initialization Failed - Using Default Time
2000-01-01T00:00:00, Setup Complete
2000-01-01T00:00:00, Data: 2000-01-01T00:00:00,3.75,25555,2561.00,2630.00,2596.50,-9.61,83.55,-9.69,879.19
2000-01-01T00:00:00, Add row to /TRACKING.csv
2000-01-01T00:00:00, Number of rows in /TRACKING.csv: 4
2000-01-01T00:00:00, Number of rows in /TRACKING.csv is >= 4
2000-01-01T00:00:00, Remove tracking
2000-01-01T00:00:00, Write to /TRANSMIT.csv: 2000-01-01T00:00:00,3.75,2561.00,-9.6,84
2000-01-01T00:00:00, Number of rows in /TRANSMIT.csv: 1
2000-01-01T00:00:00, Current hour = 0, Transmission hour = 0
2000-01-01T00:00:00, 0100004256-09684
2000-01-01T00:00:00,  - attempt to send message: 0100004256-09684
2000-01-01T00:00:00,  - Modem begin successful
2000-01-01T00:00:00,  - Sending...
2000-01-01T00:00:00,  - Send response: 
2000-01-01T00:00:00,   - Sync clocks... 
2000-01-01T00:00:00,  - Arduino Old Time: 2000-00-20T00:84:03
2000-01-01T00:00:00,  - Failed to set valid RTC time
2000-01-01T00:00:00, Message sent! Removing /TRANSMIT.csv
2000-01-01T00:00:00, Done loop ...
2000-01-01T00:00:00, ... powering down.
2000-01-01T00:00:00, RTC Initialization Failed - Using Default Time
2000-01-01T00:00:00, Setup Complete
2000-01-01T00:00:00, Data: 2000-01-01T00:00:00,3.75,25555,2598.00,2611.00,2604.00,-9.47,83.07,-9.73,879.34
2000-01-01T00:00:00, Add row to /TRACKING.csv
2000-01-01T00:00:00, Number of rows in /TRACKING.csv: 1
2000-01-01T00:00:00, Done loop ...
2000-01-01T00:00:00, ... powering down.
2000-01-01T00:00:00, RTC Initialization Failed - Using Default Time
2000-01-01T00:00:00, Setup Complete
2000-01-01T00:00:00, Data: 2000-01-01T00:00:00,3.75,25555,2566.00,2603.00,2578.00,-9.32,82.86,-9.57,879.13
2000-01-01T00:00:00, Add row to /TRACKING.csv
2000-01-01T00:00:00, Number of rows in /TRACKING.csv: 2
2000-01-01T00:00:00, Done loop ...
2000-01-01T00:00:00, ... powering down.
2000-01-01T00:00:00, RTC Initialization Failed - Using Default Time
2000-01-01T00:00:00, Setup Complete
2000-01-01T00:00:00, Data: 2000-01-01T00:00:00,3.75,25555,2552.00,2605.00,2594.50,-9.60,83.60,-9.64,879.17
2000-01-01T00:00:00, Add row to /TRACKING.csv
2000-01-01T00:00:00, Number of rows in /TRACKING.csv: 3
2000-01-01T00:00:00, Done loop ...
2000-01-01T00:00:00, ... powering down.
2000-01-01T00:00:00, RTC Initialization Failed - Using Default Time
2000-01-01T00:00:00, Setup Complete
2000-01-01T00:00:00, Data: 2000-01-01T00:00:00,3.75,25555,2563.00,2609.00,2604.00,-9.52,84.75,-9.67,879.39
2000-01-01T00:00:00, Add row to /TRACKING.csv
2000-01-01T00:00:00, Number of rows in /TRACKING.csv: 4
2000-01-01T00:00:00, Number of rows in /TRACKING.csv is >= 4
2000-01-01T00:00:00, Remove tracking
2000-01-01T00:00:00, Write to /TRANSMIT.csv: 2000-01-01T00:00:00,3.75,2563.00,-9.5,85
2000-01-01T00:00:00, Number of rows in /TRANSMIT.csv: 1
2000-01-01T00:00:00, Current hour = 0, Transmission hour = 0
2000-01-01T00:00:00, 0100004256-09585
2000-01-01T00:00:00,  - attempt to send message: 0100004256-09585
2000-01-01T00:00:00,  - Modem begin successful
2000-01-01T00:00:00,  - Sending...
2000-01-01T00:00:00,  - Send response: 
2000-01-01T00:00:00,   - Sync clocks... 
2000-01-01T00:00:00,  - Arduino Old Time: 2000-00-20T00:84:03
2000-01-01T00:00:00,  - Failed to set valid RTC time
2000-01-01T00:00:00, Message sent! Removing /TRANSMIT.csv
2000-01-01T00:00:00, Done loop ...
2000-01-01T00:00:00, ... powering down.
2000-01-01T00:00:00, RTC Initialization Failed - Using Default Time
2000-01-01T00:00:00, Setup Complete
2000-01-01T00:00:00, Data: 2000-01-01T00:00:00,3.74,25555,2533.00,2597.00,2576.50,-9.44,86.38,-9.64,879.41
2000-01-01T00:00:00, Add row to /TRACKING.csv
2000-01-01T00:00:00, Number of rows in /TRACKING.csv: 1
2000-01-01T00:00:00, Done loop ...
2000-01-01T00:00:00, ... powering down.
2000-01-01T00:00:00, RTC Initialization Failed - Using Default Time
2000-01-01T00:00:00, Setup Complete
2000-01-01T00:00:00, Data: 2000-01-01T00:00:00,3.74,25555,2569.00,2603.00,2596.50,-9.38,83.26,-9.58,879.24
2000-01-01T00:00:00, Add row to /TRACKING.csv
2000-01-01T00:00:00, Number of rows in /TRACKING.csv: 2
2000-01-01T00:00:00, Done loop ...
2000-01-01T00:00:00, ... powering down.
2000-01-01T00:00:00, RTC Initialization Failed - Using Default Time
2000-01-01T00:00:00, Setup Complete
2000-01-01T00:00:00, Data: 2000-01-01T00:00:00,3.75,25555,2553.00,2607.00,2595.50,-9.18,81.90,-9.42,879.05
2000-01-01T00:00:00, Add row to /TRACKING.csv
2000-01-01T00:00:00, Number of rows in /TRACKING.csv: 3
2000-01-01T00:00:00, Done loop ...
2000-01-01T00:00:00, ... powering down.
2000-01-01T00:00:00, RTC Initialization Failed - Using Default Time
2000-01-01T00:00:00, Setup Complete
2000-01-01T00:00:00, Data: 2000-01-01T00:00:00,3.74,25555,2562.00,2585.00,2577.50,-9.32,82.36,-9.52,879.02
2000-01-01T00:00:00, Add row to /TRACKING.csv
2000-01-01T00:00:00, Number of rows in /TRACKING.csv: 4
2000-01-01T00:00:00, Number of rows in /TRACKING.csv is >= 4
2000-01-01T00:00:00, Remove tracking
2000-01-01T00:00:00, Write to /TRANSMIT.csv: 2000-01-01T00:00:00,3.74,2562.00,-9.3,82
2000-01-01T00:00:00, Number of rows in /TRANSMIT.csv: 1
2000-01-01T00:00:00, Current hour = 0, Transmission hour = 0
2000-01-01T00:00:00, 0100004256-09382
2000-01-01T00:00:00,  - attempt to send message: 0100004256-09382
2000-01-01T00:00:00,  - Modem begin successful
2000-01-01T00:00:00,  - Sending...
2000-01-01T00:00:00,  - Send response: 
2000-01-01T00:00:00,   - Sync clocks... 
2000-01-01T00:00:00,  - Arduino Old Time: 2000-00-20T00:84:03
2000-01-01T00:00:00,  - Failed to set valid RTC time
2000-01-01T00:00:00, Message sent! Removing /TRANSMIT.csv
2000-01-01T00:00:00, Done loop ...
2000-01-01T00:00:00, ... powering down.
2000-01-01T00:00:00, RTC Initialization Failed - Using Default Time
2000-01-01T00:00:00, Setup Complete
2000-01-01T00:00:00, Data: 2000-01-01T00:00:00,3.75,25555,2572.00,2578.00,2574.50,-9.33,84.09,-9.45,879.20
2000-01-01T00:00:00, Add row to /TRACKING.csv
2000-01-01T00:00:00, Number of rows in /TRACKING.csv: 1
2000-01-01T00:00:00, Done loop ...
2000-01-01T00:00:00, ... powering down.
2000-01-01T00:00:00, RTC Initialization Failed - Using Default Time
2000-01-01T00:00:00, Setup Complete
2000-01-01T00:00:00, Data: 2000-01-01T00:00:00,3.75,25555,2554.00,2571.00,2559.00,-9.19,83.48,-9.44,879.16
2000-01-01T00:00:00, Add row to /TRACKING.csv
2000-01-01T00:00:00, Number of rows in /TRACKING.csv: 2
2000-01-01T00:00:00, Done loop ...
2000-01-01T00:00:00, ... powering down.
2000-01-01T00:00:00, RTC Initialization Failed - Using Default Time
2000-01-01T00:00:00, Setup Complete
2000-01-01T00:00:00, Data: 2000-01-01T00:00:00,3.74,25555,2573.00,2607.00,2602.00,-9.32,84.16,-9.47,879.08
2000-01-01T00:00:00, Add row to /TRACKING.csv
2000-01-01T00:00:00, Number of rows in /TRACKING.csv: 3
2000-01-01T00:00:00, Done loop ...
2000-01-01T00:00:00, ... powering down.
2000-01-01T00:00:00, RTC Initialization Failed - Using Default Time
2000-01-01T00:00:00, Setup Complete
2000-01-01T00:00:00, Data: 2000-01-01T00:00:00,3.74,25555,2587.00,2597.00,2592.00,-9.35,84.37,-9.53,879.06
2000-01-01T00:00:00, Add row to /TRACKING.csv
2000-01-01T00:00:00, Number of rows in /TRACKING.csv: 4
2000-01-01T00:00:00, Number of rows in /TRACKING.csv is >= 4
2000-01-01T00:00:00, Remove tracking
2000-01-01T00:00:00, Write to /TRANSMIT.csv: 2000-01-01T00:00:00,3.74,2587.00,-9.4,84
2000-01-01T00:00:00, Number of rows in /TRANSMIT.csv: 1
2000-01-01T00:00:00, Current hour = 0, Transmission hour = 0
2000-01-01T00:00:00, 0100004259-09484
2000-01-01T00:00:00,  - attempt to send message: 0100004259-09484
2000-01-01T00:00:00,  - Modem begin successful
2000-01-01T00:00:00,  - Sending...
2000-01-01T00:00:00,  - Send response: 
2000-01-01T00:00:00,   - Sync clocks... 
2000-01-01T00:00:00,  - Arduino Old Time: 2000-00-20T00:84:03
2000-01-01T00:00:00,  - Failed to set valid RTC time
2000-01-01T00:00:00, Message sent! Removing /TRANSMIT.csv
2000-01-01T00:00:00, Done loop ...
2000-01-01T00:00:00, ... powering down.
2000-01-01T00:00:00, RTC Initialization Failed - Using Default Time
2000-01-01T00:00:00, Setup Complete
2000-01-01T00:00:00, Data: 2000-01-01T00:00:00,3.74,25555,2573.00,2594.00,2589.50,-9.36,84.42,-9.52,878.91
2000-01-01T00:00:00, Add row to /TRACKING.csv
2000-01-01T00:00:00, Number of rows in /TRACKING.csv: 1
2000-01-01T00:00:00, Done loop ...
2000-01-01T00:00:00, ... powering down.
2000-01-01T00:00:00, RTC Initialization Failed - Using Default Time
2000-01-01T00:00:00, Setup Complete
2000-01-01T00:00:00, Data: 2000-01-01T00:00:00,3.74,25555,2587.00,2592.00,2588.50,-9.14,84.17,-9.45,878.89
2000-01-01T00:00:00, Add row to /TRACKING.csv
2000-01-01T00:00:00, Number of rows in /TRACKING.csv: 2
2000-01-01T00:00:00, Done loop ...
2000-01-01T00:00:00, ... powering down.
2000-01-01T00:00:00, RTC Initialization Failed - Using Default Time
2000-01-01T00:00:00, Setup Complete
2000-01-01T00:00:00, Data: 2000-01-01T00:00:00,3.74,25555,2575.00,2588.00,2582.00,-9.01,84.15,-9.36,878.87
2000-01-01T00:00:00, Add row to /TRACKING.csv
2000-01-01T00:00:00, Number of rows in /TRACKING.csv: 3
2000-01-01T00:00:00, Done loop ...
2000-01-01T00:00:00, ... powering down.
2000-01-01T00:00:00, RTC Initialization Failed - Using Default Time
2000-01-01T00:00:00, Setup Complete
2000-01-01T00:00:00, Data: 2000-01-01T00:00:00,3.74,25555,2589.00,2595.00,2594.00,-8.95,84.50,-9.25,878.84
2000-01-01T00:00:00, Add row to /TRACKING.csv
2000-01-01T00:00:00, Number of rows in /TRACKING.csv: 4
2000-01-01T00:00:00, Number of rows in /TRACKING.csv is >= 4
2000-01-01T00:00:00, Remove tracking
2000-01-01T00:00:00, Write to /TRANSMIT.csv: 2000-01-01T00:00:00,3.74,2589.00,-8.9,84
2000-01-01T00:00:00, Number of rows in /TRANSMIT.csv: 1
2000-01-01T00:00:00, Current hour = 0, Transmission hour = 0
2000-01-01T00:00:00, 0100004259-08984
2000-01-01T00:00:00,  - attempt to send message: 0100004259-08984
2000-01-01T00:00:00,  - Modem begin successful
2000-01-01T00:00:00,  - Sending...
2000-01-01T00:00:00,  - Send response: 
2000-01-01T00:00:00,   - Sync clocks... 
2000-01-01T00:00:00,  - Arduino Old Time: 2000-00-20T00:84:03
2000-01-01T00:00:00,  - Failed to set valid RTC time
2000-01-01T00:00:00, Message sent! Removing /TRANSMIT.csv
2000-01-01T00:00:00, Done loop ...
2000-01-01T00:00:00, ... powering down.
2000-01-01T00:00:00, RTC Initialization Failed - Using Default Time
2000-01-01T00:00:00, Setup Complete
2000-01-01T00:00:00, Data: 2000-01-01T00:00:00,3.74,25555,2603.00,2615.00,2609.50,-9.00,84.11,-9.17,878.79
2000-01-01T00:00:00, Add row to /TRACKING.csv
2000-01-01T00:00:00, Number of rows in /TRACKING.csv: 1
2000-01-01T00:00:00, Done loop ...
2000-01-01T00:00:00, ... powering down.
2000-01-01T00:00:00, RTC Initialization Failed - Using Default Time
2000-01-01T00:00:00, Setup Complete
2000-01-01T00:00:00, Data: 2000-01-01T00:00:00,3.75,25555,2581.00,2603.00,2589.50,-8.95,83.96,-9.11,878.74
2000-01-01T00:00:00, Add row to /TRACKING.csv
2000-01-01T00:00:00, Number of rows in /TRACKING.csv: 2
2000-01-01T00:00:00, Done loop ...
2000-01-01T00:00:00, ... powering down.
2000-01-01T00:00:00, RTC Initialization Failed - Using Default Time
2000-01-01T00:00:00, Setup Complete
2000-01-01T00:00:00, Data: 2000-01-01T00:00:00,3.74,25555,2561.00,2613.00,2594.00,-8.88,84.08,-9.10,878.74
2000-01-01T00:00:00, Add row to /TRACKING.csv
2000-01-01T00:00:00, Number of rows in /TRACKING.csv: 3
2000-01-01T00:00:00, Done loop ...
2000-01-01T00:00:00, ... powering down.
2000-01-01T00:00:00, RTC Initialization Failed - Using Default Time
2000-01-01T00:00:00, Setup Complete
2000-01-01T00:00:00, Data: 2000-01-01T00:00:00,3.74,25555,2572.00,2605.00,2601.00,-8.83,82.71,-9.07,878.56
2000-01-01T00:00:00, Add row to /TRACKING.csv
2000-01-01T00:00:00, Number of rows in /TRACKING.csv: 4
2000-01-01T00:00:00, Number of rows in /TRACKING.csv is >= 4
2000-01-01T00:00:00, Remove tracking
2000-01-01T00:00:00, Write to /TRANSMIT.csv: 2000-01-01T00:00:00,3.74,2572.00,-8.8,83
2000-01-01T00:00:00, Number of rows in /TRANSMIT.csv: 1
2000-01-01T00:00:00, Current hour = 0, Transmission hour = 0
2000-01-01T00:00:00, 0100004257-08883
2000-01-01T00:00:00,  - attempt to send message: 0100004257-08883
2000-01-01T00:00:00,  - Modem begin successful
2000-01-01T00:00:00,  - Sending...
2000-01-01T00:00:00,  - Send response: 
2000-01-01T00:00:00,   - Sync clocks... 
2000-01-01T00:00:00,  - Arduino Old Time: 2000-00-20T00:84:03
2000-01-01T00:00:00,  - Failed to set valid RTC time
2000-01-01T00:00:00, Message sent! Removing /TRANSMIT.csv
2000-01-01T00:00:00, Done loop ...
2000-01-01T00:00:00, ... powering down.
2000-01-01T00:00:00, RTC Initialization Failed - Using Default Time
2000-01-01T00:00:00, Setup Complete
2000-01-01T00:00:00, Data: 2000-01-01T00:00:00,3.75,25555,2558.00,2596.00,2569.50,-8.85,82.91,-9.01,878.57
2000-01-01T00:00:00, Add row to /TRACKING.csv
2000-01-01T00:00:00, Number of rows in /TRACKING.csv: 1
2000-01-01T00:00:00, Done loop ...
2000-01-01T00:00:00, ... powering down.
2000-01-01T00:00:00, RTC Initialization Failed - Using Default Time
2000-01-01T00:00:00, Setup Complete
2000-01-01T00:00:00, Data: 2000-01-01T00:00:00,3.74,25555,2585.00,2602.00,2592.00,-8.52,81.23,-8.95,878.51
2000-01-01T00:00:00, Add row to /TRACKING.csv
2000-01-01T00:00:00, Number of rows in /TRACKING.csv: 2
2000-01-01T00:00:00, Done loop ...
2000-01-01T00:00:00, ... powering down.
2000-01-01T00:00:00, RTC Initialization Failed - Using Default Time
2000-01-01T00:00:00, Setup Complete
2000-01-01T00:00:00, Data: 2000-01-01T00:00:00,3.74,25555,2598.00,2604.00,2602.00,-8.71,81.00,-8.94,878.38
2000-01-01T00:00:00, Add row to /TRACKING.csv
2000-01-01T00:00:00, Number of rows in /TRACKING.csv: 3
2000-01-01T00:00:00, Done loop ...
2000-01-01T00:00:00, ... powering down.
2000-01-01T00:00:00, RTC Initialization Failed - Using Default Time
2000-01-01T00:00:00, Setup Complete
2000-01-01T00:00:00, Data: 2000-01-01T00:00:00,3.74,25555,2596.00,2605.00,2598.00,-9.00,83.07,-9.12,878.50
2000-01-01T00:00:00, Add row to /TRACKING.csv
2000-01-01T00:00:00, Number of rows in /TRACKING.csv: 4
2000-01-01T00:00:00, Number of rows in /TRACKING.csv is >= 4
2000-01-01T00:00:00, Remove tracking
2000-01-01T00:00:00, Write to /TRANSMIT.csv: 2000-01-01T00:00:00,3.74,2596.00,-9.0,83
2000-01-01T00:00:00, Number of rows in /TRANSMIT.csv: 1
2000-01-01T00:00:00, Current hour = 0, Transmission hour = 0
2000-01-01T00:00:00, 0100004260-09083
2000-01-01T00:00:00,  - attempt to send message: 0100004260-09083
2000-01-01T00:00:00,  - Modem begin successful
2000-01-01T00:00:00,  - Sending...
2000-01-01T00:00:00,  - Send response: 
2000-01-01T00:00:00,   - Sync clocks... 
2000-01-01T00:00:00,  - Arduino Old Time: 2000-00-20T00:84:03
2000-01-01T00:00:00,  - Failed to set valid RTC time
2000-01-01T00:00:00, Message sent! Removing /TRANSMIT.csv
2000-01-01T00:00:00, Done loop ...
2000-01-01T00:00:00, ... powering down.
2000-01-01T00:00:00, RTC Initialization Failed - Using Default Time
2000-01-01T00:00:00, Setup Complete
2000-01-01T00:00:00, Data: 2000-01-01T00:00:00,3.75,25555,2596.00,2606.00,2602.50,-9.01,82.54,-9.12,878.39
2000-01-01T00:00:00, Add row to /TRACKING.csv
2000-01-01T00:00:00, Number of rows in /TRACKING.csv: 1
2000-01-01T00:00:00, Done loop ...
2000-01-01T00:00:00, ... powering down.
2000-01-01T00:00:00, RTC Initialization Failed - Using Default Time
2000-01-01T00:00:00, Setup Complete
2000-01-01T00:00:00, Data: 2000-01-01T00:00:00,3.74,25555,2601.00,2609.00,2603.00,-8.80,81.68,-9.10,878.48
2000-01-01T00:00:00, Add row to /TRACKING.csv
2000-01-01T00:00:00, Number of rows in /TRACKING.csv: 2
2000-01-01T00:00:00, Done loop ...
2000-01-01T00:00:00, ... powering down.
2000-01-01T00:00:00, RTC Initialization Failed - Using Default Time
2000-01-01T00:00:00, Setup Complete
2000-01-01T00:00:00, Data: 2000-01-01T00:00:00,3.74,25555,2602.00,2609.00,2604.50,-8.91,81.94,-9.08,878.47
2000-01-01T00:00:00, Add row to /TRACKING.csv
2000-01-01T00:00:00, Number of rows in /TRACKING.csv: 3
2000-01-01T00:00:00, Done loop ...
2000-01-01T00:00:00, ... powering down.
2000-01-01T00:00:00, RTC Initialization Failed - Using Default Time
2000-01-01T00:00:00, Setup Complete
2000-01-01T00:00:00, Data: 2000-01-01T00:00:00,3.74,25555,2589.00,2599.00,2595.50,-9.01,82.94,-9.18,878.56
2000-01-01T00:00:00, Add row to /TRACKING.csv
2000-01-01T00:00:00, Number of rows in /TRACKING.csv: 4
2000-01-01T00:00:00, Number of rows in /TRACKING.csv is >= 4
2000-01-01T00:00:00, Remove tracking
2000-01-01T00:00:00, Write to /TRANSMIT.csv: 2000-01-01T00:00:00,3.74,2589.00,-9.0,83
2000-01-01T00:00:00, Number of rows in /TRANSMIT.csv: 1
2000-01-01T00:00:00, Current hour = 0, Transmission hour = 0
2000-01-01T00:00:00, 0100004259-09083
2000-01-01T00:00:00,  - attempt to send message: 0100004259-09083
2000-01-01T00:00:00,  - Modem begin successful
2000-01-01T00:00:00,  - Sending...
2000-01-01T00:00:00,  - Send response: 
2000-01-01T00:00:00,   - Sync clocks... 
2000-01-01T00:00:00,  - Arduino Old Time: 2000-00-20T00:84:03
2000-01-01T00:00:00,  - Failed to set valid RTC time
2000-01-01T00:00:00, Message sent! Removing /TRANSMIT.csv
2000-01-01T00:00:00, Done loop ...
2000-01-01T00:00:00, ... powering down.
2000-01-01T00:00:00, RTC Initialization Failed - Using Default Time
2000-01-01T00:00:00, Setup Complete
2000-01-01T00:00:00, Data: 2000-01-01T00:00:00,3.74,25555,2591.00,2604.00,2596.00,-9.00,82.61,-9.22,878.60
2000-01-01T00:00:00, Add row to /TRACKING.csv
2000-01-01T00:00:00, Number of rows in /TRACKING.csv: 1
2000-01-01T00:00:00, Done loop ...
2000-01-01T00:00:00, ... powering down.
2000-01-01T00:00:00, RTC Initialization Failed - Using Default Time
2000-01-01T00:00:00, Setup Complete
2000-01-01T00:00:00, Data: 2000-01-01T00:00:00,3.74,25555,2596.00,2600.00,2598.00,-8.93,82.68,-9.18,878.40
2000-01-01T00:00:00, Add row to /TRACKING.csv
2000-01-01T00:00:00, Number of rows in /TRACKING.csv: 2
2000-01-01T00:00:00, Done loop ...
2000-01-01T00:00:00, ... powering down.
2000-01-01T00:00:00, RTC Initialization Failed - Using Default Time
2000-01-01T00:00:00, Setup Complete
2000-01-01T00:00:00, Data: 2000-01-01T00:00:00,3.74,25555,2588.00,2601.00,2596.00,-8.84,81.96,-9.14,878.34
2000-01-01T00:00:00, Add row to /TRACKING.csv
2000-01-01T00:00:00, Number of rows in /TRACKING.csv: 3
2000-01-01T00:00:00, Done loop ...
2000-01-01T00:00:00, ... powering down.
2000-01-01T00:00:00, RTC Initialization Failed - Using Default Time
2000-01-01T00:00:00, Setup Complete
2000-01-01T00:00:00, Data: 2000-01-01T00:00:00,3.74,25555,2602.00,2608.00,2604.50,-8.81,82.37,-9.12,878.45
2000-01-01T00:00:00, Add row to /TRACKING.csv
2000-01-01T00:00:00, Number of rows in /TRACKING.csv: 4
2000-01-01T00:00:00, Number of rows in /TRACKING.csv is >= 4
2000-01-01T00:00:00, Remove tracking
2000-01-01T00:00:00, Write to /TRANSMIT.csv: 2000-01-01T00:00:00,3.74,2602.00,-8.8,82
2000-01-01T00:00:00, Number of rows in /TRANSMIT.csv: 1
2000-01-01T00:00:00, Current hour = 0, Transmission hour = 0
2000-01-01T00:00:00, 0100004260-08882
2000-01-01T00:00:00,  - attempt to send message: 0100004260-08882
2000-01-01T00:00:00,  - Modem begin successful
2000-01-01T00:00:00,  - Sending...
2000-01-01T00:00:00,  - Send response: 
2000-01-01T00:00:00,   - Sync clocks... 
2000-01-01T00:00:00,  - Arduino Old Time: 2000-00-20T00:84:03
2000-01-01T00:00:00,  - Failed to set valid RTC time
2000-01-01T00:00:00, Message sent! Removing /TRANSMIT.csv
2000-01-01T00:00:00, Done loop ...
2000-01-01T00:00:00, ... powering down.
2000-01-01T00:00:00, RTC Initialization Failed - Using Default Time
2000-01-01T00:00:00, Setup Complete
2000-01-01T00:00:00, Data: 2000-01-01T00:00:00,3.74,25555,2598.00,2604.00,2601.00,-8.85,82.78,-9.04,878.44
2000-01-01T00:00:00, Add row to /TRACKING.csv
2000-01-01T00:00:00, Number of rows in /TRACKING.csv: 1
2000-01-01T00:00:00, Done loop ...
2000-01-01T00:00:00, ... powering down.
2000-01-01T00:00:00, RTC Initialization Failed - Using Default Time
2000-01-01T00:00:00, Setup Complete
2000-01-01T00:00:00, Data: 2000-01-01T00:00:00,3.74,25555,2603.00,2607.00,2604.00,-8.71,81.72,-8.99,878.47
2000-01-01T00:00:00, Add row to /TRACKING.csv
2000-01-01T00:00:00, Number of rows in /TRACKING.csv: 2
2000-01-01T00:00:00, Done loop ...
2000-01-01T00:00:00, ... powering down.
2000-01-01T00:00:00, RTC Initialization Failed - Using Default Time
2000-01-01T00:00:00, Setup Complete
2000-01-01T00:00:00, Data: 2000-01-01T00:00:00,3.74,25555,2604.00,2608.00,2607.00,-8.87,82.27,-9.02,878.54
2000-01-01T00:00:00, Add row to /TRACKING.csv
2000-01-01T00:00:00, Number of rows in /TRACKING.csv: 3
2000-01-01T00:00:00, Done loop ...
2000-01-01T00:00:00, ... powering down.
2000-01-01T00:00:00, RTC Initialization Failed - Using Default Time
2000-01-01T00:00:00, Setup Complete
2000-01-01T00:00:00, Data: 2000-01-01T00:00:00,3.74,25555,2604.00,2609.00,2607.00,-8.81,81.26,-9.03,878.48
2000-01-01T00:00:00, Add row to /TRACKING.csv
2000-01-01T00:00:00, Number of rows in /TRACKING.csv: 4
2000-01-01T00:00:00, Number of rows in /TRACKING.csv is >= 4
2000-01-01T00:00:00, Remove tracking
2000-01-01T00:00:00, Write to /TRANSMIT.csv: 2000-01-01T00:00:00,3.74,2604.00,-8.8,81
2000-01-01T00:00:00, Number of rows in /TRANSMIT.csv: 1
2000-01-01T00:00:00, Current hour = 0, Transmission hour = 0
2000-01-01T00:00:00, 0100004260-08881
2000-01-01T00:00:00,  - attempt to send message: 0100004260-08881
2000-01-01T00:00:00,  - Modem begin successful
2000-01-01T00:00:00,  - Sending...
2000-01-01T00:00:00,  - Send response: 
2000-01-01T00:00:00,   - Sync clocks... 
2000-01-01T00:00:00,  - Arduino Old Time: 2000-00-20T00:84:03
2000-01-01T00:00:00,  - Failed to set valid RTC time
2000-01-01T00:00:00, Message sent! Removing /TRANSMIT.csv
2000-01-01T00:00:00, Done loop ...
2000-01-01T00:00:00, ... powering down.
2000-01-01T00:00:00, RTC Initialization Failed - Using Default Time
2000-01-01T00:00:00, Setup Complete
2000-01-01T00:00:00, Data: 2000-01-01T00:00:00,3.74,25555,2606.00,2614.00,2609.00,-8.84,81.09,-9.06,878.49
2000-01-01T00:00:00, Add row to /TRACKING.csv
2000-01-01T00:00:00, Number of rows in /TRACKING.csv: 1
2000-01-01T00:00:00, Done loop ...
2000-01-01T00:00:00, ... powering down.
2000-01-01T00:00:00, RTC Initialization Failed - Using Default Time
2000-01-01T00:00:00, Setup Complete
2000-01-01T00:00:00, Data: 2000-01-01T00:00:00,3.74,25555,2601.00,2607.00,2603.00,-8.80,80.03,-9.09,878.58
2000-01-01T00:00:00, Add row to /TRACKING.csv
2000-01-01T00:00:00, Number of rows in /TRACKING.csv: 2
2000-01-01T00:00:00, Done loop ...
2000-01-01T00:00:00, ... powering down.
2000-01-01T00:00:00, RTC Initialization Failed - Using Default Time
2000-01-01T00:00:00, Setup Complete
2000-01-01T00:00:00, Data: 2000-01-01T00:00:00,3.74,25555,2591.00,2617.00,2605.00,-8.87,79.90,-8.94,878.55
2000-01-01T00:00:00, Add row to /TRACKING.csv
2000-01-01T00:00:00, Number of rows in /TRACKING.csv: 3
2000-01-01T00:00:00, Done loop ...
2000-01-01T00:00:00, ... powering down.
2000-01-01T00:00:00, RTC Initialization Failed - Using Default Time
2000-01-01T00:00:00, Setup Complete
2000-01-01T00:00:00, Data: 2000-01-01T00:00:00,3.74,25555,2605.00,2610.00,2609.00,-8.76,79.07,-8.77,878.69
2000-01-01T00:00:00, Add row to /TRACKING.csv
2000-01-01T00:00:00, Number of rows in /TRACKING.csv: 4
2000-01-01T00:00:00, Number of rows in /TRACKING.csv is >= 4
2000-01-01T00:00:00, Remove tracking
2000-01-01T00:00:00, Write to /TRANSMIT.csv: 2000-01-01T00:00:00,3.74,2605.00,-8.8,79
2000-01-01T00:00:00, Number of rows in /TRANSMIT.csv: 1
2000-01-01T00:00:00, Current hour = 0, Transmission hour = 0
2000-01-01T00:00:00, 0100004261-08879
2000-01-01T00:00:00,  - attempt to send message: 0100004261-08879
2000-01-01T00:00:00,  - Modem begin successful
2000-01-01T00:00:00,  - Sending...
2000-01-01T00:00:00,  - Send response: 
2000-01-01T00:00:00,   - Sync clocks... 
2000-01-01T00:00:00,  - Arduino Old Time: 2000-00-20T00:84:03
2000-01-01T00:00:00,  - Failed to set valid RTC time
2000-01-01T00:00:00, Message sent! Removing /TRANSMIT.csv
2000-01-01T00:00:00, Done loop ...
2000-01-01T00:00:00, ... powering down.
2000-01-01T00:00:00, RTC Initialization Failed - Using Default Time
2000-01-01T00:00:00, Setup Complete
2000-01-01T00:00:00, Data: 2000-01-01T00:00:00,3.74,25555,2604.00,2614.00,2606.00,-8.54,77.97,-8.50,878.78
2000-01-01T00:00:00, Add row to /TRACKING.csv
2000-01-01T00:00:00, Number of rows in /TRACKING.csv: 1
2000-01-01T00:00:00, Done loop ...
2000-01-01T00:00:00, ... powering down.
2000-01-01T00:00:00, RTC Initialization Failed - Using Default Time
2000-01-01T00:00:00, Setup Complete
2000-01-01T00:00:00, Data: 2000-01-01T00:00:00,3.76,25555,2608.00,2615.00,2612.00,-8.57,78.47,-8.09,878.79
2000-01-01T00:00:00, Add row to /TRACKING.csv
2000-01-01T00:00:00, Number of rows in /TRACKING.csv: 2
2000-01-01T00:00:00, Done loop ...
2000-01-01T00:00:00, ... powering down.
2000-01-01T00:00:00, RTC Initialization Failed - Using Default Time
2000-01-01T00:00:00, Setup Complete
2000-01-01T00:00:00, Data: 2000-01-01T00:00:00,3.76,25555,2604.00,2613.00,2608.50,-8.54,79.14,-7.58,878.80
2000-01-01T00:00:00, Add row to /TRACKING.csv
2000-01-01T00:00:00, Number of rows in /TRACKING.csv: 3
2000-01-01T00:00:00, Done loop ...
2000-01-01T00:00:00, ... powering down.
2000-01-01T00:00:00, RTC Initialization Failed - Using Default Time
2000-01-01T00:00:00, Setup Complete
2000-01-01T00:00:00, Data: 2000-01-01T00:00:00,3.76,25555,2612.00,2617.00,2614.00,-8.43,79.37,-6.97,878.91
2000-01-01T00:00:00, Add row to /TRACKING.csv
2000-01-01T00:00:00, Number of rows in /TRACKING.csv: 4
2000-01-01T00:00:00, Number of rows in /TRACKING.csv is >= 4
2000-01-01T00:00:00, Remove tracking
2000-01-01T00:00:00, Write to /TRANSMIT.csv: 2000-01-01T00:00:00,3.76,2612.00,-8.4,79
2000-01-01T00:00:00, Number of rows in /TRANSMIT.csv: 1
2000-01-01T00:00:00, Current hour = 0, Transmission hour = 0
2000-01-01T00:00:00, 0100004261-08479
2000-01-01T00:00:00,  - attempt to send message: 0100004261-08479
2000-01-01T00:00:00,  - Modem begin successful
2000-01-01T00:00:00,  - Sending...
2000-01-01T00:00:00,  - Send response: 
2000-01-01T00:00:00,   - Sync clocks... 
2000-01-01T00:00:00,  - Arduino Old Time: 2000-00-20T00:84:03
2000-01-01T00:00:00,  - Failed to set valid RTC time
2000-01-01T00:00:00, Message sent! Removing /TRANSMIT.csv
2000-01-01T00:00:00, Done loop ...
2000-01-01T00:00:00, ... powering down.
2000-01-01T00:00:00, RTC Initialization Failed - Using Default Time
2000-01-01T00:00:00, Setup Complete
2000-01-01T00:00:00, Data: 2000-01-01T00:00:00,3.84,25555,2611.00,2623.00,2619.00,-8.22,79.21,-5.99,878.88
2000-01-01T00:00:00, Add row to /TRACKING.csv
2000-01-01T00:00:00, Number of rows in /TRACKING.csv: 1
2000-01-01T00:00:00, Done loop ...
2000-01-01T00:00:00, ... powering down.
2000-01-01T00:00:00, RTC Initialization Failed - Using Default Time
2000-01-01T00:00:00, Setup Complete
2000-01-01T00:00:00, Data: 2000-01-01T00:00:00,3.87,25555,2561.00,2627.00,2595.50,-7.91,78.48,-4.85,878.97
2000-01-01T00:00:00, Add row to /TRACKING.csv
2000-01-01T00:00:00, Number of rows in /TRACKING.csv: 2
2000-01-01T00:00:00, Done loop ...
2000-01-01T00:00:00, ... powering down.
2000-01-01T00:00:00, RTC Initialization Failed - Using Default Time
2000-01-01T00:00:00, Setup Complete
2000-01-01T00:00:00, Data: 2000-01-01T00:00:00,3.95,25555,2547.00,2614.00,2572.00,-7.56,77.75,-3.51,878.86
2000-01-01T00:00:00, Add row to /TRACKING.csv
2000-01-01T00:00:00, Number of rows in /TRACKING.csv: 3
2000-01-01T00:00:00, Done loop ...
2000-01-01T00:00:00, ... powering down.
2000-01-01T00:00:00, RTC Initialization Failed - Using Default Time
2000-01-01T00:00:00, Setup Complete
2000-01-01T00:00:00, Data: 2000-01-01T00:00:00,3.99,25555,2550.00,2577.00,2569.00,-7.04,75.99,-2.22,878.93
2000-01-01T00:00:00, Add row to /TRACKING.csv
2000-01-01T00:00:00, Number of rows in /TRACKING.csv: 4
2000-01-01T00:00:00, Number of rows in /TRACKING.csv is >= 4
2000-01-01T00:00:00, Remove tracking
2000-01-01T00:00:00, Write to /TRANSMIT.csv: 2000-01-01T00:00:00,3.99,2550.00,-7.0,76
2000-01-01T00:00:00, Number of rows in /TRANSMIT.csv: 1
2000-01-01T00:00:00, Current hour = 0, Transmission hour = 0
2000-01-01T00:00:00, 0100006255-07076
2000-01-01T00:00:00,  - attempt to send message: 0100006255-07076
2000-01-01T00:00:00,  - Modem begin successful
2000-01-01T00:00:00,  - Sending...
2000-01-01T00:00:00,  - Send response: 
2000-01-01T00:00:00,   - Sync clocks... 
2000-01-01T00:00:00,  - Arduino Old Time: 2000-00-20T00:84:03
2000-01-01T00:00:00,  - Failed to set valid RTC time
2000-01-01T00:00:00, Message sent! Removing /TRANSMIT.csv
2000-01-01T00:00:00, Done loop ...
2000-01-01T00:00:00, ... powering down.
2000-01-01T00:00:00, RTC Initialization Failed - Using Default Time
2000-01-01T00:00:00, Setup Complete
2000-01-01T00:00:00, Data: 2000-01-01T00:00:00,4.00,25555,2583.00,2615.00,2601.00,-6.36,73.94,-0.12,878.98
2000-01-01T00:00:00, Add row to /TRACKING.csv
2000-01-01T00:00:00, Number of rows in /TRACKING.csv: 1
2000-01-01T00:00:00, Done loop ...
2000-01-01T00:00:00, ... powering down.
2000-01-01T00:00:00, RTC Initialization Failed - Using Default Time
2000-01-01T00:00:00, Setup Complete
2000-01-01T00:00:00, Data: 2000-01-01T00:00:00,4.00,25555,2563.00,2626.00,2609.50,-5.73,70.90,2.45,878.81
2000-01-01T00:00:00, Add row to /TRACKING.csv
2000-01-01T00:00:00, Number of rows in /TRACKING.csv: 2
2000-01-01T00:00:00, Done loop ...
2000-01-01T00:00:00, ... powering down.
2000-01-01T00:00:00, RTC Initialization Failed - Using Default Time
2000-01-01T00:00:00, Setup Complete
2000-01-01T00:00:00, Data: 2000-01-01T00:00:00,4.00,25555,2622.00,2631.00,2625.50,-5.33,71.17,2.47,878.92
2000-01-01T00:00:00, Add row to /TRACKING.csv
2000-01-01T00:00:00, Number of rows in /TRACKING.csv: 3
2000-01-01T00:00:00, Done loop ...
2000-01-01T00:00:00, ... powering down.
2000-01-01T00:00:00, RTC Initialization Failed - Using Default Time
2000-01-01T00:00:00, Setup Complete
2000-01-01T00:00:00, Data: 2000-01-01T00:00:00,4.00,25555,2604.00,2630.00,2608.50,-5.90,71.97,2.52,878.82
2000-01-01T00:00:00, Add row to /TRACKING.csv
2000-01-01T00:00:00, Number of rows in /TRACKING.csv: 4
2000-01-01T00:00:00, Number of rows in /TRACKING.csv is >= 4
2000-01-01T00:00:00, Remove tracking
2000-01-01T00:00:00, Write to /TRANSMIT.csv: 2000-01-01T00:00:00,4.00,2604.00,-5.9,72
2000-01-01T00:00:00, Number of rows in /TRANSMIT.csv: 1
2000-01-01T00:00:00, Current hour = 0, Transmission hour = 0
2000-01-01T00:00:00, 0100007260-05972
2000-01-01T00:00:00,  - attempt to send message: 0100007260-05972
2000-01-01T00:00:00,  - Modem begin successful
2000-01-01T00:00:00,  - Sending...
2000-01-01T00:00:00,  - Send response: 
2000-01-01T00:00:00,   - Sync clocks... 
2000-01-01T00:00:00,  - Arduino Old Time: 2000-00-20T00:84:03
2000-01-01T00:00:00,  - Failed to set valid RTC time
2000-01-01T00:00:00, Message sent! Removing /TRANSMIT.csv
2000-01-01T00:00:00, Done loop ...
2000-01-01T00:00:00, ... powering down.
2000-01-01T00:00:00, RTC Initialization Failed - Using Default Time
2000-01-01T00:00:00, Setup Complete
2000-01-01T00:00:00, Data: 2000-01-01T00:00:00,4.00,25555,2607.00,2630.00,2622.50,-5.55,70.69,2.64,878.83
2000-01-01T00:00:00, Add row to /TRACKING.csv
2000-01-01T00:00:00, Number of rows in /TRACKING.csv: 1
2000-01-01T00:00:00, Done loop ...
2000-01-01T00:00:00, ... powering down.
2000-01-01T00:00:00, RTC Initialization Failed - Using Default Time
2000-01-01T00:00:00, Setup Complete
2000-01-01T00:00:00, Data: 2000-01-01T00:00:00,4.00,25555,2598.00,2626.00,2618.50,-6.02,72.63,2.20,878.79
2000-01-01T00:00:00, Add row to /TRACKING.csv
2000-01-01T00:00:00, Number of rows in /TRACKING.csv: 2
2000-01-01T00:00:00, Done loop ...
2000-01-01T00:00:00, ... powering down.
2000-01-01T00:00:00, RTC Initialization Failed - Using Default Time
2000-01-01T00:00:00, Setup Complete
2000-01-01T00:00:00, Data: 2000-01-01T00:00:00,4.00,25555,2611.00,2640.00,2629.00,-5.23,70.16,3.11,878.76
2000-01-01T00:00:00, Add row to /TRACKING.csv
2000-01-01T00:00:00, Number of rows in /TRACKING.csv: 3
2000-01-01T00:00:00, Done loop ...
2000-01-01T00:00:00, ... powering down.
2000-01-01T00:00:00, RTC Initialization Failed - Using Default Time
2000-01-01T00:00:00, Setup Complete
2000-01-01T00:00:00, Data: 2000-01-01T00:00:00,4.00,25555,2589.00,2666.00,2633.50,-4.76,69.12,5.01,878.51
2000-01-01T00:00:00, Add row to /TRACKING.csv
2000-01-01T00:00:00, Number of rows in /TRACKING.csv: 4
2000-01-01T00:00:00, Number of rows in /TRACKING.csv is >= 4
2000-01-01T00:00:00, Remove tracking
2000-01-01T00:00:00, Write to /TRANSMIT.csv: 2000-01-01T00:00:00,4.00,2589.00,-4.8,69
2000-01-01T00:00:00, Number of rows in /TRANSMIT.csv: 1
2000-01-01T00:00:00, Current hour = 0, Transmission hour = 0
2000-01-01T00:00:00, 0100007259-04869
2000-01-01T00:00:00,  - attempt to send message: 0100007259-04869
2000-01-01T00:00:00,  - Modem begin successful
2000-01-01T00:00:00,  - Sending...
2000-01-01T00:00:00,  - Send response: 
2000-01-01T00:00:00,   - Sync clocks... 
2000-01-01T00:00:00,  - Arduino Old Time: 2000-00-20T00:84:03
2000-01-01T00:00:00,  - Failed to set valid RTC time
2000-01-01T00:00:00, Message sent! Removing /TRANSMIT.csv
2000-01-01T00:00:00, Done loop ...
2000-01-01T00:00:00, ... powering down.
2000-01-01T00:00:00, RTC Initialization Failed - Using Default Time
2000-01-01T00:00:00, Setup Complete
2000-01-01T00:00:00, Data: 2000-01-01T00:00:00,4.00,25555,2614.00,2671.00,2634.50,-4.30,66.85,6.85,878.53
2000-01-01T00:00:00, Add row to /TRACKING.csv
2000-01-01T00:00:00, Number of rows in /TRACKING.csv: 1
2000-01-01T00:00:00, Done loop ...
2000-01-01T00:00:00, ... powering down.
2000-01-01T00:00:00, RTC Initialization Failed - Using Default Time
2000-01-01T00:00:00, Setup Complete
2000-01-01T00:00:00, Data: 2000-01-01T00:00:00,4.00,25555,2614.00,2674.00,2631.00,-3.79,64.57,8.37,878.39
2000-01-01T00:00:00, Add row to /TRACKING.csv
2000-01-01T00:00:00, Number of rows in /TRACKING.csv: 2
2000-01-01T00:00:00, Done loop ...
2000-01-01T00:00:00, ... powering down.
2000-01-01T00:00:00, RTC Initialization Failed - Using Default Time
2000-01-01T00:00:00, Setup Complete
2000-01-01T00:00:00, Data: 2000-01-01T00:00:00,4.00,25555,2627.00,2667.00,2652.00,-2.25,64.22,9.15,878.60
2000-01-01T00:00:00, Add row to /TRACKING.csv
2000-01-01T00:00:00, Number of rows in /TRACKING.csv: 3
2000-01-01T00:00:00, Done loop ...
2000-01-01T00:00:00, ... powering down.
2000-01-01T00:00:00, RTC Initialization Failed - Using Default Time
2000-01-01T00:00:00, Setup Complete
2000-01-01T00:00:00, Data: 2000-01-01T00:00:00,4.00,25555,2575.00,2661.00,2633.00,-3.21,70.47,8.92,878.62
2000-01-01T00:00:00, Add row to /TRACKING.csv
2000-01-01T00:00:00, Number of rows in /TRACKING.csv: 4
2000-01-01T00:00:00, Number of rows in /TRACKING.csv is >= 4
2000-01-01T00:00:00, Remove tracking
2000-01-01T00:00:00, Write to /TRANSMIT.csv: 2000-01-01T00:00:00,4.00,2575.00,-3.2,70
2000-01-01T00:00:00, Number of rows in /TRANSMIT.csv: 1
2000-01-01T00:00:00, Current hour = 0, Transmission hour = 0
2000-01-01T00:00:00, 0100007258-03270
2000-01-01T00:00:00,  - attempt to send message: 0100007258-03270
2000-01-01T00:00:00,  - Modem begin successful
2000-01-01T00:00:00,  - Sending...
2000-01-01T00:00:00,  - Send response: 
2000-01-01T00:00:00,   - Sync clocks... 
2000-01-01T00:00:00,  - Arduino Old Time: 2000-00-20T00:84:03
2000-01-01T00:00:00,  - Failed to set valid RTC time
2000-01-01T00:00:00, Message sent! Removing /TRANSMIT.csv
2000-01-01T00:00:00, Done loop ...
2000-01-01T00:00:00, ... powering down.
2000-01-01T00:00:00, RTC Initialization Failed - Using Default Time
2000-01-01T00:00:00, Setup Complete
2000-01-01T00:00:00, Data: 2000-01-01T00:00:00,4.00,25555,2569.00,2663.00,2638.00,-3.21,65.86,8.56,878.44
2000-01-01T00:00:00, Add row to /TRACKING.csv
2000-01-01T00:00:00, Number of rows in /TRACKING.csv: 1
2000-01-01T00:00:00, Done loop ...
2000-01-01T00:00:00, ... powering down.
2000-01-01T00:00:00, RTC Initialization Failed - Using Default Time
2000-01-01T00:00:00, Setup Complete
2000-01-01T00:00:00, Data: 2000-01-01T00:00:00,4.00,25555,2578.00,2661.00,2624.00,-4.14,73.23,6.21,878.35
2000-01-01T00:00:00, Add row to /TRACKING.csv
2000-01-01T00:00:00, Number of rows in /TRACKING.csv: 2
2000-01-01T00:00:00, Done loop ...
2000-01-01T00:00:00, ... powering down.
2000-01-01T00:00:00, RTC Initialization Failed - Using Default Time
2000-01-01T00:00:00, Setup Complete
2000-01-01T00:00:00, Data: 2000-01-01T00:00:00,3.99,25555,2593.00,2626.00,2615.50,-4.44,68.99,3.25,878.29
2000-01-01T00:00:00, Add row to /TRACKING.csv
2000-01-01T00:00:00, Number of rows in /TRACKING.csv: 3
2000-01-01T00:00:00, Done loop ...
2000-01-01T00:00:00, ... powering down.
2000-01-01T00:00:00, RTC Initialization Failed - Using Default Time
2000-01-01T00:00:00, Setup Complete
2000-01-01T00:00:00, Data: 2000-01-01T00:00:00,3.99,25555,2596.00,2627.00,2614.50,-4.39,67.26,2.07,878.20
2000-01-01T00:00:00, Add row to /TRACKING.csv
2000-01-01T00:00:00, Number of rows in /TRACKING.csv: 4
2000-01-01T00:00:00, Number of rows in /TRACKING.csv is >= 4
2000-01-01T00:00:00, Remove tracking
2000-01-01T00:00:00, Write to /TRANSMIT.csv: 2000-01-01T00:00:00,3.99,2596.00,-4.4,67
2000-01-01T00:00:00, Number of rows in /TRANSMIT.csv: 1
2000-01-01T00:00:00, Current hour = 0, Transmission hour = 0
2000-01-01T00:00:00, 0100006260-04467
2000-01-01T00:00:00,  - attempt to send message: 0100006260-04467
2000-01-01T00:00:00,  - Modem begin successful
2000-01-01T00:00:00,  - Sending...
2000-01-01T00:00:00,  - Send response: 
2000-01-01T00:00:00,   - Sync clocks... 
2000-01-01T00:00:00,  - Arduino Old Time: 2000-00-20T00:84:03
2000-01-01T00:00:00,  - Failed to set valid RTC time
2000-01-01T00:00:00, Message sent! Removing /TRANSMIT.csv
2000-01-01T00:00:00, Done loop ...
2000-01-01T00:00:00, ... powering down.
2000-01-01T00:00:00, RTC Initialization Failed - Using Default Time
2000-01-01T00:00:00, Setup Complete
2000-01-01T00:00:00, Data: 2000-01-01T00:00:00,4.00,25555,2587.00,2635.00,2612.50,-2.18,60.69,4.05,878.59
2000-01-01T00:00:00, Add row to /TRACKING.csv
2000-01-01T00:00:00, Number of rows in /TRACKING.csv: 1
2000-01-01T00:00:00, Done loop ...
2000-01-01T00:00:00, ... powering down.
2000-01-01T00:00:00, RTC Initialization Failed - Using Default Time
2000-01-01T00:00:00, Setup Complete
2000-01-01T00:00:00, Data: 2000-01-01T00:00:00,4.00,25555,2552.00,2639.00,2606.00,-2.04,56.80,5.24,878.28
2000-01-01T00:00:00, Add row to /TRACKING.csv
2000-01-01T00:00:00, Number of rows in /TRACKING.csv: 2
2000-01-01T00:00:00, Done loop ...
2000-01-01T00:00:00, ... powering down.
2000-01-01T00:00:00, RTC Initialization Failed - Using Default Time
2000-01-01T00:00:00, Setup Complete
2000-01-01T00:00:00, Data: 2000-01-01T00:00:00,4.00,25555,2587.00,2646.00,2614.50,-1.32,58.44,5.95,878.19
2000-01-01T00:00:00, Add row to /TRACKING.csv
2000-01-01T00:00:00, Number of rows in /TRACKING.csv: 3
2000-01-01T00:00:00, Done loop ...
2000-01-01T00:00:00, ... powering down.
2000-01-01T00:00:00, RTC Initialization Failed - Using Default Time
2000-01-01T00:00:00, Setup Complete
2000-01-01T00:00:00, Data: 2000-01-01T00:00:00,3.96,25555,2606.00,2653.00,2623.50,-0.91,56.39,5.73,878.24
2000-01-01T00:00:00, Add row to /TRACKING.csv
2000-01-01T00:00:00, Number of rows in /TRACKING.csv: 4
2000-01-01T00:00:00, Number of rows in /TRACKING.csv is >= 4
2000-01-01T00:00:00, Remove tracking
2000-01-01T00:00:00, Write to /TRANSMIT.csv: 2000-01-01T00:00:00,3.96,2606.00,-0.9,56
2000-01-01T00:00:00, Number of rows in /TRANSMIT.csv: 1
2000-01-01T00:00:00, Current hour = 0, Transmission hour = 0
2000-01-01T00:00:00, 0100006261-00956
2000-01-01T00:00:00,  - attempt to send message: 0100006261-00956
2000-01-01T00:00:00,  - Modem begin successful
2000-01-01T00:00:00,  - Sending...
2000-01-01T00:00:00,  - Send response: 
2000-01-01T00:00:00,   - Sync clocks... 
2000-01-01T00:00:00,  - Arduino Old Time: 2000-00-20T00:84:03
2000-01-01T00:00:00,  - Failed to set valid RTC time
2000-01-01T00:00:00, Message sent! Removing /TRANSMIT.csv
2000-01-01T00:00:00, Done loop ...
2000-01-01T00:00:00, ... powering down.
2000-01-01T00:00:00, RTC Initialization Failed - Using Default Time
2000-01-01T00:00:00, Setup Complete
2000-01-01T00:00:00, Data: 2000-01-01T00:00:00,3.88,25555,2585.00,2642.00,2613.50,-2.62,60.61,5.36,878.12
2000-01-01T00:00:00, Add row to /TRACKING.csv
2000-01-01T00:00:00, Number of rows in /TRACKING.csv: 1
2000-01-01T00:00:00, Done loop ...
2000-01-01T00:00:00, ... powering down.
2000-01-01T00:00:00, RTC Initialization Failed - Using Default Time
2000-01-01T00:00:00, Setup Complete
2000-01-01T00:00:00, Data: 2000-01-01T00:00:00,3.83,25555,2587.00,2638.00,2610.50,-2.95,59.38,3.79,878.00
2000-01-01T00:00:00, Add row to /TRACKING.csv
2000-01-01T00:00:00, Number of rows in /TRACKING.csv: 2
2000-01-01T00:00:00, Done loop ...
2000-01-01T00:00:00, ... powering down.
2000-01-01T00:00:00, RTC Initialization Failed - Using Default Time
2000-01-01T00:00:00, Setup Complete
2000-01-01T00:00:00, Data: 2000-01-01T00:00:00,3.78,25555,2597.00,2645.00,2620.50,-4.17,63.53,1.90,878.06
2000-01-01T00:00:00, Add row to /TRACKING.csv
2000-01-01T00:00:00, Number of rows in /TRACKING.csv: 3
2000-01-01T00:00:00, Done loop ...
2000-01-01T00:00:00, ... powering down.
2000-01-01T00:00:00, RTC Initialization Failed - Using Default Time
2000-01-01T00:00:00, Setup Complete
2000-01-01T00:00:00, Data: 2000-01-01T00:00:00,3.77,25555,2567.00,2603.00,2581.00,-5.83,68.74,-2.49,877.83
2000-01-01T00:00:00, Add row to /TRACKING.csv
2000-01-01T00:00:00, Number of rows in /TRACKING.csv: 4
2000-01-01T00:00:00, Number of rows in /TRACKING.csv is >= 4
2000-01-01T00:00:00, Remove tracking
2000-01-01T00:00:00, Write to /TRANSMIT.csv: 2000-01-01T00:00:00,3.77,2567.00,-5.8,69
2000-01-01T00:00:00, Number of rows in /TRANSMIT.csv: 1
2000-01-01T00:00:00, Current hour = 0, Transmission hour = 0
2000-01-01T00:00:00, 0100004257-05869
2000-01-01T00:00:00,  - attempt to send message: 0100004257-05869
2000-01-01T00:00:00,  - Modem begin successful
2000-01-01T00:00:00,  - Sending...
2000-01-01T00:00:00,  - Send response: 
2000-01-01T00:00:00,   - Sync clocks... 
2000-01-01T00:00:00,  - Arduino Old Time: 2000-00-20T00:84:03
2000-01-01T00:00:00,  - Failed to set valid RTC time
2000-01-01T00:00:00, Message sent! Removing /TRANSMIT.csv
2000-01-01T00:00:00, Done loop ...
2000-01-01T00:00:00, ... powering down.
2000-01-01T00:00:00, RTC Initialization Failed - Using Default Time
2000-01-01T00:00:00, Setup Complete
2000-01-01T00:00:00, Data: 2000-01-01T00:00:00,3.76,25555,2567.00,2583.00,2573.00,-6.37,72.32,-5.02,878.06
2000-01-01T00:00:00, Add row to /TRACKING.csv
2000-01-01T00:00:00, Number of rows in /TRACKING.csv: 1
2000-01-01T00:00:00, Done loop ...
2000-01-01T00:00:00, ... powering down.
2000-01-01T00:00:00, RTC Initialization Failed - Using Default Time
2000-01-01T00:00:00, Setup Complete
2000-01-01T00:00:00, Data: 2000-01-01T00:00:00,3.76,25555,2555.00,2616.00,2577.00,-6.87,74.50,-6.38,878.21
2000-01-01T00:00:00, Add row to /TRACKING.csv
2000-01-01T00:00:00, Number of rows in /TRACKING.csv: 2
2000-01-01T00:00:00, Done loop ...
2000-01-01T00:00:00, ... powering down.
2000-01-01T00:00:00, RTC Initialization Failed - Using Default Time
2000-01-01T00:00:00, Setup Complete
2000-01-01T00:00:00, Data: 2000-01-01T00:00:00,3.75,25555,2561.00,2584.00,2575.50,-6.49,72.51,-6.97,878.17
2000-01-01T00:00:00, Add row to /TRACKING.csv
2000-01-01T00:00:00, Number of rows in /TRACKING.csv: 3
2000-01-01T00:00:00, Done loop ...
2000-01-01T00:00:00, ... powering down.
2000-01-01T00:00:00, RTC Initialization Failed - Using Default Time
2000-01-01T00:00:00, Setup Complete
2000-01-01T00:00:00, Data: 2000-01-01T00:00:00,3.76,25555,2558.00,2593.00,2574.50,-6.76,73.81,-7.44,878.19
2000-01-01T00:00:00, Add row to /TRACKING.csv
2000-01-01T00:00:00, Number of rows in /TRACKING.csv: 4
2000-01-01T00:00:00, Number of rows in /TRACKING.csv is >= 4
2000-01-01T00:00:00, Remove tracking
2000-01-01T00:00:00, Write to /TRANSMIT.csv: 2000-01-01T00:00:00,3.76,2558.00,-6.8,74
2000-01-01T00:00:00, Number of rows in /TRANSMIT.csv: 1
2000-01-01T00:00:00, Current hour = 0, Transmission hour = 0
2000-01-01T00:00:00, 0100004256-06874
2000-01-01T00:00:00,  - attempt to send message: 0100004256-06874
2000-01-01T00:00:00,  - Modem begin successful
2000-01-01T00:00:00,  - Sending...
2000-01-01T00:00:00,  - Send response: 
2000-01-01T00:00:00,   - Sync clocks... 
2000-01-01T00:00:00,  - Arduino Old Time: 2000-00-20T00:84:03
2000-01-01T00:00:00,  - Failed to set valid RTC time
2000-01-01T00:00:00, Message sent! Removing /TRANSMIT.csv
2000-01-01T00:00:00, Done loop ...
2000-01-01T00:00:00, ... powering down.
2000-01-01T00:00:00, RTC Initialization Failed - Using Default Time
2000-01-01T00:00:00, Setup Complete
2000-01-01T00:00:00, Data: 2000-01-01T00:00:00,3.76,25555,2558.00,2578.00,2569.50,-7.09,75.74,-7.79,878.11
2000-01-01T00:00:00, Add row to /TRACKING.csv
2000-01-01T00:00:00, Number of rows in /TRACKING.csv: 1
2000-01-01T00:00:00, Done loop ...
2000-01-01T00:00:00, ... powering down.
2000-01-01T00:00:00, RTC Initialization Failed - Using Default Time
2000-01-01T00:00:00, Setup Complete
2000-01-01T00:00:00, Data: 2000-01-01T00:00:00,3.76,25555,2555.00,2582.00,2571.00,-6.87,75.65,-7.83,878.14
2000-01-01T00:00:00, Add row to /TRACKING.csv
2000-01-01T00:00:00, Number of rows in /TRACKING.csv: 2
2000-01-01T00:00:00, Done loop ...
2000-01-01T00:00:00, ... powering down.
2000-01-01T00:00:00, RTC Initialization Failed - Using Default Time
2000-01-01T00:00:00, Setup Complete
2000-01-01T00:00:00, Data: 2000-01-01T00:00:00,3.75,25555,2561.00,2585.00,2574.00,-6.74,76.11,-7.56,878.22
2000-01-01T00:00:00, Add row to /TRACKING.csv
2000-01-01T00:00:00, Number of rows in /TRACKING.csv: 3
2000-01-01T00:00:00, Done loop ...
2000-01-01T00:00:00, ... powering down.
2000-01-01T00:00:00, RTC Initialization Failed - Using Default Time
2000-01-01T00:00:00, Setup Complete
2000-01-01T00:00:00, Data: 2000-01-01T00:00:00,3.75,25555,2560.00,2580.00,2573.00,-6.37,74.42,-7.31,878.30
2000-01-01T00:00:00, Add row to /TRACKING.csv
2000-01-01T00:00:00, Number of rows in /TRACKING.csv: 4
2000-01-01T00:00:00, Number of rows in /TRACKING.csv is >= 4
2000-01-01T00:00:00, Remove tracking
2000-01-01T00:00:00, Write to /TRANSMIT.csv: 2000-01-01T00:00:00,3.75,2560.00,-6.4,74
2000-01-01T00:00:00, Number of rows in /TRANSMIT.csv: 1
2000-01-01T00:00:00, Current hour = 0, Transmission hour = 0
2000-01-01T00:00:00, 0100004256-06474
2000-01-01T00:00:00,  - attempt to send message: 0100004256-06474
2000-01-01T00:00:00,  - Modem begin successful
2000-01-01T00:00:00,  - Sending...
2000-01-01T00:00:00,  - Send response: 
2000-01-01T00:00:00,   - Sync clocks... 
2000-01-01T00:00:00,  - Arduino Old Time: 2000-00-20T00:84:03
2000-01-01T00:00:00,  - Failed to set valid RTC time
2000-01-01T00:00:00, Message sent! Removing /TRANSMIT.csv
2000-01-01T00:00:00, Done loop ...
2000-01-01T00:00:00, ... powering down.
2000-01-01T00:00:00, RTC Initialization Failed - Using Default Time
2000-01-01T00:00:00, Setup Complete
2000-01-01T00:00:00, Data: 2000-01-01T00:00:00,3.75,25555,2562.00,2590.00,2571.00,-6.19,73.33,-7.07,878.35
2000-01-01T00:00:00, Add row to /TRACKING.csv
2000-01-01T00:00:00, Number of rows in /TRACKING.csv: 1
2000-01-01T00:00:00, Done loop ...
2000-01-01T00:00:00, ... powering down.
2000-01-01T00:00:00, RTC Initialization Failed - Using Default Time
2000-01-01T00:00:00, Setup Complete
2000-01-01T00:00:00, Data: 2000-01-01T00:00:00,3.75,25555,2575.00,2585.00,2581.00,-6.46,74.19,-6.93,878.29
2000-01-01T00:00:00, Add row to /TRACKING.csv
2000-01-01T00:00:00, Number of rows in /TRACKING.csv: 2
2000-01-01T00:00:00, Done loop ...
2000-01-01T00:00:00, ... powering down.
2000-01-01T00:00:00, RTC Initialization Failed - Using Default Time
2000-01-01T00:00:00, Setup Complete
2000-01-01T00:00:00, Data: 2000-01-01T00:00:00,3.76,25555,2567.00,2579.00,2574.00,-6.59,74.73,-6.99,878.47
2000-01-01T00:00:00, Add row to /TRACKING.csv
2000-01-01T00:00:00, Number of rows in /TRACKING.csv: 3
2000-01-01T00:00:00, Done loop ...
2000-01-01T00:00:00, ... powering down.
2000-01-01T00:00:00, RTC Initialization Failed - Using Default Time
2000-01-01T00:00:00, Setup Complete
2000-01-01T00:00:00, Data: 2000-01-01T00:00:00,3.75,25555,2565.00,2581.00,2574.50,-6.84,75.33,-7.18,878.39
2000-01-01T00:00:00, Add row to /TRACKING.csv
2000-01-01T00:00:00, Number of rows in /TRACKING.csv: 4
2000-01-01T00:00:00, Number of rows in /TRACKING.csv is >= 4
2000-01-01T00:00:00, Remove tracking
2000-01-01T00:00:00, Write to /TRANSMIT.csv: 2000-01-01T00:00:00,3.75,2565.00,-6.8,75
2000-01-01T00:00:00, Number of rows in /TRANSMIT.csv: 1
2000-01-01T00:00:00, Current hour = 0, Transmission hour = 0
2000-01-01T00:00:00, 0100004257-06875
2000-01-01T00:00:00,  - attempt to send message: 0100004257-06875
2000-01-01T00:00:00,  - Modem begin successful
2000-01-01T00:00:00,  - Sending...
2000-01-01T00:00:00,  - Send response: 
2000-01-01T00:00:00,   - Sync clocks... 
2000-01-01T00:00:00,  - Arduino Old Time: 2000-00-20T00:84:03
2000-01-01T00:00:00,  - Failed to set valid RTC time
2000-01-01T00:00:00, Message sent! Removing /TRANSMIT.csv
2000-01-01T00:00:00, Done loop ...
2000-01-01T00:00:00, ... powering down.
2000-01-01T00:00:00, RTC Initialization Failed - Using Default Time
2000-01-01T00:00:00, Setup Complete
2000-01-01T00:00:00, Data: 2000-01-01T00:00:00,3.75,25555,2563.00,2580.00,2572.00,-6.66,74.07,-7.28,878.42
2000-01-01T00:00:00, Add row to /TRACKING.csv
2000-01-01T00:00:00, Number of rows in /TRACKING.csv: 1
2000-01-01T00:00:00, Done loop ...
2000-01-01T00:00:00, ... powering down.
2000-01-01T00:00:00, RTC Initialization Failed - Using Default Time
2000-01-01T00:00:00, Setup Complete
2000-01-01T00:00:00, Data: 2000-01-01T00:00:00,3.75,25555,2558.00,2581.00,2573.50,-6.88,74.98,-7.49,878.54
2000-01-01T00:00:00, Add row to /TRACKING.csv
2000-01-01T00:00:00, Number of rows in /TRACKING.csv: 2
2000-01-01T00:00:00, Done loop ...
2000-01-01T00:00:00, ... powering down.
2000-01-01T00:00:00, RTC Initialization Failed - Using Default Time
2000-01-01T00:00:00, Setup Complete
2000-01-01T00:00:00, Data: 2000-01-01T00:00:00,3.75,25555,2565.00,2581.00,2575.00,-6.64,74.22,-7.66,878.62
2000-01-01T00:00:00, Add row to /TRACKING.csv
2000-01-01T00:00:00, Number of rows in /TRACKING.csv: 3
2000-01-01T00:00:00, Done loop ...
2000-01-01T00:00:00, ... powering down.
2000-01-01T00:00:00, RTC Initialization Failed - Using Default Time
2000-01-01T00:00:00, Setup Complete
2000-01-01T00:00:00, Data: 2000-01-01T00:00:00,3.75,25555,2575.00,2587.00,2581.00,-6.69,74.64,-7.64,878.70
2000-01-01T00:00:00, Add row to /TRACKING.csv
2000-01-01T00:00:00, Number of rows in /TRACKING.csv: 4
2000-01-01T00:00:00, Number of rows in /TRACKING.csv is >= 4
2000-01-01T00:00:00, Remove tracking
2000-01-01T00:00:00, Write to /TRANSMIT.csv: 2000-01-01T00:00:00,3.75,2575.00,-6.7,75
2000-01-01T00:00:00, Number of rows in /TRANSMIT.csv: 1
2000-01-01T00:00:00, Current hour = 0, Transmission hour = 0
2000-01-01T00:00:00, 0100004258-06775
2000-01-01T00:00:00,  - attempt to send message: 0100004258-06775
2000-01-01T00:00:00,  - Modem begin successful
2000-01-01T00:00:00,  - Sending...
2000-01-01T00:00:00,  - Send response: 
2000-01-01T00:00:00,   - Sync clocks... 
2000-01-01T00:00:00,  - Arduino Old Time: 2000-00-20T00:84:03
2000-01-01T00:00:00,  - Failed to set valid RTC time
2000-01-01T00:00:00, Message sent! Removing /TRANSMIT.csv
2000-01-01T00:00:00, Done loop ...
2000-01-01T00:00:00, ... powering down.
2000-01-01T00:00:00, RTC Initialization Failed - Using Default Time
2000-01-01T00:00:00, Setup Complete
2000-01-01T00:00:00, Data: 2000-01-01T00:00:00,3.74,25555,2563.00,2583.00,2575.50,-6.66,74.85,-7.61,878.56
2000-01-01T00:00:00, Add row to /TRACKING.csv
2000-01-01T00:00:00, Number of rows in /TRACKING.csv: 1
2000-01-01T00:00:00, Done loop ...
2000-01-01T00:00:00, ... powering down.
2000-01-01T00:00:00, RTC Initialization Failed - Using Default Time
2000-01-01T00:00:00, Setup Complete
2000-01-01T00:00:00, Data: 2000-01-01T00:00:00,3.75,25555,2579.00,2595.00,2582.50,-6.37,73.76,-7.37,878.37
2000-01-01T00:00:00, Add row to /TRACKING.csv
2000-01-01T00:00:00, Number of rows in /TRACKING.csv: 2
2000-01-01T00:00:00, Done loop ...
2000-01-01T00:00:00, ... powering down.
2000-01-01T00:00:00, RTC Initialization Failed - Using Default Time
2000-01-01T00:00:00, Setup Complete
2000-01-01T00:00:00, Data: 2000-01-01T00:00:00,3.75,25555,2551.00,2582.00,2577.50,-6.90,75.32,-7.67,878.38
2000-01-01T00:00:00, Add row to /TRACKING.csv
2000-01-01T00:00:00, Number of rows in /TRACKING.csv: 3
2000-01-01T00:00:00, Done loop ...
2000-01-01T00:00:00, ... powering down.
2000-01-01T00:00:00, RTC Initialization Failed - Using Default Time
2000-01-01T00:00:00, Setup Complete
2000-01-01T00:00:00, Data: 2000-01-01T00:00:00,3.74,25555,2556.00,2594.00,2573.00,-6.98,75.82,-8.04,878.38
2000-01-01T00:00:00, Add row to /TRACKING.csv
2000-01-01T00:00:00, Number of rows in /TRACKING.csv: 4
2000-01-01T00:00:00, Number of rows in /TRACKING.csv is >= 4
2000-01-01T00:00:00, Remove tracking
2000-01-01T00:00:00, Write to /TRANSMIT.csv: 2000-01-01T00:00:00,3.74,2556.00,-7.0,76
2000-01-01T00:00:00, Number of rows in /TRANSMIT.csv: 1
2000-01-01T00:00:00, Current hour = 0, Transmission hour = 0
2000-01-01T00:00:00, 0100004256-07076
2000-01-01T00:00:00,  - attempt to send message: 0100004256-07076
2000-01-01T00:00:00,  - Modem begin successful
2000-01-01T00:00:00,  - Sending...
2000-01-01T00:00:00,  - Send response: 
2000-01-01T00:00:00,   - Sync clocks... 
2000-01-01T00:00:00,  - Arduino Old Time: 2000-00-20T00:84:03
2000-01-01T00:00:00,  - Failed to set valid RTC time
2000-01-01T00:00:00, Message sent! Removing /TRANSMIT.csv
2000-01-01T00:00:00, Done loop ...
2000-01-01T00:00:00, ... powering down.
2000-01-01T00:00:00, RTC Initialization Failed - Using Default Time
2000-01-01T00:00:00, Setup Complete
2000-01-01T00:00:00, Data: 2000-01-01T00:00:00,3.75,25555,2537.00,2601.00,2580.50,-7.07,75.48,-8.17,878.28
2000-01-01T00:00:00, Add row to /TRACKING.csv
2000-01-01T00:00:00, Number of rows in /TRACKING.csv: 1
2000-01-01T00:00:00, Done loop ...
2000-01-01T00:00:00, ... powering down.
2000-01-01T00:00:00, RTC Initialization Failed - Using Default Time
2000-01-01T00:00:00, Setup Complete
2000-01-01T00:00:00, Data: 2000-01-01T00:00:00,3.75,25555,2567.00,2588.00,2580.00,-7.14,76.25,-8.26,878.41
2000-01-01T00:00:00, Add row to /TRACKING.csv
2000-01-01T00:00:00, Number of rows in /TRACKING.csv: 2
2000-01-01T00:00:00, Done loop ...
2000-01-01T00:00:00, ... powering down.
2000-01-01T00:00:00, RTC Initialization Failed - Using Default Time
2000-01-01T00:00:00, Setup Complete
2000-01-01T00:00:00, Data: 2000-01-01T00:00:00,3.75,25555,2565.00,2580.00,2573.50,-7.33,77.27,-8.62,878.48
2000-01-01T00:00:00, Add row to /TRACKING.csv
2000-01-01T00:00:00, Number of rows in /TRACKING.csv: 3
2000-01-01T00:00:00, Done loop ...
2000-01-01T00:00:00, ... powering down.
2000-01-01T00:00:00, RTC Initialization Failed - Using Default Time
2000-01-01T00:00:00, Setup Complete
2000-01-01T00:00:00, Data: 2000-01-01T00:00:00,3.74,25555,2563.00,2585.00,2574.50,-7.60,78.26,-8.85,878.46
2000-01-01T00:00:00, Add row to /TRACKING.csv
2000-01-01T00:00:00, Number of rows in /TRACKING.csv: 4
2000-01-01T00:00:00, Number of rows in /TRACKING.csv is >= 4
2000-01-01T00:00:00, Remove tracking
2000-01-01T00:00:00, Write to /TRANSMIT.csv: 2000-01-01T00:00:00,3.74,2563.00,-7.6,78
2000-01-01T00:00:00, Number of rows in /TRANSMIT.csv: 1
2000-01-01T00:00:00, Current hour = 0, Transmission hour = 0
2000-01-01T00:00:00, 0100004256-07678
2000-01-01T00:00:00,  - attempt to send message: 0100004256-07678
2000-01-01T00:00:00,  - Modem begin successful
2000-01-01T00:00:00,  - Sending...
2000-01-01T00:00:00,  - Send response: 
2000-01-01T00:00:00,   - Sync clocks... 
2000-01-01T00:00:00,  - Arduino Old Time: 2000-00-20T00:84:03
2000-01-01T00:00:00,  - Failed to set valid RTC time
2000-01-01T00:00:00, Message sent! Removing /TRANSMIT.csv
2000-01-01T00:00:00, Done loop ...
2000-01-01T00:00:00, ... powering down.
2000-01-01T00:00:00, RTC Initialization Failed - Using Default Time
2000-01-01T00:00:00, Setup Complete
2000-01-01T00:00:00, Data: 2000-01-01T00:00:00,3.74,25555,2570.00,2580.00,2573.00,-7.60,78.36,-8.99,878.53
2000-01-01T00:00:00, Add row to /TRACKING.csv
2000-01-01T00:00:00, Number of rows in /TRACKING.csv: 1
2000-01-01T00:00:00, Done loop ...
2000-01-01T00:00:00, ... powering down.
2000-01-01T00:00:00, RTC Initialization Failed - Using Default Time
2000-01-01T00:00:00, Setup Complete
2000-01-01T00:00:00, Data: 2000-01-01T00:00:00,3.74,25555,2563.00,2587.00,2572.00,-7.63,78.73,-9.06,878.56
2000-01-01T00:00:00, Add row to /TRACKING.csv
2000-01-01T00:00:00, Number of rows in /TRACKING.csv: 2
2000-01-01T00:00:00, Done loop ...
2000-01-01T00:00:00, ... powering down.
2000-01-01T00:00:00, RTC Initialization Failed - Using Default Time
2000-01-01T00:00:00, Setup Complete
2000-01-01T00:00:00, Data: 2000-01-01T00:00:00,3.74,25555,2572.00,2582.00,2577.00,-7.67,78.60,-9.07,878.77
2000-01-01T00:00:00, Add row to /TRACKING.csv
2000-01-01T00:00:00, Number of rows in /TRACKING.csv: 3
2000-01-01T00:00:00, Done loop ...
2000-01-01T00:00:00, ... powering down.
2000-01-01T00:00:00, RTC Initialization Failed - Using Default Time
2000-01-01T00:00:00, Setup Complete
2000-01-01T00:00:00, Data: 2000-01-01T00:00:00,3.74,25555,2561.00,2593.00,2570.00,-7.49,77.54,-9.00,878.76
2000-01-01T00:00:00, Add row to /TRACKING.csv
2000-01-01T00:00:00, Number of rows in /TRACKING.csv: 4
2000-01-01T00:00:00, Number of rows in /TRACKING.csv is >= 4
2000-01-01T00:00:00, Remove tracking
2000-01-01T00:00:00, Write to /TRANSMIT.csv: 2000-01-01T00:00:00,3.74,2561.00,-7.5,78
2000-01-01T00:00:00, Number of rows in /TRANSMIT.csv: 1
2000-01-01T00:00:00, Current hour = 0, Transmission hour = 0
2000-01-01T00:00:00, 0100004256-07578
2000-01-01T00:00:00,  - attempt to send message: 0100004256-07578
2000-01-01T00:00:00,  - Modem begin successful
2000-01-01T00:00:00,  - Sending...
2000-01-01T00:00:00,  - Send response: 
2000-01-01T00:00:00,   - Sync clocks... 
2000-01-01T00:00:00,  - Arduino Old Time: 2000-00-20T00:84:03
2000-01-01T00:00:00,  - Failed to set valid RTC time
2000-01-01T00:00:00, Message sent! Removing /TRANSMIT.csv
2000-01-01T00:00:00, Done loop ...
2000-01-01T00:00:00, ... powering down.
2000-01-01T00:00:00, RTC Initialization Failed - Using Default Time
2000-01-01T00:00:00, Setup Complete
2000-01-01T00:00:00, Data: 2000-01-01T00:00:00,3.74,25555,2572.00,2584.00,2577.00,-7.86,79.32,-9.08,878.53
2000-01-01T00:00:00, Add row to /TRACKING.csv
2000-01-01T00:00:00, Number of rows in /TRACKING.csv: 1
2000-01-01T00:00:00, Done loop ...
2000-01-01T00:00:00, ... powering down.
2000-01-01T00:00:00, RTC Initialization Failed - Using Default Time
2000-01-01T00:00:00, Setup Complete
2000-01-01T00:00:00, Data: 2000-01-01T00:00:00,3.74,25555,2571.00,2599.00,2588.50,-7.49,78.00,-9.10,878.52
2000-01-01T00:00:00, Add row to /TRACKING.csv
2000-01-01T00:00:00, Number of rows in /TRACKING.csv: 2
2000-01-01T00:00:00, Done loop ...
2000-01-01T00:00:00, ... powering down.
2000-01-01T00:00:00, RTC Initialization Failed - Using Default Time
2000-01-01T00:00:00, Setup Complete
2000-01-01T00:00:00, Data: 2000-01-01T00:00:00,3.74,25555,2567.00,2584.00,2576.50,-7.54,77.59,-9.12,878.66
2000-01-01T00:00:00, Add row to /TRACKING.csv
2000-01-01T00:00:00, Number of rows in /TRACKING.csv: 3
2000-01-01T00:00:00, Done loop ...
2000-01-01T00:00:00, ... powering down.
2000-01-01T00:00:00, RTC Initialization Failed - Using Default Time
2000-01-01T00:00:00, Setup Complete
2000-01-01T00:00:00, Data: 2000-01-01T00:00:00,3.74,25555,2565.00,2597.00,2584.00,-7.93,79.39,-9.25,878.78
2000-01-01T00:00:00, Add row to /TRACKING.csv
2000-01-01T00:00:00, Number of rows in /TRACKING.csv: 4
2000-01-01T00:00:00, Number of rows in /TRACKING.csv is >= 4
2000-01-01T00:00:00, Remove tracking
2000-01-01T00:00:00, Write to /TRANSMIT.csv: 2000-01-01T00:00:00,3.74,2565.00,-7.9,79
2000-01-01T00:00:00, Number of rows in /TRANSMIT.csv: 1
2000-01-01T00:00:00, Current hour = 0, Transmission hour = 0
2000-01-01T00:00:00, 0100004257-07979
2000-01-01T00:00:00,  - attempt to send message: 0100004257-07979
2000-01-01T00:00:00,  - Modem begin successful
2000-01-01T00:00:00,  - Sending...
2000-01-01T00:00:00,  - Send response: 
2000-01-01T00:00:00,   - Sync clocks... 
2000-01-01T00:00:00,  - Arduino Old Time: 2000-00-20T00:84:03
2000-01-01T00:00:00,  - Failed to set valid RTC time
2000-01-01T00:00:00, Message sent! Removing /TRANSMIT.csv
2000-01-01T00:00:00, Done loop ...
2000-01-01T00:00:00, ... powering down.
2000-01-01T00:00:00, RTC Initialization Failed - Using Default Time
2000-01-01T00:00:00, Setup Complete
2000-01-01T00:00:00, Data: 2000-01-01T00:00:00,3.74,25555,2568.00,2584.00,2574.00,-8.19,81.56,-9.34,878.87
2000-01-01T00:00:00, Add row to /TRACKING.csv
2000-01-01T00:00:00, Number of rows in /TRACKING.csv: 1
2000-01-01T00:00:00, Done loop ...
2000-01-01T00:00:00, ... powering down.
2000-01-01T00:00:00, RTC Initialization Failed - Using Default Time
2000-01-01T00:00:00, Setup Complete
2000-01-01T00:00:00, Data: 2000-01-01T00:00:00,3.74,25555,2578.00,2593.00,2580.00,-8.21,80.63,-9.47,878.78
2000-01-01T00:00:00, Add row to /TRACKING.csv
2000-01-01T00:00:00, Number of rows in /TRACKING.csv: 2
2000-01-01T00:00:00, Done loop ...
2000-01-01T00:00:00, ... powering down.
2000-01-01T00:00:00, RTC Initialization Failed - Using Default Time
2000-01-01T00:00:00, Setup Complete
2000-01-01T00:00:00, Data: 2000-01-01T00:00:00,3.74,25555,2568.00,2579.00,2571.50,-7.87,80.27,-9.52,878.74
2000-01-01T00:00:00, Add row to /TRACKING.csv
2000-01-01T00:00:00, Number of rows in /TRACKING.csv: 3
2000-01-01T00:00:00, Done loop ...
2000-01-01T00:00:00, ... powering down.
2000-01-01T00:00:00, RTC Initialization Failed - Using Default Time
2000-01-01T00:00:00, Setup Complete
2000-01-01T00:00:00, Data: 2000-01-01T00:00:00,3.74,25555,2558.00,2587.00,2579.00,-8.04,80.25,-9.57,878.75
2000-01-01T00:00:00, Add row to /TRACKING.csv
2000-01-01T00:00:00, Number of rows in /TRACKING.csv: 4
2000-01-01T00:00:00, Number of rows in /TRACKING.csv is >= 4
2000-01-01T00:00:00, Remove tracking
2000-01-01T00:00:00, Write to /TRANSMIT.csv: 2000-01-01T00:00:00,3.74,2558.00,-8.0,80
2000-01-01T00:00:00, Number of rows in /TRANSMIT.csv: 1
2000-01-01T00:00:00, Current hour = 0, Transmission hour = 0
2000-01-01T00:00:00, 0100004256-08080
2000-01-01T00:00:00,  - attempt to send message: 0100004256-08080
2000-01-01T00:00:00,  - Modem begin successful
2000-01-01T00:00:00,  - Sending...
2000-01-01T00:00:00,  - Send response: 
2000-01-01T00:00:00,   - Sync clocks... 
2000-01-01T00:00:00,  - Arduino Old Time: 2000-00-20T00:84:03
2000-01-01T00:00:00,  - Failed to set valid RTC time
2000-01-01T00:00:00, Message sent! Removing /TRANSMIT.csv
2000-01-01T00:00:00, Done loop ...
2000-01-01T00:00:00, ... powering down.
2000-01-01T00:00:00, RTC Initialization Failed - Using Default Time
2000-01-01T00:00:00, Setup Complete
2000-01-01T00:00:00, Data: 2000-01-01T00:00:00,3.74,25555,2557.00,2585.00,2571.50,-8.02,80.45,-9.58,878.84
2000-01-01T00:00:00, Add row to /TRACKING.csv
2000-01-01T00:00:00, Number of rows in /TRACKING.csv: 1
2000-01-01T00:00:00, Done loop ...
2000-01-01T00:00:00, ... powering down.
2000-01-01T00:00:00, RTC Initialization Failed - Using Default Time
2000-01-01T00:00:00, Setup Complete
2000-01-01T00:00:00, Data: 2000-01-01T00:00:00,3.74,25555,2551.00,2593.00,2584.50,-8.22,81.34,-9.68,878.99
2000-01-01T00:00:00, Add row to /TRACKING.csv
2000-01-01T00:00:00, Number of rows in /TRACKING.csv: 2
2000-01-01T00:00:00, Done loop ...
2000-01-01T00:00:00, ... powering down.
2000-01-01T00:00:00, RTC Initialization Failed - Using Default Time
2000-01-01T00:00:00, Setup Complete
2000-01-01T00:00:00, Data: 2000-01-01T00:00:00,3.74,25555,2565.00,2587.00,2575.00,-8.36,81.99,-9.74,879.03
2000-01-01T00:00:00, Add row to /TRACKING.csv
2000-01-01T00:00:00, Number of rows in /TRACKING.csv: 3
2000-01-01T00:00:00, Done loop ...
2000-01-01T00:00:00, ... powering down.
2000-01-01T00:00:00, RTC Initialization Failed - Using Default Time
2000-01-01T00:00:00, Setup Complete
2000-01-01T00:00:00, Data: 2000-01-01T00:00:00,3.74,25555,2559.00,2593.00,2581.00,-8.46,82.43,-9.89,878.97
2000-01-01T00:00:00, Add row to /TRACKING.csv
2000-01-01T00:00:00, Number of rows in /TRACKING.csv: 4
2000-01-01T00:00:00, Number of rows in /TRACKING.csv is >= 4
2000-01-01T00:00:00, Remove tracking
2000-01-01T00:00:00, Write to /TRANSMIT.csv: 2000-01-01T00:00:00,3.74,2559.00,-8.5,82
2000-01-01T00:00:00, Number of rows in /TRANSMIT.csv: 1
2000-01-01T00:00:00, Current hour = 0, Transmission hour = 0
2000-01-01T00:00:00, 0100004256-08582
2000-01-01T00:00:00,  - attempt to send message: 0100004256-08582
2000-01-01T00:00:00,  - Modem begin successful
2000-01-01T00:00:00,  - Sending...
2000-01-01T00:00:00,  - Send response: 
2000-01-01T00:00:00,   - Sync clocks... 
2000-01-01T00:00:00,  - Arduino Old Time: 2000-00-20T00:84:03
2000-01-01T00:00:00,  - Failed to set valid RTC time
2000-01-01T00:00:00, Message sent! Removing /TRANSMIT.csv
2000-01-01T00:00:00, Done loop ...
2000-01-01T00:00:00, ... powering down.
2000-01-01T00:00:00, RTC Initialization Failed - Using Default Time
2000-01-01T00:00:00, Setup Complete
2000-01-01T00:00:00, Data: 2000-01-01T00:00:00,3.74,25555,2575.00,2598.00,2590.00,-8.85,84.04,-10.02,878.92
2000-01-01T00:00:00, Add row to /TRACKING.csv
2000-01-01T00:00:00, Number of rows in /TRACKING.csv: 1
2000-01-01T00:00:00, Done loop ...
2000-01-01T00:00:00, ... powering down.
2000-01-01T00:00:00, RTC Initialization Failed - Using Default Time
2000-01-01T00:00:00, Setup Complete
2000-01-01T00:00:00, Data: 2000-01-01T00:00:00,3.74,25555,2551.00,2581.00,2573.50,-8.40,81.39,-9.91,879.01
2000-01-01T00:00:00, Add row to /TRACKING.csv
2000-01-01T00:00:00, Number of rows in /TRACKING.csv: 2
2000-01-01T00:00:00, Done loop ...
2000-01-01T00:00:00, ... powering down.
2000-01-01T00:00:00, RTC Initialization Failed - Using Default Time
2000-01-01T00:00:00, Setup Complete
2000-01-01T00:00:00, Data: 2000-01-01T00:00:00,3.74,25555,2561.00,2580.00,2571.00,-8.94,84.29,-10.02,879.03
2000-01-01T00:00:00, Add row to /TRACKING.csv
2000-01-01T00:00:00, Number of rows in /TRACKING.csv: 3
2000-01-01T00:00:00, Done loop ...
2000-01-01T00:00:00, ... powering down.
2000-01-01T00:00:00, RTC Initialization Failed - Using Default Time
2000-01-01T00:00:00, Setup Complete
2000-01-01T00:00:00, Data: 2000-01-01T00:00:00,3.74,25555,2563.00,2601.00,2588.50,-8.66,83.21,-10.07,879.20
2000-01-01T00:00:00, Add row to /TRACKING.csv
2000-01-01T00:00:00, Number of rows in /TRACKING.csv: 4
2000-01-01T00:00:00, Number of rows in /TRACKING.csv is >= 4
2000-01-01T00:00:00, Remove tracking
2000-01-01T00:00:00, Write to /TRANSMIT.csv: 2000-01-01T00:00:00,3.74,2563.00,-8.7,83
2000-01-01T00:00:00, Number of rows in /TRANSMIT.csv: 1
2000-01-01T00:00:00, Current hour = 0, Transmission hour = 0
2000-01-01T00:00:00, 0100004256-08783
2000-01-01T00:00:00,  - attempt to send message: 0100004256-08783
2000-01-01T00:00:00,  - Modem begin successful
2000-01-01T00:00:00,  - Sending...
2000-01-01T00:00:00,  - Send response: 
2000-01-01T00:00:00,   - Sync clocks... 
2000-01-01T00:00:00,  - Arduino Old Time: 2000-00-20T00:84:03
2000-01-01T00:00:00,  - Failed to set valid RTC time
2000-01-01T00:00:00, Message sent! Removing /TRANSMIT.csv
2000-01-01T00:00:00, Done loop ...
2000-01-01T00:00:00, ... powering down.
2000-01-01T00:00:00, RTC Initialization Failed - Using Default Time
2000-01-01T00:00:00, Setup Complete
2000-01-01T00:00:00, Data: 2000-01-01T00:00:00,3.74,25555,2559.00,2577.00,2570.50,-8.70,84.04,-10.10,879.04
2000-01-01T00:00:00, Add row to /TRACKING.csv
2000-01-01T00:00:00, Number of rows in /TRACKING.csv: 1
2000-01-01T00:00:00, Done loop ...
2000-01-01T00:00:00, ... powering down.
2000-01-01T00:00:00, RTC Initialization Failed - Using Default Time
2000-01-01T00:00:00, Setup Complete
2000-01-01T00:00:00, Data: 2000-01-01T00:00:00,3.74,25555,2586.00,2598.00,2590.00,-8.57,83.07,-10.10,878.79
2000-01-01T00:00:00, Add row to /TRACKING.csv
2000-01-01T00:00:00, Number of rows in /TRACKING.csv: 2
2000-01-01T00:00:00, Done loop ...
2000-01-01T00:00:00, ... powering down.
2000-01-01T00:00:00, RTC Initialization Failed - Using Default Time
2000-01-01T00:00:00, Setup Complete
2000-01-01T00:00:00, Data: 2000-01-01T00:00:00,3.74,25555,2560.00,2575.00,2568.50,-8.50,83.21,-10.01,878.63
2000-01-01T00:00:00, Add row to /TRACKING.csv
2000-01-01T00:00:00, Number of rows in /TRACKING.csv: 3
2000-01-01T00:00:00, Done loop ...
2000-01-01T00:00:00, ... powering down.
2000-01-01T00:00:00, RTC Initialization Failed - Using Default Time
2000-01-01T00:00:00, Setup Complete
2000-01-01T00:00:00, Data: 2000-01-01T00:00:00,3.74,25555,2564.00,2597.00,2568.00,-8.37,81.32,-9.93,878.71
2000-01-01T00:00:00, Add row to /TRACKING.csv
2000-01-01T00:00:00, Number of rows in /TRACKING.csv: 4
2000-01-01T00:00:00, Number of rows in /TRACKING.csv is >= 4
2000-01-01T00:00:00, Remove tracking
2000-01-01T00:00:00, Write to /TRANSMIT.csv: 2000-01-01T00:00:00,3.74,2564.00,-8.4,81
2000-01-01T00:00:00, Number of rows in /TRANSMIT.csv: 1
2000-01-01T00:00:00, Current hour = 0, Transmission hour = 0
2000-01-01T00:00:00, 0100004256-08481
2000-01-01T00:00:00,  - attempt to send message: 0100004256-08481
2000-01-01T00:00:00,  - Modem begin successful
2000-01-01T00:00:00,  - Sending...
2000-01-01T00:00:00,  - Send response: 
2000-01-01T00:00:00,   - Sync clocks... 
2000-01-01T00:00:00,  - Arduino Old Time: 2000-00-20T00:84:03
2000-01-01T00:00:00,  - Failed to set valid RTC time
2000-01-01T00:00:00, Message sent! Removing /TRANSMIT.csv
2000-01-01T00:00:00, Done loop ...
2000-01-01T00:00:00, ... powering down.
2000-01-01T00:00:00, RTC Initialization Failed - Using Default Time
2000-01-01T00:00:00, Setup Complete
2000-01-01T00:00:00, Data: 2000-01-01T00:00:00,3.74,25555,2557.00,2644.00,2577.00,-8.73,83.58,-10.08,878.77
2000-01-01T00:00:00, Add row to /TRACKING.csv
2000-01-01T00:00:00, Number of rows in /TRACKING.csv: 1
2000-01-01T00:00:00, Done loop ...
2000-01-01T00:00:00, ... powering down.
2000-01-01T00:00:00, RTC Initialization Failed - Using Default Time
2000-01-01T00:00:00, Setup Complete
2000-01-01T00:00:00, Data: 2000-01-01T00:00:00,3.74,25555,2567.00,2580.00,2575.50,-9.19,85.84,-10.27,878.74
2000-01-01T00:00:00, Add row to /TRACKING.csv
2000-01-01T00:00:00, Number of rows in /TRACKING.csv: 2
2000-01-01T00:00:00, Done loop ...
2000-01-01T00:00:00, ... powering down.
2000-01-01T00:00:00, RTC Initialization Failed - Using Default Time
2000-01-01T00:00:00, Setup Complete
2000-01-01T00:00:00, Data: 2000-01-01T00:00:00,3.74,25555,2570.00,2584.00,2575.00,-9.21,85.89,-10.44,878.86
2000-01-01T00:00:00, Add row to /TRACKING.csv
2000-01-01T00:00:00, Number of rows in /TRACKING.csv: 3
2000-01-01T00:00:00, Done loop ...
2000-01-01T00:00:00, ... powering down.
2000-01-01T00:00:00, RTC Initialization Failed - Using Default Time
2000-01-01T00:00:00, Setup Complete
2000-01-01T00:00:00, Data: 2000-01-01T00:00:00,3.74,25555,2578.00,2594.00,2586.50,-9.31,86.15,-10.49,878.92
2000-01-01T00:00:00, Add row to /TRACKING.csv
2000-01-01T00:00:00, Number of rows in /TRACKING.csv: 4
2000-01-01T00:00:00, Number of rows in /TRACKING.csv is >= 4
2000-01-01T00:00:00, Remove tracking
2000-01-01T00:00:00, Write to /TRANSMIT.csv: 2000-01-01T00:00:00,3.74,2578.00,-9.3,86
2000-01-01T00:00:00, Number of rows in /TRANSMIT.csv: 1
2000-01-01T00:00:00, Current hour = 0, Transmission hour = 0
2000-01-01T00:00:00, 0100004258-09386
2000-01-01T00:00:00,  - attempt to send message: 0100004258-09386
2000-01-01T00:00:00,  - Modem begin successful
2000-01-01T00:00:00,  - Sending...
2000-01-01T00:00:00,  - Send response: 
2000-01-01T00:00:00,   - Sync clocks... 
2000-01-01T00:00:00,  - Arduino Old Time: 2000-00-20T00:84:03
2000-01-01T00:00:00,  - Failed to set valid RTC time
2000-01-01T00:00:00, Message sent! Removing /TRANSMIT.csv
2000-01-01T00:00:00, Done loop ...
2000-01-01T00:00:00, ... powering down.
2000-01-01T00:00:00, RTC Initialization Failed - Using Default Time
2000-01-01T00:00:00, Setup Complete
2000-01-01T00:00:00, Data: 2000-01-01T00:00:00,3.75,25555,2560.00,2578.00,2569.50,-9.43,87.33,-10.40,879.13
2000-01-01T00:00:00, Add row to /TRACKING.csv
2000-01-01T00:00:00, Number of rows in /TRACKING.csv: 1
2000-01-01T00:00:00, Done loop ...
2000-01-01T00:00:00, ... powering down.
2000-01-01T00:00:00, RTC Initialization Failed - Using Default Time
2000-01-01T00:00:00, Setup Complete
2000-01-01T00:00:00, Data: 2000-01-01T00:00:00,3.99,25555,2572.00,2589.00,2579.50,-9.14,85.28,-10.01,879.25
2000-01-01T00:00:00, Add row to /TRACKING.csv
2000-01-01T00:00:00, Number of rows in /TRACKING.csv: 2
2000-01-01T00:00:00, Done loop ...
2000-01-01T00:00:00, ... powering down.
2000-01-01T00:00:00, RTC Initialization Failed - Using Default Time
2000-01-01T00:00:00, Setup Complete
2000-01-01T00:00:00, Data: 2000-01-01T00:00:00,4.00,25555,2597.00,2618.00,2600.50,-3.67,66.43,-3.03,879.39
2000-01-01T00:00:00, Add row to /TRACKING.csv
2000-01-01T00:00:00, Number of rows in /TRACKING.csv: 3
2000-01-01T00:00:00, Done loop ...
2000-01-01T00:00:00, ... powering down.
2000-01-01T00:00:00, RTC Initialization Failed - Using Default Time
2000-01-01T00:00:00, Setup Complete
2000-01-01T00:00:00, Data: 2000-01-01T00:00:00,4.00,25555,2608.00,2646.00,2635.50,-5.46,70.65,0.18,879.42
2000-01-01T00:00:00, Add row to /TRACKING.csv
2000-01-01T00:00:00, Number of rows in /TRACKING.csv: 4
2000-01-01T00:00:00, Number of rows in /TRACKING.csv is >= 4
2000-01-01T00:00:00, Remove tracking
2000-01-01T00:00:00, Write to /TRANSMIT.csv: 2000-01-01T00:00:00,4.00,2608.00,-5.5,71
2000-01-01T00:00:00, Number of rows in /TRANSMIT.csv: 1
2000-01-01T00:00:00, Current hour = 0, Transmission hour = 0
2000-01-01T00:00:00, 0100007261-05571
2000-01-01T00:00:00,  - attempt to send message: 0100007261-05571
2000-01-01T00:00:00,  - Modem begin successful
2000-01-01T00:00:00,  - Sending...
2000-01-01T00:00:00,  - Send response: 
2000-01-01T00:00:00,   - Sync clocks... 
2000-01-01T00:00:00,  - Arduino Old Time: 2000-00-20T00:84:03
2000-01-01T00:00:00,  - Failed to set valid RTC time
2000-01-01T00:00:00, Message sent! Removing /TRANSMIT.csv
2000-01-01T00:00:00, Done loop ...
2000-01-01T00:00:00, ... powering down.
2000-01-01T00:00:00, RTC Initialization Failed - Using Default Time
2000-01-01T00:00:00, Setup Complete
2000-01-01T00:00:00, Data: 2000-01-01T00:00:00,3.98,25555,2587.00,2615.00,2611.50,-4.90,68.35,3.00,879.42
2000-01-01T00:00:00, Add row to /TRACKING.csv
2000-01-01T00:00:00, Number of rows in /TRACKING.csv: 1
2000-01-01T00:00:00, Done loop ...
2000-01-01T00:00:00, ... powering down.
2000-01-01T00:00:00, RTC Initialization Failed - Using Default Time
2000-01-01T00:00:00, Setup Complete
2000-01-01T00:00:00, Data: 2000-01-01T00:00:00,4.00,25555,2621.00,2675.00,2651.00,-3.18,60.80,6.43,879.42
2000-01-01T00:00:00, Add row to /TRACKING.csv
2000-01-01T00:00:00, Number of rows in /TRACKING.csv: 2
2000-01-01T00:00:00, Done loop ...
2000-01-01T00:00:00, ... powering down.
2000-01-01T00:00:00, RTC Initialization Failed - Using Default Time
2000-01-01T00:00:00, Setup Complete
2000-01-01T00:00:00, Data: 2000-01-01T00:00:00,4.00,25555,2619.00,2668.00,2648.50,-4.18,65.56,7.48,879.46
2000-01-01T00:00:00, Add row to /TRACKING.csv
2000-01-01T00:00:00, Number of rows in /TRACKING.csv: 3
2000-01-01T00:00:00, Done loop ...
2000-01-01T00:00:00, ... powering down.
2000-01-01T00:00:00, RTC Initialization Failed - Using Default Time
2000-01-01T00:00:00, Setup Complete
2000-01-01T00:00:00, Data: 2000-01-01T00:00:00,4.00,25555,2627.00,2692.00,2672.00,-2.52,60.22,9.23,879.67
2000-01-01T00:00:00, Add row to /TRACKING.csv
2000-01-01T00:00:00, Number of rows in /TRACKING.csv: 4
2000-01-01T00:00:00, Number of rows in /TRACKING.csv is >= 4
2000-01-01T00:00:00, Remove tracking
2000-01-01T00:00:00, Write to /TRANSMIT.csv: 2000-01-01T00:00:00,4.00,2627.00,-2.5,60
2000-01-01T00:00:00, Number of rows in /TRANSMIT.csv: 1
2000-01-01T00:00:00, Current hour = 0, Transmission hour = 0
2000-01-01T00:00:00, 0100007263-02560
2000-01-01T00:00:00,  - attempt to send message: 0100007263-02560
2000-01-01T00:00:00,  - Modem begin successful
2000-01-01T00:00:00,  - Sending...
2000-01-01T00:00:00,  - Send response: 
2000-01-01T00:00:00,   - Sync clocks... 
2000-01-01T00:00:00,  - Arduino Old Time: 2000-00-20T00:84:03
2000-01-01T00:00:00,  - Failed to set valid RTC time
2000-01-01T00:00:00, Message sent! Removing /TRANSMIT.csv
2000-01-01T00:00:00, Done loop ...
2000-01-01T00:00:00, ... powering down.
2000-01-01T00:00:00, RTC Initialization Failed - Using Default Time
2000-01-01T00:00:00, Setup Complete
2000-01-01T00:00:00, Data: 2000-01-01T00:00:00,4.00,25555,2624.00,2665.00,2647.50,-1.38,57.23,10.70,879.78
2000-01-01T00:00:00, Add row to /TRACKING.csv
2000-01-01T00:00:00, Number of rows in /TRACKING.csv: 1
2000-01-01T00:00:00, Done loop ...
2000-01-01T00:00:00, ... powering down.
2000-01-01T00:00:00, RTC Initialization Failed - Using Default Time
2000-01-01T00:00:00, Setup Complete
2000-01-01T00:00:00, Data: 2000-01-01T00:00:00,4.00,25555,2626.00,2692.00,2657.50,-0.91,56.13,11.07,879.72
2000-01-01T00:00:00, Add row to /TRACKING.csv
2000-01-01T00:00:00, Number of rows in /TRACKING.csv: 2
2000-01-01T00:00:00, Done loop ...
2000-01-01T00:00:00, ... powering down.
2000-01-01T00:00:00, RTC Initialization Failed - Using Default Time
2000-01-01T00:00:00, Setup Complete
2000-01-01T00:00:00, Data: 2000-01-01T00:00:00,4.00,25555,2616.00,2679.00,2637.50,-2.53,61.45,10.15,879.71
2000-01-01T00:00:00, Add row to /TRACKING.csv
2000-01-01T00:00:00, Number of rows in /TRACKING.csv: 3
2000-01-01T00:00:00, Done loop ...
2000-01-01T00:00:00, ... powering down.
2000-01-01T00:00:00, RTC Initialization Failed - Using Default Time
2000-01-01T00:00:00, Setup Complete
2000-01-01T00:00:00, Data: 2000-01-01T00:00:00,4.00,25555,2622.00,2675.00,2656.00,-2.32,63.66,8.71,880.05
2000-01-01T00:00:00, Add row to /TRACKING.csv
2000-01-01T00:00:00, Number of rows in /TRACKING.csv: 4
2000-01-01T00:00:00, Number of rows in /TRACKING.csv is >= 4
2000-01-01T00:00:00, Remove tracking
2000-01-01T00:00:00, Write to /TRANSMIT.csv: 2000-01-01T00:00:00,4.00,2622.00,-2.3,64
2000-01-01T00:00:00, Number of rows in /TRANSMIT.csv: 1
2000-01-01T00:00:00, Current hour = 0, Transmission hour = 0
2000-01-01T00:00:00, 0100007262-02364
2000-01-01T00:00:00,  - attempt to send message: 0100007262-02364
2000-01-01T00:00:00,  - Modem begin successful
2000-01-01T00:00:00,  - Sending...
2000-01-01T00:00:00,  - Send response: 
2000-01-01T00:00:00,   - Sync clocks... 
2000-01-01T00:00:00,  - Arduino Old Time: 2000-00-20T00:84:03
2000-01-01T00:00:00,  - Failed to set valid RTC time
2000-01-01T00:00:00, Message sent! Removing /TRANSMIT.csv
2000-01-01T00:00:00, Done loop ...
2000-01-01T00:00:00, ... powering down.
