DATETIME, MESSAGE: 
2025-09-30T09:29:59, Setup Complete
2025-09-30T09:30:01, Data: 2025-09-30T09:29:59,4.14,25031,4292.00,4583.00,4311.50,5.12,71.20,6.18,874.03
2025-09-30T09:30:01, Add row to /TRACKING.csv
2025-09-30T09:30:02, Number of rows in /TRACKING.csv: 1
2025-09-30T09:30:04, Done loop ...
2025-09-30T09:30:04, ... powering down.
2025-09-30T09:30:09, Power down failed
2025-09-30T09:30:12, Data: 2025-09-30T09:30:09,4.05,24491,4271.00,4582.00,4293.50,5.05,70.73,6.17,874.03
2025-09-30T09:30:12, Add row to /TRACKING.csv
2025-09-30T09:30:12, Number of rows in /TRACKING.csv: 2
2025-09-30T09:30:14, Done loop ...
2025-09-30T09:30:14, ... powering down.
2025-09-30T09:30:20, Power down failed
2025-09-30T09:30:22, Data: 2025-09-30T09:30:20,4.17,24323,3100.00,4584.00,4309.00,5.05,70.80,6.17,874.05
2025-09-30T09:30:22, Add row to /TRACKING.csv
2025-09-30T09:30:22, Number of rows in /TRACKING.csv: 3
2025-09-30T09:30:25, Done loop ...
2025-09-30T09:30:25, ... powering down.
2025-09-30T09:30:30, Power down failed
2025-09-30T09:30:32, Data: 2025-09-30T09:30:30,4.07,24235,4277.00,4316.00,4309.00,4.99,71.14,6.18,874.05
2025-09-30T09:30:33, Add row to /TRACKING.csv
2025-09-30T09:30:33, Number of rows in /TRACKING.csv: 4
2025-09-30T09:30:36, Number of rows in /TRACKING.csv is >= 4
2025-09-30T09:30:36, Remove tracking
2025-09-30T09:30:36, Write to /TRANSMIT.csv: 2025-09-30T09:30:30,4.07,4277.00,5.0,71
2025-09-30T09:30:36, Number of rows in /TRANSMIT.csv: 1
2025-09-30T09:30:36, Current hour = 9, Transmission hour = 1
2025-09-30T09:30:36, Current hour = 9, Transmission hour = 6
2025-09-30T09:30:36, Current hour = 9, Transmission hour = 8
2025-09-30T09:30:36, Current hour = 9, Transmission hour = 9
2025-09-30T09:30:36, 3009307428+05071
2025-09-30T09:30:38,  - attempt to send message: 3009307428+05071
2025-09-30T09:30:39,  - Modem begin successful
2025-09-30T09:30:39,  - Sending...
2025-09-30T09:34:28,  - Send response: 
2025-09-30T09:34:28,   - Sync clocks... 
2025-09-30T09:34:28,  - Arduino Old Time: 2025-09-30T17:34:28
2025-09-30T09:24:35,  - Arduino New Time: 2025-09-30T17:24:35
2025-09-30T09:24:35, Message sent! Removing /TRANSMIT.csv
2025-09-30T09:24:35, Done loop ...
2025-09-30T09:24:35, ... powering down.
2025-09-30T09:24:41, Power down failed
2025-09-30T09:24:43, Data: 2025-09-30T09:24:41,4.05,23911,4245.00,4498.00,4292.00,4.09,74.92,4.49,874.18
2025-09-30T09:24:43, Add row to /TRACKING.csv
2025-09-30T09:24:43, Number of rows in /TRACKING.csv: 1
2025-09-30T09:24:46, Done loop ...
2025-09-30T09:24:46, ... powering down.
2025-09-30T09:24:51, Power down failed
2025-09-30T09:24:53, Data: 2025-09-30T09:24:51,4.19,23911,4253.00,4299.00,4270.00,4.08,74.83,4.45,874.16
2025-09-30T09:24:53, Add row to /TRACKING.csv
2025-09-30T09:24:53, Number of rows in /TRACKING.csv: 2
2025-09-30T09:24:56, Done loop ...
2025-09-30T09:24:56, ... powering down.
2025-09-30T09:25:01, Power down failed
2025-09-30T09:25:03, Data: 2025-09-30T09:25:01,4.11,23911,4271.00,4497.00,4315.50,4.05,75.28,4.43,874.11
2025-09-30T09:25:03, Add row to /TRACKING.csv
2025-09-30T09:25:04, Number of rows in /TRACKING.csv: 3
2025-09-30T09:25:07, Done loop ...
2025-09-30T09:25:07, ... powering down.
2025-09-30T09:25:12, Power down failed
2025-09-30T09:25:14, Data: 2025-09-30T09:25:12,4.05,23911,4290.00,4482.00,4322.00,4.05,74.98,4.40,874.10
2025-09-30T09:25:14, Add row to /TRACKING.csv
2025-09-30T09:25:14, Number of rows in /TRACKING.csv: 4
2025-09-30T09:25:17, Number of rows in /TRACKING.csv is >= 4
2025-09-30T09:25:18, Remove tracking
2025-09-30T09:25:18, Write to /TRANSMIT.csv: 2025-09-30T09:25:12,4.05,4290.00,4.1,75
2025-09-30T09:25:18, Number of rows in /TRANSMIT.csv: 1
2025-09-30T09:25:18, Current hour = 9, Transmission hour = 1
2025-09-30T09:25:18, Current hour = 9, Transmission hour = 6
2025-09-30T09:25:18, Current hour = 9, Transmission hour = 8
2025-09-30T09:25:18, Current hour = 9, Transmission hour = 9
2025-09-30T09:25:18, 3009257429+04175
2025-09-30T09:25:20,  - attempt to send message: 3009257429+04175
2025-09-30T09:25:21,  - Modem begin successful
2025-09-30T09:25:21,  - Sending...
2025-09-30T09:25:30,  - Send response: 
2025-09-30T09:25:30,   - Sync clocks... 
2025-09-30T09:25:30,  - Arduino Old Time: 2025-09-30T17:25:30
2025-09-30T09:25:30,  - Arduino New Time: 2025-09-30T17:25:30
2025-09-30T09:25:30, Message sent! Removing /TRANSMIT.csv
2025-09-30T09:25:30, Done loop ...
2025-09-30T09:25:30, ... powering down.
2025-09-30T09:25:36, Power down failed
2025-09-30T09:25:38, Data: 2025-09-30T09:25:36,4.11,23835,4270.00,4321.00,4284.50,4.01,75.39,4.41,874.09
2025-09-30T09:25:38, Add row to /TRACKING.csv
2025-09-30T09:25:38, Number of rows in /TRACKING.csv: 1
2025-09-30T09:25:40, Done loop ...
2025-09-30T09:25:40, ... powering down.
2025-09-30T09:25:46, Power down failed
2025-09-30T09:25:48, Data: 2025-09-30T09:25:46,4.14,23835,4258.00,4307.00,4280.50,4.01,74.93,4.41,874.14
2025-09-30T09:25:48, Add row to /TRACKING.csv
2025-09-30T09:25:48, Number of rows in /TRACKING.csv: 2
2025-09-30T09:25:51, Done loop ...
2025-09-30T09:25:51, ... powering down.
2025-09-30T09:25:56, Power down failed
2025-09-30T09:25:58, Data: 2025-09-30T09:25:56,4.10,23835,4255.00,4288.00,4264.00,3.98,75.25,4.43,874.16
2025-09-30T09:25:58, Add row to /TRACKING.csv
2025-09-30T09:25:58, Number of rows in /TRACKING.csv: 3
2025-09-30T09:26:01, Done loop ...
2025-09-30T09:26:01, ... powering down.
2025-09-30T09:26:07, Power down failed
2025-09-30T09:26:09, Data: 2025-09-30T09:26:07,4.12,23835,4246.00,4293.00,4260.00,3.98,75.73,4.45,874.17
2025-09-30T09:26:09, Add row to /TRACKING.csv
2025-09-30T09:26:09, Number of rows in /TRACKING.csv: 4
2025-09-30T09:26:12, Number of rows in /TRACKING.csv is >= 4
2025-09-30T09:26:12, Remove tracking
2025-09-30T09:26:12, Write to /TRANSMIT.csv: 2025-09-30T09:26:07,4.12,4246.00,4.0,76
2025-09-30T09:26:13, Number of rows in /TRANSMIT.csv: 1
2025-09-30T09:26:13, Current hour = 9, Transmission hour = 1
2025-09-30T09:26:13, Current hour = 9, Transmission hour = 6
2025-09-30T09:26:13, Current hour = 9, Transmission hour = 8
2025-09-30T09:26:13, Current hour = 9, Transmission hour = 9
2025-09-30T09:26:13, 3009268425+04076
2025-09-30T09:26:15,  - attempt to send message: 3009268425+04076
2025-09-30T09:26:16,  - Modem begin successful
2025-09-30T09:26:16,  - Sending...
2025-09-30T09:26:20,  - Send response: 
2025-09-30T09:26:20,   - Sync clocks... 
2025-09-30T09:26:20,  - Arduino Old Time: 2025-09-30T17:26:20
2025-09-30T09:26:20,  - Arduino New Time: 2025-09-30T17:26:20
2025-09-30T09:26:20, Message sent! Removing /TRANSMIT.csv
2025-09-30T09:26:20, Done loop ...
2025-09-30T09:26:20, ... powering down.
2025-09-30T09:26:26, Power down failed
2025-09-30T09:26:28, Data: 2025-09-30T09:26:26,4.07,23683,4233.00,4294.00,4245.50,3.98,76.14,4.45,874.20
2025-09-30T09:26:28, Add row to /TRACKING.csv
2025-09-30T09:26:28, Number of rows in /TRACKING.csv: 1
2025-09-30T09:26:31, Done loop ...
2025-09-30T09:26:31, ... powering down.
2025-09-30T09:26:36, Power down failed
2025-09-30T09:26:38, Data: 2025-09-30T09:26:36,4.12,23683,4257.00,4475.00,4282.50,3.97,75.74,4.45,874.19
2025-09-30T09:26:38, Add row to /TRACKING.csv
2025-09-30T09:26:38, Number of rows in /TRACKING.csv: 2
2025-09-30T09:26:41, Done loop ...
2025-09-30T09:26:41, ... powering down.
2025-09-30T09:26:46, Power down failed
2025-09-30T09:26:48, Data: 2025-09-30T09:26:46,4.15,23683,4262.00,4292.00,4283.50,3.95,75.63,4.46,874.18
2025-09-30T09:26:48, Add row to /TRACKING.csv
2025-09-30T09:26:49, Number of rows in /TRACKING.csv: 3
2025-09-30T09:26:52, Done loop ...
2025-09-30T09:26:52, ... powering down.
2025-09-30T09:26:57, Power down failed
2025-09-30T09:26:59, Data: 2025-09-30T09:26:57,4.05,23683,4254.00,4481.00,4278.50,3.97,75.29,4.47,874.17
2025-09-30T09:26:59, Add row to /TRACKING.csv
2025-09-30T09:26:59, Number of rows in /TRACKING.csv: 4
2025-09-30T09:27:02, Number of rows in /TRACKING.csv is >= 4
2025-09-30T09:27:03, Remove tracking
2025-09-30T09:27:03, Write to /TRANSMIT.csv: 2025-09-30T09:26:57,4.05,4254.00,4.0,75
2025-09-30T09:27:03, Number of rows in /TRANSMIT.csv: 1
2025-09-30T09:27:03, Current hour = 9, Transmission hour = 1
2025-09-30T09:27:03, Current hour = 9, Transmission hour = 6
2025-09-30T09:27:03, Current hour = 9, Transmission hour = 8
2025-09-30T09:27:03, Current hour = 9, Transmission hour = 9
2025-09-30T09:27:03, 3009267425+04075
2025-09-30T09:27:05,  - attempt to send message: 3009267425+04075
2025-09-30T09:27:06,  - Modem begin successful
2025-09-30T09:27:06,  - Sending...
2025-09-30T09:27:11,  - Send response: 
2025-09-30T09:27:11,   - Sync clocks... 
2025-09-30T09:27:11,  - Arduino Old Time: 2025-09-30T17:27:11
2025-09-30T09:27:11,  - Arduino New Time: 2025-09-30T17:27:11
2025-09-30T09:27:11, Message sent! Removing /TRANSMIT.csv
2025-09-30T09:27:11, Done loop ...
2025-09-30T09:27:11, ... powering down.
2025-09-30T09:27:16, Power down failed
2025-09-30T09:27:19, Data: 2025-09-30T09:27:16,4.11,23683,4252.00,4300.00,4282.50,3.97,74.77,4.47,874.19
2025-09-30T09:27:19, Add row to /TRACKING.csv
2025-09-30T09:27:19, Number of rows in /TRACKING.csv: 1
2025-09-30T09:27:21, Done loop ...
2025-09-30T09:27:21, ... powering down.
2025-09-30T09:27:26, Power down failed
2025-09-30T09:27:29, Data: 2025-09-30T09:27:26,4.12,23683,4227.00,4454.00,4266.00,3.97,75.44,4.44,874.18
2025-09-30T09:27:29, Add row to /TRACKING.csv
2025-09-30T09:27:29, Number of rows in /TRACKING.csv: 2
2025-09-30T09:27:31, Done loop ...
2025-09-30T09:27:31, ... powering down.
2025-09-30T09:27:37, Power down failed
2025-09-30T09:27:39, Data: 2025-09-30T09:27:37,4.11,23683,4251.00,4292.00,4279.50,3.95,75.18,4.44,874.18
2025-09-30T09:27:39, Add row to /TRACKING.csv
2025-09-30T09:27:39, Number of rows in /TRACKING.csv: 3
2025-09-30T09:27:42, Done loop ...
2025-09-30T09:27:42, ... powering down.
2025-09-30T09:27:47, Power down failed
2025-09-30T09:27:50, Data: 2025-09-30T09:27:47,4.12,23683,4244.00,4463.00,4283.00,3.94,74.91,4.43,874.13
2025-09-30T09:27:50, Add row to /TRACKING.csv
2025-09-30T09:27:50, Number of rows in /TRACKING.csv: 4
2025-09-30T09:27:53, Number of rows in /TRACKING.csv is >= 4
2025-09-30T09:27:53, Remove tracking
2025-09-30T09:27:53, Write to /TRANSMIT.csv: 2025-09-30T09:27:47,4.12,4244.00,3.9,75
2025-09-30T09:27:53, Number of rows in /TRANSMIT.csv: 1
2025-09-30T09:27:53, Current hour = 9, Transmission hour = 1
2025-09-30T09:27:53, Current hour = 9, Transmission hour = 6
2025-09-30T09:27:53, Current hour = 9, Transmission hour = 8
2025-09-30T09:27:53, Current hour = 9, Transmission hour = 9
2025-09-30T09:27:54, 3009278424+03975
2025-09-30T09:27:56,  - attempt to send message: 3009278424+03975
2025-09-30T09:27:56,  - Modem begin successful
2025-09-30T09:27:56,  - Sending...
2025-09-30T09:28:02,  - Send response: 
2025-09-30T09:28:02,   - Sync clocks... 
2025-09-30T09:28:02,  - Arduino Old Time: 2025-09-30T17:28:02
2025-09-30T09:28:03,  - Arduino New Time: 2025-09-30T17:28:03
2025-09-30T09:28:03, Message sent! Removing /TRANSMIT.csv
2025-09-30T09:28:03, Done loop ...
2025-09-30T09:28:03, ... powering down.
2025-09-30T09:28:08, Power down failed
2025-09-30T09:28:10, Data: 2025-09-30T09:28:08,4.07,23683,4283.00,4472.00,4316.50,3.94,74.76,4.43,874.13
2025-09-30T09:28:10, Add row to /TRACKING.csv
2025-09-30T09:28:10, Number of rows in /TRACKING.csv: 1
2025-09-30T09:28:13, Done loop ...
2025-09-30T09:28:13, ... powering down.
2025-09-30T09:28:18, Power down failed
2025-09-30T09:28:20, Data: 2025-09-30T09:28:18,4.07,23683,4238.00,4286.00,4255.50,3.94,74.99,4.43,874.11
2025-09-30T09:28:20, Add row to /TRACKING.csv
2025-09-30T09:28:21, Number of rows in /TRACKING.csv: 2
2025-09-30T09:28:23, Done loop ...
2025-09-30T09:28:23, ... powering down.
2025-09-30T09:28:29, Power down failed
2025-09-30T09:28:31, Data: 2025-09-30T09:28:29,4.06,23683,4249.00,4460.00,4267.50,3.92,75.20,4.43,874.16
2025-09-30T09:28:31, Add row to /TRACKING.csv
2025-09-30T09:28:31, Number of rows in /TRACKING.csv: 3
2025-09-30T09:28:34, Done loop ...
2025-09-30T09:28:34, ... powering down.
2025-09-30T09:29:47, Setup Complete
2025-09-30T09:29:49, Data: 2025-09-30T09:29:47,3.58,25631,4433.00,4445.00,4439.50,3.92,75.21,4.49,874.21
2025-09-30T09:29:49, Add row to /TRACKING.csv
2025-09-30T09:29:49, Number of rows in /TRACKING.csv: 4
2025-09-30T09:29:52, Number of rows in /TRACKING.csv is >= 4
2025-09-30T09:29:52, Remove tracking
2025-09-30T09:29:52, Write to /TRANSMIT.csv: 2025-09-30T09:29:47,3.58,4433.00,3.9,75
2025-09-30T09:29:53, Number of rows in /TRANSMIT.csv: 1
2025-09-30T09:29:53, Current hour = 9, Transmission hour = 1
2025-09-30T09:29:53, Current hour = 9, Transmission hour = 6
2025-09-30T09:29:53, Current hour = 9, Transmission hour = 8
2025-09-30T09:29:53, Current hour = 9, Transmission hour = 9
2025-09-30T09:29:53, 3009292443+03975
2025-09-30T09:29:55,  - attempt to send message: 3009292443+03975
2025-09-30T09:29:56,  - Modem begin successful
2025-09-30T09:29:56,  - Sending...
2025-09-30T09:30:26, Send response: 
2025-09-30T09:30:26,  - Retry...
2025-09-30T09:30:26,    - Sending...
2025-09-30T09:30:26,    - Send response: 10
2025-09-30T09:30:56,  Sync clocks... 
2025-09-30T09:30:56,  - Clock was not synced
2025-09-30T09:30:56, Transmission failed. Error = 10
2025-09-30T09:30:56, Done loop ...
2025-09-30T09:30:56, ... powering down.
2025-09-30T09:35:53, Setup Complete
2025-09-30T09:35:55, Data: 2025-09-30T09:35:53,3.67,25631,4313.00,4524.00,4457.00,3.82,76.11,4.16,874.09
2025-09-30T09:35:55, Add row to /TRACKING.csv
2025-09-30T09:35:55, Number of rows in /TRACKING.csv: 1
2025-09-30T09:35:58, Done loop ...
2025-09-30T09:35:58, ... powering down.
2025-09-30T09:36:08, Setup Complete
2025-09-30T09:36:10, Data: 2025-09-30T09:36:08,3.58,25631,4285.00,4304.00,4299.00,3.82,75.69,4.23,874.14
2025-09-30T09:36:10, Add row to /TRACKING.csv
2025-09-30T09:36:11, Number of rows in /TRACKING.csv: 2
2025-09-30T09:36:13, Done loop ...
2025-09-30T09:36:13, ... powering down.
2025-09-30T09:36:53, Setup Complete
2025-09-30T09:36:55, Data: 2025-09-30T09:36:53,3.58,25631,4293.00,4304.00,4299.50,3.84,75.00,4.50,874.02
2025-09-30T09:36:55, Add row to /TRACKING.csv
2025-09-30T09:36:55, Number of rows in /TRACKING.csv: 3
2025-09-30T09:36:58, Done loop ...
2025-09-30T09:36:58, ... powering down.
2025-09-30T09:37:44, Setup Complete
2025-09-30T09:37:46, Data: 2025-09-30T09:37:44,3.58,25631,4271.00,4515.00,4297.50,3.87,75.10,4.49,874.02
2025-09-30T09:37:46, Add row to /TRACKING.csv
2025-09-30T09:37:46, Number of rows in /TRACKING.csv: 4
2025-09-30T09:37:49, Number of rows in /TRACKING.csv is >= 4
2025-09-30T09:37:49, Remove tracking
2025-09-30T09:37:49, Write to /TRANSMIT.csv: 2025-09-30T09:37:44,3.58,4271.00,3.9,75
2025-09-30T09:37:50, Number of rows in /TRANSMIT.csv: 2
2025-09-30T09:37:50, Current hour = 9, Transmission hour = 1
2025-09-30T09:37:50, Current hour = 9, Transmission hour = 6
2025-09-30T09:37:50, Current hour = 9, Transmission hour = 8
2025-09-30T09:37:50, Current hour = 9, Transmission hour = 9
2025-09-30T09:37:50, 3009292443+03975:427+03975
2025-09-30T09:37:52,  - attempt to send message: 3009292443+03975:427+03975
2025-09-30T09:37:53,  - Modem begin successful
2025-09-30T09:37:53,  - Sending...
2025-09-30T09:38:09, Setup Complete
2025-09-30T09:38:12, Data: 2025-09-30T09:38:09,3.65,25631,4282.00,4317.00,4297.00,3.87,75.88,4.60,874.06
2025-09-30T09:38:12, Add row to /TRACKING.csv
2025-09-30T09:38:12, Number of rows in /TRACKING.csv: 1
2025-09-30T09:38:14, Done loop ...
2025-09-30T09:38:14, ... powering down.
2025-09-30T09:38:44, Setup Complete
2025-09-30T09:38:46, Data: 2025-09-30T09:38:44,3.57,25631,4279.00,4295.00,4291.50,3.88,75.40,4.67,874.09
2025-09-30T09:38:46, Add row to /TRACKING.csv
2025-09-30T09:38:46, Number of rows in /TRACKING.csv: 2
2025-09-30T09:38:49, Done loop ...
2025-09-30T09:38:49, ... powering down.
2025-09-30T09:39:14, Setup Complete
2025-09-30T09:39:16, Data: 2025-09-30T09:39:14,3.57,25631,4288.00,4301.00,4293.50,3.94,75.27,4.70,874.06
2025-09-30T09:39:16, Add row to /TRACKING.csv
2025-09-30T09:39:16, Number of rows in /TRACKING.csv: 3
2025-09-30T09:39:19, Done loop ...
2025-09-30T09:39:19, ... powering down.
2025-09-30T09:39:42, Setup Complete
2025-09-30T09:39:44, Data: 2025-09-30T09:39:42,3.57,25631,4273.00,4317.00,4295.50,3.94,74.50,4.75,874.10
2025-09-30T09:39:44, Add row to /TRACKING.csv
2025-09-30T09:39:44, Number of rows in /TRACKING.csv: 4
2025-09-30T09:39:47, Number of rows in /TRACKING.csv is >= 4
2025-09-30T09:39:47, Remove tracking
2025-09-30T09:39:47, Write to /TRANSMIT.csv: 2025-09-30T09:39:42,3.57,4273.00,3.9,74
2025-09-30T09:39:48, Number of rows in /TRANSMIT.csv: 3
2025-09-30T09:39:48, Current hour = 9, Transmission hour = 1
2025-09-30T09:39:48, Current hour = 9, Transmission hour = 6
2025-09-30T09:39:48, Current hour = 9, Transmission hour = 8
2025-09-30T09:39:48, Current hour = 9, Transmission hour = 9
2025-09-30T09:39:48, 3009292443+03975:427+03975:427+03974
2025-09-30T09:39:50,  - attempt to send message: 3009292443+03975:427+03975:427+03974
2025-09-30T09:39:51,  - Modem begin successful
2025-09-30T09:39:51,  - Sending...
2025-09-30T09:42:11,  - Send response: 
2025-09-30T09:42:11,   - Sync clocks... 
2025-09-30T09:42:11,  - Arduino Old Time: 2025-09-30T17:42:11
2025-09-30T09:42:11,  - Arduino New Time: 2025-09-30T17:42:11
2025-09-30T09:42:11, Message sent! Removing /TRANSMIT.csv
2025-09-30T09:42:11, Done loop ...
2025-09-30T09:42:11, ... powering down.
2025-09-30T09:46:22, Setup Complete
2025-09-30T09:46:24, Data: 2025-09-30T09:46:22,3.97,25631,4460.00,4566.00,4470.50,4.39,72.68,4.74,874.11
2025-09-30T09:46:24, Add row to /TRACKING.csv
2025-09-30T09:46:24, Number of rows in /TRACKING.csv: 1
2025-09-30T09:46:26, Done loop ...
2025-09-30T09:46:26, ... powering down.
2025-09-30T09:46:56, Setup Complete
2025-09-30T09:46:59, Data: 2025-09-30T09:46:56,3.58,25631,4455.00,4556.00,4468.00,4.39,73.95,4.78,874.11
2025-09-30T09:46:59, Add row to /TRACKING.csv
2025-09-30T09:46:59, Number of rows in /TRACKING.csv: 2
2025-09-30T09:47:01, Done loop ...
2025-09-30T09:47:01, ... powering down.
2025-09-30T09:47:21, Setup Complete
2025-09-30T09:47:23, Data: 2025-09-30T09:47:21,3.58,25631,4453.00,4468.00,4459.50,4.36,72.32,4.83,874.09
2025-09-30T09:47:23, Add row to /TRACKING.csv
2025-09-30T09:47:24, Number of rows in /TRACKING.csv: 3
2025-09-30T09:47:27, Done loop ...
2025-09-30T09:47:27, ... powering down.
2025-09-30T09:47:45, Setup Complete
2025-09-30T09:47:47, Data: 2025-09-30T09:47:45,3.58,25631,4444.00,4453.00,4450.00,4.37,72.03,4.89,874.06
2025-09-30T09:47:47, Add row to /TRACKING.csv
2025-09-30T09:47:48, Number of rows in /TRACKING.csv: 4
2025-09-30T09:47:51, Number of rows in /TRACKING.csv is >= 4
2025-09-30T09:47:51, Remove tracking
2025-09-30T09:47:51, Write to /TRANSMIT.csv: 2025-09-30T09:47:45,3.58,4444.00,4.4,72
2025-09-30T09:47:51, Number of rows in /TRANSMIT.csv: 1
2025-09-30T09:47:51, Current hour = 9, Transmission hour = 1
2025-09-30T09:47:51, Current hour = 9, Transmission hour = 6
2025-09-30T09:47:51, Current hour = 9, Transmission hour = 8
2025-09-30T09:47:51, Current hour = 9, Transmission hour = 9
2025-09-30T09:47:51, 3009472444+04472
2025-09-30T09:47:53,  - attempt to send message: 3009472444+04472
2025-09-30T09:47:54,  - Modem begin successful
2025-09-30T09:47:54,  - Sending...
2025-09-30T09:50:46,  - Send response: 
2025-09-30T09:50:46,   - Sync clocks... 
2025-09-30T09:50:46,  - Arduino Old Time: 2025-09-30T17:50:46
2025-09-30T09:50:47,  - Arduino New Time: 2025-09-30T17:50:47
2025-09-30T09:50:47, Message sent! Removing /TRANSMIT.csv
2025-09-30T09:50:47, Done loop ...
2025-09-30T09:50:47, ... powering down.
2025-09-30T09:53:10, Setup Complete
2025-09-30T09:53:12, Data: 2025-09-30T09:53:10,3.60,25631,3146.00,4469.00,4169.50,4.32,72.65,4.64,875.98
2025-09-30T09:53:12, Add row to /TRACKING.csv
2025-09-30T09:53:13, Number of rows in /TRACKING.csv: 1
2025-09-30T09:53:15, Done loop ...
2025-09-30T09:53:15, ... powering down.
2025-09-30T10:12:33, Setup Complete
2025-09-30T10:12:35, Data: 2025-09-30T10:12:33,3.57,25631,4566.00,4581.00,4579.00,4.60,72.52,5.82,873.93
2025-09-30T10:12:35, Add row to /TRACKING.csv
2025-09-30T10:12:35, Number of rows in /TRACKING.csv: 2
2025-09-30T10:12:38, Done loop ...
2025-09-30T10:12:38, ... powering down.
2025-09-30T10:31:55, Setup Complete
2025-09-30T10:31:57, Data: 2025-09-30T10:31:55,3.58,25631,644.00,4621.00,4484.00,4.82,73.78,5.97,873.90
2025-09-30T10:31:57, Add row to /TRACKING.csv
2025-09-30T10:31:57, Number of rows in /TRACKING.csv: 3
2025-09-30T10:32:00, Done loop ...
2025-09-30T10:32:00, ... powering down.
2025-09-30T10:51:17, Setup Complete
2025-09-30T10:51:20, Data: 2025-09-30T10:51:18,3.54,25631,645.00,4987.00,4574.50,5.13,70.69,6.43,874.00
2025-09-30T10:51:20, Add row to /TRACKING.csv
2025-09-30T10:51:20, Number of rows in /TRACKING.csv: 4
2025-09-30T10:51:23, Number of rows in /TRACKING.csv is >= 4
2025-09-30T10:51:23, Remove tracking
2025-09-30T10:51:23, Write to /TRANSMIT.csv: 2025-09-30T10:51:18,3.54,645.00,5.1,71
2025-09-30T10:51:23, Number of rows in /TRANSMIT.csv: 1
2025-09-30T10:51:23, Current hour = 10, Transmission hour = 1
2025-09-30T10:51:23, Current hour = 10, Transmission hour = 6
2025-09-30T10:51:24, Current hour = 10, Transmission hour = 8
2025-09-30T10:51:24, Current hour = 10, Transmission hour = 9
2025-09-30T10:51:24, Current hour = 10, Transmission hour = 10
2025-09-30T10:51:24, 3010512065+05171
2025-09-30T10:51:26,  - attempt to send message: 3010512065+05171
2025-09-30T10:51:26,  - Modem begin successful
2025-09-30T10:51:26,  - Sending...
2025-09-30T10:51:57, Send response: 
2025-09-30T10:51:57,  - Retry...
2025-09-30T10:51:57,    - Sending...
2025-09-30T10:51:57,    - Send response: 10
2025-09-30T10:52:27,  Sync clocks... 
2025-09-30T10:52:27,  - Clock was not synced
2025-09-30T10:52:27, Transmission failed. Error = 10
2025-09-30T10:52:27, Done loop ...
2025-09-30T10:52:27, ... powering down.
2025-09-30T11:10:40, Setup Complete
2025-09-30T11:10:42, Data: 2025-09-30T11:10:40,3.64,25631,4473.00,4500.00,4487.00,5.75,70.47,7.43,874.00
2025-09-30T11:10:42, Add row to /TRACKING.csv
2025-09-30T11:10:42, Number of rows in /TRACKING.csv: 1
2025-09-30T11:10:45, Done loop ...
2025-09-30T11:10:45, ... powering down.
2025-09-30T11:30:03, Setup Complete
2025-09-30T11:30:05, Data: 2025-09-30T11:30:03,3.57,25631,4426.00,4630.00,4465.00,5.90,67.84,8.28,873.64
2025-09-30T11:30:05, Add row to /TRACKING.csv
2025-09-30T11:30:05, Number of rows in /TRACKING.csv: 2
2025-09-30T11:30:08, Done loop ...
2025-09-30T11:30:08, ... powering down.
2025-09-30T11:49:25, Setup Complete
2025-09-30T11:49:27, Data: 2025-09-30T11:49:25,3.66,25631,4455.00,4578.00,4473.00,6.32,68.04,8.49,873.71
2025-09-30T11:49:27, Add row to /TRACKING.csv
2025-09-30T11:49:28, Number of rows in /TRACKING.csv: 3
2025-09-30T11:49:31, Done loop ...
2025-09-30T11:49:31, ... powering down.
2025-09-30T12:08:48, Setup Complete
2025-09-30T12:08:50, Data: 2025-09-30T12:08:48,3.67,25631,4485.00,4613.00,4598.00,7.05,66.85,10.65,873.53
2025-09-30T12:08:50, Add row to /TRACKING.csv
2025-09-30T12:08:50, Number of rows in /TRACKING.csv: 4
2025-09-30T12:08:54, Number of rows in /TRACKING.csv is >= 4
2025-09-30T12:08:54, Remove tracking
2025-09-30T12:08:54, Write to /TRANSMIT.csv: 2025-09-30T12:08:48,3.67,4485.00,7.1,67
2025-09-30T12:08:54, Number of rows in /TRANSMIT.csv: 2
2025-09-30T12:08:54, Current hour = 12, Transmission hour = 1
2025-09-30T12:08:54, Current hour = 12, Transmission hour = 6
2025-09-30T12:08:54, Current hour = 12, Transmission hour = 8
2025-09-30T12:08:54, Current hour = 12, Transmission hour = 9
2025-09-30T12:08:54, Current hour = 12, Transmission hour = 10
2025-09-30T12:08:54, Current hour = 12, Transmission hour = 15
2025-09-30T12:08:54, Current hour = 12, Transmission hour = 20
2025-09-30T12:08:54, Current hour = 12, Transmission hour = 22
2025-09-30T12:08:54, Done loop ...
2025-09-30T12:08:54, ... powering down.
2025-09-30T12:28:11, Setup Complete
2025-09-30T12:28:13, Data: 2025-09-30T12:28:11,3.68,25631,4483.00,4556.00,4499.00,6.77,66.65,10.13,873.23
2025-09-30T12:28:13, Add row to /TRACKING.csv
2025-09-30T12:28:13, Number of rows in /TRACKING.csv: 1
2025-09-30T12:28:15, Done loop ...
2025-09-30T12:28:16, ... powering down.
2025-09-30T12:47:34, Setup Complete
2025-09-30T12:47:36, Data: 2025-09-30T12:47:34,3.66,25631,498.00,4671.00,655.50,7.64,64.02,11.57,873.12
2025-09-30T12:47:36, Add row to /TRACKING.csv
2025-09-30T12:47:36, Number of rows in /TRACKING.csv: 2
2025-09-30T12:47:39, Done loop ...
2025-09-30T12:47:39, ... powering down.
2025-09-30T13:06:54, Setup Complete
2025-09-30T13:06:56, Data: 2025-09-30T13:06:54,3.89,25631,4509.00,4683.00,4595.50,7.38,67.20,10.95,873.04
2025-09-30T13:06:56, Add row to /TRACKING.csv
2025-09-30T13:06:56, Number of rows in /TRACKING.csv: 3
2025-09-30T13:06:59, Done loop ...
2025-09-30T13:06:59, ... powering down.
2025-09-30T13:26:17, Setup Complete
2025-09-30T13:26:19, Data: 2025-09-30T13:26:17,3.54,25631,4520.00,4672.00,4585.50,8.25,65.98,12.08,872.83
2025-09-30T13:26:19, Add row to /TRACKING.csv
2025-09-30T13:26:19, Number of rows in /TRACKING.csv: 4
2025-09-30T13:26:22, Number of rows in /TRACKING.csv is >= 4
2025-09-30T13:26:23, Remove tracking
2025-09-30T13:26:23, Write to /TRANSMIT.csv: 2025-09-30T13:26:17,3.54,4520.00,8.2,66
2025-09-30T13:26:23, Number of rows in /TRANSMIT.csv: 3
2025-09-30T13:26:23, Current hour = 13, Transmission hour = 1
2025-09-30T13:26:23, Current hour = 13, Transmission hour = 6
2025-09-30T13:26:23, Current hour = 13, Transmission hour = 8
2025-09-30T13:26:23, Current hour = 13, Transmission hour = 9
2025-09-30T13:26:23, Current hour = 13, Transmission hour = 10
2025-09-30T13:26:23, Current hour = 13, Transmission hour = 15
2025-09-30T13:26:23, Current hour = 13, Transmission hour = 20
2025-09-30T13:26:23, Current hour = 13, Transmission hour = 22
2025-09-30T13:26:23, Done loop ...
2025-09-30T13:26:23, ... powering down.
2025-09-30T13:45:40, Setup Complete
2025-09-30T13:45:42, Data: 2025-09-30T13:45:40,3.91,25631,656.00,4985.00,4533.50,8.96,64.17,13.13,872.67
2025-09-30T13:45:42, Add row to /TRACKING.csv
2025-09-30T13:45:42, Number of rows in /TRACKING.csv: 1
2025-09-30T13:45:44, Done loop ...
2025-09-30T13:45:44, ... powering down.
2025-09-30T14:05:02, Setup Complete
2025-09-30T14:05:05, Data: 2025-09-30T14:05:02,3.64,25631,4556.00,4987.00,4613.00,8.76,65.54,12.46,872.49
2025-09-30T14:05:05, Add row to /TRACKING.csv
2025-09-30T14:05:05, Number of rows in /TRACKING.csv: 2
2025-09-30T14:05:07, Done loop ...
2025-09-30T14:05:07, ... powering down.
2025-09-30T14:24:25, Setup Complete
2025-09-30T14:24:27, Data: 2025-09-30T14:24:25,3.58,25631,4517.00,4986.00,4616.50,8.87,64.65,12.37,872.45
2025-09-30T14:24:27, Add row to /TRACKING.csv
2025-09-30T14:24:28, Number of rows in /TRACKING.csv: 3
2025-09-30T14:24:30, Done loop ...
2025-09-30T14:24:30, ... powering down.
2025-09-30T14:43:48, Setup Complete
2025-09-30T14:43:50, Data: 2025-09-30T14:43:48,3.65,25631,4546.00,4988.00,4606.00,8.11,69.05,11.06,872.20
2025-09-30T14:43:50, Add row to /TRACKING.csv
2025-09-30T14:43:50, Number of rows in /TRACKING.csv: 4
2025-09-30T14:43:54, Number of rows in /TRACKING.csv is >= 4
2025-09-30T14:43:54, Remove tracking
2025-09-30T14:43:54, Write to /TRANSMIT.csv: 2025-09-30T14:43:48,3.65,4546.00,8.1,69
2025-09-30T14:43:54, Number of rows in /TRANSMIT.csv: 4
2025-09-30T14:43:54, Current hour = 14, Transmission hour = 1
2025-09-30T14:43:54, Current hour = 14, Transmission hour = 6
2025-09-30T14:43:54, Current hour = 14, Transmission hour = 8
2025-09-30T14:43:54, Current hour = 14, Transmission hour = 9
2025-09-30T14:43:54, Current hour = 14, Transmission hour = 10
2025-09-30T14:43:54, Current hour = 14, Transmission hour = 15
2025-09-30T14:43:54, Current hour = 14, Transmission hour = 20
2025-09-30T14:43:54, Current hour = 14, Transmission hour = 22
2025-09-30T14:43:54, Done loop ...
2025-09-30T14:43:54, ... powering down.
2025-09-30T15:03:11, Setup Complete
2025-09-30T15:03:13, Data: 2025-09-30T15:03:11,3.88,25631,659.00,4673.00,4628.50,8.43,69.65,10.80,872.30
2025-09-30T15:03:13, Add row to /TRACKING.csv
2025-09-30T15:03:13, Number of rows in /TRACKING.csv: 1
2025-09-30T15:03:16, Done loop ...
2025-09-30T15:03:16, ... powering down.
2025-09-30T15:22:32, Setup Complete
2025-09-30T15:22:35, Data: 2025-09-30T15:22:32,3.57,25631,4524.00,4643.00,4573.00,7.99,72.05,10.19,872.26
2025-09-30T15:22:35, Add row to /TRACKING.csv
2025-09-30T15:22:35, Number of rows in /TRACKING.csv: 2
2025-09-30T15:22:37, Done loop ...
2025-09-30T15:22:37, ... powering down.
2025-09-30T15:41:55, Setup Complete
2025-09-30T15:41:57, Data: 2025-09-30T15:41:55,3.76,25631,4561.00,4985.00,4606.00,7.49,69.81,9.67,871.91
2025-09-30T15:41:57, Add row to /TRACKING.csv
2025-09-30T15:41:57, Number of rows in /TRACKING.csv: 3
2025-09-30T15:42:00, Done loop ...
2025-09-30T15:42:00, ... powering down.
2025-09-30T16:01:17, Setup Complete
2025-09-30T16:01:20, Data: 2025-09-30T16:01:18,3.55,25631,4481.00,4988.00,4615.00,7.50,70.81,8.91,871.83
2025-09-30T16:01:20, Add row to /TRACKING.csv
2025-09-30T16:01:20, Number of rows in /TRACKING.csv: 4
2025-09-30T16:01:23, Number of rows in /TRACKING.csv is >= 4
2025-09-30T16:01:23, Remove tracking
2025-09-30T16:01:23, Write to /TRANSMIT.csv: 2025-09-30T16:01:18,3.55,4481.00,7.5,71
2025-09-30T16:01:23, Number of rows in /TRANSMIT.csv: 5
2025-09-30T16:01:23, Current hour = 16, Transmission hour = 1
2025-09-30T16:01:23, 3010512065+05171:449+07167:452+08266:455+08169:448+07571
2025-09-30T16:01:26,  - attempt to send message: 3010512065+05171:449+07167:452+08266:455+08169:448+07571
2025-09-30T16:03:26,  - Modem begin successful
2025-09-30T16:03:26,  - Sending...
2025-09-30T16:04:06, Send response: 
2025-09-30T16:04:06,  - Retry...
2025-09-30T16:04:06,    - Sending...
2025-09-30T16:04:06,    - Send response: 10
2025-09-30T16:04:36,  Sync clocks... 
2025-09-30T16:04:36,  - Clock was not synced
2025-09-30T16:04:37, Transmission failed. Error = 10
2025-09-30T16:04:37, Done loop ...
2025-09-30T16:04:37, ... powering down.
2025-09-30T16:20:40, Setup Complete
2025-09-30T16:20:42, Data: 2025-09-30T16:20:40,3.70,25631,4568.00,4986.00,4631.00,7.11,73.33,8.31,871.68
2025-09-30T16:20:42, Add row to /TRACKING.csv
2025-09-30T16:20:42, Number of rows in /TRACKING.csv: 1
2025-09-30T16:20:44, Done loop ...
2025-09-30T16:20:45, ... powering down.
2025-09-30T16:40:02, Setup Complete
2025-09-30T16:40:05, Data: 2025-09-30T16:40:03,3.57,25631,4470.00,4675.00,4599.00,6.66,74.84,7.65,871.64
2025-09-30T16:40:05, Add row to /TRACKING.csv
2025-09-30T16:40:05, Number of rows in /TRACKING.csv: 2
2025-09-30T16:40:07, Done loop ...
2025-09-30T16:40:08, ... powering down.
2025-09-30T16:59:25, Setup Complete
2025-09-30T16:59:27, Data: 2025-09-30T16:59:25,3.62,25631,4573.00,4986.00,4613.50,6.39,74.71,7.05,871.52
2025-09-30T16:59:27, Add row to /TRACKING.csv
2025-09-30T16:59:28, Number of rows in /TRACKING.csv: 3
2025-09-30T16:59:30, Done loop ...
2025-09-30T16:59:30, ... powering down.
2025-09-30T17:18:48, Setup Complete
2025-09-30T17:18:50, Data: 2025-09-30T17:18:48,3.62,25631,4548.00,4648.00,4583.50,6.21,76.84,6.50,871.53
2025-09-30T17:18:50, Add row to /TRACKING.csv
2025-09-30T17:18:50, Number of rows in /TRACKING.csv: 4
2025-09-30T17:18:54, Number of rows in /TRACKING.csv is >= 4
2025-09-30T17:18:54, Remove tracking
2025-09-30T17:18:54, Write to /TRANSMIT.csv: 2025-09-30T17:18:48,3.62,4548.00,6.2,77
2025-09-30T17:18:54, Number of rows in /TRANSMIT.csv: 6
2025-09-30T17:18:54, Current hour = 17, Transmission hour = 1
2025-09-30T17:18:54, 3010513065+05171:449+07167:452+08266:455+08169:448+07571:455+06277
2025-09-30T17:18:56,  - attempt to send message: 3010513065+05171:449+07167:452+08266:455+08169:448+07571:455+06277
2025-09-30T17:19:27,  - Modem begin successful
2025-09-30T17:19:27,  - Sending...
2025-09-30T17:19:57, Send response: 
2025-09-30T17:19:57,  - Retry...
2025-09-30T17:19:57,    - Sending...
2025-09-30T17:19:57,    - Send response: 10
2025-09-30T17:20:27,  Sync clocks... 
2025-09-30T17:20:27,  - Clock was not synced
2025-09-30T17:20:27, Transmission failed. Error = 10
2025-09-30T17:20:27, Done loop ...
2025-09-30T17:20:27, ... powering down.
2025-09-30T17:38:11, Setup Complete
2025-09-30T17:38:13, Data: 2025-09-30T17:38:11,3.53,25631,4457.00,4616.00,4565.00,6.09,76.63,6.18,871.54
2025-09-30T17:38:13, Add row to /TRACKING.csv
2025-09-30T17:38:13, Number of rows in /TRACKING.csv: 1
2025-09-30T17:38:15, Done loop ...
2025-09-30T17:38:15, ... powering down.
2025-09-30T17:57:33, Setup Complete
2025-09-30T17:57:35, Data: 2025-09-30T17:57:33,3.59,25631,4470.00,4642.00,4601.50,5.97,77.59,5.93,871.62
2025-09-30T17:57:35, Add row to /TRACKING.csv
2025-09-30T17:57:35, Number of rows in /TRACKING.csv: 2
2025-09-30T17:57:38, Done loop ...
2025-09-30T17:57:38, ... powering down.
2025-09-30T18:16:56, Setup Complete
2025-09-30T18:16:58, Data: 2025-09-30T18:16:56,3.58,25631,4550.00,4986.00,4614.00,5.97,77.78,5.62,871.50
2025-09-30T18:16:58, Add row to /TRACKING.csv
2025-09-30T18:16:58, Number of rows in /TRACKING.csv: 3
2025-09-30T18:17:01, Done loop ...
2025-09-30T18:17:01, ... powering down.
2025-09-30T18:36:18, Setup Complete
2025-09-30T18:36:20, Data: 2025-09-30T18:36:18,3.71,25631,4563.00,4636.00,4597.50,6.15,76.97,5.65,871.77
2025-09-30T18:36:20, Add row to /TRACKING.csv
2025-09-30T18:36:20, Number of rows in /TRACKING.csv: 4
2025-09-30T18:36:24, Number of rows in /TRACKING.csv is >= 4
2025-09-30T18:36:24, Remove tracking
2025-09-30T18:36:24, Write to /TRANSMIT.csv: 2025-09-30T18:36:18,3.71,4563.00,6.2,77
2025-09-30T18:36:24, Number of rows in /TRANSMIT.csv: 7
2025-09-30T18:36:24, Current hour = 18, Transmission hour = 1
2025-09-30T18:36:24, 3010514065+05171:449+07167:452+08266:455+08169:448+07571:455+06277:456+06277
2025-09-30T18:36:26,  - attempt to send message: 3010514065+05171:449+07167:452+08266:455+08169:448+07571:455+06277:456+06277
2025-09-30T18:37:27,  - Modem begin successful
2025-09-30T18:37:27,  - Sending...
2025-09-30T18:37:57, Send response: 
2025-09-30T18:37:57,  - Retry...
2025-09-30T18:37:57,    - Sending...
2025-09-30T18:37:57,    - Send response: 10
2025-09-30T18:38:27,  Sync clocks... 
2025-09-30T18:38:27,  - Clock was not synced
2025-09-30T18:38:27, Transmission failed. Error = 10
2025-09-30T18:38:27, Done loop ...
2025-09-30T18:38:27, ... powering down.
2025-09-30T18:55:40, Setup Complete
2025-09-30T18:55:42, Data: 2025-09-30T18:55:40,3.80,25631,4544.00,4987.00,4568.00,6.12,77.30,5.66,871.76
2025-09-30T18:55:42, Add row to /TRACKING.csv
2025-09-30T18:55:43, Number of rows in /TRACKING.csv: 1
2025-09-30T18:55:45, Done loop ...
2025-09-30T18:55:45, ... powering down.
2025-09-30T19:15:03, Setup Complete
2025-09-30T19:15:05, Data: 2025-09-30T19:15:03,3.74,25631,4504.00,4601.00,4588.00,6.05,77.19,5.76,871.93
2025-09-30T19:15:05, Add row to /TRACKING.csv
2025-09-30T19:15:05, Number of rows in /TRACKING.csv: 2
2025-09-30T19:15:08, Done loop ...
2025-09-30T19:15:08, ... powering down.
2025-09-30T19:34:25, Setup Complete
2025-09-30T19:34:27, Data: 2025-09-30T19:34:25,3.62,25631,4544.00,4987.00,4619.00,6.37,75.06,5.97,871.74
2025-09-30T19:34:27, Add row to /TRACKING.csv
2025-09-30T19:34:27, Number of rows in /TRACKING.csv: 3
2025-09-30T19:34:30, Done loop ...
2025-09-30T19:34:30, ... powering down.
2025-09-30T19:53:48, Setup Complete
2025-09-30T19:53:50, Data: 2025-09-30T19:53:48,3.54,25631,4540.00,4668.00,4582.50,6.14,77.23,5.88,871.89
2025-09-30T19:53:50, Add row to /TRACKING.csv
2025-09-30T19:53:50, Number of rows in /TRACKING.csv: 4
2025-09-30T19:53:53, Number of rows in /TRACKING.csv is >= 4
2025-09-30T19:53:53, Remove tracking
2025-09-30T19:53:53, Write to /TRANSMIT.csv: 2025-09-30T19:53:48,3.54,4540.00,6.1,77
2025-09-30T19:53:53, Number of rows in /TRANSMIT.csv: 8
2025-09-30T19:53:53, Current hour = 19, Transmission hour = 1
2025-09-30T19:53:54, 3010512065+05171:449+07167:452+08266:455+08169:448+07571:455+06277:456+06277:454+06177
2025-09-30T19:53:56,  - attempt to send message: 3010512065+05171:449+07167:452+08266:455+08169:448+07571:455+06277:456+06277:454+06177
2025-09-30T19:55:56,  - Modem begin successful
2025-09-30T19:55:56,  - Sending...
2025-09-30T19:56:26, Send response: 
2025-09-30T19:56:26,  - Retry...
2025-09-30T19:56:26,    - Sending...
2025-09-30T19:56:26,    - Send response: 10
2025-09-30T19:56:56,  Sync clocks... 
2025-09-30T19:56:56,  - Clock was not synced
2025-09-30T19:56:57, Transmission failed. Error = 10
2025-09-30T19:56:57, Done loop ...
2025-09-30T19:56:57, ... powering down.
2025-09-30T20:13:10, Setup Complete
2025-09-30T20:13:12, Data: 2025-09-30T20:13:10,3.54,25631,4549.00,4987.00,4605.50,6.14,76.72,5.83,871.88
2025-09-30T20:13:12, Add row to /TRACKING.csv
2025-09-30T20:13:12, Number of rows in /TRACKING.csv: 1
2025-09-30T20:13:14, Done loop ...
2025-09-30T20:13:15, ... powering down.
2025-09-30T20:32:32, Setup Complete
2025-09-30T20:32:34, Data: 2025-09-30T20:32:32,3.65,25631,4578.00,4648.00,4610.50,6.19,76.13,5.77,871.82
2025-09-30T20:32:34, Add row to /TRACKING.csv
2025-09-30T20:32:35, Number of rows in /TRACKING.csv: 2
2025-09-30T20:32:37, Done loop ...
2025-09-30T20:32:37, ... powering down.
2025-09-30T20:51:55, Setup Complete
2025-09-30T20:51:57, Data: 2025-09-30T20:51:55,3.58,25631,4562.00,4988.00,4621.50,6.01,77.38,5.72,871.66
2025-09-30T20:51:57, Add row to /TRACKING.csv
2025-09-30T20:51:57, Number of rows in /TRACKING.csv: 3
2025-09-30T20:52:00, Done loop ...
2025-09-30T20:52:00, ... powering down.
2025-09-30T21:11:17, Setup Complete
2025-09-30T21:11:19, Data: 2025-09-30T21:11:17,3.62,25631,4554.00,4987.00,4604.00,6.16,76.64,5.62,871.52
2025-09-30T21:11:19, Add row to /TRACKING.csv
2025-09-30T21:11:19, Number of rows in /TRACKING.csv: 4
2025-09-30T21:11:23, Number of rows in /TRACKING.csv is >= 4
2025-09-30T21:11:23, Remove tracking
2025-09-30T21:11:23, Write to /TRANSMIT.csv: 2025-09-30T21:11:17,3.62,4554.00,6.2,77
2025-09-30T21:11:23, Number of rows in /TRANSMIT.csv: 9
2025-09-30T21:11:23, Current hour = 21, Transmission hour = 1
2025-09-30T21:11:23, 3010513065+05171:449+07167:452+08266:455+08169:448+07571:455+06277:456+06277:454+06177:455+06277
2025-09-30T21:11:25,  - attempt to send message: 3010513065+05171:449+07167:452+08266:455+08169:448+07571:455+06277:456+06277:454+06177:455+06277
2025-09-30T21:11:26,  - Modem begin successful
2025-09-30T21:11:26,  - Sending...
2025-09-30T21:11:56, Send response: 
2025-09-30T21:11:56,  - Retry...
2025-09-30T21:11:56,    - Sending...
2025-09-30T21:11:56,    - Send response: 10
2025-09-30T21:12:26,  Sync clocks... 
2025-09-30T21:12:26,  - Clock was not synced
2025-09-30T21:12:26, Transmission failed. Error = 10
2025-09-30T21:12:26, Done loop ...
2025-09-30T21:12:26, ... powering down.
2025-09-30T21:30:40, Setup Complete
2025-09-30T21:30:42, Data: 2025-09-30T21:30:40,3.76,25631,649.00,4987.00,4592.00,5.98,77.24,5.64,871.25
2025-09-30T21:30:42, Add row to /TRACKING.csv
2025-09-30T21:30:42, Number of rows in /TRACKING.csv: 1
2025-09-30T21:30:44, Done loop ...
2025-09-30T21:30:44, ... powering down.
2025-09-30T21:50:02, Setup Complete
2025-09-30T21:50:04, Data: 2025-09-30T21:50:02,3.68,25631,4533.00,4581.00,4559.00,6.08,75.70,5.59,871.32
2025-09-30T21:50:04, Add row to /TRACKING.csv
2025-09-30T21:50:04, Number of rows in /TRACKING.csv: 2
2025-09-30T21:50:07, Done loop ...
2025-09-30T21:50:07, ... powering down.
2025-09-30T22:09:24, Setup Complete
2025-09-30T22:09:26, Data: 2025-09-30T22:09:24,3.66,25631,4537.00,4564.00,4552.00,6.26,74.94,5.79,871.46
2025-09-30T22:09:26, Add row to /TRACKING.csv
2025-09-30T22:09:26, Number of rows in /TRACKING.csv: 3
2025-09-30T22:09:29, Done loop ...
2025-09-30T22:09:29, ... powering down.
2025-09-30T22:28:46, Setup Complete
2025-09-30T22:28:48, Data: 2025-09-30T22:28:46,3.68,25631,4389.00,4575.00,4547.00,6.15,77.93,5.84,871.54
2025-09-30T22:28:49, Add row to /TRACKING.csv
2025-09-30T22:28:49, Number of rows in /TRACKING.csv: 4
2025-09-30T22:28:52, Number of rows in /TRACKING.csv is >= 4
2025-09-30T22:28:52, Remove tracking
2025-09-30T22:28:52, Write to /TRANSMIT.csv: 2025-09-30T22:28:46,3.68,4389.00,6.2,78
2025-09-30T22:28:52, Number of rows in /TRANSMIT.csv: 10
2025-09-30T22:28:52, Current hour = 22, Transmission hour = 1
2025-09-30T22:28:52, 3010513065+05171:449+07167:452+08266:455+08169:448+07571:455+06277:456+06277:454+06177:455+06277:439+06278
2025-09-30T22:28:54,  - attempt to send message: 3010513065+05171:449+07167:452+08266:455+08169:448+07571:455+06277:456+06277:454+06177:455+06277:439+06278
2025-09-30T22:28:55,  - Modem begin successful
2025-09-30T22:28:55,  - Sending...
2025-09-30T22:29:45,  - Send response: 
2025-09-30T22:29:45,   - Sync clocks... 
2025-09-30T22:29:45,  - Arduino Old Time: 2025-10-01T06:29:45
2025-09-30T22:29:42,  - Arduino New Time: 2025-10-01T06:29:42
2025-09-30T22:29:42, Message sent! Removing /TRANSMIT.csv
2025-09-30T22:29:42, n_transmit >= 10, too much to transmit, delete /TRANSMIT.csv
2025-09-30T22:29:42, Done loop ...
2025-09-30T22:29:43, ... powering down.
2025-09-30T22:48:05, Setup Complete
2025-09-30T22:48:08, Data: 2025-09-30T22:48:06,3.67,25631,4525.00,4561.00,4546.50,6.08,77.98,5.70,871.53
2025-09-30T22:48:08, Add row to /TRACKING.csv
2025-09-30T22:48:08, Number of rows in /TRACKING.csv: 1
2025-09-30T22:48:10, Done loop ...
2025-09-30T22:48:10, ... powering down.
2025-09-30T23:07:28, Setup Complete
2025-09-30T23:07:30, Data: 2025-09-30T23:07:28,3.67,25631,4413.00,4561.00,4501.50,5.73,80.60,5.52,871.55
2025-09-30T23:07:30, Add row to /TRACKING.csv
2025-09-30T23:07:30, Number of rows in /TRACKING.csv: 2
2025-09-30T23:07:33, Done loop ...
2025-09-30T23:07:33, ... powering down.
2025-09-30T23:26:50, Setup Complete
2025-09-30T23:26:52, Data: 2025-09-30T23:26:50,3.67,25631,4431.00,4569.00,4509.00,5.60,82.70,5.41,871.52
2025-09-30T23:26:52, Add row to /TRACKING.csv
2025-09-30T23:26:52, Number of rows in /TRACKING.csv: 3
2025-09-30T23:26:55, Done loop ...
2025-09-30T23:26:55, ... powering down.
2025-09-30T23:46:12, Setup Complete
2025-09-30T23:46:14, Data: 2025-09-30T23:46:12,3.67,25631,4422.00,4498.00,4479.50,5.38,85.69,5.21,871.67
2025-09-30T23:46:14, Add row to /TRACKING.csv
2025-09-30T23:46:14, Number of rows in /TRACKING.csv: 4
2025-09-30T23:46:18, Number of rows in /TRACKING.csv is >= 4
2025-09-30T23:46:18, Remove tracking
2025-09-30T23:46:18, Write to /TRANSMIT.csv: 2025-09-30T23:46:12,3.67,4422.00,5.4,86
2025-09-30T23:46:18, Number of rows in /TRANSMIT.csv: 1
2025-09-30T23:46:18, Current hour = 23, Transmission hour = 1
2025-09-30T23:46:18, Current hour = 23, Transmission hour = 6
2025-09-30T23:46:18, Current hour = 23, Transmission hour = 8
2025-09-30T23:46:18, Current hour = 23, Transmission hour = 9
2025-09-30T23:46:18, Current hour = 23, Transmission hour = 10
2025-09-30T23:46:18, Current hour = 23, Transmission hour = 15
2025-09-30T23:46:18, Current hour = 23, Transmission hour = 20
2025-09-30T23:46:18, Current hour = 23, Transmission hour = 22
2025-09-30T23:46:18, Done loop ...
2025-09-30T23:46:18, ... powering down.
2025-10-01T00:05:34, Setup Complete
2025-10-01T00:05:36, Data: 2025-10-01T00:05:34,3.67,25631,4477.00,4499.00,4488.50,5.40,85.16,5.11,871.72
2025-10-01T00:05:36, Add row to /TRACKING.csv
2025-10-01T00:05:37, Number of rows in /TRACKING.csv: 1
2025-10-01T00:05:39, Done loop ...
2025-10-01T00:05:39, ... powering down.
2025-10-01T00:24:56, Setup Complete
2025-10-01T00:24:58, Data: 2025-10-01T00:24:56,3.67,25631,4404.00,4452.00,4431.50,5.25,87.06,5.08,871.70
2025-10-01T00:24:59, Add row to /TRACKING.csv
2025-10-01T00:24:59, Number of rows in /TRACKING.csv: 2
2025-10-01T00:25:01, Done loop ...
2025-10-01T00:25:01, ... powering down.
2025-10-01T00:44:18, Setup Complete
2025-10-01T00:44:21, Data: 2025-10-01T00:44:18,3.67,25631,4474.00,4492.00,4484.00,5.25,87.68,5.07,871.63
2025-10-01T00:44:21, Add row to /TRACKING.csv
2025-10-01T00:44:21, Number of rows in /TRACKING.csv: 3
2025-10-01T00:44:24, Done loop ...
2025-10-01T00:44:24, ... powering down.
2025-10-01T01:03:41, Setup Complete
2025-10-01T01:03:43, Data: 2025-10-01T01:03:41,3.67,25631,4447.00,4499.00,4485.50,5.12,88.88,4.99,871.63
2025-10-01T01:03:43, Add row to /TRACKING.csv
2025-10-01T01:03:43, Number of rows in /TRACKING.csv: 4
2025-10-01T01:03:46, Number of rows in /TRACKING.csv is >= 4
2025-10-01T01:03:46, Remove tracking
2025-10-01T01:03:46, Write to /TRANSMIT.csv: 2025-10-01T01:03:41,3.67,4447.00,5.1,89
2025-10-01T01:03:47, Number of rows in /TRANSMIT.csv: 2
2025-10-01T01:03:47, Current hour = 1, Transmission hour = 1
2025-10-01T01:03:47, 3023463442+05486:445+05189
2025-10-01T01:03:49,  - attempt to send message: 3023463442+05486:445+05189
2025-10-01T01:03:49,  - Modem begin successful
2025-10-01T01:03:49,  - Sending...
2025-10-01T01:03:55,  - Send response: 
2025-10-01T01:03:55,   - Sync clocks... 
2025-10-01T01:03:55,  - Arduino Old Time: 2025-10-01T09:03:55
2025-10-01T01:03:54,  - Arduino New Time: 2025-10-01T09:03:54
2025-10-01T01:03:55, Message sent! Removing /TRANSMIT.csv
2025-10-01T01:03:55, Done loop ...
2025-10-01T01:03:55, ... powering down.
2025-10-01T01:23:02, Setup Complete
2025-10-01T01:23:04, Data: 2025-10-01T01:23:02,3.67,25631,4467.00,4495.00,4489.00,5.13,89.05,4.94,871.72
2025-10-01T01:23:04, Add row to /TRACKING.csv
2025-10-01T01:23:04, Number of rows in /TRACKING.csv: 1
2025-10-01T01:23:06, Done loop ...
2025-10-01T01:23:06, ... powering down.
2025-10-01T01:42:24, Setup Complete
2025-10-01T01:42:26, Data: 2025-10-01T01:42:24,3.67,25631,4450.00,4488.00,4473.50,5.12,88.98,4.94,871.74
2025-10-01T01:42:26, Add row to /TRACKING.csv
2025-10-01T01:42:26, Number of rows in /TRACKING.csv: 2
2025-10-01T01:42:29, Done loop ...
2025-10-01T01:42:29, ... powering down.
2025-10-01T02:01:46, Setup Complete
2025-10-01T02:01:48, Data: 2025-10-01T02:01:46,3.67,25631,4420.00,4476.00,4449.50,5.16,89.48,4.90,871.88
2025-10-01T02:01:48, Add row to /TRACKING.csv
2025-10-01T02:01:48, Number of rows in /TRACKING.csv: 3
2025-10-01T02:01:51, Done loop ...
2025-10-01T02:01:51, ... powering down.
2025-10-01T02:21:08, Setup Complete
2025-10-01T02:21:10, Data: 2025-10-01T02:21:08,3.67,25631,4463.00,4485.00,4473.00,5.20,90.18,4.93,871.91
2025-10-01T02:21:10, Add row to /TRACKING.csv
2025-10-01T02:21:10, Number of rows in /TRACKING.csv: 4
2025-10-01T02:21:14, Number of rows in /TRACKING.csv is >= 4
2025-10-01T02:21:14, Remove tracking
2025-10-01T02:21:14, Write to /TRANSMIT.csv: 2025-10-01T02:21:08,3.67,4463.00,5.2,90
2025-10-01T02:21:14, Number of rows in /TRANSMIT.csv: 1
2025-10-01T02:21:14, Current hour = 2, Transmission hour = 1
2025-10-01T02:21:14, Current hour = 2, Transmission hour = 6
2025-10-01T02:21:14, Current hour = 2, Transmission hour = 8
2025-10-01T02:21:14, Current hour = 2, Transmission hour = 9
2025-10-01T02:21:14, Current hour = 2, Transmission hour = 10
2025-10-01T02:21:14, Current hour = 2, Transmission hour = 15
2025-10-01T02:21:14, Current hour = 2, Transmission hour = 20
2025-10-01T02:21:14, Current hour = 2, Transmission hour = 22
2025-10-01T02:21:14, Done loop ...
2025-10-01T02:21:14, ... powering down.
2025-10-01T02:40:30, Setup Complete
2025-10-01T02:40:32, Data: 2025-10-01T02:40:30,3.67,25631,4469.00,4492.00,4485.00,5.16,90.34,4.91,871.88
2025-10-01T02:40:32, Add row to /TRACKING.csv
2025-10-01T02:40:33, Number of rows in /TRACKING.csv: 1
2025-10-01T02:40:35, Done loop ...
2025-10-01T02:40:35, ... powering down.
2025-10-01T02:59:52, Setup Complete
2025-10-01T02:59:55, Data: 2025-10-01T02:59:52,3.68,25631,498.00,4494.00,499.00,5.25,89.83,4.92,871.94
2025-10-01T02:59:55, Add row to /TRACKING.csv
2025-10-01T02:59:55, Number of rows in /TRACKING.csv: 2
2025-10-01T02:59:57, Done loop ...
2025-10-01T02:59:57, ... powering down.
2025-10-01T03:19:14, Setup Complete
2025-10-01T03:19:17, Data: 2025-10-01T03:19:15,3.76,25631,4502.00,4645.00,4595.50,5.09,91.03,4.90,871.96
2025-10-01T03:19:17, Add row to /TRACKING.csv
2025-10-01T03:19:17, Number of rows in /TRACKING.csv: 3
2025-10-01T03:19:20, Done loop ...
2025-10-01T03:19:20, ... powering down.
2025-10-01T03:38:37, Setup Complete
2025-10-01T03:38:39, Data: 2025-10-01T03:38:37,3.67,25631,4463.00,4985.00,4515.00,5.04,91.65,4.88,872.01
2025-10-01T03:38:39, Add row to /TRACKING.csv
2025-10-01T03:38:39, Number of rows in /TRACKING.csv: 4
2025-10-01T03:38:42, Number of rows in /TRACKING.csv is >= 4
2025-10-01T03:38:43, Remove tracking
2025-10-01T03:38:43, Write to /TRANSMIT.csv: 2025-10-01T03:38:37,3.67,4463.00,5.0,92
2025-10-01T03:38:43, Number of rows in /TRANSMIT.csv: 2
2025-10-01T03:38:43, Current hour = 3, Transmission hour = 1
2025-10-01T03:38:43, Current hour = 3, Transmission hour = 6
2025-10-01T03:38:43, Current hour = 3, Transmission hour = 8
2025-10-01T03:38:43, Current hour = 3, Transmission hour = 9
2025-10-01T03:38:43, Current hour = 3, Transmission hour = 10
2025-10-01T03:38:43, Current hour = 3, Transmission hour = 15
2025-10-01T03:38:43, Current hour = 3, Transmission hour = 20
2025-10-01T03:38:43, Current hour = 3, Transmission hour = 22
2025-10-01T03:38:43, Done loop ...
2025-10-01T03:38:43, ... powering down.
2025-10-01T03:57:59, Setup Complete
2025-10-01T03:58:01, Data: 2025-10-01T03:57:59,3.71,25631,4450.00,4988.00,4560.50,4.82,92.35,4.81,872.06
2025-10-01T03:58:01, Add row to /TRACKING.csv
2025-10-01T03:58:01, Number of rows in /TRACKING.csv: 1
2025-10-01T03:58:04, Done loop ...
2025-10-01T03:58:04, ... powering down.
2025-10-01T04:17:21, Setup Complete
2025-10-01T04:17:23, Data: 2025-10-01T04:17:21,3.56,25631,4500.00,4806.00,4617.00,4.92,92.71,4.79,872.03
2025-10-01T04:17:24, Add row to /TRACKING.csv
2025-10-01T04:17:24, Number of rows in /TRACKING.csv: 2
2025-10-01T04:17:26, Done loop ...
2025-10-01T04:17:26, ... powering down.
2025-10-01T04:36:44, Setup Complete
2025-10-01T04:36:46, Data: 2025-10-01T04:36:44,3.78,25631,651.00,4729.00,4563.00,4.74,93.41,4.72,872.07
2025-10-01T04:36:46, Add row to /TRACKING.csv
2025-10-01T04:36:46, Number of rows in /TRACKING.csv: 3
2025-10-01T04:36:49, Done loop ...
2025-10-01T04:36:49, ... powering down.
2025-10-01T04:56:06, Setup Complete
2025-10-01T04:56:08, Data: 2025-10-01T04:56:06,3.84,25631,4477.00,4984.00,4524.50,4.91,93.26,4.73,872.13
2025-10-01T04:56:08, Add row to /TRACKING.csv
2025-10-01T04:56:08, Number of rows in /TRACKING.csv: 4
2025-10-01T04:56:11, Number of rows in /TRACKING.csv is >= 4
2025-10-01T04:56:12, Remove tracking
2025-10-01T04:56:12, Write to /TRANSMIT.csv: 2025-10-01T04:56:06,3.84,4477.00,4.9,93
2025-10-01T04:56:12, Number of rows in /TRANSMIT.csv: 3
2025-10-01T04:56:12, Current hour = 4, Transmission hour = 1
2025-10-01T04:56:12, Current hour = 4, Transmission hour = 6
2025-10-01T04:56:12, Current hour = 4, Transmission hour = 8
2025-10-01T04:56:12, Current hour = 4, Transmission hour = 9
2025-10-01T04:56:12, Current hour = 4, Transmission hour = 10
2025-10-01T04:56:12, Current hour = 4, Transmission hour = 15
2025-10-01T04:56:12, Current hour = 4, Transmission hour = 20
2025-10-01T04:56:12, Current hour = 4, Transmission hour = 22
2025-10-01T04:56:12, Done loop ...
2025-10-01T04:56:12, ... powering down.
2025-10-01T05:15:28, Setup Complete
2025-10-01T05:15:30, Data: 2025-10-01T05:15:28,3.54,25631,4508.00,4658.00,4584.00,4.71,93.89,4.69,872.22
2025-10-01T05:15:30, Add row to /TRACKING.csv
2025-10-01T05:15:30, Number of rows in /TRACKING.csv: 1
2025-10-01T05:15:33, Done loop ...
2025-10-01T05:15:33, ... powering down.
2025-10-01T05:34:50, Setup Complete
2025-10-01T05:34:53, Data: 2025-10-01T05:34:50,3.56,25631,4487.00,4667.00,4548.00,4.95,93.76,4.72,872.16
2025-10-01T05:34:53, Add row to /TRACKING.csv
2025-10-01T05:34:53, Number of rows in /TRACKING.csv: 2
2025-10-01T05:34:55, Done loop ...
2025-10-01T05:34:55, ... powering down.
2025-10-01T05:54:13, Setup Complete
2025-10-01T05:54:15, Data: 2025-10-01T05:54:13,3.60,25631,4495.00,4747.00,4563.50,5.04,93.57,4.88,872.10
2025-10-01T05:54:15, Add row to /TRACKING.csv
2025-10-01T05:54:15, Number of rows in /TRACKING.csv: 3
2025-10-01T05:54:18, Done loop ...
2025-10-01T05:54:18, ... powering down.
2025-10-01T06:13:35, Setup Complete
2025-10-01T06:13:37, Data: 2025-10-01T06:13:35,3.55,25631,4551.00,4665.00,4589.00,4.81,94.53,4.74,872.26
2025-10-01T06:13:37, Add row to /TRACKING.csv
2025-10-01T06:13:37, Number of rows in /TRACKING.csv: 4
2025-10-01T06:13:41, Number of rows in /TRACKING.csv is >= 4
2025-10-01T06:13:41, Remove tracking
2025-10-01T06:13:41, Write to /TRANSMIT.csv: 2025-10-01T06:13:35,3.55,4551.00,4.8,95
2025-10-01T06:13:41, Number of rows in /TRANSMIT.csv: 4
2025-10-01T06:13:41, Current hour = 6, Transmission hour = 1
2025-10-01T06:13:41, Current hour = 6, Transmission hour = 6
2025-10-01T06:13:41, 0102212446+05290:446+05092:448+04993:455+04895
2025-10-01T06:13:43,  - attempt to send message: 0102212446+05290:446+05092:448+04993:455+04895
2025-10-01T06:14:44,  - Modem begin successful
2025-10-01T06:14:44,  - Sending...
2025-10-01T06:15:24, Send response: 
2025-10-01T06:15:24,  - Retry...
2025-10-01T06:15:24,    - Sending...
2025-10-01T06:15:24,    - Send response: 10
2025-10-01T06:15:54,  Sync clocks... 
2025-10-01T06:15:54,  - Clock was not synced
2025-10-01T06:15:54, Transmission failed. Error = 10
2025-10-01T06:15:54, Done loop ...
2025-10-01T06:15:54, ... powering down.
2025-10-01T06:32:57, Setup Complete
2025-10-01T06:32:59, Data: 2025-10-01T06:32:57,3.62,25631,4538.00,4682.00,4580.00,4.88,93.10,4.75,872.46
2025-10-01T06:33:00, Add row to /TRACKING.csv
2025-10-01T06:33:00, Number of rows in /TRACKING.csv: 1
2025-10-01T06:33:02, Done loop ...
2025-10-01T06:33:02, ... powering down.
2025-10-01T06:52:20, Setup Complete
2025-10-01T06:52:22, Data: 2025-10-01T06:52:20,3.66,25631,4456.00,4986.00,4576.00,4.65,94.11,4.65,872.59
2025-10-01T06:52:22, Add row to /TRACKING.csv
2025-10-01T06:52:22, Number of rows in /TRACKING.csv: 2
2025-10-01T06:52:25, Done loop ...
2025-10-01T06:52:25, ... powering down.
2025-10-01T07:11:42, Setup Complete
2025-10-01T07:11:44, Data: 2025-10-01T07:11:42,3.56,25631,4503.00,4629.00,4549.00,4.74,93.24,4.69,872.66
2025-10-01T07:11:44, Add row to /TRACKING.csv
2025-10-01T07:11:44, Number of rows in /TRACKING.csv: 3
2025-10-01T07:11:47, Done loop ...
2025-10-01T07:11:47, ... powering down.
2025-10-01T07:31:05, Setup Complete
2025-10-01T07:31:07, Data: 2025-10-01T07:31:05,3.60,25631,4507.00,4625.00,4555.50,4.88,92.69,4.91,872.69
2025-10-01T07:31:07, Add row to /TRACKING.csv
2025-10-01T07:31:07, Number of rows in /TRACKING.csv: 4
2025-10-01T07:31:10, Number of rows in /TRACKING.csv is >= 4
2025-10-01T07:31:10, Remove tracking
2025-10-01T07:31:10, Write to /TRANSMIT.csv: 2025-10-01T07:31:05,3.60,4507.00,4.9,93
2025-10-01T07:31:10, Number of rows in /TRANSMIT.csv: 5
2025-10-01T07:31:10, Current hour = 7, Transmission hour = 1
2025-10-01T07:31:11, 0102212446+05290:446+05092:448+04993:455+04895:451+04993
2025-10-01T07:31:13,  - attempt to send message: 0102212446+05290:446+05092:448+04993:455+04895:451+04993
2025-10-01T07:32:13,  - Modem begin successful
2025-10-01T07:32:13,  - Sending...
2025-10-01T07:32:43, Send response: 
2025-10-01T07:32:43,  - Retry...
2025-10-01T07:32:43,    - Sending...
2025-10-01T07:32:43,    - Send response: 10
2025-10-01T07:33:13,  Sync clocks... 
2025-10-01T07:33:13,  - Clock was not synced
2025-10-01T07:33:14, Transmission failed. Error = 10
2025-10-01T07:33:14, Done loop ...
2025-10-01T07:33:14, ... powering down.
2025-10-01T07:50:27, Setup Complete
2025-10-01T07:50:29, Data: 2025-10-01T07:50:27,3.56,25631,4528.00,4646.00,4599.50,4.94,95.83,5.39,872.98
2025-10-01T07:50:29, Add row to /TRACKING.csv
2025-10-01T07:50:29, Number of rows in /TRACKING.csv: 1
2025-10-01T07:50:32, Done loop ...
2025-10-01T07:50:32, ... powering down.
2025-10-01T08:09:50, Setup Complete
2025-10-01T08:09:52, Data: 2025-10-01T08:09:50,3.64,25631,4482.00,4639.00,4546.00,5.58,91.85,6.15,873.11
2025-10-01T08:09:52, Add row to /TRACKING.csv
2025-10-01T08:09:52, Number of rows in /TRACKING.csv: 2
2025-10-01T08:09:55, Done loop ...
2025-10-01T08:09:55, ... powering down.
2025-10-01T08:29:12, Setup Complete
2025-10-01T08:29:14, Data: 2025-10-01T08:29:12,3.74,25631,4520.00,4988.00,4568.00,5.16,94.94,6.51,873.26
2025-10-01T08:29:14, Add row to /TRACKING.csv
2025-10-01T08:29:15, Number of rows in /TRACKING.csv: 3
2025-10-01T08:29:18, Done loop ...
2025-10-01T08:29:18, ... powering down.
2025-10-01T08:48:35, Setup Complete
2025-10-01T08:48:37, Data: 2025-10-01T08:48:35,3.55,25631,4520.00,4813.00,4576.00,5.47,95.89,6.64,873.33
2025-10-01T08:48:37, Add row to /TRACKING.csv
2025-10-01T08:48:37, Number of rows in /TRACKING.csv: 4
2025-10-01T08:48:40, Number of rows in /TRACKING.csv is >= 4
2025-10-01T08:48:40, Remove tracking
2025-10-01T08:48:41, Write to /TRANSMIT.csv: 2025-10-01T08:48:35,3.55,4520.00,5.5,96
2025-10-01T08:48:41, Number of rows in /TRANSMIT.csv: 6
2025-10-01T08:48:41, Current hour = 8, Transmission hour = 1
2025-10-01T08:48:41, 0102212446+05290:446+05092:448+04993:455+04895:451+04993:452+05596
2025-10-01T08:48:43,  - attempt to send message: 0102212446+05290:446+05092:448+04993:455+04895:451+04993:452+05596
2025-10-01T08:48:44,  - Modem begin successful
2025-10-01T08:48:44,  - Sending...
2025-10-01T08:49:14, Send response: 
2025-10-01T08:49:14,  - Retry...
2025-10-01T08:49:14,    - Sending...
2025-10-01T08:49:14,    - Send response: 10
2025-10-01T08:49:44,  Sync clocks... 
2025-10-01T08:49:44,  - Clock was not synced
2025-10-01T08:49:44, Transmission failed. Error = 10
2025-10-01T08:49:44, Done loop ...
2025-10-01T08:49:44, ... powering down.
2025-10-01T09:07:57, Setup Complete
2025-10-01T09:08:00, Data: 2025-10-01T09:07:58,3.64,25631,4556.00,4987.00,4634.00,5.18,95.84,6.63,873.41
2025-10-01T09:08:00, Add row to /TRACKING.csv
2025-10-01T09:08:00, Number of rows in /TRACKING.csv: 1
2025-10-01T09:08:02, Done loop ...
2025-10-01T09:08:02, ... powering down.
2025-10-01T09:27:20, Setup Complete
2025-10-01T09:27:22, Data: 2025-10-01T09:27:20,3.73,25631,4499.00,4986.00,4604.00,4.87,97.04,5.87,873.55
2025-10-01T09:27:22, Add row to /TRACKING.csv
2025-10-01T09:27:22, Number of rows in /TRACKING.csv: 2
2025-10-01T09:27:25, Done loop ...
2025-10-01T09:27:25, ... powering down.
2025-10-01T09:46:43, Setup Complete
2025-10-01T09:46:45, Data: 2025-10-01T09:46:43,3.55,25631,4528.00,4727.00,4596.50,4.98,97.41,5.95,873.74
2025-10-01T09:46:45, Add row to /TRACKING.csv
2025-10-01T09:46:45, Number of rows in /TRACKING.csv: 3
2025-10-01T09:46:48, Done loop ...
2025-10-01T09:46:48, ... powering down.
2025-10-01T10:06:06, Setup Complete
2025-10-01T10:06:08, Data: 2025-10-01T10:06:06,3.82,25631,648.00,4613.00,4539.50,4.75,97.30,6.06,873.85
2025-10-01T10:06:08, Add row to /TRACKING.csv
2025-10-01T10:06:08, Number of rows in /TRACKING.csv: 4
2025-10-01T10:06:11, Number of rows in /TRACKING.csv is >= 4
2025-10-01T10:06:11, Remove tracking
2025-10-01T10:06:11, Write to /TRANSMIT.csv: 2025-10-01T10:06:06,3.82,648.00,4.8,97
2025-10-01T10:06:11, Number of rows in /TRANSMIT.csv: 7
2025-10-01T10:06:11, Current hour = 10, Transmission hour = 1
2025-10-01T10:06:12, 0102215446+05290:446+05092:448+04993:455+04895:451+04993:452+05596:065+04897
2025-10-01T10:06:14,  - attempt to send message: 0102215446+05290:446+05092:448+04993:455+04895:451+04993:452+05596:065+04897
2025-10-01T10:06:14,  - Modem begin successful
2025-10-01T10:06:14,  - Sending...
2025-10-01T10:06:44, Send response: 
2025-10-01T10:06:44,  - Retry...
2025-10-01T10:06:45,    - Sending...
2025-10-01T10:06:45,    - Send response: 10
2025-10-01T10:07:15,  Sync clocks... 
2025-10-01T10:07:15,  - Clock was not synced
2025-10-01T10:07:15, Transmission failed. Error = 10
2025-10-01T10:07:15, Done loop ...
2025-10-01T10:07:15, ... powering down.
2025-10-01T10:25:28, Setup Complete
2025-10-01T10:25:30, Data: 2025-10-01T10:25:28,3.72,25631,4546.00,4805.00,4575.50,4.73,97.42,6.41,873.91
2025-10-01T10:25:30, Add row to /TRACKING.csv
2025-10-01T10:25:30, Number of rows in /TRACKING.csv: 1
2025-10-01T10:25:33, Done loop ...
2025-10-01T10:25:33, ... powering down.
2025-10-01T10:44:51, Setup Complete
2025-10-01T10:44:53, Data: 2025-10-01T10:44:51,3.65,25631,4514.00,4694.00,4619.00,4.46,97.54,5.76,874.00
2025-10-01T10:44:53, Add row to /TRACKING.csv
2025-10-01T10:44:53, Number of rows in /TRACKING.csv: 2
2025-10-01T10:44:56, Done loop ...
2025-10-01T10:44:56, ... powering down.
2025-10-01T11:04:13, Setup Complete
2025-10-01T11:04:15, Data: 2025-10-01T11:04:13,3.67,25631,651.00,4987.00,4498.00,4.71,97.86,6.06,874.25
2025-10-01T11:04:15, Add row to /TRACKING.csv
2025-10-01T11:04:16, Number of rows in /TRACKING.csv: 3
2025-10-01T11:04:19, Done loop ...
2025-10-01T11:04:19, ... powering down.
2025-10-01T11:23:34, Setup Complete
2025-10-01T11:23:36, Data: 2025-10-01T11:23:34,3.64,25631,4563.00,4684.00,4645.50,5.44,95.72,8.52,874.18
2025-10-01T11:23:36, Add row to /TRACKING.csv
2025-10-01T11:23:36, Number of rows in /TRACKING.csv: 4
2025-10-01T11:23:39, Number of rows in /TRACKING.csv is >= 4
2025-10-01T11:23:40, Remove tracking
2025-10-01T11:23:40, Write to /TRANSMIT.csv: 2025-10-01T11:23:34,3.64,4563.00,5.4,96
2025-10-01T11:23:40, Number of rows in /TRANSMIT.csv: 8
2025-10-01T11:23:40, Current hour = 11, Transmission hour = 1
2025-10-01T11:23:40, 0102213446+05290:446+05092:448+04993:455+04895:451+04993:452+05596:065+04897:456+05496
2025-10-01T11:23:42,  - attempt to send message: 0102213446+05290:446+05092:448+04993:455+04895:451+04993:452+05596:065+04897:456+05496
2025-10-01T11:25:43,  - Modem begin unsuccessful
2025-10-01T11:25:43, Transmission failed. Error = 3
2025-10-01T11:25:43, Done loop ...
2025-10-01T11:25:43, ... powering down.
2025-10-01T11:42:55, Setup Complete
2025-10-01T11:42:58, Data: 2025-10-01T11:42:55,3.85,25631,4494.00,4663.00,4556.00,4.74,95.23,7.13,874.30
2025-10-01T11:42:58, Add row to /TRACKING.csv
2025-10-01T11:42:58, Number of rows in /TRACKING.csv: 1
2025-10-01T11:43:00, Done loop ...
2025-10-01T11:43:00, ... powering down.
2025-10-01T12:02:17, Setup Complete
2025-10-01T12:02:19, Data: 2025-10-01T12:02:17,3.58,25631,4498.00,4987.00,4591.00,5.50,95.03,7.54,874.45
2025-10-01T12:02:19, Add row to /TRACKING.csv
2025-10-01T12:02:19, Number of rows in /TRACKING.csv: 2
2025-10-01T12:02:22, Done loop ...
2025-10-01T12:02:22, ... powering down.
2025-10-01T12:21:38, Setup Complete
2025-10-01T12:21:40, Data: 2025-10-01T12:21:38,3.64,25631,4491.00,4510.00,4503.00,5.90,94.61,8.17,874.46
2025-10-01T12:21:40, Add row to /TRACKING.csv
2025-10-01T12:21:40, Number of rows in /TRACKING.csv: 3
2025-10-01T12:21:43, Done loop ...
2025-10-01T12:21:43, ... powering down.
2025-10-01T12:41:00, Setup Complete
2025-10-01T12:41:03, Data: 2025-10-01T12:41:00,3.56,25631,4550.00,4988.00,4681.00,6.12,92.78,8.80,874.44
2025-10-01T12:41:03, Add row to /TRACKING.csv
2025-10-01T12:41:03, Number of rows in /TRACKING.csv: 4
2025-10-01T12:41:06, Number of rows in /TRACKING.csv is >= 4
2025-10-01T12:41:06, Remove tracking
2025-10-01T12:41:06, Write to /TRANSMIT.csv: 2025-10-01T12:41:00,3.56,4550.00,6.1,93
2025-10-01T12:41:06, Number of rows in /TRANSMIT.csv: 9
2025-10-01T12:41:06, Current hour = 12, Transmission hour = 1
2025-10-01T12:41:06, 0102212446+05290:446+05092:448+04993:455+04895:451+04993:452+05596:065+04897:456+05496:455+06193
2025-10-01T12:41:08,  - attempt to send message: 0102212446+05290:446+05092:448+04993:455+04895:451+04993:452+05596:065+04897:456+05496:455+06193
2025-10-01T12:42:09,  - Modem begin successful
2025-10-01T12:42:09,  - Sending...
2025-10-01T12:42:39, Send response: 
2025-10-01T12:42:39,  - Retry...
2025-10-01T12:42:39,    - Sending...
2025-10-01T12:42:39,    - Send response: 10
2025-10-01T12:43:09,  Sync clocks... 
2025-10-01T12:43:09,  - Clock was not synced
2025-10-01T12:43:09, Transmission failed. Error = 10
2025-10-01T12:43:10, Done loop ...
2025-10-01T12:43:10, ... powering down.
2025-10-01T13:00:23, Setup Complete
2025-10-01T13:00:25, Data: 2025-10-01T13:00:23,3.87,25631,4548.00,4637.00,4611.00,6.19,94.06,8.74,874.54
2025-10-01T13:00:25, Add row to /TRACKING.csv
2025-10-01T13:00:25, Number of rows in /TRACKING.csv: 1
2025-10-01T13:00:28, Done loop ...
2025-10-01T13:00:28, ... powering down.
2025-10-01T13:19:45, Setup Complete
2025-10-01T13:19:48, Data: 2025-10-01T13:19:46,3.65,25631,4538.00,4812.00,4625.50,5.56,95.39,7.85,874.72
2025-10-01T13:19:48, Add row to /TRACKING.csv
2025-10-01T13:19:48, Number of rows in /TRACKING.csv: 2
2025-10-01T13:19:50, Done loop ...
2025-10-01T13:19:51, ... powering down.
2025-10-01T13:39:08, Setup Complete
2025-10-01T13:39:10, Data: 2025-10-01T13:39:08,3.59,25631,4564.00,4987.00,4607.50,5.90,95.46,7.86,874.79
2025-10-01T13:39:10, Add row to /TRACKING.csv
2025-10-01T13:39:11, Number of rows in /TRACKING.csv: 3
2025-10-01T13:39:13, Done loop ...
2025-10-01T13:39:13, ... powering down.
2025-10-01T13:58:31, Setup Complete
2025-10-01T13:58:33, Data: 2025-10-01T13:58:31,3.77,25631,4521.00,4689.00,4567.00,5.22,96.16,7.18,874.86
2025-10-01T13:58:33, Add row to /TRACKING.csv
2025-10-01T13:58:33, Number of rows in /TRACKING.csv: 4
2025-10-01T13:58:36, Number of rows in /TRACKING.csv is >= 4
2025-10-01T13:58:37, Remove tracking
2025-10-01T13:58:37, Write to /TRANSMIT.csv: 2025-10-01T13:58:31,3.77,4521.00,5.2,96
2025-10-01T13:58:37, Number of rows in /TRANSMIT.csv: 10
2025-10-01T13:58:37, Current hour = 13, Transmission hour = 1
2025-10-01T13:58:37, 0102214446+05290:446+05092:448+04993:455+04895:451+04993:452+05596:065+04897:456+05496:455+06193:452+05296
2025-10-01T13:58:39,  - attempt to send message: 0102214446+05290:446+05092:448+04993:455+04895:451+04993:452+05596:065+04897:456+05496:455+06193:452+05296
2025-10-01T13:59:40,  - Modem begin successful
2025-10-01T13:59:40,  - Sending...
2025-10-01T14:00:40, Send response: 
2025-10-01T14:00:40,  - Retry...
2025-10-01T14:00:40,    - Sending...
2025-10-01T14:00:40,    - Send response: 10
2025-10-01T14:01:10,  Sync clocks... 
2025-10-01T14:01:10,  - Clock was not synced
2025-10-01T14:01:10, Transmission failed. Error = 10
2025-10-01T14:01:10, n_transmit >= 10, too much to transmit, delete /TRANSMIT.csv
2025-10-01T14:01:10, Done loop ...
2025-10-01T14:01:10, ... powering down.
2025-10-01T14:17:53, Setup Complete
2025-10-01T14:17:56, Data: 2025-10-01T14:17:53,3.60,25631,4519.00,4987.00,4588.50,5.51,93.78,6.88,875.04
2025-10-01T14:17:56, Add row to /TRACKING.csv
2025-10-01T14:17:56, Number of rows in /TRACKING.csv: 1
2025-10-01T14:17:58, Done loop ...
2025-10-01T14:17:58, ... powering down.
2025-10-01T14:37:16, Setup Complete
2025-10-01T14:37:18, Data: 2025-10-01T14:37:16,3.62,25631,4516.00,4852.00,4599.50,5.58,95.37,6.89,875.14
2025-10-01T14:37:18, Add row to /TRACKING.csv
2025-10-01T14:37:19, Number of rows in /TRACKING.csv: 2
2025-10-01T14:37:21, Done loop ...
2025-10-01T14:37:21, ... powering down.
2025-10-01T14:56:39, Setup Complete
2025-10-01T14:56:41, Data: 2025-10-01T14:56:39,3.54,25631,4507.00,4620.00,4513.50,6.05,95.57,7.56,875.21
2025-10-01T14:56:41, Add row to /TRACKING.csv
2025-10-01T14:56:41, Number of rows in /TRACKING.csv: 3
2025-10-01T14:56:44, Done loop ...
2025-10-01T14:56:44, ... powering down.
2025-10-01T15:16:01, Setup Complete
2025-10-01T15:16:03, Data: 2025-10-01T15:16:01,3.76,25631,499.00,4986.00,4522.00,7.32,89.08,9.25,875.24
2025-10-01T15:16:03, Add row to /TRACKING.csv
2025-10-01T15:16:03, Number of rows in /TRACKING.csv: 4
2025-10-01T15:16:06, Number of rows in /TRACKING.csv is >= 4
2025-10-01T15:16:06, Remove tracking
2025-10-01T15:16:06, Write to /TRANSMIT.csv: 2025-10-01T15:16:01,3.76,499.00,7.3,89
2025-10-01T15:16:06, Number of rows in /TRANSMIT.csv: 1
2025-10-01T15:16:07, Current hour = 15, Transmission hour = 1
2025-10-01T15:16:07, Current hour = 15, Transmission hour = 6
2025-10-01T15:16:07, Current hour = 15, Transmission hour = 8
2025-10-01T15:16:07, Current hour = 15, Transmission hour = 9
2025-10-01T15:16:07, Current hour = 15, Transmission hour = 10
2025-10-01T15:16:07, Current hour = 15, Transmission hour = 15
2025-10-01T15:16:07, 0115164050+07389
2025-10-01T15:16:09,  - attempt to send message: 0115164050+07389
2025-10-01T15:16:10,  - Modem begin successful
2025-10-01T15:16:10,  - Sending...
2025-10-01T15:16:40, Send response: 
2025-10-01T15:16:40,  - Retry...
2025-10-01T15:16:40,    - Sending...
2025-10-01T15:16:40,    - Send response: 10
2025-10-01T15:17:10,  Sync clocks... 
2025-10-01T15:17:10,  - Clock was not synced
2025-10-01T15:17:10, Transmission failed. Error = 10
2025-10-01T15:17:10, Done loop ...
2025-10-01T15:17:10, ... powering down.
2025-10-01T15:35:21, Setup Complete
2025-10-01T15:35:24, Data: 2025-10-01T15:35:21,3.64,25631,652.00,4988.00,4626.50,7.69,82.78,10.41,875.26
2025-10-01T15:35:24, Add row to /TRACKING.csv
2025-10-01T15:35:24, Number of rows in /TRACKING.csv: 1
2025-10-01T15:35:26, Done loop ...
2025-10-01T15:35:26, ... powering down.
2025-10-01T15:54:44, Setup Complete
2025-10-01T15:54:46, Data: 2025-10-01T15:54:44,3.67,25631,647.00,4636.00,4528.50,7.01,87.89,9.28,875.46
2025-10-01T15:54:46, Add row to /TRACKING.csv
2025-10-01T15:54:47, Number of rows in /TRACKING.csv: 2
2025-10-01T15:54:49, Done loop ...
2025-10-01T15:54:49, ... powering down.
2025-10-01T16:14:07, Setup Complete
2025-10-01T16:14:09, Data: 2025-10-01T16:14:07,3.57,25631,500.00,4986.00,4504.50,7.94,86.35,9.25,875.58
2025-10-01T16:14:09, Add row to /TRACKING.csv
2025-10-01T16:14:09, Number of rows in /TRACKING.csv: 3
2025-10-01T16:14:12, Done loop ...
2025-10-01T16:14:12, ... powering down.
2025-10-01T16:33:30, Setup Complete
2025-10-01T16:33:32, Data: 2025-10-01T16:33:30,3.83,25631,654.00,4987.00,4509.50,6.87,87.55,8.33,875.57
2025-10-01T16:33:32, Add row to /TRACKING.csv
2025-10-01T16:33:32, Number of rows in /TRACKING.csv: 4
2025-10-01T16:33:35, Number of rows in /TRACKING.csv is >= 4
2025-10-01T16:33:35, Remove tracking
2025-10-01T16:33:35, Write to /TRANSMIT.csv: 2025-10-01T16:33:30,3.83,654.00,6.9,88
2025-10-01T16:33:36, Number of rows in /TRANSMIT.csv: 2
2025-10-01T16:33:36, Current hour = 16, Transmission hour = 1
2025-10-01T16:33:36, Current hour = 16, Transmission hour = 6
2025-10-01T16:33:36, Current hour = 16, Transmission hour = 8
2025-10-01T16:33:36, Current hour = 16, Transmission hour = 9
2025-10-01T16:33:36, Current hour = 16, Transmission hour = 10
2025-10-01T16:33:36, Current hour = 16, Transmission hour = 15
2025-10-01T16:33:36, Current hour = 16, Transmission hour = 20
2025-10-01T16:33:36, Current hour = 16, Transmission hour = 22
2025-10-01T16:33:36, Done loop ...
2025-10-01T16:33:36, ... powering down.
2025-10-01T16:52:52, Setup Complete
2025-10-01T16:52:55, Data: 2025-10-01T16:52:52,3.58,25631,4536.00,4988.00,4617.00,6.32,87.01,7.30,875.70
2025-10-01T16:52:55, Add row to /TRACKING.csv
2025-10-01T16:52:55, Number of rows in /TRACKING.csv: 1
2025-10-01T16:52:57, Done loop ...
2025-10-01T16:52:57, ... powering down.
2025-10-01T17:12:15, Setup Complete
2025-10-01T17:12:17, Data: 2025-10-01T17:12:15,3.62,25631,4562.00,4987.00,4643.50,8.42,75.22,8.30,875.89
2025-10-01T17:12:17, Add row to /TRACKING.csv
2025-10-01T17:12:18, Number of rows in /TRACKING.csv: 2
2025-10-01T17:12:20, Done loop ...
2025-10-01T17:12:20, ... powering down.
2025-10-01T17:31:38, Setup Complete
2025-10-01T17:31:40, Data: 2025-10-01T17:31:38,3.56,25631,4500.00,4985.00,4537.00,9.19,71.11,9.03,875.88
2025-10-01T17:31:40, Add row to /TRACKING.csv
2025-10-01T17:31:41, Number of rows in /TRACKING.csv: 3
2025-10-01T17:31:44, Done loop ...
2025-10-01T17:31:44, ... powering down.
2025-10-01T17:51:01, Setup Complete
2025-10-01T17:51:03, Data: 2025-10-01T17:51:01,3.56,25631,4526.00,4627.00,4542.50,7.76,78.90,7.85,875.96
2025-10-01T17:51:03, Add row to /TRACKING.csv
2025-10-01T17:51:03, Number of rows in /TRACKING.csv: 4
2025-10-01T17:51:06, Number of rows in /TRACKING.csv is >= 4
2025-10-01T17:51:07, Remove tracking
2025-10-01T17:51:07, Write to /TRANSMIT.csv: 2025-10-01T17:51:01,3.56,4526.00,7.8,79
2025-10-01T17:51:07, Number of rows in /TRANSMIT.csv: 3
2025-10-01T17:51:07, Current hour = 17, Transmission hour = 1
2025-10-01T17:51:07, Current hour = 17, Transmission hour = 6
2025-10-01T17:51:07, Current hour = 17, Transmission hour = 8
2025-10-01T17:51:07, Current hour = 17, Transmission hour = 9
2025-10-01T17:51:07, Current hour = 17, Transmission hour = 10
2025-10-01T17:51:07, Current hour = 17, Transmission hour = 15
2025-10-01T17:51:07, Current hour = 17, Transmission hour = 20
2025-10-01T17:51:07, Current hour = 17, Transmission hour = 22
2025-10-01T17:51:07, Done loop ...
2025-10-01T17:51:07, ... powering down.
2025-10-01T18:10:23, Setup Complete
2025-10-01T18:10:25, Data: 2025-10-01T18:10:23,3.64,25631,647.00,4986.00,4571.00,5.88,87.25,6.51,876.07
2025-10-01T18:10:26, Add row to /TRACKING.csv
2025-10-01T18:10:26, Number of rows in /TRACKING.csv: 1
2025-10-01T18:10:28, Done loop ...
2025-10-01T18:10:28, ... powering down.
2025-10-01T18:29:46, Setup Complete
2025-10-01T18:29:48, Data: 2025-10-01T18:29:46,3.83,25631,4536.00,4986.00,4576.50,5.64,86.29,5.83,876.31
2025-10-01T18:29:48, Add row to /TRACKING.csv
2025-10-01T18:29:48, Number of rows in /TRACKING.csv: 2
2025-10-01T18:29:51, Done loop ...
2025-10-01T18:29:51, ... powering down.
2025-10-01T18:49:08, Setup Complete
2025-10-01T18:49:10, Data: 2025-10-01T18:49:08,3.56,25631,4516.00,4787.00,4588.50,5.53,87.96,5.56,876.50
2025-10-01T18:49:10, Add row to /TRACKING.csv
2025-10-01T18:49:10, Number of rows in /TRACKING.csv: 3
2025-10-01T18:49:13, Done loop ...
2025-10-01T18:49:13, ... powering down.
2025-10-01T19:08:30, Setup Complete
2025-10-01T19:08:33, Data: 2025-10-01T19:08:30,3.58,25631,4456.00,4987.00,4561.50,5.38,89.84,5.37,876.53
2025-10-01T19:08:33, Add row to /TRACKING.csv
2025-10-01T19:08:33, Number of rows in /TRACKING.csv: 4
2025-10-01T19:08:36, Number of rows in /TRACKING.csv is >= 4
2025-10-01T19:08:36, Remove tracking
2025-10-01T19:08:36, Write to /TRANSMIT.csv: 2025-10-01T19:08:30,3.58,4456.00,5.4,90
2025-10-01T19:08:36, Number of rows in /TRANSMIT.csv: 4
2025-10-01T19:08:36, Current hour = 19, Transmission hour = 1
2025-10-01T19:08:36, Current hour = 19, Transmission hour = 6
2025-10-01T19:08:36, Current hour = 19, Transmission hour = 8
2025-10-01T19:08:36, Current hour = 19, Transmission hour = 9
2025-10-01T19:08:36, Current hour = 19, Transmission hour = 10
2025-10-01T19:08:37, Current hour = 19, Transmission hour = 15
2025-10-01T19:08:37, Current hour = 19, Transmission hour = 20
2025-10-01T19:08:37, Current hour = 19, Transmission hour = 22
2025-10-01T19:08:37, Done loop ...
2025-10-01T19:08:37, ... powering down.
2025-10-01T19:27:53, Setup Complete
2025-10-01T19:27:55, Data: 2025-10-01T19:27:53,3.83,25631,4530.00,4988.00,4574.50,5.28,89.27,5.23,876.57
2025-10-01T19:27:55, Add row to /TRACKING.csv
2025-10-01T19:27:55, Number of rows in /TRACKING.csv: 1
2025-10-01T19:27:57, Done loop ...
2025-10-01T19:27:57, ... powering down.
2025-10-01T19:47:15, Setup Complete
2025-10-01T19:47:17, Data: 2025-10-01T19:47:15,3.83,25631,4495.00,4650.00,4586.00,5.25,86.97,5.03,876.70
2025-10-01T19:47:17, Add row to /TRACKING.csv
2025-10-01T19:47:17, Number of rows in /TRACKING.csv: 2
2025-10-01T19:47:20, Done loop ...
2025-10-01T19:47:20, ... powering down.
2025-10-01T20:06:37, Setup Complete
2025-10-01T20:06:39, Data: 2025-10-01T20:06:37,3.82,25631,647.00,4986.00,4629.50,5.40,86.67,4.85,876.81
2025-10-01T20:06:39, Add row to /TRACKING.csv
2025-10-01T20:06:40, Number of rows in /TRACKING.csv: 3
2025-10-01T20:06:42, Done loop ...
2025-10-01T20:06:43, ... powering down.
2025-10-01T20:25:59, Setup Complete
2025-10-01T20:26:02, Data: 2025-10-01T20:26:00,3.67,25631,4582.00,4989.00,4662.50,5.66,83.24,5.05,876.93
2025-10-01T20:26:02, Add row to /TRACKING.csv
2025-10-01T20:26:02, Number of rows in /TRACKING.csv: 4
2025-10-01T20:26:05, Number of rows in /TRACKING.csv is >= 4
2025-10-01T20:26:05, Remove tracking
2025-10-01T20:26:05, Write to /TRANSMIT.csv: 2025-10-01T20:26:00,3.67,4582.00,5.7,83
2025-10-01T20:26:05, Number of rows in /TRANSMIT.csv: 5
2025-10-01T20:26:05, Current hour = 20, Transmission hour = 1
2025-10-01T20:26:05, 0115163050+07389:065+06988:453+07879:446+05490:458+05783
2025-10-01T20:26:08,  - attempt to send message: 0115163050+07389:065+06988:453+07879:446+05490:458+05783
2025-10-01T20:27:38,  - Modem begin unsuccessful
2025-10-01T20:27:38, Transmission failed. Error = 3
2025-10-01T20:27:38, Done loop ...
2025-10-01T20:27:38, ... powering down.
2025-10-01T20:45:22, Setup Complete
2025-10-01T20:45:24, Data: 2025-10-01T20:45:22,3.57,25631,4579.00,4988.00,4656.50,5.53,83.85,5.10,876.98
2025-10-01T20:45:24, Add row to /TRACKING.csv
2025-10-01T20:45:24, Number of rows in /TRACKING.csv: 1
2025-10-01T20:45:26, Done loop ...
2025-10-01T20:45:26, ... powering down.
2025-10-01T21:04:44, Setup Complete
2025-10-01T21:04:46, Data: 2025-10-01T21:04:44,3.65,25631,646.00,4988.00,4805.00,5.83,82.34,5.25,877.09
2025-10-01T21:04:46, Add row to /TRACKING.csv
2025-10-01T21:04:46, Number of rows in /TRACKING.csv: 2
2025-10-01T21:04:49, Done loop ...
2025-10-01T21:04:49, ... powering down.
2025-10-01T21:24:06, Setup Complete
2025-10-01T21:24:08, Data: 2025-10-01T21:24:06,3.68,25631,4565.00,4648.00,4610.00,5.73,83.83,5.26,877.27
2025-10-01T21:24:08, Add row to /TRACKING.csv
2025-10-01T21:24:09, Number of rows in /TRACKING.csv: 3
2025-10-01T21:24:12, Done loop ...
2025-10-01T21:24:12, ... powering down.
2025-10-01T21:43:29, Setup Complete
2025-10-01T21:43:31, Data: 2025-10-01T21:43:29,3.60,25631,4518.00,4803.00,4663.00,5.56,83.66,5.04,877.25
2025-10-01T21:43:31, Add row to /TRACKING.csv
2025-10-01T21:43:31, Number of rows in /TRACKING.csv: 4
2025-10-01T21:43:34, Number of rows in /TRACKING.csv is >= 4
2025-10-01T21:43:34, Remove tracking
2025-10-01T21:43:34, Write to /TRANSMIT.csv: 2025-10-01T21:43:29,3.60,4518.00,5.6,84
2025-10-01T21:43:35, Number of rows in /TRANSMIT.csv: 6
2025-10-01T21:43:35, Current hour = 21, Transmission hour = 1
2025-10-01T21:43:35, 0115162050+07389:065+06988:453+07879:446+05490:458+05783:452+05684
2025-10-01T21:43:37,  - attempt to send message: 0115162050+07389:065+06988:453+07879:446+05490:458+05783:452+05684
2025-10-01T21:44:08,  - Modem begin successful
2025-10-01T21:44:08,  - Sending...
2025-10-01T21:44:10,  - Send response: 
2025-10-01T21:44:10,   - Sync clocks... 
2025-10-01T21:44:10,  - Arduino Old Time: 2025-10-02T05:44:10
2025-10-01T21:44:04,  - Arduino New Time: 2025-10-02T05:44:04
2025-10-01T21:44:04, Message sent! Removing /TRANSMIT.csv
2025-10-01T21:44:04, Done loop ...
2025-10-01T21:44:04, ... powering down.
2025-10-01T22:02:45, Setup Complete
2025-10-01T22:02:47, Data: 2025-10-01T22:02:45,3.67,25631,4483.00,4665.00,4611.50,5.07,86.14,4.52,877.41
2025-10-01T22:02:47, Add row to /TRACKING.csv
2025-10-01T22:02:47, Number of rows in /TRACKING.csv: 1
2025-10-01T22:02:50, Done loop ...
2025-10-01T22:02:50, ... powering down.
2025-10-01T22:22:07, Setup Complete
2025-10-01T22:22:10, Data: 2025-10-01T22:22:07,3.55,25631,4527.00,4986.00,4624.50,4.85,86.42,4.12,877.56
2025-10-01T22:22:10, Add row to /TRACKING.csv
2025-10-01T22:22:10, Number of rows in /TRACKING.csv: 2
2025-10-01T22:22:12, Done loop ...
2025-10-01T22:22:12, ... powering down.
2025-10-01T22:22:17, Setup Complete
2025-10-01T22:22:19, Data: 2025-10-01T22:22:17,3.62,25631,4489.00,4514.00,4507.50,4.87,86.46,4.11,877.57
2025-10-01T22:22:19, Add row to /TRACKING.csv
2025-10-01T22:22:19, Number of rows in /TRACKING.csv: 3
2025-10-01T22:22:22, Done loop ...
2025-10-01T22:22:22, ... powering down.
2025-10-01T22:39:03, Setup Complete
2025-10-01T22:39:05, Data: 2025-10-01T22:39:03,3.54,25631,4502.00,4669.00,4570.00,4.96,86.63,4.12,877.62
2025-10-01T22:39:05, Add row to /TRACKING.csv
2025-10-01T22:39:05, Number of rows in /TRACKING.csv: 4
2025-10-01T22:39:08, Number of rows in /TRACKING.csv is >= 4
2025-10-01T22:39:08, Remove tracking
2025-10-01T22:39:09, Write to /TRANSMIT.csv: 2025-10-01T22:39:03,3.54,4502.00,5.0,87
2025-10-01T22:39:09, Number of rows in /TRANSMIT.csv: 1
2025-10-01T22:39:09, Current hour = 22, Transmission hour = 1
2025-10-01T22:39:09, Current hour = 22, Transmission hour = 6
2025-10-01T22:39:09, Current hour = 22, Transmission hour = 8
2025-10-01T22:39:09, Current hour = 22, Transmission hour = 9
2025-10-01T22:39:09, Current hour = 22, Transmission hour = 10
2025-10-01T22:39:09, Current hour = 22, Transmission hour = 15
2025-10-01T22:39:09, Current hour = 22, Transmission hour = 20
2025-10-01T22:39:09, Current hour = 22, Transmission hour = 22
2025-10-01T22:39:09, 0122392450+05087
2025-10-01T22:39:11,  - attempt to send message: 0122392450+05087
2025-10-01T22:40:42,  - Modem begin successful
2025-10-01T22:40:42,  - Sending...
2025-10-01T22:41:12, Send response: 
2025-10-01T22:41:12,  - Retry...
2025-10-01T22:41:12,    - Sending...
2025-10-01T22:41:12,    - Send response: 10
2025-10-01T22:41:42,  Sync clocks... 
2025-10-01T22:41:42,  - Clock was not synced
2025-10-01T22:41:42, Transmission failed. Error = 10
2025-10-01T22:41:42, Done loop ...
2025-10-01T22:41:42, ... powering down.
2025-10-01T22:55:48, Setup Complete
2025-10-01T22:55:50, Data: 2025-10-01T22:55:48,3.58,25631,4520.00,4790.00,4597.00,5.32,83.11,4.35,877.78
2025-10-01T22:55:50, Add row to /TRACKING.csv
2025-10-01T22:55:50, Number of rows in /TRACKING.csv: 1
2025-10-01T22:55:53, Done loop ...
2025-10-01T22:55:53, ... powering down.
2025-10-01T23:12:34, Setup Complete
2025-10-01T23:12:36, Data: 2025-10-01T23:12:34,3.64,25631,4524.00,4988.00,4599.00,5.44,82.96,4.64,877.73
2025-10-01T23:12:36, Add row to /TRACKING.csv
2025-10-01T23:12:36, Number of rows in /TRACKING.csv: 2
2025-10-01T23:12:39, Done loop ...
2025-10-01T23:12:39, ... powering down.
2025-10-01T23:29:20, Setup Complete
2025-10-01T23:29:22, Data: 2025-10-01T23:29:20,3.55,25631,4521.00,4988.00,4619.00,5.56,82.78,4.72,877.73
2025-10-01T23:29:22, Add row to /TRACKING.csv
2025-10-01T23:29:22, Number of rows in /TRACKING.csv: 3
2025-10-01T23:29:25, Done loop ...
2025-10-01T23:29:25, ... powering down.
2025-10-01T23:46:05, Setup Complete
2025-10-01T23:46:08, Data: 2025-10-01T23:46:05,3.53,25631,4530.00,4658.00,4611.50,5.63,82.30,4.65,877.72
2025-10-01T23:46:08, Add row to /TRACKING.csv
2025-10-01T23:46:08, Number of rows in /TRACKING.csv: 4
2025-10-01T23:46:11, Number of rows in /TRACKING.csv is >= 4
2025-10-01T23:46:11, Remove tracking
2025-10-01T23:46:11, Write to /TRANSMIT.csv: 2025-10-01T23:46:05,3.53,4530.00,5.6,82
2025-10-01T23:46:11, Number of rows in /TRANSMIT.csv: 2
2025-10-01T23:46:11, Current hour = 23, Transmission hour = 1
2025-10-01T23:46:11, Current hour = 23, Transmission hour = 6
2025-10-01T23:46:11, Current hour = 23, Transmission hour = 8
2025-10-01T23:46:11, Current hour = 23, Transmission hour = 9
2025-10-01T23:46:11, Current hour = 23, Transmission hour = 10
2025-10-01T23:46:12, Current hour = 23, Transmission hour = 15
2025-10-01T23:46:12, Current hour = 23, Transmission hour = 20
2025-10-01T23:46:12, Current hour = 23, Transmission hour = 22
2025-10-01T23:46:12, Done loop ...
2025-10-01T23:46:12, ... powering down.
2025-10-02T00:02:51, Setup Complete
2025-10-02T00:02:53, Data: 2025-10-02T00:02:51,3.53,25631,4434.00,4987.00,4606.00,5.25,82.45,4.36,877.85
2025-10-02T00:02:53, Add row to /TRACKING.csv
2025-10-02T00:02:54, Number of rows in /TRACKING.csv: 1
2025-10-02T00:02:56, Done loop ...
2025-10-02T00:02:56, ... powering down.
2025-10-02T00:19:37, Setup Complete
2025-10-02T00:19:39, Data: 2025-10-02T00:19:37,3.55,25631,4548.00,4716.00,4643.00,4.99,86.50,4.07,878.02
2025-10-02T00:19:39, Add row to /TRACKING.csv
2025-10-02T00:19:39, Number of rows in /TRACKING.csv: 2
2025-10-02T00:19:42, Done loop ...
2025-10-02T00:19:42, ... powering down.
2025-10-02T00:36:23, Setup Complete
2025-10-02T00:36:25, Data: 2025-10-02T00:36:23,3.60,25631,4491.00,4705.00,4647.00,4.67,87.45,3.82,878.17
2025-10-02T00:36:25, Add row to /TRACKING.csv
2025-10-02T00:36:25, Number of rows in /TRACKING.csv: 3
2025-10-02T00:36:28, Done loop ...
2025-10-02T00:36:28, ... powering down.
2025-10-02T00:36:33, Setup Complete
2025-10-02T00:36:35, Data: 2025-10-02T00:36:33,3.62,25631,4405.00,4575.00,4497.00,4.64,87.46,3.81,878.16
2025-10-02T00:36:35, Add row to /TRACKING.csv
2025-10-02T00:36:35, Number of rows in /TRACKING.csv: 4
2025-10-02T00:36:38, Number of rows in /TRACKING.csv is >= 4
2025-10-02T00:36:38, Remove tracking
2025-10-02T00:36:38, Write to /TRANSMIT.csv: 2025-10-02T00:36:33,3.62,4405.00,4.6,87
2025-10-02T00:36:39, Number of rows in /TRANSMIT.csv: 3
2025-10-02T00:36:39, Current hour = 0, Transmission hour = 1
2025-10-02T00:36:39, Current hour = 0, Transmission hour = 6
2025-10-02T00:36:39, Current hour = 0, Transmission hour = 8
2025-10-02T00:36:39, Current hour = 0, Transmission hour = 9
2025-10-02T00:36:39, Current hour = 0, Transmission hour = 10
2025-10-02T00:36:39, Current hour = 0, Transmission hour = 15
2025-10-02T00:36:39, Current hour = 0, Transmission hour = 20
2025-10-02T00:36:39, Current hour = 0, Transmission hour = 22
2025-10-02T00:36:39, Done loop ...
2025-10-02T00:36:39, ... powering down.
2025-10-02T00:53:21, Setup Complete
2025-10-02T00:53:23, Data: 2025-10-02T00:53:21,3.68,25631,4499.00,4988.00,4648.00,4.60,88.11,3.66,878.15
2025-10-02T00:53:23, Add row to /TRACKING.csv
2025-10-02T00:53:23, Number of rows in /TRACKING.csv: 1
2025-10-02T00:53:26, Done loop ...
2025-10-02T00:53:26, ... powering down.
2025-10-02T01:10:09, Setup Complete
2025-10-02T01:10:11, Data: 2025-10-02T01:10:09,3.62,25631,4476.00,4986.00,4699.00,4.28,89.84,3.49,878.26
2025-10-02T01:10:11, Add row to /TRACKING.csv
2025-10-02T01:10:12, Number of rows in /TRACKING.csv: 2
2025-10-02T01:10:14, Done loop ...
2025-10-02T01:10:14, ... powering down.
2025-10-02T01:26:57, Setup Complete
2025-10-02T01:27:00, Data: 2025-10-02T01:26:57,3.52,25631,4562.00,4667.00,4594.00,4.44,89.50,3.48,878.29
2025-10-02T01:27:00, Add row to /TRACKING.csv
2025-10-02T01:27:00, Number of rows in /TRACKING.csv: 3
2025-10-02T01:27:03, Done loop ...
2025-10-02T01:27:03, ... powering down.
2025-10-02T01:43:46, Setup Complete
2025-10-02T01:43:48, Data: 2025-10-02T01:43:46,3.56,25631,4561.00,4784.00,4649.50,4.82,88.56,3.63,878.29
2025-10-02T01:43:48, Add row to /TRACKING.csv
2025-10-02T01:43:48, Number of rows in /TRACKING.csv: 4
2025-10-02T01:43:51, Number of rows in /TRACKING.csv is >= 4
2025-10-02T01:43:51, Remove tracking
2025-10-02T01:43:51, Write to /TRANSMIT.csv: 2025-10-02T01:43:46,3.56,4561.00,4.8,89
2025-10-02T01:43:52, Number of rows in /TRANSMIT.csv: 4
2025-10-02T01:43:52, Current hour = 1, Transmission hour = 1
2025-10-02T01:43:52, 0122392450+05087:453+05682:441+04687:456+04889
2025-10-02T01:43:54,  - attempt to send message: 0122392450+05087:453+05682:441+04687:456+04889
2025-10-02T01:44:24,  - Modem begin successful
2025-10-02T01:44:25,  - Sending...
2025-10-02T01:44:34,  - Send response: 
2025-10-02T01:44:34,   - Sync clocks... 
2025-10-02T01:44:34,  - Arduino Old Time: 2025-10-02T09:44:34
2025-10-02T01:44:33,  - Arduino New Time: 2025-10-02T09:44:33
2025-10-02T01:44:33, Message sent! Removing /TRANSMIT.csv
2025-10-02T01:44:33, Done loop ...
2025-10-02T01:44:33, ... powering down.
2025-10-02T02:00:33, Setup Complete
2025-10-02T02:00:35, Data: 2025-10-02T02:00:33,3.53,25631,4424.00,4654.00,4603.50,4.61,89.39,3.64,878.43
2025-10-02T02:00:35, Add row to /TRACKING.csv
2025-10-02T02:00:35, Number of rows in /TRACKING.csv: 1
2025-10-02T02:00:38, Done loop ...
2025-10-02T02:00:38, ... powering down.
2025-10-02T02:00:42, Setup Complete
2025-10-02T02:00:45, Data: 2025-10-02T02:00:42,3.63,25631,4419.00,4608.00,4499.50,4.63,89.35,3.65,878.44
2025-10-02T02:00:45, Add row to /TRACKING.csv
2025-10-02T02:00:45, Number of rows in /TRACKING.csv: 2
2025-10-02T02:00:47, Done loop ...
2025-10-02T02:00:47, ... powering down.
2025-10-02T02:17:28, Setup Complete
2025-10-02T02:17:30, Data: 2025-10-02T02:17:28,3.56,25631,4508.00,4658.00,4612.50,4.63,89.32,3.62,878.50
2025-10-02T02:17:30, Add row to /TRACKING.csv
2025-10-02T02:17:30, Number of rows in /TRACKING.csv: 3
2025-10-02T02:17:33, Done loop ...
2025-10-02T02:17:33, ... powering down.
2025-10-02T02:34:14, Setup Complete
2025-10-02T02:34:16, Data: 2025-10-02T02:34:14,3.59,25631,4539.00,4985.00,4620.00,4.40,90.03,3.56,878.70
2025-10-02T02:34:16, Add row to /TRACKING.csv
2025-10-02T02:34:16, Number of rows in /TRACKING.csv: 4
2025-10-02T02:34:19, Number of rows in /TRACKING.csv is >= 4
2025-10-02T02:34:19, Remove tracking
2025-10-02T02:34:19, Write to /TRANSMIT.csv: 2025-10-02T02:34:14,3.59,4539.00,4.4,90
2025-10-02T02:34:20, Number of rows in /TRANSMIT.csv: 1
2025-10-02T02:34:20, Current hour = 2, Transmission hour = 1
2025-10-02T02:34:20, Current hour = 2, Transmission hour = 6
2025-10-02T02:34:20, Current hour = 2, Transmission hour = 8
2025-10-02T02:34:20, Current hour = 2, Transmission hour = 9
2025-10-02T02:34:20, Current hour = 2, Transmission hour = 10
2025-10-02T02:34:20, Current hour = 2, Transmission hour = 15
2025-10-02T02:34:20, Current hour = 2, Transmission hour = 20
2025-10-02T02:34:20, Current hour = 2, Transmission hour = 22
2025-10-02T02:34:20, Done loop ...
2025-10-02T02:34:20, ... powering down.
2025-10-02T02:50:59, Setup Complete
2025-10-02T02:51:02, Data: 2025-10-02T02:50:59,3.79,25631,4530.00,4651.00,4589.50,4.58,89.48,3.51,878.80
2025-10-02T02:51:02, Add row to /TRACKING.csv
2025-10-02T02:51:02, Number of rows in /TRACKING.csv: 1
2025-10-02T02:51:04, Done loop ...
2025-10-02T02:51:04, ... powering down.
2025-10-02T03:07:45, Setup Complete
2025-10-02T03:07:47, Data: 2025-10-02T03:07:45,3.58,25631,4586.00,4988.00,4656.50,4.30,90.66,3.42,878.74
2025-10-02T03:07:47, Add row to /TRACKING.csv
2025-10-02T03:07:47, Number of rows in /TRACKING.csv: 2
2025-10-02T03:07:50, Done loop ...
2025-10-02T03:07:50, ... powering down.
2025-10-02T03:24:31, Setup Complete
2025-10-02T03:24:33, Data: 2025-10-02T03:24:31,3.65,25631,4501.00,4987.00,4574.00,4.39,90.77,3.42,878.91
2025-10-02T03:24:33, Add row to /TRACKING.csv
2025-10-02T03:24:33, Number of rows in /TRACKING.csv: 3
2025-10-02T03:24:36, Done loop ...
2025-10-02T03:24:36, ... powering down.
2025-10-02T03:41:16, Setup Complete
2025-10-02T03:41:19, Data: 2025-10-02T03:41:16,3.60,25631,4592.00,4987.00,4839.00,4.33,90.73,3.41,879.04
2025-10-02T03:41:19, Add row to /TRACKING.csv
2025-10-02T03:41:19, Number of rows in /TRACKING.csv: 4
2025-10-02T03:41:22, Number of rows in /TRACKING.csv is >= 4
2025-10-02T03:41:22, Remove tracking
2025-10-02T03:41:22, Write to /TRANSMIT.csv: 2025-10-02T03:41:16,3.60,4592.00,4.3,91
2025-10-02T03:41:22, Number of rows in /TRANSMIT.csv: 2
2025-10-02T03:41:22, Current hour = 3, Transmission hour = 1
2025-10-02T03:41:22, Current hour = 3, Transmission hour = 6
2025-10-02T03:41:22, Current hour = 3, Transmission hour = 8
2025-10-02T03:41:22, Current hour = 3, Transmission hour = 9
2025-10-02T03:41:23, Current hour = 3, Transmission hour = 10
2025-10-02T03:41:23, Current hour = 3, Transmission hour = 15
2025-10-02T03:41:23, Current hour = 3, Transmission hour = 20
2025-10-02T03:41:23, Current hour = 3, Transmission hour = 22
2025-10-02T03:41:23, Done loop ...
2025-10-02T03:41:23, ... powering down.
2025-10-02T03:58:02, Setup Complete
2025-10-02T03:58:04, Data: 2025-10-02T03:58:02,3.80,25631,4476.00,4786.00,4543.00,4.17,91.21,3.32,879.19
2025-10-02T03:58:04, Add row to /TRACKING.csv
2025-10-02T03:58:04, Number of rows in /TRACKING.csv: 1
2025-10-02T03:58:07, Done loop ...
2025-10-02T03:58:07, ... powering down.
2025-10-02T04:14:48, Setup Complete
2025-10-02T04:14:50, Data: 2025-10-02T04:14:48,3.61,25631,4591.00,4985.00,4665.00,4.40,90.55,3.31,879.34
2025-10-02T04:14:50, Add row to /TRACKING.csv
2025-10-02T04:14:50, Number of rows in /TRACKING.csv: 2
2025-10-02T04:14:53, Done loop ...
2025-10-02T04:14:53, ... powering down.
2025-10-02T04:31:33, Setup Complete
2025-10-02T04:31:35, Data: 2025-10-02T04:31:33,3.60,25631,4580.00,4986.00,4640.00,4.33,89.88,3.29,879.36
2025-10-02T04:31:36, Add row to /TRACKING.csv
2025-10-02T04:31:36, Number of rows in /TRACKING.csv: 3
2025-10-02T04:31:39, Done loop ...
2025-10-02T04:31:39, ... powering down.
2025-10-02T04:48:19, Setup Complete
2025-10-02T04:48:21, Data: 2025-10-02T04:48:19,3.60,25631,4505.00,4987.00,4615.50,4.06,91.17,3.20,879.44
2025-10-02T04:48:21, Add row to /TRACKING.csv
2025-10-02T04:48:21, Number of rows in /TRACKING.csv: 4
2025-10-02T04:48:24, Number of rows in /TRACKING.csv is >= 4
2025-10-02T04:48:25, Remove tracking
2025-10-02T04:48:25, Write to /TRANSMIT.csv: 2025-10-02T04:48:19,3.60,4505.00,4.1,91
2025-10-02T04:48:25, Number of rows in /TRANSMIT.csv: 3
2025-10-02T04:48:25, Current hour = 4, Transmission hour = 1
2025-10-02T04:48:25, Current hour = 4, Transmission hour = 6
2025-10-02T04:48:25, Current hour = 4, Transmission hour = 8
2025-10-02T04:48:25, Current hour = 4, Transmission hour = 9
2025-10-02T04:48:25, Current hour = 4, Transmission hour = 10
2025-10-02T04:48:25, Current hour = 4, Transmission hour = 15
2025-10-02T04:48:25, Current hour = 4, Transmission hour = 20
2025-10-02T04:48:25, Current hour = 4, Transmission hour = 22
2025-10-02T04:48:25, Done loop ...
2025-10-02T04:48:25, ... powering down.
2025-10-02T05:05:05, Setup Complete
2025-10-02T05:05:07, Data: 2025-10-02T05:05:05,3.64,25631,4520.00,4985.00,4586.50,4.02,91.72,3.08,879.57
2025-10-02T05:05:07, Add row to /TRACKING.csv
2025-10-02T05:05:07, Number of rows in /TRACKING.csv: 1
2025-10-02T05:05:09, Done loop ...
2025-10-02T05:05:09, ... powering down.
2025-10-02T05:21:50, Setup Complete
2025-10-02T05:21:52, Data: 2025-10-02T05:21:50,3.64,25631,4509.00,4985.00,4637.50,3.79,92.66,3.02,879.71
2025-10-02T05:21:52, Add row to /TRACKING.csv
2025-10-02T05:21:53, Number of rows in /TRACKING.csv: 2
2025-10-02T05:21:55, Done loop ...
2025-10-02T05:21:55, ... powering down.
2025-10-02T05:38:36, Setup Complete
2025-10-02T05:38:38, Data: 2025-10-02T05:38:36,3.58,25631,4495.00,4987.00,4614.50,3.70,92.91,2.86,879.89
2025-10-02T05:38:38, Add row to /TRACKING.csv
2025-10-02T05:38:38, Number of rows in /TRACKING.csv: 3
2025-10-02T05:38:41, Done loop ...
2025-10-02T05:38:41, ... powering down.
2025-10-02T05:55:21, Setup Complete
2025-10-02T05:55:24, Data: 2025-10-02T05:55:22,3.62,25631,4521.00,4988.00,4660.50,4.10,91.52,2.91,879.92
2025-10-02T05:55:24, Add row to /TRACKING.csv
2025-10-02T05:55:24, Number of rows in /TRACKING.csv: 4
2025-10-02T05:55:27, Number of rows in /TRACKING.csv is >= 4
2025-10-02T05:55:27, Remove tracking
2025-10-02T05:55:27, Write to /TRANSMIT.csv: 2025-10-02T05:55:22,3.62,4521.00,4.1,92
2025-10-02T05:55:27, Number of rows in /TRANSMIT.csv: 4
2025-10-02T05:55:27, Current hour = 5, Transmission hour = 1
2025-10-02T05:55:27, Current hour = 5, Transmission hour = 6
2025-10-02T05:55:27, Current hour = 5, Transmission hour = 8
2025-10-02T05:55:28, Current hour = 5, Transmission hour = 9
2025-10-02T05:55:28, Current hour = 5, Transmission hour = 10
2025-10-02T05:55:28, Current hour = 5, Transmission hour = 15
2025-10-02T05:55:28, Current hour = 5, Transmission hour = 20
2025-10-02T05:55:28, Current hour = 5, Transmission hour = 22
2025-10-02T05:55:28, Done loop ...
2025-10-02T05:55:28, ... powering down.
2025-10-02T06:12:07, Setup Complete
2025-10-02T06:12:09, Data: 2025-10-02T06:12:07,3.69,25631,4509.00,4987.00,4670.00,3.60,94.05,2.77,879.97
2025-10-02T06:12:09, Add row to /TRACKING.csv
2025-10-02T06:12:10, Number of rows in /TRACKING.csv: 1
2025-10-02T06:12:12, Done loop ...
2025-10-02T06:12:12, ... powering down.
2025-10-02T06:28:53, Setup Complete
2025-10-02T06:28:55, Data: 2025-10-02T06:28:53,3.67,25631,4542.00,4987.00,4726.00,3.75,92.80,2.79,880.05
2025-10-02T06:28:55, Add row to /TRACKING.csv
2025-10-02T06:28:55, Number of rows in /TRACKING.csv: 2
2025-10-02T06:28:58, Done loop ...
2025-10-02T06:28:58, ... powering down.
2025-10-02T06:45:38, Setup Complete
2025-10-02T06:45:41, Data: 2025-10-02T06:45:38,3.54,25631,4501.00,4986.00,4581.50,3.74,92.86,2.85,880.24
2025-10-02T06:45:41, Add row to /TRACKING.csv
2025-10-02T06:45:41, Number of rows in /TRACKING.csv: 3
2025-10-02T06:45:44, Done loop ...
2025-10-02T06:45:44, ... powering down.
2025-10-02T07:02:24, Setup Complete
2025-10-02T07:02:26, Data: 2025-10-02T07:02:24,3.54,25631,4532.00,4755.00,4655.00,3.67,93.36,2.94,880.34
2025-10-02T07:02:26, Add row to /TRACKING.csv
2025-10-02T07:02:27, Number of rows in /TRACKING.csv: 4
2025-10-02T07:02:30, Number of rows in /TRACKING.csv is >= 4
2025-10-02T07:02:30, Remove tracking
2025-10-02T07:02:30, Write to /TRANSMIT.csv: 2025-10-02T07:02:24,3.54,4532.00,3.7,93
2025-10-02T07:02:30, Number of rows in /TRANSMIT.csv: 5
2025-10-02T07:02:30, Current hour = 7, Transmission hour = 1
2025-10-02T07:02:30, 0202342454+04490:459+04391:451+04191:452+04192:453+03793
2025-10-02T07:02:32,  - attempt to send message: 0202342454+04490:459+04391:451+04191:452+04192:453+03793
2025-10-02T07:06:33,  - Modem begin unsuccessful
2025-10-02T07:06:33, Transmission failed. Error = 5
2025-10-02T07:06:33, Done loop ...
2025-10-02T07:06:33, ... powering down.
2025-10-02T07:19:09, Setup Complete
2025-10-02T07:19:12, Data: 2025-10-02T07:19:09,3.59,25631,4559.00,4986.00,4808.00,4.20,91.83,3.24,880.51
2025-10-02T07:19:12, Add row to /TRACKING.csv
2025-10-02T07:19:12, Number of rows in /TRACKING.csv: 1
2025-10-02T07:19:14, Done loop ...
2025-10-02T07:19:14, ... powering down.
2025-10-02T07:35:55, Setup Complete
2025-10-02T07:35:58, Data: 2025-10-02T07:35:55,3.56,25631,4490.00,4988.00,4607.50,4.63,89.48,3.68,880.55
2025-10-02T07:35:58, Add row to /TRACKING.csv
2025-10-02T07:35:58, Number of rows in /TRACKING.csv: 2
2025-10-02T07:36:00, Done loop ...
2025-10-02T07:36:00, ... powering down.
2025-10-02T07:52:41, Setup Complete
2025-10-02T07:52:44, Data: 2025-10-02T07:52:42,3.84,25631,646.00,4985.00,4624.50,5.07,89.74,4.41,880.80
2025-10-02T07:52:44, Add row to /TRACKING.csv
2025-10-02T07:52:44, Number of rows in /TRACKING.csv: 3
2025-10-02T07:52:47, Done loop ...
2025-10-02T07:52:47, ... powering down.
2025-10-02T08:09:27, Setup Complete
2025-10-02T08:09:30, Data: 2025-10-02T08:09:27,3.97,25631,4527.00,4986.00,4652.00,6.36,84.59,8.51,881.01
2025-10-02T08:09:30, Add row to /TRACKING.csv
2025-10-02T08:09:30, Number of rows in /TRACKING.csv: 4
2025-10-02T08:09:33, Number of rows in /TRACKING.csv is >= 4
2025-10-02T08:09:33, Remove tracking
2025-10-02T08:09:33, Write to /TRANSMIT.csv: 2025-10-02T08:09:27,3.97,4527.00,6.4,85
2025-10-02T08:09:33, Number of rows in /TRANSMIT.csv: 6
2025-10-02T08:09:33, Current hour = 8, Transmission hour = 1
2025-10-02T08:09:33, 0202346454+04490:459+04391:451+04191:452+04192:453+03793:453+06485
2025-10-02T08:09:35,  - attempt to send message: 0202346454+04490:459+04391:451+04191:452+04192:453+03793:453+06485
2025-10-02T08:10:06,  - Modem begin successful
2025-10-02T08:10:06,  - Sending...
2025-10-02T08:10:36, Send response: 
2025-10-02T08:10:36,  - Retry...
2025-10-02T08:10:36,    - Sending...
2025-10-02T08:10:36,    - Send response: 10
2025-10-02T08:11:06,  Sync clocks... 
2025-10-02T08:11:07,  - Clock was not synced
2025-10-02T08:11:07, Transmission failed. Error = 10
2025-10-02T08:11:07, Done loop ...
2025-10-02T08:11:07, ... powering down.
2025-10-02T08:26:11, Setup Complete
2025-10-02T08:26:13, Data: 2025-10-02T08:26:11,3.58,25631,4524.00,4987.00,4589.50,5.38,88.17,6.65,881.11
2025-10-02T08:26:13, Add row to /TRACKING.csv
2025-10-02T08:26:13, Number of rows in /TRACKING.csv: 1
2025-10-02T08:26:16, Done loop ...
2025-10-02T08:26:16, ... powering down.
2025-10-02T08:26:20, Setup Complete
2025-10-02T08:26:22, Data: 2025-10-02T08:26:20,3.61,25631,4480.00,4531.00,4502.00,5.38,88.21,6.64,881.13
2025-10-02T08:26:22, Add row to /TRACKING.csv
2025-10-02T08:26:23, Number of rows in /TRACKING.csv: 2
2025-10-02T08:26:25, Done loop ...
2025-10-02T08:26:25, ... powering down.
2025-10-02T08:43:07, Setup Complete
2025-10-02T08:43:09, Data: 2025-10-02T08:43:07,3.60,25631,4582.00,4986.00,4681.50,7.83,79.09,11.64,881.61
2025-10-02T08:43:09, Add row to /TRACKING.csv
2025-10-02T08:43:09, Number of rows in /TRACKING.csv: 3
2025-10-02T08:43:12, Done loop ...
2025-10-02T08:43:12, ... powering down.
2025-10-02T08:59:50, Setup Complete
2025-10-02T08:59:52, Data: 2025-10-02T08:59:50,3.71,25631,4551.00,4748.00,4585.00,8.96,77.85,15.63,881.64
2025-10-02T08:59:52, Add row to /TRACKING.csv
2025-10-02T08:59:52, Number of rows in /TRACKING.csv: 4
2025-10-02T08:59:56, Number of rows in /TRACKING.csv is >= 4
2025-10-02T08:59:56, Remove tracking
2025-10-02T08:59:56, Write to /TRANSMIT.csv: 2025-10-02T08:59:50,3.71,4551.00,9.0,78
2025-10-02T08:59:56, Number of rows in /TRANSMIT.csv: 7
2025-10-02T08:59:56, Current hour = 8, Transmission hour = 1
2025-10-02T08:59:56, 0202344454+04490:459+04391:451+04191:452+04192:453+03793:453+06485:455+09078
2025-10-02T08:59:58,  - attempt to send message: 0202344454+04490:459+04391:451+04191:452+04192:453+03793:453+06485:455+09078
2025-10-02T09:01:59,  - Modem begin successful
2025-10-02T09:01:59,  - Sending...
2025-10-02T09:02:29, Send response: 
2025-10-02T09:02:29,  - Retry...
2025-10-02T09:02:29,    - Sending...
2025-10-02T09:02:29,    - Send response: 10
2025-10-02T09:02:59,  Sync clocks... 
2025-10-02T09:02:59,  - Clock was not synced
2025-10-02T09:02:59, Transmission failed. Error = 10
2025-10-02T09:02:59, Done loop ...
2025-10-02T09:02:59, ... powering down.
2025-10-02T09:16:34, Setup Complete
2025-10-02T09:16:36, Data: 2025-10-02T09:16:34,3.65,25631,4534.00,4642.00,4557.00,7.81,78.73,14.74,881.49
2025-10-02T09:16:36, Add row to /TRACKING.csv
2025-10-02T09:16:36, Number of rows in /TRACKING.csv: 1
2025-10-02T09:16:39, Done loop ...
2025-10-02T09:16:39, ... powering down.
2025-10-02T09:33:19, Setup Complete
2025-10-02T09:33:21, Data: 2025-10-02T09:33:19,3.65,25631,4471.00,4628.00,4559.50,8.97,76.92,15.73,881.73
2025-10-02T09:33:21, Add row to /TRACKING.csv
2025-10-02T09:33:21, Number of rows in /TRACKING.csv: 2
2025-10-02T09:33:24, Done loop ...
2025-10-02T09:33:24, ... powering down.
2025-10-02T09:50:03, Setup Complete
2025-10-02T09:50:06, Data: 2025-10-02T09:50:04,3.65,25631,4547.00,4558.00,4550.00,8.09,76.73,14.49,881.60
2025-10-02T09:50:06, Add row to /TRACKING.csv
2025-10-02T09:50:06, Number of rows in /TRACKING.csv: 3
2025-10-02T09:50:09, Done loop ...
2025-10-02T09:50:09, ... powering down.
2025-10-02T10:06:49, Setup Complete
2025-10-02T10:06:51, Data: 2025-10-02T10:06:49,3.64,25631,4505.00,4594.00,4539.50,9.15,79.67,15.39,881.93
2025-10-02T10:06:51, Add row to /TRACKING.csv
2025-10-02T10:06:51, Number of rows in /TRACKING.csv: 4
2025-10-02T10:06:54, Number of rows in /TRACKING.csv is >= 4
2025-10-02T10:06:54, Remove tracking
2025-10-02T10:06:54, Write to /TRANSMIT.csv: 2025-10-02T10:06:49,3.64,4505.00,9.1,80
2025-10-02T10:06:54, Number of rows in /TRANSMIT.csv: 8
2025-10-02T10:06:54, Current hour = 10, Transmission hour = 1
2025-10-02T10:06:55, 0202343454+04490:459+04391:451+04191:452+04192:453+03793:453+06485:455+09078:451+09180
2025-10-02T10:06:57,  - attempt to send message: 0202343454+04490:459+04391:451+04191:452+04192:453+03793:453+06485:455+09078:451+09180
2025-10-02T10:06:57,  - Modem begin successful
2025-10-02T10:06:57,  - Sending...
2025-10-02T10:07:05,  - Send response: 
2025-10-02T10:07:05,   - Sync clocks... 
2025-10-02T10:07:05,  - Arduino Old Time: 2025-10-02T18:07:05
2025-10-02T10:07:03,  - Arduino New Time: 2025-10-02T18:07:03
2025-10-02T10:07:03, Message sent! Removing /TRANSMIT.csv
2025-10-02T10:07:04, Done loop ...
2025-10-02T10:07:04, ... powering down.
2025-10-02T10:23:32, Setup Complete
2025-10-02T10:23:34, Data: 2025-10-02T10:23:32,3.65,25631,4511.00,4986.00,4603.00,7.99,76.78,13.83,881.97
2025-10-02T10:23:34, Add row to /TRACKING.csv
2025-10-02T10:23:34, Number of rows in /TRACKING.csv: 1
2025-10-02T10:23:36, Done loop ...
2025-10-02T10:23:36, ... powering down.
2025-10-02T10:40:16, Setup Complete
2025-10-02T10:40:18, Data: 2025-10-02T10:40:16,3.66,25631,4507.00,4986.00,4776.50,8.01,80.55,12.57,882.17
2025-10-02T10:40:18, Add row to /TRACKING.csv
2025-10-02T10:40:19, Number of rows in /TRACKING.csv: 2
2025-10-02T10:40:21, Done loop ...
2025-10-02T10:40:21, ... powering down.
2025-10-02T10:57:00, Setup Complete
2025-10-02T10:57:02, Data: 2025-10-02T10:57:00,3.55,25631,4512.00,4985.00,4545.00,7.49,80.07,11.33,882.23
2025-10-02T10:57:02, Add row to /TRACKING.csv
2025-10-02T10:57:03, Number of rows in /TRACKING.csv: 3
2025-10-02T10:57:05, Done loop ...
2025-10-02T10:57:06, ... powering down.
2025-10-02T11:13:44, Setup Complete
2025-10-02T11:13:46, Data: 2025-10-02T11:13:44,3.67,25631,4473.00,4524.00,4515.50,7.14,84.02,10.26,882.42
2025-10-02T11:13:46, Add row to /TRACKING.csv
2025-10-02T11:13:47, Number of rows in /TRACKING.csv: 4
2025-10-02T11:13:50, Number of rows in /TRACKING.csv is >= 4
2025-10-02T11:13:50, Remove tracking
2025-10-02T11:13:50, Write to /TRANSMIT.csv: 2025-10-02T11:13:44,3.67,4473.00,7.1,84
2025-10-02T11:13:50, Number of rows in /TRANSMIT.csv: 1
2025-10-02T11:13:50, Current hour = 11, Transmission hour = 1
2025-10-02T11:13:50, Current hour = 11, Transmission hour = 6
2025-10-02T11:13:50, Current hour = 11, Transmission hour = 8
2025-10-02T11:13:50, Current hour = 11, Transmission hour = 9
2025-10-02T11:13:50, Current hour = 11, Transmission hour = 10
2025-10-02T11:13:50, Current hour = 11, Transmission hour = 15
2025-10-02T11:13:50, Current hour = 11, Transmission hour = 20
2025-10-02T11:13:50, Current hour = 11, Transmission hour = 22
2025-10-02T11:13:50, Done loop ...
2025-10-02T11:13:50, ... powering down.
2025-10-02T11:30:28, Setup Complete
2025-10-02T11:30:30, Data: 2025-10-02T11:30:28,3.66,25631,648.00,4986.00,4538.50,6.98,83.05,10.02,882.56
2025-10-02T11:30:30, Add row to /TRACKING.csv
2025-10-02T11:30:30, Number of rows in /TRACKING.csv: 1
2025-10-02T11:30:33, Done loop ...
2025-10-02T11:30:33, ... powering down.
2025-10-02T11:47:12, Setup Complete
2025-10-02T11:47:15, Data: 2025-10-02T11:47:12,3.63,25631,4519.00,4986.00,4552.00,8.43,80.79,11.87,882.68
2025-10-02T11:47:15, Add row to /TRACKING.csv
2025-10-02T11:47:15, Number of rows in /TRACKING.csv: 2
2025-10-02T11:47:17, Done loop ...
2025-10-02T11:47:17, ... powering down.
2025-10-02T12:03:56, Setup Complete
2025-10-02T12:03:59, Data: 2025-10-02T12:03:56,3.56,25631,4499.00,4986.00,4523.00,7.36,80.30,10.82,882.81
2025-10-02T12:03:59, Add row to /TRACKING.csv
2025-10-02T12:03:59, Number of rows in /TRACKING.csv: 3
2025-10-02T12:04:02, Done loop ...
2025-10-02T12:04:02, ... powering down.
2025-10-02T12:20:40, Setup Complete
2025-10-02T12:20:42, Data: 2025-10-02T12:20:40,3.65,25631,4512.00,4986.00,4543.00,8.73,75.53,11.81,883.18
2025-10-02T12:20:42, Add row to /TRACKING.csv
2025-10-02T12:20:42, Number of rows in /TRACKING.csv: 4
2025-10-02T12:20:45, Number of rows in /TRACKING.csv is >= 4
2025-10-02T12:20:45, Remove tracking
2025-10-02T12:20:45, Write to /TRANSMIT.csv: 2025-10-02T12:20:40,3.65,4512.00,8.7,76
2025-10-02T12:20:46, Number of rows in /TRANSMIT.csv: 2
2025-10-02T12:20:46, Current hour = 12, Transmission hour = 1
2025-10-02T12:20:46, Current hour = 12, Transmission hour = 6
2025-10-02T12:20:46, Current hour = 12, Transmission hour = 8
2025-10-02T12:20:46, Current hour = 12, Transmission hour = 9
2025-10-02T12:20:46, Current hour = 12, Transmission hour = 10
2025-10-02T12:20:46, Current hour = 12, Transmission hour = 15
2025-10-02T12:20:46, Current hour = 12, Transmission hour = 20
2025-10-02T12:20:46, Current hour = 12, Transmission hour = 22
2025-10-02T12:20:46, Done loop ...
2025-10-02T12:20:46, ... powering down.
2025-10-02T12:37:26, Setup Complete
2025-10-02T12:37:28, Data: 2025-10-02T12:37:26,3.64,25631,4516.00,4661.00,4538.50,9.45,75.21,12.75,883.26
2025-10-02T12:37:28, Add row to /TRACKING.csv
2025-10-02T12:37:28, Number of rows in /TRACKING.csv: 1
2025-10-02T12:37:30, Done loop ...
2025-10-02T12:37:30, ... powering down.
2025-10-02T12:54:11, Setup Complete
2025-10-02T12:54:14, Data: 2025-10-02T12:54:11,3.70,25631,651.00,4985.00,4523.50,8.06,79.38,11.37,883.39
2025-10-02T12:54:14, Add row to /TRACKING.csv
2025-10-02T12:54:14, Number of rows in /TRACKING.csv: 2
2025-10-02T12:54:16, Done loop ...
2025-10-02T12:54:17, ... powering down.
2025-10-02T13:10:58, Setup Complete
2025-10-02T13:11:00, Data: 2025-10-02T13:10:58,3.67,25631,4522.00,4984.00,4564.50,8.33,86.38,10.63,883.41
2025-10-02T13:11:00, Add row to /TRACKING.csv
2025-10-02T13:11:00, Number of rows in /TRACKING.csv: 3
2025-10-02T13:11:03, Done loop ...
2025-10-02T13:11:03, ... powering down.
2025-10-02T13:27:44, Setup Complete
2025-10-02T13:27:46, Data: 2025-10-02T13:27:44,3.66,25631,4482.00,4604.00,4511.50,7.32,87.45,9.97,883.40
2025-10-02T13:27:46, Add row to /TRACKING.csv
2025-10-02T13:27:46, Number of rows in /TRACKING.csv: 4
2025-10-02T13:27:50, Number of rows in /TRACKING.csv is >= 4
2025-10-02T13:27:50, Remove tracking
2025-10-02T13:27:50, Write to /TRANSMIT.csv: 2025-10-02T13:27:44,3.66,4482.00,7.3,87
2025-10-02T13:27:50, Number of rows in /TRANSMIT.csv: 3
2025-10-02T13:27:50, Current hour = 13, Transmission hour = 1
2025-10-02T13:27:50, Current hour = 13, Transmission hour = 6
2025-10-02T13:27:50, Current hour = 13, Transmission hour = 8
2025-10-02T13:27:50, Current hour = 13, Transmission hour = 9
2025-10-02T13:27:50, Current hour = 13, Transmission hour = 10
2025-10-02T13:27:50, Current hour = 13, Transmission hour = 15
2025-10-02T13:27:50, Current hour = 13, Transmission hour = 20
2025-10-02T13:27:50, Current hour = 13, Transmission hour = 22
2025-10-02T13:27:50, Done loop ...
2025-10-02T13:27:50, ... powering down.
2025-10-02T13:44:30, Setup Complete
2025-10-02T13:44:33, Data: 2025-10-02T13:44:30,3.54,25631,652.00,4986.00,4650.50,7.47,88.41,10.01,883.43
2025-10-02T13:44:33, Add row to /TRACKING.csv
2025-10-02T13:44:33, Number of rows in /TRACKING.csv: 1
2025-10-02T13:44:35, Done loop ...
2025-10-02T13:44:35, ... powering down.
2025-10-02T14:01:17, Setup Complete
2025-10-02T14:01:19, Data: 2025-10-02T14:01:17,3.62,25631,4528.00,4986.00,4621.00,7.15,88.25,9.53,883.53
2025-10-02T14:01:19, Add row to /TRACKING.csv
2025-10-02T14:01:19, Number of rows in /TRACKING.csv: 2
2025-10-02T14:01:22, Done loop ...
2025-10-02T14:01:22, ... powering down.
2025-10-02T14:18:03, Setup Complete
2025-10-02T14:18:05, Data: 2025-10-02T14:18:03,3.67,25631,4418.00,4605.00,4504.50,7.12,88.81,9.14,883.63
2025-10-02T14:18:05, Add row to /TRACKING.csv
2025-10-02T14:18:05, Number of rows in /TRACKING.csv: 3
2025-10-02T14:18:08, Done loop ...
2025-10-02T14:18:08, ... powering down.
2025-10-02T14:34:49, Setup Complete
2025-10-02T14:34:51, Data: 2025-10-02T14:34:49,3.58,25631,650.00,4987.00,4559.50,6.90,87.30,8.52,883.69
2025-10-02T14:34:52, Add row to /TRACKING.csv
2025-10-02T14:34:52, Number of rows in /TRACKING.csv: 4
2025-10-02T14:34:55, Number of rows in /TRACKING.csv is >= 4
2025-10-02T14:34:55, Remove tracking
2025-10-02T14:34:55, Write to /TRANSMIT.csv: 2025-10-02T14:34:49,3.58,650.00,6.9,87
2025-10-02T14:34:55, Number of rows in /TRANSMIT.csv: 4
2025-10-02T14:34:55, Current hour = 14, Transmission hour = 1
2025-10-02T14:34:55, Current hour = 14, Transmission hour = 6
2025-10-02T14:34:55, Current hour = 14, Transmission hour = 8
2025-10-02T14:34:55, Current hour = 14, Transmission hour = 9
2025-10-02T14:34:55, Current hour = 14, Transmission hour = 10
2025-10-02T14:34:55, Current hour = 14, Transmission hour = 15
2025-10-02T14:34:55, Current hour = 14, Transmission hour = 20
2025-10-02T14:34:56, Current hour = 14, Transmission hour = 22
2025-10-02T14:34:56, Done loop ...
2025-10-02T14:34:56, ... powering down.
2025-10-02T14:51:36, Setup Complete
2025-10-02T14:51:38, Data: 2025-10-02T14:51:36,3.67,25631,4498.00,4611.00,4507.00,6.95,87.82,8.56,883.68
2025-10-02T14:51:38, Add row to /TRACKING.csv
2025-10-02T14:51:38, Number of rows in /TRACKING.csv: 1
2025-10-02T14:51:40, Done loop ...
2025-10-02T14:51:40, ... powering down.
2025-10-02T15:08:22, Setup Complete
2025-10-02T15:08:24, Data: 2025-10-02T15:08:22,3.67,25631,4494.00,4514.00,4503.50,6.69,87.59,8.10,883.80
2025-10-02T15:08:24, Add row to /TRACKING.csv
2025-10-02T15:08:24, Number of rows in /TRACKING.csv: 2
2025-10-02T15:08:27, Done loop ...
2025-10-02T15:08:27, ... powering down.
2025-10-02T15:25:08, Setup Complete
2025-10-02T15:25:10, Data: 2025-10-02T15:25:08,3.64,25631,648.00,4986.00,4561.00,6.57,88.93,7.65,883.86
2025-10-02T15:25:10, Add row to /TRACKING.csv
2025-10-02T15:25:10, Number of rows in /TRACKING.csv: 3
2025-10-02T15:25:13, Done loop ...
2025-10-02T15:25:13, ... powering down.
2025-10-02T15:41:54, Setup Complete
2025-10-02T15:41:56, Data: 2025-10-02T15:41:54,3.55,25631,646.00,4986.00,4506.50,6.44,88.33,7.34,883.90
2025-10-02T15:41:56, Add row to /TRACKING.csv
2025-10-02T15:41:57, Number of rows in /TRACKING.csv: 4
2025-10-02T15:42:00, Number of rows in /TRACKING.csv is >= 4
2025-10-02T15:42:00, Remove tracking
2025-10-02T15:42:00, Write to /TRANSMIT.csv: 2025-10-02T15:41:54,3.55,646.00,6.4,88
2025-10-02T15:42:00, Number of rows in /TRANSMIT.csv: 5
2025-10-02T15:42:00, Current hour = 15, Transmission hour = 1
2025-10-02T15:42:00, 0211132447+07184:451+08776:448+07387:065+06987:065+06488
2025-10-02T15:42:02,  - attempt to send message: 0211132447+07184:451+08776:448+07387:065+06987:065+06488
2025-10-02T15:42:03,  - Modem begin successful
2025-10-02T15:42:03,  - Sending...
2025-10-02T15:42:12,  - Send response: 
2025-10-02T15:42:12,   - Sync clocks... 
2025-10-02T15:42:12,  - Arduino Old Time: 2025-10-02T23:42:12
2025-10-02T15:42:10,  - Arduino New Time: 2025-10-02T23:42:10
2025-10-02T15:42:10, Message sent! Removing /TRANSMIT.csv
2025-10-02T15:42:10, Done loop ...
2025-10-02T15:42:10, ... powering down.
2025-10-02T15:58:38, Setup Complete
2025-10-02T15:58:40, Data: 2025-10-02T15:58:38,3.64,25631,4495.00,4985.00,4500.00,6.36,89.09,6.98,883.98
2025-10-02T15:58:41, Add row to /TRACKING.csv
2025-10-02T15:58:41, Number of rows in /TRACKING.csv: 1
2025-10-02T15:58:43, Done loop ...
2025-10-02T15:58:43, ... powering down.
2025-10-02T16:15:25, Setup Complete
2025-10-02T16:15:27, Data: 2025-10-02T16:15:25,3.67,25631,646.00,4491.00,4485.00,6.37,87.68,6.91,883.98
2025-10-02T16:15:27, Add row to /TRACKING.csv
2025-10-02T16:15:27, Number of rows in /TRACKING.csv: 2
2025-10-02T16:15:30, Done loop ...
2025-10-02T16:15:30, ... powering down.
2025-10-02T16:32:11, Setup Complete
2025-10-02T16:32:13, Data: 2025-10-02T16:32:11,3.84,25631,649.00,4987.00,4485.00,6.53,84.78,6.84,883.99
2025-10-02T16:32:13, Add row to /TRACKING.csv
2025-10-02T16:32:13, Number of rows in /TRACKING.csv: 3
2025-10-02T16:32:16, Done loop ...
2025-10-02T16:32:16, ... powering down.
2025-10-02T16:48:57, Setup Complete
2025-10-02T16:48:59, Data: 2025-10-02T16:48:57,3.68,25631,498.00,4986.00,4491.00,6.16,88.27,6.58,884.09
2025-10-02T16:48:59, Add row to /TRACKING.csv
2025-10-02T16:48:59, Number of rows in /TRACKING.csv: 4
2025-10-02T16:49:02, Number of rows in /TRACKING.csv is >= 4
2025-10-02T16:49:02, Remove tracking
2025-10-02T16:49:03, Write to /TRANSMIT.csv: 2025-10-02T16:48:57,3.68,498.00,6.2,88
2025-10-02T16:49:03, Number of rows in /TRANSMIT.csv: 1
2025-10-02T16:49:03, Current hour = 16, Transmission hour = 1
2025-10-02T16:49:03, Current hour = 16, Transmission hour = 6
2025-10-02T16:49:03, Current hour = 16, Transmission hour = 8
2025-10-02T16:49:03, Current hour = 16, Transmission hour = 9
2025-10-02T16:49:03, Current hour = 16, Transmission hour = 10
2025-10-02T16:49:03, Current hour = 16, Transmission hour = 15
2025-10-02T16:49:03, Current hour = 16, Transmission hour = 20
2025-10-02T16:49:03, Current hour = 16, Transmission hour = 22
2025-10-02T16:49:03, Done loop ...
2025-10-02T16:49:03, ... powering down.
2025-10-02T17:05:43, Setup Complete
2025-10-02T17:05:45, Data: 2025-10-02T17:05:43,3.68,25631,4496.00,4515.00,4500.00,6.21,85.91,6.32,884.33
2025-10-02T17:05:45, Add row to /TRACKING.csv
2025-10-02T17:05:45, Number of rows in /TRACKING.csv: 1
2025-10-02T17:05:48, Done loop ...
2025-10-02T17:05:48, ... powering down.
2025-10-02T17:22:29, Setup Complete
2025-10-02T17:22:31, Data: 2025-10-02T17:22:29,3.73,25631,500.00,4592.00,4484.50,6.09,87.55,6.03,884.03
2025-10-02T17:22:31, Add row to /TRACKING.csv
2025-10-02T17:22:31, Number of rows in /TRACKING.csv: 2
2025-10-02T17:22:34, Done loop ...
2025-10-02T17:22:34, ... powering down.
2025-10-02T17:39:15, Setup Complete
2025-10-02T17:39:17, Data: 2025-10-02T17:39:15,3.60,25631,4502.00,4729.00,4533.50,5.94,88.75,5.83,884.07
2025-10-02T17:39:17, Add row to /TRACKING.csv
2025-10-02T17:39:17, Number of rows in /TRACKING.csv: 3
2025-10-02T17:39:20, Done loop ...
2025-10-02T17:39:20, ... powering down.
2025-10-02T17:56:00, Setup Complete
2025-10-02T17:56:02, Data: 2025-10-02T17:56:00,3.59,25631,4500.00,4988.00,4562.50,5.75,91.37,5.68,884.05
2025-10-02T17:56:03, Add row to /TRACKING.csv
2025-10-02T17:56:03, Number of rows in /TRACKING.csv: 4
2025-10-02T17:56:06, Number of rows in /TRACKING.csv is >= 4
2025-10-02T17:56:06, Remove tracking
2025-10-02T17:56:06, Write to /TRANSMIT.csv: 2025-10-02T17:56:00,3.59,4500.00,5.8,91
2025-10-02T17:56:06, Number of rows in /TRANSMIT.csv: 2
2025-10-02T17:56:06, Current hour = 17, Transmission hour = 1
2025-10-02T17:56:06, Current hour = 17, Transmission hour = 6
2025-10-02T17:56:06, Current hour = 17, Transmission hour = 8
2025-10-02T17:56:06, Current hour = 17, Transmission hour = 9
2025-10-02T17:56:06, Current hour = 17, Transmission hour = 10
2025-10-02T17:56:06, Current hour = 17, Transmission hour = 15
2025-10-02T17:56:06, Current hour = 17, Transmission hour = 20
2025-10-02T17:56:07, Current hour = 17, Transmission hour = 22
2025-10-02T17:56:07, Done loop ...
2025-10-02T17:56:07, ... powering down.
2025-10-02T18:12:46, Setup Complete
2025-10-02T18:12:48, Data: 2025-10-02T18:12:46,3.64,25631,4518.00,4988.00,4701.50,5.78,92.31,5.56,884.20
2025-10-02T18:12:48, Add row to /TRACKING.csv
2025-10-02T18:12:49, Number of rows in /TRACKING.csv: 1
2025-10-02T18:12:51, Done loop ...
2025-10-02T18:12:51, ... powering down.
2025-10-02T18:29:32, Setup Complete
2025-10-02T18:29:34, Data: 2025-10-02T18:29:32,3.54,25631,4500.00,4668.00,4536.50,5.68,92.16,5.52,884.22
2025-10-02T18:29:34, Add row to /TRACKING.csv
2025-10-02T18:29:34, Number of rows in /TRACKING.csv: 2
2025-10-02T18:29:37, Done loop ...
2025-10-02T18:29:37, ... powering down.
2025-10-02T18:29:42, Setup Complete
2025-10-02T18:29:44, Data: 2025-10-02T18:29:42,3.62,25631,4459.00,4490.00,4473.00,5.68,92.15,5.52,884.23
2025-10-02T18:29:44, Add row to /TRACKING.csv
2025-10-02T18:29:44, Number of rows in /TRACKING.csv: 3
2025-10-02T18:29:47, Done loop ...
2025-10-02T18:29:47, ... powering down.
2025-10-02T18:46:27, Setup Complete
2025-10-02T18:46:30, Data: 2025-10-02T18:46:27,3.62,25631,4547.00,4988.00,4649.00,5.64,92.94,5.46,884.12
2025-10-02T18:46:30, Add row to /TRACKING.csv
2025-10-02T18:46:30, Number of rows in /TRACKING.csv: 4
2025-10-02T18:46:33, Number of rows in /TRACKING.csv is >= 4
2025-10-02T18:46:33, Remove tracking
2025-10-02T18:46:33, Write to /TRANSMIT.csv: 2025-10-02T18:46:27,3.62,4547.00,5.6,93
2025-10-02T18:46:33, Number of rows in /TRANSMIT.csv: 3
2025-10-02T18:46:33, Current hour = 18, Transmission hour = 1
2025-10-02T18:46:33, Current hour = 18, Transmission hour = 6
2025-10-02T18:46:33, Current hour = 18, Transmission hour = 8
2025-10-02T18:46:33, Current hour = 18, Transmission hour = 9
2025-10-02T18:46:34, Current hour = 18, Transmission hour = 10
2025-10-02T18:46:34, Current hour = 18, Transmission hour = 15
2025-10-02T18:46:34, Current hour = 18, Transmission hour = 20
2025-10-02T18:46:34, Current hour = 18, Transmission hour = 22
2025-10-02T18:46:34, Done loop ...
2025-10-02T18:46:34, ... powering down.
2025-10-02T19:03:13, Setup Complete
2025-10-02T19:03:15, Data: 2025-10-02T19:03:13,3.55,25631,4489.00,4607.00,4571.00,5.68,91.94,5.48,884.14
2025-10-02T19:03:15, Add row to /TRACKING.csv
2025-10-02T19:03:16, Number of rows in /TRACKING.csv: 1
2025-10-02T19:03:18, Done loop ...
2025-10-02T19:03:18, ... powering down.
2025-10-02T19:19:59, Setup Complete
2025-10-02T19:20:01, Data: 2025-10-02T19:19:59,3.61,25631,4502.00,4594.00,4543.00,5.64,91.52,5.45,884.21
2025-10-02T19:20:01, Add row to /TRACKING.csv
2025-10-02T19:20:01, Number of rows in /TRACKING.csv: 2
2025-10-02T19:20:04, Done loop ...
2025-10-02T19:20:04, ... powering down.
2025-10-02T19:36:45, Setup Complete
2025-10-02T19:36:47, Data: 2025-10-02T19:36:45,3.73,25631,4389.00,4716.00,4566.00,5.63,91.54,5.46,884.43
2025-10-02T19:36:47, Add row to /TRACKING.csv
2025-10-02T19:36:47, Number of rows in /TRACKING.csv: 3
2025-10-02T19:36:50, Done loop ...
2025-10-02T19:36:50, ... powering down.
2025-10-02T19:53:31, Setup Complete
2025-10-02T19:53:33, Data: 2025-10-02T19:53:31,3.56,25631,4470.00,4615.00,4543.50,5.83,89.64,5.47,884.57
2025-10-02T19:53:33, Add row to /TRACKING.csv
2025-10-02T19:53:33, Number of rows in /TRACKING.csv: 4
2025-10-02T19:53:36, Number of rows in /TRACKING.csv is >= 4
2025-10-02T19:53:37, Remove tracking
2025-10-02T19:53:37, Write to /TRANSMIT.csv: 2025-10-02T19:53:31,3.56,4470.00,5.8,90
2025-10-02T19:53:37, Number of rows in /TRANSMIT.csv: 4
2025-10-02T19:53:37, Current hour = 19, Transmission hour = 1
2025-10-02T19:53:37, Current hour = 19, Transmission hour = 6
2025-10-02T19:53:37, Current hour = 19, Transmission hour = 8
2025-10-02T19:53:37, Current hour = 19, Transmission hour = 9
2025-10-02T19:53:37, Current hour = 19, Transmission hour = 10
2025-10-02T19:53:37, Current hour = 19, Transmission hour = 15
2025-10-02T19:53:37, Current hour = 19, Transmission hour = 20
2025-10-02T19:53:37, Current hour = 19, Transmission hour = 22
2025-10-02T19:53:37, Done loop ...
2025-10-02T19:53:37, ... powering down.
2025-10-02T20:10:17, Setup Complete
2025-10-02T20:10:19, Data: 2025-10-02T20:10:17,3.66,25631,4515.00,4987.00,4581.50,5.54,92.23,5.48,884.52
2025-10-02T20:10:19, Add row to /TRACKING.csv
2025-10-02T20:10:19, Number of rows in /TRACKING.csv: 1
2025-10-02T20:10:21, Done loop ...
2025-10-02T20:10:21, ... powering down.
2025-10-02T20:10:26, Setup Complete
2025-10-02T20:10:28, Data: 2025-10-02T20:10:26,3.62,25631,4445.00,4496.00,4479.00,5.54,92.18,5.48,884.53
2025-10-02T20:10:28, Add row to /TRACKING.csv
2025-10-02T20:10:28, Number of rows in /TRACKING.csv: 2
2025-10-02T20:10:31, Done loop ...
2025-10-02T20:10:31, ... powering down.
2025-10-02T20:27:12, Setup Complete
2025-10-02T20:27:14, Data: 2025-10-02T20:27:12,3.59,25631,4518.00,4986.00,4552.00,5.81,89.09,5.53,884.56
2025-10-02T20:27:14, Add row to /TRACKING.csv
2025-10-02T20:27:14, Number of rows in /TRACKING.csv: 3
2025-10-02T20:27:17, Done loop ...
2025-10-02T20:27:17, ... powering down.
2025-10-02T20:43:58, Setup Complete
2025-10-02T20:44:00, Data: 2025-10-02T20:43:58,3.57,25631,4522.00,4986.00,4586.00,5.66,90.90,5.51,884.59
2025-10-02T20:44:00, Add row to /TRACKING.csv
2025-10-02T20:44:00, Number of rows in /TRACKING.csv: 4
2025-10-02T20:44:03, Number of rows in /TRACKING.csv is >= 4
2025-10-02T20:44:04, Remove tracking
2025-10-02T20:44:04, Write to /TRANSMIT.csv: 2025-10-02T20:43:58,3.57,4522.00,5.7,91
2025-10-02T20:44:04, Number of rows in /TRANSMIT.csv: 5
2025-10-02T20:44:04, Current hour = 20, Transmission hour = 1
2025-10-02T20:44:04, 0216482050+06288:450+05891:455+05693:447+05890:452+05791
2025-10-02T20:44:06,  - attempt to send message: 0216482050+06288:450+05891:455+05693:447+05890:452+05791
2025-10-02T20:44:37,  - Modem begin successful
2025-10-02T20:44:37,  - Sending...
2025-10-02T20:45:07, Send response: 
2025-10-02T20:45:07,  - Retry...
2025-10-02T20:45:07,    - Sending...
2025-10-02T20:45:07,    - Send response: 10
2025-10-02T20:45:37,  Sync clocks... 
2025-10-02T20:45:37,  - Clock was not synced
2025-10-02T20:45:37, Transmission failed. Error = 10
2025-10-02T20:45:37, Done loop ...
2025-10-02T20:45:37, ... powering down.
2025-10-02T21:00:44, Setup Complete
2025-10-02T21:00:46, Data: 2025-10-02T21:00:44,3.53,25631,4498.00,4577.00,4549.50,5.90,88.03,5.54,884.73
2025-10-02T21:00:46, Add row to /TRACKING.csv
2025-10-02T21:00:46, Number of rows in /TRACKING.csv: 1
2025-10-02T21:00:48, Done loop ...
2025-10-02T21:00:48, ... powering down.
2025-10-02T21:17:29, Setup Complete
2025-10-02T21:17:31, Data: 2025-10-02T21:17:29,3.54,25631,4486.00,4986.00,4574.00,5.97,86.16,5.56,884.56
2025-10-02T21:17:32, Add row to /TRACKING.csv
2025-10-02T21:17:32, Number of rows in /TRACKING.csv: 2
2025-10-02T21:17:34, Done loop ...
2025-10-02T21:17:34, ... powering down.
2025-10-02T21:17:39, Setup Complete
2025-10-02T21:17:41, Data: 2025-10-02T21:17:39,3.62,25631,4473.00,4491.00,4479.50,5.97,86.18,5.56,884.58
2025-10-02T21:17:41, Add row to /TRACKING.csv
2025-10-02T21:17:41, Number of rows in /TRACKING.csv: 3
2025-10-02T21:17:44, Done loop ...
2025-10-02T21:17:44, ... powering down.
2025-10-02T21:34:25, Setup Complete
2025-10-02T21:34:27, Data: 2025-10-02T21:34:25,3.62,25631,4501.00,4985.00,4572.50,5.79,83.90,5.56,884.58
2025-10-02T21:34:27, Add row to /TRACKING.csv
2025-10-02T21:34:27, Number of rows in /TRACKING.csv: 4
2025-10-02T21:34:30, Number of rows in /TRACKING.csv is >= 4
2025-10-02T21:34:31, Remove tracking
2025-10-02T21:34:31, Write to /TRANSMIT.csv: 2025-10-02T21:34:25,3.62,4501.00,5.8,84
2025-10-02T21:34:31, Number of rows in /TRANSMIT.csv: 6
2025-10-02T21:34:31, Current hour = 21, Transmission hour = 1
2025-10-02T21:34:31, 0216483050+06288:450+05891:455+05693:447+05890:452+05791:450+05884
2025-10-02T21:34:33,  - attempt to send message: 0216483050+06288:450+05891:455+05693:447+05890:452+05791:450+05884
2025-10-02T21:36:34,  - Modem begin successful
2025-10-02T21:36:34,  - Sending...
2025-10-02T21:37:14, Send response: 
2025-10-02T21:37:14,  - Retry...
2025-10-02T21:37:14,    - Sending...
2025-10-02T21:37:14,    - Send response: 10
2025-10-02T21:37:44,  Sync clocks... 
2025-10-02T21:37:44,  - Clock was not synced
2025-10-02T21:37:44, Transmission failed. Error = 10
2025-10-02T21:37:44, Done loop ...
2025-10-02T21:37:44, ... powering down.
2025-10-02T21:51:10, Setup Complete
2025-10-02T21:51:12, Data: 2025-10-02T21:51:10,3.56,25631,4428.00,4641.00,4570.50,5.94,81.54,5.74,884.40
2025-10-02T21:51:12, Add row to /TRACKING.csv
2025-10-02T21:51:13, Number of rows in /TRACKING.csv: 1
2025-10-02T21:51:15, Done loop ...
2025-10-02T21:51:15, ... powering down.
2025-10-02T22:07:56, Setup Complete
2025-10-02T22:07:58, Data: 2025-10-02T22:07:56,3.66,25631,4489.00,4622.00,4552.00,5.88,83.68,5.70,884.48
2025-10-02T22:07:58, Add row to /TRACKING.csv
2025-10-02T22:07:58, Number of rows in /TRACKING.csv: 2
2025-10-02T22:08:01, Done loop ...
2025-10-02T22:08:01, ... powering down.
2025-10-02T22:08:06, Setup Complete
2025-10-02T22:08:08, Data: 2025-10-02T22:08:06,3.61,25631,4451.00,4469.00,4460.00,5.88,83.83,5.70,884.47
2025-10-02T22:08:08, Add row to /TRACKING.csv
2025-10-02T22:08:08, Number of rows in /TRACKING.csv: 3
2025-10-02T22:08:11, Done loop ...
2025-10-02T22:08:11, ... powering down.
2025-10-02T22:24:51, Setup Complete
2025-10-02T22:24:54, Data: 2025-10-02T22:24:51,3.53,25631,4471.00,4781.00,4566.00,5.53,89.10,5.53,884.42
2025-10-02T22:24:54, Add row to /TRACKING.csv
2025-10-02T22:24:54, Number of rows in /TRACKING.csv: 4
2025-10-02T22:24:57, Number of rows in /TRACKING.csv is >= 4
2025-10-02T22:24:57, Remove tracking
2025-10-02T22:24:57, Write to /TRANSMIT.csv: 2025-10-02T22:24:51,3.53,4471.00,5.5,89
2025-10-02T22:24:57, Number of rows in /TRANSMIT.csv: 7
2025-10-02T22:24:57, Current hour = 22, Transmission hour = 1
2025-10-02T22:24:57, 0216482050+06288:450+05891:455+05693:447+05890:452+05791:450+05884:447+05589
2025-10-02T22:25:00,  - attempt to send message: 0216482050+06288:450+05891:455+05693:447+05890:452+05791:450+05884:447+05589
2025-10-02T22:28:30,  - Modem begin successful
2025-10-02T22:28:30,  - Sending...
2025-10-02T22:29:00, Send response: 
2025-10-02T22:29:00,  - Retry...
2025-10-02T22:29:00,    - Sending...
2025-10-02T22:29:00,    - Send response: 10
2025-10-02T22:29:30,  Sync clocks... 
2025-10-02T22:29:30,  - Clock was not synced
2025-10-02T22:29:31, Transmission failed. Error = 10
2025-10-02T22:29:31, Done loop ...
2025-10-02T22:29:31, ... powering down.
2025-10-02T22:41:37, Setup Complete
2025-10-02T22:41:39, Data: 2025-10-02T22:41:37,3.60,25631,4479.00,4583.00,4528.50,5.11,87.87,5.17,884.51
2025-10-02T22:41:39, Add row to /TRACKING.csv
2025-10-02T22:41:39, Number of rows in /TRACKING.csv: 1
2025-10-02T22:41:41, Done loop ...
2025-10-02T22:41:41, ... powering down.
2025-10-02T22:58:22, Setup Complete
2025-10-02T22:58:25, Data: 2025-10-02T22:58:22,3.54,25631,4528.00,4730.00,4653.00,4.75,91.50,4.74,884.55
2025-10-02T22:58:25, Add row to /TRACKING.csv
2025-10-02T22:58:25, Number of rows in /TRACKING.csv: 2
2025-10-02T22:58:27, Done loop ...
2025-10-02T22:58:27, ... powering down.
2025-10-02T23:15:08, Setup Complete
2025-10-02T23:15:10, Data: 2025-10-02T23:15:08,3.59,25631,4505.00,4581.00,4554.00,4.49,91.26,4.37,884.97
2025-10-02T23:15:10, Add row to /TRACKING.csv
2025-10-02T23:15:10, Number of rows in /TRACKING.csv: 3
2025-10-02T23:15:13, Done loop ...
2025-10-02T23:15:13, ... powering down.
2025-10-02T23:31:54, Setup Complete
2025-10-02T23:31:56, Data: 2025-10-02T23:31:54,3.57,25631,4385.00,4574.00,4553.00,4.12,90.98,4.03,884.61
2025-10-02T23:31:56, Add row to /TRACKING.csv
2025-10-02T23:31:56, Number of rows in /TRACKING.csv: 4
2025-10-02T23:31:59, Number of rows in /TRACKING.csv is >= 4
2025-10-02T23:32:00, Remove tracking
2025-10-02T23:32:00, Write to /TRANSMIT.csv: 2025-10-02T23:31:54,3.57,4385.00,4.1,91
2025-10-02T23:32:00, Number of rows in /TRANSMIT.csv: 8
2025-10-02T23:32:00, Current hour = 23, Transmission hour = 1
2025-10-02T23:32:00, 0216482050+06288:450+05891:455+05693:447+05890:452+05791:450+05884:447+05589:439+04191
2025-10-02T23:32:02,  - attempt to send message: 0216482050+06288:450+05891:455+05693:447+05890:452+05791:450+05884:447+05589:439+04191
2025-10-02T23:33:33,  - Modem begin successful
2025-10-02T23:33:33,  - Sending...
2025-10-02T23:34:13, Send response: 
2025-10-02T23:34:13,  - Retry...
2025-10-02T23:34:13,    - Sending...
2025-10-02T23:34:13,    - Send response: 10
2025-10-02T23:34:43,  Sync clocks... 
2025-10-02T23:34:43,  - Clock was not synced
2025-10-02T23:34:43, Transmission failed. Error = 10
2025-10-02T23:34:43, Done loop ...
2025-10-02T23:34:43, ... powering down.
2025-10-02T23:48:39, Setup Complete
2025-10-02T23:48:41, Data: 2025-10-02T23:48:39,3.53,25631,4472.00,4585.00,4564.50,4.05,91.66,3.86,884.43
2025-10-02T23:48:41, Add row to /TRACKING.csv
2025-10-02T23:48:41, Number of rows in /TRACKING.csv: 1
2025-10-02T23:48:44, Done loop ...
2025-10-02T23:48:44, ... powering down.
2025-10-03T00:05:25, Setup Complete
2025-10-03T00:05:27, Data: 2025-10-03T00:05:25,3.58,25631,4401.00,4607.00,4585.50,4.05,88.43,3.69,883.87
2025-10-03T00:05:27, Add row to /TRACKING.csv
2025-10-03T00:05:27, Number of rows in /TRACKING.csv: 2
2025-10-03T00:05:30, Done loop ...
2025-10-03T00:05:30, ... powering down.
2025-10-03T00:22:10, Setup Complete
2025-10-03T00:22:13, Data: 2025-10-03T00:22:10,3.54,25631,4463.00,4569.00,4537.00,4.19,87.93,3.64,884.27
2025-10-03T00:22:13, Add row to /TRACKING.csv
2025-10-03T00:22:13, Number of rows in /TRACKING.csv: 3
2025-10-03T00:22:16, Done loop ...
2025-10-03T00:22:16, ... powering down.
2025-10-03T00:38:56, Setup Complete
2025-10-03T00:38:58, Data: 2025-10-03T00:38:56,3.53,25631,4453.00,4986.00,4607.50,4.12,89.41,3.68,884.29
2025-10-03T00:38:58, Add row to /TRACKING.csv
2025-10-03T00:38:58, Number of rows in /TRACKING.csv: 4
2025-10-03T00:39:02, Number of rows in /TRACKING.csv is >= 4
2025-10-03T00:39:02, Remove tracking
2025-10-03T00:39:02, Write to /TRANSMIT.csv: 2025-10-03T00:38:56,3.53,4453.00,4.1,89
2025-10-03T00:39:02, Number of rows in /TRANSMIT.csv: 9
2025-10-03T00:39:02, Current hour = 0, Transmission hour = 1
2025-10-03T00:39:02, 0216482050+06288:450+05891:455+05693:447+05890:452+05791:450+05884:447+05589:439+04191:445+04189
2025-10-03T00:39:04,  - attempt to send message: 0216482050+06288:450+05891:455+05693:447+05890:452+05791:450+05884:447+05589:439+04191:445+04189
2025-10-03T00:40:35,  - Modem begin successful
2025-10-03T00:40:35,  - Sending...
2025-10-03T00:41:05, Send response: 
2025-10-03T00:41:05,  - Retry...
2025-10-03T00:41:05,    - Sending...
2025-10-03T00:41:05,    - Send response: 10
2025-10-03T00:41:35,  Sync clocks... 
2025-10-03T00:41:35,  - Clock was not synced
2025-10-03T00:41:35, Transmission failed. Error = 10
2025-10-03T00:41:35, Done loop ...
2025-10-03T00:41:35, ... powering down.
2025-10-03T00:55:41, Setup Complete
2025-10-03T00:55:44, Data: 2025-10-03T00:55:41,3.54,25631,4488.00,4600.00,4569.50,4.30,89.43,3.88,884.25
2025-10-03T00:55:44, Add row to /TRACKING.csv
2025-10-03T00:55:44, Number of rows in /TRACKING.csv: 1
2025-10-03T00:55:46, Done loop ...
2025-10-03T00:55:46, ... powering down.
2025-10-03T01:12:27, Setup Complete
2025-10-03T01:12:29, Data: 2025-10-03T01:12:27,3.64,25631,4484.00,4689.00,4564.00,4.60,86.79,4.03,884.20
2025-10-03T01:12:29, Add row to /TRACKING.csv
2025-10-03T01:12:29, Number of rows in /TRACKING.csv: 2
2025-10-03T01:12:32, Done loop ...
2025-10-03T01:12:32, ... powering down.
2025-10-03T01:29:13, Setup Complete
2025-10-03T01:29:15, Data: 2025-10-03T01:29:13,3.63,25631,4499.00,4986.00,4621.00,4.06,87.05,3.99,884.07
2025-10-03T01:29:15, Add row to /TRACKING.csv
2025-10-03T01:29:15, Number of rows in /TRACKING.csv: 3
2025-10-03T01:29:18, Done loop ...
2025-10-03T01:29:18, ... powering down.
2025-10-03T01:45:58, Setup Complete
2025-10-03T01:46:01, Data: 2025-10-03T01:45:58,3.58,25631,4550.00,4592.00,4573.00,5.02,82.51,4.15,883.95
2025-10-03T01:46:01, Add row to /TRACKING.csv
2025-10-03T01:46:01, Number of rows in /TRACKING.csv: 4
2025-10-03T01:46:04, Number of rows in /TRACKING.csv is >= 4
2025-10-03T01:46:04, Remove tracking
2025-10-03T01:46:04, Write to /TRANSMIT.csv: 2025-10-03T01:45:58,3.58,4550.00,5.0,83
2025-10-03T01:46:04, Number of rows in /TRANSMIT.csv: 10
2025-10-03T01:46:04, Current hour = 1, Transmission hour = 1
2025-10-03T01:46:04, 0216482050+06288:450+05891:455+05693:447+05890:452+05791:450+05884:447+05589:439+04191:445+04189:455+05083
2025-10-03T01:46:06,  - attempt to send message: 0216482050+06288:450+05891:455+05693:447+05890:452+05791:450+05884:447+05589:439+04191:445+04189:455+05083
2025-10-03T01:48:07,  - Modem begin unsuccessful
2025-10-03T01:48:07, Transmission failed. Error = 3
2025-10-03T01:48:07, n_transmit >= 10, too much to transmit, delete /TRANSMIT.csv
2025-10-03T01:48:07, Done loop ...
2025-10-03T01:48:07, ... powering down.
2025-10-03T02:02:44, Setup Complete
2025-10-03T02:02:46, Data: 2025-10-03T02:02:44,3.54,25631,4370.00,4587.00,4567.50,5.08,79.16,4.35,883.82
2025-10-03T02:02:46, Add row to /TRACKING.csv
2025-10-03T02:02:46, Number of rows in /TRACKING.csv: 1
2025-10-03T02:02:49, Done loop ...
2025-10-03T02:02:49, ... powering down.
2025-10-03T02:19:30, Setup Complete
2025-10-03T02:19:32, Data: 2025-10-03T02:19:30,3.54,25631,4492.00,4597.00,4580.50,4.63,86.12,4.31,883.81
2025-10-03T02:19:32, Add row to /TRACKING.csv
2025-10-03T02:19:32, Number of rows in /TRACKING.csv: 2
2025-10-03T02:19:35, Done loop ...
2025-10-03T02:19:35, ... powering down.
2025-10-03T02:36:15, Setup Complete
2025-10-03T02:36:17, Data: 2025-10-03T02:36:15,3.80,25631,648.00,4985.00,4556.50,4.80,78.32,4.29,883.81
2025-10-03T02:36:17, Add row to /TRACKING.csv
2025-10-03T02:36:18, Number of rows in /TRACKING.csv: 3
2025-10-03T02:36:21, Done loop ...
2025-10-03T02:36:21, ... powering down.
2025-10-03T02:53:01, Setup Complete
2025-10-03T02:53:03, Data: 2025-10-03T02:53:01,3.60,25631,4512.00,4595.00,4581.50,5.12,77.09,4.45,883.71
2025-10-03T02:53:03, Add row to /TRACKING.csv
2025-10-03T02:53:03, Number of rows in /TRACKING.csv: 4
2025-10-03T02:53:07, Number of rows in /TRACKING.csv is >= 4
2025-10-03T02:53:07, Remove tracking
2025-10-03T02:53:07, Write to /TRANSMIT.csv: 2025-10-03T02:53:01,3.60,4512.00,5.1,77
2025-10-03T02:53:07, Number of rows in /TRANSMIT.csv: 1
2025-10-03T02:53:07, Current hour = 2, Transmission hour = 1
2025-10-03T02:53:07, Current hour = 2, Transmission hour = 6
2025-10-03T02:53:07, Current hour = 2, Transmission hour = 8
2025-10-03T02:53:07, Current hour = 2, Transmission hour = 9
2025-10-03T02:53:07, Current hour = 2, Transmission hour = 10
2025-10-03T02:53:07, Current hour = 2, Transmission hour = 15
2025-10-03T02:53:07, Current hour = 2, Transmission hour = 20
2025-10-03T02:53:07, Current hour = 2, Transmission hour = 22
2025-10-03T02:53:07, Done loop ...
2025-10-03T02:53:07, ... powering down.
2025-10-03T03:09:47, Setup Complete
2025-10-03T03:09:49, Data: 2025-10-03T03:09:47,3.56,25631,4494.00,4624.00,4570.50,4.46,79.75,4.34,883.49
2025-10-03T03:09:49, Add row to /TRACKING.csv
2025-10-03T03:09:49, Number of rows in /TRACKING.csv: 1
2025-10-03T03:09:51, Done loop ...
2025-10-03T03:09:51, ... powering down.
2025-10-03T03:26:32, Setup Complete
2025-10-03T03:26:35, Data: 2025-10-03T03:26:32,3.58,25631,4487.00,4610.00,4577.50,4.19,79.69,3.85,883.50
2025-10-03T03:26:35, Add row to /TRACKING.csv
2025-10-03T03:26:35, Number of rows in /TRACKING.csv: 2
2025-10-03T03:26:37, Done loop ...
2025-10-03T03:26:37, ... powering down.
2025-10-03T03:43:18, Setup Complete
2025-10-03T03:43:20, Data: 2025-10-03T03:43:18,3.64,25631,4448.00,4592.00,4551.50,3.82,80.30,3.59,883.30
2025-10-03T03:43:20, Add row to /TRACKING.csv
2025-10-03T03:43:20, Number of rows in /TRACKING.csv: 3
2025-10-03T03:43:23, Done loop ...
2025-10-03T03:43:23, ... powering down.
2025-10-03T03:43:28, Setup Complete
2025-10-03T03:43:30, Data: 2025-10-03T03:43:28,3.63,25631,4408.00,4530.00,4451.00,3.82,80.48,3.59,883.37
2025-10-03T03:43:30, Add row to /TRACKING.csv
2025-10-03T03:43:30, Number of rows in /TRACKING.csv: 4
2025-10-03T03:43:34, Number of rows in /TRACKING.csv is >= 4
2025-10-03T03:43:34, Remove tracking
2025-10-03T03:43:34, Write to /TRANSMIT.csv: 2025-10-03T03:43:28,3.63,4408.00,3.8,80
2025-10-03T03:43:34, Number of rows in /TRANSMIT.csv: 2
2025-10-03T03:43:34, Current hour = 3, Transmission hour = 1
2025-10-03T03:43:34, Current hour = 3, Transmission hour = 6
2025-10-03T03:43:34, Current hour = 3, Transmission hour = 8
2025-10-03T03:43:34, Current hour = 3, Transmission hour = 9
2025-10-03T03:43:34, Current hour = 3, Transmission hour = 10
2025-10-03T03:43:34, Current hour = 3, Transmission hour = 15
2025-10-03T03:43:34, Current hour = 3, Transmission hour = 20
2025-10-03T03:43:34, Current hour = 3, Transmission hour = 22
2025-10-03T03:43:34, Done loop ...
2025-10-03T03:43:34, ... powering down.
2025-10-03T04:00:14, Setup Complete
2025-10-03T04:00:16, Data: 2025-10-03T04:00:14,3.62,25631,4523.00,4589.00,4576.50,3.60,80.21,3.43,883.51
2025-10-03T04:00:16, Add row to /TRACKING.csv
2025-10-03T04:00:16, Number of rows in /TRACKING.csv: 1
2025-10-03T04:00:19, Done loop ...
2025-10-03T04:00:19, ... powering down.
2025-10-03T04:16:59, Setup Complete
2025-10-03T04:17:02, Data: 2025-10-03T04:16:59,3.74,25631,4481.00,4610.00,4543.00,2.92,86.95,3.05,883.47
2025-10-03T04:17:02, Add row to /TRACKING.csv
2025-10-03T04:17:02, Number of rows in /TRACKING.csv: 2
2025-10-03T04:17:04, Done loop ...
2025-10-03T04:17:04, ... powering down.
2025-10-03T04:33:45, Setup Complete
2025-10-03T04:33:47, Data: 2025-10-03T04:33:45,3.73,25631,4534.00,4708.00,4557.50,2.54,88.82,2.56,883.47
2025-10-03T04:33:47, Add row to /TRACKING.csv
2025-10-03T04:33:47, Number of rows in /TRACKING.csv: 3
2025-10-03T04:33:50, Done loop ...
2025-10-03T04:33:50, ... powering down.
2025-10-03T04:50:31, Setup Complete
2025-10-03T04:50:33, Data: 2025-10-03T04:50:31,3.55,25631,4494.00,4745.00,4600.00,2.38,90.85,2.26,883.40
2025-10-03T04:50:33, Add row to /TRACKING.csv
2025-10-03T04:50:33, Number of rows in /TRACKING.csv: 4
2025-10-03T04:50:36, Number of rows in /TRACKING.csv is >= 4
2025-10-03T04:50:36, Remove tracking
2025-10-03T04:50:36, Write to /TRANSMIT.csv: 2025-10-03T04:50:31,3.55,4494.00,2.4,91
2025-10-03T04:50:37, Number of rows in /TRANSMIT.csv: 3
2025-10-03T04:50:37, Current hour = 4, Transmission hour = 1
2025-10-03T04:50:37, Current hour = 4, Transmission hour = 6
2025-10-03T04:50:37, Current hour = 4, Transmission hour = 8
2025-10-03T04:50:37, Current hour = 4, Transmission hour = 9
2025-10-03T04:50:37, Current hour = 4, Transmission hour = 10
2025-10-03T04:50:37, Current hour = 4, Transmission hour = 15
2025-10-03T04:50:37, Current hour = 4, Transmission hour = 20
2025-10-03T04:50:37, Current hour = 4, Transmission hour = 22
2025-10-03T04:50:37, Done loop ...
2025-10-03T04:50:37, ... powering down.
2025-10-03T04:50:42, Setup Complete
2025-10-03T04:50:44, Data: 2025-10-03T04:50:42,3.63,25631,4447.00,4484.00,4472.50,2.34,90.93,2.26,883.39
2025-10-03T04:50:44, Add row to /TRACKING.csv
2025-10-03T04:50:44, Number of rows in /TRACKING.csv: 1
2025-10-03T04:50:47, Done loop ...
2025-10-03T04:50:47, ... powering down.
2025-10-03T05:07:30, Setup Complete
2025-10-03T05:07:32, Data: 2025-10-03T05:07:30,3.57,25631,4455.00,4606.00,4576.50,2.23,91.51,2.10,883.38
2025-10-03T05:07:32, Add row to /TRACKING.csv
2025-10-03T05:07:32, Number of rows in /TRACKING.csv: 2
2025-10-03T05:07:35, Done loop ...
2025-10-03T05:07:35, ... powering down.
2025-10-03T05:24:18, Setup Complete
2025-10-03T05:24:20, Data: 2025-10-03T05:24:18,3.56,25631,4450.00,4580.00,4519.50,2.22,92.12,2.03,883.37
2025-10-03T05:24:20, Add row to /TRACKING.csv
2025-10-03T05:24:20, Number of rows in /TRACKING.csv: 3
2025-10-03T05:24:23, Done loop ...
2025-10-03T05:24:23, ... powering down.
2025-10-03T05:41:06, Setup Complete
2025-10-03T05:41:08, Data: 2025-10-03T05:41:06,3.58,25631,4475.00,4603.00,4594.00,1.99,94.38,1.93,883.67
2025-10-03T05:41:08, Add row to /TRACKING.csv
2025-10-03T05:41:09, Number of rows in /TRACKING.csv: 4
2025-10-03T05:41:12, Number of rows in /TRACKING.csv is >= 4
2025-10-03T05:41:12, Remove tracking
2025-10-03T05:41:12, Write to /TRANSMIT.csv: 2025-10-03T05:41:06,3.58,4475.00,2.0,94
2025-10-03T05:41:12, Number of rows in /TRANSMIT.csv: 4
2025-10-03T05:41:12, Current hour = 5, Transmission hour = 1
2025-10-03T05:41:12, Current hour = 5, Transmission hour = 6
2025-10-03T05:41:12, Current hour = 5, Transmission hour = 8
2025-10-03T05:41:12, Current hour = 5, Transmission hour = 9
2025-10-03T05:41:12, Current hour = 5, Transmission hour = 10
2025-10-03T05:41:12, Current hour = 5, Transmission hour = 15
2025-10-03T05:41:12, Current hour = 5, Transmission hour = 20
2025-10-03T05:41:12, Current hour = 5, Transmission hour = 22
2025-10-03T05:41:12, Done loop ...
2025-10-03T05:41:13, ... powering down.
2025-10-03T05:57:54, Setup Complete
2025-10-03T05:57:56, Data: 2025-10-03T05:57:54,3.54,25631,4465.00,4618.00,4574.50,1.82,95.22,1.88,883.81
2025-10-03T05:57:57, Add row to /TRACKING.csv
2025-10-03T05:57:57, Number of rows in /TRACKING.csv: 1
2025-10-03T05:57:59, Done loop ...
2025-10-03T05:57:59, ... powering down.
2025-10-03T06:14:42, Setup Complete
2025-10-03T06:14:45, Data: 2025-10-03T06:14:43,3.57,25631,4475.00,4590.00,4529.00,1.68,95.97,1.80,884.05
2025-10-03T06:14:45, Add row to /TRACKING.csv
2025-10-03T06:14:45, Number of rows in /TRACKING.csv: 2
2025-10-03T06:14:47, Done loop ...
2025-10-03T06:14:48, ... powering down.
2025-10-03T06:31:31, Setup Complete
2025-10-03T06:31:33, Data: 2025-10-03T06:31:31,3.55,25631,4523.00,4707.00,4583.50,1.60,96.51,1.66,883.72
2025-10-03T06:31:33, Add row to /TRACKING.csv
2025-10-03T06:31:33, Number of rows in /TRACKING.csv: 3
2025-10-03T06:31:36, Done loop ...
2025-10-03T06:31:36, ... powering down.
2025-10-03T06:48:19, Setup Complete
2025-10-03T06:48:21, Data: 2025-10-03T06:48:19,3.69,25631,4509.00,4987.00,4578.50,1.60,96.75,1.61,883.86
2025-10-03T06:48:21, Add row to /TRACKING.csv
2025-10-03T06:48:21, Number of rows in /TRACKING.csv: 4
2025-10-03T06:48:24, Number of rows in /TRACKING.csv is >= 4
2025-10-03T06:48:24, Remove tracking
2025-10-03T06:48:24, Write to /TRANSMIT.csv: 2025-10-03T06:48:19,3.69,4509.00,1.6,97
2025-10-03T06:48:25, Number of rows in /TRANSMIT.csv: 5
2025-10-03T06:48:25, Current hour = 6, Transmission hour = 1
2025-10-03T06:48:25, 0302533451+05177:441+03880:449+02491:448+02094:451+01697
2025-10-03T06:48:27,  - attempt to send message: 0302533451+05177:441+03880:449+02491:448+02094:451+01697
2025-10-03T06:51:57,  - Modem begin successful
2025-10-03T06:51:57,  - Sending...
2025-10-03T06:52:38, Send response: 
2025-10-03T06:52:38,  - Retry...
2025-10-03T06:52:38,    - Sending...
2025-10-03T06:52:38,    - Send response: 10
2025-10-03T06:53:08,  Sync clocks... 
2025-10-03T06:53:08,  - Clock was not synced
2025-10-03T06:53:08, Transmission failed. Error = 10
2025-10-03T06:53:08, Done loop ...
2025-10-03T06:53:08, ... powering down.
2025-10-03T07:05:06, Setup Complete
2025-10-03T07:05:08, Data: 2025-10-03T07:05:06,3.60,25631,4455.00,4986.00,4609.00,1.55,96.98,1.67,884.10
2025-10-03T07:05:08, Add row to /TRACKING.csv
2025-10-03T07:05:09, Number of rows in /TRACKING.csv: 1
2025-10-03T07:05:11, Done loop ...
2025-10-03T07:05:11, ... powering down.
2025-10-03T07:21:55, Setup Complete
2025-10-03T07:21:57, Data: 2025-10-03T07:21:55,3.64,25631,4469.00,4745.00,4599.00,1.64,97.22,1.75,884.59
2025-10-03T07:21:57, Add row to /TRACKING.csv
2025-10-03T07:21:57, Number of rows in /TRACKING.csv: 2
2025-10-03T07:22:00, Done loop ...
2025-10-03T07:22:00, ... powering down.
2025-10-03T07:38:43, Setup Complete
2025-10-03T07:38:45, Data: 2025-10-03T07:38:43,3.63,25631,4490.00,4984.00,4550.00,1.85,96.30,1.88,884.60
2025-10-03T07:38:45, Add row to /TRACKING.csv
2025-10-03T07:38:45, Number of rows in /TRACKING.csv: 3
2025-10-03T07:38:48, Done loop ...
2025-10-03T07:38:48, ... powering down.
2025-10-03T07:55:31, Setup Complete
2025-10-03T07:55:33, Data: 2025-10-03T07:55:31,3.54,25631,4480.00,4643.00,4569.00,1.78,97.04,2.03,884.75
2025-10-03T07:55:33, Add row to /TRACKING.csv
2025-10-03T07:55:34, Number of rows in /TRACKING.csv: 4
2025-10-03T07:55:37, Number of rows in /TRACKING.csv is >= 4
2025-10-03T07:55:37, Remove tracking
2025-10-03T07:55:37, Write to /TRANSMIT.csv: 2025-10-03T07:55:31,3.54,4480.00,1.8,97
2025-10-03T07:55:37, Number of rows in /TRANSMIT.csv: 6
2025-10-03T07:55:37, Current hour = 7, Transmission hour = 1
2025-10-03T07:55:37, 0302532451+05177:441+03880:449+02491:448+02094:451+01697:448+01897
2025-10-03T07:55:39,  - attempt to send message: 0302532451+05177:441+03880:449+02491:448+02094:451+01697:448+01897
2025-10-03T07:58:40,  - Modem begin successful
2025-10-03T07:58:40,  - Sending...
2025-10-03T07:59:10, Send response: 
2025-10-03T07:59:10,  - Retry...
2025-10-03T07:59:10,    - Sending...
2025-10-03T07:59:10,    - Send response: 10
2025-10-03T07:59:40,  Sync clocks... 
2025-10-03T07:59:40,  - Clock was not synced
2025-10-03T07:59:40, Transmission failed. Error = 10
2025-10-03T07:59:40, Done loop ...
2025-10-03T07:59:40, ... powering down.
2025-10-03T08:12:19, Setup Complete
2025-10-03T08:12:21, Data: 2025-10-03T08:12:19,3.57,25631,4465.00,4987.00,4534.00,1.72,97.20,2.16,884.74
2025-10-03T08:12:21, Add row to /TRACKING.csv
2025-10-03T08:12:22, Number of rows in /TRACKING.csv: 1
2025-10-03T08:12:24, Done loop ...
2025-10-03T08:12:24, ... powering down.
2025-10-03T08:29:07, Setup Complete
2025-10-03T08:29:10, Data: 2025-10-03T08:29:08,3.62,25631,4516.00,4987.00,4562.50,1.92,97.13,2.39,884.77
2025-10-03T08:29:10, Add row to /TRACKING.csv
2025-10-03T08:29:10, Number of rows in /TRACKING.csv: 2
2025-10-03T08:29:12, Done loop ...
2025-10-03T08:29:13, ... powering down.
2025-10-03T08:45:56, Setup Complete
2025-10-03T08:45:58, Data: 2025-10-03T08:45:56,3.55,25631,4500.00,4627.00,4545.00,2.03,95.92,2.62,884.93
2025-10-03T08:45:58, Add row to /TRACKING.csv
2025-10-03T08:45:58, Number of rows in /TRACKING.csv: 3
2025-10-03T08:46:01, Done loop ...
2025-10-03T08:46:01, ... powering down.
2025-10-03T09:02:44, Setup Complete
2025-10-03T09:02:47, Data: 2025-10-03T09:02:44,3.54,25631,4486.00,4986.00,4611.50,2.06,95.93,2.78,885.06
2025-10-03T09:02:47, Add row to /TRACKING.csv
2025-10-03T09:02:47, Number of rows in /TRACKING.csv: 4
2025-10-03T09:02:50, Number of rows in /TRACKING.csv is >= 4
2025-10-03T09:02:50, Remove tracking
2025-10-03T09:02:50, Write to /TRANSMIT.csv: 2025-10-03T09:02:44,3.54,4486.00,2.1,96
2025-10-03T09:02:50, Number of rows in /TRANSMIT.csv: 7
2025-10-03T09:02:50, Current hour = 9, Transmission hour = 1
2025-10-03T09:02:50, 0302532451+05177:441+03880:449+02491:448+02094:451+01697:448+01897:449+02196
2025-10-03T09:02:52,  - attempt to send message: 0302532451+05177:441+03880:449+02491:448+02094:451+01697:448+01897:449+02196
2025-10-03T09:06:23,  - Modem begin successful
2025-10-03T09:06:23,  - Sending...
2025-10-03T09:06:53, Send response: 
2025-10-03T09:06:53,  - Retry...
2025-10-03T09:06:53,    - Sending...
2025-10-03T09:06:53,    - Send response: 10
2025-10-03T09:07:23,  Sync clocks... 
2025-10-03T09:07:23,  - Clock was not synced
2025-10-03T09:07:24, Transmission failed. Error = 10
2025-10-03T09:07:24, Done loop ...
2025-10-03T09:07:24, ... powering down.
2025-10-03T09:19:32, Setup Complete
2025-10-03T09:19:34, Data: 2025-10-03T09:19:32,3.66,25631,645.00,4610.00,4563.50,2.30,95.09,3.19,885.12
2025-10-03T09:19:34, Add row to /TRACKING.csv
2025-10-03T09:19:35, Number of rows in /TRACKING.csv: 1
2025-10-03T09:19:37, Done loop ...
2025-10-03T09:19:37, ... powering down.
2025-10-03T09:36:21, Setup Complete
2025-10-03T09:36:23, Data: 2025-10-03T09:36:21,3.67,25631,641.00,4636.00,4579.50,2.51,95.59,3.30,885.16
2025-10-03T09:36:23, Add row to /TRACKING.csv
2025-10-03T09:36:23, Number of rows in /TRACKING.csv: 2
2025-10-03T09:36:26, Done loop ...
2025-10-03T09:36:26, ... powering down.
2025-10-03T09:53:09, Setup Complete
2025-10-03T09:53:12, Data: 2025-10-03T09:53:09,3.61,25631,4428.00,4601.00,4529.50,2.67,96.47,3.58,885.15
2025-10-03T09:53:12, Add row to /TRACKING.csv
2025-10-03T09:53:12, Number of rows in /TRACKING.csv: 3
2025-10-03T09:53:15, Done loop ...
2025-10-03T09:53:15, ... powering down.
2025-10-03T10:09:58, Setup Complete
2025-10-03T10:10:00, Data: 2025-10-03T10:09:58,3.57,25631,4478.00,4989.00,4570.00,2.70,94.44,3.81,885.34
2025-10-03T10:10:00, Add row to /TRACKING.csv
2025-10-03T10:10:00, Number of rows in /TRACKING.csv: 4
2025-10-03T10:10:03, Number of rows in /TRACKING.csv is >= 4
2025-10-03T10:10:04, Remove tracking
2025-10-03T10:10:04, Write to /TRANSMIT.csv: 2025-10-03T10:09:58,3.57,4478.00,2.7,94
2025-10-03T10:10:04, Number of rows in /TRANSMIT.csv: 8
2025-10-03T10:10:04, Current hour = 10, Transmission hour = 1
2025-10-03T10:10:04, 0302532451+05177:441+03880:449+02491:448+02094:451+01697:448+01897:449+02196:448+02794
2025-10-03T10:10:06,  - attempt to send message: 0302532451+05177:441+03880:449+02491:448+02094:451+01697:448+01897:449+02196:448+02794
2025-10-03T10:10:07,  - Modem begin successful
2025-10-03T10:10:07,  - Sending...
2025-10-03T10:10:37, Send response: 
2025-10-03T10:10:37,  - Retry...
2025-10-03T10:10:37,    - Sending...
2025-10-03T10:10:37,    - Send response: 10
2025-10-03T10:11:07,  Sync clocks... 
2025-10-03T10:11:07,  - Clock was not synced
2025-10-03T10:11:07, Transmission failed. Error = 10
2025-10-03T10:11:07, Done loop ...
2025-10-03T10:11:07, ... powering down.
2025-10-03T10:26:46, Setup Complete
2025-10-03T10:26:49, Data: 2025-10-03T10:26:46,3.56,25631,4512.00,4986.00,4582.50,2.94,95.37,4.15,885.30
2025-10-03T10:26:49, Add row to /TRACKING.csv
2025-10-03T10:26:49, Number of rows in /TRACKING.csv: 1
2025-10-03T10:26:51, Done loop ...
2025-10-03T10:26:51, ... powering down.
2025-10-03T10:43:35, Setup Complete
2025-10-03T10:43:37, Data: 2025-10-03T10:43:35,3.56,25631,4457.00,4596.00,4506.50,3.05,95.18,4.52,885.48
2025-10-03T10:43:37, Add row to /TRACKING.csv
2025-10-03T10:43:37, Number of rows in /TRACKING.csv: 2
2025-10-03T10:43:40, Done loop ...
2025-10-03T10:43:40, ... powering down.
2025-10-03T11:00:24, Setup Complete
2025-10-03T11:00:26, Data: 2025-10-03T11:00:24,3.64,25631,643.00,4987.00,4463.00,3.12,96.27,4.65,885.62
2025-10-03T11:00:26, Add row to /TRACKING.csv
2025-10-03T11:00:26, Number of rows in /TRACKING.csv: 3
2025-10-03T11:00:29, Done loop ...
2025-10-03T11:00:29, ... powering down.
2025-10-03T11:17:12, Setup Complete
2025-10-03T11:17:14, Data: 2025-10-03T11:17:12,3.85,25631,4398.00,4773.00,4561.00,2.94,95.42,4.81,885.65
2025-10-03T11:17:14, Add row to /TRACKING.csv
2025-10-03T11:17:14, Number of rows in /TRACKING.csv: 4
2025-10-03T11:17:18, Number of rows in /TRACKING.csv is >= 4
2025-10-03T11:17:18, Remove tracking
2025-10-03T11:17:18, Write to /TRANSMIT.csv: 2025-10-03T11:17:12,3.85,4398.00,2.9,95
2025-10-03T11:17:18, Number of rows in /TRANSMIT.csv: 9
2025-10-03T11:17:18, Current hour = 11, Transmission hour = 1
2025-10-03T11:17:18, 0302535451+05177:441+03880:449+02491:448+02094:451+01697:448+01897:449+02196:448+02794:440+02995
2025-10-03T11:17:20,  - attempt to send message: 0302535451+05177:441+03880:449+02491:448+02094:451+01697:448+01897:449+02196:448+02794:440+02995
2025-10-03T11:18:51,  - Modem begin unsuccessful
2025-10-03T11:18:51, Transmission failed. Error = 3
2025-10-03T11:18:51, Done loop ...
2025-10-03T11:18:51, ... powering down.
2025-10-03T11:34:00, Setup Complete
2025-10-03T11:34:03, Data: 2025-10-03T11:34:01,3.56,25631,4472.00,4987.00,4704.00,3.05,95.16,4.93,885.64
2025-10-03T11:34:03, Add row to /TRACKING.csv
2025-10-03T11:34:03, Number of rows in /TRACKING.csv: 1
2025-10-03T11:34:05, Done loop ...
2025-10-03T11:34:05, ... powering down.
2025-10-03T11:50:47, Setup Complete
2025-10-03T11:50:49, Data: 2025-10-03T11:50:47,3.55,25631,4479.00,4987.00,4597.00,2.94,94.01,5.01,885.75
2025-10-03T11:50:49, Add row to /TRACKING.csv
2025-10-03T11:50:49, Number of rows in /TRACKING.csv: 2
2025-10-03T11:50:52, Done loop ...
2025-10-03T11:50:52, ... powering down.
2025-10-03T11:50:57, Setup Complete
2025-10-03T11:50:59, Data: 2025-10-03T11:50:57,3.59,25631,4423.00,4501.00,4461.50,2.91,93.80,5.02,885.78
2025-10-03T11:50:59, Add row to /TRACKING.csv
2025-10-03T11:50:59, Number of rows in /TRACKING.csv: 3
2025-10-03T11:51:02, Done loop ...
2025-10-03T11:51:02, ... powering down.
2025-10-03T12:07:43, Setup Complete
2025-10-03T12:07:45, Data: 2025-10-03T12:07:43,3.54,25631,4524.00,4881.00,4612.00,3.03,95.99,5.12,885.74
2025-10-03T12:07:45, Add row to /TRACKING.csv
2025-10-03T12:07:45, Number of rows in /TRACKING.csv: 4
2025-10-03T12:07:48, Number of rows in /TRACKING.csv is >= 4
2025-10-03T12:07:49, Remove tracking
2025-10-03T12:07:49, Write to /TRANSMIT.csv: 2025-10-03T12:07:43,3.54,4524.00,3.0,96
2025-10-03T12:07:49, Number of rows in /TRANSMIT.csv: 10
2025-10-03T12:07:49, Current hour = 12, Transmission hour = 1
2025-10-03T12:07:49, 0302532451+05177:441+03880:449+02491:448+02094:451+01697:448+01897:449+02196:448+02794:440+02995:452+03096
2025-10-03T12:07:51,  - attempt to send message: 0302532451+05177:441+03880:449+02491:448+02094:451+01697:448+01897:449+02196:448+02794:440+02995:452+03096
2025-10-03T12:09:22,  - Modem begin successful
2025-10-03T12:09:22,  - Sending...
2025-10-03T12:09:52, Send response: 
2025-10-03T12:09:52,  - Retry...
2025-10-03T12:09:52,    - Sending...
2025-10-03T12:09:52,    - Send response: 10
2025-10-03T12:10:22,  Sync clocks... 
2025-10-03T12:10:22,  - Clock was not synced
2025-10-03T12:10:22, Transmission failed. Error = 10
2025-10-03T12:10:22, n_transmit >= 10, too much to transmit, delete /TRANSMIT.csv
2025-10-03T12:10:22, Done loop ...
2025-10-03T12:10:22, ... powering down.
2025-10-03T12:24:28, Setup Complete
2025-10-03T12:24:30, Data: 2025-10-03T12:24:28,4.02,25631,4514.00,4824.00,4601.00,3.13,96.24,5.18,885.94
2025-10-03T12:24:30, Add row to /TRACKING.csv
2025-10-03T12:24:31, Number of rows in /TRACKING.csv: 1
2025-10-03T12:24:33, Done loop ...
2025-10-03T12:24:33, ... powering down.
2025-10-03T12:24:37, Setup Complete
2025-10-03T12:24:40, Data: 2025-10-03T12:24:38,3.60,25631,4421.00,4544.00,4451.50,3.11,96.04,5.19,885.97
2025-10-03T12:24:40, Add row to /TRACKING.csv
2025-10-03T12:24:40, Number of rows in /TRACKING.csv: 2
2025-10-03T12:24:42, Done loop ...
2025-10-03T12:24:43, ... powering down.
2025-10-03T12:41:24, Setup Complete
2025-10-03T12:41:26, Data: 2025-10-03T12:41:24,3.68,25631,4490.00,4988.00,4551.00,3.60,95.62,5.58,885.99
2025-10-03T12:41:26, Add row to /TRACKING.csv
2025-10-03T12:41:26, Number of rows in /TRACKING.csv: 3
2025-10-03T12:41:29, Done loop ...
2025-10-03T12:41:29, ... powering down.
2025-10-03T12:58:10, Setup Complete
2025-10-03T12:58:12, Data: 2025-10-03T12:58:10,3.65,25631,4427.00,4565.00,4471.00,3.15,95.96,5.08,886.10
2025-10-03T12:58:12, Add row to /TRACKING.csv
2025-10-03T12:58:12, Number of rows in /TRACKING.csv: 4
2025-10-03T12:58:16, Number of rows in /TRACKING.csv is >= 4
2025-10-03T12:58:16, Remove tracking
2025-10-03T12:58:16, Write to /TRANSMIT.csv: 2025-10-03T12:58:10,3.65,4427.00,3.2,96
2025-10-03T12:58:16, Number of rows in /TRANSMIT.csv: 1
2025-10-03T12:58:16, Current hour = 12, Transmission hour = 1
2025-10-03T12:58:16, Current hour = 12, Transmission hour = 6
2025-10-03T12:58:16, Current hour = 12, Transmission hour = 8
2025-10-03T12:58:16, Current hour = 12, Transmission hour = 9
2025-10-03T12:58:16, Current hour = 12, Transmission hour = 10
2025-10-03T12:58:16, Current hour = 12, Transmission hour = 15
2025-10-03T12:58:16, Current hour = 12, Transmission hour = 20
2025-10-03T12:58:16, Current hour = 12, Transmission hour = 22
2025-10-03T12:58:16, Done loop ...
2025-10-03T12:58:16, ... powering down.
2025-10-03T13:14:56, Setup Complete
2025-10-03T13:14:58, Data: 2025-10-03T13:14:56,3.96,25631,4495.00,4988.00,4649.00,3.15,96.23,5.43,886.15
2025-10-03T13:14:58, Add row to /TRACKING.csv
2025-10-03T13:14:59, Number of rows in /TRACKING.csv: 1
2025-10-03T13:15:01, Done loop ...
2025-10-03T13:15:01, ... powering down.
2025-10-03T13:15:06, Setup Complete
2025-10-03T13:15:08, Data: 2025-10-03T13:15:06,3.58,25631,4436.00,4585.00,4522.00,3.13,96.19,5.43,886.13
2025-10-03T13:15:08, Add row to /TRACKING.csv
2025-10-03T13:15:08, Number of rows in /TRACKING.csv: 2
2025-10-03T13:15:11, Done loop ...
2025-10-03T13:15:11, ... powering down.
2025-10-03T13:31:52, Setup Complete
2025-10-03T13:31:54, Data: 2025-10-03T13:31:52,3.85,25631,645.00,4987.00,4542.00,3.23,96.13,5.19,886.28
2025-10-03T13:31:54, Add row to /TRACKING.csv
2025-10-03T13:31:54, Number of rows in /TRACKING.csv: 3
2025-10-03T13:31:57, Done loop ...
2025-10-03T13:31:57, ... powering down.
2025-10-03T13:48:38, Setup Complete
2025-10-03T13:48:40, Data: 2025-10-03T13:48:38,3.71,25631,4505.00,4987.00,4685.50,3.33,95.48,5.31,886.39
2025-10-03T13:48:40, Add row to /TRACKING.csv
2025-10-03T13:48:40, Number of rows in /TRACKING.csv: 4
2025-10-03T13:48:44, Number of rows in /TRACKING.csv is >= 4
2025-10-03T13:48:44, Remove tracking
2025-10-03T13:48:44, Write to /TRANSMIT.csv: 2025-10-03T13:48:38,3.71,4505.00,3.3,95
2025-10-03T13:48:44, Number of rows in /TRANSMIT.csv: 2
2025-10-03T13:48:44, Current hour = 13, Transmission hour = 1
2025-10-03T13:48:44, Current hour = 13, Transmission hour = 6
2025-10-03T13:48:44, Current hour = 13, Transmission hour = 8
2025-10-03T13:48:44, Current hour = 13, Transmission hour = 9
2025-10-03T13:48:44, Current hour = 13, Transmission hour = 10
2025-10-03T13:48:44, Current hour = 13, Transmission hour = 15
2025-10-03T13:48:44, Current hour = 13, Transmission hour = 20
2025-10-03T13:48:44, Current hour = 13, Transmission hour = 22
2025-10-03T13:48:44, Done loop ...
2025-10-03T13:48:44, ... powering down.
2025-10-03T14:05:24, Setup Complete
2025-10-03T14:05:26, Data: 2025-10-03T14:05:24,3.55,25631,498.00,4986.00,4566.50,3.79,93.97,6.03,886.39
2025-10-03T14:05:26, Add row to /TRACKING.csv
2025-10-03T14:05:26, Number of rows in /TRACKING.csv: 1
2025-10-03T14:05:29, Done loop ...
2025-10-03T14:05:29, ... powering down.
2025-10-03T14:22:08, Setup Complete
2025-10-03T14:22:10, Data: 2025-10-03T14:22:08,3.85,25631,646.00,4577.00,4493.50,3.89,94.88,6.14,886.37
2025-10-03T14:22:10, Add row to /TRACKING.csv
2025-10-03T14:22:10, Number of rows in /TRACKING.csv: 2
2025-10-03T14:22:13, Done loop ...
2025-10-03T14:22:13, ... powering down.
2025-10-03T14:38:54, Setup Complete
2025-10-03T14:38:56, Data: 2025-10-03T14:38:54,3.56,25631,4509.00,4810.00,4627.50,3.66,94.33,5.92,886.23
2025-10-03T14:38:56, Add row to /TRACKING.csv
2025-10-03T14:38:56, Number of rows in /TRACKING.csv: 3
2025-10-03T14:38:59, Done loop ...
2025-10-03T14:38:59, ... powering down.
2025-10-03T14:55:40, Setup Complete
2025-10-03T14:55:42, Data: 2025-10-03T14:55:40,3.60,25631,648.00,4986.00,4488.00,3.36,95.28,5.34,886.41
2025-10-03T14:55:42, Add row to /TRACKING.csv
2025-10-03T14:55:43, Number of rows in /TRACKING.csv: 4
2025-10-03T14:55:46, Number of rows in /TRACKING.csv is >= 4
2025-10-03T14:55:46, Remove tracking
2025-10-03T14:55:46, Write to /TRANSMIT.csv: 2025-10-03T14:55:40,3.60,648.00,3.4,95
2025-10-03T14:55:46, Number of rows in /TRANSMIT.csv: 3
2025-10-03T14:55:46, Current hour = 14, Transmission hour = 1
2025-10-03T14:55:46, Current hour = 14, Transmission hour = 6
2025-10-03T14:55:46, Current hour = 14, Transmission hour = 8
2025-10-03T14:55:46, Current hour = 14, Transmission hour = 9
2025-10-03T14:55:46, Current hour = 14, Transmission hour = 10
2025-10-03T14:55:46, Current hour = 14, Transmission hour = 15
2025-10-03T14:55:46, Current hour = 14, Transmission hour = 20
2025-10-03T14:55:46, Current hour = 14, Transmission hour = 22
2025-10-03T14:55:46, Done loop ...
2025-10-03T14:55:47, ... powering down.
2025-10-03T15:12:26, Setup Complete
2025-10-03T15:12:28, Data: 2025-10-03T15:12:26,3.57,25631,4460.00,4510.00,4480.50,3.64,95.56,5.08,886.63
2025-10-03T15:12:28, Add row to /TRACKING.csv
2025-10-03T15:12:29, Number of rows in /TRACKING.csv: 1
2025-10-03T15:12:31, Done loop ...
2025-10-03T15:12:31, ... powering down.
2025-10-03T15:29:12, Setup Complete
2025-10-03T15:29:15, Data: 2025-10-03T15:29:12,3.85,25631,4470.00,4987.00,4494.00,3.89,93.83,5.41,886.44
2025-10-03T15:29:15, Add row to /TRACKING.csv
2025-10-03T15:29:15, Number of rows in /TRACKING.csv: 2
2025-10-03T15:29:17, Done loop ...
2025-10-03T15:29:17, ... powering down.
2025-10-03T15:45:58, Setup Complete
2025-10-03T15:46:01, Data: 2025-10-03T15:45:59,3.66,25631,497.00,4520.00,4498.00,3.71,95.29,5.24,886.56
2025-10-03T15:46:01, Add row to /TRACKING.csv
2025-10-03T15:46:01, Number of rows in /TRACKING.csv: 3
2025-10-03T15:46:04, Done loop ...
2025-10-03T15:46:04, ... powering down.
2025-10-03T16:02:45, Setup Complete
2025-10-03T16:02:47, Data: 2025-10-03T16:02:45,3.68,25631,4429.00,4988.00,4488.50,3.92,94.60,5.07,886.61
2025-10-03T16:02:47, Add row to /TRACKING.csv
2025-10-03T16:02:47, Number of rows in /TRACKING.csv: 4
2025-10-03T16:02:50, Number of rows in /TRACKING.csv is >= 4
2025-10-03T16:02:50, Remove tracking
2025-10-03T16:02:50, Write to /TRANSMIT.csv: 2025-10-03T16:02:45,3.68,4429.00,3.9,95
2025-10-03T16:02:51, Number of rows in /TRANSMIT.csv: 4
2025-10-03T16:02:51, Current hour = 16, Transmission hour = 1
2025-10-03T16:02:51, Current hour = 16, Transmission hour = 6
2025-10-03T16:02:51, Current hour = 16, Transmission hour = 8
2025-10-03T16:02:51, Current hour = 16, Transmission hour = 9
2025-10-03T16:02:51, Current hour = 16, Transmission hour = 10
2025-10-03T16:02:51, Current hour = 16, Transmission hour = 15
2025-10-03T16:02:51, Current hour = 16, Transmission hour = 20
2025-10-03T16:02:51, Current hour = 16, Transmission hour = 22
2025-10-03T16:02:51, Done loop ...
2025-10-03T16:02:51, ... powering down.
2025-10-03T16:19:30, Setup Complete
2025-10-03T16:19:33, Data: 2025-10-03T16:19:30,3.85,25631,497.00,4986.00,4498.50,3.95,96.03,4.86,886.70
2025-10-03T16:19:33, Add row to /TRACKING.csv
2025-10-03T16:19:33, Number of rows in /TRACKING.csv: 1
2025-10-03T16:19:35, Done loop ...
2025-10-03T16:19:35, ... powering down.
2025-10-03T16:36:16, Setup Complete
2025-10-03T16:36:19, Data: 2025-10-03T16:36:16,3.58,25631,497.00,4986.00,4504.50,3.89,96.21,4.90,886.70
2025-10-03T16:36:19, Add row to /TRACKING.csv
2025-10-03T16:36:19, Number of rows in /TRACKING.csv: 2
2025-10-03T16:36:21, Done loop ...
2025-10-03T16:36:21, ... powering down.
2025-10-03T16:53:02, Setup Complete
2025-10-03T16:53:05, Data: 2025-10-03T16:53:02,3.59,25631,643.00,4578.00,4499.00,3.49,96.85,4.56,886.77
2025-10-03T16:53:05, Add row to /TRACKING.csv
2025-10-03T16:53:05, Number of rows in /TRACKING.csv: 3
2025-10-03T16:53:08, Done loop ...
2025-10-03T16:53:08, ... powering down.
2025-10-03T17:09:48, Setup Complete
2025-10-03T17:09:51, Data: 2025-10-03T17:09:49,3.68,25631,650.00,4562.00,4500.50,3.67,96.12,4.39,886.82
2025-10-03T17:09:51, Add row to /TRACKING.csv
2025-10-03T17:09:51, Number of rows in /TRACKING.csv: 4
2025-10-03T17:09:54, Number of rows in /TRACKING.csv is >= 4
2025-10-03T17:09:54, Remove tracking
2025-10-03T17:09:54, Write to /TRANSMIT.csv: 2025-10-03T17:09:49,3.68,650.00,3.7,96
2025-10-03T17:09:54, Number of rows in /TRANSMIT.csv: 5
2025-10-03T17:09:54, Current hour = 17, Transmission hour = 1
2025-10-03T17:09:55, 0312583443+03296:451+03395:065+03495:443+03995:065+03796
2025-10-03T17:09:57,  - attempt to send message: 0312583443+03296:451+03395:065+03495:443+03995:065+03796
2025-10-03T17:09:57,  - Modem begin successful
2025-10-03T17:09:57,  - Sending...
2025-10-03T17:13:04,  - Send response: 
2025-10-03T17:13:04,   - Sync clocks... 
2025-10-03T17:13:04,  - Arduino Old Time: 2025-10-04T01:13:04
2025-10-03T17:12:57,  - Arduino New Time: 2025-10-04T01:12:57
2025-10-03T17:12:57, Message sent! Removing /TRANSMIT.csv
2025-10-03T17:12:57, Done loop ...
2025-10-03T17:12:57, ... powering down.
2025-10-03T17:26:27, Setup Complete
2025-10-03T17:26:29, Data: 2025-10-03T17:26:27,3.83,25631,4486.00,4609.00,4497.00,3.75,96.41,4.31,886.88
2025-10-03T17:26:29, Add row to /TRACKING.csv
2025-10-03T17:26:30, Number of rows in /TRACKING.csv: 1
2025-10-03T17:26:32, Done loop ...
2025-10-03T17:26:32, ... powering down.
2025-10-03T17:43:13, Setup Complete
2025-10-03T17:43:15, Data: 2025-10-03T17:43:13,3.57,25631,497.00,4986.00,4486.00,3.74,95.86,4.08,886.91
2025-10-03T17:43:15, Add row to /TRACKING.csv
2025-10-03T17:43:15, Number of rows in /TRACKING.csv: 2
2025-10-03T17:43:18, Done loop ...
2025-10-03T17:43:18, ... powering down.
2025-10-03T17:59:58, Setup Complete
2025-10-03T18:00:01, Data: 2025-10-03T17:59:59,3.57,25631,4454.00,4985.00,4487.00,3.67,96.40,3.86,887.02
2025-10-03T18:00:01, Add row to /TRACKING.csv
2025-10-03T18:00:01, Number of rows in /TRACKING.csv: 3
2025-10-03T18:00:04, Done loop ...
2025-10-03T18:00:04, ... powering down.
2025-10-03T18:16:44, Setup Complete
2025-10-03T18:16:46, Data: 2025-10-03T18:16:44,3.56,25631,4468.00,4985.00,4485.00,3.68,96.49,3.74,887.04
2025-10-03T18:16:46, Add row to /TRACKING.csv
2025-10-03T18:16:46, Number of rows in /TRACKING.csv: 4
2025-10-03T18:16:50, Number of rows in /TRACKING.csv is >= 4
2025-10-03T18:16:50, Remove tracking
2025-10-03T18:16:50, Write to /TRANSMIT.csv: 2025-10-03T18:16:44,3.56,4468.00,3.7,96
2025-10-03T18:16:50, Number of rows in /TRANSMIT.csv: 1
2025-10-03T18:16:50, Current hour = 18, Transmission hour = 1
2025-10-03T18:16:50, Current hour = 18, Transmission hour = 6
2025-10-03T18:16:50, Current hour = 18, Transmission hour = 8
2025-10-03T18:16:50, Current hour = 18, Transmission hour = 9
2025-10-03T18:16:50, Current hour = 18, Transmission hour = 10
2025-10-03T18:16:50, Current hour = 18, Transmission hour = 15
2025-10-03T18:16:50, Current hour = 18, Transmission hour = 20
2025-10-03T18:16:50, Current hour = 18, Transmission hour = 22
2025-10-03T18:16:50, Done loop ...
2025-10-03T18:16:50, ... powering down.
2025-10-03T18:33:30, Setup Complete
2025-10-03T18:33:32, Data: 2025-10-03T18:33:30,3.58,25631,4470.00,4984.00,4482.50,3.75,95.94,3.69,887.19
2025-10-03T18:33:32, Add row to /TRACKING.csv
2025-10-03T18:33:32, Number of rows in /TRACKING.csv: 1
2025-10-03T18:33:34, Done loop ...
2025-10-03T18:33:34, ... powering down.
2025-10-03T18:50:15, Setup Complete
2025-10-03T18:50:18, Data: 2025-10-03T18:50:15,3.83,25631,651.00,4985.00,4477.00,3.54,96.16,3.53,887.18
2025-10-03T18:50:18, Add row to /TRACKING.csv
2025-10-03T18:50:18, Number of rows in /TRACKING.csv: 2
2025-10-03T18:50:20, Done loop ...
2025-10-03T18:50:20, ... powering down.
2025-10-03T19:07:01, Setup Complete
2025-10-03T19:07:03, Data: 2025-10-03T19:07:01,3.67,25631,4472.00,4986.00,4482.00,3.63,96.76,3.51,887.25
2025-10-03T19:07:03, Add row to /TRACKING.csv
2025-10-03T19:07:03, Number of rows in /TRACKING.csv: 3
2025-10-03T19:07:06, Done loop ...
2025-10-03T19:07:06, ... powering down.
2025-10-03T19:23:46, Setup Complete
2025-10-03T19:23:49, Data: 2025-10-03T19:23:46,3.85,25631,4485.00,4987.00,4511.50,3.60,97.30,3.55,887.24
2025-10-03T19:23:49, Add row to /TRACKING.csv
2025-10-03T19:23:49, Number of rows in /TRACKING.csv: 4
2025-10-03T19:23:52, Number of rows in /TRACKING.csv is >= 4
2025-10-03T19:23:52, Remove tracking
2025-10-03T19:23:52, Write to /TRANSMIT.csv: 2025-10-03T19:23:46,3.85,4485.00,3.6,97
2025-10-03T19:23:52, Number of rows in /TRANSMIT.csv: 2
2025-10-03T19:23:52, Current hour = 19, Transmission hour = 1
2025-10-03T19:23:52, Current hour = 19, Transmission hour = 6
2025-10-03T19:23:52, Current hour = 19, Transmission hour = 8
2025-10-03T19:23:53, Current hour = 19, Transmission hour = 9
2025-10-03T19:23:53, Current hour = 19, Transmission hour = 10
2025-10-03T19:23:53, Current hour = 19, Transmission hour = 15
2025-10-03T19:23:53, Current hour = 19, Transmission hour = 20
2025-10-03T19:23:53, Current hour = 19, Transmission hour = 22
2025-10-03T19:23:53, Done loop ...
2025-10-03T19:23:53, ... powering down.
2025-10-03T19:40:32, Setup Complete
2025-10-03T19:40:34, Data: 2025-10-03T19:40:32,3.67,25631,4476.00,4985.00,4491.50,3.60,97.60,3.59,887.36
2025-10-03T19:40:34, Add row to /TRACKING.csv
2025-10-03T19:40:34, Number of rows in /TRACKING.csv: 1
2025-10-03T19:40:37, Done loop ...
2025-10-03T19:40:37, ... powering down.
2025-10-03T19:57:18, Setup Complete
2025-10-03T19:57:20, Data: 2025-10-03T19:57:18,3.83,25631,645.00,4709.00,4502.50,3.73,97.84,3.66,887.50
2025-10-03T19:57:20, Add row to /TRACKING.csv
2025-10-03T19:57:20, Number of rows in /TRACKING.csv: 2
2025-10-03T19:57:23, Done loop ...
2025-10-03T19:57:23, ... powering down.
2025-10-03T20:14:03, Setup Complete
2025-10-03T20:14:05, Data: 2025-10-03T20:14:03,3.73,25631,4488.00,4985.00,4503.50,3.79,97.93,3.73,887.58
2025-10-03T20:14:05, Add row to /TRACKING.csv
2025-10-03T20:14:06, Number of rows in /TRACKING.csv: 3
2025-10-03T20:14:09, Done loop ...
2025-10-03T20:14:09, ... powering down.
2025-10-03T20:30:49, Setup Complete
2025-10-03T20:30:51, Data: 2025-10-03T20:30:49,3.83,25631,4476.00,4986.00,4497.00,3.79,98.00,3.76,887.74
2025-10-03T20:30:51, Add row to /TRACKING.csv
2025-10-03T20:30:51, Number of rows in /TRACKING.csv: 4
2025-10-03T20:30:54, Number of rows in /TRACKING.csv is >= 4
2025-10-03T20:30:54, Remove tracking
2025-10-03T20:30:55, Write to /TRANSMIT.csv: 2025-10-03T20:30:49,3.83,4476.00,3.8,98
2025-10-03T20:30:55, Number of rows in /TRANSMIT.csv: 3
2025-10-03T20:30:55, Current hour = 20, Transmission hour = 1
2025-10-03T20:30:55, Current hour = 20, Transmission hour = 6
2025-10-03T20:30:55, Current hour = 20, Transmission hour = 8
2025-10-03T20:30:55, Current hour = 20, Transmission hour = 9
2025-10-03T20:30:55, Current hour = 20, Transmission hour = 10
2025-10-03T20:30:55, Current hour = 20, Transmission hour = 15
2025-10-03T20:30:55, Current hour = 20, Transmission hour = 20
2025-10-03T20:30:55, 0318165447+03796:449+03697:448+03898
2025-10-03T20:30:57,  - attempt to send message: 0318165447+03796:449+03697:448+03898
2025-10-03T20:30:58,  - Modem begin successful
2025-10-03T20:30:58,  - Sending...
2025-10-03T20:31:28, Send response: 
2025-10-03T20:31:28,  - Retry...
2025-10-03T20:31:28,    - Sending...
2025-10-03T20:31:28,    - Send response: 10
2025-10-03T20:31:58,  Sync clocks... 
2025-10-03T20:31:58,  - Clock was not synced
2025-10-03T20:31:58, Transmission failed. Error = 10
2025-10-03T20:31:58, Done loop ...
2025-10-03T20:31:58, ... powering down.
2025-10-03T20:47:34, Setup Complete
2025-10-03T20:47:37, Data: 2025-10-03T20:47:34,3.69,25631,652.00,4597.00,4494.50,3.87,98.09,3.83,887.88
2025-10-03T20:47:37, Add row to /TRACKING.csv
2025-10-03T20:47:37, Number of rows in /TRACKING.csv: 1
2025-10-03T20:47:39, Done loop ...
2025-10-03T20:47:39, ... powering down.
2025-10-03T21:04:20, Setup Complete
2025-10-03T21:04:22, Data: 2025-10-03T21:04:20,3.56,25631,4492.00,4987.00,4496.50,3.88,98.14,3.89,888.07
2025-10-03T21:04:22, Add row to /TRACKING.csv
2025-10-03T21:04:22, Number of rows in /TRACKING.csv: 2
2025-10-03T21:04:25, Done loop ...
2025-10-03T21:04:25, ... powering down.
2025-10-03T21:21:06, Setup Complete
2025-10-03T21:21:08, Data: 2025-10-03T21:21:06,3.67,25631,643.00,4986.00,4489.50,3.81,98.18,3.85,887.90
2025-10-03T21:21:08, Add row to /TRACKING.csv
2025-10-03T21:21:08, Number of rows in /TRACKING.csv: 3
2025-10-03T21:21:11, Done loop ...
2025-10-03T21:21:11, ... powering down.
2025-10-03T21:37:51, Setup Complete
2025-10-03T21:37:53, Data: 2025-10-03T21:37:51,3.68,25631,497.00,4497.00,4490.00,3.82,98.23,3.84,887.99
2025-10-03T21:37:53, Add row to /TRACKING.csv
2025-10-03T21:37:54, Number of rows in /TRACKING.csv: 4
2025-10-03T21:37:57, Number of rows in /TRACKING.csv is >= 4
2025-10-03T21:37:57, Remove tracking
2025-10-03T21:37:57, Write to /TRANSMIT.csv: 2025-10-03T21:37:51,3.68,497.00,3.8,98
2025-10-03T21:37:57, Number of rows in /TRANSMIT.csv: 4
2025-10-03T21:37:57, Current hour = 21, Transmission hour = 1
2025-10-03T21:37:57, Current hour = 21, Transmission hour = 6
2025-10-03T21:37:57, Current hour = 21, Transmission hour = 8
2025-10-03T21:37:57, Current hour = 21, Transmission hour = 9
2025-10-03T21:37:57, Current hour = 21, Transmission hour = 10
2025-10-03T21:37:57, Current hour = 21, Transmission hour = 15
2025-10-03T21:37:57, Current hour = 21, Transmission hour = 20
2025-10-03T21:37:57, Current hour = 21, Transmission hour = 22
2025-10-03T21:37:57, Done loop ...
2025-10-03T21:37:57, ... powering down.
2025-10-03T21:54:37, Setup Complete
2025-10-03T21:54:39, Data: 2025-10-03T21:54:37,3.70,25631,4450.00,4599.00,4480.50,3.70,98.26,3.69,887.85
2025-10-03T21:54:39, Add row to /TRACKING.csv
2025-10-03T21:54:39, Number of rows in /TRACKING.csv: 1
2025-10-03T21:54:41, Done loop ...
2025-10-03T21:54:42, ... powering down.
2025-10-03T22:11:22, Setup Complete
2025-10-03T22:11:24, Data: 2025-10-03T22:11:22,3.59,25631,645.00,4985.00,4473.00,3.46,98.30,3.37,887.95
2025-10-03T22:11:25, Add row to /TRACKING.csv
2025-10-03T22:11:25, Number of rows in /TRACKING.csv: 2
2025-10-03T22:11:27, Done loop ...
2025-10-03T22:11:27, ... powering down.
2025-10-03T22:28:08, Setup Complete
2025-10-03T22:28:10, Data: 2025-10-03T22:28:08,3.68,25631,498.00,4986.00,4485.00,3.68,98.39,3.47,887.91
2025-10-03T22:28:10, Add row to /TRACKING.csv
2025-10-03T22:28:10, Number of rows in /TRACKING.csv: 3
2025-10-03T22:28:13, Done loop ...
2025-10-03T22:28:13, ... powering down.
2025-10-03T22:44:53, Setup Complete
2025-10-03T22:44:56, Data: 2025-10-03T22:44:53,3.67,25631,4486.00,4986.00,4491.00,3.66,98.47,3.57,887.90
2025-10-03T22:44:56, Add row to /TRACKING.csv
2025-10-03T22:44:56, Number of rows in /TRACKING.csv: 4
2025-10-03T22:44:59, Number of rows in /TRACKING.csv is >= 4
2025-10-03T22:44:59, Remove tracking
2025-10-03T22:44:59, Write to /TRANSMIT.csv: 2025-10-03T22:44:53,3.67,4486.00,3.7,98
2025-10-03T22:44:59, Number of rows in /TRANSMIT.csv: 5
2025-10-03T22:44:59, Current hour = 22, Transmission hour = 1
2025-10-03T22:44:59, 0318163447+03796:449+03697:448+03898:050+03898:449+03798
2025-10-03T22:45:02,  - attempt to send message: 0318163447+03796:449+03697:448+03898:050+03898:449+03798
2025-10-03T22:45:02,  - Modem begin successful
2025-10-03T22:45:02,  - Sending...
2025-10-03T22:45:32, Send response: 
2025-10-03T22:45:32,  - Retry...
2025-10-03T22:45:32,    - Sending...
2025-10-03T22:45:33,    - Send response: 10
2025-10-03T22:46:03,  Sync clocks... 
2025-10-03T22:46:03,  - Clock was not synced
2025-10-03T22:46:03, Transmission failed. Error = 10
2025-10-03T22:46:03, Done loop ...
2025-10-03T22:46:03, ... powering down.
2025-10-03T23:01:39, Setup Complete
2025-10-03T23:01:41, Data: 2025-10-03T23:01:39,3.56,25631,646.00,4986.00,4485.00,3.77,98.47,3.66,888.01
2025-10-03T23:01:41, Add row to /TRACKING.csv
2025-10-03T23:01:41, Number of rows in /TRACKING.csv: 1
2025-10-03T23:01:44, Done loop ...
2025-10-03T23:01:44, ... powering down.
2025-10-03T23:18:25, Setup Complete
2025-10-03T23:18:27, Data: 2025-10-03T23:18:25,3.60,25631,645.00,4985.00,4483.50,3.74,98.49,3.67,888.00
2025-10-03T23:18:27, Add row to /TRACKING.csv
2025-10-03T23:18:27, Number of rows in /TRACKING.csv: 2
2025-10-03T23:18:30, Done loop ...
2025-10-03T23:18:30, ... powering down.
2025-10-03T23:35:10, Setup Complete
2025-10-03T23:35:12, Data: 2025-10-03T23:35:10,3.65,25631,497.00,4988.00,4564.00,3.61,98.52,3.53,887.85
2025-10-03T23:35:12, Add row to /TRACKING.csv
2025-10-03T23:35:13, Number of rows in /TRACKING.csv: 3
2025-10-03T23:35:15, Done loop ...
2025-10-03T23:35:16, ... powering down.
2025-10-03T23:51:56, Setup Complete
2025-10-03T23:51:58, Data: 2025-10-03T23:51:56,3.67,25631,652.00,4987.00,4603.50,3.57,98.52,3.44,887.98
2025-10-03T23:51:58, Add row to /TRACKING.csv
2025-10-03T23:51:58, Number of rows in /TRACKING.csv: 4
2025-10-03T23:52:01, Number of rows in /TRACKING.csv is >= 4
2025-10-03T23:52:01, Remove tracking
2025-10-03T23:52:01, Write to /TRANSMIT.csv: 2025-10-03T23:51:56,3.67,652.00,3.6,99
2025-10-03T23:52:02, Number of rows in /TRANSMIT.csv: 6
2025-10-03T23:52:02, Current hour = 23, Transmission hour = 1
2025-10-03T23:52:02, 0318163447+03796:449+03697:448+03898:050+03898:449+03798:065+03699
2025-10-03T23:52:04,  - attempt to send message: 0318163447+03796:449+03697:448+03898:050+03898:449+03798:065+03699
2025-10-03T23:52:35,  - Modem begin successful
2025-10-03T23:52:35,  - Sending...
2025-10-03T23:53:05, Send response: 
2025-10-03T23:53:05,  - Retry...
2025-10-03T23:53:05,    - Sending...
2025-10-03T23:53:05,    - Send response: 10
2025-10-03T23:53:35,  Sync clocks... 
2025-10-03T23:53:35,  - Clock was not synced
2025-10-03T23:53:35, Transmission failed. Error = 10
2025-10-03T23:53:35, Done loop ...
2025-10-03T23:53:35, ... powering down.
2025-10-04T00:08:41, Setup Complete
2025-10-04T00:08:43, Data: 2025-10-04T00:08:41,3.76,25631,4486.00,4986.00,4653.50,3.54,98.54,3.44,888.26
2025-10-04T00:08:43, Add row to /TRACKING.csv
2025-10-04T00:08:44, Number of rows in /TRACKING.csv: 1
2025-10-04T00:08:46, Done loop ...
2025-10-04T00:08:46, ... powering down.
2025-10-04T00:25:27, Setup Complete
2025-10-04T00:25:29, Data: 2025-10-04T00:25:27,3.68,25631,497.00,4985.00,4465.50,3.37,98.52,3.31,888.37
2025-10-04T00:25:29, Add row to /TRACKING.csv
2025-10-04T00:25:29, Number of rows in /TRACKING.csv: 2
2025-10-04T00:25:32, Done loop ...
2025-10-04T00:25:32, ... powering down.
2025-10-04T00:42:12, Setup Complete
2025-10-04T00:42:15, Data: 2025-10-04T00:42:12,3.59,25631,4477.00,4986.00,4562.00,3.40,98.59,3.09,888.42
2025-10-04T00:42:15, Add row to /TRACKING.csv
2025-10-04T00:42:15, Number of rows in /TRACKING.csv: 3
2025-10-04T00:42:18, Done loop ...
2025-10-04T00:42:18, ... powering down.
2025-10-04T00:58:58, Setup Complete
2025-10-04T00:59:00, Data: 2025-10-04T00:58:58,3.61,25631,4487.00,4986.00,4568.00,3.44,98.64,3.11,888.68
2025-10-04T00:59:00, Add row to /TRACKING.csv
2025-10-04T00:59:00, Number of rows in /TRACKING.csv: 4
2025-10-04T00:59:04, Number of rows in /TRACKING.csv is >= 4
2025-10-04T00:59:04, Remove tracking
2025-10-04T00:59:04, Write to /TRANSMIT.csv: 2025-10-04T00:58:58,3.61,4487.00,3.4,99
2025-10-04T00:59:04, Number of rows in /TRANSMIT.csv: 7
2025-10-04T00:59:04, Current hour = 0, Transmission hour = 1
2025-10-04T00:59:04, 0318163447+03796:449+03697:448+03898:050+03898:449+03798:065+03699:449+03499
2025-10-04T00:59:06,  - attempt to send message: 0318163447+03796:449+03697:448+03898:050+03898:449+03798:065+03699:449+03499
2025-10-04T01:00:37,  - Modem begin unsuccessful
2025-10-04T01:00:37, Transmission failed. Error = 3
2025-10-04T01:00:37, Done loop ...
2025-10-04T01:00:37, ... powering down.
2025-10-04T01:15:43, Setup Complete
2025-10-04T01:15:46, Data: 2025-10-04T01:15:43,3.62,25631,4470.00,4984.00,4609.00,3.26,98.59,3.07,888.71
2025-10-04T01:15:46, Add row to /TRACKING.csv
2025-10-04T01:15:46, Number of rows in /TRACKING.csv: 1
2025-10-04T01:15:48, Done loop ...
2025-10-04T01:15:48, ... powering down.
2025-10-04T01:32:29, Setup Complete
2025-10-04T01:32:31, Data: 2025-10-04T01:32:29,3.66,25631,4406.00,4985.00,4468.00,3.24,98.60,2.85,888.78
2025-10-04T01:32:31, Add row to /TRACKING.csv
2025-10-04T01:32:31, Number of rows in /TRACKING.csv: 2
2025-10-04T01:32:34, Done loop ...
2025-10-04T01:32:34, ... powering down.
2025-10-04T01:49:14, Setup Complete
2025-10-04T01:49:17, Data: 2025-10-04T01:49:14,3.60,25631,4450.00,4605.00,4566.50,3.05,97.98,2.73,889.01
2025-10-04T01:49:17, Add row to /TRACKING.csv
2025-10-04T01:49:17, Number of rows in /TRACKING.csv: 3
2025-10-04T01:49:20, Done loop ...
2025-10-04T01:49:20, ... powering down.
2025-10-04T02:06:00, Setup Complete
2025-10-04T02:06:02, Data: 2025-10-04T02:06:00,3.81,25631,646.00,4565.00,4525.50,3.49,94.83,2.57,889.13
2025-10-04T02:06:02, Add row to /TRACKING.csv
2025-10-04T02:06:02, Number of rows in /TRACKING.csv: 4
2025-10-04T02:06:06, Number of rows in /TRACKING.csv is >= 4
2025-10-04T02:06:06, Remove tracking
2025-10-04T02:06:06, Write to /TRANSMIT.csv: 2025-10-04T02:06:00,3.81,646.00,3.5,95
2025-10-04T02:06:06, Number of rows in /TRANSMIT.csv: 8
2025-10-04T02:06:06, Current hour = 2, Transmission hour = 1
2025-10-04T02:06:06, 0318165447+03796:449+03697:448+03898:050+03898:449+03798:065+03699:449+03499:065+03595
2025-10-04T02:06:08,  - attempt to send message: 0318165447+03796:449+03697:448+03898:050+03898:449+03798:065+03699:449+03499:065+03595
2025-10-04T02:06:09,  - Modem begin successful
2025-10-04T02:06:09,  - Sending...
2025-10-04T02:09:11,  - Send response: 
2025-10-04T02:09:11,   - Sync clocks... 
2025-10-04T02:09:11,  - Arduino Old Time: 2025-10-04T10:09:11
2025-10-04T02:09:09,  - Arduino New Time: 2025-10-04T10:09:09
2025-10-04T02:09:09, Message sent! Removing /TRANSMIT.csv
2025-10-04T02:09:09, Done loop ...
2025-10-04T02:09:09, ... powering down.
2025-10-04T02:22:43, Setup Complete
2025-10-04T02:22:46, Data: 2025-10-04T02:22:43,3.68,25631,4381.00,4450.00,4427.50,3.44,93.17,2.55,889.17
2025-10-04T02:22:46, Add row to /TRACKING.csv
2025-10-04T02:22:46, Number of rows in /TRACKING.csv: 1
2025-10-04T02:22:48, Done loop ...
2025-10-04T02:22:48, ... powering down.
2025-10-04T02:39:29, Setup Complete
2025-10-04T02:39:31, Data: 2025-10-04T02:39:29,3.61,25631,645.00,4986.00,4550.50,2.96,96.09,2.45,889.28
2025-10-04T02:39:31, Add row to /TRACKING.csv
2025-10-04T02:39:31, Number of rows in /TRACKING.csv: 2
2025-10-04T02:39:34, Done loop ...
2025-10-04T02:39:34, ... powering down.
2025-10-04T02:56:14, Setup Complete
2025-10-04T02:56:17, Data: 2025-10-04T02:56:14,3.56,25631,4484.00,4988.00,4666.50,2.81,97.18,2.36,889.45
2025-10-04T02:56:17, Add row to /TRACKING.csv
2025-10-04T02:56:17, Number of rows in /TRACKING.csv: 3
2025-10-04T02:56:20, Done loop ...
2025-10-04T02:56:20, ... powering down.
2025-10-04T03:13:00, Setup Complete
2025-10-04T03:13:02, Data: 2025-10-04T03:13:00,3.55,25631,4495.00,4679.00,4583.50,2.99,96.97,2.34,889.48
2025-10-04T03:13:02, Add row to /TRACKING.csv
2025-10-04T03:13:02, Number of rows in /TRACKING.csv: 4
2025-10-04T03:13:05, Number of rows in /TRACKING.csv is >= 4
2025-10-04T03:13:06, Remove tracking
2025-10-04T03:13:06, Write to /TRANSMIT.csv: 2025-10-04T03:13:00,3.55,4495.00,3.0,97
2025-10-04T03:13:06, Number of rows in /TRANSMIT.csv: 1
2025-10-04T03:13:06, Current hour = 3, Transmission hour = 1
2025-10-04T03:13:06, Current hour = 3, Transmission hour = 6
2025-10-04T03:13:06, Current hour = 3, Transmission hour = 8
2025-10-04T03:13:06, Current hour = 3, Transmission hour = 9
2025-10-04T03:13:06, Current hour = 3, Transmission hour = 10
2025-10-04T03:13:06, Current hour = 3, Transmission hour = 15
2025-10-04T03:13:06, Current hour = 3, Transmission hour = 20
2025-10-04T03:13:06, Current hour = 3, Transmission hour = 22
2025-10-04T03:13:06, Done loop ...
2025-10-04T03:13:06, ... powering down.
2025-10-04T03:29:45, Setup Complete
2025-10-04T03:29:48, Data: 2025-10-04T03:29:45,3.58,25631,4486.00,4985.00,4593.50,2.87,97.03,2.30,889.54
2025-10-04T03:29:48, Add row to /TRACKING.csv
2025-10-04T03:29:48, Number of rows in /TRACKING.csv: 1
2025-10-04T03:29:50, Done loop ...
2025-10-04T03:29:50, ... powering down.
2025-10-04T03:46:31, Setup Complete
2025-10-04T03:46:33, Data: 2025-10-04T03:46:31,3.68,25631,4487.00,4985.00,4567.50,2.87,95.46,2.18,889.58
2025-10-04T03:46:33, Add row to /TRACKING.csv
2025-10-04T03:46:33, Number of rows in /TRACKING.csv: 2
2025-10-04T03:46:36, Done loop ...
2025-10-04T03:46:36, ... powering down.
2025-10-04T03:46:40, Setup Complete
2025-10-04T03:46:43, Data: 2025-10-04T03:46:41,3.61,25631,4419.00,4463.00,4450.50,2.88,95.44,2.18,889.57
2025-10-04T03:46:43, Add row to /TRACKING.csv
2025-10-04T03:46:43, Number of rows in /TRACKING.csv: 3
2025-10-04T03:46:46, Done loop ...
2025-10-04T03:46:46, ... powering down.
2025-10-04T04:03:29, Setup Complete
2025-10-04T04:03:31, Data: 2025-10-04T04:03:29,3.54,25631,4490.00,4986.00,4563.00,3.41,90.65,2.21,889.60
2025-10-04T04:03:31, Add row to /TRACKING.csv
2025-10-04T04:03:31, Number of rows in /TRACKING.csv: 4
2025-10-04T04:03:34, Number of rows in /TRACKING.csv is >= 4
2025-10-04T04:03:34, Remove tracking
2025-10-04T04:03:34, Write to /TRANSMIT.csv: 2025-10-04T04:03:29,3.54,4490.00,3.4,91
2025-10-04T04:03:35, Number of rows in /TRANSMIT.csv: 2
2025-10-04T04:03:35, Current hour = 4, Transmission hour = 1
2025-10-04T04:03:35, Current hour = 4, Transmission hour = 6
2025-10-04T04:03:35, Current hour = 4, Transmission hour = 8
2025-10-04T04:03:35, Current hour = 4, Transmission hour = 9
2025-10-04T04:03:35, Current hour = 4, Transmission hour = 10
2025-10-04T04:03:35, Current hour = 4, Transmission hour = 15
2025-10-04T04:03:35, Current hour = 4, Transmission hour = 20
2025-10-04T04:03:35, Current hour = 4, Transmission hour = 22
2025-10-04T04:03:35, Done loop ...
2025-10-04T04:03:35, ... powering down.
2025-10-04T04:20:17, Setup Complete
2025-10-04T04:20:19, Data: 2025-10-04T04:20:17,3.56,25631,4505.00,4835.00,4586.50,3.09,93.57,2.22,889.80
2025-10-04T04:20:19, Add row to /TRACKING.csv
2025-10-04T04:20:19, Number of rows in /TRACKING.csv: 1
2025-10-04T04:20:22, Done loop ...
2025-10-04T04:20:22, ... powering down.
2025-10-04T04:37:05, Setup Complete
2025-10-04T04:37:07, Data: 2025-10-04T04:37:05,3.61,25631,4482.00,4635.00,4592.00,2.84,95.67,2.20,889.82
2025-10-04T04:37:07, Add row to /TRACKING.csv
2025-10-04T04:37:07, Number of rows in /TRACKING.csv: 2
2025-10-04T04:37:10, Done loop ...
2025-10-04T04:37:10, ... powering down.
2025-10-04T04:53:53, Setup Complete
2025-10-04T04:53:55, Data: 2025-10-04T04:53:53,3.63,25631,4488.00,4987.00,4697.50,2.50,95.51,2.03,889.96
2025-10-04T04:53:55, Add row to /TRACKING.csv
2025-10-04T04:53:55, Number of rows in /TRACKING.csv: 3
2025-10-04T04:53:58, Done loop ...
2025-10-04T04:53:58, ... powering down.
2025-10-04T05:10:41, Setup Complete
2025-10-04T05:10:43, Data: 2025-10-04T05:10:41,3.78,25631,4614.00,4986.00,4778.00,2.51,95.45,1.91,889.96
2025-10-04T05:10:43, Add row to /TRACKING.csv
2025-10-04T05:10:44, Number of rows in /TRACKING.csv: 4
2025-10-04T05:10:47, Number of rows in /TRACKING.csv is >= 4
2025-10-04T05:10:47, Remove tracking
2025-10-04T05:10:47, Write to /TRANSMIT.csv: 2025-10-04T05:10:41,3.78,4614.00,2.5,95
2025-10-04T05:10:47, Number of rows in /TRANSMIT.csv: 3
2025-10-04T05:10:47, Current hour = 5, Transmission hour = 1
2025-10-04T05:10:47, Current hour = 5, Transmission hour = 6
2025-10-04T05:10:47, Current hour = 5, Transmission hour = 8
2025-10-04T05:10:47, Current hour = 5, Transmission hour = 9
2025-10-04T05:10:47, Current hour = 5, Transmission hour = 10
2025-10-04T05:10:47, Current hour = 5, Transmission hour = 15
2025-10-04T05:10:47, Current hour = 5, Transmission hour = 20
2025-10-04T05:10:47, Current hour = 5, Transmission hour = 22
2025-10-04T05:10:48, Done loop ...
2025-10-04T05:10:48, ... powering down.
2025-10-04T05:27:29, Setup Complete
2025-10-04T05:27:32, Data: 2025-10-04T05:27:29,3.79,25631,4463.00,4596.00,4539.00,2.40,96.53,1.81,889.96
2025-10-04T05:27:32, Add row to /TRACKING.csv
2025-10-04T05:27:32, Number of rows in /TRACKING.csv: 1
2025-10-04T05:27:34, Done loop ...
2025-10-04T05:27:34, ... powering down.
2025-10-04T05:44:18, Setup Complete
2025-10-04T05:44:20, Data: 2025-10-04T05:44:18,3.73,25631,4473.00,4986.00,4571.50,2.38,96.59,1.71,890.05
2025-10-04T05:44:20, Add row to /TRACKING.csv
2025-10-04T05:44:20, Number of rows in /TRACKING.csv: 2
2025-10-04T05:44:23, Done loop ...
2025-10-04T05:44:23, ... powering down.
2025-10-04T06:01:06, Setup Complete
2025-10-04T06:01:08, Data: 2025-10-04T06:01:06,3.64,25631,4502.00,4987.00,4582.00,2.15,96.82,1.58,890.06
2025-10-04T06:01:08, Add row to /TRACKING.csv
2025-10-04T06:01:08, Number of rows in /TRACKING.csv: 3
2025-10-04T06:01:11, Done loop ...
2025-10-04T06:01:11, ... powering down.
2025-10-04T06:17:54, Setup Complete
2025-10-04T06:17:56, Data: 2025-10-04T06:17:54,3.56,25631,4546.00,4984.00,4611.00,2.27,97.15,1.53,890.19
2025-10-04T06:17:56, Add row to /TRACKING.csv
2025-10-04T06:17:56, Number of rows in /TRACKING.csv: 4
2025-10-04T06:17:59, Number of rows in /TRACKING.csv is >= 4
2025-10-04T06:17:59, Remove tracking
2025-10-04T06:17:59, Write to /TRANSMIT.csv: 2025-10-04T06:17:54,3.56,4546.00,2.3,97
2025-10-04T06:18:00, Number of rows in /TRANSMIT.csv: 4
2025-10-04T06:18:00, Current hour = 6, Transmission hour = 1
2025-10-04T06:18:00, Current hour = 6, Transmission hour = 6
2025-10-04T06:18:00, 0403132450+03097:449+03491:461+02595:455+02397
2025-10-04T06:18:02,  - attempt to send message: 0403132450+03097:449+03491:461+02595:455+02397
2025-10-04T06:19:32,  - Modem begin unsuccessful
2025-10-04T06:19:32, Transmission failed. Error = 3
2025-10-04T06:19:32, Done loop ...
2025-10-04T06:19:32, ... powering down.
2025-10-04T06:34:42, Setup Complete
2025-10-04T06:34:44, Data: 2025-10-04T06:34:42,3.58,25631,4463.00,4712.00,4585.00,2.37,96.67,1.63,890.36
2025-10-04T06:34:44, Add row to /TRACKING.csv
2025-10-04T06:34:44, Number of rows in /TRACKING.csv: 1
2025-10-04T06:34:46, Done loop ...
2025-10-04T06:34:46, ... powering down.
2025-10-04T06:51:30, Setup Complete
2025-10-04T06:51:32, Data: 2025-10-04T06:51:30,3.54,25631,4484.00,4767.00,4527.50,2.16,96.43,1.66,890.59
2025-10-04T06:51:32, Add row to /TRACKING.csv
2025-10-04T06:51:32, Number of rows in /TRACKING.csv: 2
2025-10-04T06:51:35, Done loop ...
2025-10-04T06:51:35, ... powering down.
2025-10-04T07:08:18, Setup Complete
2025-10-04T07:08:20, Data: 2025-10-04T07:08:18,3.55,25631,4458.00,4606.00,4531.00,2.38,96.02,1.78,890.81
2025-10-04T07:08:20, Add row to /TRACKING.csv
2025-10-04T07:08:20, Number of rows in /TRACKING.csv: 3
2025-10-04T07:08:23, Done loop ...
2025-10-04T07:08:23, ... powering down.
2025-10-04T07:25:06, Setup Complete
2025-10-04T07:25:09, Data: 2025-10-04T07:25:07,3.59,25631,4471.00,4705.00,4591.00,2.38,96.25,1.95,890.98
2025-10-04T07:25:09, Add row to /TRACKING.csv
2025-10-04T07:25:09, Number of rows in /TRACKING.csv: 4
2025-10-04T07:25:12, Number of rows in /TRACKING.csv is >= 4
2025-10-04T07:25:12, Remove tracking
2025-10-04T07:25:12, Write to /TRANSMIT.csv: 2025-10-04T07:25:07,3.59,4471.00,2.4,96
2025-10-04T07:25:12, Number of rows in /TRANSMIT.csv: 5
2025-10-04T07:25:12, Current hour = 7, Transmission hour = 1
2025-10-04T07:25:13, 0403132450+03097:449+03491:461+02595:455+02397:447+02496
2025-10-04T07:25:15,  - attempt to send message: 0403132450+03097:449+03491:461+02595:455+02397:447+02496
2025-10-04T07:25:45,  - Modem begin successful
2025-10-04T07:25:45,  - Sending...
2025-10-04T07:26:15, Send response: 
2025-10-04T07:26:15,  - Retry...
2025-10-04T07:26:15,    - Sending...
2025-10-04T07:26:15,    - Send response: 10
2025-10-04T07:26:45,  Sync clocks... 
2025-10-04T07:26:45,  - Clock was not synced
2025-10-04T07:26:46, Transmission failed. Error = 10
2025-10-04T07:26:46, Done loop ...
2025-10-04T07:26:46, ... powering down.
2025-10-04T07:41:55, Setup Complete
2025-10-04T07:41:57, Data: 2025-10-04T07:41:55,3.56,25631,4493.00,4986.00,4586.00,2.44,96.11,2.25,891.01
2025-10-04T07:41:57, Add row to /TRACKING.csv
2025-10-04T07:41:57, Number of rows in /TRACKING.csv: 1
2025-10-04T07:42:00, Done loop ...
2025-10-04T07:42:00, ... powering down.
2025-10-04T07:58:43, Setup Complete
2025-10-04T07:58:45, Data: 2025-10-04T07:58:43,3.61,25631,500.00,4988.00,4616.50,4.68,91.82,6.89,891.50
2025-10-04T07:58:45, Add row to /TRACKING.csv
2025-10-04T07:58:46, Number of rows in /TRACKING.csv: 2
2025-10-04T07:58:48, Done loop ...
2025-10-04T07:58:48, ... powering down.
2025-10-04T08:15:30, Setup Complete
2025-10-04T08:15:32, Data: 2025-10-04T08:15:30,3.65,25631,4472.00,4540.00,4531.00,5.42,89.41,8.75,891.55
2025-10-04T08:15:32, Add row to /TRACKING.csv
2025-10-04T08:15:32, Number of rows in /TRACKING.csv: 3
2025-10-04T08:15:35, Done loop ...
2025-10-04T08:15:35, ... powering down.
2025-10-04T08:32:19, Setup Complete
2025-10-04T08:32:21, Data: 2025-10-04T08:32:19,3.64,25631,4468.00,4503.00,4488.50,5.43,86.10,8.63,891.81
2025-10-04T08:32:21, Add row to /TRACKING.csv
2025-10-04T08:32:21, Number of rows in /TRACKING.csv: 4
2025-10-04T08:32:24, Number of rows in /TRACKING.csv is >= 4
2025-10-04T08:32:24, Remove tracking
2025-10-04T08:32:24, Write to /TRANSMIT.csv: 2025-10-04T08:32:19,3.64,4468.00,5.4,86
2025-10-04T08:32:25, Number of rows in /TRANSMIT.csv: 6
2025-10-04T08:32:25, Current hour = 8, Transmission hour = 1
2025-10-04T08:32:25, 0403133450+03097:449+03491:461+02595:455+02397:447+02496:447+05486
2025-10-04T08:32:27,  - attempt to send message: 0403133450+03097:449+03491:461+02595:455+02397:447+02496:447+05486
2025-10-04T08:32:27,  - Modem begin successful
2025-10-04T08:32:28,  - Sending...
2025-10-04T08:32:35,  - Send response: 
2025-10-04T08:32:35,   - Sync clocks... 
2025-10-04T08:32:35,  - Arduino Old Time: 2025-10-04T16:32:35
2025-10-04T08:32:33,  - Arduino New Time: 2025-10-04T16:32:33
2025-10-04T08:32:33, Message sent! Removing /TRANSMIT.csv
2025-10-04T08:32:33, Done loop ...
2025-10-04T08:32:33, ... powering down.
2025-10-04T08:49:06, Setup Complete
2025-10-04T08:49:08, Data: 2025-10-04T08:49:06,4.07,25631,655.00,4985.00,4631.50,5.07,81.61,12.11,892.03
2025-10-04T08:49:08, Add row to /TRACKING.csv
2025-10-04T08:49:08, Number of rows in /TRACKING.csv: 1
2025-10-04T08:49:10, Done loop ...
2025-10-04T08:49:10, ... powering down.
2025-10-04T08:49:15, Setup Complete
2025-10-04T08:49:17, Data: 2025-10-04T08:49:15,3.58,25631,4513.00,4558.00,4547.50,5.09,81.71,12.13,892.05
2025-10-04T08:49:17, Add row to /TRACKING.csv
2025-10-04T08:49:17, Number of rows in /TRACKING.csv: 2
2025-10-04T08:49:20, Done loop ...
2025-10-04T08:49:20, ... powering down.
2025-10-04T09:06:02, Setup Complete
2025-10-04T09:06:04, Data: 2025-10-04T09:06:02,3.64,25631,4513.00,4659.00,4548.00,6.57,77.75,14.45,892.31
2025-10-04T09:06:04, Add row to /TRACKING.csv
2025-10-04T09:06:04, Number of rows in /TRACKING.csv: 3
2025-10-04T09:06:07, Done loop ...
2025-10-04T09:06:07, ... powering down.
2025-10-04T09:22:48, Setup Complete
2025-10-04T09:22:50, Data: 2025-10-04T09:22:48,3.66,25631,497.00,4985.00,4612.50,6.02,75.74,15.58,892.07
2025-10-04T09:22:50, Add row to /TRACKING.csv
2025-10-04T09:22:50, Number of rows in /TRACKING.csv: 4
2025-10-04T09:22:54, Number of rows in /TRACKING.csv is >= 4
2025-10-04T09:22:54, Remove tracking
2025-10-04T09:22:54, Write to /TRANSMIT.csv: 2025-10-04T09:22:48,3.66,497.00,6.0,76
2025-10-04T09:22:54, Number of rows in /TRANSMIT.csv: 1
2025-10-04T09:22:54, Current hour = 9, Transmission hour = 1
2025-10-04T09:22:54, Current hour = 9, Transmission hour = 6
2025-10-04T09:22:54, Current hour = 9, Transmission hour = 8
2025-10-04T09:22:54, Current hour = 9, Transmission hour = 9
2025-10-04T09:22:54, 0409223050+06076
2025-10-04T09:22:56,  - attempt to send message: 0409223050+06076
2025-10-04T09:22:57,  - Modem begin successful
2025-10-04T09:22:57,  - Sending...
2025-10-04T09:23:27, Send response: 
2025-10-04T09:23:27,  - Retry...
2025-10-04T09:23:27,    - Sending...
2025-10-04T09:23:27,    - Send response: 10
2025-10-04T09:23:57,  Sync clocks... 
2025-10-04T09:23:57,  - Clock was not synced
2025-10-04T09:23:57, Transmission failed. Error = 10
2025-10-04T09:23:57, Done loop ...
2025-10-04T09:23:58, ... powering down.
2025-10-04T09:39:32, Setup Complete
2025-10-04T09:39:35, Data: 2025-10-04T09:39:32,4.05,25631,4536.00,4901.00,4562.50,6.76,79.63,16.25,892.25
2025-10-04T09:39:35, Add row to /TRACKING.csv
2025-10-04T09:39:35, Number of rows in /TRACKING.csv: 1
2025-10-04T09:39:37, Done loop ...
2025-10-04T09:39:37, ... powering down.
2025-10-04T09:56:17, Setup Complete
2025-10-04T09:56:19, Data: 2025-10-04T09:56:17,3.55,25631,4571.00,4984.00,4697.50,6.05,75.89,14.77,892.37
2025-10-04T09:56:19, Add row to /TRACKING.csv
2025-10-04T09:56:19, Number of rows in /TRACKING.csv: 2
2025-10-04T09:56:22, Done loop ...
2025-10-04T09:56:22, ... powering down.
2025-10-04T09:56:27, Setup Complete
2025-10-04T09:56:29, Data: 2025-10-04T09:56:27,3.58,25631,4476.00,4587.00,4570.00,6.06,75.70,14.77,892.38
2025-10-04T09:56:29, Add row to /TRACKING.csv
2025-10-04T09:56:29, Number of rows in /TRACKING.csv: 3
2025-10-04T09:56:32, Done loop ...
2025-10-04T09:56:32, ... powering down.
2025-10-04T10:13:13, Setup Complete
2025-10-04T10:13:15, Data: 2025-10-04T10:13:13,3.56,25631,4571.00,4985.00,4675.00,7.25,71.41,14.91,892.33
2025-10-04T10:13:15, Add row to /TRACKING.csv
2025-10-04T10:13:16, Number of rows in /TRACKING.csv: 4
2025-10-04T10:13:19, Number of rows in /TRACKING.csv is >= 4
2025-10-04T10:13:19, Remove tracking
2025-10-04T10:13:19, Write to /TRANSMIT.csv: 2025-10-04T10:13:13,3.56,4571.00,7.2,71
2025-10-04T10:13:19, Number of rows in /TRANSMIT.csv: 2
2025-10-04T10:13:19, Current hour = 10, Transmission hour = 1
2025-10-04T10:13:19, Current hour = 10, Transmission hour = 6
2025-10-04T10:13:19, Current hour = 10, Transmission hour = 8
2025-10-04T10:13:19, Current hour = 10, Transmission hour = 9
2025-10-04T10:13:19, Current hour = 10, Transmission hour = 10
2025-10-04T10:13:19, 0409222050+06076:457+07271
2025-10-04T10:13:21,  - attempt to send message: 0409222050+06076:457+07271
2025-10-04T10:14:22,  - Modem begin successful
2025-10-04T10:14:22,  - Sending...
2025-10-04T10:14:52, Send response: 
2025-10-04T10:14:52,  - Retry...
2025-10-04T10:14:52,    - Sending...
2025-10-04T10:14:52,    - Send response: 10
2025-10-04T10:15:22,  Sync clocks... 
2025-10-04T10:15:22,  - Clock was not synced
2025-10-04T10:15:22, Transmission failed. Error = 10
2025-10-04T10:15:23, Done loop ...
2025-10-04T10:15:23, ... powering down.
2025-10-04T10:29:57, Setup Complete
2025-10-04T10:29:59, Data: 2025-10-04T10:29:57,4.06,25631,4630.00,4702.00,4641.50,7.42,70.67,13.24,892.53
2025-10-04T10:29:59, Add row to /TRACKING.csv
2025-10-04T10:29:59, Number of rows in /TRACKING.csv: 1
2025-10-04T10:30:01, Done loop ...
2025-10-04T10:30:01, ... powering down.
2025-10-04T10:46:40, Setup Complete
2025-10-04T10:46:42, Data: 2025-10-04T10:46:40,3.58,25631,659.00,4986.00,4629.50,7.02,66.63,11.99,892.49
2025-10-04T10:46:42, Add row to /TRACKING.csv
2025-10-04T10:46:42, Number of rows in /TRACKING.csv: 2
2025-10-04T10:46:45, Done loop ...
2025-10-04T10:46:45, ... powering down.
2025-10-04T10:46:49, Setup Complete
2025-10-04T10:46:52, Data: 2025-10-04T10:46:49,3.58,25631,4443.00,4669.00,4571.00,7.02,66.55,11.97,892.54
2025-10-04T10:46:52, Add row to /TRACKING.csv
2025-10-04T10:46:52, Number of rows in /TRACKING.csv: 3
2025-10-04T10:46:55, Done loop ...
2025-10-04T10:46:55, ... powering down.
2025-10-04T11:03:36, Setup Complete
2025-10-04T11:03:38, Data: 2025-10-04T11:03:36,3.60,25631,4536.00,4986.00,4604.50,6.79,83.91,11.21,892.71
2025-10-04T11:03:38, Add row to /TRACKING.csv
2025-10-04T11:03:38, Number of rows in /TRACKING.csv: 4
2025-10-04T11:03:42, Number of rows in /TRACKING.csv is >= 4
2025-10-04T11:03:42, Remove tracking
2025-10-04T11:03:42, Write to /TRANSMIT.csv: 2025-10-04T11:03:36,3.60,4536.00,6.8,84
2025-10-04T11:03:42, Number of rows in /TRANSMIT.csv: 3
2025-10-04T11:03:42, Current hour = 11, Transmission hour = 1
2025-10-04T11:03:42, Current hour = 11, Transmission hour = 6
2025-10-04T11:03:42, Current hour = 11, Transmission hour = 8
2025-10-04T11:03:42, Current hour = 11, Transmission hour = 9
2025-10-04T11:03:42, Current hour = 11, Transmission hour = 10
2025-10-04T11:03:42, Current hour = 11, Transmission hour = 15
2025-10-04T11:03:42, Current hour = 11, Transmission hour = 20
2025-10-04T11:03:42, Current hour = 11, Transmission hour = 22
2025-10-04T11:03:42, Done loop ...
2025-10-04T11:03:42, ... powering down.
2025-10-04T11:20:20, Setup Complete
2025-10-04T11:20:22, Data: 2025-10-04T11:20:20,3.60,25631,656.00,4698.00,4618.50,8.33,79.86,12.20,892.85
2025-10-04T11:20:22, Add row to /TRACKING.csv
2025-10-04T11:20:22, Number of rows in /TRACKING.csv: 1
2025-10-04T11:20:25, Done loop ...
2025-10-04T11:20:25, ... powering down.
2025-10-04T11:20:29, Setup Complete
2025-10-04T11:20:31, Data: 2025-10-04T11:20:29,3.57,25631,4498.00,4602.00,4546.50,8.32,79.39,12.21,892.84
2025-10-04T11:20:31, Add row to /TRACKING.csv
2025-10-04T11:20:32, Number of rows in /TRACKING.csv: 2
2025-10-04T11:20:34, Done loop ...
2025-10-04T11:20:34, ... powering down.
2025-10-04T11:37:16, Setup Complete
2025-10-04T11:37:18, Data: 2025-10-04T11:37:16,3.65,25631,4556.00,4641.00,4567.00,7.26,88.63,11.68,892.82
2025-10-04T11:37:18, Add row to /TRACKING.csv
2025-10-04T11:37:18, Number of rows in /TRACKING.csv: 3
2025-10-04T11:37:21, Done loop ...
2025-10-04T11:37:21, ... powering down.
2025-10-04T11:54:01, Setup Complete
2025-10-04T11:54:03, Data: 2025-10-04T11:54:01,3.67,25631,497.00,4641.00,4564.00,6.85,79.84,11.43,893.08
2025-10-04T11:54:03, Add row to /TRACKING.csv
2025-10-04T11:54:03, Number of rows in /TRACKING.csv: 4
2025-10-04T11:54:06, Number of rows in /TRACKING.csv is >= 4
2025-10-04T11:54:06, Remove tracking
2025-10-04T11:54:06, Write to /TRANSMIT.csv: 2025-10-04T11:54:01,3.67,497.00,6.8,80
2025-10-04T11:54:07, Number of rows in /TRANSMIT.csv: 4
2025-10-04T11:54:07, Current hour = 11, Transmission hour = 1
2025-10-04T11:54:07, Current hour = 11, Transmission hour = 6
2025-10-04T11:54:07, Current hour = 11, Transmission hour = 8
2025-10-04T11:54:07, Current hour = 11, Transmission hour = 9
2025-10-04T11:54:07, Current hour = 11, Transmission hour = 10
2025-10-04T11:54:07, Current hour = 11, Transmission hour = 15
2025-10-04T11:54:07, Current hour = 11, Transmission hour = 20
2025-10-04T11:54:07, Current hour = 11, Transmission hour = 22
2025-10-04T11:54:07, Done loop ...
2025-10-04T11:54:07, ... powering down.
2025-10-04T12:10:44, Setup Complete
2025-10-04T12:10:46, Data: 2025-10-04T12:10:44,3.70,25631,4518.00,4985.00,4543.50,6.70,83.46,10.08,893.18
2025-10-04T12:10:46, Add row to /TRACKING.csv
2025-10-04T12:10:46, Number of rows in /TRACKING.csv: 1
2025-10-04T12:10:49, Done loop ...
2025-10-04T12:10:49, ... powering down.
2025-10-04T12:27:27, Setup Complete
2025-10-04T12:27:30, Data: 2025-10-04T12:27:27,3.65,25631,4473.00,4637.00,4561.50,7.00,88.81,10.97,893.33
2025-10-04T12:27:30, Add row to /TRACKING.csv
2025-10-04T12:27:30, Number of rows in /TRACKING.csv: 2
2025-10-04T12:27:32, Done loop ...
2025-10-04T12:27:32, ... powering down.
2025-10-04T12:44:13, Setup Complete
2025-10-04T12:44:15, Data: 2025-10-04T12:44:13,3.54,25631,655.00,4986.00,4614.00,7.98,72.20,12.35,893.35
2025-10-04T12:44:15, Add row to /TRACKING.csv
2025-10-04T12:44:15, Number of rows in /TRACKING.csv: 3
2025-10-04T12:44:18, Done loop ...
2025-10-04T12:44:18, ... powering down.
2025-10-04T13:00:57, Setup Complete
2025-10-04T13:00:59, Data: 2025-10-04T13:00:57,3.55,25631,656.00,4985.00,4641.00,8.24,68.29,13.56,893.45
2025-10-04T13:00:59, Add row to /TRACKING.csv
2025-10-04T13:00:59, Number of rows in /TRACKING.csv: 4
2025-10-04T13:01:03, Number of rows in /TRACKING.csv is >= 4
2025-10-04T13:01:03, Remove tracking
2025-10-04T13:01:03, Write to /TRANSMIT.csv: 2025-10-04T13:00:57,3.55,656.00,8.2,68
2025-10-04T13:01:03, Number of rows in /TRANSMIT.csv: 5
2025-10-04T13:01:03, Current hour = 13, Transmission hour = 1
2025-10-04T13:01:03, 0409222050+06076:457+07271:454+06884:050+06880:066+08268
2025-10-04T13:01:05,  - attempt to send message: 0409222050+06076:457+07271:454+06884:050+06880:066+08268
2025-10-04T13:04:06,  - Modem begin successful
2025-10-04T13:04:06,  - Sending...
2025-10-04T13:04:46, Send response: 
2025-10-04T13:04:46,  - Retry...
2025-10-04T13:04:46,    - Sending...
2025-10-04T13:04:46,    - Send response: 10
2025-10-04T13:05:16,  Sync clocks... 
2025-10-04T13:05:16,  - Clock was not synced
2025-10-04T13:05:16, Transmission failed. Error = 10
2025-10-04T13:05:16, Done loop ...
2025-10-04T13:05:16, ... powering down.
2025-10-04T13:17:39, Setup Complete
2025-10-04T13:17:42, Data: 2025-10-04T13:17:39,3.59,25631,4572.00,4984.00,4623.50,7.98,62.49,13.50,893.44
2025-10-04T13:17:42, Add row to /TRACKING.csv
2025-10-04T13:17:42, Number of rows in /TRACKING.csv: 1
2025-10-04T13:17:44, Done loop ...
2025-10-04T13:17:44, ... powering down.
2025-10-04T13:17:49, Setup Complete
2025-10-04T13:17:51, Data: 2025-10-04T13:17:49,3.58,25631,4473.00,4619.00,4570.00,8.01,64.73,13.50,893.49
2025-10-04T13:17:51, Add row to /TRACKING.csv
2025-10-04T13:17:51, Number of rows in /TRACKING.csv: 2
2025-10-04T13:17:54, Done loop ...
2025-10-04T13:17:54, ... powering down.
2025-10-04T13:34:36, Setup Complete
2025-10-04T13:34:38, Data: 2025-10-04T13:34:36,3.60,25631,651.00,4985.00,4631.50,7.95,72.97,12.25,893.64
2025-10-04T13:34:38, Add row to /TRACKING.csv
2025-10-04T13:34:38, Number of rows in /TRACKING.csv: 3
2025-10-04T13:34:41, Done loop ...
2025-10-04T13:34:41, ... powering down.
2025-10-04T13:34:45, Setup Complete
2025-10-04T13:34:48, Data: 2025-10-04T13:34:45,3.58,25631,4482.00,4544.00,4512.50,7.97,72.68,12.26,893.64
2025-10-04T13:34:48, Add row to /TRACKING.csv
2025-10-04T13:34:48, Number of rows in /TRACKING.csv: 4
2025-10-04T13:34:51, Number of rows in /TRACKING.csv is >= 4
2025-10-04T13:34:51, Remove tracking
2025-10-04T13:34:51, Write to /TRANSMIT.csv: 2025-10-04T13:34:45,3.58,4482.00,8.0,73
2025-10-04T13:34:51, Number of rows in /TRANSMIT.csv: 6
2025-10-04T13:34:51, Current hour = 13, Transmission hour = 1
2025-10-04T13:34:51, 0409222050+06076:457+07271:454+06884:050+06880:066+08268:448+08073
2025-10-04T13:34:54,  - attempt to send message: 0409222050+06076:457+07271:454+06884:050+06880:066+08268:448+08073
2025-10-04T13:34:54,  - Modem begin successful
2025-10-04T13:34:54,  - Sending...
2025-10-04T13:35:00,  - Send response: 
2025-10-04T13:35:00,   - Sync clocks... 
2025-10-04T13:35:00,  - Arduino Old Time: 2025-10-04T21:35:00
2025-10-04T13:34:59,  - Arduino New Time: 2025-10-04T21:34:59
2025-10-04T13:34:59, Message sent! Removing /TRANSMIT.csv
2025-10-04T13:34:59, Done loop ...
2025-10-04T13:34:59, ... powering down.
2025-10-04T13:51:31, Setup Complete
2025-10-04T13:51:33, Data: 2025-10-04T13:51:31,3.54,25631,656.00,4984.00,4713.50,9.03,58.52,12.97,893.57
2025-10-04T13:51:33, Add row to /TRACKING.csv
2025-10-04T13:51:34, Number of rows in /TRACKING.csv: 1
2025-10-04T13:51:36, Done loop ...
2025-10-04T13:51:36, ... powering down.
2025-10-04T13:51:41, Setup Complete
2025-10-04T13:51:43, Data: 2025-10-04T13:51:41,3.58,25631,4478.00,4558.00,4550.00,9.05,57.96,12.97,893.57
2025-10-04T13:51:43, Add row to /TRACKING.csv
2025-10-04T13:51:43, Number of rows in /TRACKING.csv: 2
2025-10-04T13:51:46, Done loop ...
2025-10-04T13:51:46, ... powering down.
2025-10-04T14:08:27, Setup Complete
2025-10-04T14:08:29, Data: 2025-10-04T14:08:27,3.58,25631,653.00,4986.00,4650.00,9.45,60.41,13.13,893.82
2025-10-04T14:08:29, Add row to /TRACKING.csv
2025-10-04T14:08:30, Number of rows in /TRACKING.csv: 3
2025-10-04T14:08:33, Done loop ...
2025-10-04T14:08:33, ... powering down.
2025-10-04T14:08:37, Setup Complete
2025-10-04T14:08:39, Data: 2025-10-04T14:08:37,3.57,25631,4489.00,4558.00,4546.50,9.42,60.43,13.13,893.85
2025-10-04T14:08:39, Add row to /TRACKING.csv
2025-10-04T14:08:40, Number of rows in /TRACKING.csv: 4
2025-10-04T14:08:43, Number of rows in /TRACKING.csv is >= 4
2025-10-04T14:08:43, Remove tracking
2025-10-04T14:08:43, Write to /TRANSMIT.csv: 2025-10-04T14:08:37,3.57,4489.00,9.4,60
2025-10-04T14:08:43, Number of rows in /TRANSMIT.csv: 1
2025-10-04T14:08:43, Current hour = 14, Transmission hour = 1
2025-10-04T14:08:43, Current hour = 14, Transmission hour = 6
2025-10-04T14:08:43, Current hour = 14, Transmission hour = 8
2025-10-04T14:08:43, Current hour = 14, Transmission hour = 9
2025-10-04T14:08:43, Current hour = 14, Transmission hour = 10
2025-10-04T14:08:43, Current hour = 14, Transmission hour = 15
2025-10-04T14:08:43, Current hour = 14, Transmission hour = 20
2025-10-04T14:08:43, Current hour = 14, Transmission hour = 22
2025-10-04T14:08:44, Done loop ...
2025-10-04T14:08:44, ... powering down.
2025-10-04T14:25:24, Setup Complete
2025-10-04T14:25:26, Data: 2025-10-04T14:25:24,3.54,25631,4547.00,4986.00,4809.50,10.08,72.68,12.29,893.73
2025-10-04T14:25:26, Add row to /TRACKING.csv
2025-10-04T14:25:26, Number of rows in /TRACKING.csv: 1
2025-10-04T14:25:29, Done loop ...
2025-10-04T14:25:29, ... powering down.
2025-10-04T14:25:33, Setup Complete
2025-10-04T14:25:36, Data: 2025-10-04T14:25:33,3.58,25631,4466.00,4596.00,4511.00,10.15,73.44,12.30,893.76
2025-10-04T14:25:36, Add row to /TRACKING.csv
2025-10-04T14:25:36, Number of rows in /TRACKING.csv: 2
2025-10-04T14:25:38, Done loop ...
2025-10-04T14:25:38, ... powering down.
2025-10-04T14:42:20, Setup Complete
2025-10-04T14:42:22, Data: 2025-10-04T14:42:20,3.64,25631,4500.00,4609.00,4532.00,8.49,74.53,12.68,893.31
2025-10-04T14:42:22, Add row to /TRACKING.csv
2025-10-04T14:42:22, Number of rows in /TRACKING.csv: 3
2025-10-04T14:42:25, Done loop ...
2025-10-04T14:42:25, ... powering down.
2025-10-04T14:59:04, Setup Complete
2025-10-04T14:59:06, Data: 2025-10-04T14:59:04,3.61,25631,647.00,4628.00,4599.00,8.26,72.76,12.12,893.36
2025-10-04T14:59:06, Add row to /TRACKING.csv
2025-10-04T14:59:06, Number of rows in /TRACKING.csv: 4
2025-10-04T14:59:09, Number of rows in /TRACKING.csv is >= 4
2025-10-04T14:59:09, Remove tracking
2025-10-04T14:59:09, Write to /TRANSMIT.csv: 2025-10-04T14:59:04,3.61,647.00,8.3,73
2025-10-04T14:59:10, Number of rows in /TRANSMIT.csv: 2
2025-10-04T14:59:10, Current hour = 14, Transmission hour = 1
2025-10-04T14:59:10, Current hour = 14, Transmission hour = 6
2025-10-04T14:59:10, Current hour = 14, Transmission hour = 8
2025-10-04T14:59:10, Current hour = 14, Transmission hour = 9
2025-10-04T14:59:10, Current hour = 14, Transmission hour = 10
2025-10-04T14:59:10, Current hour = 14, Transmission hour = 15
2025-10-04T14:59:10, Current hour = 14, Transmission hour = 20
2025-10-04T14:59:10, Current hour = 14, Transmission hour = 22
2025-10-04T14:59:10, Done loop ...
2025-10-04T14:59:10, ... powering down.
2025-10-04T15:15:47, Setup Complete
2025-10-04T15:15:49, Data: 2025-10-04T15:15:47,3.60,25631,4490.00,4986.00,4608.00,10.58,62.98,12.53,893.63
2025-10-04T15:15:49, Add row to /TRACKING.csv
2025-10-04T15:15:50, Number of rows in /TRACKING.csv: 1
2025-10-04T15:15:52, Done loop ...
2025-10-04T15:15:52, ... powering down.
2025-10-04T15:32:32, Setup Complete
2025-10-04T15:32:34, Data: 2025-10-04T15:32:32,3.77,25631,4578.00,4985.00,4624.50,11.10,67.35,12.73,893.64
2025-10-04T15:32:34, Add row to /TRACKING.csv
2025-10-04T15:32:34, Number of rows in /TRACKING.csv: 2
2025-10-04T15:32:37, Done loop ...
2025-10-04T15:32:37, ... powering down.
2025-10-04T15:49:16, Setup Complete
2025-10-04T15:49:18, Data: 2025-10-04T15:49:16,3.67,25631,4498.00,4633.00,4553.50,10.50,67.04,12.85,893.62
2025-10-04T15:49:18, Add row to /TRACKING.csv
2025-10-04T15:49:18, Number of rows in /TRACKING.csv: 3
2025-10-04T15:49:21, Done loop ...
2025-10-04T15:49:21, ... powering down.
2025-10-04T16:06:02, Setup Complete
2025-10-04T16:06:04, Data: 2025-10-04T16:06:02,3.93,25631,4566.00,4985.00,4596.00,9.40,68.78,12.19,893.67
2025-10-04T16:06:04, Add row to /TRACKING.csv
2025-10-04T16:06:05, Number of rows in /TRACKING.csv: 4
2025-10-04T16:06:08, Number of rows in /TRACKING.csv is >= 4
2025-10-04T16:06:08, Remove tracking
2025-10-04T16:06:08, Write to /TRANSMIT.csv: 2025-10-04T16:06:02,3.93,4566.00,9.4,69
2025-10-04T16:06:08, Number of rows in /TRANSMIT.csv: 3
2025-10-04T16:06:08, Current hour = 16, Transmission hour = 1
2025-10-04T16:06:08, Current hour = 16, Transmission hour = 6
2025-10-04T16:06:08, Current hour = 16, Transmission hour = 8
2025-10-04T16:06:08, Current hour = 16, Transmission hour = 9
2025-10-04T16:06:08, Current hour = 16, Transmission hour = 10
2025-10-04T16:06:08, Current hour = 16, Transmission hour = 15
2025-10-04T16:06:08, Current hour = 16, Transmission hour = 20
2025-10-04T16:06:08, Current hour = 16, Transmission hour = 22
2025-10-04T16:06:09, Done loop ...
2025-10-04T16:06:09, ... powering down.
2025-10-04T16:22:49, Setup Complete
2025-10-04T16:22:51, Data: 2025-10-04T16:22:49,3.86,25631,663.00,4986.00,4520.00,10.31,64.28,11.72,893.80
2025-10-04T16:22:51, Add row to /TRACKING.csv
2025-10-04T16:22:51, Number of rows in /TRACKING.csv: 1
2025-10-04T16:22:53, Done loop ...
2025-10-04T16:22:53, ... powering down.
2025-10-04T16:39:35, Setup Complete
2025-10-04T16:39:37, Data: 2025-10-04T16:39:35,3.63,25631,656.00,4696.00,4543.00,10.76,62.01,11.50,893.57
2025-10-04T16:39:37, Add row to /TRACKING.csv
2025-10-04T16:39:37, Number of rows in /TRACKING.csv: 2
2025-10-04T16:39:40, Done loop ...
2025-10-04T16:39:40, ... powering down.
2025-10-04T16:56:21, Setup Complete
2025-10-04T16:56:24, Data: 2025-10-04T16:56:22,3.68,25631,4487.00,4706.00,4528.00,9.76,65.16,10.84,893.68
2025-10-04T16:56:24, Add row to /TRACKING.csv
2025-10-04T16:56:24, Number of rows in /TRACKING.csv: 3
2025-10-04T16:56:27, Done loop ...
2025-10-04T16:56:27, ... powering down.
2025-10-04T17:13:08, Setup Complete
2025-10-04T17:13:10, Data: 2025-10-04T17:13:08,3.74,25631,4472.00,4985.00,4548.50,7.38,69.39,9.62,893.49
2025-10-04T17:13:10, Add row to /TRACKING.csv
2025-10-04T17:13:10, Number of rows in /TRACKING.csv: 4
2025-10-04T17:13:14, Number of rows in /TRACKING.csv is >= 4
2025-10-04T17:13:14, Remove tracking
2025-10-04T17:13:14, Write to /TRANSMIT.csv: 2025-10-04T17:13:08,3.74,4472.00,7.4,69
2025-10-04T17:13:14, Number of rows in /TRANSMIT.csv: 4
2025-10-04T17:13:14, Current hour = 17, Transmission hour = 1
2025-10-04T17:13:14, Current hour = 17, Transmission hour = 6
2025-10-04T17:13:14, Current hour = 17, Transmission hour = 8
2025-10-04T17:13:14, Current hour = 17, Transmission hour = 9
2025-10-04T17:13:14, Current hour = 17, Transmission hour = 10
2025-10-04T17:13:14, Current hour = 17, Transmission hour = 15
2025-10-04T17:13:14, Current hour = 17, Transmission hour = 20
2025-10-04T17:13:14, Current hour = 17, Transmission hour = 22
2025-10-04T17:13:14, Done loop ...
2025-10-04T17:13:14, ... powering down.
2025-10-04T17:29:54, Setup Complete
2025-10-04T17:29:56, Data: 2025-10-04T17:29:54,3.67,25631,4453.00,4649.00,4547.50,8.02,69.11,8.67,893.68
2025-10-04T17:29:56, Add row to /TRACKING.csv
2025-10-04T17:29:57, Number of rows in /TRACKING.csv: 1
2025-10-04T17:29:59, Done loop ...
2025-10-04T17:29:59, ... powering down.
2025-10-04T17:46:40, Setup Complete
2025-10-04T17:46:42, Data: 2025-10-04T17:46:40,3.67,25631,4466.00,4602.00,4591.00,6.35,71.01,7.13,893.66
2025-10-04T17:46:42, Add row to /TRACKING.csv
2025-10-04T17:46:43, Number of rows in /TRACKING.csv: 2
2025-10-04T17:46:45, Done loop ...
2025-10-04T17:46:45, ... powering down.
2025-10-04T18:03:26, Setup Complete
2025-10-04T18:03:28, Data: 2025-10-04T18:03:26,3.69,25631,4460.00,4984.00,4543.00,5.25,74.01,5.60,893.86
2025-10-04T18:03:28, Add row to /TRACKING.csv
2025-10-04T18:03:28, Number of rows in /TRACKING.csv: 3
2025-10-04T18:03:31, Done loop ...
2025-10-04T18:03:31, ... powering down.
2025-10-04T18:20:12, Setup Complete
2025-10-04T18:20:14, Data: 2025-10-04T18:20:12,3.65,25631,4479.00,4987.00,4586.00,5.12,73.74,4.78,893.99
2025-10-04T18:20:14, Add row to /TRACKING.csv
2025-10-04T18:20:14, Number of rows in /TRACKING.csv: 4
2025-10-04T18:20:17, Number of rows in /TRACKING.csv is >= 4
2025-10-04T18:20:17, Remove tracking
2025-10-04T18:20:17, Write to /TRANSMIT.csv: 2025-10-04T18:20:12,3.65,4479.00,5.1,74
2025-10-04T18:20:18, Number of rows in /TRANSMIT.csv: 5
2025-10-04T18:20:18, Current hour = 18, Transmission hour = 1
2025-10-04T18:20:18, 0414083449+09460:065+08373:457+09469:447+07469:448+05174
2025-10-04T18:20:20,  - attempt to send message: 0414083449+09460:065+08373:457+09469:447+07469:448+05174
2025-10-04T18:20:21,  - Modem begin successful
2025-10-04T18:20:21,  - Sending...
2025-10-04T18:20:51, Send response: 
2025-10-04T18:20:51,  - Retry...
2025-10-04T18:20:51,    - Sending...
2025-10-04T18:20:51,    - Send response: 10
2025-10-04T18:21:21,  Sync clocks... 
2025-10-04T18:21:21,  - Clock was not synced
2025-10-04T18:21:21, Transmission failed. Error = 10
2025-10-04T18:21:21, Done loop ...
2025-10-04T18:21:21, ... powering down.
2025-10-04T18:36:57, Setup Complete
2025-10-04T18:37:00, Data: 2025-10-04T18:36:57,3.60,25631,4469.00,4563.00,4487.50,5.15,67.24,4.42,893.99
2025-10-04T18:37:00, Add row to /TRACKING.csv
2025-10-04T18:37:00, Number of rows in /TRACKING.csv: 1
2025-10-04T18:37:02, Done loop ...
2025-10-04T18:37:02, ... powering down.
2025-10-04T18:53:43, Setup Complete
2025-10-04T18:53:45, Data: 2025-10-04T18:53:43,3.68,25631,644.00,4581.00,4462.00,5.36,72.61,4.27,894.13
2025-10-04T18:53:45, Add row to /TRACKING.csv
2025-10-04T18:53:45, Number of rows in /TRACKING.csv: 2
2025-10-04T18:53:48, Done loop ...
2025-10-04T18:53:48, ... powering down.
2025-10-04T19:10:29, Setup Complete
2025-10-04T19:10:31, Data: 2025-10-04T19:10:29,3.75,25631,4453.00,4658.00,4517.00,5.29,72.93,4.20,894.34
2025-10-04T19:10:31, Add row to /TRACKING.csv
2025-10-04T19:10:31, Number of rows in /TRACKING.csv: 3
2025-10-04T19:10:34, Done loop ...
2025-10-04T19:10:34, ... powering down.
2025-10-04T19:27:14, Setup Complete
2025-10-04T19:27:17, Data: 2025-10-04T19:27:14,3.69,25631,498.00,4637.00,4559.00,5.07,70.37,4.08,894.35
2025-10-04T19:27:17, Add row to /TRACKING.csv
2025-10-04T19:27:17, Number of rows in /TRACKING.csv: 4
2025-10-04T19:27:20, Number of rows in /TRACKING.csv is >= 4
2025-10-04T19:27:20, Remove tracking
2025-10-04T19:27:20, Write to /TRANSMIT.csv: 2025-10-04T19:27:14,3.69,498.00,5.1,70
2025-10-04T19:27:20, Number of rows in /TRANSMIT.csv: 6
2025-10-04T19:27:20, Current hour = 19, Transmission hour = 1
2025-10-04T19:27:20, 0414083449+09460:065+08373:457+09469:447+07469:448+05174:050+05170
2025-10-04T19:27:22,  - attempt to send message: 0414083449+09460:065+08373:457+09469:447+07469:448+05174:050+05170
2025-10-04T19:27:23,  - Modem begin successful
2025-10-04T19:27:23,  - Sending...
2025-10-04T19:27:53, Send response: 
2025-10-04T19:27:53,  - Retry...
2025-10-04T19:27:53,    - Sending...
2025-10-04T19:27:53,    - Send response: 10
2025-10-04T19:28:23,  Sync clocks... 
2025-10-04T19:28:24,  - Clock was not synced
2025-10-04T19:28:24, Transmission failed. Error = 10
2025-10-04T19:28:24, Done loop ...
2025-10-04T19:28:24, ... powering down.
2025-10-04T19:44:00, Setup Complete
2025-10-04T19:44:02, Data: 2025-10-04T19:44:00,3.68,25631,498.00,4648.00,4451.00,5.25,71.71,4.15,894.35
2025-10-04T19:44:02, Add row to /TRACKING.csv
2025-10-04T19:44:02, Number of rows in /TRACKING.csv: 1
2025-10-04T19:44:05, Done loop ...
2025-10-04T19:44:05, ... powering down.
2025-10-04T20:00:46, Setup Complete
2025-10-04T20:00:48, Data: 2025-10-04T20:00:46,3.68,25631,498.00,4507.00,4456.50,5.01,72.35,4.15,894.27
2025-10-04T20:00:48, Add row to /TRACKING.csv
2025-10-04T20:00:48, Number of rows in /TRACKING.csv: 2
2025-10-04T20:00:51, Done loop ...
2025-10-04T20:00:51, ... powering down.
2025-10-04T20:17:31, Setup Complete
2025-10-04T20:17:33, Data: 2025-10-04T20:17:31,3.56,25631,4433.00,4636.00,4526.50,4.73,72.49,4.03,894.36
2025-10-04T20:17:33, Add row to /TRACKING.csv
2025-10-04T20:17:34, Number of rows in /TRACKING.csv: 3
2025-10-04T20:17:37, Done loop ...
2025-10-04T20:17:37, ... powering down.
2025-10-04T20:34:17, Setup Complete
2025-10-04T20:34:19, Data: 2025-10-04T20:34:17,3.80,25631,4449.00,4987.00,4527.00,5.09,72.04,4.22,894.53
2025-10-04T20:34:19, Add row to /TRACKING.csv
2025-10-04T20:34:19, Number of rows in /TRACKING.csv: 4
2025-10-04T20:34:22, Number of rows in /TRACKING.csv is >= 4
2025-10-04T20:34:23, Remove tracking
2025-10-04T20:34:23, Write to /TRANSMIT.csv: 2025-10-04T20:34:17,3.80,4449.00,5.1,72
2025-10-04T20:34:23, Number of rows in /TRANSMIT.csv: 7
2025-10-04T20:34:23, Current hour = 20, Transmission hour = 1
2025-10-04T20:34:23, 0414084449+09460:065+08373:457+09469:447+07469:448+05174:050+05170:445+05172
2025-10-04T20:34:25,  - attempt to send message: 0414084449+09460:065+08373:457+09469:447+07469:448+05174:050+05170:445+05172
2025-10-04T20:34:26,  - Modem begin successful
2025-10-04T20:34:26,  - Sending...
2025-10-04T20:34:56, Send response: 
2025-10-04T20:34:56,  - Retry...
2025-10-04T20:34:56,    - Sending...
2025-10-04T20:34:56,    - Send response: 10
2025-10-04T20:35:26,  Sync clocks... 
2025-10-04T20:35:26,  - Clock was not synced
2025-10-04T20:35:26, Transmission failed. Error = 10
2025-10-04T20:35:26, Done loop ...
2025-10-04T20:35:26, ... powering down.
2025-10-04T20:51:02, Setup Complete
2025-10-04T20:51:05, Data: 2025-10-04T20:51:02,3.59,25631,497.00,4662.00,4476.00,5.25,70.52,4.19,894.52
2025-10-04T20:51:05, Add row to /TRACKING.csv
2025-10-04T20:51:05, Number of rows in /TRACKING.csv: 1
2025-10-04T20:51:07, Done loop ...
2025-10-04T20:51:07, ... powering down.
2025-10-04T21:07:48, Setup Complete
2025-10-04T21:07:50, Data: 2025-10-04T21:07:48,3.66,25631,4548.00,4987.00,4597.50,5.60,69.15,4.52,894.48
2025-10-04T21:07:50, Add row to /TRACKING.csv
2025-10-04T21:07:50, Number of rows in /TRACKING.csv: 2
2025-10-04T21:07:53, Done loop ...
2025-10-04T21:07:53, ... powering down.
2025-10-04T21:24:34, Setup Complete
2025-10-04T21:24:36, Data: 2025-10-04T21:24:34,3.83,25631,651.00,4984.00,4542.00,5.08,70.81,4.32,894.42
2025-10-04T21:24:36, Add row to /TRACKING.csv
2025-10-04T21:24:36, Number of rows in /TRACKING.csv: 3
2025-10-04T21:24:39, Done loop ...
2025-10-04T21:24:39, ... powering down.
2025-10-04T21:41:19, Setup Complete
2025-10-04T21:41:22, Data: 2025-10-04T21:41:19,3.58,25631,4432.00,4988.00,4586.50,5.16,70.75,4.43,894.39
2025-10-04T21:41:22, Add row to /TRACKING.csv
2025-10-04T21:41:22, Number of rows in /TRACKING.csv: 4
2025-10-04T21:41:25, Number of rows in /TRACKING.csv is >= 4
2025-10-04T21:41:25, Remove tracking
2025-10-04T21:41:25, Write to /TRANSMIT.csv: 2025-10-04T21:41:19,3.58,4432.00,5.2,71
2025-10-04T21:41:25, Number of rows in /TRANSMIT.csv: 8
2025-10-04T21:41:25, Current hour = 21, Transmission hour = 1
2025-10-04T21:41:25, 0414082449+09460:065+08373:457+09469:447+07469:448+05174:050+05170:445+05172:443+05271
2025-10-04T21:41:28,  - attempt to send message: 0414082449+09460:065+08373:457+09469:447+07469:448+05174:050+05170:445+05172:443+05271
2025-10-04T21:41:28,  - Modem begin successful
2025-10-04T21:41:28,  - Sending...
2025-10-04T21:41:58, Send response: 
2025-10-04T21:41:58,  - Retry...
2025-10-04T21:41:59,    - Sending...
2025-10-04T21:41:59,    - Send response: 10
2025-10-04T21:42:29,  Sync clocks... 
2025-10-04T21:42:29,  - Clock was not synced
2025-10-04T21:42:29, Transmission failed. Error = 10
2025-10-04T21:42:29, Done loop ...
2025-10-04T21:42:29, ... powering down.
2025-10-04T21:58:05, Setup Complete
2025-10-04T21:58:07, Data: 2025-10-04T21:58:05,3.65,25631,4524.00,4640.00,4608.00,5.18,70.28,4.57,894.45
2025-10-04T21:58:07, Add row to /TRACKING.csv
2025-10-04T21:58:07, Number of rows in /TRACKING.csv: 1
2025-10-04T21:58:10, Done loop ...
2025-10-04T21:58:10, ... powering down.
2025-10-04T22:14:51, Setup Complete
2025-10-04T22:14:53, Data: 2025-10-04T22:14:51,3.66,25631,4533.00,4985.00,4627.50,5.35,71.38,4.70,894.06
2025-10-04T22:14:53, Add row to /TRACKING.csv
2025-10-04T22:14:53, Number of rows in /TRACKING.csv: 2
2025-10-04T22:14:56, Done loop ...
2025-10-04T22:14:56, ... powering down.
2025-10-04T22:31:36, Setup Complete
2025-10-04T22:31:39, Data: 2025-10-04T22:31:36,3.58,25631,4506.00,4987.00,4602.50,5.40,70.94,4.78,894.37
2025-10-04T22:31:39, Add row to /TRACKING.csv
2025-10-04T22:31:39, Number of rows in /TRACKING.csv: 3
2025-10-04T22:31:42, Done loop ...
2025-10-04T22:31:42, ... powering down.
2025-10-04T22:48:22, Setup Complete
2025-10-04T22:48:24, Data: 2025-10-04T22:48:22,3.78,25631,4494.00,4652.00,4621.50,5.40,69.61,4.75,894.25
2025-10-04T22:48:24, Add row to /TRACKING.csv
2025-10-04T22:48:25, Number of rows in /TRACKING.csv: 4
2025-10-04T22:48:28, Number of rows in /TRACKING.csv is >= 4
2025-10-04T22:48:28, Remove tracking
2025-10-04T22:48:28, Write to /TRANSMIT.csv: 2025-10-04T22:48:22,3.78,4494.00,5.4,70
2025-10-04T22:48:28, Number of rows in /TRANSMIT.csv: 9
2025-10-04T22:48:28, Current hour = 22, Transmission hour = 1
2025-10-04T22:48:28, 0414084449+09460:065+08373:457+09469:447+07469:448+05174:050+05170:445+05172:443+05271:449+05470
2025-10-04T22:48:30,  - attempt to send message: 0414084449+09460:065+08373:457+09469:447+07469:448+05174:050+05170:445+05172:443+05271:449+05470
2025-10-04T22:49:31,  - Modem begin successful
2025-10-04T22:49:31,  - Sending...
2025-10-04T22:50:01, Send response: 
2025-10-04T22:50:01,  - Retry...
2025-10-04T22:50:01,    - Sending...
2025-10-04T22:50:01,    - Send response: 10
2025-10-04T22:50:31,  Sync clocks... 
2025-10-04T22:50:31,  - Clock was not synced
2025-10-04T22:50:32, Transmission failed. Error = 10
2025-10-04T22:50:32, Done loop ...
2025-10-04T22:50:32, ... powering down.
2025-10-04T23:05:08, Setup Complete
2025-10-04T23:05:10, Data: 2025-10-04T23:05:08,3.57,25631,4491.00,4772.00,4551.00,5.23,70.04,4.70,894.22
2025-10-04T23:05:10, Add row to /TRACKING.csv
2025-10-04T23:05:10, Number of rows in /TRACKING.csv: 1
2025-10-04T23:05:13, Done loop ...
2025-10-04T23:05:13, ... powering down.
2025-10-04T23:21:54, Setup Complete
2025-10-04T23:21:56, Data: 2025-10-04T23:21:54,3.58,25631,4499.00,4984.00,4593.50,5.28,72.06,4.74,894.07
2025-10-04T23:21:56, Add row to /TRACKING.csv
2025-10-04T23:21:56, Number of rows in /TRACKING.csv: 2
2025-10-04T23:21:59, Done loop ...
2025-10-04T23:21:59, ... powering down.
2025-10-04T23:22:03, Setup Complete
2025-10-04T23:22:05, Data: 2025-10-04T23:22:03,3.62,25631,4420.00,4498.00,4483.50,5.23,72.07,4.74,894.06
2025-10-04T23:22:05, Add row to /TRACKING.csv
2025-10-04T23:22:06, Number of rows in /TRACKING.csv: 3
2025-10-04T23:22:08, Done loop ...
2025-10-04T23:22:09, ... powering down.
2025-10-04T23:38:52, Setup Complete
2025-10-04T23:38:54, Data: 2025-10-04T23:38:52,3.66,25631,4517.00,4987.00,4600.00,4.74,74.07,4.55,893.94
2025-10-04T23:38:54, Add row to /TRACKING.csv
2025-10-04T23:38:54, Number of rows in /TRACKING.csv: 4
2025-10-04T23:38:57, Number of rows in /TRACKING.csv is >= 4
2025-10-04T23:38:57, Remove tracking
2025-10-04T23:38:57, Write to /TRANSMIT.csv: 2025-10-04T23:38:52,3.66,4517.00,4.7,74
2025-10-04T23:38:57, Number of rows in /TRANSMIT.csv: 10
2025-10-04T23:38:57, Current hour = 23, Transmission hour = 1
2025-10-04T23:38:58, 0414083449+09460:065+08373:457+09469:447+07469:448+05174:050+05170:445+05172:443+05271:449+05470:452+04774
2025-10-04T23:39:00,  - attempt to send message: 0414083449+09460:065+08373:457+09469:447+07469:448+05174:050+05170:445+05172:443+05271:449+05470:452+04774
2025-10-04T23:42:30,  - Modem begin unsuccessful
2025-10-04T23:42:30, Transmission failed. Error = 3
2025-10-04T23:42:30, n_transmit >= 10, too much to transmit, delete /TRANSMIT.csv
2025-10-04T23:42:30, Done loop ...
2025-10-04T23:42:30, ... powering down.
2025-10-04T23:55:39, Setup Complete
2025-10-04T23:55:41, Data: 2025-10-04T23:55:39,3.57,25631,4474.00,4771.00,4597.00,5.18,71.01,4.56,894.03
2025-10-04T23:55:42, Add row to /TRACKING.csv
2025-10-04T23:55:42, Number of rows in /TRACKING.csv: 1
2025-10-04T23:55:44, Done loop ...
2025-10-04T23:55:44, ... powering down.
2025-10-05T00:12:28, Setup Complete
2025-10-05T00:12:30, Data: 2025-10-05T00:12:28,3.56,25631,4476.00,4743.00,4560.00,5.28,71.32,4.69,894.20
2025-10-05T00:12:30, Add row to /TRACKING.csv
2025-10-05T00:12:30, Number of rows in /TRACKING.csv: 2
2025-10-05T00:12:33, Done loop ...
2025-10-05T00:12:33, ... powering down.
2025-10-05T00:29:16, Setup Complete
2025-10-05T00:29:18, Data: 2025-10-05T00:29:16,3.60,25631,4476.00,4620.00,4596.50,4.74,71.82,4.44,894.15
2025-10-05T00:29:18, Add row to /TRACKING.csv
2025-10-05T00:29:18, Number of rows in /TRACKING.csv: 3
2025-10-05T00:29:21, Done loop ...
2025-10-05T00:29:21, ... powering down.
2025-10-05T00:46:04, Setup Complete
2025-10-05T00:46:06, Data: 2025-10-05T00:46:04,3.58,25631,4506.00,4985.00,4534.50,5.19,71.49,4.57,894.11
2025-10-05T00:46:06, Add row to /TRACKING.csv
2025-10-05T00:46:07, Number of rows in /TRACKING.csv: 4
2025-10-05T00:46:10, Number of rows in /TRACKING.csv is >= 4
2025-10-05T00:46:10, Remove tracking
2025-10-05T00:46:10, Write to /TRANSMIT.csv: 2025-10-05T00:46:04,3.58,4506.00,5.2,71
2025-10-05T00:46:10, Number of rows in /TRANSMIT.csv: 1
2025-10-05T00:46:10, Current hour = 0, Transmission hour = 1
2025-10-05T00:46:10, Current hour = 0, Transmission hour = 6
2025-10-05T00:46:10, Current hour = 0, Transmission hour = 8
2025-10-05T00:46:10, Current hour = 0, Transmission hour = 9
2025-10-05T00:46:10, Current hour = 0, Transmission hour = 10
2025-10-05T00:46:10, Current hour = 0, Transmission hour = 15
2025-10-05T00:46:10, Current hour = 0, Transmission hour = 20
2025-10-05T00:46:11, Current hour = 0, Transmission hour = 22
2025-10-05T00:46:11, Done loop ...
2025-10-05T00:46:11, ... powering down.
2025-10-05T01:02:53, Setup Complete
2025-10-05T01:02:55, Data: 2025-10-05T01:02:53,3.54,25631,4502.00,4986.00,4589.50,4.95,71.98,4.41,894.03
2025-10-05T01:02:55, Add row to /TRACKING.csv
2025-10-05T01:02:55, Number of rows in /TRACKING.csv: 1
2025-10-05T01:02:57, Done loop ...
2025-10-05T01:02:57, ... powering down.
2025-10-05T01:03:02, Setup Complete
2025-10-05T01:03:04, Data: 2025-10-05T01:03:02,3.62,25631,4468.00,4596.00,4529.50,4.98,71.97,4.41,894.05
2025-10-05T01:03:04, Add row to /TRACKING.csv
2025-10-05T01:03:04, Number of rows in /TRACKING.csv: 2
2025-10-05T01:03:07, Done loop ...
2025-10-05T01:03:07, ... powering down.
2025-10-05T01:19:48, Setup Complete
2025-10-05T01:19:50, Data: 2025-10-05T01:19:48,3.53,25631,4455.00,4617.00,4550.00,4.80,72.47,4.14,893.89
2025-10-05T01:19:50, Add row to /TRACKING.csv
2025-10-05T01:19:50, Number of rows in /TRACKING.csv: 3
2025-10-05T01:19:53, Done loop ...
2025-10-05T01:19:53, ... powering down.
2025-10-05T01:36:33, Setup Complete
2025-10-05T01:36:36, Data: 2025-10-05T01:36:33,3.55,25631,4443.00,4662.00,4517.50,4.95,71.73,4.17,893.84
2025-10-05T01:36:36, Add row to /TRACKING.csv
2025-10-05T01:36:36, Number of rows in /TRACKING.csv: 4
2025-10-05T01:36:39, Number of rows in /TRACKING.csv is >= 4
2025-10-05T01:36:39, Remove tracking
2025-10-05T01:36:39, Write to /TRANSMIT.csv: 2025-10-05T01:36:33,3.55,4443.00,4.9,72
2025-10-05T01:36:39, Number of rows in /TRANSMIT.csv: 2
2025-10-05T01:36:39, Current hour = 1, Transmission hour = 1
2025-10-05T01:36:39, 0500462451+05271:444+04972
2025-10-05T01:36:42,  - attempt to send message: 0500462451+05271:444+04972
2025-10-05T01:37:12,  - Modem begin successful
2025-10-05T01:37:12,  - Sending...
2025-10-05T01:37:42, Send response: 
2025-10-05T01:37:42,  - Retry...
2025-10-05T01:37:42,    - Sending...
2025-10-05T01:37:42,    - Send response: 10
2025-10-05T01:38:13,  Sync clocks... 
2025-10-05T01:38:13,  - Clock was not synced
2025-10-05T01:38:13, Transmission failed. Error = 10
2025-10-05T01:38:13, Done loop ...
2025-10-05T01:38:13, ... powering down.
2025-10-05T01:53:19, Setup Complete
2025-10-05T01:53:21, Data: 2025-10-05T01:53:19,3.55,25631,4521.00,4624.00,4591.00,5.02,70.13,4.32,893.74
2025-10-05T01:53:21, Add row to /TRACKING.csv
2025-10-05T01:53:21, Number of rows in /TRACKING.csv: 1
2025-10-05T01:53:24, Done loop ...
2025-10-05T01:53:24, ... powering down.
2025-10-05T01:53:28, Setup Complete
2025-10-05T01:53:31, Data: 2025-10-05T01:53:28,3.62,25631,4401.00,4550.00,4438.00,5.04,70.04,4.33,893.71
2025-10-05T01:53:31, Add row to /TRACKING.csv
2025-10-05T01:53:31, Number of rows in /TRACKING.csv: 2
2025-10-05T01:53:33, Done loop ...
2025-10-05T01:53:33, ... powering down.
2025-10-05T02:10:14, Setup Complete
2025-10-05T02:10:16, Data: 2025-10-05T02:10:14,3.60,25631,4010.00,4985.00,4630.00,5.56,67.36,4.72,893.54
2025-10-05T02:10:16, Add row to /TRACKING.csv
2025-10-05T02:10:17, Number of rows in /TRACKING.csv: 3
2025-10-05T02:10:20, Done loop ...
2025-10-05T02:10:20, ... powering down.
2025-10-05T02:27:00, Setup Complete
2025-10-05T02:27:02, Data: 2025-10-05T02:27:00,3.56,25631,4507.00,4986.00,4618.50,5.28,68.64,4.66,893.15
2025-10-05T02:27:02, Add row to /TRACKING.csv
2025-10-05T02:27:02, Number of rows in /TRACKING.csv: 4
2025-10-05T02:27:06, Number of rows in /TRACKING.csv is >= 4
2025-10-05T02:27:06, Remove tracking
2025-10-05T02:27:06, Write to /TRANSMIT.csv: 2025-10-05T02:27:00,3.56,4507.00,5.3,69
2025-10-05T02:27:06, Number of rows in /TRANSMIT.csv: 3
2025-10-05T02:27:06, Current hour = 2, Transmission hour = 1
2025-10-05T02:27:06, Current hour = 2, Transmission hour = 6
2025-10-05T02:27:06, Current hour = 2, Transmission hour = 8
2025-10-05T02:27:06, Current hour = 2, Transmission hour = 9
2025-10-05T02:27:06, Current hour = 2, Transmission hour = 10
2025-10-05T02:27:06, Current hour = 2, Transmission hour = 15
2025-10-05T02:27:06, Current hour = 2, Transmission hour = 20
2025-10-05T02:27:06, Current hour = 2, Transmission hour = 22
2025-10-05T02:27:06, Done loop ...
2025-10-05T02:27:06, ... powering down.
2025-10-05T02:27:11, Setup Complete
2025-10-05T02:27:13, Data: 2025-10-05T02:27:11,3.64,25631,4443.00,4575.00,4455.50,5.26,68.52,4.66,893.15
2025-10-05T02:27:13, Add row to /TRACKING.csv
2025-10-05T02:27:13, Number of rows in /TRACKING.csv: 1
2025-10-05T02:27:16, Done loop ...
2025-10-05T02:27:16, ... powering down.
2025-10-05T02:43:59, Setup Complete
2025-10-05T02:44:02, Data: 2025-10-05T02:43:59,3.61,25631,4508.00,4986.00,4598.00,5.64,57.84,4.72,893.23
2025-10-05T02:44:02, Add row to /TRACKING.csv
2025-10-05T02:44:02, Number of rows in /TRACKING.csv: 2
2025-10-05T02:44:04, Done loop ...
2025-10-05T02:44:04, ... powering down.
2025-10-05T03:00:48, Setup Complete
2025-10-05T03:00:50, Data: 2025-10-05T03:00:48,3.54,25631,4521.00,4657.00,4614.00,5.94,62.62,5.08,893.30
2025-10-05T03:00:50, Add row to /TRACKING.csv
2025-10-05T03:00:50, Number of rows in /TRACKING.csv: 3
2025-10-05T03:00:53, Done loop ...
2025-10-05T03:00:53, ... powering down.
2025-10-05T03:00:58, Setup Complete
2025-10-05T03:01:00, Data: 2025-10-05T03:00:58,3.62,25631,4425.00,4573.00,4475.00,5.94,62.55,5.08,893.30
2025-10-05T03:01:00, Add row to /TRACKING.csv
2025-10-05T03:01:00, Number of rows in /TRACKING.csv: 4
2025-10-05T03:01:03, Number of rows in /TRACKING.csv is >= 4
2025-10-05T03:01:03, Remove tracking
2025-10-05T03:01:03, Write to /TRANSMIT.csv: 2025-10-05T03:00:58,3.62,4425.00,5.9,63
2025-10-05T03:01:04, Number of rows in /TRANSMIT.csv: 4
2025-10-05T03:01:04, Current hour = 3, Transmission hour = 1
2025-10-05T03:01:04, Current hour = 3, Transmission hour = 6
2025-10-05T03:01:04, Current hour = 3, Transmission hour = 8
2025-10-05T03:01:04, Current hour = 3, Transmission hour = 9
2025-10-05T03:01:04, Current hour = 3, Transmission hour = 10
2025-10-05T03:01:04, Current hour = 3, Transmission hour = 15
2025-10-05T03:01:04, Current hour = 3, Transmission hour = 20
2025-10-05T03:01:04, Current hour = 3, Transmission hour = 22
2025-10-05T03:01:04, Done loop ...
2025-10-05T03:01:04, ... powering down.
2025-10-05T03:17:43, Setup Complete
2025-10-05T03:17:46, Data: 2025-10-05T03:17:44,3.63,25631,4450.00,4986.00,4595.00,5.81,63.40,5.12,893.07
2025-10-05T03:17:46, Add row to /TRACKING.csv
2025-10-05T03:17:46, Number of rows in /TRACKING.csv: 1
2025-10-05T03:17:48, Done loop ...
2025-10-05T03:17:48, ... powering down.
2025-10-05T03:34:29, Setup Complete
2025-10-05T03:34:31, Data: 2025-10-05T03:34:29,3.60,25631,4533.00,4647.00,4586.50,5.47,66.86,5.02,892.99
2025-10-05T03:34:31, Add row to /TRACKING.csv
2025-10-05T03:34:32, Number of rows in /TRACKING.csv: 2
2025-10-05T03:34:34, Done loop ...
2025-10-05T03:34:34, ... powering down.
2025-10-05T03:51:15, Setup Complete
2025-10-05T03:51:17, Data: 2025-10-05T03:51:15,3.54,25631,4434.00,4642.00,4537.00,5.84,59.15,5.03,892.99
2025-10-05T03:51:17, Add row to /TRACKING.csv
2025-10-05T03:51:17, Number of rows in /TRACKING.csv: 3
2025-10-05T03:51:20, Done loop ...
2025-10-05T03:51:20, ... powering down.
2025-10-05T04:08:01, Setup Complete
2025-10-05T04:08:03, Data: 2025-10-05T04:08:01,3.60,25631,4440.00,4780.00,4618.50,5.93,58.09,5.16,892.76
2025-10-05T04:08:03, Add row to /TRACKING.csv
2025-10-05T04:08:03, Number of rows in /TRACKING.csv: 4
2025-10-05T04:08:06, Number of rows in /TRACKING.csv is >= 4
2025-10-05T04:08:06, Remove tracking
2025-10-05T04:08:06, Write to /TRANSMIT.csv: 2025-10-05T04:08:01,3.60,4440.00,5.9,58
2025-10-05T04:08:07, Number of rows in /TRANSMIT.csv: 5
2025-10-05T04:08:07, Current hour = 4, Transmission hour = 1
2025-10-05T04:08:07, 0500462451+05271:444+04972:451+05369:443+05963:444+05958
2025-10-05T04:08:09,  - attempt to send message: 0500462451+05271:444+04972:451+05369:443+05963:444+05958
2025-10-05T04:10:09,  - Modem begin unsuccessful
2025-10-05T04:10:09, Transmission failed. Error = 3
2025-10-05T04:10:09, Done loop ...
2025-10-05T04:10:09, ... powering down.
2025-10-05T04:24:46, Setup Complete
2025-10-05T04:24:48, Data: 2025-10-05T04:24:46,3.78,25631,4491.00,4988.00,4611.00,6.39,56.38,5.32,892.77
2025-10-05T04:24:48, Add row to /TRACKING.csv
2025-10-05T04:24:49, Number of rows in /TRACKING.csv: 1
2025-10-05T04:24:51, Done loop ...
2025-10-05T04:24:51, ... powering down.
2025-10-05T04:41:32, Setup Complete
2025-10-05T04:41:34, Data: 2025-10-05T04:41:32,3.57,25631,4517.00,4986.00,4581.50,6.49,58.20,5.65,892.74
2025-10-05T04:41:34, Add row to /TRACKING.csv
2025-10-05T04:41:34, Number of rows in /TRACKING.csv: 2
2025-10-05T04:41:37, Done loop ...
2025-10-05T04:41:37, ... powering down.
2025-10-05T04:58:18, Setup Complete
2025-10-05T04:58:20, Data: 2025-10-05T04:58:18,3.60,25631,4491.00,4985.00,4586.50,7.38,51.02,6.30,892.61
2025-10-05T04:58:20, Add row to /TRACKING.csv
2025-10-05T04:58:20, Number of rows in /TRACKING.csv: 3
2025-10-05T04:58:23, Done loop ...
2025-10-05T04:58:23, ... powering down.
2025-10-05T05:15:04, Setup Complete
2025-10-05T05:15:06, Data: 2025-10-05T05:15:04,3.62,25631,4492.00,4621.00,4545.00,7.47,52.99,6.50,892.68
2025-10-05T05:15:06, Add row to /TRACKING.csv
2025-10-05T05:15:06, Number of rows in /TRACKING.csv: 4
2025-10-05T05:15:09, Number of rows in /TRACKING.csv is >= 4
2025-10-05T05:15:09, Remove tracking
2025-10-05T05:15:09, Write to /TRANSMIT.csv: 2025-10-05T05:15:04,3.62,4492.00,7.5,53
2025-10-05T05:15:09, Number of rows in /TRANSMIT.csv: 6
2025-10-05T05:15:10, Current hour = 5, Transmission hour = 1
2025-10-05T05:15:10, 0500463451+05271:444+04972:451+05369:443+05963:444+05958:449+07553
2025-10-05T05:15:12,  - attempt to send message: 0500463451+05271:444+04972:451+05369:443+05963:444+05958:449+07553
2025-10-05T05:17:42,  - Modem begin successful
2025-10-05T05:17:42,  - Sending...
2025-10-05T05:18:12, Send response: 
2025-10-05T05:18:12,  - Retry...
2025-10-05T05:18:12,    - Sending...
2025-10-05T05:18:13,    - Send response: 10
2025-10-05T05:18:43,  Sync clocks... 
2025-10-05T05:18:43,  - Clock was not synced
2025-10-05T05:18:43, Transmission failed. Error = 10
2025-10-05T05:18:43, Done loop ...
2025-10-05T05:18:43, ... powering down.
2025-10-05T05:31:49, Setup Complete
2025-10-05T05:31:51, Data: 2025-10-05T05:31:49,3.57,25631,4489.00,4793.00,4558.50,8.39,51.69,7.11,892.58
2025-10-05T05:31:51, Add row to /TRACKING.csv
2025-10-05T05:31:51, Number of rows in /TRACKING.csv: 1
2025-10-05T05:31:54, Done loop ...
2025-10-05T05:31:54, ... powering down.
2025-10-05T05:31:58, Setup Complete
2025-10-05T05:32:00, Data: 2025-10-05T05:31:58,3.63,25631,4437.00,4488.00,4470.00,8.36,51.26,7.11,892.63
2025-10-05T05:32:00, Add row to /TRACKING.csv
2025-10-05T05:32:01, Number of rows in /TRACKING.csv: 2
2025-10-05T05:32:03, Done loop ...
2025-10-05T05:32:03, ... powering down.
2025-10-05T05:48:44, Setup Complete
2025-10-05T05:48:46, Data: 2025-10-05T05:48:44,3.65,25631,4497.00,4697.00,4543.00,7.39,56.69,7.06,892.54
2025-10-05T05:48:46, Add row to /TRACKING.csv
2025-10-05T05:48:47, Number of rows in /TRACKING.csv: 3
2025-10-05T05:48:49, Done loop ...
2025-10-05T05:48:50, ... powering down.
2025-10-05T05:48:54, Setup Complete
2025-10-05T05:48:56, Data: 2025-10-05T05:48:54,3.62,25631,4489.00,4510.00,4499.00,7.36,56.10,7.06,892.54
2025-10-05T05:48:56, Add row to /TRACKING.csv
2025-10-05T05:48:57, Number of rows in /TRACKING.csv: 4
2025-10-05T05:49:00, Number of rows in /TRACKING.csv is >= 4
2025-10-05T05:49:00, Remove tracking
2025-10-05T05:49:00, Write to /TRANSMIT.csv: 2025-10-05T05:48:54,3.62,4489.00,7.4,56
2025-10-05T05:49:00, Number of rows in /TRANSMIT.csv: 7
2025-10-05T05:49:00, Current hour = 5, Transmission hour = 1
2025-10-05T05:49:00, 0500463451+05271:444+04972:451+05369:443+05963:444+05958:449+07553:449+07456
2025-10-05T05:49:02,  - attempt to send message: 0500463451+05271:444+04972:451+05369:443+05963:444+05958:449+07553:449+07456
2025-10-05T05:52:33,  - Modem begin successful
2025-10-05T05:52:33,  - Sending...
2025-10-05T05:53:13, Send response: 
2025-10-05T05:53:13,  - Retry...
2025-10-05T05:53:13,    - Sending...
2025-10-05T05:53:13,    - Send response: 10
2025-10-05T05:53:43,  Sync clocks... 
2025-10-05T05:53:43,  - Clock was not synced
2025-10-05T05:53:43, Transmission failed. Error = 10
2025-10-05T05:53:43, Done loop ...
2025-10-05T05:53:44, ... powering down.
2025-10-05T06:05:39, Setup Complete
2025-10-05T06:05:42, Data: 2025-10-05T06:05:39,3.56,25631,4509.00,4987.00,4620.00,6.04,62.43,6.38,892.41
2025-10-05T06:05:42, Add row to /TRACKING.csv
2025-10-05T06:05:42, Number of rows in /TRACKING.csv: 1
2025-10-05T06:05:44, Done loop ...
2025-10-05T06:05:44, ... powering down.
2025-10-05T06:22:25, Setup Complete
2025-10-05T06:22:27, Data: 2025-10-05T06:22:25,3.54,25631,4515.00,4985.00,4602.00,7.29,58.73,6.22,892.59
2025-10-05T06:22:27, Add row to /TRACKING.csv
2025-10-05T06:22:28, Number of rows in /TRACKING.csv: 2
2025-10-05T06:22:30, Done loop ...
2025-10-05T06:22:30, ... powering down.
2025-10-05T06:39:11, Setup Complete
2025-10-05T06:39:13, Data: 2025-10-05T06:39:11,3.56,25631,4524.00,4985.00,4594.00,7.87,58.26,6.86,892.59
2025-10-05T06:39:13, Add row to /TRACKING.csv
2025-10-05T06:39:13, Number of rows in /TRACKING.csv: 3
2025-10-05T06:39:16, Done loop ...
2025-10-05T06:39:16, ... powering down.
2025-10-05T06:55:57, Setup Complete
2025-10-05T06:55:59, Data: 2025-10-05T06:55:57,3.63,25631,4509.00,4664.00,4550.00,7.80,59.02,7.07,892.56
2025-10-05T06:55:59, Add row to /TRACKING.csv
2025-10-05T06:55:59, Number of rows in /TRACKING.csv: 4
2025-10-05T06:56:03, Number of rows in /TRACKING.csv is >= 4
2025-10-05T06:56:03, Remove tracking
2025-10-05T06:56:03, Write to /TRANSMIT.csv: 2025-10-05T06:55:57,3.63,4509.00,7.8,59
2025-10-05T06:56:03, Number of rows in /TRANSMIT.csv: 8
2025-10-05T06:56:03, Current hour = 6, Transmission hour = 1
2025-10-05T06:56:03, 0500463451+05271:444+04972:451+05369:443+05963:444+05958:449+07553:449+07456:451+07859
2025-10-05T06:56:05,  - attempt to send message: 0500463451+05271:444+04972:451+05369:443+05963:444+05958:449+07553:449+07456:451+07859
2025-10-05T06:57:06,  - Modem begin successful
2025-10-05T06:57:06,  - Sending...
2025-10-05T06:57:36, Send response: 
2025-10-05T06:57:36,  - Retry...
2025-10-05T06:57:36,    - Sending...
2025-10-05T06:57:36,    - Send response: 10
2025-10-05T06:58:06,  Sync clocks... 
2025-10-05T06:58:06,  - Clock was not synced
2025-10-05T06:58:06, Transmission failed. Error = 10
2025-10-05T06:58:06, Done loop ...
2025-10-05T06:58:06, ... powering down.
2025-10-05T07:12:43, Setup Complete
2025-10-05T07:12:45, Data: 2025-10-05T07:12:43,3.54,25631,4530.00,4986.00,4587.50,7.70,57.59,7.22,892.43
2025-10-05T07:12:45, Add row to /TRACKING.csv
2025-10-05T07:12:45, Number of rows in /TRACKING.csv: 1
2025-10-05T07:12:47, Done loop ...
2025-10-05T07:12:47, ... powering down.
2025-10-05T07:29:29, Setup Complete
2025-10-05T07:29:31, Data: 2025-10-05T07:29:29,3.55,25631,4561.00,4803.00,4596.00,7.45,59.82,7.18,892.45
2025-10-05T07:29:31, Add row to /TRACKING.csv
2025-10-05T07:29:31, Number of rows in /TRACKING.csv: 2
2025-10-05T07:29:34, Done loop ...
2025-10-05T07:29:34, ... powering down.
2025-10-05T07:46:15, Setup Complete
2025-10-05T07:46:17, Data: 2025-10-05T07:46:15,3.53,25631,4533.00,4986.00,4610.00,7.32,60.74,7.12,892.52
2025-10-05T07:46:17, Add row to /TRACKING.csv
2025-10-05T07:46:17, Number of rows in /TRACKING.csv: 3
2025-10-05T07:46:20, Done loop ...
2025-10-05T07:46:20, ... powering down.
2025-10-05T08:03:01, Setup Complete
2025-10-05T08:03:03, Data: 2025-10-05T08:03:01,3.62,25631,4558.00,4987.00,4621.50,7.30,60.90,7.13,892.58
2025-10-05T08:03:03, Add row to /TRACKING.csv
2025-10-05T08:03:03, Number of rows in /TRACKING.csv: 4
2025-10-05T08:03:06, Number of rows in /TRACKING.csv is >= 4
2025-10-05T08:03:07, Remove tracking
2025-10-05T08:03:07, Write to /TRANSMIT.csv: 2025-10-05T08:03:01,3.62,4558.00,7.3,61
2025-10-05T08:03:07, Number of rows in /TRANSMIT.csv: 9
2025-10-05T08:03:07, Current hour = 8, Transmission hour = 1
2025-10-05T08:03:07, 0500463451+05271:444+04972:451+05369:443+05963:444+05958:449+07553:449+07456:451+07859:456+07361
2025-10-05T08:03:09,  - attempt to send message: 0500463451+05271:444+04972:451+05369:443+05963:444+05958:449+07553:449+07456:451+07859:456+07361
2025-10-05T08:04:10,  - Modem begin successful
2025-10-05T08:04:10,  - Sending...
2025-10-05T08:04:40, Send response: 
2025-10-05T08:04:40,  - Retry...
2025-10-05T08:04:40,    - Sending...
2025-10-05T08:04:40,    - Send response: 10
2025-10-05T08:05:10,  Sync clocks... 
2025-10-05T08:05:10,  - Clock was not synced
2025-10-05T08:05:10, Transmission failed. Error = 10
2025-10-05T08:05:10, Done loop ...
2025-10-05T08:05:10, ... powering down.
2025-10-05T08:19:47, Setup Complete
2025-10-05T08:19:49, Data: 2025-10-05T08:19:47,3.57,25631,4486.00,4985.00,4589.00,7.29,60.54,7.21,892.52
2025-10-05T08:19:49, Add row to /TRACKING.csv
2025-10-05T08:19:49, Number of rows in /TRACKING.csv: 1
2025-10-05T08:19:51, Done loop ...
2025-10-05T08:19:52, ... powering down.
2025-10-05T08:36:33, Setup Complete
2025-10-05T08:36:35, Data: 2025-10-05T08:36:33,3.67,25631,4542.00,4799.00,4582.00,7.29,63.42,7.20,892.66
2025-10-05T08:36:35, Add row to /TRACKING.csv
2025-10-05T08:36:35, Number of rows in /TRACKING.csv: 2
2025-10-05T08:36:38, Done loop ...
2025-10-05T08:36:38, ... powering down.
2025-10-05T08:53:19, Setup Complete
2025-10-05T08:53:21, Data: 2025-10-05T08:53:19,3.56,25631,4521.00,4661.00,4589.00,7.39,63.71,7.41,892.66
2025-10-05T08:53:21, Add row to /TRACKING.csv
2025-10-05T08:53:21, Number of rows in /TRACKING.csv: 3
2025-10-05T08:53:24, Done loop ...
2025-10-05T08:53:24, ... powering down.
2025-10-05T08:53:29, Setup Complete
2025-10-05T08:53:31, Data: 2025-10-05T08:53:29,3.60,25631,4482.00,4516.00,4499.50,7.39,63.85,7.41,892.68
2025-10-05T08:53:31, Add row to /TRACKING.csv
2025-10-05T08:53:31, Number of rows in /TRACKING.csv: 4
2025-10-05T08:53:35, Number of rows in /TRACKING.csv is >= 4
2025-10-05T08:53:35, Remove tracking
2025-10-05T08:53:35, Write to /TRANSMIT.csv: 2025-10-05T08:53:29,3.60,4482.00,7.4,64
2025-10-05T08:53:35, Number of rows in /TRANSMIT.csv: 10
2025-10-05T08:53:35, Current hour = 8, Transmission hour = 1
2025-10-05T08:53:35, 0500462451+05271:444+04972:451+05369:443+05963:444+05958:449+07553:449+07456:451+07859:456+07361:448+07464
2025-10-05T08:53:37,  - attempt to send message: 0500462451+05271:444+04972:451+05369:443+05963:444+05958:449+07553:449+07456:451+07859:456+07361:448+07464
2025-10-05T08:54:08,  - Modem begin successful
2025-10-05T08:54:08,  - Sending...
2025-10-05T08:54:38, Send response: 
2025-10-05T08:54:38,  - Retry...
2025-10-05T08:54:38,    - Sending...
2025-10-05T08:54:38,    - Send response: 10
2025-10-05T08:55:08,  Sync clocks... 
2025-10-05T08:55:08,  - Clock was not synced
2025-10-05T08:55:08, Transmission failed. Error = 10
2025-10-05T08:55:08, n_transmit >= 10, too much to transmit, delete /TRANSMIT.csv
2025-10-05T08:55:08, Done loop ...
2025-10-05T08:55:09, ... powering down.
2025-10-05T09:10:15, Setup Complete
2025-10-05T09:10:17, Data: 2025-10-05T09:10:15,3.69,25631,4540.00,4985.00,4593.50,7.38,65.66,7.61,892.56
2025-10-05T09:10:17, Add row to /TRACKING.csv
2025-10-05T09:10:17, Number of rows in /TRACKING.csv: 1
2025-10-05T09:10:20, Done loop ...
2025-10-05T09:10:20, ... powering down.
2025-10-05T09:10:24, Setup Complete
2025-10-05T09:10:27, Data: 2025-10-05T09:10:24,3.62,25631,4450.00,4517.00,4510.00,7.38,64.79,7.62,892.58
2025-10-05T09:10:27, Add row to /TRACKING.csv
2025-10-05T09:10:27, Number of rows in /TRACKING.csv: 2
2025-10-05T09:10:29, Done loop ...
2025-10-05T09:10:29, ... powering down.
2025-10-05T09:27:11, Setup Complete
2025-10-05T09:27:13, Data: 2025-10-05T09:27:11,3.62,25631,4501.00,4636.00,4552.00,7.47,66.87,8.03,892.55
2025-10-05T09:27:13, Add row to /TRACKING.csv
2025-10-05T09:27:13, Number of rows in /TRACKING.csv: 3
2025-10-05T09:27:16, Done loop ...
2025-10-05T09:27:16, ... powering down.
2025-10-05T09:27:21, Setup Complete
2025-10-05T09:27:23, Data: 2025-10-05T09:27:21,3.61,25631,4501.00,4518.00,4504.00,7.43,66.41,8.04,892.57
2025-10-05T09:27:23, Add row to /TRACKING.csv
2025-10-05T09:27:23, Number of rows in /TRACKING.csv: 4
2025-10-05T09:27:26, Number of rows in /TRACKING.csv is >= 4
2025-10-05T09:27:26, Remove tracking
2025-10-05T09:27:26, Write to /TRANSMIT.csv: 2025-10-05T09:27:21,3.61,4501.00,7.4,66
2025-10-05T09:27:27, Number of rows in /TRANSMIT.csv: 1
2025-10-05T09:27:27, Current hour = 9, Transmission hour = 1
2025-10-05T09:27:27, Current hour = 9, Transmission hour = 6
2025-10-05T09:27:27, Current hour = 9, Transmission hour = 8
2025-10-05T09:27:27, Current hour = 9, Transmission hour = 9
2025-10-05T09:27:27, 0509273450+07466
2025-10-05T09:27:29,  - attempt to send message: 0509273450+07466
2025-10-05T09:27:59,  - Modem begin unsuccessful
2025-10-05T09:27:59, Transmission failed. Error = 3
2025-10-05T09:28:00, Done loop ...
2025-10-05T09:28:00, ... powering down.
2025-10-05T09:44:07, Setup Complete
2025-10-05T09:44:09, Data: 2025-10-05T09:44:07,3.56,25631,4538.00,4985.00,4582.50,7.50,72.39,8.51,892.56
2025-10-05T09:44:09, Add row to /TRACKING.csv
2025-10-05T09:44:09, Number of rows in /TRACKING.csv: 1
2025-10-05T09:44:12, Done loop ...
2025-10-05T09:44:12, ... powering down.
2025-10-05T09:44:16, Setup Complete
2025-10-05T09:44:18, Data: 2025-10-05T09:44:16,3.60,25631,4495.00,4516.00,4509.00,7.49,71.83,8.51,892.55
2025-10-05T09:44:18, Add row to /TRACKING.csv
2025-10-05T09:44:19, Number of rows in /TRACKING.csv: 2
2025-10-05T09:44:21, Done loop ...
2025-10-05T09:44:21, ... powering down.
2025-10-05T10:01:03, Setup Complete
2025-10-05T10:01:05, Data: 2025-10-05T10:01:03,3.54,25631,4582.00,4985.00,4614.50,7.87,70.15,9.30,892.57
2025-10-05T10:01:05, Add row to /TRACKING.csv
2025-10-05T10:01:05, Number of rows in /TRACKING.csv: 3
2025-10-05T10:01:08, Done loop ...
2025-10-05T10:01:08, ... powering down.
2025-10-05T10:01:13, Setup Complete
2025-10-05T10:01:15, Data: 2025-10-05T10:01:13,3.59,25631,4466.00,4516.00,4504.50,7.88,70.41,9.30,892.59
2025-10-05T10:01:15, Add row to /TRACKING.csv
2025-10-05T10:01:15, Number of rows in /TRACKING.csv: 4
2025-10-05T10:01:18, Number of rows in /TRACKING.csv is >= 4
2025-10-05T10:01:18, Remove tracking
2025-10-05T10:01:18, Write to /TRANSMIT.csv: 2025-10-05T10:01:13,3.59,4466.00,7.9,70
2025-10-05T10:01:19, Number of rows in /TRANSMIT.csv: 2
2025-10-05T10:01:19, Current hour = 10, Transmission hour = 1
2025-10-05T10:01:19, Current hour = 10, Transmission hour = 6
2025-10-05T10:01:19, Current hour = 10, Transmission hour = 8
2025-10-05T10:01:19, Current hour = 10, Transmission hour = 9
2025-10-05T10:01:19, Current hour = 10, Transmission hour = 10
2025-10-05T10:01:19, 0509272450+07466:447+07970
2025-10-05T10:01:21,  - attempt to send message: 0509272450+07466:447+07970
2025-10-05T10:01:22,  - Modem begin successful
2025-10-05T10:01:22,  - Sending...
2025-10-05T10:01:52, Send response: 
2025-10-05T10:01:52,  - Retry...
2025-10-05T10:01:52,    - Sending...
2025-10-05T10:01:52,    - Send response: 10
2025-10-05T10:02:22,  Sync clocks... 
2025-10-05T10:02:22,  - Clock was not synced
2025-10-05T10:02:22, Transmission failed. Error = 10
2025-10-05T10:02:22, Done loop ...
2025-10-05T10:02:22, ... powering down.
2025-10-05T10:17:59, Setup Complete
2025-10-05T10:18:01, Data: 2025-10-05T10:17:59,3.83,25631,4555.00,4987.00,4611.00,7.81,69.32,9.42,892.63
2025-10-05T10:18:01, Add row to /TRACKING.csv
2025-10-05T10:18:01, Number of rows in /TRACKING.csv: 1
2025-10-05T10:18:04, Done loop ...
2025-10-05T10:18:04, ... powering down.
2025-10-05T10:18:08, Setup Complete
2025-10-05T10:18:11, Data: 2025-10-05T10:18:09,3.59,25631,4499.00,4519.00,4511.50,7.83,69.89,9.42,892.64
2025-10-05T10:18:11, Add row to /TRACKING.csv
2025-10-05T10:18:11, Number of rows in /TRACKING.csv: 2
2025-10-05T10:18:13, Done loop ...
2025-10-05T10:18:14, ... powering down.
2025-10-05T10:34:55, Setup Complete
2025-10-05T10:34:57, Data: 2025-10-05T10:34:55,3.72,25631,4478.00,4987.00,4597.00,7.59,73.51,9.62,892.62
2025-10-05T10:34:57, Add row to /TRACKING.csv
2025-10-05T10:34:57, Number of rows in /TRACKING.csv: 3
2025-10-05T10:35:00, Done loop ...
2025-10-05T10:35:00, ... powering down.
2025-10-05T10:51:41, Setup Complete
2025-10-05T10:51:43, Data: 2025-10-05T10:51:41,3.56,25631,655.00,4986.00,4622.50,7.47,72.77,9.74,892.58
2025-10-05T10:51:43, Add row to /TRACKING.csv
2025-10-05T10:51:44, Number of rows in /TRACKING.csv: 4
2025-10-05T10:51:47, Number of rows in /TRACKING.csv is >= 4
2025-10-05T10:51:47, Remove tracking
2025-10-05T10:51:47, Write to /TRANSMIT.csv: 2025-10-05T10:51:41,3.56,655.00,7.5,73
2025-10-05T10:51:47, Number of rows in /TRANSMIT.csv: 3
2025-10-05T10:51:47, Current hour = 10, Transmission hour = 1
2025-10-05T10:51:47, Current hour = 10, Transmission hour = 6
2025-10-05T10:51:47, Current hour = 10, Transmission hour = 8
2025-10-05T10:51:47, Current hour = 10, Transmission hour = 9
2025-10-05T10:51:47, Current hour = 10, Transmission hour = 10
2025-10-05T10:51:47, 0509272450+07466:447+07970:066+07573
2025-10-05T10:51:49,  - attempt to send message: 0509272450+07466:447+07970:066+07573
2025-10-05T10:52:20,  - Modem begin successful
2025-10-05T10:52:20,  - Sending...
2025-10-05T10:53:00, Send response: 
2025-10-05T10:53:00,  - Retry...
2025-10-05T10:53:00,    - Sending...
2025-10-05T10:53:00,    - Send response: 10
2025-10-05T10:53:30,  Sync clocks... 
2025-10-05T10:53:30,  - Clock was not synced
2025-10-05T10:53:31, Transmission failed. Error = 10
2025-10-05T10:53:31, Done loop ...
2025-10-05T10:53:31, ... powering down.
2025-10-05T11:08:23, Setup Complete
2025-10-05T11:08:25, Data: 2025-10-05T11:08:23,3.70,25631,4512.00,4986.00,4603.50,7.36,73.32,9.80,892.46
2025-10-05T11:08:25, Add row to /TRACKING.csv
2025-10-05T11:08:25, Number of rows in /TRACKING.csv: 1
2025-10-05T11:08:28, Done loop ...
2025-10-05T11:08:28, ... powering down.
2025-10-05T11:08:32, Setup Complete
2025-10-05T11:08:35, Data: 2025-10-05T11:08:32,3.59,25631,4495.00,4527.00,4518.00,7.35,72.84,9.80,892.48
2025-10-05T11:08:35, Add row to /TRACKING.csv
2025-10-05T11:08:35, Number of rows in /TRACKING.csv: 2
2025-10-05T11:08:37, Done loop ...
2025-10-05T11:08:37, ... powering down.
2025-10-05T11:25:19, Setup Complete
2025-10-05T11:25:21, Data: 2025-10-05T11:25:19,3.64,25631,4540.00,4805.00,4619.50,8.26,69.84,10.56,892.35
2025-10-05T11:25:21, Add row to /TRACKING.csv
2025-10-05T11:25:21, Number of rows in /TRACKING.csv: 3
2025-10-05T11:25:24, Done loop ...
2025-10-05T11:25:24, ... powering down.
2025-10-05T11:25:29, Setup Complete
2025-10-05T11:25:31, Data: 2025-10-05T11:25:29,3.58,25631,4516.00,4600.00,4544.00,8.28,69.96,10.57,892.36
2025-10-05T11:25:31, Add row to /TRACKING.csv
2025-10-05T11:25:31, Number of rows in /TRACKING.csv: 4
2025-10-05T11:25:35, Number of rows in /TRACKING.csv is >= 4
2025-10-05T11:25:35, Remove tracking
2025-10-05T11:25:35, Write to /TRANSMIT.csv: 2025-10-05T11:25:29,3.58,4516.00,8.3,70
2025-10-05T11:25:35, Number of rows in /TRANSMIT.csv: 4
2025-10-05T11:25:35, Current hour = 11, Transmission hour = 1
2025-10-05T11:25:35, Current hour = 11, Transmission hour = 6
2025-10-05T11:25:35, Current hour = 11, Transmission hour = 8
2025-10-05T11:25:35, Current hour = 11, Transmission hour = 9
2025-10-05T11:25:35, Current hour = 11, Transmission hour = 10
2025-10-05T11:25:35, Current hour = 11, Transmission hour = 15
2025-10-05T11:25:35, Current hour = 11, Transmission hour = 20
2025-10-05T11:25:35, Current hour = 11, Transmission hour = 22
2025-10-05T11:25:35, Done loop ...
2025-10-05T11:25:35, ... powering down.
2025-10-05T11:42:15, Setup Complete
2025-10-05T11:42:18, Data: 2025-10-05T11:42:16,3.54,25631,497.00,4983.00,2509.50,8.43,74.92,11.50,892.34
2025-10-05T11:42:18, Add row to /TRACKING.csv
2025-10-05T11:42:18, Number of rows in /TRACKING.csv: 1
2025-10-05T11:42:20, Done loop ...
2025-10-05T11:42:20, ... powering down.
2025-10-05T11:42:25, Setup Complete
2025-10-05T11:42:27, Data: 2025-10-05T11:42:25,3.58,25631,4459.00,4613.00,4525.50,8.43,75.36,11.50,892.39
2025-10-05T11:42:27, Add row to /TRACKING.csv
2025-10-05T11:42:27, Number of rows in /TRACKING.csv: 2
2025-10-05T11:42:30, Done loop ...
2025-10-05T11:42:30, ... powering down.
2025-10-05T11:59:11, Setup Complete
2025-10-05T11:59:14, Data: 2025-10-05T11:59:12,3.64,25631,4454.00,4658.00,4514.50,7.53,76.99,10.60,892.44
2025-10-05T11:59:14, Add row to /TRACKING.csv
2025-10-05T11:59:14, Number of rows in /TRACKING.csv: 3
2025-10-05T11:59:17, Done loop ...
2025-10-05T11:59:17, ... powering down.
2025-10-05T12:15:58, Setup Complete
2025-10-05T12:16:00, Data: 2025-10-05T12:15:58,3.54,25631,4491.00,4985.00,4514.50,6.83,79.38,9.22,892.48
2025-10-05T12:16:00, Add row to /TRACKING.csv
2025-10-05T12:16:00, Number of rows in /TRACKING.csv: 4
2025-10-05T12:16:03, Number of rows in /TRACKING.csv is >= 4
2025-10-05T12:16:04, Remove tracking
2025-10-05T12:16:04, Write to /TRANSMIT.csv: 2025-10-05T12:15:58,3.54,4491.00,6.8,79
2025-10-05T12:16:04, Number of rows in /TRANSMIT.csv: 5
2025-10-05T12:16:04, Current hour = 12, Transmission hour = 1
2025-10-05T12:16:04, 0509272450+07466:447+07970:066+07573:452+08370:449+06879
2025-10-05T12:16:06,  - attempt to send message: 0509272450+07466:447+07970:066+07573:452+08370:449+06879
2025-10-05T12:16:07,  - Modem begin successful
2025-10-05T12:16:07,  - Sending...
2025-10-05T12:16:37, Send response: 
2025-10-05T12:16:37,  - Retry...
2025-10-05T12:16:37,    - Sending...
2025-10-05T12:16:37,    - Send response: 10
2025-10-05T12:17:07,  Sync clocks... 
2025-10-05T12:17:07,  - Clock was not synced
2025-10-05T12:17:07, Transmission failed. Error = 10
2025-10-05T12:17:07, Done loop ...
2025-10-05T12:17:07, ... powering down.
2025-10-05T12:32:44, Setup Complete
2025-10-05T12:32:46, Data: 2025-10-05T12:32:44,3.65,25631,4486.00,4509.00,4504.50,7.05,78.30,9.48,892.33
2025-10-05T12:32:46, Add row to /TRACKING.csv
2025-10-05T12:32:47, Number of rows in /TRACKING.csv: 1
2025-10-05T12:32:49, Done loop ...
2025-10-05T12:32:49, ... powering down.
2025-10-05T12:49:29, Setup Complete
2025-10-05T12:49:31, Data: 2025-10-05T12:49:29,3.67,25631,4479.00,4986.00,4524.50,7.36,78.28,9.64,892.16
2025-10-05T12:49:32, Add row to /TRACKING.csv
2025-10-05T12:49:32, Number of rows in /TRACKING.csv: 2
2025-10-05T12:49:34, Done loop ...
2025-10-05T12:49:34, ... powering down.
2025-10-05T13:06:16, Setup Complete
2025-10-05T13:06:18, Data: 2025-10-05T13:06:16,3.65,25631,4512.00,4577.00,4535.50,7.67,77.26,9.88,892.07
2025-10-05T13:06:18, Add row to /TRACKING.csv
2025-10-05T13:06:18, Number of rows in /TRACKING.csv: 3
2025-10-05T13:06:21, Done loop ...
2025-10-05T13:06:21, ... powering down.
2025-10-05T13:23:01, Setup Complete
2025-10-05T13:23:03, Data: 2025-10-05T13:23:01,3.67,25631,4459.00,4985.00,4518.00,7.66,78.05,10.48,891.87
2025-10-05T13:23:03, Add row to /TRACKING.csv
2025-10-05T13:23:03, Number of rows in /TRACKING.csv: 4
2025-10-05T13:23:06, Number of rows in /TRACKING.csv is >= 4
2025-10-05T13:23:07, Remove tracking
2025-10-05T13:23:07, Write to /TRANSMIT.csv: 2025-10-05T13:23:01,3.67,4459.00,7.7,78
2025-10-05T13:23:07, Number of rows in /TRANSMIT.csv: 6
2025-10-05T13:23:07, Current hour = 13, Transmission hour = 1
2025-10-05T13:23:07, 0509273450+07466:447+07970:066+07573:452+08370:449+06879:446+07778
2025-10-05T13:23:09,  - attempt to send message: 0509273450+07466:447+07970:066+07573:452+08370:449+06879:446+07778
2025-10-05T13:23:10,  - Modem begin successful
2025-10-05T13:23:10,  - Sending...
2025-10-05T13:23:17,  - Send response: 
2025-10-05T13:23:18,   - Sync clocks... 
2025-10-05T13:23:18,  - Arduino Old Time: 2025-10-05T21:23:18
2025-10-05T13:23:11,  - Arduino New Time: 2025-10-05T21:23:11
2025-10-05T13:23:11, Message sent! Removing /TRANSMIT.csv
2025-10-05T13:23:11, Done loop ...
2025-10-05T13:23:11, ... powering down.
2025-10-05T13:39:40, Setup Complete
2025-10-05T13:39:42, Data: 2025-10-05T13:39:40,3.64,25631,498.00,4985.00,4509.50,6.85,82.32,9.56,891.89
2025-10-05T13:39:42, Add row to /TRACKING.csv
2025-10-05T13:39:43, Number of rows in /TRACKING.csv: 1
2025-10-05T13:39:45, Done loop ...
2025-10-05T13:39:45, ... powering down.
2025-10-05T13:56:27, Setup Complete
2025-10-05T13:56:29, Data: 2025-10-05T13:56:27,3.65,25631,4500.00,4641.00,4567.50,7.80,78.34,11.02,891.98
2025-10-05T13:56:29, Add row to /TRACKING.csv
2025-10-05T13:56:29, Number of rows in /TRACKING.csv: 2
2025-10-05T13:56:32, Done loop ...
2025-10-05T13:56:32, ... powering down.
2025-10-05T14:13:12, Setup Complete
2025-10-05T14:13:14, Data: 2025-10-05T14:13:12,3.66,25631,4496.00,4601.00,4516.50,7.25,83.49,10.25,891.82
2025-10-05T14:13:14, Add row to /TRACKING.csv
2025-10-05T14:13:14, Number of rows in /TRACKING.csv: 3
2025-10-05T14:13:17, Done loop ...
2025-10-05T14:13:17, ... powering down.
2025-10-05T14:29:58, Setup Complete
2025-10-05T14:30:01, Data: 2025-10-05T14:29:58,3.66,25631,4463.00,4604.00,4551.50,8.45,81.75,11.83,891.93
2025-10-05T14:30:01, Add row to /TRACKING.csv
2025-10-05T14:30:01, Number of rows in /TRACKING.csv: 4
2025-10-05T14:30:04, Number of rows in /TRACKING.csv is >= 4
2025-10-05T14:30:04, Remove tracking
2025-10-05T14:30:04, Write to /TRANSMIT.csv: 2025-10-05T14:29:58,3.66,4463.00,8.4,82
2025-10-05T14:30:04, Number of rows in /TRANSMIT.csv: 1
2025-10-05T14:30:04, Current hour = 14, Transmission hour = 1
2025-10-05T14:30:04, Current hour = 14, Transmission hour = 6
2025-10-05T14:30:04, Current hour = 14, Transmission hour = 8
2025-10-05T14:30:04, Current hour = 14, Transmission hour = 9
2025-10-05T14:30:04, Current hour = 14, Transmission hour = 10
2025-10-05T14:30:05, Current hour = 14, Transmission hour = 15
2025-10-05T14:30:05, Current hour = 14, Transmission hour = 20
2025-10-05T14:30:05, Current hour = 14, Transmission hour = 22
2025-10-05T14:30:05, Done loop ...
2025-10-05T14:30:05, ... powering down.
2025-10-05T14:46:43, Setup Complete
2025-10-05T14:46:45, Data: 2025-10-05T14:46:43,3.67,25631,497.00,4986.00,4550.00,9.34,77.27,13.53,891.78
2025-10-05T14:46:45, Add row to /TRACKING.csv
2025-10-05T14:46:45, Number of rows in /TRACKING.csv: 1
2025-10-05T14:46:48, Done loop ...
2025-10-05T14:46:48, ... powering down.
2025-10-05T15:03:27, Setup Complete
2025-10-05T15:03:29, Data: 2025-10-05T15:03:27,3.82,25631,4473.00,4670.00,4565.50,7.97,83.15,12.34,891.79
2025-10-05T15:03:29, Add row to /TRACKING.csv
2025-10-05T15:03:29, Number of rows in /TRACKING.csv: 2
2025-10-05T15:03:32, Done loop ...
2025-10-05T15:03:32, ... powering down.
2025-10-05T15:20:11, Setup Complete
2025-10-05T15:20:13, Data: 2025-10-05T15:20:11,3.67,25631,4547.00,4599.00,4580.00,9.01,79.83,12.86,891.51
2025-10-05T15:20:13, Add row to /TRACKING.csv
2025-10-05T15:20:13, Number of rows in /TRACKING.csv: 3
2025-10-05T15:20:16, Done loop ...
2025-10-05T15:20:16, ... powering down.
2025-10-05T15:36:58, Setup Complete
2025-10-05T15:37:00, Data: 2025-10-05T15:36:58,3.65,25631,4498.00,4529.00,4514.00,7.97,87.02,11.44,891.65
2025-10-05T15:37:00, Add row to /TRACKING.csv
2025-10-05T15:37:00, Number of rows in /TRACKING.csv: 4
2025-10-05T15:37:03, Number of rows in /TRACKING.csv is >= 4
2025-10-05T15:37:03, Remove tracking
2025-10-05T15:37:03, Write to /TRANSMIT.csv: 2025-10-05T15:36:58,3.65,4498.00,8.0,87
2025-10-05T15:37:04, Number of rows in /TRANSMIT.csv: 2
2025-10-05T15:37:04, Current hour = 15, Transmission hour = 1
2025-10-05T15:37:04, Current hour = 15, Transmission hour = 6
2025-10-05T15:37:04, Current hour = 15, Transmission hour = 8
2025-10-05T15:37:04, Current hour = 15, Transmission hour = 9
2025-10-05T15:37:04, Current hour = 15, Transmission hour = 10
2025-10-05T15:37:04, Current hour = 15, Transmission hour = 15
2025-10-05T15:37:04, 0514293446+08482:450+08087
2025-10-05T15:37:06,  - attempt to send message: 0514293446+08482:450+08087
2025-10-05T15:37:07,  - Modem begin successful
2025-10-05T15:37:07,  - Sending...
2025-10-05T15:37:20,  - Send response: 
2025-10-05T15:37:20,   - Sync clocks... 
2025-10-05T15:37:20,  - Arduino Old Time: 2025-10-05T23:37:20
2025-10-05T15:37:19,  - Arduino New Time: 2025-10-05T23:37:19
2025-10-05T15:37:19, Message sent! Removing /TRANSMIT.csv
2025-10-05T15:37:19, Done loop ...
2025-10-05T15:37:19, ... powering down.
2025-10-05T15:53:43, Setup Complete
2025-10-05T15:53:45, Data: 2025-10-05T15:53:43,3.66,25631,4504.00,4540.00,4520.50,8.04,85.60,10.53,891.59
2025-10-05T15:53:45, Add row to /TRACKING.csv
2025-10-05T15:53:45, Number of rows in /TRACKING.csv: 1
2025-10-05T15:53:48, Done loop ...
2025-10-05T15:53:48, ... powering down.
2025-10-05T16:10:29, Setup Complete
2025-10-05T16:10:32, Data: 2025-10-05T16:10:30,3.66,25631,4443.00,4599.00,4507.50,8.57,84.07,11.07,891.67
2025-10-05T16:10:32, Add row to /TRACKING.csv
2025-10-05T16:10:32, Number of rows in /TRACKING.csv: 2
2025-10-05T16:10:34, Done loop ...
2025-10-05T16:10:35, ... powering down.
2025-10-05T16:27:16, Setup Complete
2025-10-05T16:27:18, Data: 2025-10-05T16:27:16,3.66,25631,4498.00,4609.00,4521.50,7.91,86.90,10.33,891.53
2025-10-05T16:27:18, Add row to /TRACKING.csv
2025-10-05T16:27:18, Number of rows in /TRACKING.csv: 3
2025-10-05T16:27:21, Done loop ...
2025-10-05T16:27:21, ... powering down.
2025-10-05T16:44:02, Setup Complete
2025-10-05T16:44:05, Data: 2025-10-05T16:44:02,3.66,25631,4476.00,4509.00,4496.50,6.98,90.49,9.59,891.42
2025-10-05T16:44:05, Add row to /TRACKING.csv
2025-10-05T16:44:05, Number of rows in /TRACKING.csv: 4
2025-10-05T16:44:08, Number of rows in /TRACKING.csv is >= 4
2025-10-05T16:44:08, Remove tracking
2025-10-05T16:44:08, Write to /TRANSMIT.csv: 2025-10-05T16:44:02,3.66,4476.00,7.0,90
2025-10-05T16:44:08, Number of rows in /TRANSMIT.csv: 1
2025-10-05T16:44:08, Current hour = 16, Transmission hour = 1
2025-10-05T16:44:08, Current hour = 16, Transmission hour = 6
2025-10-05T16:44:08, Current hour = 16, Transmission hour = 8
2025-10-05T16:44:08, Current hour = 16, Transmission hour = 9
2025-10-05T16:44:09, Current hour = 16, Transmission hour = 10
2025-10-05T16:44:09, Current hour = 16, Transmission hour = 15
2025-10-05T16:44:09, Current hour = 16, Transmission hour = 20
2025-10-05T16:44:09, Current hour = 16, Transmission hour = 22
2025-10-05T16:44:09, Done loop ...
2025-10-05T16:44:09, ... powering down.
2025-10-05T17:00:48, Setup Complete
2025-10-05T17:00:51, Data: 2025-10-05T17:00:49,3.67,25631,4492.00,4513.00,4503.00,6.67,91.00,8.56,891.37
2025-10-05T17:00:51, Add row to /TRACKING.csv
2025-10-05T17:00:51, Number of rows in /TRACKING.csv: 1
2025-10-05T17:00:53, Done loop ...
2025-10-05T17:00:53, ... powering down.
2025-10-05T17:17:35, Setup Complete
2025-10-05T17:17:37, Data: 2025-10-05T17:17:35,3.66,25631,4490.00,4509.00,4499.00,6.40,92.37,7.82,891.31
2025-10-05T17:17:37, Add row to /TRACKING.csv
2025-10-05T17:17:37, Number of rows in /TRACKING.csv: 2
2025-10-05T17:17:40, Done loop ...
2025-10-05T17:17:40, ... powering down.
2025-10-05T17:34:21, Setup Complete
2025-10-05T17:34:23, Data: 2025-10-05T17:34:21,3.67,25631,4492.00,4985.00,4499.00,6.21,93.68,7.15,891.34
2025-10-05T17:34:23, Add row to /TRACKING.csv
2025-10-05T17:34:23, Number of rows in /TRACKING.csv: 3
2025-10-05T17:34:26, Done loop ...
2025-10-05T17:34:26, ... powering down.
2025-10-05T17:51:06, Setup Complete
2025-10-05T17:51:09, Data: 2025-10-05T17:51:07,3.85,25631,648.00,4987.00,4496.50,5.83,93.97,6.67,891.35
2025-10-05T17:51:09, Add row to /TRACKING.csv
2025-10-05T17:51:09, Number of rows in /TRACKING.csv: 4
2025-10-05T17:51:12, Number of rows in /TRACKING.csv is >= 4
2025-10-05T17:51:12, Remove tracking
2025-10-05T17:51:12, Write to /TRANSMIT.csv: 2025-10-05T17:51:07,3.85,648.00,5.8,94
2025-10-05T17:51:12, Number of rows in /TRANSMIT.csv: 2
2025-10-05T17:51:12, Current hour = 17, Transmission hour = 1
2025-10-05T17:51:12, Current hour = 17, Transmission hour = 6
2025-10-05T17:51:12, Current hour = 17, Transmission hour = 8
2025-10-05T17:51:13, Current hour = 17, Transmission hour = 9
2025-10-05T17:51:13, Current hour = 17, Transmission hour = 10
2025-10-05T17:51:13, Current hour = 17, Transmission hour = 15
2025-10-05T17:51:13, Current hour = 17, Transmission hour = 20
2025-10-05T17:51:13, Current hour = 17, Transmission hour = 22
2025-10-05T17:51:13, Done loop ...
2025-10-05T17:51:13, ... powering down.
2025-10-05T18:07:52, Setup Complete
2025-10-05T18:07:54, Data: 2025-10-05T18:07:52,3.93,25631,4493.00,4987.00,4499.00,5.85,95.30,6.23,891.46
2025-10-05T18:07:54, Add row to /TRACKING.csv
2025-10-05T18:07:55, Number of rows in /TRACKING.csv: 1
2025-10-05T18:07:57, Done loop ...
2025-10-05T18:07:57, ... powering down.
2025-10-05T18:24:38, Setup Complete
2025-10-05T18:24:40, Data: 2025-10-05T18:24:38,3.84,25631,4437.00,4987.00,4516.50,6.46,95.90,6.11,891.29
2025-10-05T18:24:40, Add row to /TRACKING.csv
2025-10-05T18:24:40, Number of rows in /TRACKING.csv: 2
2025-10-05T18:24:43, Done loop ...
2025-10-05T18:24:43, ... powering down.
2025-10-05T18:41:24, Setup Complete
2025-10-05T18:41:26, Data: 2025-10-05T18:41:24,3.64,25631,648.00,4987.00,4553.50,6.61,95.82,6.11,891.24
2025-10-05T18:41:26, Add row to /TRACKING.csv
2025-10-05T18:41:26, Number of rows in /TRACKING.csv: 3
2025-10-05T18:41:29, Done loop ...
2025-10-05T18:41:29, ... powering down.
2025-10-05T18:58:09, Setup Complete
2025-10-05T18:58:12, Data: 2025-10-05T18:58:09,3.69,25631,4494.00,4986.00,4847.00,6.90,95.40,6.33,891.17
2025-10-05T18:58:12, Add row to /TRACKING.csv
2025-10-05T18:58:12, Number of rows in /TRACKING.csv: 4
2025-10-05T18:58:15, Number of rows in /TRACKING.csv is >= 4
2025-10-05T18:58:15, Remove tracking
2025-10-05T18:58:15, Write to /TRANSMIT.csv: 2025-10-05T18:58:09,3.69,4494.00,6.9,95
2025-10-05T18:58:15, Number of rows in /TRANSMIT.csv: 3
2025-10-05T18:58:15, Current hour = 18, Transmission hour = 1
2025-10-05T18:58:15, Current hour = 18, Transmission hour = 6
2025-10-05T18:58:15, Current hour = 18, Transmission hour = 8
2025-10-05T18:58:15, Current hour = 18, Transmission hour = 9
2025-10-05T18:58:15, Current hour = 18, Transmission hour = 10
2025-10-05T18:58:16, Current hour = 18, Transmission hour = 15
2025-10-05T18:58:16, Current hour = 18, Transmission hour = 20
2025-10-05T18:58:16, Current hour = 18, Transmission hour = 22
2025-10-05T18:58:16, Done loop ...
2025-10-05T18:58:16, ... powering down.
2025-10-05T19:14:55, Setup Complete
2025-10-05T19:14:57, Data: 2025-10-05T19:14:55,3.65,25631,4527.00,4987.00,4578.50,6.95,95.84,6.38,891.15
2025-10-05T19:14:57, Add row to /TRACKING.csv
2025-10-05T19:14:57, Number of rows in /TRACKING.csv: 1
2025-10-05T19:15:00, Done loop ...
2025-10-05T19:15:00, ... powering down.
2025-10-05T19:15:04, Setup Complete
2025-10-05T19:15:07, Data: 2025-10-05T19:15:05,3.63,25631,4485.00,4579.00,4493.00,6.94,95.82,6.38,891.13
2025-10-05T19:15:07, Add row to /TRACKING.csv
2025-10-05T19:15:07, Number of rows in /TRACKING.csv: 2
2025-10-05T19:15:09, Done loop ...
2025-10-05T19:15:10, ... powering down.
2025-10-05T19:31:50, Setup Complete
2025-10-05T19:31:53, Data: 2025-10-05T19:31:50,3.54,25631,4555.00,4987.00,4626.50,6.69,95.66,6.29,891.17
2025-10-05T19:31:53, Add row to /TRACKING.csv
2025-10-05T19:31:53, Number of rows in /TRACKING.csv: 3
2025-10-05T19:31:56, Done loop ...
2025-10-05T19:31:56, ... powering down.
2025-10-05T19:32:00, Setup Complete
2025-10-05T19:32:03, Data: 2025-10-05T19:32:00,3.62,25631,4421.00,4587.00,4580.50,6.67,95.69,6.29,891.17
2025-10-05T19:32:03, Add row to /TRACKING.csv
2025-10-05T19:32:03, Number of rows in /TRACKING.csv: 4
2025-10-05T19:32:06, Number of rows in /TRACKING.csv is >= 4
2025-10-05T19:32:06, Remove tracking
2025-10-05T19:32:06, Write to /TRANSMIT.csv: 2025-10-05T19:32:00,3.62,4421.00,6.7,96
2025-10-05T19:32:06, Number of rows in /TRANSMIT.csv: 4
2025-10-05T19:32:06, Current hour = 19, Transmission hour = 1
2025-10-05T19:32:06, Current hour = 19, Transmission hour = 6
2025-10-05T19:32:07, Current hour = 19, Transmission hour = 8
2025-10-05T19:32:07, Current hour = 19, Transmission hour = 9
2025-10-05T19:32:07, Current hour = 19, Transmission hour = 10
2025-10-05T19:32:07, Current hour = 19, Transmission hour = 15
2025-10-05T19:32:07, Current hour = 19, Transmission hour = 20
2025-10-05T19:32:07, Current hour = 19, Transmission hour = 22
2025-10-05T19:32:07, Done loop ...
2025-10-05T19:32:07, ... powering down.
2025-10-05T19:48:49, Setup Complete
2025-10-05T19:48:51, Data: 2025-10-05T19:48:49,3.64,25631,4517.00,4985.00,4576.00,6.66,96.23,6.27,891.09
2025-10-05T19:48:51, Add row to /TRACKING.csv
2025-10-05T19:48:51, Number of rows in /TRACKING.csv: 1
2025-10-05T19:48:54, Done loop ...
2025-10-05T19:48:54, ... powering down.
2025-10-05T20:05:37, Setup Complete
2025-10-05T20:05:39, Data: 2025-10-05T20:05:37,3.59,25631,4511.00,4986.00,4614.50,6.83,96.72,6.36,891.02
2025-10-05T20:05:39, Add row to /TRACKING.csv
2025-10-05T20:05:39, Number of rows in /TRACKING.csv: 2
2025-10-05T20:05:42, Done loop ...
2025-10-05T20:05:42, ... powering down.
2025-10-05T20:22:26, Setup Complete
2025-10-05T20:22:28, Data: 2025-10-05T20:22:26,3.54,25631,4536.00,4765.00,4555.50,6.88,96.77,6.53,891.03
2025-10-05T20:22:28, Add row to /TRACKING.csv
2025-10-05T20:22:28, Number of rows in /TRACKING.csv: 3
2025-10-05T20:22:31, Done loop ...
2025-10-05T20:22:31, ... powering down.
2025-10-05T20:22:36, Setup Complete
2025-10-05T20:22:38, Data: 2025-10-05T20:22:36,3.62,25631,4494.00,4508.00,4500.50,6.90,96.76,6.53,891.03
2025-10-05T20:22:38, Add row to /TRACKING.csv
2025-10-05T20:22:38, Number of rows in /TRACKING.csv: 4
2025-10-05T20:22:41, Number of rows in /TRACKING.csv is >= 4
2025-10-05T20:22:41, Remove tracking
2025-10-05T20:22:41, Write to /TRANSMIT.csv: 2025-10-05T20:22:36,3.62,4494.00,6.9,97
2025-10-05T20:22:41, Number of rows in /TRANSMIT.csv: 5
2025-10-05T20:22:41, Current hour = 20, Transmission hour = 1
2025-10-05T20:22:42, 0516443448+07090:065+05894:449+06995:442+06796:449+06997
2025-10-05T20:22:44,  - attempt to send message: 0516443448+07090:065+05894:449+06995:442+06796:449+06997
2025-10-05T20:22:44,  - Modem begin successful
2025-10-05T20:22:44,  - Sending...
2025-10-05T20:23:14, Send response: 
2025-10-05T20:23:15,  - Retry...
2025-10-05T20:23:15,    - Sending...
2025-10-05T20:23:15,    - Send response: 10
2025-10-05T20:23:45,  Sync clocks... 
2025-10-05T20:23:45,  - Clock was not synced
2025-10-05T20:23:45, Transmission failed. Error = 10
2025-10-05T20:23:45, Done loop ...
2025-10-05T20:23:45, ... powering down.
2025-10-05T20:39:21, Setup Complete
2025-10-05T20:39:24, Data: 2025-10-05T20:39:21,3.74,25631,4502.00,4986.00,4563.50,7.12,96.98,6.72,891.05
2025-10-05T20:39:24, Add row to /TRACKING.csv
2025-10-05T20:39:24, Number of rows in /TRACKING.csv: 1
2025-10-05T20:39:26, Done loop ...
2025-10-05T20:39:26, ... powering down.
2025-10-05T20:39:31, Setup Complete
2025-10-05T20:39:33, Data: 2025-10-05T20:39:31,3.60,25631,4483.00,4500.00,4490.00,7.14,96.96,6.73,891.07
2025-10-05T20:39:33, Add row to /TRACKING.csv
2025-10-05T20:39:33, Number of rows in /TRACKING.csv: 2
2025-10-05T20:39:36, Done loop ...
2025-10-05T20:39:36, ... powering down.
2025-10-05T20:56:17, Setup Complete
2025-10-05T20:56:19, Data: 2025-10-05T20:56:17,3.55,25631,4541.00,4985.00,4586.50,7.40,96.80,7.02,891.06
2025-10-05T20:56:19, Add row to /TRACKING.csv
2025-10-05T20:56:19, Number of rows in /TRACKING.csv: 3
2025-10-05T20:56:22, Done loop ...
2025-10-05T20:56:22, ... powering down.
2025-10-05T20:56:27, Setup Complete
2025-10-05T20:56:29, Data: 2025-10-05T20:56:27,3.61,25631,4490.00,4512.00,4498.00,7.43,96.84,7.03,891.10
2025-10-05T20:56:29, Add row to /TRACKING.csv
2025-10-05T20:56:29, Number of rows in /TRACKING.csv: 4
2025-10-05T20:56:32, Number of rows in /TRACKING.csv is >= 4
2025-10-05T20:56:32, Remove tracking
2025-10-05T20:56:32, Write to /TRANSMIT.csv: 2025-10-05T20:56:27,3.61,4490.00,7.4,97
2025-10-05T20:56:33, Number of rows in /TRANSMIT.csv: 6
2025-10-05T20:56:33, Current hour = 20, Transmission hour = 1
2025-10-05T20:56:33, 0516443448+07090:065+05894:449+06995:442+06796:449+06997:449+07497
2025-10-05T20:56:35,  - attempt to send message: 0516443448+07090:065+05894:449+06995:442+06796:449+06997:449+07497
2025-10-05T20:56:36,  - Modem begin successful
2025-10-05T20:56:36,  - Sending...
2025-10-05T20:57:06, Send response: 
2025-10-05T20:57:06,  - Retry...
2025-10-05T20:57:06,    - Sending...
2025-10-05T20:57:06,    - Send response: 10
2025-10-05T20:57:36,  Sync clocks... 
2025-10-05T20:57:36,  - Clock was not synced
2025-10-05T20:57:36, Transmission failed. Error = 10
2025-10-05T20:57:36, Done loop ...
2025-10-05T20:57:36, ... powering down.
2025-10-05T21:13:12, Setup Complete
2025-10-05T21:13:15, Data: 2025-10-05T21:13:12,3.62,25631,4541.00,4988.00,4557.00,7.76,96.34,7.37,890.93
2025-10-05T21:13:15, Add row to /TRACKING.csv
2025-10-05T21:13:15, Number of rows in /TRACKING.csv: 1
2025-10-05T21:13:17, Done loop ...
2025-10-05T21:13:17, ... powering down.
2025-10-05T21:13:22, Setup Complete
2025-10-05T21:13:24, Data: 2025-10-05T21:13:22,3.62,25631,4490.00,4503.00,4497.00,7.73,96.32,7.37,890.93
2025-10-05T21:13:24, Add row to /TRACKING.csv
2025-10-05T21:13:24, Number of rows in /TRACKING.csv: 2
2025-10-05T21:13:27, Done loop ...
2025-10-05T21:13:27, ... powering down.
2025-10-05T21:30:08, Setup Complete
2025-10-05T21:30:10, Data: 2025-10-05T21:30:08,3.54,25631,4530.00,4987.00,4600.00,7.78,96.28,7.53,890.87
2025-10-05T21:30:10, Add row to /TRACKING.csv
2025-10-05T21:30:10, Number of rows in /TRACKING.csv: 3
2025-10-05T21:30:13, Done loop ...
2025-10-05T21:30:13, ... powering down.
2025-10-05T21:30:18, Setup Complete
2025-10-05T21:30:20, Data: 2025-10-05T21:30:18,3.62,25631,4486.00,4511.00,4498.00,7.77,96.30,7.53,890.87
2025-10-05T21:30:20, Add row to /TRACKING.csv
2025-10-05T21:30:20, Number of rows in /TRACKING.csv: 4
2025-10-05T21:30:23, Number of rows in /TRACKING.csv is >= 4
2025-10-05T21:30:23, Remove tracking
2025-10-05T21:30:23, Write to /TRANSMIT.csv: 2025-10-05T21:30:18,3.62,4486.00,7.8,96
2025-10-05T21:30:24, Number of rows in /TRANSMIT.csv: 7
2025-10-05T21:30:24, Current hour = 21, Transmission hour = 1
2025-10-05T21:30:24, 0516443448+07090:065+05894:449+06995:442+06796:449+06997:449+07497:449+07896
2025-10-05T21:30:26,  - attempt to send message: 0516443448+07090:065+05894:449+06995:442+06796:449+06997:449+07497:449+07896
2025-10-05T21:30:27,  - Modem begin successful
2025-10-05T21:30:27,  - Sending...
2025-10-05T21:30:57, Send response: 
2025-10-05T21:30:57,  - Retry...
2025-10-05T21:30:57,    - Sending...
2025-10-05T21:30:57,    - Send response: 10
2025-10-05T21:31:27,  Sync clocks... 
2025-10-05T21:31:27,  - Clock was not synced
2025-10-05T21:31:27, Transmission failed. Error = 10
2025-10-05T21:31:27, Done loop ...
2025-10-05T21:31:27, ... powering down.
2025-10-05T21:47:04, Setup Complete
2025-10-05T21:47:06, Data: 2025-10-05T21:47:04,3.61,25631,4535.00,4987.00,4615.00,7.85,96.30,7.67,891.04
2025-10-05T21:47:06, Add row to /TRACKING.csv
2025-10-05T21:47:06, Number of rows in /TRACKING.csv: 1
2025-10-05T21:47:08, Done loop ...
2025-10-05T21:47:08, ... powering down.
2025-10-05T21:47:13, Setup Complete
2025-10-05T21:47:15, Data: 2025-10-05T21:47:13,3.62,25631,4494.00,4504.00,4499.50,7.88,96.31,7.67,891.03
2025-10-05T21:47:15, Add row to /TRACKING.csv
2025-10-05T21:47:15, Number of rows in /TRACKING.csv: 2
2025-10-05T21:47:18, Done loop ...
2025-10-05T21:47:18, ... powering down.
2025-10-05T22:03:59, Setup Complete
2025-10-05T22:04:01, Data: 2025-10-05T22:03:59,3.54,25631,4541.00,4987.00,4581.50,7.85,96.62,7.70,891.09
2025-10-05T22:04:01, Add row to /TRACKING.csv
2025-10-05T22:04:01, Number of rows in /TRACKING.csv: 3
2025-10-05T22:04:04, Done loop ...
2025-10-05T22:04:04, ... powering down.
2025-10-05T22:20:45, Setup Complete
2025-10-05T22:20:47, Data: 2025-10-05T22:20:45,3.56,25631,4490.00,4987.00,4544.00,7.91,96.72,7.77,891.05
2025-10-05T22:20:47, Add row to /TRACKING.csv
2025-10-05T22:20:47, Number of rows in /TRACKING.csv: 4
2025-10-05T22:20:50, Number of rows in /TRACKING.csv is >= 4
2025-10-05T22:20:51, Remove tracking
2025-10-05T22:20:51, Write to /TRANSMIT.csv: 2025-10-05T22:20:45,3.56,4490.00,7.9,97
2025-10-05T22:20:51, Number of rows in /TRANSMIT.csv: 8
2025-10-05T22:20:51, Current hour = 22, Transmission hour = 1
2025-10-05T22:20:51, 0516442448+07090:065+05894:449+06995:442+06796:449+06997:449+07497:449+07896:449+07997
2025-10-05T22:20:53,  - attempt to send message: 0516442448+07090:065+05894:449+06995:442+06796:449+06997:449+07497:449+07896:449+07997
2025-10-05T22:21:54,  - Modem begin successful
2025-10-05T22:21:54,  - Sending...
2025-10-05T22:22:24, Send response: 
2025-10-05T22:22:24,  - Retry...
2025-10-05T22:22:24,    - Sending...
2025-10-05T22:22:24,    - Send response: 10
2025-10-05T22:22:54,  Sync clocks... 
2025-10-05T22:22:54,  - Clock was not synced
2025-10-05T22:22:54, Transmission failed. Error = 10
2025-10-05T22:22:54, Done loop ...
2025-10-05T22:22:54, ... powering down.
2025-10-05T22:37:30, Setup Complete
2025-10-05T22:37:33, Data: 2025-10-05T22:37:30,3.62,25631,4517.00,4986.00,4588.50,7.83,97.03,7.83,891.02
2025-10-05T22:37:33, Add row to /TRACKING.csv
2025-10-05T22:37:33, Number of rows in /TRACKING.csv: 1
2025-10-05T22:37:35, Done loop ...
2025-10-05T22:37:35, ... powering down.
2025-10-05T22:54:16, Setup Complete
2025-10-05T22:54:19, Data: 2025-10-05T22:54:16,3.56,25631,4484.00,4986.00,4642.50,7.91,97.32,7.85,890.96
2025-10-05T22:54:19, Add row to /TRACKING.csv
2025-10-05T22:54:19, Number of rows in /TRACKING.csv: 2
2025-10-05T22:54:21, Done loop ...
2025-10-05T22:54:21, ... powering down.
2025-10-05T23:11:02, Setup Complete
2025-10-05T23:11:05, Data: 2025-10-05T23:11:02,3.53,25631,4510.00,4987.00,4560.50,7.94,97.55,7.88,890.85
2025-10-05T23:11:05, Add row to /TRACKING.csv
2025-10-05T23:11:05, Number of rows in /TRACKING.csv: 3
2025-10-05T23:11:08, Done loop ...
2025-10-05T23:11:08, ... powering down.
2025-10-05T23:27:48, Setup Complete
2025-10-05T23:27:51, Data: 2025-10-05T23:27:48,3.64,25631,4509.00,4986.00,4675.50,8.02,97.67,7.97,890.75
2025-10-05T23:27:51, Add row to /TRACKING.csv
2025-10-05T23:27:51, Number of rows in /TRACKING.csv: 4
2025-10-05T23:27:54, Number of rows in /TRACKING.csv is >= 4
2025-10-05T23:27:54, Remove tracking
2025-10-05T23:27:54, Write to /TRANSMIT.csv: 2025-10-05T23:27:48,3.64,4509.00,8.0,98
2025-10-05T23:27:54, Number of rows in /TRANSMIT.csv: 9
2025-10-05T23:27:54, Current hour = 23, Transmission hour = 1
2025-10-05T23:27:54, 0516443448+07090:065+05894:449+06995:442+06796:449+06997:449+07497:449+07896:449+07997:451+08098
2025-10-05T23:27:56,  - attempt to send message: 0516443448+07090:065+05894:449+06995:442+06796:449+06997:449+07497:449+07896:449+07997:451+08098
2025-10-05T23:29:27,  - Modem begin successful
2025-10-05T23:29:27,  - Sending...
2025-10-05T23:29:57, Send response: 
2025-10-05T23:29:57,  - Retry...
2025-10-05T23:29:57,    - Sending...
2025-10-05T23:29:57,    - Send response: 10
2025-10-05T23:30:27,  Sync clocks... 
2025-10-05T23:30:27,  - Clock was not synced
2025-10-05T23:30:28, Transmission failed. Error = 10
2025-10-05T23:30:28, Done loop ...
2025-10-05T23:30:28, ... powering down.
2025-10-05T23:44:34, Setup Complete
2025-10-05T23:44:36, Data: 2025-10-05T23:44:34,3.53,25631,4503.00,4765.00,4640.50,8.09,97.79,8.07,890.72
2025-10-05T23:44:36, Add row to /TRACKING.csv
2025-10-05T23:44:36, Number of rows in /TRACKING.csv: 1
2025-10-05T23:44:39, Done loop ...
2025-10-05T23:44:39, ... powering down.
2025-10-05T23:44:43, Setup Complete
2025-10-05T23:44:46, Data: 2025-10-05T23:44:43,3.62,25631,497.00,500.00,498.50,8.09,97.81,8.07,890.71
2025-10-05T23:44:46, Add row to /TRACKING.csv
2025-10-05T23:44:46, Number of rows in /TRACKING.csv: 2
2025-10-05T23:44:48, Done loop ...
2025-10-05T23:44:48, ... powering down.
2025-10-06T00:01:29, Setup Complete
2025-10-06T00:01:32, Data: 2025-10-06T00:01:29,3.62,25631,4535.00,4986.00,4655.00,8.16,97.84,8.11,890.64
2025-10-06T00:01:32, Add row to /TRACKING.csv
2025-10-06T00:01:32, Number of rows in /TRACKING.csv: 3
2025-10-06T00:01:35, Done loop ...
2025-10-06T00:01:35, ... powering down.
2025-10-06T00:01:39, Setup Complete
2025-10-06T00:01:42, Data: 2025-10-06T00:01:39,3.61,25631,4495.00,4502.00,4499.00,8.18,97.83,8.11,890.64
2025-10-06T00:01:42, Add row to /TRACKING.csv
2025-10-06T00:01:42, Number of rows in /TRACKING.csv: 4
2025-10-06T00:01:45, Number of rows in /TRACKING.csv is >= 4
2025-10-06T00:01:45, Remove tracking
2025-10-06T00:01:45, Write to /TRANSMIT.csv: 2025-10-06T00:01:39,3.61,4495.00,8.2,98
2025-10-06T00:01:45, Number of rows in /TRANSMIT.csv: 10
2025-10-06T00:01:45, Current hour = 0, Transmission hour = 1
2025-10-06T00:01:45, 0516443448+07090:065+05894:449+06995:442+06796:449+06997:449+07497:449+07896:449+07997:451+08098:450+08298
2025-10-06T00:01:47,  - attempt to send message: 0516443448+07090:065+05894:449+06995:442+06796:449+06997:449+07497:449+07896:449+07997:451+08098:450+08298
2025-10-06T00:02:48,  - Modem begin successful
2025-10-06T00:02:48,  - Sending...
2025-10-06T00:03:18, Send response: 
2025-10-06T00:03:18,  - Retry...
2025-10-06T00:03:18,    - Sending...
2025-10-06T00:03:18,    - Send response: 10
2025-10-06T00:03:48,  Sync clocks... 
2025-10-06T00:03:49,  - Clock was not synced
2025-10-06T00:03:49, Transmission failed. Error = 10
2025-10-06T00:03:49, n_transmit >= 10, too much to transmit, delete /TRANSMIT.csv
2025-10-06T00:03:49, Done loop ...
2025-10-06T00:03:49, ... powering down.
2025-10-06T00:18:25, Setup Complete
2025-10-06T00:18:27, Data: 2025-10-06T00:18:25,3.65,25631,4519.00,4988.00,4605.50,8.25,97.84,8.17,890.69
2025-10-06T00:18:27, Add row to /TRACKING.csv
2025-10-06T00:18:28, Number of rows in /TRACKING.csv: 1
2025-10-06T00:18:30, Done loop ...
2025-10-06T00:18:30, ... powering down.
2025-10-06T00:18:34, Setup Complete
2025-10-06T00:18:37, Data: 2025-10-06T00:18:35,3.62,25631,4487.00,4502.00,4494.50,8.25,97.85,8.17,890.66
2025-10-06T00:18:37, Add row to /TRACKING.csv
2025-10-06T00:18:37, Number of rows in /TRACKING.csv: 2
2025-10-06T00:18:39, Done loop ...
2025-10-06T00:18:40, ... powering down.
2025-10-06T00:35:20, Setup Complete
2025-10-06T00:35:23, Data: 2025-10-06T00:35:21,3.69,25631,4516.00,4985.00,4683.00,8.25,97.74,8.18,890.55
2025-10-06T00:35:23, Add row to /TRACKING.csv
2025-10-06T00:35:23, Number of rows in /TRACKING.csv: 3
2025-10-06T00:35:26, Done loop ...
2025-10-06T00:35:26, ... powering down.
2025-10-06T00:35:30, Setup Complete
2025-10-06T00:35:33, Data: 2025-10-06T00:35:30,3.62,25631,4487.00,4502.00,4494.50,8.24,97.76,8.19,890.55
2025-10-06T00:35:33, Add row to /TRACKING.csv
2025-10-06T00:35:33, Number of rows in /TRACKING.csv: 4
2025-10-06T00:35:36, Number of rows in /TRACKING.csv is >= 4
2025-10-06T00:35:36, Remove tracking
2025-10-06T00:35:36, Write to /TRANSMIT.csv: 2025-10-06T00:35:30,3.62,4487.00,8.2,98
2025-10-06T00:35:36, Number of rows in /TRANSMIT.csv: 1
2025-10-06T00:35:36, Current hour = 0, Transmission hour = 1
2025-10-06T00:35:36, Current hour = 0, Transmission hour = 6
2025-10-06T00:35:36, Current hour = 0, Transmission hour = 8
2025-10-06T00:35:37, Current hour = 0, Transmission hour = 9
2025-10-06T00:35:37, Current hour = 0, Transmission hour = 10
2025-10-06T00:35:37, Current hour = 0, Transmission hour = 15
2025-10-06T00:35:37, Current hour = 0, Transmission hour = 20
2025-10-06T00:35:37, Current hour = 0, Transmission hour = 22
2025-10-06T00:35:37, Done loop ...
2025-10-06T00:35:37, ... powering down.
2025-10-06T00:52:16, Setup Complete
2025-10-06T00:52:19, Data: 2025-10-06T00:52:16,3.56,25631,4520.00,4988.00,4681.50,8.39,97.70,8.20,890.47
2025-10-06T00:52:19, Add row to /TRACKING.csv
2025-10-06T00:52:19, Number of rows in /TRACKING.csv: 1
2025-10-06T00:52:21, Done loop ...
2025-10-06T00:52:21, ... powering down.
2025-10-06T01:09:02, Setup Complete
2025-10-06T01:09:04, Data: 2025-10-06T01:09:02,3.58,25631,4487.00,4641.00,4519.50,8.38,97.22,8.21,890.51
2025-10-06T01:09:05, Add row to /TRACKING.csv
2025-10-06T01:09:05, Number of rows in /TRACKING.csv: 2
2025-10-06T01:09:07, Done loop ...
2025-10-06T01:09:07, ... powering down.
2025-10-06T01:25:48, Setup Complete
2025-10-06T01:25:50, Data: 2025-10-06T01:25:48,3.60,25631,4544.00,4986.00,4852.50,8.33,97.15,8.22,890.35
2025-10-06T01:25:50, Add row to /TRACKING.csv
2025-10-06T01:25:51, Number of rows in /TRACKING.csv: 3
2025-10-06T01:25:54, Done loop ...
2025-10-06T01:25:54, ... powering down.
2025-10-06T01:42:34, Setup Complete
2025-10-06T01:42:36, Data: 2025-10-06T01:42:34,3.59,25631,4506.00,4771.00,4559.00,8.60,96.57,8.26,890.28
2025-10-06T01:42:36, Add row to /TRACKING.csv
2025-10-06T01:42:37, Number of rows in /TRACKING.csv: 4
2025-10-06T01:42:40, Number of rows in /TRACKING.csv is >= 4
2025-10-06T01:42:40, Remove tracking
2025-10-06T01:42:40, Write to /TRANSMIT.csv: 2025-10-06T01:42:34,3.59,4506.00,8.6,97
2025-10-06T01:42:40, Number of rows in /TRANSMIT.csv: 2
2025-10-06T01:42:40, Current hour = 1, Transmission hour = 1
2025-10-06T01:42:40, 0600352449+08298:451+08697
2025-10-06T01:42:42,  - attempt to send message: 0600352449+08298:451+08697
2025-10-06T01:44:43,  - Modem begin successful
2025-10-06T01:44:43,  - Sending...
2025-10-06T01:45:13, Send response: 
2025-10-06T01:45:13,  - Retry...
2025-10-06T01:45:13,    - Sending...
2025-10-06T01:45:13,    - Send response: 10
2025-10-06T01:45:43,  Sync clocks... 
2025-10-06T01:45:43,  - Clock was not synced
2025-10-06T01:45:43, Transmission failed. Error = 10
2025-10-06T01:45:43, Done loop ...
2025-10-06T01:45:43, ... powering down.
2025-10-06T01:59:20, Setup Complete
2025-10-06T01:59:22, Data: 2025-10-06T01:59:20,3.53,25631,4512.00,4742.00,4575.50,8.49,96.50,8.24,890.21
2025-10-06T01:59:22, Add row to /TRACKING.csv
2025-10-06T01:59:22, Number of rows in /TRACKING.csv: 1
2025-10-06T01:59:24, Done loop ...
2025-10-06T01:59:24, ... powering down.
2025-10-06T02:16:06, Setup Complete
2025-10-06T02:16:08, Data: 2025-10-06T02:16:06,3.52,25631,4535.00,4986.00,4581.00,8.57,96.21,8.28,890.20
2025-10-06T02:16:08, Add row to /TRACKING.csv
2025-10-06T02:16:08, Number of rows in /TRACKING.csv: 2
2025-10-06T02:16:11, Done loop ...
2025-10-06T02:16:11, ... powering down.
2025-10-06T02:32:51, Setup Complete
2025-10-06T02:32:54, Data: 2025-10-06T02:32:52,3.60,25631,4509.00,4986.00,4614.00,8.92,95.09,8.51,890.24
2025-10-06T02:32:54, Add row to /TRACKING.csv
2025-10-06T02:32:54, Number of rows in /TRACKING.csv: 3
2025-10-06T02:32:57, Done loop ...
2025-10-06T02:32:57, ... powering down.
2025-10-06T02:49:37, Setup Complete
2025-10-06T02:49:40, Data: 2025-10-06T02:49:38,3.54,25631,4512.00,4987.00,4698.00,8.97,94.66,8.60,890.14
2025-10-06T02:49:40, Add row to /TRACKING.csv
2025-10-06T02:49:40, Number of rows in /TRACKING.csv: 4
2025-10-06T02:49:43, Number of rows in /TRACKING.csv is >= 4
2025-10-06T02:49:43, Remove tracking
2025-10-06T02:49:43, Write to /TRANSMIT.csv: 2025-10-06T02:49:38,3.54,4512.00,9.0,95
2025-10-06T02:49:43, Number of rows in /TRANSMIT.csv: 3
2025-10-06T02:49:43, Current hour = 2, Transmission hour = 1
2025-10-06T02:49:43, Current hour = 2, Transmission hour = 6
2025-10-06T02:49:44, Current hour = 2, Transmission hour = 8
2025-10-06T02:49:44, Current hour = 2, Transmission hour = 9
2025-10-06T02:49:44, Current hour = 2, Transmission hour = 10
2025-10-06T02:49:44, Current hour = 2, Transmission hour = 15
2025-10-06T02:49:44, Current hour = 2, Transmission hour = 20
2025-10-06T02:49:44, Current hour = 2, Transmission hour = 22
2025-10-06T02:49:44, Done loop ...
2025-10-06T02:49:44, ... powering down.
2025-10-06T02:49:48, Setup Complete
2025-10-06T02:49:51, Data: 2025-10-06T02:49:49,3.62,25631,4494.00,4504.00,4498.50,8.96,94.67,8.60,890.16
2025-10-06T02:49:51, Add row to /TRACKING.csv
2025-10-06T02:49:51, Number of rows in /TRACKING.csv: 1
2025-10-06T02:49:53, Done loop ...
2025-10-06T02:49:53, ... powering down.
2025-10-06T03:06:34, Setup Complete
2025-10-06T03:06:37, Data: 2025-10-06T03:06:35,3.54,25631,4524.00,4763.00,4564.00,8.59,95.84,8.51,890.01
2025-10-06T03:06:37, Add row to /TRACKING.csv
2025-10-06T03:06:37, Number of rows in /TRACKING.csv: 2
2025-10-06T03:06:40, Done loop ...
2025-10-06T03:06:40, ... powering down.
2025-10-06T03:23:20, Setup Complete
2025-10-06T03:23:23, Data: 2025-10-06T03:23:20,3.63,25631,4525.00,4986.00,4582.00,8.50,96.40,8.43,889.97
2025-10-06T03:23:23, Add row to /TRACKING.csv
2025-10-06T03:23:23, Number of rows in /TRACKING.csv: 3
2025-10-06T03:23:26, Done loop ...
2025-10-06T03:23:26, ... powering down.
2025-10-06T03:23:30, Setup Complete
2025-10-06T03:23:33, Data: 2025-10-06T03:23:30,3.64,25631,4492.00,4502.00,4496.50,8.50,96.41,8.44,890.00
2025-10-06T03:23:33, Add row to /TRACKING.csv
2025-10-06T03:23:33, Number of rows in /TRACKING.csv: 4
2025-10-06T03:23:36, Number of rows in /TRACKING.csv is >= 4
2025-10-06T03:23:36, Remove tracking
2025-10-06T03:23:36, Write to /TRANSMIT.csv: 2025-10-06T03:23:30,3.64,4492.00,8.5,96
2025-10-06T03:23:36, Number of rows in /TRANSMIT.csv: 4
2025-10-06T03:23:36, Current hour = 3, Transmission hour = 1
2025-10-06T03:23:36, Current hour = 3, Transmission hour = 6
2025-10-06T03:23:36, Current hour = 3, Transmission hour = 8
2025-10-06T03:23:36, Current hour = 3, Transmission hour = 9
2025-10-06T03:23:36, Current hour = 3, Transmission hour = 10
2025-10-06T03:23:37, Current hour = 3, Transmission hour = 15
2025-10-06T03:23:37, Current hour = 3, Transmission hour = 20
2025-10-06T03:23:37, Current hour = 3, Transmission hour = 22
2025-10-06T03:23:37, Done loop ...
2025-10-06T03:23:37, ... powering down.
2025-10-06T03:40:16, Setup Complete
2025-10-06T03:40:19, Data: 2025-10-06T03:40:16,3.59,25631,4488.00,4755.00,4598.00,8.42,96.98,8.37,889.78
2025-10-06T03:40:19, Add row to /TRACKING.csv
2025-10-06T03:40:19, Number of rows in /TRACKING.csv: 1
2025-10-06T03:40:21, Done loop ...
2025-10-06T03:40:21, ... powering down.
2025-10-06T03:57:02, Setup Complete
2025-10-06T03:57:04, Data: 2025-10-06T03:57:02,3.64,25631,4514.00,4984.00,4537.00,8.32,97.42,8.29,889.69
2025-10-06T03:57:05, Add row to /TRACKING.csv
2025-10-06T03:57:05, Number of rows in /TRACKING.csv: 2
2025-10-06T03:57:07, Done loop ...
2025-10-06T03:57:07, ... powering down.
2025-10-06T04:13:48, Setup Complete
2025-10-06T04:13:50, Data: 2025-10-06T04:13:48,3.53,25631,4524.00,4772.00,4560.50,8.53,97.50,8.35,889.74
2025-10-06T04:13:51, Add row to /TRACKING.csv
2025-10-06T04:13:51, Number of rows in /TRACKING.csv: 3
2025-10-06T04:13:54, Done loop ...
2025-10-06T04:13:54, ... powering down.
2025-10-06T04:13:58, Setup Complete
2025-10-06T04:14:00, Data: 2025-10-06T04:13:58,3.63,25631,4486.00,4503.00,4494.50,8.56,97.48,8.35,889.75
2025-10-06T04:14:00, Add row to /TRACKING.csv
2025-10-06T04:14:01, Number of rows in /TRACKING.csv: 4
2025-10-06T04:14:04, Number of rows in /TRACKING.csv is >= 4
2025-10-06T04:14:04, Remove tracking
2025-10-06T04:14:04, Write to /TRANSMIT.csv: 2025-10-06T04:13:58,3.63,4486.00,8.6,97
2025-10-06T04:14:04, Number of rows in /TRANSMIT.csv: 5
2025-10-06T04:14:04, Current hour = 4, Transmission hour = 1
2025-10-06T04:14:04, 0600353449+08298:451+08697:451+09095:449+08596:449+08697
2025-10-06T04:14:06,  - attempt to send message: 0600353449+08298:451+08697:451+09095:449+08596:449+08697
2025-10-06T04:15:37,  - Modem begin unsuccessful
2025-10-06T04:15:37, Transmission failed. Error = 3
2025-10-06T04:15:37, Done loop ...
2025-10-06T04:15:37, ... powering down.
2025-10-06T04:30:44, Setup Complete
2025-10-06T04:30:46, Data: 2025-10-06T04:30:44,3.54,25631,4508.00,4786.00,4534.00,8.61,97.01,8.51,889.57
2025-10-06T04:30:46, Add row to /TRACKING.csv
2025-10-06T04:30:47, Number of rows in /TRACKING.csv: 1
2025-10-06T04:30:49, Done loop ...
2025-10-06T04:30:49, ... powering down.
2025-10-06T04:47:30, Setup Complete
2025-10-06T04:47:32, Data: 2025-10-06T04:47:30,3.54,25631,4505.00,4987.00,4621.00,8.49,97.36,8.46,889.47
2025-10-06T04:47:32, Add row to /TRACKING.csv
2025-10-06T04:47:32, Number of rows in /TRACKING.csv: 2
2025-10-06T04:47:35, Done loop ...
2025-10-06T04:47:35, ... powering down.
2025-10-06T04:47:40, Setup Complete
2025-10-06T04:47:42, Data: 2025-10-06T04:47:40,3.62,25631,4494.00,4501.00,4496.00,8.48,97.37,8.47,889.47
2025-10-06T04:47:42, Add row to /TRACKING.csv
2025-10-06T04:47:42, Number of rows in /TRACKING.csv: 3
2025-10-06T04:47:45, Done loop ...
2025-10-06T04:47:45, ... powering down.
2025-10-06T05:04:26, Setup Complete
2025-10-06T05:04:28, Data: 2025-10-06T05:04:26,3.64,25631,4533.00,4985.00,4557.00,8.49,97.59,8.48,889.42
2025-10-06T05:04:28, Add row to /TRACKING.csv
2025-10-06T05:04:28, Number of rows in /TRACKING.csv: 4
2025-10-06T05:04:31, Number of rows in /TRACKING.csv is >= 4
2025-10-06T05:04:31, Remove tracking
2025-10-06T05:04:31, Write to /TRANSMIT.csv: 2025-10-06T05:04:26,3.64,4533.00,8.5,98
2025-10-06T05:04:32, Number of rows in /TRANSMIT.csv: 6
2025-10-06T05:04:32, Current hour = 5, Transmission hour = 1
2025-10-06T05:04:32, 0600353449+08298:451+08697:451+09095:449+08596:449+08697:453+08598
2025-10-06T05:04:34,  - attempt to send message: 0600353449+08298:451+08697:451+09095:449+08596:449+08697:453+08598
2025-10-06T05:06:04,  - Modem begin successful
2025-10-06T05:06:05,  - Sending...
2025-10-06T05:06:35, Send response: 
2025-10-06T05:06:35,  - Retry...
2025-10-06T05:06:35,    - Sending...
2025-10-06T05:06:35,    - Send response: 10
2025-10-06T05:07:05,  Sync clocks... 
2025-10-06T05:07:05,  - Clock was not synced
2025-10-06T05:07:05, Transmission failed. Error = 10
2025-10-06T05:07:05, Done loop ...
2025-10-06T05:07:05, ... powering down.
2025-10-06T05:21:11, Setup Complete
2025-10-06T05:21:13, Data: 2025-10-06T05:21:11,3.56,25631,4516.00,4987.00,4661.50,8.33,97.81,8.43,889.26
2025-10-06T05:21:13, Add row to /TRACKING.csv
2025-10-06T05:21:14, Number of rows in /TRACKING.csv: 1
2025-10-06T05:21:16, Done loop ...
2025-10-06T05:21:16, ... powering down.
2025-10-06T05:37:57, Setup Complete
2025-10-06T05:37:59, Data: 2025-10-06T05:37:57,3.53,25631,4517.00,4986.00,4582.00,8.38,97.96,8.38,889.34
2025-10-06T05:37:59, Add row to /TRACKING.csv
2025-10-06T05:38:00, Number of rows in /TRACKING.csv: 2
2025-10-06T05:38:02, Done loop ...
2025-10-06T05:38:02, ... powering down.
2025-10-06T05:38:07, Setup Complete
2025-10-06T05:38:09, Data: 2025-10-06T05:38:07,3.63,25631,4490.00,4502.00,4498.00,8.41,97.99,8.39,889.37
2025-10-06T05:38:09, Add row to /TRACKING.csv
2025-10-06T05:38:09, Number of rows in /TRACKING.csv: 3
2025-10-06T05:38:12, Done loop ...
2025-10-06T05:38:12, ... powering down.
2025-10-06T05:54:53, Setup Complete
2025-10-06T05:54:55, Data: 2025-10-06T05:54:53,3.67,25631,648.00,4517.00,4497.50,8.36,98.11,8.36,889.33
2025-10-06T05:54:55, Add row to /TRACKING.csv
2025-10-06T05:54:55, Number of rows in /TRACKING.csv: 4
2025-10-06T05:54:59, Number of rows in /TRACKING.csv is >= 4
2025-10-06T05:54:59, Remove tracking
2025-10-06T05:54:59, Write to /TRANSMIT.csv: 2025-10-06T05:54:53,3.67,648.00,8.4,98
2025-10-06T05:54:59, Number of rows in /TRANSMIT.csv: 7
2025-10-06T05:54:59, Current hour = 5, Transmission hour = 1
2025-10-06T05:54:59, 0600353449+08298:451+08697:451+09095:449+08596:449+08697:453+08598:065+08498
2025-10-06T05:55:01,  - attempt to send message: 0600353449+08298:451+08697:451+09095:449+08596:449+08697:453+08598:065+08498
2025-10-06T05:55:02,  - Modem begin successful
2025-10-06T05:55:02,  - Sending...
2025-10-06T05:55:32, Send response: 
2025-10-06T05:55:32,  - Retry...
2025-10-06T05:55:32,    - Sending...
2025-10-06T05:55:32,    - Send response: 10
2025-10-06T05:56:02,  Sync clocks... 
2025-10-06T05:56:02,  - Clock was not synced
2025-10-06T05:56:02, Transmission failed. Error = 10
2025-10-06T05:56:02, Done loop ...
2025-10-06T05:56:02, ... powering down.
2025-10-06T06:11:39, Setup Complete
2025-10-06T06:11:41, Data: 2025-10-06T06:11:39,3.55,25631,4498.00,4986.00,4659.50,8.36,98.18,8.37,889.19
2025-10-06T06:11:41, Add row to /TRACKING.csv
2025-10-06T06:11:41, Number of rows in /TRACKING.csv: 1
2025-10-06T06:11:43, Done loop ...
2025-10-06T06:11:43, ... powering down.
2025-10-06T06:28:25, Setup Complete
2025-10-06T06:28:27, Data: 2025-10-06T06:28:25,3.53,25631,4548.00,4987.00,4575.50,8.39,98.25,8.39,889.15
2025-10-06T06:28:27, Add row to /TRACKING.csv
2025-10-06T06:28:27, Number of rows in /TRACKING.csv: 2
2025-10-06T06:28:30, Done loop ...
2025-10-06T06:28:30, ... powering down.
2025-10-06T06:28:34, Setup Complete
2025-10-06T06:28:37, Data: 2025-10-06T06:28:34,3.64,25631,4494.00,4511.00,4501.50,8.36,98.25,8.39,889.14
2025-10-06T06:28:37, Add row to /TRACKING.csv
2025-10-06T06:28:37, Number of rows in /TRACKING.csv: 3
2025-10-06T06:28:40, Done loop ...
2025-10-06T06:28:40, ... powering down.
2025-10-06T06:45:20, Setup Complete
2025-10-06T06:45:23, Data: 2025-10-06T06:45:20,3.60,25631,4539.00,4986.00,4558.50,8.42,98.32,8.39,889.01
2025-10-06T06:45:23, Add row to /TRACKING.csv
2025-10-06T06:45:23, Number of rows in /TRACKING.csv: 4
2025-10-06T06:45:26, Number of rows in /TRACKING.csv is >= 4
2025-10-06T06:45:26, Remove tracking
2025-10-06T06:45:26, Write to /TRANSMIT.csv: 2025-10-06T06:45:20,3.60,4539.00,8.4,98
2025-10-06T06:45:26, Number of rows in /TRANSMIT.csv: 8
2025-10-06T06:45:26, Current hour = 6, Transmission hour = 1
2025-10-06T06:45:26, 0600352449+08298:451+08697:451+09095:449+08596:449+08697:453+08598:065+08498:454+08498
2025-10-06T06:45:28,  - attempt to send message: 0600352449+08298:451+08697:451+09095:449+08596:449+08697:453+08598:065+08498:454+08498
2025-10-06T06:49:29,  - Modem begin unsuccessful
2025-10-06T06:49:29, Transmission failed. Error = 5
2025-10-06T06:49:29, Done loop ...
2025-10-06T06:49:29, ... powering down.
2025-10-06T07:02:06, Setup Complete
2025-10-06T07:02:08, Data: 2025-10-06T07:02:06,3.54,25631,4525.00,4985.00,4557.50,8.43,98.35,8.49,889.01
2025-10-06T07:02:08, Add row to /TRACKING.csv
2025-10-06T07:02:08, Number of rows in /TRACKING.csv: 1
2025-10-06T07:02:10, Done loop ...
2025-10-06T07:02:10, ... powering down.
2025-10-06T07:02:15, Setup Complete
2025-10-06T07:02:17, Data: 2025-10-06T07:02:15,3.64,25631,4487.00,4505.00,4499.00,8.46,98.33,8.49,889.02
2025-10-06T07:02:17, Add row to /TRACKING.csv
2025-10-06T07:02:17, Number of rows in /TRACKING.csv: 2
2025-10-06T07:02:20, Done loop ...
2025-10-06T07:02:20, ... powering down.
2025-10-06T07:19:01, Setup Complete
2025-10-06T07:19:03, Data: 2025-10-06T07:19:01,3.60,25631,4531.00,4985.00,4605.50,8.38,98.37,8.54,888.98
2025-10-06T07:19:03, Add row to /TRACKING.csv
2025-10-06T07:19:03, Number of rows in /TRACKING.csv: 3
2025-10-06T07:19:06, Done loop ...
2025-10-06T07:19:06, ... powering down.
2025-10-06T07:19:11, Setup Complete
2025-10-06T07:19:13, Data: 2025-10-06T07:19:11,3.62,25631,4488.00,4501.00,4496.50,8.35,98.39,8.54,889.00
2025-10-06T07:19:13, Add row to /TRACKING.csv
2025-10-06T07:19:13, Number of rows in /TRACKING.csv: 4
2025-10-06T07:19:17, Number of rows in /TRACKING.csv is >= 4
2025-10-06T07:19:17, Remove tracking
2025-10-06T07:19:17, Write to /TRANSMIT.csv: 2025-10-06T07:19:11,3.62,4488.00,8.4,98
2025-10-06T07:19:17, Number of rows in /TRANSMIT.csv: 9
2025-10-06T07:19:17, Current hour = 7, Transmission hour = 1
2025-10-06T07:19:17, 0600353449+08298:451+08697:451+09095:449+08596:449+08697:453+08598:065+08498:454+08498:449+08498
2025-10-06T07:19:19,  - attempt to send message: 0600353449+08298:451+08697:451+09095:449+08596:449+08697:453+08598:065+08498:454+08498:449+08498
2025-10-06T07:20:20,  - Modem begin successful
2025-10-06T07:20:20,  - Sending...
2025-10-06T07:20:50, Send response: 
2025-10-06T07:20:50,  - Retry...
2025-10-06T07:20:50,    - Sending...
2025-10-06T07:20:50,    - Send response: 10
2025-10-06T07:21:20,  Sync clocks... 
2025-10-06T07:21:20,  - Clock was not synced
2025-10-06T07:21:20, Transmission failed. Error = 10
2025-10-06T07:21:20, Done loop ...
2025-10-06T07:21:20, ... powering down.
2025-10-06T07:35:57, Setup Complete
2025-10-06T07:35:59, Data: 2025-10-06T07:35:57,3.57,25631,4503.00,4986.00,4615.50,8.25,98.44,8.52,889.00
2025-10-06T07:35:59, Add row to /TRACKING.csv
2025-10-06T07:35:59, Number of rows in /TRACKING.csv: 1
2025-10-06T07:36:02, Done loop ...
2025-10-06T07:36:02, ... powering down.
2025-10-06T07:52:43, Setup Complete
2025-10-06T07:52:45, Data: 2025-10-06T07:52:43,3.54,25631,4504.00,4986.00,4653.50,8.24,98.46,8.49,889.06
2025-10-06T07:52:45, Add row to /TRACKING.csv
2025-10-06T07:52:46, Number of rows in /TRACKING.csv: 2
2025-10-06T07:52:48, Done loop ...
2025-10-06T07:52:48, ... powering down.
2025-10-06T08:09:29, Setup Complete
2025-10-06T08:09:32, Data: 2025-10-06T08:09:29,3.54,25631,4543.00,4983.00,4588.50,8.31,98.54,8.56,889.14
2025-10-06T08:09:32, Add row to /TRACKING.csv
2025-10-06T08:09:32, Number of rows in /TRACKING.csv: 3
2025-10-06T08:09:35, Done loop ...
2025-10-06T08:09:35, ... powering down.
2025-10-06T08:09:39, Setup Complete
2025-10-06T08:09:42, Data: 2025-10-06T08:09:39,3.63,25631,4490.00,4505.00,4496.50,8.32,98.51,8.56,889.17
2025-10-06T08:09:42, Add row to /TRACKING.csv
2025-10-06T08:09:42, Number of rows in /TRACKING.csv: 4
2025-10-06T08:09:45, Number of rows in /TRACKING.csv is >= 4
2025-10-06T08:09:45, Remove tracking
2025-10-06T08:09:45, Write to /TRANSMIT.csv: 2025-10-06T08:09:39,3.63,4490.00,8.3,99
2025-10-06T08:09:45, Number of rows in /TRANSMIT.csv: 10
2025-10-06T08:09:45, Current hour = 8, Transmission hour = 1
2025-10-06T08:09:45, 0600353449+08298:451+08697:451+09095:449+08596:449+08697:453+08598:065+08498:454+08498:449+08498:449+08399
2025-10-06T08:09:48,  - attempt to send message: 0600353449+08298:451+08697:451+09095:449+08596:449+08697:453+08598:065+08498:454+08498:449+08498:449+08399
2025-10-06T08:13:48,  - Modem begin unsuccessful
2025-10-06T08:13:48, Transmission failed. Error = 5
2025-10-06T08:13:48, n_transmit >= 10, too much to transmit, delete /TRANSMIT.csv
2025-10-06T08:13:48, Done loop ...
2025-10-06T08:13:48, ... powering down.
2025-10-06T08:26:25, Setup Complete
2025-10-06T08:26:27, Data: 2025-10-06T08:26:25,3.58,25631,4514.00,4986.00,4602.50,8.39,98.57,8.82,889.13
2025-10-06T08:26:27, Add row to /TRACKING.csv
2025-10-06T08:26:27, Number of rows in /TRACKING.csv: 1
2025-10-06T08:26:30, Done loop ...
2025-10-06T08:26:30, ... powering down.
2025-10-06T08:43:11, Setup Complete
2025-10-06T08:43:13, Data: 2025-10-06T08:43:11,3.56,25631,4538.00,4988.00,4819.50,8.41,98.57,8.99,888.99
2025-10-06T08:43:14, Add row to /TRACKING.csv
2025-10-06T08:43:14, Number of rows in /TRACKING.csv: 2
2025-10-06T08:43:16, Done loop ...
2025-10-06T08:43:16, ... powering down.
2025-10-06T08:43:21, Setup Complete
2025-10-06T08:43:23, Data: 2025-10-06T08:43:21,3.61,25631,4478.00,4513.00,4501.00,8.41,98.61,8.99,889.02
2025-10-06T08:43:23, Add row to /TRACKING.csv
2025-10-06T08:43:23, Number of rows in /TRACKING.csv: 3
2025-10-06T08:43:26, Done loop ...
2025-10-06T08:43:26, ... powering down.
2025-10-06T09:00:07, Setup Complete
2025-10-06T09:00:09, Data: 2025-10-06T09:00:07,3.54,25631,4517.00,4988.00,4676.50,8.20,98.57,9.05,888.73
2025-10-06T09:00:09, Add row to /TRACKING.csv
2025-10-06T09:00:10, Number of rows in /TRACKING.csv: 4
2025-10-06T09:00:13, Number of rows in /TRACKING.csv is >= 4
2025-10-06T09:00:13, Remove tracking
2025-10-06T09:00:13, Write to /TRANSMIT.csv: 2025-10-06T09:00:07,3.54,4517.00,8.2,99
2025-10-06T09:00:13, Number of rows in /TRANSMIT.csv: 1
2025-10-06T09:00:13, Current hour = 9, Transmission hour = 1
2025-10-06T09:00:13, Current hour = 9, Transmission hour = 6
2025-10-06T09:00:13, Current hour = 9, Transmission hour = 8
2025-10-06T09:00:13, Current hour = 9, Transmission hour = 9
2025-10-06T09:00:13, 0609002452+08299
2025-10-06T09:00:16,  - attempt to send message: 0609002452+08299
2025-10-06T09:02:46,  - Modem begin successful
2025-10-06T09:02:46,  - Sending...
2025-10-06T09:03:16, Send response: 
2025-10-06T09:03:16,  - Retry...
2025-10-06T09:03:16,    - Sending...
2025-10-06T09:03:16,    - Send response: 10
2025-10-06T09:03:46,  Sync clocks... 
2025-10-06T09:03:46,  - Clock was not synced
2025-10-06T09:03:47, Transmission failed. Error = 10
2025-10-06T09:03:47, Done loop ...
2025-10-06T09:03:47, ... powering down.
2025-10-06T09:16:53, Setup Complete
2025-10-06T09:16:55, Data: 2025-10-06T09:16:53,3.60,25631,4539.00,4986.00,4585.00,8.42,98.67,9.14,889.06
2025-10-06T09:16:55, Add row to /TRACKING.csv
2025-10-06T09:16:55, Number of rows in /TRACKING.csv: 1
2025-10-06T09:16:58, Done loop ...
2025-10-06T09:16:58, ... powering down.
2025-10-06T09:33:39, Setup Complete
2025-10-06T09:33:42, Data: 2025-10-06T09:33:39,3.58,25631,4501.00,4987.00,4636.00,8.45,98.66,9.18,888.86
2025-10-06T09:33:42, Add row to /TRACKING.csv
2025-10-06T09:33:42, Number of rows in /TRACKING.csv: 2
2025-10-06T09:33:44, Done loop ...
2025-10-06T09:33:44, ... powering down.
2025-10-06T09:33:49, Setup Complete
2025-10-06T09:33:51, Data: 2025-10-06T09:33:49,3.62,25631,4489.00,4504.00,4499.00,8.48,98.69,9.18,888.85
2025-10-06T09:33:51, Add row to /TRACKING.csv
2025-10-06T09:33:51, Number of rows in /TRACKING.csv: 3
2025-10-06T09:33:54, Done loop ...
2025-10-06T09:33:54, ... powering down.
2025-10-06T09:50:35, Setup Complete
2025-10-06T09:50:38, Data: 2025-10-06T09:50:36,3.83,25631,4532.00,4987.00,4594.00,8.29,98.63,9.20,888.78
2025-10-06T09:50:38, Add row to /TRACKING.csv
2025-10-06T09:50:38, Number of rows in /TRACKING.csv: 4
2025-10-06T09:50:41, Number of rows in /TRACKING.csv is >= 4
2025-10-06T09:50:41, Remove tracking
2025-10-06T09:50:41, Write to /TRANSMIT.csv: 2025-10-06T09:50:36,3.83,4532.00,8.3,99
2025-10-06T09:50:41, Number of rows in /TRANSMIT.csv: 2
2025-10-06T09:50:41, Current hour = 9, Transmission hour = 1
2025-10-06T09:50:41, Current hour = 9, Transmission hour = 6
2025-10-06T09:50:41, Current hour = 9, Transmission hour = 8
2025-10-06T09:50:42, Current hour = 9, Transmission hour = 9
2025-10-06T09:50:42, 0609005452+08299:453+08399
2025-10-06T09:50:44,  - attempt to send message: 0609005452+08299:453+08399
2025-10-06T09:51:44,  - Modem begin successful
2025-10-06T09:51:44,  - Sending...
2025-10-06T09:52:15, Send response: 
2025-10-06T09:52:15,  - Retry...
2025-10-06T09:52:15,    - Sending...
2025-10-06T09:52:15,    - Send response: 10
2025-10-06T09:52:45,  Sync clocks... 
2025-10-06T09:52:45,  - Clock was not synced
2025-10-06T09:52:45, Transmission failed. Error = 10
2025-10-06T09:52:45, Done loop ...
2025-10-06T09:52:45, ... powering down.
2025-10-06T10:07:21, Setup Complete
2025-10-06T10:07:24, Data: 2025-10-06T10:07:21,3.63,25631,4519.00,4987.00,4564.50,8.16,98.65,8.97,888.74
2025-10-06T10:07:24, Add row to /TRACKING.csv
2025-10-06T10:07:24, Number of rows in /TRACKING.csv: 1
2025-10-06T10:07:26, Done loop ...
2025-10-06T10:07:26, ... powering down.
2025-10-06T10:07:31, Setup Complete
2025-10-06T10:07:33, Data: 2025-10-06T10:07:31,3.60,25631,4488.00,4508.00,4498.50,8.15,98.64,8.97,888.76
2025-10-06T10:07:33, Add row to /TRACKING.csv
2025-10-06T10:07:33, Number of rows in /TRACKING.csv: 2
2025-10-06T10:07:36, Done loop ...
2025-10-06T10:07:36, ... powering down.
2025-10-06T10:24:17, Setup Complete
2025-10-06T10:24:20, Data: 2025-10-06T10:24:17,3.64,25631,4593.00,4987.00,4643.00,8.31,98.69,8.98,888.71
2025-10-06T10:24:20, Add row to /TRACKING.csv
2025-10-06T10:24:20, Number of rows in /TRACKING.csv: 3
2025-10-06T10:24:23, Done loop ...
2025-10-06T10:24:23, ... powering down.
2025-10-06T10:24:27, Setup Complete
2025-10-06T10:24:29, Data: 2025-10-06T10:24:27,3.61,25631,4476.00,4504.00,4497.50,8.31,98.71,8.99,888.73
2025-10-06T10:24:29, Add row to /TRACKING.csv
2025-10-06T10:24:30, Number of rows in /TRACKING.csv: 4
2025-10-06T10:24:33, Number of rows in /TRACKING.csv is >= 4
2025-10-06T10:24:33, Remove tracking
2025-10-06T10:24:33, Write to /TRANSMIT.csv: 2025-10-06T10:24:27,3.61,4476.00,8.3,99
2025-10-06T10:24:33, Number of rows in /TRANSMIT.csv: 3
2025-10-06T10:24:33, Current hour = 10, Transmission hour = 1
2025-10-06T10:24:33, Current hour = 10, Transmission hour = 6
2025-10-06T10:24:33, Current hour = 10, Transmission hour = 8
2025-10-06T10:24:33, Current hour = 10, Transmission hour = 9
2025-10-06T10:24:33, Current hour = 10, Transmission hour = 10
2025-10-06T10:24:34, 0609003452+08299:453+08399:448+08399
2025-10-06T10:24:36,  - attempt to send message: 0609003452+08299:453+08399:448+08399
2025-10-06T10:24:36,  - Modem begin successful
2025-10-06T10:24:36,  - Sending...
2025-10-06T10:25:06, Send response: 
2025-10-06T10:25:06,  - Retry...
2025-10-06T10:25:06,    - Sending...
2025-10-06T10:25:07,    - Send response: 10
2025-10-06T10:25:37,  Sync clocks... 
2025-10-06T10:25:37,  - Clock was not synced
2025-10-06T10:25:37, Transmission failed. Error = 10
2025-10-06T10:25:37, Done loop ...
2025-10-06T10:25:37, ... powering down.
2025-10-06T10:41:14, Setup Complete
2025-10-06T10:41:16, Data: 2025-10-06T10:41:14,3.65,25631,4508.00,4986.00,4643.50,8.50,98.75,9.49,888.65
2025-10-06T10:41:16, Add row to /TRACKING.csv
2025-10-06T10:41:16, Number of rows in /TRACKING.csv: 1
2025-10-06T10:41:18, Done loop ...
2025-10-06T10:41:19, ... powering down.
2025-10-06T10:41:23, Setup Complete
2025-10-06T10:41:25, Data: 2025-10-06T10:41:23,3.62,25631,4490.00,4987.00,4553.00,8.50,98.80,9.49,888.66
2025-10-06T10:41:25, Add row to /TRACKING.csv
2025-10-06T10:41:25, Number of rows in /TRACKING.csv: 2
2025-10-06T10:41:28, Done loop ...
2025-10-06T10:41:28, ... powering down.
2025-10-06T10:58:10, Setup Complete
2025-10-06T10:58:12, Data: 2025-10-06T10:58:10,3.67,25631,4594.00,4987.00,4808.50,8.26,98.72,9.27,888.54
2025-10-06T10:58:12, Add row to /TRACKING.csv
2025-10-06T10:58:12, Number of rows in /TRACKING.csv: 3
2025-10-06T10:58:15, Done loop ...
2025-10-06T10:58:15, ... powering down.
2025-10-06T10:58:20, Setup Complete
2025-10-06T10:58:22, Data: 2025-10-06T10:58:20,3.62,25631,4481.00,4495.00,4491.00,8.26,98.72,9.28,888.54
2025-10-06T10:58:22, Add row to /TRACKING.csv
2025-10-06T10:58:22, Number of rows in /TRACKING.csv: 4
2025-10-06T10:58:25, Number of rows in /TRACKING.csv is >= 4
2025-10-06T10:58:25, Remove tracking
2025-10-06T10:58:25, Write to /TRANSMIT.csv: 2025-10-06T10:58:20,3.62,4481.00,8.3,99
2025-10-06T10:58:25, Number of rows in /TRANSMIT.csv: 4
2025-10-06T10:58:26, Current hour = 10, Transmission hour = 1
2025-10-06T10:58:26, Current hour = 10, Transmission hour = 6
2025-10-06T10:58:26, Current hour = 10, Transmission hour = 8
2025-10-06T10:58:26, Current hour = 10, Transmission hour = 9
2025-10-06T10:58:26, Current hour = 10, Transmission hour = 10
2025-10-06T10:58:26, 0609003452+08299:453+08399:448+08399:448+08399
2025-10-06T10:58:28,  - attempt to send message: 0609003452+08299:453+08399:448+08399:448+08399
2025-10-06T10:59:29,  - Modem begin successful
2025-10-06T10:59:29,  - Sending...
2025-10-06T10:59:59, Send response: 
2025-10-06T10:59:59,  - Retry...
2025-10-06T10:59:59,    - Sending...
2025-10-06T10:59:59,    - Send response: 10
2025-10-06T11:00:29,  Sync clocks... 
2025-10-06T11:00:29,  - Clock was not synced
2025-10-06T11:00:29, Transmission failed. Error = 10
2025-10-06T11:00:29, Done loop ...
2025-10-06T11:00:29, ... powering down.
2025-10-06T11:15:06, Setup Complete
2025-10-06T11:15:08, Data: 2025-10-06T11:15:06,4.00,25631,4552.00,4985.00,4617.00,8.66,98.79,10.16,888.71
2025-10-06T11:15:08, Add row to /TRACKING.csv
2025-10-06T11:15:08, Number of rows in /TRACKING.csv: 1
2025-10-06T11:15:11, Done loop ...
2025-10-06T11:15:11, ... powering down.
2025-10-06T11:15:15, Setup Complete
2025-10-06T11:15:17, Data: 2025-10-06T11:15:15,3.61,25631,4471.00,4545.00,4488.00,8.70,98.79,10.17,888.69
2025-10-06T11:15:17, Add row to /TRACKING.csv
2025-10-06T11:15:18, Number of rows in /TRACKING.csv: 2
2025-10-06T11:15:20, Done loop ...
2025-10-06T11:15:20, ... powering down.
2025-10-06T11:32:02, Setup Complete
2025-10-06T11:32:04, Data: 2025-10-06T11:32:02,3.68,25631,4544.00,4985.00,4642.00,8.73,98.77,10.75,888.71
2025-10-06T11:32:04, Add row to /TRACKING.csv
2025-10-06T11:32:04, Number of rows in /TRACKING.csv: 3
2025-10-06T11:32:07, Done loop ...
2025-10-06T11:32:07, ... powering down.
2025-10-06T11:32:12, Setup Complete
2025-10-06T11:32:14, Data: 2025-10-06T11:32:12,3.59,25631,4484.00,4551.00,4494.50,8.74,98.80,10.76,888.71
2025-10-06T11:32:14, Add row to /TRACKING.csv
2025-10-06T11:32:14, Number of rows in /TRACKING.csv: 4
2025-10-06T11:32:17, Number of rows in /TRACKING.csv is >= 4
2025-10-06T11:32:17, Remove tracking
2025-10-06T11:32:18, Write to /TRANSMIT.csv: 2025-10-06T11:32:12,3.59,4484.00,8.7,99
2025-10-06T11:32:18, Number of rows in /TRANSMIT.csv: 5
2025-10-06T11:32:18, Current hour = 11, Transmission hour = 1
2025-10-06T11:32:18, 0609002452+08299:453+08399:448+08399:448+08399:448+08799
2025-10-06T11:32:20,  - attempt to send message: 0609002452+08299:453+08399:448+08399:448+08399:448+08799
2025-10-06T11:32:21,  - Modem begin successful
2025-10-06T11:32:21,  - Sending...
2025-10-06T11:33:28, Send response: 
2025-10-06T11:33:28,  - Retry...
2025-10-06T11:33:28,    - Sending...
2025-10-06T11:33:29,    - Send response: 10
2025-10-06T11:33:59,  Sync clocks... 
2025-10-06T11:33:59,  - Clock was not synced
2025-10-06T11:33:59, Transmission failed. Error = 10
2025-10-06T11:33:59, Done loop ...
2025-10-06T11:33:59, ... powering down.
2025-10-06T11:48:58, Setup Complete
2025-10-06T11:49:00, Data: 2025-10-06T11:48:58,3.64,25631,651.00,4986.00,4608.00,8.97,98.76,10.96,888.60
2025-10-06T11:49:00, Add row to /TRACKING.csv
2025-10-06T11:49:01, Number of rows in /TRACKING.csv: 1
2025-10-06T11:49:03, Done loop ...
2025-10-06T11:49:03, ... powering down.
2025-10-06T11:49:08, Setup Complete
2025-10-06T11:49:10, Data: 2025-10-06T11:49:08,3.59,25631,4468.00,4629.00,4559.50,8.97,98.76,10.95,888.60
2025-10-06T11:49:10, Add row to /TRACKING.csv
2025-10-06T11:49:10, Number of rows in /TRACKING.csv: 2
2025-10-06T11:49:13, Done loop ...
2025-10-06T11:49:13, ... powering down.
2025-10-06T12:05:54, Setup Complete
2025-10-06T12:05:56, Data: 2025-10-06T12:05:54,3.67,25631,4522.00,4986.00,4629.50,9.05,98.73,11.02,888.32
2025-10-06T12:05:56, Add row to /TRACKING.csv
2025-10-06T12:05:57, Number of rows in /TRACKING.csv: 3
2025-10-06T12:06:00, Done loop ...
2025-10-06T12:06:00, ... powering down.
2025-10-06T12:06:04, Setup Complete
2025-10-06T12:06:06, Data: 2025-10-06T12:06:04,3.60,25631,4511.00,4613.00,4554.50,9.08,98.73,11.02,888.34
2025-10-06T12:06:06, Add row to /TRACKING.csv
2025-10-06T12:06:06, Number of rows in /TRACKING.csv: 4
2025-10-06T12:06:10, Number of rows in /TRACKING.csv is >= 4
2025-10-06T12:06:10, Remove tracking
2025-10-06T12:06:10, Write to /TRANSMIT.csv: 2025-10-06T12:06:04,3.60,4511.00,9.1,99
2025-10-06T12:06:10, Number of rows in /TRANSMIT.csv: 6
2025-10-06T12:06:10, Current hour = 12, Transmission hour = 1
2025-10-06T12:06:10, 0609002452+08299:453+08399:448+08399:448+08399:448+08799:451+09199
2025-10-06T12:06:12,  - attempt to send message: 0609002452+08299:453+08399:448+08399:448+08399:448+08799:451+09199
2025-10-06T12:06:13,  - Modem begin successful
2025-10-06T12:06:13,  - Sending...
2025-10-06T12:06:43, Send response: 
2025-10-06T12:06:43,  - Retry...
2025-10-06T12:06:43,    - Sending...
2025-10-06T12:06:43,    - Send response: 10
2025-10-06T12:07:13,  Sync clocks... 
2025-10-06T12:07:13,  - Clock was not synced
2025-10-06T12:07:14, Transmission failed. Error = 10
2025-10-06T12:07:14, Done loop ...
2025-10-06T12:07:14, ... powering down.
2025-10-06T12:22:51, Setup Complete
2025-10-06T12:22:53, Data: 2025-10-06T12:22:51,3.65,25631,4610.00,4986.00,4984.00,8.97,98.66,10.48,888.39
2025-10-06T12:22:53, Add row to /TRACKING.csv
2025-10-06T12:22:53, Number of rows in /TRACKING.csv: 1
2025-10-06T12:22:55, Done loop ...
2025-10-06T12:22:56, ... powering down.
2025-10-06T12:23:00, Setup Complete
2025-10-06T12:23:02, Data: 2025-10-06T12:23:00,3.60,25631,4470.00,4986.00,4541.00,8.97,98.69,10.47,888.38
2025-10-06T12:23:02, Add row to /TRACKING.csv
2025-10-06T12:23:03, Number of rows in /TRACKING.csv: 2
2025-10-06T12:23:05, Done loop ...
2025-10-06T12:23:05, ... powering down.
2025-10-06T12:39:47, Setup Complete
2025-10-06T12:39:49, Data: 2025-10-06T12:39:47,3.99,25631,4562.00,4985.00,4653.00,8.98,98.71,10.55,888.22
2025-10-06T12:39:49, Add row to /TRACKING.csv
2025-10-06T12:39:49, Number of rows in /TRACKING.csv: 3
2025-10-06T12:39:52, Done loop ...
2025-10-06T12:39:52, ... powering down.
2025-10-06T12:56:30, Setup Complete
2025-10-06T12:56:32, Data: 2025-10-06T12:56:30,3.58,25631,4536.00,4728.00,4619.00,9.05,98.73,10.70,888.14
2025-10-06T12:56:32, Add row to /TRACKING.csv
2025-10-06T12:56:32, Number of rows in /TRACKING.csv: 4
2025-10-06T12:56:36, Number of rows in /TRACKING.csv is >= 4
2025-10-06T12:56:36, Remove tracking
2025-10-06T12:56:36, Write to /TRANSMIT.csv: 2025-10-06T12:56:30,3.58,4536.00,9.1,99
2025-10-06T12:56:36, Number of rows in /TRANSMIT.csv: 7
2025-10-06T12:56:36, Current hour = 12, Transmission hour = 1
2025-10-06T12:56:36, 0609002452+08299:453+08399:448+08399:448+08399:448+08799:451+09199:454+09199
2025-10-06T12:56:38,  - attempt to send message: 0609002452+08299:453+08399:448+08399:448+08399:448+08799:451+09199:454+09199
2025-10-06T12:57:39,  - Modem begin unsuccessful
2025-10-06T12:57:39, Transmission failed. Error = 3
2025-10-06T12:57:39, Done loop ...
2025-10-06T12:57:39, ... powering down.
2025-10-06T13:13:16, Setup Complete
2025-10-06T13:13:18, Data: 2025-10-06T13:13:16,3.67,25631,4514.00,4988.00,4866.50,9.12,98.72,10.60,888.14
2025-10-06T13:13:18, Add row to /TRACKING.csv
2025-10-06T13:13:19, Number of rows in /TRACKING.csv: 1
2025-10-06T13:13:21, Done loop ...
2025-10-06T13:13:21, ... powering down.
2025-10-06T13:13:26, Setup Complete
2025-10-06T13:13:28, Data: 2025-10-06T13:13:26,3.60,25631,4440.00,4559.00,4484.50,9.15,98.72,10.60,888.12
2025-10-06T13:13:28, Add row to /TRACKING.csv
2025-10-06T13:13:28, Number of rows in /TRACKING.csv: 2
2025-10-06T13:13:31, Done loop ...
2025-10-06T13:13:31, ... powering down.
2025-10-06T13:30:12, Setup Complete
2025-10-06T13:30:14, Data: 2025-10-06T13:30:12,3.58,25631,653.00,4986.00,4709.00,8.98,98.63,10.81,887.94
2025-10-06T13:30:14, Add row to /TRACKING.csv
2025-10-06T13:30:15, Number of rows in /TRACKING.csv: 3
2025-10-06T13:30:18, Done loop ...
2025-10-06T13:30:18, ... powering down.
2025-10-06T13:46:56, Setup Complete
2025-10-06T13:46:58, Data: 2025-10-06T13:46:56,3.89,25631,4527.00,4987.00,4985.00,9.31,98.78,10.95,887.81
2025-10-06T13:46:58, Add row to /TRACKING.csv
2025-10-06T13:46:58, Number of rows in /TRACKING.csv: 4
2025-10-06T13:47:01, Number of rows in /TRACKING.csv is >= 4
2025-10-06T13:47:01, Remove tracking
2025-10-06T13:47:02, Write to /TRANSMIT.csv: 2025-10-06T13:46:56,3.89,4527.00,9.3,99
2025-10-06T13:47:02, Number of rows in /TRANSMIT.csv: 8
2025-10-06T13:47:02, Current hour = 13, Transmission hour = 1
2025-10-06T13:47:02, 0609005452+08299:453+08399:448+08399:448+08399:448+08799:451+09199:454+09199:453+09399
2025-10-06T13:47:04,  - attempt to send message: 0609005452+08299:453+08399:448+08399:448+08399:448+08799:451+09199:454+09199:453+09399
2025-10-06T13:48:34,  - Modem begin unsuccessful
2025-10-06T13:48:35, Transmission failed. Error = 3
2025-10-06T13:48:35, Done loop ...
2025-10-06T13:48:35, ... powering down.
2025-10-06T13:48:40, Setup Complete
2025-10-06T13:48:42, Data: 2025-10-06T13:48:40,3.57,25631,4462.00,4551.00,4509.50,9.18,98.72,10.97,887.85
2025-10-06T13:48:42, Add row to /TRACKING.csv
2025-10-06T13:48:42, Number of rows in /TRACKING.csv: 1
2025-10-06T13:48:44, Done loop ...
2025-10-06T13:48:44, ... powering down.
2025-10-06T14:05:26, Setup Complete
2025-10-06T14:05:28, Data: 2025-10-06T14:05:26,3.79,25631,654.00,4987.00,4692.50,8.81,98.71,10.32,887.74
2025-10-06T14:05:28, Add row to /TRACKING.csv
2025-10-06T14:05:28, Number of rows in /TRACKING.csv: 2
2025-10-06T14:05:31, Done loop ...
2025-10-06T14:05:31, ... powering down.
2025-10-06T14:22:12, Setup Complete
2025-10-06T14:22:14, Data: 2025-10-06T14:22:12,3.61,25631,4504.00,4714.00,4570.00,8.85,98.78,9.95,887.71
2025-10-06T14:22:14, Add row to /TRACKING.csv
2025-10-06T14:22:15, Number of rows in /TRACKING.csv: 3
2025-10-06T14:22:18, Done loop ...
2025-10-06T14:22:18, ... powering down.
2025-10-06T14:38:59, Setup Complete
2025-10-06T14:39:01, Data: 2025-10-06T14:38:59,3.58,25631,4583.00,4987.00,4727.50,8.64,98.72,9.70,887.47
2025-10-06T14:39:01, Add row to /TRACKING.csv
2025-10-06T14:39:01, Number of rows in /TRACKING.csv: 4
2025-10-06T14:39:04, Number of rows in /TRACKING.csv is >= 4
2025-10-06T14:39:04, Remove tracking
2025-10-06T14:39:04, Write to /TRANSMIT.csv: 2025-10-06T14:38:59,3.58,4583.00,8.6,99
2025-10-06T14:39:05, Number of rows in /TRANSMIT.csv: 9
2025-10-06T14:39:05, Current hour = 14, Transmission hour = 1
2025-10-06T14:39:05, 0609002452+08299:453+08399:448+08399:448+08399:448+08799:451+09199:454+09199:453+09399:458+08699
2025-10-06T14:39:07,  - attempt to send message: 0609002452+08299:453+08399:448+08399:448+08399:448+08799:451+09199:454+09199:453+09399:458+08699
2025-10-06T14:40:07,  - Modem begin successful
2025-10-06T14:40:07,  - Sending...
2025-10-06T14:40:48, Send response: 
2025-10-06T14:40:48,  - Retry...
2025-10-06T14:40:48,    - Sending...
2025-10-06T14:40:48,    - Send response: 10
2025-10-06T14:41:18,  Sync clocks... 
2025-10-06T14:41:18,  - Clock was not synced
2025-10-06T14:41:18, Transmission failed. Error = 10
2025-10-06T14:41:18, Done loop ...
2025-10-06T14:41:18, ... powering down.
2025-10-06T14:55:45, Setup Complete
2025-10-06T14:55:47, Data: 2025-10-06T14:55:45,3.67,25631,497.00,4985.00,499.00,8.67,98.78,9.48,887.27
2025-10-06T14:55:47, Add row to /TRACKING.csv
2025-10-06T14:55:47, Number of rows in /TRACKING.csv: 1
2025-10-06T14:55:49, Done loop ...
2025-10-06T14:55:50, ... powering down.
2025-10-06T15:12:31, Setup Complete
2025-10-06T15:12:33, Data: 2025-10-06T15:12:31,3.60,25631,4548.00,4987.00,4985.50,8.60,98.80,9.47,886.99
2025-10-06T15:12:33, Add row to /TRACKING.csv
2025-10-06T15:12:33, Number of rows in /TRACKING.csv: 2
2025-10-06T15:12:36, Done loop ...
2025-10-06T15:12:36, ... powering down.
2025-10-06T15:29:18, Setup Complete
2025-10-06T15:29:20, Data: 2025-10-06T15:29:18,3.68,25631,4539.00,4985.00,4636.00,8.56,98.83,9.42,886.78
2025-10-06T15:29:20, Add row to /TRACKING.csv
2025-10-06T15:29:20, Number of rows in /TRACKING.csv: 3
2025-10-06T15:29:23, Done loop ...
2025-10-06T15:29:23, ... powering down.
2025-10-06T15:46:04, Setup Complete
2025-10-06T15:46:06, Data: 2025-10-06T15:46:04,3.62,25631,4380.00,4763.00,4602.50,8.61,98.87,9.28,886.93
2025-10-06T15:46:06, Add row to /TRACKING.csv
2025-10-06T15:46:06, Number of rows in /TRACKING.csv: 4
2025-10-06T15:46:10, Number of rows in /TRACKING.csv is >= 4
2025-10-06T15:46:10, Remove tracking
2025-10-06T15:46:10, Write to /TRANSMIT.csv: 2025-10-06T15:46:04,3.62,4380.00,8.6,99
2025-10-06T15:46:10, Number of rows in /TRANSMIT.csv: 10
2025-10-06T15:46:10, Current hour = 15, Transmission hour = 1
2025-10-06T15:46:10, 0609003452+08299:453+08399:448+08399:448+08399:448+08799:451+09199:454+09199:453+09399:458+08699:438+08699
2025-10-06T15:46:12,  - attempt to send message: 0609003452+08299:453+08399:448+08399:448+08399:448+08799:451+09199:454+09199:453+09399:458+08699:438+08699
2025-10-06T15:47:13,  - Modem begin unsuccessful
2025-10-06T15:47:13, Transmission failed. Error = 3
2025-10-06T15:47:13, n_transmit >= 10, too much to transmit, delete /TRANSMIT.csv
2025-10-06T15:47:13, Done loop ...
2025-10-06T15:47:13, ... powering down.
2025-10-06T16:02:50, Setup Complete
2025-10-06T16:02:52, Data: 2025-10-06T16:02:50,3.60,25631,4547.00,4985.00,4623.00,8.39,98.85,9.11,886.91
2025-10-06T16:02:52, Add row to /TRACKING.csv
2025-10-06T16:02:52, Number of rows in /TRACKING.csv: 1
2025-10-06T16:02:55, Done loop ...
2025-10-06T16:02:55, ... powering down.
2025-10-06T16:02:59, Setup Complete
2025-10-06T16:03:02, Data: 2025-10-06T16:02:59,3.61,25631,4538.00,4574.00,4562.00,8.39,98.85,9.11,886.92
2025-10-06T16:03:02, Add row to /TRACKING.csv
2025-10-06T16:03:02, Number of rows in /TRACKING.csv: 2
2025-10-06T16:03:04, Done loop ...
2025-10-06T16:03:05, ... powering down.
2025-10-06T16:19:46, Setup Complete
2025-10-06T16:19:48, Data: 2025-10-06T16:19:46,3.60,25631,4544.00,4986.00,4886.50,8.15,98.88,8.75,886.99
2025-10-06T16:19:48, Add row to /TRACKING.csv
2025-10-06T16:19:48, Number of rows in /TRACKING.csv: 3
2025-10-06T16:19:51, Done loop ...
2025-10-06T16:19:51, ... powering down.
2025-10-06T16:36:32, Setup Complete
2025-10-06T16:36:34, Data: 2025-10-06T16:36:32,3.61,25631,4526.00,4987.00,4585.00,7.78,98.87,8.32,886.80
2025-10-06T16:36:34, Add row to /TRACKING.csv
2025-10-06T16:36:34, Number of rows in /TRACKING.csv: 4
2025-10-06T16:36:38, Number of rows in /TRACKING.csv is >= 4
2025-10-06T16:36:38, Remove tracking
2025-10-06T16:36:38, Write to /TRANSMIT.csv: 2025-10-06T16:36:32,3.61,4526.00,7.8,99
2025-10-06T16:36:38, Number of rows in /TRANSMIT.csv: 1
2025-10-06T16:36:38, Current hour = 16, Transmission hour = 1
2025-10-06T16:36:38, Current hour = 16, Transmission hour = 6
2025-10-06T16:36:38, Current hour = 16, Transmission hour = 8
2025-10-06T16:36:38, Current hour = 16, Transmission hour = 9
2025-10-06T16:36:38, Current hour = 16, Transmission hour = 10
2025-10-06T16:36:38, Current hour = 16, Transmission hour = 15
2025-10-06T16:36:38, Current hour = 16, Transmission hour = 20
2025-10-06T16:36:38, Current hour = 16, Transmission hour = 22
2025-10-06T16:36:38, Done loop ...
2025-10-06T16:36:38, ... powering down.
2025-10-06T16:53:18, Setup Complete
2025-10-06T16:53:20, Data: 2025-10-06T16:53:18,3.64,25631,4608.00,4987.00,4893.00,7.64,98.86,8.08,886.62
2025-10-06T16:53:20, Add row to /TRACKING.csv
2025-10-06T16:53:20, Number of rows in /TRACKING.csv: 1
2025-10-06T16:53:23, Done loop ...
2025-10-06T16:53:23, ... powering down.
2025-10-06T16:53:27, Setup Complete
2025-10-06T16:53:30, Data: 2025-10-06T16:53:28,3.62,25631,4579.00,4987.00,4985.50,7.66,98.86,8.08,886.64
2025-10-06T16:53:30, Add row to /TRACKING.csv
2025-10-06T16:53:30, Number of rows in /TRACKING.csv: 2
2025-10-06T16:53:32, Done loop ...
2025-10-06T16:53:33, ... powering down.
2025-10-06T17:10:14, Setup Complete
2025-10-06T17:10:16, Data: 2025-10-06T17:10:14,3.63,25631,4569.00,4986.00,4871.00,7.64,98.89,7.92,886.51
2025-10-06T17:10:16, Add row to /TRACKING.csv
2025-10-06T17:10:16, Number of rows in /TRACKING.csv: 3
2025-10-06T17:10:19, Done loop ...
2025-10-06T17:10:19, ... powering down.
2025-10-06T17:10:24, Setup Complete
2025-10-06T17:10:26, Data: 2025-10-06T17:10:24,3.62,25631,4573.00,4590.00,4585.50,7.59,98.90,7.91,886.48
2025-10-06T17:10:26, Add row to /TRACKING.csv
2025-10-06T17:10:26, Number of rows in /TRACKING.csv: 4
2025-10-06T17:10:29, Number of rows in /TRACKING.csv is >= 4
2025-10-06T17:10:29, Remove tracking
2025-10-06T17:10:29, Write to /TRANSMIT.csv: 2025-10-06T17:10:24,3.62,4573.00,7.6,99
2025-10-06T17:10:29, Number of rows in /TRANSMIT.csv: 2
2025-10-06T17:10:29, Current hour = 17, Transmission hour = 1
2025-10-06T17:10:29, Current hour = 17, Transmission hour = 6
2025-10-06T17:10:30, Current hour = 17, Transmission hour = 8
2025-10-06T17:10:30, Current hour = 17, Transmission hour = 9
2025-10-06T17:10:30, Current hour = 17, Transmission hour = 10
2025-10-06T17:10:30, Current hour = 17, Transmission hour = 15
2025-10-06T17:10:30, Current hour = 17, Transmission hour = 20
2025-10-06T17:10:30, Current hour = 17, Transmission hour = 22
2025-10-06T17:10:30, Done loop ...
2025-10-06T17:10:30, ... powering down.
2025-10-06T17:27:10, Setup Complete
2025-10-06T17:27:12, Data: 2025-10-06T17:27:10,3.58,25631,4553.00,4987.00,4647.00,7.52,98.87,7.74,886.34
2025-10-06T17:27:12, Add row to /TRACKING.csv
2025-10-06T17:27:12, Number of rows in /TRACKING.csv: 1
2025-10-06T17:27:14, Done loop ...
2025-10-06T17:27:14, ... powering down.
2025-10-06T17:27:19, Setup Complete
2025-10-06T17:27:21, Data: 2025-10-06T17:27:19,3.62,25631,4570.00,4589.00,4578.00,7.50,98.88,7.74,886.37
2025-10-06T17:27:21, Add row to /TRACKING.csv
2025-10-06T17:27:21, Number of rows in /TRACKING.csv: 2
2025-10-06T17:27:24, Done loop ...
2025-10-06T17:27:24, ... powering down.
2025-10-06T17:44:05, Setup Complete
2025-10-06T17:44:07, Data: 2025-10-06T17:44:05,3.64,25631,4560.00,4987.00,4681.50,7.49,98.92,7.63,886.29
2025-10-06T17:44:07, Add row to /TRACKING.csv
2025-10-06T17:44:07, Number of rows in /TRACKING.csv: 3
2025-10-06T17:44:10, Done loop ...
2025-10-06T17:44:10, ... powering down.
2025-10-06T18:00:51, Setup Complete
2025-10-06T18:00:53, Data: 2025-10-06T18:00:51,3.62,25631,4605.00,4986.00,4775.50,7.36,98.89,7.55,886.10
2025-10-06T18:00:53, Add row to /TRACKING.csv
2025-10-06T18:00:53, Number of rows in /TRACKING.csv: 4
2025-10-06T18:00:56, Number of rows in /TRACKING.csv is >= 4
2025-10-06T18:00:57, Remove tracking
2025-10-06T18:00:57, Write to /TRANSMIT.csv: 2025-10-06T18:00:51,3.62,4605.00,7.4,99
2025-10-06T18:00:57, Number of rows in /TRANSMIT.csv: 3
2025-10-06T18:00:57, Current hour = 18, Transmission hour = 1
2025-10-06T18:00:57, Current hour = 18, Transmission hour = 6
2025-10-06T18:00:57, Current hour = 18, Transmission hour = 8
2025-10-06T18:00:57, Current hour = 18, Transmission hour = 9
2025-10-06T18:00:57, Current hour = 18, Transmission hour = 10
2025-10-06T18:00:57, Current hour = 18, Transmission hour = 15
2025-10-06T18:00:57, Current hour = 18, Transmission hour = 20
2025-10-06T18:00:57, Current hour = 18, Transmission hour = 22
2025-10-06T18:00:57, Done loop ...
2025-10-06T18:00:57, ... powering down.
2025-10-06T18:17:37, Setup Complete
2025-10-06T18:17:39, Data: 2025-10-06T18:17:37,3.73,25631,4586.00,4987.00,4986.00,7.39,98.87,7.49,886.03
2025-10-06T18:17:39, Add row to /TRACKING.csv
2025-10-06T18:17:39, Number of rows in /TRACKING.csv: 1
2025-10-06T18:17:42, Done loop ...
2025-10-06T18:17:42, ... powering down.
2025-10-06T18:17:46, Setup Complete
2025-10-06T18:17:48, Data: 2025-10-06T18:17:46,3.62,25631,4986.00,4987.00,4986.50,7.39,98.90,7.49,886.07
2025-10-06T18:17:48, Add row to /TRACKING.csv
2025-10-06T18:17:49, Number of rows in /TRACKING.csv: 2
2025-10-06T18:17:51, Done loop ...
2025-10-06T18:17:51, ... powering down.
2025-10-06T18:34:32, Setup Complete
2025-10-06T18:34:34, Data: 2025-10-06T18:34:32,3.58,25631,4785.00,4987.00,4986.00,7.20,98.86,7.38,885.71
2025-10-06T18:34:34, Add row to /TRACKING.csv
2025-10-06T18:34:35, Number of rows in /TRACKING.csv: 3
2025-10-06T18:34:37, Done loop ...
2025-10-06T18:34:38, ... powering down.
2025-10-06T18:34:42, Setup Complete
2025-10-06T18:34:44, Data: 2025-10-06T18:34:42,3.62,25631,4987.00,4988.00,4987.00,7.19,98.86,7.38,885.72
2025-10-06T18:34:44, Add row to /TRACKING.csv
2025-10-06T18:34:44, Number of rows in /TRACKING.csv: 4
2025-10-06T18:34:48, Number of rows in /TRACKING.csv is >= 4
2025-10-06T18:34:48, Remove tracking
2025-10-06T18:34:48, Write to /TRANSMIT.csv: 2025-10-06T18:34:42,3.62,4987.00,7.2,99
2025-10-06T18:34:48, Number of rows in /TRANSMIT.csv: 4
2025-10-06T18:34:48, Current hour = 18, Transmission hour = 1
2025-10-06T18:34:48, Current hour = 18, Transmission hour = 6
2025-10-06T18:34:48, Current hour = 18, Transmission hour = 8
2025-10-06T18:34:48, Current hour = 18, Transmission hour = 9
2025-10-06T18:34:48, Current hour = 18, Transmission hour = 10
2025-10-06T18:34:48, Current hour = 18, Transmission hour = 15
2025-10-06T18:34:48, Current hour = 18, Transmission hour = 20
2025-10-06T18:34:48, Current hour = 18, Transmission hour = 22
2025-10-06T18:34:48, Done loop ...
2025-10-06T18:34:48, ... powering down.
2025-10-06T18:51:28, Setup Complete
2025-10-06T18:51:30, Data: 2025-10-06T18:51:28,3.55,25631,4624.00,4988.00,4756.50,7.19,98.91,7.30,885.72
2025-10-06T18:51:30, Add row to /TRACKING.csv
2025-10-06T18:51:30, Number of rows in /TRACKING.csv: 1
2025-10-06T18:51:33, Done loop ...
2025-10-06T18:51:33, ... powering down.
2025-10-06T18:51:37, Setup Complete
2025-10-06T18:51:40, Data: 2025-10-06T18:51:38,3.62,25631,4585.00,4986.00,4986.00,7.20,98.92,7.30,885.72
2025-10-06T18:51:40, Add row to /TRACKING.csv
2025-10-06T18:51:40, Number of rows in /TRACKING.csv: 2
2025-10-06T18:51:43, Done loop ...
2025-10-06T18:51:43, ... powering down.
2025-10-06T19:08:23, Setup Complete
2025-10-06T19:08:26, Data: 2025-10-06T19:08:23,3.54,25631,4616.00,4987.00,4852.50,6.70,98.90,7.04,885.47
2025-10-06T19:08:26, Add row to /TRACKING.csv
2025-10-06T19:08:26, Number of rows in /TRACKING.csv: 3
2025-10-06T19:08:29, Done loop ...
2025-10-06T19:08:29, ... powering down.
2025-10-06T19:25:09, Setup Complete
2025-10-06T19:25:12, Data: 2025-10-06T19:25:09,3.57,25631,4604.00,4987.00,4904.50,6.79,98.96,6.89,885.03
2025-10-06T19:25:12, Add row to /TRACKING.csv
2025-10-06T19:25:12, Number of rows in /TRACKING.csv: 4
2025-10-06T19:25:15, Number of rows in /TRACKING.csv is >= 4
2025-10-06T19:25:15, Remove tracking
2025-10-06T19:25:15, Write to /TRANSMIT.csv: 2025-10-06T19:25:09,3.57,4604.00,6.8,99
2025-10-06T19:25:15, Number of rows in /TRANSMIT.csv: 5
2025-10-06T19:25:15, Current hour = 19, Transmission hour = 1
2025-10-06T19:25:15, 0616362453+07899:457+07699:461+07499:499+07299:460+06899
2025-10-06T19:25:17,  - attempt to send message: 0616362453+07899:457+07699:461+07499:499+07299:460+06899
2025-10-06T19:28:18,  - Modem begin successful
2025-10-06T19:28:18,  - Sending...
2025-10-06T19:28:48, Send response: 
2025-10-06T19:28:48,  - Retry...
2025-10-06T19:28:48,    - Sending...
2025-10-06T19:28:48,    - Send response: 10
2025-10-06T19:29:18,  Sync clocks... 
2025-10-06T19:29:18,  - Clock was not synced
2025-10-06T19:29:18, Transmission failed. Error = 10
2025-10-06T19:29:19, Done loop ...
2025-10-06T19:29:19, ... powering down.
2025-10-06T19:41:55, Setup Complete
2025-10-06T19:41:57, Data: 2025-10-06T19:41:55,3.54,25631,4618.00,4988.00,4813.00,6.79,99.00,6.90,884.80
2025-10-06T19:41:57, Add row to /TRACKING.csv
2025-10-06T19:41:57, Number of rows in /TRACKING.csv: 1
2025-10-06T19:41:59, Done loop ...
2025-10-06T19:41:59, ... powering down.
2025-10-06T19:42:04, Setup Complete
2025-10-06T19:42:06, Data: 2025-10-06T19:42:04,3.62,25631,4537.00,4988.00,4784.00,6.79,98.99,6.90,884.79
2025-10-06T19:42:06, Add row to /TRACKING.csv
2025-10-06T19:42:06, Number of rows in /TRACKING.csv: 2
2025-10-06T19:42:09, Done loop ...
2025-10-06T19:42:09, ... powering down.
2025-10-06T19:58:50, Setup Complete
2025-10-06T19:58:52, Data: 2025-10-06T19:58:50,3.55,25631,4589.00,4988.00,4906.50,6.60,98.99,6.81,884.57
2025-10-06T19:58:52, Add row to /TRACKING.csv
2025-10-06T19:58:52, Number of rows in /TRACKING.csv: 3
2025-10-06T19:58:55, Done loop ...
2025-10-06T19:58:55, ... powering down.
2025-10-06T19:59:00, Setup Complete
2025-10-06T19:59:02, Data: 2025-10-06T19:59:00,3.62,25631,4596.00,4989.00,4988.00,6.56,98.98,6.81,884.56
2025-10-06T19:59:02, Add row to /TRACKING.csv
2025-10-06T19:59:02, Number of rows in /TRACKING.csv: 4
2025-10-06T19:59:06, Number of rows in /TRACKING.csv is >= 4
2025-10-06T19:59:06, Remove tracking
2025-10-06T19:59:06, Write to /TRANSMIT.csv: 2025-10-06T19:59:00,3.62,4596.00,6.6,99
2025-10-06T19:59:06, Number of rows in /TRANSMIT.csv: 6
2025-10-06T19:59:06, Current hour = 19, Transmission hour = 1
2025-10-06T19:59:06, 0616363453+07899:457+07699:461+07499:499+07299:460+06899:460+06699
2025-10-06T19:59:08,  - attempt to send message: 0616363453+07899:457+07699:461+07499:499+07299:460+06899:460+06699
2025-10-06T19:59:39,  - Modem begin unsuccessful
2025-10-06T19:59:39, Transmission failed. Error = 3
2025-10-06T19:59:39, Done loop ...
2025-10-06T19:59:39, ... powering down.
2025-10-06T20:15:46, Setup Complete
2025-10-06T20:15:48, Data: 2025-10-06T20:15:46,3.69,25631,4619.00,4985.00,4667.50,6.42,99.02,6.63,884.36
2025-10-06T20:15:48, Add row to /TRACKING.csv
2025-10-06T20:15:48, Number of rows in /TRACKING.csv: 1
2025-10-06T20:15:51, Done loop ...
2025-10-06T20:15:51, ... powering down.
2025-10-06T20:15:55, Setup Complete
2025-10-06T20:15:57, Data: 2025-10-06T20:15:55,3.62,25631,4569.00,4986.00,4984.00,6.42,99.00,6.63,884.37
2025-10-06T20:15:57, Add row to /TRACKING.csv
2025-10-06T20:15:58, Number of rows in /TRACKING.csv: 2
2025-10-06T20:16:00, Done loop ...
2025-10-06T20:16:00, ... powering down.
2025-10-06T20:32:41, Setup Complete
2025-10-06T20:32:43, Data: 2025-10-06T20:32:41,3.60,25631,4662.00,4988.00,4986.00,6.09,99.00,6.38,884.30
2025-10-06T20:32:43, Add row to /TRACKING.csv
2025-10-06T20:32:43, Number of rows in /TRACKING.csv: 3
2025-10-06T20:32:46, Done loop ...
2025-10-06T20:32:46, ... powering down.
2025-10-06T20:49:27, Setup Complete
2025-10-06T20:49:29, Data: 2025-10-06T20:49:27,3.57,25631,4562.00,4987.00,4766.00,5.95,99.06,6.15,884.27
2025-10-06T20:49:29, Add row to /TRACKING.csv
2025-10-06T20:49:29, Number of rows in /TRACKING.csv: 4
2025-10-06T20:49:33, Number of rows in /TRACKING.csv is >= 4
2025-10-06T20:49:33, Remove tracking
2025-10-06T20:49:33, Write to /TRANSMIT.csv: 2025-10-06T20:49:27,3.57,4562.00,5.9,99
2025-10-06T20:49:33, Number of rows in /TRANSMIT.csv: 7
2025-10-06T20:49:33, Current hour = 20, Transmission hour = 1
2025-10-06T20:49:33, 0616362453+07899:457+07699:461+07499:499+07299:460+06899:460+06699:456+05999
2025-10-06T20:49:35,  - attempt to send message: 0616362453+07899:457+07699:461+07499:499+07299:460+06899:460+06699:456+05999
2025-10-06T20:52:36,  - Modem begin unsuccessful
2025-10-06T20:52:36, Transmission failed. Error = 3
2025-10-06T20:52:36, Done loop ...
2025-10-06T20:52:36, ... powering down.
2025-10-06T21:06:12, Setup Complete
2025-10-06T21:06:15, Data: 2025-10-06T21:06:12,3.55,25631,4526.00,4986.00,4775.50,6.12,99.09,6.16,884.12
2025-10-06T21:06:15, Add row to /TRACKING.csv
2025-10-06T21:06:15, Number of rows in /TRACKING.csv: 1
2025-10-06T21:06:17, Done loop ...
2025-10-06T21:06:17, ... powering down.
2025-10-06T21:06:22, Setup Complete
2025-10-06T21:06:24, Data: 2025-10-06T21:06:22,3.62,25631,4467.00,4535.00,4500.50,6.12,99.12,6.16,884.13
2025-10-06T21:06:24, Add row to /TRACKING.csv
2025-10-06T21:06:24, Number of rows in /TRACKING.csv: 2
2025-10-06T21:06:27, Done loop ...
2025-10-06T21:06:27, ... powering down.
2025-10-06T21:23:08, Setup Complete
2025-10-06T21:23:10, Data: 2025-10-06T21:23:08,3.63,25631,4538.00,4709.00,4619.50,6.06,99.12,6.17,883.97
2025-10-06T21:23:10, Add row to /TRACKING.csv
2025-10-06T21:23:10, Number of rows in /TRACKING.csv: 3
2025-10-06T21:23:13, Done loop ...
2025-10-06T21:23:13, ... powering down.
2025-10-06T21:23:18, Setup Complete
2025-10-06T21:23:20, Data: 2025-10-06T21:23:18,3.62,25631,4486.00,4519.00,4505.00,6.06,99.09,6.17,883.97
2025-10-06T21:23:20, Add row to /TRACKING.csv
2025-10-06T21:23:20, Number of rows in /TRACKING.csv: 4
2025-10-06T21:23:23, Number of rows in /TRACKING.csv is >= 4
2025-10-06T21:23:23, Remove tracking
2025-10-06T21:23:23, Write to /TRANSMIT.csv: 2025-10-06T21:23:18,3.62,4486.00,6.1,99
2025-10-06T21:23:24, Number of rows in /TRANSMIT.csv: 8
2025-10-06T21:23:24, Current hour = 21, Transmission hour = 1
2025-10-06T21:23:24, 0616363453+07899:457+07699:461+07499:499+07299:460+06899:460+06699:456+05999:449+06199
2025-10-06T21:23:26,  - attempt to send message: 0616363453+07899:457+07699:461+07499:499+07299:460+06899:460+06699:456+05999:449+06199
2025-10-06T21:23:27,  - Modem begin successful
2025-10-06T21:23:27,  - Sending...
2025-10-06T21:23:57, Send response: 
2025-10-06T21:23:57,  - Retry...
2025-10-06T21:23:57,    - Sending...
2025-10-06T21:23:57,    - Send response: 10
2025-10-06T21:24:27,  Sync clocks... 
2025-10-06T21:24:27,  - Clock was not synced
2025-10-06T21:24:27, Transmission failed. Error = 10
2025-10-06T21:24:27, Done loop ...
2025-10-06T21:24:27, ... powering down.
2025-10-06T21:40:03, Setup Complete
2025-10-06T21:40:06, Data: 2025-10-06T21:40:03,3.56,25631,4568.00,4726.00,4615.50,5.93,99.15,6.09,883.90
2025-10-06T21:40:06, Add row to /TRACKING.csv
2025-10-06T21:40:06, Number of rows in /TRACKING.csv: 1
2025-10-06T21:40:08, Done loop ...
2025-10-06T21:40:08, ... powering down.
2025-10-06T21:40:13, Setup Complete
2025-10-06T21:40:15, Data: 2025-10-06T21:40:13,3.62,25631,4498.00,4586.00,4518.50,5.91,99.10,6.09,883.91
2025-10-06T21:40:15, Add row to /TRACKING.csv
2025-10-06T21:40:15, Number of rows in /TRACKING.csv: 2
2025-10-06T21:40:18, Done loop ...
2025-10-06T21:40:18, ... powering down.
2025-10-06T21:56:59, Setup Complete
2025-10-06T21:57:01, Data: 2025-10-06T21:56:59,3.62,25631,4528.00,4730.00,4642.00,5.97,99.13,6.02,883.93
2025-10-06T21:57:01, Add row to /TRACKING.csv
2025-10-06T21:57:01, Number of rows in /TRACKING.csv: 3
2025-10-06T21:57:04, Done loop ...
2025-10-06T21:57:04, ... powering down.
2025-10-06T21:57:09, Setup Complete
2025-10-06T21:57:11, Data: 2025-10-06T21:57:09,3.62,25631,4558.00,4580.00,4567.50,5.98,99.17,6.02,883.92
2025-10-06T21:57:11, Add row to /TRACKING.csv
2025-10-06T21:57:11, Number of rows in /TRACKING.csv: 4
2025-10-06T21:57:14, Number of rows in /TRACKING.csv is >= 4
2025-10-06T21:57:14, Remove tracking
2025-10-06T21:57:14, Write to /TRANSMIT.csv: 2025-10-06T21:57:09,3.62,4558.00,6.0,99
2025-10-06T21:57:15, Number of rows in /TRANSMIT.csv: 9
2025-10-06T21:57:15, Current hour = 21, Transmission hour = 1
2025-10-06T21:57:15, 0616363453+07899:457+07699:461+07499:499+07299:460+06899:460+06699:456+05999:449+06199:456+06099
2025-10-06T21:57:17,  - attempt to send message: 0616363453+07899:457+07699:461+07499:499+07299:460+06899:460+06699:456+05999:449+06199:456+06099
2025-10-06T21:57:18,  - Modem begin successful
2025-10-06T21:57:18,  - Sending...
2025-10-06T21:57:48, Send response: 
2025-10-06T21:57:48,  - Retry...
2025-10-06T21:57:48,    - Sending...
2025-10-06T21:57:48,    - Send response: 10
2025-10-06T21:58:18,  Sync clocks... 
2025-10-06T21:58:18,  - Clock was not synced
2025-10-06T21:58:18, Transmission failed. Error = 10
2025-10-06T21:58:18, Done loop ...
2025-10-06T21:58:18, ... powering down.
2025-10-06T22:13:54, Setup Complete
2025-10-06T22:13:57, Data: 2025-10-06T22:13:55,3.62,25631,4565.00,4986.00,4687.00,5.85,99.16,5.99,883.74
2025-10-06T22:13:57, Add row to /TRACKING.csv
2025-10-06T22:13:57, Number of rows in /TRACKING.csv: 1
2025-10-06T22:13:59, Done loop ...
2025-10-06T22:13:59, ... powering down.
2025-10-06T22:14:04, Setup Complete
2025-10-06T22:14:06, Data: 2025-10-06T22:14:04,3.62,25631,4491.00,4619.00,4534.50,5.88,99.16,6.00,883.77
2025-10-06T22:14:06, Add row to /TRACKING.csv
2025-10-06T22:14:06, Number of rows in /TRACKING.csv: 2
2025-10-06T22:14:09, Done loop ...
2025-10-06T22:14:09, ... powering down.
2025-10-06T22:30:50, Setup Complete
2025-10-06T22:30:52, Data: 2025-10-06T22:30:50,3.60,25631,4533.00,4776.00,4614.00,5.93,99.16,5.95,883.38
2025-10-06T22:30:52, Add row to /TRACKING.csv
2025-10-06T22:30:52, Number of rows in /TRACKING.csv: 3
2025-10-06T22:30:55, Done loop ...
2025-10-06T22:30:55, ... powering down.
2025-10-06T22:31:00, Setup Complete
2025-10-06T22:31:02, Data: 2025-10-06T22:31:00,3.62,25631,4421.00,4632.00,4623.50,5.91,99.20,5.96,883.38
2025-10-06T22:31:02, Add row to /TRACKING.csv
2025-10-06T22:31:02, Number of rows in /TRACKING.csv: 4
2025-10-06T22:31:05, Number of rows in /TRACKING.csv is >= 4
2025-10-06T22:31:05, Remove tracking
2025-10-06T22:31:05, Write to /TRANSMIT.csv: 2025-10-06T22:31:00,3.62,4421.00,5.9,99
2025-10-06T22:31:06, Number of rows in /TRANSMIT.csv: 10
2025-10-06T22:31:06, Current hour = 22, Transmission hour = 1
2025-10-06T22:31:06, 0616363453+07899:457+07699:461+07499:499+07299:460+06899:460+06699:456+05999:449+06199:456+06099:442+05999
2025-10-06T22:31:08,  - attempt to send message: 0616363453+07899:457+07699:461+07499:499+07299:460+06899:460+06699:456+05999:449+06199:456+06099:442+05999
2025-10-06T22:31:09,  - Modem begin successful
2025-10-06T22:31:09,  - Sending...
2025-10-06T22:31:39, Send response: 
2025-10-06T22:31:39,  - Retry...
2025-10-06T22:31:39,    - Sending...
2025-10-06T22:31:39,    - Send response: 10
2025-10-06T22:32:09,  Sync clocks... 
2025-10-06T22:32:09,  - Clock was not synced
2025-10-06T22:32:09, Transmission failed. Error = 10
2025-10-06T22:32:09, n_transmit >= 10, too much to transmit, delete /TRANSMIT.csv
2025-10-06T22:32:09, Done loop ...
2025-10-06T22:32:09, ... powering down.
2025-10-06T22:47:46, Setup Complete
2025-10-06T22:47:48, Data: 2025-10-06T22:47:46,3.64,25631,4540.00,4783.00,4603.50,5.88,99.18,5.95,883.14
2025-10-06T22:47:48, Add row to /TRACKING.csv
2025-10-06T22:47:48, Number of rows in /TRACKING.csv: 1
2025-10-06T22:47:50, Done loop ...
2025-10-06T22:47:50, ... powering down.
2025-10-06T22:47:55, Setup Complete
2025-10-06T22:47:57, Data: 2025-10-06T22:47:55,3.62,25631,4486.00,4632.00,4499.50,5.87,99.17,5.95,883.14
2025-10-06T22:47:57, Add row to /TRACKING.csv
2025-10-06T22:47:57, Number of rows in /TRACKING.csv: 2
2025-10-06T22:48:00, Done loop ...
2025-10-06T22:48:00, ... powering down.
2025-10-06T23:04:41, Setup Complete
2025-10-06T23:04:43, Data: 2025-10-06T23:04:41,3.59,25631,4534.00,4986.00,4647.00,5.79,99.16,5.89,882.83
2025-10-06T23:04:43, Add row to /TRACKING.csv
2025-10-06T23:04:43, Number of rows in /TRACKING.csv: 3
2025-10-06T23:04:46, Done loop ...
2025-10-06T23:04:46, ... powering down.
2025-10-06T23:04:51, Setup Complete
2025-10-06T23:04:53, Data: 2025-10-06T23:04:51,3.62,25631,4513.00,4541.00,4526.00,5.78,99.18,5.90,882.84
2025-10-06T23:04:53, Add row to /TRACKING.csv
2025-10-06T23:04:53, Number of rows in /TRACKING.csv: 4
2025-10-06T23:04:56, Number of rows in /TRACKING.csv is >= 4
2025-10-06T23:04:57, Remove tracking
2025-10-06T23:04:57, Write to /TRANSMIT.csv: 2025-10-06T23:04:51,3.62,4513.00,5.8,99
2025-10-06T23:04:57, Number of rows in /TRANSMIT.csv: 1
2025-10-06T23:04:57, Current hour = 23, Transmission hour = 1
2025-10-06T23:04:57, Current hour = 23, Transmission hour = 6
2025-10-06T23:04:57, Current hour = 23, Transmission hour = 8
2025-10-06T23:04:57, Current hour = 23, Transmission hour = 9
2025-10-06T23:04:57, Current hour = 23, Transmission hour = 10
2025-10-06T23:04:57, Current hour = 23, Transmission hour = 15
2025-10-06T23:04:57, Current hour = 23, Transmission hour = 20
2025-10-06T23:04:57, Current hour = 23, Transmission hour = 22
2025-10-06T23:04:57, Done loop ...
2025-10-06T23:04:57, ... powering down.
2025-10-06T23:21:37, Setup Complete
2025-10-06T23:21:39, Data: 2025-10-06T23:21:37,3.54,25631,4506.00,4749.00,4568.00,5.57,99.19,5.77,883.00
2025-10-06T23:21:39, Add row to /TRACKING.csv
2025-10-06T23:21:39, Number of rows in /TRACKING.csv: 1
2025-10-06T23:21:41, Done loop ...
2025-10-06T23:21:41, ... powering down.
2025-10-06T23:21:46, Setup Complete
2025-10-06T23:21:48, Data: 2025-10-06T23:21:46,3.62,25631,4481.00,4500.00,4488.50,5.57,99.20,5.77,882.99
2025-10-06T23:21:48, Add row to /TRACKING.csv
2025-10-06T23:21:48, Number of rows in /TRACKING.csv: 2
2025-10-06T23:21:51, Done loop ...
2025-10-06T23:21:51, ... powering down.
2025-10-06T23:38:32, Setup Complete
2025-10-06T23:38:34, Data: 2025-10-06T23:38:32,3.64,25631,4530.00,4811.00,4616.00,5.29,99.14,5.59,882.95
2025-10-06T23:38:34, Add row to /TRACKING.csv
2025-10-06T23:38:34, Number of rows in /TRACKING.csv: 3
2025-10-06T23:38:37, Done loop ...
2025-10-06T23:38:37, ... powering down.
2025-10-06T23:38:42, Setup Complete
2025-10-06T23:38:44, Data: 2025-10-06T23:38:42,3.62,25631,4464.00,4481.00,4473.50,5.28,99.16,5.59,882.94
2025-10-06T23:38:44, Add row to /TRACKING.csv
2025-10-06T23:38:44, Number of rows in /TRACKING.csv: 4
2025-10-06T23:38:48, Number of rows in /TRACKING.csv is >= 4
2025-10-06T23:38:48, Remove tracking
2025-10-06T23:38:48, Write to /TRANSMIT.csv: 2025-10-06T23:38:42,3.62,4464.00,5.3,99
2025-10-06T23:38:48, Number of rows in /TRANSMIT.csv: 2
2025-10-06T23:38:48, Current hour = 23, Transmission hour = 1
2025-10-06T23:38:48, Current hour = 23, Transmission hour = 6
2025-10-06T23:38:48, Current hour = 23, Transmission hour = 8
2025-10-06T23:38:48, Current hour = 23, Transmission hour = 9
2025-10-06T23:38:48, Current hour = 23, Transmission hour = 10
2025-10-06T23:38:48, Current hour = 23, Transmission hour = 15
2025-10-06T23:38:48, Current hour = 23, Transmission hour = 20
2025-10-06T23:38:48, Current hour = 23, Transmission hour = 22
2025-10-06T23:38:48, Done loop ...
2025-10-06T23:38:48, ... powering down.
2025-10-06T23:55:28, Setup Complete
2025-10-06T23:55:30, Data: 2025-10-06T23:55:28,3.61,25631,4513.00,4681.00,4576.00,5.23,99.27,5.40,882.82
2025-10-06T23:55:30, Add row to /TRACKING.csv
2025-10-06T23:55:30, Number of rows in /TRACKING.csv: 1
2025-10-06T23:55:32, Done loop ...
2025-10-06T23:55:33, ... powering down.
2025-10-07T00:12:13, Setup Complete
2025-10-07T00:12:16, Data: 2025-10-07T00:12:13,3.54,25631,4495.00,4755.00,4591.00,5.04,99.21,5.25,882.61
2025-10-07T00:12:16, Add row to /TRACKING.csv
2025-10-07T00:12:16, Number of rows in /TRACKING.csv: 2
2025-10-07T00:12:18, Done loop ...
2025-10-07T00:12:19, ... powering down.
2025-10-07T00:28:59, Setup Complete
2025-10-07T00:29:01, Data: 2025-10-07T00:28:59,3.56,25631,4557.00,4986.00,4656.00,5.16,99.26,5.19,882.38
2025-10-07T00:29:01, Add row to /TRACKING.csv
2025-10-07T00:29:02, Number of rows in /TRACKING.csv: 3
2025-10-07T00:29:04, Done loop ...
2025-10-07T00:29:05, ... powering down.
2025-10-07T00:29:09, Setup Complete
2025-10-07T00:29:11, Data: 2025-10-07T00:29:09,3.63,25631,4472.00,4533.00,4497.50,5.13,99.22,5.20,882.37
2025-10-07T00:29:11, Add row to /TRACKING.csv
2025-10-07T00:29:12, Number of rows in /TRACKING.csv: 4
2025-10-07T00:29:15, Number of rows in /TRACKING.csv is >= 4
2025-10-07T00:29:15, Remove tracking
2025-10-07T00:29:15, Write to /TRANSMIT.csv: 2025-10-07T00:29:09,3.63,4472.00,5.1,99
2025-10-07T00:29:15, Number of rows in /TRANSMIT.csv: 3
2025-10-07T00:29:15, Current hour = 0, Transmission hour = 1
2025-10-07T00:29:15, Current hour = 0, Transmission hour = 6
2025-10-07T00:29:15, Current hour = 0, Transmission hour = 8
2025-10-07T00:29:15, Current hour = 0, Transmission hour = 9
2025-10-07T00:29:15, Current hour = 0, Transmission hour = 10
2025-10-07T00:29:15, Current hour = 0, Transmission hour = 15
2025-10-07T00:29:15, Current hour = 0, Transmission hour = 20
2025-10-07T00:29:15, Current hour = 0, Transmission hour = 22
2025-10-07T00:29:15, Done loop ...
2025-10-07T00:29:15, ... powering down.
2025-10-07T00:45:55, Setup Complete
2025-10-07T00:45:57, Data: 2025-10-07T00:45:55,3.62,25631,4563.00,4753.00,4632.50,5.23,99.26,5.26,882.17
2025-10-07T00:45:57, Add row to /TRACKING.csv
2025-10-07T00:45:57, Number of rows in /TRACKING.csv: 1
2025-10-07T00:46:00, Done loop ...
2025-10-07T00:46:00, ... powering down.
2025-10-07T01:02:41, Setup Complete
2025-10-07T01:02:43, Data: 2025-10-07T01:02:41,3.56,25631,4503.00,4806.00,4613.00,5.22,99.27,5.28,882.15
2025-10-07T01:02:43, Add row to /TRACKING.csv
2025-10-07T01:02:43, Number of rows in /TRACKING.csv: 2
2025-10-07T01:02:46, Done loop ...
2025-10-07T01:02:46, ... powering down.
2025-10-07T01:19:27, Setup Complete
2025-10-07T01:19:29, Data: 2025-10-07T01:19:27,3.61,25631,4520.00,4986.00,4670.00,4.89,99.27,5.18,882.13
2025-10-07T01:19:29, Add row to /TRACKING.csv
2025-10-07T01:19:29, Number of rows in /TRACKING.csv: 3
2025-10-07T01:19:32, Done loop ...
2025-10-07T01:19:32, ... powering down.
2025-10-07T01:19:37, Setup Complete
2025-10-07T01:19:39, Data: 2025-10-07T01:19:37,3.62,25631,4479.00,4504.00,4484.00,4.88,99.25,5.18,882.14
2025-10-07T01:19:39, Add row to /TRACKING.csv
2025-10-07T01:19:39, Number of rows in /TRACKING.csv: 4
2025-10-07T01:19:42, Number of rows in /TRACKING.csv is >= 4
2025-10-07T01:19:42, Remove tracking
2025-10-07T01:19:42, Write to /TRANSMIT.csv: 2025-10-07T01:19:37,3.62,4479.00,4.9,99
2025-10-07T01:19:42, Number of rows in /TRANSMIT.csv: 4
2025-10-07T01:19:42, Current hour = 1, Transmission hour = 1
2025-10-07T01:19:43, 0623043451+05899:446+05399:447+05199:448+04999
2025-10-07T01:19:45,  - attempt to send message: 0623043451+05899:446+05399:447+05199:448+04999
2025-10-07T01:19:45,  - Modem begin successful
2025-10-07T01:19:45,  - Sending...
2025-10-07T01:20:15, Send response: 
2025-10-07T01:20:15,  - Retry...
2025-10-07T01:20:16,    - Sending...
2025-10-07T01:20:16,    - Send response: 10
2025-10-07T01:20:46,  Sync clocks... 
2025-10-07T01:20:46,  - Clock was not synced
2025-10-07T01:20:46, Transmission failed. Error = 10
2025-10-07T01:20:46, Done loop ...
2025-10-07T01:20:46, ... powering down.
2025-10-07T01:36:22, Setup Complete
2025-10-07T01:36:24, Data: 2025-10-07T01:36:22,3.53,25631,4487.00,4986.00,4629.00,4.54,99.30,4.92,882.15
2025-10-07T01:36:24, Add row to /TRACKING.csv
2025-10-07T01:36:25, Number of rows in /TRACKING.csv: 1
2025-10-07T01:36:27, Done loop ...
2025-10-07T01:36:27, ... powering down.
2025-10-07T01:36:32, Setup Complete
2025-10-07T01:36:34, Data: 2025-10-07T01:36:32,3.63,25631,4471.00,4489.00,4483.00,4.54,99.24,4.92,882.10
2025-10-07T01:36:34, Add row to /TRACKING.csv
2025-10-07T01:36:34, Number of rows in /TRACKING.csv: 2
2025-10-07T01:36:37, Done loop ...
2025-10-07T01:36:37, ... powering down.
2025-10-07T01:53:17, Setup Complete
2025-10-07T01:53:20, Data: 2025-10-07T01:53:18,3.52,25631,4500.00,4753.00,4644.50,4.26,99.25,4.65,882.11
2025-10-07T01:53:20, Add row to /TRACKING.csv
2025-10-07T01:53:20, Number of rows in /TRACKING.csv: 3
2025-10-07T01:53:23, Done loop ...
2025-10-07T01:53:23, ... powering down.
2025-10-07T02:10:03, Setup Complete
2025-10-07T02:10:05, Data: 2025-10-07T02:10:03,3.53,25631,4487.00,4746.00,4584.50,4.01,99.26,4.46,882.09
2025-10-07T02:10:05, Add row to /TRACKING.csv
2025-10-07T02:10:06, Number of rows in /TRACKING.csv: 4
2025-10-07T02:10:09, Number of rows in /TRACKING.csv is >= 4
2025-10-07T02:10:09, Remove tracking
2025-10-07T02:10:09, Write to /TRANSMIT.csv: 2025-10-07T02:10:03,3.53,4487.00,4.0,99
2025-10-07T02:10:09, Number of rows in /TRANSMIT.csv: 5
2025-10-07T02:10:09, Current hour = 2, Transmission hour = 1
2025-10-07T02:10:09, 0623042451+05899:446+05399:447+05199:448+04999:449+04099
2025-10-07T02:10:11,  - attempt to send message: 0623042451+05899:446+05399:447+05199:448+04999:449+04099
2025-10-07T02:12:12,  - Modem begin successful
2025-10-07T02:12:12,  - Sending...
2025-10-07T02:12:42, Send response: 
2025-10-07T02:12:42,  - Retry...
2025-10-07T02:12:42,    - Sending...
2025-10-07T02:12:42,    - Send response: 10
2025-10-07T02:13:12,  Sync clocks... 
2025-10-07T02:13:12,  - Clock was not synced
2025-10-07T02:13:12, Transmission failed. Error = 10
2025-10-07T02:13:12, Done loop ...
2025-10-07T02:13:12, ... powering down.
2025-10-07T02:26:48, Setup Complete
2025-10-07T02:26:51, Data: 2025-10-07T02:26:49,3.57,25631,4491.00,4721.00,4566.00,3.60,99.27,4.09,881.98
2025-10-07T02:26:51, Add row to /TRACKING.csv
2025-10-07T02:26:51, Number of rows in /TRACKING.csv: 1
2025-10-07T02:26:53, Done loop ...
2025-10-07T02:26:53, ... powering down.
2025-10-07T02:26:58, Setup Complete
2025-10-07T02:27:00, Data: 2025-10-07T02:26:58,3.63,25631,4462.00,4484.00,4476.00,3.61,99.24,4.09,881.96
2025-10-07T02:27:00, Add row to /TRACKING.csv
2025-10-07T02:27:00, Number of rows in /TRACKING.csv: 2
2025-10-07T02:27:03, Done loop ...
2025-10-07T02:27:03, ... powering down.
2025-10-07T02:43:44, Setup Complete
2025-10-07T02:43:46, Data: 2025-10-07T02:43:44,3.62,25631,4478.00,4751.00,4609.00,2.73,99.15,3.44,881.71
2025-10-07T02:43:46, Add row to /TRACKING.csv
2025-10-07T02:43:46, Number of rows in /TRACKING.csv: 3
2025-10-07T02:43:49, Done loop ...
2025-10-07T02:43:49, ... powering down.
2025-10-07T03:00:29, Setup Complete
2025-10-07T03:00:31, Data: 2025-10-07T03:00:29,3.60,25631,4513.00,4761.00,4632.00,2.91,99.07,3.03,881.52
2025-10-07T03:00:31, Add row to /TRACKING.csv
2025-10-07T03:00:32, Number of rows in /TRACKING.csv: 4
2025-10-07T03:00:35, Number of rows in /TRACKING.csv is >= 4
2025-10-07T03:00:35, Remove tracking
2025-10-07T03:00:35, Write to /TRANSMIT.csv: 2025-10-07T03:00:29,3.60,4513.00,2.9,99
2025-10-07T03:00:35, Number of rows in /TRANSMIT.csv: 6
2025-10-07T03:00:35, Current hour = 3, Transmission hour = 1
2025-10-07T03:00:35, 0623042451+05899:446+05399:447+05199:448+04999:449+04099:451+02999
2025-10-07T03:00:37,  - attempt to send message: 0623042451+05899:446+05399:447+05199:448+04999:449+04099:451+02999
2025-10-07T03:01:38,  - Modem begin successful
2025-10-07T03:01:38,  - Sending...
2025-10-07T03:02:08, Send response: 
2025-10-07T03:02:08,  - Retry...
2025-10-07T03:02:08,    - Sending...
2025-10-07T03:02:08,    - Send response: 10
2025-10-07T03:02:38,  Sync clocks... 
2025-10-07T03:02:38,  - Clock was not synced
2025-10-07T03:02:39, Transmission failed. Error = 10
2025-10-07T03:02:39, Done loop ...
2025-10-07T03:02:39, ... powering down.
2025-10-07T03:17:15, Setup Complete
2025-10-07T03:17:17, Data: 2025-10-07T03:17:15,3.80,25631,4520.00,4986.00,4781.50,2.77,99.06,2.96,881.68
2025-10-07T03:17:17, Add row to /TRACKING.csv
2025-10-07T03:17:17, Number of rows in /TRACKING.csv: 1
2025-10-07T03:17:19, Done loop ...
2025-10-07T03:17:19, ... powering down.
2025-10-07T03:17:24, Setup Complete
2025-10-07T03:17:26, Data: 2025-10-07T03:17:24,3.63,25631,4490.00,4512.00,4501.50,2.75,99.06,2.96,881.73
2025-10-07T03:17:26, Add row to /TRACKING.csv
2025-10-07T03:17:26, Number of rows in /TRACKING.csv: 2
2025-10-07T03:17:29, Done loop ...
2025-10-07T03:17:29, ... powering down.
2025-10-07T03:34:10, Setup Complete
2025-10-07T03:34:12, Data: 2025-10-07T03:34:10,3.60,25631,4538.00,4794.00,4571.50,2.32,98.04,2.69,881.62
2025-10-07T03:34:12, Add row to /TRACKING.csv
2025-10-07T03:34:12, Number of rows in /TRACKING.csv: 3
2025-10-07T03:34:15, Done loop ...
2025-10-07T03:34:15, ... powering down.
2025-10-07T03:34:20, Setup Complete
2025-10-07T03:34:22, Data: 2025-10-07T03:34:20,3.63,25631,4473.00,4505.00,4489.50,2.30,98.06,2.68,881.61
2025-10-07T03:34:22, Add row to /TRACKING.csv
2025-10-07T03:34:22, Number of rows in /TRACKING.csv: 4
2025-10-07T03:34:25, Number of rows in /TRACKING.csv is >= 4
2025-10-07T03:34:25, Remove tracking
2025-10-07T03:34:25, Write to /TRANSMIT.csv: 2025-10-07T03:34:20,3.63,4473.00,2.3,98
2025-10-07T03:34:26, Number of rows in /TRANSMIT.csv: 7
2025-10-07T03:34:26, Current hour = 3, Transmission hour = 1
2025-10-07T03:34:26, 0623043451+05899:446+05399:447+05199:448+04999:449+04099:451+02999:447+02398
2025-10-07T03:34:28,  - attempt to send message: 0623043451+05899:446+05399:447+05199:448+04999:449+04099:451+02999:447+02398
2025-10-07T03:34:58,  - Modem begin successful
2025-10-07T03:34:58,  - Sending...
2025-10-07T03:35:28, Send response: 
2025-10-07T03:35:28,  - Retry...
2025-10-07T03:35:29,    - Sending...
2025-10-07T03:35:29,    - Send response: 10
2025-10-07T03:35:59,  Sync clocks... 
2025-10-07T03:35:59,  - Clock was not synced
2025-10-07T03:35:59, Transmission failed. Error = 10
2025-10-07T03:35:59, Done loop ...
2025-10-07T03:35:59, ... powering down.
2025-10-07T03:51:08, Setup Complete
2025-10-07T03:51:10, Data: 2025-10-07T03:51:08,3.61,25631,4527.00,4986.00,4620.50,1.85,98.60,2.19,881.67
2025-10-07T03:51:10, Add row to /TRACKING.csv
2025-10-07T03:51:10, Number of rows in /TRACKING.csv: 1
2025-10-07T03:51:12, Done loop ...
2025-10-07T03:51:12, ... powering down.
2025-10-07T04:07:56, Setup Complete
2025-10-07T04:07:58, Data: 2025-10-07T04:07:56,3.64,25631,4530.00,4987.00,4644.50,1.71,98.18,1.81,881.74
2025-10-07T04:07:58, Add row to /TRACKING.csv
2025-10-07T04:07:58, Number of rows in /TRACKING.csv: 2
2025-10-07T04:08:01, Done loop ...
2025-10-07T04:08:01, ... powering down.
2025-10-07T04:24:44, Setup Complete
2025-10-07T04:24:46, Data: 2025-10-07T04:24:44,3.73,25631,4510.00,4773.00,4546.50,1.64,98.64,1.61,881.71
2025-10-07T04:24:46, Add row to /TRACKING.csv
2025-10-07T04:24:46, Number of rows in /TRACKING.csv: 3
2025-10-07T04:24:49, Done loop ...
2025-10-07T04:24:49, ... powering down.
2025-10-07T04:41:32, Setup Complete
2025-10-07T04:41:34, Data: 2025-10-07T04:41:32,3.58,25631,4530.00,4986.00,4568.00,1.37,98.20,1.44,881.70
2025-10-07T04:41:34, Add row to /TRACKING.csv
2025-10-07T04:41:34, Number of rows in /TRACKING.csv: 4
2025-10-07T04:41:38, Number of rows in /TRACKING.csv is >= 4
2025-10-07T04:41:38, Remove tracking
2025-10-07T04:41:38, Write to /TRANSMIT.csv: 2025-10-07T04:41:32,3.58,4530.00,1.4,98
2025-10-07T04:41:38, Number of rows in /TRANSMIT.csv: 8
2025-10-07T04:41:38, Current hour = 4, Transmission hour = 1
2025-10-07T04:41:38, 0623042451+05899:446+05399:447+05199:448+04999:449+04099:451+02999:447+02398:453+01498
2025-10-07T04:41:40,  - attempt to send message: 0623042451+05899:446+05399:447+05199:448+04999:449+04099:451+02999:447+02398:453+01498
2025-10-07T04:44:11,  - Modem begin successful
2025-10-07T04:44:11,  - Sending...
2025-10-07T04:44:41, Send response: 
2025-10-07T04:44:41,  - Retry...
2025-10-07T04:44:41,    - Sending...
2025-10-07T04:44:41,    - Send response: 10
2025-10-07T04:45:11,  Sync clocks... 
2025-10-07T04:45:11,  - Clock was not synced
2025-10-07T04:45:11, Transmission failed. Error = 10
2025-10-07T04:45:11, Done loop ...
2025-10-07T04:45:12, ... powering down.
2025-10-07T04:58:20, Setup Complete
2025-10-07T04:58:22, Data: 2025-10-07T04:58:20,3.74,25631,4535.00,4986.00,4722.00,1.22,98.33,1.28,881.58
2025-10-07T04:58:22, Add row to /TRACKING.csv
2025-10-07T04:58:22, Number of rows in /TRACKING.csv: 1
2025-10-07T04:58:25, Done loop ...
2025-10-07T04:58:25, ... powering down.
2025-10-07T05:15:08, Setup Complete
2025-10-07T05:15:10, Data: 2025-10-07T05:15:08,3.62,25631,4476.00,4986.00,4567.50,1.12,98.23,1.11,881.52
2025-10-07T05:15:10, Add row to /TRACKING.csv
2025-10-07T05:15:10, Number of rows in /TRACKING.csv: 2
2025-10-07T05:15:13, Done loop ...
2025-10-07T05:15:13, ... powering down.
2025-10-07T05:31:56, Setup Complete
2025-10-07T05:31:58, Data: 2025-10-07T05:31:56,3.54,25631,4545.00,4986.00,4679.00,0.89,97.90,0.93,881.55
2025-10-07T05:31:58, Add row to /TRACKING.csv
2025-10-07T05:31:58, Number of rows in /TRACKING.csv: 3
2025-10-07T05:32:01, Done loop ...
2025-10-07T05:32:01, ... powering down.
2025-10-07T05:48:44, Setup Complete
2025-10-07T05:48:46, Data: 2025-10-07T05:48:44,3.67,25631,4485.00,4702.00,4565.50,0.24,94.34,0.51,881.53
2025-10-07T05:48:46, Add row to /TRACKING.csv
2025-10-07T05:48:46, Number of rows in /TRACKING.csv: 4
2025-10-07T05:48:50, Number of rows in /TRACKING.csv is >= 4
2025-10-07T05:48:50, Remove tracking
2025-10-07T05:48:50, Write to /TRANSMIT.csv: 2025-10-07T05:48:44,3.67,4485.00,0.2,94
2025-10-07T05:48:50, Number of rows in /TRANSMIT.csv: 9
2025-10-07T05:48:50, Current hour = 5, Transmission hour = 1
2025-10-07T05:48:50, 0623043451+05899:446+05399:447+05199:448+04999:449+04099:451+02999:447+02398:453+01498:449+00294
2025-10-07T05:48:52,  - attempt to send message: 0623043451+05899:446+05399:447+05199:448+04999:449+04099:451+02999:447+02398:453+01498:449+00294
2025-10-07T05:50:23,  - Modem begin successful
2025-10-07T05:50:23,  - Sending...
2025-10-07T05:50:53, Send response: 
2025-10-07T05:50:53,  - Retry...
2025-10-07T05:50:53,    - Sending...
2025-10-07T05:50:53,    - Send response: 10
2025-10-07T05:51:23,  Sync clocks... 
2025-10-07T05:51:23,  - Clock was not synced
2025-10-07T05:51:24, Transmission failed. Error = 10
2025-10-07T05:51:24, Done loop ...
2025-10-07T05:51:24, ... powering down.
2025-10-07T06:05:32, Setup Complete
2025-10-07T06:05:34, Data: 2025-10-07T06:05:32,3.58,25631,4511.00,4987.00,4564.00,0.07,94.13,0.25,881.48
2025-10-07T06:05:34, Add row to /TRACKING.csv
2025-10-07T06:05:34, Number of rows in /TRACKING.csv: 1
2025-10-07T06:05:37, Done loop ...
2025-10-07T06:05:37, ... powering down.
2025-10-07T06:22:20, Setup Complete
2025-10-07T06:22:22, Data: 2025-10-07T06:22:20,3.54,25631,4481.00,4848.00,4585.50,0.14,95.15,-0.03,881.59
2025-10-07T06:22:22, Add row to /TRACKING.csv
2025-10-07T06:22:22, Number of rows in /TRACKING.csv: 2
2025-10-07T06:22:25, Done loop ...
2025-10-07T06:22:25, ... powering down.
2025-10-07T06:39:08, Setup Complete
2025-10-07T06:39:10, Data: 2025-10-07T06:39:08,3.55,25631,4527.00,4696.00,4570.00,0.27,97.41,-0.14,881.65
2025-10-07T06:39:10, Add row to /TRACKING.csv
2025-10-07T06:39:10, Number of rows in /TRACKING.csv: 3
2025-10-07T06:39:13, Done loop ...
2025-10-07T06:39:13, ... powering down.
2025-10-07T06:39:18, Setup Complete
2025-10-07T06:39:20, Data: 2025-10-07T06:39:18,3.63,25631,4500.00,4530.00,4514.50,0.24,97.39,-0.14,881.63
2025-10-07T06:39:20, Add row to /TRACKING.csv
2025-10-07T06:39:20, Number of rows in /TRACKING.csv: 4
2025-10-07T06:39:23, Number of rows in /TRACKING.csv is >= 4
2025-10-07T06:39:24, Remove tracking
2025-10-07T06:39:24, Write to /TRANSMIT.csv: 2025-10-07T06:39:18,3.63,4500.00,0.2,97
2025-10-07T06:39:24, Number of rows in /TRANSMIT.csv: 10
2025-10-07T06:39:24, Current hour = 6, Transmission hour = 1
2025-10-07T06:39:24, 0623043451+05899:446+05399:447+05199:448+04999:449+04099:451+02999:447+02398:453+01498:449+00294:450+00297
2025-10-07T06:39:26,  - attempt to send message: 0623043451+05899:446+05399:447+05199:448+04999:449+04099:451+02999:447+02398:453+01498:449+00294:450+00297
2025-10-07T06:39:57,  - Modem begin successful
2025-10-07T06:39:57,  - Sending...
2025-10-07T06:40:27, Send response: 
2025-10-07T06:40:27,  - Retry...
2025-10-07T06:40:27,    - Sending...
2025-10-07T06:40:27,    - Send response: 10
2025-10-07T06:40:57,  Sync clocks... 
2025-10-07T06:40:57,  - Clock was not synced
2025-10-07T06:40:57, Transmission failed. Error = 10
2025-10-07T06:40:57, n_transmit >= 10, too much to transmit, delete /TRANSMIT.csv
2025-10-07T06:40:57, Done loop ...
2025-10-07T06:40:57, ... powering down.
2025-10-07T06:56:06, Setup Complete
2025-10-07T06:56:08, Data: 2025-10-07T06:56:06,3.71,25631,4525.00,4986.00,4565.00,-0.05,97.71,-0.30,881.75
2025-10-07T06:56:08, Add row to /TRACKING.csv
2025-10-07T06:56:08, Number of rows in /TRACKING.csv: 1
2025-10-07T06:56:10, Done loop ...
2025-10-07T06:56:11, ... powering down.
2025-10-07T07:12:54, Setup Complete
2025-10-07T07:12:56, Data: 2025-10-07T07:12:54,3.61,25631,4534.00,4758.00,4580.00,-0.09,96.86,-0.34,881.91
2025-10-07T07:12:56, Add row to /TRACKING.csv
2025-10-07T07:12:56, Number of rows in /TRACKING.csv: 2
2025-10-07T07:12:59, Done loop ...
2025-10-07T07:12:59, ... powering down.
2025-10-07T07:29:42, Setup Complete
2025-10-07T07:29:44, Data: 2025-10-07T07:29:42,3.61,25631,4493.00,4644.00,4578.50,0.10,91.70,-0.26,881.94
2025-10-07T07:29:44, Add row to /TRACKING.csv
2025-10-07T07:29:45, Number of rows in /TRACKING.csv: 3
2025-10-07T07:29:47, Done loop ...
2025-10-07T07:29:47, ... powering down.
2025-10-07T07:46:30, Setup Complete
2025-10-07T07:46:33, Data: 2025-10-07T07:46:30,3.55,25631,4467.00,4743.00,4586.00,0.27,86.12,-0.05,881.95
2025-10-07T07:46:33, Add row to /TRACKING.csv
2025-10-07T07:46:33, Number of rows in /TRACKING.csv: 4
2025-10-07T07:46:36, Number of rows in /TRACKING.csv is >= 4
2025-10-07T07:46:36, Remove tracking
2025-10-07T07:46:36, Write to /TRANSMIT.csv: 2025-10-07T07:46:30,3.55,4467.00,0.3,86
2025-10-07T07:46:36, Number of rows in /TRANSMIT.csv: 1
2025-10-07T07:46:36, Current hour = 7, Transmission hour = 1
2025-10-07T07:46:36, Current hour = 7, Transmission hour = 6
2025-10-07T07:46:36, Current hour = 7, Transmission hour = 8
2025-10-07T07:46:37, Current hour = 7, Transmission hour = 9
2025-10-07T07:46:37, Current hour = 7, Transmission hour = 10
2025-10-07T07:46:37, Current hour = 7, Transmission hour = 15
2025-10-07T07:46:37, Current hour = 7, Transmission hour = 20
2025-10-07T07:46:37, Current hour = 7, Transmission hour = 22
2025-10-07T07:46:37, Done loop ...
2025-10-07T07:46:37, ... powering down.
2025-10-07T07:46:41, Setup Complete
2025-10-07T07:46:44, Data: 2025-10-07T07:46:41,3.60,25631,4482.00,4585.00,4519.00,0.27,85.61,-0.03,881.99
2025-10-07T07:46:44, Add row to /TRACKING.csv
2025-10-07T07:46:44, Number of rows in /TRACKING.csv: 1
2025-10-07T07:46:46, Done loop ...
2025-10-07T07:46:46, ... powering down.
2025-10-07T08:03:30, Setup Complete
2025-10-07T08:03:32, Data: 2025-10-07T08:03:30,3.58,25631,644.00,4988.00,4612.50,0.96,79.91,3.99,882.08
2025-10-07T08:03:32, Add row to /TRACKING.csv
2025-10-07T08:03:32, Number of rows in /TRACKING.csv: 2
2025-10-07T08:03:35, Done loop ...
2025-10-07T08:03:35, ... powering down.
2025-10-07T08:03:40, Setup Complete
2025-10-07T08:03:42, Data: 2025-10-07T08:03:40,3.60,25631,4490.00,4565.00,4522.50,0.96,79.54,4.02,882.15
2025-10-07T08:03:42, Add row to /TRACKING.csv
2025-10-07T08:03:42, Number of rows in /TRACKING.csv: 3
2025-10-07T08:03:45, Done loop ...
2025-10-07T08:03:45, ... powering down.
2025-10-07T08:20:26, Setup Complete
2025-10-07T08:20:28, Data: 2025-10-07T08:20:26,3.66,25631,4558.00,4986.00,4588.50,1.36,79.23,4.46,881.92
2025-10-07T08:20:28, Add row to /TRACKING.csv
2025-10-07T08:20:28, Number of rows in /TRACKING.csv: 4
2025-10-07T08:20:32, Number of rows in /TRACKING.csv is >= 4
2025-10-07T08:20:32, Remove tracking
2025-10-07T08:20:32, Write to /TRANSMIT.csv: 2025-10-07T08:20:26,3.66,4558.00,1.4,79
2025-10-07T08:20:32, Number of rows in /TRANSMIT.csv: 2
2025-10-07T08:20:32, Current hour = 8, Transmission hour = 1
2025-10-07T08:20:32, Current hour = 8, Transmission hour = 6
2025-10-07T08:20:32, Current hour = 8, Transmission hour = 8
2025-10-07T08:20:32, 0707463447+00386:456+01479
2025-10-07T08:20:34,  - attempt to send message: 0707463447+00386:456+01479
2025-10-07T08:22:35,  - Modem begin unsuccessful
2025-10-07T08:22:35, Transmission failed. Error = 3
2025-10-07T08:22:35, Done loop ...
2025-10-07T08:22:35, ... powering down.
2025-10-07T08:37:12, Setup Complete
2025-10-07T08:37:14, Data: 2025-10-07T08:37:12,3.55,25631,4556.00,4985.00,4623.00,1.72,87.50,4.00,882.18
2025-10-07T08:37:14, Add row to /TRACKING.csv
2025-10-07T08:37:14, Number of rows in /TRACKING.csv: 1
2025-10-07T08:37:16, Done loop ...
2025-10-07T08:37:16, ... powering down.
2025-10-07T08:37:21, Setup Complete
2025-10-07T08:37:23, Data: 2025-10-07T08:37:21,3.63,25631,4540.00,4561.00,4546.00,1.71,86.97,3.99,882.18
2025-10-07T08:37:23, Add row to /TRACKING.csv
2025-10-07T08:37:23, Number of rows in /TRACKING.csv: 2
2025-10-07T08:37:26, Done loop ...
2025-10-07T08:37:26, ... powering down.
2025-10-07T08:54:07, Setup Complete
2025-10-07T08:54:09, Data: 2025-10-07T08:54:07,3.65,25631,4525.00,4986.00,4584.50,0.74,93.00,2.46,882.23
2025-10-07T08:54:09, Add row to /TRACKING.csv
2025-10-07T08:54:10, Number of rows in /TRACKING.csv: 3
2025-10-07T08:54:12, Done loop ...
2025-10-07T08:54:13, ... powering down.
2025-10-07T09:10:52, Setup Complete
2025-10-07T09:10:54, Data: 2025-10-07T09:10:52,3.56,25631,4565.00,4988.00,4621.50,0.97,91.44,3.64,882.23
2025-10-07T09:10:55, Add row to /TRACKING.csv
2025-10-07T09:10:55, Number of rows in /TRACKING.csv: 4
2025-10-07T09:10:58, Number of rows in /TRACKING.csv is >= 4
2025-10-07T09:10:58, Remove tracking
2025-10-07T09:10:58, Write to /TRANSMIT.csv: 2025-10-07T09:10:52,3.56,4565.00,1.0,91
2025-10-07T09:10:58, Number of rows in /TRANSMIT.csv: 3
2025-10-07T09:10:58, Current hour = 9, Transmission hour = 1
2025-10-07T09:10:58, Current hour = 9, Transmission hour = 6
2025-10-07T09:10:58, Current hour = 9, Transmission hour = 8
2025-10-07T09:10:58, Current hour = 9, Transmission hour = 9
2025-10-07T09:10:58, 0707462447+00386:456+01479:457+01091
2025-10-07T09:11:01,  - attempt to send message: 0707462447+00386:456+01479:457+01091
2025-10-07T09:12:01,  - Modem begin unsuccessful
2025-10-07T09:12:01, Transmission failed. Error = 3
2025-10-07T09:12:01, Done loop ...
2025-10-07T09:12:01, ... powering down.
2025-10-07T09:27:36, Setup Complete
2025-10-07T09:27:39, Data: 2025-10-07T09:27:36,3.59,25631,4550.00,4765.00,4615.50,1.98,91.07,6.95,882.49
2025-10-07T09:27:39, Add row to /TRACKING.csv
2025-10-07T09:27:39, Number of rows in /TRACKING.csv: 1
2025-10-07T09:27:41, Done loop ...
2025-10-07T09:27:41, ... powering down.
2025-10-07T09:27:46, Setup Complete
2025-10-07T09:27:48, Data: 2025-10-07T09:27:46,3.60,25631,4463.00,4624.00,4538.50,2.01,91.34,6.98,882.54
2025-10-07T09:27:48, Add row to /TRACKING.csv
2025-10-07T09:27:48, Number of rows in /TRACKING.csv: 2
2025-10-07T09:27:51, Done loop ...
2025-10-07T09:27:51, ... powering down.
2025-10-07T09:44:32, Setup Complete
2025-10-07T09:44:34, Data: 2025-10-07T09:44:32,3.56,25631,646.00,4985.00,4655.50,1.64,93.26,5.56,882.47
2025-10-07T09:44:34, Add row to /TRACKING.csv
2025-10-07T09:44:35, Number of rows in /TRACKING.csv: 3
2025-10-07T09:44:37, Done loop ...
2025-10-07T09:44:38, ... powering down.
2025-10-07T10:01:16, Setup Complete
2025-10-07T10:01:18, Data: 2025-10-07T10:01:16,3.56,25631,4571.00,4987.00,4749.00,3.54,90.61,8.56,882.85
2025-10-07T10:01:18, Add row to /TRACKING.csv
2025-10-07T10:01:18, Number of rows in /TRACKING.csv: 4
2025-10-07T10:01:21, Number of rows in /TRACKING.csv is >= 4
2025-10-07T10:01:22, Remove tracking
2025-10-07T10:01:22, Write to /TRANSMIT.csv: 2025-10-07T10:01:16,3.56,4571.00,3.5,91
2025-10-07T10:01:22, Number of rows in /TRANSMIT.csv: 4
2025-10-07T10:01:22, Current hour = 10, Transmission hour = 1
2025-10-07T10:01:22, Current hour = 10, Transmission hour = 6
2025-10-07T10:01:22, Current hour = 10, Transmission hour = 8
2025-10-07T10:01:22, Current hour = 10, Transmission hour = 9
2025-10-07T10:01:22, Current hour = 10, Transmission hour = 10
2025-10-07T10:01:22, 0707462447+00386:456+01479:457+01091:457+03591
2025-10-07T10:01:24,  - attempt to send message: 0707462447+00386:456+01479:457+01091:457+03591
2025-10-07T10:02:25,  - Modem begin successful
2025-10-07T10:02:25,  - Sending...
2025-10-07T10:02:55, Send response: 
2025-10-07T10:02:55,  - Retry...
2025-10-07T10:02:55,    - Sending...
2025-10-07T10:02:55,    - Send response: 10
2025-10-07T10:03:25,  Sync clocks... 
2025-10-07T10:03:25,  - Clock was not synced
2025-10-07T10:03:25, Transmission failed. Error = 10
2025-10-07T10:03:25, Done loop ...
2025-10-07T10:03:25, ... powering down.
2025-10-07T10:17:59, Setup Complete
2025-10-07T10:18:02, Data: 2025-10-07T10:18:00,3.87,25631,4563.00,4986.00,4624.50,2.26,88.98,7.67,882.51
2025-10-07T10:18:02, Add row to /TRACKING.csv
2025-10-07T10:18:02, Number of rows in /TRACKING.csv: 1
2025-10-07T10:18:04, Done loop ...
2025-10-07T10:18:04, ... powering down.
2025-10-07T10:18:09, Setup Complete
2025-10-07T10:18:11, Data: 2025-10-07T10:18:09,3.60,25631,4463.00,4615.00,4533.00,2.27,89.32,7.64,882.52
2025-10-07T10:18:11, Add row to /TRACKING.csv
2025-10-07T10:18:11, Number of rows in /TRACKING.csv: 2
2025-10-07T10:18:14, Done loop ...
2025-10-07T10:18:14, ... powering down.
2025-10-07T10:34:55, Setup Complete
2025-10-07T10:34:57, Data: 2025-10-07T10:34:55,3.55,25631,651.00,4988.00,4604.00,4.02,82.90,8.57,882.49
2025-10-07T10:34:57, Add row to /TRACKING.csv
2025-10-07T10:34:58, Number of rows in /TRACKING.csv: 3
2025-10-07T10:35:01, Done loop ...
2025-10-07T10:35:01, ... powering down.
2025-10-07T10:35:05, Setup Complete
2025-10-07T10:35:07, Data: 2025-10-07T10:35:05,3.59,25631,4502.00,4599.00,4571.50,4.01,84.04,8.57,882.50
2025-10-07T10:35:07, Add row to /TRACKING.csv
2025-10-07T10:35:08, Number of rows in /TRACKING.csv: 4
2025-10-07T10:35:11, Number of rows in /TRACKING.csv is >= 4
2025-10-07T10:35:11, Remove tracking
2025-10-07T10:35:11, Write to /TRANSMIT.csv: 2025-10-07T10:35:05,3.59,4502.00,4.0,84
2025-10-07T10:35:11, Number of rows in /TRANSMIT.csv: 5
2025-10-07T10:35:11, Current hour = 10, Transmission hour = 1
2025-10-07T10:35:11, 0707462447+00386:456+01479:457+01091:457+03591:450+04084
2025-10-07T10:35:13,  - attempt to send message: 0707462447+00386:456+01479:457+01091:457+03591:450+04084
2025-10-07T10:35:14,  - Modem begin successful
2025-10-07T10:35:14,  - Sending...
2025-10-07T10:35:44, Send response: 
2025-10-07T10:35:44,  - Retry...
2025-10-07T10:35:44,    - Sending...
2025-10-07T10:35:44,    - Send response: 10
2025-10-07T10:36:14,  Sync clocks... 
2025-10-07T10:36:14,  - Clock was not synced
2025-10-07T10:36:15, Transmission failed. Error = 10
2025-10-07T10:36:15, Done loop ...
2025-10-07T10:36:15, ... powering down.
2025-10-07T10:51:52, Setup Complete
2025-10-07T10:51:54, Data: 2025-10-07T10:51:52,3.71,25631,4606.00,4987.00,4657.00,3.01,89.73,7.49,882.42
2025-10-07T10:51:54, Add row to /TRACKING.csv
2025-10-07T10:51:54, Number of rows in /TRACKING.csv: 1
2025-10-07T10:51:56, Done loop ...
2025-10-07T10:51:56, ... powering down.
2025-10-07T10:52:01, Setup Complete
2025-10-07T10:52:03, Data: 2025-10-07T10:52:01,3.61,25631,4482.00,4594.00,4555.00,2.96,89.11,7.47,882.46
2025-10-07T10:52:03, Add row to /TRACKING.csv
2025-10-07T10:52:03, Number of rows in /TRACKING.csv: 2
2025-10-07T10:52:06, Done loop ...
2025-10-07T10:52:06, ... powering down.
2025-10-07T11:08:47, Setup Complete
2025-10-07T11:08:50, Data: 2025-10-07T11:08:47,3.55,25631,4542.00,4987.00,4590.50,3.05,86.92,6.65,882.76
2025-10-07T11:08:50, Add row to /TRACKING.csv
2025-10-07T11:08:50, Number of rows in /TRACKING.csv: 3
2025-10-07T11:08:53, Done loop ...
2025-10-07T11:08:53, ... powering down.
2025-10-07T11:08:57, Setup Complete
2025-10-07T11:08:59, Data: 2025-10-07T11:08:57,3.59,25631,4524.00,4690.00,4589.00,3.02,87.00,6.64,882.76
2025-10-07T11:08:59, Add row to /TRACKING.csv
2025-10-07T11:09:00, Number of rows in /TRACKING.csv: 4
2025-10-07T11:09:03, Number of rows in /TRACKING.csv is >= 4
2025-10-07T11:09:03, Remove tracking
2025-10-07T11:09:03, Write to /TRANSMIT.csv: 2025-10-07T11:08:57,3.59,4524.00,3.0,87
2025-10-07T11:09:03, Number of rows in /TRANSMIT.csv: 6
2025-10-07T11:09:03, Current hour = 11, Transmission hour = 1
2025-10-07T11:09:03, 0707462447+00386:456+01479:457+01091:457+03591:450+04084:452+03087
2025-10-07T11:09:05,  - attempt to send message: 0707462447+00386:456+01479:457+01091:457+03591:450+04084:452+03087
2025-10-07T11:09:06,  - Modem begin successful
2025-10-07T11:09:06,  - Sending...
2025-10-07T11:11:02, Send response: 
2025-10-07T11:11:02,  - Retry...
2025-10-07T11:11:02,    - Sending...
2025-10-07T11:11:02,    - Send response: 10
2025-10-07T11:11:32,  Sync clocks... 
2025-10-07T11:11:32,  - Clock was not synced
2025-10-07T11:11:32, Transmission failed. Error = 10
2025-10-07T11:11:32, Done loop ...
2025-10-07T11:11:32, ... powering down.
2025-10-07T11:25:43, Setup Complete
2025-10-07T11:25:46, Data: 2025-10-07T11:25:43,3.93,25631,4616.00,4986.00,4891.00,2.54,88.04,6.64,882.57
2025-10-07T11:25:46, Add row to /TRACKING.csv
2025-10-07T11:25:46, Number of rows in /TRACKING.csv: 1
2025-10-07T11:25:48, Done loop ...
2025-10-07T11:25:48, ... powering down.
2025-10-07T11:25:53, Setup Complete
2025-10-07T11:25:55, Data: 2025-10-07T11:25:53,3.60,25631,4502.00,4637.00,4543.50,2.51,88.09,6.67,882.62
2025-10-07T11:25:55, Add row to /TRACKING.csv
2025-10-07T11:25:55, Number of rows in /TRACKING.csv: 2
2025-10-07T11:25:58, Done loop ...
2025-10-07T11:25:58, ... powering down.
2025-10-07T11:42:39, Setup Complete
2025-10-07T11:42:41, Data: 2025-10-07T11:42:39,3.68,25631,4535.00,4987.00,4625.50,3.75,86.46,8.12,882.92
2025-10-07T11:42:41, Add row to /TRACKING.csv
2025-10-07T11:42:42, Number of rows in /TRACKING.csv: 3
2025-10-07T11:42:45, Done loop ...
2025-10-07T11:42:45, ... powering down.
2025-10-07T11:42:49, Setup Complete
2025-10-07T11:42:51, Data: 2025-10-07T11:42:49,3.60,25631,4453.00,4570.00,4520.50,3.77,86.29,8.15,882.93
2025-10-07T11:42:51, Add row to /TRACKING.csv
2025-10-07T11:42:52, Number of rows in /TRACKING.csv: 4
2025-10-07T11:42:55, Number of rows in /TRACKING.csv is >= 4
2025-10-07T11:42:55, Remove tracking
2025-10-07T11:42:55, Write to /TRANSMIT.csv: 2025-10-07T11:42:49,3.60,4453.00,3.8,86
2025-10-07T11:42:55, Number of rows in /TRANSMIT.csv: 7
2025-10-07T11:42:55, Current hour = 11, Transmission hour = 1
2025-10-07T11:42:55, 0707462447+00386:456+01479:457+01091:457+03591:450+04084:452+03087:445+03886
2025-10-07T11:42:57,  - attempt to send message: 0707462447+00386:456+01479:457+01091:457+03591:450+04084:452+03087:445+03886
2025-10-07T11:42:58,  - Modem begin successful
2025-10-07T11:42:58,  - Sending...
2025-10-07T11:43:28, Send response: 
2025-10-07T11:43:28,  - Retry...
2025-10-07T11:43:28,    - Sending...
2025-10-07T11:43:28,    - Send response: 10
2025-10-07T11:43:58,  Sync clocks... 
2025-10-07T11:43:58,  - Clock was not synced
2025-10-07T11:43:59, Transmission failed. Error = 10
2025-10-07T11:43:59, Done loop ...
2025-10-07T11:43:59, ... powering down.
2025-10-07T11:59:36, Setup Complete
2025-10-07T11:59:38, Data: 2025-10-07T11:59:36,3.56,25631,4598.00,4707.00,4643.50,3.75,74.93,9.87,882.54
2025-10-07T11:59:38, Add row to /TRACKING.csv
2025-10-07T11:59:38, Number of rows in /TRACKING.csv: 1
2025-10-07T11:59:40, Done loop ...
2025-10-07T11:59:40, ... powering down.
2025-10-07T11:59:45, Setup Complete
2025-10-07T11:59:47, Data: 2025-10-07T11:59:45,3.60,25631,4553.00,4595.00,4577.00,3.74,74.90,9.88,882.57
2025-10-07T11:59:47, Add row to /TRACKING.csv
2025-10-07T11:59:47, Number of rows in /TRACKING.csv: 2
2025-10-07T11:59:50, Done loop ...
2025-10-07T11:59:50, ... powering down.
2025-10-07T12:16:32, Setup Complete
2025-10-07T12:16:34, Data: 2025-10-07T12:16:32,3.54,25631,4540.00,4646.00,4610.00,3.67,78.58,10.40,882.81
2025-10-07T12:16:34, Add row to /TRACKING.csv
2025-10-07T12:16:34, Number of rows in /TRACKING.csv: 3
2025-10-07T12:16:37, Done loop ...
2025-10-07T12:16:37, ... powering down.
2025-10-07T12:16:41, Setup Complete
2025-10-07T12:16:44, Data: 2025-10-07T12:16:42,3.60,25631,4562.00,4596.00,4584.00,3.66,79.33,10.34,882.71
2025-10-07T12:16:44, Add row to /TRACKING.csv
2025-10-07T12:16:44, Number of rows in /TRACKING.csv: 4
2025-10-07T12:16:47, Number of rows in /TRACKING.csv is >= 4
2025-10-07T12:16:47, Remove tracking
2025-10-07T12:16:47, Write to /TRANSMIT.csv: 2025-10-07T12:16:42,3.60,4562.00,3.7,79
2025-10-07T12:16:47, Number of rows in /TRANSMIT.csv: 8
2025-10-07T12:16:47, Current hour = 12, Transmission hour = 1
2025-10-07T12:16:48, 0707462447+00386:456+01479:457+01091:457+03591:450+04084:452+03087:445+03886:456+03779
2025-10-07T12:16:50,  - attempt to send message: 0707462447+00386:456+01479:457+01091:457+03591:450+04084:452+03087:445+03886:456+03779
2025-10-07T12:16:50,  - Modem begin successful
2025-10-07T12:16:50,  - Sending...
2025-10-07T12:17:21, Send response: 
2025-10-07T12:17:21,  - Retry...
2025-10-07T12:17:21,    - Sending...
2025-10-07T12:17:21,    - Send response: 10
2025-10-07T12:17:51,  Sync clocks... 
2025-10-07T12:17:51,  - Clock was not synced
2025-10-07T12:17:51, Transmission failed. Error = 10
2025-10-07T12:17:51, Done loop ...
2025-10-07T12:17:51, ... powering down.
2025-10-07T12:33:28, Setup Complete
2025-10-07T12:33:30, Data: 2025-10-07T12:33:28,3.62,25631,4548.00,4986.00,4610.50,4.20,77.66,10.43,883.06
2025-10-07T12:33:30, Add row to /TRACKING.csv
2025-10-07T12:33:30, Number of rows in /TRACKING.csv: 1
2025-10-07T12:33:33, Done loop ...
2025-10-07T12:33:33, ... powering down.
2025-10-07T12:33:37, Setup Complete
2025-10-07T12:33:40, Data: 2025-10-07T12:33:37,3.58,25631,4536.00,4612.00,4556.50,4.25,79.22,10.45,883.13
2025-10-07T12:33:40, Add row to /TRACKING.csv
2025-10-07T12:33:40, Number of rows in /TRACKING.csv: 2
2025-10-07T12:33:42, Done loop ...
2025-10-07T12:33:42, ... powering down.
2025-10-07T12:50:24, Setup Complete
2025-10-07T12:50:26, Data: 2025-10-07T12:50:24,3.53,25631,4580.00,4742.00,4648.00,4.50,72.12,10.05,883.11
2025-10-07T12:50:26, Add row to /TRACKING.csv
2025-10-07T12:50:26, Number of rows in /TRACKING.csv: 3
2025-10-07T12:50:29, Done loop ...
2025-10-07T12:50:29, ... powering down.
2025-10-07T12:50:34, Setup Complete
2025-10-07T12:50:36, Data: 2025-10-07T12:50:34,3.60,25631,4525.00,4585.00,4565.50,4.52,73.14,10.00,883.11
2025-10-07T12:50:36, Add row to /TRACKING.csv
2025-10-07T12:50:36, Number of rows in /TRACKING.csv: 4
2025-10-07T12:50:39, Number of rows in /TRACKING.csv is >= 4
2025-10-07T12:50:40, Remove tracking
2025-10-07T12:50:40, Write to /TRANSMIT.csv: 2025-10-07T12:50:34,3.60,4525.00,4.5,73
2025-10-07T12:50:40, Number of rows in /TRANSMIT.csv: 9
2025-10-07T12:50:40, Current hour = 12, Transmission hour = 1
2025-10-07T12:50:40, 0707462447+00386:456+01479:457+01091:457+03591:450+04084:452+03087:445+03886:456+03779:453+04573
2025-10-07T12:50:42,  - attempt to send message: 0707462447+00386:456+01479:457+01091:457+03591:450+04084:452+03087:445+03886:456+03779:453+04573
2025-10-07T12:50:43,  - Modem begin successful
2025-10-07T12:50:43,  - Sending...
2025-10-07T12:51:13, Send response: 
2025-10-07T12:51:13,  - Retry...
2025-10-07T12:51:13,    - Sending...
2025-10-07T12:51:13,    - Send response: 10
2025-10-07T12:51:43,  Sync clocks... 
2025-10-07T12:51:43,  - Clock was not synced
2025-10-07T12:51:43, Transmission failed. Error = 10
2025-10-07T12:51:43, Done loop ...
2025-10-07T12:51:43, ... powering down.
2025-10-07T13:07:20, Setup Complete
2025-10-07T13:07:22, Data: 2025-10-07T13:07:20,3.70,25631,4540.00,4985.00,4618.00,3.36,75.29,7.56,883.13
2025-10-07T13:07:22, Add row to /TRACKING.csv
2025-10-07T13:07:23, Number of rows in /TRACKING.csv: 1
2025-10-07T13:07:25, Done loop ...
2025-10-07T13:07:25, ... powering down.
2025-10-07T13:07:30, Setup Complete
2025-10-07T13:07:32, Data: 2025-10-07T13:07:30,3.60,25631,4496.00,4583.00,4529.00,3.37,75.18,7.55,883.15
2025-10-07T13:07:32, Add row to /TRACKING.csv
2025-10-07T13:07:32, Number of rows in /TRACKING.csv: 2
2025-10-07T13:07:35, Done loop ...
2025-10-07T13:07:35, ... powering down.
2025-10-07T13:24:16, Setup Complete
2025-10-07T13:24:18, Data: 2025-10-07T13:24:16,3.67,25631,4571.00,4801.00,4629.00,3.57,80.21,7.43,883.01
2025-10-07T13:24:18, Add row to /TRACKING.csv
2025-10-07T13:24:18, Number of rows in /TRACKING.csv: 3
2025-10-07T13:24:21, Done loop ...
2025-10-07T13:24:21, ... powering down.
2025-10-07T13:24:26, Setup Complete
2025-10-07T13:24:28, Data: 2025-10-07T13:24:26,3.60,25631,4491.00,4550.00,4516.50,3.56,80.72,7.42,883.03
2025-10-07T13:24:28, Add row to /TRACKING.csv
2025-10-07T13:24:28, Number of rows in /TRACKING.csv: 4
2025-10-07T13:24:32, Number of rows in /TRACKING.csv is >= 4
2025-10-07T13:24:32, Remove tracking
2025-10-07T13:24:32, Write to /TRANSMIT.csv: 2025-10-07T13:24:26,3.60,4491.00,3.6,81
2025-10-07T13:24:32, Number of rows in /TRANSMIT.csv: 10
2025-10-07T13:24:32, Current hour = 13, Transmission hour = 1
2025-10-07T13:24:32, 0707462447+00386:456+01479:457+01091:457+03591:450+04084:452+03087:445+03886:456+03779:453+04573:449+03681
2025-10-07T13:24:34,  - attempt to send message: 0707462447+00386:456+01479:457+01091:457+03591:450+04084:452+03087:445+03886:456+03779:453+04573:449+03681
2025-10-07T13:24:35,  - Modem begin successful
2025-10-07T13:24:35,  - Sending...
2025-10-07T13:25:05, Send response: 
2025-10-07T13:25:05,  - Retry...
2025-10-07T13:25:05,    - Sending...
2025-10-07T13:25:05,    - Send response: 10
2025-10-07T13:25:35,  Sync clocks... 
2025-10-07T13:25:35,  - Clock was not synced
2025-10-07T13:25:35, Transmission failed. Error = 10
2025-10-07T13:25:36, n_transmit >= 10, too much to transmit, delete /TRANSMIT.csv
2025-10-07T13:25:36, Done loop ...
2025-10-07T13:25:36, ... powering down.
2025-10-07T13:41:12, Setup Complete
2025-10-07T13:41:15, Data: 2025-10-07T13:41:12,3.60,25631,4550.00,4986.00,4823.50,4.87,73.73,8.09,883.17
2025-10-07T13:41:15, Add row to /TRACKING.csv
2025-10-07T13:41:15, Number of rows in /TRACKING.csv: 1
2025-10-07T13:41:17, Done loop ...
2025-10-07T13:41:17, ... powering down.
2025-10-07T13:41:22, Setup Complete
2025-10-07T13:41:24, Data: 2025-10-07T13:41:22,3.60,25631,4541.00,4562.00,4546.50,4.88,74.06,8.08,883.18
2025-10-07T13:41:24, Add row to /TRACKING.csv
2025-10-07T13:41:24, Number of rows in /TRACKING.csv: 2
2025-10-07T13:41:27, Done loop ...
2025-10-07T13:41:27, ... powering down.
2025-10-07T13:58:08, Setup Complete
2025-10-07T13:58:10, Data: 2025-10-07T13:58:08,3.55,25631,4550.00,4717.00,4605.00,5.07,78.70,8.51,883.11
2025-10-07T13:58:10, Add row to /TRACKING.csv
2025-10-07T13:58:11, Number of rows in /TRACKING.csv: 3
2025-10-07T13:58:14, Done loop ...
2025-10-07T13:58:14, ... powering down.
2025-10-07T13:58:18, Setup Complete
2025-10-07T13:58:20, Data: 2025-10-07T13:58:18,3.61,25631,4500.00,4599.00,4534.00,5.05,78.42,8.49,883.11
2025-10-07T13:58:20, Add row to /TRACKING.csv
2025-10-07T13:58:21, Number of rows in /TRACKING.csv: 4
2025-10-07T13:58:24, Number of rows in /TRACKING.csv is >= 4
2025-10-07T13:58:24, Remove tracking
2025-10-07T13:58:24, Write to /TRANSMIT.csv: 2025-10-07T13:58:18,3.61,4500.00,5.1,78
2025-10-07T13:58:24, Number of rows in /TRANSMIT.csv: 1
2025-10-07T13:58:24, Current hour = 13, Transmission hour = 1
2025-10-07T13:58:24, Current hour = 13, Transmission hour = 6
2025-10-07T13:58:24, Current hour = 13, Transmission hour = 8
2025-10-07T13:58:24, Current hour = 13, Transmission hour = 9
2025-10-07T13:58:24, Current hour = 13, Transmission hour = 10
2025-10-07T13:58:24, Current hour = 13, Transmission hour = 15
2025-10-07T13:58:24, Current hour = 13, Transmission hour = 20
2025-10-07T13:58:25, Current hour = 13, Transmission hour = 22
2025-10-07T13:58:25, Done loop ...
2025-10-07T13:58:25, ... powering down.
2025-10-07T14:15:05, Setup Complete
2025-10-07T14:15:07, Data: 2025-10-07T14:15:05,3.67,25631,4551.00,4988.00,4597.00,3.81,85.15,7.70,883.43
2025-10-07T14:15:07, Add row to /TRACKING.csv
2025-10-07T14:15:07, Number of rows in /TRACKING.csv: 1
2025-10-07T14:15:09, Done loop ...
2025-10-07T14:15:09, ... powering down.
2025-10-07T14:15:14, Setup Complete
2025-10-07T14:15:16, Data: 2025-10-07T14:15:14,3.62,25631,4484.00,4985.00,4532.50,3.85,85.00,7.73,883.45
2025-10-07T14:15:16, Add row to /TRACKING.csv
2025-10-07T14:15:16, Number of rows in /TRACKING.csv: 2
2025-10-07T14:15:19, Done loop ...
2025-10-07T14:15:19, ... powering down.
2025-10-07T14:32:01, Setup Complete
2025-10-07T14:32:03, Data: 2025-10-07T14:32:01,3.61,25631,4552.00,4986.00,4611.00,6.33,72.51,9.03,883.09
2025-10-07T14:32:03, Add row to /TRACKING.csv
2025-10-07T14:32:03, Number of rows in /TRACKING.csv: 3
2025-10-07T14:32:06, Done loop ...
2025-10-07T14:32:06, ... powering down.
2025-10-07T14:32:10, Setup Complete
2025-10-07T14:32:13, Data: 2025-10-07T14:32:11,3.60,25631,4518.00,4602.00,4548.00,6.30,73.22,8.99,883.04
2025-10-07T14:32:13, Add row to /TRACKING.csv
2025-10-07T14:32:13, Number of rows in /TRACKING.csv: 4
2025-10-07T14:32:16, Number of rows in /TRACKING.csv is >= 4
2025-10-07T14:32:16, Remove tracking
2025-10-07T14:32:16, Write to /TRANSMIT.csv: 2025-10-07T14:32:11,3.60,4518.00,6.3,73
2025-10-07T14:32:16, Number of rows in /TRANSMIT.csv: 2
2025-10-07T14:32:16, Current hour = 14, Transmission hour = 1
2025-10-07T14:32:16, Current hour = 14, Transmission hour = 6
2025-10-07T14:32:16, Current hour = 14, Transmission hour = 8
2025-10-07T14:32:17, Current hour = 14, Transmission hour = 9
2025-10-07T14:32:17, Current hour = 14, Transmission hour = 10
2025-10-07T14:32:17, Current hour = 14, Transmission hour = 15
2025-10-07T14:32:17, Current hour = 14, Transmission hour = 20
2025-10-07T14:32:17, Current hour = 14, Transmission hour = 22
2025-10-07T14:32:17, Done loop ...
2025-10-07T14:32:17, ... powering down.
2025-10-07T14:48:57, Setup Complete
2025-10-07T14:48:59, Data: 2025-10-07T14:48:57,3.64,25631,4510.00,4988.00,4822.00,4.67,77.27,8.66,883.12
2025-10-07T14:48:59, Add row to /TRACKING.csv
2025-10-07T14:48:59, Number of rows in /TRACKING.csv: 1
2025-10-07T14:49:02, Done loop ...
2025-10-07T14:49:02, ... powering down.
2025-10-07T14:49:06, Setup Complete
2025-10-07T14:49:09, Data: 2025-10-07T14:49:06,3.61,25631,4490.00,4987.00,4556.00,4.63,76.88,8.63,883.13
2025-10-07T14:49:09, Add row to /TRACKING.csv
2025-10-07T14:49:09, Number of rows in /TRACKING.csv: 2
2025-10-07T14:49:11, Done loop ...
2025-10-07T14:49:11, ... powering down.
2025-10-07T15:05:53, Setup Complete
2025-10-07T15:05:55, Data: 2025-10-07T15:05:53,3.57,25631,4590.00,4988.00,4739.00,3.05,84.06,6.48,883.11
2025-10-07T15:05:55, Add row to /TRACKING.csv
2025-10-07T15:05:55, Number of rows in /TRACKING.csv: 3
2025-10-07T15:05:58, Done loop ...
2025-10-07T15:05:58, ... powering down.
2025-10-07T15:06:03, Setup Complete
2025-10-07T15:06:05, Data: 2025-10-07T15:06:03,3.62,25631,4563.00,4600.00,4580.50,3.02,83.99,6.45,883.11
2025-10-07T15:06:05, Add row to /TRACKING.csv
2025-10-07T15:06:05, Number of rows in /TRACKING.csv: 4
2025-10-07T15:06:08, Number of rows in /TRACKING.csv is >= 4
2025-10-07T15:06:08, Remove tracking
2025-10-07T15:06:09, Write to /TRANSMIT.csv: 2025-10-07T15:06:03,3.62,4563.00,3.0,84
2025-10-07T15:06:09, Number of rows in /TRANSMIT.csv: 3
2025-10-07T15:06:09, Current hour = 15, Transmission hour = 1
2025-10-07T15:06:09, Current hour = 15, Transmission hour = 6
2025-10-07T15:06:09, Current hour = 15, Transmission hour = 8
2025-10-07T15:06:09, Current hour = 15, Transmission hour = 9
2025-10-07T15:06:09, Current hour = 15, Transmission hour = 10
2025-10-07T15:06:09, Current hour = 15, Transmission hour = 15
2025-10-07T15:06:09, 0713583450+05178:452+06373:456+03084
2025-10-07T15:06:11,  - attempt to send message: 0713583450+05178:452+06373:456+03084
2025-10-07T15:06:12,  - Modem begin successful
2025-10-07T15:06:12,  - Sending...
2025-10-07T15:06:20,  - Send response: 
2025-10-07T15:06:20,   - Sync clocks... 
2025-10-07T15:06:20,  - Arduino Old Time: 2025-10-07T23:06:20
2025-10-07T15:06:08,  - Arduino New Time: 2025-10-07T23:06:08
2025-10-07T15:06:09, Message sent! Removing /TRANSMIT.csv
2025-10-07T15:06:09, Done loop ...
2025-10-07T15:06:09, ... powering down.
2025-10-07T15:22:37, Setup Complete
2025-10-07T15:22:39, Data: 2025-10-07T15:22:37,3.58,25631,4536.00,4987.00,4579.50,4.65,79.09,6.32,883.52
2025-10-07T15:22:39, Add row to /TRACKING.csv
2025-10-07T15:22:39, Number of rows in /TRACKING.csv: 1
2025-10-07T15:22:42, Done loop ...
2025-10-07T15:22:42, ... powering down.
2025-10-07T15:22:46, Setup Complete
2025-10-07T15:22:49, Data: 2025-10-07T15:22:47,3.60,25631,4479.00,4513.00,4496.50,4.74,77.51,6.35,883.53
2025-10-07T15:22:49, Add row to /TRACKING.csv
2025-10-07T15:22:49, Number of rows in /TRACKING.csv: 2
2025-10-07T15:22:51, Done loop ...
2025-10-07T15:22:52, ... powering down.
2025-10-07T15:39:33, Setup Complete
2025-10-07T15:39:35, Data: 2025-10-07T15:39:33,3.64,25631,4620.00,4987.00,4644.50,3.92,79.05,6.24,883.18
2025-10-07T15:39:35, Add row to /TRACKING.csv
2025-10-07T15:39:35, Number of rows in /TRACKING.csv: 3
2025-10-07T15:39:38, Done loop ...
2025-10-07T15:39:38, ... powering down.
2025-10-07T15:56:19, Setup Complete
2025-10-07T15:56:21, Data: 2025-10-07T15:56:19,3.70,25631,4551.00,4649.00,4602.00,2.74,82.50,4.88,883.19
2025-10-07T15:56:21, Add row to /TRACKING.csv
2025-10-07T15:56:21, Number of rows in /TRACKING.csv: 4
2025-10-07T15:56:24, Number of rows in /TRACKING.csv is >= 4
2025-10-07T15:56:25, Remove tracking
2025-10-07T15:56:25, Write to /TRANSMIT.csv: 2025-10-07T15:56:19,3.70,4551.00,2.7,82
2025-10-07T15:56:25, Number of rows in /TRANSMIT.csv: 1
2025-10-07T15:56:25, Current hour = 15, Transmission hour = 1
2025-10-07T15:56:25, Current hour = 15, Transmission hour = 6
2025-10-07T15:56:25, Current hour = 15, Transmission hour = 8
2025-10-07T15:56:25, Current hour = 15, Transmission hour = 9
2025-10-07T15:56:25, Current hour = 15, Transmission hour = 10
2025-10-07T15:56:25, Current hour = 15, Transmission hour = 15
2025-10-07T15:56:25, 0715564455+02782
2025-10-07T15:56:27,  - attempt to send message: 0715564455+02782
2025-10-07T15:57:58,  - Modem begin successful
2025-10-07T15:57:58,  - Sending...
2025-10-07T15:58:28, Send response: 
2025-10-07T15:58:28,  - Retry...
2025-10-07T15:58:28,    - Sending...
2025-10-07T15:58:28,    - Send response: 10
2025-10-07T15:58:58,  Sync clocks... 
2025-10-07T15:58:58,  - Clock was not synced
2025-10-07T15:58:58, Transmission failed. Error = 10
2025-10-07T15:58:58, Done loop ...
2025-10-07T15:58:58, ... powering down.
2025-10-07T16:13:04, Setup Complete
2025-10-07T16:13:07, Data: 2025-10-07T16:13:04,3.81,25631,4546.00,4986.00,4643.50,2.40,87.63,3.80,883.16
2025-10-07T16:13:07, Add row to /TRACKING.csv
2025-10-07T16:13:07, Number of rows in /TRACKING.csv: 1
2025-10-07T16:13:09, Done loop ...
2025-10-07T16:13:09, ... powering down.
2025-10-07T16:29:50, Setup Complete
2025-10-07T16:29:52, Data: 2025-10-07T16:29:50,3.61,25631,4508.00,4984.00,4623.50,1.65,91.55,2.71,883.15
2025-10-07T16:29:53, Add row to /TRACKING.csv
2025-10-07T16:29:53, Number of rows in /TRACKING.csv: 2
2025-10-07T16:29:55, Done loop ...
2025-10-07T16:29:55, ... powering down.
2025-10-07T16:46:36, Setup Complete
2025-10-07T16:46:38, Data: 2025-10-07T16:46:36,3.64,25631,4535.00,4987.00,4655.00,2.38,81.62,2.39,883.25
2025-10-07T16:46:38, Add row to /TRACKING.csv
2025-10-07T16:46:39, Number of rows in /TRACKING.csv: 3
2025-10-07T16:46:42, Done loop ...
2025-10-07T16:46:42, ... powering down.
2025-10-07T17:03:22, Setup Complete
2025-10-07T17:03:24, Data: 2025-10-07T17:03:22,3.65,25631,4554.00,4988.00,4669.50,1.51,92.30,2.08,883.19
2025-10-07T17:03:25, Add row to /TRACKING.csv
2025-10-07T17:03:25, Number of rows in /TRACKING.csv: 4
2025-10-07T17:03:28, Number of rows in /TRACKING.csv is >= 4
2025-10-07T17:03:28, Remove tracking
2025-10-07T17:03:28, Write to /TRANSMIT.csv: 2025-10-07T17:03:22,3.65,4554.00,1.5,92
2025-10-07T17:03:28, Number of rows in /TRANSMIT.csv: 2
2025-10-07T17:03:28, Current hour = 17, Transmission hour = 1
2025-10-07T17:03:28, Current hour = 17, Transmission hour = 6
2025-10-07T17:03:28, Current hour = 17, Transmission hour = 8
2025-10-07T17:03:28, Current hour = 17, Transmission hour = 9
2025-10-07T17:03:28, Current hour = 17, Transmission hour = 10
2025-10-07T17:03:28, Current hour = 17, Transmission hour = 15
2025-10-07T17:03:29, Current hour = 17, Transmission hour = 20
2025-10-07T17:03:29, Current hour = 17, Transmission hour = 22
2025-10-07T17:03:29, Done loop ...
2025-10-07T17:03:29, ... powering down.
2025-10-07T17:20:08, Setup Complete
2025-10-07T17:20:10, Data: 2025-10-07T17:20:08,3.60,25631,4551.00,4985.00,4706.50,1.46,91.43,1.59,883.21
2025-10-07T17:20:10, Add row to /TRACKING.csv
2025-10-07T17:20:11, Number of rows in /TRACKING.csv: 1
2025-10-07T17:20:13, Done loop ...
2025-10-07T17:20:13, ... powering down.
2025-10-07T17:36:54, Setup Complete
2025-10-07T17:36:56, Data: 2025-10-07T17:36:54,3.64,25631,4496.00,4986.00,4569.50,1.44,89.85,1.19,883.24
2025-10-07T17:36:56, Add row to /TRACKING.csv
2025-10-07T17:36:56, Number of rows in /TRACKING.csv: 2
2025-10-07T17:36:59, Done loop ...
2025-10-07T17:36:59, ... powering down.
2025-10-07T17:53:39, Setup Complete
2025-10-07T17:53:42, Data: 2025-10-07T17:53:40,3.55,25631,4557.00,4834.00,4617.00,1.10,93.58,0.88,883.27
2025-10-07T17:53:42, Add row to /TRACKING.csv
2025-10-07T17:53:42, Number of rows in /TRACKING.csv: 3
2025-10-07T17:53:45, Done loop ...
2025-10-07T17:53:45, ... powering down.
2025-10-07T18:10:25, Setup Complete
2025-10-07T18:10:27, Data: 2025-10-07T18:10:25,3.67,25631,4521.00,4783.00,4569.50,0.76,94.45,0.47,883.27
2025-10-07T18:10:27, Add row to /TRACKING.csv
2025-10-07T18:10:27, Number of rows in /TRACKING.csv: 4
2025-10-07T18:10:31, Number of rows in /TRACKING.csv is >= 4
2025-10-07T18:10:31, Remove tracking
2025-10-07T18:10:31, Write to /TRANSMIT.csv: 2025-10-07T18:10:25,3.67,4521.00,0.8,94
2025-10-07T18:10:31, Number of rows in /TRANSMIT.csv: 3
2025-10-07T18:10:31, Current hour = 18, Transmission hour = 1
2025-10-07T18:10:31, Current hour = 18, Transmission hour = 6
2025-10-07T18:10:31, Current hour = 18, Transmission hour = 8
2025-10-07T18:10:31, Current hour = 18, Transmission hour = 9
2025-10-07T18:10:31, Current hour = 18, Transmission hour = 10
2025-10-07T18:10:31, Current hour = 18, Transmission hour = 15
2025-10-07T18:10:31, Current hour = 18, Transmission hour = 20
2025-10-07T18:10:31, Current hour = 18, Transmission hour = 22
2025-10-07T18:10:31, Done loop ...
2025-10-07T18:10:31, ... powering down.
2025-10-07T18:27:10, Setup Complete
2025-10-07T18:27:13, Data: 2025-10-07T18:27:10,3.64,25631,4505.00,4609.00,4578.50,0.31,94.64,0.01,883.45
2025-10-07T18:27:13, Add row to /TRACKING.csv
2025-10-07T18:27:13, Number of rows in /TRACKING.csv: 1
2025-10-07T18:27:15, Done loop ...
2025-10-07T18:27:15, ... powering down.
2025-10-07T18:43:56, Setup Complete
2025-10-07T18:43:58, Data: 2025-10-07T18:43:56,3.56,25631,4547.00,4777.00,4599.50,0.81,93.80,0.07,883.43
2025-10-07T18:43:58, Add row to /TRACKING.csv
2025-10-07T18:43:58, Number of rows in /TRACKING.csv: 2
2025-10-07T18:44:01, Done loop ...
2025-10-07T18:44:01, ... powering down.
2025-10-07T19:00:41, Setup Complete
2025-10-07T19:00:44, Data: 2025-10-07T19:00:41,3.57,25631,4543.00,4987.00,4602.50,0.75,93.85,0.29,883.48
2025-10-07T19:00:44, Add row to /TRACKING.csv
2025-10-07T19:00:44, Number of rows in /TRACKING.csv: 3
2025-10-07T19:00:47, Done loop ...
2025-10-07T19:00:47, ... powering down.
2025-10-07T19:17:27, Setup Complete
2025-10-07T19:17:29, Data: 2025-10-07T19:17:27,3.55,25631,4549.00,4816.00,4575.00,0.79,93.97,0.39,883.50
2025-10-07T19:17:29, Add row to /TRACKING.csv
2025-10-07T19:17:29, Number of rows in /TRACKING.csv: 4
2025-10-07T19:17:33, Number of rows in /TRACKING.csv is >= 4
2025-10-07T19:17:33, Remove tracking
2025-10-07T19:17:33, Write to /TRANSMIT.csv: 2025-10-07T19:17:27,3.55,4549.00,0.8,94
2025-10-07T19:17:33, Number of rows in /TRANSMIT.csv: 4
2025-10-07T19:17:33, Current hour = 19, Transmission hour = 1
2025-10-07T19:17:33, Current hour = 19, Transmission hour = 6
2025-10-07T19:17:33, Current hour = 19, Transmission hour = 8
2025-10-07T19:17:33, Current hour = 19, Transmission hour = 9
2025-10-07T19:17:33, Current hour = 19, Transmission hour = 10
2025-10-07T19:17:33, Current hour = 19, Transmission hour = 15
2025-10-07T19:17:33, Current hour = 19, Transmission hour = 20
2025-10-07T19:17:33, Current hour = 19, Transmission hour = 22
2025-10-07T19:17:33, Done loop ...
2025-10-07T19:17:33, ... powering down.
2025-10-07T19:17:38, Setup Complete
2025-10-07T19:17:40, Data: 2025-10-07T19:17:38,3.64,25631,4447.00,4532.00,4495.00,0.76,93.98,0.40,883.55
2025-10-07T19:17:40, Add row to /TRACKING.csv
2025-10-07T19:17:40, Number of rows in /TRACKING.csv: 1
2025-10-07T19:17:43, Done loop ...
2025-10-07T19:17:43, ... powering down.
2025-10-07T19:34:26, Setup Complete
2025-10-07T19:34:28, Data: 2025-10-07T19:34:26,3.54,25631,4559.00,4987.00,4592.00,0.75,93.79,0.35,883.43
2025-10-07T19:34:28, Add row to /TRACKING.csv
2025-10-07T19:34:28, Number of rows in /TRACKING.csv: 2
2025-10-07T19:34:31, Done loop ...
2025-10-07T19:34:31, ... powering down.
2025-10-07T19:51:14, Setup Complete
2025-10-07T19:51:16, Data: 2025-10-07T19:51:14,3.56,25631,4551.00,4987.00,4603.50,0.54,94.17,0.14,883.51
2025-10-07T19:51:16, Add row to /TRACKING.csv
2025-10-07T19:51:16, Number of rows in /TRACKING.csv: 3
2025-10-07T19:51:19, Done loop ...
2025-10-07T19:51:19, ... powering down.
2025-10-07T20:08:02, Setup Complete
2025-10-07T20:08:04, Data: 2025-10-07T20:08:02,3.54,25631,4543.00,4988.00,4710.50,0.57,94.63,0.11,883.57
2025-10-07T20:08:04, Add row to /TRACKING.csv
2025-10-07T20:08:04, Number of rows in /TRACKING.csv: 4
2025-10-07T20:08:08, Number of rows in /TRACKING.csv is >= 4
2025-10-07T20:08:08, Remove tracking
2025-10-07T20:08:08, Write to /TRANSMIT.csv: 2025-10-07T20:08:02,3.54,4543.00,0.6,95
2025-10-07T20:08:08, Number of rows in /TRANSMIT.csv: 5
2025-10-07T20:08:08, Current hour = 20, Transmission hour = 1
2025-10-07T20:08:08, 0715562455+02782:455+01592:452+00894:455+00894:454+00695
2025-10-07T20:08:10,  - attempt to send message: 0715562455+02782:455+01592:452+00894:455+00894:454+00695
2025-10-07T20:09:41,  - Modem begin successful
2025-10-07T20:09:41,  - Sending...
2025-10-07T20:10:21, Send response: 
2025-10-07T20:10:21,  - Retry...
2025-10-07T20:10:21,    - Sending...
2025-10-07T20:10:21,    - Send response: 10
2025-10-07T20:10:51,  Sync clocks... 
2025-10-07T20:10:51,  - Clock was not synced
2025-10-07T20:10:51, Transmission failed. Error = 10
2025-10-07T20:10:51, Done loop ...
2025-10-07T20:10:51, ... powering down.
2025-10-07T20:24:50, Setup Complete
2025-10-07T20:24:52, Data: 2025-10-07T20:24:50,3.67,25631,4495.00,4986.00,4553.00,0.44,93.82,-0.03,883.61
2025-10-07T20:24:52, Add row to /TRACKING.csv
2025-10-07T20:24:52, Number of rows in /TRACKING.csv: 1
2025-10-07T20:24:54, Done loop ...
2025-10-07T20:24:54, ... powering down.
2025-10-07T20:41:38, Setup Complete
2025-10-07T20:41:40, Data: 2025-10-07T20:41:38,3.60,25631,4514.00,4985.00,4573.00,0.03,94.26,-0.39,883.61
2025-10-07T20:41:40, Add row to /TRACKING.csv
2025-10-07T20:41:40, Number of rows in /TRACKING.csv: 2
2025-10-07T20:41:43, Done loop ...
2025-10-07T20:41:43, ... powering down.
2025-10-07T20:58:26, Setup Complete
2025-10-07T20:58:28, Data: 2025-10-07T20:58:26,3.56,25631,4481.00,4758.00,4542.00,0.17,95.14,-0.55,883.77
2025-10-07T20:58:28, Add row to /TRACKING.csv
2025-10-07T20:58:28, Number of rows in /TRACKING.csv: 3
2025-10-07T20:58:31, Done loop ...
2025-10-07T20:58:31, ... powering down.
2025-10-07T21:15:14, Setup Complete
2025-10-07T21:15:16, Data: 2025-10-07T21:15:14,3.58,25631,4545.00,4985.00,4581.00,0.20,94.01,-0.54,883.67
2025-10-07T21:15:16, Add row to /TRACKING.csv
2025-10-07T21:15:16, Number of rows in /TRACKING.csv: 4
2025-10-07T21:15:19, Number of rows in /TRACKING.csv is >= 4
2025-10-07T21:15:19, Remove tracking
2025-10-07T21:15:20, Write to /TRANSMIT.csv: 2025-10-07T21:15:14,3.58,4545.00,0.2,94
2025-10-07T21:15:20, Number of rows in /TRANSMIT.csv: 6
2025-10-07T21:15:20, Current hour = 21, Transmission hour = 1
2025-10-07T21:15:20, 0715562455+02782:455+01592:452+00894:455+00894:454+00695:455+00294
2025-10-07T21:15:22,  - attempt to send message: 0715562455+02782:455+01592:452+00894:455+00894:454+00695:455+00294
2025-10-07T21:17:22,  - Modem begin successful
2025-10-07T21:17:23,  - Sending...
2025-10-07T21:17:53, Send response: 
2025-10-07T21:17:53,  - Retry...
2025-10-07T21:17:53,    - Sending...
2025-10-07T21:17:53,    - Send response: 10
2025-10-07T21:18:23,  Sync clocks... 
2025-10-07T21:18:23,  - Clock was not synced
2025-10-07T21:18:23, Transmission failed. Error = 10
2025-10-07T21:18:23, Done loop ...
2025-10-07T21:18:23, ... powering down.
2025-10-07T21:32:01, Setup Complete
2025-10-07T21:32:04, Data: 2025-10-07T21:32:01,3.54,25631,4497.00,4608.00,4547.00,0.16,94.57,-0.66,883.70
2025-10-07T21:32:04, Add row to /TRACKING.csv
2025-10-07T21:32:04, Number of rows in /TRACKING.csv: 1
2025-10-07T21:32:06, Done loop ...
2025-10-07T21:32:06, ... powering down.
2025-10-07T21:48:49, Setup Complete
2025-10-07T21:48:52, Data: 2025-10-07T21:48:49,3.56,25631,4511.00,4590.00,4564.00,0.61,91.77,-0.56,883.60
2025-10-07T21:48:52, Add row to /TRACKING.csv
2025-10-07T21:48:52, Number of rows in /TRACKING.csv: 2
2025-10-07T21:48:54, Done loop ...
2025-10-07T21:48:54, ... powering down.
2025-10-07T22:05:37, Setup Complete
2025-10-07T22:05:39, Data: 2025-10-07T22:05:37,3.55,25631,4540.00,4612.00,4563.00,0.11,94.34,-0.61,883.70
2025-10-07T22:05:40, Add row to /TRACKING.csv
2025-10-07T22:05:40, Number of rows in /TRACKING.csv: 3
2025-10-07T22:05:43, Done loop ...
2025-10-07T22:05:43, ... powering down.
2025-10-07T22:22:25, Setup Complete
2025-10-07T22:22:27, Data: 2025-10-07T22:22:25,3.66,25631,4535.00,4987.00,4600.00,0.00,94.59,-0.70,883.61
2025-10-07T22:22:28, Add row to /TRACKING.csv
2025-10-07T22:22:28, Number of rows in /TRACKING.csv: 4
2025-10-07T22:22:31, Number of rows in /TRACKING.csv is >= 4
2025-10-07T22:22:31, Remove tracking
2025-10-07T22:22:31, Write to /TRANSMIT.csv: 2025-10-07T22:22:25,3.66,4535.00,0.0,95
2025-10-07T22:22:31, Number of rows in /TRANSMIT.csv: 7
2025-10-07T22:22:31, Current hour = 22, Transmission hour = 1
2025-10-07T22:22:31, 0715563455+02782:455+01592:452+00894:455+00894:454+00695:455+00294:454+00095
2025-10-07T22:22:33,  - attempt to send message: 0715563455+02782:455+01592:452+00894:455+00894:454+00695:455+00294:454+00095
2025-10-07T22:23:34,  - Modem begin successful
2025-10-07T22:23:34,  - Sending...
2025-10-07T22:24:14, Send response: 
2025-10-07T22:24:14,  - Retry...
2025-10-07T22:24:14,    - Sending...
2025-10-07T22:24:14,    - Send response: 10
2025-10-07T22:24:44,  Sync clocks... 
2025-10-07T22:24:44,  - Clock was not synced
2025-10-07T22:24:45, Transmission failed. Error = 10
2025-10-07T22:24:45, Done loop ...
2025-10-07T22:24:45, ... powering down.
2025-10-07T22:39:13, Setup Complete
2025-10-07T22:39:15, Data: 2025-10-07T22:39:13,3.62,25631,4511.00,4985.00,4608.00,0.09,95.06,-0.68,883.53
2025-10-07T22:39:15, Add row to /TRACKING.csv
2025-10-07T22:39:15, Number of rows in /TRACKING.csv: 1
2025-10-07T22:39:18, Done loop ...
2025-10-07T22:39:18, ... powering down.
2025-10-07T22:56:01, Setup Complete
2025-10-07T22:56:03, Data: 2025-10-07T22:56:01,3.56,25631,4504.00,4988.00,4581.00,-0.28,95.28,-0.87,883.63
2025-10-07T22:56:03, Add row to /TRACKING.csv
2025-10-07T22:56:03, Number of rows in /TRACKING.csv: 2
2025-10-07T22:56:06, Done loop ...
2025-10-07T22:56:06, ... powering down.
2025-10-07T23:12:49, Setup Complete
2025-10-07T23:12:51, Data: 2025-10-07T23:12:49,3.62,25631,4426.00,4986.00,4559.50,0.09,94.00,-0.77,883.72
2025-10-07T23:12:51, Add row to /TRACKING.csv
2025-10-07T23:12:51, Number of rows in /TRACKING.csv: 3
2025-10-07T23:12:54, Done loop ...
2025-10-07T23:12:54, ... powering down.
2025-10-07T23:29:37, Setup Complete
2025-10-07T23:29:39, Data: 2025-10-07T23:29:37,3.55,25631,4556.00,4796.00,4597.00,-0.01,94.62,-0.74,883.57
2025-10-07T23:29:39, Add row to /TRACKING.csv
2025-10-07T23:29:39, Number of rows in /TRACKING.csv: 4
2025-10-07T23:29:43, Number of rows in /TRACKING.csv is >= 4
2025-10-07T23:29:43, Remove tracking
2025-10-07T23:29:43, Write to /TRANSMIT.csv: 2025-10-07T23:29:37,3.55,4556.00,-0.0,95
2025-10-07T23:29:43, Number of rows in /TRANSMIT.csv: 8
2025-10-07T23:29:43, Current hour = 23, Transmission hour = 1
2025-10-07T23:29:43, 0715562455+02782:455+01592:452+00894:455+00894:454+00695:455+00294:454+00095:456+00095
2025-10-07T23:29:45,  - attempt to send message: 0715562455+02782:455+01592:452+00894:455+00894:454+00695:455+00294:454+00095:456+00095
2025-10-07T23:33:46,  - Modem begin unsuccessful
2025-10-07T23:33:46, Transmission failed. Error = 5
2025-10-07T23:33:46, Done loop ...
2025-10-07T23:33:46, ... powering down.
2025-10-07T23:46:24, Setup Complete
2025-10-07T23:46:27, Data: 2025-10-07T23:46:24,3.55,25631,4556.00,4986.00,4619.00,-0.14,95.59,-0.75,883.53
2025-10-07T23:46:27, Add row to /TRACKING.csv
2025-10-07T23:46:27, Number of rows in /TRACKING.csv: 1
2025-10-07T23:46:29, Done loop ...
2025-10-07T23:46:29, ... powering down.
2025-10-08T00:03:12, Setup Complete
2025-10-08T00:03:15, Data: 2025-10-08T00:03:12,3.54,25631,4535.00,4988.00,4572.50,-0.08,95.27,-0.71,883.52
2025-10-08T00:03:15, Add row to /TRACKING.csv
2025-10-08T00:03:15, Number of rows in /TRACKING.csv: 2
2025-10-08T00:03:17, Done loop ...
2025-10-08T00:03:17, ... powering down.
2025-10-08T00:20:00, Setup Complete
2025-10-08T00:20:03, Data: 2025-10-08T00:20:00,3.54,25631,4516.00,4693.00,4566.50,0.09,94.13,-0.64,883.46
2025-10-08T00:20:03, Add row to /TRACKING.csv
2025-10-08T00:20:03, Number of rows in /TRACKING.csv: 3
2025-10-08T00:20:06, Done loop ...
2025-10-08T00:20:06, ... powering down.
2025-10-08T00:36:48, Setup Complete
2025-10-08T00:36:51, Data: 2025-10-08T00:36:48,3.58,25631,4590.00,4987.00,4627.50,-0.09,94.79,-0.74,883.49
2025-10-08T00:36:51, Add row to /TRACKING.csv
2025-10-08T00:36:51, Number of rows in /TRACKING.csv: 4
2025-10-08T00:36:54, Number of rows in /TRACKING.csv is >= 4
2025-10-08T00:36:54, Remove tracking
2025-10-08T00:36:54, Write to /TRANSMIT.csv: 2025-10-08T00:36:48,3.58,4590.00,-0.1,95
2025-10-08T00:36:54, Number of rows in /TRANSMIT.csv: 9
2025-10-08T00:36:54, Current hour = 0, Transmission hour = 1
2025-10-08T00:36:55, 0715562455+02782:455+01592:452+00894:455+00894:454+00695:455+00294:454+00095:456+00095:459-00195
2025-10-08T00:36:57,  - attempt to send message: 0715562455+02782:455+01592:452+00894:455+00894:454+00695:455+00294:454+00095:456+00095:459-00195
2025-10-08T00:40:57,  - Modem begin unsuccessful
2025-10-08T00:40:57, Transmission failed. Error = 5
2025-10-08T00:40:57, Done loop ...
2025-10-08T00:40:57, ... powering down.
2025-10-08T00:53:36, Setup Complete
2025-10-08T00:53:38, Data: 2025-10-08T00:53:36,3.60,25631,4526.00,4988.00,4631.00,-0.21,95.44,-0.86,883.46
2025-10-08T00:53:38, Add row to /TRACKING.csv
2025-10-08T00:53:38, Number of rows in /TRACKING.csv: 1
2025-10-08T00:53:41, Done loop ...
2025-10-08T00:53:41, ... powering down.
2025-10-08T01:10:24, Setup Complete
2025-10-08T01:10:26, Data: 2025-10-08T01:10:24,3.62,25631,4550.00,4987.00,4708.00,-0.11,95.39,-0.85,883.57
2025-10-08T01:10:26, Add row to /TRACKING.csv
2025-10-08T01:10:26, Number of rows in /TRACKING.csv: 2
2025-10-08T01:10:29, Done loop ...
2025-10-08T01:10:29, ... powering down.
2025-10-08T01:27:12, Setup Complete
2025-10-08T01:27:14, Data: 2025-10-08T01:27:12,3.63,25631,4503.00,4988.00,4578.50,-0.02,93.27,-0.79,883.45
2025-10-08T01:27:14, Add row to /TRACKING.csv
2025-10-08T01:27:14, Number of rows in /TRACKING.csv: 3
2025-10-08T01:27:17, Done loop ...
2025-10-08T01:27:17, ... powering down.
2025-10-08T01:44:00, Setup Complete
2025-10-08T01:44:02, Data: 2025-10-08T01:44:00,3.58,25631,4553.00,4827.00,4575.50,-0.38,93.81,-0.99,883.46
2025-10-08T01:44:02, Add row to /TRACKING.csv
2025-10-08T01:44:02, Number of rows in /TRACKING.csv: 4
2025-10-08T01:44:05, Number of rows in /TRACKING.csv is >= 4
2025-10-08T01:44:05, Remove tracking
2025-10-08T01:44:06, Write to /TRANSMIT.csv: 2025-10-08T01:44:00,3.58,4553.00,-0.4,94
2025-10-08T01:44:06, Number of rows in /TRANSMIT.csv: 10
2025-10-08T01:44:06, Current hour = 1, Transmission hour = 1
2025-10-08T01:44:06, 0715562455+02782:455+01592:452+00894:455+00894:454+00695:455+00294:454+00095:456+00095:459-00195:455-00494
2025-10-08T01:44:08,  - attempt to send message: 0715562455+02782:455+01592:452+00894:455+00894:454+00695:455+00294:454+00095:456+00095:459-00195:455-00494
2025-10-08T01:46:09,  - Modem begin successful
2025-10-08T01:46:09,  - Sending...
2025-10-08T01:46:39, Send response: 
2025-10-08T01:46:39,  - Retry...
2025-10-08T01:46:39,    - Sending...
2025-10-08T01:46:39,    - Send response: 10
2025-10-08T01:47:09,  Sync clocks... 
2025-10-08T01:47:09,  - Clock was not synced
2025-10-08T01:47:09, Transmission failed. Error = 10
2025-10-08T01:47:09, n_transmit >= 10, too much to transmit, delete /TRANSMIT.csv
2025-10-08T01:47:09, Done loop ...
2025-10-08T01:47:09, ... powering down.
2025-10-08T02:00:47, Setup Complete
2025-10-08T02:00:50, Data: 2025-10-08T02:00:47,3.54,25631,4470.00,4702.00,4535.00,-0.39,95.02,-1.11,883.43
2025-10-08T02:00:50, Add row to /TRACKING.csv
2025-10-08T02:00:50, Number of rows in /TRACKING.csv: 1
2025-10-08T02:00:52, Done loop ...
2025-10-08T02:00:52, ... powering down.
2025-10-08T02:17:35, Setup Complete
2025-10-08T02:17:37, Data: 2025-10-08T02:17:35,3.61,25631,4505.00,4987.00,4606.00,-0.28,94.31,-1.09,883.37
2025-10-08T02:17:38, Add row to /TRACKING.csv
2025-10-08T02:17:38, Number of rows in /TRACKING.csv: 2
2025-10-08T02:17:40, Done loop ...
2025-10-08T02:17:40, ... powering down.
2025-10-08T02:34:23, Setup Complete
2025-10-08T02:34:25, Data: 2025-10-08T02:34:23,3.71,25631,4534.00,4782.00,4590.00,-0.12,92.53,-1.11,883.42
2025-10-08T02:34:26, Add row to /TRACKING.csv
2025-10-08T02:34:26, Number of rows in /TRACKING.csv: 3
2025-10-08T02:34:29, Done loop ...
2025-10-08T02:34:29, ... powering down.
2025-10-08T02:51:11, Setup Complete
2025-10-08T02:51:13, Data: 2025-10-08T02:51:11,3.56,25631,4532.00,4836.00,4583.50,-0.08,91.88,-1.12,883.37
2025-10-08T02:51:14, Add row to /TRACKING.csv
2025-10-08T02:51:14, Number of rows in /TRACKING.csv: 4
2025-10-08T02:51:17, Number of rows in /TRACKING.csv is >= 4
2025-10-08T02:51:17, Remove tracking
2025-10-08T02:51:17, Write to /TRANSMIT.csv: 2025-10-08T02:51:11,3.56,4532.00,-0.1,92
2025-10-08T02:51:17, Number of rows in /TRANSMIT.csv: 1
2025-10-08T02:51:17, Current hour = 2, Transmission hour = 1
2025-10-08T02:51:17, Current hour = 2, Transmission hour = 6
2025-10-08T02:51:17, Current hour = 2, Transmission hour = 8
2025-10-08T02:51:17, Current hour = 2, Transmission hour = 9
2025-10-08T02:51:17, Current hour = 2, Transmission hour = 10
2025-10-08T02:51:17, Current hour = 2, Transmission hour = 15
2025-10-08T02:51:18, Current hour = 2, Transmission hour = 20
2025-10-08T02:51:18, Current hour = 2, Transmission hour = 22
2025-10-08T02:51:18, Done loop ...
2025-10-08T02:51:18, ... powering down.
2025-10-08T03:07:59, Setup Complete
2025-10-08T03:08:01, Data: 2025-10-08T03:07:59,3.67,25631,4501.00,4791.00,4533.50,-0.23,91.31,-1.20,883.34
2025-10-08T03:08:02, Add row to /TRACKING.csv
2025-10-08T03:08:02, Number of rows in /TRACKING.csv: 1
2025-10-08T03:08:04, Done loop ...
2025-10-08T03:08:04, ... powering down.
2025-10-08T03:24:47, Setup Complete
2025-10-08T03:24:50, Data: 2025-10-08T03:24:47,3.58,25631,4507.00,4737.00,4541.00,-0.25,90.71,-1.23,883.25
2025-10-08T03:24:50, Add row to /TRACKING.csv
2025-10-08T03:24:50, Number of rows in /TRACKING.csv: 2
2025-10-08T03:24:52, Done loop ...
2025-10-08T03:24:52, ... powering down.
2025-10-08T03:41:35, Setup Complete
2025-10-08T03:41:38, Data: 2025-10-08T03:41:35,3.62,25631,4534.00,4986.00,4568.00,0.37,83.67,-1.17,883.24
2025-10-08T03:41:38, Add row to /TRACKING.csv
2025-10-08T03:41:38, Number of rows in /TRACKING.csv: 3
2025-10-08T03:41:41, Done loop ...
2025-10-08T03:41:41, ... powering down.
2025-10-08T03:58:23, Setup Complete
2025-10-08T03:58:25, Data: 2025-10-08T03:58:23,3.70,25631,4516.00,4986.00,4612.50,0.44,83.13,-0.91,883.28
2025-10-08T03:58:26, Add row to /TRACKING.csv
2025-10-08T03:58:26, Number of rows in /TRACKING.csv: 4
2025-10-08T03:58:29, Number of rows in /TRACKING.csv is >= 4
2025-10-08T03:58:29, Remove tracking
2025-10-08T03:58:29, Write to /TRANSMIT.csv: 2025-10-08T03:58:23,3.70,4516.00,0.4,83
2025-10-08T03:58:29, Number of rows in /TRANSMIT.csv: 2
2025-10-08T03:58:29, Current hour = 3, Transmission hour = 1
2025-10-08T03:58:29, Current hour = 3, Transmission hour = 6
2025-10-08T03:58:29, Current hour = 3, Transmission hour = 8
2025-10-08T03:58:29, Current hour = 3, Transmission hour = 9
2025-10-08T03:58:29, Current hour = 3, Transmission hour = 10
2025-10-08T03:58:30, Current hour = 3, Transmission hour = 15
2025-10-08T03:58:30, Current hour = 3, Transmission hour = 20
2025-10-08T03:58:30, Current hour = 3, Transmission hour = 22
2025-10-08T03:58:30, Done loop ...
2025-10-08T03:58:30, ... powering down.
2025-10-08T04:15:11, Setup Complete
2025-10-08T04:15:14, Data: 2025-10-08T04:15:11,3.53,25631,4518.00,4986.00,4573.00,0.30,84.48,-0.93,883.36
2025-10-08T04:15:14, Add row to /TRACKING.csv
2025-10-08T04:15:14, Number of rows in /TRACKING.csv: 1
2025-10-08T04:15:16, Done loop ...
2025-10-08T04:15:16, ... powering down.
2025-10-08T04:31:59, Setup Complete
2025-10-08T04:32:02, Data: 2025-10-08T04:31:59,3.56,25631,4528.00,4988.00,4571.50,0.20,84.96,-1.01,883.34
2025-10-08T04:32:02, Add row to /TRACKING.csv
2025-10-08T04:32:02, Number of rows in /TRACKING.csv: 2
2025-10-08T04:32:04, Done loop ...
2025-10-08T04:32:04, ... powering down.
2025-10-08T04:48:47, Setup Complete
2025-10-08T04:48:50, Data: 2025-10-08T04:48:47,3.56,25631,4567.00,4988.00,4794.00,0.27,83.48,-0.97,883.46
2025-10-08T04:48:50, Add row to /TRACKING.csv
2025-10-08T04:48:50, Number of rows in /TRACKING.csv: 3
2025-10-08T04:48:53, Done loop ...
2025-10-08T04:48:53, ... powering down.
2025-10-08T05:05:35, Setup Complete
2025-10-08T05:05:37, Data: 2025-10-08T05:05:35,3.58,25631,4544.00,4985.00,4658.50,0.67,81.35,-0.71,883.48
2025-10-08T05:05:38, Add row to /TRACKING.csv
2025-10-08T05:05:38, Number of rows in /TRACKING.csv: 4
2025-10-08T05:05:41, Number of rows in /TRACKING.csv is >= 4
2025-10-08T05:05:41, Remove tracking
2025-10-08T05:05:41, Write to /TRANSMIT.csv: 2025-10-08T05:05:35,3.58,4544.00,0.7,81
2025-10-08T05:05:41, Number of rows in /TRANSMIT.csv: 3
2025-10-08T05:05:41, Current hour = 5, Transmission hour = 1
2025-10-08T05:05:41, Current hour = 5, Transmission hour = 6
2025-10-08T05:05:41, Current hour = 5, Transmission hour = 8
2025-10-08T05:05:41, Current hour = 5, Transmission hour = 9
2025-10-08T05:05:41, Current hour = 5, Transmission hour = 10
2025-10-08T05:05:41, Current hour = 5, Transmission hour = 15
2025-10-08T05:05:42, Current hour = 5, Transmission hour = 20
2025-10-08T05:05:42, Current hour = 5, Transmission hour = 22
2025-10-08T05:05:42, Done loop ...
2025-10-08T05:05:42, ... powering down.
2025-10-08T05:22:23, Setup Complete
2025-10-08T05:22:26, Data: 2025-10-08T05:22:23,3.65,25631,4508.00,4986.00,4555.00,0.41,81.65,-0.63,883.49
2025-10-08T05:22:26, Add row to /TRACKING.csv
2025-10-08T05:22:26, Number of rows in /TRACKING.csv: 1
2025-10-08T05:22:28, Done loop ...
2025-10-08T05:22:28, ... powering down.
2025-10-08T05:39:11, Setup Complete
2025-10-08T05:39:14, Data: 2025-10-08T05:39:11,3.55,25631,4509.00,4986.00,4556.00,0.78,79.42,-0.57,883.57
2025-10-08T05:39:14, Add row to /TRACKING.csv
2025-10-08T05:39:14, Number of rows in /TRACKING.csv: 2
2025-10-08T05:39:16, Done loop ...
2025-10-08T05:39:16, ... powering down.
2025-10-08T05:55:59, Setup Complete
2025-10-08T05:56:02, Data: 2025-10-08T05:55:59,3.65,25631,4533.00,4988.00,4632.50,0.72,78.78,-0.54,883.72
2025-10-08T05:56:02, Add row to /TRACKING.csv
2025-10-08T05:56:02, Number of rows in /TRACKING.csv: 3
2025-10-08T05:56:05, Done loop ...
2025-10-08T05:56:05, ... powering down.
2025-10-08T06:12:47, Setup Complete
2025-10-08T06:12:50, Data: 2025-10-08T06:12:47,3.60,25631,4488.00,4988.00,4671.00,0.88,78.73,-0.30,883.63
2025-10-08T06:12:50, Add row to /TRACKING.csv
2025-10-08T06:12:50, Number of rows in /TRACKING.csv: 4
2025-10-08T06:12:53, Number of rows in /TRACKING.csv is >= 4
2025-10-08T06:12:53, Remove tracking
2025-10-08T06:12:53, Write to /TRANSMIT.csv: 2025-10-08T06:12:47,3.60,4488.00,0.9,79
2025-10-08T06:12:53, Number of rows in /TRANSMIT.csv: 4
2025-10-08T06:12:53, Current hour = 6, Transmission hour = 1
2025-10-08T06:12:53, Current hour = 6, Transmission hour = 6
2025-10-08T06:12:53, 0802512453-00192:452+00483:454+00781:449+00979
2025-10-08T06:12:56,  - attempt to send message: 0802512453-00192:452+00483:454+00781:449+00979
2025-10-08T06:14:56,  - Modem begin unsuccessful
2025-10-08T06:14:56, Transmission failed. Error = 3
2025-10-08T06:14:56, Done loop ...
2025-10-08T06:14:56, ... powering down.
2025-10-08T06:29:35, Setup Complete
2025-10-08T06:29:37, Data: 2025-10-08T06:29:35,3.57,25631,4520.00,4565.00,4549.00,0.60,79.42,-0.30,883.78
2025-10-08T06:29:37, Add row to /TRACKING.csv
2025-10-08T06:29:38, Number of rows in /TRACKING.csv: 1
2025-10-08T06:29:40, Done loop ...
2025-10-08T06:29:40, ... powering down.
2025-10-08T06:46:23, Setup Complete
2025-10-08T06:46:25, Data: 2025-10-08T06:46:23,3.56,25631,4528.00,4778.00,4579.50,0.97,76.90,-0.31,883.88
2025-10-08T06:46:25, Add row to /TRACKING.csv
2025-10-08T06:46:25, Number of rows in /TRACKING.csv: 2
2025-10-08T06:46:28, Done loop ...
2025-10-08T06:46:28, ... powering down.
2025-10-08T07:03:11, Setup Complete
2025-10-08T07:03:13, Data: 2025-10-08T07:03:11,3.62,25631,4529.00,4755.00,4583.00,0.71,77.44,-0.40,883.96
2025-10-08T07:03:14, Add row to /TRACKING.csv
2025-10-08T07:03:14, Number of rows in /TRACKING.csv: 3
2025-10-08T07:03:17, Done loop ...
2025-10-08T07:03:17, ... powering down.
2025-10-08T07:20:00, Setup Complete
2025-10-08T07:20:02, Data: 2025-10-08T07:20:00,3.56,25631,4556.00,4987.00,4577.50,1.41,74.80,0.13,884.14
2025-10-08T07:20:02, Add row to /TRACKING.csv
2025-10-08T07:20:02, Number of rows in /TRACKING.csv: 4
2025-10-08T07:20:05, Number of rows in /TRACKING.csv is >= 4
2025-10-08T07:20:05, Remove tracking
2025-10-08T07:20:05, Write to /TRANSMIT.csv: 2025-10-08T07:20:00,3.56,4556.00,1.4,75
2025-10-08T07:20:06, Number of rows in /TRANSMIT.csv: 5
2025-10-08T07:20:06, Current hour = 7, Transmission hour = 1
2025-10-08T07:20:06, 0802512453-00192:452+00483:454+00781:449+00979:456+01475
2025-10-08T07:20:08,  - attempt to send message: 0802512453-00192:452+00483:454+00781:449+00979:456+01475
2025-10-08T07:20:38,  - Modem begin successful
2025-10-08T07:20:39,  - Sending...
2025-10-08T07:21:09, Send response: 
2025-10-08T07:21:09,  - Retry...
2025-10-08T07:21:09,    - Sending...
2025-10-08T07:21:09,    - Send response: 10
2025-10-08T07:21:39,  Sync clocks... 
2025-10-08T07:21:39,  - Clock was not synced
2025-10-08T07:21:39, Transmission failed. Error = 10
2025-10-08T07:21:39, Done loop ...
2025-10-08T07:21:39, ... powering down.
2025-10-08T07:36:48, Setup Complete
2025-10-08T07:36:50, Data: 2025-10-08T07:36:48,3.68,25631,4484.00,4986.00,4646.50,1.64,73.24,0.69,884.28
2025-10-08T07:36:50, Add row to /TRACKING.csv
2025-10-08T07:36:50, Number of rows in /TRACKING.csv: 1
2025-10-08T07:36:52, Done loop ...
2025-10-08T07:36:52, ... powering down.
2025-10-08T07:53:36, Setup Complete
2025-10-08T07:53:38, Data: 2025-10-08T07:53:36,3.66,25631,4550.00,4986.00,4592.50,2.25,72.84,4.30,884.66
2025-10-08T07:53:38, Add row to /TRACKING.csv
2025-10-08T07:53:38, Number of rows in /TRACKING.csv: 2
2025-10-08T07:53:41, Done loop ...
2025-10-08T07:53:41, ... powering down.
2025-10-08T07:53:46, Setup Complete
2025-10-08T07:53:48, Data: 2025-10-08T07:53:46,3.61,25631,4505.00,4520.00,4511.00,2.29,72.92,4.37,884.70
2025-10-08T07:53:48, Add row to /TRACKING.csv
2025-10-08T07:53:48, Number of rows in /TRACKING.csv: 3
2025-10-08T07:53:51, Done loop ...
2025-10-08T07:53:51, ... powering down.
2025-10-08T08:10:32, Setup Complete
2025-10-08T08:10:34, Data: 2025-10-08T08:10:32,3.55,25631,4572.00,4987.00,4624.00,2.85,69.73,8.25,884.65
2025-10-08T08:10:34, Add row to /TRACKING.csv
2025-10-08T08:10:34, Number of rows in /TRACKING.csv: 4
2025-10-08T08:10:38, Number of rows in /TRACKING.csv is >= 4
2025-10-08T08:10:38, Remove tracking
2025-10-08T08:10:38, Write to /TRANSMIT.csv: 2025-10-08T08:10:32,3.55,4572.00,2.8,70
2025-10-08T08:10:38, Number of rows in /TRANSMIT.csv: 6
2025-10-08T08:10:38, Current hour = 8, Transmission hour = 1
2025-10-08T08:10:38, 0802512453-00192:452+00483:454+00781:449+00979:456+01475:457+02870
2025-10-08T08:10:40,  - attempt to send message: 0802512453-00192:452+00483:454+00781:449+00979:456+01475:457+02870
2025-10-08T08:12:41,  - Modem begin successful
2025-10-08T08:12:41,  - Sending...
2025-10-08T08:13:11, Send response: 
2025-10-08T08:13:11,  - Retry...
2025-10-08T08:13:11,    - Sending...
2025-10-08T08:13:11,    - Send response: 10
2025-10-08T08:13:41,  Sync clocks... 
2025-10-08T08:13:41,  - Clock was not synced
2025-10-08T08:13:41, Transmission failed. Error = 10
2025-10-08T08:13:41, Done loop ...
2025-10-08T08:13:41, ... powering down.
2025-10-08T08:27:15, Setup Complete
2025-10-08T08:27:17, Data: 2025-10-08T08:27:15,3.58,25631,4555.00,4986.00,4569.00,3.44,66.34,8.07,884.48
2025-10-08T08:27:17, Add row to /TRACKING.csv
2025-10-08T08:27:17, Number of rows in /TRACKING.csv: 1
2025-10-08T08:27:19, Done loop ...
2025-10-08T08:27:19, ... powering down.
2025-10-08T08:27:24, Setup Complete
2025-10-08T08:27:26, Data: 2025-10-08T08:27:24,3.58,25631,4551.00,4576.00,4562.00,3.43,66.36,8.08,884.50
2025-10-08T08:27:26, Add row to /TRACKING.csv
2025-10-08T08:27:26, Number of rows in /TRACKING.csv: 2
2025-10-08T08:27:29, Done loop ...
2025-10-08T08:27:29, ... powering down.
2025-10-08T08:44:11, Setup Complete
2025-10-08T08:44:13, Data: 2025-10-08T08:44:11,3.65,25631,4516.00,4560.00,4540.00,4.58,66.28,11.32,884.83
2025-10-08T08:44:13, Add row to /TRACKING.csv
2025-10-08T08:44:13, Number of rows in /TRACKING.csv: 3
2025-10-08T08:44:16, Done loop ...
2025-10-08T08:44:16, ... powering down.
2025-10-08T09:00:57, Setup Complete
2025-10-08T09:00:59, Data: 2025-10-08T09:00:57,3.64,25631,4502.00,4577.00,4571.00,4.84,63.14,13.25,884.92
2025-10-08T09:00:59, Add row to /TRACKING.csv
2025-10-08T09:00:59, Number of rows in /TRACKING.csv: 4
2025-10-08T09:01:02, Number of rows in /TRACKING.csv is >= 4
2025-10-08T09:01:03, Remove tracking
2025-10-08T09:01:03, Write to /TRANSMIT.csv: 2025-10-08T09:00:57,3.64,4502.00,4.8,63
2025-10-08T09:01:03, Number of rows in /TRANSMIT.csv: 7
2025-10-08T09:01:03, Current hour = 9, Transmission hour = 1
2025-10-08T09:01:03, 0802513453-00192:452+00483:454+00781:449+00979:456+01475:457+02870:450+04863
2025-10-08T09:01:05,  - attempt to send message: 0802513453-00192:452+00483:454+00781:449+00979:456+01475:457+02870:450+04863
2025-10-08T09:02:36,  - Modem begin successful
2025-10-08T09:02:36,  - Sending...
2025-10-08T09:03:06, Send response: 
2025-10-08T09:03:06,  - Retry...
2025-10-08T09:03:06,    - Sending...
2025-10-08T09:03:06,    - Send response: 10
2025-10-08T09:03:36,  Sync clocks... 
2025-10-08T09:03:36,  - Clock was not synced
2025-10-08T09:03:36, Transmission failed. Error = 10
2025-10-08T09:03:36, Done loop ...
2025-10-08T09:03:36, ... powering down.
2025-10-08T09:17:42, Setup Complete
2025-10-08T09:17:44, Data: 2025-10-08T09:17:42,3.57,25631,4567.00,4986.00,4602.00,4.73,61.77,14.27,884.90
2025-10-08T09:17:44, Add row to /TRACKING.csv
2025-10-08T09:17:44, Number of rows in /TRACKING.csv: 1
2025-10-08T09:17:47, Done loop ...
2025-10-08T09:17:47, ... powering down.
2025-10-08T09:17:51, Setup Complete
2025-10-08T09:17:53, Data: 2025-10-08T09:17:51,3.60,25631,4504.00,4579.00,4568.50,4.77,61.84,14.26,884.91
2025-10-08T09:17:54, Add row to /TRACKING.csv
2025-10-08T09:17:54, Number of rows in /TRACKING.csv: 2
2025-10-08T09:17:56, Done loop ...
2025-10-08T09:17:56, ... powering down.
2025-10-08T09:34:38, Setup Complete
2025-10-08T09:34:40, Data: 2025-10-08T09:34:38,3.53,25631,4558.00,4986.00,4657.00,5.02,60.61,14.49,885.05
2025-10-08T09:34:40, Add row to /TRACKING.csv
2025-10-08T09:34:40, Number of rows in /TRACKING.csv: 3
2025-10-08T09:34:43, Done loop ...
2025-10-08T09:34:43, ... powering down.
2025-10-08T09:34:48, Setup Complete
2025-10-08T09:34:50, Data: 2025-10-08T09:34:48,3.60,25631,4523.00,4636.00,4585.50,5.07,60.89,14.50,885.08
2025-10-08T09:34:50, Add row to /TRACKING.csv
2025-10-08T09:34:50, Number of rows in /TRACKING.csv: 4
2025-10-08T09:34:54, Number of rows in /TRACKING.csv is >= 4
2025-10-08T09:34:54, Remove tracking
2025-10-08T09:34:54, Write to /TRANSMIT.csv: 2025-10-08T09:34:48,3.60,4523.00,5.1,61
2025-10-08T09:34:54, Number of rows in /TRANSMIT.csv: 8
2025-10-08T09:34:54, Current hour = 9, Transmission hour = 1
2025-10-08T09:34:54, 0802512453-00192:452+00483:454+00781:449+00979:456+01475:457+02870:450+04863:452+05161
2025-10-08T09:34:56,  - attempt to send message: 0802512453-00192:452+00483:454+00781:449+00979:456+01475:457+02870:450+04863:452+05161
2025-10-08T09:34:57,  - Modem begin successful
2025-10-08T09:34:57,  - Sending...
2025-10-08T09:35:27, Send response: 
2025-10-08T09:35:27,  - Retry...
2025-10-08T09:35:27,    - Sending...
2025-10-08T09:35:27,    - Send response: 10
2025-10-08T09:35:57,  Sync clocks... 
2025-10-08T09:35:57,  - Clock was not synced
2025-10-08T09:35:57, Transmission failed. Error = 10
2025-10-08T09:35:57, Done loop ...
2025-10-08T09:35:57, ... powering down.
2025-10-08T09:51:34, Setup Complete
2025-10-08T09:51:37, Data: 2025-10-08T09:51:34,4.04,25631,4559.00,4985.00,4594.00,4.87,62.56,14.29,885.07
2025-10-08T09:51:37, Add row to /TRACKING.csv
2025-10-08T09:51:37, Number of rows in /TRACKING.csv: 1
2025-10-08T09:51:39, Done loop ...
2025-10-08T09:51:39, ... powering down.
2025-10-08T09:51:44, Setup Complete
2025-10-08T09:51:46, Data: 2025-10-08T09:51:44,3.59,25631,4566.00,4596.00,4585.00,4.85,62.67,14.28,885.11
2025-10-08T09:51:46, Add row to /TRACKING.csv
2025-10-08T09:51:46, Number of rows in /TRACKING.csv: 2
2025-10-08T09:51:49, Done loop ...
2025-10-08T09:51:49, ... powering down.
2025-10-08T10:08:30, Setup Complete
2025-10-08T10:08:33, Data: 2025-10-08T10:08:30,3.78,25631,4553.00,4668.00,4626.50,5.54,60.79,13.70,885.20
2025-10-08T10:08:33, Add row to /TRACKING.csv
2025-10-08T10:08:33, Number of rows in /TRACKING.csv: 3
2025-10-08T10:08:36, Done loop ...
2025-10-08T10:08:36, ... powering down.
2025-10-08T10:08:40, Setup Complete
2025-10-08T10:08:43, Data: 2025-10-08T10:08:40,3.60,25631,4531.00,4602.00,4578.50,5.54,59.57,13.70,885.18
2025-10-08T10:08:43, Add row to /TRACKING.csv
2025-10-08T10:08:43, Number of rows in /TRACKING.csv: 4
2025-10-08T10:08:46, Number of rows in /TRACKING.csv is >= 4
2025-10-08T10:08:46, Remove tracking
2025-10-08T10:08:46, Write to /TRANSMIT.csv: 2025-10-08T10:08:40,3.60,4531.00,5.5,60
2025-10-08T10:08:46, Number of rows in /TRANSMIT.csv: 9
2025-10-08T10:08:46, Current hour = 10, Transmission hour = 1
2025-10-08T10:08:46, 0802512453-00192:452+00483:454+00781:449+00979:456+01475:457+02870:450+04863:452+05161:453+05560
2025-10-08T10:08:49,  - attempt to send message: 0802512453-00192:452+00483:454+00781:449+00979:456+01475:457+02870:450+04863:452+05161:453+05560
2025-10-08T10:08:49,  - Modem begin successful
2025-10-08T10:08:49,  - Sending...
2025-10-08T10:09:19, Send response: 
2025-10-08T10:09:20,  - Retry...
2025-10-08T10:09:20,    - Sending...
2025-10-08T10:09:20,    - Send response: 10
2025-10-08T10:09:50,  Sync clocks... 
2025-10-08T10:09:50,  - Clock was not synced
2025-10-08T10:09:50, Transmission failed. Error = 10
2025-10-08T10:09:50, Done loop ...
2025-10-08T10:09:50, ... powering down.
2025-10-08T10:25:27, Setup Complete
2025-10-08T10:25:29, Data: 2025-10-08T10:25:27,3.96,25631,4583.00,4986.00,4647.50,5.90,58.10,11.75,885.17
2025-10-08T10:25:29, Add row to /TRACKING.csv
2025-10-08T10:25:29, Number of rows in /TRACKING.csv: 1
2025-10-08T10:25:32, Done loop ...
2025-10-08T10:25:32, ... powering down.
2025-10-08T10:25:36, Setup Complete
2025-10-08T10:25:38, Data: 2025-10-08T10:25:36,3.60,25631,4486.00,4592.00,4546.50,5.87,58.63,11.74,885.17
2025-10-08T10:25:39, Add row to /TRACKING.csv
2025-10-08T10:25:39, Number of rows in /TRACKING.csv: 2
2025-10-08T10:25:41, Done loop ...
2025-10-08T10:25:41, ... powering down.
2025-10-08T10:42:23, Setup Complete
2025-10-08T10:42:25, Data: 2025-10-08T10:42:23,3.61,25631,4602.00,4924.00,4643.50,5.53,58.94,9.98,885.31
2025-10-08T10:42:25, Add row to /TRACKING.csv
2025-10-08T10:42:25, Number of rows in /TRACKING.csv: 3
2025-10-08T10:42:28, Done loop ...
2025-10-08T10:42:28, ... powering down.
2025-10-08T10:42:33, Setup Complete
2025-10-08T10:42:35, Data: 2025-10-08T10:42:33,3.60,25631,4543.00,4610.00,4562.50,5.50,59.32,9.97,885.31
2025-10-08T10:42:35, Add row to /TRACKING.csv
2025-10-08T10:42:35, Number of rows in /TRACKING.csv: 4
2025-10-08T10:42:38, Number of rows in /TRACKING.csv is >= 4
2025-10-08T10:42:39, Remove tracking
2025-10-08T10:42:39, Write to /TRANSMIT.csv: 2025-10-08T10:42:33,3.60,4543.00,5.5,59
2025-10-08T10:42:39, Number of rows in /TRANSMIT.csv: 10
2025-10-08T10:42:39, Current hour = 10, Transmission hour = 1
2025-10-08T10:42:39, 0802512453-00192:452+00483:454+00781:449+00979:456+01475:457+02870:450+04863:452+05161:453+05560:454+05559
2025-10-08T10:42:41,  - attempt to send message: 0802512453-00192:452+00483:454+00781:449+00979:456+01475:457+02870:450+04863:452+05161:453+05560:454+05559
2025-10-08T10:42:42,  - Modem begin successful
2025-10-08T10:42:42,  - Sending...
2025-10-08T10:43:12, Send response: 
2025-10-08T10:43:12,  - Retry...
2025-10-08T10:43:12,    - Sending...
2025-10-08T10:43:12,    - Send response: 10
2025-10-08T10:43:42,  Sync clocks... 
2025-10-08T10:43:42,  - Clock was not synced
2025-10-08T10:43:42, Transmission failed. Error = 10
2025-10-08T10:43:42, n_transmit >= 10, too much to transmit, delete /TRANSMIT.csv
2025-10-08T10:43:42, Done loop ...
2025-10-08T10:43:42, ... powering down.
2025-10-08T10:59:19, Setup Complete
2025-10-08T10:59:22, Data: 2025-10-08T10:59:19,3.64,25631,4554.00,4986.00,4644.50,5.63,60.40,9.10,885.55
2025-10-08T10:59:22, Add row to /TRACKING.csv
2025-10-08T10:59:22, Number of rows in /TRACKING.csv: 1
2025-10-08T10:59:24, Done loop ...
2025-10-08T10:59:24, ... powering down.
2025-10-08T10:59:29, Setup Complete
2025-10-08T10:59:31, Data: 2025-10-08T10:59:29,3.60,25631,4496.00,4567.00,4556.50,5.67,59.54,9.10,885.56
2025-10-08T10:59:31, Add row to /TRACKING.csv
2025-10-08T10:59:31, Number of rows in /TRACKING.csv: 2
2025-10-08T10:59:34, Done loop ...
2025-10-08T10:59:34, ... powering down.
2025-10-08T11:16:15, Setup Complete
2025-10-08T11:16:17, Data: 2025-10-08T11:16:15,3.58,25631,4583.00,4986.00,4624.50,6.66,58.75,9.37,885.55
2025-10-08T11:16:17, Add row to /TRACKING.csv
2025-10-08T11:16:18, Number of rows in /TRACKING.csv: 3
2025-10-08T11:16:21, Done loop ...
2025-10-08T11:16:21, ... powering down.
2025-10-08T11:16:25, Setup Complete
2025-10-08T11:16:27, Data: 2025-10-08T11:16:25,3.59,25631,4496.00,4613.00,4555.50,6.69,59.01,9.38,885.60
2025-10-08T11:16:27, Add row to /TRACKING.csv
2025-10-08T11:16:28, Number of rows in /TRACKING.csv: 4
2025-10-08T11:16:31, Number of rows in /TRACKING.csv is >= 4
2025-10-08T11:16:31, Remove tracking
2025-10-08T11:16:31, Write to /TRANSMIT.csv: 2025-10-08T11:16:25,3.59,4496.00,6.7,59
2025-10-08T11:16:31, Number of rows in /TRANSMIT.csv: 1
2025-10-08T11:16:31, Current hour = 11, Transmission hour = 1
2025-10-08T11:16:31, Current hour = 11, Transmission hour = 6
2025-10-08T11:16:31, Current hour = 11, Transmission hour = 8
2025-10-08T11:16:31, Current hour = 11, Transmission hour = 9
2025-10-08T11:16:31, Current hour = 11, Transmission hour = 10
2025-10-08T11:16:31, Current hour = 11, Transmission hour = 15
2025-10-08T11:16:32, Current hour = 11, Transmission hour = 20
2025-10-08T11:16:32, Current hour = 11, Transmission hour = 22
2025-10-08T11:16:32, Done loop ...
2025-10-08T11:16:32, ... powering down.
2025-10-08T11:33:12, Setup Complete
2025-10-08T11:33:14, Data: 2025-10-08T11:33:12,3.57,25631,4583.00,4986.00,4682.50,5.50,58.77,9.72,885.59
2025-10-08T11:33:14, Add row to /TRACKING.csv
2025-10-08T11:33:14, Number of rows in /TRACKING.csv: 1
2025-10-08T11:33:17, Done loop ...
2025-10-08T11:33:17, ... powering down.
2025-10-08T11:33:21, Setup Complete
2025-10-08T11:33:23, Data: 2025-10-08T11:33:21,3.59,25631,4514.00,4543.00,4529.50,5.51,58.46,9.72,885.59
2025-10-08T11:33:23, Add row to /TRACKING.csv
2025-10-08T11:33:24, Number of rows in /TRACKING.csv: 2
2025-10-08T11:33:26, Done loop ...
2025-10-08T11:33:26, ... powering down.
2025-10-08T11:50:08, Setup Complete
2025-10-08T11:50:10, Data: 2025-10-08T11:50:08,3.60,25631,4558.00,4986.00,4653.50,5.61,59.95,9.63,885.62
2025-10-08T11:50:10, Add row to /TRACKING.csv
2025-10-08T11:50:10, Number of rows in /TRACKING.csv: 3
2025-10-08T11:50:13, Done loop ...
2025-10-08T11:50:13, ... powering down.
2025-10-08T11:50:18, Setup Complete
2025-10-08T11:50:20, Data: 2025-10-08T11:50:18,3.59,25631,4534.00,4672.00,4551.00,5.61,60.29,9.63,885.66
2025-10-08T11:50:20, Add row to /TRACKING.csv
2025-10-08T11:50:20, Number of rows in /TRACKING.csv: 4
2025-10-08T11:50:23, Number of rows in /TRACKING.csv is >= 4
2025-10-08T11:50:23, Remove tracking
2025-10-08T11:50:24, Write to /TRANSMIT.csv: 2025-10-08T11:50:18,3.59,4534.00,5.6,60
2025-10-08T11:50:24, Number of rows in /TRANSMIT.csv: 2
2025-10-08T11:50:24, Current hour = 11, Transmission hour = 1
2025-10-08T11:50:24, Current hour = 11, Transmission hour = 6
2025-10-08T11:50:24, Current hour = 11, Transmission hour = 8
2025-10-08T11:50:24, Current hour = 11, Transmission hour = 9
2025-10-08T11:50:24, Current hour = 11, Transmission hour = 10
2025-10-08T11:50:24, Current hour = 11, Transmission hour = 15
2025-10-08T11:50:24, Current hour = 11, Transmission hour = 20
2025-10-08T11:50:24, Current hour = 11, Transmission hour = 22
2025-10-08T11:50:24, Done loop ...
2025-10-08T11:50:24, ... powering down.
2025-10-08T12:07:04, Setup Complete
2025-10-08T12:07:07, Data: 2025-10-08T12:07:04,3.56,25631,4589.00,4985.00,4664.00,6.33,58.25,10.19,885.73
2025-10-08T12:07:07, Add row to /TRACKING.csv
2025-10-08T12:07:07, Number of rows in /TRACKING.csv: 1
2025-10-08T12:07:09, Done loop ...
2025-10-08T12:07:09, ... powering down.
2025-10-08T12:07:14, Setup Complete
2025-10-08T12:07:16, Data: 2025-10-08T12:07:14,3.59,25631,4486.00,4594.00,4529.00,6.33,58.29,10.20,885.70
2025-10-08T12:07:16, Add row to /TRACKING.csv
2025-10-08T12:07:16, Number of rows in /TRACKING.csv: 2
2025-10-08T12:07:19, Done loop ...
2025-10-08T12:07:19, ... powering down.
2025-10-08T12:24:00, Setup Complete
2025-10-08T12:24:03, Data: 2025-10-08T12:24:00,3.60,25631,4552.00,4685.00,4632.50,5.75,59.57,10.05,885.84
2025-10-08T12:24:03, Add row to /TRACKING.csv
2025-10-08T12:24:03, Number of rows in /TRACKING.csv: 3
2025-10-08T12:24:06, Done loop ...
2025-10-08T12:24:06, ... powering down.
2025-10-08T12:24:10, Setup Complete
2025-10-08T12:24:13, Data: 2025-10-08T12:24:10,3.58,25631,4504.00,4577.00,4542.00,5.75,59.79,10.05,885.82
2025-10-08T12:24:13, Add row to /TRACKING.csv
2025-10-08T12:24:13, Number of rows in /TRACKING.csv: 4
2025-10-08T12:24:16, Number of rows in /TRACKING.csv is >= 4
2025-10-08T12:24:16, Remove tracking
2025-10-08T12:24:16, Write to /TRANSMIT.csv: 2025-10-08T12:24:10,3.58,4504.00,5.8,60
2025-10-08T12:24:16, Number of rows in /TRANSMIT.csv: 3
2025-10-08T12:24:16, Current hour = 12, Transmission hour = 1
2025-10-08T12:24:16, Current hour = 12, Transmission hour = 6
2025-10-08T12:24:16, Current hour = 12, Transmission hour = 8
2025-10-08T12:24:16, Current hour = 12, Transmission hour = 9
2025-10-08T12:24:17, Current hour = 12, Transmission hour = 10
2025-10-08T12:24:17, Current hour = 12, Transmission hour = 15
2025-10-08T12:24:17, Current hour = 12, Transmission hour = 20
2025-10-08T12:24:17, Current hour = 12, Transmission hour = 22
2025-10-08T12:24:17, Done loop ...
2025-10-08T12:24:17, ... powering down.
2025-10-08T12:40:57, Setup Complete
2025-10-08T12:40:59, Data: 2025-10-08T12:40:57,3.88,25631,4557.00,4986.00,4616.50,6.83,59.74,10.28,885.99
2025-10-08T12:40:59, Add row to /TRACKING.csv
2025-10-08T12:40:59, Number of rows in /TRACKING.csv: 1
2025-10-08T12:41:02, Done loop ...
2025-10-08T12:41:02, ... powering down.
2025-10-08T12:41:06, Setup Complete
2025-10-08T12:41:09, Data: 2025-10-08T12:41:06,3.58,25631,4510.00,4621.00,4548.00,6.85,61.03,10.29,886.01
2025-10-08T12:41:09, Add row to /TRACKING.csv
2025-10-08T12:41:09, Number of rows in /TRACKING.csv: 2
2025-10-08T12:41:11, Done loop ...
2025-10-08T12:41:11, ... powering down.
2025-10-08T12:57:53, Setup Complete
2025-10-08T12:57:55, Data: 2025-10-08T12:57:53,3.65,25631,4577.00,4986.00,4672.50,6.77,58.54,11.06,885.90
2025-10-08T12:57:55, Add row to /TRACKING.csv
2025-10-08T12:57:55, Number of rows in /TRACKING.csv: 3
2025-10-08T12:57:58, Done loop ...
2025-10-08T12:57:58, ... powering down.
2025-10-08T12:58:03, Setup Complete
2025-10-08T12:58:05, Data: 2025-10-08T12:58:03,3.59,25631,4487.00,4986.00,4561.00,6.80,58.73,11.06,885.95
2025-10-08T12:58:05, Add row to /TRACKING.csv
2025-10-08T12:58:05, Number of rows in /TRACKING.csv: 4
2025-10-08T12:58:09, Number of rows in /TRACKING.csv is >= 4
2025-10-08T12:58:09, Remove tracking
2025-10-08T12:58:09, Write to /TRANSMIT.csv: 2025-10-08T12:58:03,3.59,4487.00,6.8,59
2025-10-08T12:58:09, Number of rows in /TRANSMIT.csv: 4
2025-10-08T12:58:09, Current hour = 12, Transmission hour = 1
2025-10-08T12:58:09, Current hour = 12, Transmission hour = 6
2025-10-08T12:58:09, Current hour = 12, Transmission hour = 8
2025-10-08T12:58:09, Current hour = 12, Transmission hour = 9
2025-10-08T12:58:09, Current hour = 12, Transmission hour = 10
2025-10-08T12:58:09, Current hour = 12, Transmission hour = 15
2025-10-08T12:58:09, Current hour = 12, Transmission hour = 20
2025-10-08T12:58:09, Current hour = 12, Transmission hour = 22
2025-10-08T12:58:09, Done loop ...
2025-10-08T12:58:09, ... powering down.
2025-10-08T13:14:50, Setup Complete
2025-10-08T13:14:52, Data: 2025-10-08T13:14:50,3.68,25631,4517.00,4986.00,4546.50,6.36,58.57,10.64,885.68
2025-10-08T13:14:52, Add row to /TRACKING.csv
2025-10-08T13:14:52, Number of rows in /TRACKING.csv: 1
2025-10-08T13:14:54, Done loop ...
2025-10-08T13:14:54, ... powering down.
2025-10-08T13:31:33, Setup Complete
2025-10-08T13:31:35, Data: 2025-10-08T13:31:33,3.66,25631,4524.00,4667.00,4561.00,7.47,58.67,10.98,885.66
2025-10-08T13:31:35, Add row to /TRACKING.csv
2025-10-08T13:31:35, Number of rows in /TRACKING.csv: 2
2025-10-08T13:31:38, Done loop ...
2025-10-08T13:31:38, ... powering down.
2025-10-08T13:48:16, Setup Complete
2025-10-08T13:48:19, Data: 2025-10-08T13:48:17,3.60,25631,4493.00,4986.00,4576.00,6.92,58.08,10.91,885.46
2025-10-08T13:48:19, Add row to /TRACKING.csv
2025-10-08T13:48:19, Number of rows in /TRACKING.csv: 3
2025-10-08T13:48:22, Done loop ...
2025-10-08T13:48:22, ... powering down.
2025-10-08T14:04:59, Setup Complete
2025-10-08T14:05:01, Data: 2025-10-08T14:04:59,3.67,25631,4505.00,4633.00,4587.00,9.28,49.84,11.03,885.73
2025-10-08T14:05:01, Add row to /TRACKING.csv
2025-10-08T14:05:02, Number of rows in /TRACKING.csv: 4
2025-10-08T14:05:05, Number of rows in /TRACKING.csv is >= 4
2025-10-08T14:05:05, Remove tracking
2025-10-08T14:05:05, Write to /TRANSMIT.csv: 2025-10-08T14:04:59,3.67,4505.00,9.3,50
2025-10-08T14:05:05, Number of rows in /TRANSMIT.csv: 5
2025-10-08T14:05:05, Current hour = 14, Transmission hour = 1
2025-10-08T14:05:05, 0811163450+06759:453+05660:450+05860:449+06859:451+09350
2025-10-08T14:05:07,  - attempt to send message: 0811163450+06759:453+05660:450+05860:449+06859:451+09350
2025-10-08T14:07:08,  - Modem begin unsuccessful
2025-10-08T14:07:08, Transmission failed. Error = 3
2025-10-08T14:07:08, Done loop ...
2025-10-08T14:07:08, ... powering down.
2025-10-08T14:24:00, Setup Complete
2025-10-08T14:24:02, Data: 2025-10-08T14:24:00,4.06,25631,4460.00,4613.00,4511.00,10.01,50.23,11.76,885.59
2025-10-08T14:24:02, Add row to /TRACKING.csv
2025-10-08T14:24:02, Number of rows in /TRACKING.csv: 1
2025-10-08T14:24:04, Done loop ...
2025-10-08T14:24:04, ... powering down.
2025-10-08T14:40:46, Setup Complete
2025-10-08T14:40:48, Data: 2025-10-08T14:40:46,3.66,25631,4502.00,4986.00,4592.50,9.05,51.76,11.68,885.68
2025-10-08T14:40:48, Add row to /TRACKING.csv
2025-10-08T14:40:48, Number of rows in /TRACKING.csv: 2
2025-10-08T14:40:51, Done loop ...
2025-10-08T14:40:51, ... powering down.
2025-10-08T14:57:29, Setup Complete
2025-10-08T14:57:31, Data: 2025-10-08T14:57:29,3.67,25631,498.00,4986.00,4493.50,7.95,54.69,11.24,885.67
2025-10-08T14:57:31, Add row to /TRACKING.csv
2025-10-08T14:57:31, Number of rows in /TRACKING.csv: 3
2025-10-08T14:57:34, Done loop ...
2025-10-08T14:57:34, ... powering down.
2025-10-08T15:14:13, Setup Complete
2025-10-08T15:14:15, Data: 2025-10-08T15:14:13,3.55,25631,4474.00,4986.00,4587.00,9.25,51.07,10.95,885.84
2025-10-08T15:14:15, Add row to /TRACKING.csv
2025-10-08T15:14:15, Number of rows in /TRACKING.csv: 4
2025-10-08T15:14:19, Number of rows in /TRACKING.csv is >= 4
2025-10-08T15:14:19, Remove tracking
2025-10-08T15:14:19, Write to /TRANSMIT.csv: 2025-10-08T15:14:13,3.55,4474.00,9.2,51
2025-10-08T15:14:19, Number of rows in /TRANSMIT.csv: 6
2025-10-08T15:14:19, Current hour = 15, Transmission hour = 1
2025-10-08T15:14:19, 0811162450+06759:453+05660:450+05860:449+06859:451+09350:447+09251
2025-10-08T15:14:21,  - attempt to send message: 0811162450+06759:453+05660:450+05860:449+06859:451+09350:447+09251
2025-10-08T15:16:22,  - Modem begin successful
2025-10-08T15:16:22,  - Sending...
2025-10-08T15:17:02, Send response: 
2025-10-08T15:17:02,  - Retry...
2025-10-08T15:17:02,    - Sending...
2025-10-08T15:17:02,    - Send response: 10
2025-10-08T15:17:32,  Sync clocks... 
2025-10-08T15:17:32,  - Clock was not synced
2025-10-08T15:17:32, Transmission failed. Error = 10
2025-10-08T15:17:32, Done loop ...
2025-10-08T15:17:32, ... powering down.
2025-10-08T15:30:55, Setup Complete
2025-10-08T15:30:57, Data: 2025-10-08T15:30:55,3.66,25631,4584.00,4985.00,4673.00,9.62,47.69,11.34,885.76
2025-10-08T15:30:57, Add row to /TRACKING.csv
2025-10-08T15:30:57, Number of rows in /TRACKING.csv: 1
2025-10-08T15:31:00, Done loop ...
2025-10-08T15:31:00, ... powering down.
2025-10-08T15:31:04, Setup Complete
2025-10-08T15:31:07, Data: 2025-10-08T15:31:04,3.59,25631,4475.00,4682.00,4533.50,9.55,47.92,11.34,885.73
2025-10-08T15:31:07, Add row to /TRACKING.csv
2025-10-08T15:31:07, Number of rows in /TRACKING.csv: 2
2025-10-08T15:31:09, Done loop ...
2025-10-08T15:31:09, ... powering down.
2025-10-08T15:47:51, Setup Complete
2025-10-08T15:47:53, Data: 2025-10-08T15:47:51,3.66,25631,4508.00,4985.00,4590.50,9.63,50.10,11.17,885.93
2025-10-08T15:47:53, Add row to /TRACKING.csv
2025-10-08T15:47:53, Number of rows in /TRACKING.csv: 3
2025-10-08T15:47:56, Done loop ...
2025-10-08T15:47:56, ... powering down.
2025-10-08T16:04:37, Setup Complete
2025-10-08T16:04:40, Data: 2025-10-08T16:04:38,3.60,25631,4570.00,4986.00,4705.50,8.94,50.05,10.71,885.80
2025-10-08T16:04:40, Add row to /TRACKING.csv
2025-10-08T16:04:40, Number of rows in /TRACKING.csv: 4
2025-10-08T16:04:43, Number of rows in /TRACKING.csv is >= 4
2025-10-08T16:04:43, Remove tracking
2025-10-08T16:04:43, Write to /TRANSMIT.csv: 2025-10-08T16:04:38,3.60,4570.00,8.9,50
2025-10-08T16:04:43, Number of rows in /TRANSMIT.csv: 7
2025-10-08T16:04:43, Current hour = 16, Transmission hour = 1
2025-10-08T16:04:44, 0811162450+06759:453+05660:450+05860:449+06859:451+09350:447+09251:457+08950
2025-10-08T16:04:46,  - attempt to send message: 0811162450+06759:453+05660:450+05860:449+06859:451+09350:447+09251:457+08950
2025-10-08T16:07:16,  - Modem begin successful
2025-10-08T16:07:16,  - Sending...
2025-10-08T16:07:56, Send response: 
2025-10-08T16:07:56,  - Retry...
2025-10-08T16:07:57,    - Sending...
2025-10-08T16:07:57,    - Send response: 10
2025-10-08T16:08:27,  Sync clocks... 
2025-10-08T16:08:27,  - Clock was not synced
2025-10-08T16:08:27, Transmission failed. Error = 10
2025-10-08T16:08:27, Done loop ...
2025-10-08T16:08:27, ... powering down.
2025-10-08T16:21:23, Setup Complete
2025-10-08T16:21:25, Data: 2025-10-08T16:21:23,3.59,25631,4528.00,4987.00,4724.50,9.25,49.06,10.65,885.91
2025-10-08T16:21:25, Add row to /TRACKING.csv
2025-10-08T16:21:26, Number of rows in /TRACKING.csv: 1
2025-10-08T16:21:28, Done loop ...
2025-10-08T16:21:28, ... powering down.
2025-10-08T16:21:33, Setup Complete
2025-10-08T16:21:35, Data: 2025-10-08T16:21:33,3.62,25631,4447.00,4986.00,4537.50,9.25,49.54,10.65,885.94
2025-10-08T16:21:35, Add row to /TRACKING.csv
2025-10-08T16:21:35, Number of rows in /TRACKING.csv: 2
2025-10-08T16:21:38, Done loop ...
2025-10-08T16:21:38, ... powering down.
2025-10-08T16:38:19, Setup Complete
2025-10-08T16:38:21, Data: 2025-10-08T16:38:19,3.61,25631,2261.00,4664.00,4590.50,9.08,51.10,10.28,886.00
2025-10-08T16:38:21, Add row to /TRACKING.csv
2025-10-08T16:38:22, Number of rows in /TRACKING.csv: 3
2025-10-08T16:38:25, Done loop ...
2025-10-08T16:38:25, ... powering down.
2025-10-08T16:38:29, Setup Complete
2025-10-08T16:38:31, Data: 2025-10-08T16:38:29,3.59,25631,4453.00,4508.00,4489.00,9.15,50.99,10.29,885.99
2025-10-08T16:38:31, Add row to /TRACKING.csv
2025-10-08T16:38:32, Number of rows in /TRACKING.csv: 4
2025-10-08T16:38:35, Number of rows in /TRACKING.csv is >= 4
2025-10-08T16:38:35, Remove tracking
2025-10-08T16:38:35, Write to /TRANSMIT.csv: 2025-10-08T16:38:29,3.59,4453.00,9.1,51
2025-10-08T16:38:35, Number of rows in /TRANSMIT.csv: 8
2025-10-08T16:38:35, Current hour = 16, Transmission hour = 1
2025-10-08T16:38:35, 0811162450+06759:453+05660:450+05860:449+06859:451+09350:447+09251:457+08950:445+09151
2025-10-08T16:38:37,  - attempt to send message: 0811162450+06759:453+05660:450+05860:449+06859:451+09350:447+09251:457+08950:445+09151
2025-10-08T16:38:38,  - Modem begin successful
2025-10-08T16:38:38,  - Sending...
2025-10-08T16:38:44,  - Send response: 
2025-10-08T16:38:44,   - Sync clocks... 
2025-10-08T16:38:44,  - Arduino Old Time: 2025-10-09T00:38:44
2025-10-08T16:38:37,  - Arduino New Time: 2025-10-09T00:38:37
2025-10-08T16:38:37, Message sent! Removing /TRANSMIT.csv
2025-10-08T16:38:38, Done loop ...
2025-10-08T16:38:38, ... powering down.
2025-10-08T16:55:09, Setup Complete
2025-10-08T16:55:11, Data: 2025-10-08T16:55:09,3.81,25631,4535.00,4986.00,4616.00,8.98,48.59,9.91,885.87
2025-10-08T16:55:11, Add row to /TRACKING.csv
2025-10-08T16:55:11, Number of rows in /TRACKING.csv: 1
2025-10-08T16:55:13, Done loop ...
2025-10-08T16:55:13, ... powering down.
2025-10-08T17:11:55, Setup Complete
2025-10-08T17:11:57, Data: 2025-10-08T17:11:55,3.53,25631,4576.00,4985.00,4724.50,7.53,52.12,8.97,885.70
2025-10-08T17:11:57, Add row to /TRACKING.csv
2025-10-08T17:11:58, Number of rows in /TRACKING.csv: 2
2025-10-08T17:12:00, Done loop ...
2025-10-08T17:12:00, ... powering down.
2025-10-08T17:28:41, Setup Complete
2025-10-08T17:28:43, Data: 2025-10-08T17:28:41,3.60,25631,4537.00,4986.00,4858.00,5.91,57.07,6.96,885.80
2025-10-08T17:28:44, Add row to /TRACKING.csv
2025-10-08T17:28:44, Number of rows in /TRACKING.csv: 3
2025-10-08T17:28:47, Done loop ...
2025-10-08T17:28:47, ... powering down.
2025-10-08T17:28:51, Setup Complete
2025-10-08T17:28:53, Data: 2025-10-08T17:28:51,3.63,25631,4448.00,4494.00,4472.00,5.88,57.22,6.94,885.79
2025-10-08T17:28:53, Add row to /TRACKING.csv
2025-10-08T17:28:54, Number of rows in /TRACKING.csv: 4
2025-10-08T17:28:57, Number of rows in /TRACKING.csv is >= 4
2025-10-08T17:28:57, Remove tracking
2025-10-08T17:28:57, Write to /TRANSMIT.csv: 2025-10-08T17:28:51,3.63,4448.00,5.9,57
2025-10-08T17:28:57, Number of rows in /TRANSMIT.csv: 1
2025-10-08T17:28:57, Current hour = 17, Transmission hour = 1
2025-10-08T17:28:57, Current hour = 17, Transmission hour = 6
2025-10-08T17:28:57, Current hour = 17, Transmission hour = 8
2025-10-08T17:28:57, Current hour = 17, Transmission hour = 9
2025-10-08T17:28:57, Current hour = 17, Transmission hour = 10
2025-10-08T17:28:57, Current hour = 17, Transmission hour = 15
2025-10-08T17:28:58, Current hour = 17, Transmission hour = 20
2025-10-08T17:28:58, Current hour = 17, Transmission hour = 22
2025-10-08T17:28:58, Done loop ...
2025-10-08T17:28:58, ... powering down.
2025-10-08T17:45:37, Setup Complete
2025-10-08T17:45:40, Data: 2025-10-08T17:45:37,3.60,25631,4538.00,4986.00,4610.50,5.02,60.77,5.32,886.09
2025-10-08T17:45:40, Add row to /TRACKING.csv
2025-10-08T17:45:40, Number of rows in /TRACKING.csv: 1
2025-10-08T17:45:42, Done loop ...
2025-10-08T17:45:42, ... powering down.
2025-10-08T18:02:23, Setup Complete
2025-10-08T18:02:25, Data: 2025-10-08T18:02:23,3.60,25631,4486.00,4986.00,4579.00,4.47,61.27,4.28,886.16
2025-10-08T18:02:26, Add row to /TRACKING.csv
2025-10-08T18:02:26, Number of rows in /TRACKING.csv: 2
2025-10-08T18:02:28, Done loop ...
2025-10-08T18:02:28, ... powering down.
2025-10-08T18:19:09, Setup Complete
2025-10-08T18:19:11, Data: 2025-10-08T18:19:09,3.58,25631,4544.00,4690.00,4609.00,4.42,61.39,3.74,886.26
2025-10-08T18:19:11, Add row to /TRACKING.csv
2025-10-08T18:19:11, Number of rows in /TRACKING.csv: 3
2025-10-08T18:19:14, Done loop ...
2025-10-08T18:19:14, ... powering down.
2025-10-08T18:19:19, Setup Complete
2025-10-08T18:19:21, Data: 2025-10-08T18:19:19,3.65,25631,4552.00,4987.00,4574.50,4.44,61.50,3.74,886.24
2025-10-08T18:19:21, Add row to /TRACKING.csv
2025-10-08T18:19:21, Number of rows in /TRACKING.csv: 4
2025-10-08T18:19:25, Number of rows in /TRACKING.csv is >= 4
2025-10-08T18:19:25, Remove tracking
2025-10-08T18:19:25, Write to /TRANSMIT.csv: 2025-10-08T18:19:19,3.65,4552.00,4.4,62
2025-10-08T18:19:25, Number of rows in /TRANSMIT.csv: 2
2025-10-08T18:19:25, Current hour = 18, Transmission hour = 1
2025-10-08T18:19:25, Current hour = 18, Transmission hour = 6
2025-10-08T18:19:25, Current hour = 18, Transmission hour = 8
2025-10-08T18:19:25, Current hour = 18, Transmission hour = 9
2025-10-08T18:19:25, Current hour = 18, Transmission hour = 10
2025-10-08T18:19:25, Current hour = 18, Transmission hour = 15
2025-10-08T18:19:25, Current hour = 18, Transmission hour = 20
2025-10-08T18:19:25, Current hour = 18, Transmission hour = 22
2025-10-08T18:19:26, Done loop ...
2025-10-08T18:19:26, ... powering down.
2025-10-08T18:36:05, Setup Complete
2025-10-08T18:36:07, Data: 2025-10-08T18:36:05,3.64,25631,4563.00,4805.00,4696.00,4.37,60.18,3.37,886.42
2025-10-08T18:36:07, Add row to /TRACKING.csv
2025-10-08T18:36:07, Number of rows in /TRACKING.csv: 1
2025-10-08T18:36:10, Done loop ...
2025-10-08T18:36:10, ... powering down.
2025-10-08T18:52:50, Setup Complete
2025-10-08T18:52:53, Data: 2025-10-08T18:52:51,3.60,25631,4470.00,4768.00,4543.00,4.80,59.37,3.53,886.59
2025-10-08T18:52:53, Add row to /TRACKING.csv
2025-10-08T18:52:53, Number of rows in /TRACKING.csv: 2
2025-10-08T18:52:56, Done loop ...
2025-10-08T18:52:56, ... powering down.
2025-10-08T19:09:36, Setup Complete
2025-10-08T19:09:38, Data: 2025-10-08T19:09:36,3.58,25631,4505.00,4986.00,4592.00,4.49,59.62,3.44,886.52
2025-10-08T19:09:38, Add row to /TRACKING.csv
2025-10-08T19:09:39, Number of rows in /TRACKING.csv: 3
2025-10-08T19:09:42, Done loop ...
2025-10-08T19:09:42, ... powering down.
2025-10-08T19:26:22, Setup Complete
2025-10-08T19:26:24, Data: 2025-10-08T19:26:22,3.58,25631,4534.00,4765.00,4574.50,4.17,61.60,3.07,886.60
2025-10-08T19:26:24, Add row to /TRACKING.csv
2025-10-08T19:26:24, Number of rows in /TRACKING.csv: 4
2025-10-08T19:26:28, Number of rows in /TRACKING.csv is >= 4
2025-10-08T19:26:28, Remove tracking
2025-10-08T19:26:28, Write to /TRANSMIT.csv: 2025-10-08T19:26:22,3.58,4534.00,4.2,62
2025-10-08T19:26:28, Number of rows in /TRANSMIT.csv: 3
2025-10-08T19:26:28, Current hour = 19, Transmission hour = 1
2025-10-08T19:26:28, Current hour = 19, Transmission hour = 6
2025-10-08T19:26:28, Current hour = 19, Transmission hour = 8
2025-10-08T19:26:28, Current hour = 19, Transmission hour = 9
2025-10-08T19:26:28, Current hour = 19, Transmission hour = 10
2025-10-08T19:26:28, Current hour = 19, Transmission hour = 15
2025-10-08T19:26:28, Current hour = 19, Transmission hour = 20
2025-10-08T19:26:28, Current hour = 19, Transmission hour = 22
2025-10-08T19:26:28, Done loop ...
2025-10-08T19:26:28, ... powering down.
2025-10-08T19:26:33, Setup Complete
2025-10-08T19:26:35, Data: 2025-10-08T19:26:33,3.64,25631,4413.00,4569.00,4465.00,4.17,61.76,3.07,886.57
2025-10-08T19:26:35, Add row to /TRACKING.csv
2025-10-08T19:26:35, Number of rows in /TRACKING.csv: 1
2025-10-08T19:26:38, Done loop ...
2025-10-08T19:26:38, ... powering down.
2025-10-08T19:43:21, Setup Complete
2025-10-08T19:43:23, Data: 2025-10-08T19:43:21,3.65,25631,4524.00,4988.00,4619.00,4.22,61.10,2.92,886.78
2025-10-08T19:43:23, Add row to /TRACKING.csv
2025-10-08T19:43:24, Number of rows in /TRACKING.csv: 2
2025-10-08T19:43:26, Done loop ...
2025-10-08T19:43:26, ... powering down.
2025-10-08T20:00:09, Setup Complete
2025-10-08T20:00:12, Data: 2025-10-08T20:00:09,3.54,25631,4465.00,4639.00,4584.50,4.02,62.03,2.82,886.86
2025-10-08T20:00:12, Add row to /TRACKING.csv
2025-10-08T20:00:12, Number of rows in /TRACKING.csv: 3
2025-10-08T20:00:15, Done loop ...
2025-10-08T20:00:15, ... powering down.
2025-10-08T20:16:58, Setup Complete
2025-10-08T20:17:00, Data: 2025-10-08T20:16:58,3.53,25631,4442.00,4988.00,4611.50,3.94,63.43,2.63,887.10
2025-10-08T20:17:00, Add row to /TRACKING.csv
2025-10-08T20:17:00, Number of rows in /TRACKING.csv: 4
2025-10-08T20:17:03, Number of rows in /TRACKING.csv is >= 4
2025-10-08T20:17:03, Remove tracking
2025-10-08T20:17:03, Write to /TRANSMIT.csv: 2025-10-08T20:16:58,3.53,4442.00,3.9,63
2025-10-08T20:17:03, Number of rows in /TRANSMIT.csv: 4
2025-10-08T20:17:04, Current hour = 20, Transmission hour = 1
2025-10-08T20:17:04, Current hour = 20, Transmission hour = 6
2025-10-08T20:17:04, Current hour = 20, Transmission hour = 8
2025-10-08T20:17:04, Current hour = 20, Transmission hour = 9
2025-10-08T20:17:04, Current hour = 20, Transmission hour = 10
2025-10-08T20:17:04, Current hour = 20, Transmission hour = 15
2025-10-08T20:17:04, Current hour = 20, Transmission hour = 20
2025-10-08T20:17:04, 0817282445+05957:455+04462:453+04262:444+03963
2025-10-08T20:17:06,  - attempt to send message: 0817282445+05957:455+04462:453+04262:444+03963
2025-10-08T20:20:37,  - Modem begin successful
2025-10-08T20:20:37,  - Sending...
2025-10-08T20:21:07, Send response: 
2025-10-08T20:21:07,  - Retry...
2025-10-08T20:21:07,    - Sending...
2025-10-08T20:21:07,    - Send response: 10
2025-10-08T20:21:37,  Sync clocks... 
2025-10-08T20:21:37,  - Clock was not synced
2025-10-08T20:21:37, Transmission failed. Error = 10
2025-10-08T20:21:37, Done loop ...
2025-10-08T20:21:37, ... powering down.
2025-10-08T20:33:45, Setup Complete
2025-10-08T20:33:47, Data: 2025-10-08T20:33:45,3.57,25631,4510.00,4661.00,4598.00,3.95,64.81,2.79,887.17
2025-10-08T20:33:47, Add row to /TRACKING.csv
2025-10-08T20:33:47, Number of rows in /TRACKING.csv: 1
2025-10-08T20:33:50, Done loop ...
2025-10-08T20:33:50, ... powering down.
2025-10-08T20:50:33, Setup Complete
2025-10-08T20:50:35, Data: 2025-10-08T20:50:33,3.55,25631,4452.00,4716.00,4526.50,4.16,64.30,2.83,887.38
2025-10-08T20:50:36, Add row to /TRACKING.csv
2025-10-08T20:50:36, Number of rows in /TRACKING.csv: 2
2025-10-08T20:50:38, Done loop ...
2025-10-08T20:50:38, ... powering down.
2025-10-08T21:07:21, Setup Complete
2025-10-08T21:07:24, Data: 2025-10-08T21:07:21,3.53,25631,4470.00,4696.00,4544.00,3.89,64.79,2.72,887.39
2025-10-08T21:07:24, Add row to /TRACKING.csv
2025-10-08T21:07:24, Number of rows in /TRACKING.csv: 3
2025-10-08T21:07:27, Done loop ...
2025-10-08T21:07:27, ... powering down.
2025-10-08T21:24:10, Setup Complete
2025-10-08T21:24:12, Data: 2025-10-08T21:24:10,3.54,25631,4486.00,4737.00,4631.50,3.81,65.06,2.63,887.54
2025-10-08T21:24:12, Add row to /TRACKING.csv
2025-10-08T21:24:12, Number of rows in /TRACKING.csv: 4
2025-10-08T21:24:15, Number of rows in /TRACKING.csv is >= 4
2025-10-08T21:24:15, Remove tracking
2025-10-08T21:24:15, Write to /TRANSMIT.csv: 2025-10-08T21:24:10,3.54,4486.00,3.8,65
2025-10-08T21:24:16, Number of rows in /TRANSMIT.csv: 5
2025-10-08T21:24:16, Current hour = 21, Transmission hour = 1
2025-10-08T21:24:16, 0817282445+05957:455+04462:453+04262:444+03963:449+03865
2025-10-08T21:24:18,  - attempt to send message: 0817282445+05957:455+04462:453+04262:444+03963:449+03865
2025-10-08T21:27:19,  - Modem begin successful
2025-10-08T21:27:19,  - Sending...
2025-10-08T21:27:49, Send response: 
2025-10-08T21:27:49,  - Retry...
2025-10-08T21:27:49,    - Sending...
2025-10-08T21:27:49,    - Send response: 10
2025-10-08T21:28:19,  Sync clocks... 
2025-10-08T21:28:19,  - Clock was not synced
2025-10-08T21:28:19, Transmission failed. Error = 10
2025-10-08T21:28:19, Done loop ...
2025-10-08T21:28:19, ... powering down.
2025-10-08T21:40:57, Setup Complete
2025-10-08T21:40:59, Data: 2025-10-08T21:40:57,3.59,25631,4407.00,4612.00,4466.50,4.73,59.59,3.00,887.61
2025-10-08T21:40:59, Add row to /TRACKING.csv
2025-10-08T21:41:00, Number of rows in /TRACKING.csv: 1
2025-10-08T21:41:02, Done loop ...
2025-10-08T21:41:02, ... powering down.
2025-10-08T21:57:45, Setup Complete
2025-10-08T21:57:48, Data: 2025-10-08T21:57:45,3.55,25631,4506.00,4636.00,4570.00,4.42,60.36,3.04,887.72
2025-10-08T21:57:48, Add row to /TRACKING.csv
2025-10-08T21:57:48, Number of rows in /TRACKING.csv: 2
2025-10-08T21:57:50, Done loop ...
2025-10-08T21:57:50, ... powering down.
2025-10-08T22:14:34, Setup Complete
2025-10-08T22:14:36, Data: 2025-10-08T22:14:34,3.56,25631,4496.00,4987.00,4618.00,4.35,60.53,3.04,887.66
2025-10-08T22:14:36, Add row to /TRACKING.csv
2025-10-08T22:14:36, Number of rows in /TRACKING.csv: 3
2025-10-08T22:14:39, Done loop ...
2025-10-08T22:14:39, ... powering down.
2025-10-08T22:31:22, Setup Complete
2025-10-08T22:31:24, Data: 2025-10-08T22:31:22,3.54,25631,4446.00,4651.00,4538.50,4.17,61.73,2.87,887.91
2025-10-08T22:31:24, Add row to /TRACKING.csv
2025-10-08T22:31:24, Number of rows in /TRACKING.csv: 4
2025-10-08T22:31:27, Number of rows in /TRACKING.csv is >= 4
2025-10-08T22:31:28, Remove tracking
2025-10-08T22:31:28, Write to /TRANSMIT.csv: 2025-10-08T22:31:22,3.54,4446.00,4.2,62
2025-10-08T22:31:28, Number of rows in /TRANSMIT.csv: 6
2025-10-08T22:31:28, Current hour = 22, Transmission hour = 1
2025-10-08T22:31:28, 0817282445+05957:455+04462:453+04262:444+03963:449+03865:445+04262
2025-10-08T22:31:30,  - attempt to send message: 0817282445+05957:455+04462:453+04262:444+03963:449+03865:445+04262
2025-10-08T22:32:31,  - Modem begin successful
2025-10-08T22:32:31,  - Sending...
2025-10-08T22:33:21, Send response: 
2025-10-08T22:33:21,  - Retry...
2025-10-08T22:33:21,    - Sending...
2025-10-08T22:33:21,    - Send response: 10
2025-10-08T22:33:51,  Sync clocks... 
2025-10-08T22:33:51,  - Clock was not synced
2025-10-08T22:33:51, Transmission failed. Error = 10
2025-10-08T22:33:51, Done loop ...
2025-10-08T22:33:51, ... powering down.
2025-10-08T22:48:10, Setup Complete
2025-10-08T22:48:12, Data: 2025-10-08T22:48:10,3.55,25631,4470.00,4697.00,4581.00,4.09,60.17,2.97,887.85
2025-10-08T22:48:12, Add row to /TRACKING.csv
2025-10-08T22:48:12, Number of rows in /TRACKING.csv: 1
2025-10-08T22:48:14, Done loop ...
2025-10-08T22:48:15, ... powering down.
2025-10-08T23:04:58, Setup Complete
2025-10-08T23:05:00, Data: 2025-10-08T23:04:58,3.56,25631,4530.00,4686.00,4623.00,4.06,61.24,2.90,887.84
2025-10-08T23:05:00, Add row to /TRACKING.csv
2025-10-08T23:05:00, Number of rows in /TRACKING.csv: 2
2025-10-08T23:05:03, Done loop ...
2025-10-08T23:05:03, ... powering down.
2025-10-08T23:05:08, Setup Complete
2025-10-08T23:05:10, Data: 2025-10-08T23:05:08,3.65,25631,4424.00,4577.00,4438.50,4.08,60.92,2.90,887.87
2025-10-08T23:05:10, Add row to /TRACKING.csv
2025-10-08T23:05:10, Number of rows in /TRACKING.csv: 3
2025-10-08T23:05:13, Done loop ...
2025-10-08T23:05:13, ... powering down.
2025-10-08T23:21:56, Setup Complete
2025-10-08T23:21:58, Data: 2025-10-08T23:21:56,3.67,25631,4554.00,4780.00,4619.00,4.10,61.72,2.91,887.89
2025-10-08T23:21:58, Add row to /TRACKING.csv
2025-10-08T23:21:58, Number of rows in /TRACKING.csv: 4
2025-10-08T23:22:01, Number of rows in /TRACKING.csv is >= 4
2025-10-08T23:22:02, Remove tracking
2025-10-08T23:22:02, Write to /TRANSMIT.csv: 2025-10-08T23:21:56,3.67,4554.00,4.1,62
2025-10-08T23:22:02, Number of rows in /TRANSMIT.csv: 7
2025-10-08T23:22:02, Current hour = 23, Transmission hour = 1
2025-10-08T23:22:02, 0817283445+05957:455+04462:453+04262:444+03963:449+03865:445+04262:455+04162
2025-10-08T23:22:04,  - attempt to send message: 0817283445+05957:455+04462:453+04262:444+03963:449+03865:445+04262:455+04162
2025-10-08T23:22:35,  - Modem begin successful
2025-10-08T23:22:35,  - Sending...
2025-10-08T23:23:05, Send response: 
2025-10-08T23:23:05,  - Retry...
2025-10-08T23:23:05,    - Sending...
2025-10-08T23:23:05,    - Send response: 10
2025-10-08T23:23:35,  Sync clocks... 
2025-10-08T23:23:35,  - Clock was not synced
2025-10-08T23:23:35, Transmission failed. Error = 10
2025-10-08T23:23:35, Done loop ...
2025-10-08T23:23:35, ... powering down.
2025-10-08T23:38:44, Setup Complete
2025-10-08T23:38:46, Data: 2025-10-08T23:38:44,3.60,25631,4462.00,4806.00,4635.00,4.20,59.96,2.96,887.93
2025-10-08T23:38:46, Add row to /TRACKING.csv
2025-10-08T23:38:46, Number of rows in /TRACKING.csv: 1
2025-10-08T23:38:49, Done loop ...
2025-10-08T23:38:49, ... powering down.
2025-10-08T23:55:32, Setup Complete
2025-10-08T23:55:34, Data: 2025-10-08T23:55:32,3.56,25631,4488.00,4745.00,4622.00,4.13,60.53,2.90,888.02
2025-10-08T23:55:34, Add row to /TRACKING.csv
2025-10-08T23:55:34, Number of rows in /TRACKING.csv: 2
2025-10-08T23:55:37, Done loop ...
2025-10-08T23:55:37, ... powering down.
2025-10-09T00:12:20, Setup Complete
2025-10-09T00:12:22, Data: 2025-10-09T00:12:20,3.65,25631,4537.00,4728.00,4606.50,3.88,61.53,2.82,887.96
2025-10-09T00:12:22, Add row to /TRACKING.csv
2025-10-09T00:12:23, Number of rows in /TRACKING.csv: 3
2025-10-09T00:12:25, Done loop ...
2025-10-09T00:12:26, ... powering down.
2025-10-09T00:29:08, Setup Complete
2025-10-09T00:29:11, Data: 2025-10-09T00:29:08,3.56,25631,4489.00,4641.00,4587.50,4.09,60.00,2.80,887.92
2025-10-09T00:29:11, Add row to /TRACKING.csv
2025-10-09T00:29:11, Number of rows in /TRACKING.csv: 4
2025-10-09T00:29:14, Number of rows in /TRACKING.csv is >= 4
2025-10-09T00:29:14, Remove tracking
2025-10-09T00:29:14, Write to /TRANSMIT.csv: 2025-10-09T00:29:08,3.56,4489.00,4.1,60
2025-10-09T00:29:14, Number of rows in /TRANSMIT.csv: 8
2025-10-09T00:29:14, Current hour = 0, Transmission hour = 1
2025-10-09T00:29:14, 0817282445+05957:455+04462:453+04262:444+03963:449+03865:445+04262:455+04162:449+04160
2025-10-09T00:29:16,  - attempt to send message: 0817282445+05957:455+04462:453+04262:444+03963:449+03865:445+04262:455+04162:449+04160
2025-10-09T00:31:17,  - Modem begin unsuccessful
2025-10-09T00:31:17, Transmission failed. Error = 3
2025-10-09T00:31:17, Done loop ...
2025-10-09T00:31:17, ... powering down.
2025-10-09T00:45:56, Setup Complete
2025-10-09T00:45:58, Data: 2025-10-09T00:45:56,3.55,25631,4442.00,4662.00,4619.50,4.02,60.22,2.82,888.06
2025-10-09T00:45:58, Add row to /TRACKING.csv
2025-10-09T00:45:59, Number of rows in /TRACKING.csv: 1
2025-10-09T00:46:01, Done loop ...
2025-10-09T00:46:01, ... powering down.
2025-10-09T01:02:44, Setup Complete
2025-10-09T01:02:47, Data: 2025-10-09T01:02:44,3.54,25631,4458.00,4674.00,4533.00,4.10,59.95,2.90,888.23
2025-10-09T01:02:47, Add row to /TRACKING.csv
2025-10-09T01:02:47, Number of rows in /TRACKING.csv: 2
2025-10-09T01:02:49, Done loop ...
2025-10-09T01:02:49, ... powering down.
2025-10-09T01:19:33, Setup Complete
2025-10-09T01:19:35, Data: 2025-10-09T01:19:33,3.67,25631,4471.00,4673.00,4599.50,3.61,60.84,2.73,888.27
2025-10-09T01:19:35, Add row to /TRACKING.csv
2025-10-09T01:19:35, Number of rows in /TRACKING.csv: 3
2025-10-09T01:19:38, Done loop ...
2025-10-09T01:19:38, ... powering down.
2025-10-09T01:36:21, Setup Complete
2025-10-09T01:36:23, Data: 2025-10-09T01:36:21,3.58,25631,4485.00,4986.00,4589.00,4.16,58.77,2.79,888.22
2025-10-09T01:36:23, Add row to /TRACKING.csv
2025-10-09T01:36:23, Number of rows in /TRACKING.csv: 4
2025-10-09T01:36:26, Number of rows in /TRACKING.csv is >= 4
2025-10-09T01:36:26, Remove tracking
2025-10-09T01:36:26, Write to /TRANSMIT.csv: 2025-10-09T01:36:21,3.58,4485.00,4.2,59
2025-10-09T01:36:27, Number of rows in /TRANSMIT.csv: 9
2025-10-09T01:36:27, Current hour = 1, Transmission hour = 1
2025-10-09T01:36:27, 0817282445+05957:455+04462:453+04262:444+03963:449+03865:445+04262:455+04162:449+04160:449+04259
2025-10-09T01:36:29,  - attempt to send message: 0817282445+05957:455+04462:453+04262:444+03963:449+03865:445+04262:455+04162:449+04160:449+04259
2025-10-09T01:38:29,  - Modem begin unsuccessful
2025-10-09T01:38:29, Transmission failed. Error = 3
2025-10-09T01:38:30, Done loop ...
2025-10-09T01:38:30, ... powering down.
2025-10-09T01:53:08, Setup Complete
2025-10-09T01:53:11, Data: 2025-10-09T01:53:09,3.56,25631,4494.00,4986.00,4582.00,4.52,55.94,3.07,888.17
2025-10-09T01:53:11, Add row to /TRACKING.csv
2025-10-09T01:53:11, Number of rows in /TRACKING.csv: 1
2025-10-09T01:53:13, Done loop ...
2025-10-09T01:53:13, ... powering down.
2025-10-09T02:09:57, Setup Complete
2025-10-09T02:09:59, Data: 2025-10-09T02:09:57,3.53,25631,4478.00,4644.00,4595.00,4.54,57.33,3.01,888.35
2025-10-09T02:09:59, Add row to /TRACKING.csv
2025-10-09T02:09:59, Number of rows in /TRACKING.csv: 2
2025-10-09T02:10:02, Done loop ...
2025-10-09T02:10:02, ... powering down.
2025-10-09T02:26:45, Setup Complete
2025-10-09T02:26:47, Data: 2025-10-09T02:26:45,3.63,25631,4461.00,4613.00,4571.00,4.49,57.14,3.09,888.49
2025-10-09T02:26:47, Add row to /TRACKING.csv
2025-10-09T02:26:47, Number of rows in /TRACKING.csv: 3
2025-10-09T02:26:50, Done loop ...
2025-10-09T02:26:50, ... powering down.
2025-10-09T02:43:33, Setup Complete
2025-10-09T02:43:35, Data: 2025-10-09T02:43:33,3.56,25631,4463.00,4687.00,4558.00,4.06,57.64,2.86,888.55
2025-10-09T02:43:35, Add row to /TRACKING.csv
2025-10-09T02:43:36, Number of rows in /TRACKING.csv: 4
2025-10-09T02:43:39, Number of rows in /TRACKING.csv is >= 4
2025-10-09T02:43:39, Remove tracking
2025-10-09T02:43:39, Write to /TRANSMIT.csv: 2025-10-09T02:43:33,3.56,4463.00,4.1,58
2025-10-09T02:43:39, Number of rows in /TRANSMIT.csv: 10
2025-10-09T02:43:39, Current hour = 2, Transmission hour = 1
2025-10-09T02:43:39, 0817282445+05957:455+04462:453+04262:444+03963:449+03865:445+04262:455+04162:449+04160:449+04259:446+04158
2025-10-09T02:43:41,  - attempt to send message: 0817282445+05957:455+04462:453+04262:444+03963:449+03865:445+04262:455+04162:449+04160:449+04259:446+04158
2025-10-09T02:44:42,  - Modem begin successful
2025-10-09T02:44:42,  - Sending...
2025-10-09T02:45:22, Send response: 
2025-10-09T02:45:22,  - Retry...
2025-10-09T02:45:22,    - Sending...
2025-10-09T02:45:22,    - Send response: 10
2025-10-09T02:45:52,  Sync clocks... 
2025-10-09T02:45:52,  - Clock was not synced
2025-10-09T02:45:52, Transmission failed. Error = 10
2025-10-09T02:45:53, n_transmit >= 10, too much to transmit, delete /TRANSMIT.csv
2025-10-09T02:45:53, Done loop ...
2025-10-09T02:45:53, ... powering down.
2025-10-09T03:00:21, Setup Complete
2025-10-09T03:00:23, Data: 2025-10-09T03:00:21,3.57,25631,4498.00,4631.00,4591.00,3.95,58.83,2.81,888.49
2025-10-09T03:00:23, Add row to /TRACKING.csv
2025-10-09T03:00:23, Number of rows in /TRACKING.csv: 1
2025-10-09T03:00:26, Done loop ...
2025-10-09T03:00:26, ... powering down.
2025-10-09T03:00:30, Setup Complete
2025-10-09T03:00:33, Data: 2025-10-09T03:00:30,3.64,25631,4430.00,4469.00,4447.50,3.98,58.97,2.82,888.51
2025-10-09T03:00:33, Add row to /TRACKING.csv
2025-10-09T03:00:33, Number of rows in /TRACKING.csv: 2
2025-10-09T03:00:35, Done loop ...
2025-10-09T03:00:36, ... powering down.
2025-10-09T03:17:19, Setup Complete
2025-10-09T03:17:21, Data: 2025-10-09T03:17:19,3.54,25631,4503.00,4717.00,4639.00,4.13,58.32,2.80,888.58
2025-10-09T03:17:21, Add row to /TRACKING.csv
2025-10-09T03:17:21, Number of rows in /TRACKING.csv: 3
2025-10-09T03:17:24, Done loop ...
2025-10-09T03:17:24, ... powering down.
2025-10-09T03:34:07, Setup Complete
2025-10-09T03:34:09, Data: 2025-10-09T03:34:07,3.62,25631,4485.00,4722.00,4581.00,4.58,56.54,2.96,888.63
2025-10-09T03:34:09, Add row to /TRACKING.csv
2025-10-09T03:34:09, Number of rows in /TRACKING.csv: 4
2025-10-09T03:34:12, Number of rows in /TRACKING.csv is >= 4
2025-10-09T03:34:13, Remove tracking
2025-10-09T03:34:13, Write to /TRANSMIT.csv: 2025-10-09T03:34:07,3.62,4485.00,4.6,57
2025-10-09T03:34:13, Number of rows in /TRANSMIT.csv: 1
2025-10-09T03:34:13, Current hour = 3, Transmission hour = 1
2025-10-09T03:34:13, Current hour = 3, Transmission hour = 6
2025-10-09T03:34:13, Current hour = 3, Transmission hour = 8
2025-10-09T03:34:13, Current hour = 3, Transmission hour = 9
2025-10-09T03:34:13, Current hour = 3, Transmission hour = 10
2025-10-09T03:34:13, Current hour = 3, Transmission hour = 15
2025-10-09T03:34:13, Current hour = 3, Transmission hour = 20
2025-10-09T03:34:13, Current hour = 3, Transmission hour = 22
2025-10-09T03:34:13, Done loop ...
2025-10-09T03:34:13, ... powering down.
2025-10-09T03:34:18, Setup Complete
2025-10-09T03:34:20, Data: 2025-10-09T03:34:18,3.63,25631,4441.00,4481.00,4456.50,4.56,56.55,2.96,888.64
2025-10-09T03:34:20, Add row to /TRACKING.csv
2025-10-09T03:34:20, Number of rows in /TRACKING.csv: 1
2025-10-09T03:34:23, Done loop ...
2025-10-09T03:34:23, ... powering down.
2025-10-09T03:51:03, Setup Complete
2025-10-09T03:51:06, Data: 2025-10-09T03:51:04,3.63,25631,4453.00,4681.00,4502.50,4.15,58.93,2.82,888.51
2025-10-09T03:51:06, Add row to /TRACKING.csv
2025-10-09T03:51:06, Number of rows in /TRACKING.csv: 2
2025-10-09T03:51:09, Done loop ...
2025-10-09T03:51:09, ... powering down.
2025-10-09T04:07:49, Setup Complete
2025-10-09T04:07:51, Data: 2025-10-09T04:07:49,3.57,25631,4527.00,4986.00,4655.50,4.13,58.90,2.93,888.33
2025-10-09T04:07:51, Add row to /TRACKING.csv
2025-10-09T04:07:51, Number of rows in /TRACKING.csv: 3
2025-10-09T04:07:54, Done loop ...
2025-10-09T04:07:54, ... powering down.
2025-10-09T04:24:35, Setup Complete
2025-10-09T04:24:37, Data: 2025-10-09T04:24:35,3.60,25631,4450.00,4987.00,4584.50,4.26,58.30,3.24,888.42
2025-10-09T04:24:37, Add row to /TRACKING.csv
2025-10-09T04:24:37, Number of rows in /TRACKING.csv: 4
2025-10-09T04:24:40, Number of rows in /TRACKING.csv is >= 4
2025-10-09T04:24:40, Remove tracking
2025-10-09T04:24:40, Write to /TRANSMIT.csv: 2025-10-09T04:24:35,3.60,4450.00,4.3,58
2025-10-09T04:24:41, Number of rows in /TRANSMIT.csv: 2
2025-10-09T04:24:41, Current hour = 4, Transmission hour = 1
2025-10-09T04:24:41, Current hour = 4, Transmission hour = 6
2025-10-09T04:24:41, Current hour = 4, Transmission hour = 8
2025-10-09T04:24:41, Current hour = 4, Transmission hour = 9
2025-10-09T04:24:41, Current hour = 4, Transmission hour = 10
2025-10-09T04:24:41, Current hour = 4, Transmission hour = 15
2025-10-09T04:24:41, Current hour = 4, Transmission hour = 20
2025-10-09T04:24:41, Current hour = 4, Transmission hour = 22
2025-10-09T04:24:41, Done loop ...
2025-10-09T04:24:41, ... powering down.
2025-10-09T04:41:20, Setup Complete
2025-10-09T04:41:23, Data: 2025-10-09T04:41:20,3.60,25631,4582.00,4985.00,4735.50,4.33,57.58,3.01,888.57
2025-10-09T04:41:23, Add row to /TRACKING.csv
2025-10-09T04:41:23, Number of rows in /TRACKING.csv: 1
2025-10-09T04:41:25, Done loop ...
2025-10-09T04:41:25, ... powering down.
2025-10-09T04:41:30, Setup Complete
2025-10-09T04:41:32, Data: 2025-10-09T04:41:30,3.65,25631,4443.00,4619.00,4577.50,4.33,57.50,3.03,888.58
2025-10-09T04:41:32, Add row to /TRACKING.csv
2025-10-09T04:41:32, Number of rows in /TRACKING.csv: 2
2025-10-09T04:41:35, Done loop ...
2025-10-09T04:41:35, ... powering down.
2025-10-09T04:58:18, Setup Complete
2025-10-09T04:58:20, Data: 2025-10-09T04:58:18,3.60,25631,4488.00,4986.00,4623.50,4.68,54.71,3.31,888.52
2025-10-09T04:58:20, Add row to /TRACKING.csv
2025-10-09T04:58:20, Number of rows in /TRACKING.csv: 3
2025-10-09T04:58:23, Done loop ...
2025-10-09T04:58:23, ... powering down.
2025-10-09T05:15:06, Setup Complete
2025-10-09T05:15:08, Data: 2025-10-09T05:15:06,3.64,25631,4509.00,4986.00,4641.50,4.85,54.56,3.59,888.68
2025-10-09T05:15:08, Add row to /TRACKING.csv
2025-10-09T05:15:08, Number of rows in /TRACKING.csv: 4
2025-10-09T05:15:12, Number of rows in /TRACKING.csv is >= 4
2025-10-09T05:15:12, Remove tracking
2025-10-09T05:15:12, Write to /TRANSMIT.csv: 2025-10-09T05:15:06,3.64,4509.00,4.8,55
2025-10-09T05:15:12, Number of rows in /TRANSMIT.csv: 3
2025-10-09T05:15:12, Current hour = 5, Transmission hour = 1
2025-10-09T05:15:12, Current hour = 5, Transmission hour = 6
2025-10-09T05:15:12, Current hour = 5, Transmission hour = 8
2025-10-09T05:15:12, Current hour = 5, Transmission hour = 9
2025-10-09T05:15:12, Current hour = 5, Transmission hour = 10
2025-10-09T05:15:12, Current hour = 5, Transmission hour = 15
2025-10-09T05:15:12, Current hour = 5, Transmission hour = 20
2025-10-09T05:15:12, Current hour = 5, Transmission hour = 22
2025-10-09T05:15:12, Done loop ...
2025-10-09T05:15:12, ... powering down.
2025-10-09T05:31:54, Setup Complete
2025-10-09T05:31:56, Data: 2025-10-09T05:31:54,3.62,25631,4468.00,4760.00,4553.00,4.37,55.10,3.22,888.64
2025-10-09T05:31:56, Add row to /TRACKING.csv
2025-10-09T05:31:57, Number of rows in /TRACKING.csv: 1
2025-10-09T05:31:59, Done loop ...
2025-10-09T05:31:59, ... powering down.
2025-10-09T05:48:43, Setup Complete
2025-10-09T05:48:45, Data: 2025-10-09T05:48:43,3.53,25631,4498.00,4799.00,4639.00,4.91,53.40,3.44,888.69
2025-10-09T05:48:45, Add row to /TRACKING.csv
2025-10-09T05:48:45, Number of rows in /TRACKING.csv: 2
2025-10-09T05:48:48, Done loop ...
2025-10-09T05:48:48, ... powering down.
2025-10-09T06:05:31, Setup Complete
2025-10-09T06:05:33, Data: 2025-10-09T06:05:31,3.54,25631,4468.00,4728.00,4581.50,4.52,53.59,3.25,888.60
2025-10-09T06:05:33, Add row to /TRACKING.csv
2025-10-09T06:05:33, Number of rows in /TRACKING.csv: 3
2025-10-09T06:05:36, Done loop ...
2025-10-09T06:05:36, ... powering down.
2025-10-09T06:05:41, Setup Complete
2025-10-09T06:05:43, Data: 2025-10-09T06:05:41,3.64,25631,4450.00,4478.00,4464.00,4.52,53.68,3.26,888.63
2025-10-09T06:05:43, Add row to /TRACKING.csv
2025-10-09T06:05:43, Number of rows in /TRACKING.csv: 4
2025-10-09T06:05:46, Number of rows in /TRACKING.csv is >= 4
2025-10-09T06:05:46, Remove tracking
2025-10-09T06:05:46, Write to /TRANSMIT.csv: 2025-10-09T06:05:41,3.64,4450.00,4.5,54
2025-10-09T06:05:47, Number of rows in /TRANSMIT.csv: 4
2025-10-09T06:05:47, Current hour = 6, Transmission hour = 1
2025-10-09T06:05:47, Current hour = 6, Transmission hour = 6
2025-10-09T06:05:47, 0903343449+04657:445+04358:451+04855:445+04554
2025-10-09T06:05:49,  - attempt to send message: 0903343449+04657:445+04358:451+04855:445+04554
2025-10-09T06:09:49,  - Modem begin unsuccessful
2025-10-09T06:09:49, Transmission failed. Error = 5
2025-10-09T06:09:50, Done loop ...
2025-10-09T06:09:50, ... powering down.
2025-10-09T06:22:26, Setup Complete
2025-10-09T06:22:28, Data: 2025-10-09T06:22:26,3.56,25631,4494.00,4985.00,4678.00,5.16,50.89,3.39,888.76
2025-10-09T06:22:28, Add row to /TRACKING.csv
2025-10-09T06:22:28, Number of rows in /TRACKING.csv: 1
2025-10-09T06:22:30, Done loop ...
2025-10-09T06:22:31, ... powering down.
2025-10-09T06:22:35, Setup Complete
2025-10-09T06:22:37, Data: 2025-10-09T06:22:35,3.62,25631,4460.00,4486.00,4479.50,5.15,50.87,3.40,888.77
2025-10-09T06:22:37, Add row to /TRACKING.csv
2025-10-09T06:22:38, Number of rows in /TRACKING.csv: 2
2025-10-09T06:22:40, Done loop ...
2025-10-09T06:22:40, ... powering down.
2025-10-09T06:39:21, Setup Complete
2025-10-09T06:39:23, Data: 2025-10-09T06:39:21,3.76,25631,4478.00,4988.00,4625.00,5.08,49.77,3.37,888.90
2025-10-09T06:39:23, Add row to /TRACKING.csv
2025-10-09T06:39:23, Number of rows in /TRACKING.csv: 3
2025-10-09T06:39:26, Done loop ...
2025-10-09T06:39:26, ... powering down.
2025-10-09T06:56:06, Setup Complete
2025-10-09T06:56:09, Data: 2025-10-09T06:56:06,3.61,25631,4506.00,4986.00,4599.50,5.04,51.28,3.59,888.98
2025-10-09T06:56:09, Add row to /TRACKING.csv
2025-10-09T06:56:09, Number of rows in /TRACKING.csv: 4
2025-10-09T06:56:12, Number of rows in /TRACKING.csv is >= 4
2025-10-09T06:56:12, Remove tracking
2025-10-09T06:56:12, Write to /TRANSMIT.csv: 2025-10-09T06:56:06,3.61,4506.00,5.0,51
2025-10-09T06:56:12, Number of rows in /TRANSMIT.csv: 5
2025-10-09T06:56:12, Current hour = 6, Transmission hour = 1
2025-10-09T06:56:12, 0903343449+04657:445+04358:451+04855:445+04554:451+05051
2025-10-09T06:56:15,  - attempt to send message: 0903343449+04657:445+04358:451+04855:445+04554:451+05051
2025-10-09T06:56:45,  - Modem begin successful
2025-10-09T06:56:45,  - Sending...
2025-10-09T06:57:15, Send response: 
2025-10-09T06:57:15,  - Retry...
2025-10-09T06:57:15,    - Sending...
2025-10-09T06:57:15,    - Send response: 10
2025-10-09T06:57:46,  Sync clocks... 
2025-10-09T06:57:46,  - Clock was not synced
2025-10-09T06:57:46, Transmission failed. Error = 10
2025-10-09T06:57:46, Done loop ...
2025-10-09T06:57:46, ... powering down.
2025-10-09T07:12:52, Setup Complete
2025-10-09T07:12:54, Data: 2025-10-09T07:12:52,3.54,25631,4503.00,4988.00,4620.00,4.82,51.36,3.58,888.99
2025-10-09T07:12:54, Add row to /TRACKING.csv
2025-10-09T07:12:54, Number of rows in /TRACKING.csv: 1
2025-10-09T07:12:57, Done loop ...
2025-10-09T07:12:57, ... powering down.
2025-10-09T07:13:01, Setup Complete
2025-10-09T07:13:04, Data: 2025-10-09T07:13:01,3.62,25631,4477.00,4518.00,4504.00,4.82,51.34,3.57,889.03
2025-10-09T07:13:04, Add row to /TRACKING.csv
2025-10-09T07:13:04, Number of rows in /TRACKING.csv: 2
2025-10-09T07:13:06, Done loop ...
2025-10-09T07:13:07, ... powering down.
2025-10-09T07:29:47, Setup Complete
2025-10-09T07:29:50, Data: 2025-10-09T07:29:47,3.65,25631,4456.00,4791.00,4568.00,5.44,49.57,4.09,889.03
2025-10-09T07:29:50, Add row to /TRACKING.csv
2025-10-09T07:29:50, Number of rows in /TRACKING.csv: 3
2025-10-09T07:29:53, Done loop ...
2025-10-09T07:29:53, ... powering down.
2025-10-09T07:46:33, Setup Complete
2025-10-09T07:46:36, Data: 2025-10-09T07:46:34,3.56,25631,4484.00,4986.00,4622.50,4.94,52.69,4.66,889.40
2025-10-09T07:46:36, Add row to /TRACKING.csv
2025-10-09T07:46:36, Number of rows in /TRACKING.csv: 4
2025-10-09T07:46:39, Number of rows in /TRACKING.csv is >= 4
2025-10-09T07:46:39, Remove tracking
2025-10-09T07:46:39, Write to /TRANSMIT.csv: 2025-10-09T07:46:34,3.56,4484.00,4.9,53
2025-10-09T07:46:39, Number of rows in /TRANSMIT.csv: 6
2025-10-09T07:46:39, Current hour = 7, Transmission hour = 1
2025-10-09T07:46:40, 0903342449+04657:445+04358:451+04855:445+04554:451+05051:448+04953
2025-10-09T07:46:42,  - attempt to send message: 0903342449+04657:445+04358:451+04855:445+04554:451+05051:448+04953
2025-10-09T07:47:12,  - Modem begin successful
2025-10-09T07:47:12,  - Sending...
2025-10-09T07:47:42, Send response: 
2025-10-09T07:47:42,  - Retry...
2025-10-09T07:47:43,    - Sending...
2025-10-09T07:47:43,    - Send response: 10
2025-10-09T07:48:13,  Sync clocks... 
2025-10-09T07:48:13,  - Clock was not synced
2025-10-09T07:48:13, Transmission failed. Error = 10
2025-10-09T07:48:13, Done loop ...
2025-10-09T07:48:13, ... powering down.
2025-10-09T08:03:18, Setup Complete
2025-10-09T08:03:20, Data: 2025-10-09T08:03:18,3.58,25631,4515.00,4988.00,4631.50,7.25,43.87,10.48,889.35
2025-10-09T08:03:20, Add row to /TRACKING.csv
2025-10-09T08:03:20, Number of rows in /TRACKING.csv: 1
2025-10-09T08:03:22, Done loop ...
2025-10-09T08:03:22, ... powering down.
2025-10-09T08:03:27, Setup Complete
2025-10-09T08:03:29, Data: 2025-10-09T08:03:27,3.59,25631,4479.00,4518.00,4497.50,7.28,44.10,10.52,889.38
2025-10-09T08:03:29, Add row to /TRACKING.csv
2025-10-09T08:03:29, Number of rows in /TRACKING.csv: 2
2025-10-09T08:03:32, Done loop ...
2025-10-09T08:03:32, ... powering down.
2025-10-09T08:20:13, Setup Complete
2025-10-09T08:20:16, Data: 2025-10-09T08:20:14,3.67,25631,655.00,4986.00,4632.00,8.83,39.89,12.01,889.24
2025-10-09T08:20:16, Add row to /TRACKING.csv
2025-10-09T08:20:16, Number of rows in /TRACKING.csv: 3
2025-10-09T08:20:19, Done loop ...
2025-10-09T08:20:19, ... powering down.
2025-10-09T08:20:23, Setup Complete
2025-10-09T08:20:26, Data: 2025-10-09T08:20:23,3.58,25631,4489.00,4529.00,4510.00,8.81,39.87,12.00,889.26
2025-10-09T08:20:26, Add row to /TRACKING.csv
2025-10-09T08:20:26, Number of rows in /TRACKING.csv: 4
2025-10-09T08:20:29, Number of rows in /TRACKING.csv is >= 4
2025-10-09T08:20:29, Remove tracking
2025-10-09T08:20:29, Write to /TRANSMIT.csv: 2025-10-09T08:20:23,3.58,4489.00,8.8,40
2025-10-09T08:20:29, Number of rows in /TRANSMIT.csv: 7
2025-10-09T08:20:29, Current hour = 8, Transmission hour = 1
2025-10-09T08:20:30, 0903342449+04657:445+04358:451+04855:445+04554:451+05051:448+04953:449+08840
2025-10-09T08:20:32,  - attempt to send message: 0903342449+04657:445+04358:451+04855:445+04554:451+05051:448+04953:449+08840
2025-10-09T08:20:32,  - Modem begin successful
2025-10-09T08:20:32,  - Sending...
2025-10-09T08:20:38,  - Send response: 
2025-10-09T08:20:38,   - Sync clocks... 
2025-10-09T08:20:38,  - Arduino Old Time: 2025-10-09T16:20:38
2025-10-09T08:20:33,  - Arduino New Time: 2025-10-09T16:20:33
2025-10-09T08:20:33, Message sent! Removing /TRANSMIT.csv
2025-10-09T08:20:33, Done loop ...
2025-10-09T08:20:33, ... powering down.
2025-10-09T08:37:05, Setup Complete
2025-10-09T08:37:07, Data: 2025-10-09T08:37:05,3.93,25631,4552.00,4833.00,4690.50,9.29,37.58,14.69,889.47
2025-10-09T08:37:07, Add row to /TRACKING.csv
2025-10-09T08:37:07, Number of rows in /TRACKING.csv: 1
2025-10-09T08:37:10, Done loop ...
2025-10-09T08:37:10, ... powering down.
2025-10-09T08:37:14, Setup Complete
2025-10-09T08:37:17, Data: 2025-10-09T08:37:14,3.59,25631,4508.00,4540.00,4532.50,9.32,38.03,14.74,889.51
2025-10-09T08:37:17, Add row to /TRACKING.csv
2025-10-09T08:37:17, Number of rows in /TRACKING.csv: 2
2025-10-09T08:37:19, Done loop ...
2025-10-09T08:37:19, ... powering down.
2025-10-09T08:54:01, Setup Complete
2025-10-09T08:54:03, Data: 2025-10-09T08:54:01,3.57,25631,4526.00,4985.00,4619.50,10.15,40.34,17.23,889.43
2025-10-09T08:54:03, Add row to /TRACKING.csv
2025-10-09T08:54:04, Number of rows in /TRACKING.csv: 3
2025-10-09T08:54:06, Done loop ...
2025-10-09T08:54:06, ... powering down.
2025-10-09T08:54:11, Setup Complete
2025-10-09T08:54:13, Data: 2025-10-09T08:54:11,3.58,25631,4466.00,4553.00,4478.50,10.20,39.55,17.25,889.45
2025-10-09T08:54:13, Add row to /TRACKING.csv
2025-10-09T08:54:13, Number of rows in /TRACKING.csv: 4
2025-10-09T08:54:17, Number of rows in /TRACKING.csv is >= 4
2025-10-09T08:54:17, Remove tracking
2025-10-09T08:54:17, Write to /TRANSMIT.csv: 2025-10-09T08:54:11,3.58,4466.00,10.2,40
2025-10-09T08:54:17, Number of rows in /TRANSMIT.csv: 1
2025-10-09T08:54:17, Current hour = 8, Transmission hour = 1
2025-10-09T08:54:17, Current hour = 8, Transmission hour = 6
2025-10-09T08:54:17, Current hour = 8, Transmission hour = 8
2025-10-09T08:54:17, 0908542447+10240
2025-10-09T08:54:19,  - attempt to send message: 0908542447+10240
2025-10-09T08:54:20,  - Modem begin successful
2025-10-09T08:54:20,  - Sending...
2025-10-09T08:56:17, Send response: 
2025-10-09T08:56:17,  - Retry...
2025-10-09T08:56:17,    - Sending...
2025-10-09T08:56:17,    - Send response: 10
2025-10-09T08:56:48,  Sync clocks... 
2025-10-09T08:56:48,  - Clock was not synced
2025-10-09T08:56:48, Transmission failed. Error = 10
2025-10-09T08:56:48, Done loop ...
2025-10-09T08:56:48, ... powering down.
2025-10-09T09:10:58, Setup Complete
2025-10-09T09:11:00, Data: 2025-10-09T09:10:58,3.62,25631,4591.00,4846.00,4634.00,8.76,38.39,18.50,889.34
2025-10-09T09:11:00, Add row to /TRACKING.csv
2025-10-09T09:11:00, Number of rows in /TRACKING.csv: 1
2025-10-09T09:11:02, Done loop ...
2025-10-09T09:11:02, ... powering down.
2025-10-09T09:11:07, Setup Complete
2025-10-09T09:11:09, Data: 2025-10-09T09:11:07,3.59,25631,4482.00,4502.00,4490.50,8.73,38.27,18.50,889.32
2025-10-09T09:11:09, Add row to /TRACKING.csv
2025-10-09T09:11:09, Number of rows in /TRACKING.csv: 2
2025-10-09T09:11:12, Done loop ...
2025-10-09T09:11:12, ... powering down.
2025-10-09T09:27:54, Setup Complete
2025-10-09T09:27:56, Data: 2025-10-09T09:27:54,3.62,25631,4592.00,4718.00,4640.00,9.39,36.37,18.94,889.50
2025-10-09T09:27:56, Add row to /TRACKING.csv
2025-10-09T09:27:56, Number of rows in /TRACKING.csv: 3
2025-10-09T09:27:59, Done loop ...
2025-10-09T09:27:59, ... powering down.
2025-10-09T09:28:04, Setup Complete
2025-10-09T09:28:06, Data: 2025-10-09T09:28:04,3.58,25631,4436.00,4591.00,4551.50,9.40,37.00,18.96,889.55
2025-10-09T09:28:06, Add row to /TRACKING.csv
2025-10-09T09:28:06, Number of rows in /TRACKING.csv: 4
2025-10-09T09:28:09, Number of rows in /TRACKING.csv is >= 4
2025-10-09T09:28:09, Remove tracking
2025-10-09T09:28:10, Write to /TRANSMIT.csv: 2025-10-09T09:28:04,3.58,4436.00,9.4,37
2025-10-09T09:28:10, Number of rows in /TRANSMIT.csv: 2
2025-10-09T09:28:10, Current hour = 9, Transmission hour = 1
2025-10-09T09:28:10, Current hour = 9, Transmission hour = 6
2025-10-09T09:28:10, Current hour = 9, Transmission hour = 8
2025-10-09T09:28:10, Current hour = 9, Transmission hour = 9
2025-10-09T09:28:10, 0908542447+10240:444+09437
2025-10-09T09:28:12,  - attempt to send message: 0908542447+10240:444+09437
2025-10-09T09:28:13,  - Modem begin successful
2025-10-09T09:28:13,  - Sending...
2025-10-09T09:28:43, Send response: 
2025-10-09T09:28:43,  - Retry...
2025-10-09T09:28:43,    - Sending...
2025-10-09T09:28:43,    - Send response: 10
2025-10-09T09:29:13,  Sync clocks... 
2025-10-09T09:29:13,  - Clock was not synced
2025-10-09T09:29:13, Transmission failed. Error = 10
2025-10-09T09:29:13, Done loop ...
2025-10-09T09:29:13, ... powering down.
2025-10-09T09:44:51, Setup Complete
2025-10-09T09:44:53, Data: 2025-10-09T09:44:51,3.62,25631,4598.00,4985.00,4667.50,11.50,47.29,20.07,889.49
2025-10-09T09:44:53, Add row to /TRACKING.csv
2025-10-09T09:44:53, Number of rows in /TRACKING.csv: 1
2025-10-09T09:44:55, Done loop ...
2025-10-09T09:44:55, ... powering down.
2025-10-09T09:45:00, Setup Complete
2025-10-09T09:45:02, Data: 2025-10-09T09:45:00,3.58,25631,4502.00,4615.00,4601.00,11.46,47.02,20.08,889.50
2025-10-09T09:45:02, Add row to /TRACKING.csv
2025-10-09T09:45:02, Number of rows in /TRACKING.csv: 2
2025-10-09T09:45:05, Done loop ...
2025-10-09T09:45:05, ... powering down.
2025-10-09T10:01:47, Setup Complete
2025-10-09T10:01:49, Data: 2025-10-09T10:01:47,3.61,25631,4578.00,4984.00,4643.50,12.17,43.72,20.07,889.65
2025-10-09T10:01:49, Add row to /TRACKING.csv
2025-10-09T10:01:49, Number of rows in /TRACKING.csv: 3
2025-10-09T10:01:52, Done loop ...
2025-10-09T10:01:52, ... powering down.
2025-10-09T10:18:31, Setup Complete
2025-10-09T10:18:34, Data: 2025-10-09T10:18:31,3.67,25631,497.00,4985.00,4599.00,12.27,48.12,18.76,889.72
2025-10-09T10:18:34, Add row to /TRACKING.csv
2025-10-09T10:18:34, Number of rows in /TRACKING.csv: 4
2025-10-09T10:18:37, Number of rows in /TRACKING.csv is >= 4
2025-10-09T10:18:37, Remove tracking
2025-10-09T10:18:37, Write to /TRANSMIT.csv: 2025-10-09T10:18:31,3.67,497.00,12.3,48
2025-10-09T10:18:37, Number of rows in /TRANSMIT.csv: 3
2025-10-09T10:18:37, Current hour = 10, Transmission hour = 1
2025-10-09T10:18:37, Current hour = 10, Transmission hour = 6
2025-10-09T10:18:37, Current hour = 10, Transmission hour = 8
2025-10-09T10:18:37, Current hour = 10, Transmission hour = 9
2025-10-09T10:18:38, Current hour = 10, Transmission hour = 10
2025-10-09T10:18:38, 0908543447+10240:444+09437:050+12348
2025-10-09T10:18:40,  - attempt to send message: 0908543447+10240:444+09437:050+12348
2025-10-09T10:19:40,  - Modem begin successful
2025-10-09T10:19:40,  - Sending...
2025-10-09T10:20:11, Send response: 
2025-10-09T10:20:11,  - Retry...
2025-10-09T10:20:11,    - Sending...
2025-10-09T10:20:11,    - Send response: 10
2025-10-09T10:20:41,  Sync clocks... 
2025-10-09T10:20:41,  - Clock was not synced
2025-10-09T10:20:41, Transmission failed. Error = 10
2025-10-09T10:20:41, Done loop ...
2025-10-09T10:20:41, ... powering down.
2025-10-09T10:35:15, Setup Complete
2025-10-09T10:35:17, Data: 2025-10-09T10:35:15,3.55,25631,4568.00,4984.00,4612.00,11.51,39.43,16.23,889.75
2025-10-09T10:35:17, Add row to /TRACKING.csv
2025-10-09T10:35:17, Number of rows in /TRACKING.csv: 1
2025-10-09T10:35:19, Done loop ...
2025-10-09T10:35:19, ... powering down.
2025-10-09T10:35:24, Setup Complete
2025-10-09T10:35:26, Data: 2025-10-09T10:35:24,3.56,25631,4523.00,4673.00,4547.00,11.52,39.38,16.22,889.76
2025-10-09T10:35:26, Add row to /TRACKING.csv
2025-10-09T10:35:26, Number of rows in /TRACKING.csv: 2
2025-10-09T10:35:29, Done loop ...
2025-10-09T10:35:29, ... powering down.
2025-10-09T10:52:11, Setup Complete
2025-10-09T10:52:13, Data: 2025-10-09T10:52:11,3.65,25631,4513.00,4604.00,4587.00,11.65,47.89,15.40,889.76
2025-10-09T10:52:13, Add row to /TRACKING.csv
2025-10-09T10:52:13, Number of rows in /TRACKING.csv: 3
2025-10-09T10:52:16, Done loop ...
2025-10-09T10:52:16, ... powering down.
2025-10-09T11:08:55, Setup Complete
2025-10-09T11:08:58, Data: 2025-10-09T11:08:56,3.65,25631,4533.00,4611.00,4562.00,12.07,40.65,15.06,889.58
2025-10-09T11:08:58, Add row to /TRACKING.csv
2025-10-09T11:08:58, Number of rows in /TRACKING.csv: 4
2025-10-09T11:09:01, Number of rows in /TRACKING.csv is >= 4
2025-10-09T11:09:01, Remove tracking
2025-10-09T11:09:01, Write to /TRANSMIT.csv: 2025-10-09T11:08:56,3.65,4533.00,12.1,41
2025-10-09T11:09:01, Number of rows in /TRANSMIT.csv: 4
2025-10-09T11:09:01, Current hour = 11, Transmission hour = 1
2025-10-09T11:09:01, Current hour = 11, Transmission hour = 6
2025-10-09T11:09:02, Current hour = 11, Transmission hour = 8
2025-10-09T11:09:02, Current hour = 11, Transmission hour = 9
2025-10-09T11:09:02, Current hour = 11, Transmission hour = 10
2025-10-09T11:09:02, Current hour = 11, Transmission hour = 15
2025-10-09T11:09:02, Current hour = 11, Transmission hour = 20
2025-10-09T11:09:02, Current hour = 11, Transmission hour = 22
2025-10-09T11:09:02, Done loop ...
2025-10-09T11:09:02, ... powering down.
2025-10-09T11:25:40, Setup Complete
2025-10-09T11:25:42, Data: 2025-10-09T11:25:40,3.98,25631,4586.00,4985.00,4674.00,11.39,46.88,14.81,889.68
2025-10-09T11:25:42, Add row to /TRACKING.csv
2025-10-09T11:25:43, Number of rows in /TRACKING.csv: 1
2025-10-09T11:25:45, Done loop ...
2025-10-09T11:25:45, ... powering down.
2025-10-09T11:25:50, Setup Complete
2025-10-09T11:25:52, Data: 2025-10-09T11:25:50,3.58,25631,4509.00,4653.00,4592.00,11.39,44.75,14.82,889.70
2025-10-09T11:25:52, Add row to /TRACKING.csv
2025-10-09T11:25:52, Number of rows in /TRACKING.csv: 2
2025-10-09T11:25:55, Done loop ...
2025-10-09T11:25:55, ... powering down.
2025-10-09T11:42:36, Setup Complete
2025-10-09T11:42:39, Data: 2025-10-09T11:42:36,3.62,25631,497.00,4985.00,4638.00,11.21,50.55,15.10,889.62
2025-10-09T11:42:39, Add row to /TRACKING.csv
2025-10-09T11:42:39, Number of rows in /TRACKING.csv: 3
2025-10-09T11:42:42, Done loop ...
2025-10-09T11:42:42, ... powering down.
2025-10-09T11:42:46, Setup Complete
2025-10-09T11:42:49, Data: 2025-10-09T11:42:46,3.57,25631,4547.00,4653.00,4576.50,11.24,50.65,15.10,889.65
2025-10-09T11:42:49, Add row to /TRACKING.csv
2025-10-09T11:42:49, Number of rows in /TRACKING.csv: 4
2025-10-09T11:42:52, Number of rows in /TRACKING.csv is >= 4
2025-10-09T11:42:52, Remove tracking
2025-10-09T11:42:52, Write to /TRANSMIT.csv: 2025-10-09T11:42:46,3.57,4547.00,11.2,51
2025-10-09T11:42:52, Number of rows in /TRANSMIT.csv: 5
2025-10-09T11:42:52, Current hour = 11, Transmission hour = 1
2025-10-09T11:42:52, 0908542447+10240:444+09437:050+12348:453+12141:455+11251
2025-10-09T11:42:54,  - attempt to send message: 0908542447+10240:444+09437:050+12348:453+12141:455+11251
2025-10-09T11:42:55,  - Modem begin successful
2025-10-09T11:42:55,  - Sending...
2025-10-09T11:43:00,  - Send response: 
2025-10-09T11:43:00,   - Sync clocks... 
2025-10-09T11:43:00,  - Arduino Old Time: 2025-10-09T19:43:00
2025-10-09T11:42:59,  - Arduino New Time: 2025-10-09T19:42:59
2025-10-09T11:42:59, Message sent! Removing /TRANSMIT.csv
2025-10-09T11:42:59, Done loop ...
2025-10-09T11:42:59, ... powering down.
2025-10-09T11:59:32, Setup Complete
2025-10-09T11:59:34, Data: 2025-10-09T11:59:32,3.94,25631,4594.00,4983.00,4647.50,11.39,49.03,15.62,889.57
2025-10-09T11:59:34, Add row to /TRACKING.csv
2025-10-09T11:59:35, Number of rows in /TRACKING.csv: 1
2025-10-09T11:59:37, Done loop ...
2025-10-09T11:59:37, ... powering down.
2025-10-09T11:59:42, Setup Complete
2025-10-09T11:59:44, Data: 2025-10-09T11:59:42,3.58,25631,4488.00,4611.00,4555.50,11.39,48.90,15.62,889.63
2025-10-09T11:59:44, Add row to /TRACKING.csv
2025-10-09T11:59:44, Number of rows in /TRACKING.csv: 2
2025-10-09T11:59:47, Done loop ...
2025-10-09T11:59:47, ... powering down.
2025-10-09T12:16:29, Setup Complete
2025-10-09T12:16:31, Data: 2025-10-09T12:16:29,3.64,25631,4575.00,4984.00,4764.50,11.45,51.28,15.79,889.50
2025-10-09T12:16:31, Add row to /TRACKING.csv
2025-10-09T12:16:31, Number of rows in /TRACKING.csv: 3
2025-10-09T12:16:34, Done loop ...
2025-10-09T12:16:34, ... powering down.
2025-10-09T12:16:39, Setup Complete
2025-10-09T12:16:41, Data: 2025-10-09T12:16:39,3.58,25631,4524.00,4569.00,4538.00,11.46,51.48,15.79,889.51
2025-10-09T12:16:41, Add row to /TRACKING.csv
2025-10-09T12:16:41, Number of rows in /TRACKING.csv: 4
2025-10-09T12:16:44, Number of rows in /TRACKING.csv is >= 4
2025-10-09T12:16:44, Remove tracking
2025-10-09T12:16:44, Write to /TRANSMIT.csv: 2025-10-09T12:16:39,3.58,4524.00,11.5,51
2025-10-09T12:16:44, Number of rows in /TRANSMIT.csv: 1
2025-10-09T12:16:45, Current hour = 12, Transmission hour = 1
2025-10-09T12:16:45, Current hour = 12, Transmission hour = 6
2025-10-09T12:16:45, Current hour = 12, Transmission hour = 8
2025-10-09T12:16:45, Current hour = 12, Transmission hour = 9
2025-10-09T12:16:45, Current hour = 12, Transmission hour = 10
2025-10-09T12:16:45, Current hour = 12, Transmission hour = 15
2025-10-09T12:16:45, Current hour = 12, Transmission hour = 20
2025-10-09T12:16:45, Current hour = 12, Transmission hour = 22
2025-10-09T12:16:45, Done loop ...
2025-10-09T12:16:45, ... powering down.
2025-10-09T12:33:25, Setup Complete
2025-10-09T12:33:28, Data: 2025-10-09T12:33:25,3.58,25631,4600.00,4985.00,4676.50,11.06,54.73,15.96,889.40
2025-10-09T12:33:28, Add row to /TRACKING.csv
2025-10-09T12:33:28, Number of rows in /TRACKING.csv: 1
2025-10-09T12:33:30, Done loop ...
2025-10-09T12:33:30, ... powering down.
2025-10-09T12:33:35, Setup Complete
2025-10-09T12:33:37, Data: 2025-10-09T12:33:35,3.58,25631,4527.00,4690.00,4603.00,11.03,54.80,15.96,889.40
2025-10-09T12:33:37, Add row to /TRACKING.csv
2025-10-09T12:33:37, Number of rows in /TRACKING.csv: 2
2025-10-09T12:33:40, Done loop ...
2025-10-09T12:33:40, ... powering down.
2025-10-09T12:50:22, Setup Complete
2025-10-09T12:50:24, Data: 2025-10-09T12:50:22,3.57,25631,4630.00,4984.00,4796.00,12.06,52.92,16.16,889.32
2025-10-09T12:50:24, Add row to /TRACKING.csv
2025-10-09T12:50:24, Number of rows in /TRACKING.csv: 3
2025-10-09T12:50:27, Done loop ...
2025-10-09T12:50:27, ... powering down.
2025-10-09T12:50:32, Setup Complete
2025-10-09T12:50:34, Data: 2025-10-09T12:50:32,3.57,25631,4515.00,4676.00,4576.50,12.08,53.19,16.16,889.35
2025-10-09T12:50:34, Add row to /TRACKING.csv
2025-10-09T12:50:34, Number of rows in /TRACKING.csv: 4
2025-10-09T12:50:37, Number of rows in /TRACKING.csv is >= 4
2025-10-09T12:50:37, Remove tracking
2025-10-09T12:50:37, Write to /TRANSMIT.csv: 2025-10-09T12:50:32,3.57,4515.00,12.1,53
2025-10-09T12:50:38, Number of rows in /TRANSMIT.csv: 2
2025-10-09T12:50:38, Current hour = 12, Transmission hour = 1
2025-10-09T12:50:38, Current hour = 12, Transmission hour = 6
2025-10-09T12:50:38, Current hour = 12, Transmission hour = 8
2025-10-09T12:50:38, Current hour = 12, Transmission hour = 9
2025-10-09T12:50:38, Current hour = 12, Transmission hour = 10
2025-10-09T12:50:38, Current hour = 12, Transmission hour = 15
2025-10-09T12:50:38, Current hour = 12, Transmission hour = 20
2025-10-09T12:50:38, Current hour = 12, Transmission hour = 22
2025-10-09T12:50:38, Done loop ...
2025-10-09T12:50:38, ... powering down.
2025-10-09T13:07:19, Setup Complete
2025-10-09T13:07:21, Data: 2025-10-09T13:07:19,3.61,25631,4566.00,4861.00,4665.50,11.94,52.82,16.43,889.21
2025-10-09T13:07:21, Add row to /TRACKING.csv
2025-10-09T13:07:21, Number of rows in /TRACKING.csv: 1
2025-10-09T13:07:23, Done loop ...
2025-10-09T13:07:23, ... powering down.
2025-10-09T13:07:28, Setup Complete
2025-10-09T13:07:30, Data: 2025-10-09T13:07:28,3.58,25631,4498.00,4625.00,4521.00,11.96,51.35,16.44,889.22
2025-10-09T13:07:30, Add row to /TRACKING.csv
2025-10-09T13:07:30, Number of rows in /TRACKING.csv: 2
2025-10-09T13:07:33, Done loop ...
2025-10-09T13:07:33, ... powering down.
2025-10-09T13:24:15, Setup Complete
2025-10-09T13:24:17, Data: 2025-10-09T13:24:15,3.97,25631,4571.00,4984.00,4620.50,11.24,51.84,16.18,889.07
2025-10-09T13:24:17, Add row to /TRACKING.csv
2025-10-09T13:24:17, Number of rows in /TRACKING.csv: 3
2025-10-09T13:24:20, Done loop ...
2025-10-09T13:24:20, ... powering down.
2025-10-09T13:24:25, Setup Complete
2025-10-09T13:24:27, Data: 2025-10-09T13:24:25,3.58,25631,4538.00,4621.00,4589.50,11.25,52.33,16.17,889.10
2025-10-09T13:24:27, Add row to /TRACKING.csv
2025-10-09T13:24:27, Number of rows in /TRACKING.csv: 4
2025-10-09T13:24:31, Number of rows in /TRACKING.csv is >= 4
2025-10-09T13:24:31, Remove tracking
2025-10-09T13:24:31, Write to /TRANSMIT.csv: 2025-10-09T13:24:25,3.58,4538.00,11.2,52
2025-10-09T13:24:31, Number of rows in /TRANSMIT.csv: 3
2025-10-09T13:24:31, Current hour = 13, Transmission hour = 1
2025-10-09T13:24:31, Current hour = 13, Transmission hour = 6
2025-10-09T13:24:31, Current hour = 13, Transmission hour = 8
2025-10-09T13:24:31, Current hour = 13, Transmission hour = 9
2025-10-09T13:24:31, Current hour = 13, Transmission hour = 10
2025-10-09T13:24:31, Current hour = 13, Transmission hour = 15
2025-10-09T13:24:31, Current hour = 13, Transmission hour = 20
2025-10-09T13:24:31, Current hour = 13, Transmission hour = 22
2025-10-09T13:24:31, Done loop ...
2025-10-09T13:24:31, ... powering down.
2025-10-09T13:41:12, Setup Complete
2025-10-09T13:41:14, Data: 2025-10-09T13:41:12,3.54,25631,660.00,4984.00,4634.50,11.87,45.28,16.03,888.86
2025-10-09T13:41:14, Add row to /TRACKING.csv
2025-10-09T13:41:14, Number of rows in /TRACKING.csv: 1
2025-10-09T13:41:17, Done loop ...
2025-10-09T13:41:17, ... powering down.
2025-10-09T13:41:21, Setup Complete
2025-10-09T13:41:23, Data: 2025-10-09T13:41:21,3.58,25631,4483.00,4539.00,4514.50,11.90,46.16,16.03,888.87
2025-10-09T13:41:24, Add row to /TRACKING.csv
2025-10-09T13:41:24, Number of rows in /TRACKING.csv: 2
2025-10-09T13:41:26, Done loop ...
2025-10-09T13:41:26, ... powering down.
2025-10-09T13:58:08, Setup Complete
2025-10-09T13:58:10, Data: 2025-10-09T13:58:08,3.63,25631,4557.00,4984.00,4984.00,13.54,53.33,16.40,888.68
2025-10-09T13:58:10, Add row to /TRACKING.csv
2025-10-09T13:58:11, Number of rows in /TRACKING.csv: 3
2025-10-09T13:58:14, Done loop ...
2025-10-09T13:58:14, ... powering down.
2025-10-09T13:58:18, Setup Complete
2025-10-09T13:58:20, Data: 2025-10-09T13:58:18,3.58,25631,4461.00,4573.00,4517.50,13.53,53.74,16.40,888.71
2025-10-09T13:58:20, Add row to /TRACKING.csv
2025-10-09T13:58:21, Number of rows in /TRACKING.csv: 4
2025-10-09T13:58:24, Number of rows in /TRACKING.csv is >= 4
2025-10-09T13:58:24, Remove tracking
2025-10-09T13:58:24, Write to /TRANSMIT.csv: 2025-10-09T13:58:18,3.58,4461.00,13.5,54
2025-10-09T13:58:24, Number of rows in /TRANSMIT.csv: 4
2025-10-09T13:58:24, Current hour = 13, Transmission hour = 1
2025-10-09T13:58:24, Current hour = 13, Transmission hour = 6
2025-10-09T13:58:24, Current hour = 13, Transmission hour = 8
2025-10-09T13:58:24, Current hour = 13, Transmission hour = 9
2025-10-09T13:58:24, Current hour = 13, Transmission hour = 10
2025-10-09T13:58:24, Current hour = 13, Transmission hour = 15
2025-10-09T13:58:24, Current hour = 13, Transmission hour = 20
2025-10-09T13:58:24, Current hour = 13, Transmission hour = 22
2025-10-09T13:58:25, Done loop ...
2025-10-09T13:58:25, ... powering down.
2025-10-09T14:15:05, Setup Complete
2025-10-09T14:15:07, Data: 2025-10-09T14:15:05,3.64,25631,4532.00,4985.00,4602.50,16.16,40.76,17.06,888.72
2025-10-09T14:15:07, Add row to /TRACKING.csv
2025-10-09T14:15:08, Number of rows in /TRACKING.csv: 1
2025-10-09T14:15:10, Done loop ...
2025-10-09T14:15:10, ... powering down.
2025-10-09T14:15:14, Setup Complete
2025-10-09T14:15:17, Data: 2025-10-09T14:15:15,3.58,25631,4478.00,4626.00,4513.00,16.18,40.60,17.06,888.73
2025-10-09T14:15:17, Add row to /TRACKING.csv
2025-10-09T14:15:17, Number of rows in /TRACKING.csv: 2
2025-10-09T14:15:20, Done loop ...
2025-10-09T14:15:20, ... powering down.
2025-10-09T14:32:01, Setup Complete
2025-10-09T14:32:04, Data: 2025-10-09T14:32:02,3.78,25631,4617.00,4985.00,4841.00,14.79,43.48,17.32,888.52
2025-10-09T14:32:04, Add row to /TRACKING.csv
2025-10-09T14:32:04, Number of rows in /TRACKING.csv: 3
2025-10-09T14:32:07, Done loop ...
2025-10-09T14:32:07, ... powering down.
2025-10-09T14:32:11, Setup Complete
2025-10-09T14:32:14, Data: 2025-10-09T14:32:11,3.57,25631,4517.00,4598.00,4544.50,14.74,43.85,17.32,888.54
2025-10-09T14:32:14, Add row to /TRACKING.csv
2025-10-09T14:32:14, Number of rows in /TRACKING.csv: 4
2025-10-09T14:32:17, Number of rows in /TRACKING.csv is >= 4
2025-10-09T14:32:17, Remove tracking
2025-10-09T14:32:17, Write to /TRANSMIT.csv: 2025-10-09T14:32:11,3.57,4517.00,14.7,44
2025-10-09T14:32:17, Number of rows in /TRANSMIT.csv: 5
2025-10-09T14:32:17, Current hour = 14, Transmission hour = 1
2025-10-09T14:32:17, 0912162452+11551:452+12153:454+11252:446+13554:452+14744
2025-10-09T14:32:20,  - attempt to send message: 0912162452+11551:452+12153:454+11252:446+13554:452+14744
2025-10-09T14:32:20,  - Modem begin successful
2025-10-09T14:32:20,  - Sending...
2025-10-09T14:33:34, Send response: 
2025-10-09T14:33:34,  - Retry...
2025-10-09T14:33:34,    - Sending...
2025-10-09T14:33:34,    - Send response: 10
2025-10-09T14:34:04,  Sync clocks... 
2025-10-09T14:34:04,  - Clock was not synced
2025-10-09T14:34:04, Transmission failed. Error = 10
2025-10-09T14:34:04, Done loop ...
2025-10-09T14:34:04, ... powering down.
2025-10-09T14:48:58, Setup Complete
2025-10-09T14:49:00, Data: 2025-10-09T14:48:58,3.61,25631,659.00,4985.00,4699.50,16.06,45.16,17.48,888.45
2025-10-09T14:49:00, Add row to /TRACKING.csv
2025-10-09T14:49:01, Number of rows in /TRACKING.csv: 1
2025-10-09T14:49:03, Done loop ...
2025-10-09T14:49:03, ... powering down.
2025-10-09T14:49:08, Setup Complete
2025-10-09T14:49:10, Data: 2025-10-09T14:49:08,3.58,25631,4450.00,4984.00,4501.50,16.08,44.93,17.48,888.48
2025-10-09T14:49:10, Add row to /TRACKING.csv
2025-10-09T14:49:10, Number of rows in /TRACKING.csv: 2
2025-10-09T14:49:13, Done loop ...
2025-10-09T14:49:13, ... powering down.
2025-10-09T15:05:55, Setup Complete
2025-10-09T15:05:57, Data: 2025-10-09T15:05:55,3.62,25631,4476.00,4985.00,4593.00,14.12,47.05,16.71,888.33
2025-10-09T15:05:57, Add row to /TRACKING.csv
2025-10-09T15:05:57, Number of rows in /TRACKING.csv: 3
2025-10-09T15:06:00, Done loop ...
2025-10-09T15:06:00, ... powering down.
2025-10-09T15:06:05, Setup Complete
2025-10-09T15:06:07, Data: 2025-10-09T15:06:05,3.58,25631,4449.00,4647.00,4505.50,14.19,48.04,16.71,888.34
2025-10-09T15:06:07, Add row to /TRACKING.csv
2025-10-09T15:06:07, Number of rows in /TRACKING.csv: 4
2025-10-09T15:06:10, Number of rows in /TRACKING.csv is >= 4
2025-10-09T15:06:10, Remove tracking
2025-10-09T15:06:10, Write to /TRANSMIT.csv: 2025-10-09T15:06:05,3.58,4449.00,14.2,48
2025-10-09T15:06:11, Number of rows in /TRANSMIT.csv: 6
2025-10-09T15:06:11, Current hour = 15, Transmission hour = 1
2025-10-09T15:06:11, 0912162452+11551:452+12153:454+11252:446+13554:452+14744:445+14248
2025-10-09T15:06:13,  - attempt to send message: 0912162452+11551:452+12153:454+11252:446+13554:452+14744:445+14248
2025-10-09T15:06:13,  - Modem begin successful
2025-10-09T15:06:14,  - Sending...
2025-10-09T15:06:44, Send response: 
2025-10-09T15:06:44,  - Retry...
2025-10-09T15:06:44,    - Sending...
2025-10-09T15:06:44,    - Send response: 10
2025-10-09T15:07:14,  Sync clocks... 
2025-10-09T15:07:14,  - Clock was not synced
2025-10-09T15:07:14, Transmission failed. Error = 10
2025-10-09T15:07:14, Done loop ...
2025-10-09T15:07:14, ... powering down.
2025-10-09T15:22:51, Setup Complete
2025-10-09T15:22:54, Data: 2025-10-09T15:22:52,3.67,25631,4492.00,4984.00,4531.50,14.75,36.81,16.72,888.05
2025-10-09T15:22:54, Add row to /TRACKING.csv
2025-10-09T15:22:54, Number of rows in /TRACKING.csv: 1
2025-10-09T15:22:56, Done loop ...
2025-10-09T15:22:56, ... powering down.
2025-10-09T15:39:35, Setup Complete
2025-10-09T15:39:37, Data: 2025-10-09T15:39:35,3.66,25631,4511.00,4984.00,4574.50,15.25,46.38,16.51,888.00
2025-10-09T15:39:37, Add row to /TRACKING.csv
2025-10-09T15:39:37, Number of rows in /TRACKING.csv: 2
2025-10-09T15:39:40, Done loop ...
2025-10-09T15:39:40, ... powering down.
2025-10-09T15:56:21, Setup Complete
2025-10-09T15:56:23, Data: 2025-10-09T15:56:21,3.63,25631,4515.00,4984.00,4641.00,14.60,39.29,16.28,887.91
2025-10-09T15:56:23, Add row to /TRACKING.csv
2025-10-09T15:56:23, Number of rows in /TRACKING.csv: 3
2025-10-09T15:56:26, Done loop ...
2025-10-09T15:56:26, ... powering down.
2025-10-09T16:13:07, Setup Complete
2025-10-09T16:13:09, Data: 2025-10-09T16:13:07,3.55,25631,4628.00,4986.00,4707.50,15.43,41.27,16.27,887.80
2025-10-09T16:13:09, Add row to /TRACKING.csv
2025-10-09T16:13:10, Number of rows in /TRACKING.csv: 4
2025-10-09T16:13:13, Number of rows in /TRACKING.csv is >= 4
2025-10-09T16:13:13, Remove tracking
2025-10-09T16:13:13, Write to /TRANSMIT.csv: 2025-10-09T16:13:07,3.55,4628.00,15.4,41
2025-10-09T16:13:13, Number of rows in /TRANSMIT.csv: 7
2025-10-09T16:13:13, Current hour = 16, Transmission hour = 1
2025-10-09T16:13:13, 0912162452+11551:452+12153:454+11252:446+13554:452+14744:445+14248:463+15441
2025-10-09T16:13:15,  - attempt to send message: 0912162452+11551:452+12153:454+11252:446+13554:452+14744:445+14248:463+15441
2025-10-09T16:13:46,  - Modem begin successful
2025-10-09T16:13:46,  - Sending...
2025-10-09T16:14:16, Send response: 
2025-10-09T16:14:16,  - Retry...
2025-10-09T16:14:16,    - Sending...
2025-10-09T16:14:16,    - Send response: 10
2025-10-09T16:14:46,  Sync clocks... 
2025-10-09T16:14:46,  - Clock was not synced
2025-10-09T16:14:47, Transmission failed. Error = 10
2025-10-09T16:14:47, Done loop ...
2025-10-09T16:14:47, ... powering down.
2025-10-09T16:29:54, Setup Complete
2025-10-09T16:29:56, Data: 2025-10-09T16:29:54,3.58,25631,4518.00,4862.00,4625.00,16.26,39.20,16.00,887.77
2025-10-09T16:29:56, Add row to /TRACKING.csv
2025-10-09T16:29:56, Number of rows in /TRACKING.csv: 1
2025-10-09T16:29:58, Done loop ...
2025-10-09T16:29:58, ... powering down.
2025-10-09T16:46:40, Setup Complete
2025-10-09T16:46:43, Data: 2025-10-09T16:46:40,3.66,25631,4509.00,4983.00,4526.50,13.89,44.21,15.47,887.76
2025-10-09T16:46:43, Add row to /TRACKING.csv
2025-10-09T16:46:43, Number of rows in /TRACKING.csv: 2
2025-10-09T16:46:45, Done loop ...
2025-10-09T16:46:45, ... powering down.
2025-10-09T17:03:27, Setup Complete
2025-10-09T17:03:29, Data: 2025-10-09T17:03:27,3.53,25631,4552.00,4985.00,4666.00,13.81,47.67,14.43,887.80
2025-10-09T17:03:29, Add row to /TRACKING.csv
2025-10-09T17:03:29, Number of rows in /TRACKING.csv: 3
2025-10-09T17:03:32, Done loop ...
2025-10-09T17:03:32, ... powering down.
2025-10-09T17:03:37, Setup Complete
2025-10-09T17:03:39, Data: 2025-10-09T17:03:37,3.60,25631,4509.00,4650.00,4527.00,13.76,47.45,14.42,887.80
2025-10-09T17:03:39, Add row to /TRACKING.csv
2025-10-09T17:03:39, Number of rows in /TRACKING.csv: 4
2025-10-09T17:03:43, Number of rows in /TRACKING.csv is >= 4
2025-10-09T17:03:43, Remove tracking
2025-10-09T17:03:43, Write to /TRANSMIT.csv: 2025-10-09T17:03:37,3.60,4509.00,13.8,47
2025-10-09T17:03:43, Number of rows in /TRANSMIT.csv: 8
2025-10-09T17:03:43, Current hour = 17, Transmission hour = 1
2025-10-09T17:03:43, 0912162452+11551:452+12153:454+11252:446+13554:452+14744:445+14248:463+15441:451+13847
2025-10-09T17:03:45,  - attempt to send message: 0912162452+11551:452+12153:454+11252:446+13554:452+14744:445+14248:463+15441:451+13847
2025-10-09T17:03:46,  - Modem begin successful
2025-10-09T17:03:46,  - Sending...
2025-10-09T17:04:16, Send response: 
2025-10-09T17:04:16,  - Retry...
2025-10-09T17:04:16,    - Sending...
2025-10-09T17:04:16,    - Send response: 10
2025-10-09T17:04:46,  Sync clocks... 
2025-10-09T17:04:46,  - Clock was not synced
2025-10-09T17:04:46, Transmission failed. Error = 10
2025-10-09T17:04:46, Done loop ...
2025-10-09T17:04:46, ... powering down.
2025-10-09T17:20:23, Setup Complete
2025-10-09T17:20:26, Data: 2025-10-09T17:20:23,3.54,25631,4573.00,4816.00,4623.50,11.27,46.71,12.71,887.88
2025-10-09T17:20:26, Add row to /TRACKING.csv
2025-10-09T17:20:26, Number of rows in /TRACKING.csv: 1
2025-10-09T17:20:28, Done loop ...
2025-10-09T17:20:28, ... powering down.
2025-10-09T17:37:10, Setup Complete
2025-10-09T17:37:12, Data: 2025-10-09T17:37:10,3.65,25631,4538.00,4816.00,4629.00,10.18,47.77,10.57,887.83
2025-10-09T17:37:12, Add row to /TRACKING.csv
2025-10-09T17:37:12, Number of rows in /TRACKING.csv: 2
2025-10-09T17:37:15, Done loop ...
2025-10-09T17:37:15, ... powering down.
2025-10-09T17:53:56, Setup Complete
2025-10-09T17:53:58, Data: 2025-10-09T17:53:56,3.64,25631,4512.00,4735.00,4636.00,9.80,46.26,9.50,887.80
2025-10-09T17:53:58, Add row to /TRACKING.csv
2025-10-09T17:53:58, Number of rows in /TRACKING.csv: 3
2025-10-09T17:54:01, Done loop ...
2025-10-09T17:54:01, ... powering down.
2025-10-09T18:10:42, Setup Complete
2025-10-09T18:10:44, Data: 2025-10-09T18:10:42,3.53,25631,4476.00,4758.00,4627.00,9.74,47.30,8.96,887.87
2025-10-09T18:10:44, Add row to /TRACKING.csv
2025-10-09T18:10:44, Number of rows in /TRACKING.csv: 4
2025-10-09T18:10:48, Number of rows in /TRACKING.csv is >= 4
2025-10-09T18:10:48, Remove tracking
2025-10-09T18:10:48, Write to /TRANSMIT.csv: 2025-10-09T18:10:42,3.53,4476.00,9.7,47
2025-10-09T18:10:48, Number of rows in /TRANSMIT.csv: 9
2025-10-09T18:10:48, Current hour = 18, Transmission hour = 1
2025-10-09T18:10:48, 0912162452+11551:452+12153:454+11252:446+13554:452+14744:445+14248:463+15441:451+13847:448+09747
2025-10-09T18:10:50,  - attempt to send message: 0912162452+11551:452+12153:454+11252:446+13554:452+14744:445+14248:463+15441:451+13847:448+09747
2025-10-09T18:13:21,  - Modem begin successful
2025-10-09T18:13:21,  - Sending...
2025-10-09T18:13:51, Send response: 
2025-10-09T18:13:51,  - Retry...
2025-10-09T18:13:51,    - Sending...
2025-10-09T18:13:51,    - Send response: 10
2025-10-09T18:14:21,  Sync clocks... 
2025-10-09T18:14:21,  - Clock was not synced
2025-10-09T18:14:21, Transmission failed. Error = 10
2025-10-09T18:14:21, Done loop ...
2025-10-09T18:14:21, ... powering down.
2025-10-09T18:27:27, Setup Complete
2025-10-09T18:27:30, Data: 2025-10-09T18:27:27,3.54,25631,4516.00,4987.00,4571.00,9.82,47.34,8.61,887.94
2025-10-09T18:27:30, Add row to /TRACKING.csv
2025-10-09T18:27:30, Number of rows in /TRACKING.csv: 1
2025-10-09T18:27:32, Done loop ...
2025-10-09T18:27:32, ... powering down.
2025-10-09T18:44:13, Setup Complete
2025-10-09T18:44:16, Data: 2025-10-09T18:44:13,3.56,25631,4491.00,4735.00,4601.50,9.38,49.51,8.27,887.75
2025-10-09T18:44:16, Add row to /TRACKING.csv
2025-10-09T18:44:16, Number of rows in /TRACKING.csv: 2
2025-10-09T18:44:18, Done loop ...
2025-10-09T18:44:18, ... powering down.
2025-10-09T19:00:59, Setup Complete
2025-10-09T19:01:01, Data: 2025-10-09T19:00:59,3.72,25631,4501.00,4986.00,4574.50,9.19,49.43,8.09,887.59
2025-10-09T19:01:01, Add row to /TRACKING.csv
2025-10-09T19:01:02, Number of rows in /TRACKING.csv: 3
2025-10-09T19:01:05, Done loop ...
2025-10-09T19:01:05, ... powering down.
2025-10-09T19:17:45, Setup Complete
2025-10-09T19:17:47, Data: 2025-10-09T19:17:45,3.54,25631,4493.00,4985.00,4612.00,9.21,49.28,7.89,887.65
2025-10-09T19:17:47, Add row to /TRACKING.csv
2025-10-09T19:17:47, Number of rows in /TRACKING.csv: 4
2025-10-09T19:17:51, Number of rows in /TRACKING.csv is >= 4
2025-10-09T19:17:51, Remove tracking
2025-10-09T19:17:51, Write to /TRANSMIT.csv: 2025-10-09T19:17:45,3.54,4493.00,9.2,49
2025-10-09T19:17:51, Number of rows in /TRANSMIT.csv: 10
2025-10-09T19:17:51, Current hour = 19, Transmission hour = 1
2025-10-09T19:17:51, 0912162452+11551:452+12153:454+11252:446+13554:452+14744:445+14248:463+15441:451+13847:448+09747:449+09249
2025-10-09T19:17:53,  - attempt to send message: 0912162452+11551:452+12153:454+11252:446+13554:452+14744:445+14248:463+15441:451+13847:448+09747:449+09249
2025-10-09T19:18:24,  - Modem begin successful
2025-10-09T19:18:24,  - Sending...
2025-10-09T19:18:54, Send response: 
2025-10-09T19:18:54,  - Retry...
2025-10-09T19:18:54,    - Sending...
2025-10-09T19:18:54,    - Send response: 10
2025-10-09T19:19:24,  Sync clocks... 
2025-10-09T19:19:24,  - Clock was not synced
2025-10-09T19:19:24, Transmission failed. Error = 10
2025-10-09T19:19:25, n_transmit >= 10, too much to transmit, delete /TRANSMIT.csv
2025-10-09T19:19:25, Done loop ...
2025-10-09T19:19:25, ... powering down.
2025-10-09T19:34:31, Setup Complete
2025-10-09T19:34:33, Data: 2025-10-09T19:34:31,3.59,25631,4525.00,4640.00,4611.50,8.61,51.58,7.59,887.55
2025-10-09T19:34:33, Add row to /TRACKING.csv
2025-10-09T19:34:33, Number of rows in /TRACKING.csv: 1
2025-10-09T19:34:36, Done loop ...
2025-10-09T19:34:36, ... powering down.
2025-10-09T19:51:17, Setup Complete
2025-10-09T19:51:19, Data: 2025-10-09T19:51:17,3.65,25631,4519.00,4986.00,4660.00,8.32,56.91,7.31,887.51
2025-10-09T19:51:19, Add row to /TRACKING.csv
2025-10-09T19:51:19, Number of rows in /TRACKING.csv: 2
2025-10-09T19:51:22, Done loop ...
2025-10-09T19:51:22, ... powering down.
2025-10-09T20:08:02, Setup Complete
2025-10-09T20:08:05, Data: 2025-10-09T20:08:03,3.62,25631,4494.00,4986.00,4690.50,7.53,57.41,6.83,887.51
2025-10-09T20:08:05, Add row to /TRACKING.csv
2025-10-09T20:08:05, Number of rows in /TRACKING.csv: 3
2025-10-09T20:08:08, Done loop ...
2025-10-09T20:08:08, ... powering down.
2025-10-09T20:24:48, Setup Complete
2025-10-09T20:24:51, Data: 2025-10-09T20:24:48,3.76,25631,4501.00,4638.00,4559.00,7.57,55.28,6.64,887.61
2025-10-09T20:24:51, Add row to /TRACKING.csv
2025-10-09T20:24:51, Number of rows in /TRACKING.csv: 4
2025-10-09T20:24:54, Number of rows in /TRACKING.csv is >= 4
2025-10-09T20:24:54, Remove tracking
2025-10-09T20:24:54, Write to /TRANSMIT.csv: 2025-10-09T20:24:48,3.76,4501.00,7.6,55
2025-10-09T20:24:54, Number of rows in /TRANSMIT.csv: 1
2025-10-09T20:24:54, Current hour = 20, Transmission hour = 1
2025-10-09T20:24:54, Current hour = 20, Transmission hour = 6
2025-10-09T20:24:54, Current hour = 20, Transmission hour = 8
2025-10-09T20:24:54, Current hour = 20, Transmission hour = 9
2025-10-09T20:24:55, Current hour = 20, Transmission hour = 10
2025-10-09T20:24:55, Current hour = 20, Transmission hour = 15
2025-10-09T20:24:55, Current hour = 20, Transmission hour = 20
2025-10-09T20:24:55, 0920244450+07655
2025-10-09T20:24:57,  - attempt to send message: 0920244450+07655
2025-10-09T20:25:28,  - Modem begin successful
2025-10-09T20:25:28,  - Sending...
2025-10-09T20:25:58, Send response: 
2025-10-09T20:25:58,  - Retry...
2025-10-09T20:25:58,    - Sending...
2025-10-09T20:25:58,    - Send response: 10
2025-10-09T20:26:28,  Sync clocks... 
2025-10-09T20:26:28,  - Clock was not synced
2025-10-09T20:26:28, Transmission failed. Error = 10
2025-10-09T20:26:28, Done loop ...
2025-10-09T20:26:28, ... powering down.
2025-10-09T20:41:34, Setup Complete
2025-10-09T20:41:36, Data: 2025-10-09T20:41:34,3.62,25631,4566.00,4986.00,4615.50,8.01,54.24,6.54,887.62
2025-10-09T20:41:36, Add row to /TRACKING.csv
2025-10-09T20:41:36, Number of rows in /TRACKING.csv: 1
2025-10-09T20:41:39, Done loop ...
2025-10-09T20:41:39, ... powering down.
2025-10-09T20:58:20, Setup Complete
2025-10-09T20:58:22, Data: 2025-10-09T20:58:20,3.64,25631,4481.00,4985.00,4660.00,8.69,52.24,6.83,887.58
2025-10-09T20:58:22, Add row to /TRACKING.csv
2025-10-09T20:58:22, Number of rows in /TRACKING.csv: 2
2025-10-09T20:58:25, Done loop ...
2025-10-09T20:58:25, ... powering down.
2025-10-09T21:15:06, Setup Complete
2025-10-09T21:15:08, Data: 2025-10-09T21:15:06,3.73,25631,4486.00,4987.00,4573.50,8.14,52.95,6.81,887.64
2025-10-09T21:15:08, Add row to /TRACKING.csv
2025-10-09T21:15:08, Number of rows in /TRACKING.csv: 3
2025-10-09T21:15:11, Done loop ...
2025-10-09T21:15:11, ... powering down.
2025-10-09T21:31:51, Setup Complete
2025-10-09T21:31:54, Data: 2025-10-09T21:31:52,3.60,25631,4507.00,4988.00,4636.50,7.83,50.81,6.70,887.65
2025-10-09T21:31:54, Add row to /TRACKING.csv
2025-10-09T21:31:54, Number of rows in /TRACKING.csv: 4
2025-10-09T21:31:57, Number of rows in /TRACKING.csv is >= 4
2025-10-09T21:31:57, Remove tracking
2025-10-09T21:31:57, Write to /TRANSMIT.csv: 2025-10-09T21:31:52,3.60,4507.00,7.8,51
2025-10-09T21:31:57, Number of rows in /TRANSMIT.csv: 2
2025-10-09T21:31:57, Current hour = 21, Transmission hour = 1
2025-10-09T21:31:57, Current hour = 21, Transmission hour = 6
2025-10-09T21:31:58, Current hour = 21, Transmission hour = 8
2025-10-09T21:31:58, Current hour = 21, Transmission hour = 9
2025-10-09T21:31:58, Current hour = 21, Transmission hour = 10
2025-10-09T21:31:58, Current hour = 21, Transmission hour = 15
2025-10-09T21:31:58, Current hour = 21, Transmission hour = 20
2025-10-09T21:31:58, Current hour = 21, Transmission hour = 22
2025-10-09T21:31:58, Done loop ...
2025-10-09T21:31:58, ... powering down.
2025-10-09T21:48:37, Setup Complete
2025-10-09T21:48:39, Data: 2025-10-09T21:48:37,3.54,25631,4485.00,4797.00,4592.50,7.47,55.42,6.51,887.52
2025-10-09T21:48:40, Add row to /TRACKING.csv
2025-10-09T21:48:40, Number of rows in /TRACKING.csv: 1
2025-10-09T21:48:42, Done loop ...
2025-10-09T21:48:42, ... powering down.
2025-10-09T22:05:23, Setup Complete
2025-10-09T22:05:25, Data: 2025-10-09T22:05:23,3.78,25631,4542.00,4986.00,4680.00,7.95,52.77,6.44,887.60
2025-10-09T22:05:25, Add row to /TRACKING.csv
2025-10-09T22:05:25, Number of rows in /TRACKING.csv: 2
2025-10-09T22:05:28, Done loop ...
2025-10-09T22:05:28, ... powering down.
2025-10-09T22:05:33, Setup Complete
2025-10-09T22:05:35, Data: 2025-10-09T22:05:33,3.61,25631,4433.00,4470.00,4457.50,7.94,52.65,6.45,887.62
2025-10-09T22:05:35, Add row to /TRACKING.csv
2025-10-09T22:05:35, Number of rows in /TRACKING.csv: 3
2025-10-09T22:05:38, Done loop ...
2025-10-09T22:05:38, ... powering down.
2025-10-09T22:22:19, Setup Complete
2025-10-09T22:22:21, Data: 2025-10-09T22:22:19,3.56,25631,4488.00,4764.00,4599.50,7.47,53.80,6.31,887.48
2025-10-09T22:22:21, Add row to /TRACKING.csv
2025-10-09T22:22:21, Number of rows in /TRACKING.csv: 4
2025-10-09T22:22:24, Number of rows in /TRACKING.csv is >= 4
2025-10-09T22:22:24, Remove tracking
2025-10-09T22:22:24, Write to /TRANSMIT.csv: 2025-10-09T22:22:19,3.56,4488.00,7.5,54
2025-10-09T22:22:25, Number of rows in /TRANSMIT.csv: 3
2025-10-09T22:22:25, Current hour = 22, Transmission hour = 1
2025-10-09T22:22:25, Current hour = 22, Transmission hour = 6
2025-10-09T22:22:25, Current hour = 22, Transmission hour = 8
2025-10-09T22:22:25, Current hour = 22, Transmission hour = 9
2025-10-09T22:22:25, Current hour = 22, Transmission hour = 10
2025-10-09T22:22:25, Current hour = 22, Transmission hour = 15
2025-10-09T22:22:25, Current hour = 22, Transmission hour = 20
2025-10-09T22:22:25, Current hour = 22, Transmission hour = 22
2025-10-09T22:22:25, 0920242450+07655:451+07851:449+07554
2025-10-09T22:22:27,  - attempt to send message: 0920242450+07655:451+07851:449+07554
2025-10-09T22:23:28,  - Modem begin successful
2025-10-09T22:23:28,  - Sending...
2025-10-09T22:24:08, Send response: 
2025-10-09T22:24:08,  - Retry...
2025-10-09T22:24:08,    - Sending...
2025-10-09T22:24:08,    - Send response: 10
2025-10-09T22:24:38,  Sync clocks... 
2025-10-09T22:24:38,  - Clock was not synced
2025-10-09T22:24:38, Transmission failed. Error = 10
2025-10-09T22:24:38, Done loop ...
2025-10-09T22:24:38, ... powering down.
2025-10-09T22:39:04, Setup Complete
2025-10-09T22:39:06, Data: 2025-10-09T22:39:04,3.55,25631,4563.00,4987.00,4599.00,7.14,53.38,6.14,887.39
2025-10-09T22:39:06, Add row to /TRACKING.csv
2025-10-09T22:39:07, Number of rows in /TRACKING.csv: 1
2025-10-09T22:39:09, Done loop ...
2025-10-09T22:39:09, ... powering down.
2025-10-09T22:55:50, Setup Complete
2025-10-09T22:55:52, Data: 2025-10-09T22:55:50,3.74,25631,4508.00,4728.00,4572.50,7.25,53.04,6.00,887.30
2025-10-09T22:55:52, Add row to /TRACKING.csv
2025-10-09T22:55:52, Number of rows in /TRACKING.csv: 2
2025-10-09T22:55:55, Done loop ...
2025-10-09T22:55:55, ... powering down.
2025-10-09T23:12:36, Setup Complete
2025-10-09T23:12:38, Data: 2025-10-09T23:12:36,3.69,25631,4520.00,4986.00,4590.00,7.25,52.16,5.95,887.23
2025-10-09T23:12:38, Add row to /TRACKING.csv
2025-10-09T23:12:38, Number of rows in /TRACKING.csv: 3
2025-10-09T23:12:41, Done loop ...
2025-10-09T23:12:41, ... powering down.
2025-10-09T23:12:46, Setup Complete
2025-10-09T23:12:48, Data: 2025-10-09T23:12:46,3.61,25631,4409.00,4463.00,4444.50,7.25,52.17,5.96,887.24
2025-10-09T23:12:48, Add row to /TRACKING.csv
2025-10-09T23:12:48, Number of rows in /TRACKING.csv: 4
2025-10-09T23:12:51, Number of rows in /TRACKING.csv is >= 4
2025-10-09T23:12:51, Remove tracking
2025-10-09T23:12:51, Write to /TRANSMIT.csv: 2025-10-09T23:12:46,3.61,4409.00,7.2,52
2025-10-09T23:12:51, Number of rows in /TRANSMIT.csv: 4
2025-10-09T23:12:52, Current hour = 23, Transmission hour = 1
2025-10-09T23:12:52, Current hour = 23, Transmission hour = 6
2025-10-09T23:12:52, Current hour = 23, Transmission hour = 8
2025-10-09T23:12:52, Current hour = 23, Transmission hour = 9
2025-10-09T23:12:52, Current hour = 23, Transmission hour = 10
2025-10-09T23:12:52, Current hour = 23, Transmission hour = 15
2025-10-09T23:12:52, Current hour = 23, Transmission hour = 20
2025-10-09T23:12:52, Current hour = 23, Transmission hour = 22
2025-10-09T23:12:52, Done loop ...
2025-10-09T23:12:52, ... powering down.
2025-10-09T23:29:31, Setup Complete
2025-10-09T23:29:34, Data: 2025-10-09T23:29:31,3.75,25631,4481.00,4986.00,4714.50,7.76,51.80,6.08,887.10
2025-10-09T23:29:34, Add row to /TRACKING.csv
2025-10-09T23:29:34, Number of rows in /TRACKING.csv: 1
2025-10-09T23:29:36, Done loop ...
2025-10-09T23:29:36, ... powering down.
2025-10-09T23:29:41, Setup Complete
2025-10-09T23:29:43, Data: 2025-10-09T23:29:41,3.61,25631,4459.00,4487.00,4476.50,7.81,51.71,6.08,887.12
2025-10-09T23:29:43, Add row to /TRACKING.csv
2025-10-09T23:29:43, Number of rows in /TRACKING.csv: 2
2025-10-09T23:29:46, Done loop ...
2025-10-09T23:29:46, ... powering down.
2025-10-09T23:46:27, Setup Complete
2025-10-09T23:46:29, Data: 2025-10-09T23:46:27,3.79,25631,4428.00,4988.00,4570.00,7.64,51.86,6.18,887.01
2025-10-09T23:46:29, Add row to /TRACKING.csv
2025-10-09T23:46:29, Number of rows in /TRACKING.csv: 3
2025-10-09T23:46:32, Done loop ...
2025-10-09T23:46:32, ... powering down.
2025-10-10T00:03:12, Setup Complete
2025-10-10T00:03:15, Data: 2025-10-10T00:03:12,3.58,25631,4469.00,4985.00,4665.50,7.43,51.78,6.00,886.91
2025-10-10T00:03:15, Add row to /TRACKING.csv
2025-10-10T00:03:15, Number of rows in /TRACKING.csv: 4
2025-10-10T00:03:18, Number of rows in /TRACKING.csv is >= 4
2025-10-10T00:03:18, Remove tracking
2025-10-10T00:03:18, Write to /TRANSMIT.csv: 2025-10-10T00:03:12,3.58,4469.00,7.4,52
2025-10-10T00:03:18, Number of rows in /TRANSMIT.csv: 5
2025-10-10T00:03:18, Current hour = 0, Transmission hour = 1
2025-10-10T00:03:18, 0920242450+07655:451+07851:449+07554:441+07252:447+07452
2025-10-10T00:03:21,  - attempt to send message: 0920242450+07655:451+07851:449+07554:441+07252:447+07452
2025-10-10T00:03:21,  - Modem begin successful
2025-10-10T00:03:21,  - Sending...
2025-10-10T00:03:51, Send response: 
2025-10-10T00:03:51,  - Retry...
2025-10-10T00:03:52,    - Sending...
2025-10-10T00:03:52,    - Send response: 10
2025-10-10T00:04:22,  Sync clocks... 
2025-10-10T00:04:22,  - Clock was not synced
2025-10-10T00:04:22, Transmission failed. Error = 10
2025-10-10T00:04:22, Done loop ...
2025-10-10T00:04:22, ... powering down.
2025-10-10T00:19:58, Setup Complete
2025-10-10T00:20:00, Data: 2025-10-10T00:19:58,3.65,25631,4505.00,4986.00,4580.00,7.74,51.90,6.13,886.81
2025-10-10T00:20:00, Add row to /TRACKING.csv
2025-10-10T00:20:01, Number of rows in /TRACKING.csv: 1
2025-10-10T00:20:03, Done loop ...
2025-10-10T00:20:03, ... powering down.
2025-10-10T00:36:44, Setup Complete
2025-10-10T00:36:46, Data: 2025-10-10T00:36:44,3.65,25631,4470.00,4988.00,4650.00,7.90,53.16,6.21,886.47
2025-10-10T00:36:46, Add row to /TRACKING.csv
2025-10-10T00:36:46, Number of rows in /TRACKING.csv: 2
2025-10-10T00:36:49, Done loop ...
2025-10-10T00:36:49, ... powering down.
2025-10-10T00:53:30, Setup Complete
2025-10-10T00:53:32, Data: 2025-10-10T00:53:30,3.60,25631,4492.00,4986.00,4629.00,8.35,50.50,6.54,886.19
2025-10-10T00:53:32, Add row to /TRACKING.csv
2025-10-10T00:53:32, Number of rows in /TRACKING.csv: 3
2025-10-10T00:53:35, Done loop ...
2025-10-10T00:53:35, ... powering down.
2025-10-10T01:10:15, Setup Complete
2025-10-10T01:10:18, Data: 2025-10-10T01:10:16,3.53,25631,4497.00,4986.00,4610.00,8.79,48.96,6.88,885.86
2025-10-10T01:10:18, Add row to /TRACKING.csv
2025-10-10T01:10:18, Number of rows in /TRACKING.csv: 4
2025-10-10T01:10:21, Number of rows in /TRACKING.csv is >= 4
2025-10-10T01:10:21, Remove tracking
2025-10-10T01:10:21, Write to /TRANSMIT.csv: 2025-10-10T01:10:16,3.53,4497.00,8.8,49
2025-10-10T01:10:21, Number of rows in /TRANSMIT.csv: 6
2025-10-10T01:10:21, Current hour = 1, Transmission hour = 1
2025-10-10T01:10:22, 0920242450+07655:451+07851:449+07554:441+07252:447+07452:450+08849
2025-10-10T01:10:24,  - attempt to send message: 0920242450+07655:451+07851:449+07554:441+07252:447+07452:450+08849
2025-10-10T01:13:54,  - Modem begin successful
2025-10-10T01:13:54,  - Sending...
2025-10-10T01:14:24, Send response: 
2025-10-10T01:14:24,  - Retry...
2025-10-10T01:14:24,    - Sending...
2025-10-10T01:14:24,    - Send response: 10
2025-10-10T01:14:54,  Sync clocks... 
2025-10-10T01:14:55,  - Clock was not synced
2025-10-10T01:14:55, Transmission failed. Error = 10
2025-10-10T01:14:55, Done loop ...
2025-10-10T01:14:55, ... powering down.
2025-10-10T01:27:01, Setup Complete
2025-10-10T01:27:03, Data: 2025-10-10T01:27:01,3.66,25631,4494.00,4986.00,4616.00,7.70,51.45,6.76,885.86
2025-10-10T01:27:03, Add row to /TRACKING.csv
2025-10-10T01:27:03, Number of rows in /TRACKING.csv: 1
2025-10-10T01:27:05, Done loop ...
2025-10-10T01:27:05, ... powering down.
2025-10-10T01:43:46, Setup Complete
2025-10-10T01:43:49, Data: 2025-10-10T01:43:47,3.64,25631,4484.00,4986.00,4615.00,6.54,57.75,6.03,885.84
2025-10-10T01:43:49, Add row to /TRACKING.csv
2025-10-10T01:43:49, Number of rows in /TRACKING.csv: 2
2025-10-10T01:43:52, Done loop ...
2025-10-10T01:43:52, ... powering down.
2025-10-10T02:00:32, Setup Complete
2025-10-10T02:00:34, Data: 2025-10-10T02:00:32,3.69,25631,4487.00,4642.00,4548.00,6.81,56.98,5.68,885.56
2025-10-10T02:00:34, Add row to /TRACKING.csv
2025-10-10T02:00:35, Number of rows in /TRACKING.csv: 3
2025-10-10T02:00:38, Done loop ...
2025-10-10T02:00:38, ... powering down.
2025-10-10T02:17:18, Setup Complete
2025-10-10T02:17:20, Data: 2025-10-10T02:17:18,3.58,25631,4483.00,4987.00,4611.00,6.61,56.05,5.45,885.25
2025-10-10T02:17:20, Add row to /TRACKING.csv
2025-10-10T02:17:20, Number of rows in /TRACKING.csv: 4
2025-10-10T02:17:24, Number of rows in /TRACKING.csv is >= 4
2025-10-10T02:17:24, Remove tracking
2025-10-10T02:17:24, Write to /TRANSMIT.csv: 2025-10-10T02:17:18,3.58,4483.00,6.6,56
2025-10-10T02:17:24, Number of rows in /TRANSMIT.csv: 7
2025-10-10T02:17:24, Current hour = 2, Transmission hour = 1
2025-10-10T02:17:24, 0920242450+07655:451+07851:449+07554:441+07252:447+07452:450+08849:448+06656
2025-10-10T02:17:26,  - attempt to send message: 0920242450+07655:451+07851:449+07554:441+07252:447+07452:450+08849:448+06656
2025-10-10T02:19:27,  - Modem begin unsuccessful
2025-10-10T02:19:27, Transmission failed. Error = 3
2025-10-10T02:19:27, Done loop ...
2025-10-10T02:19:27, ... powering down.
2025-10-10T02:34:03, Setup Complete
2025-10-10T02:34:06, Data: 2025-10-10T02:34:04,3.58,25631,4506.00,4987.00,4604.00,7.64,53.29,5.91,885.03
2025-10-10T02:34:06, Add row to /TRACKING.csv
2025-10-10T02:34:06, Number of rows in /TRACKING.csv: 1
2025-10-10T02:34:08, Done loop ...
2025-10-10T02:34:08, ... powering down.
2025-10-10T02:50:49, Setup Complete
2025-10-10T02:50:51, Data: 2025-10-10T02:50:49,3.61,25631,4473.00,4986.00,4567.50,7.60,52.85,6.16,884.83
2025-10-10T02:50:51, Add row to /TRACKING.csv
2025-10-10T02:50:52, Number of rows in /TRACKING.csv: 2
2025-10-10T02:50:54, Done loop ...
2025-10-10T02:50:54, ... powering down.
2025-10-10T03:07:35, Setup Complete
2025-10-10T03:07:37, Data: 2025-10-10T03:07:35,3.54,25631,4491.00,4600.00,4538.50,7.28,54.26,5.97,884.63
2025-10-10T03:07:37, Add row to /TRACKING.csv
2025-10-10T03:07:37, Number of rows in /TRACKING.csv: 3
2025-10-10T03:07:40, Done loop ...
2025-10-10T03:07:40, ... powering down.
2025-10-10T03:24:21, Setup Complete
2025-10-10T03:24:23, Data: 2025-10-10T03:24:21,3.59,25631,4496.00,4986.00,4546.50,6.74,56.22,5.67,884.56
2025-10-10T03:24:23, Add row to /TRACKING.csv
2025-10-10T03:24:23, Number of rows in /TRACKING.csv: 4
2025-10-10T03:24:26, Number of rows in /TRACKING.csv is >= 4
2025-10-10T03:24:26, Remove tracking
2025-10-10T03:24:26, Write to /TRANSMIT.csv: 2025-10-10T03:24:21,3.59,4496.00,6.7,56
2025-10-10T03:24:27, Number of rows in /TRANSMIT.csv: 8
2025-10-10T03:24:27, Current hour = 3, Transmission hour = 1
2025-10-10T03:24:27, 0920242450+07655:451+07851:449+07554:441+07252:447+07452:450+08849:448+06656:450+06756
2025-10-10T03:24:29,  - attempt to send message: 0920242450+07655:451+07851:449+07554:441+07252:447+07452:450+08849:448+06656:450+06756
2025-10-10T03:26:29,  - Modem begin unsuccessful
2025-10-10T03:26:29, Transmission failed. Error = 3
2025-10-10T03:26:29, Done loop ...
2025-10-10T03:26:29, ... powering down.
2025-10-10T03:41:06, Setup Complete
2025-10-10T03:41:08, Data: 2025-10-10T03:41:06,3.76,25631,4493.00,4632.00,4601.50,7.14,54.90,5.69,884.33
2025-10-10T03:41:08, Add row to /TRACKING.csv
2025-10-10T03:41:09, Number of rows in /TRACKING.csv: 1
2025-10-10T03:41:11, Done loop ...
2025-10-10T03:41:11, ... powering down.
2025-10-10T03:57:52, Setup Complete
2025-10-10T03:57:54, Data: 2025-10-10T03:57:52,3.64,25631,4468.00,4986.00,4601.00,7.16,54.00,5.75,884.24
2025-10-10T03:57:54, Add row to /TRACKING.csv
2025-10-10T03:57:54, Number of rows in /TRACKING.csv: 2
2025-10-10T03:57:57, Done loop ...
2025-10-10T03:57:57, ... powering down.
2025-10-10T04:14:38, Setup Complete
2025-10-10T04:14:40, Data: 2025-10-10T04:14:38,3.59,25631,4476.00,4986.00,4591.00,7.78,52.31,6.13,883.97
2025-10-10T04:14:40, Add row to /TRACKING.csv
2025-10-10T04:14:40, Number of rows in /TRACKING.csv: 3
2025-10-10T04:14:43, Done loop ...
2025-10-10T04:14:43, ... powering down.
2025-10-10T04:31:23, Setup Complete
2025-10-10T04:31:25, Data: 2025-10-10T04:31:23,3.68,25631,4494.00,4704.00,4618.00,7.32,53.19,5.87,883.81
2025-10-10T04:31:26, Add row to /TRACKING.csv
2025-10-10T04:31:26, Number of rows in /TRACKING.csv: 4
2025-10-10T04:31:29, Number of rows in /TRACKING.csv is >= 4
2025-10-10T04:31:29, Remove tracking
2025-10-10T04:31:29, Write to /TRANSMIT.csv: 2025-10-10T04:31:23,3.68,4494.00,7.3,53
2025-10-10T04:31:29, Number of rows in /TRANSMIT.csv: 9
2025-10-10T04:31:29, Current hour = 4, Transmission hour = 1
2025-10-10T04:31:29, 0920243450+07655:451+07851:449+07554:441+07252:447+07452:450+08849:448+06656:450+06756:449+07353
2025-10-10T04:31:31,  - attempt to send message: 0920243450+07655:451+07851:449+07554:441+07252:447+07452:450+08849:448+06656:450+06756:449+07353
2025-10-10T04:32:02,  - Modem begin successful
2025-10-10T04:32:02,  - Sending...
2025-10-10T04:32:32, Send response: 
2025-10-10T04:32:32,  - Retry...
2025-10-10T04:32:32,    - Sending...
2025-10-10T04:32:32,    - Send response: 10
2025-10-10T04:33:02,  Sync clocks... 
2025-10-10T04:33:02,  - Clock was not synced
2025-10-10T04:33:03, Transmission failed. Error = 10
2025-10-10T04:33:03, Done loop ...
2025-10-10T04:33:03, ... powering down.
2025-10-10T04:48:09, Setup Complete
2025-10-10T04:48:11, Data: 2025-10-10T04:48:09,3.61,25631,4518.00,4986.00,4583.00,6.81,54.99,5.62,883.59
2025-10-10T04:48:11, Add row to /TRACKING.csv
2025-10-10T04:48:11, Number of rows in /TRACKING.csv: 1
2025-10-10T04:48:14, Done loop ...
2025-10-10T04:48:14, ... powering down.
2025-10-10T05:04:54, Setup Complete
2025-10-10T05:04:57, Data: 2025-10-10T05:04:55,3.58,25631,4520.00,4758.00,4586.00,6.44,57.50,5.34,883.44
2025-10-10T05:04:57, Add row to /TRACKING.csv
2025-10-10T05:04:57, Number of rows in /TRACKING.csv: 2
2025-10-10T05:05:00, Done loop ...
2025-10-10T05:05:00, ... powering down.
2025-10-10T05:21:40, Setup Complete
2025-10-10T05:21:42, Data: 2025-10-10T05:21:40,3.70,25631,4499.00,4987.00,4588.00,6.50,56.70,5.25,883.31
2025-10-10T05:21:42, Add row to /TRACKING.csv
2025-10-10T05:21:43, Number of rows in /TRACKING.csv: 3
2025-10-10T05:21:46, Done loop ...
2025-10-10T05:21:46, ... powering down.
2025-10-10T05:38:26, Setup Complete
2025-10-10T05:38:28, Data: 2025-10-10T05:38:26,3.55,25631,4475.00,4986.00,4569.00,6.25,57.12,5.20,883.06
2025-10-10T05:38:28, Add row to /TRACKING.csv
2025-10-10T05:38:28, Number of rows in /TRACKING.csv: 4
2025-10-10T05:38:31, Number of rows in /TRACKING.csv is >= 4
2025-10-10T05:38:32, Remove tracking
2025-10-10T05:38:32, Write to /TRANSMIT.csv: 2025-10-10T05:38:26,3.55,4475.00,6.2,57
2025-10-10T05:38:32, Number of rows in /TRANSMIT.csv: 10
2025-10-10T05:38:32, Current hour = 5, Transmission hour = 1
2025-10-10T05:38:32, 0920242450+07655:451+07851:449+07554:441+07252:447+07452:450+08849:448+06656:450+06756:449+07353:448+06257
2025-10-10T05:38:34,  - attempt to send message: 0920242450+07655:451+07851:449+07554:441+07252:447+07452:450+08849:448+06656:450+06756:449+07353:448+06257
2025-10-10T05:39:05,  - Modem begin successful
2025-10-10T05:39:05,  - Sending...
2025-10-10T05:39:35, Send response: 
2025-10-10T05:39:35,  - Retry...
2025-10-10T05:39:35,    - Sending...
2025-10-10T05:39:35,    - Send response: 10
2025-10-10T05:40:05,  Sync clocks... 
2025-10-10T05:40:05,  - Clock was not synced
2025-10-10T05:40:05, Transmission failed. Error = 10
2025-10-10T05:40:05, n_transmit >= 10, too much to transmit, delete /TRANSMIT.csv
2025-10-10T05:40:05, Done loop ...
2025-10-10T05:40:05, ... powering down.
2025-10-10T05:55:11, Setup Complete
2025-10-10T05:55:14, Data: 2025-10-10T05:55:11,3.73,25631,4494.00,4987.00,4606.50,7.04,54.70,5.41,882.91
2025-10-10T05:55:14, Add row to /TRACKING.csv
2025-10-10T05:55:14, Number of rows in /TRACKING.csv: 1
2025-10-10T05:55:16, Done loop ...
2025-10-10T05:55:16, ... powering down.
2025-10-10T06:11:57, Setup Complete
2025-10-10T06:11:59, Data: 2025-10-10T06:11:57,3.54,25631,4497.00,4985.00,4548.00,7.07,54.57,5.42,882.68
2025-10-10T06:11:59, Add row to /TRACKING.csv
2025-10-10T06:11:59, Number of rows in /TRACKING.csv: 2
2025-10-10T06:12:02, Done loop ...
2025-10-10T06:12:02, ... powering down.
2025-10-10T06:28:43, Setup Complete
2025-10-10T06:28:45, Data: 2025-10-10T06:28:43,3.54,25631,4471.00,4986.00,4608.50,6.81,55.76,5.34,882.44
2025-10-10T06:28:45, Add row to /TRACKING.csv
2025-10-10T06:28:45, Number of rows in /TRACKING.csv: 3
2025-10-10T06:28:48, Done loop ...
2025-10-10T06:28:48, ... powering down.
2025-10-10T06:45:28, Setup Complete
2025-10-10T06:45:31, Data: 2025-10-10T06:45:29,3.63,25631,4491.00,4987.00,4546.00,6.81,55.79,5.38,882.29
2025-10-10T06:45:31, Add row to /TRACKING.csv
2025-10-10T06:45:31, Number of rows in /TRACKING.csv: 4
2025-10-10T06:45:34, Number of rows in /TRACKING.csv is >= 4
2025-10-10T06:45:34, Remove tracking
2025-10-10T06:45:34, Write to /TRANSMIT.csv: 2025-10-10T06:45:29,3.63,4491.00,6.8,56
2025-10-10T06:45:34, Number of rows in /TRANSMIT.csv: 1
2025-10-10T06:45:35, Current hour = 6, Transmission hour = 1
2025-10-10T06:45:35, Current hour = 6, Transmission hour = 6
2025-10-10T06:45:35, 1006453449+06856
2025-10-10T06:45:37,  - attempt to send message: 1006453449+06856
2025-10-10T06:47:37,  - Modem begin unsuccessful
2025-10-10T06:47:37, Transmission failed. Error = 3
2025-10-10T06:47:37, Done loop ...
2025-10-10T06:47:37, ... powering down.
2025-10-10T07:02:14, Setup Complete
2025-10-10T07:02:16, Data: 2025-10-10T07:02:14,3.58,25631,4494.00,4986.00,4528.00,6.88,55.07,5.43,882.24
2025-10-10T07:02:16, Add row to /TRACKING.csv
2025-10-10T07:02:16, Number of rows in /TRACKING.csv: 1
2025-10-10T07:02:19, Done loop ...
2025-10-10T07:02:19, ... powering down.
2025-10-10T07:19:00, Setup Complete
2025-10-10T07:19:02, Data: 2025-10-10T07:19:00,3.62,25631,4502.00,4985.00,4619.50,7.11,55.02,5.65,882.10
2025-10-10T07:19:02, Add row to /TRACKING.csv
2025-10-10T07:19:02, Number of rows in /TRACKING.csv: 2
2025-10-10T07:19:05, Done loop ...
2025-10-10T07:19:05, ... powering down.
2025-10-10T07:35:46, Setup Complete
2025-10-10T07:35:48, Data: 2025-10-10T07:35:46,3.62,25631,4486.00,4986.00,4536.00,6.40,57.88,5.62,881.93
2025-10-10T07:35:48, Add row to /TRACKING.csv
2025-10-10T07:35:48, Number of rows in /TRACKING.csv: 3
2025-10-10T07:35:51, Done loop ...
2025-10-10T07:35:51, ... powering down.
2025-10-10T07:52:32, Setup Complete
2025-10-10T07:52:34, Data: 2025-10-10T07:52:32,3.86,25631,4494.00,4986.00,4630.50,7.57,54.69,8.20,882.05
2025-10-10T07:52:34, Add row to /TRACKING.csv
2025-10-10T07:52:34, Number of rows in /TRACKING.csv: 4
2025-10-10T07:52:38, Number of rows in /TRACKING.csv is >= 4
2025-10-10T07:52:38, Remove tracking
2025-10-10T07:52:38, Write to /TRANSMIT.csv: 2025-10-10T07:52:32,3.86,4494.00,7.6,55
2025-10-10T07:52:38, Number of rows in /TRANSMIT.csv: 2
2025-10-10T07:52:38, Current hour = 7, Transmission hour = 1
2025-10-10T07:52:38, Current hour = 7, Transmission hour = 6
2025-10-10T07:52:38, Current hour = 7, Transmission hour = 8
2025-10-10T07:52:38, Current hour = 7, Transmission hour = 9
2025-10-10T07:52:38, Current hour = 7, Transmission hour = 10
2025-10-10T07:52:38, Current hour = 7, Transmission hour = 15
2025-10-10T07:52:38, Current hour = 7, Transmission hour = 20
2025-10-10T07:52:38, Current hour = 7, Transmission hour = 22
2025-10-10T07:52:38, Done loop ...
2025-10-10T07:52:38, ... powering down.
2025-10-10T08:09:16, Setup Complete
2025-10-10T08:09:18, Data: 2025-10-10T08:09:16,3.98,25631,4541.00,4985.00,4635.50,9.39,53.08,13.16,881.69
2025-10-10T08:09:18, Add row to /TRACKING.csv
2025-10-10T08:09:19, Number of rows in /TRACKING.csv: 1
2025-10-10T08:09:21, Done loop ...
2025-10-10T08:09:21, ... powering down.
2025-10-10T08:09:26, Setup Complete
2025-10-10T08:09:28, Data: 2025-10-10T08:09:26,3.59,25631,4520.00,4543.00,4524.00,9.42,53.22,13.18,881.70
2025-10-10T08:09:28, Add row to /TRACKING.csv
2025-10-10T08:09:28, Number of rows in /TRACKING.csv: 2
2025-10-10T08:09:31, Done loop ...
2025-10-10T08:09:31, ... powering down.
2025-10-10T08:26:12, Setup Complete
2025-10-10T08:26:14, Data: 2025-10-10T08:26:12,3.68,25631,660.00,4986.00,4620.50,8.98,50.87,12.98,881.35
2025-10-10T08:26:14, Add row to /TRACKING.csv
2025-10-10T08:26:15, Number of rows in /TRACKING.csv: 3
2025-10-10T08:26:18, Done loop ...
2025-10-10T08:26:18, ... powering down.
2025-10-10T08:42:56, Setup Complete
2025-10-10T08:42:58, Data: 2025-10-10T08:42:56,3.82,25631,499.00,4984.00,4730.00,9.72,57.22,15.88,881.21
2025-10-10T08:42:59, Add row to /TRACKING.csv
2025-10-10T08:42:59, Number of rows in /TRACKING.csv: 4
2025-10-10T08:43:02, Number of rows in /TRACKING.csv is >= 4
2025-10-10T08:43:02, Remove tracking
2025-10-10T08:43:02, Write to /TRANSMIT.csv: 2025-10-10T08:42:56,3.82,499.00,9.7,57
2025-10-10T08:43:02, Number of rows in /TRANSMIT.csv: 3
2025-10-10T08:43:02, Current hour = 8, Transmission hour = 1
2025-10-10T08:43:02, Current hour = 8, Transmission hour = 6
2025-10-10T08:43:02, Current hour = 8, Transmission hour = 8
2025-10-10T08:43:02, 1006455449+06856:449+07655:050+09757
2025-10-10T08:43:05,  - attempt to send message: 1006455449+06856:449+07655:050+09757
2025-10-10T08:43:35,  - Modem begin successful
2025-10-10T08:43:35,  - Sending...
2025-10-10T08:44:05, Send response: 
2025-10-10T08:44:05,  - Retry...
2025-10-10T08:44:05,    - Sending...
2025-10-10T08:44:05,    - Send response: 10
2025-10-10T08:44:35,  Sync clocks... 
2025-10-10T08:44:35,  - Clock was not synced
2025-10-10T08:44:36, Transmission failed. Error = 10
2025-10-10T08:44:36, Done loop ...
2025-10-10T08:44:36, ... powering down.
2025-10-10T08:59:41, Setup Complete
2025-10-10T08:59:43, Data: 2025-10-10T08:59:41,3.66,25631,4541.00,4579.00,4559.50,10.10,55.29,19.07,881.03
2025-10-10T08:59:43, Add row to /TRACKING.csv
2025-10-10T08:59:43, Number of rows in /TRACKING.csv: 1
2025-10-10T08:59:45, Done loop ...
2025-10-10T08:59:45, ... powering down.
2025-10-10T09:16:24, Setup Complete
2025-10-10T09:16:26, Data: 2025-10-10T09:16:24,3.66,25631,4585.00,4622.00,4601.50,10.22,55.35,20.17,880.82
2025-10-10T09:16:26, Add row to /TRACKING.csv
2025-10-10T09:16:26, Number of rows in /TRACKING.csv: 2
2025-10-10T09:16:29, Done loop ...
2025-10-10T09:16:29, ... powering down.
2025-10-10T09:33:09, Setup Complete
2025-10-10T09:33:11, Data: 2025-10-10T09:33:09,3.55,25631,4582.00,4624.00,4604.00,11.72,56.40,21.19,880.59
2025-10-10T09:33:11, Add row to /TRACKING.csv
2025-10-10T09:33:11, Number of rows in /TRACKING.csv: 3
2025-10-10T09:33:14, Done loop ...
2025-10-10T09:33:14, ... powering down.
2025-10-10T09:49:53, Setup Complete
2025-10-10T09:49:55, Data: 2025-10-10T09:49:53,3.56,25631,497.00,4986.00,4647.00,13.07,54.59,21.81,880.38
2025-10-10T09:49:55, Add row to /TRACKING.csv
2025-10-10T09:49:56, Number of rows in /TRACKING.csv: 4
2025-10-10T09:49:59, Number of rows in /TRACKING.csv is >= 4
2025-10-10T09:49:59, Remove tracking
2025-10-10T09:49:59, Write to /TRANSMIT.csv: 2025-10-10T09:49:53,3.56,497.00,13.1,55
2025-10-10T09:49:59, Number of rows in /TRANSMIT.csv: 4
2025-10-10T09:49:59, Current hour = 9, Transmission hour = 1
2025-10-10T09:49:59, Current hour = 9, Transmission hour = 6
2025-10-10T09:49:59, Current hour = 9, Transmission hour = 8
2025-10-10T09:49:59, Current hour = 9, Transmission hour = 9
2025-10-10T09:49:59, 1006452449+06856:449+07655:050+09757:050+13155
2025-10-10T09:50:01,  - attempt to send message: 1006452449+06856:449+07655:050+09757:050+13155
2025-10-10T09:54:02,  - Modem begin unsuccessful
2025-10-10T09:54:02, Transmission failed. Error = 5
2025-10-10T09:54:02, Done loop ...
2025-10-10T09:54:02, ... powering down.
2025-10-10T10:06:36, Setup Complete
2025-10-10T10:06:38, Data: 2025-10-10T10:06:36,3.56,25631,498.00,4986.00,4779.50,12.44,57.88,21.07,880.06
2025-10-10T10:06:38, Add row to /TRACKING.csv
2025-10-10T10:06:38, Number of rows in /TRACKING.csv: 1
2025-10-10T10:06:41, Done loop ...
2025-10-10T10:06:41, ... powering down.
2025-10-10T10:06:45, Setup Complete
2025-10-10T10:06:48, Data: 2025-10-10T10:06:45,3.57,25631,4541.00,4572.00,4557.50,12.46,57.73,21.05,880.11
2025-10-10T10:06:48, Add row to /TRACKING.csv
2025-10-10T10:06:48, Number of rows in /TRACKING.csv: 2
2025-10-10T10:06:50, Done loop ...
2025-10-10T10:06:50, ... powering down.
2025-10-10T10:23:32, Setup Complete
2025-10-10T10:23:35, Data: 2025-10-10T10:23:33,3.60,25631,4562.00,4983.00,4663.00,14.08,54.48,19.48,879.84
2025-10-10T10:23:35, Add row to /TRACKING.csv
2025-10-10T10:23:35, Number of rows in /TRACKING.csv: 3
2025-10-10T10:23:38, Done loop ...
2025-10-10T10:23:38, ... powering down.
2025-10-10T10:23:42, Setup Complete
2025-10-10T10:23:45, Data: 2025-10-10T10:23:42,3.58,25631,4551.00,4581.00,4565.00,14.09,54.63,19.46,879.85
2025-10-10T10:23:45, Add row to /TRACKING.csv
2025-10-10T10:23:45, Number of rows in /TRACKING.csv: 4
2025-10-10T10:23:48, Number of rows in /TRACKING.csv is >= 4
2025-10-10T10:23:48, Remove tracking
2025-10-10T10:23:48, Write to /TRANSMIT.csv: 2025-10-10T10:23:42,3.58,4551.00,14.1,55
2025-10-10T10:23:48, Number of rows in /TRANSMIT.csv: 5
2025-10-10T10:23:48, Current hour = 10, Transmission hour = 1
2025-10-10T10:23:49, 1006452449+06856:449+07655:050+09757:050+13155:455+14155
2025-10-10T10:23:51,  - attempt to send message: 1006452449+06856:449+07655:050+09757:050+13155:455+14155
2025-10-10T10:23:51,  - Modem begin successful
2025-10-10T10:23:51,  - Sending...
2025-10-10T10:24:21, Send response: 
2025-10-10T10:24:22,  - Retry...
2025-10-10T10:24:22,    - Sending...
2025-10-10T10:24:22,    - Send response: 10
2025-10-10T10:24:52,  Sync clocks... 
2025-10-10T10:24:52,  - Clock was not synced
2025-10-10T10:24:52, Transmission failed. Error = 10
2025-10-10T10:24:52, Done loop ...
2025-10-10T10:24:52, ... powering down.
2025-10-10T10:40:29, Setup Complete
2025-10-10T10:40:32, Data: 2025-10-10T10:40:29,3.54,25631,4567.00,4986.00,4657.00,12.85,52.41,17.57,879.61
2025-10-10T10:40:32, Add row to /TRACKING.csv
2025-10-10T10:40:32, Number of rows in /TRACKING.csv: 1
2025-10-10T10:40:34, Done loop ...
2025-10-10T10:40:34, ... powering down.
2025-10-10T10:40:39, Setup Complete
2025-10-10T10:40:41, Data: 2025-10-10T10:40:39,3.58,25631,4515.00,4985.00,4565.50,12.86,53.18,17.56,879.64
2025-10-10T10:40:41, Add row to /TRACKING.csv
2025-10-10T10:40:41, Number of rows in /TRACKING.csv: 2
2025-10-10T10:40:44, Done loop ...
2025-10-10T10:40:44, ... powering down.
2025-10-10T10:57:26, Setup Complete
2025-10-10T10:57:28, Data: 2025-10-10T10:57:26,3.58,25631,4525.00,4984.00,4627.50,10.73,56.37,15.93,879.39
2025-10-10T10:57:28, Add row to /TRACKING.csv
2025-10-10T10:57:28, Number of rows in /TRACKING.csv: 3
2025-10-10T10:57:31, Done loop ...
2025-10-10T10:57:31, ... powering down.
2025-10-10T10:57:36, Setup Complete
2025-10-10T10:57:38, Data: 2025-10-10T10:57:36,3.58,25631,4509.00,4985.00,4555.00,10.70,57.06,15.91,879.39
2025-10-10T10:57:38, Add row to /TRACKING.csv
2025-10-10T10:57:38, Number of rows in /TRACKING.csv: 4
2025-10-10T10:57:41, Number of rows in /TRACKING.csv is >= 4
2025-10-10T10:57:41, Remove tracking
2025-10-10T10:57:41, Write to /TRANSMIT.csv: 2025-10-10T10:57:36,3.58,4509.00,10.7,57
2025-10-10T10:57:41, Number of rows in /TRANSMIT.csv: 6
2025-10-10T10:57:42, Current hour = 10, Transmission hour = 1
2025-10-10T10:57:42, 1006452449+06856:449+07655:050+09757:050+13155:455+14155:451+10757
2025-10-10T10:57:44,  - attempt to send message: 1006452449+06856:449+07655:050+09757:050+13155:455+14155:451+10757
2025-10-10T10:57:44,  - Modem begin successful
2025-10-10T10:57:45,  - Sending...
2025-10-10T10:58:15, Send response: 
2025-10-10T10:58:15,  - Retry...
2025-10-10T10:58:15,    - Sending...
2025-10-10T10:58:15,    - Send response: 10
2025-10-10T10:58:45,  Sync clocks... 
2025-10-10T10:58:45,  - Clock was not synced
2025-10-10T10:58:45, Transmission failed. Error = 10
2025-10-10T10:58:45, Done loop ...
2025-10-10T10:58:45, ... powering down.
2025-10-10T11:14:22, Setup Complete
2025-10-10T11:14:25, Data: 2025-10-10T11:14:22,3.62,25631,4579.00,4985.00,4780.00,12.34,54.66,15.60,879.28
2025-10-10T11:14:25, Add row to /TRACKING.csv
2025-10-10T11:14:25, Number of rows in /TRACKING.csv: 1
2025-10-10T11:14:27, Done loop ...
2025-10-10T11:14:27, ... powering down.
2025-10-10T11:14:32, Setup Complete
2025-10-10T11:14:34, Data: 2025-10-10T11:14:32,3.58,25631,4509.00,4565.00,4536.50,12.28,54.74,15.61,879.27
2025-10-10T11:14:34, Add row to /TRACKING.csv
2025-10-10T11:14:34, Number of rows in /TRACKING.csv: 2
2025-10-10T11:14:37, Done loop ...
2025-10-10T11:14:37, ... powering down.
2025-10-10T11:31:19, Setup Complete
2025-10-10T11:31:21, Data: 2025-10-10T11:31:19,4.00,25631,4553.00,4985.00,4668.00,11.27,59.01,15.58,879.04
2025-10-10T11:31:21, Add row to /TRACKING.csv
2025-10-10T11:31:21, Number of rows in /TRACKING.csv: 3
2025-10-10T11:31:24, Done loop ...
2025-10-10T11:31:24, ... powering down.
2025-10-10T11:31:29, Setup Complete
2025-10-10T11:31:31, Data: 2025-10-10T11:31:29,3.57,25631,4514.00,4626.00,4561.00,11.28,59.64,15.58,879.08
2025-10-10T11:31:31, Add row to /TRACKING.csv
2025-10-10T11:31:31, Number of rows in /TRACKING.csv: 4
2025-10-10T11:31:34, Number of rows in /TRACKING.csv is >= 4
2025-10-10T11:31:34, Remove tracking
2025-10-10T11:31:34, Write to /TRANSMIT.csv: 2025-10-10T11:31:29,3.57,4514.00,11.3,60
2025-10-10T11:31:35, Number of rows in /TRANSMIT.csv: 7
2025-10-10T11:31:35, Current hour = 11, Transmission hour = 1
2025-10-10T11:31:35, 1006452449+06856:449+07655:050+09757:050+13155:455+14155:451+10757:451+11360
2025-10-10T11:31:37,  - attempt to send message: 1006452449+06856:449+07655:050+09757:050+13155:455+14155:451+10757:451+11360
2025-10-10T11:31:37,  - Modem begin successful
2025-10-10T11:31:38,  - Sending...
2025-10-10T11:34:08,  - Send response: 
2025-10-10T11:34:08,   - Sync clocks... 
2025-10-10T11:34:08,  - Arduino Old Time: 2025-10-10T19:34:08
2025-10-10T11:34:01,  - Arduino New Time: 2025-10-10T19:34:01
2025-10-10T11:34:01, Message sent! Removing /TRANSMIT.csv
2025-10-10T11:34:01, Done loop ...
2025-10-10T11:34:01, ... powering down.
2025-10-10T11:48:08, Setup Complete
2025-10-10T11:48:11, Data: 2025-10-10T11:48:08,3.66,25631,658.00,4986.00,4819.50,10.39,62.15,15.59,878.77
2025-10-10T11:48:11, Add row to /TRACKING.csv
2025-10-10T11:48:11, Number of rows in /TRACKING.csv: 1
2025-10-10T11:48:13, Done loop ...
2025-10-10T11:48:13, ... powering down.
2025-10-10T11:48:18, Setup Complete
2025-10-10T11:48:20, Data: 2025-10-10T11:48:18,3.57,25631,4491.00,4555.00,4527.50,10.41,62.09,15.58,878.80
2025-10-10T11:48:20, Add row to /TRACKING.csv
2025-10-10T11:48:20, Number of rows in /TRACKING.csv: 2
2025-10-10T11:48:23, Done loop ...
2025-10-10T11:48:23, ... powering down.
2025-10-10T12:05:05, Setup Complete
2025-10-10T12:05:07, Data: 2025-10-10T12:05:05,3.59,25631,656.00,4984.00,4871.50,10.55,56.51,15.49,878.65
2025-10-10T12:05:07, Add row to /TRACKING.csv
2025-10-10T12:05:07, Number of rows in /TRACKING.csv: 3
2025-10-10T12:05:10, Done loop ...
2025-10-10T12:05:10, ... powering down.
2025-10-10T12:05:15, Setup Complete
2025-10-10T12:05:17, Data: 2025-10-10T12:05:15,3.58,25631,4506.00,4635.00,4549.00,10.52,57.30,15.49,878.65
2025-10-10T12:05:17, Add row to /TRACKING.csv
2025-10-10T12:05:17, Number of rows in /TRACKING.csv: 4
2025-10-10T12:05:20, Number of rows in /TRACKING.csv is >= 4
2025-10-10T12:05:20, Remove tracking
2025-10-10T12:05:20, Write to /TRANSMIT.csv: 2025-10-10T12:05:15,3.58,4506.00,10.5,57
2025-10-10T12:05:21, Number of rows in /TRANSMIT.csv: 1
2025-10-10T12:05:21, Current hour = 12, Transmission hour = 1
2025-10-10T12:05:21, Current hour = 12, Transmission hour = 6
2025-10-10T12:05:21, Current hour = 12, Transmission hour = 8
2025-10-10T12:05:21, Current hour = 12, Transmission hour = 9
2025-10-10T12:05:21, Current hour = 12, Transmission hour = 10
2025-10-10T12:05:21, Current hour = 12, Transmission hour = 15
2025-10-10T12:05:21, Current hour = 12, Transmission hour = 20
2025-10-10T12:05:21, Current hour = 12, Transmission hour = 22
2025-10-10T12:05:21, Done loop ...
2025-10-10T12:05:21, ... powering down.
2025-10-10T12:22:02, Setup Complete
2025-10-10T12:22:04, Data: 2025-10-10T12:22:02,3.56,25631,4533.00,4984.00,4545.00,10.52,57.35,15.48,878.57
2025-10-10T12:22:04, Add row to /TRACKING.csv
2025-10-10T12:22:04, Number of rows in /TRACKING.csv: 1
2025-10-10T12:22:06, Done loop ...
2025-10-10T12:22:06, ... powering down.
2025-10-10T12:22:11, Setup Complete
2025-10-10T12:22:13, Data: 2025-10-10T12:22:11,3.56,25631,4484.00,4985.00,4545.00,10.52,57.90,15.48,878.62
2025-10-10T12:22:13, Add row to /TRACKING.csv
2025-10-10T12:22:13, Number of rows in /TRACKING.csv: 2
2025-10-10T12:22:16, Done loop ...
2025-10-10T12:22:16, ... powering down.
2025-10-10T12:38:58, Setup Complete
2025-10-10T12:39:00, Data: 2025-10-10T12:38:58,3.67,25631,4504.00,4985.00,4647.00,11.89,55.10,16.15,878.40
2025-10-10T12:39:00, Add row to /TRACKING.csv
2025-10-10T12:39:00, Number of rows in /TRACKING.csv: 3
2025-10-10T12:39:03, Done loop ...
2025-10-10T12:39:03, ... powering down.
2025-10-10T12:55:41, Setup Complete
2025-10-10T12:55:44, Data: 2025-10-10T12:55:41,3.68,25631,4512.00,4985.00,4601.00,12.10,54.67,16.66,878.12
2025-10-10T12:55:44, Add row to /TRACKING.csv
2025-10-10T12:55:44, Number of rows in /TRACKING.csv: 4
2025-10-10T12:55:47, Number of rows in /TRACKING.csv is >= 4
2025-10-10T12:55:47, Remove tracking
2025-10-10T12:55:47, Write to /TRANSMIT.csv: 2025-10-10T12:55:41,3.68,4512.00,12.1,55
2025-10-10T12:55:47, Number of rows in /TRANSMIT.csv: 2
2025-10-10T12:55:47, Current hour = 12, Transmission hour = 1
2025-10-10T12:55:47, Current hour = 12, Transmission hour = 6
2025-10-10T12:55:47, Current hour = 12, Transmission hour = 8
2025-10-10T12:55:47, Current hour = 12, Transmission hour = 9
2025-10-10T12:55:47, Current hour = 12, Transmission hour = 10
2025-10-10T12:55:48, Current hour = 12, Transmission hour = 15
2025-10-10T12:55:48, Current hour = 12, Transmission hour = 20
2025-10-10T12:55:48, Current hour = 12, Transmission hour = 22
2025-10-10T12:55:48, Done loop ...
2025-10-10T12:55:48, ... powering down.
2025-10-10T13:12:25, Setup Complete
2025-10-10T13:12:27, Data: 2025-10-10T13:12:25,3.65,25631,4540.00,4986.00,4637.50,12.21,56.43,16.92,878.02
2025-10-10T13:12:27, Add row to /TRACKING.csv
2025-10-10T13:12:28, Number of rows in /TRACKING.csv: 1
2025-10-10T13:12:30, Done loop ...
2025-10-10T13:12:30, ... powering down.
2025-10-10T13:29:09, Setup Complete
2025-10-10T13:29:11, Data: 2025-10-10T13:29:09,3.58,25631,4512.00,4983.00,4692.50,11.39,57.60,16.38,877.73
2025-10-10T13:29:11, Add row to /TRACKING.csv
2025-10-10T13:29:11, Number of rows in /TRACKING.csv: 2
2025-10-10T13:29:14, Done loop ...
2025-10-10T13:29:14, ... powering down.
2025-10-10T13:45:53, Setup Complete
2025-10-10T13:45:55, Data: 2025-10-10T13:45:53,3.54,25631,4500.00,4985.00,4868.00,13.30,50.94,16.58,877.47
2025-10-10T13:45:55, Add row to /TRACKING.csv
2025-10-10T13:45:55, Number of rows in /TRACKING.csv: 3
2025-10-10T13:45:58, Done loop ...
2025-10-10T13:45:58, ... powering down.
2025-10-10T13:46:03, Setup Complete
2025-10-10T13:46:05, Data: 2025-10-10T13:46:03,3.56,25631,4473.00,4538.00,4503.50,13.30,51.74,16.59,877.53
2025-10-10T13:46:05, Add row to /TRACKING.csv
2025-10-10T13:46:05, Number of rows in /TRACKING.csv: 4
2025-10-10T13:46:08, Number of rows in /TRACKING.csv is >= 4
2025-10-10T13:46:09, Remove tracking
2025-10-10T13:46:09, Write to /TRANSMIT.csv: 2025-10-10T13:46:03,3.56,4473.00,13.3,52
2025-10-10T13:46:09, Number of rows in /TRANSMIT.csv: 3
2025-10-10T13:46:09, Current hour = 13, Transmission hour = 1
2025-10-10T13:46:09, Current hour = 13, Transmission hour = 6
2025-10-10T13:46:09, Current hour = 13, Transmission hour = 8
2025-10-10T13:46:09, Current hour = 13, Transmission hour = 9
2025-10-10T13:46:09, Current hour = 13, Transmission hour = 10
2025-10-10T13:46:09, Current hour = 13, Transmission hour = 15
2025-10-10T13:46:09, Current hour = 13, Transmission hour = 20
2025-10-10T13:46:09, Current hour = 13, Transmission hour = 22
2025-10-10T13:46:09, Done loop ...
2025-10-10T13:46:09, ... powering down.
2025-10-10T14:02:50, Setup Complete
2025-10-10T14:02:52, Data: 2025-10-10T14:02:50,3.59,25631,4522.00,4986.00,4804.00,13.00,50.04,16.62,877.16
2025-10-10T14:02:52, Add row to /TRACKING.csv
2025-10-10T14:02:52, Number of rows in /TRACKING.csv: 1
2025-10-10T14:02:55, Done loop ...
2025-10-10T14:02:55, ... powering down.
2025-10-10T14:02:59, Setup Complete
2025-10-10T14:03:01, Data: 2025-10-10T14:02:59,3.57,25631,4504.00,4537.00,4522.50,12.97,50.55,16.62,877.18
2025-10-10T14:03:01, Add row to /TRACKING.csv
2025-10-10T14:03:02, Number of rows in /TRACKING.csv: 2
2025-10-10T14:03:04, Done loop ...
2025-10-10T14:03:04, ... powering down.
2025-10-10T14:19:46, Setup Complete
2025-10-10T14:19:48, Data: 2025-10-10T14:19:46,3.54,25631,4528.00,4987.00,4883.00,14.23,46.33,16.70,877.10
2025-10-10T14:19:48, Add row to /TRACKING.csv
2025-10-10T14:19:49, Number of rows in /TRACKING.csv: 3
2025-10-10T14:19:52, Done loop ...
2025-10-10T14:19:52, ... powering down.
2025-10-10T14:19:56, Setup Complete
2025-10-10T14:19:58, Data: 2025-10-10T14:19:56,3.57,25631,4505.00,4534.00,4519.00,14.26,46.59,16.71,877.10
2025-10-10T14:19:58, Add row to /TRACKING.csv
2025-10-10T14:19:59, Number of rows in /TRACKING.csv: 4
2025-10-10T14:20:02, Number of rows in /TRACKING.csv is >= 4
2025-10-10T14:20:02, Remove tracking
2025-10-10T14:20:02, Write to /TRANSMIT.csv: 2025-10-10T14:19:56,3.57,4505.00,14.3,47
2025-10-10T14:20:02, Number of rows in /TRANSMIT.csv: 4
2025-10-10T14:20:02, Current hour = 14, Transmission hour = 1
2025-10-10T14:20:02, Current hour = 14, Transmission hour = 6
2025-10-10T14:20:02, Current hour = 14, Transmission hour = 8
2025-10-10T14:20:02, Current hour = 14, Transmission hour = 9
2025-10-10T14:20:02, Current hour = 14, Transmission hour = 10
2025-10-10T14:20:02, Current hour = 14, Transmission hour = 15
2025-10-10T14:20:02, Current hour = 14, Transmission hour = 20
2025-10-10T14:20:02, Current hour = 14, Transmission hour = 22
2025-10-10T14:20:02, Done loop ...
2025-10-10T14:20:03, ... powering down.
2025-10-10T14:36:43, Setup Complete
2025-10-10T14:36:45, Data: 2025-10-10T14:36:43,3.58,25631,655.00,4985.00,4984.00,12.96,50.76,16.68,876.83
2025-10-10T14:36:45, Add row to /TRACKING.csv
2025-10-10T14:36:46, Number of rows in /TRACKING.csv: 1
2025-10-10T14:36:48, Done loop ...
2025-10-10T14:36:48, ... powering down.
2025-10-10T14:36:53, Setup Complete
2025-10-10T14:36:55, Data: 2025-10-10T14:36:53,3.57,25631,4478.00,4550.00,4522.50,12.91,51.28,16.68,876.87
2025-10-10T14:36:55, Add row to /TRACKING.csv
2025-10-10T14:36:55, Number of rows in /TRACKING.csv: 2
2025-10-10T14:36:58, Done loop ...
2025-10-10T14:36:58, ... powering down.
2025-10-10T14:53:40, Setup Complete
2025-10-10T14:53:42, Data: 2025-10-10T14:53:40,3.62,25631,4509.00,4984.00,4614.00,12.86,48.14,15.72,876.80
2025-10-10T14:53:42, Add row to /TRACKING.csv
2025-10-10T14:53:42, Number of rows in /TRACKING.csv: 3
2025-10-10T14:53:45, Done loop ...
2025-10-10T14:53:45, ... powering down.
2025-10-10T14:53:49, Setup Complete
2025-10-10T14:53:52, Data: 2025-10-10T14:53:50,3.57,25631,4504.00,4530.00,4512.00,12.85,48.46,15.71,876.79
2025-10-10T14:53:52, Add row to /TRACKING.csv
2025-10-10T14:53:52, Number of rows in /TRACKING.csv: 4
2025-10-10T14:53:55, Number of rows in /TRACKING.csv is >= 4
2025-10-10T14:53:55, Remove tracking
2025-10-10T14:53:55, Write to /TRANSMIT.csv: 2025-10-10T14:53:50,3.57,4504.00,12.9,48
2025-10-10T14:53:55, Number of rows in /TRANSMIT.csv: 5
2025-10-10T14:53:55, Current hour = 14, Transmission hour = 1
2025-10-10T14:53:56, 1012052451+10557:451+12155:447+13352:451+14347:450+12948
2025-10-10T14:53:58,  - attempt to send message: 1012052451+10557:451+12155:447+13352:451+14347:450+12948
2025-10-10T14:53:58,  - Modem begin successful
2025-10-10T14:53:58,  - Sending...
2025-10-10T14:54:10,  - Send response: 
2025-10-10T14:54:10,   - Sync clocks... 
2025-10-10T14:54:10,  - Arduino Old Time: 2025-10-10T22:54:10
2025-10-10T14:54:10,  - Arduino New Time: 2025-10-10T22:54:10
2025-10-10T14:54:10, Message sent! Removing /TRANSMIT.csv
2025-10-10T14:54:10, Done loop ...
2025-10-10T14:54:10, ... powering down.
2025-10-10T15:10:36, Setup Complete
2025-10-10T15:10:39, Data: 2025-10-10T15:10:36,3.54,25631,4476.00,4986.00,4610.00,12.44,51.31,14.69,876.76
2025-10-10T15:10:39, Add row to /TRACKING.csv
2025-10-10T15:10:39, Number of rows in /TRACKING.csv: 1
2025-10-10T15:10:41, Done loop ...
2025-10-10T15:10:41, ... powering down.
2025-10-10T15:27:21, Setup Complete
2025-10-10T15:27:24, Data: 2025-10-10T15:27:21,3.53,25631,4533.00,4985.00,4683.50,10.72,51.56,13.28,876.67
2025-10-10T15:27:24, Add row to /TRACKING.csv
2025-10-10T15:27:24, Number of rows in /TRACKING.csv: 2
2025-10-10T15:27:26, Done loop ...
2025-10-10T15:27:26, ... powering down.
2025-10-10T15:44:08, Setup Complete
2025-10-10T15:44:10, Data: 2025-10-10T15:44:08,3.80,25631,4513.00,4986.00,4629.50,10.80,50.40,12.69,876.69
2025-10-10T15:44:10, Add row to /TRACKING.csv
2025-10-10T15:44:10, Number of rows in /TRACKING.csv: 3
2025-10-10T15:44:13, Done loop ...
2025-10-10T15:44:13, ... powering down.
2025-10-10T16:00:54, Setup Complete
2025-10-10T16:00:57, Data: 2025-10-10T16:00:54,3.63,25631,4562.00,4986.00,4642.00,10.87,55.04,12.40,876.59
2025-10-10T16:00:57, Add row to /TRACKING.csv
2025-10-10T16:00:57, Number of rows in /TRACKING.csv: 4
2025-10-10T16:01:00, Number of rows in /TRACKING.csv is >= 4
2025-10-10T16:01:00, Remove tracking
2025-10-10T16:01:00, Write to /TRANSMIT.csv: 2025-10-10T16:00:54,3.63,4562.00,10.9,55
2025-10-10T16:01:00, Number of rows in /TRANSMIT.csv: 1
2025-10-10T16:01:00, Current hour = 16, Transmission hour = 1
2025-10-10T16:01:00, Current hour = 16, Transmission hour = 6
2025-10-10T16:01:00, Current hour = 16, Transmission hour = 8
2025-10-10T16:01:00, Current hour = 16, Transmission hour = 9
2025-10-10T16:01:01, Current hour = 16, Transmission hour = 10
2025-10-10T16:01:01, Current hour = 16, Transmission hour = 15
2025-10-10T16:01:01, Current hour = 16, Transmission hour = 20
2025-10-10T16:01:01, Current hour = 16, Transmission hour = 22
2025-10-10T16:01:01, Done loop ...
2025-10-10T16:01:01, ... powering down.
2025-10-10T16:17:41, Setup Complete
2025-10-10T16:17:43, Data: 2025-10-10T16:17:41,3.59,25631,4530.00,4985.00,4666.00,10.42,53.70,11.86,876.52
2025-10-10T16:17:43, Add row to /TRACKING.csv
2025-10-10T16:17:43, Number of rows in /TRACKING.csv: 1
2025-10-10T16:17:46, Done loop ...
2025-10-10T16:17:46, ... powering down.
2025-10-10T16:34:27, Setup Complete
2025-10-10T16:34:29, Data: 2025-10-10T16:34:27,3.61,25631,4538.00,4986.00,4675.50,9.66,55.72,11.05,876.47
2025-10-10T16:34:29, Add row to /TRACKING.csv
2025-10-10T16:34:30, Number of rows in /TRACKING.csv: 2
2025-10-10T16:34:32, Done loop ...
2025-10-10T16:34:32, ... powering down.
2025-10-10T16:51:14, Setup Complete
2025-10-10T16:51:16, Data: 2025-10-10T16:51:14,3.67,25631,4547.00,4987.00,4718.50,9.36,56.52,10.43,876.37
2025-10-10T16:51:16, Add row to /TRACKING.csv
2025-10-10T16:51:16, Number of rows in /TRACKING.csv: 3
2025-10-10T16:51:19, Done loop ...
2025-10-10T16:51:19, ... powering down.
2025-10-10T17:08:00, Setup Complete
2025-10-10T17:08:02, Data: 2025-10-10T17:08:00,3.57,25631,4525.00,4817.00,4642.50,8.98,57.45,9.48,876.29
2025-10-10T17:08:02, Add row to /TRACKING.csv
2025-10-10T17:08:02, Number of rows in /TRACKING.csv: 4
2025-10-10T17:08:06, Number of rows in /TRACKING.csv is >= 4
2025-10-10T17:08:06, Remove tracking
2025-10-10T17:08:06, Write to /TRANSMIT.csv: 2025-10-10T17:08:00,3.57,4525.00,9.0,57
2025-10-10T17:08:06, Number of rows in /TRANSMIT.csv: 2
2025-10-10T17:08:06, Current hour = 17, Transmission hour = 1
2025-10-10T17:08:06, Current hour = 17, Transmission hour = 6
2025-10-10T17:08:06, Current hour = 17, Transmission hour = 8
2025-10-10T17:08:06, Current hour = 17, Transmission hour = 9
2025-10-10T17:08:06, Current hour = 17, Transmission hour = 10
2025-10-10T17:08:06, Current hour = 17, Transmission hour = 15
2025-10-10T17:08:06, Current hour = 17, Transmission hour = 20
2025-10-10T17:08:06, Current hour = 17, Transmission hour = 22
2025-10-10T17:08:06, Done loop ...
2025-10-10T17:08:06, ... powering down.
2025-10-10T17:24:46, Setup Complete
2025-10-10T17:24:48, Data: 2025-10-10T17:24:46,3.65,25631,4564.00,4986.00,4677.50,8.28,61.70,8.57,876.31
2025-10-10T17:24:48, Add row to /TRACKING.csv
2025-10-10T17:24:49, Number of rows in /TRACKING.csv: 1
2025-10-10T17:24:51, Done loop ...
2025-10-10T17:24:51, ... powering down.
2025-10-10T17:41:32, Setup Complete
2025-10-10T17:41:34, Data: 2025-10-10T17:41:32,3.65,25631,4463.00,4647.00,4567.00,7.18,64.58,7.38,876.24
2025-10-10T17:41:35, Add row to /TRACKING.csv
2025-10-10T17:41:35, Number of rows in /TRACKING.csv: 2
2025-10-10T17:41:37, Done loop ...
2025-10-10T17:41:37, ... powering down.
2025-10-10T17:58:18, Setup Complete
2025-10-10T17:58:20, Data: 2025-10-10T17:58:18,3.64,25631,4488.00,4986.00,4599.50,7.00,63.43,6.63,876.36
2025-10-10T17:58:20, Add row to /TRACKING.csv
2025-10-10T17:58:21, Number of rows in /TRACKING.csv: 3
2025-10-10T17:58:23, Done loop ...
2025-10-10T17:58:24, ... powering down.
2025-10-10T18:15:04, Setup Complete
2025-10-10T18:15:06, Data: 2025-10-10T18:15:04,3.58,25631,4472.00,4986.00,4693.00,7.02,58.55,6.06,876.54
2025-10-10T18:15:06, Add row to /TRACKING.csv
2025-10-10T18:15:06, Number of rows in /TRACKING.csv: 4
2025-10-10T18:15:10, Number of rows in /TRACKING.csv is >= 4
2025-10-10T18:15:10, Remove tracking
2025-10-10T18:15:10, Write to /TRANSMIT.csv: 2025-10-10T18:15:04,3.58,4472.00,7.0,59
2025-10-10T18:15:10, Number of rows in /TRANSMIT.csv: 3
2025-10-10T18:15:10, Current hour = 18, Transmission hour = 1
2025-10-10T18:15:10, Current hour = 18, Transmission hour = 6
2025-10-10T18:15:10, Current hour = 18, Transmission hour = 8
2025-10-10T18:15:10, Current hour = 18, Transmission hour = 9
2025-10-10T18:15:10, Current hour = 18, Transmission hour = 10
2025-10-10T18:15:10, Current hour = 18, Transmission hour = 15
2025-10-10T18:15:10, Current hour = 18, Transmission hour = 20
2025-10-10T18:15:10, Current hour = 18, Transmission hour = 22
2025-10-10T18:15:10, Done loop ...
2025-10-10T18:15:10, ... powering down.
2025-10-10T18:31:50, Setup Complete
2025-10-10T18:31:52, Data: 2025-10-10T18:31:50,3.60,25631,4493.00,4986.00,4588.00,5.66,72.10,5.54,876.38
2025-10-10T18:31:52, Add row to /TRACKING.csv
2025-10-10T18:31:52, Number of rows in /TRACKING.csv: 1
2025-10-10T18:31:55, Done loop ...
2025-10-10T18:31:55, ... powering down.
2025-10-10T18:48:36, Setup Complete
2025-10-10T18:48:38, Data: 2025-10-10T18:48:36,3.69,25631,4576.00,4984.00,4690.50,4.96,74.29,4.68,876.57
2025-10-10T18:48:38, Add row to /TRACKING.csv
2025-10-10T18:48:38, Number of rows in /TRACKING.csv: 2
2025-10-10T18:48:41, Done loop ...
2025-10-10T18:48:41, ... powering down.
2025-10-10T19:05:21, Setup Complete
2025-10-10T19:05:24, Data: 2025-10-10T19:05:22,3.55,25631,4502.00,4985.00,4596.50,4.60,75.53,4.13,876.58
2025-10-10T19:05:24, Add row to /TRACKING.csv
2025-10-10T19:05:24, Number of rows in /TRACKING.csv: 3
2025-10-10T19:05:27, Done loop ...
2025-10-10T19:05:27, ... powering down.
2025-10-10T19:22:07, Setup Complete
2025-10-10T19:22:09, Data: 2025-10-10T19:22:07,3.65,25631,4456.00,4987.00,4586.00,4.75,74.32,3.85,876.57
2025-10-10T19:22:09, Add row to /TRACKING.csv
2025-10-10T19:22:10, Number of rows in /TRACKING.csv: 4
2025-10-10T19:22:13, Number of rows in /TRACKING.csv is >= 4
2025-10-10T19:22:13, Remove tracking
2025-10-10T19:22:13, Write to /TRANSMIT.csv: 2025-10-10T19:22:07,3.65,4456.00,4.8,74
2025-10-10T19:22:13, Number of rows in /TRANSMIT.csv: 4
2025-10-10T19:22:13, Current hour = 19, Transmission hour = 1
2025-10-10T19:22:13, Current hour = 19, Transmission hour = 6
2025-10-10T19:22:13, Current hour = 19, Transmission hour = 8
2025-10-10T19:22:13, Current hour = 19, Transmission hour = 9
2025-10-10T19:22:13, Current hour = 19, Transmission hour = 10
2025-10-10T19:22:13, Current hour = 19, Transmission hour = 15
2025-10-10T19:22:13, Current hour = 19, Transmission hour = 20
2025-10-10T19:22:14, Current hour = 19, Transmission hour = 22
2025-10-10T19:22:14, Done loop ...
2025-10-10T19:22:14, ... powering down.
2025-10-10T19:38:53, Setup Complete
2025-10-10T19:38:55, Data: 2025-10-10T19:38:53,3.54,25631,4494.00,4987.00,4595.00,4.30,77.94,3.46,876.68
2025-10-10T19:38:55, Add row to /TRACKING.csv
2025-10-10T19:38:55, Number of rows in /TRACKING.csv: 1
2025-10-10T19:38:58, Done loop ...
2025-10-10T19:38:58, ... powering down.
2025-10-10T19:55:39, Setup Complete
2025-10-10T19:55:41, Data: 2025-10-10T19:55:39,3.55,25631,4506.00,4988.00,4525.00,4.15,77.96,3.31,876.71
2025-10-10T19:55:41, Add row to /TRACKING.csv
2025-10-10T19:55:41, Number of rows in /TRACKING.csv: 2
2025-10-10T19:55:44, Done loop ...
2025-10-10T19:55:44, ... powering down.
2025-10-10T20:12:24, Setup Complete
2025-10-10T20:12:26, Data: 2025-10-10T20:12:24,3.54,25631,4498.00,4985.00,4621.50,3.73,81.30,2.97,876.92
2025-10-10T20:12:27, Add row to /TRACKING.csv
2025-10-10T20:12:27, Number of rows in /TRACKING.csv: 3
2025-10-10T20:12:30, Done loop ...
2025-10-10T20:12:30, ... powering down.
2025-10-10T20:29:10, Setup Complete
2025-10-10T20:29:12, Data: 2025-10-10T20:29:10,3.55,25631,4488.00,4987.00,4791.50,3.46,82.46,2.78,877.09
2025-10-10T20:29:12, Add row to /TRACKING.csv
2025-10-10T20:29:12, Number of rows in /TRACKING.csv: 4
2025-10-10T20:29:15, Number of rows in /TRACKING.csv is >= 4
2025-10-10T20:29:16, Remove tracking
2025-10-10T20:29:16, Write to /TRANSMIT.csv: 2025-10-10T20:29:10,3.55,4488.00,3.5,82
2025-10-10T20:29:16, Number of rows in /TRANSMIT.csv: 5
2025-10-10T20:29:16, Current hour = 20, Transmission hour = 1
2025-10-10T20:29:16, 1016002456+10955:453+09057:447+07059:446+04874:449+03582
2025-10-10T20:29:18,  - attempt to send message: 1016002456+10955:453+09057:447+07059:446+04874:449+03582
2025-10-10T20:30:19,  - Modem begin successful
2025-10-10T20:30:19,  - Sending...
2025-10-10T20:30:49, Send response: 
2025-10-10T20:30:49,  - Retry...
2025-10-10T20:30:49,    - Sending...
2025-10-10T20:30:49,    - Send response: 10
2025-10-10T20:31:19,  Sync clocks... 
2025-10-10T20:31:19,  - Clock was not synced
2025-10-10T20:31:19, Transmission failed. Error = 10
2025-10-10T20:31:19, Done loop ...
2025-10-10T20:31:19, ... powering down.
2025-10-10T20:45:55, Setup Complete
2025-10-10T20:45:57, Data: 2025-10-10T20:45:55,3.67,25631,4511.00,4987.00,4643.00,3.19,83.11,2.48,877.22
2025-10-10T20:45:57, Add row to /TRACKING.csv
2025-10-10T20:45:58, Number of rows in /TRACKING.csv: 1
2025-10-10T20:46:00, Done loop ...
2025-10-10T20:46:00, ... powering down.
2025-10-10T21:02:40, Setup Complete
2025-10-10T21:02:43, Data: 2025-10-10T21:02:40,3.54,25631,4469.00,4988.00,4654.00,2.77,84.89,2.07,877.42
2025-10-10T21:02:43, Add row to /TRACKING.csv
2025-10-10T21:02:43, Number of rows in /TRACKING.csv: 2
2025-10-10T21:02:45, Done loop ...
2025-10-10T21:02:46, ... powering down.
2025-10-10T21:19:26, Setup Complete
2025-10-10T21:19:28, Data: 2025-10-10T21:19:26,3.58,25631,4488.00,4724.00,4573.00,2.85,82.75,2.01,877.35
2025-10-10T21:19:28, Add row to /TRACKING.csv
2025-10-10T21:19:28, Number of rows in /TRACKING.csv: 3
2025-10-10T21:19:31, Done loop ...
2025-10-10T21:19:31, ... powering down.
2025-10-10T21:36:12, Setup Complete
2025-10-10T21:36:14, Data: 2025-10-10T21:36:12,3.62,25631,4468.00,4986.00,4589.50,3.78,64.51,2.15,877.56
2025-10-10T21:36:14, Add row to /TRACKING.csv
2025-10-10T21:36:14, Number of rows in /TRACKING.csv: 4
2025-10-10T21:36:17, Number of rows in /TRACKING.csv is >= 4
2025-10-10T21:36:17, Remove tracking
2025-10-10T21:36:17, Write to /TRANSMIT.csv: 2025-10-10T21:36:12,3.62,4468.00,3.8,65
2025-10-10T21:36:17, Number of rows in /TRANSMIT.csv: 6
2025-10-10T21:36:17, Current hour = 21, Transmission hour = 1
2025-10-10T21:36:18, 1016003456+10955:453+09057:447+07059:446+04874:449+03582:447+03865
2025-10-10T21:36:20,  - attempt to send message: 1016003456+10955:453+09057:447+07059:446+04874:449+03582:447+03865
2025-10-10T21:37:20,  - Modem begin successful
2025-10-10T21:37:20,  - Sending...
2025-10-10T21:37:50, Send response: 
2025-10-10T21:37:50,  - Retry...
2025-10-10T21:37:50,    - Sending...
2025-10-10T21:37:51,    - Send response: 10
2025-10-10T21:38:21,  Sync clocks... 
2025-10-10T21:38:21,  - Clock was not synced
2025-10-10T21:38:21, Transmission failed. Error = 10
2025-10-10T21:38:21, Done loop ...
2025-10-10T21:38:21, ... powering down.
2025-10-10T21:52:57, Setup Complete
2025-10-10T21:52:59, Data: 2025-10-10T21:52:57,3.64,25631,4543.00,4985.00,4606.50,3.59,71.46,2.80,877.63
2025-10-10T21:52:59, Add row to /TRACKING.csv
2025-10-10T21:52:59, Number of rows in /TRACKING.csv: 1
2025-10-10T21:53:02, Done loop ...
2025-10-10T21:53:02, ... powering down.
2025-10-10T22:09:42, Setup Complete
2025-10-10T22:09:45, Data: 2025-10-10T22:09:43,3.55,25631,4460.00,4987.00,4703.50,2.48,76.91,1.98,877.77
2025-10-10T22:09:45, Add row to /TRACKING.csv
2025-10-10T22:09:45, Number of rows in /TRACKING.csv: 2
2025-10-10T22:09:47, Done loop ...
2025-10-10T22:09:48, ... powering down.
2025-10-10T22:26:28, Setup Complete
2025-10-10T22:26:30, Data: 2025-10-10T22:26:28,3.62,25631,4469.00,4988.00,4554.50,3.02,77.65,1.83,877.89
2025-10-10T22:26:30, Add row to /TRACKING.csv
2025-10-10T22:26:30, Number of rows in /TRACKING.csv: 3
2025-10-10T22:26:33, Done loop ...
2025-10-10T22:26:33, ... powering down.
2025-10-10T22:43:14, Setup Complete
2025-10-10T22:43:16, Data: 2025-10-10T22:43:14,3.64,25631,4504.00,4988.00,4624.00,2.53,83.82,1.62,877.99
2025-10-10T22:43:16, Add row to /TRACKING.csv
2025-10-10T22:43:16, Number of rows in /TRACKING.csv: 4
2025-10-10T22:43:19, Number of rows in /TRACKING.csv is >= 4
2025-10-10T22:43:19, Remove tracking
2025-10-10T22:43:19, Write to /TRANSMIT.csv: 2025-10-10T22:43:14,3.64,4504.00,2.5,84
2025-10-10T22:43:19, Number of rows in /TRANSMIT.csv: 7
2025-10-10T22:43:20, Current hour = 22, Transmission hour = 1
2025-10-10T22:43:20, 1016003456+10955:453+09057:447+07059:446+04874:449+03582:447+03865:450+02584
2025-10-10T22:43:22,  - attempt to send message: 1016003456+10955:453+09057:447+07059:446+04874:449+03582:447+03865:450+02584
2025-10-10T22:43:52,  - Modem begin successful
2025-10-10T22:43:52,  - Sending...
2025-10-10T22:44:23, Send response: 
2025-10-10T22:44:23,  - Retry...
2025-10-10T22:44:23,    - Sending...
2025-10-10T22:44:23,    - Send response: 10
2025-10-10T22:44:53,  Sync clocks... 
2025-10-10T22:44:53,  - Clock was not synced
2025-10-10T22:44:53, Transmission failed. Error = 10
2025-10-10T22:44:53, Done loop ...
2025-10-10T22:44:53, ... powering down.
2025-10-10T22:59:59, Setup Complete
2025-10-10T23:00:01, Data: 2025-10-10T22:59:59,3.63,25631,4479.00,4987.00,4513.00,2.15,84.35,1.45,878.06
2025-10-10T23:00:01, Add row to /TRACKING.csv
2025-10-10T23:00:01, Number of rows in /TRACKING.csv: 1
2025-10-10T23:00:04, Done loop ...
2025-10-10T23:00:04, ... powering down.
2025-10-10T23:16:44, Setup Complete
2025-10-10T23:16:47, Data: 2025-10-10T23:16:44,3.54,25631,4472.00,4987.00,4697.50,2.34,84.43,1.42,878.12
2025-10-10T23:16:47, Add row to /TRACKING.csv
2025-10-10T23:16:47, Number of rows in /TRACKING.csv: 2
2025-10-10T23:16:49, Done loop ...
2025-10-10T23:16:49, ... powering down.
2025-10-10T23:33:30, Setup Complete
2025-10-10T23:33:32, Data: 2025-10-10T23:33:30,3.76,25631,4473.00,4987.00,4669.50,2.22,83.73,1.22,878.06
2025-10-10T23:33:32, Add row to /TRACKING.csv
2025-10-10T23:33:32, Number of rows in /TRACKING.csv: 3
2025-10-10T23:33:35, Done loop ...
2025-10-10T23:33:35, ... powering down.
2025-10-10T23:50:15, Setup Complete
2025-10-10T23:50:18, Data: 2025-10-10T23:50:16,3.59,25631,4469.00,4986.00,4563.50,2.06,84.64,1.07,878.03
2025-10-10T23:50:18, Add row to /TRACKING.csv
2025-10-10T23:50:18, Number of rows in /TRACKING.csv: 4
2025-10-10T23:50:21, Number of rows in /TRACKING.csv is >= 4
2025-10-10T23:50:21, Remove tracking
2025-10-10T23:50:21, Write to /TRANSMIT.csv: 2025-10-10T23:50:16,3.59,4469.00,2.1,85
2025-10-10T23:50:21, Number of rows in /TRANSMIT.csv: 8
2025-10-10T23:50:21, Current hour = 23, Transmission hour = 1
2025-10-10T23:50:22, 1016002456+10955:453+09057:447+07059:446+04874:449+03582:447+03865:450+02584:447+02185
2025-10-10T23:50:24,  - attempt to send message: 1016002456+10955:453+09057:447+07059:446+04874:449+03582:447+03865:450+02584:447+02185
2025-10-10T23:51:24,  - Modem begin successful
2025-10-10T23:51:24,  - Sending...
2025-10-10T23:51:54, Send response: 
2025-10-10T23:51:55,  - Retry...
2025-10-10T23:51:55,    - Sending...
2025-10-10T23:51:55,    - Send response: 10
2025-10-10T23:52:25,  Sync clocks... 
2025-10-10T23:52:25,  - Clock was not synced
2025-10-10T23:52:25, Transmission failed. Error = 10
2025-10-10T23:52:25, Done loop ...
2025-10-10T23:52:25, ... powering down.
2025-10-11T00:07:01, Setup Complete
2025-10-11T00:07:03, Data: 2025-10-11T00:07:01,3.56,25631,4457.00,4988.00,4533.00,2.08,82.64,1.07,878.13
2025-10-11T00:07:03, Add row to /TRACKING.csv
2025-10-11T00:07:03, Number of rows in /TRACKING.csv: 1
2025-10-11T00:07:06, Done loop ...
2025-10-11T00:07:06, ... powering down.
2025-10-11T00:23:46, Setup Complete
2025-10-11T00:23:48, Data: 2025-10-11T00:23:46,3.55,25631,4482.00,4986.00,4557.00,2.36,76.90,1.11,878.33
2025-10-11T00:23:49, Add row to /TRACKING.csv
2025-10-11T00:23:49, Number of rows in /TRACKING.csv: 2
2025-10-11T00:23:51, Done loop ...
2025-10-11T00:23:51, ... powering down.
2025-10-11T00:40:32, Setup Complete
2025-10-11T00:40:34, Data: 2025-10-11T00:40:32,3.73,25631,4474.00,4987.00,4599.50,2.33,79.89,1.09,878.47
2025-10-11T00:40:34, Add row to /TRACKING.csv
2025-10-11T00:40:34, Number of rows in /TRACKING.csv: 3
2025-10-11T00:40:37, Done loop ...
2025-10-11T00:40:37, ... powering down.
2025-10-11T00:57:17, Setup Complete
2025-10-11T00:57:20, Data: 2025-10-11T00:57:17,3.58,25631,4457.00,4724.00,4518.50,2.13,85.12,1.04,878.43
2025-10-11T00:57:20, Add row to /TRACKING.csv
2025-10-11T00:57:20, Number of rows in /TRACKING.csv: 4
2025-10-11T00:57:23, Number of rows in /TRACKING.csv is >= 4
2025-10-11T00:57:23, Remove tracking
2025-10-11T00:57:23, Write to /TRANSMIT.csv: 2025-10-11T00:57:17,3.58,4457.00,2.1,85
2025-10-11T00:57:23, Number of rows in /TRANSMIT.csv: 9
2025-10-11T00:57:23, Current hour = 0, Transmission hour = 1
2025-10-11T00:57:23, 1016002456+10955:453+09057:447+07059:446+04874:449+03582:447+03865:450+02584:447+02185:446+02185
2025-10-11T00:57:25,  - attempt to send message: 1016002456+10955:453+09057:447+07059:446+04874:449+03582:447+03865:450+02584:447+02185:446+02185
2025-10-11T00:58:56,  - Modem begin successful
2025-10-11T00:58:56,  - Sending...
2025-10-11T00:59:26, Send response: 
2025-10-11T00:59:26,  - Retry...
2025-10-11T00:59:26,    - Sending...
2025-10-11T00:59:26,    - Send response: 10
2025-10-11T00:59:56,  Sync clocks... 
2025-10-11T00:59:57,  - Clock was not synced
2025-10-11T00:59:57, Transmission failed. Error = 10
2025-10-11T00:59:57, Done loop ...
2025-10-11T00:59:57, ... powering down.
2025-10-11T01:14:03, Setup Complete
2025-10-11T01:14:05, Data: 2025-10-11T01:14:03,3.57,25631,4492.00,4987.00,4735.50,2.03,86.00,0.99,878.42
2025-10-11T01:14:05, Add row to /TRACKING.csv
2025-10-11T01:14:05, Number of rows in /TRACKING.csv: 1
2025-10-11T01:14:07, Done loop ...
2025-10-11T01:14:07, ... powering down.
2025-10-11T01:30:48, Setup Complete
2025-10-11T01:30:50, Data: 2025-10-11T01:30:48,3.58,25631,4542.00,4987.00,4587.50,1.51,87.08,0.83,878.42
2025-10-11T01:30:50, Add row to /TRACKING.csv
2025-10-11T01:30:50, Number of rows in /TRACKING.csv: 2
2025-10-11T01:30:53, Done loop ...
2025-10-11T01:30:53, ... powering down.
2025-10-11T01:47:34, Setup Complete
2025-10-11T01:47:36, Data: 2025-10-11T01:47:34,3.55,25631,4486.00,4985.00,4593.00,1.57,87.08,0.66,878.44
2025-10-11T01:47:36, Add row to /TRACKING.csv
2025-10-11T01:47:36, Number of rows in /TRACKING.csv: 3
2025-10-11T01:47:39, Done loop ...
2025-10-11T01:47:39, ... powering down.
2025-10-11T02:04:19, Setup Complete
2025-10-11T02:04:21, Data: 2025-10-11T02:04:19,3.68,25631,4480.00,4651.00,4519.00,1.53,85.79,0.54,878.60
2025-10-11T02:04:21, Add row to /TRACKING.csv
2025-10-11T02:04:21, Number of rows in /TRACKING.csv: 4
2025-10-11T02:04:25, Number of rows in /TRACKING.csv is >= 4
2025-10-11T02:04:25, Remove tracking
2025-10-11T02:04:25, Write to /TRANSMIT.csv: 2025-10-11T02:04:19,3.68,4480.00,1.5,86
2025-10-11T02:04:25, Number of rows in /TRANSMIT.csv: 10
2025-10-11T02:04:25, Current hour = 2, Transmission hour = 1
2025-10-11T02:04:25, 1016003456+10955:453+09057:447+07059:446+04874:449+03582:447+03865:450+02584:447+02185:446+02185:448+01586
2025-10-11T02:04:27,  - attempt to send message: 1016003456+10955:453+09057:447+07059:446+04874:449+03582:447+03865:450+02584:447+02185:446+02185:448+01586
2025-10-11T02:05:58,  - Modem begin successful
2025-10-11T02:05:58,  - Sending...
2025-10-11T02:06:28, Send response: 
2025-10-11T02:06:28,  - Retry...
2025-10-11T02:06:28,    - Sending...
2025-10-11T02:06:28,    - Send response: 10
2025-10-11T02:06:58,  Sync clocks... 
2025-10-11T02:06:58,  - Clock was not synced
2025-10-11T02:06:58, Transmission failed. Error = 10
2025-10-11T02:06:58, n_transmit >= 10, too much to transmit, delete /TRANSMIT.csv
2025-10-11T02:06:58, Done loop ...
2025-10-11T02:06:58, ... powering down.
2025-10-11T02:21:04, Setup Complete
2025-10-11T02:21:06, Data: 2025-10-11T02:21:04,3.60,25631,4477.00,4987.00,4521.00,1.43,87.40,0.51,878.74
2025-10-11T02:21:06, Add row to /TRACKING.csv
2025-10-11T02:21:07, Number of rows in /TRACKING.csv: 1
2025-10-11T02:21:09, Done loop ...
2025-10-11T02:21:09, ... powering down.
2025-10-11T02:37:50, Setup Complete
2025-10-11T02:37:52, Data: 2025-10-11T02:37:50,3.55,25631,4516.00,4986.00,4789.00,1.06,89.13,0.25,878.86
2025-10-11T02:37:52, Add row to /TRACKING.csv
2025-10-11T02:37:52, Number of rows in /TRACKING.csv: 2
2025-10-11T02:37:55, Done loop ...
2025-10-11T02:37:55, ... powering down.
2025-10-11T02:54:35, Setup Complete
2025-10-11T02:54:37, Data: 2025-10-11T02:54:35,3.58,25631,4470.00,4988.00,4524.00,1.41,86.70,0.30,878.81
2025-10-11T02:54:37, Add row to /TRACKING.csv
2025-10-11T02:54:37, Number of rows in /TRACKING.csv: 3
2025-10-11T02:54:40, Done loop ...
2025-10-11T02:54:40, ... powering down.
2025-10-11T03:11:20, Setup Complete
2025-10-11T03:11:22, Data: 2025-10-11T03:11:20,3.67,25631,4494.00,4986.00,4530.50,1.50,84.26,0.36,878.86
2025-10-11T03:11:22, Add row to /TRACKING.csv
2025-10-11T03:11:23, Number of rows in /TRACKING.csv: 4
2025-10-11T03:11:26, Number of rows in /TRACKING.csv is >= 4
2025-10-11T03:11:26, Remove tracking
2025-10-11T03:11:26, Write to /TRANSMIT.csv: 2025-10-11T03:11:20,3.67,4494.00,1.5,84
2025-10-11T03:11:26, Number of rows in /TRANSMIT.csv: 1
2025-10-11T03:11:26, Current hour = 3, Transmission hour = 1
2025-10-11T03:11:26, Current hour = 3, Transmission hour = 6
2025-10-11T03:11:26, Current hour = 3, Transmission hour = 8
2025-10-11T03:11:26, Current hour = 3, Transmission hour = 9
2025-10-11T03:11:26, Current hour = 3, Transmission hour = 10
2025-10-11T03:11:26, Current hour = 3, Transmission hour = 15
2025-10-11T03:11:27, Current hour = 3, Transmission hour = 20
2025-10-11T03:11:27, Current hour = 3, Transmission hour = 22
2025-10-11T03:11:27, Done loop ...
2025-10-11T03:11:27, ... powering down.
2025-10-11T03:28:06, Setup Complete
2025-10-11T03:28:08, Data: 2025-10-11T03:28:06,3.62,25631,4501.00,4985.00,4630.00,1.13,85.92,0.13,878.88
2025-10-11T03:28:08, Add row to /TRACKING.csv
2025-10-11T03:28:08, Number of rows in /TRACKING.csv: 1
2025-10-11T03:28:10, Done loop ...
2025-10-11T03:28:10, ... powering down.
2025-10-11T03:44:51, Setup Complete
2025-10-11T03:44:53, Data: 2025-10-11T03:44:51,3.60,25631,4464.00,4986.00,4594.50,1.15,85.60,0.02,878.95
2025-10-11T03:44:53, Add row to /TRACKING.csv
2025-10-11T03:44:53, Number of rows in /TRACKING.csv: 2
2025-10-11T03:44:56, Done loop ...
2025-10-11T03:44:56, ... powering down.
2025-10-11T04:01:36, Setup Complete
2025-10-11T04:01:39, Data: 2025-10-11T04:01:36,3.54,25631,4489.00,4989.00,4625.00,0.91,85.76,-0.15,879.05
2025-10-11T04:01:39, Add row to /TRACKING.csv
2025-10-11T04:01:39, Number of rows in /TRACKING.csv: 3
2025-10-11T04:01:42, Done loop ...
2025-10-11T04:01:42, ... powering down.
2025-10-11T04:18:22, Setup Complete
2025-10-11T04:18:24, Data: 2025-10-11T04:18:22,3.64,25631,4431.00,4985.00,4582.50,0.89,87.99,-0.20,879.30
2025-10-11T04:18:24, Add row to /TRACKING.csv
2025-10-11T04:18:24, Number of rows in /TRACKING.csv: 4
2025-10-11T04:18:27, Number of rows in /TRACKING.csv is >= 4
2025-10-11T04:18:27, Remove tracking
2025-10-11T04:18:27, Write to /TRANSMIT.csv: 2025-10-11T04:18:22,3.64,4431.00,0.9,88
2025-10-11T04:18:28, Number of rows in /TRANSMIT.csv: 2
2025-10-11T04:18:28, Current hour = 4, Transmission hour = 1
2025-10-11T04:18:28, Current hour = 4, Transmission hour = 6
2025-10-11T04:18:28, Current hour = 4, Transmission hour = 8
2025-10-11T04:18:28, Current hour = 4, Transmission hour = 9
2025-10-11T04:18:28, Current hour = 4, Transmission hour = 10
2025-10-11T04:18:28, Current hour = 4, Transmission hour = 15
2025-10-11T04:18:28, Current hour = 4, Transmission hour = 20
2025-10-11T04:18:28, Current hour = 4, Transmission hour = 22
2025-10-11T04:18:28, Done loop ...
2025-10-11T04:18:28, ... powering down.
2025-10-11T04:35:07, Setup Complete
2025-10-11T04:35:09, Data: 2025-10-11T04:35:07,3.54,25631,4522.00,4766.00,4569.00,0.78,87.57,-0.19,879.41
2025-10-11T04:35:09, Add row to /TRACKING.csv
2025-10-11T04:35:09, Number of rows in /TRACKING.csv: 1
2025-10-11T04:35:12, Done loop ...
2025-10-11T04:35:12, ... powering down.
2025-10-11T04:51:52, Setup Complete
2025-10-11T04:51:55, Data: 2025-10-11T04:51:52,3.55,25631,4480.00,4987.00,4593.50,1.03,79.50,-0.17,879.57
2025-10-11T04:51:55, Add row to /TRACKING.csv
2025-10-11T04:51:55, Number of rows in /TRACKING.csv: 2
2025-10-11T04:51:57, Done loop ...
2025-10-11T04:51:58, ... powering down.
2025-10-11T05:08:38, Setup Complete
2025-10-11T05:08:40, Data: 2025-10-11T05:08:38,3.54,25631,4475.00,4989.00,4573.50,0.67,82.68,-0.30,879.62
2025-10-11T05:08:40, Add row to /TRACKING.csv
2025-10-11T05:08:40, Number of rows in /TRACKING.csv: 3
2025-10-11T05:08:43, Done loop ...
2025-10-11T05:08:43, ... powering down.
2025-10-11T05:25:23, Setup Complete
2025-10-11T05:25:26, Data: 2025-10-11T05:25:23,3.60,25631,4470.00,4723.00,4601.50,0.88,83.94,-0.29,879.64
2025-10-11T05:25:26, Add row to /TRACKING.csv
2025-10-11T05:25:26, Number of rows in /TRACKING.csv: 4
2025-10-11T05:25:29, Number of rows in /TRACKING.csv is >= 4
2025-10-11T05:25:29, Remove tracking
2025-10-11T05:25:29, Write to /TRANSMIT.csv: 2025-10-11T05:25:23,3.60,4470.00,0.9,84
2025-10-11T05:25:29, Number of rows in /TRANSMIT.csv: 3
2025-10-11T05:25:29, Current hour = 5, Transmission hour = 1
2025-10-11T05:25:29, Current hour = 5, Transmission hour = 6
2025-10-11T05:25:29, Current hour = 5, Transmission hour = 8
2025-10-11T05:25:30, Current hour = 5, Transmission hour = 9
2025-10-11T05:25:30, Current hour = 5, Transmission hour = 10
2025-10-11T05:25:30, Current hour = 5, Transmission hour = 15
2025-10-11T05:25:30, Current hour = 5, Transmission hour = 20
2025-10-11T05:25:30, Current hour = 5, Transmission hour = 22
2025-10-11T05:25:30, Done loop ...
2025-10-11T05:25:30, ... powering down.
2025-10-11T05:42:09, Setup Complete
2025-10-11T05:42:11, Data: 2025-10-11T05:42:09,3.70,25631,4485.00,4766.00,4551.50,1.17,77.77,-0.17,879.81
2025-10-11T05:42:11, Add row to /TRACKING.csv
2025-10-11T05:42:11, Number of rows in /TRACKING.csv: 1
2025-10-11T05:42:14, Done loop ...
2025-10-11T05:42:14, ... powering down.
2025-10-11T05:58:54, Setup Complete
2025-10-11T05:58:56, Data: 2025-10-11T05:58:54,3.59,25631,4482.00,4987.00,4528.00,0.88,85.06,-0.24,879.86
2025-10-11T05:58:56, Add row to /TRACKING.csv
2025-10-11T05:58:57, Number of rows in /TRACKING.csv: 2
2025-10-11T05:58:59, Done loop ...
2025-10-11T05:58:59, ... powering down.
2025-10-11T06:15:40, Setup Complete
2025-10-11T06:15:42, Data: 2025-10-11T06:15:40,3.64,25631,4474.00,4989.00,4539.00,0.43,87.09,-0.45,879.90
2025-10-11T06:15:42, Add row to /TRACKING.csv
2025-10-11T06:15:42, Number of rows in /TRACKING.csv: 3
2025-10-11T06:15:45, Done loop ...
2025-10-11T06:15:45, ... powering down.
2025-10-11T06:32:25, Setup Complete
2025-10-11T06:32:27, Data: 2025-10-11T06:32:25,3.54,25631,4510.00,4789.00,4606.50,0.44,87.88,-0.52,879.99
2025-10-11T06:32:27, Add row to /TRACKING.csv
2025-10-11T06:32:27, Number of rows in /TRACKING.csv: 4
2025-10-11T06:32:31, Number of rows in /TRACKING.csv is >= 4
2025-10-11T06:32:31, Remove tracking
2025-10-11T06:32:31, Write to /TRANSMIT.csv: 2025-10-11T06:32:25,3.54,4510.00,0.4,88
2025-10-11T06:32:31, Number of rows in /TRANSMIT.csv: 4
2025-10-11T06:32:31, Current hour = 6, Transmission hour = 1
2025-10-11T06:32:31, Current hour = 6, Transmission hour = 6
2025-10-11T06:32:31, 1103112449+01584:443+00988:447+00984:451+00488
2025-10-11T06:32:33,  - attempt to send message: 1103112449+01584:443+00988:447+00984:451+00488
2025-10-11T06:33:34,  - Modem begin unsuccessful
2025-10-11T06:33:34, Transmission failed. Error = 3
2025-10-11T06:33:34, Done loop ...
2025-10-11T06:33:34, ... powering down.
2025-10-11T06:33:39, Setup Complete
2025-10-11T06:33:41, Data: 2025-10-11T06:33:39,3.59,25631,4388.00,4665.00,4428.50,0.46,87.11,-0.52,880.04
2025-10-11T06:33:41, Add row to /TRACKING.csv
2025-10-11T06:33:41, Number of rows in /TRACKING.csv: 1
2025-10-11T06:33:43, Done loop ...
2025-10-11T06:33:43, ... powering down.
2025-10-11T06:50:26, Setup Complete
2025-10-11T06:50:29, Data: 2025-10-11T06:50:27,3.55,25631,4504.00,4988.00,4614.50,0.75,81.37,-0.43,879.95
2025-10-11T06:50:29, Add row to /TRACKING.csv
2025-10-11T06:50:29, Number of rows in /TRACKING.csv: 2
2025-10-11T06:50:31, Done loop ...
2025-10-11T06:50:32, ... powering down.
2025-10-11T06:50:37, Setup Complete
2025-10-11T06:50:39, Data: 2025-10-11T06:50:37,3.62,25631,4418.00,4451.00,4434.00,0.74,81.41,-0.43,879.95
2025-10-11T06:50:39, Add row to /TRACKING.csv
2025-10-11T06:50:39, Number of rows in /TRACKING.csv: 3
2025-10-11T06:50:42, Done loop ...
2025-10-11T06:50:42, ... powering down.
2025-10-11T07:07:25, Setup Complete
2025-10-11T07:07:27, Data: 2025-10-11T07:07:25,3.58,25631,4441.00,4986.00,4593.00,0.30,87.71,-0.56,880.01
2025-10-11T07:07:27, Add row to /TRACKING.csv
2025-10-11T07:07:27, Number of rows in /TRACKING.csv: 4
2025-10-11T07:07:31, Number of rows in /TRACKING.csv is >= 4
2025-10-11T07:07:31, Remove tracking
2025-10-11T07:07:31, Write to /TRANSMIT.csv: 2025-10-11T07:07:25,3.58,4441.00,0.3,88
2025-10-11T07:07:31, Number of rows in /TRANSMIT.csv: 5
2025-10-11T07:07:31, Current hour = 7, Transmission hour = 1
2025-10-11T07:07:31, 1103112449+01584:443+00988:447+00984:451+00488:444+00388
2025-10-11T07:07:33,  - attempt to send message: 1103112449+01584:443+00988:447+00984:451+00488:444+00388
2025-10-11T07:08:04,  - Modem begin successful
2025-10-11T07:08:04,  - Sending...
2025-10-11T07:08:34, Send response: 
2025-10-11T07:08:34,  - Retry...
2025-10-11T07:08:34,    - Sending...
2025-10-11T07:08:34,    - Send response: 10
2025-10-11T07:09:04,  Sync clocks... 
2025-10-11T07:09:04,  - Clock was not synced
2025-10-11T07:09:04, Transmission failed. Error = 10
2025-10-11T07:09:04, Done loop ...
2025-10-11T07:09:04, ... powering down.
2025-10-11T07:24:13, Setup Complete
2025-10-11T07:24:15, Data: 2025-10-11T07:24:13,3.58,25631,4504.00,4987.00,4824.00,0.21,90.24,-0.55,880.17
2025-10-11T07:24:15, Add row to /TRACKING.csv
2025-10-11T07:24:15, Number of rows in /TRACKING.csv: 1
2025-10-11T07:24:18, Done loop ...
2025-10-11T07:24:18, ... powering down.
2025-10-11T07:41:01, Setup Complete
2025-10-11T07:41:03, Data: 2025-10-11T07:41:01,3.80,25631,4495.00,4988.00,4574.00,0.41,81.86,-0.40,880.25
2025-10-11T07:41:03, Add row to /TRACKING.csv
2025-10-11T07:41:03, Number of rows in /TRACKING.csv: 2
2025-10-11T07:41:06, Done loop ...
2025-10-11T07:41:06, ... powering down.
2025-10-11T07:57:49, Setup Complete
2025-10-11T07:57:52, Data: 2025-10-11T07:57:49,3.71,25631,4483.00,4987.00,4617.00,0.85,87.52,0.60,880.34
2025-10-11T07:57:52, Add row to /TRACKING.csv
2025-10-11T07:57:52, Number of rows in /TRACKING.csv: 3
2025-10-11T07:57:55, Done loop ...
2025-10-11T07:57:55, ... powering down.
2025-10-11T08:14:38, Setup Complete
2025-10-11T08:14:40, Data: 2025-10-11T08:14:38,3.68,25631,2440.00,4624.00,4532.50,2.58,82.36,4.27,880.56
2025-10-11T08:14:40, Add row to /TRACKING.csv
2025-10-11T08:14:40, Number of rows in /TRACKING.csv: 4
2025-10-11T08:14:43, Number of rows in /TRACKING.csv is >= 4
2025-10-11T08:14:43, Remove tracking
2025-10-11T08:14:43, Write to /TRANSMIT.csv: 2025-10-11T08:14:38,3.68,2440.00,2.6,82
2025-10-11T08:14:44, Number of rows in /TRANSMIT.csv: 6
2025-10-11T08:14:44, Current hour = 8, Transmission hour = 1
2025-10-11T08:14:44, 1103113449+01584:443+00988:447+00984:451+00488:444+00388:244+02682
2025-10-11T08:14:46,  - attempt to send message: 1103113449+01584:443+00988:447+00984:451+00488:444+00388:244+02682
2025-10-11T08:14:47,  - Modem begin successful
2025-10-11T08:14:47,  - Sending...
2025-10-11T08:15:17, Send response: 
2025-10-11T08:15:17,  - Retry...
2025-10-11T08:15:17,    - Sending...
2025-10-11T08:15:17,    - Send response: 10
2025-10-11T08:15:47,  Sync clocks... 
2025-10-11T08:15:47,  - Clock was not synced
2025-10-11T08:15:47, Transmission failed. Error = 10
2025-10-11T08:15:47, Done loop ...
2025-10-11T08:15:47, ... powering down.
2025-10-11T08:31:24, Setup Complete
2025-10-11T08:31:26, Data: 2025-10-11T08:31:24,3.60,25631,4513.00,4573.00,4530.50,3.22,82.06,7.44,880.76
2025-10-11T08:31:26, Add row to /TRACKING.csv
2025-10-11T08:31:26, Number of rows in /TRACKING.csv: 1
2025-10-11T08:31:29, Done loop ...
2025-10-11T08:31:29, ... powering down.
2025-10-11T08:48:11, Setup Complete
2025-10-11T08:48:13, Data: 2025-10-11T08:48:11,3.98,25631,652.00,4984.00,4563.50,3.57,73.75,11.54,880.49
2025-10-11T08:48:13, Add row to /TRACKING.csv
2025-10-11T08:48:13, Number of rows in /TRACKING.csv: 2
2025-10-11T08:48:16, Done loop ...
2025-10-11T08:48:16, ... powering down.
2025-10-11T09:04:58, Setup Complete
2025-10-11T09:05:00, Data: 2025-10-11T09:04:58,3.67,25631,657.00,4986.00,4634.50,4.54,75.72,13.61,880.63
2025-10-11T09:05:00, Add row to /TRACKING.csv
2025-10-11T09:05:00, Number of rows in /TRACKING.csv: 3
2025-10-11T09:05:03, Done loop ...
2025-10-11T09:05:03, ... powering down.
2025-10-11T09:21:45, Setup Complete
2025-10-11T09:21:47, Data: 2025-10-11T09:21:45,3.67,25631,4547.00,4987.00,4588.50,5.73,74.96,14.84,880.62
2025-10-11T09:21:47, Add row to /TRACKING.csv
2025-10-11T09:21:48, Number of rows in /TRACKING.csv: 4
2025-10-11T09:21:51, Number of rows in /TRACKING.csv is >= 4
2025-10-11T09:21:51, Remove tracking
2025-10-11T09:21:51, Write to /TRANSMIT.csv: 2025-10-11T09:21:45,3.67,4547.00,5.7,75
2025-10-11T09:21:51, Number of rows in /TRANSMIT.csv: 7
2025-10-11T09:21:51, Current hour = 9, Transmission hour = 1
2025-10-11T09:21:51, 1103113449+01584:443+00988:447+00984:451+00488:444+00388:244+02682:455+05775
2025-10-11T09:21:53,  - attempt to send message: 1103113449+01584:443+00988:447+00984:451+00488:444+00388:244+02682:455+05775
2025-10-11T09:21:54,  - Modem begin successful
2025-10-11T09:21:54,  - Sending...
2025-10-11T09:22:24, Send response: 
2025-10-11T09:22:24,  - Retry...
2025-10-11T09:22:24,    - Sending...
2025-10-11T09:22:24,    - Send response: 10
2025-10-11T09:22:54,  Sync clocks... 
2025-10-11T09:22:55,  - Clock was not synced
2025-10-11T09:22:55, Transmission failed. Error = 10
2025-10-11T09:22:55, Done loop ...
2025-10-11T09:22:55, ... powering down.
2025-10-11T09:38:32, Setup Complete
2025-10-11T09:38:35, Data: 2025-10-11T09:38:32,3.67,25631,4536.00,4986.00,4566.50,3.60,81.21,11.17,880.39
2025-10-11T09:38:35, Add row to /TRACKING.csv
2025-10-11T09:38:35, Number of rows in /TRACKING.csv: 1
2025-10-11T09:38:37, Done loop ...
2025-10-11T09:38:37, ... powering down.
2025-10-11T09:55:20, Setup Complete
2025-10-11T09:55:22, Data: 2025-10-11T09:55:20,3.65,25631,4497.00,4657.00,4546.00,5.08,77.92,12.43,881.00
2025-10-11T09:55:22, Add row to /TRACKING.csv
2025-10-11T09:55:22, Number of rows in /TRACKING.csv: 2
2025-10-11T09:55:25, Done loop ...
2025-10-11T09:55:25, ... powering down.
2025-10-11T10:12:08, Setup Complete
2025-10-11T10:12:10, Data: 2025-10-11T10:12:08,3.56,25631,500.00,4986.00,4579.50,5.26,76.13,12.80,880.88
2025-10-11T10:12:10, Add row to /TRACKING.csv
2025-10-11T10:12:10, Number of rows in /TRACKING.csv: 3
2025-10-11T10:12:13, Done loop ...
2025-10-11T10:12:13, ... powering down.
2025-10-11T10:28:55, Setup Complete
2025-10-11T10:28:57, Data: 2025-10-11T10:28:55,3.66,25631,4481.00,4679.00,4546.00,4.53,79.60,11.55,880.71
2025-10-11T10:28:57, Add row to /TRACKING.csv
2025-10-11T10:28:58, Number of rows in /TRACKING.csv: 4
2025-10-11T10:29:01, Number of rows in /TRACKING.csv is >= 4
2025-10-11T10:29:01, Remove tracking
2025-10-11T10:29:01, Write to /TRANSMIT.csv: 2025-10-11T10:28:55,3.66,4481.00,4.5,80
2025-10-11T10:29:01, Number of rows in /TRANSMIT.csv: 8
2025-10-11T10:29:01, Current hour = 10, Transmission hour = 1
2025-10-11T10:29:01, 1103113449+01584:443+00988:447+00984:451+00488:444+00388:244+02682:455+05775:448+04580
2025-10-11T10:29:03,  - attempt to send message: 1103113449+01584:443+00988:447+00984:451+00488:444+00388:244+02682:455+05775:448+04580
2025-10-11T10:29:04,  - Modem begin successful
2025-10-11T10:29:04,  - Sending...
2025-10-11T10:29:34, Send response: 
2025-10-11T10:29:34,  - Retry...
2025-10-11T10:29:34,    - Sending...
2025-10-11T10:29:34,    - Send response: 10
2025-10-11T10:30:04,  Sync clocks... 
2025-10-11T10:30:04,  - Clock was not synced
2025-10-11T10:30:05, Transmission failed. Error = 10
2025-10-11T10:30:05, Done loop ...
2025-10-11T10:30:05, ... powering down.
2025-10-11T10:45:42, Setup Complete
2025-10-11T10:45:44, Data: 2025-10-11T10:45:42,3.59,25631,4542.00,4986.00,4615.50,4.40,77.94,10.81,880.81
2025-10-11T10:45:44, Add row to /TRACKING.csv
2025-10-11T10:45:44, Number of rows in /TRACKING.csv: 1
2025-10-11T10:45:47, Done loop ...
2025-10-11T10:45:47, ... powering down.
2025-10-11T11:02:29, Setup Complete
2025-10-11T11:02:32, Data: 2025-10-11T11:02:29,3.65,25631,654.00,4985.00,4610.50,5.38,74.24,11.04,880.86
2025-10-11T11:02:32, Add row to /TRACKING.csv
2025-10-11T11:02:32, Number of rows in /TRACKING.csv: 2
2025-10-11T11:02:34, Done loop ...
2025-10-11T11:02:34, ... powering down.
2025-10-11T11:19:16, Setup Complete
2025-10-11T11:19:19, Data: 2025-10-11T11:19:16,3.65,25631,498.00,4986.00,4565.00,4.58,74.34,9.73,880.70
2025-10-11T11:19:19, Add row to /TRACKING.csv
2025-10-11T11:19:19, Number of rows in /TRACKING.csv: 3
2025-10-11T11:19:22, Done loop ...
2025-10-11T11:19:22, ... powering down.
2025-10-11T11:36:04, Setup Complete
2025-10-11T11:36:06, Data: 2025-10-11T11:36:04,3.64,25631,4446.00,4641.00,4489.50,3.63,81.33,8.22,881.41
2025-10-11T11:36:06, Add row to /TRACKING.csv
2025-10-11T11:36:06, Number of rows in /TRACKING.csv: 4
2025-10-11T11:36:10, Number of rows in /TRACKING.csv is >= 4
2025-10-11T11:36:10, Remove tracking
2025-10-11T11:36:10, Write to /TRANSMIT.csv: 2025-10-11T11:36:04,3.64,4446.00,3.6,81
2025-10-11T11:36:10, Number of rows in /TRANSMIT.csv: 9
2025-10-11T11:36:10, Current hour = 11, Transmission hour = 1
2025-10-11T11:36:10, 1103113449+01584:443+00988:447+00984:451+00488:444+00388:244+02682:455+05775:448+04580:445+03681
2025-10-11T11:36:12,  - attempt to send message: 1103113449+01584:443+00988:447+00984:451+00488:444+00388:244+02682:455+05775:448+04580:445+03681
2025-10-11T11:36:13,  - Modem begin successful
2025-10-11T11:36:13,  - Sending...
2025-10-11T11:37:08,  - Send response: 
2025-10-11T11:37:08,   - Sync clocks... 
2025-10-11T11:37:08,  - Arduino Old Time: 2025-10-11T19:37:08
2025-10-11T11:37:02,  - Arduino New Time: 2025-10-11T19:37:02
2025-10-11T11:37:02, Message sent! Removing /TRANSMIT.csv
2025-10-11T11:37:02, Done loop ...
2025-10-11T11:37:03, ... powering down.
2025-10-11T11:52:47, Setup Complete
2025-10-11T11:52:49, Data: 2025-10-11T11:52:47,3.64,25631,4514.00,4542.00,4539.50,3.94,80.46,8.68,880.97
2025-10-11T11:52:49, Add row to /TRACKING.csv
2025-10-11T11:52:49, Number of rows in /TRACKING.csv: 1
2025-10-11T11:52:52, Done loop ...
2025-10-11T11:52:52, ... powering down.
2025-10-11T12:09:35, Setup Complete
2025-10-11T12:09:37, Data: 2025-10-11T12:09:35,3.65,25631,4505.00,4531.00,4521.00,3.71,72.39,7.59,881.01
2025-10-11T12:09:37, Add row to /TRACKING.csv
2025-10-11T12:09:38, Number of rows in /TRACKING.csv: 2
2025-10-11T12:09:40, Done loop ...
2025-10-11T12:09:40, ... powering down.
2025-10-11T12:26:24, Setup Complete
2025-10-11T12:26:26, Data: 2025-10-11T12:26:24,3.65,25631,4476.00,4515.00,4501.50,3.78,80.45,6.79,881.01
2025-10-11T12:26:26, Add row to /TRACKING.csv
2025-10-11T12:26:26, Number of rows in /TRACKING.csv: 3
2025-10-11T12:26:29, Done loop ...
2025-10-11T12:26:29, ... powering down.
2025-10-11T12:43:12, Setup Complete
2025-10-11T12:43:15, Data: 2025-10-11T12:43:12,3.64,25631,4484.00,4985.00,4497.00,3.87,81.84,7.19,881.19
2025-10-11T12:43:15, Add row to /TRACKING.csv
2025-10-11T12:43:15, Number of rows in /TRACKING.csv: 4
2025-10-11T12:43:18, Number of rows in /TRACKING.csv is >= 4
2025-10-11T12:43:18, Remove tracking
2025-10-11T12:43:18, Write to /TRANSMIT.csv: 2025-10-11T12:43:12,3.64,4484.00,3.9,82
2025-10-11T12:43:18, Number of rows in /TRANSMIT.csv: 1
2025-10-11T12:43:18, Current hour = 12, Transmission hour = 1
2025-10-11T12:43:18, Current hour = 12, Transmission hour = 6
2025-10-11T12:43:19, Current hour = 12, Transmission hour = 8
2025-10-11T12:43:19, Current hour = 12, Transmission hour = 9
2025-10-11T12:43:19, Current hour = 12, Transmission hour = 10
2025-10-11T12:43:19, Current hour = 12, Transmission hour = 15
2025-10-11T12:43:19, Current hour = 12, Transmission hour = 20
2025-10-11T12:43:19, Current hour = 12, Transmission hour = 22
2025-10-11T12:43:19, Done loop ...
2025-10-11T12:43:19, ... powering down.
2025-10-11T13:00:01, Setup Complete
2025-10-11T13:00:04, Data: 2025-10-11T13:00:01,3.64,25631,4458.00,4986.00,4493.00,3.99,80.72,7.51,881.10
2025-10-11T13:00:04, Add row to /TRACKING.csv
2025-10-11T13:00:04, Number of rows in /TRACKING.csv: 1
2025-10-11T13:00:06, Done loop ...
2025-10-11T13:00:06, ... powering down.
2025-10-11T13:16:50, Setup Complete
2025-10-11T13:16:53, Data: 2025-10-11T13:16:50,3.64,25631,4480.00,4532.00,4508.50,4.29,76.28,7.53,881.12
2025-10-11T13:16:53, Add row to /TRACKING.csv
2025-10-11T13:16:53, Number of rows in /TRACKING.csv: 2
2025-10-11T13:16:55, Done loop ...
2025-10-11T13:16:55, ... powering down.
2025-10-11T13:33:39, Setup Complete
2025-10-11T13:33:41, Data: 2025-10-11T13:33:39,3.64,25631,4465.00,4510.00,4503.00,4.33,75.70,7.86,881.41
2025-10-11T13:33:41, Add row to /TRACKING.csv
2025-10-11T13:33:42, Number of rows in /TRACKING.csv: 3
2025-10-11T13:33:45, Done loop ...
2025-10-11T13:33:45, ... powering down.
2025-10-11T13:50:28, Setup Complete
2025-10-11T13:50:31, Data: 2025-10-11T13:50:28,3.67,25631,4491.00,4988.00,4515.00,4.98,75.44,8.67,881.24
2025-10-11T13:50:31, Add row to /TRACKING.csv
2025-10-11T13:50:31, Number of rows in /TRACKING.csv: 4
2025-10-11T13:50:34, Number of rows in /TRACKING.csv is >= 4
2025-10-11T13:50:34, Remove tracking
2025-10-11T13:50:34, Write to /TRANSMIT.csv: 2025-10-11T13:50:28,3.67,4491.00,5.0,75
2025-10-11T13:50:34, Number of rows in /TRANSMIT.csv: 2
2025-10-11T13:50:34, Current hour = 13, Transmission hour = 1
2025-10-11T13:50:34, Current hour = 13, Transmission hour = 6
2025-10-11T13:50:34, Current hour = 13, Transmission hour = 8
2025-10-11T13:50:34, Current hour = 13, Transmission hour = 9
2025-10-11T13:50:35, Current hour = 13, Transmission hour = 10
2025-10-11T13:50:35, Current hour = 13, Transmission hour = 15
2025-10-11T13:50:35, Current hour = 13, Transmission hour = 20
2025-10-11T13:50:35, Current hour = 13, Transmission hour = 22
2025-10-11T13:50:35, Done loop ...
2025-10-11T13:50:35, ... powering down.
2025-10-11T14:07:16, Setup Complete
2025-10-11T14:07:18, Data: 2025-10-11T14:07:16,3.65,25631,4491.00,4561.00,4517.50,5.09,74.03,8.74,881.22
2025-10-11T14:07:18, Add row to /TRACKING.csv
2025-10-11T14:07:18, Number of rows in /TRACKING.csv: 1
2025-10-11T14:07:20, Done loop ...
2025-10-11T14:07:20, ... powering down.
2025-10-11T14:24:04, Setup Complete
2025-10-11T14:24:06, Data: 2025-10-11T14:24:04,3.65,25631,4462.00,4612.00,4491.50,4.36,75.07,7.94,881.37
2025-10-11T14:24:06, Add row to /TRACKING.csv
2025-10-11T14:24:07, Number of rows in /TRACKING.csv: 2
2025-10-11T14:24:09, Done loop ...
2025-10-11T14:24:09, ... powering down.
2025-10-11T14:40:52, Setup Complete
2025-10-11T14:40:55, Data: 2025-10-11T14:40:52,3.66,25631,4512.00,4986.00,4523.50,4.35,74.62,7.95,881.09
2025-10-11T14:40:55, Add row to /TRACKING.csv
2025-10-11T14:40:55, Number of rows in /TRACKING.csv: 3
2025-10-11T14:40:58, Done loop ...
2025-10-11T14:40:58, ... powering down.
2025-10-11T14:57:41, Setup Complete
2025-10-11T14:57:43, Data: 2025-10-11T14:57:41,3.65,25631,4463.00,4513.00,4504.50,3.91,76.61,7.90,881.36
2025-10-11T14:57:43, Add row to /TRACKING.csv
2025-10-11T14:57:44, Number of rows in /TRACKING.csv: 4
2025-10-11T14:57:47, Number of rows in /TRACKING.csv is >= 4
2025-10-11T14:57:47, Remove tracking
2025-10-11T14:57:47, Write to /TRANSMIT.csv: 2025-10-11T14:57:41,3.65,4463.00,3.9,77
2025-10-11T14:57:47, Number of rows in /TRANSMIT.csv: 3
2025-10-11T14:57:47, Current hour = 14, Transmission hour = 1
2025-10-11T14:57:47, Current hour = 14, Transmission hour = 6
2025-10-11T14:57:47, Current hour = 14, Transmission hour = 8
2025-10-11T14:57:47, Current hour = 14, Transmission hour = 9
2025-10-11T14:57:47, Current hour = 14, Transmission hour = 10
2025-10-11T14:57:47, Current hour = 14, Transmission hour = 15
2025-10-11T14:57:47, Current hour = 14, Transmission hour = 20
2025-10-11T14:57:47, Current hour = 14, Transmission hour = 22
2025-10-11T14:57:47, Done loop ...
2025-10-11T14:57:48, ... powering down.
2025-10-11T15:14:29, Setup Complete
2025-10-11T15:14:31, Data: 2025-10-11T15:14:29,3.65,25631,4470.00,4986.00,4493.00,4.50,72.51,8.68,881.36
2025-10-11T15:14:31, Add row to /TRACKING.csv
2025-10-11T15:14:32, Number of rows in /TRACKING.csv: 1
2025-10-11T15:14:34, Done loop ...
2025-10-11T15:14:34, ... powering down.
2025-10-11T15:31:18, Setup Complete
2025-10-11T15:31:20, Data: 2025-10-11T15:31:18,3.64,25631,4474.00,4987.00,4504.00,5.26,71.31,8.60,881.49
2025-10-11T15:31:20, Add row to /TRACKING.csv
2025-10-11T15:31:20, Number of rows in /TRACKING.csv: 2
2025-10-11T15:31:23, Done loop ...
2025-10-11T15:31:23, ... powering down.
2025-10-11T15:48:06, Setup Complete
2025-10-11T15:48:08, Data: 2025-10-11T15:48:06,3.67,25631,4492.00,4984.00,4506.50,3.56,76.46,6.62,881.43
2025-10-11T15:48:08, Add row to /TRACKING.csv
2025-10-11T15:48:09, Number of rows in /TRACKING.csv: 3
2025-10-11T15:48:11, Done loop ...
2025-10-11T15:48:11, ... powering down.
2025-10-11T16:04:55, Setup Complete
2025-10-11T16:04:57, Data: 2025-10-11T16:04:55,3.66,25631,4505.00,4513.00,4509.00,2.74,77.36,4.89,881.53
2025-10-11T16:04:57, Add row to /TRACKING.csv
2025-10-11T16:04:57, Number of rows in /TRACKING.csv: 4
2025-10-11T16:05:00, Number of rows in /TRACKING.csv is >= 4
2025-10-11T16:05:01, Remove tracking
2025-10-11T16:05:01, Write to /TRANSMIT.csv: 2025-10-11T16:04:55,3.66,4505.00,2.7,77
2025-10-11T16:05:01, Number of rows in /TRANSMIT.csv: 4
2025-10-11T16:05:01, Current hour = 16, Transmission hour = 1
2025-10-11T16:05:01, Current hour = 16, Transmission hour = 6
2025-10-11T16:05:01, Current hour = 16, Transmission hour = 8
2025-10-11T16:05:01, Current hour = 16, Transmission hour = 9
2025-10-11T16:05:01, Current hour = 16, Transmission hour = 10
2025-10-11T16:05:01, Current hour = 16, Transmission hour = 15
2025-10-11T16:05:01, Current hour = 16, Transmission hour = 20
2025-10-11T16:05:01, Current hour = 16, Transmission hour = 22
2025-10-11T16:05:01, Done loop ...
2025-10-11T16:05:01, ... powering down.
2025-10-11T16:21:43, Setup Complete
2025-10-11T16:21:45, Data: 2025-10-11T16:21:43,3.67,25631,4498.00,4514.00,4503.00,3.05,77.09,4.15,881.66
2025-10-11T16:21:45, Add row to /TRACKING.csv
2025-10-11T16:21:46, Number of rows in /TRACKING.csv: 1
2025-10-11T16:21:48, Done loop ...
2025-10-11T16:21:48, ... powering down.
2025-10-11T16:38:32, Setup Complete
2025-10-11T16:38:34, Data: 2025-10-11T16:38:32,3.67,25631,4497.00,4518.00,4508.50,3.16,68.57,3.99,881.61
2025-10-11T16:38:34, Add row to /TRACKING.csv
2025-10-11T16:38:34, Number of rows in /TRACKING.csv: 2
2025-10-11T16:38:37, Done loop ...
2025-10-11T16:38:37, ... powering down.
2025-10-11T16:55:20, Setup Complete
2025-10-11T16:55:22, Data: 2025-10-11T16:55:20,3.68,25631,4463.00,4986.00,4486.50,2.26,58.60,2.96,881.71
2025-10-11T16:55:22, Add row to /TRACKING.csv
2025-10-11T16:55:22, Number of rows in /TRACKING.csv: 3
2025-10-11T16:55:25, Done loop ...
2025-10-11T16:55:25, ... powering down.
2025-10-11T17:12:08, Setup Complete
2025-10-11T17:12:11, Data: 2025-10-11T17:12:08,3.69,25631,4489.00,4530.00,4504.50,2.09,57.71,2.44,881.82
2025-10-11T17:12:11, Add row to /TRACKING.csv
2025-10-11T17:12:11, Number of rows in /TRACKING.csv: 4
2025-10-11T17:12:14, Number of rows in /TRACKING.csv is >= 4
2025-10-11T17:12:14, Remove tracking
2025-10-11T17:12:14, Write to /TRANSMIT.csv: 2025-10-11T17:12:08,3.69,4489.00,2.1,58
2025-10-11T17:12:14, Number of rows in /TRANSMIT.csv: 5
2025-10-11T17:12:14, Current hour = 17, Transmission hour = 1
2025-10-11T17:12:14, 1112433448+03982:449+05075:446+03977:451+02777:449+02158
2025-10-11T17:12:16,  - attempt to send message: 1112433448+03982:449+05075:446+03977:451+02777:449+02158
2025-10-11T17:12:17,  - Modem begin successful
2025-10-11T17:12:17,  - Sending...
2025-10-11T17:12:47, Send response: 
2025-10-11T17:12:47,  - Retry...
2025-10-11T17:12:47,    - Sending...
2025-10-11T17:12:48,    - Send response: 10
2025-10-11T17:13:18,  Sync clocks... 
2025-10-11T17:13:18,  - Clock was not synced
2025-10-11T17:13:18, Transmission failed. Error = 10
2025-10-11T17:13:18, Done loop ...
2025-10-11T17:13:18, ... powering down.
2025-10-11T17:28:56, Setup Complete
2025-10-11T17:28:59, Data: 2025-10-11T17:28:56,3.68,25631,4472.00,4498.00,4486.50,1.71,58.04,1.69,882.04
2025-10-11T17:28:59, Add row to /TRACKING.csv
2025-10-11T17:28:59, Number of rows in /TRACKING.csv: 1
2025-10-11T17:29:01, Done loop ...
2025-10-11T17:29:01, ... powering down.
2025-10-11T17:45:44, Setup Complete
2025-10-11T17:45:47, Data: 2025-10-11T17:45:44,3.58,25631,638.00,4493.00,4483.00,1.47,58.08,1.12,882.21
2025-10-11T17:45:47, Add row to /TRACKING.csv
2025-10-11T17:45:47, Number of rows in /TRACKING.csv: 2
2025-10-11T17:45:49, Done loop ...
2025-10-11T17:45:49, ... powering down.
2025-10-11T18:02:32, Setup Complete
2025-10-11T18:02:35, Data: 2025-10-11T18:02:32,3.68,25631,4460.00,4504.00,4495.50,1.12,57.56,0.63,882.29
2025-10-11T18:02:35, Add row to /TRACKING.csv
2025-10-11T18:02:35, Number of rows in /TRACKING.csv: 3
2025-10-11T18:02:38, Done loop ...
2025-10-11T18:02:38, ... powering down.
2025-10-11T18:19:20, Setup Complete
2025-10-11T18:19:22, Data: 2025-10-11T18:19:20,3.69,25631,4466.00,4542.00,4502.00,1.17,57.48,0.26,882.38
2025-10-11T18:19:22, Add row to /TRACKING.csv
2025-10-11T18:19:23, Number of rows in /TRACKING.csv: 4
2025-10-11T18:19:26, Number of rows in /TRACKING.csv is >= 4
2025-10-11T18:19:26, Remove tracking
2025-10-11T18:19:26, Write to /TRANSMIT.csv: 2025-10-11T18:19:20,3.69,4466.00,1.2,57
2025-10-11T18:19:26, Number of rows in /TRANSMIT.csv: 6
2025-10-11T18:19:26, Current hour = 18, Transmission hour = 1
2025-10-11T18:19:26, 1112433448+03982:449+05075:446+03977:451+02777:449+02158:447+01257
2025-10-11T18:19:28,  - attempt to send message: 1112433448+03982:449+05075:446+03977:451+02777:449+02158:447+01257
2025-10-11T18:19:29,  - Modem begin successful
2025-10-11T18:19:29,  - Sending...
2025-10-11T18:20:15,  - Send response: 
2025-10-11T18:20:15,   - Sync clocks... 
2025-10-11T18:20:15,  - Arduino Old Time: 2025-10-12T02:20:15
2025-10-11T18:20:13,  - Arduino New Time: 2025-10-12T02:20:13
2025-10-11T18:20:13, Message sent! Removing /TRANSMIT.csv
2025-10-11T18:20:13, Done loop ...
2025-10-11T18:20:13, ... powering down.
2025-10-11T18:36:06, Setup Complete
2025-10-11T18:36:08, Data: 2025-10-11T18:36:06,3.68,25631,4480.00,4500.00,4492.50,0.75,57.71,-0.05,882.46
2025-10-11T18:36:08, Add row to /TRACKING.csv
2025-10-11T18:36:08, Number of rows in /TRACKING.csv: 1
2025-10-11T18:36:11, Done loop ...
2025-10-11T18:36:11, ... powering down.
2025-10-11T18:52:54, Setup Complete
2025-10-11T18:52:56, Data: 2025-10-11T18:52:54,3.67,25631,4490.00,4571.00,4495.00,0.62,57.01,-0.34,882.56
2025-10-11T18:52:56, Add row to /TRACKING.csv
2025-10-11T18:52:56, Number of rows in /TRACKING.csv: 2
2025-10-11T18:52:59, Done loop ...
2025-10-11T18:52:59, ... powering down.
2025-10-11T19:09:42, Setup Complete
2025-10-11T19:09:44, Data: 2025-10-11T19:09:42,3.67,25631,4440.00,4505.00,4486.50,0.26,56.24,-0.55,882.51
2025-10-11T19:09:44, Add row to /TRACKING.csv
2025-10-11T19:09:44, Number of rows in /TRACKING.csv: 3
2025-10-11T19:09:47, Done loop ...
2025-10-11T19:09:47, ... powering down.
2025-10-11T19:26:29, Setup Complete
2025-10-11T19:26:32, Data: 2025-10-11T19:26:29,3.67,25631,640.00,4498.00,4484.00,0.56,55.60,-0.63,882.53
2025-10-11T19:26:32, Add row to /TRACKING.csv
2025-10-11T19:26:32, Number of rows in /TRACKING.csv: 4
2025-10-11T19:26:35, Number of rows in /TRACKING.csv is >= 4
2025-10-11T19:26:35, Remove tracking
2025-10-11T19:26:35, Write to /TRANSMIT.csv: 2025-10-11T19:26:29,3.67,640.00,0.6,56
2025-10-11T19:26:35, Number of rows in /TRANSMIT.csv: 1
2025-10-11T19:26:35, Current hour = 19, Transmission hour = 1
2025-10-11T19:26:35, Current hour = 19, Transmission hour = 6
2025-10-11T19:26:35, Current hour = 19, Transmission hour = 8
2025-10-11T19:26:35, Current hour = 19, Transmission hour = 9
2025-10-11T19:26:36, Current hour = 19, Transmission hour = 10
2025-10-11T19:26:36, Current hour = 19, Transmission hour = 15
2025-10-11T19:26:36, Current hour = 19, Transmission hour = 20
2025-10-11T19:26:36, Current hour = 19, Transmission hour = 22
2025-10-11T19:26:36, Done loop ...
2025-10-11T19:26:36, ... powering down.
2025-10-11T19:43:17, Setup Complete
2025-10-11T19:43:19, Data: 2025-10-11T19:43:17,3.58,25631,500.00,4987.00,4484.50,0.02,57.27,-0.82,882.40
2025-10-11T19:43:19, Add row to /TRACKING.csv
2025-10-11T19:43:20, Number of rows in /TRACKING.csv: 1
2025-10-11T19:43:22, Done loop ...
2025-10-11T19:43:22, ... powering down.
2025-10-11T20:00:05, Setup Complete
2025-10-11T20:00:07, Data: 2025-10-11T20:00:05,3.68,25631,4426.00,4491.00,4475.00,0.27,54.44,-0.95,882.43
2025-10-11T20:00:07, Add row to /TRACKING.csv
2025-10-11T20:00:07, Number of rows in /TRACKING.csv: 2
2025-10-11T20:00:10, Done loop ...
2025-10-11T20:00:10, ... powering down.
2025-10-11T20:16:53, Setup Complete
2025-10-11T20:16:55, Data: 2025-10-11T20:16:53,3.69,25631,4467.00,4496.00,4486.50,0.74,52.19,-0.59,882.44
2025-10-11T20:16:55, Add row to /TRACKING.csv
2025-10-11T20:16:55, Number of rows in /TRACKING.csv: 3
2025-10-11T20:16:58, Done loop ...
2025-10-11T20:16:58, ... powering down.
2025-10-11T20:33:41, Setup Complete
2025-10-11T20:33:43, Data: 2025-10-11T20:33:41,3.69,25631,4424.00,4483.00,4459.50,0.38,51.95,-0.73,882.52
2025-10-11T20:33:43, Add row to /TRACKING.csv
2025-10-11T20:33:43, Number of rows in /TRACKING.csv: 4
2025-10-11T20:33:46, Number of rows in /TRACKING.csv is >= 4
2025-10-11T20:33:47, Remove tracking
2025-10-11T20:33:47, Write to /TRANSMIT.csv: 2025-10-11T20:33:41,3.69,4424.00,0.4,52
2025-10-11T20:33:47, Number of rows in /TRANSMIT.csv: 2
2025-10-11T20:33:47, Current hour = 20, Transmission hour = 1
2025-10-11T20:33:47, Current hour = 20, Transmission hour = 6
2025-10-11T20:33:47, Current hour = 20, Transmission hour = 8
2025-10-11T20:33:47, Current hour = 20, Transmission hour = 9
2025-10-11T20:33:47, Current hour = 20, Transmission hour = 10
2025-10-11T20:33:47, Current hour = 20, Transmission hour = 15
2025-10-11T20:33:47, Current hour = 20, Transmission hour = 20
2025-10-11T20:33:47, 1119263064+00656:442+00452
2025-10-11T20:33:49,  - attempt to send message: 1119263064+00656:442+00452
2025-10-11T20:33:50,  - Modem begin successful
2025-10-11T20:33:50,  - Sending...
2025-10-11T20:33:57,  - Send response: 
2025-10-11T20:33:57,   - Sync clocks... 
2025-10-11T20:33:57,  - Arduino Old Time: 2025-10-12T04:33:57
2025-10-11T20:33:56,  - Arduino New Time: 2025-10-12T04:33:56
2025-10-11T20:33:56, Message sent! Removing /TRANSMIT.csv
2025-10-11T20:33:56, Done loop ...
2025-10-11T20:33:56, ... powering down.
2025-10-11T20:50:28, Setup Complete
2025-10-11T20:50:30, Data: 2025-10-11T20:50:28,3.69,25631,4467.00,4489.00,4485.50,0.23,52.12,-0.88,882.55
2025-10-11T20:50:30, Add row to /TRACKING.csv
2025-10-11T20:50:30, Number of rows in /TRACKING.csv: 1
2025-10-11T20:50:32, Done loop ...
2025-10-11T20:50:32, ... powering down.
2025-10-11T21:07:15, Setup Complete
2025-10-11T21:07:18, Data: 2025-10-11T21:07:15,3.69,25631,4458.00,4511.00,4475.50,0.41,50.98,-1.00,882.72
2025-10-11T21:07:18, Add row to /TRACKING.csv
2025-10-11T21:07:18, Number of rows in /TRACKING.csv: 2
2025-10-11T21:07:20, Done loop ...
2025-10-11T21:07:21, ... powering down.
2025-10-11T21:24:03, Setup Complete
2025-10-11T21:24:05, Data: 2025-10-11T21:24:03,3.69,25631,4488.00,4986.00,4498.00,0.11,51.35,-1.04,882.65
2025-10-11T21:24:06, Add row to /TRACKING.csv
2025-10-11T21:24:06, Number of rows in /TRACKING.csv: 3
2025-10-11T21:24:09, Done loop ...
2025-10-11T21:24:09, ... powering down.
2025-10-11T21:40:51, Setup Complete
2025-10-11T21:40:53, Data: 2025-10-11T21:40:51,3.69,25631,4415.00,4533.00,4480.00,-0.09,52.27,-1.17,882.68
2025-10-11T21:40:53, Add row to /TRACKING.csv
2025-10-11T21:40:53, Number of rows in /TRACKING.csv: 4
2025-10-11T21:40:57, Number of rows in /TRACKING.csv is >= 4
2025-10-11T21:40:57, Remove tracking
2025-10-11T21:40:57, Write to /TRANSMIT.csv: 2025-10-11T21:40:51,3.69,4415.00,-0.1,52
2025-10-11T21:40:57, Number of rows in /TRANSMIT.csv: 1
2025-10-11T21:40:57, Current hour = 21, Transmission hour = 1
2025-10-11T21:40:57, Current hour = 21, Transmission hour = 6
2025-10-11T21:40:57, Current hour = 21, Transmission hour = 8
2025-10-11T21:40:57, Current hour = 21, Transmission hour = 9
2025-10-11T21:40:57, Current hour = 21, Transmission hour = 10
2025-10-11T21:40:57, Current hour = 21, Transmission hour = 15
2025-10-11T21:40:57, Current hour = 21, Transmission hour = 20
2025-10-11T21:40:57, Current hour = 21, Transmission hour = 22
2025-10-11T21:40:57, Done loop ...
2025-10-11T21:40:58, ... powering down.
2025-10-11T21:57:39, Setup Complete
2025-10-11T21:57:41, Data: 2025-10-11T21:57:39,3.68,25631,4440.00,4986.00,4473.00,-0.15,51.90,-1.33,882.80
2025-10-11T21:57:41, Add row to /TRACKING.csv
2025-10-11T21:57:41, Number of rows in /TRACKING.csv: 1
2025-10-11T21:57:44, Done loop ...
2025-10-11T21:57:44, ... powering down.
2025-10-11T22:14:27, Setup Complete
2025-10-11T22:14:29, Data: 2025-10-11T22:14:27,3.69,25631,4474.00,4986.00,4486.00,-0.17,53.14,-1.26,882.76
2025-10-11T22:14:29, Add row to /TRACKING.csv
2025-10-11T22:14:29, Number of rows in /TRACKING.csv: 2
2025-10-11T22:14:32, Done loop ...
2025-10-11T22:14:32, ... powering down.
2025-10-11T22:31:14, Setup Complete
2025-10-11T22:31:17, Data: 2025-10-11T22:31:15,3.68,25631,500.00,4504.00,4485.00,-0.26,54.07,-1.33,882.79
2025-10-11T22:31:17, Add row to /TRACKING.csv
2025-10-11T22:31:17, Number of rows in /TRACKING.csv: 3
2025-10-11T22:31:20, Done loop ...
2025-10-11T22:31:20, ... powering down.
2025-10-11T22:48:02, Setup Complete
2025-10-11T22:48:04, Data: 2025-10-11T22:48:02,3.68,25631,4477.00,4988.00,4494.00,-0.59,55.87,-1.58,882.78
2025-10-11T22:48:04, Add row to /TRACKING.csv
2025-10-11T22:48:05, Number of rows in /TRACKING.csv: 4
2025-10-11T22:48:08, Number of rows in /TRACKING.csv is >= 4
2025-10-11T22:48:08, Remove tracking
2025-10-11T22:48:08, Write to /TRANSMIT.csv: 2025-10-11T22:48:02,3.68,4477.00,-0.6,56
2025-10-11T22:48:08, Number of rows in /TRANSMIT.csv: 2
2025-10-11T22:48:08, Current hour = 22, Transmission hour = 1
2025-10-11T22:48:08, Current hour = 22, Transmission hour = 6
2025-10-11T22:48:08, Current hour = 22, Transmission hour = 8
2025-10-11T22:48:08, Current hour = 22, Transmission hour = 9
2025-10-11T22:48:08, Current hour = 22, Transmission hour = 10
2025-10-11T22:48:08, Current hour = 22, Transmission hour = 15
2025-10-11T22:48:09, Current hour = 22, Transmission hour = 20
2025-10-11T22:48:09, Current hour = 22, Transmission hour = 22
2025-10-11T22:48:09, 1121403442-00152:448-00656
2025-10-11T22:48:11,  - attempt to send message: 1121403442-00152:448-00656
2025-10-11T22:48:11,  - Modem begin successful
2025-10-11T22:48:12,  - Sending...
2025-10-11T22:48:16,  - Send response: 
2025-10-11T22:48:16,   - Sync clocks... 
2025-10-11T22:48:16,  - Arduino Old Time: 2025-10-12T06:48:16
2025-10-11T22:48:16,  - Arduino New Time: 2025-10-12T06:48:16
2025-10-11T22:48:16, Message sent! Removing /TRANSMIT.csv
2025-10-11T22:48:16, Done loop ...
2025-10-11T22:48:16, ... powering down.
2025-10-11T23:04:50, Setup Complete
2025-10-11T23:04:52, Data: 2025-10-11T23:04:50,3.69,25631,641.00,4492.00,4483.00,-0.39,54.93,-1.58,882.84
2025-10-11T23:04:52, Add row to /TRACKING.csv
2025-10-11T23:04:52, Number of rows in /TRACKING.csv: 1
2025-10-11T23:04:55, Done loop ...
2025-10-11T23:04:55, ... powering down.
2025-10-11T23:21:38, Setup Complete
2025-10-11T23:21:40, Data: 2025-10-11T23:21:38,3.69,25631,4492.00,4505.00,4498.00,-0.60,56.56,-1.67,882.90
2025-10-11T23:21:40, Add row to /TRACKING.csv
2025-10-11T23:21:40, Number of rows in /TRACKING.csv: 2
2025-10-11T23:21:43, Done loop ...
2025-10-11T23:21:43, ... powering down.
2025-10-11T23:38:26, Setup Complete
2025-10-11T23:38:28, Data: 2025-10-11T23:38:26,3.69,25631,4482.00,4536.00,4496.50,-0.79,57.04,-1.81,882.97
2025-10-11T23:38:28, Add row to /TRACKING.csv
2025-10-11T23:38:28, Number of rows in /TRACKING.csv: 3
2025-10-11T23:38:31, Done loop ...
2025-10-11T23:38:31, ... powering down.
2025-10-11T23:55:13, Setup Complete
2025-10-11T23:55:16, Data: 2025-10-11T23:55:13,3.57,25631,640.00,4985.00,4486.50,-0.72,56.68,-1.86,883.16
2025-10-11T23:55:16, Add row to /TRACKING.csv
2025-10-11T23:55:16, Number of rows in /TRACKING.csv: 4
2025-10-11T23:55:19, Number of rows in /TRACKING.csv is >= 4
2025-10-11T23:55:19, Remove tracking
2025-10-11T23:55:19, Write to /TRANSMIT.csv: 2025-10-11T23:55:13,3.57,640.00,-0.7,57
2025-10-11T23:55:19, Number of rows in /TRANSMIT.csv: 1
2025-10-11T23:55:19, Current hour = 23, Transmission hour = 1
2025-10-11T23:55:19, Current hour = 23, Transmission hour = 6
2025-10-11T23:55:19, Current hour = 23, Transmission hour = 8
2025-10-11T23:55:19, Current hour = 23, Transmission hour = 9
2025-10-11T23:55:20, Current hour = 23, Transmission hour = 10
2025-10-11T23:55:20, Current hour = 23, Transmission hour = 15
2025-10-11T23:55:20, Current hour = 23, Transmission hour = 20
2025-10-11T23:55:20, Current hour = 23, Transmission hour = 22
2025-10-11T23:55:20, Done loop ...
2025-10-11T23:55:20, ... powering down.
2025-10-12T00:12:01, Setup Complete
2025-10-12T00:12:03, Data: 2025-10-12T00:12:01,3.69,25631,4439.00,4515.00,4491.00,-0.94,56.76,-1.94,883.17
2025-10-12T00:12:03, Add row to /TRACKING.csv
2025-10-12T00:12:04, Number of rows in /TRACKING.csv: 1
2025-10-12T00:12:06, Done loop ...
2025-10-12T00:12:06, ... powering down.
2025-10-12T00:28:49, Setup Complete
2025-10-12T00:28:51, Data: 2025-10-12T00:28:49,3.69,25631,4470.00,4488.00,4477.50,-0.90,55.56,-1.94,883.11
2025-10-12T00:28:51, Add row to /TRACKING.csv
2025-10-12T00:28:51, Number of rows in /TRACKING.csv: 2
2025-10-12T00:28:54, Done loop ...
2025-10-12T00:28:54, ... powering down.
2025-10-12T00:45:37, Setup Complete
2025-10-12T00:45:39, Data: 2025-10-12T00:45:37,3.69,25631,4418.00,4494.00,4466.50,-0.80,56.00,-1.95,883.09
2025-10-12T00:45:39, Add row to /TRACKING.csv
2025-10-12T00:45:39, Number of rows in /TRACKING.csv: 3
2025-10-12T00:45:42, Done loop ...
2025-10-12T00:45:42, ... powering down.
2025-10-12T01:02:24, Setup Complete
2025-10-12T01:02:27, Data: 2025-10-12T01:02:24,3.57,25631,4472.00,4987.00,4499.50,-0.69,56.55,-1.91,883.17
2025-10-12T01:02:27, Add row to /TRACKING.csv
2025-10-12T01:02:27, Number of rows in /TRACKING.csv: 4
2025-10-12T01:02:30, Number of rows in /TRACKING.csv is >= 4
2025-10-12T01:02:30, Remove tracking
2025-10-12T01:02:30, Write to /TRANSMIT.csv: 2025-10-12T01:02:24,3.57,4472.00,-0.7,57
2025-10-12T01:02:30, Number of rows in /TRANSMIT.csv: 2
2025-10-12T01:02:30, Current hour = 1, Transmission hour = 1
2025-10-12T01:02:30, 1123552064-00757:447-00757
2025-10-12T01:02:33,  - attempt to send message: 1123552064-00757:447-00757
2025-10-12T01:02:33,  - Modem begin successful
2025-10-12T01:02:33,  - Sending...
2025-10-12T01:03:03, Send response: 
2025-10-12T01:03:03,  - Retry...
2025-10-12T01:03:03,    - Sending...
2025-10-12T01:03:04,    - Send response: 10
2025-10-12T01:03:34,  Sync clocks... 
2025-10-12T01:03:34,  - Clock was not synced
2025-10-12T01:03:34, Transmission failed. Error = 10
2025-10-12T01:03:34, Done loop ...
2025-10-12T01:03:34, ... powering down.
2025-10-12T01:19:12, Setup Complete
2025-10-12T01:19:14, Data: 2025-10-12T01:19:12,3.68,25631,4424.00,4987.00,4458.00,-0.66,56.75,-1.90,883.32
2025-10-12T01:19:14, Add row to /TRACKING.csv
2025-10-12T01:19:15, Number of rows in /TRACKING.csv: 1
2025-10-12T01:19:17, Done loop ...
2025-10-12T01:19:17, ... powering down.
2025-10-12T01:36:00, Setup Complete
2025-10-12T01:36:02, Data: 2025-10-12T01:36:00,3.69,25631,643.00,4506.00,4492.00,-0.72,56.38,-1.84,883.49
2025-10-12T01:36:02, Add row to /TRACKING.csv
2025-10-12T01:36:02, Number of rows in /TRACKING.csv: 2
2025-10-12T01:36:05, Done loop ...
2025-10-12T01:36:05, ... powering down.
2025-10-12T01:52:48, Setup Complete
2025-10-12T01:52:50, Data: 2025-10-12T01:52:48,3.82,25631,4497.00,4987.00,4558.50,-0.74,56.45,-1.88,883.57
2025-10-12T01:52:50, Add row to /TRACKING.csv
2025-10-12T01:52:50, Number of rows in /TRACKING.csv: 3
2025-10-12T01:52:53, Done loop ...
2025-10-12T01:52:53, ... powering down.
2025-10-12T02:09:35, Setup Complete
2025-10-12T02:09:38, Data: 2025-10-12T02:09:35,3.69,25631,4456.00,4599.00,4485.00,-0.74,56.14,-1.89,883.60
2025-10-12T02:09:38, Add row to /TRACKING.csv
2025-10-12T02:09:38, Number of rows in /TRACKING.csv: 4
2025-10-12T02:09:41, Number of rows in /TRACKING.csv is >= 4
2025-10-12T02:09:41, Remove tracking
2025-10-12T02:09:41, Write to /TRANSMIT.csv: 2025-10-12T02:09:35,3.69,4456.00,-0.7,56
2025-10-12T02:09:41, Number of rows in /TRANSMIT.csv: 3
2025-10-12T02:09:41, Current hour = 2, Transmission hour = 1
2025-10-12T02:09:41, Current hour = 2, Transmission hour = 6
2025-10-12T02:09:41, Current hour = 2, Transmission hour = 8
2025-10-12T02:09:42, Current hour = 2, Transmission hour = 9
2025-10-12T02:09:42, Current hour = 2, Transmission hour = 10
2025-10-12T02:09:42, Current hour = 2, Transmission hour = 15
2025-10-12T02:09:42, Current hour = 2, Transmission hour = 20
2025-10-12T02:09:42, Current hour = 2, Transmission hour = 22
2025-10-12T02:09:42, Done loop ...
2025-10-12T02:09:42, ... powering down.
2025-10-12T02:26:23, Setup Complete
2025-10-12T02:26:25, Data: 2025-10-12T02:26:23,3.69,25631,4473.00,4512.00,4491.00,-0.97,57.50,-1.95,883.67
2025-10-12T02:26:25, Add row to /TRACKING.csv
2025-10-12T02:26:26, Number of rows in /TRACKING.csv: 1
2025-10-12T02:26:28, Done loop ...
2025-10-12T02:26:28, ... powering down.
2025-10-12T02:43:11, Setup Complete
2025-10-12T02:43:13, Data: 2025-10-12T02:43:11,3.68,25631,4429.00,4510.00,4453.50,-0.91,57.02,-1.97,883.72
2025-10-12T02:43:13, Add row to /TRACKING.csv
2025-10-12T02:43:13, Number of rows in /TRACKING.csv: 2
2025-10-12T02:43:16, Done loop ...
2025-10-12T02:43:16, ... powering down.
2025-10-12T02:59:59, Setup Complete
2025-10-12T03:00:01, Data: 2025-10-12T02:59:59,3.69,25631,4488.00,4611.00,4502.00,-0.97,57.15,-2.06,883.73
2025-10-12T03:00:01, Add row to /TRACKING.csv
2025-10-12T03:00:01, Number of rows in /TRACKING.csv: 3
2025-10-12T03:00:04, Done loop ...
2025-10-12T03:00:04, ... powering down.
2025-10-12T03:16:46, Setup Complete
2025-10-12T03:16:49, Data: 2025-10-12T03:16:46,3.69,25631,500.00,4617.00,4501.00,-0.87,56.83,-2.07,883.76
2025-10-12T03:16:49, Add row to /TRACKING.csv
2025-10-12T03:16:49, Number of rows in /TRACKING.csv: 4
2025-10-12T03:16:52, Number of rows in /TRACKING.csv is >= 4
2025-10-12T03:16:52, Remove tracking
2025-10-12T03:16:52, Write to /TRANSMIT.csv: 2025-10-12T03:16:46,3.69,500.00,-0.9,57
2025-10-12T03:16:52, Number of rows in /TRANSMIT.csv: 4
2025-10-12T03:16:52, Current hour = 3, Transmission hour = 1
2025-10-12T03:16:52, Current hour = 3, Transmission hour = 6
2025-10-12T03:16:52, Current hour = 3, Transmission hour = 8
2025-10-12T03:16:53, Current hour = 3, Transmission hour = 9
2025-10-12T03:16:53, Current hour = 3, Transmission hour = 10
2025-10-12T03:16:53, Current hour = 3, Transmission hour = 15
2025-10-12T03:16:53, Current hour = 3, Transmission hour = 20
2025-10-12T03:16:53, Current hour = 3, Transmission hour = 22
2025-10-12T03:16:53, Done loop ...
2025-10-12T03:16:53, ... powering down.
2025-10-12T03:33:34, Setup Complete
2025-10-12T03:33:36, Data: 2025-10-12T03:33:34,3.69,25631,4443.00,4987.00,4458.50,-0.93,56.57,-2.08,883.91
2025-10-12T03:33:36, Add row to /TRACKING.csv
2025-10-12T03:33:37, Number of rows in /TRACKING.csv: 1
2025-10-12T03:33:39, Done loop ...
2025-10-12T03:33:39, ... powering down.
2025-10-12T03:50:22, Setup Complete
2025-10-12T03:50:24, Data: 2025-10-12T03:50:22,3.56,25631,4407.00,4988.00,4468.00,-1.15,57.36,-2.13,883.97
2025-10-12T03:50:24, Add row to /TRACKING.csv
2025-10-12T03:50:24, Number of rows in /TRACKING.csv: 2
2025-10-12T03:50:27, Done loop ...
2025-10-12T03:50:27, ... powering down.
2025-10-12T04:07:10, Setup Complete
2025-10-12T04:07:12, Data: 2025-10-12T04:07:10,3.61,25631,4431.00,4988.00,4528.50,-1.01,57.28,-2.12,884.17
2025-10-12T04:07:12, Add row to /TRACKING.csv
2025-10-12T04:07:12, Number of rows in /TRACKING.csv: 3
2025-10-12T04:07:15, Done loop ...
2025-10-12T04:07:15, ... powering down.
2025-10-12T04:23:57, Setup Complete
2025-10-12T04:24:00, Data: 2025-10-12T04:23:57,3.69,25631,4423.00,4448.00,4442.00,-1.11,57.57,-2.15,884.37
2025-10-12T04:24:00, Add row to /TRACKING.csv
2025-10-12T04:24:00, Number of rows in /TRACKING.csv: 4
2025-10-12T04:24:03, Number of rows in /TRACKING.csv is >= 4
2025-10-12T04:24:03, Remove tracking
2025-10-12T04:24:03, Write to /TRANSMIT.csv: 2025-10-12T04:23:57,3.69,4423.00,-1.1,58
2025-10-12T04:24:03, Number of rows in /TRANSMIT.csv: 5
2025-10-12T04:24:03, Current hour = 4, Transmission hour = 1
2025-10-12T04:24:03, 1123553064-00757:447-00757:446-00756:050-00957:442-01158
2025-10-12T04:24:06,  - attempt to send message: 1123553064-00757:447-00757:446-00756:050-00957:442-01158
2025-10-12T04:24:06,  - Modem begin successful
2025-10-12T04:24:06,  - Sending...
2025-10-12T04:24:12,  - Send response: 
2025-10-12T04:24:12,   - Sync clocks... 
2025-10-12T04:24:12,  - Arduino Old Time: 2025-10-12T12:24:12
2025-10-12T04:24:11,  - Arduino New Time: 2025-10-12T12:24:11
2025-10-12T04:24:11, Message sent! Removing /TRANSMIT.csv
2025-10-12T04:24:12, Done loop ...
2025-10-12T04:24:12, ... powering down.
2025-10-12T04:40:44, Setup Complete
2025-10-12T04:40:46, Data: 2025-10-12T04:40:44,3.69,25631,4400.00,4514.00,4487.50,-1.09,57.35,-2.15,884.63
2025-10-12T04:40:46, Add row to /TRACKING.csv
2025-10-12T04:40:47, Number of rows in /TRACKING.csv: 1
2025-10-12T04:40:49, Done loop ...
2025-10-12T04:40:49, ... powering down.
2025-10-12T04:57:32, Setup Complete
2025-10-12T04:57:34, Data: 2025-10-12T04:57:32,3.65,25631,641.00,4540.00,4520.50,-1.22,58.27,-2.33,884.87
2025-10-12T04:57:34, Add row to /TRACKING.csv
2025-10-12T04:57:34, Number of rows in /TRACKING.csv: 2
2025-10-12T04:57:37, Done loop ...
2025-10-12T04:57:37, ... powering down.
2025-10-12T05:14:20, Setup Complete
2025-10-12T05:14:22, Data: 2025-10-12T05:14:20,3.69,25631,4443.00,4502.00,4483.50,-1.30,58.94,-2.38,885.05
2025-10-12T05:14:22, Add row to /TRACKING.csv
2025-10-12T05:14:22, Number of rows in /TRACKING.csv: 3
2025-10-12T05:14:25, Done loop ...
2025-10-12T05:14:25, ... powering down.
2025-10-12T05:31:07, Setup Complete
2025-10-12T05:31:10, Data: 2025-10-12T05:31:07,3.65,25631,4463.00,4535.00,4476.00,-0.97,57.67,-2.19,885.17
2025-10-12T05:31:10, Add row to /TRACKING.csv
2025-10-12T05:31:10, Number of rows in /TRACKING.csv: 4
2025-10-12T05:31:13, Number of rows in /TRACKING.csv is >= 4
2025-10-12T05:31:13, Remove tracking
2025-10-12T05:31:13, Write to /TRANSMIT.csv: 2025-10-12T05:31:07,3.65,4463.00,-1.0,58
2025-10-12T05:31:13, Number of rows in /TRANSMIT.csv: 1
2025-10-12T05:31:13, Current hour = 5, Transmission hour = 1
2025-10-12T05:31:13, Current hour = 5, Transmission hour = 6
2025-10-12T05:31:13, Current hour = 5, Transmission hour = 8
2025-10-12T05:31:14, Current hour = 5, Transmission hour = 9
2025-10-12T05:31:14, Current hour = 5, Transmission hour = 10
2025-10-12T05:31:14, Current hour = 5, Transmission hour = 15
2025-10-12T05:31:14, Current hour = 5, Transmission hour = 20
2025-10-12T05:31:14, Current hour = 5, Transmission hour = 22
2025-10-12T05:31:14, Done loop ...
2025-10-12T05:31:14, ... powering down.
2025-10-12T05:47:55, Setup Complete
2025-10-12T05:47:57, Data: 2025-10-12T05:47:55,3.70,25631,638.00,4986.00,4495.50,-1.12,58.06,-2.17,885.26
2025-10-12T05:47:57, Add row to /TRACKING.csv
2025-10-12T05:47:58, Number of rows in /TRACKING.csv: 1
2025-10-12T05:48:00, Done loop ...
2025-10-12T05:48:00, ... powering down.
2025-10-12T06:04:43, Setup Complete
2025-10-12T06:04:45, Data: 2025-10-12T06:04:43,3.81,25631,4439.00,4679.00,4501.00,-1.38,59.65,-2.47,885.47
2025-10-12T06:04:45, Add row to /TRACKING.csv
2025-10-12T06:04:45, Number of rows in /TRACKING.csv: 2
2025-10-12T06:04:48, Done loop ...
2025-10-12T06:04:48, ... powering down.
2025-10-12T06:21:31, Setup Complete
2025-10-12T06:21:33, Data: 2025-10-12T06:21:31,3.69,25631,640.00,4988.00,4459.00,-1.27,59.26,-2.45,885.63
2025-10-12T06:21:33, Add row to /TRACKING.csv
2025-10-12T06:21:33, Number of rows in /TRACKING.csv: 3
2025-10-12T06:21:36, Done loop ...
2025-10-12T06:21:36, ... powering down.
2025-10-12T06:38:18, Setup Complete
2025-10-12T06:38:21, Data: 2025-10-12T06:38:18,3.69,25631,641.00,4574.00,4536.00,-1.36,60.40,-2.46,885.90
2025-10-12T06:38:21, Add row to /TRACKING.csv
2025-10-12T06:38:21, Number of rows in /TRACKING.csv: 4
2025-10-12T06:38:24, Number of rows in /TRACKING.csv is >= 4
2025-10-12T06:38:24, Remove tracking
2025-10-12T06:38:24, Write to /TRANSMIT.csv: 2025-10-12T06:38:18,3.69,641.00,-1.4,60
2025-10-12T06:38:24, Number of rows in /TRANSMIT.csv: 2
2025-10-12T06:38:24, Current hour = 6, Transmission hour = 1
2025-10-12T06:38:24, Current hour = 6, Transmission hour = 6
2025-10-12T06:38:25, 1205313446-01058:064-01460
2025-10-12T06:38:27,  - attempt to send message: 1205313446-01058:064-01460
2025-10-12T06:38:27,  - Modem begin successful
2025-10-12T06:38:27,  - Sending...
2025-10-12T06:38:36,  - Send response: 
2025-10-12T06:38:36,   - Sync clocks... 
2025-10-12T06:38:36,  - Arduino Old Time: 2025-10-12T14:38:36
2025-10-12T06:38:35,  - Arduino New Time: 2025-10-12T14:38:35
2025-10-12T06:38:35, Message sent! Removing /TRANSMIT.csv
2025-10-12T06:38:35, Done loop ...
2025-10-12T06:38:35, ... powering down.
2025-10-12T06:55:05, Setup Complete
2025-10-12T06:55:07, Data: 2025-10-12T06:55:05,3.56,25631,4468.00,4987.00,4501.00,-1.34,61.61,-2.43,885.99
2025-10-12T06:55:07, Add row to /TRACKING.csv
2025-10-12T06:55:07, Number of rows in /TRACKING.csv: 1
2025-10-12T06:55:10, Done loop ...
2025-10-12T06:55:10, ... powering down.
2025-10-12T07:11:55, Setup Complete
2025-10-12T07:11:57, Data: 2025-10-12T07:11:55,3.67,25631,2170.00,4642.00,4486.00,-1.22,61.71,-2.28,886.18
2025-10-12T07:11:57, Add row to /TRACKING.csv
2025-10-12T07:11:57, Number of rows in /TRACKING.csv: 2
2025-10-12T07:12:00, Done loop ...
2025-10-12T07:12:00, ... powering down.
2025-10-12T07:12:50, Setup Complete
2025-10-12T07:12:52, Data: 2025-10-12T07:12:50,3.60,25631,4261.00,4536.00,4517.50,-1.21,62.33,-2.23,886.09
2025-10-12T07:12:52, Add row to /TRACKING.csv
2025-10-12T07:12:52, Number of rows in /TRACKING.csv: 3
2025-10-12T07:12:55, Done loop ...
2025-10-12T07:12:55, ... powering down.
2025-10-12T07:13:18, Setup Complete
2025-10-12T07:13:20, Data: 2025-10-12T07:13:18,3.59,25631,4473.00,4550.00,4540.50,-1.18,61.72,-1.97,886.13
2025-10-12T07:13:20, Add row to /TRACKING.csv
2025-10-12T07:13:20, Number of rows in /TRACKING.csv: 4
2025-10-12T07:13:24, Number of rows in /TRACKING.csv is >= 4
2025-10-12T07:13:24, Remove tracking
2025-10-12T07:13:24, Write to /TRANSMIT.csv: 2025-10-12T07:13:18,3.59,4473.00,-1.2,62
2025-10-12T07:13:24, Number of rows in /TRANSMIT.csv: 1
2025-10-12T07:13:24, Current hour = 7, Transmission hour = 1
2025-10-12T07:13:24, Current hour = 7, Transmission hour = 6
2025-10-12T07:13:24, Current hour = 7, Transmission hour = 8
2025-10-12T07:13:24, Current hour = 7, Transmission hour = 9
2025-10-12T07:13:24, Current hour = 7, Transmission hour = 10
2025-10-12T07:13:24, Current hour = 7, Transmission hour = 15
2025-10-12T07:13:24, Current hour = 7, Transmission hour = 20
2025-10-12T07:13:24, Current hour = 7, Transmission hour = 22
2025-10-12T07:13:24, Done loop ...
2025-10-12T07:13:24, ... powering down.
2025-10-12T07:13:49, Setup Complete
