datetime,batt_v,memory,snow_depth_min_mm,snow_depth_max_mm,snow_depth_median_mm,air_2m_temp_deg_c,air_2m_temp_rh_prct,baro_temp_deg_c,baro_pressure_hPa
2026-06-17T10:56:30,4.12,25631,4332.00,4662.00,4359.50,9.53,56.43,10.17,885.44
2026-06-17T11:13:08,4.13,25631,4516.00,4635.00,4596.00,8.12,61.03,20.18,885.20
2026-06-17T11:29:46,4.13,25631,2964.00,2969.00,2966.00,8.98,58.47,21.28,885.66
2026-06-17T11:46:24,4.13,25631,2599.00,2614.00,2607.00,9.46,57.51,22.50,885.94
2026-06-17T12:03:02,4.14,25631,2602.00,2617.00,2605.50,9.80,55.38,22.07,885.21
2026-06-17T12:19:39,4.13,25631,2597.00,2611.00,2600.50,10.90,54.28,24.27,885.63
2026-06-17T12:36:17,4.13,25631,2601.00,2613.00,2608.00,10.60,55.17,24.21,885.49
2026-06-17T12:52:55,4.13,25631,2591.00,2610.00,2603.00,9.47,59.57,19.91,885.68
2026-06-17T13:09:33,4.13,25631,2561.00,2596.00,2582.50,10.05,60.32,19.98,886.21
2026-06-17T13:26:10,4.13,25631,2586.00,2616.00,2599.00,11.17,57.43,23.37,886.16
2026-06-17T13:42:48,4.14,25631,2589.00,2620.00,2608.00,10.50,59.18,23.00,885.56
2026-06-17T13:57:02,4.12,25631,2578.00,2584.00,2580.00,10.96,60.52,16.45,885.73
2026-06-17T14:13:40,4.13,25631,2558.00,2606.00,2591.50,10.02,61.78,21.35,885.82
2026-06-17T14:30:18,4.12,25631,2567.00,2610.00,2579.50,9.72,62.94,18.20,886.00
2026-06-17T14:46:56,4.13,25631,2571.00,2615.00,2600.00,10.41,60.49,20.26,885.99
2026-06-17T15:03:34,4.13,25631,2544.00,2609.00,2595.00,10.63,60.20,21.38,886.85
2026-06-17T15:20:11,4.13,25631,2592.00,2627.00,2623.50,10.94,58.70,22.69,885.99
2026-06-17T15:36:49,4.12,25631,2554.00,2617.00,2593.50,9.72,61.85,18.27,886.60
2026-06-17T15:53:27,4.13,25631,2604.00,2627.00,2621.50,11.83,56.70,20.93,886.47
2026-06-17T16:10:05,4.12,25631,2601.00,2619.00,2614.00,10.05,60.91,17.27,886.54
2026-06-17T16:26:43,4.13,25631,2605.00,2614.00,2610.50,9.64,62.02,15.24,886.56
2026-06-17T16:43:21,4.13,25631,2562.00,2627.00,2600.50,10.87,58.89,18.00,886.63
2026-06-17T16:59:58,4.13,25631,2622.00,2639.00,2632.00,12.17,55.52,22.92,886.63
2026-06-17T17:16:36,4.14,25631,2624.00,2657.00,2638.00,12.06,55.61,23.75,886.25
2026-06-17T17:33:14,4.14,25631,2566.00,2659.00,2633.00,11.78,56.90,22.04,885.96
2026-06-17T17:49:52,4.12,25631,2595.00,2617.00,2606.50,9.36,64.94,15.67,886.50
2026-06-17T18:06:30,4.12,25631,2604.00,2613.00,2609.50,9.90,63.32,14.56,886.80
2026-06-17T18:23:08,4.11,25631,2602.00,2610.00,2604.00,9.83,64.15,15.00,887.57
2026-06-17T18:39:46,4.13,25631,2615.00,2620.00,2617.50,11.13,60.11,16.89,887.62
2026-06-17T18:56:23,4.12,25631,2615.00,2620.00,2619.00,10.80,61.52,15.91,887.93
2026-06-17T19:13:01,4.02,25631,2620.00,2633.00,2628.50,10.24,62.56,16.20,886.88
2026-06-17T19:29:39,4.00,25631,2613.00,2626.00,2616.50,9.47,65.11,13.04,887.29
2026-06-17T19:46:17,4.02,25631,2623.00,2640.00,2631.00,10.63,61.50,17.42,887.18
2026-06-17T20:02:55,3.90,25631,2614.00,2622.00,2617.00,9.43,66.20,13.39,887.40
2026-06-17T20:19:33,4.01,25631,2587.00,2631.00,2614.50,9.52,65.68,12.63,887.53
2026-06-17T20:36:11,3.89,25631,2570.00,2639.00,2629.00,9.03,67.09,10.80,887.47
2026-06-17T20:52:49,3.89,25631,2577.00,2619.00,2600.00,8.74,68.33,9.26,887.59
2026-06-17T21:09:26,3.89,25631,2596.00,2625.00,2602.00,8.81,68.32,8.54,887.88
2026-06-17T21:26:04,3.89,25631,2599.00,2614.00,2604.50,8.52,69.04,8.00,888.08
2026-06-17T21:42:41,3.89,25631,2606.00,2613.00,2610.00,8.45,69.90,7.70,888.01
2026-06-17T21:59:19,3.89,25631,2607.00,2611.00,2609.00,9.35,66.96,7.86,888.08
2026-06-17T22:15:57,3.89,25631,2607.00,2611.00,2610.00,9.42,66.50,8.09,888.05
2026-06-17T22:32:34,3.89,25631,2604.00,2612.00,2608.00,9.15,67.45,7.98,888.09
2026-06-17T22:49:12,3.88,25631,2603.00,2607.00,2605.00,9.21,67.98,7.91,888.14
2026-06-17T23:05:49,3.89,25631,2606.00,2613.00,2611.00,9.94,65.35,8.16,888.08
2026-06-17T23:22:27,3.89,25631,2607.00,2613.00,2610.00,9.15,68.28,8.08,887.99
2026-06-17T23:39:04,3.88,25631,2604.00,2609.00,2607.00,9.22,68.14,7.91,888.03
2026-06-17T23:55:42,3.89,25631,2610.00,2613.00,2611.50,8.88,69.20,7.73,887.99
2026-06-18T00:12:19,3.89,25631,2607.00,2610.00,2608.00,9.01,69.46,7.74,888.00
2026-06-18T00:28:57,3.88,25631,2606.00,2617.00,2610.50,9.31,67.97,7.80,888.16
2026-06-18T00:45:35,3.89,25631,2610.00,2616.00,2615.00,9.00,69.41,7.77,888.02
2026-06-18T01:02:12,3.88,25631,2607.00,2616.00,2611.50,8.87,70.12,7.58,888.12
2026-06-18T01:18:50,3.89,25631,2609.00,2617.00,2614.00,8.81,70.19,7.55,888.26
2026-06-18T01:35:27,3.88,25631,2609.00,2616.00,2613.50,8.69,70.66,7.54,888.26
2026-06-18T01:52:05,3.88,25631,2598.00,2615.00,2609.50,8.85,69.73,7.62,888.26
2026-06-18T02:08:43,3.88,25631,2595.00,2614.00,2610.50,8.85,70.21,7.66,888.29
2026-06-18T02:25:20,3.89,25631,2611.00,2618.00,2613.50,8.83,70.21,7.59,888.42
2026-06-18T02:41:58,3.89,25631,2586.00,2627.00,2621.50,8.77,70.79,7.54,888.42
2026-06-18T02:58:35,3.88,25631,2596.00,2625.00,2619.50,9.12,69.53,7.64,888.47
2026-06-18T03:15:13,3.88,25631,2609.00,2620.00,2616.00,8.96,69.84,7.55,888.57
2026-06-18T03:31:51,3.89,25631,2607.00,2618.00,2611.00,8.36,72.07,7.37,888.69
2026-06-18T03:48:28,3.89,25631,2606.00,2614.00,2609.50,8.46,71.89,7.23,888.75
2026-06-18T04:05:06,3.88,25631,2599.00,2614.00,2610.00,8.66,71.39,7.31,888.88
2026-06-18T04:21:43,3.89,25631,2600.00,2624.00,2607.00,8.53,72.09,7.47,888.91
2026-06-18T04:38:21,3.89,25631,2601.00,2618.00,2608.00,9.05,70.29,7.70,888.95
2026-06-18T04:54:59,3.89,25631,2588.00,2635.00,2613.00,8.98,70.08,8.00,888.99
2026-06-18T05:11:37,4.00,25631,2613.00,2621.00,2616.50,8.84,70.82,8.11,889.04
2026-06-18T05:28:15,3.90,25631,2610.00,2618.00,2615.00,9.14,69.89,8.37,889.06
2026-06-18T05:44:53,3.90,25631,2614.00,2620.00,2617.50,9.31,69.45,8.67,889.05
2026-06-18T06:01:31,3.91,25631,2609.00,2618.00,2612.00,9.66,68.47,9.25,889.24
2026-06-18T06:18:09,4.11,25631,2614.00,2620.00,2616.50,9.66,69.14,9.37,889.17
2026-06-18T06:34:48,4.12,25631,2614.00,2620.00,2616.00,10.27,66.50,9.69,889.20
2026-06-18T06:51:26,4.12,25631,2612.00,2618.00,2614.00,10.60,66.22,15.92,889.93
2026-06-18T07:08:04,4.11,25631,2644.00,2648.00,2645.00,12.06,61.09,17.92,888.89
2026-06-18T07:24:42,4.12,25631,2637.00,2652.00,2639.50,11.48,62.42,14.33,889.38
2026-06-18T07:41:20,4.12,25631,2625.00,2635.00,2629.00,12.23,59.79,14.74,889.49
2026-06-18T07:57:58,4.13,25631,2620.00,2641.00,2632.00,12.26,59.79,22.69,889.35
2026-06-18T08:14:35,4.14,25631,2609.00,2659.00,2635.50,14.03,54.80,24.87,889.39
2026-06-18T08:31:13,4.14,25631,2663.00,2668.00,2665.00,13.65,55.91,28.09,889.34
2026-06-18T08:47:51,4.14,25631,2663.00,2667.00,2664.50,14.02,54.48,28.95,889.31
2026-06-18T09:04:28,4.14,25631,2673.00,2682.00,2677.50,15.42,50.60,31.39,889.34
2026-06-18T09:21:06,4.14,25631,2668.00,2696.00,2680.50,15.90,49.45,32.56,889.25
2026-06-18T09:37:43,4.15,25631,2665.00,2674.00,2671.50,16.83,45.25,34.28,889.30
2026-06-18T09:54:20,4.14,25631,2674.00,2684.00,2680.50,16.94,43.11,34.33,889.32
2026-06-18T10:10:58,4.14,25631,2661.00,2667.00,2664.00,16.15,43.31,33.53,889.12
2026-06-18T10:27:35,4.14,25631,2672.00,2682.00,2675.00,17.53,43.92,34.63,889.51
2026-06-18T10:44:12,4.14,25631,2670.00,2675.00,2672.50,17.80,43.14,34.43,889.36
2026-06-18T11:00:50,4.15,25631,2671.00,2678.00,2675.00,18.07,42.22,33.23,889.33
2026-06-18T11:17:27,4.14,25631,2648.00,2694.00,2688.50,18.24,42.01,32.56,889.56
2026-06-18T11:34:04,4.15,25631,2647.00,2688.00,2685.50,18.26,43.77,32.87,889.56
2026-06-18T11:50:42,4.13,25631,2678.00,2691.00,2684.50,18.93,41.20,33.31,889.37
2026-06-18T12:07:19,4.15,25631,2667.00,2703.00,2680.00,17.65,44.28,32.16,889.66
2026-06-18T12:23:56,4.15,25631,2671.00,2700.00,2685.00,17.74,44.43,31.28,889.14
2026-06-18T12:40:34,4.14,25631,2644.00,2701.00,2680.50,17.11,44.71,26.14,889.04
2026-06-18T12:57:11,4.14,25631,2635.00,2686.00,2659.00,14.99,50.41,22.01,889.12
2026-06-18T13:13:49,4.14,25631,2645.00,2685.00,2680.00,17.79,41.68,28.32,889.83
2026-06-18T13:30:26,4.14,25631,2682.00,2697.00,2693.00,18.12,42.43,32.22,889.36
2026-06-18T13:47:04,4.15,25631,2686.00,2695.00,2689.00,17.59,43.48,32.19,889.52
2026-06-18T14:03:41,4.14,25631,2659.00,2692.00,2670.00,18.39,41.36,33.75,889.40
2026-06-18T14:20:18,4.14,25631,2682.00,2694.00,2688.50,17.80,41.42,33.96,889.23
2026-06-18T14:36:56,4.15,25631,2617.00,2699.00,2695.00,17.67,42.57,33.99,889.31
2026-06-18T14:53:33,4.15,25631,2690.00,2700.00,2693.50,18.25,40.23,33.47,889.34
2026-06-18T15:10:10,4.15,25631,2679.00,2698.00,2693.50,18.07,40.04,33.91,889.45
2026-06-18T15:26:47,4.14,25631,2701.00,2713.00,2707.50,18.11,39.69,34.98,889.14
2026-06-18T15:43:25,4.15,25631,2700.00,2703.00,2701.50,18.59,38.48,34.88,889.29
2026-06-18T16:00:02,4.15,25631,2724.00,2738.00,2732.50,21.75,34.38,36.76,889.47
2026-06-18T16:16:39,4.16,25631,2706.00,2739.00,2733.00,20.01,34.18,36.61,888.69
2026-06-18T16:33:16,4.15,25631,2709.00,2717.00,2713.00,18.39,37.09,34.84,889.32
2026-06-18T16:49:53,4.14,25631,2713.00,2725.00,2716.00,20.47,36.53,33.11,889.58
2026-06-18T17:06:31,4.14,25631,2733.00,2739.00,2734.50,20.69,37.83,33.58,889.08
2026-06-18T17:23:08,4.13,25631,2721.00,2727.00,2723.00,17.96,37.93,29.15,888.70
2026-06-18T17:39:45,4.15,25631,2722.00,2734.00,2729.00,21.43,36.48,30.46,889.35
2026-06-18T17:56:23,4.14,25631,2726.00,2740.00,2735.50,20.25,38.98,29.76,889.52
2026-06-18T18:13:00,4.15,25631,2744.00,2758.00,2751.00,21.04,37.79,31.50,889.63
2026-06-18T18:29:37,4.14,25631,2729.00,2737.00,2733.00,15.95,47.50,27.10,888.96
2026-06-18T18:46:15,4.13,25631,2699.00,2708.00,2702.00,13.38,55.06,20.77,889.37
2026-06-18T19:02:53,4.13,25631,2691.00,2698.00,2693.00,14.48,52.45,18.66,890.07
2026-06-18T19:19:31,4.13,25631,2700.00,2708.00,2701.50,15.57,48.86,20.11,890.53
2026-06-18T19:36:08,4.14,25631,2724.00,2729.00,2725.50,17.65,43.60,25.85,889.97
2026-06-18T19:52:46,4.14,25631,2730.00,2739.00,2736.50,16.32,47.36,27.96,889.76
2026-06-18T20:09:23,4.14,25631,2714.00,2723.00,2717.00,14.47,52.27,25.60,889.94
2026-06-18T20:26:01,3.91,25631,2695.00,2705.00,2700.00,12.91,57.08,19.16,889.84
2026-06-18T20:42:38,3.91,25631,2694.00,2702.00,2699.00,12.69,57.18,15.05,890.10
2026-06-18T20:59:16,3.90,25631,2691.00,2696.00,2693.00,12.27,59.64,13.14,890.12
2026-06-18T21:15:54,3.89,25631,2693.00,2699.00,2696.50,12.10,60.06,12.13,890.16
2026-06-18T21:32:31,3.89,25631,2690.00,2693.00,2692.00,11.27,62.37,11.10,890.27
2026-06-18T21:49:08,3.89,25631,2687.00,2693.00,2689.00,11.14,62.31,10.54,890.31
2026-06-18T22:05:46,3.89,25631,2686.00,2691.00,2690.50,11.08,63.11,10.27,890.35
2026-06-18T22:22:23,3.89,25631,2686.00,2689.00,2687.50,11.03,62.70,10.03,890.45
2026-06-18T22:39:01,3.89,25631,2682.00,2690.00,2687.50,11.13,62.03,9.99,890.37
2026-06-18T22:55:38,3.89,25631,2672.00,2688.00,2682.50,11.20,60.54,9.95,890.39
2026-06-18T23:12:16,3.89,25631,2676.00,2684.00,2679.50,11.06,61.66,9.88,890.40
2026-06-18T23:28:53,3.89,25631,2664.00,2698.00,2685.00,10.93,62.40,9.86,890.36
2026-06-18T23:45:31,3.89,25631,2676.00,2699.00,2687.50,11.24,61.70,9.86,890.36
2026-06-19T00:02:08,3.89,25631,2689.00,2697.00,2691.50,11.24,62.22,9.84,890.39
2026-06-19T00:18:46,3.89,25631,2694.00,2700.00,2697.00,10.80,63.41,9.68,890.42
2026-06-19T00:35:23,3.89,25631,2687.00,2696.00,2691.50,10.84,63.49,9.48,890.52
2026-06-19T00:52:01,3.89,25631,2691.00,2701.00,2697.50,10.76,63.68,9.34,890.54
2026-06-19T01:08:38,3.89,25631,2693.00,2701.00,2695.50,10.24,65.75,9.10,890.63
2026-06-19T01:25:16,3.89,25631,2694.00,2700.00,2696.50,10.93,63.32,9.23,890.57
2026-06-19T01:41:53,3.89,25631,2692.00,2697.00,2694.50,10.11,65.95,9.03,890.54
2026-06-19T01:58:31,3.89,25631,2694.00,2702.00,2698.00,10.42,65.00,9.03,890.54
2026-06-19T02:15:08,3.89,25631,2696.00,2702.00,2699.00,10.60,65.10,9.07,890.59
2026-06-19T02:31:46,3.89,25631,2691.00,2698.00,2694.00,10.28,65.90,9.06,890.57
2026-06-19T02:48:23,3.88,25631,2695.00,2698.00,2695.50,10.35,65.66,8.98,890.61
2026-06-19T03:05:01,3.89,25631,2691.00,2696.00,2694.00,10.21,65.57,8.82,890.58
2026-06-19T03:21:38,3.89,25631,2694.00,2702.00,2697.00,10.22,65.90,8.87,890.54
2026-06-19T03:38:16,3.89,25631,2691.00,2700.00,2695.00,9.39,68.72,8.60,890.57
2026-06-19T03:54:53,3.89,25631,2696.00,2703.00,2699.00,9.77,67.82,8.56,890.63
2026-06-19T04:11:31,3.88,25631,2694.00,2700.00,2697.00,9.66,68.48,8.50,890.70
2026-06-19T04:28:09,3.89,25631,2693.00,2700.00,2695.00,9.22,70.22,8.34,890.68
2026-06-19T04:44:47,3.89,25631,2690.00,2698.00,2693.50,9.83,68.18,8.66,890.67
2026-06-19T05:01:24,3.89,25631,2690.00,2697.00,2692.00,9.97,67.50,8.82,890.72
2026-06-19T05:18:02,3.89,25631,2695.00,2701.00,2698.00,10.38,65.71,9.17,890.76
2026-06-19T05:34:40,3.91,25631,2696.00,2701.00,2698.00,10.44,66.00,9.46,890.79
2026-06-19T05:51:18,3.90,25631,2696.00,2702.00,2698.50,10.62,64.36,9.82,890.79
2026-06-19T06:07:56,3.90,25631,2695.00,2699.00,2697.00,11.14,62.74,10.67,890.76
2026-06-19T06:24:34,4.12,25631,2697.00,2702.00,2699.50,11.43,61.33,10.90,890.82
2026-06-19T06:41:13,4.12,25631,2698.00,2703.00,2700.50,11.55,61.89,11.12,890.88
2026-06-19T06:57:50,4.13,25631,2706.00,2715.00,2708.50,12.96,57.16,18.33,890.83
2026-06-19T07:14:28,4.12,25631,2728.00,2733.00,2730.50,12.75,56.44,16.72,890.77
2026-06-19T07:31:06,4.12,25631,2702.00,2718.00,2711.00,13.02,56.35,15.68,891.02
2026-06-19T07:47:44,4.12,25631,2712.00,2718.00,2716.00,12.75,62.96,17.99,891.86
2026-06-19T08:04:22,4.14,25631,2718.00,2737.00,2732.50,15.51,55.80,26.59,891.43
2026-06-19T08:21:00,4.14,25631,2761.00,2768.00,2764.00,17.08,51.50,30.47,891.40
2026-06-19T08:37:37,4.15,25631,2789.00,2796.00,2792.00,18.77,47.00,33.47,891.38
2026-06-19T08:54:14,4.14,25631,2776.00,2781.00,2780.00,17.91,48.73,34.99,891.40
2026-06-19T09:10:52,4.14,25631,2778.00,2783.00,2779.00,18.19,47.52,36.37,891.42
2026-06-19T09:27:29,4.15,25631,2769.00,2797.00,2789.50,17.77,48.53,37.07,891.21
2026-06-19T09:44:06,4.15,25631,2780.00,2796.00,2788.50,18.56,47.03,38.08,891.30
2026-06-19T10:00:43,4.15,25631,2749.00,2788.00,2783.00,18.80,47.81,38.43,891.49
2026-06-19T10:17:20,4.15,25631,2723.00,2780.00,2757.50,17.77,47.62,38.37,891.33
2026-06-19T10:33:58,4.14,25631,2727.00,2809.00,2783.50,18.87,46.68,37.62,891.46
2026-06-19T10:50:35,4.15,25631,2760.00,2783.00,2769.00,20.14,42.45,36.82,891.10
2026-06-19T11:07:12,4.15,25631,2793.00,2798.00,2796.50,19.76,42.10,36.31,891.53
2026-06-19T11:23:49,4.14,25631,2775.00,2812.00,2788.00,20.42,40.31,35.13,891.64
2026-06-19T11:40:26,4.14,25631,2771.00,2800.00,2793.00,19.32,37.73,34.85,891.63
2026-06-19T11:57:04,4.14,25631,2789.00,2797.00,2794.00,18.93,36.68,35.37,891.65
2026-06-19T12:13:41,4.14,25631,2721.00,2800.00,2781.50,16.67,45.34,29.77,891.06
2026-06-19T12:30:18,4.15,25631,2776.00,2793.00,2790.00,22.00,34.29,34.50,891.52
2026-06-19T12:46:55,4.15,25631,2767.00,2781.00,2777.50,19.34,37.43,34.04,890.96
2026-06-19T13:03:33,4.14,25631,2761.00,2789.00,2780.50,17.19,39.02,32.06,890.56
2026-06-19T13:20:10,4.14,25631,2760.00,2776.00,2771.00,18.53,38.19,29.47,890.59
2026-06-19T13:36:47,4.14,25631,2753.00,2765.00,2761.00,19.39,38.25,29.44,891.93
2026-06-19T13:53:25,4.15,25631,2778.00,2789.00,2782.50,19.52,36.15,34.53,891.30
2026-06-19T14:10:02,4.14,25631,2769.00,2793.00,2780.50,19.76,36.08,35.64,891.17
2026-06-19T14:26:39,4.14,25631,2760.00,2801.00,2786.50,19.85,35.82,35.26,891.28
2026-06-19T14:43:16,4.15,25631,2782.00,2789.00,2785.00,19.38,36.08,35.39,891.13
2026-06-19T14:59:54,4.15,25631,2788.00,2797.00,2793.00,20.25,33.99,35.52,890.90
2026-06-19T15:16:31,4.15,25631,2787.00,2797.00,2791.00,20.20,33.62,35.18,891.18
2026-06-19T15:33:08,4.15,25631,2778.00,2785.00,2781.00,19.59,37.10,34.76,890.99
2026-06-19T15:49:45,4.13,25631,2773.00,2789.00,2785.00,20.88,35.24,34.91,891.25
2026-06-19T16:06:22,4.14,25631,2782.00,2793.00,2785.50,19.03,38.33,33.79,890.85
2026-06-19T16:22:59,4.14,25631,2779.00,2788.00,2784.00,19.51,37.71,32.95,891.09
2026-06-19T16:39:37,4.14,25631,2784.00,2792.00,2786.00,19.08,35.61,31.76,890.92
2026-06-19T16:56:14,4.14,25631,2781.00,2787.00,2785.50,18.79,37.31,30.47,890.96
2026-06-19T17:12:51,4.14,25631,2792.00,2804.00,2799.50,19.58,35.26,29.89,890.96
2026-06-19T17:29:29,4.14,25631,2788.00,2806.00,2791.00,19.20,34.70,28.66,890.89
2026-06-19T17:46:06,4.14,25631,2793.00,2803.00,2799.50,18.87,34.88,27.49,890.96
2026-06-19T18:02:44,4.14,25631,2803.00,2812.00,2807.00,19.24,34.22,27.13,891.03
2026-06-19T18:19:21,4.14,25631,2807.00,2814.00,2811.50,19.55,33.92,26.88,890.94
2026-06-19T18:35:59,4.14,25631,2808.00,2815.00,2809.50,18.82,35.10,26.41,890.92
2026-06-19T18:52:36,4.14,25631,2806.00,2810.00,2808.50,19.10,35.23,26.48,890.92
2026-06-19T19:09:13,4.14,25631,2813.00,2817.00,2815.00,20.07,32.92,27.01,890.86
2026-06-19T19:25:51,4.14,25631,2824.00,2831.00,2827.00,20.17,32.94,28.40,890.87
2026-06-19T19:42:28,4.14,25631,2827.00,2832.00,2830.00,20.00,33.24,29.56,890.86
2026-06-19T19:59:06,4.14,25631,2823.00,2827.00,2825.50,19.34,34.16,29.48,890.82
2026-06-19T20:15:43,3.93,25631,2799.00,2802.00,2801.00,17.53,36.51,28.01,890.68
2026-06-19T20:32:20,3.91,25631,2785.00,2789.00,2787.50,16.47,38.69,22.04,890.64
2026-06-19T20:48:58,3.90,25631,2770.00,2776.00,2772.00,15.54,40.95,17.27,891.04
2026-06-19T21:05:35,3.90,25631,2769.00,2773.00,2771.00,15.50,41.17,15.53,891.27
2026-06-19T21:22:12,3.90,25631,2775.00,2780.00,2778.50,14.95,41.92,14.52,891.30
2026-06-19T21:38:49,3.90,25631,2765.00,2771.00,2766.00,14.40,43.47,13.58,891.43
2026-06-19T21:55:27,3.89,25631,2772.00,2778.00,2773.00,14.24,44.40,13.09,891.55
2026-06-19T22:12:04,3.90,25631,2763.00,2771.00,2768.00,14.14,45.02,12.74,891.54
2026-06-19T22:28:42,3.89,25631,2774.00,2776.00,2775.00,13.92,45.62,12.54,891.61
2026-06-19T22:45:19,3.89,25631,2770.00,2773.00,2772.00,13.10,47.59,12.01,891.78
2026-06-19T23:01:56,3.89,25631,2769.00,2774.00,2772.00,13.76,46.96,12.12,891.83
2026-06-19T23:18:34,3.89,25631,2766.00,2772.00,2768.50,13.47,48.05,12.09,891.88
2026-06-19T23:35:11,3.89,25631,2769.00,2775.00,2773.00,13.20,49.58,11.95,891.79
2026-06-19T23:51:48,3.89,25631,2769.00,2775.00,2770.50,13.14,49.69,11.60,891.69
2026-06-20T00:08:26,3.89,25631,2763.00,2768.00,2766.00,13.30,49.41,11.57,891.67
2026-06-20T00:25:03,3.89,25631,2769.00,2774.00,2771.50,13.81,47.91,11.73,891.70
2026-06-20T00:41:41,3.89,25631,2753.00,2776.00,2771.00,13.31,50.26,11.78,891.67
2026-06-20T00:58:18,3.89,25631,2766.00,2775.00,2772.50,12.95,51.05,11.58,891.68
2026-06-20T01:14:55,3.89,25631,2770.00,2782.00,2773.50,13.13,49.85,11.51,891.81
2026-06-20T01:31:33,3.89,25631,2733.00,2781.00,2777.00,13.04,50.92,11.50,891.88
2026-06-20T01:48:10,3.89,25631,2732.00,2771.00,2764.50,12.00,52.77,10.93,891.88
2026-06-20T02:04:48,3.89,25631,2768.00,2774.00,2769.50,12.55,51.84,10.92,891.97
2026-06-20T02:21:25,3.89,25631,2733.00,2769.00,2761.50,12.41,53.04,10.85,891.95
2026-06-20T02:38:03,3.89,25631,2750.00,2774.00,2769.50,12.66,56.56,11.00,891.96
2026-06-20T02:54:40,3.89,25631,2749.00,2773.00,2770.50,12.71,54.84,11.12,891.90
2026-06-20T03:11:17,3.89,25631,2754.00,2773.00,2766.50,12.49,57.89,11.03,891.95
2026-06-20T03:27:55,3.89,25631,2766.00,2772.00,2770.00,12.35,57.96,10.91,891.96
2026-06-20T03:44:32,3.89,25631,2764.00,2772.00,2769.50,12.18,57.58,10.82,891.82
2026-06-20T04:01:10,3.89,25631,2768.00,2775.00,2773.00,12.01,58.25,10.59,891.76
2026-06-20T04:17:47,3.89,25631,2769.00,2773.00,2771.00,12.01,56.67,10.70,891.71
2026-06-20T04:34:25,3.89,25631,2771.00,2773.00,2772.50,12.07,57.00,10.73,891.75
2026-06-20T04:51:03,3.89,25631,2773.00,2777.00,2775.00,11.97,54.96,10.81,891.82
2026-06-20T05:07:40,3.89,25631,2774.00,2779.00,2777.00,12.08,54.54,11.05,891.88
2026-06-20T05:24:18,3.90,25631,2776.00,2781.00,2777.50,12.04,55.35,11.12,891.89
2026-06-20T05:40:56,3.91,25631,2777.00,2780.00,2778.50,12.18,54.67,11.28,891.91
2026-06-20T05:57:34,3.91,25631,2779.00,2781.00,2779.00,12.27,57.01,11.50,892.03
2026-06-20T06:14:12,4.12,25631,2781.00,2784.00,2782.50,12.82,53.47,12.12,892.07
2026-06-20T06:30:50,4.12,25631,2779.00,2785.00,2781.50,12.76,54.40,12.21,892.16
2026-06-20T06:47:28,4.11,25631,2778.00,2783.00,2780.00,12.97,54.25,14.50,893.06
2026-06-20T07:04:06,4.13,25631,2800.00,2805.00,2803.00,15.50,50.57,20.89,892.45
2026-06-20T07:20:44,4.12,25631,2812.00,2819.00,2815.00,14.77,53.41,17.82,892.22
2026-06-20T07:37:22,4.12,25631,2798.00,2805.00,2800.00,15.46,52.69,17.58,892.39
2026-06-20T07:53:59,4.14,25631,2805.00,2812.00,2807.00,16.18,51.28,24.47,892.93
2026-06-20T08:10:37,4.14,25631,2821.00,2826.00,2822.00,18.66,45.91,29.41,892.69
2026-06-20T08:27:14,4.14,25631,2843.00,2848.00,2844.50,19.62,42.44,32.67,892.76
2026-06-20T08:43:52,4.14,25631,2855.00,2858.00,2857.00,20.10,40.01,35.03,892.76
2026-06-20T09:00:29,4.14,25631,2844.00,2857.00,2849.00,20.51,39.06,36.43,892.61
2026-06-20T09:17:06,4.14,25631,2847.00,2860.00,2853.50,20.95,38.09,37.45,892.57
2026-06-20T09:33:43,4.15,25631,2858.00,2868.00,2864.00,20.52,39.90,38.95,892.67
2026-06-20T09:50:21,4.15,25631,2872.00,2876.00,2873.50,22.43,36.01,39.73,892.62
2026-06-20T10:06:58,4.15,25631,2866.00,2883.00,2869.50,19.18,36.10,40.75,892.31
2026-06-20T10:23:35,4.16,25631,2820.00,2894.00,2886.50,20.92,34.29,40.20,892.48
2026-06-20T10:40:12,4.15,25631,2847.00,2873.00,2869.00,20.42,36.37,38.06,892.17
2026-06-20T10:56:49,4.15,25631,2830.00,2874.00,2865.50,19.18,38.36,36.99,892.59
2026-06-20T11:13:26,4.15,25631,2847.00,2892.00,2872.50,19.58,38.16,35.67,892.33
2026-06-20T11:30:03,4.14,25631,2856.00,2900.00,2881.50,20.76,36.09,35.58,892.64
2026-06-20T11:46:41,4.16,25631,2854.00,2873.00,2868.50,22.43,31.83,35.33,892.83
2026-06-20T12:03:18,4.15,25631,2860.00,2866.00,2863.50,19.58,37.22,35.18,892.81
2026-06-20T12:19:55,4.15,25631,2857.00,2871.00,2862.50,19.22,35.94,34.85,892.82
2026-06-20T12:36:32,4.15,25631,2850.00,2856.00,2852.00,19.42,33.83,34.86,892.89
2026-06-20T12:53:09,4.15,25631,2867.00,2878.00,2869.00,21.86,31.95,34.94,892.93
2026-06-20T13:09:47,4.15,25631,2859.00,2867.00,2862.00,21.40,32.29,35.00,892.86
2026-06-20T13:26:24,4.15,25631,2863.00,2874.00,2867.50,19.66,33.61,34.80,892.68
2026-06-20T13:43:01,4.15,25631,2859.00,2869.00,2865.50,19.80,34.66,35.22,892.43
2026-06-20T13:59:38,4.15,25631,2868.00,2879.00,2874.00,21.95,29.93,35.56,892.81
2026-06-20T14:16:15,4.14,25631,2830.00,2880.00,2873.50,21.09,27.95,35.99,892.76
2026-06-20T14:32:53,4.15,25631,2864.00,2887.00,2878.50,19.83,33.00,35.14,892.31
2026-06-20T14:49:30,4.14,25631,2848.00,2889.00,2878.00,20.96,34.64,35.00,892.44
2026-06-20T15:06:07,4.15,25631,2869.00,2877.00,2872.00,19.34,36.93,32.69,892.65
2026-06-20T15:22:44,4.14,25631,2844.00,2872.00,2869.50,19.93,36.84,32.67,892.80
2026-06-20T15:39:22,4.14,25631,2847.00,2872.00,2867.50,19.48,35.83,32.37,892.72
2026-06-20T15:55:59,4.14,25631,2863.00,2877.00,2868.50,19.38,35.61,31.47,892.70
2026-06-20T16:12:36,4.14,25631,2824.00,2872.00,2870.00,19.04,37.27,30.74,892.64
2026-06-20T16:29:14,4.14,25631,2847.00,2876.00,2866.50,18.84,37.86,29.61,892.59
2026-06-20T16:45:51,4.14,25631,2870.00,2882.00,2874.00,19.14,37.39,28.74,892.71
2026-06-20T17:02:28,4.14,25631,2855.00,2877.00,2868.00,18.89,37.50,27.95,892.72
2026-06-20T17:19:06,4.14,25631,2873.00,2885.00,2878.50,19.10,36.89,28.47,892.71
2026-06-20T17:35:43,4.14,25631,2865.00,2888.00,2883.50,18.97,36.70,28.32,892.51
2026-06-20T17:52:21,4.14,25631,2884.00,2896.00,2891.00,19.10,37.24,27.58,892.73
2026-06-20T18:08:58,4.14,25631,2865.00,2896.00,2888.50,19.00,38.36,27.09,892.66
2026-06-20T18:25:36,4.14,25631,2871.00,2898.00,2885.00,18.38,39.48,25.75,892.55
2026-06-20T18:42:13,4.14,25631,2843.00,2905.00,2895.00,18.41,39.42,25.34,892.59
2026-06-20T18:58:51,4.14,25631,2847.00,2912.00,2870.00,17.46,42.46,23.59,892.70
2026-06-20T19:15:29,4.14,25631,2881.00,2907.00,2889.00,17.03,43.27,22.29,892.69
2026-06-20T19:32:06,4.14,25631,2833.00,2912.00,2882.00,17.69,42.58,23.42,892.91
2026-06-20T19:48:44,4.14,25631,2807.00,2882.00,2861.50,16.81,44.14,23.37,892.56
2026-06-20T20:05:21,4.02,25631,2822.00,2910.00,2855.50,16.18,44.38,21.35,892.59
2026-06-20T20:21:59,3.91,25631,2821.00,2940.00,2857.50,15.49,45.87,18.63,892.63
2026-06-20T20:38:37,3.90,25631,2819.00,2886.00,2855.00,14.92,47.36,16.25,892.72
2026-06-20T20:55:14,3.90,25631,2830.00,2863.00,2852.50,14.48,48.11,14.85,892.87
2026-06-20T21:11:52,3.90,25631,2837.00,2870.00,2849.00,14.47,48.31,14.09,892.90
2026-06-20T21:28:29,3.89,25631,2854.00,2866.00,2862.50,14.01,49.29,13.34,892.95
2026-06-20T21:45:06,3.89,25631,2821.00,2862.00,2858.00,13.95,49.22,12.83,893.03
2026-06-20T22:01:44,3.89,25631,2848.00,2864.00,2860.00,14.32,48.32,12.81,893.03
2026-06-20T22:18:21,3.89,25631,2854.00,2864.00,2859.50,14.12,48.92,12.81,893.06
2026-06-20T22:34:58,3.89,25631,2858.00,2864.00,2862.00,13.78,50.02,12.64,893.00
2026-06-20T22:51:36,3.89,25631,2862.00,2868.00,2864.00,13.69,50.54,12.54,893.14
2026-06-20T23:08:13,3.89,25631,2862.00,2872.00,2870.50,13.90,49.28,12.70,893.14
2026-06-20T23:24:51,3.89,25631,2859.00,2865.00,2864.00,13.75,48.80,12.57,893.13
2026-06-20T23:41:28,3.89,25631,2856.00,2861.00,2858.00,13.86,48.03,12.56,893.06
2026-06-20T23:58:05,3.90,25631,2863.00,2869.00,2866.00,14.10,46.97,12.69,893.07
2026-06-21T00:14:43,3.89,25631,2857.00,2864.00,2861.00,13.88,47.17,12.72,893.08
2026-06-21T00:31:20,3.89,25631,2864.00,2869.00,2866.50,13.71,47.07,12.49,893.03
2026-06-21T00:47:57,3.89,25631,2863.00,2867.00,2865.00,13.33,48.43,12.12,893.07
2026-06-21T01:04:35,3.89,25631,2859.00,2865.00,2861.00,13.74,46.78,12.23,892.99
2026-06-21T01:21:12,3.89,25631,2865.00,2870.00,2868.00,12.86,49.17,11.84,892.96
2026-06-21T01:37:49,3.89,25631,2857.00,2866.00,2862.50,12.65,49.10,11.36,893.06
2026-06-21T01:54:27,3.89,25631,2865.00,2868.00,2866.00,12.71,50.55,11.21,893.05
2026-06-21T02:11:04,3.89,25631,2860.00,2864.00,2861.50,12.17,51.33,10.95,893.09
2026-06-21T02:27:42,3.89,25631,2859.00,2862.00,2861.00,12.13,51.51,10.80,893.13
2026-06-21T02:44:19,3.89,25631,2861.00,2868.00,2863.50,12.46,50.54,10.83,893.18
2026-06-21T03:00:56,3.89,25631,2863.00,2869.00,2865.50,12.14,51.06,10.76,893.13
2026-06-21T03:17:34,3.89,25631,2860.00,2864.00,2862.00,12.06,50.98,10.79,893.06
2026-06-21T03:34:11,3.89,25631,2863.00,2866.00,2865.50,12.13,50.85,10.72,893.12
2026-06-21T03:50:49,3.89,25631,2863.00,2865.00,2864.50,11.58,52.65,10.51,893.11
2026-06-21T04:07:26,3.89,25631,2860.00,2863.00,2861.00,11.87,51.67,10.55,893.24
2026-06-21T04:24:04,3.89,25631,2864.00,2867.00,2865.50,11.93,51.52,10.68,893.22
2026-06-21T04:40:41,3.89,25631,2863.00,2866.00,2864.00,11.83,51.90,10.84,893.18
2026-06-21T04:57:19,3.90,25631,2869.00,2874.00,2869.50,12.12,51.15,11.10,893.26
2026-06-21T05:13:57,3.90,25631,2868.00,2873.00,2869.00,12.31,51.13,11.56,893.18
2026-06-21T05:30:35,4.12,25631,2872.00,2877.00,2873.00,12.30,51.61,11.84,893.20
2026-06-21T05:47:13,4.12,25631,2870.00,2874.00,2872.50,12.35,51.60,12.04,893.14
2026-06-21T06:03:51,4.12,25631,2869.00,2873.00,2871.00,12.49,50.63,12.38,893.09
2026-06-21T06:20:29,4.11,25631,2872.00,2875.00,2874.00,12.85,50.33,12.75,893.03
2026-06-21T06:37:07,4.12,25631,2873.00,2876.00,2874.00,12.89,50.52,12.98,892.99
2026-06-21T06:53:45,4.12,25631,2870.00,2874.00,2872.00,13.31,51.20,16.65,893.16
2026-06-21T07:10:23,4.13,25631,2900.00,2904.00,2902.00,14.95,46.62,19.10,892.84
2026-06-21T07:27:01,4.12,25631,2905.00,2906.00,2906.00,15.06,49.67,17.53,893.22
2026-06-21T07:43:39,4.13,25631,2895.00,2900.00,2898.00,16.01,47.70,18.27,893.31
2026-06-21T08:00:17,4.13,25631,2895.00,2898.00,2896.50,17.39,43.96,26.55,893.27
2026-06-21T08:16:54,4.14,25631,2922.00,2926.00,2923.50,18.84,41.08,30.06,893.26
2026-06-21T08:33:32,4.14,25631,2940.00,2944.00,2941.00,17.81,41.51,32.95,893.19
2026-06-21T08:50:09,4.14,25631,2951.00,2958.00,2954.50,20.44,36.89,34.78,893.18
2026-06-21T09:06:46,4.14,25631,2949.00,2957.00,2953.00,20.85,35.90,36.19,893.23
2026-06-21T09:23:23,4.15,25631,2949.00,2954.00,2951.50,20.44,35.12,37.26,893.16
2026-06-21T09:40:01,4.14,25631,2942.00,2952.00,2946.50,21.11,33.64,37.97,892.87
2026-06-21T09:56:38,4.15,25631,2952.00,2959.00,2953.00,20.07,36.48,37.17,892.86
2026-06-21T10:13:15,4.15,25631,2939.00,2951.00,2946.00,20.16,37.20,37.91,893.04
2026-06-21T10:29:52,4.15,25631,2956.00,2963.00,2958.00,20.88,32.91,37.67,892.81
2026-06-21T10:46:29,4.15,25631,2938.00,2951.00,2945.00,20.10,37.51,35.32,893.05
2026-06-21T11:03:06,4.15,25631,2940.00,2949.00,2945.50,19.63,34.73,34.94,892.90
2026-06-21T11:19:44,4.14,25631,2935.00,2946.00,2941.50,20.35,34.16,33.72,892.89
2026-06-21T11:36:21,4.14,25631,2934.00,2940.00,2937.00,20.07,34.32,32.79,892.83
2026-06-21T11:52:58,4.15,25631,2933.00,2948.00,2938.50,21.16,31.31,33.28,892.84
2026-06-21T12:09:35,4.14,25631,2943.00,2952.00,2947.00,20.64,33.81,33.85,892.64
2026-06-21T12:26:13,4.14,25631,2936.00,2948.00,2942.00,20.35,34.15,33.22,892.80
2026-06-21T12:42:50,4.15,25631,2884.00,2955.00,2948.50,21.37,33.33,34.15,892.80
2026-06-21T12:59:27,4.15,25631,2968.00,2979.00,2973.50,21.50,32.09,35.09,892.60
2026-06-21T13:16:04,4.15,25631,2953.00,2962.00,2960.00,21.68,33.07,34.93,892.57
2026-06-21T13:32:42,4.15,25631,2962.00,2975.00,2967.50,21.31,34.35,35.89,892.50
2026-06-21T13:49:19,4.14,25631,2945.00,2956.00,2952.00,21.96,32.03,35.05,892.56
2026-06-21T14:05:56,4.14,25631,2951.00,3015.00,2962.00,20.90,34.08,35.90,892.30
2026-06-21T14:22:33,4.15,25631,2916.00,2968.00,2962.50,23.63,29.75,35.48,892.36
2026-06-21T14:39:10,4.14,25631,2963.00,2975.00,2971.50,23.63,29.28,35.96,892.17
2026-06-21T14:55:47,4.14,25631,2967.00,2980.00,2974.50,21.85,30.78,36.07,892.02
2026-06-21T15:12:24,4.15,25631,2972.00,2997.00,2992.00,22.48,29.93,35.92,891.79
2026-06-21T15:29:02,4.15,25631,2906.00,2991.00,2978.00,22.91,28.33,36.39,891.76
2026-06-21T15:45:39,4.15,25631,2979.00,2986.00,2982.50,21.22,32.52,36.56,891.56
2026-06-21T16:02:16,4.15,25631,2978.00,2987.00,2985.50,21.00,32.87,36.20,891.34
2026-06-21T16:18:53,4.14,25631,2980.00,2993.00,2987.50,22.39,28.80,35.25,891.39
2026-06-21T16:35:30,4.15,25631,2948.00,3030.00,2979.00,21.31,31.64,34.44,891.49
2026-06-21T16:52:07,4.14,25631,2975.00,3009.00,2992.00,20.44,33.44,33.45,891.00
2026-06-21T17:08:45,4.15,25631,2948.00,2995.00,2973.50,20.41,34.26,31.92,891.22
2026-06-21T17:25:22,4.14,25631,2942.00,2987.00,2980.00,20.07,34.93,30.48,891.03
2026-06-21T17:41:59,4.14,25631,2937.00,2981.00,2973.50,19.93,34.78,28.84,891.06
2026-06-21T17:58:37,4.14,25631,2982.00,2994.00,2989.00,19.65,35.21,28.42,890.91
2026-06-21T18:15:14,4.14,25631,2975.00,2988.00,2978.00,19.63,36.93,27.30,890.92
2026-06-21T18:31:52,4.14,25631,2943.00,2986.00,2976.00,18.94,38.59,25.68,890.60
2026-06-21T18:48:29,4.13,25631,2959.00,2974.00,2970.50,18.41,40.39,23.76,890.73
2026-06-21T19:05:07,4.13,25631,2930.00,2964.00,2953.00,17.69,42.22,21.90,890.83
2026-06-21T19:21:45,3.92,25631,2903.00,2959.00,2949.00,17.07,43.71,20.08,890.74
2026-06-21T19:38:22,3.90,25631,2925.00,2962.00,2955.00,16.97,44.57,19.45,890.70
2026-06-21T19:55:00,3.91,25631,2944.00,2954.00,2949.00,16.40,45.97,18.12,890.66
2026-06-21T20:11:37,3.91,25631,2941.00,2951.00,2946.00,15.70,48.42,16.83,890.64
2026-06-21T20:28:15,3.90,25631,2941.00,2954.00,2948.50,15.29,50.34,15.58,890.62
2026-06-21T20:44:52,3.90,25631,2947.00,2957.00,2951.50,14.77,51.44,14.57,890.60
2026-06-21T21:01:30,3.90,25631,2943.00,2951.00,2947.50,14.33,53.14,13.78,890.55
2026-06-21T21:18:07,3.90,25631,2935.00,2947.00,2942.50,13.86,54.88,13.14,890.53
2026-06-21T21:34:45,3.90,25631,2936.00,2952.00,2944.00,13.95,54.05,12.92,890.56
2026-06-21T21:51:22,3.90,25631,2928.00,2978.00,2942.50,13.90,54.62,12.81,890.49
2026-06-21T22:07:59,3.89,25631,2923.00,2940.00,2934.50,13.44,56.41,12.48,890.44
2026-06-21T22:24:37,3.89,25631,2896.00,3078.00,2986.50,13.85,55.26,12.44,890.42
2026-06-21T22:41:14,3.90,25631,2957.00,2962.00,2958.00,13.55,55.84,12.27,890.32
2026-06-21T22:57:52,3.89,25631,2955.00,2963.00,2957.50,13.06,57.35,12.02,890.24
2026-06-21T23:14:29,3.89,25631,2870.00,2961.00,2955.00,12.86,57.97,11.90,890.15
2026-06-21T23:31:06,3.89,25631,2956.00,2966.00,2960.00,12.85,58.22,11.70,890.12
2026-06-21T23:47:44,3.89,25631,2892.00,2970.00,2952.00,13.00,57.85,11.74,890.01
2026-06-22T00:04:21,3.89,25631,2881.00,2958.00,2940.50,12.66,58.90,11.61,889.95
2026-06-22T00:20:59,3.90,25631,2876.00,3014.00,2945.50,12.06,58.00,11.20,889.86
2026-06-22T00:37:36,3.89,25631,2923.00,3025.00,2955.00,12.42,57.34,11.16,889.75
2026-06-22T00:54:13,3.89,25631,2907.00,3019.00,2954.50,12.62,59.30,11.19,889.68
2026-06-22T01:10:51,3.89,25631,2916.00,2945.00,2934.00,12.00,59.98,11.04,889.58
2026-06-22T01:27:28,3.89,25631,2923.00,2939.00,2931.00,11.80,61.68,10.79,889.55
2026-06-22T01:44:06,3.90,25631,2904.00,2945.00,2937.00,12.23,61.52,10.81,889.48
2026-06-22T02:00:43,3.89,25631,2927.00,2946.00,2935.50,11.38,65.58,10.50,889.36
2026-06-22T02:17:21,3.89,25631,2924.00,2949.00,2939.00,11.86,64.18,10.39,889.29
2026-06-22T02:33:58,3.89,25631,2909.00,3005.00,2945.00,11.97,63.97,10.46,889.23
2026-06-22T02:50:35,3.89,25631,2929.00,2952.00,2942.00,11.97,64.60,10.44,889.21
2026-06-22T03:07:13,3.89,25631,2935.00,2949.00,2940.50,11.61,65.75,10.34,889.04
2026-06-22T03:23:50,3.89,25631,2914.00,2949.00,2935.50,11.50,66.19,10.25,888.95
2026-06-22T03:40:28,3.89,25631,2919.00,2950.00,2939.50,11.14,64.86,10.01,888.84
2026-06-22T03:57:05,3.89,25631,2927.00,2950.00,2938.50,11.01,65.34,9.86,888.83
2026-06-22T04:13:43,3.89,25631,2932.00,2949.00,2942.00,10.69,66.16,9.77,888.71
2026-06-22T04:30:20,3.89,25631,2939.00,2951.00,2946.00,10.07,68.32,9.41,888.67
2026-06-22T04:46:58,3.89,25631,2939.00,2952.00,2947.00,10.60,66.21,9.53,888.62
2026-06-22T05:03:36,3.89,25631,2933.00,2954.00,2950.50,10.92,65.48,9.98,888.50
2026-06-22T05:20:14,4.12,25631,2951.00,2958.00,2953.50,11.08,65.13,10.36,888.48
2026-06-22T05:36:52,4.12,25631,2949.00,2964.00,2957.00,11.50,63.99,11.20,888.53
2026-06-22T05:53:30,4.12,25631,2958.00,2965.00,2959.50,11.69,63.21,11.91,888.44
2026-06-22T06:10:08,4.12,25631,2954.00,2967.00,2960.00,12.00,62.55,12.49,888.30
2026-06-22T06:26:46,4.12,25631,2964.00,2971.00,2965.50,12.00,63.05,12.92,888.24
2026-06-22T06:43:24,4.12,25631,2966.00,2974.00,2967.00,12.55,60.27,14.65,888.17
2026-06-22T07:00:02,4.13,25631,2977.00,2984.00,2979.50,13.82,59.84,19.43,887.96
2026-06-22T07:16:40,4.13,25631,2982.00,2990.00,2986.00,14.37,58.51,19.24,887.90
2026-06-22T07:33:18,4.13,25631,2991.00,2997.00,2992.00,14.33,59.70,19.78,887.80
2026-06-22T07:49:55,4.13,25631,2996.00,3003.00,3000.00,14.36,59.97,20.40,887.78
2026-06-22T08:06:33,4.13,25631,2998.00,3006.00,3002.00,14.84,59.19,22.32,887.83
2026-06-22T08:23:11,4.14,25631,3008.00,3019.00,3014.00,16.52,54.40,25.53,887.85
2026-06-22T08:39:48,4.14,25631,3037.00,3045.00,3042.00,17.60,50.29,29.89,887.72
2026-06-22T08:56:26,4.14,25631,3038.00,3047.00,3045.00,17.00,53.05,29.04,887.27
2026-06-22T09:13:03,4.14,25631,3008.00,3021.00,3017.50,17.31,52.22,27.61,887.18
2026-06-22T09:29:41,4.14,25631,3007.00,3021.00,3014.50,17.50,51.82,27.71,887.17
2026-06-22T09:46:18,4.14,25631,2968.00,3017.00,2994.00,17.70,52.18,28.87,887.24
2026-06-22T10:02:56,4.14,25631,3009.00,3050.00,3034.00,20.00,39.99,35.60,887.18
2026-06-22T10:19:33,4.15,25631,3026.00,3040.00,3036.50,19.31,37.31,36.20,886.97
2026-06-22T10:36:10,4.15,25631,3028.00,3042.00,3034.50,18.82,35.92,35.16,886.84
2026-06-22T10:52:47,4.15,25631,3032.00,3042.00,3038.00,19.49,38.30,34.89,886.81
2026-06-22T11:09:25,4.15,25631,2973.00,3035.00,3025.00,18.57,35.90,33.83,886.70
2026-06-22T11:26:02,4.14,25631,3023.00,3031.00,3026.00,18.53,42.16,32.92,886.56
2026-06-22T11:42:39,4.14,25631,3003.00,3035.00,3021.00,18.99,40.31,31.66,886.58
2026-06-22T11:59:17,4.14,25631,3021.00,3031.00,3029.00,19.58,37.95,31.44,886.57
2026-06-22T12:15:54,4.14,25631,2978.00,3032.00,2997.50,19.82,39.65,31.66,886.42
2026-06-22T12:32:31,4.14,25631,3002.00,3040.00,3035.00,19.36,40.35,31.38,886.20
2026-06-22T12:49:09,4.15,25631,3013.00,3042.00,3035.00,21.57,36.64,33.77,886.14
2026-06-22T13:05:46,4.15,25631,3011.00,3058.00,3049.50,21.10,37.47,35.83,886.02
2026-06-22T13:22:23,4.14,25631,3036.00,3053.00,3044.50,21.23,37.19,34.50,885.68
2026-06-22T13:39:00,4.15,25631,3037.00,3054.00,3051.50,22.05,34.68,35.49,885.93
2026-06-22T13:55:37,4.16,25631,3026.00,3063.00,3048.50,20.64,35.15,34.92,885.76
2026-06-22T14:12:15,4.15,25631,3033.00,3048.00,3042.00,20.99,34.82,33.47,885.32
2026-06-22T14:28:52,4.14,25631,3041.00,3053.00,3049.00,19.62,38.11,31.08,885.29
2026-06-22T14:45:29,4.14,25631,3032.00,3041.00,3036.00,19.04,41.01,28.03,885.17
2026-06-22T15:02:07,4.14,25631,3026.00,3052.00,3040.00,19.83,38.58,28.59,885.23
2026-06-22T15:18:44,4.14,25631,3044.00,3061.00,3055.00,20.06,37.44,29.90,885.20
2026-06-22T15:35:22,4.14,25631,3015.00,3053.00,3047.00,19.14,39.32,30.40,884.42
2026-06-22T15:51:59,4.14,25631,3041.00,3053.00,3048.50,19.56,39.19,30.68,884.66
2026-06-22T16:08:36,4.14,25631,3048.00,3057.00,3051.00,20.96,36.58,31.93,884.52
2026-06-22T16:25:14,4.14,25631,3038.00,3049.00,3046.00,19.24,38.43,31.23,884.82
2026-06-22T16:41:51,4.16,25631,3036.00,3083.00,3077.50,21.99,34.29,34.74,884.21
2026-06-22T16:58:28,4.15,25631,2969.00,3069.00,3065.00,21.34,36.92,32.73,884.26
2026-06-22T17:15:06,4.14,25631,3009.00,3055.00,3036.00,18.34,44.16,27.75,883.57
2026-06-22T17:31:43,4.14,25631,3057.00,3067.00,3063.50,19.10,42.97,27.72,883.84
2026-06-22T17:48:21,4.14,25631,3042.00,3052.00,3049.50,17.40,47.06,25.00,883.59
2026-06-22T18:04:58,4.13,25631,3028.00,3048.00,3037.00,17.36,47.87,24.42,883.48
2026-06-22T18:21:36,4.14,25631,3020.00,3055.00,3042.50,16.77,49.46,23.09,883.29
2026-06-22T18:38:13,4.14,25631,3036.00,3048.00,3042.50,16.52,49.10,21.90,882.99
2026-06-22T18:54:51,4.14,25631,3021.00,3039.00,3028.50,15.30,52.74,19.87,882.91
2026-06-22T19:11:29,4.12,25631,2958.00,3120.00,3039.00,14.60,59.44,18.24,882.79
2026-06-22T19:28:07,4.13,25631,3013.00,3058.00,3045.50,14.43,61.70,18.01,882.61
2026-06-22T19:44:45,4.13,25631,3035.00,3054.00,3046.00,14.81,61.46,19.81,882.99
2026-06-22T20:01:22,4.14,25631,3050.00,3082.00,3066.00,15.13,59.92,24.71,882.35
2026-06-22T20:18:00,3.91,25631,3018.00,3060.00,3037.50,13.53,63.19,18.79,882.18
2026-06-22T20:34:37,3.91,25631,3014.00,3053.00,3046.50,12.95,66.05,15.61,882.13
2026-06-22T20:51:15,3.90,25631,3028.00,3042.00,3036.00,12.54,67.61,13.70,882.10
2026-06-22T21:07:52,3.89,25631,2976.00,3042.00,3015.50,12.24,68.27,12.48,882.11
2026-06-22T21:24:30,3.89,25631,2959.00,3055.00,3019.00,12.13,68.32,11.80,882.18
2026-06-22T21:41:07,3.89,25631,3016.00,3053.00,3025.50,11.86,69.34,11.40,882.04
2026-06-22T21:57:45,3.89,25631,3018.00,3044.00,3038.50,11.86,68.99,11.20,881.92
2026-06-22T22:14:22,3.89,25631,3013.00,3037.00,3034.50,11.51,70.91,10.89,881.86
2026-06-22T22:31:00,3.89,25631,2993.00,3044.00,3036.00,11.34,71.45,10.57,881.71
2026-06-22T22:47:37,3.89,25631,3013.00,3036.00,3028.00,11.15,71.89,10.36,881.60
2026-06-22T23:04:14,3.89,25631,2986.00,3041.00,3012.00,10.72,74.16,10.02,881.51
2026-06-22T23:20:52,3.89,25631,2993.00,3017.00,3007.50,10.34,75.09,9.62,881.38
2026-06-22T23:37:29,3.89,25631,2977.00,3112.00,2998.00,10.08,74.14,9.28,881.31
2026-06-22T23:54:07,3.89,25631,2961.00,3093.00,2971.00,10.55,72.80,9.45,881.18
2026-06-23T00:10:44,3.89,25631,2965.00,3080.00,2973.00,9.62,76.45,9.06,881.04
2026-06-23T00:27:22,3.89,25631,2956.00,3018.00,2988.00,9.93,75.70,8.90,880.94
2026-06-23T00:43:59,3.89,25631,2948.00,2980.00,2956.50,9.36,76.85,8.63,880.74
2026-06-23T01:00:37,3.89,25631,2941.00,3001.00,2953.00,9.15,76.87,8.44,880.63
2026-06-23T01:17:14,3.88,25631,2947.00,3027.00,3007.00,9.26,76.93,8.39,880.46
2026-06-23T01:33:52,3.89,25631,3010.00,3025.00,3016.50,9.01,77.57,8.31,880.42
2026-06-23T01:50:29,3.89,25631,3017.00,3038.00,3031.00,9.05,76.96,8.27,880.22
2026-06-23T02:07:07,3.89,25631,3001.00,3032.00,3015.50,8.77,78.63,8.05,880.03
2026-06-23T02:23:44,3.89,25631,3029.00,3043.00,3035.50,8.83,78.71,8.01,879.90
2026-06-23T02:40:22,3.88,25631,3032.00,3039.00,3036.00,8.92,77.27,8.00,879.79
2026-06-23T02:57:00,3.88,25631,3025.00,3037.00,3032.00,8.98,78.80,8.06,879.66
2026-06-23T03:13:37,3.88,25631,3024.00,3037.00,3032.50,8.87,78.57,8.08,879.39
2026-06-23T03:30:15,3.89,25631,3032.00,3036.00,3033.50,8.64,78.77,7.95,879.17
2026-06-23T03:46:52,3.88,25631,3030.00,3033.00,3030.00,8.28,79.55,7.67,879.02
2026-06-23T04:03:30,3.88,25631,3029.00,3034.00,3032.50,8.25,79.70,7.62,878.96
2026-06-23T04:20:07,3.89,25631,3029.00,3035.00,3032.00,8.09,81.38,7.60,878.83
2026-06-23T04:36:45,3.89,25631,3030.00,3034.00,3032.00,8.41,81.10,7.84,878.65
2026-06-23T04:53:23,3.89,25631,3033.00,3039.00,3035.50,8.50,81.13,8.16,878.55
2026-06-23T05:10:01,3.89,25631,3032.00,3036.00,3035.00,8.48,78.97,8.39,878.41
2026-06-23T05:26:38,3.89,25631,3029.00,3038.00,3034.00,8.49,78.12,8.51,878.30
2026-06-23T05:43:16,4.00,25631,3023.00,3033.00,3031.00,8.38,77.65,8.65,878.25
2026-06-23T05:59:55,3.90,25631,3014.00,3029.00,3018.00,8.57,75.29,8.86,878.07
2026-06-23T06:16:33,3.91,25631,3027.00,3042.00,3035.50,8.57,76.94,9.02,878.08
2026-06-23T06:33:11,3.91,25631,3032.00,3040.00,3033.00,8.41,78.98,9.06,878.07
2026-06-23T06:49:49,4.12,25631,3035.00,3042.00,3038.00,8.45,79.36,9.22,878.15
2026-06-23T07:06:27,4.11,25631,3038.00,3041.00,3039.00,8.12,84.61,9.42,878.21
2026-06-23T07:23:05,4.11,25631,3034.00,3039.00,3037.00,7.81,86.31,9.36,878.22
2026-06-23T07:39:43,4.11,25631,3033.00,3043.00,3040.00,7.93,85.62,9.46,878.01
2026-06-23T07:56:21,4.12,25631,3037.00,3042.00,3039.00,8.24,75.58,9.84,878.20
2026-06-23T08:12:59,4.12,25631,3033.00,3039.00,3036.00,8.83,74.71,10.30,878.12
2026-06-23T08:29:37,4.12,25631,3022.00,3033.00,3028.00,8.48,76.15,10.39,878.11
2026-06-23T08:46:15,4.12,25631,3014.00,3037.00,3030.00,7.81,88.03,10.07,878.15
2026-06-23T09:02:54,4.12,25631,3040.00,3053.00,3048.50,7.87,88.92,10.11,878.04
2026-06-23T09:19:32,4.12,25631,3041.00,3050.00,3046.00,7.28,90.63,9.99,878.08
2026-06-23T09:36:10,4.11,25631,3044.00,3056.00,3049.50,6.92,92.81,9.66,878.03
2026-06-23T09:52:48,4.12,25631,3044.00,3051.00,3047.50,6.35,87.52,9.05,877.95
2026-06-23T10:09:26,4.11,25631,3042.00,3049.00,3045.50,6.18,87.78,8.90,877.93
2026-06-23T10:26:04,4.11,25631,3044.00,3046.00,3045.00,6.30,88.53,8.63,878.06
2026-06-23T10:42:42,4.12,25631,3045.00,3048.00,3047.00,5.71,91.56,8.27,878.14
2026-06-23T10:59:21,4.12,25631,3042.00,3048.00,3045.00,6.11,89.86,8.86,878.15
2026-06-23T11:15:59,4.11,25631,3039.00,3046.00,3043.00,6.35,90.70,9.34,878.23
2026-06-23T11:32:37,4.12,25631,3047.00,3051.00,3048.00,6.64,85.99,10.04,878.23
2026-06-23T11:49:15,4.12,25631,3059.00,3068.00,3062.00,6.90,85.90,11.17,878.29
2026-06-23T12:05:53,4.12,25631,3062.00,3070.00,3065.00,7.43,85.70,12.23,878.33
2026-06-23T12:22:31,4.12,25631,3064.00,3072.00,3067.50,7.16,86.81,12.90,878.21
2026-06-23T12:39:09,4.12,25631,3062.00,3070.00,3064.50,7.14,85.12,12.59,878.08
2026-06-23T12:55:47,4.12,25631,3053.00,3066.00,3061.00,7.02,88.72,11.89,878.16
2026-06-23T13:12:25,4.12,25631,3053.00,3080.00,3069.50,6.52,89.32,10.64,878.18
2026-06-23T13:29:03,4.12,25631,3066.00,3070.00,3069.00,7.12,87.99,11.35,878.17
2026-06-23T13:45:41,4.12,25631,3065.00,3069.00,3067.50,6.70,87.26,11.30,878.05
2026-06-23T14:02:19,4.12,25631,3048.00,3059.00,3053.50,6.74,87.81,10.42,878.08
2026-06-23T14:18:57,4.12,25631,3055.00,3081.00,3069.00,7.02,86.72,10.40,878.09
2026-06-23T14:35:36,4.12,25631,3044.00,3062.00,3057.50,7.87,82.67,12.12,878.14
2026-06-23T14:52:14,4.12,25631,3055.00,3071.00,3061.50,7.40,85.33,12.61,877.97
2026-06-23T15:08:52,4.12,25631,3031.00,3135.00,3090.50,7.32,87.25,11.69,877.96
2026-06-23T15:25:30,4.12,25631,3014.00,3137.00,3049.50,7.52,87.95,11.34,878.05
2026-06-23T15:42:08,4.12,25631,3052.00,3103.00,3070.50,7.29,87.59,11.52,877.95
2026-06-23T15:58:46,4.12,25631,3051.00,3071.00,3061.00,7.69,86.87,12.26,878.06
2026-06-23T16:15:24,4.12,25631,3078.00,3089.00,3083.00,8.02,86.07,12.37,877.84
2026-06-23T16:32:02,4.12,25631,3075.00,3081.00,3079.00,7.84,86.42,12.03,877.75
2026-06-23T16:48:40,4.12,25631,3069.00,3080.00,3075.50,7.78,87.20,11.70,877.65
2026-06-23T17:05:19,4.12,25631,3023.00,3084.00,3063.50,8.18,87.16,11.84,877.59
2026-06-23T17:21:57,4.12,25631,3017.00,3155.00,3082.00,7.50,87.77,11.50,877.47
2026-06-23T17:38:35,4.12,25631,3046.00,3082.00,3076.50,7.26,89.10,10.51,877.43
2026-06-23T17:55:13,4.12,25631,3091.00,3100.00,3092.00,7.35,89.44,10.04,877.41
2026-06-23T18:11:51,4.12,25631,3007.00,3086.00,3050.50,7.23,87.77,9.58,877.29
2026-06-23T18:28:29,4.12,25631,3041.00,3202.00,3080.50,7.55,88.28,9.55,877.27
2026-06-23T18:45:07,4.12,25631,3064.00,3122.00,3103.00,7.30,88.85,9.21,877.14
2026-06-23T19:01:46,4.12,25631,3123.00,3132.00,3127.00,7.43,88.52,9.06,877.08
2026-06-23T19:18:24,3.89,25631,3008.00,3142.00,3137.00,7.22,89.75,8.62,876.98
2026-06-23T19:35:02,3.89,25631,2996.00,3143.00,3141.00,7.00,91.79,8.26,876.88
2026-06-23T19:51:40,3.90,25631,3006.00,3098.00,3073.00,6.81,91.14,7.83,876.73
2026-06-23T20:08:18,3.89,25631,3056.00,3068.00,3063.50,6.64,91.49,7.47,876.66
2026-06-23T20:24:56,3.89,25631,3052.00,3070.00,3060.00,6.56,90.83,7.20,876.57
2026-06-23T20:41:34,3.90,25631,3045.00,3066.00,3054.50,6.42,91.31,6.90,876.54
2026-06-23T20:58:12,3.89,25631,3031.00,3065.00,3053.00,6.16,91.86,6.54,876.53
2026-06-23T21:14:49,3.87,25631,3006.00,3056.00,3034.50,6.18,91.25,6.30,876.47
2026-06-23T21:31:27,3.89,25631,3016.00,3042.00,3025.00,6.08,92.34,6.12,876.35
2026-06-23T21:48:05,3.89,25631,3023.00,3043.00,3035.00,6.02,92.54,5.94,876.27
2026-06-23T22:04:42,3.87,25631,3027.00,3126.00,3054.50,5.81,93.19,5.76,876.16
2026-06-23T22:21:20,3.89,25631,3044.00,3060.00,3055.00,5.57,93.99,5.58,876.21
2026-06-23T22:37:57,3.89,25631,3056.00,3072.00,3067.00,5.84,93.14,5.55,876.14
2026-06-23T22:54:35,3.89,25631,3064.00,3077.00,3073.00,5.93,92.09,5.59,876.13
2026-06-23T23:11:13,3.89,25631,3068.00,3079.00,3074.00,5.77,92.87,5.59,876.00
2026-06-23T23:27:50,3.89,25631,3049.00,3088.00,3073.00,5.66,92.94,5.53,875.95
2026-06-23T23:44:28,3.89,25631,3018.00,3085.00,3037.50,5.84,91.20,5.59,875.82
2026-06-24T00:01:06,3.89,25631,3062.00,3088.00,3072.50,5.77,91.88,5.56,875.67
2026-06-24T00:17:43,3.89,25631,3072.00,3088.00,3080.50,5.58,92.74,5.47,875.53
2026-06-24T00:34:21,3.89,25631,3078.00,3085.00,3082.00,5.60,92.22,5.44,875.49
2026-06-24T00:50:59,3.89,25631,3082.00,3090.00,3085.50,5.70,91.39,5.43,875.41
2026-06-24T01:07:36,3.89,25631,3076.00,3088.00,3083.50,5.53,92.49,5.39,875.36
2026-06-24T01:24:14,3.89,25631,3073.00,3087.00,3081.50,5.68,91.30,5.40,875.26
2026-06-24T01:40:52,3.89,25631,3071.00,3082.00,3077.00,5.66,91.16,5.40,875.18
2026-06-24T01:57:30,3.89,25631,3087.00,3099.00,3093.00,5.67,91.96,5.42,875.08
2026-06-24T02:14:07,3.89,25631,3120.00,3125.00,3122.50,5.57,92.16,5.39,875.07
2026-06-24T02:30:45,3.88,25631,3122.00,3134.00,3126.50,5.57,92.66,5.36,874.97
2026-06-24T02:47:22,3.89,25631,3119.00,3128.00,3125.00,5.46,92.97,5.29,874.92
2026-06-24T03:04:00,3.89,25631,3035.00,3129.00,3047.00,5.39,93.47,5.25,874.75
2026-06-24T03:20:38,3.89,25631,3029.00,3044.00,3034.50,5.33,93.79,5.16,874.65
2026-06-24T03:37:16,3.89,25631,3004.00,3028.00,3019.50,5.50,93.37,5.23,874.56
2026-06-24T03:53:53,3.89,25631,3000.00,3051.00,3013.50,5.39,93.58,5.23,874.50
2026-06-24T04:10:31,3.88,25631,3005.00,3077.00,3032.00,5.32,93.95,5.22,874.51
2026-06-24T04:27:09,3.88,25631,3002.00,3064.00,3052.50,5.44,92.89,5.27,874.50
2026-06-24T04:43:46,3.89,25631,3023.00,3046.00,3031.50,5.60,91.95,5.46,874.47
2026-06-24T05:00:24,3.89,25631,3017.00,3055.00,3029.50,5.71,91.97,5.74,874.33
2026-06-24T05:17:02,3.90,25631,3036.00,3084.00,3056.00,5.79,91.95,5.98,874.29
2026-06-24T05:33:41,3.89,25631,3073.00,3094.00,3079.00,5.90,92.17,6.31,874.26
2026-06-24T05:50:19,3.90,25631,3073.00,3111.00,3078.00,5.98,93.15,6.51,874.19
2026-06-24T06:06:57,4.11,25631,3068.00,3082.00,3074.50,6.11,91.88,7.08,874.23
2026-06-24T06:23:35,4.12,25631,3069.00,3078.00,3074.50,7.20,89.04,8.50,874.20
2026-06-24T06:40:14,4.12,25631,3080.00,3095.00,3086.50,7.78,84.39,9.65,874.07
2026-06-24T06:56:52,4.12,25631,3087.00,3102.00,3096.50,7.09,86.91,9.71,873.90
2026-06-24T07:13:30,4.12,25631,3069.00,3087.00,3080.50,7.38,87.09,10.53,873.85
2026-06-24T07:30:08,4.12,25631,3054.00,3084.00,3071.00,7.43,87.33,11.56,873.87
2026-06-24T07:46:46,4.12,25631,3082.00,3110.00,3089.50,9.00,84.64,13.33,873.94
2026-06-24T08:03:24,4.11,25631,3098.00,3132.00,3121.50,8.77,85.09,14.31,873.82
2026-06-24T08:20:02,4.12,25631,3080.00,3166.00,3108.00,8.61,86.37,14.61,873.72
2026-06-24T08:36:40,4.12,25631,3071.00,3124.00,3113.00,7.80,88.38,14.16,873.62
2026-06-24T08:53:18,4.12,25631,3111.00,3123.00,3118.00,8.01,88.53,13.10,873.69
2026-06-24T09:09:56,4.12,25631,3107.00,3116.00,3111.50,8.63,87.32,12.63,873.76
2026-06-24T09:26:34,4.12,25631,3103.00,3110.00,3104.50,7.56,90.52,12.27,873.84
2026-06-24T09:43:12,4.12,25631,3105.00,3124.00,3119.50,8.29,89.25,12.92,873.89
2026-06-24T09:59:50,4.12,25631,3109.00,3121.00,3113.00,9.80,79.96,14.57,873.93
2026-06-24T10:16:28,4.12,25631,3130.00,3141.00,3133.00,9.91,80.45,15.54,873.82
2026-06-24T10:33:06,4.12,25631,3110.00,3123.00,3120.00,9.47,85.71,14.78,873.94
2026-06-24T10:49:44,4.13,25631,3112.00,3126.00,3120.50,10.10,82.74,15.81,873.94
2026-06-24T11:06:22,4.12,25631,3149.00,3161.00,3153.50,10.24,81.78,18.06,873.87
2026-06-24T11:23:00,4.13,25631,3111.00,3133.00,3128.50,10.22,82.59,17.41,873.88
2026-06-24T11:39:38,4.12,25631,3134.00,3145.00,3137.00,10.32,83.46,17.65,873.86
2026-06-24T11:56:16,4.12,25631,3098.00,3121.00,3110.00,10.29,84.96,17.46,873.90
2026-06-24T12:12:54,4.13,25631,3110.00,3132.00,3123.00,10.77,83.33,17.56,873.96
2026-06-24T12:29:32,4.12,25631,3110.00,3119.00,3113.50,10.27,83.75,18.11,873.88
2026-06-24T12:46:09,4.12,25631,3114.00,3133.00,3126.00,9.83,84.48,16.18,873.96
2026-06-24T13:02:47,4.12,25631,3116.00,3134.00,3126.50,9.56,84.60,17.06,874.12
2026-06-24T13:19:25,4.13,25631,3047.00,3248.00,3238.50,9.36,86.56,16.22,874.05
2026-06-24T13:36:03,4.13,25631,3180.00,3192.00,3188.00,8.94,89.69,15.29,874.10
2026-06-24T13:52:41,4.12,25631,3069.00,3084.00,3074.50,9.90,88.81,15.45,874.41
2026-06-24T14:09:19,4.12,25631,3066.00,3147.00,3083.50,9.12,88.07,15.58,874.39
2026-06-24T14:25:57,4.12,25631,3087.00,3192.00,3097.00,9.79,84.00,16.18,874.52
2026-06-24T14:42:35,4.12,25631,3107.00,3161.00,3148.00,9.08,89.37,15.35,874.51
2026-06-24T14:59:13,4.12,25631,3113.00,3204.00,3195.50,9.80,88.77,15.51,874.55
2026-06-24T15:15:51,4.12,25631,3123.00,3212.00,3159.50,10.34,87.07,15.95,874.69
2026-06-24T15:32:29,4.12,25631,3117.00,3217.00,3143.00,10.07,85.21,16.94,874.80
2026-06-24T15:49:07,4.12,25631,3095.00,3199.00,3108.00,9.36,89.45,16.22,874.70
2026-06-24T16:05:45,4.12,25631,3140.00,3218.00,3208.00,10.45,87.49,16.42,874.75
2026-06-24T16:22:23,4.12,25631,3109.00,3162.00,3135.50,10.90,84.97,16.08,874.79
2026-06-24T16:39:00,4.12,25631,3148.00,3211.00,3180.50,10.48,85.46,15.51,874.99
2026-06-24T16:55:38,4.12,25631,3121.00,3158.00,3142.50,10.50,86.48,15.76,874.75
2026-06-24T17:12:16,4.12,25631,3100.00,3158.00,3121.50,10.63,86.93,16.83,875.14
2026-06-24T17:28:54,4.13,25631,3116.00,3153.00,3128.00,10.63,82.38,18.71,875.06
2026-06-24T17:45:32,4.13,25631,3152.00,3182.00,3161.00,11.28,80.53,20.32,875.06
2026-06-24T18:02:10,4.14,25631,3150.00,3224.00,3187.50,11.68,81.57,21.71,875.10
2026-06-24T18:18:47,4.14,25631,3162.00,3226.00,3186.00,13.75,75.20,21.65,875.18
2026-06-24T18:35:25,4.14,25631,3091.00,3238.00,3170.00,11.59,82.42,20.26,875.32
2026-06-24T18:52:03,4.13,25631,3130.00,3230.00,3194.00,10.90,82.45,18.12,875.36
2026-06-24T19:08:41,4.12,25631,3138.00,3225.00,3194.00,10.79,80.98,16.79,875.44
2026-06-24T19:25:19,3.91,25631,3152.00,3181.00,3168.00,9.32,89.48,13.58,875.52
2026-06-24T19:41:57,3.91,25631,3129.00,3334.00,3233.00,9.26,90.34,12.06,875.64
2026-06-24T19:58:35,3.90,25631,3155.00,3165.00,3161.50,8.98,90.76,10.99,875.80
2026-06-24T20:15:13,3.89,25631,3139.00,3155.00,3149.00,8.49,90.99,9.86,875.97
2026-06-24T20:31:51,3.89,25631,3136.00,3144.00,3140.00,8.14,93.26,9.11,876.12
2026-06-24T20:48:28,3.89,25631,3124.00,3138.00,3128.00,8.04,94.30,8.57,876.23
2026-06-24T21:05:06,3.89,25631,3128.00,3142.00,3135.50,7.80,94.69,8.08,876.37
2026-06-24T21:21:43,3.89,25631,3126.00,3153.00,3144.00,7.66,95.05,7.73,876.46
2026-06-24T21:38:21,3.89,25631,3158.00,3173.00,3161.50,7.56,95.27,7.55,876.46
2026-06-24T21:54:59,3.89,25631,3191.00,3205.00,3193.50,7.55,95.53,7.33,876.44
2026-06-24T22:11:36,3.89,25631,3197.00,3205.00,3200.50,7.26,95.66,7.10,876.41
2026-06-24T22:28:14,3.89,25631,3159.00,3213.00,3208.00,7.08,95.94,6.93,876.46
2026-06-24T22:44:51,3.89,25631,3176.00,3202.00,3198.00,7.26,96.17,6.91,876.57
2026-06-24T23:01:29,3.89,25631,3098.00,3199.00,3137.50,7.05,96.15,6.85,876.66
2026-06-24T23:18:07,3.89,25631,3086.00,3162.00,3112.00,7.18,95.98,6.88,876.67
2026-06-24T23:34:44,3.88,25631,3070.00,3109.00,3089.00,7.04,95.76,6.86,876.79
2026-06-24T23:51:22,3.88,25631,3093.00,3131.00,3102.00,7.08,95.79,6.84,876.80
2026-06-25T00:08:00,3.89,25631,3084.00,3127.00,3108.00,6.98,95.67,6.74,876.87
2026-06-25T00:24:37,3.88,25631,3099.00,3143.00,3117.00,6.90,95.37,6.70,876.96
2026-06-25T00:41:15,3.89,25631,3140.00,3201.00,3177.50,6.88,95.52,6.67,877.11
2026-06-25T00:57:52,3.88,25631,3197.00,3209.00,3204.50,7.16,96.07,6.76,877.17
2026-06-25T01:14:30,3.89,25631,3175.00,3182.00,3178.00,6.81,96.20,6.70,877.37
2026-06-25T01:31:08,3.89,25631,3103.00,3185.00,3177.00,7.08,96.49,6.65,877.48
2026-06-25T01:47:45,3.89,25631,3125.00,3170.00,3148.00,6.88,96.41,6.75,877.46
2026-06-25T02:04:23,3.88,25631,3137.00,3157.00,3143.50,6.83,96.53,6.69,877.59
2026-06-25T02:21:00,3.88,25631,3128.00,3158.00,3145.00,6.74,96.62,6.62,877.73
2026-06-25T02:37:38,3.88,25631,3142.00,3157.00,3151.00,6.79,96.72,6.62,877.82
2026-06-25T02:54:16,3.88,25631,3179.00,3185.00,3182.00,6.76,96.77,6.64,877.94
2026-06-25T03:10:53,3.88,25631,3178.00,3189.00,3182.00,6.73,96.78,6.64,877.98
2026-06-25T03:27:31,3.88,25631,3139.00,3158.00,3151.00,6.71,96.48,6.59,878.06
2026-06-25T03:44:08,3.88,25631,3137.00,3161.00,3143.00,6.73,96.25,6.54,878.25
2026-06-25T04:00:46,3.87,25631,3141.00,3171.00,3144.00,6.63,96.40,6.49,878.45
2026-06-25T04:17:24,3.88,25631,3134.00,3164.00,3153.00,6.83,96.61,6.54,878.65
2026-06-25T04:34:01,3.88,25631,3097.00,3118.00,3110.50,6.76,96.71,6.63,878.75
2026-06-25T04:50:39,3.88,25631,3082.00,3121.00,3104.00,6.73,96.75,6.69,878.98
2026-06-25T05:07:17,3.88,25631,3071.00,3134.00,3092.00,6.84,96.84,6.90,879.13
2026-06-25T05:23:55,3.89,25631,3095.00,3179.00,3128.50,7.05,96.85,7.20,879.33
2026-06-25T05:40:33,3.90,25631,3160.00,3182.00,3166.00,7.26,96.73,7.61,879.51
2026-06-25T05:57:11,4.11,25631,3177.00,3194.00,3188.00,7.46,95.67,8.12,879.69
2026-06-25T06:13:49,4.11,25631,3159.00,3200.00,3185.00,7.73,95.03,8.70,879.76
2026-06-25T06:30:27,4.11,25631,3121.00,3157.00,3132.50,7.91,94.59,9.02,880.07
2026-06-25T06:47:06,4.12,25631,3105.00,3125.00,3114.50,8.25,93.46,9.40,880.20
2026-06-25T07:03:44,4.12,25631,3103.00,3147.00,3117.00,8.26,93.91,9.69,880.38
2026-06-25T07:20:22,4.12,25631,3138.00,3194.00,3180.00,8.18,92.10,10.61,880.53
2026-06-25T07:37:00,4.12,25631,3211.00,3232.00,3220.00,9.84,89.03,12.88,880.64
2026-06-25T07:53:38,4.12,25631,3188.00,3214.00,3200.50,9.08,88.43,12.59,880.67
2026-06-25T08:10:16,4.12,25631,3146.00,3171.00,3160.50,9.32,89.27,12.39,880.77
2026-06-25T08:26:54,4.12,25631,3152.00,3176.00,3157.00,9.25,89.29,13.67,880.91
2026-06-25T08:43:32,4.12,25631,3149.00,3219.00,3179.50,10.41,87.07,14.37,880.81
2026-06-25T09:00:10,4.12,25631,3160.00,3181.00,3172.00,9.31,90.23,13.48,881.08
2026-06-25T09:16:48,4.12,25631,3150.00,3168.00,3163.00,9.89,88.00,15.32,881.57
2026-06-25T09:33:26,4.12,25631,3204.00,3240.00,3223.00,11.76,81.31,17.81,881.15
2026-06-25T09:50:04,4.12,25631,3124.00,3159.00,3133.00,9.43,89.25,15.23,881.62
2026-06-25T10:06:42,4.12,25631,3167.00,3181.00,3175.00,9.73,88.24,15.21,881.66
2026-06-25T10:23:20,4.12,25631,3158.00,3211.00,3181.00,10.70,85.65,15.38,881.81
2026-06-25T10:39:58,4.12,25631,3175.00,3247.00,3234.00,10.35,85.65,15.73,882.05
2026-06-25T10:56:36,4.12,25631,3190.00,3250.00,3209.00,11.48,83.53,16.23,882.22
2026-06-25T11:13:14,4.12,25631,3180.00,3220.00,3211.00,10.05,89.34,13.86,882.44
2026-06-25T11:29:52,4.12,25631,3159.00,3186.00,3174.50,10.27,87.66,13.73,882.87
2026-06-25T11:46:30,4.12,25631,3142.00,3218.00,3164.00,11.28,85.26,14.44,883.05
2026-06-25T12:03:08,4.12,25631,3202.00,3230.00,3218.50,12.07,82.10,15.21,883.24
2026-06-25T12:19:46,4.12,25631,3193.00,3235.00,3217.50,11.39,82.25,16.19,883.36
2026-06-25T12:36:24,4.12,25631,3144.00,3257.00,3170.00,11.51,80.68,18.14,883.61
2026-06-25T12:53:02,4.12,25631,3184.00,3244.00,3219.50,12.38,78.79,19.37,883.54
2026-06-25T13:09:39,4.13,25631,3212.00,3310.00,3248.50,13.14,75.54,21.48,883.73
2026-06-25T13:26:17,4.13,25631,3172.00,3307.00,3219.50,12.88,73.59,22.02,883.74
2026-06-25T13:42:55,4.13,25631,3188.00,3215.00,3192.50,12.56,75.79,21.27,883.90
2026-06-25T13:59:33,4.13,25631,3115.00,3215.00,3191.00,12.61,79.85,20.48,884.01
2026-06-25T14:16:11,4.14,25631,3172.00,3201.00,3178.50,13.17,77.01,20.33,884.14
2026-06-25T14:32:48,4.13,25631,3171.00,3212.00,3196.50,13.04,77.53,20.46,884.49
2026-06-25T14:49:26,4.13,25631,3221.00,3234.00,3223.00,12.86,73.31,20.90,884.45
2026-06-25T15:06:04,4.13,25631,3144.00,3198.00,3160.00,12.81,74.15,20.28,884.51
2026-06-25T15:22:42,4.12,25631,3194.00,3309.00,3223.50,12.45,76.66,19.37,884.63
2026-06-25T15:39:19,4.13,25631,3142.00,3291.00,3176.50,12.68,76.45,19.25,884.87
2026-06-25T15:55:57,4.13,25631,3170.00,3223.00,3193.50,12.35,77.00,19.34,884.96
2026-06-25T16:12:35,4.13,25631,3162.00,3311.00,3277.50,14.27,71.03,20.72,885.10
2026-06-25T16:29:13,4.13,25631,3156.00,3235.00,3187.00,14.09,69.73,20.82,885.12
2026-06-25T16:45:51,4.13,25631,3214.00,3325.00,3284.50,13.03,73.39,19.35,885.04
2026-06-25T17:02:28,4.13,25631,3217.00,3314.00,3231.50,14.01,71.40,20.09,885.31
2026-06-25T17:19:06,4.13,25631,3185.00,3310.00,3218.50,13.69,72.70,20.36,885.31
2026-06-25T17:35:44,4.13,25631,3155.00,3306.00,3220.50,12.92,74.87,19.91,885.20
2026-06-25T17:52:22,4.12,25631,3163.00,3339.00,3232.50,11.55,74.99,17.87,885.27
2026-06-25T18:09:00,4.12,25631,3189.00,3288.00,3229.00,10.99,83.76,16.08,885.50
2026-06-25T18:25:38,4.12,25631,3297.00,3305.00,3303.00,11.18,81.08,15.13,885.59
2026-06-25T18:42:16,4.12,25631,3280.00,3292.00,3286.50,10.41,84.87,13.78,885.68
2026-06-25T18:58:54,4.12,25631,3279.00,3290.00,3284.50,10.63,84.10,13.22,885.86
2026-06-25T19:15:32,4.01,25631,3271.00,3281.00,3275.00,9.98,86.38,12.46,885.76
2026-06-25T19:32:10,3.90,25631,3249.00,3262.00,3257.00,9.62,86.71,11.52,885.78
2026-06-25T19:48:47,3.90,25631,3216.00,3253.00,3237.00,9.39,89.30,10.94,885.82
2026-06-25T20:05:25,3.90,25631,3157.00,3234.00,3174.50,9.04,90.91,10.33,885.79
2026-06-25T20:22:03,3.90,25631,3170.00,3206.00,3179.50,8.76,91.96,9.75,885.82
2026-06-25T20:38:41,3.89,25631,3176.00,3229.00,3196.00,8.53,92.58,9.16,885.93
2026-06-25T20:55:18,3.89,25631,3190.00,3243.00,3202.50,8.42,93.27,8.71,886.05
2026-06-25T21:11:56,3.89,25631,3240.00,3267.00,3260.00,8.26,93.18,8.39,886.14
2026-06-25T21:28:33,3.89,25631,3261.00,3268.00,3265.00,8.32,91.45,8.23,886.28
2026-06-25T21:45:11,3.89,25631,3151.00,3269.00,3263.50,8.36,90.54,8.14,886.34
2026-06-25T22:01:49,3.89,25631,3137.00,3223.00,3151.00,8.16,90.74,8.01,886.44
2026-06-25T22:18:26,3.89,25631,3115.00,3256.00,3188.00,8.25,89.72,7.93,886.44
2026-06-25T22:35:04,3.89,25631,3117.00,3274.00,3184.50,8.14,89.28,7.91,886.41
2026-06-25T22:51:41,3.89,25631,3142.00,3268.00,3170.50,8.05,90.46,7.79,886.45
2026-06-25T23:08:19,3.89,25631,3143.00,3202.00,3154.50,8.09,88.85,7.77,886.39
2026-06-25T23:24:56,3.89,25631,3138.00,3193.00,3144.00,8.05,89.14,7.74,886.30
2026-06-25T23:41:34,3.89,25631,3145.00,3178.00,3155.50,7.81,90.77,7.58,886.34
2026-06-25T23:58:11,3.89,25631,3140.00,3168.00,3151.00,7.78,91.72,7.49,886.30
2026-06-26T00:14:49,3.89,25631,3127.00,3189.00,3135.50,7.69,91.09,7.46,886.17
2026-06-26T00:31:27,3.89,25631,3110.00,3265.00,3132.00,7.69,89.52,7.38,886.18
2026-06-26T00:48:04,3.89,25631,3146.00,3196.00,3177.50,7.62,90.12,7.34,886.18
2026-06-26T01:04:42,3.89,25631,3147.00,3188.00,3160.00,7.43,92.26,7.25,886.28
2026-06-26T01:21:19,3.89,25631,3141.00,3176.00,3163.00,7.26,92.73,7.14,886.34
2026-06-26T01:37:57,3.89,25631,3142.00,3177.00,3154.00,7.15,93.58,7.06,886.31
2026-06-26T01:54:34,3.89,25631,3151.00,3176.00,3163.00,6.95,94.04,6.89,886.37
2026-06-26T02:11:12,3.88,25631,3166.00,3251.00,3230.00,6.79,95.01,6.72,886.42
2026-06-26T02:27:49,3.89,25631,3129.00,3261.00,3197.50,6.83,94.93,6.65,886.49
2026-06-26T02:44:27,3.89,25631,3156.00,3180.00,3171.00,6.92,93.68,6.58,886.57
2026-06-26T03:01:05,3.89,25631,3186.00,3347.00,3251.00,6.88,94.68,6.60,886.65
2026-06-26T03:17:42,3.88,25631,3161.00,3243.00,3219.00,6.57,95.35,6.51,886.66
2026-06-26T03:34:20,3.88,25631,3201.00,3271.00,3221.50,6.36,95.83,6.38,886.70
2026-06-26T03:50:57,3.88,25631,3250.00,3284.00,3270.50,6.21,96.08,6.15,886.71
2026-06-26T04:07:35,3.89,25631,3184.00,3272.00,3262.50,6.21,96.35,5.88,886.85
2026-06-26T04:24:13,3.89,25631,3182.00,3290.00,3278.50,6.26,96.33,6.04,886.97
2026-06-26T04:40:50,3.88,25631,3223.00,3282.00,3276.50,6.05,96.40,6.13,886.90
2026-06-26T04:57:28,3.89,25631,3087.00,3278.00,3234.00,5.77,96.55,5.79,886.89
2026-06-26T05:14:06,3.89,25631,3259.00,3274.00,3269.00,6.15,96.72,6.12,887.08
2026-06-26T05:30:44,3.89,25631,3129.00,3273.00,3169.00,6.37,96.72,6.82,887.14
2026-06-26T05:47:23,4.12,25631,3257.00,3275.00,3270.50,6.53,95.98,7.09,887.25
2026-06-26T06:04:01,4.11,25631,3141.00,3263.00,3245.00,6.74,94.68,7.31,887.47
2026-06-26T06:20:39,4.11,25631,3146.00,3273.00,3255.00,7.18,91.20,7.89,887.40
2026-06-26T06:37:17,4.12,25631,3256.00,3289.00,3281.00,7.67,89.71,9.17,887.47
2026-06-26T06:53:55,4.12,25631,3168.00,3269.00,3178.50,8.87,85.49,11.37,887.38
2026-06-26T07:10:34,4.12,25631,3182.00,3273.00,3226.00,8.88,84.40,12.18,887.35
2026-06-26T07:27:12,4.12,25631,3170.00,3253.00,3185.50,8.91,84.55,12.31,887.37
2026-06-26T07:43:50,4.12,25631,3144.00,3306.00,3183.50,9.22,83.32,13.05,887.51
2026-06-26T08:00:28,4.12,25631,3168.00,3252.00,3204.00,9.46,82.28,13.65,887.47
2026-06-26T08:17:06,4.12,25631,3189.00,3235.00,3210.00,9.76,81.02,14.71,887.61
2026-06-26T08:33:44,4.12,25631,3169.00,3210.00,3184.50,8.97,86.34,13.95,887.76
2026-06-26T08:50:22,4.12,25631,3204.00,3224.00,3215.50,10.14,80.41,14.44,888.03
2026-06-26T09:07:00,4.12,25631,3215.00,3257.00,3231.50,10.05,79.22,15.28,887.83
2026-06-26T09:23:38,4.12,25631,3199.00,3257.00,3219.00,8.66,86.09,14.07,887.94
2026-06-26T09:40:16,4.12,25631,3175.00,3316.00,3241.00,9.19,85.26,14.73,887.99
2026-06-26T09:56:54,4.12,25631,3196.00,3274.00,3213.50,8.81,85.78,14.56,888.05
2026-06-26T10:13:32,4.12,25631,3185.00,3281.00,3237.00,9.40,83.43,15.10,888.35
2026-06-26T10:30:10,4.12,25631,3198.00,3308.00,3266.00,10.42,78.39,16.57,887.98
2026-06-26T10:46:47,4.13,25631,3227.00,3354.00,3287.00,11.35,76.01,21.28,888.54
2026-06-26T11:03:25,4.13,25631,3273.00,3379.00,3359.50,13.40,68.28,24.06,888.42
2026-06-26T11:20:03,4.14,25631,3341.00,3355.00,3350.50,11.59,74.10,21.10,887.89
2026-06-26T11:36:41,4.13,25631,3259.00,3337.00,3327.00,12.27,69.99,21.75,887.88
2026-06-26T11:53:19,4.13,25631,3216.00,3289.00,3274.00,11.63,71.84,21.43,888.21
2026-06-26T12:09:56,4.13,25631,3211.00,3299.00,3246.00,11.65,72.80,20.52,888.57
2026-06-26T12:26:34,4.13,25631,3241.00,3357.00,3300.50,13.11,65.53,22.24,887.93
2026-06-26T12:43:12,4.13,25631,3280.00,3343.00,3311.00,13.38,65.91,22.69,888.40
2026-06-26T12:59:49,4.13,25631,3328.00,3356.00,3342.50,14.51,62.30,25.48,887.73
2026-06-26T13:16:27,4.14,25631,3270.00,3389.00,3309.50,16.43,55.40,28.58,887.88
2026-06-26T13:33:04,4.14,25631,3244.00,3300.00,3285.50,14.96,57.57,26.50,888.23
2026-06-26T13:49:42,4.13,25631,3256.00,3317.00,3292.50,12.75,67.07,20.51,888.09
2026-06-26T14:06:20,4.12,25631,3250.00,3267.00,3258.00,13.74,62.64,21.18,888.31
2026-06-26T14:22:58,4.13,25631,3234.00,3364.00,3275.50,17.76,51.70,26.21,888.63
2026-06-26T14:39:35,4.14,25631,3285.00,3505.00,3322.00,16.67,54.00,27.70,888.53
2026-06-26T14:56:13,4.13,25631,3268.00,3352.00,3280.50,14.65,55.36,26.70,888.25
2026-06-26T15:12:50,4.14,25631,3269.00,3370.00,3338.00,15.68,55.82,27.64,888.54
2026-06-26T15:29:28,4.13,25631,3212.00,3405.00,3297.00,14.63,55.64,27.20,888.47
2026-06-26T15:46:05,4.14,25631,3241.00,3388.00,3359.50,14.85,54.15,27.92,888.39
2026-06-26T16:02:43,4.14,25631,3317.00,3398.00,3355.50,14.91,53.30,27.21,888.50
2026-06-26T16:19:20,4.14,25631,3280.00,3445.00,3349.00,15.92,50.24,27.37,888.59
2026-06-26T16:35:58,4.14,25631,3303.00,3418.00,3362.00,15.05,51.86,27.20,888.50
2026-06-26T16:52:35,4.14,25631,3322.00,3398.00,3364.50,15.15,51.99,26.99,888.45
2026-06-26T17:09:13,4.14,25631,3296.00,3402.00,3330.50,15.35,51.05,25.70,888.50
2026-06-26T17:25:50,4.13,25631,3282.00,3411.00,3317.50,14.96,53.00,24.21,888.59
2026-06-26T17:42:28,4.14,25631,3292.00,3312.00,3298.00,14.48,53.11,23.14,888.35
2026-06-26T17:59:06,4.13,25631,3301.00,3313.00,3305.00,14.43,55.16,22.50,888.58
2026-06-26T18:15:44,4.13,25631,3300.00,3329.00,3317.50,14.17,60.29,21.91,888.74
2026-06-26T18:32:21,4.13,25631,3280.00,3333.00,3318.50,14.32,61.00,21.36,888.83
2026-06-26T18:48:59,4.13,25631,3304.00,3322.00,3314.50,13.55,62.95,21.08,888.92
2026-06-26T19:05:37,4.14,25631,3298.00,3326.00,3311.00,14.19,60.20,21.83,888.89
2026-06-26T19:22:14,4.14,25631,3274.00,3317.00,3300.00,13.43,61.73,22.58,888.98
2026-06-26T19:38:52,4.14,25631,3291.00,3326.00,3312.50,13.41,63.24,23.46,889.03
2026-06-26T19:55:29,4.02,25631,3294.00,3322.00,3304.00,12.04,67.96,23.86,888.97
2026-06-26T20:12:07,3.91,25631,3286.00,3309.00,3305.00,11.30,70.44,23.60,888.98
2026-06-26T20:28:44,3.91,25631,3283.00,3300.00,3295.00,10.75,72.10,21.18,888.38
2026-06-26T20:45:22,3.91,25631,3261.00,3270.00,3265.00,8.50,80.63,12.82,888.88
2026-06-26T21:01:59,3.89,25631,3260.00,3274.00,3264.50,7.99,82.74,9.90,889.02
2026-06-26T21:18:37,3.89,25631,3257.00,3272.00,3265.50,7.88,83.41,8.47,889.06
2026-06-26T21:35:14,3.89,25631,3256.00,3267.00,3260.50,7.63,84.70,7.60,889.09
2026-06-26T21:51:52,3.88,25631,3253.00,3263.00,3258.50,7.20,86.06,7.02,889.15
2026-06-26T22:08:30,3.89,25631,3252.00,3266.00,3259.00,7.15,86.88,6.57,889.13
2026-06-26T22:25:07,3.88,25631,3262.00,3267.00,3265.50,6.71,88.48,6.21,889.04
2026-06-26T22:41:45,3.88,25631,3256.00,3267.00,3262.00,6.83,87.77,6.03,889.05
2026-06-26T22:58:22,3.89,25631,3247.00,3270.00,3263.00,6.77,88.63,5.93,889.20
2026-06-26T23:15:00,3.89,25631,3257.00,3265.00,3262.50,6.42,89.52,5.75,889.20
2026-06-26T23:31:38,3.89,25631,3256.00,3263.00,3260.00,6.12,90.56,5.47,889.10
2026-06-26T23:48:15,3.88,25631,3241.00,3263.00,3258.00,6.40,89.79,5.46,889.10
2026-06-27T00:04:53,3.88,25631,3256.00,3275.00,3263.50,6.14,90.34,5.36,888.94
2026-06-27T00:21:30,3.88,25631,3247.00,3258.00,3256.00,5.73,92.29,5.10,888.94
2026-06-27T00:38:08,3.88,25631,3253.00,3260.00,3255.00,5.71,92.00,4.95,888.90
2026-06-27T00:54:46,3.87,25631,3244.00,3263.00,3254.50,5.81,92.68,4.96,889.00
2026-06-27T01:11:23,3.88,25631,3240.00,3262.00,3255.50,5.39,93.75,4.71,888.91
2026-06-27T01:28:01,3.88,25631,3256.00,3267.00,3260.00,5.61,92.85,4.84,888.93
2026-06-27T01:44:39,3.88,25631,3246.00,3265.00,3256.50,5.32,93.66,4.63,888.97
2026-06-27T02:01:16,3.88,25631,3259.00,3266.00,3261.50,5.08,93.80,4.51,888.94
2026-06-27T02:17:54,3.88,25631,3245.00,3258.00,3253.50,5.12,93.90,4.43,888.89
2026-06-27T02:34:32,3.87,25631,3257.00,3268.00,3262.50,5.20,94.56,4.37,888.79
2026-06-27T02:51:09,3.88,25631,3250.00,3259.00,3255.00,5.12,94.27,4.38,888.77
2026-06-27T03:07:47,3.88,25631,3250.00,3260.00,3256.50,5.02,94.35,4.37,888.72
2026-06-27T03:24:25,3.88,25631,3250.00,3259.00,3255.00,5.11,94.85,4.26,888.63
2026-06-27T03:41:02,3.88,25631,3245.00,3253.00,3249.00,5.01,94.40,4.19,888.52
2026-06-27T03:57:40,3.88,25631,3252.00,3264.00,3260.50,4.89,93.73,4.18,888.62
2026-06-27T04:14:17,3.87,25631,3248.00,3258.00,3253.50,4.57,94.77,4.04,888.50
2026-06-27T04:30:55,3.88,25631,3253.00,3264.00,3256.50,4.91,94.47,4.17,888.47
2026-06-27T04:47:33,3.89,25631,3245.00,3259.00,3251.00,4.61,94.36,4.15,888.48
2026-06-27T05:04:11,3.89,25631,3253.00,3260.00,3256.00,4.82,94.78,4.38,888.49
2026-06-27T05:20:50,3.89,25631,3251.00,3259.00,3255.50,4.88,94.50,4.63,888.50
2026-06-27T05:37:28,4.11,25631,3252.00,3257.00,3255.00,4.89,94.05,4.79,888.34
2026-06-27T05:54:06,4.12,25631,3254.00,3269.00,3258.50,5.35,92.65,5.09,888.23
2026-06-27T06:10:44,4.11,25631,3246.00,3267.00,3262.00,5.49,92.12,5.51,888.16
2026-06-27T06:27:23,4.12,25631,3251.00,3262.00,3258.50,5.40,92.35,5.49,888.07
2026-06-27T06:44:01,4.11,25631,3252.00,3264.00,3258.00,5.77,88.52,5.74,888.10
2026-06-27T07:00:39,4.11,25631,3258.00,3272.00,3261.50,5.91,90.16,7.44,888.01
2026-06-27T07:17:17,4.11,25631,3289.00,3306.00,3298.00,6.71,85.54,8.62,887.88
2026-06-27T07:33:55,4.12,25631,3281.00,3292.00,3288.50,7.19,84.13,8.47,888.00
2026-06-27T07:50:34,4.12,25631,3290.00,3306.00,3294.50,7.77,80.77,13.06,888.40
2026-06-27T08:07:12,4.13,25631,3287.00,3318.00,3305.50,8.42,79.82,20.25,887.65
2026-06-27T08:23:49,4.12,25631,3308.00,3322.00,3315.50,8.71,81.01,18.77,888.15
2026-06-27T08:40:27,4.13,25631,3307.00,3315.00,3310.00,8.32,79.36,17.99,887.37
2026-06-27T08:57:05,4.12,25631,3298.00,3314.00,3302.50,10.01,71.44,17.92,887.47
2026-06-27T09:13:43,4.12,25631,3300.00,3327.00,3306.50,9.34,74.02,19.30,887.20
2026-06-27T09:30:21,4.13,25631,3285.00,3306.00,3293.00,8.32,76.08,15.89,887.48
2026-06-27T09:46:59,4.12,25631,3291.00,3309.00,3297.50,9.34,72.16,15.79,887.28
2026-06-27T10:03:37,4.12,25631,3298.00,3310.00,3300.00,9.82,69.36,17.06,887.66
2026-06-27T10:20:15,4.13,25631,3308.00,3327.00,3313.00,11.11,63.53,19.64,887.31
2026-06-27T10:36:52,4.14,25631,3315.00,3486.00,3374.00,12.96,59.71,28.91,887.63
2026-06-27T10:53:30,4.13,25631,3249.00,3329.00,3321.00,9.55,68.13,21.34,886.92
2026-06-27T11:10:08,4.13,25631,3303.00,3322.00,3312.50,10.72,68.10,18.52,887.31
2026-06-27T11:26:46,4.14,25631,3317.00,3329.00,3321.50,12.78,60.11,22.96,886.89
2026-06-27T11:43:24,4.13,25631,3287.00,3455.00,3317.50,10.97,65.02,20.61,887.13
2026-06-27T12:00:01,4.12,25631,3265.00,3363.00,3310.00,11.83,62.86,19.47,887.34
2026-06-27T12:16:39,4.14,25631,3317.00,3462.00,3398.50,13.62,56.07,22.51,886.96
2026-06-27T12:33:17,4.13,25631,3315.00,3425.00,3395.00,12.20,60.32,22.23,886.81
2026-06-27T12:49:54,4.13,25631,3282.00,3406.00,3314.00,13.47,55.17,23.83,886.64
2026-06-27T13:06:32,4.14,25631,3306.00,3380.00,3361.50,12.82,57.20,25.58,886.81
2026-06-27T13:23:10,4.14,25631,3268.00,3401.00,3360.00,12.06,58.69,22.99,886.49
2026-06-27T13:39:48,4.14,25631,3303.00,3409.00,3337.50,12.00,59.22,21.73,886.80
2026-06-27T13:56:25,4.14,25631,3300.00,3451.00,3416.50,13.26,52.27,24.81,886.65
2026-06-27T14:13:03,4.13,25631,3326.00,3442.00,3379.00,13.40,54.14,24.38,886.60
2026-06-27T14:29:41,4.14,25631,3303.00,3457.00,3396.50,15.19,49.85,26.78,886.39
2026-06-27T14:46:18,4.14,25631,3319.00,3537.00,3363.00,13.10,52.60,25.17,886.40
2026-06-27T15:02:56,4.14,25631,3290.00,3462.00,3358.50,13.21,53.09,24.64,886.43
2026-06-27T15:19:33,4.14,25631,3422.00,3433.00,3425.50,13.46,52.77,26.11,886.59
2026-06-27T15:36:11,4.14,25631,3305.00,3442.00,3365.50,13.41,53.51,26.16,886.70
2026-06-27T15:52:49,4.14,25631,3348.00,3439.00,3399.50,13.57,54.18,26.06,886.52
2026-06-27T16:09:26,4.14,25631,3336.00,3464.00,3367.50,13.68,53.31,25.21,886.63
2026-06-27T16:26:04,4.13,25631,3328.00,3457.00,3351.00,12.30,59.05,22.35,886.87
2026-06-27T16:42:42,4.13,25631,3368.00,3468.00,3392.50,12.75,56.29,21.82,886.98
2026-06-27T16:59:19,4.13,25631,3344.00,3488.00,3373.50,12.86,56.77,20.18,886.38
2026-06-27T17:15:57,4.13,25631,3375.00,3478.00,3422.00,14.68,52.27,24.40,886.59
2026-06-27T17:32:35,4.13,25631,3400.00,3437.00,3427.00,13.14,54.96,22.02,886.00
2026-06-27T17:49:12,4.13,25631,3396.00,3424.00,3411.50,13.53,55.47,22.16,886.70
2026-06-27T18:05:50,4.14,25631,3407.00,3430.00,3415.00,13.62,58.67,21.69,886.23
2026-06-27T18:22:28,4.13,25631,3407.00,3501.00,3429.50,12.51,62.60,20.98,886.77
2026-06-27T18:39:06,4.12,25631,3337.00,3393.00,3375.50,12.00,63.79,19.00,886.43
2026-06-27T18:55:43,4.14,25631,3406.00,3531.00,3444.50,12.86,60.16,21.09,886.73
2026-06-27T19:12:21,4.14,25631,3439.00,3515.00,3485.50,11.30,64.11,19.75,886.82
2026-06-27T19:28:59,4.12,25631,3369.00,3536.00,3496.00,11.69,65.21,21.38,886.43
2026-06-27T19:45:36,4.14,25631,3377.00,3538.00,3530.00,12.40,61.04,22.84,886.60
2026-06-27T20:02:14,3.91,25631,3353.00,3519.00,3508.00,10.62,66.69,22.91,886.46
2026-06-27T20:18:51,3.92,25631,3456.00,3510.00,3491.50,10.25,68.19,21.97,886.56
2026-06-27T20:35:29,3.90,25631,3436.00,3592.00,3479.00,8.94,74.23,15.57,886.37
2026-06-27T20:52:06,3.90,25631,3320.00,3472.00,3464.00,7.38,80.33,10.76,886.67
2026-06-27T21:08:44,3.89,25631,3446.00,3462.00,3455.50,7.15,83.05,8.63,886.84
2026-06-27T21:25:22,3.89,25631,3354.00,3454.00,3445.00,7.12,82.06,7.53,886.87
2026-06-27T21:41:59,3.89,25631,3386.00,3453.00,3450.50,6.73,85.22,6.77,886.91
2026-06-27T21:58:37,3.89,25631,3430.00,3447.00,3438.50,6.54,83.98,6.25,886.93
2026-06-27T22:15:14,3.89,25631,3368.00,3458.00,3433.00,6.50,84.03,6.04,886.84
2026-06-27T22:31:52,3.88,25631,3307.00,3454.00,3432.50,5.61,88.51,5.41,886.81
2026-06-27T22:48:29,3.88,25631,3303.00,3456.00,3428.50,5.50,88.61,5.03,886.88
2026-06-27T23:05:07,3.88,25631,3341.00,3433.00,3416.00,5.20,89.79,4.67,886.89
2026-06-27T23:21:45,3.88,25631,3378.00,3459.00,3443.50,5.38,89.06,4.58,886.95
2026-06-27T23:38:22,3.88,25631,3421.00,3456.00,3445.00,5.28,88.73,4.60,886.91
2026-06-27T23:55:00,3.88,25631,3312.00,3504.00,3437.50,5.15,88.96,4.45,886.85
2026-06-28T00:11:38,3.88,25631,3298.00,3500.00,3450.50,4.82,90.45,4.19,886.84
2026-06-28T00:28:15,3.88,25631,3412.00,3450.00,3434.50,4.84,90.15,4.08,886.77
2026-06-28T00:44:53,3.88,25631,3299.00,3446.00,3424.50,4.71,90.46,3.98,886.68
2026-06-28T01:01:31,3.88,25631,3299.00,3464.00,3446.50,4.61,90.16,3.91,886.70
2026-06-28T01:18:08,3.88,25631,3426.00,3479.00,3455.50,4.63,90.31,3.80,886.71
2026-06-28T01:34:46,3.89,25631,3309.00,3575.00,3409.00,4.64,90.16,3.76,886.72
2026-06-28T01:51:24,3.88,25631,3309.00,3448.00,3439.50,4.61,90.11,3.81,886.83
2026-06-28T02:08:01,3.88,25631,3444.00,3456.00,3451.50,4.40,90.58,3.86,886.72
2026-06-28T02:24:39,3.87,25631,3436.00,3447.00,3442.00,4.37,90.80,3.89,886.69
2026-06-28T02:41:17,3.88,25631,3419.00,3458.00,3442.50,4.61,89.99,3.94,886.48
2026-06-28T02:57:55,3.88,25631,3308.00,3439.00,3421.00,4.70,89.28,4.07,886.43
2026-06-28T03:14:32,3.87,25631,3320.00,3450.00,3436.00,4.64,89.26,4.23,886.41
2026-06-28T03:31:10,3.87,25631,3307.00,3457.00,3432.50,4.84,88.61,4.43,886.38
2026-06-28T03:47:48,3.88,25631,3349.00,3442.00,3427.50,4.75,88.81,4.50,886.43
2026-06-28T04:04:25,3.88,25631,3351.00,3486.00,3426.00,4.80,88.57,4.55,886.47
2026-06-28T04:21:03,3.87,25631,3379.00,3477.00,3424.00,5.11,85.50,4.69,886.46
2026-06-28T04:37:41,3.88,25631,3379.00,3425.00,3419.50,5.04,87.43,4.77,886.46
2026-06-28T04:54:19,3.88,25631,3352.00,3403.00,3391.50,4.88,88.44,4.88,886.49
2026-06-28T05:10:57,3.89,25631,3279.00,3373.00,3353.50,4.89,86.70,4.99,886.54
2026-06-28T05:27:35,3.89,25631,3299.00,3379.00,3337.00,5.22,87.44,5.50,886.49
2026-06-28T05:44:13,3.89,25631,3337.00,3394.00,3360.00,5.39,86.59,5.98,886.46
2026-06-28T06:00:51,3.90,25631,3372.00,3394.00,3383.50,5.50,87.04,6.35,886.52
2026-06-28T06:17:29,4.12,25631,3376.00,3403.00,3389.50,5.98,85.63,7.05,886.52
2026-06-28T06:34:08,4.11,25631,3394.00,3431.00,3420.50,6.12,85.40,7.89,886.47
2026-06-28T06:50:46,4.11,25631,3404.00,3476.00,3451.50,6.16,85.13,8.68,886.36
2026-06-28T07:07:24,4.12,25631,3399.00,3462.00,3416.00,6.44,80.17,9.59,886.25
2026-06-28T07:24:02,4.12,25631,3360.00,3570.00,3495.50,6.52,82.76,10.10,886.38
2026-06-28T07:40:40,4.12,25631,3340.00,3470.00,3454.00,6.81,80.00,10.63,886.30
2026-06-28T07:57:18,4.12,25631,3326.00,3504.00,3352.50,7.26,77.55,12.06,886.43
2026-06-28T08:13:56,4.12,25631,3381.00,3519.00,3510.50,7.70,76.06,12.22,886.32
2026-06-28T08:30:34,4.12,25631,3307.00,3487.00,3373.50,8.71,71.25,16.05,886.76
2026-06-28T08:47:12,4.12,25631,3300.00,3426.00,3380.00,6.92,73.08,15.09,885.94
2026-06-28T09:03:50,4.12,25631,3378.00,3522.00,3394.50,8.73,68.75,18.02,885.97
2026-06-28T09:20:28,4.12,25631,3358.00,3491.00,3459.50,8.21,68.04,14.80,886.04
2026-06-28T09:37:06,4.13,25631,3407.00,3589.00,3493.00,8.84,70.67,16.07,886.32
2026-06-28T09:53:44,4.12,25631,3352.00,3486.00,3472.50,8.63,67.34,17.20,885.82
2026-06-28T10:10:22,4.13,25631,3335.00,3563.00,3359.00,8.94,68.73,16.03,885.83
2026-06-28T10:27:00,4.13,25631,3350.00,3507.00,3363.50,9.43,66.49,19.29,886.44
2026-06-28T10:43:38,4.13,25631,3355.00,3599.00,3380.50,11.59,61.05,21.44,886.38
2026-06-28T11:00:16,4.13,25631,3347.00,3539.00,3531.50,9.93,64.57,20.17,885.58
2026-06-28T11:16:53,4.13,25631,3406.00,3550.00,3536.50,11.55,57.89,23.22,886.05
2026-06-28T11:33:31,4.12,25631,3337.00,3521.00,3482.50,9.64,62.82,20.59,885.39
2026-06-28T11:50:09,4.13,25631,3371.00,3531.00,3444.50,10.90,59.97,20.90,885.82
2026-06-28T12:06:47,4.13,25631,3344.00,3529.00,3520.00,12.42,54.88,23.38,885.45
2026-06-28T12:23:24,4.12,25631,3487.00,3549.00,3540.50,10.83,61.17,22.02,885.46
2026-06-28T12:40:02,4.13,25631,3371.00,3509.00,3426.00,11.31,59.30,20.21,885.53
2026-06-28T12:56:40,4.13,25631,3368.00,3547.00,3409.00,10.77,59.30,20.15,885.75
2026-06-28T13:13:18,4.13,25631,3339.00,3527.00,3373.50,10.99,57.95,21.28,885.89
2026-06-28T13:29:56,4.13,25631,3373.00,3495.00,3393.50,12.42,52.82,23.40,885.67
2026-06-28T13:46:33,4.14,25631,3451.00,3563.00,3474.00,12.93,54.77,23.17,885.27
2026-06-28T14:03:11,4.13,25631,3379.00,3517.00,3500.00,11.83,54.87,21.67,885.50
2026-06-28T14:19:49,4.13,25631,3402.00,3471.00,3455.00,11.68,57.57,20.37,885.76
2026-06-28T14:36:26,4.13,25631,3461.00,3487.00,3479.00,12.03,58.95,20.35,885.26
2026-06-28T14:53:04,4.14,25631,3430.00,3480.00,3449.00,14.12,52.00,23.63,885.79
2026-06-28T15:09:42,4.14,25631,3383.00,3536.00,3513.00,12.99,56.13,23.95,885.29
2026-06-28T15:26:20,4.13,25631,3404.00,3529.00,3444.00,12.04,57.72,21.99,885.40
2026-06-28T15:42:57,4.13,25631,3431.00,3491.00,3453.50,12.35,56.72,19.86,885.42
2026-06-28T15:59:35,4.14,25631,3419.00,3549.00,3498.00,13.36,55.03,23.88,885.46
2026-06-28T16:16:13,4.13,25631,3315.00,3455.00,3401.50,10.97,58.41,19.79,885.04
2026-06-28T16:32:51,4.13,25631,3383.00,3470.00,3425.50,12.48,59.98,20.05,885.76
2026-06-28T16:49:28,4.13,25631,3444.00,3478.00,3459.00,12.10,59.45,21.26,885.29
2026-06-28T17:06:06,4.13,25631,3440.00,3538.00,3528.50,11.54,60.59,20.51,884.95
2026-06-28T17:22:44,4.13,25631,3467.00,3543.00,3517.00,11.86,59.96,19.94,885.46
2026-06-28T17:39:22,4.13,25631,3391.00,3617.00,3516.00,12.93,55.97,21.82,884.99
2026-06-28T17:55:59,4.13,25631,3392.00,3601.00,3416.50,10.96,63.82,19.31,884.83
2026-06-28T18:12:37,4.12,25631,3374.00,3409.00,3394.00,9.59,68.15,14.56,885.00
2026-06-28T18:29:15,4.12,25631,3360.00,3396.00,3383.00,9.03,71.00,12.64,885.03
2026-06-28T18:45:53,4.12,25631,3372.00,3496.00,3395.50,10.97,64.71,15.57,885.41
2026-06-28T19:02:31,4.12,25631,3382.00,3647.00,3401.50,9.66,68.32,16.59,884.40
2026-06-28T19:19:09,4.00,25631,3359.00,3412.00,3389.50,8.69,71.97,12.93,884.63
2026-06-28T19:35:47,3.90,25631,3342.00,3391.00,3365.50,8.12,74.22,11.10,884.69
2026-06-28T19:52:25,4.00,25631,3386.00,3459.00,3398.50,7.76,75.58,9.36,884.87
2026-06-28T20:09:03,3.90,25631,3365.00,3430.00,3411.50,7.45,77.22,8.55,884.81
2026-06-28T20:25:41,3.89,25631,3383.00,3531.00,3409.00,7.42,77.69,8.01,884.75
2026-06-28T20:42:18,3.89,25631,3413.00,3514.00,3481.00,7.12,79.15,7.42,884.69
2026-06-28T20:58:56,3.89,25631,3408.00,3466.00,3439.00,6.97,79.00,6.93,884.70
2026-06-28T21:15:34,3.89,25631,3420.00,3484.00,3455.50,6.47,81.15,6.32,884.77
2026-06-28T21:32:12,3.89,25631,3402.00,3489.00,3455.50,6.83,79.33,5.96,884.71
2026-06-28T21:48:49,3.89,25631,3414.00,3439.00,3424.00,6.44,80.44,5.74,884.71
2026-06-28T22:05:27,3.89,25631,3356.00,3509.00,3426.00,6.08,82.21,5.41,884.64
2026-06-28T22:22:04,3.89,25631,3413.00,3461.00,3425.50,5.81,83.33,5.12,884.66
2026-06-28T22:38:42,3.89,25631,3421.00,3451.00,3429.00,6.02,84.05,5.23,884.50
2026-06-28T22:55:20,3.89,25631,3413.00,3429.00,3420.00,5.47,85.16,5.22,884.46
2026-06-28T23:11:57,3.89,25631,3418.00,3435.00,3428.50,5.67,85.61,5.23,884.30
2026-06-28T23:28:35,3.89,25631,3420.00,3463.00,3436.50,5.23,87.37,5.00,884.32
2026-06-28T23:45:13,3.89,25631,3422.00,3437.00,3428.00,5.38,86.11,4.95,884.32
2026-06-29T00:01:50,3.88,25631,3422.00,3462.00,3438.50,5.04,88.47,4.87,884.30
2026-06-29T00:18:28,3.89,25631,3424.00,3437.00,3429.00,4.98,88.69,4.82,884.19
2026-06-29T00:35:06,3.89,25631,3429.00,3445.00,3434.50,4.95,89.07,4.78,884.12
2026-06-29T00:51:44,3.88,25631,3427.00,3449.00,3434.00,4.95,89.27,4.76,884.16
2026-06-29T01:08:21,3.89,25631,3432.00,3447.00,3439.00,4.74,89.79,4.59,884.09
2026-06-29T01:24:59,3.88,25631,3430.00,3460.00,3437.50,4.56,90.17,4.34,884.06
2026-06-29T01:41:37,3.89,25631,3423.00,3436.00,3429.00,4.42,90.98,4.11,883.97
2026-06-29T01:58:14,3.88,25631,3425.00,3445.00,3433.00,4.40,91.83,3.93,883.94
2026-06-29T02:14:52,3.88,25631,3434.00,3455.00,3441.00,4.40,92.31,3.87,883.87
2026-06-29T02:31:30,3.88,25631,3421.00,3437.00,3430.00,4.29,92.06,3.90,883.82
2026-06-29T02:48:08,3.88,25631,3419.00,3457.00,3428.50,4.36,93.16,3.86,883.66
2026-06-29T03:04:45,3.89,25631,3427.00,3443.00,3435.50,4.22,92.54,3.82,883.64
2026-06-29T03:21:23,3.89,25631,3417.00,3456.00,3428.50,3.99,93.32,3.74,883.62
2026-06-29T03:38:01,3.88,25631,3426.00,3475.00,3464.50,4.05,93.17,3.66,883.64
2026-06-29T03:54:38,3.89,25631,3426.00,3453.00,3436.50,3.91,94.10,3.65,883.67
2026-06-29T04:11:16,3.88,25631,3419.00,3433.00,3428.00,4.19,94.03,3.80,883.56
2026-06-29T04:27:54,3.88,25631,3421.00,3431.00,3427.00,4.15,93.59,3.93,883.53
2026-06-29T04:44:32,3.89,25631,3408.00,3441.00,3429.00,4.39,92.13,4.20,883.69
2026-06-29T05:01:10,3.89,25631,3426.00,3444.00,3433.50,4.52,90.67,4.45,883.62
2026-06-29T05:17:48,3.89,25631,3416.00,3441.00,3433.50,4.64,89.72,4.79,883.54
2026-06-29T05:34:26,3.89,25631,3430.00,3458.00,3447.50,4.80,88.55,5.04,883.41
2026-06-29T05:51:05,4.11,25631,3425.00,3464.00,3438.50,4.68,88.22,4.94,883.31
2026-06-29T06:07:43,4.11,25631,3410.00,3451.00,3431.50,4.88,87.06,5.20,883.28
2026-06-29T06:24:21,4.11,25631,3399.00,3459.00,3415.50,4.73,88.26,5.19,883.27
2026-06-29T06:41:00,4.11,25631,3443.00,3459.00,3447.50,4.80,87.20,5.31,883.28
2026-06-29T06:57:38,4.12,25631,3426.00,3460.00,3445.00,5.57,83.18,10.62,882.82
2026-06-29T07:14:16,4.11,25631,3473.00,3482.00,3479.00,6.08,83.08,9.68,883.26
2026-06-29T07:30:54,4.11,25631,3452.00,3475.00,3467.50,5.93,81.42,8.90,882.98
2026-06-29T07:47:33,4.12,25631,3450.00,3474.00,3466.00,6.47,81.82,10.77,883.79
2026-06-29T08:04:11,4.12,25631,3439.00,3452.00,3445.50,7.81,78.13,17.01,882.85
2026-06-29T08:20:49,4.13,25631,3418.00,3483.00,3471.50,8.57,74.92,18.75,883.33
2026-06-29T08:37:26,4.12,25631,3403.00,3469.00,3453.50,6.92,80.30,14.28,882.90
2026-06-29T08:54:05,4.12,25631,3446.00,3522.00,3451.50,8.06,77.69,14.44,883.62
2026-06-29T09:10:43,4.12,25631,3421.00,3503.00,3494.00,8.21,74.43,13.88,882.94
2026-06-29T09:27:21,4.12,25631,3486.00,3519.00,3503.50,8.87,73.81,14.84,882.90
2026-06-29T09:43:59,4.12,25631,3480.00,3502.00,3494.50,7.32,79.93,13.07,882.86
2026-06-29T10:00:37,4.12,25631,3480.00,3555.00,3512.50,7.87,74.82,12.73,882.94
2026-06-29T10:17:15,4.12,25631,3474.00,3507.00,3494.50,8.66,71.78,13.01,882.91
2026-06-29T10:33:53,4.12,25631,3451.00,3553.00,3467.50,8.42,70.18,14.35,883.08
2026-06-29T10:50:31,4.12,25631,3467.00,3492.00,3485.00,8.25,73.16,14.83,882.92
2026-06-29T11:07:09,4.12,25631,3432.00,3487.00,3475.00,8.35,69.36,15.46,882.95
2026-06-29T11:23:47,4.12,25631,3488.00,3507.00,3500.00,9.36,67.14,15.49,883.03
2026-06-29T11:40:25,4.12,25631,3484.00,3506.00,3496.50,9.66,65.76,16.91,882.99
2026-06-29T11:57:03,4.12,25631,3435.00,3485.00,3478.00,9.52,63.51,15.72,882.92
2026-06-29T12:13:41,4.12,25631,3441.00,3474.00,3455.00,9.04,65.70,15.22,882.90
2026-06-29T12:30:19,4.12,25631,3435.00,3503.00,3489.00,9.45,64.94,14.69,882.92
2026-06-29T12:46:57,4.12,25631,3455.00,3471.00,3465.50,9.26,65.33,14.45,882.94
2026-06-29T13:03:35,4.12,25631,3457.00,3467.00,3464.00,8.43,67.44,13.54,882.87
2026-06-29T13:20:13,4.12,25631,3451.00,3468.00,3459.50,9.17,66.40,13.97,883.02
2026-06-29T13:36:51,4.12,25631,3464.00,3486.00,3475.50,9.83,62.89,15.77,882.85
2026-06-29T13:53:29,4.12,25631,3472.00,3534.00,3492.50,9.70,63.98,16.66,882.90
2026-06-29T14:10:07,4.12,25631,3435.00,3579.00,3528.50,9.17,65.98,15.33,882.68
2026-06-29T14:26:45,4.12,25631,3432.00,3485.00,3459.50,9.86,64.97,14.67,882.75
2026-06-29T14:43:23,4.11,25631,3482.00,3514.00,3492.50,10.72,62.20,16.84,882.89
2026-06-29T15:00:01,4.12,25631,3473.00,3542.00,3488.00,9.43,64.03,16.84,882.59
2026-06-29T15:16:39,4.12,25631,3453.00,3681.00,3543.50,8.98,65.47,15.69,882.67
2026-06-29T15:33:17,4.12,25631,3440.00,3571.00,3478.00,10.01,63.87,15.64,882.50
2026-06-29T15:49:55,4.12,25631,3452.00,3475.00,3463.00,9.36,66.36,14.24,882.40
2026-06-29T16:06:33,4.12,25631,3445.00,3462.00,3456.00,9.34,67.88,13.88,882.32
2026-06-29T16:23:11,4.12,25631,3426.00,3460.00,3445.00,8.74,71.15,13.52,882.15
2026-06-29T16:39:49,4.12,25631,3447.00,3473.00,3461.00,9.32,71.62,12.98,882.09
2026-06-29T16:56:27,4.12,25631,3377.00,3450.00,3443.00,8.64,74.02,12.62,881.96
2026-06-29T17:13:05,4.12,25631,3422.00,3510.00,3449.50,7.94,76.08,11.34,881.81
2026-06-29T17:29:43,4.11,25631,3490.00,3513.00,3499.50,7.98,74.41,10.83,881.70
2026-06-29T17:46:21,4.12,25631,3508.00,3528.00,3518.00,7.42,77.34,9.96,881.61
2026-06-29T18:02:59,3.89,25631,3427.00,3448.00,3435.00,6.87,80.00,8.70,881.61
2026-06-29T18:19:37,3.90,25631,3431.00,3451.00,3441.50,6.32,85.89,7.96,881.67
2026-06-29T18:36:15,3.89,25631,3383.00,3446.00,3435.50,6.09,84.96,7.43,881.58
2026-06-29T18:52:53,3.89,25631,3385.00,3431.00,3416.50,6.05,85.79,7.20,881.45
2026-06-29T19:09:32,3.87,25631,3407.00,3438.00,3414.00,5.94,87.22,6.92,881.43
2026-06-29T19:26:09,3.89,25631,3423.00,3465.00,3452.50,5.60,89.98,6.43,881.39
2026-06-29T19:42:48,3.89,25631,3462.00,3477.00,3469.00,5.57,89.49,6.39,881.20
2026-06-29T19:59:26,3.97,25631,3415.00,3483.00,3469.00,5.44,89.47,6.21,881.14
2026-06-29T20:16:04,3.89,25631,3391.00,3566.00,3559.00,5.30,90.59,5.90,881.10
2026-06-29T20:32:41,3.89,25631,3383.00,3516.00,3410.00,5.16,90.57,5.64,881.10
2026-06-29T20:49:19,3.89,25631,3425.00,3457.00,3441.50,5.07,90.91,5.38,881.11
2026-06-29T21:05:57,3.89,25631,3448.00,3463.00,3456.50,4.99,90.66,5.21,881.10
2026-06-29T21:22:34,3.89,25631,3457.00,3469.00,3464.00,5.07,89.71,5.12,881.09
2026-06-29T21:39:12,3.89,25631,3455.00,3468.00,3465.50,4.96,90.09,5.04,881.06
2026-06-29T21:55:50,3.89,25631,3457.00,3473.00,3465.50,4.82,90.54,4.92,881.03
2026-06-29T22:12:27,3.89,25631,3466.00,3471.00,3468.00,4.88,90.75,4.89,880.94
2026-06-29T22:29:05,3.88,25631,3403.00,3429.00,3413.00,4.85,90.65,4.83,880.82
2026-06-29T22:45:43,3.89,25631,3407.00,3481.00,3418.00,4.70,91.18,4.76,880.68
2026-06-29T23:02:20,3.88,25631,3402.00,3548.00,3524.50,4.64,91.93,4.68,880.61
2026-06-29T23:18:58,3.88,25631,3545.00,3552.00,3549.00,4.53,92.48,4.61,880.54
2026-06-29T23:35:36,3.89,25631,3520.00,3537.00,3524.50,4.42,93.50,4.55,880.45
2026-06-29T23:52:13,3.89,25631,3443.00,3465.00,3457.50,4.39,93.95,4.48,880.30
2026-06-30T00:08:51,3.89,25631,3445.00,3491.00,3464.00,4.50,93.92,4.49,880.28
2026-06-30T00:25:29,3.89,25631,3474.00,3486.00,3480.00,4.37,94.31,4.44,880.20
2026-06-30T00:42:06,3.89,25631,3483.00,3491.00,3487.50,4.26,94.90,4.36,880.07
2026-06-30T00:58:44,3.88,25631,3491.00,3506.00,3496.00,4.25,95.25,4.28,879.94
2026-06-30T01:15:22,3.88,25631,3453.00,3502.00,3493.00,4.20,95.46,4.24,879.87
2026-06-30T01:31:59,3.88,25631,3440.00,3510.00,3502.50,4.10,95.57,4.21,879.84
2026-06-30T01:48:37,3.88,25631,3426.00,3512.00,3505.00,4.10,95.74,4.16,879.81
2026-06-30T02:05:15,3.88,25631,3438.00,3509.00,3501.00,4.26,95.66,4.18,879.82
2026-06-30T02:21:52,3.88,25631,3430.00,3504.00,3498.50,4.16,95.34,4.17,879.72
2026-06-30T02:38:30,3.88,25631,3441.00,3508.00,3496.00,4.30,95.32,4.16,879.66
2026-06-30T02:55:08,3.89,25631,3448.00,3572.00,3484.50,4.35,95.33,4.19,879.54
2026-06-30T03:11:45,3.88,25631,3417.00,3567.00,3446.00,4.30,95.62,4.20,879.49
2026-06-30T03:28:23,3.88,25631,3499.00,3562.00,3541.00,4.28,95.62,4.19,879.42
2026-06-30T03:45:01,3.88,25631,3526.00,3551.00,3535.00,4.10,95.57,4.12,879.44
2026-06-30T04:01:38,3.88,25631,3511.00,3611.00,3533.00,4.12,95.63,4.12,879.42
2026-06-30T04:18:16,3.88,25631,3452.00,3600.00,3517.50,4.19,95.84,4.17,879.41
2026-06-30T04:34:54,3.88,25631,3419.00,3597.00,3470.00,4.12,95.86,4.19,879.35
2026-06-30T04:51:32,3.89,25631,3465.00,3601.00,3479.50,4.22,95.81,4.34,879.33
2026-06-30T05:08:10,3.88,25631,3590.00,3598.00,3594.00,4.30,95.89,4.47,879.30
2026-06-30T05:24:48,3.88,25631,3442.00,3592.00,3584.00,4.57,95.89,4.88,879.27
2026-06-30T05:41:26,3.89,25631,3486.00,3494.00,3490.00,4.71,95.41,5.10,879.30
2026-06-30T05:58:04,4.11,25631,3491.00,3502.00,3498.00,4.99,94.46,5.67,879.38
2026-06-30T06:14:42,4.11,25631,3503.00,3509.00,3505.00,4.82,93.67,5.96,879.32
2026-06-30T06:31:20,4.12,25631,3465.00,3505.00,3485.50,5.20,91.71,6.50,879.42
2026-06-30T06:47:59,4.11,25631,3451.00,3537.00,3461.00,5.73,93.07,6.95,879.45
2026-06-30T07:04:37,4.11,25631,3466.00,3564.00,3469.50,6.11,91.60,7.84,879.41
2026-06-30T07:21:15,4.11,25631,3471.00,3572.00,3561.00,6.73,88.46,8.83,879.41
2026-06-30T07:37:53,4.11,25631,3496.00,3509.00,3504.50,5.67,91.14,8.90,879.52
2026-06-30T07:54:31,4.12,25631,3506.00,3518.00,3514.00,6.30,89.52,10.31,879.47
2026-06-30T08:11:10,4.12,25631,3504.00,3550.00,3529.50,6.05,90.58,9.59,879.40
2026-06-30T08:27:48,4.12,25631,3508.00,3651.00,3622.50,7.29,89.60,10.81,879.41
2026-06-30T08:44:26,4.12,25631,3544.00,3664.00,3557.00,7.12,89.68,10.44,879.46
2026-06-30T09:01:04,4.12,25631,3481.00,3554.00,3530.50,7.81,87.54,11.29,879.49
2026-06-30T09:17:42,4.12,25631,3462.00,3617.00,3602.50,7.60,88.05,13.05,879.44
2026-06-30T09:34:20,4.12,25631,3572.00,3603.00,3586.50,7.25,88.49,11.87,879.44
2026-06-30T09:50:58,4.12,25631,3467.00,3596.00,3517.50,8.12,85.36,12.56,879.61
2026-06-30T10:07:36,4.12,25631,3448.00,3662.00,3575.50,7.49,83.54,12.66,879.50
2026-06-30T10:24:14,4.12,25631,3521.00,3656.00,3641.50,7.88,83.55,12.69,879.68
2026-06-30T10:40:53,4.12,25631,3476.00,3524.00,3511.00,7.69,86.13,13.05,879.65
2026-06-30T10:57:31,4.12,25631,3522.00,3604.00,3579.00,7.62,87.31,13.15,879.70
2026-06-30T11:14:09,4.12,25631,3493.00,3563.00,3547.00,7.38,89.55,12.55,879.83
2026-06-30T11:30:47,4.12,25631,3475.00,3515.00,3490.00,7.60,88.55,13.16,879.78
2026-06-30T11:47:25,4.12,25631,3529.00,3686.00,3604.50,7.53,90.53,12.59,879.89
2026-06-30T12:04:03,4.12,25631,3505.00,3607.00,3550.00,8.18,88.21,13.52,880.04
2026-06-30T12:20:41,4.12,25631,3468.00,3511.00,3493.00,8.79,87.69,14.41,879.93
2026-06-30T12:37:19,4.12,25631,3489.00,3646.00,3508.00,8.97,82.96,15.89,880.02
2026-06-30T12:53:57,4.12,25631,3481.00,3652.00,3609.50,9.14,85.90,16.20,880.12
2026-06-30T13:10:35,4.12,25631,3516.00,3672.00,3535.50,9.07,86.93,15.41,880.15
2026-06-30T13:27:13,4.12,25631,3480.00,3665.00,3511.50,9.08,85.63,15.39,880.02
2026-06-30T13:43:51,4.12,25631,3573.00,3744.00,3630.00,8.69,88.49,14.72,880.12
2026-06-30T14:00:29,4.12,25631,3504.00,3651.00,3598.50,9.11,87.64,14.19,880.08
2026-06-30T14:17:07,4.12,25631,3491.00,3625.00,3598.00,9.97,87.84,15.31,880.53
2026-06-30T14:33:45,4.12,25631,3537.00,3661.00,3649.50,9.98,87.08,15.42,880.24
2026-06-30T14:50:22,4.12,25631,3445.00,3618.00,3547.50,8.81,90.10,14.06,880.15
2026-06-30T15:07:00,4.12,25631,3526.00,3642.00,3611.50,9.10,90.45,13.22,880.51
2026-06-30T15:23:38,4.12,25631,3507.00,3533.00,3527.50,11.52,77.07,17.10,880.33
2026-06-30T15:40:16,4.12,25631,3514.00,3649.00,3531.50,10.90,82.19,17.43,880.30
2026-06-30T15:56:54,4.12,25631,3462.00,3658.00,3537.50,10.42,87.59,16.49,880.31
2026-06-30T16:13:32,4.12,25631,3498.00,3630.00,3611.00,10.52,83.35,16.57,880.53
2026-06-30T16:30:10,4.12,25631,3511.00,3593.00,3541.00,10.80,82.83,16.70,880.23
2026-06-30T16:46:48,4.12,25631,3511.00,3649.00,3585.50,10.11,84.43,15.35,880.50
2026-06-30T17:03:26,4.12,25631,3465.00,3645.00,3511.00,9.73,89.05,14.11,880.54
2026-06-30T17:20:04,4.12,25631,3493.00,3652.00,3619.50,10.50,83.39,15.79,880.75
2026-06-30T17:36:42,4.12,25631,3484.00,3653.00,3544.50,10.59,86.41,16.96,880.61
2026-06-30T17:53:20,4.12,25631,3489.00,3536.00,3522.50,10.70,84.48,16.15,880.58
2026-06-30T18:09:58,4.12,25631,3560.00,3589.00,3575.50,8.92,91.69,13.33,880.63
2026-06-30T18:26:36,4.12,25631,3507.00,3530.00,3523.50,8.33,92.68,11.89,880.80
2026-06-30T18:43:14,4.12,25631,3519.00,3527.00,3522.50,8.29,92.65,11.06,880.95
2026-06-30T18:59:52,4.12,25631,3507.00,3638.00,3632.50,8.16,93.71,10.50,881.02
2026-06-30T19:16:30,3.91,25631,3439.00,3632.00,3626.50,8.38,93.36,10.26,880.98
2026-06-30T19:33:08,3.89,25631,3503.00,3516.00,3509.00,7.67,94.72,9.31,881.05
2026-06-30T19:49:46,3.90,25631,3524.00,3542.00,3531.50,7.69,94.90,9.06,881.27
2026-06-30T20:06:24,3.89,25631,3480.00,3608.00,3554.50,7.84,90.32,8.86,881.27
2026-06-30T20:23:02,3.89,25631,3472.00,3622.00,3549.00,7.71,90.10,8.43,881.25
2026-06-30T20:39:40,3.89,25631,3617.00,3620.00,3618.00,7.11,92.81,7.79,881.40
2026-06-30T20:56:18,3.89,25631,3480.00,3623.00,3615.00,6.87,94.77,7.35,881.57
2026-06-30T21:12:55,3.89,25631,3602.00,3627.00,3620.00,6.53,94.94,6.90,881.77
2026-06-30T21:29:33,3.89,25631,3565.00,3623.00,3592.50,6.52,94.45,6.57,881.98
2026-06-30T21:46:11,3.89,25631,3508.00,3654.00,3538.00,6.25,92.48,6.15,882.07
2026-06-30T22:02:48,3.89,25631,3525.00,3583.00,3576.00,6.35,90.35,5.90,882.21
2026-06-30T22:19:26,3.89,25631,3512.00,3611.00,3547.00,6.50,89.06,5.74,882.22
2026-06-30T22:36:03,3.89,25631,3440.00,3583.00,3542.50,6.37,91.14,5.81,882.32
2026-06-30T22:52:41,3.89,25631,3468.00,3592.00,3513.00,6.14,93.02,5.80,882.48
2026-06-30T23:09:19,3.89,25631,3495.00,3516.00,3509.00,5.98,93.53,5.73,882.59
2026-06-30T23:25:56,3.89,25631,3500.00,3520.00,3513.50,5.84,93.51,5.68,882.62
2026-06-30T23:42:34,3.89,25631,3510.00,3522.00,3517.50,6.21,87.25,5.74,882.65
2026-06-30T23:59:12,3.89,25631,3503.00,3521.00,3510.50,6.19,86.93,5.71,882.72
2026-07-01T00:15:49,3.89,25631,3512.00,3523.00,3517.50,5.99,86.31,5.53,882.65
2026-07-01T00:32:27,3.88,25631,3507.00,3517.00,3512.50,5.75,87.45,5.26,882.65
2026-07-01T00:49:05,3.89,25631,3505.00,3516.00,3509.50,5.73,88.89,5.23,882.70
2026-07-01T01:05:42,3.89,25631,3513.00,3523.00,3518.00,5.40,90.76,5.12,882.86
2026-07-01T01:22:20,3.88,25631,3501.00,3511.00,3507.00,4.96,91.48,4.79,883.05
2026-07-01T01:38:58,3.88,25631,3501.00,3518.00,3510.00,5.11,91.16,4.51,883.16
2026-07-01T01:55:35,3.89,25631,3506.00,3513.00,3510.00,5.40,84.90,4.54,883.21
2026-07-01T02:12:13,3.89,25631,3509.00,3527.00,3517.50,5.22,85.55,4.74,883.33
2026-07-01T02:28:51,3.88,25631,3493.00,3522.00,3506.50,5.29,81.15,4.75,883.46
2026-07-01T02:45:28,3.88,25631,3464.00,3517.00,3504.00,5.19,78.46,4.76,883.43
2026-07-01T03:02:06,3.88,25631,3487.00,3525.00,3506.00,5.13,79.29,4.63,883.50
2026-07-01T03:18:44,3.89,25631,3482.00,3521.00,3508.50,5.12,80.63,4.58,883.60
2026-07-01T03:35:21,3.88,25631,3495.00,3516.00,3506.50,5.23,81.10,4.78,883.55
2026-07-01T03:51:59,3.88,25631,3485.00,3513.00,3498.00,5.07,82.49,4.80,883.61
2026-07-01T04:08:37,3.88,25631,3497.00,3515.00,3510.00,5.08,83.62,4.79,883.74
2026-07-01T04:25:14,3.88,25631,3491.00,3506.00,3501.50,4.85,85.12,4.76,883.81
2026-07-01T04:41:52,3.88,25631,3498.00,3509.00,3501.00,5.01,84.51,4.79,883.87
2026-07-01T04:58:30,3.88,25631,3501.00,3516.00,3508.50,4.81,85.38,4.77,883.88
2026-07-01T05:15:08,3.89,25631,3498.00,3514.00,3505.50,4.54,89.12,4.82,883.97
2026-07-01T05:31:46,3.89,25631,3497.00,3510.00,3505.00,4.64,87.26,4.88,883.98
2026-07-01T05:48:24,3.89,25631,3498.00,3508.00,3504.00,5.05,84.70,5.16,884.01
2026-07-01T06:05:02,3.89,25631,3484.00,3505.00,3497.50,5.38,83.93,5.57,884.05
2026-07-01T06:21:40,3.89,25631,3445.00,3481.00,3465.50,5.54,84.13,5.94,884.02
2026-07-01T06:38:18,3.89,25631,3468.00,3499.00,3482.50,5.09,87.17,5.98,884.05
2026-07-01T06:54:57,3.90,25631,3560.00,3618.00,3600.00,5.23,86.47,6.09,884.22
2026-07-01T07:11:35,4.11,25631,3610.00,3614.00,3612.50,5.05,90.30,6.11,884.25
2026-07-01T07:28:13,4.12,25631,3559.00,3596.00,3579.00,5.16,90.11,6.45,884.21
2026-07-01T07:44:51,4.12,25631,3485.00,3509.00,3498.00,5.39,89.78,6.57,884.15
2026-07-01T08:01:30,4.11,25631,3468.00,3521.00,3506.00,5.32,90.33,6.82,884.18
2026-07-01T08:18:08,4.11,25631,3497.00,3575.00,3558.00,5.28,91.65,7.13,884.15
2026-07-01T08:34:46,4.11,25631,3499.00,3523.00,3510.50,5.66,91.13,8.12,884.13
2026-07-01T08:51:25,4.11,25631,3462.00,3644.00,3514.50,5.63,92.88,8.52,884.06
2026-07-01T09:08:03,4.11,25631,3485.00,3512.00,3503.00,5.35,93.05,7.80,884.10
2026-07-01T09:24:41,4.11,25631,3545.00,3597.00,3588.00,5.30,93.40,7.55,884.11
2026-07-01T09:41:19,4.11,25631,3573.00,3586.00,3578.50,5.09,94.26,6.94,884.22
2026-07-01T09:57:58,4.11,25631,3454.00,3509.00,3481.00,5.19,94.40,7.22,884.29
2026-07-01T10:14:36,4.11,25631,3494.00,3504.00,3498.00,5.85,91.97,7.66,884.28
2026-07-01T10:31:14,4.11,25631,3499.00,3512.00,3505.00,5.74,91.27,7.64,884.49
2026-07-01T10:47:52,4.11,25631,3483.00,3573.00,3519.00,5.58,92.35,7.87,884.59
2026-07-01T11:04:31,4.11,25631,3486.00,3502.00,3494.50,5.30,92.80,7.55,884.51
2026-07-01T11:21:09,4.11,25631,3469.00,3518.00,3479.50,5.42,92.04,7.53,884.68
2026-07-01T11:37:47,4.11,25631,3479.00,3538.00,3519.50,5.33,93.07,7.33,884.76
2026-07-01T11:54:25,4.12,25631,3519.00,3568.00,3545.00,6.15,90.25,8.81,884.84
2026-07-01T12:11:04,4.12,25631,3510.00,3540.00,3523.00,5.87,91.31,8.78,884.94
2026-07-01T12:27:42,4.12,25631,3515.00,3588.00,3585.00,6.05,92.53,9.16,885.06
2026-07-01T12:44:20,4.11,25631,3483.00,3506.00,3500.50,5.97,90.97,9.43,885.04
2026-07-01T13:00:58,4.12,25631,3481.00,3543.00,3505.00,5.75,91.63,9.00,885.14
2026-07-01T13:17:36,4.12,25631,3494.00,3545.00,3531.50,6.23,91.13,9.71,885.19
2026-07-01T13:34:15,4.12,25631,3511.00,3519.00,3514.00,6.79,88.97,10.08,885.26
2026-07-01T13:50:53,4.12,25631,3507.00,3514.00,3511.50,6.53,86.75,10.20,885.25
2026-07-01T14:07:31,4.12,25631,3481.00,3526.00,3518.50,7.19,86.65,11.03,885.41
2026-07-01T14:24:09,4.12,25631,3451.00,3535.00,3499.00,7.26,87.21,11.91,885.10
2026-07-01T14:40:47,4.12,25631,3495.00,3520.00,3514.00,6.79,87.40,10.82,885.33
2026-07-01T14:57:25,4.12,25631,3456.00,3505.00,3493.50,6.85,88.37,10.88,885.32
2026-07-01T15:14:03,4.12,25631,3465.00,3504.00,3485.50,6.67,89.04,11.13,885.30
2026-07-01T15:30:42,4.12,25631,3422.00,3449.00,3442.00,6.85,88.61,11.54,885.28
2026-07-01T15:47:20,4.12,25631,3443.00,3478.00,3467.50,5.99,90.43,9.66,885.18
2026-07-01T16:03:58,4.12,25631,3442.00,3453.00,3445.00,5.77,92.99,8.54,885.23
2026-07-01T16:20:36,4.12,25631,3385.00,3453.00,3402.00,5.81,92.12,8.41,885.20
2026-07-01T16:37:14,4.12,25631,3427.00,3459.00,3453.00,5.61,92.88,7.56,885.21
2026-07-01T16:53:53,3.90,25631,3359.00,3468.00,3431.50,5.53,92.90,6.94,885.27
2026-07-01T17:10:31,4.11,25631,3364.00,3383.00,3376.50,5.64,92.60,6.84,885.18
2026-07-01T17:27:09,3.89,25631,3385.00,3397.00,3389.50,5.60,93.61,6.68,885.14
2026-07-01T17:43:47,4.12,25631,3460.00,3474.00,3467.50,5.71,93.31,6.77,885.07
2026-07-01T18:00:26,3.89,25631,3303.00,3473.00,3468.00,5.64,92.65,6.63,885.10
2026-07-01T18:17:04,3.86,25631,3312.00,3335.00,3320.00,5.53,92.91,6.31,884.97
2026-07-01T18:33:42,3.99,25631,3435.00,3441.00,3439.00,5.44,93.99,6.26,884.88
2026-07-01T18:50:20,3.89,25631,3386.00,3395.00,3389.00,5.50,93.46,6.24,884.80
2026-07-01T19:06:58,3.89,25631,3370.00,3386.00,3378.50,5.35,94.79,5.98,884.78
2026-07-01T19:23:36,3.99,25631,3384.00,3398.00,3390.00,5.40,94.87,5.97,884.80
2026-07-01T19:40:14,3.89,25631,3387.00,3397.00,3392.50,5.44,94.77,6.01,884.72
2026-07-01T19:56:53,3.89,25631,3392.00,3403.00,3396.50,5.28,95.14,5.81,884.72
2026-07-01T20:13:31,3.89,25631,3390.00,3399.00,3394.50,5.43,95.13,5.90,884.68
2026-07-01T20:30:09,3.89,25631,3374.00,3385.00,3381.00,5.33,95.21,5.74,884.65
2026-07-01T20:46:47,3.89,25631,3380.00,3386.00,3383.50,5.23,95.33,5.60,884.62
2026-07-01T21:03:24,3.89,25631,3380.00,3386.00,3383.00,5.18,95.59,5.40,884.59
2026-07-01T21:20:02,3.89,25631,3382.00,3389.00,3387.00,5.12,95.80,5.25,884.65
2026-07-01T21:36:40,3.89,25631,3385.00,3403.00,3393.00,5.05,95.95,5.15,884.52
2026-07-01T21:53:18,3.89,25631,3378.00,3384.00,3380.50,5.04,96.10,5.08,884.55
2026-07-01T22:09:55,3.89,25631,3387.00,3394.00,3391.50,4.99,96.30,5.01,884.51
2026-07-01T22:26:33,3.89,25631,3391.00,3402.00,3398.50,4.92,96.43,4.96,884.48
2026-07-01T22:43:11,3.89,25631,3408.00,3414.00,3410.00,4.89,96.59,4.93,884.40
2026-07-01T22:59:48,3.89,25631,3407.00,3414.00,3408.50,4.77,96.72,4.85,884.35
2026-07-01T23:16:26,3.89,25631,3411.00,3420.00,3416.50,4.71,96.72,4.78,884.28
2026-07-01T23:33:04,3.89,25631,3363.00,3386.00,3372.00,4.56,96.68,4.64,884.20
2026-07-01T23:49:41,3.89,25631,3410.00,3423.00,3417.00,4.80,96.44,4.65,884.20
2026-07-02T00:06:19,3.89,25631,3404.00,3423.00,3418.00,4.73,96.05,4.67,884.14
2026-07-02T00:22:57,3.88,25631,3348.00,3356.00,3353.00,4.61,96.06,4.61,884.11
2026-07-02T00:39:34,3.88,25631,3337.00,3349.00,3345.00,4.52,96.03,4.53,884.08
2026-07-02T00:56:12,3.89,25631,3412.00,3424.00,3422.00,4.78,94.89,4.58,884.06
2026-07-02T01:12:50,3.88,25631,3394.00,3405.00,3400.50,4.74,94.83,4.57,884.07
2026-07-02T01:29:27,3.88,25631,3371.00,3381.00,3376.00,4.77,94.68,4.58,884.07
2026-07-02T01:46:05,3.89,25631,3370.00,3380.00,3374.00,4.63,94.81,4.51,884.13
2026-07-02T02:02:43,3.89,25631,3339.00,3351.00,3344.50,4.50,94.76,4.44,884.16
2026-07-02T02:19:21,3.88,25631,3351.00,3359.00,3354.50,4.35,94.91,4.36,884.10
2026-07-02T02:35:58,3.88,25631,3338.00,3349.00,3343.50,4.29,95.10,4.27,884.06
2026-07-02T02:52:36,3.88,25631,3346.00,3354.00,3350.00,4.26,95.21,4.23,884.01
2026-07-02T03:09:14,3.88,25631,3342.00,3356.00,3346.00,4.19,95.27,4.16,883.92
2026-07-02T03:25:51,3.88,25631,3342.00,3359.00,3353.00,4.30,94.55,4.16,883.96
2026-07-02T03:42:29,3.88,25631,3348.00,3381.00,3363.50,4.37,94.27,4.15,883.98
2026-07-02T03:59:07,3.88,25631,3328.00,3344.00,3337.00,4.37,94.16,4.18,884.06
2026-07-02T04:15:44,3.88,25631,3352.00,3361.00,3355.50,4.37,94.54,4.20,884.05
2026-07-02T04:32:22,3.88,25631,3395.00,3407.00,3401.50,4.33,94.86,4.24,884.11
2026-07-02T04:49:00,3.88,25631,3392.00,3397.00,3394.50,4.30,94.85,4.28,884.14
2026-07-02T05:05:38,3.88,25631,3364.00,3372.00,3368.50,4.23,95.47,4.30,884.17
2026-07-02T05:22:15,3.88,25631,3384.00,3390.00,3388.00,4.28,95.55,4.37,884.27
2026-07-02T05:38:53,3.89,25631,3402.00,3408.00,3403.50,4.47,94.85,4.62,884.40
2026-07-02T05:55:31,3.89,25631,3393.00,3401.00,3398.50,4.74,94.20,4.97,884.46
2026-07-02T06:12:09,3.89,25631,3368.00,3387.00,3376.50,4.99,93.86,5.28,884.55
2026-07-02T06:28:48,3.89,25631,3391.00,3417.00,3403.00,4.95,94.17,5.44,884.65
2026-07-02T06:45:26,4.11,25631,3376.00,3395.00,3380.50,5.26,93.79,5.93,884.83
2026-07-02T07:02:04,4.11,25631,3288.00,3398.00,3373.50,6.33,91.24,7.20,884.94
2026-07-02T07:18:42,4.12,25631,3318.00,3357.00,3334.00,6.39,89.99,7.78,884.97
2026-07-02T07:35:21,4.11,25631,3299.00,3353.00,3344.50,6.33,90.82,7.99,884.98
2026-07-02T07:51:59,4.12,25631,3324.00,3344.00,3336.50,6.14,91.88,7.80,885.11
2026-07-02T08:08:37,4.11,25631,3327.00,3349.00,3340.50,5.98,92.40,7.83,885.22
2026-07-02T08:25:15,4.12,25631,3337.00,3345.00,3340.00,5.98,91.13,8.18,885.37
2026-07-02T08:41:54,4.12,25631,3328.00,3340.00,3334.50,7.23,89.24,9.98,885.60
2026-07-02T08:58:32,4.12,25631,3286.00,3391.00,3302.50,7.95,83.87,12.23,885.61
2026-07-02T09:15:10,4.12,25631,3285.00,3425.00,3321.00,7.14,84.09,12.03,885.48
2026-07-02T09:31:48,4.12,25631,3410.00,3417.00,3412.50,6.79,88.13,11.35,885.73
2026-07-02T09:48:26,4.11,25631,3397.00,3419.00,3411.00,6.70,88.42,11.03,885.86
2026-07-02T10:05:04,4.12,25631,3362.00,3431.00,3409.00,7.15,88.43,11.05,886.13
2026-07-02T10:21:43,4.12,25631,3337.00,3383.00,3347.00,7.87,85.87,12.16,886.23
2026-07-02T10:38:21,4.12,25631,3315.00,3418.00,3378.50,7.77,85.86,12.24,886.23
2026-07-02T10:54:59,4.12,25631,3299.00,3432.00,3413.00,7.33,87.57,12.26,886.39
2026-07-02T11:11:37,4.12,25631,3331.00,3403.00,3382.50,7.42,88.18,12.11,886.57
2026-07-02T11:28:15,4.12,25631,3357.00,3402.00,3367.00,9.26,85.03,15.77,887.16
2026-07-02T11:44:53,4.12,25631,3346.00,3424.00,3384.50,8.96,83.59,15.68,886.48
2026-07-02T12:01:31,4.12,25631,3303.00,3409.00,3334.50,8.43,88.55,14.88,886.82
2026-07-02T12:18:09,4.12,25631,3371.00,3382.00,3376.50,8.77,84.92,15.11,886.91
2026-07-02T12:34:47,4.12,25631,3291.00,3352.00,3315.50,11.86,75.62,18.20,886.96
2026-07-02T12:51:25,4.12,25631,3248.00,3343.00,3307.50,10.12,83.07,16.74,887.21
2026-07-02T13:08:03,4.12,25631,3268.00,3300.00,3289.00,10.83,79.90,17.74,887.14
2026-07-02T13:24:41,4.12,25631,3270.00,3378.00,3366.50,10.46,82.06,17.69,887.24
2026-07-02T13:41:19,4.13,25631,3283.00,3400.00,3367.50,12.18,76.03,21.18,887.03
2026-07-02T13:57:57,4.13,25631,3318.00,3363.00,3337.00,11.32,76.76,19.43,886.98
2026-07-02T14:14:35,4.13,25631,3250.00,3290.00,3275.00,9.93,83.05,17.24,887.25
2026-07-02T14:31:13,4.12,25631,3254.00,3273.00,3264.50,8.69,89.07,14.40,887.43
2026-07-02T14:47:51,4.12,25631,3172.00,3258.00,3251.50,9.52,86.70,14.61,887.71
2026-07-02T15:04:29,4.12,25631,3188.00,3361.00,3246.00,9.10,87.40,14.64,887.79
2026-07-02T15:21:07,4.12,25631,3215.00,3266.00,3249.00,9.86,78.14,15.46,887.58
2026-07-02T15:37:45,4.12,25631,3229.00,3371.00,3354.50,12.59,68.40,18.33,888.24
2026-07-02T15:54:23,4.12,25631,3214.00,3350.00,3284.00,12.06,75.51,20.28,887.82
2026-07-02T16:11:00,4.11,25631,3244.00,3345.00,3255.00,11.65,75.76,18.73,887.66
2026-07-02T16:27:38,4.12,25631,3252.00,3354.00,3309.50,11.82,72.09,18.51,888.28
2026-07-02T16:44:16,4.12,25631,3290.00,3425.00,3384.00,11.86,71.70,18.63,888.39
2026-07-02T17:00:54,4.12,25631,3245.00,3435.00,3338.50,10.69,76.82,17.44,888.00
2026-07-02T17:17:32,4.12,25631,3277.00,3297.00,3285.00,10.70,77.54,15.79,888.11
2026-07-02T17:34:10,4.12,25631,3244.00,3272.00,3256.00,9.08,82.49,13.66,888.27
2026-07-02T17:50:48,4.12,25631,3220.00,3248.00,3242.00,9.45,82.20,12.82,888.60
2026-07-02T18:07:26,4.12,25631,3216.00,3251.00,3240.50,9.43,80.67,12.53,888.55
2026-07-02T18:24:04,4.12,25631,3178.00,3245.00,3230.00,8.49,84.04,11.34,888.50
2026-07-02T18:40:42,4.12,25631,3162.00,3244.00,3234.00,8.36,82.02,10.59,888.58
2026-07-02T18:57:20,3.89,25631,3338.00,3347.00,3343.00,7.77,87.60,9.59,888.73
2026-07-02T19:13:59,4.11,25631,3328.00,3340.00,3334.00,7.56,88.86,9.03,888.88
2026-07-02T19:30:37,3.90,25631,3320.00,3335.00,3328.00,7.53,88.53,8.57,889.01
2026-07-02T19:47:15,3.89,25631,3336.00,3342.00,3338.00,7.07,90.15,8.08,889.13
2026-07-02T20:03:53,3.89,25631,3191.00,3244.00,3233.00,7.01,90.29,7.80,889.32
2026-07-02T20:20:31,3.89,25631,3206.00,3232.00,3220.50,6.98,90.87,7.64,889.38
2026-07-02T20:37:09,3.89,25631,3139.00,3222.00,3196.50,6.57,92.87,7.23,889.54
2026-07-02T20:53:46,3.89,25631,3143.00,3222.00,3194.50,6.50,91.74,6.80,889.66
2026-07-02T21:10:24,3.89,25631,3147.00,3227.00,3216.50,6.09,93.55,6.31,889.70
2026-07-02T21:27:02,3.89,25631,3153.00,3228.00,3207.50,6.09,93.18,6.11,889.85
2026-07-02T21:43:39,3.88,25631,3185.00,3223.00,3210.50,6.09,92.65,5.97,890.00
2026-07-02T22:00:17,3.88,25631,3141.00,3213.00,3201.00,6.08,93.38,5.93,890.13
2026-07-02T22:16:54,3.89,25631,3131.00,3214.00,3154.50,6.14,92.57,6.03,890.13
2026-07-02T22:33:32,3.89,25631,3133.00,3330.00,3149.00,6.09,91.18,5.95,890.24
2026-07-02T22:50:10,3.89,25631,3168.00,3334.00,3325.50,6.14,89.62,5.93,890.35
2026-07-02T23:06:47,3.88,25631,3320.00,3329.00,3322.00,6.18,88.16,5.96,890.29
2026-07-02T23:23:25,3.88,25631,3316.00,3326.00,3322.00,6.37,86.88,6.06,890.39
2026-07-02T23:40:03,3.89,25631,3275.00,3316.00,3287.00,6.05,89.60,5.98,890.41
2026-07-02T23:56:40,3.89,25631,3262.00,3281.00,3274.00,5.87,90.20,5.84,890.38
2026-07-03T00:13:18,3.89,25631,3245.00,3271.00,3260.00,5.67,91.74,5.68,890.53
2026-07-03T00:29:56,3.88,25631,3243.00,3260.00,3254.00,5.64,89.99,5.62,890.60
2026-07-03T00:46:33,3.89,25631,3209.00,3250.00,3231.50,5.90,87.92,5.59,890.70
2026-07-03T01:03:11,3.88,25631,3213.00,3253.00,3237.50,5.60,90.37,5.50,890.69
2026-07-03T01:19:49,3.88,25631,3205.00,3253.00,3235.50,5.71,89.78,5.46,890.76
2026-07-03T01:36:26,3.88,25631,3255.00,3285.00,3270.00,5.49,90.41,5.37,890.85
2026-07-03T01:53:04,3.89,25631,3172.00,3267.00,3261.00,5.40,91.64,5.27,890.92
2026-07-03T02:09:41,3.88,25631,3208.00,3266.00,3247.00,5.51,91.64,5.26,890.89
2026-07-03T02:26:19,3.88,25631,3186.00,3252.00,3205.50,5.49,91.28,5.22,890.92
2026-07-03T02:42:57,3.87,25631,3185.00,3258.00,3193.50,5.05,92.43,5.01,890.96
2026-07-03T02:59:34,3.89,25631,3249.00,3283.00,3260.00,5.25,92.49,4.82,890.93
2026-07-03T03:16:12,3.89,25631,3185.00,3250.00,3209.00,5.13,93.02,4.87,891.01
2026-07-03T03:32:50,3.89,25631,3187.00,3208.00,3202.00,5.02,93.40,4.82,891.02
2026-07-03T03:49:27,3.88,25631,3179.00,3261.00,3202.00,4.82,93.40,4.71,891.02
2026-07-03T04:06:05,3.88,25631,3180.00,3259.00,3194.50,4.89,93.40,4.69,891.11
2026-07-03T04:22:43,3.88,25631,3178.00,3209.00,3193.00,5.01,92.97,4.76,891.14
2026-07-03T04:39:20,3.88,25631,3185.00,3209.00,3195.00,5.12,92.71,4.94,891.12
2026-07-03T04:55:58,3.89,25631,3183.00,3202.00,3194.00,5.18,93.12,5.01,891.18
2026-07-03T05:12:37,3.89,25631,3175.00,3276.00,3198.00,5.28,92.70,5.34,891.12
2026-07-03T05:29:15,3.89,25631,3205.00,3251.00,3213.00,5.16,93.55,5.34,891.13
2026-07-03T05:45:53,4.12,25631,3189.00,3211.00,3200.00,5.56,92.25,5.84,891.11
2026-07-03T06:02:31,4.11,25631,3209.00,3227.00,3220.00,5.95,92.12,6.98,891.14
2026-07-03T06:19:10,4.11,25631,3212.00,3225.00,3214.00,6.02,92.10,7.56,891.12
2026-07-03T06:35:48,4.11,25631,3223.00,3261.00,3232.50,6.66,90.06,8.19,891.11
2026-07-03T06:52:26,4.11,25631,3218.00,3266.00,3235.00,7.23,89.14,9.03,891.32
2026-07-03T07:09:04,4.12,25631,3253.00,3284.00,3264.50,7.74,87.31,10.10,891.27
2026-07-03T07:25:42,4.12,25631,3255.00,3275.00,3268.50,8.25,84.02,11.48,891.30
2026-07-03T07:42:20,4.11,25631,3265.00,3316.00,3278.50,7.70,85.17,12.22,891.15
2026-07-03T07:58:59,4.12,25631,3207.00,3401.00,3272.50,7.23,89.44,10.73,891.16
2026-07-03T08:15:37,4.12,25631,3229.00,3360.00,3272.00,8.56,82.79,12.71,891.26
2026-07-03T08:32:15,4.12,25631,3279.00,3493.00,3405.00,8.52,84.57,14.99,891.14
2026-07-03T08:48:53,4.12,25631,3217.00,3388.00,3231.50,8.59,84.64,14.78,890.93
2026-07-03T09:05:31,4.12,25631,3197.00,3236.00,3218.50,7.56,86.57,12.51,890.99
2026-07-03T09:22:09,4.12,25631,3205.00,3312.00,3221.50,7.19,88.79,11.16,891.14
2026-07-03T09:38:47,4.12,25631,3198.00,3532.00,3237.50,7.59,88.69,11.32,891.22
2026-07-03T09:55:25,4.12,25631,3209.00,3340.00,3234.00,7.62,86.58,12.08,891.30
2026-07-03T10:12:03,4.12,25631,3220.00,3431.00,3306.00,8.31,85.05,13.21,891.23
2026-07-03T10:28:41,4.12,25631,3232.00,3402.00,3291.50,9.90,76.98,17.21,891.10
2026-07-03T10:45:19,4.12,25631,3266.00,3329.00,3303.50,8.42,81.73,15.52,890.90
2026-07-03T11:01:57,4.12,25631,3190.00,3307.00,3290.00,8.63,79.99,14.60,891.02
2026-07-03T11:18:35,4.11,25631,3194.00,3391.00,3278.50,8.43,79.15,14.22,891.00
2026-07-03T11:35:13,4.12,25631,3227.00,3410.00,3372.00,10.01,75.52,15.53,891.17
2026-07-03T11:51:51,4.12,25631,3281.00,3406.00,3308.50,10.28,71.67,16.58,891.11
2026-07-03T12:08:29,4.11,25631,3248.00,3336.00,3323.00,9.22,77.88,14.95,891.01
2026-07-03T12:25:07,4.12,25631,3209.00,3321.00,3308.50,9.17,76.90,14.12,891.09
2026-07-03T12:41:45,4.12,25631,3187.00,3347.00,3316.00,10.96,68.75,16.02,891.06
2026-07-03T12:58:23,4.12,25631,3185.00,3318.00,3300.00,11.15,68.66,17.12,890.91
2026-07-03T13:15:01,4.12,25631,3245.00,3303.00,3285.00,10.11,70.92,16.60,890.87
2026-07-03T13:31:39,4.11,25631,3259.00,3332.00,3314.00,11.08,67.93,16.53,890.76
2026-07-03T13:48:17,4.12,25631,3241.00,3326.00,3306.50,10.94,69.27,16.31,890.81
2026-07-03T14:04:55,4.12,25631,3231.00,3309.00,3277.50,10.29,68.88,16.33,890.72
2026-07-03T14:21:33,4.12,25631,3209.00,3316.00,3306.50,10.80,65.08,16.60,890.80
2026-07-03T14:38:10,4.12,25631,3166.00,3318.00,3293.50,11.46,66.06,17.80,890.55
2026-07-03T14:54:48,4.12,25631,3220.00,3371.00,3307.00,10.72,68.13,17.20,890.52
2026-07-03T15:11:26,4.12,25631,3319.00,3332.00,3325.00,11.62,64.51,17.65,890.41
2026-07-03T15:28:04,4.13,25631,3189.00,3338.00,3318.00,11.83,66.64,18.33,890.62
2026-07-03T15:44:42,4.12,25631,3306.00,3333.00,3321.50,11.61,67.67,17.96,890.08
2026-07-03T16:01:20,4.13,25631,3273.00,3323.00,3306.00,11.46,67.77,17.88,890.09
2026-07-03T16:17:58,4.12,25631,3205.00,3336.00,3282.50,11.32,67.34,17.76,889.90
2026-07-03T16:34:36,4.12,25631,3171.00,3228.00,3196.00,10.63,70.01,15.94,890.01
2026-07-03T16:51:14,4.12,25631,3189.00,3258.00,3209.00,11.32,66.73,16.38,889.89
2026-07-03T17:07:51,4.12,25631,3207.00,3287.00,3259.50,10.48,71.03,15.85,889.81
2026-07-03T17:24:29,4.12,25631,3173.00,3280.00,3197.50,10.50,70.42,14.98,889.73
2026-07-03T17:41:07,4.12,25631,3178.00,3263.00,3193.50,10.18,72.47,14.11,889.76
2026-07-03T17:57:45,4.12,25631,3149.00,3198.00,3164.50,9.89,75.27,12.98,889.84
2026-07-03T18:14:24,4.12,25631,3196.00,3270.00,3215.50,9.39,78.40,12.29,889.70
2026-07-03T18:31:02,4.12,25631,3152.00,3238.00,3168.50,9.22,77.88,11.68,889.77
2026-07-03T18:47:40,4.00,25631,3154.00,3214.00,3159.50,9.40,75.72,11.36,889.67
2026-07-03T19:04:18,4.12,25631,3190.00,3234.00,3209.50,10.60,68.47,12.79,889.46
2026-07-03T19:20:56,4.00,25631,3259.00,3278.00,3272.50,9.69,77.04,12.72,889.28
2026-07-03T19:37:34,3.90,25631,3248.00,3264.00,3260.00,9.24,78.68,11.55,889.18
2026-07-03T19:54:12,3.90,25631,3255.00,3261.00,3259.50,9.21,78.71,10.66,889.16
2026-07-03T20:10:49,3.89,25631,3248.00,3264.00,3255.50,8.64,80.76,9.91,889.07
2026-07-03T20:27:27,3.89,25631,3249.00,3262.00,3256.00,8.32,82.08,9.26,888.95
2026-07-03T20:44:05,3.89,25631,3253.00,3261.00,3257.50,8.02,80.59,8.73,888.75
2026-07-03T21:00:43,3.89,25631,3248.00,3259.00,3253.00,7.91,79.93,8.22,888.76
2026-07-03T21:17:20,3.89,25631,3246.00,3255.00,3251.50,7.85,80.45,7.88,888.82
2026-07-03T21:33:58,3.89,25631,3249.00,3256.00,3253.00,7.56,83.98,7.60,888.78
2026-07-03T21:50:35,3.89,25631,3251.00,3255.00,3253.00,7.26,86.00,7.28,888.65
2026-07-03T22:07:13,3.89,25631,3247.00,3257.00,3253.50,7.78,83.62,7.35,888.69
2026-07-03T22:23:50,3.89,25631,3250.00,3257.00,3253.00,7.52,84.42,7.30,888.50
2026-07-03T22:40:28,3.89,25631,3245.00,3250.00,3247.50,7.62,83.43,7.25,888.43
2026-07-03T22:57:06,3.89,25631,3244.00,3256.00,3250.00,7.63,83.91,7.30,888.33
2026-07-03T23:13:43,3.89,25631,3241.00,3252.00,3248.50,7.42,85.03,7.18,888.26
2026-07-03T23:30:21,3.89,25631,3244.00,3254.00,3249.00,7.42,84.84,7.09,888.12
2026-07-03T23:46:59,3.89,25631,3243.00,3251.00,3248.00,7.47,84.35,7.12,888.11
2026-07-04T00:03:36,3.88,25631,3249.00,3257.00,3253.00,7.23,84.89,7.05,888.10
2026-07-04T00:20:14,3.88,25631,3246.00,3253.00,3250.50,7.02,85.52,6.93,887.99
2026-07-04T00:36:51,3.88,25631,3243.00,3254.00,3247.00,7.39,83.25,6.99,887.83
2026-07-04T00:53:29,3.88,25631,3248.00,3257.00,3253.00,7.35,82.78,6.99,887.63
2026-07-04T01:10:07,3.88,25631,3255.00,3259.00,3256.00,6.91,85.70,6.78,887.59
2026-07-04T01:26:44,3.88,25631,3251.00,3259.00,3255.00,6.79,85.01,6.64,887.55
2026-07-04T01:43:22,3.89,25631,3250.00,3258.00,3253.00,7.00,82.11,6.67,887.54
2026-07-04T01:59:59,3.88,25631,3250.00,3257.00,3253.00,7.28,80.15,6.81,887.26
2026-07-04T02:16:37,3.88,25631,3249.00,3259.00,3255.00,7.04,79.77,6.81,887.13
2026-07-04T02:33:15,3.88,25631,3251.00,3259.00,3254.50,6.97,80.11,6.69,887.02
2026-07-04T02:49:52,3.88,25631,3247.00,3255.00,3251.00,6.90,79.36,6.65,886.91
2026-07-04T03:06:30,3.88,25631,3251.00,3256.00,3254.50,7.14,76.13,6.72,886.84
2026-07-04T03:23:07,3.89,25631,3247.00,3258.00,3254.00,7.46,74.85,6.86,886.68
2026-07-04T03:39:45,3.88,25631,3248.00,3252.00,3250.00,7.19,75.43,6.78,886.55
2026-07-04T03:56:22,3.88,25631,3251.00,3255.00,3252.00,7.42,73.62,6.84,886.51
2026-07-04T04:13:00,3.88,25631,3249.00,3256.00,3252.50,7.57,73.34,6.96,886.31
2026-07-04T04:29:38,3.88,25631,3252.00,3260.00,3255.50,7.45,72.85,6.97,886.18
2026-07-04T04:46:16,3.88,25631,3251.00,3259.00,3256.00,7.45,72.90,7.03,886.19
2026-07-04T05:02:54,3.88,25631,3253.00,3263.00,3257.00,7.88,71.12,7.26,886.23
2026-07-04T05:19:32,3.89,25631,3255.00,3265.00,3261.00,7.84,71.14,7.56,886.09
2026-07-04T05:36:09,3.89,25631,3251.00,3259.00,3255.50,7.84,70.39,7.66,886.12
2026-07-04T05:52:48,3.89,25631,3256.00,3269.00,3262.00,8.20,69.95,8.11,886.08
2026-07-04T06:09:26,4.12,25631,3255.00,3265.00,3261.50,8.42,69.71,8.69,886.02
2026-07-04T06:26:04,4.12,25631,3259.00,3269.00,3265.50,8.73,70.37,9.28,885.97
2026-07-04T06:42:42,4.12,25631,3256.00,3264.00,3260.00,9.04,68.71,9.89,886.00
2026-07-04T06:59:20,4.12,25631,3249.00,3268.00,3263.00,9.66,65.83,11.02,885.94
2026-07-04T07:15:58,4.12,25631,3255.00,3272.00,3263.00,9.72,64.61,11.14,885.82
2026-07-04T07:32:37,4.12,25631,3122.00,3265.00,3257.00,10.31,62.02,11.84,885.80
2026-07-04T07:49:15,4.12,25631,3142.00,3277.00,3263.50,10.81,60.89,13.02,885.68
2026-07-04T08:05:53,4.12,25631,3155.00,3280.00,3270.00,10.18,61.48,13.00,885.43
2026-07-04T08:22:31,4.12,25631,3079.00,3282.00,3178.00,10.01,61.21,13.03,885.53
2026-07-04T08:39:09,4.12,25631,3168.00,3184.00,3177.00,10.14,62.35,13.12,885.47
2026-07-04T08:55:47,4.12,25631,3186.00,3302.00,3284.00,9.91,61.51,13.29,885.45
2026-07-04T09:12:25,4.12,25631,3161.00,3287.00,3233.50,9.83,63.57,12.76,885.34
2026-07-04T09:29:03,4.12,25631,3143.00,3410.00,3231.50,9.59,64.43,12.40,885.22
2026-07-04T09:45:41,4.12,25631,3160.00,3296.00,3225.50,9.43,68.23,11.95,885.26
2026-07-04T10:02:19,4.12,25631,3143.00,3299.00,3179.00,9.35,66.30,11.65,885.27
2026-07-04T10:18:57,4.12,25631,3269.00,3490.00,3292.50,9.40,65.74,11.50,885.14
2026-07-04T10:35:35,4.12,25631,3152.00,3283.00,3175.00,9.19,66.80,10.96,885.22
2026-07-04T10:52:13,4.12,25631,3138.00,3186.00,3156.00,9.46,66.26,11.38,885.18
2026-07-04T11:08:51,4.12,25631,3136.00,3290.00,3228.00,10.14,65.19,12.77,885.23
2026-07-04T11:25:29,4.13,25631,3283.00,3296.00,3292.50,11.01,63.43,15.30,885.01
2026-07-04T11:42:07,4.12,25631,3141.00,3287.00,3280.50,10.70,64.44,15.15,884.89
2026-07-04T11:58:45,4.12,25631,3167.00,3346.00,3285.50,10.39,66.20,14.48,884.95
2026-07-04T12:15:23,4.12,25631,3134.00,3282.00,3151.50,9.94,67.51,13.29,884.97
2026-07-04T12:32:01,4.12,25631,3150.00,3319.00,3273.00,9.94,69.32,12.58,885.04
2026-07-04T12:48:40,4.12,25631,3142.00,3156.00,3150.50,9.72,73.35,12.29,884.85
2026-07-04T13:05:18,4.12,25631,3144.00,3449.00,3313.50,9.82,74.02,12.24,884.87
2026-07-04T13:21:56,4.12,25631,3137.00,3727.00,3167.00,9.59,75.81,12.11,884.91
2026-07-04T13:38:34,4.12,25631,3142.00,3158.00,3147.00,9.53,76.10,11.95,884.82
2026-07-04T13:55:12,4.12,25631,3131.00,3149.00,3140.50,9.39,77.65,11.36,884.80
2026-07-04T14:11:50,4.12,25631,3137.00,3156.00,3153.00,10.01,73.84,12.41,884.77
2026-07-04T14:28:28,4.12,25631,3146.00,3165.00,3156.00,9.74,72.31,12.03,884.63
2026-07-04T14:45:06,4.12,25631,3136.00,3280.00,3148.00,9.59,77.49,11.76,884.63
2026-07-04T15:01:44,4.12,25631,3125.00,3143.00,3140.00,9.49,83.81,11.66,884.64
2026-07-04T15:18:22,4.12,25631,3128.00,3149.00,3140.00,9.24,80.97,11.27,884.60
2026-07-04T15:35:00,4.12,25631,3132.00,3150.00,3139.00,8.85,79.05,10.34,884.58
2026-07-04T15:51:38,4.12,25631,3157.00,3280.00,3172.50,8.85,82.17,10.26,884.48
2026-07-04T16:08:17,4.12,25631,3128.00,3231.00,3221.50,8.46,84.94,9.86,884.37
2026-07-04T16:24:55,4.12,25631,3126.00,3229.00,3134.00,8.39,85.20,9.67,884.31
2026-07-04T16:41:33,4.12,25631,3162.00,3276.00,3259.00,7.95,87.49,9.18,884.22
2026-07-04T16:58:11,4.00,25631,3256.00,3265.00,3260.00,7.81,88.00,8.85,884.19
2026-07-04T17:14:49,3.89,25631,3118.00,3134.00,3129.00,7.71,88.09,8.36,884.16
2026-07-04T17:31:27,3.89,25631,3108.00,3132.00,3122.50,7.56,89.55,8.05,884.06
2026-07-04T17:48:05,3.90,25631,3116.00,3143.00,3128.50,7.55,89.80,8.02,884.01
2026-07-04T18:04:44,4.12,25631,3122.00,3140.00,3133.00,7.66,89.23,8.10,883.84
2026-07-04T18:21:22,3.90,25631,3124.00,3300.00,3252.00,7.74,87.33,8.09,883.72
2026-07-04T18:38:00,3.90,25631,3146.00,3308.00,3265.00,7.57,89.63,7.98,883.64
2026-07-04T18:54:38,3.89,25631,3137.00,3173.00,3153.50,7.46,91.17,7.80,883.66
2026-07-04T19:11:16,3.89,25631,3121.00,3229.00,3222.50,7.43,91.73,7.73,883.62
2026-07-04T19:27:54,3.89,25631,3127.00,3146.00,3140.00,7.43,91.37,7.56,883.55
2026-07-04T19:44:32,3.89,25631,3155.00,3250.00,3194.00,7.33,91.99,7.43,883.54
2026-07-04T20:01:10,3.89,25631,3177.00,3191.00,3185.50,7.28,92.82,7.34,883.44
2026-07-04T20:17:48,3.89,25631,3188.00,3199.00,3192.50,7.15,93.75,7.27,883.34
2026-07-04T20:34:25,3.89,25631,3184.00,3196.00,3192.00,7.26,94.00,7.27,883.23
2026-07-04T20:51:03,3.89,25631,3183.00,3193.00,3187.00,7.36,93.58,7.31,883.05
2026-07-04T21:07:41,3.89,25631,3182.00,3197.00,3188.50,7.38,93.56,7.29,883.07
2026-07-04T21:24:18,3.89,25631,3182.00,3191.00,3185.50,7.38,93.91,7.24,882.96
2026-07-04T21:40:56,3.89,25631,3188.00,3198.00,3193.00,7.29,94.54,7.21,882.91
2026-07-04T21:57:33,3.89,25631,3172.00,3190.00,3181.50,7.35,94.64,7.24,882.96
2026-07-04T22:14:11,3.89,25631,3180.00,3191.00,3187.00,7.20,95.35,7.22,882.98
2026-07-04T22:30:49,3.89,25631,3195.00,3216.00,3208.50,7.22,95.85,7.18,883.09
2026-07-04T22:47:26,3.89,25631,3188.00,3210.00,3199.00,7.30,96.03,7.24,882.99
2026-07-04T23:04:04,3.89,25631,3188.00,3206.00,3196.50,7.33,96.23,7.28,882.97
2026-07-04T23:20:41,3.89,25631,3183.00,3206.00,3200.00,7.32,96.41,7.28,882.98
2026-07-04T23:37:19,3.88,25631,3186.00,3219.00,3191.50,7.25,96.46,7.25,883.01
2026-07-04T23:53:57,3.89,25631,3172.00,3186.00,3176.00,7.32,96.47,7.24,883.09
2026-07-05T00:10:34,3.89,25631,3172.00,3179.00,3175.00,7.26,96.44,7.25,883.18
2026-07-05T00:27:12,3.89,25631,3172.00,3184.00,3173.50,7.30,96.34,7.20,883.17
2026-07-05T00:43:49,3.89,25631,3171.00,3190.00,3179.50,7.32,95.01,7.18,883.22
2026-07-05T01:00:27,3.89,25631,3198.00,3229.00,3214.00,7.18,93.67,7.03,883.31
2026-07-05T01:17:05,3.89,25631,3207.00,3220.00,3217.00,7.08,92.78,6.91,883.11
2026-07-05T01:33:42,3.89,25631,3146.00,3216.00,3184.00,7.04,88.22,6.61,883.28
2026-07-05T01:50:20,3.88,25631,3171.00,3202.00,3186.50,6.83,87.91,6.44,883.16
2026-07-05T02:06:57,3.89,25631,3172.00,3191.00,3185.50,6.71,90.26,6.32,882.98
2026-07-05T02:23:35,3.88,25631,3146.00,3196.00,3180.50,6.30,89.87,6.15,882.96
2026-07-05T02:40:13,3.88,25631,3187.00,3201.00,3194.50,6.25,91.69,6.11,882.74
2026-07-05T02:56:50,3.89,25631,3183.00,3201.00,3186.50,6.60,90.71,6.12,882.40
2026-07-05T03:13:28,3.89,25631,3198.00,3215.00,3209.00,6.50,91.61,6.14,882.01
2026-07-05T03:30:05,3.89,25631,3180.00,3193.00,3183.50,6.14,93.55,6.04,882.19
2026-07-05T03:46:43,3.88,25631,3168.00,3183.00,3176.00,6.53,92.74,6.11,882.13
2026-07-05T04:03:21,3.88,25631,3159.00,3176.00,3167.50,6.98,90.53,6.33,882.00
2026-07-05T04:19:58,3.89,25631,3150.00,3171.00,3163.00,7.26,89.84,6.57,881.96
2026-07-05T04:36:36,3.88,25631,3144.00,3168.00,3154.50,7.11,91.02,6.65,881.99
2026-07-05T04:53:14,3.88,25631,3166.00,3176.00,3170.50,7.15,91.34,6.71,882.04
2026-07-05T05:09:51,3.88,25631,3166.00,3183.00,3177.00,7.02,92.11,6.75,882.04
2026-07-05T05:26:29,3.89,25631,3177.00,3194.00,3187.50,6.88,93.24,6.80,881.93
2026-07-05T05:43:07,3.89,25631,3182.00,3210.00,3200.00,7.00,92.54,6.97,881.98
2026-07-05T05:59:45,3.89,25631,3172.00,3195.00,3186.50,6.94,93.49,7.00,882.03
2026-07-05T06:16:23,3.89,25631,3170.00,3179.00,3173.00,7.09,93.20,7.30,882.03
2026-07-05T06:33:01,3.90,25631,3143.00,3168.00,3153.00,7.33,92.68,7.73,881.99
2026-07-05T06:49:39,3.89,25631,3188.00,3208.00,3197.50,7.35,92.91,7.81,881.98
2026-07-05T07:06:17,4.11,25631,3174.00,3193.00,3183.50,7.46,93.85,7.91,882.07
2026-07-05T07:22:55,4.12,25631,3176.00,3190.00,3181.00,7.74,92.82,8.45,882.05
2026-07-05T07:39:34,4.11,25631,3164.00,3182.00,3174.00,8.38,92.12,9.14,882.11
2026-07-05T07:56:12,4.11,25631,3132.00,3166.00,3153.00,8.91,89.98,10.15,882.02
2026-07-05T08:12:50,4.12,25631,3139.00,3152.00,3145.50,8.52,91.52,10.24,882.11
2026-07-05T08:29:28,4.11,25631,3120.00,3227.00,3145.00,8.46,90.92,10.59,882.07
2026-07-05T08:46:06,4.12,25631,3246.00,3272.00,3261.50,9.05,90.26,11.26,882.18
2026-07-05T09:02:44,4.12,25631,3253.00,3282.00,3269.00,8.94,89.51,12.05,882.09
2026-07-05T09:19:22,4.12,25631,3300.00,3328.00,3313.00,9.79,88.22,15.27,882.27
2026-07-05T09:36:00,4.12,25631,3183.00,3206.00,3192.50,9.43,88.88,15.68,881.79
2026-07-05T09:52:38,4.12,25631,3192.00,3419.00,3293.50,10.10,88.72,15.83,882.08
2026-07-05T10:09:16,4.12,25631,3185.00,3306.00,3245.50,9.00,90.52,14.34,881.99
2026-07-05T10:25:54,4.12,25631,3297.00,3334.00,3309.00,9.38,89.41,14.40,881.95
2026-07-05T10:42:32,4.12,25631,3196.00,3536.00,3308.00,9.74,90.29,14.73,882.20
2026-07-05T10:59:10,4.12,25631,3268.00,3335.00,3296.50,9.24,92.38,13.38,882.20
2026-07-05T11:15:48,4.12,25631,3279.00,3352.00,3325.00,9.21,91.72,12.85,882.26
2026-07-05T11:32:26,4.12,25631,3182.00,3340.00,3306.00,9.15,92.44,12.94,882.32
2026-07-05T11:49:04,4.12,25631,3196.00,3384.00,3364.00,9.70,91.74,14.02,882.25
2026-07-05T12:05:42,4.12,25631,3177.00,3408.00,3192.50,10.04,89.08,15.55,882.40
2026-07-05T12:22:20,4.13,25631,3193.00,3672.00,3498.00,12.54,80.06,19.35,882.18
2026-07-05T12:38:58,4.12,25631,3164.00,3479.00,3300.50,10.20,89.04,15.91,882.21
2026-07-05T12:55:36,4.13,25631,3158.00,3394.00,3176.00,11.76,79.63,17.65,882.42
2026-07-05T13:12:14,4.13,25631,3162.00,3721.00,3365.50,12.17,84.16,19.65,882.41
2026-07-05T13:28:52,4.13,25631,3175.00,3369.00,3245.50,12.26,79.15,19.94,882.30
2026-07-05T13:45:30,4.13,25631,3162.00,3175.00,3172.00,11.65,74.79,18.75,882.33
2026-07-05T14:02:08,4.12,25631,3165.00,3500.00,3170.00,11.63,87.44,17.46,882.63
2026-07-05T14:18:45,4.12,25631,3155.00,3435.00,3306.50,11.24,88.64,15.99,882.72
2026-07-05T14:35:23,4.12,25631,3112.00,3149.00,3136.50,11.99,79.07,17.24,882.81
2026-07-05T14:52:01,4.13,25631,3179.00,3402.00,3328.50,14.65,71.28,20.67,882.68
2026-07-05T15:08:39,4.13,25631,3174.00,3353.00,3244.50,15.47,64.62,22.42,882.82
2026-07-05T15:25:17,4.13,25631,3149.00,3357.00,3174.00,14.81,63.53,23.74,882.77
2026-07-05T15:41:54,4.14,25631,3170.00,3373.00,3254.00,15.10,56.43,22.41,882.42
2026-07-05T15:58:32,4.14,25631,3165.00,3279.00,3248.50,14.20,56.08,23.35,882.74
2026-07-05T16:15:10,4.13,25631,3200.00,3243.00,3228.00,13.95,55.61,20.73,882.74
2026-07-05T16:31:47,4.13,25631,3154.00,3431.00,3325.50,14.79,53.06,21.92,882.86
2026-07-05T16:48:25,4.14,25631,3145.00,3339.00,3160.50,14.81,49.48,22.11,882.80
2026-07-05T17:05:03,4.13,25631,3136.00,3320.00,3171.00,13.58,55.79,20.46,882.82
2026-07-05T17:21:41,4.13,25631,3121.00,3260.00,3200.50,12.40,49.68,18.67,882.39
2026-07-05T17:38:19,4.12,25631,3126.00,3298.00,3268.00,11.61,58.51,16.49,882.98
2026-07-05T17:54:57,4.12,25631,3103.00,3256.00,3149.00,10.25,58.28,14.24,883.05
2026-07-05T18:11:35,4.12,25631,3133.00,3162.00,3147.00,12.89,50.08,17.39,883.32
2026-07-05T18:28:12,4.12,25631,3120.00,3432.00,3159.50,12.66,46.72,18.06,883.24
2026-07-05T18:44:50,3.91,25631,3130.00,3250.00,3245.00,9.26,57.53,14.01,883.18
2026-07-05T19:01:28,3.90,25631,3211.00,3224.00,3221.00,8.05,63.12,10.47,883.55
2026-07-05T19:18:06,3.89,25631,3100.00,3149.00,3133.50,7.67,66.60,9.17,883.65
2026-07-05T19:34:44,3.89,25631,3217.00,3235.00,3224.00,7.70,67.53,8.60,883.87
2026-07-05T19:51:23,3.89,25631,3220.00,3229.00,3223.50,7.32,70.65,8.21,883.90
2026-07-05T20:08:01,3.90,25631,3198.00,3388.00,3263.50,7.01,70.66,7.85,884.05
2026-07-05T20:24:39,3.88,25631,3221.00,3238.00,3230.50,6.76,71.27,7.29,884.18
2026-07-05T20:41:16,3.89,25631,3101.00,3214.00,3153.00,6.22,75.52,6.60,884.32
2026-07-05T20:57:54,3.89,25631,3206.00,3220.00,3214.00,5.46,83.92,6.07,884.44
2026-07-05T21:14:32,3.89,25631,3214.00,3239.00,3227.00,4.77,86.52,5.42,884.46
2026-07-05T21:31:09,3.89,25631,3217.00,3234.00,3225.00,4.73,85.97,4.92,884.70
2026-07-05T21:47:47,3.89,25631,3196.00,3340.00,3219.00,4.84,82.92,4.89,884.88
2026-07-05T22:04:25,3.88,25631,3292.00,3343.00,3331.00,4.98,80.01,4.87,884.90
2026-07-05T22:21:02,3.88,25631,3175.00,3339.00,3255.00,4.77,80.36,4.81,885.03
2026-07-05T22:37:40,3.89,25631,3167.00,3342.00,3244.00,4.64,79.91,4.69,885.19
2026-07-05T22:54:18,3.89,25631,3177.00,3344.00,3337.00,4.54,79.84,4.59,885.31
2026-07-05T23:10:56,3.88,25631,3218.00,3345.00,3339.00,4.43,80.38,4.51,885.28
2026-07-05T23:27:33,3.88,25631,3152.00,3347.00,3339.00,4.39,80.96,4.37,885.35
2026-07-05T23:44:11,3.89,25631,3099.00,3259.00,3168.00,4.19,82.87,4.25,885.47
2026-07-06T00:00:49,3.89,25631,3136.00,3227.00,3221.00,4.13,83.22,4.19,885.55
2026-07-06T00:17:26,3.89,25631,3138.00,3238.00,3215.50,3.77,85.90,3.98,885.59
2026-07-06T00:34:04,3.89,25631,3145.00,3221.00,3209.50,3.79,86.05,3.91,885.52
2026-07-06T00:50:42,3.88,25631,3208.00,3234.00,3225.50,3.60,88.61,3.80,885.59
2026-07-06T01:07:20,3.88,25631,3217.00,3235.00,3225.50,3.66,88.37,3.68,885.61
2026-07-06T01:23:57,3.89,25631,3156.00,3246.00,3229.00,3.53,89.63,3.62,885.81
2026-07-06T01:40:35,3.88,25631,3137.00,3246.00,3239.00,3.34,91.40,3.52,885.88
2026-07-06T01:57:13,3.88,25631,3123.00,3255.00,3144.00,3.33,92.01,3.42,885.90
2026-07-06T02:13:50,3.89,25631,3072.00,3240.00,3158.50,3.16,93.56,3.33,885.93
2026-07-06T02:30:28,3.88,25631,3229.00,3239.00,3237.00,3.11,94.50,3.28,885.98
2026-07-06T02:47:06,3.88,25631,3237.00,3243.00,3241.00,3.05,95.08,3.26,886.11
2026-07-06T03:03:44,3.88,25631,3224.00,3237.00,3232.50,3.09,95.41,3.24,886.09
2026-07-06T03:20:21,3.88,25631,3137.00,3387.00,3197.00,3.09,95.68,3.20,886.16
2026-07-06T03:36:59,3.88,25631,3156.00,3166.00,3162.50,3.06,95.88,3.17,886.25
2026-07-06T03:53:37,3.87,25631,3156.00,3174.00,3163.50,3.05,96.07,3.17,886.32
2026-07-06T04:10:14,3.88,25631,3167.00,3178.00,3171.50,2.99,96.17,3.17,886.40
2026-07-06T04:26:52,3.88,25631,3172.00,3186.00,3183.00,3.01,96.26,3.17,886.44
2026-07-06T04:43:30,3.88,25631,3097.00,3115.00,3107.00,2.88,96.38,3.15,886.54
2026-07-06T05:00:08,3.88,25631,3117.00,3135.00,3126.00,2.88,96.35,3.22,886.56
2026-07-06T05:16:46,3.89,25631,3137.00,3157.00,3144.00,2.95,95.86,3.33,886.60
2026-07-06T05:33:24,3.89,25631,3113.00,3134.00,3128.00,2.99,95.73,3.38,886.66
2026-07-06T05:50:02,3.89,25631,3108.00,3172.00,3136.50,2.94,95.39,3.40,886.72
2026-07-06T06:06:40,3.87,25631,3107.00,3132.00,3123.00,2.99,94.18,3.34,886.85
2026-07-06T06:23:18,3.89,25631,3099.00,3214.00,3123.50,3.11,93.49,3.40,886.97
2026-07-06T06:39:56,3.89,25631,3106.00,3136.00,3123.50,3.20,94.51,3.62,886.95
2026-07-06T06:56:34,3.90,25631,3100.00,3120.00,3110.00,3.46,95.23,4.05,886.94
2026-07-06T07:13:13,3.89,25631,3098.00,3125.00,3114.00,3.54,94.83,4.16,887.04
2026-07-06T07:29:51,3.89,25631,3119.00,3206.00,3127.00,3.36,95.58,4.09,887.03
2026-07-06T07:46:30,4.11,25631,3116.00,3131.00,3123.50,3.54,96.11,4.33,887.30
2026-07-06T08:03:08,4.11,25631,3062.00,3142.00,3133.00,3.51,96.04,4.62,887.26
2026-07-06T08:19:46,4.11,25631,3110.00,3135.00,3126.50,3.82,95.52,4.98,887.29
2026-07-06T08:36:25,3.90,25631,3121.00,3133.00,3127.50,3.74,95.64,4.78,887.35
2026-07-06T08:53:03,4.11,25631,3116.00,3417.00,3232.00,3.66,95.52,4.74,887.29
2026-07-06T09:09:41,4.11,25631,3117.00,3168.00,3120.50,4.08,94.59,5.09,887.34
2026-07-06T09:26:20,4.11,25631,3118.00,3210.00,3128.50,4.22,92.76,5.37,887.33
2026-07-06T09:42:58,4.11,25631,3118.00,3219.00,3181.50,4.09,93.69,5.37,887.38
2026-07-06T09:59:36,4.11,25631,3209.00,3406.00,3244.50,4.25,94.50,5.58,887.37
2026-07-06T10:16:15,4.11,25631,3113.00,3152.00,3129.00,4.25,93.79,5.45,887.42
2026-07-06T10:32:53,4.11,25631,3087.00,3226.00,3127.50,4.44,94.17,5.83,887.37
2026-07-06T10:49:31,4.11,25631,3117.00,3225.00,3130.00,4.74,93.72,6.33,887.37
2026-07-06T11:06:09,4.12,25631,3116.00,3303.00,3181.00,4.75,92.73,7.02,887.42
2026-07-06T11:22:48,4.11,25631,3113.00,3283.00,3212.50,5.02,92.19,7.25,887.47
2026-07-06T11:39:26,4.11,25631,3125.00,3221.00,3209.00,5.20,91.95,7.32,887.56
2026-07-06T11:56:04,4.11,25631,3098.00,3233.00,3211.00,5.02,89.55,7.47,887.44
2026-07-06T12:12:42,4.11,25631,3123.00,3250.00,3130.00,5.39,91.16,7.71,887.64
2026-07-06T12:29:21,4.12,25631,3129.00,3242.00,3225.00,5.09,92.28,7.40,887.55
2026-07-06T12:45:59,4.12,25631,3111.00,3224.00,3210.50,4.81,93.43,6.99,887.58
2026-07-06T13:02:37,4.11,25631,3134.00,3415.00,3277.50,4.71,94.47,6.63,887.54
2026-07-06T13:19:15,4.11,25631,3112.00,3145.00,3131.00,4.77,94.03,6.66,887.64
2026-07-06T13:35:54,4.11,25631,3082.00,3229.00,3146.00,5.11,91.40,6.91,887.68
2026-07-06T13:52:32,4.11,25631,3117.00,3238.00,3132.00,4.84,94.18,6.77,887.56
2026-07-06T14:09:10,4.12,25631,3117.00,3157.00,3135.00,5.05,94.44,7.15,887.63
2026-07-06T14:25:48,4.11,25631,3127.00,3144.00,3134.00,5.07,95.16,7.12,887.48
2026-07-06T14:42:27,4.11,25631,3136.00,3161.00,3149.50,4.75,95.68,6.45,887.61
2026-07-06T14:59:05,4.11,25631,3139.00,3165.00,3145.50,4.63,95.87,6.15,887.60
2026-07-06T15:15:43,4.11,25631,3126.00,3147.00,3137.00,4.77,96.06,6.24,887.65
2026-07-06T15:32:22,4.11,25631,3141.00,3166.00,3148.50,4.71,95.89,6.50,887.57
2026-07-06T15:49:00,4.11,25631,3134.00,3160.00,3145.50,4.81,95.93,6.59,887.49
2026-07-06T16:05:38,4.11,25631,3146.00,3251.00,3167.00,4.99,95.66,6.81,887.45
2026-07-06T16:22:16,4.11,25631,3131.00,3149.00,3139.00,4.99,95.11,6.65,887.42
2026-07-06T16:38:55,4.11,25631,3127.00,3161.00,3143.50,5.08,94.02,6.77,887.24
2026-07-06T16:55:33,4.11,25631,3123.00,3251.00,3138.00,4.88,92.48,6.63,887.19
2026-07-06T17:12:11,3.89,25631,3114.00,3144.00,3130.00,4.57,91.31,5.86,887.20
2026-07-06T17:28:49,4.11,25631,3126.00,3255.00,3249.50,4.84,93.29,5.90,887.08
2026-07-06T17:45:28,4.11,25631,3126.00,3141.00,3133.00,4.89,92.99,6.25,886.85
2026-07-06T18:02:06,3.90,25631,3121.00,3139.00,3128.00,4.57,93.15,5.77,886.71
2026-07-06T18:18:44,3.89,25631,3129.00,3170.00,3138.00,4.33,94.50,5.33,886.64
2026-07-06T18:35:23,3.89,25631,3123.00,3163.00,3133.00,4.40,93.64,5.24,886.43
2026-07-06T18:52:01,3.89,25631,3118.00,3172.00,3132.00,4.32,93.53,5.02,886.34
2026-07-06T19:08:39,3.89,25631,3110.00,3152.00,3129.00,4.26,94.55,4.86,886.23
2026-07-06T19:25:17,3.89,25631,3129.00,3153.00,3134.00,4.23,92.56,4.83,886.13
2026-07-06T19:41:55,3.89,25631,3109.00,3127.00,3121.00,4.06,94.21,4.59,885.94
2026-07-06T19:58:33,3.89,25631,3115.00,3131.00,3122.50,3.99,94.49,4.36,885.73
2026-07-06T20:15:11,3.89,25631,3118.00,3131.00,3124.50,3.92,95.16,4.24,885.53
2026-07-06T20:31:49,3.89,25631,3111.00,3130.00,3120.00,3.82,95.60,4.11,885.34
2026-07-06T20:48:27,3.89,25631,3113.00,3131.00,3126.00,3.78,96.00,4.03,885.16
2026-07-06T21:05:04,3.88,25631,3113.00,3127.00,3120.50,3.75,96.08,3.90,884.79
2026-07-06T21:21:42,3.89,25631,3106.00,3128.00,3118.50,3.77,96.32,3.86,884.71
2026-07-06T21:38:20,3.89,25631,3109.00,3123.00,3113.50,3.73,96.19,3.82,884.59
2026-07-06T21:54:58,3.89,25631,3121.00,3138.00,3125.00,3.78,95.97,3.79,884.43
2026-07-06T22:11:35,3.88,25631,3121.00,3131.00,3129.00,3.70,96.14,3.75,884.22
2026-07-06T22:28:13,3.88,25631,3109.00,3129.00,3120.50,3.68,96.11,3.70,884.16
2026-07-06T22:44:51,3.89,25631,3115.00,3130.00,3124.50,3.64,96.25,3.68,884.06
2026-07-06T23:01:29,3.88,25631,3115.00,3133.00,3123.00,3.63,96.36,3.63,883.92
2026-07-06T23:18:06,3.89,25631,3113.00,3126.00,3122.00,3.63,96.52,3.62,883.83
2026-07-06T23:34:44,3.89,25631,3136.00,3306.00,3233.50,3.59,96.59,3.61,883.70
2026-07-06T23:51:22,3.89,25631,3123.00,3155.00,3137.50,3.59,96.78,3.61,883.62
2026-07-07T00:08:00,3.88,25631,3125.00,3146.00,3137.00,3.56,96.89,3.60,883.62
2026-07-07T00:24:37,3.89,25631,3126.00,3143.00,3134.50,3.41,97.00,3.53,883.47
2026-07-07T00:41:15,3.88,25631,3119.00,3139.00,3129.00,3.22,97.03,3.40,883.46
2026-07-07T00:57:53,3.88,25631,3113.00,3124.00,3116.00,3.16,97.07,3.30,883.30
2026-07-07T01:14:30,3.89,25631,3113.00,3128.00,3121.00,3.66,97.20,3.45,883.32
2026-07-07T01:31:08,3.88,25631,3114.00,3127.00,3122.00,3.77,97.05,3.63,883.27
2026-07-07T01:47:46,3.89,25631,3117.00,3134.00,3124.50,3.95,96.88,3.77,883.17
2026-07-07T02:04:24,3.89,25631,3111.00,3126.00,3119.50,4.01,96.50,3.89,883.04
2026-07-07T02:21:01,3.88,25631,3117.00,3127.00,3124.00,4.09,96.47,3.97,883.05
2026-07-07T02:37:39,3.88,25631,3120.00,3131.00,3121.50,4.12,96.45,4.03,883.01
2026-07-07T02:54:17,3.88,25631,3113.00,3127.00,3122.50,4.09,96.63,4.04,882.93
2026-07-07T03:10:55,3.89,25631,3118.00,3126.00,3121.00,4.08,96.68,4.05,882.89
2026-07-07T03:27:32,3.88,25631,3115.00,3128.00,3122.50,4.09,96.73,4.05,882.74
2026-07-07T03:44:10,3.88,25631,3117.00,3130.00,3121.50,4.12,96.61,4.06,882.66
2026-07-07T04:00:48,3.88,25631,3119.00,3127.00,3124.00,4.15,96.57,4.08,882.55
2026-07-07T04:17:25,3.89,25631,3119.00,3131.00,3122.00,4.10,96.56,4.10,882.60
2026-07-07T04:34:03,3.88,25631,3115.00,3127.00,3122.00,4.25,96.60,4.15,882.46
2026-07-07T04:50:41,3.87,25631,3112.00,3124.00,3117.50,4.33,96.66,4.23,882.47
2026-07-07T05:07:19,3.88,25631,3112.00,3131.00,3121.50,4.44,96.33,4.36,882.52
2026-07-07T05:23:56,3.87,25631,3127.00,3141.00,3130.50,4.43,96.49,4.46,882.52
2026-07-07T05:40:34,3.88,25631,3126.00,3139.00,3130.50,4.52,96.78,4.56,882.49
2026-07-07T05:57:12,3.89,25631,3126.00,3137.00,3131.00,4.61,96.83,4.69,882.50
2026-07-07T06:13:50,3.89,25631,3127.00,3142.00,3130.50,4.70,96.73,4.90,882.44
2026-07-07T06:30:28,3.89,25631,3125.00,3136.00,3133.00,4.74,96.71,5.05,882.39
2026-07-07T06:47:07,3.89,25631,3137.00,3149.00,3143.00,4.81,96.36,5.22,882.39
2026-07-07T07:03:45,3.89,25631,3130.00,3146.00,3135.50,4.95,96.24,5.43,882.27
2026-07-07T07:20:23,4.11,25631,3124.00,3137.00,3134.50,5.13,96.39,5.72,882.25
2026-07-07T07:37:01,4.11,25631,3123.00,3132.00,3131.00,5.19,95.96,5.97,882.23
2026-07-07T07:53:40,4.11,25631,3124.00,3137.00,3130.00,5.39,96.13,6.18,882.24
2026-07-07T08:10:18,4.11,25631,3112.00,3127.00,3120.00,5.40,96.01,6.37,882.19
2026-07-07T08:26:56,4.11,25631,3105.00,3121.00,3115.00,5.46,95.90,6.64,882.18
2026-07-07T08:43:35,4.11,25631,3097.00,3127.00,3116.00,5.60,95.94,6.87,882.33
2026-07-07T09:00:13,4.11,25631,3080.00,3098.00,3090.00,5.60,95.75,7.09,882.30
2026-07-07T09:16:51,4.12,25631,3148.00,3186.00,3167.50,6.09,95.72,7.88,882.22
2026-07-07T09:33:29,4.11,25631,3160.00,3185.00,3175.50,6.19,95.48,8.28,882.10
2026-07-07T09:50:08,4.11,25631,3163.00,3186.00,3176.50,6.23,95.17,8.29,882.16
2026-07-07T10:06:46,4.12,25631,3168.00,3193.00,3172.00,6.57,93.92,8.99,882.00
2026-07-07T10:23:24,4.12,25631,3178.00,3191.00,3185.00,6.53,94.04,8.89,882.12
2026-07-07T10:40:02,4.12,25631,3166.00,3188.00,3176.00,6.80,92.89,9.28,882.01
2026-07-07T10:56:40,4.12,25631,3160.00,3177.00,3167.50,7.02,91.39,9.95,881.91
2026-07-07T11:13:18,4.12,25631,3148.00,3235.00,3161.50,6.76,94.14,9.38,881.92
2026-07-07T11:29:57,4.12,25631,3159.00,3204.00,3165.00,7.25,93.98,10.05,881.86
2026-07-07T11:46:35,4.12,25631,3143.00,3470.00,3171.50,7.12,93.86,9.73,881.84
2026-07-07T12:03:13,4.12,25631,3140.00,3617.00,3168.50,7.19,94.39,10.10,881.79
2026-07-07T12:19:51,4.12,25631,3153.00,3261.00,3166.00,7.35,94.30,10.69,881.67
2026-07-07T12:36:29,4.12,25631,3149.00,3166.00,3157.00,7.50,92.75,10.85,881.51
2026-07-07T12:53:07,4.11,25631,3160.00,3693.00,3248.00,7.52,93.39,10.64,881.58
2026-07-07T13:09:46,4.12,25631,3146.00,3369.00,3239.00,7.76,94.04,10.95,881.50
2026-07-07T13:26:24,4.12,25631,3219.00,3312.00,3272.00,8.20,92.33,12.01,881.33
2026-07-07T13:43:02,4.12,25631,3194.00,3355.00,3278.50,7.85,94.09,11.24,881.30
2026-07-07T13:59:40,4.12,25631,3176.00,3358.00,3307.50,9.11,89.80,13.61,881.14
2026-07-07T14:16:18,4.12,25631,3235.00,3362.00,3309.00,8.46,90.04,12.62,880.95
2026-07-07T14:32:56,4.12,25631,3293.00,3342.00,3330.00,9.63,87.41,14.78,880.76
2026-07-07T14:49:34,4.11,25631,3203.00,3592.00,3345.50,8.79,91.26,13.38,880.67
2026-07-07T15:06:12,4.11,25631,3129.00,3348.00,3323.50,8.32,93.46,12.22,880.63
2026-07-07T15:22:50,4.12,25631,3083.00,3139.00,3102.00,7.93,93.53,10.70,880.53
2026-07-07T15:39:28,4.12,25631,3138.00,3257.00,3174.50,8.31,92.81,10.98,880.68
2026-07-07T15:56:06,4.12,25631,3143.00,3421.00,3188.50,8.49,91.97,11.63,880.33
2026-07-07T16:12:44,4.12,25631,3147.00,3536.00,3383.50,7.85,93.67,10.30,880.12
2026-07-07T16:29:23,4.12,25631,3148.00,3168.00,3157.50,7.30,95.66,9.07,880.21
2026-07-07T16:46:01,4.12,25631,3138.00,3425.00,3174.50,7.63,95.85,9.34,880.33
2026-07-07T17:02:39,4.12,25631,3132.00,3169.00,3139.00,7.69,94.01,10.19,880.03
2026-07-07T17:19:17,4.12,25631,3103.00,3275.00,3146.00,7.40,94.75,9.68,879.96
2026-07-07T17:35:55,4.12,25631,3127.00,3134.00,3130.00,7.40,93.83,9.00,879.90
2026-07-07T17:52:33,4.12,25631,3132.00,3144.00,3137.50,7.40,95.24,8.82,879.91
2026-07-07T18:09:12,4.11,25631,3123.00,3136.00,3129.50,7.00,92.82,8.34,879.87
2026-07-07T18:25:50,4.12,25631,3126.00,3141.00,3137.50,7.66,89.01,9.13,879.78
2026-07-07T18:42:28,4.12,25631,3143.00,3171.00,3159.00,9.57,84.87,12.80,879.90
2026-07-07T18:59:06,4.12,25631,3189.00,3214.00,3201.50,10.10,83.46,15.21,879.86
2026-07-07T19:15:44,4.13,25631,3183.00,3306.00,3210.00,9.73,83.63,16.03,879.65
2026-07-07T19:32:22,4.12,25631,3174.00,3306.00,3288.00,7.20,90.77,11.36,879.34
2026-07-07T19:49:00,3.89,25631,3169.00,3292.00,3278.00,6.50,86.87,8.98,879.42
2026-07-07T20:05:38,3.89,25631,3209.00,3231.00,3217.00,6.12,87.01,7.40,879.41
2026-07-07T20:22:16,3.89,25631,3208.00,3272.00,3218.50,5.94,87.30,6.31,879.39
2026-07-07T20:38:54,3.89,25631,3207.00,3274.00,3237.00,5.97,88.01,5.92,879.42
2026-07-07T20:55:32,3.89,25631,3207.00,3232.00,3215.50,5.71,88.69,5.76,879.46
2026-07-07T21:12:09,3.89,25631,3220.00,3269.00,3253.00,5.73,89.08,5.54,879.60
2026-07-07T21:28:47,3.89,25631,3212.00,3266.00,3235.00,5.49,85.80,5.37,879.65
2026-07-07T21:45:25,3.89,25631,3218.00,3237.00,3225.00,5.33,89.53,5.24,879.68
2026-07-07T22:02:02,3.89,25631,3157.00,3225.00,3215.00,5.33,88.42,5.13,879.79
2026-07-07T22:18:40,3.89,25631,3218.00,3234.00,3229.50,5.29,88.48,4.98,879.72
2026-07-07T22:35:18,3.89,25631,3116.00,3241.00,3230.50,4.78,93.72,4.84,879.75
2026-07-07T22:51:55,3.89,25631,3213.00,3253.00,3224.00,4.63,94.77,4.69,879.80
2026-07-07T23:08:33,3.88,25631,3136.00,3263.00,3232.50,4.44,95.12,4.56,879.92
2026-07-07T23:25:11,3.88,25631,3202.00,3233.00,3219.00,4.40,94.26,4.46,879.91
2026-07-07T23:41:49,3.89,25631,3134.00,3248.00,3228.00,4.26,93.32,4.28,880.01
2026-07-07T23:58:26,3.88,25631,3111.00,3268.00,3223.50,3.82,94.90,4.09,880.07
2026-07-08T00:15:04,3.88,25631,3090.00,3138.00,3109.00,3.73,94.32,3.89,880.18
2026-07-08T00:31:42,3.88,25631,3120.00,3244.00,3129.50,3.81,93.07,3.77,880.13
2026-07-08T00:48:19,3.88,25631,3109.00,3168.00,3149.50,3.56,94.75,3.71,880.31
2026-07-08T01:04:57,3.88,25631,3129.00,3282.00,3271.50,3.29,94.82,3.52,880.46
2026-07-08T01:21:35,3.87,25631,3078.00,3097.00,3086.50,3.39,91.44,3.30,880.56
2026-07-08T01:38:13,3.88,25631,3081.00,3120.00,3094.00,3.41,90.64,3.15,880.63
2026-07-08T01:54:50,3.87,25631,3062.00,3146.00,3093.50,3.46,89.41,3.16,880.69
2026-07-08T02:11:28,3.88,25631,3077.00,3137.00,3084.00,3.46,89.67,3.20,880.66
2026-07-08T02:28:06,3.88,25631,3078.00,3146.00,3110.00,3.37,89.92,3.23,880.76
2026-07-08T02:44:44,3.87,25631,3072.00,3135.00,3081.00,3.41,90.45,3.27,880.79
2026-07-08T03:01:21,3.87,25631,3121.00,3147.00,3130.00,3.12,93.37,3.18,880.79
2026-07-08T03:17:59,3.87,25631,3118.00,3150.00,3130.50,3.23,91.02,3.09,880.80
2026-07-08T03:34:37,3.88,25631,3118.00,3153.00,3138.50,3.20,92.08,3.08,880.85
2026-07-08T03:51:15,3.87,25631,3103.00,3146.00,3131.00,3.13,92.28,2.99,880.86
2026-07-08T04:07:52,3.87,25631,3117.00,3150.00,3129.50,3.05,93.28,3.00,881.00
2026-07-08T04:24:30,3.88,25631,3075.00,3091.00,3080.50,3.23,92.39,3.04,881.04
2026-07-08T04:41:08,3.87,25631,3079.00,3136.00,3125.00,3.37,90.96,3.24,881.04
2026-07-08T04:57:46,3.88,25631,3073.00,3140.00,3104.50,3.36,91.23,3.31,881.02
2026-07-08T05:14:24,3.97,25631,3068.00,3142.00,3099.50,3.53,90.36,3.46,881.09
2026-07-08T05:31:02,3.88,25631,3079.00,3136.00,3127.50,3.60,90.30,3.66,881.19
2026-07-08T05:47:40,3.89,25631,3125.00,3160.00,3149.00,3.30,94.20,3.89,881.15
2026-07-08T06:04:19,3.89,25631,3125.00,3174.00,3156.50,3.61,93.84,4.13,881.23
2026-07-08T06:20:57,4.11,25631,3129.00,3165.00,3150.50,3.32,95.48,4.26,881.30
2026-07-08T06:37:35,4.11,25631,3137.00,3168.00,3153.00,3.63,94.56,4.55,881.39
2026-07-08T06:54:14,4.12,25631,3129.00,3276.00,3168.00,3.64,93.91,4.67,881.43
2026-07-08T07:10:52,4.11,25631,3137.00,3283.00,3161.00,3.50,95.20,4.74,881.51
2026-07-08T07:27:30,4.11,25631,3153.00,3177.00,3169.50,3.60,94.08,5.05,881.58
2026-07-08T07:44:09,4.11,25631,3138.00,3277.00,3162.00,3.94,92.34,5.25,881.62
2026-07-08T08:00:47,4.11,25631,3147.00,3167.00,3156.50,4.22,90.58,5.62,881.69
2026-07-08T08:17:25,4.11,25631,3127.00,3274.00,3166.00,5.11,90.42,6.60,881.75
2026-07-08T08:34:04,4.12,25631,3159.00,3274.00,3172.50,5.88,86.34,8.30,881.75
2026-07-08T08:50:42,4.12,25631,3156.00,3181.00,3169.00,5.32,88.56,8.39,881.88
2026-07-08T09:07:20,4.12,25631,3142.00,3177.00,3166.00,5.74,86.54,9.13,881.87
2026-07-08T09:23:58,4.12,25631,3162.00,3271.00,3173.00,5.87,90.44,9.93,881.84
2026-07-08T09:40:36,4.12,25631,3136.00,3376.00,3204.00,7.32,85.35,14.23,882.26
2026-07-08T09:57:14,4.12,25631,3153.00,3183.00,3167.00,6.74,78.66,13.72,881.62
2026-07-08T10:13:52,4.12,25631,3145.00,3171.00,3160.00,7.83,80.24,16.37,881.83
2026-07-08T10:30:30,4.11,25631,3229.00,3385.00,3267.00,7.32,76.92,17.27,881.22
2026-07-08T10:47:08,4.12,25631,3238.00,3382.00,3259.00,7.14,79.76,15.56,881.54
2026-07-08T11:03:46,4.12,25631,3244.00,3549.00,3300.50,7.05,77.98,15.59,881.71
2026-07-08T11:20:24,4.12,25631,3279.00,3330.00,3301.00,7.15,78.25,13.57,881.61
2026-07-08T11:37:02,4.12,25631,3257.00,3292.00,3283.00,6.94,79.44,12.44,881.89
2026-07-08T11:53:40,4.12,25631,3232.00,3523.00,3257.00,7.84,77.11,13.95,881.81
2026-07-08T12:10:19,4.12,25631,3264.00,3474.00,3338.50,7.22,77.35,12.92,881.96
2026-07-08T12:26:57,4.12,25631,3220.00,3339.00,3293.00,8.06,78.27,13.67,882.11
2026-07-08T12:43:35,4.12,25631,3255.00,3480.00,3295.50,7.43,81.25,12.71,882.07
2026-07-08T13:00:13,4.12,25631,3153.00,3645.00,3306.50,7.52,81.61,12.72,881.98
2026-07-08T13:16:51,4.12,25631,3278.00,3535.00,3345.00,7.62,76.82,12.57,882.12
2026-07-08T13:33:29,4.12,25631,3120.00,3341.00,3278.00,10.08,71.21,14.61,882.41
2026-07-08T13:50:07,4.12,25631,3151.00,3438.00,3256.50,12.23,62.73,17.69,882.15
2026-07-08T14:06:45,4.12,25631,3276.00,3313.00,3282.00,7.60,72.72,15.96,881.74
2026-07-08T14:23:23,4.12,25631,3243.00,3285.00,3267.00,9.05,70.67,15.91,882.14
2026-07-08T14:40:01,4.12,25631,3235.00,3292.00,3267.50,9.82,64.95,16.48,881.86
2026-07-08T14:56:39,4.12,25631,3270.00,3394.00,3298.50,10.37,62.48,17.65,881.91
2026-07-08T15:13:16,4.14,25631,3149.00,3382.00,3342.50,12.64,61.11,19.44,882.03
2026-07-08T15:29:54,4.13,25631,3286.00,3743.00,3329.00,12.30,59.65,19.58,881.73
2026-07-08T15:46:32,4.12,25631,3269.00,3337.00,3286.00,10.42,67.95,16.82,881.70
2026-07-08T16:03:10,4.12,25631,3248.00,3356.00,3269.50,9.69,68.89,15.22,881.71
2026-07-08T16:19:48,4.09,25631,3108.00,3345.00,3248.00,9.34,69.72,14.67,881.73
2026-07-08T16:36:26,4.13,25631,3126.00,3364.00,3184.00,12.07,58.23,18.69,881.69
2026-07-08T16:53:04,4.12,25631,3278.00,3345.00,3291.00,10.56,64.84,17.32,881.48
2026-07-08T17:09:42,4.13,25631,3147.00,3371.00,3269.00,10.63,65.28,16.33,881.49
2026-07-08T17:26:20,4.12,25631,3153.00,3411.00,3378.50,10.32,61.72,16.72,881.28
2026-07-08T17:42:58,4.12,25631,3166.00,3447.00,3306.50,9.93,64.32,15.76,881.64
2026-07-08T17:59:36,4.12,25631,3172.00,3339.00,3288.50,12.52,57.80,17.04,881.62
2026-07-08T18:16:14,4.07,25631,3094.00,3256.00,3120.50,9.15,69.81,14.04,881.43
2026-07-08T18:32:52,4.12,25631,3110.00,3224.00,3172.00,8.85,70.24,12.02,881.53
2026-07-08T18:49:30,4.12,25631,3165.00,3250.00,3238.00,8.35,74.18,11.02,881.55
2026-07-08T19:06:08,4.12,25631,3210.00,3340.00,3232.00,8.59,72.62,10.76,881.65
2026-07-08T19:22:46,4.12,25631,3329.00,3345.00,3338.00,8.74,75.11,10.86,881.61
2026-07-08T19:39:24,4.12,25631,3221.00,3352.00,3345.50,9.32,72.74,12.54,881.67
2026-07-08T19:56:02,3.91,25631,3327.00,3347.00,3341.00,8.98,75.36,11.66,881.53
2026-07-08T20:12:40,3.90,25631,3325.00,3341.00,3339.00,7.94,78.91,10.86,881.47
2026-07-08T20:29:18,3.90,25631,3317.00,3338.00,3334.00,7.50,79.76,10.15,881.45
2026-07-08T20:45:56,3.89,25631,3268.00,3328.00,3325.00,6.49,86.48,8.18,881.61
2026-07-08T21:02:33,3.89,25631,3318.00,3324.00,3320.50,6.35,85.41,7.28,881.61
2026-07-08T21:19:11,3.89,25631,3318.00,3323.00,3321.00,6.09,88.36,6.65,881.78
2026-07-08T21:35:49,3.89,25631,3315.00,3320.00,3318.00,6.08,86.48,6.36,881.83
2026-07-08T21:52:26,3.89,25631,3316.00,3325.00,3321.00,6.16,87.26,6.24,881.93
2026-07-08T22:09:04,3.89,25631,3316.00,3324.00,3319.50,6.09,88.50,6.14,881.94
2026-07-08T22:25:42,3.89,25631,3318.00,3323.00,3321.00,5.97,87.04,6.04,881.88
2026-07-08T22:42:19,3.89,25631,3322.00,3326.00,3322.00,6.15,88.26,5.99,881.86
2026-07-08T22:58:57,3.89,25631,3316.00,3325.00,3322.50,5.87,88.12,5.82,881.80
2026-07-08T23:15:34,3.89,25631,3318.00,3328.00,3325.00,5.78,87.29,5.72,881.83
2026-07-08T23:32:12,3.89,25631,3319.00,3327.00,3321.50,5.94,88.32,5.75,881.77
2026-07-08T23:48:50,3.89,25631,3322.00,3329.00,3324.50,5.75,90.74,5.75,881.87
2026-07-09T00:05:27,3.89,25631,3318.00,3324.00,3322.00,5.63,88.62,5.67,881.85
2026-07-09T00:22:05,3.88,25631,3319.00,3326.00,3322.00,5.53,90.90,5.61,881.94
2026-07-09T00:38:43,3.88,25631,3319.00,3328.00,3322.00,5.46,90.68,5.57,881.99
2026-07-09T00:55:20,3.89,25631,3312.00,3323.00,3318.00,5.38,92.15,5.50,882.03
2026-07-09T01:11:58,3.88,25631,3146.00,3316.00,3251.50,5.25,92.48,5.41,881.95
2026-07-09T01:28:36,3.89,25631,3170.00,3312.00,3233.50,5.23,92.65,5.36,881.97
2026-07-09T01:45:13,3.89,25631,3227.00,3240.00,3230.00,5.20,93.22,5.35,881.98
2026-07-09T02:01:51,3.88,25631,3073.00,3160.00,3088.00,5.11,94.07,5.31,881.98
2026-07-09T02:18:29,3.89,25631,3203.00,3216.00,3210.00,4.98,95.00,5.24,882.01
2026-07-09T02:35:06,3.88,25631,3068.00,3094.00,3083.50,4.95,95.39,5.18,882.00
2026-07-09T02:51:44,3.88,25631,3079.00,3092.00,3084.50,4.88,95.43,5.12,881.97
2026-07-09T03:08:22,3.88,25631,3074.00,3092.00,3083.00,4.94,95.32,5.06,881.97
2026-07-09T03:25:00,3.88,25631,3081.00,3095.00,3085.50,4.95,94.99,5.02,881.90
2026-07-09T03:41:37,3.88,25631,3080.00,3096.00,3088.50,4.94,94.89,4.96,881.82
2026-07-09T03:58:15,3.88,25631,3085.00,3100.00,3089.00,4.75,95.18,4.86,881.85
2026-07-09T04:14:53,3.88,25631,3087.00,3100.00,3092.50,4.74,95.62,4.75,881.91
2026-07-09T04:31:30,3.88,25631,3088.00,3100.00,3091.50,4.70,95.94,4.72,881.96
2026-07-09T04:48:08,3.88,25631,3083.00,3094.00,3090.00,4.73,96.11,4.81,881.93
2026-07-09T05:04:46,3.89,25631,3084.00,3099.00,3088.50,4.75,96.27,4.92,882.01
2026-07-09T05:21:24,3.89,25631,3086.00,3100.00,3090.50,4.92,96.41,5.27,882.09
2026-07-09T05:38:02,3.89,25631,3082.00,3098.00,3090.50,4.92,96.45,5.39,882.13
2026-07-09T05:54:40,3.89,25631,3079.00,3096.00,3091.00,4.64,96.45,5.20,882.15
2026-07-09T06:11:18,4.11,25631,3085.00,3101.00,3091.50,4.84,96.51,5.49,882.20
2026-07-09T06:27:56,4.11,25631,3090.00,3104.00,3096.50,4.95,95.32,6.04,882.15
2026-07-09T06:44:35,4.11,25631,3087.00,3104.00,3096.50,5.50,95.10,6.93,882.35
2026-07-09T07:01:13,4.11,25631,3091.00,3111.00,3097.50,6.33,92.56,9.30,882.46
2026-07-09T07:17:51,4.11,25631,3084.00,3102.00,3092.50,5.50,94.27,8.37,882.26
2026-07-09T07:34:29,4.12,25631,3095.00,3335.00,3135.50,6.35,93.77,9.03,882.59
2026-07-09T07:51:08,4.12,25631,3147.00,3437.00,3163.50,7.81,89.21,11.44,882.60
2026-07-09T08:07:46,4.12,25631,3094.00,3163.00,3144.00,8.18,87.48,14.68,882.72
2026-07-09T08:24:24,4.12,25631,3145.00,3272.00,3266.50,7.88,86.14,13.72,882.44
2026-07-09T08:41:02,4.12,25631,3259.00,3279.00,3268.00,7.67,85.93,13.38,882.60
2026-07-09T08:57:40,4.12,25631,3098.00,3254.00,3242.00,7.07,89.06,11.44,882.78
2026-07-09T09:14:18,4.12,25631,3137.00,3265.00,3179.00,7.84,87.54,11.06,882.85
2026-07-09T09:30:56,4.12,25631,3104.00,3146.00,3125.50,7.07,88.06,10.53,882.96
2026-07-09T09:47:34,4.12,25631,3077.00,3239.00,3167.50,7.63,87.74,10.88,883.17
2026-07-09T10:04:12,4.12,25631,3130.00,3301.00,3247.50,9.98,69.52,16.60,883.18
2026-07-09T10:20:50,4.12,25631,3156.00,3393.00,3245.00,8.79,82.19,15.40,883.43
2026-07-09T10:37:28,4.12,25631,3259.00,3386.00,3344.50,9.98,76.78,15.88,883.00
2026-07-09T10:54:06,4.13,25631,3237.00,3377.00,3335.50,9.82,81.78,15.20,883.08
2026-07-09T11:10:44,4.12,25631,3214.00,3675.00,3360.00,8.29,88.46,13.94,882.91
2026-07-09T11:27:23,4.12,25631,3197.00,3378.00,3340.00,9.93,73.03,14.64,883.26
2026-07-09T11:44:00,4.12,25631,3303.00,3625.00,3331.00,9.67,74.20,14.84,883.18
2026-07-09T12:00:38,4.12,25631,3149.00,3334.00,3278.00,11.43,63.59,17.37,883.23
2026-07-09T12:17:16,4.12,25631,3329.00,3757.00,3510.00,8.54,85.89,14.98,883.01
2026-07-09T12:33:54,4.12,25631,3308.00,3662.00,3339.00,7.84,88.73,13.22,883.20
2026-07-09T12:50:33,4.12,25631,3215.00,3340.00,3312.00,7.74,77.97,12.01,883.58
2026-07-09T13:07:11,4.12,25631,3283.00,3597.00,3319.00,9.98,76.05,14.58,883.63
2026-07-09T13:23:49,4.12,25631,3201.00,3320.00,3287.50,10.41,73.35,14.60,883.52
2026-07-09T13:40:27,4.12,25631,3184.00,3323.00,3268.50,11.23,64.04,15.88,883.46
2026-07-09T13:57:04,4.13,25631,3173.00,3349.00,3276.50,12.49,62.01,16.98,883.52
2026-07-09T14:13:42,4.12,25631,3182.00,3336.00,3281.00,11.87,62.69,16.77,883.62
2026-07-09T14:30:20,4.12,25631,3148.00,3349.00,3309.00,10.87,67.86,16.67,883.28
2026-07-09T14:46:58,4.12,25631,3122.00,3439.00,3296.00,10.94,68.33,15.71,883.36
2026-07-09T15:03:36,4.12,25631,3221.00,3322.00,3304.50,9.40,73.78,13.12,883.55
2026-07-09T15:20:14,4.12,25631,3237.00,3326.00,3307.50,9.62,70.58,12.69,883.74
2026-07-09T15:36:52,4.12,25631,3249.00,3353.00,3324.50,10.92,70.80,14.60,883.85
2026-07-09T15:53:30,4.13,25631,3228.00,3320.00,3263.00,13.24,63.93,17.78,883.81
2026-07-09T16:10:08,4.12,25631,3147.00,3340.00,3271.00,10.29,71.35,14.91,883.41
2026-07-09T16:26:46,4.12,25631,3156.00,3352.00,3333.00,12.51,63.40,16.83,883.52
2026-07-09T16:43:24,4.12,25631,3134.00,3295.00,3270.00,11.10,65.82,15.68,883.66
2026-07-09T17:00:02,4.13,25631,3251.00,3356.00,3313.00,14.03,59.73,18.06,883.65
2026-07-09T17:16:40,4.12,25631,3318.00,3348.00,3338.50,9.59,73.56,14.89,883.35
2026-07-09T17:33:18,4.12,25631,3295.00,3331.00,3319.00,8.54,79.34,11.66,883.63
2026-07-09T17:49:56,4.12,25631,3102.00,3328.00,3220.50,9.18,76.60,11.43,883.81
2026-07-09T18:06:34,4.12,25631,3315.00,3356.00,3337.00,10.02,71.68,13.21,883.79
2026-07-09T18:23:12,4.12,25631,3334.00,3348.00,3342.50,8.85,77.88,12.44,883.45
2026-07-09T18:39:50,4.12,25631,3303.00,3325.00,3320.50,8.01,81.20,10.48,883.65
2026-07-09T18:56:29,3.89,25631,3295.00,3317.00,3305.50,7.95,80.95,9.58,883.67
2026-07-09T19:13:07,3.89,25631,3126.00,3319.00,3305.50,7.47,82.28,8.88,883.62
2026-07-09T19:29:45,3.89,25631,3104.00,3137.00,3123.50,7.49,82.37,8.66,883.76
2026-07-09T19:46:23,3.90,25631,3097.00,3129.00,3118.00,7.23,81.37,8.42,883.71
2026-07-09T20:03:01,3.90,25631,3092.00,3306.00,3108.00,6.92,84.12,8.01,883.75
2026-07-09T20:19:39,3.89,25631,3102.00,3292.00,3122.00,6.61,84.70,7.70,883.78
2026-07-09T20:36:17,3.89,25631,3103.00,3125.00,3114.50,6.35,85.62,7.36,883.80
2026-07-09T20:52:55,3.89,25631,3095.00,3111.00,3106.00,5.95,87.22,6.69,883.81
2026-07-09T21:09:32,3.89,25631,3097.00,3120.00,3105.00,5.88,87.37,6.10,883.84
2026-07-09T21:26:10,3.89,25631,3092.00,3116.00,3112.50,5.63,88.50,5.71,883.90
2026-07-09T21:42:48,3.89,25631,3091.00,3115.00,3105.50,5.68,88.88,5.47,883.93
2026-07-09T21:59:26,3.89,25631,3087.00,3116.00,3111.50,5.73,89.00,5.38,883.93
2026-07-09T22:16:03,3.89,25631,3100.00,3122.00,3115.50,5.66,89.25,5.33,883.87
2026-07-09T22:32:41,3.89,25631,3092.00,3118.00,3109.50,5.40,90.02,5.14,883.91
2026-07-09T22:49:19,3.89,25631,3096.00,3121.00,3110.00,5.43,90.34,5.09,883.93
2026-07-09T23:05:56,3.89,25631,3097.00,3121.00,3107.00,5.42,91.14,5.18,883.92
2026-07-09T23:22:34,3.89,25631,3084.00,3116.00,3103.00,5.32,91.28,5.20,883.95
2026-07-09T23:39:12,3.89,25631,3105.00,3122.00,3110.00,5.23,91.61,5.04,883.94
2026-07-09T23:55:50,3.89,25631,3091.00,3112.00,3104.50,5.02,92.58,4.91,884.03
2026-07-10T00:12:27,3.89,25631,3078.00,3112.00,3101.50,5.11,92.98,4.93,884.06
2026-07-10T00:29:05,3.88,25631,3098.00,3121.00,3110.00,5.01,93.00,4.95,884.03
2026-07-10T00:45:43,3.89,25631,3093.00,3120.00,3107.00,5.08,92.25,4.97,884.08
2026-07-10T01:02:20,3.89,25631,3108.00,3121.00,3115.00,5.23,91.58,5.09,884.03
2026-07-10T01:18:58,3.89,25631,3104.00,3124.00,3113.50,5.01,92.43,5.01,884.04
2026-07-10T01:35:36,3.89,25631,3100.00,3122.00,3106.50,5.04,92.28,4.99,884.08
2026-07-10T01:52:13,3.89,25631,3103.00,3122.00,3113.50,5.04,91.69,4.95,884.10
2026-07-10T02:08:51,3.89,25631,3093.00,3126.00,3112.50,4.95,92.61,4.85,884.06
2026-07-10T02:25:29,3.88,25631,3094.00,3117.00,3109.00,4.85,93.12,4.63,884.05
2026-07-10T02:42:07,3.89,25631,3079.00,3120.00,3110.50,4.57,94.44,4.41,884.05
2026-07-10T02:58:44,3.88,25631,3089.00,3114.00,3112.00,4.53,95.14,4.22,883.99
2026-07-10T03:15:22,3.88,25631,3091.00,3117.00,3106.50,4.37,95.37,4.22,884.08
2026-07-10T03:32:00,3.88,25631,3089.00,3117.00,3105.00,4.40,95.53,4.22,884.08
2026-07-10T03:48:37,3.88,25631,3090.00,3120.00,3105.00,4.29,95.67,4.15,884.14
2026-07-10T04:05:15,3.88,25631,3107.00,3118.00,3115.00,4.37,95.84,4.13,884.15
2026-07-10T04:21:53,3.88,25631,3072.00,3125.00,3116.00,4.09,95.74,3.99,884.20
2026-07-10T04:38:31,3.88,25631,3086.00,3296.00,3113.50,4.35,96.02,4.04,884.41
2026-07-10T04:55:08,3.88,25631,3111.00,3121.00,3117.50,4.43,96.18,4.36,884.43
2026-07-10T05:11:46,3.89,25631,3096.00,3123.00,3114.00,4.57,96.36,4.59,884.56
2026-07-10T05:28:24,3.89,25631,3094.00,3124.00,3115.50,4.65,96.41,4.82,884.69
2026-07-10T05:45:02,3.89,25631,3095.00,3119.00,3103.50,4.80,96.35,5.01,884.77
2026-07-10T06:01:40,3.89,25631,3095.00,3121.00,3111.50,4.71,96.01,5.11,884.91
2026-07-10T06:18:18,3.90,25631,3098.00,3123.00,3116.00,4.63,96.13,5.16,884.98
2026-07-10T06:34:57,3.90,25631,3091.00,3124.00,3108.50,4.81,96.11,5.28,885.08
2026-07-10T06:51:35,3.89,25631,3094.00,3121.00,3107.00,4.91,96.15,5.50,885.21
2026-07-10T07:08:13,3.89,25631,3090.00,3122.00,3106.00,4.87,96.18,5.63,885.31
2026-07-10T07:24:52,4.11,25631,3092.00,3124.00,3119.50,5.02,95.86,5.79,885.46
2026-07-10T07:41:30,4.11,25631,3106.00,3121.00,3112.50,5.01,95.72,6.06,885.58
2026-07-10T07:58:08,3.91,25631,3107.00,3126.00,3116.00,4.99,95.39,6.05,885.80
2026-07-10T08:14:46,4.11,25631,3100.00,3116.00,3110.00,5.13,95.21,6.08,885.93
2026-07-10T08:31:25,4.12,25631,3105.00,3122.00,3111.50,5.61,94.04,6.84,885.99
2026-07-10T08:48:03,4.11,25631,3125.00,3259.00,3127.50,6.02,93.19,7.61,886.05
2026-07-10T09:04:41,4.11,25631,3113.00,3134.00,3121.00,5.64,93.91,7.63,886.17
2026-07-10T09:21:19,4.12,25631,3114.00,3277.00,3125.50,6.39,92.02,8.41,886.31
2026-07-10T09:37:58,4.12,25631,3118.00,3144.00,3136.50,6.52,90.52,9.03,886.40
2026-07-10T09:54:36,4.12,25631,3115.00,3235.00,3131.00,6.36,91.45,9.16,886.47
2026-07-10T10:11:14,4.12,25631,3115.00,3321.00,3131.00,6.12,92.99,8.98,886.64
2026-07-10T10:27:52,4.12,25631,3118.00,3134.00,3126.00,5.87,93.55,8.68,886.79
2026-07-10T10:44:31,4.12,25631,3120.00,3244.00,3132.50,6.74,88.23,9.12,886.99
2026-07-10T11:01:09,4.12,25631,3142.00,3260.00,3243.00,7.09,89.45,10.15,887.00
2026-07-10T11:17:47,4.12,25631,3132.00,3258.00,3240.50,7.07,89.25,10.23,887.08
2026-07-10T11:34:25,4.12,25631,3134.00,3339.00,3268.50,7.90,81.87,11.61,887.43
2026-07-10T11:51:03,4.12,25631,3127.00,3345.00,3255.00,7.88,84.91,12.51,887.48
2026-07-10T12:07:41,4.12,25631,3108.00,3353.00,3336.00,7.97,79.86,12.36,887.57
2026-07-10T12:24:19,4.12,25631,3243.00,3347.00,3342.00,7.95,81.38,12.00,887.83
2026-07-10T12:40:57,4.12,25631,3126.00,3342.00,3280.00,8.11,82.08,12.36,887.96
2026-07-10T12:57:36,4.12,25631,3114.00,3351.00,3337.00,7.71,80.84,12.57,887.93
2026-07-10T13:14:14,4.12,25631,3122.00,3290.00,3245.50,7.99,81.59,12.62,888.16
2026-07-10T13:30:52,4.12,25631,3242.00,3357.00,3349.50,8.09,76.55,12.51,888.11
2026-07-10T13:47:30,4.12,25631,3121.00,3340.00,3229.50,8.08,79.22,12.12,888.45
2026-07-10T14:04:08,4.12,25631,3342.00,3350.00,3346.00,9.46,75.79,14.01,888.40
2026-07-10T14:20:46,4.12,25631,3184.00,3348.00,3334.50,9.15,81.75,14.22,888.54
2026-07-10T14:37:24,4.12,25631,3124.00,3357.00,3324.50,9.38,77.79,14.17,888.59
2026-07-10T14:54:02,4.12,25631,3118.00,3348.00,3200.50,8.92,76.78,13.82,888.71
2026-07-10T15:10:40,4.12,25631,3133.00,3338.00,3310.00,10.12,73.91,14.44,888.84
2026-07-10T15:27:18,4.12,25631,3122.00,3260.00,3240.00,9.08,79.59,13.58,888.67
2026-07-10T15:43:56,4.12,25631,3122.00,3347.00,3336.00,8.66,82.66,13.09,888.62
2026-07-10T16:00:34,4.12,25631,3119.00,3344.00,3136.50,9.03,79.58,12.87,888.74
2026-07-10T16:17:12,4.12,25631,3115.00,3332.00,3121.00,9.59,78.07,13.06,888.78
2026-07-10T16:33:50,4.12,25631,3119.00,3349.00,3331.00,8.96,81.91,12.30,888.70
2026-07-10T16:50:29,4.12,25631,3103.00,3337.00,3138.00,8.21,84.84,11.41,888.81
2026-07-10T17:07:07,4.12,25631,3103.00,3355.00,3331.50,8.24,82.81,10.94,888.77
2026-07-10T17:23:45,4.11,25631,3109.00,3334.00,3128.50,7.71,85.82,10.16,888.85
2026-07-10T17:40:23,4.12,25631,3113.00,3124.00,3118.00,8.01,82.31,10.77,888.69
2026-07-10T17:57:01,4.11,25631,3103.00,3134.00,3120.50,7.99,85.03,10.23,888.75
2026-07-10T18:13:39,3.90,25631,3097.00,3120.00,3110.50,7.67,85.13,9.55,888.77
2026-07-10T18:30:18,3.89,25631,3100.00,3117.00,3108.50,7.64,85.08,9.27,888.78
2026-07-10T18:46:55,3.90,25631,3104.00,3333.00,3111.00,7.04,88.57,8.60,888.75
2026-07-10T19:03:34,3.89,25631,3095.00,3124.00,3103.50,7.07,87.39,8.24,888.85
2026-07-10T19:20:12,3.90,25631,3093.00,3121.00,3113.50,7.16,88.60,8.21,888.99
2026-07-10T19:36:50,3.89,25631,3098.00,3116.00,3107.50,6.87,89.51,7.89,889.04
2026-07-10T19:53:28,3.88,25631,3090.00,3128.00,3099.50,6.67,89.20,7.53,889.02
2026-07-10T20:10:06,3.89,25631,3092.00,3108.00,3101.50,6.57,90.12,7.18,889.13
2026-07-10T20:26:44,3.89,25631,3090.00,3110.00,3103.50,6.43,91.80,6.86,889.27
2026-07-10T20:43:21,3.89,25631,3090.00,3105.00,3095.00,6.32,91.02,6.64,889.29
2026-07-10T20:59:59,3.89,25631,3081.00,3113.00,3096.50,6.40,88.85,6.51,889.35
2026-07-10T21:16:37,3.89,25631,3084.00,3110.00,3100.00,6.21,89.28,6.36,889.47
2026-07-10T21:33:14,3.89,25631,3087.00,3112.00,3099.00,6.33,88.22,6.27,889.51
2026-07-10T21:49:52,3.89,25631,3091.00,3311.00,3103.50,6.11,90.54,6.13,889.59
2026-07-10T22:06:30,3.89,25631,3083.00,3308.00,3092.00,5.99,91.44,6.05,889.68
2026-07-10T22:23:07,3.89,25631,3085.00,3311.00,3098.00,5.75,92.11,5.90,889.66
2026-07-10T22:39:45,3.89,25631,3082.00,3109.00,3091.50,5.94,90.58,5.89,889.64
2026-07-10T22:56:23,3.88,25631,3082.00,3108.00,3102.50,5.94,90.43,5.87,889.69
2026-07-10T23:13:00,3.88,25631,3090.00,3114.00,3099.00,6.02,89.84,5.87,889.58
2026-07-10T23:29:38,3.89,25631,3089.00,3101.00,3094.50,5.73,91.77,5.74,889.63
2026-07-10T23:46:16,3.88,25631,3085.00,3109.00,3095.50,5.74,92.43,5.69,889.60
2026-07-11T00:02:53,3.89,25631,3089.00,3102.00,3099.00,5.71,93.05,5.63,889.55
2026-07-11T00:19:31,3.88,25631,3090.00,3111.00,3104.50,5.54,92.04,5.54,889.56
2026-07-11T00:36:09,3.88,25631,3083.00,3108.00,3093.50,5.36,92.71,5.28,889.55
2026-07-11T00:52:46,3.88,25631,3084.00,3324.00,3097.00,5.26,93.95,5.19,889.61
2026-07-11T01:09:24,3.89,25631,3082.00,3321.00,3096.50,5.42,93.24,5.26,889.58
2026-07-11T01:26:02,3.88,25631,3090.00,3110.00,3101.50,5.46,92.64,5.35,889.60
2026-07-11T01:42:39,3.89,25631,3088.00,3109.00,3098.50,5.87,87.07,5.55,889.57
2026-07-11T01:59:17,3.88,25631,3089.00,3106.00,3096.00,5.88,87.71,5.58,889.57
2026-07-11T02:15:55,3.88,25631,3089.00,3105.00,3097.50,5.73,90.79,5.47,889.55
2026-07-11T02:32:32,3.88,25631,3075.00,3107.00,3101.50,5.47,91.20,5.38,889.53
2026-07-11T02:49:10,3.89,25631,3089.00,3105.00,3098.00,5.40,90.30,5.30,889.48
2026-07-11T03:05:48,3.88,25631,3086.00,3115.00,3098.50,5.49,90.27,5.32,889.52
2026-07-11T03:22:26,3.89,25631,3082.00,3112.00,3092.00,5.43,90.75,5.30,889.45
2026-07-11T03:39:03,3.89,25631,3089.00,3109.00,3100.50,5.40,90.65,5.24,889.51
2026-07-11T03:55:41,3.88,25631,3078.00,3102.00,3095.00,5.39,90.59,5.22,889.46
2026-07-11T04:12:19,3.89,25631,3083.00,3105.00,3093.00,5.46,90.44,5.26,889.48
2026-07-11T04:28:56,3.89,25631,3082.00,3108.00,3095.50,5.22,92.84,5.16,889.52
2026-07-11T04:45:34,3.88,25631,3087.00,3103.00,3099.00,5.13,92.63,5.13,889.58
2026-07-11T05:02:12,3.89,25631,3084.00,3323.00,3101.00,5.12,92.56,5.00,889.60
2026-07-11T05:18:50,3.89,25631,3072.00,3270.00,3099.50,4.71,94.08,4.57,889.63
2026-07-11T05:35:28,3.89,25631,3085.00,3310.00,3099.00,4.77,93.58,4.47,889.66
2026-07-11T05:52:06,3.89,25631,3081.00,3260.00,3111.50,5.02,94.05,4.54,889.76
2026-07-11T06:08:44,3.89,25631,3078.00,3266.00,3100.00,5.28,93.53,5.24,889.79
2026-07-11T06:25:23,3.90,25631,3097.00,3265.00,3118.50,5.49,92.92,5.20,889.95
2026-07-11T06:42:01,4.11,25631,3081.00,3266.00,3185.50,5.61,92.79,5.35,890.08
2026-07-11T06:58:39,4.12,25631,3105.00,3267.00,3241.00,6.60,89.57,10.95,890.62
2026-07-11T07:15:17,4.12,25631,3114.00,3276.00,3265.00,7.28,87.53,10.17,890.03
2026-07-11T07:31:56,4.12,25631,3100.00,3127.00,3116.50,6.85,88.16,10.19,890.17
2026-07-11T07:48:34,4.12,25631,3103.00,3127.00,3112.50,6.98,89.14,10.45,890.57
2026-07-11T08:05:12,4.12,25631,3111.00,3333.00,3125.50,8.80,82.67,16.96,890.71
2026-07-11T08:21:50,4.13,25631,3135.00,3160.00,3146.00,10.17,76.13,22.30,890.64
2026-07-11T08:38:28,4.13,25631,3135.00,3166.00,3154.00,10.35,74.02,23.39,890.35
2026-07-11T08:55:05,4.12,25631,3118.00,3153.00,3127.50,9.00,81.71,17.30,890.29
2026-07-11T09:11:43,4.12,25631,3104.00,3317.00,3130.00,8.69,84.19,14.56,890.75
2026-07-11T09:28:22,4.12,25631,3127.00,3352.00,3145.00,9.93,80.75,17.00,890.69
2026-07-11T09:44:59,4.12,25631,3144.00,3368.00,3345.50,10.22,77.60,17.42,890.79
2026-07-11T10:01:37,4.12,25631,3131.00,3350.00,3298.50,8.98,84.19,14.90,890.90
2026-07-11T10:18:16,4.12,25631,3119.00,3304.00,3125.50,9.50,77.62,14.25,891.03
2026-07-11T10:34:54,4.12,25631,3125.00,3143.00,3135.50,10.28,76.49,15.74,891.14
2026-07-11T10:51:32,4.12,25631,3137.00,3371.00,3281.50,10.70,77.72,17.66,890.76
2026-07-11T11:08:10,4.12,25631,3121.00,3255.00,3134.00,9.31,78.81,14.31,890.94
2026-07-11T11:24:48,4.12,25631,3106.00,3194.00,3118.50,10.05,75.53,14.24,891.44
2026-07-11T11:41:26,4.12,25631,3119.00,3137.00,3130.00,9.94,70.86,13.94,891.36
2026-07-11T11:58:04,4.12,25631,3112.00,3344.00,3288.50,11.27,70.12,14.66,891.44
2026-07-11T12:14:42,4.12,25631,3088.00,3330.00,3123.00,9.79,73.64,13.40,891.29
2026-07-11T12:31:20,4.12,25631,3115.00,3345.00,3127.00,9.74,69.87,12.86,891.55
2026-07-11T12:47:58,4.12,25631,3117.00,3130.00,3121.50,10.49,66.79,14.23,891.54
2026-07-11T13:04:36,4.12,25631,3108.00,3134.00,3123.50,10.96,68.52,14.92,891.62
2026-07-11T13:21:14,4.12,25631,3117.00,3351.00,3251.00,12.24,62.46,15.91,891.71
2026-07-11T13:37:52,4.12,25631,3134.00,3414.00,3263.50,11.51,67.48,15.86,891.75
2026-07-11T13:54:30,4.12,25631,3121.00,3342.00,3139.00,11.15,68.10,15.10,891.88
2026-07-11T14:11:08,4.12,25631,3114.00,3130.00,3117.50,11.31,66.45,14.88,892.01
2026-07-11T14:27:46,4.12,25631,3125.00,3144.00,3134.00,11.63,63.60,15.21,892.04
2026-07-11T14:44:24,4.12,25631,3110.00,3437.00,3278.50,11.82,64.79,15.76,892.17
2026-07-11T15:01:02,4.12,25631,3109.00,3329.00,3151.00,12.71,63.04,16.78,892.50
2026-07-11T15:17:40,4.13,25631,3133.00,3286.00,3158.50,13.46,59.01,18.77,891.89
2026-07-11T15:34:17,4.12,25631,3117.00,3145.00,3127.50,12.56,61.80,17.23,892.17
2026-07-11T15:50:55,4.12,25631,3109.00,3142.00,3123.50,12.52,60.99,16.60,892.14
2026-07-11T16:07:33,4.12,25631,3105.00,3124.00,3110.00,12.10,62.87,16.08,892.18
2026-07-11T16:24:11,4.12,25631,3119.00,3132.00,3124.00,12.79,61.22,16.43,892.25
2026-07-11T16:40:49,4.12,25631,3114.00,3137.00,3126.00,13.00,59.03,18.09,892.15
2026-07-11T16:57:27,4.12,25631,3106.00,3130.00,3119.50,12.97,55.90,17.77,892.18
2026-07-11T17:14:05,4.12,25631,3110.00,3138.00,3117.50,12.45,63.40,16.95,892.20
2026-07-11T17:30:43,4.12,25631,3098.00,3130.00,3113.50,12.33,61.19,16.06,892.30
2026-07-11T17:47:21,4.12,25631,3098.00,3115.00,3107.50,11.76,61.49,15.29,892.32
2026-07-11T18:03:59,4.12,25631,3104.00,3116.00,3110.50,11.99,61.98,14.93,892.35
2026-07-11T18:20:37,4.12,25631,3110.00,3125.00,3110.50,12.16,62.93,14.90,892.30
2026-07-11T18:37:15,4.12,25631,3102.00,3116.00,3109.00,11.57,65.75,14.23,892.20
2026-07-11T18:53:53,4.12,25631,3095.00,3104.00,3099.50,11.27,64.30,13.19,892.29
2026-07-11T19:10:31,3.90,25631,3089.00,3104.00,3097.50,10.90,65.98,12.45,892.30
2026-07-11T19:27:09,3.90,25631,3091.00,3109.00,3100.50,10.83,67.06,11.93,892.30
2026-07-11T19:43:47,3.90,25631,3089.00,3097.00,3094.50,10.49,70.88,11.51,892.37
2026-07-11T20:00:24,3.91,25631,3087.00,3103.00,3094.00,10.15,71.77,11.03,892.37
2026-07-11T20:17:02,3.90,25631,3086.00,3102.00,3095.50,10.07,69.68,10.64,892.32
2026-07-11T20:33:40,3.90,25631,3087.00,3098.00,3093.50,9.87,71.11,10.28,892.31
2026-07-11T20:50:18,3.90,25631,3081.00,3095.00,3091.00,9.52,70.62,9.82,892.32
2026-07-11T21:06:55,3.89,25631,3082.00,3098.00,3089.50,9.35,69.87,9.22,892.42
2026-07-11T21:23:33,3.89,25631,3082.00,3099.00,3093.00,9.32,70.37,8.82,892.52
2026-07-11T21:40:10,3.89,25631,3084.00,3095.00,3089.50,9.01,72.53,8.41,892.58
2026-07-11T21:56:48,3.89,25631,3083.00,3098.00,3090.50,9.10,72.01,8.13,892.68
2026-07-11T22:13:25,3.88,25631,3080.00,3094.00,3088.00,8.56,73.90,7.87,892.65
2026-07-11T22:30:03,3.89,25631,3082.00,3091.00,3083.00,8.39,73.94,7.61,892.67
2026-07-11T22:46:41,3.89,25631,3079.00,3092.00,3083.00,8.67,74.34,7.55,892.60
2026-07-11T23:03:18,3.89,25631,3082.00,3099.00,3087.50,8.42,74.80,7.43,892.59
2026-07-11T23:19:56,3.89,25631,3077.00,3094.00,3085.00,8.32,74.79,7.36,892.58
2026-07-11T23:36:34,3.89,25631,3074.00,3091.00,3088.00,8.12,75.37,7.21,892.58
2026-07-11T23:53:11,3.87,25631,3077.00,3091.00,3083.00,8.22,75.32,7.23,892.56
2026-07-12T00:09:49,3.89,25631,3081.00,3095.00,3088.00,8.11,75.74,7.20,892.51
2026-07-12T00:26:27,3.89,25631,3078.00,3127.00,3088.00,7.95,75.45,7.05,892.48
2026-07-12T00:43:04,3.89,25631,3077.00,3092.00,3087.50,7.78,76.84,6.92,892.49
2026-07-12T00:59:42,3.89,25631,3075.00,3092.00,3084.00,7.53,76.78,6.73,892.57
2026-07-12T01:16:19,3.89,25631,3075.00,3095.00,3080.00,7.95,75.51,6.73,892.47
2026-07-12T01:32:57,3.89,25631,3080.00,3093.00,3084.00,8.04,75.56,6.73,892.47
2026-07-12T01:49:35,3.89,25631,3080.00,3095.00,3085.50,8.14,75.32,6.86,892.42
2026-07-12T02:06:12,3.89,25631,3077.00,3083.00,3080.50,7.60,77.14,6.65,892.36
2026-07-12T02:22:50,3.89,25631,3081.00,3100.00,3090.50,7.26,78.64,6.41,892.31
2026-07-12T02:39:28,3.89,25631,3073.00,3092.00,3085.00,7.69,77.37,6.41,892.27
2026-07-12T02:56:05,3.89,25631,3078.00,3087.00,3083.50,8.04,75.90,6.56,892.20
2026-07-12T03:12:43,3.89,25631,3072.00,3098.00,3088.00,7.53,77.56,6.43,892.15
2026-07-12T03:29:21,3.89,25631,3078.00,3091.00,3084.00,7.76,75.83,6.51,892.03
2026-07-12T03:45:58,3.89,25631,3070.00,3092.00,3085.50,7.63,76.35,6.46,892.02
2026-07-12T04:02:36,3.89,25631,3076.00,3094.00,3087.00,7.63,74.61,6.62,892.01
2026-07-12T04:19:14,3.89,25631,3080.00,3092.00,3082.50,8.01,72.95,6.84,891.98
2026-07-12T04:35:51,3.89,25631,3072.00,3087.00,3081.00,7.85,72.96,6.95,891.95
2026-07-12T04:52:29,3.89,25631,3073.00,3085.00,3081.00,7.81,73.22,7.10,891.94
2026-07-12T05:09:07,3.89,25631,3074.00,3091.00,3083.00,8.12,71.76,7.20,891.95
2026-07-12T05:25:45,3.90,25631,3085.00,3094.00,3089.50,8.08,71.81,7.47,891.94
2026-07-12T05:42:23,3.90,25631,3077.00,3096.00,3087.00,7.87,73.06,7.39,891.94
2026-07-12T05:59:02,4.12,25631,3074.00,3096.00,3082.50,7.87,73.44,7.55,891.98
2026-07-12T06:15:40,4.11,25631,3073.00,3090.00,3084.00,8.28,71.88,8.01,891.98
2026-07-12T06:32:18,4.12,25631,3084.00,3094.00,3089.00,8.25,71.89,8.10,891.99
2026-07-12T06:48:57,4.12,25631,3079.00,3091.00,3084.50,8.52,70.37,8.38,892.00
2026-07-12T07:05:35,4.12,25631,3081.00,3100.00,3096.00,10.17,66.58,14.74,891.79
2026-07-12T07:22:13,4.12,25631,3096.00,3113.00,3106.50,10.10,70.07,12.21,891.92
2026-07-12T07:38:51,4.12,25631,3093.00,3104.00,3097.00,9.87,68.10,12.61,891.93
2026-07-12T07:55:29,4.12,25631,3090.00,3111.00,3099.00,11.00,69.99,17.07,892.16
2026-07-12T08:12:07,4.12,25631,3109.00,3121.00,3117.50,11.89,66.20,20.41,891.95
2026-07-12T08:28:45,4.14,25631,3126.00,3142.00,3130.00,11.50,65.86,22.70,891.82
2026-07-12T08:45:23,4.13,25631,3128.00,3308.00,3137.50,12.64,63.77,23.78,891.84
2026-07-12T09:02:00,4.13,25631,3127.00,3154.00,3136.00,12.83,64.70,24.22,891.81
2026-07-12T09:18:38,4.14,25631,3136.00,3150.00,3142.50,12.48,59.08,25.08,891.82
2026-07-12T09:35:16,4.14,25631,3130.00,3224.00,3138.50,13.82,60.08,25.25,891.68
2026-07-12T09:51:54,4.14,25631,3143.00,3358.00,3222.00,13.51,61.33,25.99,891.72
2026-07-12T10:08:31,4.14,25631,3127.00,3152.00,3144.00,13.74,58.55,26.08,891.67
2026-07-12T10:25:09,4.13,25631,3135.00,3346.00,3142.50,14.14,59.87,25.00,891.51
2026-07-12T10:41:47,4.14,25631,3139.00,3157.00,3148.50,14.70,58.03,24.19,891.42
2026-07-12T10:58:25,4.13,25631,3117.00,3139.00,3128.00,13.82,60.73,23.31,891.45
2026-07-12T11:15:02,4.14,25631,3143.00,3361.00,3157.50,15.30,56.53,21.75,891.52
2026-07-12T11:31:40,4.14,25631,3119.00,3341.00,3281.50,14.95,57.39,20.63,891.65
2026-07-12T11:48:18,4.13,25631,3106.00,3343.00,3144.00,15.95,53.41,20.34,891.69
2026-07-12T12:04:56,4.13,25631,3145.00,3337.00,3263.00,16.42,54.09,20.54,891.72
2026-07-12T12:21:33,4.13,25631,3221.00,3392.00,3324.00,16.16,54.49,20.36,891.56
2026-07-12T12:38:11,4.13,25631,3257.00,3322.00,3292.50,16.18,54.17,20.55,891.61
2026-07-12T12:54:49,4.13,25631,3117.00,3354.00,3328.50,17.35,50.45,21.11,891.64
2026-07-12T13:11:27,4.14,25631,3095.00,3460.00,3301.00,17.12,52.51,21.14,891.57
2026-07-12T13:28:05,4.14,25631,3243.00,3289.00,3246.50,17.86,51.60,21.59,891.68
2026-07-12T13:44:42,4.14,25631,3092.00,3294.00,3262.00,18.00,50.90,22.05,891.70
2026-07-12T14:01:20,4.14,25631,3121.00,3273.00,3253.50,18.60,45.59,22.30,891.70
2026-07-12T14:17:58,4.13,25631,3263.00,3344.00,3306.50,18.63,46.08,22.50,891.68
2026-07-12T14:34:35,4.14,25631,3088.00,3267.00,3172.00,18.62,46.85,22.74,891.75
2026-07-12T14:51:13,4.14,25631,3109.00,3284.00,3120.00,18.00,43.35,23.17,891.66
2026-07-12T15:07:51,4.14,25631,3090.00,3277.00,3100.50,19.27,45.17,23.25,891.79
2026-07-12T15:24:28,4.14,25631,3101.00,3620.00,3310.00,18.22,45.94,23.25,891.54
2026-07-12T15:41:06,4.14,25631,3108.00,3475.00,3123.00,19.28,42.66,23.92,891.66
2026-07-12T15:57:44,4.14,25631,3273.00,3362.00,3279.50,18.84,43.93,23.96,891.64
2026-07-12T16:14:21,4.14,25631,3115.00,3288.00,3235.50,18.73,46.43,24.25,891.65
2026-07-12T16:30:59,4.14,25631,3109.00,3265.00,3116.50,19.98,43.88,24.76,891.51
2026-07-12T16:47:37,4.14,25631,3107.00,3116.00,3113.00,18.56,46.04,24.16,891.58
2026-07-12T17:04:14,4.13,25631,3110.00,3119.00,3114.00,18.62,44.79,23.48,891.53
2026-07-12T17:20:52,4.14,25631,3104.00,3324.00,3115.50,18.42,43.83,23.37,891.46
2026-07-12T17:37:30,4.14,25631,3101.00,3113.00,3105.00,18.29,46.16,22.77,891.44
2026-07-12T17:54:07,4.14,25631,3090.00,3113.00,3103.50,18.12,46.64,22.11,891.37
2026-07-12T18:10:45,4.14,25631,3091.00,3115.00,3103.00,18.04,45.15,21.59,891.54
2026-07-12T18:27:23,4.13,25631,3097.00,3108.00,3103.00,17.53,45.71,21.18,891.41
2026-07-12T18:44:01,4.14,25631,3090.00,3108.00,3097.00,17.28,46.16,20.79,891.38
2026-07-12T19:00:38,4.13,25631,3090.00,3101.00,3098.00,17.15,46.79,21.02,891.44
2026-07-12T19:17:16,4.13,25631,3089.00,3100.00,3095.00,16.94,46.66,21.19,891.36
2026-07-12T19:33:54,3.91,25631,3087.00,3098.00,3091.50,16.60,46.49,21.20,891.34
2026-07-12T19:50:32,3.92,25631,3077.00,3097.00,3086.50,16.42,48.06,20.87,891.40
2026-07-12T20:07:09,3.91,25631,3081.00,3098.00,3088.00,15.91,49.02,20.55,891.29
2026-07-12T20:23:46,3.91,25631,3070.00,3091.00,3079.00,15.39,49.85,19.01,891.14
2026-07-12T20:40:24,3.91,25631,3069.00,3080.00,3074.50,14.52,51.72,15.77,891.30
2026-07-12T20:57:01,3.90,25631,3065.00,3086.00,3074.00,14.36,52.33,14.48,891.41
2026-07-12T21:13:39,3.90,25631,3064.00,3079.00,3069.00,14.26,52.24,13.82,891.57
2026-07-12T21:30:16,3.90,25631,3068.00,3077.00,3071.50,14.09,52.96,13.34,891.55
2026-07-12T21:46:54,3.89,25631,3063.00,3071.00,3066.50,13.85,53.22,13.06,891.50
2026-07-12T22:03:31,3.89,25631,3063.00,3071.00,3065.50,13.04,55.85,12.43,891.53
2026-07-12T22:20:08,3.89,25631,3064.00,3074.00,3069.50,12.88,56.74,12.09,891.57
2026-07-12T22:36:46,3.89,25631,3062.00,3072.00,3066.50,12.72,57.07,11.75,891.60
2026-07-12T22:53:23,3.89,25631,3053.00,3068.00,3065.50,12.86,56.55,11.76,891.59
2026-07-12T23:10:01,3.89,25631,3055.00,3069.00,3063.00,12.92,56.81,11.74,891.54
2026-07-12T23:26:38,3.89,25631,3053.00,3073.00,3067.50,12.86,57.17,11.66,891.51
2026-07-12T23:43:16,3.89,25631,3065.00,3075.00,3069.50,13.13,56.34,11.69,891.44
2026-07-12T23:59:53,3.89,25631,3061.00,3074.00,3067.00,12.97,57.57,11.60,891.43
2026-07-13T00:16:31,3.89,25631,3058.00,3069.00,3063.50,12.66,58.63,11.51,891.38
2026-07-13T00:33:08,3.89,25631,3060.00,3066.00,3063.00,12.37,59.32,11.31,891.33
2026-07-13T00:49:46,3.90,25631,3056.00,3074.00,3062.50,12.54,60.26,11.34,891.24
2026-07-13T01:06:23,3.89,25631,3062.00,3074.00,3065.50,12.38,59.33,11.31,891.16
2026-07-13T01:23:01,3.89,25631,3060.00,3072.00,3066.00,12.48,60.95,11.24,891.14
2026-07-13T01:39:38,3.89,25631,3059.00,3072.00,3063.00,12.28,60.89,11.10,891.07
2026-07-13T01:56:16,3.89,25631,3055.00,3071.00,3063.00,11.86,62.60,10.80,891.03
2026-07-13T02:12:53,3.89,25631,3054.00,3071.00,3066.50,12.16,61.97,10.89,890.93
2026-07-13T02:29:31,3.89,25631,3059.00,3071.00,3066.50,12.12,61.84,10.88,890.87
2026-07-13T02:46:08,3.89,25631,3061.00,3068.00,3063.00,11.83,62.70,10.66,890.80
2026-07-13T03:02:46,3.89,25631,3059.00,3074.00,3067.00,11.57,62.53,10.36,890.76
2026-07-13T03:19:23,3.89,25631,3058.00,3072.00,3065.50,11.18,64.06,10.06,890.67
2026-07-13T03:36:01,3.89,25631,3057.00,3068.00,3062.00,10.84,65.60,9.85,890.66
2026-07-13T03:52:38,3.89,25631,3059.00,3071.00,3063.50,10.65,66.25,9.72,890.57
2026-07-13T04:09:16,3.89,25631,3052.00,3068.00,3061.00,10.96,65.47,9.80,890.62
2026-07-13T04:25:53,3.89,25631,3061.00,3071.00,3067.50,10.79,66.56,9.73,890.63
2026-07-13T04:42:31,3.89,25631,3056.00,3070.00,3069.00,10.81,66.12,9.84,890.56
2026-07-13T04:59:09,3.89,25631,3056.00,3074.00,3068.50,11.15,65.28,9.93,890.59
2026-07-13T05:15:46,3.89,25631,3066.00,3077.00,3069.00,11.48,65.10,10.31,890.63
2026-07-13T05:32:24,3.91,25631,3062.00,3072.00,3068.00,11.46,63.96,10.57,890.64
2026-07-13T05:49:02,3.91,25631,3066.00,3081.00,3071.00,11.62,65.10,10.75,890.57
2026-07-13T06:05:41,4.12,25631,3067.00,3073.00,3071.00,11.79,65.03,11.22,890.64
2026-07-13T06:22:19,4.12,25631,3062.00,3078.00,3068.00,12.04,64.36,11.37,890.69
2026-07-13T06:38:57,4.12,25631,3068.00,3081.00,3074.00,11.90,65.12,11.55,890.75
2026-07-13T06:55:35,4.12,25631,3066.00,3074.00,3069.50,12.46,65.20,14.10,891.39
2026-07-13T07:12:13,4.12,25631,3090.00,3100.00,3095.50,13.59,60.90,17.45,890.52
2026-07-13T07:28:51,4.12,25631,3087.00,3100.00,3093.00,13.04,65.79,15.89,890.76
2026-07-13T07:45:29,4.12,25631,3087.00,3097.00,3089.00,13.26,67.18,16.05,890.91
2026-07-13T08:02:07,4.12,25631,3070.00,3087.00,3076.50,14.91,60.82,23.17,890.95
2026-07-13T08:18:45,4.14,25631,3101.00,3120.00,3109.00,16.00,58.14,26.21,890.79
2026-07-13T08:35:22,4.13,25631,3114.00,3339.00,3119.50,16.59,58.00,27.65,890.66
2026-07-13T08:52:00,4.14,25631,3111.00,3126.00,3115.50,16.85,56.32,28.72,890.54
2026-07-13T09:08:38,4.13,25631,3120.00,3135.00,3124.50,17.53,54.52,29.33,890.59
2026-07-13T09:25:15,4.14,25631,3100.00,3281.00,3109.50,18.05,54.08,29.92,890.52
2026-07-13T09:41:53,4.14,25631,3126.00,3152.00,3143.50,18.42,50.52,30.30,890.45
2026-07-13T09:58:30,4.14,25631,3119.00,3320.00,3216.00,18.55,50.74,30.34,890.53
2026-07-13T10:15:08,4.14,25631,3108.00,3368.00,3132.00,18.05,53.17,30.36,890.46
2026-07-13T10:31:45,4.13,25631,3115.00,3293.00,3121.00,18.34,51.30,29.67,890.49
2026-07-13T10:48:23,4.14,25631,3108.00,3130.00,3118.00,18.29,50.48,27.84,890.62
2026-07-13T11:05:01,4.14,25631,3113.00,3433.00,3292.00,19.79,46.53,27.16,890.61
2026-07-13T11:21:38,4.14,25631,3116.00,3346.00,3255.50,18.55,46.34,24.91,890.50
2026-07-13T11:38:16,4.13,25631,3098.00,3293.00,3248.50,18.90,46.88,24.32,890.58
2026-07-13T11:54:54,4.14,25631,3262.00,3585.00,3327.50,19.41,45.87,24.02,890.58
2026-07-13T12:11:31,4.13,25631,3103.00,3374.00,3281.50,20.59,45.17,24.36,890.77
2026-07-13T12:28:09,4.14,25631,3096.00,3297.00,3112.50,20.27,42.99,24.84,890.65
2026-07-13T12:44:47,4.14,25631,3218.00,3696.00,3295.00,19.96,43.31,25.22,890.58
2026-07-13T13:01:24,4.14,25631,3074.00,3233.00,3097.00,20.75,37.29,25.35,890.57
2026-07-13T13:18:02,4.14,25631,3077.00,3311.00,3096.50,20.42,38.80,25.49,890.60
2026-07-13T13:34:39,4.14,25631,3089.00,3344.00,3226.50,19.73,38.07,25.21,890.60
2026-07-13T13:51:17,4.14,25631,3116.00,3360.00,3309.00,21.03,36.49,25.67,890.62
2026-07-13T14:07:55,4.14,25631,3237.00,3553.00,3273.50,21.24,36.46,25.97,890.56
2026-07-13T14:24:32,4.14,25631,3094.00,3285.00,3261.50,20.80,39.10,26.06,890.45
2026-07-13T14:41:10,4.14,25631,3092.00,3335.00,3227.00,21.37,37.85,25.65,890.29
2026-07-13T14:57:47,4.14,25631,3080.00,3254.00,3088.50,19.98,40.27,24.23,890.32
2026-07-13T15:14:25,4.14,25631,3086.00,3312.00,3101.00,21.26,38.71,25.64,890.39
2026-07-13T15:31:03,4.14,25631,3083.00,3321.00,3275.00,21.13,42.10,26.26,890.37
2026-07-13T15:47:40,4.14,25631,3087.00,3099.00,3091.50,21.27,36.10,26.30,890.23
2026-07-13T16:04:18,4.14,25631,3099.00,3374.00,3106.50,20.71,35.14,26.32,890.06
2026-07-13T16:20:55,4.14,25631,3105.00,3347.00,3238.00,21.09,36.20,26.01,890.05
2026-07-13T16:37:33,4.14,25631,3091.00,3490.00,3103.50,20.53,37.54,25.90,889.99
2026-07-13T16:54:10,4.14,25631,3091.00,3241.00,3104.50,20.99,36.35,25.62,889.97
2026-07-13T17:10:48,4.14,25631,3094.00,3254.00,3237.00,20.68,33.80,25.28,889.82
2026-07-13T17:27:26,4.14,25631,3095.00,3247.00,3236.50,20.48,33.89,24.72,889.74
2026-07-13T17:44:03,4.14,25631,3098.00,3410.00,3266.50,20.89,34.79,24.53,889.75
2026-07-13T18:00:41,4.14,25631,3095.00,3113.00,3104.50,20.53,34.62,24.21,889.72
2026-07-13T18:17:18,4.14,25631,3111.00,3251.00,3246.00,19.98,37.06,23.77,889.66
2026-07-13T18:33:56,4.14,25631,3228.00,3245.00,3237.00,19.90,38.78,23.37,889.66
2026-07-13T18:50:34,4.14,25631,3104.00,3120.00,3113.00,19.73,38.65,23.56,889.76
2026-07-13T19:07:11,4.14,25631,3097.00,3117.00,3107.50,19.32,38.14,24.52,889.64
2026-07-13T19:23:49,4.02,25631,3098.00,3114.00,3104.00,19.11,39.14,24.76,889.55
2026-07-13T19:40:26,3.91,25631,3091.00,3106.00,3097.50,18.35,42.38,25.03,889.51
2026-07-13T19:57:04,3.92,25631,3090.00,3106.00,3096.00,18.15,42.41,24.93,889.38
2026-07-13T20:13:41,3.92,25631,3078.00,3101.00,3094.00,18.04,43.30,24.52,889.47
2026-07-13T20:30:18,3.91,25631,3069.00,3095.00,3079.00,16.49,45.44,20.31,889.20
2026-07-13T20:46:56,3.91,25631,3056.00,3074.00,3068.50,15.65,47.19,17.07,889.43
2026-07-13T21:03:33,3.91,25631,3052.00,3071.00,3061.00,15.42,48.32,15.69,889.48
2026-07-13T21:20:10,3.90,25631,3058.00,3079.00,3062.00,15.30,49.30,14.89,889.54
2026-07-13T21:36:48,3.90,25631,3060.00,3074.00,3065.00,15.16,49.72,14.49,889.55
2026-07-13T21:53:25,3.90,25631,3058.00,3189.00,3063.00,14.77,51.64,14.09,889.66
2026-07-13T22:10:03,3.90,25631,3057.00,3068.00,3066.00,14.87,51.25,13.87,889.61
2026-07-13T22:26:40,3.90,25631,3058.00,3071.00,3060.00,14.41,52.08,13.60,889.48
2026-07-13T22:43:17,3.89,25631,3046.00,3071.00,3059.50,14.32,52.31,13.33,889.37
2026-07-13T22:59:55,3.89,25631,3053.00,3065.00,3061.50,14.36,51.17,13.08,889.35
2026-07-13T23:16:32,3.90,25631,3046.00,3066.00,3057.00,14.52,49.49,12.97,889.29
2026-07-13T23:33:10,3.89,25631,3055.00,3082.00,3068.50,14.77,49.27,13.18,889.27
2026-07-13T23:49:47,3.90,25631,3053.00,3081.00,3063.00,14.60,49.48,13.25,889.13
2026-07-14T00:06:25,3.90,25631,3055.00,3072.00,3063.50,14.08,50.65,13.07,889.20
2026-07-14T00:23:02,3.89,25631,3052.00,3071.00,3062.00,14.40,48.99,13.03,889.11
2026-07-14T00:39:39,3.89,25631,3050.00,3071.00,3059.50,14.47,48.30,13.21,889.03
2026-07-14T00:56:17,3.88,25631,3050.00,3075.00,3062.00,13.95,49.62,13.01,888.95
2026-07-14T01:12:54,3.88,25631,3058.00,3068.00,3063.50,13.43,50.84,12.43,889.02
2026-07-14T01:29:32,3.89,25631,3050.00,3068.00,3059.00,13.14,51.37,12.16,888.94
2026-07-14T01:46:09,3.89,25631,3047.00,3068.00,3057.50,13.07,52.29,12.02,888.97
2026-07-14T02:02:47,3.89,25631,3052.00,3072.00,3063.00,12.96,51.81,11.90,888.97
2026-07-14T02:19:24,3.89,25631,3049.00,3064.00,3059.00,12.61,52.86,11.59,888.91
2026-07-14T02:36:01,3.89,25631,3056.00,3072.00,3060.50,12.86,53.79,11.56,888.85
2026-07-14T02:52:39,3.89,25631,3053.00,3067.00,3060.50,12.13,56.45,11.36,888.84
2026-07-14T03:09:16,3.89,25631,3054.00,3076.00,3067.50,12.38,55.31,11.33,888.79
2026-07-14T03:25:54,3.89,25631,3060.00,3074.00,3067.50,12.20,55.53,11.07,888.76
2026-07-14T03:42:31,3.89,25631,3049.00,3071.00,3065.50,12.13,59.91,11.04,888.65
2026-07-14T03:59:09,3.89,25631,3052.00,3064.00,3058.00,11.73,58.37,10.84,888.56
2026-07-14T04:15:46,3.89,25631,3051.00,3071.00,3062.00,12.00,59.26,10.92,888.43
2026-07-14T04:32:24,3.89,25631,3052.00,3065.00,3056.00,11.62,59.65,10.77,888.32
2026-07-14T04:49:01,3.89,25631,3052.00,3075.00,3065.50,11.99,59.34,10.88,888.32
2026-07-14T05:05:39,3.89,25631,3051.00,3073.00,3066.00,12.03,54.25,11.01,888.28
2026-07-14T05:22:17,3.89,25631,3052.00,3072.00,3068.50,12.14,58.49,10.98,888.42
2026-07-14T05:38:55,3.90,25631,3043.00,3069.00,3063.50,12.00,59.55,11.18,888.38
2026-07-14T05:55:32,3.91,25631,3063.00,3075.00,3068.00,11.83,60.76,11.14,888.41
2026-07-14T06:12:10,3.91,25631,3060.00,3076.00,3068.50,12.27,59.78,11.43,888.44
2026-07-14T06:28:49,3.91,25631,3066.00,3075.00,3069.00,12.62,57.05,11.78,888.37
2026-07-14T06:45:27,4.12,25631,3061.00,3079.00,3064.50,12.35,54.30,11.81,888.46
2026-07-14T07:02:05,4.12,25631,3059.00,3072.00,3064.50,13.69,50.03,19.18,888.89
2026-07-14T07:18:43,4.12,25631,3082.00,3101.00,3096.00,13.81,49.44,16.59,888.14
2026-07-14T07:35:20,4.12,25631,3079.00,3095.00,3087.50,13.76,59.35,15.82,888.22
2026-07-14T07:51:58,4.13,25631,3066.00,3090.00,3082.00,14.37,55.14,20.11,888.76
2026-07-14T08:08:36,4.14,25631,3084.00,3399.00,3097.50,15.90,51.96,26.42,888.43
2026-07-14T08:25:14,4.14,25631,3105.00,3289.00,3118.50,16.63,53.29,28.47,888.24
2026-07-14T08:41:51,4.14,25631,3121.00,3153.00,3128.50,18.17,47.87,29.57,888.06
2026-07-14T08:58:29,4.14,25631,3105.00,3259.00,3116.50,18.34,47.68,30.12,888.13
2026-07-14T09:15:06,4.14,25631,3120.00,3131.00,3126.00,18.09,46.50,30.88,888.07
2026-07-14T09:31:44,4.14,25631,3102.00,3251.00,3120.50,18.83,43.75,31.36,888.13
2026-07-14T09:48:21,4.14,25631,3115.00,3374.00,3277.00,18.73,47.23,31.78,888.11
2026-07-14T10:04:59,4.14,25631,3133.00,3373.00,3289.00,19.01,44.64,31.88,887.98
2026-07-14T10:21:36,4.14,25631,3115.00,3329.00,3297.50,18.63,46.66,31.02,887.82
2026-07-14T10:38:14,4.14,25631,3224.00,3316.00,3300.00,19.27,45.11,29.39,887.74
2026-07-14T10:54:51,4.14,25631,3112.00,3329.00,3308.00,20.10,39.87,28.56,887.73
2026-07-14T11:11:29,4.14,25631,3130.00,3329.00,3289.00,19.72,45.16,27.27,887.60
2026-07-14T11:28:07,4.14,25631,3255.00,3346.00,3326.50,19.47,44.91,25.57,887.43
2026-07-14T11:44:44,4.14,25631,3260.00,3345.00,3310.50,19.70,42.45,24.88,887.46
2026-07-14T12:01:22,4.14,25631,3259.00,3318.00,3309.50,21.16,40.21,24.94,887.49
2026-07-14T12:17:59,4.13,25631,3305.00,3582.00,3335.50,21.38,38.98,25.04,887.53
2026-07-14T12:34:37,4.14,25631,3220.00,3327.00,3245.00,21.16,42.08,25.02,887.45
2026-07-14T12:51:15,4.14,25631,3213.00,3345.00,3316.50,21.54,36.81,25.44,887.29
2026-07-14T13:07:52,4.14,25631,3098.00,3328.00,3290.00,21.83,37.25,25.52,887.26
2026-07-14T13:24:30,4.14,25631,3209.00,3345.00,3294.00,22.09,40.62,25.65,887.29
2026-07-14T13:41:07,4.14,25631,3170.00,3337.00,3295.50,22.14,36.05,25.85,887.11
2026-07-14T13:57:45,4.14,25631,3205.00,3637.00,3240.00,22.43,38.95,26.11,887.14
2026-07-14T14:14:22,4.14,25631,3225.00,3305.00,3284.00,22.53,40.38,26.22,887.04
2026-07-14T14:31:00,4.14,25631,3133.00,3402.00,3264.50,23.34,38.45,26.58,886.98
2026-07-14T14:47:38,4.14,25631,3142.00,3329.00,3289.50,23.85,36.37,26.94,886.91
2026-07-14T15:04:15,4.14,25631,3247.00,3306.00,3277.50,23.51,35.62,27.44,886.87
2026-07-14T15:20:53,4.14,25631,3214.00,3322.00,3275.00,23.93,37.06,27.84,886.86
2026-07-14T15:37:30,4.14,25631,3248.00,3292.00,3281.50,24.37,36.87,28.59,886.74
2026-07-14T15:54:07,4.14,25631,3239.00,3339.00,3291.50,25.70,34.12,29.27,886.65
2026-07-14T16:10:45,4.14,25631,3225.00,3605.00,3290.50,23.75,36.58,29.05,886.54
2026-07-14T16:27:22,4.14,25631,3213.00,3336.00,3310.00,22.92,36.19,29.21,886.48
2026-07-14T16:44:00,4.14,25631,3199.00,3338.00,3250.50,24.25,34.62,29.15,886.46
2026-07-14T17:00:37,4.14,25631,3277.00,3302.00,3293.50,24.02,37.20,28.96,886.45
2026-07-14T17:17:15,4.14,25631,3251.00,3316.00,3294.00,24.04,36.36,28.56,886.44
2026-07-14T17:33:52,4.14,25631,3215.00,3323.00,3242.00,23.73,34.83,28.25,886.28
2026-07-14T17:50:30,4.14,25631,3138.00,3298.00,3269.00,23.64,35.33,27.60,886.32
2026-07-14T18:07:07,4.14,25631,3214.00,3291.00,3268.00,22.91,36.18,27.06,886.37
2026-07-14T18:23:45,4.14,25631,3222.00,3342.00,3240.00,22.47,35.37,26.28,886.30
2026-07-14T18:40:22,4.14,25631,3198.00,3243.00,3222.50,22.61,37.03,26.09,886.39
2026-07-14T18:57:00,4.14,25631,3200.00,3319.00,3241.50,22.81,37.39,27.45,886.35
2026-07-14T19:13:37,4.14,25631,3206.00,3359.00,3254.50,22.16,37.36,28.22,886.12
2026-07-14T19:30:14,3.91,25631,3195.00,3258.00,3214.00,21.88,37.14,28.64,886.06
2026-07-14T19:46:52,3.93,25631,3201.00,3227.00,3215.00,22.00,35.85,29.17,885.84
2026-07-14T20:03:29,3.93,25631,3200.00,3215.00,3206.50,21.35,37.49,28.36,885.86
2026-07-14T20:20:06,3.92,25631,3209.00,3245.00,3221.00,21.40,37.27,27.81,885.80
2026-07-14T20:36:43,3.91,25631,3202.00,3246.00,3218.00,19.21,40.98,22.04,885.80
2026-07-14T20:53:20,3.91,25631,3204.00,3212.00,3208.00,18.36,43.39,19.50,885.88
2026-07-14T21:09:58,3.90,25631,3190.00,3207.00,3199.00,17.91,48.08,18.13,885.96
2026-07-14T21:26:35,3.91,25631,3182.00,3216.00,3198.00,17.05,48.75,17.11,886.07
2026-07-14T21:43:12,3.90,25631,3189.00,3214.00,3201.00,17.00,49.26,16.60,886.09
2026-07-14T21:59:49,3.91,25631,3191.00,3206.00,3196.00,16.49,50.67,16.06,886.07
2026-07-14T22:16:27,3.90,25631,3197.00,3228.00,3207.00,16.85,49.14,16.07,885.99
2026-07-14T22:33:04,3.90,25631,3190.00,3205.00,3197.50,16.92,48.16,15.95,886.01
2026-07-14T22:49:41,3.90,25631,3194.00,3208.00,3201.50,17.60,47.42,16.17,886.02
2026-07-14T23:06:19,3.89,25631,3181.00,3208.00,3199.50,16.67,49.88,15.86,885.99
2026-07-14T23:22:56,3.90,25631,3137.00,3286.00,3193.00,16.19,50.57,15.46,885.97
2026-07-14T23:39:33,3.90,25631,3186.00,3203.00,3196.50,16.87,48.77,15.55,886.04
2026-07-14T23:56:10,3.90,25631,3196.00,3214.00,3200.00,16.68,48.48,15.52,886.00
2026-07-15T00:12:48,3.90,25631,3183.00,3205.00,3197.50,16.64,49.33,15.52,885.96
2026-07-15T00:29:25,3.90,25631,3147.00,3210.00,3194.50,16.49,49.52,15.31,885.88
2026-07-15T00:46:02,3.90,25631,3150.00,3201.00,3189.50,16.76,48.29,15.50,885.82
2026-07-15T01:02:40,3.90,25631,3181.00,3217.00,3200.50,16.81,48.48,15.40,885.75
2026-07-15T01:19:17,3.89,25631,3185.00,3232.00,3214.00,16.25,50.50,15.31,885.70
2026-07-15T01:35:54,3.89,25631,3166.00,3232.00,3196.00,16.30,49.62,15.11,885.72
2026-07-15T01:52:32,3.89,25631,3191.00,3220.00,3208.50,15.91,49.77,14.82,885.68
2026-07-15T02:09:09,3.90,25631,3146.00,3297.00,3281.50,16.02,50.32,14.85,885.62
2026-07-15T02:25:46,3.89,25631,3136.00,3211.00,3192.00,16.00,50.20,14.91,885.53
2026-07-15T02:42:24,3.90,25631,3178.00,3287.00,3278.00,16.38,49.13,14.95,885.50
2026-07-15T02:59:01,3.89,25631,3210.00,3374.00,3269.00,16.11,49.90,14.92,885.36
2026-07-15T03:15:38,3.90,25631,3197.00,3371.00,3205.00,15.73,51.45,14.74,885.32
2026-07-15T03:32:16,3.90,25631,3183.00,3377.00,3206.50,16.00,50.74,14.69,885.41
2026-07-15T03:48:53,3.88,25631,3187.00,3298.00,3211.50,15.78,50.48,14.41,885.43
2026-07-15T04:05:30,3.89,25631,3189.00,3228.00,3207.50,15.73,50.28,14.42,885.44
2026-07-15T04:22:08,3.87,25631,3217.00,3383.00,3283.00,15.33,51.17,14.34,885.34
2026-07-15T04:38:45,3.89,25631,3165.00,3291.00,3234.00,15.36,51.32,14.21,885.35
2026-07-15T04:55:22,3.89,25631,3267.00,3289.00,3281.50,14.99,52.08,14.06,885.31
2026-07-15T05:12:00,3.90,25631,3229.00,3285.00,3276.00,15.16,51.69,14.13,885.41
2026-07-15T05:28:38,3.89,25631,3171.00,3291.00,3220.00,15.20,51.70,14.15,885.47
2026-07-15T05:45:15,3.90,25631,3181.00,3283.00,3217.00,15.53,50.77,14.53,885.36
2026-07-15T06:01:53,3.91,25631,3178.00,3289.00,3227.50,15.65,50.81,14.74,885.33
2026-07-15T06:18:31,3.91,25631,3186.00,3377.00,3281.50,15.77,50.39,14.87,885.30
2026-07-15T06:35:09,3.91,25631,3160.00,3275.00,3196.50,15.63,53.84,15.01,885.39
2026-07-15T06:51:47,4.12,25631,3215.00,3235.00,3222.50,15.57,55.46,15.77,886.39
2026-07-15T07:08:25,4.13,25631,3161.00,3297.00,3215.00,16.53,49.47,21.81,885.03
2026-07-15T07:25:03,4.13,25631,3182.00,3301.00,3196.00,16.55,54.61,18.29,885.44
2026-07-15T07:41:41,4.13,25631,3217.00,3240.00,3222.50,16.71,50.84,18.33,885.61
2026-07-15T07:58:18,4.14,25631,3178.00,3270.00,3191.00,17.65,47.47,25.18,885.81
2026-07-15T08:14:56,4.14,25631,3215.00,3308.00,3295.00,19.79,50.93,29.65,885.65
2026-07-15T08:31:33,4.13,25631,3203.00,3326.00,3315.00,20.28,48.69,31.29,885.57
2026-07-15T08:48:11,4.14,25631,3215.00,3317.00,3253.50,19.61,49.75,32.06,885.42
2026-07-15T09:04:48,4.14,25631,3235.00,3342.00,3328.00,20.44,49.46,32.84,885.60
2026-07-15T09:21:26,4.14,25631,3256.00,3338.00,3333.50,20.92,47.60,33.39,885.49
2026-07-15T09:38:03,4.13,25631,3273.00,3359.00,3310.00,21.14,46.64,33.78,885.47
2026-07-15T09:54:41,4.14,25631,3221.00,3316.00,3273.50,21.57,45.90,33.31,885.46
2026-07-15T10:11:18,4.14,25631,3222.00,3306.00,3266.50,21.16,49.21,33.55,885.36
2026-07-15T10:27:55,4.14,25631,3095.00,3310.00,3255.00,21.13,48.98,32.76,885.31
2026-07-15T10:44:33,4.14,25631,3265.00,3324.00,3292.00,21.66,47.61,31.57,885.28
2026-07-15T11:01:10,4.14,25631,3272.00,3337.00,3314.00,20.97,50.38,30.16,885.20
2026-07-15T11:17:48,4.13,25631,3075.00,3343.00,3238.00,21.68,47.23,27.69,885.44
2026-07-15T11:34:25,4.13,25631,3256.00,3329.00,3304.50,20.86,49.98,26.83,885.38
2026-07-15T11:51:03,4.12,25631,3221.00,3331.00,3282.50,22.46,45.68,26.60,885.55
2026-07-15T12:07:40,4.12,25631,3223.00,3452.00,3318.50,21.92,47.22,26.30,885.55
2026-07-15T12:24:18,4.14,25631,3185.00,3278.00,3232.50,23.34,46.13,26.79,885.42
2026-07-15T12:40:55,4.14,25631,3124.00,3320.00,3247.50,23.50,45.25,27.13,885.28
2026-07-15T12:57:33,4.14,25631,3214.00,3308.00,3287.50,23.77,43.26,27.15,885.18
2026-07-15T13:14:10,4.14,25631,3273.00,3321.00,3285.50,23.89,44.30,27.65,885.08
2026-07-15T13:30:48,4.14,25631,3139.00,3608.00,3300.00,24.33,45.42,27.81,885.10
2026-07-15T13:47:25,4.13,25631,3208.00,3365.00,3311.50,24.63,42.05,28.17,885.06
2026-07-15T14:04:03,4.14,25631,3134.00,3355.00,3301.00,24.83,40.39,28.01,885.05
2026-07-15T14:20:40,4.14,25631,3212.00,3410.00,3273.50,24.15,44.19,27.98,884.93
2026-07-15T14:37:18,4.14,25631,3199.00,3299.00,3284.50,24.40,42.43,28.01,884.83
2026-07-15T14:53:55,4.14,25631,3221.00,3347.00,3314.00,25.22,41.83,28.24,884.96
2026-07-15T15:10:33,4.14,25631,3164.00,3294.00,3282.00,24.59,43.69,28.41,884.96
2026-07-15T15:27:10,4.14,25631,3269.00,3323.00,3288.00,24.88,42.04,28.87,884.84
2026-07-15T15:43:47,4.14,25631,3130.00,3312.00,3282.50,25.18,42.31,28.88,884.82
2026-07-15T16:00:25,4.14,25631,3285.00,3317.00,3293.00,25.77,41.36,29.63,884.63
2026-07-15T16:17:02,4.14,25631,3238.00,3306.00,3266.50,24.50,41.63,29.74,884.58
2026-07-15T16:33:40,4.14,25631,3219.00,3309.00,3277.50,24.37,43.16,29.46,884.47
2026-07-15T16:50:17,4.14,25631,3303.00,3325.00,3316.00,25.00,43.44,29.29,884.22
2026-07-15T17:06:54,4.14,25631,3136.00,3308.00,3280.50,25.01,44.70,28.85,884.23
2026-07-15T17:23:32,4.14,25631,3324.00,3358.00,3335.50,24.83,44.05,28.96,884.01
2026-07-15T17:40:09,4.14,25631,3302.00,3335.00,3316.00,24.36,45.50,28.12,884.11
2026-07-15T17:56:47,4.14,25631,3252.00,3373.00,3318.50,24.52,43.24,28.10,884.11
2026-07-15T18:13:24,4.13,25631,3160.00,3351.00,3256.50,23.43,49.06,27.64,884.26
2026-07-15T18:30:02,4.14,25631,3145.00,3327.00,3312.00,21.23,54.29,25.87,884.44
2026-07-15T18:46:39,4.14,25631,3235.00,3302.00,3291.00,20.89,54.60,25.25,884.68
2026-07-15T19:03:17,4.14,25631,3137.00,3300.00,3281.50,20.83,55.16,26.59,884.68
2026-07-15T19:19:54,4.13,25631,3128.00,3314.00,3157.00,22.06,52.75,27.82,884.71
2026-07-15T19:36:32,3.92,25631,3147.00,3316.00,3305.50,22.41,51.51,29.30,884.49
2026-07-15T19:53:09,3.92,25631,3287.00,3296.00,3291.50,19.79,57.16,27.98,884.61
2026-07-15T20:09:46,3.91,25631,3132.00,3297.00,3215.00,19.96,57.99,27.96,884.62
2026-07-15T20:26:24,3.91,25631,3116.00,3289.00,3203.00,18.42,61.83,23.55,884.41
2026-07-15T20:43:01,3.91,25631,3102.00,3119.00,3109.50,17.01,66.76,19.60,884.75
2026-07-15T20:59:38,3.91,25631,3090.00,3116.00,3106.50,16.32,70.48,17.66,884.96
2026-07-15T21:16:15,3.90,25631,3092.00,3273.00,3106.50,15.75,72.75,16.49,885.13
2026-07-15T21:32:53,3.90,25631,3244.00,3271.00,3256.00,15.03,75.60,15.43,885.34
2026-07-15T21:49:30,3.90,25631,3113.00,3272.00,3258.50,14.36,78.15,14.71,885.34
2026-07-15T22:06:07,3.89,25631,3086.00,3270.00,3261.50,13.92,79.86,13.96,885.47
2026-07-15T22:22:45,3.89,25631,3101.00,3269.00,3109.50,13.34,81.75,13.50,885.46
2026-07-15T22:39:22,3.89,25631,3104.00,3255.00,3111.50,12.96,83.20,12.94,885.58
2026-07-15T22:55:59,3.89,25631,3095.00,3109.00,3104.00,12.55,84.04,12.46,885.62
2026-07-15T23:12:37,3.89,25631,3100.00,3265.00,3110.00,12.26,83.63,12.20,885.68
2026-07-15T23:29:14,3.89,25631,3094.00,3110.00,3102.50,11.76,84.90,11.71,885.81
2026-07-15T23:45:52,3.89,25631,3093.00,3114.00,3103.00,11.59,84.48,11.37,885.81
2026-07-16T00:02:29,3.89,25631,3090.00,3114.00,3103.00,11.21,85.19,10.93,885.93
2026-07-16T00:19:07,3.89,25631,3093.00,3108.00,3100.00,10.56,86.96,10.48,886.03
2026-07-16T00:35:44,3.89,25631,3089.00,3122.00,3104.50,10.59,87.28,10.19,886.12
2026-07-16T00:52:22,3.89,25631,3096.00,3108.00,3104.50,10.50,87.65,9.93,886.20
2026-07-16T01:08:59,3.89,25631,3089.00,3105.00,3098.50,9.97,90.35,9.62,886.13
2026-07-16T01:25:37,3.89,25631,3097.00,3108.00,3100.00,9.79,91.10,9.36,886.04
2026-07-16T01:42:14,3.89,25631,3092.00,3116.00,3101.50,9.45,91.03,9.16,886.15
2026-07-16T01:58:52,3.89,25631,3090.00,3122.00,3104.00,9.28,91.65,8.92,886.21
2026-07-16T02:15:29,3.89,25631,3102.00,3117.00,3107.50,9.45,91.20,8.92,886.30
2026-07-16T02:32:07,3.89,25631,3101.00,3120.00,3110.50,9.32,91.74,8.78,886.22
2026-07-16T02:48:45,3.88,25631,3106.00,3123.00,3112.50,9.07,92.18,8.69,886.37
2026-07-16T03:05:22,3.88,25631,3103.00,3124.00,3108.50,8.97,92.45,8.70,886.45
2026-07-16T03:22:00,3.88,25631,3097.00,3118.00,3113.00,9.00,92.17,8.83,886.49
2026-07-16T03:38:37,3.89,25631,3105.00,3122.00,3108.50,8.87,93.08,8.63,886.48
2026-07-16T03:55:15,3.88,25631,3100.00,3122.00,3108.00,8.63,93.36,8.34,886.48
2026-07-16T04:11:52,3.88,25631,3100.00,3122.00,3112.00,8.41,93.81,8.13,886.50
2026-07-16T04:28:30,3.88,25631,3105.00,3130.00,3117.00,8.31,94.61,7.94,886.38
2026-07-16T04:45:08,3.88,25631,3100.00,3308.00,3108.50,8.01,94.78,7.79,886.41
2026-07-16T05:01:45,3.88,25631,3121.00,3297.00,3289.50,8.06,94.93,7.78,886.35
2026-07-16T05:18:23,3.89,25631,3106.00,3289.00,3283.50,7.87,94.68,7.74,886.49
2026-07-16T05:35:01,3.89,25631,3280.00,3293.00,3284.00,7.98,95.21,7.88,886.77
2026-07-16T05:51:39,3.90,25631,3148.00,3301.00,3294.00,8.09,95.03,8.56,886.89
2026-07-16T06:08:17,3.89,25631,3286.00,3302.00,3297.50,8.14,95.08,8.89,886.97
2026-07-16T06:24:56,4.12,25631,3121.00,3306.00,3297.00,8.29,95.19,9.21,887.11
2026-07-16T06:41:34,4.11,25631,3115.00,3304.00,3292.00,8.57,95.20,9.63,887.11
2026-07-16T06:58:12,3.89,25631,3108.00,3313.00,3129.50,8.22,95.06,9.81,887.13
2026-07-16T07:14:50,4.12,25631,3107.00,3307.00,3126.50,8.43,95.63,10.07,887.27
2026-07-16T07:31:28,4.12,25631,3113.00,3302.00,3125.00,8.80,94.24,10.99,887.25
2026-07-16T07:48:07,4.12,25631,3118.00,3324.00,3130.00,9.11,94.61,11.44,887.37
2026-07-16T08:04:45,4.12,25631,3119.00,3208.00,3121.50,9.52,91.93,11.70,887.40
2026-07-16T08:21:23,4.12,25631,3099.00,3251.00,3224.00,9.66,92.18,12.89,887.85
2026-07-16T08:38:01,4.12,25631,3124.00,3253.00,3136.00,10.66,87.43,14.89,887.40
2026-07-16T08:54:39,4.12,25631,3120.00,3283.00,3129.00,10.94,86.53,15.21,887.53
2026-07-16T09:11:17,4.12,25631,3113.00,3254.00,3121.50,10.83,85.97,15.48,887.55
2026-07-16T09:27:55,4.12,25631,3098.00,3277.00,3237.50,11.25,85.13,16.99,888.10
2026-07-16T09:44:33,4.13,25631,3115.00,3273.00,3183.00,13.99,74.68,22.65,888.11
2026-07-16T10:01:11,4.13,25631,3113.00,3250.00,3233.50,13.41,77.24,22.68,887.54
2026-07-16T10:17:48,4.14,25631,3131.00,3262.00,3227.50,13.48,75.13,21.49,887.71
2026-07-16T10:34:26,4.13,25631,3124.00,3256.00,3131.00,12.64,78.23,19.74,887.99
2026-07-16T10:51:04,4.13,25631,3100.00,3293.00,3225.00,13.24,75.95,20.75,887.94
2026-07-16T11:07:42,4.13,25631,3132.00,3244.00,3202.50,14.16,71.98,21.04,888.10
2026-07-16T11:24:20,4.13,25631,3224.00,3275.00,3251.00,13.99,71.33,21.40,888.24
2026-07-16T11:40:57,4.13,25631,3121.00,3272.00,3231.50,13.85,73.78,21.36,888.25
2026-07-16T11:57:35,4.13,25631,3149.00,3299.00,3265.00,15.58,68.24,22.57,888.13
2026-07-16T12:14:13,4.13,25631,3132.00,3296.00,3145.00,13.81,72.79,20.77,888.17
2026-07-16T12:30:51,4.14,25631,3125.00,3292.00,3261.50,14.92,69.55,20.86,888.35
2026-07-16T12:47:28,4.14,25631,3253.00,3406.00,3326.00,14.12,69.69,21.25,888.22
2026-07-16T13:04:06,4.14,25631,3103.00,3412.00,3286.00,15.10,67.45,20.83,888.51
2026-07-16T13:20:44,4.14,25631,3221.00,3374.00,3272.50,14.74,67.61,21.61,888.32
2026-07-16T13:37:22,4.13,25631,3115.00,3378.00,3142.50,14.08,66.10,21.15,888.03
2026-07-16T13:54:00,4.13,25631,3133.00,3251.00,3146.00,14.99,64.05,21.16,888.42
2026-07-16T14:10:37,4.13,25631,3105.00,3310.00,3227.00,14.41,66.24,19.05,888.70
2026-07-16T14:27:15,4.14,25631,3138.00,3396.00,3265.00,15.10,65.54,19.73,888.91
2026-07-16T14:43:53,4.13,25631,3113.00,3135.00,3126.50,14.23,64.36,18.88,888.71
2026-07-16T15:00:31,4.13,25631,3113.00,3349.00,3134.00,14.17,68.86,18.82,888.92
2026-07-16T15:17:09,4.13,25631,3121.00,3375.00,3317.00,14.51,67.07,18.74,888.89
2026-07-16T15:33:47,4.13,25631,3097.00,3246.00,3126.50,14.01,68.51,17.64,888.99
2026-07-16T15:50:24,4.13,25631,3106.00,3325.00,3248.00,13.13,69.49,17.11,888.85
2026-07-16T16:07:02,4.13,25631,3104.00,3257.00,3126.00,14.03,68.95,17.41,889.07
2026-07-16T16:23:40,4.12,25631,3085.00,3117.00,3101.50,13.38,67.60,16.80,889.02
2026-07-16T16:40:18,4.12,25631,3113.00,3248.00,3222.50,13.10,73.23,16.52,889.16
2026-07-16T16:56:56,4.13,25631,3181.00,3312.00,3225.00,15.80,63.03,19.16,889.04
2026-07-16T17:13:34,4.14,25631,3223.00,3324.00,3300.50,15.61,63.52,21.09,888.96
2026-07-16T17:30:12,4.13,25631,3289.00,3307.00,3297.50,15.13,62.06,20.94,889.00
2026-07-16T17:46:49,4.13,25631,3137.00,3282.00,3254.00,15.18,63.28,20.36,889.23
2026-07-16T18:03:27,4.13,25631,3240.00,3307.00,3265.50,14.12,65.64,19.61,889.32
2026-07-16T18:20:05,4.12,25631,3245.00,3265.00,3259.50,13.64,64.74,18.49,889.39
2026-07-16T18:36:43,4.12,25631,3105.00,3364.00,3227.00,13.13,65.09,17.49,889.55
2026-07-16T18:53:21,4.13,25631,3210.00,3261.00,3229.50,13.48,63.55,17.49,889.83
2026-07-16T19:09:59,4.13,25631,3211.00,3296.00,3261.50,12.88,66.34,18.76,889.79
2026-07-16T19:26:37,4.02,25631,3241.00,3297.00,3272.50,12.27,66.42,19.35,889.85
2026-07-16T19:43:14,3.91,25631,3216.00,3266.00,3234.50,11.93,67.99,18.90,889.92
2026-07-16T19:59:52,3.91,25631,3109.00,3242.00,3136.00,11.27,72.32,18.78,890.14
2026-07-16T20:16:29,3.91,25631,3101.00,3127.00,3112.00,9.55,77.35,13.72,890.18
2026-07-16T20:33:07,3.90,25631,3077.00,3113.00,3095.50,9.17,78.42,10.72,890.45
2026-07-16T20:49:45,3.89,25631,3080.00,3116.00,3105.00,8.84,79.32,9.45,890.49
2026-07-16T21:06:22,3.89,25631,3075.00,3108.00,3088.50,8.77,79.28,8.84,890.58
2026-07-16T21:23:00,3.89,25631,3073.00,3102.00,3090.50,8.46,82.27,8.32,890.69
2026-07-16T21:39:38,3.89,25631,3101.00,3113.00,3107.00,8.36,83.16,7.90,890.75
2026-07-16T21:56:15,3.89,25631,3099.00,3249.00,3108.50,8.35,82.01,7.72,890.82
2026-07-16T22:12:53,3.89,25631,3082.00,3103.00,3097.50,7.87,83.61,7.44,890.75
2026-07-16T22:29:30,3.88,25631,3081.00,3106.00,3100.50,7.66,86.60,7.01,890.87
2026-07-16T22:46:08,3.89,25631,3091.00,3110.00,3100.00,7.67,86.14,7.00,890.97
2026-07-16T23:02:46,3.89,25631,3064.00,3109.00,3098.50,7.55,86.95,6.83,891.01
2026-07-16T23:19:23,3.88,25631,3078.00,3105.00,3094.00,7.28,86.00,6.64,890.97
2026-07-16T23:36:01,3.88,25631,3083.00,3105.00,3103.50,7.29,85.79,6.54,890.96
2026-07-16T23:52:39,3.89,25631,3072.00,3110.00,3096.50,6.83,89.34,6.27,891.11
2026-07-17T00:09:16,3.88,25631,3084.00,3107.00,3096.00,6.47,89.81,5.88,891.21
2026-07-17T00:25:54,3.88,25631,3071.00,3110.00,3092.00,6.37,89.70,5.77,891.31
2026-07-17T00:42:32,3.88,25631,3037.00,3090.00,3065.50,6.47,88.90,5.76,891.33
2026-07-17T00:59:09,3.88,25631,3045.00,3106.00,3082.50,6.30,89.59,5.56,891.52
2026-07-17T01:15:47,3.88,25631,3048.00,3090.00,3074.50,6.28,90.72,5.48,891.56
2026-07-17T01:32:25,3.88,25631,3070.00,3100.00,3080.00,5.91,92.54,5.34,891.62
2026-07-17T01:49:02,3.88,25631,3056.00,3086.00,3073.00,5.94,91.21,5.19,891.57
2026-07-17T02:05:40,3.88,25631,3058.00,3089.00,3078.00,5.83,92.40,5.18,891.69
2026-07-17T02:22:18,3.88,25631,3048.00,3088.00,3066.50,5.94,90.39,5.16,891.72
2026-07-17T02:38:55,3.88,25631,3048.00,3067.00,3061.50,5.97,89.76,5.12,891.74
2026-07-17T02:55:33,3.88,25631,3054.00,3083.00,3077.00,5.97,89.87,5.06,891.79
2026-07-17T03:12:11,3.89,25631,3048.00,3082.00,3067.00,6.11,88.69,5.15,891.77
2026-07-17T03:28:48,3.88,25631,3056.00,3072.00,3064.00,6.14,88.64,5.14,891.75
2026-07-17T03:45:26,3.87,25631,3058.00,3071.00,3060.50,5.85,89.87,5.01,891.77
2026-07-17T04:02:04,3.88,25631,3054.00,3082.00,3062.00,5.83,89.07,4.98,891.89
2026-07-17T04:18:41,3.88,25631,3049.00,3071.00,3062.50,5.91,88.53,5.04,891.93
2026-07-17T04:35:19,3.88,25631,3046.00,3072.00,3062.50,6.05,88.19,5.07,891.97
2026-07-17T04:51:57,3.88,25631,3061.00,3076.00,3065.50,6.09,89.84,5.12,892.02
2026-07-17T05:08:35,3.88,25631,3046.00,3085.00,3071.00,6.04,87.53,5.21,892.03
2026-07-17T05:25:13,3.88,25631,3059.00,3079.00,3067.50,5.99,89.69,5.28,892.01
2026-07-17T05:41:51,3.89,25631,3055.00,3083.00,3071.00,6.22,89.60,5.51,891.97
2026-07-17T05:58:29,3.89,25631,3048.00,3082.00,3069.50,6.29,85.56,5.70,892.00
2026-07-17T06:15:07,3.89,25631,3053.00,3083.00,3075.50,6.57,84.83,5.96,891.85
2026-07-17T06:31:45,3.89,25631,3065.00,3079.00,3071.00,6.66,84.53,6.11,891.96
2026-07-17T06:48:24,4.11,25631,3061.00,3100.00,3079.50,6.94,83.42,6.34,891.90
2026-07-17T07:05:02,4.12,25631,3081.00,3105.00,3089.50,7.95,79.66,13.52,892.28
2026-07-17T07:21:40,4.12,25631,3095.00,3126.00,3108.00,7.84,80.92,10.66,891.73
2026-07-17T07:38:18,4.12,25631,3087.00,3103.00,3091.50,8.04,86.28,9.28,891.92
2026-07-17T07:54:56,4.12,25631,3096.00,3118.00,3110.50,8.96,79.04,16.10,892.39
2026-07-17T08:11:34,4.12,25631,3105.00,3147.00,3143.00,10.32,77.16,21.80,892.08
2026-07-17T08:28:12,4.13,25631,3167.00,3533.00,3258.50,11.01,76.07,23.53,891.96
2026-07-17T08:44:50,4.14,25631,3151.00,3187.00,3168.00,11.62,71.65,24.54,892.05
2026-07-17T09:01:28,4.13,25631,3090.00,3339.00,3161.50,11.55,71.80,24.89,892.10
2026-07-17T09:18:06,4.13,25631,3160.00,3284.00,3271.00,12.28,69.33,25.21,892.06
2026-07-17T09:34:43,4.14,25631,3243.00,3307.00,3255.00,12.91,68.86,25.91,892.02
2026-07-17T09:51:21,4.14,25631,3235.00,3299.00,3254.50,13.03,69.31,25.48,892.07
2026-07-17T10:07:59,4.13,25631,3110.00,3297.00,3253.50,12.89,68.40,25.31,891.96
2026-07-17T10:24:36,4.13,25631,3233.00,3260.00,3242.50,13.37,66.94,24.45,891.94
2026-07-17T10:41:14,4.13,25631,3238.00,3261.00,3252.00,14.10,63.39,23.71,891.98
2026-07-17T10:57:52,4.14,25631,3182.00,3338.00,3275.00,14.06,64.31,22.96,891.95
2026-07-17T11:14:30,4.13,25631,3124.00,3278.00,3242.50,14.59,65.16,21.12,892.06
2026-07-17T11:31:08,4.13,25631,3131.00,3304.00,3271.50,14.57,66.14,20.47,891.97
2026-07-17T11:47:45,4.12,25631,3153.00,3318.00,3264.50,14.92,63.74,19.77,891.97
2026-07-17T12:04:23,4.13,25631,3121.00,3336.00,3264.50,15.60,62.31,20.25,891.93
2026-07-17T12:21:01,4.14,25631,3115.00,3292.00,3236.00,16.55,58.30,20.56,892.09
2026-07-17T12:37:39,4.14,25631,3114.00,3411.00,3260.00,17.12,59.80,21.10,892.10
2026-07-17T12:54:17,4.13,25631,3219.00,3366.00,3245.50,17.22,61.43,21.42,892.03
2026-07-17T13:10:54,4.13,25631,3255.00,3283.00,3272.00,17.00,58.62,21.30,892.01
2026-07-17T13:27:32,4.13,25631,3129.00,3297.00,3237.50,17.76,56.85,21.57,892.08
2026-07-17T13:44:10,4.14,25631,3224.00,3273.00,3258.50,18.02,56.57,22.13,891.87
2026-07-17T14:00:47,4.14,25631,3137.00,3355.00,3270.50,18.11,59.25,22.17,892.00
2026-07-17T14:17:25,4.14,25631,3112.00,3318.00,3224.00,19.61,53.99,22.65,892.06
2026-07-17T14:34:03,4.13,25631,3107.00,3460.00,3258.00,18.36,55.89,22.66,892.02
2026-07-17T14:50:41,4.14,25631,3222.00,3291.00,3266.50,19.36,53.36,22.82,891.99
2026-07-17T15:07:18,4.14,25631,3114.00,3456.00,3272.50,18.44,56.16,22.92,891.99
2026-07-17T15:23:56,4.14,25631,3129.00,3342.00,3289.50,19.87,52.31,23.58,891.93
2026-07-17T15:40:33,4.14,25631,3095.00,3338.00,3185.50,20.06,54.03,24.19,891.86
2026-07-17T15:57:11,4.13,25631,3122.00,3331.00,3239.00,19.52,54.05,24.10,891.86
2026-07-17T16:13:49,4.14,25631,3178.00,3404.00,3252.50,20.56,50.28,24.66,891.66
2026-07-17T16:30:26,4.14,25631,3132.00,3335.00,3297.50,21.58,48.73,25.20,891.63
2026-07-17T16:47:04,4.14,25631,3235.00,3334.00,3285.00,19.83,53.11,24.69,891.51
2026-07-17T17:03:41,4.14,25631,3137.00,3348.00,3315.50,19.89,53.85,24.39,891.48
2026-07-17T17:20:19,4.14,25631,3250.00,3473.00,3321.00,20.97,50.43,24.14,891.59
2026-07-17T17:36:57,4.14,25631,3252.00,3319.00,3290.50,20.06,51.03,24.22,891.43
2026-07-17T17:53:34,4.14,25631,3275.00,3345.00,3302.00,21.95,47.48,24.35,891.44
2026-07-17T18:10:12,4.14,25631,3245.00,3332.00,3295.50,21.30,49.83,24.18,891.58
2026-07-17T18:26:49,4.14,25631,3150.00,3343.00,3314.50,21.02,51.89,24.19,891.63
2026-07-17T18:43:27,4.14,25631,3236.00,3324.00,3281.50,18.97,55.95,24.26,891.54
2026-07-17T19:00:05,4.14,25631,3130.00,3325.00,3259.00,19.10,55.06,24.91,891.58
2026-07-17T19:16:42,4.14,25631,3292.00,3336.00,3314.00,19.67,56.32,26.35,891.50
2026-07-17T19:33:20,3.92,25631,3261.00,3349.00,3303.50,19.87,56.64,27.52,891.38
2026-07-17T19:49:57,3.93,25631,3259.00,3309.00,3296.50,18.73,56.29,27.34,891.24
2026-07-17T20:06:34,3.93,25631,3259.00,3289.00,3272.00,18.84,57.09,27.01,891.48
2026-07-17T20:23:11,3.91,25631,3272.00,3296.00,3289.50,17.26,60.18,22.71,891.21
2026-07-17T20:39:49,3.91,25631,3272.00,3285.00,3278.50,15.06,67.42,18.12,891.54
2026-07-17T20:56:26,3.91,25631,3250.00,3274.00,3261.50,14.68,67.58,16.01,891.67
2026-07-17T21:13:03,3.90,25631,3186.00,3282.00,3258.50,14.75,66.38,14.78,891.77
2026-07-17T21:29:41,3.90,25631,3165.00,3232.00,3198.00,14.70,66.12,14.14,891.88
2026-07-17T21:46:18,3.90,25631,3250.00,3292.00,3267.50,15.40,63.08,14.17,891.90
2026-07-17T22:02:55,3.90,25631,3174.00,3254.00,3199.00,15.02,62.88,14.04,891.83
2026-07-17T22:19:33,3.90,25631,3208.00,3271.00,3263.50,14.59,64.50,13.53,891.81
2026-07-17T22:36:10,3.90,25631,3243.00,3273.00,3263.00,14.32,65.98,13.30,891.87
2026-07-17T22:52:48,3.90,25631,3175.00,3364.00,3237.50,14.06,65.89,13.03,891.86
2026-07-17T23:09:25,3.89,25631,3167.00,3361.00,3245.00,14.08,66.19,12.93,891.96
2026-07-17T23:26:02,3.89,25631,3189.00,3285.00,3231.50,14.08,67.06,12.88,891.98
2026-07-17T23:42:40,3.89,25631,3147.00,3249.00,3219.00,13.24,69.40,12.52,892.02
2026-07-17T23:59:17,3.89,25631,3170.00,3229.00,3200.50,13.03,71.33,12.20,892.11
2026-07-18T00:15:55,3.89,25631,3173.00,3213.00,3206.00,13.00,70.42,12.04,892.06
2026-07-18T00:32:32,3.89,25631,3133.00,3207.00,3196.50,13.14,70.28,11.96,892.17
2026-07-18T00:49:10,3.89,25631,3228.00,3360.00,3250.50,13.03,70.56,11.83,892.24
2026-07-18T01:05:47,3.89,25631,3174.00,3233.00,3208.50,12.99,70.56,11.93,892.26
2026-07-18T01:22:25,3.89,25631,3141.00,3230.00,3209.00,13.00,70.41,11.98,892.28
2026-07-18T01:39:02,3.89,25631,3155.00,3247.00,3226.50,13.03,70.26,12.05,892.24
2026-07-18T01:55:40,3.89,25631,3159.00,3215.00,3192.50,12.85,72.16,11.98,892.23
2026-07-18T02:12:17,3.89,25631,3202.00,3245.00,3227.00,12.76,71.67,11.83,892.24
2026-07-18T02:28:54,3.89,25631,3205.00,3232.00,3215.50,12.81,71.55,11.80,892.18
2026-07-18T02:45:32,3.89,25631,3215.00,3238.00,3231.00,12.91,71.18,11.72,892.21
2026-07-18T03:02:09,3.89,25631,3197.00,3237.00,3215.50,12.86,70.55,11.78,892.28
2026-07-18T03:18:47,3.89,25631,3199.00,3230.00,3209.50,13.36,68.65,12.04,892.26
2026-07-18T03:35:24,3.89,25631,3136.00,3237.00,3178.50,13.71,66.04,12.20,892.22
2026-07-18T03:52:02,3.89,25631,3108.00,3248.00,3177.50,13.59,64.86,12.29,892.14
2026-07-18T04:08:39,3.89,25631,3098.00,3290.00,3170.50,14.26,63.06,12.79,892.16
2026-07-18T04:25:16,3.89,25631,3121.00,3212.00,3148.00,13.89,63.75,12.77,892.15
2026-07-18T04:41:54,3.89,25631,3129.00,3194.00,3171.00,13.89,63.74,12.69,892.20
2026-07-18T04:58:31,3.89,25631,3149.00,3406.00,3194.50,13.75,64.45,12.75,892.12
2026-07-18T05:15:09,3.89,25631,3143.00,3186.00,3161.00,14.30,62.98,13.11,892.09
2026-07-18T05:31:47,3.89,25631,3133.00,3241.00,3209.50,13.92,65.16,13.15,892.00
2026-07-18T05:48:24,3.89,25631,3134.00,3262.00,3204.50,14.45,64.32,13.17,892.02
2026-07-18T06:05:02,3.91,25631,3166.00,3293.00,3216.00,14.19,64.55,13.23,892.09
2026-07-18T06:21:40,3.91,25631,3143.00,3274.00,3206.00,14.57,63.18,13.48,892.07
2026-07-18T06:38:18,3.91,25631,3091.00,3260.00,3217.00,14.77,63.99,13.84,892.07
2026-07-18T06:54:56,4.12,25631,3151.00,3229.00,3211.50,15.06,63.10,15.68,892.10
2026-07-18T07:11:34,4.12,25631,3232.00,3296.00,3281.50,15.82,60.56,20.06,891.86
2026-07-18T07:28:12,4.12,25631,3244.00,3286.00,3263.50,15.77,59.84,17.68,892.08
2026-07-18T07:44:50,4.12,25631,3213.00,3325.00,3310.50,16.39,60.67,16.88,892.37
2026-07-18T08:01:28,4.14,25631,3215.00,3253.00,3240.50,18.26,57.16,26.11,892.58
2026-07-18T08:18:05,4.14,25631,3294.00,3341.00,3327.00,18.62,55.75,29.92,892.44
2026-07-18T08:34:43,4.14,25631,3317.00,3337.00,3322.50,19.21,52.70,31.55,892.26
2026-07-18T08:51:20,4.14,25631,3306.00,3337.00,3325.50,19.75,55.42,32.56,892.34
2026-07-18T09:07:58,4.14,25631,3231.00,3298.00,3267.00,21.48,51.54,33.37,892.42
2026-07-18T09:24:35,4.14,25631,3254.00,3355.00,3275.50,19.69,57.04,33.22,892.47
2026-07-18T09:41:12,4.14,25631,3284.00,3355.00,3313.00,19.49,55.78,33.32,892.22
2026-07-18T09:57:50,4.14,25631,3240.00,3305.00,3285.00,21.64,52.42,33.57,892.36
2026-07-18T10:14:27,4.14,25631,3239.00,3398.00,3280.00,21.37,49.27,33.66,892.26
2026-07-18T10:31:05,4.14,25631,3269.00,3467.00,3313.50,22.30,51.05,33.19,892.32
2026-07-18T10:47:42,4.14,25631,3226.00,3299.00,3251.00,23.23,49.00,32.15,892.34
2026-07-18T11:04:20,4.14,25631,3224.00,3316.00,3294.50,22.95,50.63,31.30,892.23
2026-07-18T11:20:57,4.14,25631,3207.00,3388.00,3248.00,22.71,49.92,29.19,892.24
2026-07-18T11:37:35,4.14,25631,3253.00,3327.00,3303.00,23.22,49.56,28.37,892.25
2026-07-18T11:54:12,4.14,25631,3243.00,3306.00,3284.00,23.88,46.45,28.13,892.21
2026-07-18T12:10:50,4.14,25631,3200.00,3321.00,3263.00,23.33,49.94,27.87,892.24
2026-07-18T12:27:27,4.14,25631,3197.00,3291.00,3230.00,24.94,43.57,28.24,892.17
2026-07-18T12:44:05,4.14,25631,3244.00,3708.00,3305.50,25.14,44.85,28.64,892.04
2026-07-18T13:00:42,4.14,25631,3163.00,3320.00,3265.00,25.31,44.65,28.75,892.05
2026-07-18T13:17:20,4.14,25631,3150.00,3293.00,3244.00,24.70,39.57,28.59,891.88
2026-07-18T13:33:57,4.14,25631,3196.00,4984.00,3318.50,24.49,43.09,28.50,891.83
2026-07-18T13:50:34,4.14,25631,3223.00,3322.00,3294.50,24.48,41.60,28.45,891.75
2026-07-18T14:07:12,4.14,25631,3211.00,3552.00,3243.50,24.84,40.53,28.57,891.77
2026-07-18T14:23:49,4.14,25631,3126.00,3243.00,3226.50,24.84,40.31,28.54,891.86
2026-07-18T14:40:27,4.14,25631,3194.00,3227.00,3211.00,24.74,38.18,28.62,891.74
2026-07-18T14:57:04,4.14,25631,3209.00,3259.00,3231.00,25.22,38.03,29.18,891.67
2026-07-18T15:13:42,4.14,25631,3108.00,3253.00,3221.50,26.79,35.66,30.02,891.60
2026-07-18T15:30:19,4.15,25631,3218.00,3242.00,3232.00,26.72,38.52,30.38,891.39
2026-07-18T15:46:56,4.15,25631,3217.00,3254.00,3231.50,26.51,36.54,30.90,891.15
2026-07-18T16:03:34,4.14,25631,3194.00,3282.00,3261.50,26.85,38.10,31.23,891.09
2026-07-18T16:20:11,4.15,25631,3221.00,3261.00,3246.50,25.70,38.81,31.24,891.01
2026-07-18T16:36:48,4.14,25631,3226.00,3249.00,3236.50,25.45,39.44,30.91,890.83
2026-07-18T16:53:26,4.14,25631,3249.00,3282.00,3269.50,25.35,40.33,30.32,890.63
2026-07-18T17:10:03,4.14,25631,3248.00,3275.00,3260.50,24.84,41.54,29.33,890.71
2026-07-18T17:26:41,4.14,25631,3250.00,3312.00,3286.50,25.00,40.70,29.09,890.63
2026-07-18T17:43:18,4.15,25631,3228.00,3275.00,3262.50,25.19,40.46,28.83,890.63
2026-07-18T17:59:56,4.14,25631,3236.00,3271.00,3255.50,25.04,39.25,28.75,890.50
2026-07-18T18:16:33,4.14,25631,3238.00,3312.00,3282.50,25.38,38.19,28.36,890.42
2026-07-18T18:33:11,4.14,25631,3241.00,3264.00,3250.50,25.10,39.69,27.77,890.48
2026-07-18T18:49:48,4.14,25631,3246.00,3273.00,3259.00,24.84,39.28,27.90,890.47
2026-07-18T19:06:25,4.14,25631,3236.00,3253.00,3244.50,24.42,40.72,28.67,890.42
2026-07-18T19:23:03,4.14,25631,3230.00,3247.00,3241.00,23.97,40.26,29.06,890.25
2026-07-18T19:39:40,3.93,25631,3227.00,3245.00,3240.00,23.85,40.36,28.77,890.23
2026-07-18T19:56:18,3.93,25631,3237.00,3247.00,3241.50,23.51,41.29,28.50,890.31
2026-07-18T20:12:55,3.93,25631,3081.00,3241.00,3226.50,23.56,39.65,28.49,890.18
2026-07-18T20:29:32,3.91,25631,3201.00,3217.00,3211.00,20.99,44.60,23.62,890.16
2026-07-18T20:46:09,3.91,25631,3045.00,3210.00,3058.00,20.28,46.37,21.33,890.27
2026-07-18T21:02:46,3.91,25631,3041.00,3205.00,3190.00,20.23,45.98,20.30,890.37
2026-07-18T21:19:23,3.91,25631,3084.00,3201.00,3186.00,20.65,45.32,19.82,890.48
2026-07-18T21:36:00,3.91,25631,3058.00,3197.00,3190.50,20.58,45.31,19.56,890.52
2026-07-18T21:52:37,3.91,25631,3045.00,3204.00,3190.00,20.20,46.47,19.33,890.48
2026-07-18T22:09:15,3.90,25631,3051.00,3191.00,3180.50,20.18,46.26,19.20,890.43
2026-07-18T22:25:52,3.90,25631,3051.00,3201.00,3194.00,19.97,46.80,19.04,890.39
2026-07-18T22:42:29,3.91,25631,3040.00,3194.00,3126.50,20.04,46.44,18.93,890.35
2026-07-18T22:59:06,3.91,25631,3075.00,3205.00,3186.00,20.31,45.81,19.04,890.44
2026-07-18T23:15:43,3.91,25631,3061.00,3196.00,3177.00,20.32,45.84,19.18,890.46
2026-07-18T23:32:20,3.91,25631,3045.00,3191.00,3061.50,20.06,47.37,18.89,890.46
2026-07-18T23:48:58,3.91,25631,3036.00,3188.00,3070.50,19.89,47.56,18.72,890.50
2026-07-19T00:05:35,3.91,25631,3045.00,3198.00,3065.00,19.44,48.59,18.47,890.51
2026-07-19T00:22:12,3.90,25631,3028.00,3092.00,3052.00,19.45,48.67,18.32,890.42
2026-07-19T00:38:49,3.90,25631,3039.00,3080.00,3056.00,19.32,49.10,18.20,890.38
2026-07-19T00:55:26,3.91,25631,3042.00,3084.00,3066.00,19.28,48.88,18.11,890.33
2026-07-19T01:12:04,3.91,25631,3044.00,3074.00,3051.50,18.93,49.51,17.93,890.37
2026-07-19T01:28:41,3.90,25631,3042.00,3080.00,3052.50,19.00,49.55,17.88,890.31
2026-07-19T01:45:18,3.91,25631,3038.00,3073.00,3056.50,18.72,50.37,17.68,890.33
2026-07-19T02:01:55,3.90,25631,3045.00,3078.00,3073.50,18.35,51.27,17.42,890.30
2026-07-19T02:18:33,3.90,25631,3042.00,3071.00,3060.50,18.97,49.60,17.60,890.28
2026-07-19T02:35:10,3.90,25631,3040.00,3075.00,3060.00,18.57,50.83,17.51,890.13
2026-07-19T02:51:47,3.90,25631,3062.00,3089.00,3078.50,18.96,49.44,17.63,890.04
2026-07-19T03:08:24,3.90,25631,3050.00,3077.00,3066.00,19.18,48.92,17.71,890.03
2026-07-19T03:25:01,3.90,25631,3061.00,3346.00,3079.50,18.42,52.23,17.44,890.06
2026-07-19T03:41:39,3.90,25631,3041.00,3081.00,3063.00,18.26,51.82,17.19,890.01
2026-07-19T03:58:16,3.89,25631,3060.00,3077.00,3068.00,18.74,50.44,17.27,889.94
2026-07-19T04:14:53,3.90,25631,3062.00,3083.00,3078.00,18.01,52.00,17.14,889.79
2026-07-19T04:31:30,3.89,25631,3068.00,3210.00,3074.50,18.29,49.65,17.15,889.80
2026-07-19T04:48:08,3.90,25631,3032.00,3079.00,3052.00,18.72,47.49,17.34,889.78
2026-07-19T05:04:45,3.90,25631,3053.00,3241.00,3064.50,18.44,47.21,17.58,889.69
2026-07-19T05:21:23,3.91,25631,3043.00,3185.00,3078.50,17.81,50.19,17.42,889.58
2026-07-19T05:38:00,3.91,25631,3070.00,3301.00,3085.50,18.12,49.33,17.43,889.65
2026-07-19T05:54:38,3.91,25631,3066.00,3090.00,3077.00,18.14,49.36,17.48,889.68
2026-07-19T06:11:16,4.13,25631,3058.00,3082.00,3068.00,18.18,48.52,17.58,889.68
2026-07-19T06:27:54,4.12,25631,3038.00,3084.00,3072.00,18.45,48.32,17.82,889.78
2026-07-19T06:44:32,4.13,25631,3053.00,3091.00,3078.50,18.36,49.46,18.07,889.82
2026-07-19T07:01:10,4.12,25631,3059.00,3084.00,3064.50,19.59,46.65,19.30,889.98
2026-07-19T07:17:47,4.13,25631,3093.00,3117.00,3102.50,19.28,49.15,21.40,889.74
2026-07-19T07:34:25,4.13,25631,3047.00,3099.00,3091.50,19.52,50.13,20.98,889.84
2026-07-19T07:51:03,4.13,25631,3072.00,3097.00,3081.50,19.98,48.26,23.45,890.32
2026-07-19T08:07:40,4.14,25631,3073.00,3108.00,3089.00,20.76,46.67,29.49,890.01
2026-07-19T08:24:18,4.14,25631,3095.00,3298.00,3113.00,21.26,50.02,31.78,889.86
2026-07-19T08:40:55,4.14,25631,3099.00,3318.00,3220.50,21.66,48.45,33.24,889.81
2026-07-19T08:57:33,4.14,25631,3136.00,3318.00,3284.50,22.19,48.03,34.10,889.76
2026-07-19T09:14:10,4.15,25631,3129.00,3316.00,3261.50,22.30,48.03,34.77,889.78
2026-07-19T09:30:47,4.15,25631,3140.00,3305.00,3287.00,23.40,45.74,35.37,889.80
2026-07-19T09:47:25,4.15,25631,3101.00,3308.00,3275.50,23.38,49.13,35.69,889.74
2026-07-19T10:04:02,4.15,25631,3141.00,3335.00,3309.00,23.95,47.32,35.66,889.80
2026-07-19T10:20:39,4.15,25631,3082.00,3279.00,3119.50,24.09,45.72,35.34,889.72
2026-07-19T10:37:17,4.14,25631,3116.00,3319.00,3205.50,24.15,44.14,34.24,889.64
2026-07-19T10:53:54,4.14,25631,3143.00,3416.00,3318.00,23.42,48.25,32.02,889.58
2026-07-19T11:10:31,4.14,25631,3120.00,3319.00,3126.00,23.87,45.56,30.70,889.58
2026-07-19T11:27:09,4.14,25631,3101.00,3324.00,3134.00,23.16,44.87,29.31,889.58
2026-07-19T11:43:46,4.14,25631,3120.00,3335.00,3258.50,24.71,43.29,29.21,889.57
2026-07-19T12:00:24,4.14,25631,3125.00,3329.00,3189.50,25.28,40.17,29.49,889.56
2026-07-19T12:17:01,4.14,25631,3118.00,3319.00,3141.50,25.11,40.43,29.22,889.63
2026-07-19T12:33:39,4.14,25631,3139.00,3314.00,3219.00,25.06,43.56,29.28,889.55
2026-07-19T12:50:16,4.15,25631,3120.00,3317.00,3255.50,26.39,37.94,29.79,889.66
2026-07-19T13:06:54,4.14,25631,3225.00,3741.00,3293.00,26.56,39.26,30.22,889.63
2026-07-19T13:23:31,4.14,25631,3125.00,3327.00,3225.50,25.72,38.50,30.27,889.58
2026-07-19T13:40:08,4.14,25631,3104.00,3256.00,3167.00,27.11,35.69,30.59,889.57
2026-07-19T13:56:46,4.15,25631,3176.00,3301.00,3260.00,26.51,40.64,30.85,889.62
2026-07-19T14:13:23,4.14,25631,3218.00,3321.00,3263.50,25.58,39.59,30.70,889.47
2026-07-19T14:30:00,4.14,25631,3220.00,3268.00,3260.50,24.95,40.88,30.12,889.27
2026-07-19T14:46:38,4.14,25631,3123.00,3276.00,3252.50,24.91,40.33,29.60,889.47
2026-07-19T15:03:15,4.14,25631,3237.00,3451.00,3341.00,25.79,39.03,29.87,889.59
2026-07-19T15:19:53,4.14,25631,3220.00,3269.00,3250.00,25.55,44.63,30.21,889.53
2026-07-19T15:36:30,4.14,25631,3131.00,3318.00,3182.00,27.13,36.70,30.78,889.39
2026-07-19T15:53:07,4.14,25631,3094.00,3302.00,3130.00,26.31,41.33,31.26,889.37
2026-07-19T16:09:45,4.14,25631,3109.00,3287.00,3259.50,25.83,40.46,31.17,889.29
2026-07-19T16:26:22,4.14,25631,3102.00,3305.00,3200.00,26.49,39.76,30.98,889.28
2026-07-19T16:42:59,4.14,25631,3116.00,3340.00,3300.00,26.18,40.94,30.80,889.02
2026-07-19T16:59:37,4.14,25631,3142.00,3295.00,3285.00,25.56,40.91,30.41,889.07
2026-07-19T17:16:14,4.14,25631,3125.00,3311.00,3271.50,26.45,42.78,30.17,889.11
2026-07-19T17:32:52,4.14,25631,3112.00,3281.00,3262.00,25.34,45.43,30.03,889.09
2026-07-19T17:49:29,4.14,25631,3254.00,3267.00,3261.00,24.40,45.82,28.97,888.84
2026-07-19T18:06:06,4.14,25631,3201.00,3276.00,3237.00,24.01,46.44,27.89,889.05
2026-07-19T18:22:44,4.14,25631,3165.00,3336.00,3286.50,24.09,46.86,27.68,889.01
2026-07-19T18:39:21,4.14,25631,3246.00,3287.00,3264.50,23.68,47.91,27.55,888.99
2026-07-19T18:55:59,4.14,25631,3128.00,3286.00,3279.00,23.20,49.27,28.06,888.98
2026-07-19T19:12:36,4.03,25631,3134.00,3281.00,3277.00,22.83,51.28,28.80,888.94
2026-07-19T19:29:14,3.92,25631,3083.00,3270.00,3121.50,22.33,51.42,28.63,888.84
2026-07-19T19:45:51,3.93,25631,3101.00,3275.00,3269.00,21.92,51.01,28.31,888.69
2026-07-19T20:02:28,4.02,25631,3089.00,3266.00,3110.00,21.54,52.99,27.50,888.89
2026-07-19T20:19:05,3.92,25631,3078.00,3105.00,3093.00,20.25,55.04,24.58,888.66
2026-07-19T20:35:43,3.91,25631,3062.00,3114.00,3093.00,19.03,59.07,21.08,888.77
2026-07-19T20:52:20,3.91,25631,3067.00,3085.00,3072.00,18.77,60.09,19.31,888.95
2026-07-19T21:08:57,3.91,25631,3062.00,3078.00,3070.50,18.62,60.49,18.39,889.06
2026-07-19T21:25:34,3.91,25631,3066.00,3097.00,3084.50,18.34,61.45,17.84,889.10
2026-07-19T21:42:11,3.90,25631,3058.00,3081.00,3072.00,17.94,63.05,17.41,889.12
2026-07-19T21:58:48,3.90,25631,3059.00,3087.00,3071.00,17.86,63.95,17.11,889.17
2026-07-19T22:15:26,3.90,25631,3054.00,3096.00,3071.00,17.67,64.97,16.94,889.07
2026-07-19T22:32:03,3.90,25631,3053.00,3295.00,3070.00,17.40,65.92,16.45,889.07
2026-07-19T22:48:40,3.90,25631,3053.00,3092.00,3067.50,17.15,65.80,16.29,889.01
2026-07-19T23:05:17,3.90,25631,3060.00,3295.00,3081.00,16.85,66.96,15.98,888.97
2026-07-19T23:21:55,3.90,25631,3054.00,3294.00,3070.50,16.52,66.61,15.70,888.92
2026-07-19T23:38:32,3.90,25631,3024.00,3071.00,3055.00,16.25,66.16,15.45,888.84
2026-07-19T23:55:09,3.89,25631,3066.00,3447.00,3076.00,16.46,65.45,15.38,888.84
2026-07-20T00:11:47,3.91,25631,3053.00,3082.00,3067.50,16.56,65.33,15.50,888.84
2026-07-20T00:28:24,3.90,25631,3053.00,3177.00,3072.00,16.42,63.79,15.44,888.89
2026-07-20T00:45:01,3.90,25631,3055.00,3090.00,3061.50,16.67,61.91,15.43,888.85
2026-07-20T01:01:39,3.89,25631,3052.00,3091.00,3063.50,16.23,63.25,15.35,888.77
2026-07-20T01:18:16,3.90,25631,3042.00,3165.00,3065.00,16.20,62.32,15.17,888.76
2026-07-20T01:34:53,3.90,25631,3039.00,3063.00,3057.50,16.08,62.22,15.00,888.68
2026-07-20T01:51:30,3.90,25631,3046.00,3079.00,3061.50,15.61,63.21,14.73,888.56
2026-07-20T02:08:08,3.89,25631,3043.00,3075.00,3058.50,15.30,62.84,14.40,888.43
2026-07-20T02:24:45,3.89,25631,3039.00,3092.00,3054.50,14.74,64.26,13.85,888.31
2026-07-20T02:41:23,3.89,25631,3030.00,3170.00,3056.00,14.43,67.32,13.58,888.26
2026-07-20T02:58:00,3.89,25631,3039.00,3078.00,3061.50,14.23,66.84,13.39,888.26
2026-07-20T03:14:37,3.89,25631,3039.00,3080.00,3058.00,14.87,63.99,13.50,888.35
2026-07-20T03:31:15,3.89,25631,3029.00,3066.00,3053.50,14.79,60.41,13.57,888.26
2026-07-20T03:47:52,3.89,25631,3043.00,3073.00,3058.00,14.56,59.25,13.38,888.28
2026-07-20T04:04:29,3.89,25631,3030.00,3164.00,3050.00,14.68,58.87,13.30,888.27
2026-07-20T04:21:07,3.89,25631,3032.00,3078.00,3058.50,14.17,63.20,13.09,888.27
2026-07-20T04:37:44,3.89,25631,3042.00,3076.00,3063.00,13.69,67.07,12.80,888.34
2026-07-20T04:54:21,3.89,25631,3028.00,3074.00,3051.50,13.27,66.92,12.54,888.35
2026-07-20T05:10:59,3.89,25631,3035.00,3156.00,3063.50,13.75,69.02,12.51,888.41
2026-07-20T05:27:37,3.90,25631,3031.00,3168.00,3057.50,13.03,71.94,12.45,888.38
2026-07-20T05:44:15,3.89,25631,3055.00,3181.00,3071.00,12.72,72.69,12.22,888.40
2026-07-20T06:00:52,3.89,25631,3031.00,3191.00,3061.50,13.37,71.35,12.42,888.44
2026-07-20T06:17:30,3.91,25631,3033.00,3078.00,3049.50,13.31,70.36,12.50,888.51
2026-07-20T06:34:08,3.91,25631,3070.00,3361.00,3087.50,13.83,64.45,12.75,888.55
2026-07-20T06:50:46,4.12,25631,3036.00,3083.00,3055.00,13.88,60.67,13.10,888.65
2026-07-20T07:07:24,4.12,25631,3056.00,3210.00,3074.50,15.44,60.33,16.46,889.28
2026-07-20T07:24:02,4.12,25631,3068.00,3352.00,3092.50,14.52,59.86,16.96,888.55
2026-07-20T07:40:40,4.12,25631,3052.00,3071.00,3061.50,15.02,55.87,15.50,888.41
2026-07-20T07:57:17,4.13,25631,3051.00,3090.00,3072.50,16.33,58.43,22.77,888.81
2026-07-20T08:13:55,4.14,25631,3068.00,3232.00,3094.00,17.83,56.45,27.87,888.60
2026-07-20T08:30:33,4.14,25631,3121.00,3355.00,3146.00,18.72,53.48,29.94,888.45
2026-07-20T08:47:10,4.14,25631,3114.00,3136.00,3124.50,18.69,51.13,30.61,888.38
2026-07-20T09:03:48,4.14,25631,3112.00,3318.00,3124.00,19.42,50.76,31.44,888.49
2026-07-20T09:20:25,4.09,25631,3095.00,3280.00,3128.00,19.72,47.89,31.97,888.43
2026-07-20T09:37:03,4.14,25631,3108.00,3162.00,3128.50,18.32,49.03,32.78,888.25
2026-07-20T09:53:40,4.14,25631,3111.00,3314.00,3129.50,19.27,53.82,32.87,888.30
2026-07-20T10:10:17,4.14,25631,3138.00,3341.00,3160.00,19.03,50.13,32.79,888.21
2026-07-20T10:26:55,4.14,25631,3109.00,3290.00,3224.50,20.27,44.66,31.38,888.19
2026-07-20T10:43:32,4.14,25631,3128.00,3335.00,3148.50,20.75,41.20,30.46,888.35
2026-07-20T11:00:10,4.14,25631,3137.00,3265.00,3229.00,21.20,35.71,29.67,888.39
2026-07-20T11:16:47,4.14,25631,3120.00,3308.00,3248.50,20.14,40.73,27.59,888.12
2026-07-20T11:33:25,4.14,25631,3135.00,3321.00,3234.50,19.93,41.48,25.79,888.16
2026-07-20T11:50:02,4.14,25631,3095.00,3256.00,3129.50,20.41,33.11,25.62,888.13
2026-07-20T12:06:40,4.14,25631,3098.00,3293.00,3132.50,21.45,34.91,25.63,888.23
2026-07-20T12:23:18,4.13,25631,3104.00,3326.00,3154.00,22.21,38.54,25.99,888.19
2026-07-20T12:39:55,4.14,25631,3119.00,3329.00,3251.00,22.32,38.21,26.01,888.19
2026-07-20T12:56:33,4.14,25631,3114.00,3307.00,3241.50,21.83,36.15,26.07,888.17
2026-07-20T13:13:10,4.14,25631,3223.00,3298.00,3244.00,22.23,37.30,26.08,888.10
2026-07-20T13:29:48,4.14,25631,3140.00,3283.00,3259.00,23.53,36.72,26.62,888.20
2026-07-20T13:46:25,4.14,25631,3114.00,3259.00,3238.00,23.68,39.91,27.02,888.05
2026-07-20T14:03:03,4.14,25631,3221.00,3280.00,3233.00,22.47,34.05,26.81,887.94
2026-07-20T14:19:40,4.14,25631,3133.00,3272.00,3258.50,23.71,31.19,27.10,887.96
2026-07-20T14:36:18,4.14,25631,3118.00,3286.00,3261.00,23.16,31.60,27.41,887.94
2026-07-20T14:52:55,4.14,25631,3243.00,3286.00,3270.50,23.49,37.78,27.55,887.95
2026-07-20T15:09:33,4.12,25631,3247.00,3288.00,3273.00,23.70,35.50,27.93,887.83
2026-07-20T15:26:10,4.14,25631,3228.00,3286.00,3248.50,22.65,37.37,27.91,887.68
2026-07-20T15:42:47,4.14,25631,3204.00,3287.00,3250.00,24.09,30.46,28.11,887.73
2026-07-20T15:59:25,4.14,25631,3148.00,3329.00,3242.50,23.45,34.92,28.29,887.69
2026-07-20T16:16:02,4.14,25631,3233.00,3258.00,3243.00,23.40,35.41,27.92,887.64
2026-07-20T16:32:40,4.14,25631,3110.00,3313.00,3280.50,23.61,34.73,28.36,887.44
2026-07-20T16:49:17,4.14,25631,3199.00,3271.00,3249.50,24.49,31.20,28.43,887.40
2026-07-20T17:05:55,4.14,25631,3225.00,3285.00,3266.00,23.11,34.76,28.05,887.31
2026-07-20T17:22:32,4.14,25631,3226.00,3309.00,3275.00,22.64,33.81,27.15,887.23
2026-07-20T17:39:10,4.11,25631,3173.00,3285.00,3258.00,22.27,36.63,26.82,887.12
2026-07-20T17:55:47,4.14,25631,3277.00,3297.00,3284.50,23.24,34.92,26.97,887.13
2026-07-20T18:12:25,4.14,25631,3238.00,3279.00,3263.50,22.92,36.41,26.53,887.09
2026-07-20T18:29:02,4.14,25631,3261.00,3286.00,3272.00,21.89,37.16,25.77,887.02
2026-07-20T18:45:40,4.14,25631,3217.00,3300.00,3255.50,21.48,37.79,25.93,887.07
2026-07-20T19:02:17,4.14,25631,3248.00,3300.00,3287.00,21.14,38.75,26.38,887.08
2026-07-20T19:18:54,4.15,25631,3280.00,3298.00,3292.00,21.61,40.56,27.53,887.05
2026-07-20T19:35:32,3.93,25631,3290.00,3307.00,3297.00,20.99,41.73,28.46,886.86
2026-07-20T19:52:09,3.93,25631,3090.00,3303.00,3290.50,20.31,42.94,28.10,886.86
2026-07-20T20:08:46,3.91,25631,3120.00,3300.00,3293.00,19.00,44.46,24.85,886.59
2026-07-20T20:25:24,3.91,25631,3058.00,3087.00,3069.50,17.57,45.94,20.24,886.88
2026-07-20T20:42:01,3.90,25631,3063.00,3152.00,3098.00,16.88,48.35,18.02,887.05
2026-07-20T20:58:38,3.90,25631,3035.00,3150.00,3055.00,16.73,47.93,16.76,887.05
2026-07-20T21:15:15,3.89,25631,3043.00,3259.00,3062.50,16.30,54.30,15.94,887.09
2026-07-20T21:31:52,3.90,25631,3051.00,3072.00,3062.00,16.09,52.19,15.52,887.13
2026-07-20T21:48:30,3.89,25631,3044.00,3073.00,3054.00,15.80,54.61,15.06,887.16
2026-07-20T22:05:07,3.89,25631,3019.00,3169.00,3053.50,15.74,52.11,14.89,887.18
2026-07-20T22:21:44,3.89,25631,3036.00,3068.00,3052.50,16.05,53.21,14.83,887.11
2026-07-20T22:38:22,3.89,25631,3039.00,3136.00,3049.00,15.54,55.54,14.61,887.14
2026-07-20T22:54:59,3.90,25631,3039.00,3071.00,3053.00,15.19,56.80,14.35,887.14
2026-07-20T23:11:36,3.89,25631,3029.00,3161.00,3044.00,15.29,54.17,14.27,887.05
2026-07-20T23:28:14,3.89,25631,3037.00,3063.00,3052.50,15.26,54.47,14.14,887.08
2026-07-20T23:44:51,3.89,25631,3034.00,3068.00,3052.50,14.98,54.57,14.03,887.00
2026-07-21T00:01:28,3.89,25631,3039.00,3066.00,3047.50,15.00,53.66,13.93,886.93
2026-07-21T00:18:06,3.89,25631,3042.00,3061.00,3054.50,14.72,54.34,13.78,886.89
2026-07-21T00:34:43,3.89,25631,3036.00,3062.00,3055.50,14.64,53.85,13.70,886.79
2026-07-21T00:51:20,3.89,25631,3046.00,3164.00,3067.50,14.81,52.68,13.70,886.73
2026-07-21T01:07:58,3.89,25631,3037.00,3066.00,3049.50,14.65,52.87,13.58,886.69
2026-07-21T01:24:35,3.89,25631,3032.00,3082.00,3045.00,14.67,55.95,13.51,886.67
2026-07-21T01:41:12,3.87,25631,3038.00,3177.00,3055.00,14.16,56.80,13.41,886.64
2026-07-21T01:57:50,3.89,25631,3043.00,3064.00,3052.00,14.06,56.56,13.29,886.69
2026-07-21T02:14:27,3.88,25631,3050.00,3156.00,3088.50,14.01,58.90,13.23,886.63
2026-07-21T02:31:04,3.89,25631,3038.00,3067.00,3049.50,14.33,58.16,13.17,886.57
2026-07-21T02:47:42,3.89,25631,3037.00,3160.00,3056.50,14.14,58.27,13.15,886.46
2026-07-21T03:04:19,3.89,25631,3027.00,3129.00,3043.50,14.14,56.92,13.20,886.40
2026-07-21T03:20:57,3.89,25631,3034.00,3080.00,3056.50,14.38,56.44,13.27,886.38
2026-07-21T03:37:34,3.89,25631,3041.00,3068.00,3054.00,14.10,57.82,13.33,886.27
2026-07-21T03:54:11,3.89,25631,3036.00,3127.00,3057.50,13.94,57.51,13.15,886.23
2026-07-21T04:10:49,3.89,25631,3026.00,3065.00,3048.00,13.79,58.29,13.13,886.21
2026-07-21T04:27:26,3.89,25631,3025.00,3070.00,3045.00,13.72,58.45,13.09,886.12
2026-07-21T04:44:03,3.89,25631,3027.00,3060.00,3046.00,13.64,58.04,13.02,886.17
2026-07-21T05:00:41,3.89,25631,3033.00,3067.00,3054.50,13.99,57.00,13.15,886.12
2026-07-21T05:17:18,3.89,25631,3035.00,3069.00,3052.00,13.95,57.67,13.28,886.06
2026-07-21T05:33:56,3.89,25631,3037.00,3061.00,3048.00,14.06,57.22,13.40,886.13
2026-07-21T05:50:34,3.89,25631,3025.00,3101.00,3047.50,13.95,58.44,13.52,886.21
2026-07-21T06:07:11,3.90,25631,3031.00,3061.00,3042.00,14.09,56.36,13.74,886.17
2026-07-21T06:23:49,3.91,25631,3036.00,3078.00,3052.00,14.43,57.08,14.29,886.00
2026-07-21T06:40:27,4.12,25631,3036.00,3087.00,3063.00,14.37,59.94,14.65,885.90
2026-07-21T06:57:05,4.12,25631,3033.00,3195.00,3163.00,14.37,56.72,14.84,885.85
2026-07-21T07:13:43,4.12,25631,3088.00,3183.00,3166.50,14.30,59.87,15.10,885.89
2026-07-21T07:30:21,4.12,25631,3065.00,3193.00,3138.50,14.93,56.28,15.38,885.87
2026-07-21T07:46:59,4.13,25631,3146.00,3201.00,3178.50,15.53,52.98,16.07,885.86
2026-07-21T08:03:37,4.12,25631,3085.00,3292.00,3280.00,15.94,53.96,16.81,885.82
2026-07-21T08:20:14,4.12,25631,3176.00,3332.00,3251.00,15.92,66.79,17.80,885.82
2026-07-21T08:36:52,4.13,25631,3193.00,3323.00,3288.00,16.70,61.95,18.98,885.81
2026-07-21T08:53:30,4.12,25631,3284.00,3314.00,3296.50,17.15,52.27,20.64,885.79
2026-07-21T09:10:08,4.13,25631,3221.00,3295.00,3267.00,17.47,55.25,21.99,885.69
2026-07-21T09:26:46,4.13,25631,3214.00,3283.00,3227.00,18.84,49.21,26.75,885.73
2026-07-21T09:43:23,4.14,25631,3212.00,3325.00,3277.00,19.58,55.18,27.79,885.33
2026-07-21T10:00:01,4.14,25631,3224.00,3284.00,3256.50,19.97,48.62,29.13,885.55
2026-07-21T10:16:38,4.14,25631,3233.00,3326.00,3259.50,19.20,50.37,30.11,885.03
2026-07-21T10:33:16,4.14,25631,3103.00,3307.00,3268.00,18.80,49.23,28.12,885.24
2026-07-21T10:49:53,4.14,25631,3093.00,3300.00,3242.50,19.38,50.83,27.35,885.23
2026-07-21T11:06:31,4.14,25631,3249.00,3336.00,3288.50,20.01,47.56,27.84,885.13
2026-07-21T11:23:08,4.14,25631,3085.00,3359.00,3252.00,19.82,52.88,26.33,885.01
2026-07-21T11:39:46,4.13,25631,3235.00,3320.00,3279.00,20.27,51.66,25.32,885.04
2026-07-21T11:56:23,4.14,25631,3081.00,3302.00,3236.50,19.92,49.75,24.66,885.06
2026-07-21T12:13:01,4.13,25631,3214.00,3334.00,3259.00,20.07,53.14,24.89,884.97
2026-07-21T12:29:39,4.14,25631,3220.00,3435.00,3248.00,20.61,50.44,25.02,885.09
2026-07-21T12:46:16,4.14,25631,3154.00,3357.00,3286.50,20.37,50.69,25.14,885.09
2026-07-21T13:02:54,4.13,25631,3233.00,3295.00,3253.50,19.59,50.50,23.46,885.23
2026-07-21T13:19:31,4.14,25631,3140.00,3292.00,3267.00,19.80,52.30,24.15,884.93
2026-07-21T13:36:09,4.13,25631,3191.00,4984.00,3312.50,20.86,48.32,24.79,884.92
2026-07-21T13:52:47,4.13,25631,3192.00,3310.00,3244.00,19.86,55.43,24.55,884.90
2026-07-21T14:09:24,4.14,25631,3126.00,3294.00,3273.00,20.53,51.26,24.86,884.89
2026-07-21T14:26:02,4.14,25631,3214.00,3283.00,3243.00,20.38,51.31,25.15,884.70
2026-07-21T14:42:39,4.14,25631,3172.00,3294.00,3210.50,20.89,53.96,25.34,884.74
2026-07-21T14:59:17,4.14,25631,3212.00,3277.00,3252.50,20.64,48.66,25.51,884.64
2026-07-21T15:15:55,4.14,25631,3085.00,3283.00,3260.50,20.56,50.08,25.36,884.77
2026-07-21T15:32:32,4.14,25631,3097.00,3607.00,3217.00,19.58,54.01,25.15,884.76
2026-07-21T15:49:10,4.14,25631,3186.00,3472.00,3237.50,19.34,53.93,24.85,884.64
2026-07-21T16:05:47,4.14,25631,3151.00,3270.00,3242.50,19.31,54.29,24.80,884.59
2026-07-21T16:22:25,4.14,25631,3107.00,3337.00,3261.50,18.94,55.37,24.19,884.51
2026-07-21T16:39:02,4.14,25631,3138.00,3258.00,3238.50,19.21,53.76,24.44,884.54
2026-07-21T16:55:40,4.13,25631,3127.00,3338.00,3253.50,18.94,55.14,24.68,884.46
2026-07-21T17:12:18,4.13,25631,3220.00,3332.00,3251.50,18.34,55.57,23.49,884.42
2026-07-21T17:28:55,3.91,25631,3117.00,3237.00,3228.50,16.55,60.49,19.85,884.38
2026-07-21T17:45:33,4.13,25631,3081.00,3269.00,3188.50,18.07,56.22,20.90,884.56
2026-07-21T18:02:11,4.14,25631,3230.00,3483.00,3248.50,17.94,56.05,21.27,884.53
2026-07-21T18:18:49,4.13,25631,3155.00,3412.00,3233.50,17.54,57.34,20.89,884.45
2026-07-21T18:35:26,4.14,25631,3089.00,3445.00,3193.00,17.05,58.20,20.46,884.59
2026-07-21T18:52:04,4.02,25631,3086.00,3243.00,3212.00,15.47,63.28,18.92,884.78
2026-07-21T19:08:42,3.91,25631,3221.00,3322.00,3244.00,15.55,61.53,18.54,884.44
2026-07-21T19:25:19,3.91,25631,3079.00,3189.00,3086.00,14.89,63.17,16.77,884.55
2026-07-21T19:41:57,3.90,25631,3077.00,3226.00,3209.50,14.13,68.09,15.71,884.74
2026-07-21T19:58:35,3.90,25631,3082.00,3096.00,3088.00,14.59,66.07,16.72,884.66
2026-07-21T20:15:12,3.91,25631,3077.00,3092.00,3080.50,13.79,68.47,15.21,884.73
2026-07-21T20:31:50,3.90,25631,3069.00,3097.00,3081.50,12.99,73.77,14.11,884.87
2026-07-21T20:48:27,3.90,25631,3071.00,3084.00,3078.50,12.52,76.00,13.18,885.08
2026-07-21T21:05:05,3.89,25631,3078.00,3088.00,3081.00,12.16,77.79,12.44,885.08
2026-07-21T21:21:42,3.90,25631,3079.00,3090.00,3086.00,11.86,79.00,11.81,885.09
2026-07-21T21:38:20,3.89,25631,3070.00,3083.00,3078.50,11.59,80.12,11.42,885.09
2026-07-21T21:54:57,3.89,25631,3071.00,3091.00,3081.50,11.50,80.63,11.15,884.99
2026-07-21T22:11:34,3.89,25631,3071.00,3089.00,3082.00,11.54,80.32,10.98,884.83
2026-07-21T22:28:12,3.89,25631,3065.00,3085.00,3077.00,11.21,81.67,10.78,884.66
2026-07-21T22:44:49,3.89,25631,3077.00,3087.00,3081.00,11.48,80.94,10.83,884.57
2026-07-21T23:01:27,3.89,25631,3072.00,3092.00,3081.00,11.41,81.22,10.94,884.68
2026-07-21T23:18:04,3.89,25631,3078.00,3098.00,3088.50,11.55,80.77,11.26,884.56
2026-07-21T23:34:42,3.89,25631,3076.00,3090.00,3082.00,11.45,81.73,11.35,884.23
2026-07-21T23:51:19,3.89,25631,3075.00,3095.00,3083.00,11.18,82.90,11.19,884.31
2026-07-22T00:07:57,3.88,25631,3066.00,3087.00,3077.00,11.35,81.51,11.21,884.23
2026-07-22T00:24:34,3.89,25631,3073.00,3087.00,3083.00,11.11,82.72,11.09,884.13
2026-07-22T00:41:12,3.89,25631,3073.00,3086.00,3081.50,10.93,83.49,10.86,884.09
2026-07-22T00:57:49,3.89,25631,3072.00,3086.00,3078.00,10.81,84.00,10.65,884.09
2026-07-22T01:14:27,3.89,25631,3072.00,3087.00,3078.00,10.79,84.73,10.72,883.98
2026-07-22T01:31:04,3.89,25631,3074.00,3087.00,3081.00,10.86,84.43,10.86,883.87
2026-07-22T01:47:41,3.89,25631,3068.00,3092.00,3078.50,10.77,84.94,10.90,883.78
2026-07-22T02:04:19,3.89,25631,3074.00,3092.00,3083.00,10.60,86.38,10.86,883.62
2026-07-22T02:20:56,3.89,25631,3078.00,3090.00,3081.50,10.48,85.99,10.76,883.55
2026-07-22T02:37:34,3.89,25631,3077.00,3091.00,3082.00,10.38,87.04,10.69,883.46
2026-07-22T02:54:11,3.89,25631,3080.00,3090.00,3085.50,10.31,87.30,10.61,883.27
2026-07-22T03:10:49,3.89,25631,3079.00,3090.00,3082.50,10.01,88.37,10.38,883.09
2026-07-22T03:27:26,3.89,25631,3074.00,3091.00,3082.00,9.84,89.46,10.21,882.94
2026-07-22T03:44:04,3.89,25631,3077.00,3091.00,3085.00,9.60,90.55,10.00,882.87
2026-07-22T04:00:41,3.89,25631,3070.00,3093.00,3080.50,9.60,90.91,9.92,882.82
2026-07-22T04:17:19,3.89,25631,3080.00,3251.00,3085.50,9.46,92.10,9.79,882.62
2026-07-22T04:33:56,3.89,25631,3071.00,3097.00,3086.00,9.39,92.76,9.60,882.52
2026-07-22T04:50:34,3.89,25631,3079.00,3098.00,3087.00,9.28,93.91,9.46,882.42
2026-07-22T05:07:11,3.89,25631,3118.00,3278.00,3190.00,9.25,94.39,9.41,882.45
2026-07-22T05:23:49,3.89,25631,3072.00,3188.00,3143.00,9.39,93.83,9.42,882.30
2026-07-22T05:40:27,3.89,25631,3177.00,3194.00,3182.50,9.40,93.33,9.48,882.23
2026-07-22T05:57:04,3.89,25631,3136.00,3272.00,3153.00,9.21,94.52,9.56,882.12
2026-07-22T06:13:42,3.89,25631,3186.00,3207.00,3196.50,9.26,94.21,9.60,882.13
2026-07-22T06:30:20,3.90,25631,3139.00,3251.00,3164.50,9.25,93.73,9.73,882.18
2026-07-22T06:46:58,3.91,25631,3145.00,3191.00,3164.00,9.42,93.33,9.97,882.14
2026-07-22T07:03:36,4.12,25631,3148.00,3170.00,3154.00,9.40,91.86,10.13,881.98
2026-07-22T07:20:14,3.90,25631,3155.00,3177.00,3167.50,9.57,91.86,10.30,882.05
2026-07-22T07:36:53,3.90,25631,3149.00,3175.00,3157.00,9.28,92.09,10.20,881.96
2026-07-22T07:53:31,3.91,25631,3157.00,3169.00,3164.50,9.08,92.98,9.99,882.01
2026-07-22T08:10:09,3.90,25631,3149.00,3183.00,3172.50,9.05,92.75,9.97,881.90
2026-07-22T08:26:47,3.90,25631,3151.00,3175.00,3168.00,8.97,93.09,9.89,881.89
2026-07-22T08:43:25,3.90,25631,3137.00,3170.00,3160.00,8.83,93.72,9.77,881.88
2026-07-22T09:00:03,3.89,25631,3149.00,3255.00,3225.00,8.49,94.31,9.40,881.74
2026-07-22T09:16:41,3.89,25631,3153.00,3262.00,3171.00,8.48,94.88,9.16,881.74
2026-07-22T09:33:19,3.90,25631,3157.00,3205.00,3178.00,8.49,94.75,9.05,881.73
2026-07-22T09:49:58,4.11,25631,3065.00,3208.00,3091.00,8.61,94.90,9.15,881.58
2026-07-22T10:06:36,4.12,25631,3067.00,3236.00,3097.50,8.66,94.61,9.30,881.57
2026-07-22T10:23:14,4.12,25631,3074.00,3244.00,3084.00,8.85,94.44,9.56,881.68
2026-07-22T10:39:52,4.12,25631,3047.00,3087.00,3074.50,9.04,94.34,9.79,881.66
2026-07-22T10:56:30,4.12,25631,3069.00,3123.00,3084.00,9.55,93.38,10.42,881.77
2026-07-22T11:13:08,4.12,25631,3132.00,3251.00,3228.00,10.28,88.94,11.41,881.69
2026-07-22T11:29:46,4.12,25631,3136.00,3194.00,3164.00,10.49,89.87,11.91,881.79
2026-07-22T11:46:24,4.12,25631,3109.00,3155.00,3124.00,10.48,90.29,12.64,881.70
2026-07-22T12:03:03,4.13,25631,3108.00,3195.00,3119.50,10.66,87.29,13.38,881.64
2026-07-22T12:19:41,4.12,25631,3098.00,3120.00,3107.50,10.73,91.43,14.13,881.63
2026-07-22T12:36:19,4.12,25631,3131.00,3282.00,3149.00,10.37,90.10,13.62,881.36
2026-07-22T12:52:57,4.12,25631,3059.00,3237.00,3071.00,10.22,92.65,13.15,881.50
2026-07-22T13:09:35,4.12,25631,3247.00,3268.00,3256.00,10.08,91.15,12.66,881.42
2026-07-22T13:26:13,4.12,25631,3144.00,3264.00,3258.00,10.24,89.79,12.64,881.55
2026-07-22T13:42:51,4.12,25631,3123.00,3265.00,3249.00,10.70,90.06,13.24,881.30
2026-07-22T13:59:29,4.11,25631,3188.00,3262.00,3237.50,9.79,91.50,12.48,881.21
2026-07-22T14:16:07,4.12,25631,3095.00,3249.00,3223.50,10.29,90.51,12.86,881.13
2026-07-22T14:32:45,4.12,25631,3081.00,3238.00,3221.50,9.93,92.12,12.51,881.24
2026-07-22T14:49:23,4.12,25631,3092.00,3233.00,3150.50,10.73,91.31,13.05,881.52
2026-07-22T15:06:01,4.12,25631,3204.00,3256.00,3236.00,11.20,86.90,14.49,880.94
2026-07-22T15:22:39,4.12,25631,3079.00,3116.00,3091.00,10.52,90.49,14.02,881.03
2026-07-22T15:39:17,4.12,25631,3090.00,3330.00,3103.00,10.67,86.25,14.02,881.00
2026-07-22T15:55:55,4.12,25631,3087.00,3337.00,3304.50,10.45,88.79,13.32,880.84
2026-07-22T16:12:33,4.12,25631,3204.00,3337.00,3327.00,10.08,87.82,12.47,880.83
2026-07-22T16:29:11,4.11,25631,3100.00,3325.00,3134.50,10.07,88.99,11.80,880.94
2026-07-22T16:45:49,4.12,25631,3091.00,3319.00,3122.00,10.21,88.26,11.73,880.96
2026-07-22T17:02:27,4.12,25631,3196.00,3328.00,3262.50,10.25,88.58,11.79,880.84
2026-07-22T17:19:06,4.12,25631,3101.00,3313.00,3112.00,9.82,88.59,11.44,880.82
2026-07-22T17:35:44,4.12,25631,3106.00,3289.00,3125.00,10.20,88.94,11.68,880.97
2026-07-22T17:52:22,3.89,25631,3098.00,3261.00,3117.50,10.17,82.93,11.45,880.84
2026-07-22T18:09:00,3.91,25631,3117.00,3271.00,3206.00,10.04,85.31,11.13,880.77
2026-07-22T18:25:38,3.90,25631,3096.00,3145.00,3116.50,9.79,89.22,10.93,880.73
2026-07-22T18:42:16,4.01,25631,3133.00,3316.00,3151.00,9.43,88.43,10.76,880.63
2026-07-22T18:58:54,3.90,25631,3151.00,3316.00,3301.50,9.29,86.51,10.25,880.40
2026-07-22T19:15:32,3.90,25631,3271.00,3314.00,3303.00,8.73,89.81,9.73,880.39
2026-07-22T19:32:10,3.90,25631,3142.00,3298.00,3287.50,9.01,86.69,9.56,880.22
2026-07-22T19:48:47,3.89,25631,3105.00,3301.00,3141.50,9.01,86.81,9.40,880.19
2026-07-22T20:05:25,3.89,25631,3134.00,3303.00,3140.50,8.43,89.86,9.08,880.23
2026-07-22T20:22:03,3.89,25631,3300.00,3319.00,3311.00,8.61,87.97,8.90,880.17
2026-07-22T20:38:41,3.89,25631,3298.00,3308.00,3301.00,8.54,88.58,8.73,880.02
2026-07-22T20:55:18,3.90,25631,3123.00,3310.00,3141.00,8.43,87.48,8.49,880.02
2026-07-22T21:11:56,3.89,25631,3122.00,3156.00,3133.00,8.31,88.94,8.33,879.94
2026-07-22T21:28:33,3.89,25631,3138.00,3301.00,3291.00,8.15,89.89,8.15,879.89
2026-07-22T21:45:11,3.89,25631,3117.00,3305.00,3131.50,7.84,92.39,7.93,879.90
2026-07-22T22:01:49,3.89,25631,3300.00,3309.00,3305.00,7.67,93.59,7.80,879.89
2026-07-22T22:18:26,3.89,25631,3166.00,3311.00,3302.50,7.62,94.05,7.71,879.79
2026-07-22T22:35:04,3.89,25631,3168.00,3305.00,3177.00,7.62,93.50,7.63,879.74
2026-07-22T22:51:41,3.89,25631,3167.00,3302.00,3301.00,7.52,92.91,7.53,879.64
2026-07-22T23:08:19,3.89,25631,3298.00,3306.00,3303.00,7.63,93.55,7.61,879.60
2026-07-22T23:24:57,3.89,25631,3176.00,3308.00,3305.00,7.53,93.95,7.61,879.58
2026-07-22T23:41:34,3.89,25631,3167.00,3306.00,3302.00,7.52,94.35,7.61,879.53
2026-07-22T23:58:12,3.89,25631,3301.00,3308.00,3304.50,7.46,94.17,7.59,879.41
2026-07-23T00:14:50,3.89,25631,3153.00,3312.00,3305.00,7.43,94.58,7.57,879.41
2026-07-23T00:31:27,3.87,25631,3135.00,3321.00,3220.50,7.36,95.48,7.54,879.35
2026-07-23T00:48:05,3.89,25631,3136.00,3309.00,3208.50,7.19,95.89,7.44,879.34
2026-07-23T01:04:42,3.89,25631,3165.00,3209.00,3179.50,7.18,96.11,7.34,879.18
2026-07-23T01:21:20,3.89,25631,3146.00,3179.00,3169.50,7.01,96.18,7.24,879.13
2026-07-23T01:37:58,3.88,25631,3165.00,3206.00,3177.50,6.90,96.26,7.10,879.08
2026-07-23T01:54:35,3.89,25631,3244.00,3258.00,3254.00,6.81,96.31,7.00,879.01
2026-07-23T02:11:13,3.89,25631,3258.00,3269.00,3264.00,6.83,96.29,6.95,879.02
2026-07-23T02:27:50,3.89,25631,3070.00,3199.00,3075.00,6.83,95.92,6.91,879.01
2026-07-23T02:44:28,3.89,25631,3046.00,3060.00,3049.50,6.80,96.07,6.89,878.95
2026-07-23T03:01:06,3.89,25631,3046.00,3057.00,3052.50,6.79,96.07,6.84,878.78
2026-07-23T03:17:43,3.89,25631,3048.00,3054.00,3050.50,6.81,95.21,6.79,878.75
2026-07-23T03:34:21,3.89,25631,3044.00,3058.00,3050.00,6.87,94.75,6.80,878.62
2026-07-23T03:50:59,3.89,25631,3042.00,3057.00,3053.00,6.83,94.86,6.80,878.63
2026-07-23T04:07:36,3.89,25631,3043.00,3061.00,3056.00,6.81,94.58,6.80,878.45
2026-07-23T04:24:14,3.89,25631,3048.00,3065.00,3054.00,6.95,93.50,6.81,878.52
2026-07-23T04:40:51,3.88,25631,3049.00,3063.00,3053.00,6.97,94.00,6.84,878.58
2026-07-23T04:57:29,3.89,25631,3051.00,3062.00,3055.00,6.88,94.20,6.85,878.58
2026-07-23T05:14:07,3.89,25631,3049.00,3066.00,3055.00,6.94,95.58,6.98,878.69
2026-07-23T05:30:44,3.89,25631,3046.00,3065.00,3056.00,7.15,94.77,7.12,878.65
2026-07-23T05:47:22,3.89,25631,3049.00,3059.00,3053.00,7.38,93.83,7.41,878.59
2026-07-23T06:04:00,3.90,25631,3049.00,3068.00,3059.00,7.71,93.48,7.88,878.52
2026-07-23T06:20:38,3.89,25631,3053.00,3070.00,3062.00,7.95,93.82,8.12,878.51
2026-07-23T06:37:17,3.90,25631,3039.00,3071.00,3058.50,8.16,93.46,8.47,878.45
2026-07-23T06:53:55,3.97,25631,3060.00,3251.00,3183.00,8.18,92.53,8.60,878.52
2026-07-23T07:10:33,3.99,25631,3102.00,3243.00,3126.50,7.93,92.36,8.41,878.56
2026-07-23T07:27:11,3.91,25631,3246.00,3390.00,3253.50,8.02,91.89,8.49,878.50
2026-07-23T07:43:49,4.12,25631,3059.00,3073.00,3067.50,8.02,92.46,8.71,878.58
2026-07-23T08:00:27,4.11,25631,3056.00,3066.00,3061.00,8.18,91.82,8.90,878.60
2026-07-23T08:17:05,4.12,25631,3065.00,3078.00,3069.50,8.14,92.17,9.01,878.63
2026-07-23T08:33:43,4.11,25631,3061.00,3072.00,3066.00,8.08,93.71,8.89,878.74
2026-07-23T08:50:22,4.12,25631,3058.00,3080.00,3073.00,8.11,93.62,8.94,878.83
2026-07-23T09:07:00,4.12,25631,3057.00,3069.00,3061.50,8.29,93.85,9.32,878.88
2026-07-23T09:23:38,4.12,25631,3053.00,3075.00,3065.00,8.46,93.03,9.61,878.79
2026-07-23T09:40:16,4.12,25631,3045.00,3061.00,3054.50,8.31,94.18,9.45,878.82
2026-07-23T09:56:54,4.12,25631,3062.00,3068.00,3065.50,9.05,94.43,10.08,878.87
2026-07-23T10:13:33,4.12,25631,3058.00,3069.00,3062.00,9.03,91.07,10.49,878.83
2026-07-23T10:30:11,4.12,25631,3051.00,3069.00,3060.50,8.87,93.38,10.59,878.87
2026-07-23T10:46:49,4.12,25631,3063.00,3085.00,3070.50,8.81,93.85,10.79,878.86
2026-07-23T11:03:27,4.12,25631,3063.00,3075.00,3068.00,9.14,92.17,11.33,878.96
2026-07-23T11:20:05,4.12,25631,3063.00,3075.00,3066.00,9.21,92.35,11.65,878.91
2026-07-23T11:36:43,4.12,25631,3059.00,3070.00,3064.50,9.28,93.31,11.59,879.00
2026-07-23T11:53:21,4.12,25631,3064.00,3079.00,3071.00,9.34,91.64,11.46,878.99
2026-07-23T12:09:59,4.12,25631,3060.00,3072.00,3065.00,9.10,90.85,11.19,879.07
2026-07-23T12:26:37,4.12,25631,3053.00,3072.00,3065.50,9.24,90.05,11.37,879.12
2026-07-23T12:43:16,4.12,25631,3060.00,3078.00,3071.50,9.40,93.49,11.30,879.20
2026-07-23T12:59:54,4.12,25631,3050.00,3074.00,3065.50,8.88,93.53,10.88,879.21
2026-07-23T13:16:32,4.12,25631,3055.00,3067.00,3062.00,8.64,93.11,10.41,879.24
2026-07-23T13:33:10,3.91,25631,3057.00,3066.00,3062.00,8.46,94.73,9.72,879.44
2026-07-23T13:49:48,4.11,25631,3058.00,3066.00,3061.50,8.70,93.06,10.07,879.59
2026-07-23T14:06:26,4.12,25631,3058.00,3069.00,3062.50,9.14,90.37,10.90,879.62
2026-07-23T14:23:04,4.12,25631,3061.00,3066.00,3062.50,9.42,85.69,11.40,879.51
2026-07-23T14:39:42,4.12,25631,3063.00,3072.00,3067.50,10.52,80.16,12.52,879.45
2026-07-23T14:56:21,4.12,25631,3064.00,3095.00,3080.00,10.94,88.40,12.97,879.59
2026-07-23T15:12:59,4.12,25631,3063.00,3084.00,3070.00,9.87,86.54,12.60,879.56
2026-07-23T15:29:37,4.12,25631,3069.00,3097.00,3080.00,10.42,87.06,12.84,879.66
2026-07-23T15:46:15,4.12,25631,3072.00,3084.00,3081.00,10.34,88.79,13.51,879.63
2026-07-23T16:02:53,4.12,25631,3069.00,3080.00,3076.00,10.52,88.28,13.73,879.63
2026-07-23T16:19:31,4.12,25631,3077.00,3089.00,3080.50,10.52,89.96,13.43,879.53
2026-07-23T16:36:09,4.12,25631,3065.00,3077.00,3070.50,10.34,88.95,13.10,879.41
2026-07-23T16:52:47,4.12,25631,3065.00,3088.00,3072.00,9.66,91.43,12.08,879.54
2026-07-23T17:09:25,4.12,25631,3060.00,3077.00,3062.50,9.14,93.14,11.24,879.61
2026-07-23T17:26:03,4.12,25631,3054.00,3070.00,3062.00,8.94,93.38,10.71,879.55
2026-07-23T17:42:41,3.91,25631,3060.00,3081.00,3065.50,8.59,91.53,10.24,879.44
2026-07-23T17:59:19,3.89,25631,3057.00,3070.00,3063.50,8.46,93.49,9.49,879.43
2026-07-23T18:15:58,3.89,25631,3048.00,3065.00,3059.00,8.73,94.05,9.41,879.41
2026-07-23T18:32:35,3.89,25631,3057.00,3069.00,3063.00,8.80,92.28,9.30,879.36
2026-07-23T18:49:13,3.89,25631,3043.00,3072.00,3062.00,8.54,93.74,9.11,879.38
2026-07-23T19:05:51,3.90,25631,3051.00,3062.00,3055.00,8.35,94.15,8.97,879.28
2026-07-23T19:22:29,3.89,25631,3033.00,3051.00,3044.50,8.09,93.56,8.59,879.19
2026-07-23T19:39:07,3.89,25631,3042.00,3056.00,3045.00,7.94,94.18,8.35,879.20
2026-07-23T19:55:45,3.90,25631,3025.00,3046.00,3040.00,7.91,94.32,8.20,879.11
2026-07-23T20:12:23,3.89,25631,3045.00,3051.00,3046.00,7.84,94.41,8.06,879.06
2026-07-23T20:29:00,3.89,25631,3034.00,3058.00,3045.50,7.76,94.12,7.97,878.88
2026-07-23T20:45:38,3.88,25631,3035.00,3056.00,3042.00,7.77,92.83,7.81,878.79
2026-07-23T21:02:15,3.89,25631,3036.00,3054.00,3047.00,7.70,93.24,7.66,878.88
2026-07-23T21:18:53,3.89,25631,3033.00,3049.00,3042.50,7.55,93.83,7.55,878.84
2026-07-23T21:35:31,3.89,25631,3030.00,3057.00,3043.00,7.62,93.31,7.50,878.83
2026-07-23T21:52:08,3.89,25631,3039.00,3058.00,3046.00,7.52,93.96,7.44,878.74
2026-07-23T22:08:46,3.89,25631,3040.00,3050.00,3043.50,7.42,94.48,7.39,878.77
2026-07-23T22:25:24,3.89,25631,3040.00,3052.00,3043.50,7.38,95.07,7.37,878.89
2026-07-23T22:42:01,3.89,25631,3040.00,3049.00,3046.00,7.30,95.77,7.35,878.81
2026-07-23T22:58:39,3.89,25631,3027.00,3047.00,3036.00,7.42,95.34,7.34,878.62
2026-07-23T23:15:16,3.89,25631,3048.00,3060.00,3054.50,7.47,93.03,7.30,878.48
2026-07-23T23:31:54,3.89,25631,3055.00,3071.00,3063.50,7.28,93.32,7.17,878.48
2026-07-23T23:48:32,3.89,25631,3045.00,3073.00,3062.00,7.12,93.71,7.03,878.61
2026-07-24T00:05:09,3.89,25631,3049.00,3085.00,3058.50,7.12,94.26,6.98,878.77
2026-07-24T00:21:47,3.89,25631,3088.00,3109.00,3095.50,7.04,95.42,7.00,878.99
2026-07-24T00:38:25,3.89,25631,3067.00,3089.00,3077.50,7.09,96.33,7.04,879.30
2026-07-24T00:55:02,3.89,25631,3061.00,3081.00,3071.50,7.09,96.58,7.12,879.41
2026-07-24T01:11:40,3.89,25631,3058.00,3078.00,3065.00,7.05,96.80,7.14,879.55
2026-07-24T01:28:17,3.89,25631,3046.00,3074.00,3061.00,6.77,96.85,7.01,879.58
2026-07-24T01:44:55,3.89,25631,3044.00,3066.00,3058.50,6.64,96.62,6.83,879.61
2026-07-24T02:01:33,3.89,25631,3047.00,3065.00,3060.50,6.69,96.59,6.77,879.75
2026-07-24T02:18:10,3.89,25631,3047.00,3059.00,3052.50,6.63,96.54,6.72,879.81
2026-07-24T02:34:48,3.89,25631,3045.00,3055.00,3048.00,6.54,96.05,6.54,879.84
2026-07-24T02:51:25,3.89,25631,3049.00,3057.00,3053.00,6.35,96.21,6.36,879.77
2026-07-24T03:08:03,3.89,25631,3043.00,3053.00,3048.50,6.23,96.26,5.98,879.90
2026-07-24T03:24:41,3.89,25631,3045.00,3059.00,3051.00,6.57,96.71,6.32,879.90
2026-07-24T03:41:18,3.89,25631,3049.00,3065.00,3055.00,6.44,96.92,6.46,879.99
2026-07-24T03:57:56,3.89,25631,3041.00,3061.00,3049.00,6.36,97.06,6.42,879.96
2026-07-24T04:14:34,3.89,25631,3046.00,3052.00,3049.50,6.05,97.10,6.26,879.88
2026-07-24T04:31:11,3.88,25631,3041.00,3050.00,3045.00,5.74,97.19,5.72,879.93
2026-07-24T04:47:49,3.88,25631,3032.00,3046.00,3041.00,5.51,97.16,5.40,879.88
2026-07-24T05:04:27,3.89,25631,3035.00,3042.00,3038.50,5.18,96.92,5.13,880.04
2026-07-24T05:21:05,3.89,25631,3039.00,3050.00,3045.50,5.61,96.68,5.51,880.09
2026-07-24T05:37:43,3.89,25631,3042.00,3053.00,3046.00,5.84,95.63,5.80,880.11
2026-07-24T05:54:21,3.90,25631,3046.00,3054.00,3049.00,6.16,94.97,6.27,880.07
2026-07-24T06:10:59,4.12,25631,3048.00,3058.00,3051.00,6.30,93.75,6.64,879.95
2026-07-24T06:27:38,4.12,25631,3044.00,3055.00,3050.50,6.84,91.32,7.25,880.09
2026-07-24T06:44:16,4.11,25631,3051.00,3064.00,3058.50,7.18,90.29,7.65,880.08
2026-07-24T07:00:54,3.90,25631,3050.00,3061.00,3057.00,7.05,89.63,7.56,880.10
2026-07-24T07:17:32,4.12,25631,3040.00,3053.00,3044.50,6.83,91.55,7.31,880.14
2026-07-24T07:34:11,4.11,25631,3048.00,3053.00,3050.00,6.95,91.91,7.65,880.11
2026-07-24T07:50:49,4.12,25631,3042.00,3053.00,3052.00,6.98,91.95,7.85,880.16
2026-07-24T08:07:27,4.12,25631,3044.00,3053.00,3050.50,6.92,92.95,7.93,880.24
2026-07-24T08:24:05,4.11,25631,3042.00,3258.00,3063.00,7.16,90.42,8.18,880.12
2026-07-24T08:40:44,4.12,25631,3047.00,3069.00,3057.00,7.35,92.39,8.37,880.20
2026-07-24T08:57:22,4.12,25631,3052.00,3078.00,3065.00,7.30,90.70,8.52,880.19
2026-07-24T09:14:00,4.12,25631,3073.00,3403.00,3229.50,7.46,90.97,9.16,880.19
2026-07-24T09:30:38,4.12,25631,3214.00,3270.00,3232.50,8.52,92.77,10.99,880.26
2026-07-24T09:47:16,4.12,25631,3231.00,3301.00,3272.50,8.25,89.91,11.95,880.06
2026-07-24T10:03:55,4.12,25631,3287.00,3319.00,3313.00,7.88,93.85,10.92,880.31
2026-07-24T10:20:33,4.12,25631,3309.00,3327.00,3316.50,7.99,90.60,11.05,880.34
2026-07-24T10:37:11,4.12,25631,3136.00,3272.00,3233.50,9.34,81.75,12.73,880.17
2026-07-24T10:53:49,4.12,25631,3207.00,3326.00,3217.50,8.29,92.16,11.53,880.18
2026-07-24T11:10:27,4.11,25631,3315.00,3326.00,3321.50,7.39,94.23,9.61,880.57
2026-07-24T11:27:05,4.11,25631,3056.00,3347.00,3072.00,6.97,94.92,8.81,880.97
2026-07-24T11:43:44,4.12,25631,3034.00,3093.00,3065.50,7.73,95.22,10.16,881.10
2026-07-24T12:00:22,4.12,25631,3058.00,3085.00,3079.00,9.04,88.24,11.79,880.99
2026-07-24T12:17:00,4.12,25631,3055.00,3462.00,3080.50,8.74,86.16,12.17,881.02
2026-07-24T12:33:38,4.12,25631,3058.00,3256.00,3082.00,7.97,87.75,11.03,881.15
2026-07-24T12:50:16,4.12,25631,3053.00,3332.00,3073.50,7.76,94.59,9.84,881.42
2026-07-24T13:06:54,4.12,25631,3084.00,3336.00,3222.00,7.91,94.55,9.77,881.37
2026-07-24T13:23:32,4.12,25631,3066.00,3226.00,3217.50,8.25,92.38,10.24,881.56
2026-07-24T13:40:10,4.12,25631,3067.00,3291.00,3230.50,9.66,86.36,12.46,881.47
2026-07-24T13:56:48,4.12,25631,3251.00,3654.00,3285.50,9.82,87.26,13.40,881.32
2026-07-24T14:13:27,4.12,25631,3269.00,3514.00,3320.00,8.83,87.48,12.17,881.42
2026-07-24T14:30:05,4.12,25631,3082.00,3386.00,3318.00,8.36,88.00,11.12,881.51
2026-07-24T14:46:43,4.12,25631,3059.00,3386.00,3086.50,8.85,89.70,11.09,881.88
2026-07-24T15:03:21,4.12,25631,3065.00,3105.00,3081.00,9.73,84.47,11.87,881.71
2026-07-24T15:19:59,4.12,25631,3053.00,3098.00,3083.00,10.00,76.86,12.75,881.78
2026-07-24T15:36:37,4.13,25631,3066.00,3313.00,3188.50,11.63,75.51,15.24,881.53
2026-07-24T15:53:15,4.13,25631,3111.00,3295.00,3270.50,9.79,85.54,14.13,881.79
2026-07-24T16:09:53,4.12,25631,3090.00,3312.00,3125.00,9.46,82.62,13.20,881.70
2026-07-24T16:26:31,4.12,25631,3092.00,3335.00,3145.50,11.70,74.17,16.19,881.74
2026-07-24T16:43:09,4.12,25631,3095.00,3291.00,3234.00,10.25,80.45,14.95,881.62
2026-07-24T16:59:47,4.12,25631,3085.00,3098.00,3091.50,8.81,81.95,12.38,881.84
2026-07-24T17:16:25,4.12,25631,3081.00,3098.00,3087.50,8.53,85.47,11.13,881.95
2026-07-24T17:33:03,4.12,25631,3079.00,3097.00,3090.00,8.54,81.33,10.53,882.09
2026-07-24T17:49:41,4.12,25631,3088.00,3104.00,3095.00,8.29,82.95,10.10,882.01
2026-07-24T18:06:20,4.11,25631,3086.00,3101.00,3094.50,8.14,84.30,9.63,882.05
2026-07-24T18:22:58,3.89,25631,3083.00,3098.00,3090.50,7.87,83.20,9.06,882.15
2026-07-24T18:39:36,3.89,25631,3077.00,3102.00,3090.50,7.53,85.73,8.57,882.25
2026-07-24T18:56:14,3.89,25631,3087.00,3101.00,3092.50,7.35,86.91,8.14,882.39
2026-07-24T19:12:51,3.89,25631,3071.00,3098.00,3078.50,6.84,89.78,7.42,882.47
2026-07-24T19:29:29,3.89,25631,3055.00,3073.00,3065.50,6.71,89.78,7.09,882.48
2026-07-24T19:46:07,3.89,25631,3055.00,3075.00,3060.00,6.54,90.62,7.02,882.57
2026-07-24T20:02:45,3.89,25631,3030.00,3072.00,3059.50,6.33,91.67,6.71,882.63
2026-07-24T20:19:23,3.89,25631,3053.00,3073.00,3067.00,6.21,92.39,6.46,882.78
2026-07-24T20:36:01,3.89,25631,3053.00,3068.00,3061.50,6.15,91.55,6.26,882.94
2026-07-24T20:52:38,3.89,25631,3041.00,3074.00,3068.00,5.99,91.74,6.06,883.08
2026-07-24T21:09:16,3.89,25631,3039.00,3078.00,3065.00,5.90,91.83,5.94,883.20
2026-07-24T21:25:53,3.89,25631,3055.00,3159.00,3110.50,5.98,90.33,5.85,883.37
2026-07-24T21:42:31,3.89,25631,3046.00,3194.00,3068.50,5.83,91.94,5.75,883.37
2026-07-24T21:59:09,3.89,25631,3051.00,3075.00,3061.50,5.88,91.76,5.69,883.44
2026-07-24T22:15:46,3.89,25631,3048.00,3141.00,3066.50,5.79,92.47,5.65,883.35
2026-07-24T22:32:24,3.89,25631,3057.00,3076.00,3070.50,5.75,93.73,5.64,883.37
2026-07-24T22:49:02,3.89,25631,3047.00,3075.00,3070.00,5.67,94.59,5.66,883.34
2026-07-24T23:05:39,3.88,25631,3062.00,3081.00,3070.00,5.60,94.01,5.61,883.41
2026-07-24T23:22:17,3.88,25631,3062.00,3083.00,3076.00,5.50,93.81,5.51,883.48
2026-07-24T23:38:55,3.89,25631,3054.00,3077.00,3063.00,5.30,94.92,5.40,883.49
2026-07-24T23:55:32,3.89,25631,3052.00,3068.00,3060.00,5.39,93.71,5.32,883.45
2026-07-25T00:12:10,3.89,25631,3057.00,3069.00,3066.50,5.39,93.13,5.26,883.51
2026-07-25T00:28:48,3.89,25631,3049.00,3071.00,3063.00,5.33,93.85,5.24,883.62
2026-07-25T00:45:26,3.88,25631,3049.00,3068.00,3060.00,5.25,93.89,5.17,883.66
2026-07-25T01:02:03,3.88,25631,3056.00,3072.00,3063.50,5.29,93.03,5.14,883.78
2026-07-25T01:18:41,3.88,25631,3055.00,3071.00,3064.00,5.26,93.21,5.14,883.87
2026-07-25T01:35:19,3.88,25631,3060.00,3069.00,3064.50,5.19,93.89,5.11,883.91
2026-07-25T01:51:56,3.88,25631,3045.00,3060.00,3054.00,5.11,94.80,5.08,883.94
2026-07-25T02:08:34,3.88,25631,3049.00,3067.00,3060.00,5.02,95.33,5.05,883.93
2026-07-25T02:25:12,3.88,25631,3041.00,3058.00,3051.00,5.01,94.75,5.01,883.94
2026-07-25T02:41:49,3.87,25631,3055.00,3069.00,3062.50,4.89,94.50,4.85,883.83
2026-07-25T02:58:27,3.89,25631,3054.00,3066.00,3059.00,4.74,94.23,4.67,883.91
2026-07-25T03:15:05,3.88,25631,3055.00,3064.00,3058.00,4.74,94.39,4.61,883.97
2026-07-25T03:31:42,3.88,25631,3058.00,3069.00,3063.50,4.78,94.25,4.64,883.93
2026-07-25T03:48:20,3.88,25631,3062.00,3070.00,3065.50,4.78,94.00,4.65,884.01
2026-07-25T04:04:58,3.88,25631,3053.00,3068.00,3061.50,4.88,93.22,4.62,884.02
2026-07-25T04:21:35,3.88,25631,3056.00,3065.00,3062.00,5.01,92.37,4.70,884.08
2026-07-25T04:38:13,3.88,25631,3055.00,3062.00,3058.50,4.81,92.80,4.64,883.98
2026-07-25T04:54:51,3.88,25631,3058.00,3071.00,3061.50,4.53,93.17,4.36,884.02
2026-07-25T05:11:29,3.88,25631,3053.00,3062.00,3058.00,4.49,93.10,4.14,883.91
2026-07-25T05:28:07,3.88,25631,3052.00,3067.00,3061.50,4.75,92.18,4.28,883.88
2026-07-25T05:44:45,3.88,25631,3056.00,3072.00,3062.00,5.25,90.20,4.86,883.88
2026-07-25T06:01:23,3.99,25631,3057.00,3075.00,3066.50,5.30,89.23,5.27,883.83
2026-07-25T06:18:01,4.11,25631,3067.00,3084.00,3073.50,5.33,90.44,5.45,883.81
2026-07-25T06:34:40,4.11,25631,3066.00,3223.00,3094.00,5.68,90.43,6.13,883.80
2026-07-25T06:51:18,4.11,25631,3193.00,3232.00,3209.50,5.70,86.65,6.12,883.86
2026-07-25T07:07:56,4.12,25631,3212.00,3230.00,3223.00,6.49,84.66,7.31,883.82
2026-07-25T07:24:34,4.12,25631,3220.00,3235.00,3228.50,6.30,84.37,8.03,883.84
2026-07-25T07:41:13,4.11,25631,3215.00,3236.00,3225.50,7.23,80.96,9.41,884.04
2026-07-25T07:57:51,4.12,25631,3215.00,3262.00,3238.00,7.29,79.85,9.99,883.94
2026-07-25T08:14:29,4.12,25631,3236.00,3259.00,3247.00,7.94,77.63,11.30,883.86
2026-07-25T08:31:07,4.12,25631,3249.00,3273.00,3259.50,7.29,79.98,10.93,883.81
2026-07-25T08:47:45,4.12,25631,3117.00,3275.00,3263.00,7.43,80.28,11.35,883.79
2026-07-25T09:04:23,4.12,25631,3102.00,3360.00,3125.00,8.01,78.26,11.78,883.82
2026-07-25T09:21:02,4.12,25631,3098.00,3131.00,3116.50,7.83,77.35,11.92,883.71
2026-07-25T09:37:40,4.12,25631,3106.00,3386.00,3244.00,8.18,76.46,13.12,883.73
2026-07-25T09:54:18,4.12,25631,3097.00,3221.00,3123.50,7.45,81.84,10.62,883.89
2026-07-25T10:10:56,4.12,25631,3101.00,3126.00,3110.50,8.32,77.87,11.61,883.95
2026-07-25T10:27:34,4.12,25631,3105.00,3365.00,3126.50,8.67,78.24,13.29,883.92
2026-07-25T10:44:12,4.12,25631,3100.00,3127.00,3115.00,8.54,76.18,13.45,883.72
2026-07-25T11:00:50,4.12,25631,3098.00,3123.00,3110.50,8.28,77.64,11.96,883.73
2026-07-25T11:17:29,4.12,25631,3095.00,3660.00,3147.00,7.85,80.14,10.68,883.85
2026-07-25T11:34:07,4.11,25631,3100.00,3340.00,3254.00,7.81,87.21,10.13,884.04
2026-07-25T11:50:45,4.12,25631,3118.00,3366.00,3173.50,8.52,79.14,11.89,883.82
2026-07-25T12:07:23,4.12,25631,3096.00,3264.00,3122.50,10.48,71.77,13.88,883.79
2026-07-25T12:24:01,4.12,25631,3095.00,3276.00,3104.50,10.59,70.61,15.29,883.62
2026-07-25T12:40:39,4.12,25631,3081.00,3123.00,3110.00,9.07,75.71,13.14,883.52
2026-07-25T12:57:17,4.12,25631,3091.00,3115.00,3107.00,8.73,78.61,11.71,883.61
2026-07-25T13:13:55,4.12,25631,3082.00,3118.00,3107.00,9.45,73.45,12.69,883.52
2026-07-25T13:30:33,4.12,25631,3092.00,3414.00,3194.50,9.60,74.52,13.12,883.54
2026-07-25T13:47:11,4.12,25631,3085.00,3214.00,3111.00,9.62,69.45,12.86,883.44
2026-07-25T14:03:49,4.12,25631,3082.00,3240.00,3099.50,9.66,70.66,12.98,883.27
2026-07-25T14:20:27,4.12,25631,3080.00,3117.00,3101.00,9.32,70.34,12.49,883.14
2026-07-25T14:37:05,4.12,25631,3095.00,3113.00,3102.00,9.10,73.81,11.82,883.10
2026-07-25T14:53:44,4.12,25631,3089.00,3112.00,3104.00,8.49,82.15,10.52,883.17
2026-07-25T15:10:22,4.12,25631,3085.00,3303.00,3102.50,8.80,79.63,10.83,883.14
2026-07-25T15:27:00,4.12,25631,3091.00,3114.00,3103.50,8.69,77.84,11.27,882.91
2026-07-25T15:43:38,4.12,25631,3085.00,3108.00,3096.00,8.83,80.56,10.90,882.82
2026-07-25T16:00:16,4.12,25631,3085.00,3108.00,3098.00,8.76,79.76,10.53,882.75
2026-07-25T16:16:54,4.12,25631,3084.00,3103.00,3095.00,9.00,77.59,10.50,882.56
2026-07-25T16:33:33,4.12,25631,3084.00,3099.00,3094.00,8.71,75.55,10.41,882.42
2026-07-25T16:50:11,4.12,25631,3071.00,3104.00,3089.00,8.94,77.24,10.32,882.36
2026-07-25T17:06:49,3.89,25631,3086.00,3098.00,3090.00,8.88,77.58,10.25,882.14
2026-07-25T17:23:27,3.89,25631,3090.00,3109.00,3093.50,8.59,81.42,9.89,881.86
2026-07-25T17:40:05,4.12,25631,3090.00,3114.00,3101.50,8.33,83.83,9.48,881.73
2026-07-25T17:56:43,4.12,25631,3103.00,3122.00,3108.50,8.45,83.39,9.49,881.59
2026-07-25T18:13:21,4.11,25631,3093.00,3111.00,3105.00,8.41,83.90,9.51,881.48
2026-07-25T18:30:00,4.12,25631,3089.00,3114.00,3105.50,8.59,82.84,9.53,881.38
2026-07-25T18:46:38,3.87,25631,3096.00,3106.00,3101.00,8.53,85.28,9.24,881.25
2026-07-25T19:03:16,3.89,25631,3089.00,3107.00,3097.00,8.33,80.50,8.87,881.16
2026-07-25T19:19:54,3.89,25631,3086.00,3100.00,3092.00,7.97,85.41,8.45,881.12
2026-07-25T19:36:31,3.89,25631,3098.00,3111.00,3105.00,7.29,89.79,7.93,881.08
2026-07-25T19:53:09,3.89,25631,3122.00,3276.00,3269.00,7.16,88.01,7.50,880.97
2026-07-25T20:09:47,3.89,25631,3062.00,3083.00,3071.00,6.95,89.03,7.20,880.77
2026-07-25T20:26:24,3.89,25631,3043.00,3058.00,3051.00,6.66,90.52,6.92,880.81
2026-07-25T20:43:02,3.89,25631,3044.00,3059.00,3053.00,6.47,90.10,6.67,880.80
2026-07-25T20:59:40,3.88,25631,3038.00,3051.00,3042.00,6.28,89.54,6.45,880.51
2026-07-25T21:16:17,3.88,25631,3029.00,3050.00,3040.50,6.56,88.19,6.40,880.38
2026-07-25T21:32:55,3.88,25631,3029.00,3069.00,3052.50,6.64,89.60,6.43,880.21
2026-07-25T21:49:33,3.89,25631,3030.00,3063.00,3051.00,6.54,90.36,6.39,880.00
2026-07-25T22:06:10,3.89,25631,3033.00,3064.00,3053.50,6.50,90.40,6.38,879.92
2026-07-25T22:22:48,3.88,25631,3036.00,3063.00,3047.50,6.36,92.06,6.35,879.69
2026-07-25T22:39:25,3.89,25631,3036.00,3205.00,3052.00,6.37,89.54,6.27,879.48
2026-07-25T22:56:03,3.88,25631,3042.00,3051.00,3045.00,6.39,89.76,6.19,879.26
2026-07-25T23:12:41,3.88,25631,3032.00,3047.00,3039.50,6.37,90.64,6.15,879.04
2026-07-25T23:29:18,3.88,25631,3044.00,3066.00,3054.00,6.37,92.51,6.18,878.83
2026-07-25T23:45:56,3.88,25631,3022.00,3043.00,3039.00,6.39,92.54,6.18,878.47
2026-07-26T00:02:34,3.88,25631,3035.00,3051.00,3042.00,6.56,92.37,6.21,878.38
2026-07-26T00:19:11,3.88,25631,3042.00,3057.00,3048.50,6.79,92.14,6.36,878.38
2026-07-26T00:35:49,3.87,25631,3031.00,3056.00,3045.00,6.71,92.40,6.43,878.38
2026-07-26T00:52:27,3.87,25631,3045.00,3053.00,3049.00,6.66,92.87,6.47,878.35
2026-07-26T01:09:04,3.88,25631,3039.00,3052.00,3045.00,6.58,93.19,6.40,877.87
2026-07-26T01:25:42,3.88,25631,3042.00,3069.00,3054.50,7.00,90.82,6.55,877.96
2026-07-26T01:42:19,3.87,25631,3038.00,3050.00,3046.00,6.90,91.58,6.62,877.69
2026-07-26T01:58:57,3.88,25631,3050.00,3061.00,3053.00,6.92,91.19,6.61,877.77
2026-07-26T02:15:35,3.88,25631,3043.00,3056.00,3050.50,6.79,91.85,6.50,877.50
2026-07-26T02:32:12,3.88,25631,3045.00,3059.00,3050.00,6.85,91.76,6.48,877.36
2026-07-26T02:48:50,3.88,25631,3044.00,3055.00,3048.50,6.85,92.48,6.54,877.40
2026-07-26T03:05:28,3.88,25631,3045.00,3054.00,3050.00,6.90,92.83,6.60,877.46
2026-07-26T03:22:05,3.88,25631,3040.00,3049.00,3046.00,6.74,92.62,6.53,877.23
2026-07-26T03:38:43,3.88,25631,3038.00,3051.00,3048.00,6.77,92.23,6.42,876.92
2026-07-26T03:55:20,3.88,25631,3041.00,3054.00,3049.00,6.83,92.76,6.47,876.84
2026-07-26T04:11:58,3.88,25631,3039.00,3053.00,3044.50,6.81,92.83,6.49,876.85
2026-07-26T04:28:36,3.88,25631,3044.00,3059.00,3054.00,6.83,93.81,6.58,876.92
2026-07-26T04:45:13,3.88,25631,3042.00,3056.00,3047.00,6.64,93.37,6.43,876.82
2026-07-26T05:01:51,3.88,25631,3037.00,3061.00,3047.50,6.95,92.07,6.49,876.86
2026-07-26T05:18:29,3.87,25631,3047.00,3060.00,3051.00,6.98,92.66,6.70,876.84
2026-07-26T05:35:06,3.89,25631,3048.00,3061.00,3055.50,6.88,94.44,6.77,876.87
2026-07-26T05:51:44,3.89,25631,3047.00,3062.00,3054.50,6.90,94.12,6.94,876.54
2026-07-26T06:08:22,3.89,25631,3044.00,3060.00,3050.50,7.09,94.00,7.12,876.70
2026-07-26T06:25:00,4.12,25631,3046.00,3061.00,3054.00,7.28,93.85,7.43,876.78
2026-07-26T06:41:38,4.12,25631,3052.00,3063.00,3057.00,7.30,93.39,7.66,876.85
2026-07-26T06:58:17,4.11,25631,3053.00,3065.00,3058.00,7.38,92.56,7.97,877.05
2026-07-26T07:14:55,4.12,25631,3054.00,3075.00,3064.00,7.38,91.68,8.20,876.94
2026-07-26T07:31:33,4.11,25631,3063.00,3077.00,3067.00,7.47,90.66,8.42,876.92
2026-07-26T07:48:11,4.11,25631,3075.00,3089.00,3083.00,7.94,89.13,9.41,877.22
2026-07-26T08:04:50,4.12,25631,3082.00,3270.00,3259.50,8.05,85.86,11.40,876.98
2026-07-26T08:21:28,4.12,25631,3265.00,3302.00,3280.50,8.46,86.03,12.91,876.77
2026-07-26T08:38:06,4.12,25631,3244.00,3271.00,3254.50,8.20,88.24,11.02,877.39
2026-07-26T08:54:44,4.12,25631,3241.00,3284.00,3259.00,8.45,85.85,11.40,877.05
2026-07-26T09:11:22,4.12,25631,3263.00,3321.00,3299.50,8.49,84.15,10.59,877.17
2026-07-26T09:28:00,4.12,25631,3290.00,3334.00,3322.50,8.64,84.92,10.87,877.49
2026-07-26T09:44:38,4.12,25631,3256.00,3516.00,3313.50,9.72,83.83,13.92,877.38
2026-07-26T10:01:17,4.12,25631,3227.00,3360.00,3327.00,8.76,88.33,12.54,877.44
2026-07-26T10:17:55,4.12,25631,3104.00,3376.00,3334.50,8.63,88.52,12.06,877.90
2026-07-26T10:34:33,4.12,25631,3088.00,3308.00,3211.50,11.11,81.20,17.42,878.02
2026-07-26T10:51:11,4.12,25631,3093.00,3367.00,3263.50,10.20,80.43,17.07,877.53
2026-07-26T11:07:49,4.12,25631,3090.00,3123.00,3101.00,9.62,82.81,13.99,877.97
2026-07-26T11:24:27,4.12,25631,3119.00,3688.00,3251.50,10.11,84.97,13.95,878.10
2026-07-26T11:41:05,4.12,25631,3085.00,3257.00,3101.00,9.49,83.59,12.92,878.21
2026-07-26T11:57:43,4.12,25631,3088.00,3282.00,3173.50,10.42,81.98,14.49,878.36
2026-07-26T12:14:21,4.12,25631,3073.00,3364.00,3115.00,11.11,82.52,16.54,878.74
2026-07-26T12:30:59,4.12,25631,3100.00,3270.00,3112.00,9.19,87.33,13.59,878.56
2026-07-26T12:47:37,4.12,25631,3095.00,3642.00,3235.50,8.39,91.68,11.30,878.76
2026-07-26T13:04:15,4.11,25631,3083.00,3101.00,3092.50,8.15,92.85,10.14,879.15
2026-07-26T13:20:53,4.12,25631,3095.00,3553.00,3317.50,8.49,90.39,10.23,879.44
2026-07-26T13:37:31,4.11,25631,3146.00,3503.00,3427.00,9.15,87.48,11.30,879.50
2026-07-26T13:54:09,4.12,25631,3104.00,3426.00,3368.50,8.61,87.54,10.98,879.53
2026-07-26T14:10:47,4.12,25631,3115.00,3375.00,3170.00,8.73,89.47,10.82,879.81
2026-07-26T14:27:26,4.12,25631,3094.00,3151.00,3109.00,9.26,85.31,11.61,879.80
2026-07-26T14:44:04,4.12,25631,3108.00,3427.00,3280.50,8.74,85.68,10.98,879.81
2026-07-26T15:00:42,4.12,25631,3287.00,3326.00,3316.50,8.59,89.01,10.47,880.00
2026-07-26T15:17:20,4.12,25631,3274.00,3322.00,3294.00,8.53,88.65,10.56,880.15
2026-07-26T15:33:58,4.12,25631,3117.00,3314.00,3310.00,7.98,91.10,9.56,880.28
2026-07-26T15:50:36,3.89,25631,3048.00,3296.00,3075.00,7.78,90.81,9.03,880.31
2026-07-26T16:07:14,4.12,25631,3115.00,3127.00,3124.00,7.71,91.78,8.67,880.38
2026-07-26T16:23:53,4.00,25631,3112.00,3162.00,3131.50,7.83,92.36,8.72,880.40
2026-07-26T16:40:31,4.11,25631,3127.00,3153.00,3142.00,7.94,92.69,8.75,880.52
2026-07-26T16:57:09,4.11,25631,3141.00,3160.00,3149.00,7.88,91.90,8.83,880.54
2026-07-26T17:13:47,4.00,25631,3135.00,3155.00,3143.00,7.88,92.68,8.78,880.70
2026-07-26T17:30:25,4.11,25631,3124.00,3194.00,3163.00,7.88,93.40,8.82,880.86
2026-07-26T17:47:04,4.12,25631,3128.00,3209.00,3152.00,8.77,94.09,9.71,881.19
2026-07-26T18:03:42,3.89,25631,3127.00,3272.00,3216.50,8.54,91.00,9.68,881.11
2026-07-26T18:20:20,4.12,25631,3220.00,3271.00,3252.50,8.26,90.07,9.41,881.15
2026-07-26T18:36:58,3.90,25631,3193.00,3271.00,3263.50,8.01,93.94,9.11,881.28
2026-07-26T18:53:36,3.89,25631,3152.00,3300.00,3176.00,7.64,94.97,8.45,881.48
2026-07-26T19:10:14,3.89,25631,3165.00,3189.00,3179.00,7.50,93.43,8.15,881.50
2026-07-26T19:26:52,3.89,25631,3251.00,3263.00,3257.50,7.38,93.51,7.84,881.60
2026-07-26T19:43:30,3.89,25631,3066.00,3259.00,3228.00,7.18,95.17,7.61,881.80
2026-07-26T20:00:07,3.89,25631,3176.00,3212.00,3205.00,7.16,95.87,7.44,881.97
2026-07-26T20:16:45,3.89,25631,3065.00,3083.00,3072.50,6.94,96.16,7.25,882.14
2026-07-26T20:33:23,3.89,25631,3051.00,3069.00,3061.00,6.88,96.37,7.14,882.24
2026-07-26T20:50:00,3.89,25631,3054.00,3082.00,3067.00,6.91,95.90,7.01,882.53
2026-07-26T21:06:38,3.89,25631,3054.00,3268.00,3161.50,6.88,96.21,6.98,882.70
2026-07-26T21:23:15,3.89,25631,3054.00,3090.00,3068.00,6.77,96.33,6.90,882.82
2026-07-26T21:39:53,3.88,25631,3262.00,3287.00,3275.50,6.83,95.00,6.79,882.96
2026-07-26T21:56:31,3.88,25631,3260.00,3280.00,3272.50,6.76,94.13,6.73,883.09
2026-07-26T22:13:08,3.88,25631,3202.00,3218.00,3213.50,6.69,95.05,6.67,883.21
2026-07-26T22:29:46,3.89,25631,3055.00,3072.00,3061.00,6.66,96.11,6.69,883.34
2026-07-26T22:46:24,3.88,25631,3061.00,3075.00,3069.50,6.56,96.44,6.65,883.55
2026-07-26T23:03:01,3.88,25631,3065.00,3263.00,3074.50,6.46,96.49,6.56,883.64
2026-07-26T23:19:39,3.88,25631,3258.00,3271.00,3264.00,6.35,96.51,6.47,883.69
2026-07-26T23:36:16,3.89,25631,3076.00,3156.00,3091.50,6.36,96.48,6.41,883.80
2026-07-26T23:52:54,3.88,25631,3241.00,3264.00,3254.00,6.32,96.49,6.38,883.89
2026-07-27T00:09:32,3.88,25631,3073.00,3279.00,3265.50,6.23,96.73,6.36,884.05
2026-07-27T00:26:09,3.88,25631,3185.00,3290.00,3212.00,6.18,96.91,6.30,884.14
2026-07-27T00:42:47,3.89,25631,3189.00,3274.00,3260.50,6.12,97.03,6.24,884.22
2026-07-27T00:59:25,3.88,25631,3152.00,3198.00,3182.50,5.99,97.07,6.15,884.29
2026-07-27T01:16:02,3.88,25631,3062.00,3075.00,3068.00,5.98,97.16,6.07,884.46
2026-07-27T01:32:40,3.88,25631,3061.00,3082.00,3073.50,5.87,97.15,6.02,884.60
2026-07-27T01:49:17,3.88,25631,3053.00,3065.00,3061.50,5.78,97.18,5.93,884.59
2026-07-27T02:05:55,3.88,25631,3061.00,3071.00,3065.00,5.68,96.81,5.79,884.54
2026-07-27T02:22:33,3.88,25631,3059.00,3145.00,3136.00,5.66,96.70,5.71,884.75
2026-07-27T02:39:10,3.88,25631,2991.00,3156.00,3067.50,5.57,96.83,5.67,884.76
2026-07-27T02:55:48,3.89,25631,3188.00,3213.00,3206.00,5.47,95.91,5.53,884.68
2026-07-27T03:12:26,3.88,25631,3208.00,3220.00,3215.50,5.49,95.25,5.45,884.75
2026-07-27T03:29:03,3.88,25631,3200.00,3213.00,3207.00,5.46,95.28,5.40,884.85
2026-07-27T03:45:41,3.88,25631,3146.00,3269.00,3236.50,5.43,94.96,5.36,884.77
2026-07-27T04:02:19,3.88,25631,3074.00,3280.00,3252.50,5.58,92.92,5.26,884.80
2026-07-27T04:18:56,3.87,25631,3067.00,3212.00,3157.00,5.88,90.01,5.17,884.76
2026-07-27T04:35:34,3.88,25631,3077.00,3121.00,3099.50,5.42,94.11,5.18,884.82
2026-07-27T04:52:12,3.88,25631,3085.00,3131.00,3111.00,5.43,95.64,5.28,884.85
2026-07-27T05:08:49,3.87,25631,3108.00,3124.00,3115.00,5.47,96.22,5.40,884.83
2026-07-27T05:25:27,3.87,25631,3116.00,3127.00,3119.50,5.53,96.02,5.47,884.91
2026-07-27T05:42:05,3.87,25631,3112.00,3125.00,3119.50,5.51,96.53,5.58,884.91
2026-07-27T05:58:42,3.87,25631,3109.00,3127.00,3118.50,5.44,96.78,5.62,884.99
2026-07-27T06:15:20,3.88,25631,3115.00,3121.00,3119.50,5.53,96.89,5.75,884.95
2026-07-27T06:31:58,3.89,25631,3112.00,3127.00,3121.00,5.68,96.86,6.02,885.02
2026-07-27T06:48:36,3.89,25631,3121.00,3137.00,3126.00,5.67,96.15,6.12,885.10
2026-07-27T07:05:14,4.00,25631,3119.00,3139.00,3131.00,5.77,95.60,6.20,885.33
2026-07-27T07:21:52,3.89,25631,3119.00,3193.00,3161.00,5.75,96.06,6.25,885.44
2026-07-27T07:38:31,4.11,25631,3162.00,3208.00,3181.00,5.78,96.54,6.58,885.68
2026-07-27T07:55:09,4.12,25631,3131.00,3209.00,3196.50,6.33,94.13,7.15,885.81
2026-07-27T08:11:47,4.11,25631,3176.00,3191.00,3182.50,6.76,95.20,7.83,885.81
2026-07-27T08:28:25,4.11,25631,3161.00,3192.00,3178.00,6.90,94.12,8.40,885.86
2026-07-27T08:45:03,4.11,25631,3157.00,3185.00,3175.50,6.98,92.66,8.88,885.84
2026-07-27T09:01:42,4.12,25631,3176.00,3192.00,3186.50,5.98,95.42,7.88,885.94
2026-07-27T09:18:20,4.12,25631,3140.00,3318.00,3211.00,5.83,96.24,7.42,886.11
2026-07-27T09:34:58,4.12,25631,3001.00,3146.00,3031.00,5.97,96.67,7.52,886.18
2026-07-27T09:51:36,4.11,25631,3007.00,3153.00,3137.50,5.99,96.05,8.11,886.07
2026-07-27T10:08:15,4.12,25631,3034.00,3059.00,3052.00,6.23,96.21,7.92,886.16
2026-07-27T10:24:53,4.12,25631,3031.00,3053.00,3047.50,5.99,94.83,7.69,886.19
2026-07-27T10:41:31,4.12,25631,3055.00,3076.00,3068.00,6.11,95.08,7.62,886.21
2026-07-27T10:58:09,4.12,25631,3002.00,3130.00,3067.50,6.37,93.50,8.19,886.33
2026-07-27T11:14:48,4.12,25631,3043.00,3220.00,3095.00,6.95,91.83,9.15,886.29
2026-07-27T11:31:26,4.12,25631,3038.00,3080.00,3055.00,6.70,93.08,9.06,886.30
2026-07-27T11:48:04,4.11,25631,3068.00,3092.00,3071.50,7.18,91.24,9.26,886.29
2026-07-27T12:04:42,4.11,25631,3149.00,3198.00,3169.00,7.25,90.68,9.35,886.27
2026-07-27T12:21:20,4.12,25631,3043.00,3096.00,3069.00,7.56,89.29,9.56,886.36
2026-07-27T12:37:58,4.12,25631,3170.00,3320.00,3281.50,9.82,79.20,12.55,886.38
2026-07-27T12:54:37,4.12,25631,3259.00,3284.00,3270.00,8.70,86.73,12.59,886.19
2026-07-27T13:11:15,4.12,25631,3209.00,3300.00,3238.00,8.02,86.18,11.88,886.18
2026-07-27T13:27:53,4.12,25631,3230.00,3361.00,3253.00,8.33,85.80,11.67,886.34
2026-07-27T13:44:31,4.12,25631,3243.00,3398.00,3284.50,9.18,82.52,12.58,886.35
2026-07-27T14:01:09,4.12,25631,3214.00,3274.00,3254.00,8.97,79.71,12.72,886.25
2026-07-27T14:17:47,4.12,25631,3139.00,3234.00,3202.50,9.10,83.50,12.54,886.27
2026-07-27T14:34:25,4.12,25631,3083.00,3434.00,3245.00,9.18,83.18,12.93,885.99
2026-07-27T14:51:03,4.12,25631,3115.00,3208.00,3192.00,8.41,87.78,11.50,885.95
2026-07-27T15:07:41,4.12,25631,3129.00,3203.00,3158.00,8.46,88.64,11.24,886.21
2026-07-27T15:24:19,4.12,25631,3120.00,3184.00,3138.50,9.42,82.61,13.11,886.17
2026-07-27T15:40:57,4.12,25631,3111.00,3451.00,3219.50,11.00,81.06,15.01,886.02
2026-07-27T15:57:35,4.12,25631,3195.00,3445.00,3312.50,9.43,85.93,13.57,885.80
2026-07-27T16:14:13,4.12,25631,3158.00,3428.00,3267.50,9.77,80.78,13.38,885.58
2026-07-27T16:30:52,4.12,25631,3142.00,3319.00,3269.50,10.42,75.67,13.96,885.72
2026-07-27T16:47:30,4.12,25631,3233.00,3295.00,3280.00,9.38,79.33,12.91,885.46
2026-07-27T17:04:08,4.12,25631,3206.00,3352.00,3296.00,9.42,77.14,12.88,885.30
2026-07-27T17:20:46,4.12,25631,3197.00,3250.00,3237.50,9.25,80.96,11.94,885.51
2026-07-27T17:37:24,4.12,25631,3196.00,3277.00,3246.50,9.45,78.58,12.65,885.32
2026-07-27T17:54:02,4.12,25631,3221.00,3249.00,3229.00,8.59,81.00,11.46,885.12
2026-07-27T18:10:40,4.12,25631,3163.00,3231.00,3216.00,8.43,83.30,10.28,885.24
2026-07-27T18:27:18,4.11,25631,3189.00,3216.00,3199.50,8.12,85.60,9.69,885.27
2026-07-27T18:43:56,3.89,25631,3193.00,3218.00,3209.00,8.25,84.92,9.81,885.22
2026-07-27T19:00:35,3.91,25631,3188.00,3217.00,3202.00,8.06,84.98,9.46,885.16
2026-07-27T19:17:13,4.12,25631,3186.00,3222.00,3208.00,8.08,84.32,9.64,885.32
2026-07-27T19:33:51,3.89,25631,3095.00,3217.00,3205.50,7.85,84.85,9.39,885.03
2026-07-27T19:50:29,3.90,25631,3186.00,3205.00,3199.50,7.38,84.46,8.49,885.09
2026-07-27T20:07:07,3.89,25631,3116.00,3207.00,3199.50,7.19,83.67,7.90,885.16
2026-07-27T20:23:44,3.89,25631,3183.00,3207.00,3197.00,6.94,86.03,7.36,885.12
2026-07-27T20:40:22,3.89,25631,3189.00,3207.00,3199.00,6.94,85.40,7.08,885.12
2026-07-27T20:56:59,3.89,25631,3116.00,3201.00,3193.50,6.70,85.53,6.83,885.07
2026-07-27T21:13:37,3.89,25631,3096.00,3227.00,3191.50,6.83,81.52,6.69,885.06
2026-07-27T21:30:15,3.89,25631,3099.00,3213.00,3198.50,6.73,82.01,6.56,885.12
2026-07-27T21:46:52,3.89,25631,3183.00,3195.00,3189.00,6.92,79.30,6.60,885.05
2026-07-27T22:03:30,3.89,25631,3174.00,3198.00,3185.50,6.69,82.20,6.51,884.95
2026-07-27T22:20:08,3.88,25631,3209.00,3228.00,3218.50,6.50,83.27,6.22,884.97
2026-07-27T22:36:45,3.89,25631,3099.00,3122.00,3103.50,6.28,85.26,6.03,884.96
2026-07-27T22:53:23,3.89,25631,3073.00,3088.00,3082.00,6.02,87.96,5.85,885.05
2026-07-27T23:10:01,3.88,25631,3051.00,3088.00,3080.00,5.88,89.08,5.77,884.96
2026-07-27T23:26:38,3.89,25631,3068.00,3092.00,3075.50,6.04,88.37,5.76,885.07
2026-07-27T23:43:16,3.88,25631,3082.00,3103.00,3090.00,5.93,89.81,5.77,885.11
2026-07-27T23:59:54,3.89,25631,3117.00,3187.00,3170.00,5.91,89.88,5.75,885.06
2026-07-28T00:16:32,3.88,25631,3157.00,3197.00,3176.00,5.84,90.92,5.70,885.01
2026-07-28T00:33:09,3.88,25631,3192.00,3270.00,3236.00,5.56,92.28,5.56,885.03
2026-07-28T00:49:47,3.88,25631,3262.00,3275.00,3271.50,5.57,92.14,5.49,885.11
2026-07-28T01:06:25,3.88,25631,3268.00,3275.00,3272.00,5.50,91.72,5.43,885.17
2026-07-28T01:23:02,3.88,25631,3269.00,3276.00,3271.00,5.44,91.24,5.39,885.12
2026-07-28T01:39:40,3.89,25631,3264.00,3275.00,3269.50,5.39,89.08,5.34,885.08
2026-07-28T01:56:18,3.88,25631,3260.00,3270.00,3266.50,5.50,89.24,5.32,884.84
2026-07-28T02:12:55,3.88,25631,3273.00,3278.00,3275.00,5.64,89.03,5.39,884.65
2026-07-28T02:29:33,3.88,25631,3045.00,3284.00,3055.50,5.51,88.86,5.37,884.60
2026-07-28T02:46:11,3.88,25631,3055.00,3073.00,3064.00,5.75,87.87,5.42,884.67
2026-07-28T03:02:48,3.88,25631,3049.00,3066.00,3059.00,5.53,89.68,5.36,884.75
2026-07-28T03:19:26,3.87,25631,3042.00,3062.00,3051.00,5.46,89.37,5.23,884.77
2026-07-28T03:36:04,3.88,25631,3038.00,3069.00,3050.00,5.20,91.16,5.11,884.78
2026-07-28T03:52:42,3.88,25631,3049.00,3067.00,3055.00,5.29,89.66,5.07,884.79
2026-07-28T04:09:19,3.88,25631,3050.00,3060.00,3055.00,5.16,90.04,5.05,884.78
2026-07-28T04:25:57,3.88,25631,3044.00,3057.00,3048.00,5.50,87.61,5.12,884.77
2026-07-28T04:42:35,3.88,25631,3043.00,3057.00,3050.50,5.38,89.70,5.14,884.72
2026-07-28T04:59:12,3.88,25631,3035.00,3049.00,3040.50,5.53,88.13,5.16,884.65
2026-07-28T05:15:50,3.88,25631,3039.00,3062.00,3046.50,5.77,87.46,5.30,884.73
2026-07-28T05:32:28,3.88,25631,3042.00,3163.00,3056.00,5.71,88.78,5.40,884.71
2026-07-28T05:49:05,3.88,25631,3053.00,3069.00,3059.00,5.81,88.64,5.52,884.77
2026-07-28T06:05:43,3.88,25631,3045.00,3061.00,3052.00,5.87,89.19,5.66,884.85
2026-07-28T06:22:21,3.89,25631,3045.00,3061.00,3055.00,5.83,90.72,5.82,884.91
2026-07-28T06:39:00,3.89,25631,3049.00,3063.00,3053.50,6.06,90.27,6.01,884.92
2026-07-28T06:55:37,3.89,25631,3041.00,3058.00,3048.50,6.16,91.52,6.27,884.96
2026-07-28T07:12:16,3.90,25631,3050.00,3065.00,3055.50,6.23,91.95,6.49,884.90
2026-07-28T07:28:54,3.98,25631,3052.00,3063.00,3056.50,6.35,91.81,6.66,884.99
2026-07-28T07:45:32,3.90,25631,3042.00,3064.00,3051.00,6.25,92.62,6.68,885.08
2026-07-28T08:02:10,3.89,25631,3042.00,3072.00,3060.00,6.33,93.19,6.78,885.13
2026-07-28T08:18:48,4.11,25631,3048.00,3077.00,3061.00,6.73,92.09,7.16,885.19
2026-07-28T08:35:27,3.90,25631,3052.00,3069.00,3063.00,6.92,90.11,7.49,885.17
2026-07-28T08:52:05,4.11,25631,3055.00,3072.00,3065.00,6.94,90.17,7.58,885.24
2026-07-28T09:08:43,4.12,25631,3036.00,3073.00,3057.00,7.15,90.29,7.86,885.28
2026-07-28T09:25:21,4.12,25631,3042.00,3079.00,3063.50,7.55,88.34,8.28,885.33
2026-07-28T09:42:00,4.11,25631,3047.00,3064.00,3058.00,7.64,90.14,8.47,885.38
2026-07-28T09:58:38,4.12,25631,3045.00,3084.00,3053.00,7.57,89.24,8.62,885.36
2026-07-28T10:15:16,4.12,25631,3040.00,3068.00,3057.50,7.52,90.15,8.75,885.43
2026-07-28T10:31:54,4.12,25631,3045.00,3068.00,3056.00,7.69,92.36,8.89,885.53
2026-07-28T10:48:33,4.12,25631,3054.00,3068.00,3061.00,7.91,87.29,9.27,885.55
2026-07-28T11:05:11,4.12,25631,3049.00,3072.00,3059.00,7.98,89.03,9.36,885.55
2026-07-28T11:21:49,4.12,25631,3053.00,3062.00,3057.50,8.18,88.55,9.56,885.48
2026-07-28T11:38:27,4.12,25631,3051.00,3068.00,3059.50,8.46,89.56,9.79,885.45
2026-07-28T11:55:05,4.12,25631,3048.00,3086.00,3071.00,8.81,88.14,10.26,885.56
2026-07-28T12:11:44,4.12,25631,3083.00,3096.00,3090.50,9.00,87.50,10.78,885.63
2026-07-28T12:28:22,4.12,25631,3097.00,3110.00,3101.50,8.81,90.07,10.82,885.66
2026-07-28T12:45:00,4.12,25631,3095.00,3277.00,3104.00,9.08,88.28,10.90,885.73
2026-07-28T13:01:38,4.12,25631,3101.00,3282.00,3147.00,9.45,87.74,11.40,885.77
2026-07-28T13:18:16,4.12,25631,3099.00,3272.00,3132.50,8.79,87.08,10.67,885.81
2026-07-28T13:34:54,4.12,25631,3115.00,3284.00,3272.00,9.12,84.63,10.65,885.87
2026-07-28T13:51:33,4.12,25631,3239.00,3286.00,3272.50,9.12,85.98,10.86,885.89
2026-07-28T14:08:11,4.12,25631,3230.00,3259.00,3240.50,9.47,85.03,11.18,885.98
2026-07-28T14:24:49,4.12,25631,3241.00,3286.00,3263.00,9.31,84.98,11.29,885.92
2026-07-28T14:41:27,4.12,25631,3212.00,3259.00,3243.00,9.15,85.23,10.82,885.97
2026-07-28T14:58:05,4.12,25631,3258.00,3274.00,3267.00,9.29,82.55,10.57,886.08
2026-07-28T15:14:43,4.12,25631,3266.00,3276.00,3273.00,9.39,86.90,10.50,886.08
2026-07-28T15:31:22,4.12,25631,3252.00,3263.00,3256.00,9.36,86.75,10.44,886.05
2026-07-28T15:48:00,4.12,25631,3253.00,3281.00,3272.00,9.07,88.23,10.12,886.08
2026-07-28T16:04:38,4.12,25631,3185.00,3226.00,3214.00,9.29,89.17,10.10,886.03
2026-07-28T16:21:16,4.12,25631,3186.00,3245.00,3205.00,8.94,88.09,9.91,885.97
2026-07-28T16:37:54,4.12,25631,3166.00,3269.00,3250.50,9.14,86.43,10.02,886.01
2026-07-28T16:54:32,4.12,25631,3088.00,3286.00,3281.00,9.34,87.39,10.19,885.92
2026-07-28T17:11:11,3.91,25631,3126.00,3287.00,3284.00,9.26,87.28,9.93,885.92
2026-07-28T17:27:49,4.12,25631,3277.00,3285.00,3280.00,9.35,87.34,9.94,885.96
2026-07-28T17:44:27,3.90,25631,3277.00,3285.00,3282.00,9.39,86.66,10.01,886.02
2026-07-28T18:01:05,3.90,25631,3276.00,3283.00,3280.00,9.43,89.37,9.91,886.01
2026-07-28T18:17:43,3.90,25631,3275.00,3281.00,3276.50,9.00,89.58,9.55,885.92
2026-07-28T18:34:21,3.90,25631,3269.00,3276.00,3273.50,8.88,90.67,9.34,885.89
2026-07-28T18:50:59,3.90,25631,3267.00,3275.00,3272.50,8.69,91.58,9.08,885.84
2026-07-28T19:07:36,3.89,25631,3266.00,3277.00,3274.50,8.97,90.14,9.09,885.83
2026-07-28T19:24:14,3.89,25631,3272.00,3276.00,3274.50,8.92,90.50,9.05,885.79
2026-07-28T19:40:52,3.89,25631,3275.00,3281.00,3277.00,8.97,89.90,9.00,885.75
2026-07-28T19:57:29,3.89,25631,3273.00,3282.00,3279.00,8.85,89.55,8.89,885.68
2026-07-28T20:14:07,3.89,25631,3275.00,3282.00,3279.00,8.91,90.03,8.82,885.64
2026-07-28T20:30:45,3.89,25631,3261.00,3275.00,3270.00,8.77,90.82,8.74,885.62
2026-07-28T20:47:22,3.89,25631,3250.00,3267.00,3259.50,8.96,90.54,8.75,885.83
2026-07-28T21:04:00,3.89,25631,3121.00,3263.00,3244.50,8.94,90.77,8.70,885.88
2026-07-28T21:20:37,3.89,25631,3084.00,3150.00,3131.00,9.14,90.03,8.74,885.89
2026-07-28T21:37:15,3.89,25631,3080.00,3136.00,3089.50,8.96,90.85,8.68,885.94
2026-07-28T21:53:52,3.89,25631,3078.00,3120.00,3097.00,8.85,91.98,8.64,885.85
2026-07-28T22:10:30,3.89,25631,3062.00,3110.00,3087.00,9.04,91.05,8.69,885.78
2026-07-28T22:27:08,3.89,25631,3219.00,3265.00,3245.00,8.88,92.23,8.71,885.74
2026-07-28T22:43:45,3.89,25631,3042.00,3081.00,3071.00,8.77,92.49,8.63,885.67
2026-07-28T23:00:23,3.89,25631,3061.00,3085.00,3075.00,8.76,92.43,8.63,885.61
2026-07-28T23:17:00,3.90,25631,3056.00,3092.00,3077.50,8.94,92.09,8.67,885.57
2026-07-28T23:33:38,3.89,25631,3042.00,3088.00,3075.00,8.96,91.82,8.74,885.55
2026-07-28T23:50:15,3.89,25631,3069.00,3238.00,3086.50,9.03,92.07,8.76,885.39
2026-07-29T00:06:53,3.89,25631,3068.00,3087.00,3076.50,9.05,92.23,8.82,885.36
2026-07-29T00:23:31,3.89,25631,3052.00,3086.00,3067.50,9.14,91.22,8.86,885.39
2026-07-29T00:40:08,3.89,25631,3069.00,3089.00,3079.50,9.38,90.53,8.94,885.44
2026-07-29T00:56:46,3.89,25631,3068.00,3252.00,3075.50,9.14,91.11,8.92,885.36
2026-07-29T01:13:23,3.89,25631,3060.00,3334.00,3079.50,9.19,91.44,8.90,885.47
2026-07-29T01:30:01,3.89,25631,3055.00,3069.00,3063.50,8.94,93.08,8.83,885.34
2026-07-29T01:46:38,3.89,25631,3050.00,3065.00,3058.00,8.90,93.14,8.75,885.42
2026-07-29T02:03:16,3.89,25631,3038.00,3065.00,3053.50,9.17,91.98,8.76,885.36
2026-07-29T02:19:53,3.89,25631,3052.00,3065.00,3056.50,8.92,93.50,8.75,885.42
2026-07-29T02:36:31,3.89,25631,3049.00,3066.00,3054.50,8.81,94.24,8.71,885.39
2026-07-29T02:53:08,3.89,25631,3042.00,3062.00,3051.00,8.83,94.16,8.69,885.35
2026-07-29T03:09:46,3.89,25631,3045.00,3068.00,3056.00,8.91,94.17,8.72,885.44
2026-07-29T03:26:23,3.89,25631,3044.00,3067.00,3051.50,8.84,94.77,8.71,885.39
2026-07-29T03:43:01,3.89,25631,3034.00,3079.00,3058.00,8.81,94.97,8.71,885.45
2026-07-29T03:59:39,3.89,25631,3042.00,3072.00,3062.00,8.79,95.13,8.72,885.35
2026-07-29T04:16:16,3.89,25631,3043.00,3075.00,3061.50,8.84,95.12,8.72,885.30
2026-07-29T04:32:54,3.89,25631,3049.00,3074.00,3060.50,8.96,94.53,8.75,885.36
2026-07-29T04:49:31,3.89,25631,3044.00,3080.00,3062.50,8.90,94.92,8.79,885.44
2026-07-29T05:06:09,3.89,25631,3063.00,3072.00,3067.50,8.90,95.16,8.81,885.42
2026-07-29T05:22:46,3.89,25631,3056.00,3070.00,3060.50,8.96,95.08,8.87,885.48
2026-07-29T05:39:24,3.89,25631,3038.00,3077.00,3057.50,9.03,95.26,9.05,885.43
2026-07-29T05:56:02,3.88,25631,3040.00,3075.00,3055.00,9.10,94.84,9.17,885.49
2026-07-29T06:12:40,3.90,25631,3043.00,3076.00,3060.50,9.21,95.12,9.30,885.67
2026-07-29T06:29:18,3.90,25631,3073.00,3090.00,3077.50,9.40,94.69,9.69,885.66
2026-07-29T06:45:56,3.90,25631,3059.00,3094.00,3082.50,9.60,94.56,9.87,885.74
2026-07-29T07:02:34,4.12,25631,3059.00,3088.00,3070.50,10.04,94.14,10.58,885.83
2026-07-29T07:19:12,3.91,25631,3060.00,3087.00,3072.50,9.53,95.06,10.31,885.90
2026-07-29T07:35:51,3.90,25631,3049.00,3169.00,3083.50,9.31,95.70,10.08,886.09
2026-07-29T07:52:29,4.12,25631,3068.00,3101.00,3082.50,9.39,96.35,10.12,886.34
2026-07-29T08:09:07,4.12,25631,3046.00,3069.00,3064.50,9.77,96.66,10.85,886.61
2026-07-29T08:25:45,4.12,25631,3074.00,3103.00,3089.50,9.60,96.64,11.25,886.71
2026-07-29T08:42:23,4.12,25631,3069.00,3095.00,3090.00,9.72,96.33,11.62,886.85
2026-07-29T08:59:01,4.12,25631,3151.00,3307.00,3298.00,9.86,96.15,11.52,887.03
2026-07-29T09:15:39,4.12,25631,3073.00,3308.00,3237.50,10.31,96.00,12.33,887.08
2026-07-29T09:32:17,4.12,25631,3290.00,3345.00,3332.50,10.05,95.73,13.14,887.28
2026-07-29T09:48:56,4.12,25631,3254.00,3329.00,3308.00,9.70,94.62,12.71,887.36
2026-07-29T10:05:34,4.12,25631,3082.00,3304.00,3242.50,10.80,92.09,15.68,887.76
2026-07-29T10:22:12,4.12,25631,3119.00,3295.00,3283.50,10.04,91.74,14.09,887.47
2026-07-29T10:38:50,4.12,25631,3071.00,3313.00,3258.50,11.68,84.38,16.14,887.34
2026-07-29T10:55:28,4.13,25631,3271.00,3530.00,3384.00,12.48,83.51,17.43,887.12
2026-07-29T11:12:06,4.12,25631,3260.00,3351.00,3277.00,11.99,83.66,16.46,887.24
2026-07-29T11:28:44,4.12,25631,3264.00,3300.00,3274.00,11.45,92.24,15.87,887.50
2026-07-29T11:45:22,4.12,25631,3259.00,3279.00,3272.00,11.90,83.91,16.49,887.09
2026-07-29T12:02:00,4.13,25631,3243.00,3276.00,3266.50,11.80,80.70,15.52,887.24
2026-07-29T12:18:38,4.12,25631,3213.00,3261.00,3253.50,11.57,84.34,15.33,887.28
2026-07-29T12:35:16,4.13,25631,3220.00,3262.00,3237.50,12.30,80.99,16.11,887.39
2026-07-29T12:51:54,4.12,25631,3171.00,3261.00,3230.50,12.48,78.32,16.52,887.32
2026-07-29T13:08:31,4.13,25631,3201.00,3266.00,3229.00,11.43,84.72,15.97,887.37
2026-07-29T13:25:09,4.12,25631,3201.00,3225.00,3215.50,11.39,87.72,14.76,887.56
2026-07-29T13:41:47,4.13,25631,3198.00,3486.00,3216.00,11.57,86.17,15.80,887.12
2026-07-29T13:58:25,4.12,25631,3190.00,3215.00,3203.50,12.00,86.80,15.25,887.42
2026-07-29T14:15:03,4.12,25631,3191.00,3273.00,3202.00,11.72,86.50,15.16,887.11
2026-07-29T14:31:41,4.12,25631,3159.00,3300.00,3202.50,12.68,81.08,16.09,886.94
2026-07-29T14:48:19,4.11,25631,3209.00,3427.00,3237.50,13.65,76.40,17.63,886.60
2026-07-29T15:04:57,4.13,25631,3219.00,3302.00,3252.50,12.49,84.65,16.66,886.48
2026-07-29T15:21:35,4.12,25631,3198.00,3226.00,3207.50,11.15,89.83,14.74,886.26
2026-07-29T15:38:13,4.13,25631,3203.00,3260.00,3214.00,12.66,85.62,15.77,886.34
2026-07-29T15:54:51,4.12,25631,3201.00,3224.00,3212.50,11.70,85.06,15.15,885.87
2026-07-29T16:11:29,3.91,25631,3204.00,3215.00,3210.50,10.72,86.83,13.33,885.74
2026-07-29T16:28:07,4.00,25631,3204.00,3215.00,3210.00,10.58,87.17,12.31,885.80
2026-07-29T16:44:45,4.12,25631,3208.00,3218.00,3211.50,10.70,89.48,11.99,885.47
2026-07-29T17:01:23,3.91,25631,3233.00,3246.00,3242.50,10.66,85.18,11.86,885.33
2026-07-29T17:18:01,4.12,25631,3195.00,3203.00,3198.50,10.50,88.25,11.62,885.17
2026-07-29T17:34:40,3.90,25631,3172.00,3195.00,3187.00,10.21,87.81,11.30,884.94
2026-07-29T17:51:18,3.91,25631,3184.00,3198.00,3189.00,10.05,91.71,10.95,884.68
2026-07-29T18:07:56,3.91,25631,3300.00,3304.00,3301.00,10.07,91.67,10.88,884.46
2026-07-29T18:24:34,3.91,25631,3291.00,3298.00,3295.50,9.82,91.41,10.69,884.43
2026-07-29T18:41:12,3.90,25631,3292.00,3300.00,3297.50,9.70,91.95,10.54,884.23
2026-07-29T18:57:50,3.90,25631,3292.00,3301.00,3294.50,9.62,93.54,10.35,884.14
2026-07-29T19:14:28,3.89,25631,3140.00,3290.00,3147.50,9.34,94.62,9.95,883.85
2026-07-29T19:31:05,3.89,25631,3275.00,3289.00,3282.50,9.22,93.92,9.71,883.76
2026-07-29T19:47:43,3.89,25631,3204.00,3218.00,3212.50,9.08,94.40,9.43,883.45
2026-07-29T20:04:20,3.89,25631,3248.00,3288.00,3281.50,8.87,93.43,9.20,883.15
2026-07-29T20:20:58,3.89,25631,3274.00,3292.00,3285.50,8.84,90.98,8.96,882.98
2026-07-29T20:37:36,3.89,25631,3286.00,3293.00,3290.50,8.64,91.64,8.74,882.71
2026-07-29T20:54:13,3.89,25631,3072.00,3300.00,3295.00,8.74,91.93,8.65,882.66
2026-07-29T21:10:51,3.89,25631,3297.00,3302.00,3300.00,8.81,90.25,8.63,882.57
2026-07-29T21:27:28,3.89,25631,3096.00,3301.00,3119.00,8.90,89.46,8.68,882.47
2026-07-29T21:44:06,3.89,25631,3292.00,3298.00,3294.00,8.64,91.01,8.61,882.41
2026-07-29T22:00:43,3.89,25631,3082.00,3300.00,3294.50,8.70,90.64,8.59,882.17
2026-07-29T22:17:21,3.89,25631,3072.00,3289.00,3120.00,8.91,90.89,8.65,881.99
2026-07-29T22:33:59,3.89,25631,3073.00,3095.00,3083.00,8.70,91.20,8.62,881.80
2026-07-29T22:50:36,3.89,25631,3075.00,3143.00,3084.50,8.90,89.85,8.59,881.49
2026-07-29T23:07:14,3.89,25631,3075.00,3142.00,3080.00,8.79,90.51,8.61,881.52
2026-07-29T23:23:51,3.89,25631,3072.00,3091.00,3081.50,9.05,88.43,8.68,881.39
2026-07-29T23:40:29,3.89,25631,3078.00,3091.00,3082.00,8.88,89.05,8.67,881.26
2026-07-29T23:57:07,3.89,25631,3071.00,3143.00,3121.00,8.64,91.21,8.62,881.16
2026-07-30T00:13:44,3.89,25631,3074.00,3144.00,3088.50,8.69,91.53,8.57,881.01
2026-07-30T00:30:22,3.89,25631,3078.00,3143.00,3088.00,8.71,91.24,8.58,880.84
2026-07-30T00:46:59,3.89,25631,3072.00,3131.00,3084.00,9.10,90.33,8.64,880.65
2026-07-30T01:03:37,3.89,25631,3067.00,3104.00,3085.00,9.03,90.05,8.75,880.57
2026-07-30T01:20:15,3.89,25631,3070.00,3094.00,3082.50,8.98,90.66,8.78,880.50
2026-07-30T01:36:52,3.89,25631,3075.00,3093.00,3084.50,9.07,90.48,8.83,880.45
2026-07-30T01:53:30,3.89,25631,3079.00,3093.00,3084.50,8.69,90.96,8.68,880.42
2026-07-30T02:10:07,3.89,25631,3075.00,3097.00,3083.50,8.46,93.21,8.56,880.45
2026-07-30T02:26:45,3.89,25631,3125.00,3154.00,3139.00,8.50,93.53,8.45,880.43
2026-07-30T02:43:23,3.89,25631,3072.00,3083.00,3075.50,8.59,93.76,8.46,880.28
2026-07-30T03:00:00,3.88,25631,3077.00,3113.00,3090.50,8.84,93.03,8.57,880.10
2026-07-30T03:16:38,3.88,25631,3072.00,3093.00,3084.00,8.88,91.85,8.66,879.95
2026-07-30T03:33:15,3.89,25631,3082.00,3108.00,3092.50,8.96,92.60,8.77,880.03
2026-07-30T03:49:53,3.89,25631,3075.00,3090.00,3081.00,8.39,94.72,8.50,880.10
2026-07-30T04:06:30,3.89,25631,3113.00,3131.00,3122.00,8.79,93.85,8.61,880.08
2026-07-30T04:23:08,3.88,25631,3083.00,3143.00,3120.00,8.29,95.04,8.49,880.15
2026-07-30T04:39:46,3.89,25631,3272.00,3276.00,3273.50,8.09,95.82,8.33,880.19
2026-07-30T04:56:23,3.88,25631,3207.00,3234.00,3215.50,8.08,96.29,8.19,880.10
2026-07-30T05:13:01,3.89,25631,3110.00,3265.00,3117.50,8.38,96.22,8.27,880.05
2026-07-30T05:29:39,3.89,25631,3134.00,3272.00,3214.50,8.45,95.61,8.43,880.09
2026-07-30T05:46:16,3.88,25631,3140.00,3155.00,3146.00,8.31,96.31,8.46,880.14
2026-07-30T06:02:54,3.89,25631,3236.00,3266.00,3254.00,8.36,96.40,8.57,880.20
2026-07-30T06:19:32,3.89,25631,3259.00,3270.00,3262.50,8.18,96.52,8.50,880.25
2026-07-30T06:36:10,3.89,25631,3062.00,3078.00,3070.50,8.21,96.81,8.45,880.15
2026-07-30T06:52:48,3.89,25631,3179.00,3234.00,3202.50,8.22,96.94,8.53,880.34
2026-07-30T07:09:26,3.89,25631,3157.00,3276.00,3259.50,7.98,96.93,8.47,880.44
2026-07-30T07:26:03,3.89,25631,3225.00,3255.00,3246.50,7.40,97.00,8.04,880.56
2026-07-30T07:42:41,3.89,25631,3270.00,3281.00,3276.00,7.43,97.18,7.82,880.58
2026-07-30T07:59:19,3.89,25631,3058.00,3281.00,3100.00,7.36,97.25,7.89,880.73
2026-07-30T08:15:57,3.89,25631,3066.00,3275.00,3097.00,7.30,97.31,7.91,880.85
2026-07-30T08:32:36,4.11,25631,3042.00,3091.00,3065.50,7.26,97.39,8.05,880.88
2026-07-30T08:49:14,4.12,25631,3062.00,3090.00,3080.50,7.63,97.51,8.56,880.99
2026-07-30T09:05:52,4.12,25631,3106.00,3306.00,3278.50,8.14,97.45,9.40,881.09
2026-07-30T09:22:30,4.12,25631,3092.00,3311.00,3299.00,8.57,97.20,10.62,881.21
2026-07-30T09:39:09,4.12,25631,3092.00,3146.00,3127.00,8.81,96.32,11.60,881.34
2026-07-30T09:55:47,4.12,25631,3101.00,3129.00,3120.00,8.90,95.83,11.94,881.40
2026-07-30T10:12:25,4.12,25631,3109.00,3164.00,3140.50,8.25,96.03,11.59,881.50
2026-07-30T10:29:03,4.12,25631,3134.00,3169.00,3157.50,8.59,96.40,11.37,881.77
2026-07-30T10:45:41,4.12,25631,3123.00,3290.00,3154.00,8.53,96.41,11.28,882.02
2026-07-30T11:02:19,4.12,25631,3123.00,3177.00,3161.00,9.15,94.53,12.21,882.09
2026-07-30T11:18:57,4.12,25631,3109.00,3291.00,3268.50,8.64,95.24,12.07,882.01
2026-07-30T11:35:36,4.12,25631,3141.00,3288.00,3173.00,8.25,95.44,11.00,882.21
2026-07-30T11:52:14,4.12,25631,3095.00,3249.00,3133.00,8.41,96.12,10.36,882.53
2026-07-30T12:08:52,4.12,25631,3083.00,3106.00,3091.00,8.43,95.88,10.73,882.73
2026-07-30T12:25:30,4.12,25631,3084.00,3357.00,3129.00,9.11,94.61,11.85,882.86
2026-07-30T12:42:08,4.12,25631,3090.00,3158.00,3103.50,9.53,91.34,12.83,882.98
2026-07-30T12:58:46,4.12,25631,3110.00,3297.00,3284.00,10.12,89.44,13.57,882.89
2026-07-30T13:15:24,4.12,25631,3078.00,3290.00,3279.00,9.21,89.44,12.72,883.13
2026-07-30T13:32:03,4.12,25631,3072.00,3266.00,3091.00,8.46,93.56,11.29,883.27
2026-07-30T13:48:41,4.12,25631,3077.00,3283.00,3084.50,8.54,94.74,11.27,883.54
2026-07-30T14:05:19,4.12,25631,3072.00,3285.00,3116.00,8.09,93.08,10.81,883.63
2026-07-30T14:21:57,4.12,25631,3091.00,3277.00,3193.00,8.31,94.00,10.31,883.91
2026-07-30T14:38:35,4.12,25631,3079.00,3272.00,3099.50,9.08,89.30,11.28,883.98
2026-07-30T14:55:13,4.12,25631,3091.00,3304.00,3269.00,9.42,88.20,12.30,884.06
2026-07-30T15:11:51,4.12,25631,3098.00,3109.00,3103.00,8.57,87.80,11.67,884.21
2026-07-30T15:28:30,4.12,25631,3089.00,3112.00,3098.00,8.31,92.06,10.93,884.35
2026-07-30T15:45:08,4.12,25631,3067.00,3114.00,3100.00,8.71,89.91,10.99,884.68
2026-07-30T16:01:46,4.11,25631,3090.00,3120.00,3104.50,8.63,89.66,11.11,884.63
2026-07-30T16:18:24,4.12,25631,3094.00,3110.00,3102.00,8.28,90.39,10.52,884.90
2026-07-30T16:35:02,4.12,25631,3098.00,3115.00,3106.00,7.74,91.55,10.08,885.02
2026-07-30T16:51:40,4.00,25631,3099.00,3113.00,3107.00,7.50,91.64,9.39,885.13
2026-07-30T17:08:19,3.90,25631,3095.00,3112.00,3106.00,7.16,92.11,8.55,885.24
2026-07-30T17:24:57,3.90,25631,3101.00,3117.00,3107.50,7.14,90.88,8.06,885.36
2026-07-30T17:41:35,4.11,25631,3098.00,3109.00,3103.50,7.30,90.90,8.09,885.57
2026-07-30T17:58:13,3.89,25631,3101.00,3117.00,3107.50,7.53,88.93,8.45,885.69
2026-07-30T18:14:51,3.90,25631,3093.00,3114.00,3109.50,7.42,91.22,8.37,885.79
2026-07-30T18:31:29,3.90,25631,3101.00,3110.00,3103.50,7.23,90.40,8.12,885.96
2026-07-30T18:48:07,3.89,25631,3101.00,3111.00,3104.00,7.14,90.75,7.86,885.99
2026-07-30T19:04:45,3.90,25631,3093.00,3114.00,3103.50,6.74,91.53,7.58,886.02
2026-07-30T19:21:23,3.89,25631,3100.00,3111.00,3105.00,6.54,93.32,7.25,886.10
2026-07-30T19:38:01,3.89,25631,3101.00,3111.00,3107.00,6.43,93.26,7.08,886.12
2026-07-30T19:54:39,3.88,25631,3095.00,3116.00,3102.50,6.40,93.16,6.98,886.29
2026-07-30T20:11:17,3.89,25631,3095.00,3111.00,3106.00,6.42,93.58,6.83,886.33
2026-07-30T20:27:55,3.89,25631,3098.00,3108.00,3102.50,6.39,93.47,6.66,886.51
2026-07-30T20:44:32,3.89,25631,3095.00,3104.00,3101.50,6.39,91.71,6.48,886.60
2026-07-30T21:01:10,3.89,25631,3094.00,3105.00,3100.50,6.18,93.37,6.28,886.79
2026-07-30T21:17:48,3.89,25631,3093.00,3108.00,3097.00,5.90,94.19,6.10,886.83
2026-07-30T21:34:25,3.89,25631,3096.00,3117.00,3104.00,6.18,91.87,6.10,886.90
2026-07-30T21:51:03,3.89,25631,3099.00,3114.00,3104.00,6.15,92.26,6.10,886.89
2026-07-30T22:07:41,3.88,25631,3092.00,3102.00,3099.50,6.08,91.59,5.95,886.89
2026-07-30T22:24:18,3.89,25631,3095.00,3110.00,3103.50,5.78,93.86,5.84,887.06
2026-07-30T22:40:56,3.89,25631,3097.00,3108.00,3101.00,5.83,93.29,5.79,887.14
2026-07-30T22:57:34,3.89,25631,3099.00,3108.00,3104.50,5.95,93.20,5.86,887.19
2026-07-30T23:14:11,3.89,25631,3096.00,3117.00,3102.00,5.83,94.14,5.83,887.34
2026-07-30T23:30:49,3.89,25631,3099.00,3107.00,3102.50,5.87,93.37,5.82,887.39
2026-07-30T23:47:27,3.89,25631,3091.00,3111.00,3104.50,6.08,92.14,5.90,887.39
2026-07-31T00:04:04,3.89,25631,3101.00,3110.00,3105.00,6.01,91.92,5.90,887.45
2026-07-31T00:20:42,3.89,25631,3096.00,3103.00,3099.00,5.95,92.33,5.87,887.60
2026-07-31T00:37:20,3.89,25631,3098.00,3254.00,3102.00,5.98,91.99,5.91,887.65
2026-07-31T00:53:57,3.89,25631,3091.00,3273.00,3109.00,5.97,91.48,5.91,887.70
2026-07-31T01:10:35,3.89,25631,3090.00,3105.00,3098.00,6.02,92.18,5.91,887.74
2026-07-31T01:27:13,3.89,25631,3097.00,3111.00,3102.00,5.70,94.08,5.78,887.78
2026-07-31T01:43:50,3.89,25631,3101.00,3110.00,3104.50,5.66,94.54,5.69,887.82
2026-07-31T02:00:28,3.89,25631,3093.00,3107.00,3099.00,5.84,93.83,5.70,887.89
2026-07-31T02:17:06,3.89,25631,3099.00,3109.00,3103.00,5.84,93.64,5.70,887.92
2026-07-31T02:33:43,3.89,25631,3091.00,3108.00,3102.00,5.73,94.19,5.70,887.98
2026-07-31T02:50:21,3.89,25631,3095.00,3105.00,3099.00,5.95,93.09,5.73,888.09
2026-07-31T03:06:59,3.88,25631,3098.00,3108.00,3104.00,5.79,93.83,5.74,888.15
2026-07-31T03:23:37,3.89,25631,3098.00,3106.00,3103.00,5.94,93.15,5.78,888.26
2026-07-31T03:40:14,3.89,25631,3097.00,3110.00,3104.50,5.88,93.48,5.80,888.41
2026-07-31T03:56:52,3.89,25631,3099.00,3105.00,3102.00,5.93,93.52,5.81,888.53
2026-07-31T04:13:30,3.88,25631,3097.00,3120.00,3102.00,5.81,94.26,5.79,888.64
2026-07-31T04:30:07,3.88,25631,3095.00,3106.00,3102.00,5.77,94.35,5.77,888.61
2026-07-31T04:46:45,3.88,25631,3095.00,3106.00,3100.00,5.79,94.07,5.77,888.71
2026-07-31T05:03:23,3.88,25631,3091.00,3121.00,3099.00,5.95,93.25,5.83,888.76
2026-07-31T05:20:00,3.89,25631,3098.00,3113.00,3105.50,5.94,93.38,5.91,888.93
2026-07-31T05:36:38,3.89,25631,3099.00,3114.00,3108.00,6.04,92.63,5.98,889.06
2026-07-31T05:53:16,3.88,25631,3095.00,3117.00,3105.50,6.08,92.84,6.12,889.21
2026-07-31T06:09:54,3.89,25631,3096.00,3108.00,3102.50,6.15,92.61,6.25,889.42
2026-07-31T06:26:32,3.89,25631,3089.00,3122.00,3105.50,6.26,92.30,6.37,889.61
2026-07-31T06:43:10,3.89,25631,3105.00,3114.00,3109.00,6.32,92.32,6.58,889.75
2026-07-31T06:59:48,3.89,25631,3100.00,3117.00,3103.50,6.39,92.28,6.82,889.89
2026-07-31T07:16:26,3.90,25631,3100.00,3119.00,3110.00,6.60,91.59,6.92,890.03
2026-07-31T07:33:05,3.91,25631,3099.00,3115.00,3109.50,6.81,90.86,7.23,890.22
2026-07-31T07:49:43,4.11,25631,3103.00,3123.00,3111.50,6.84,93.46,7.49,890.40
2026-07-31T08:06:21,4.12,25631,3102.00,3117.00,3108.00,7.00,91.18,8.01,890.62
2026-07-31T08:22:59,4.11,25631,3108.00,3124.00,3111.00,7.18,90.65,8.51,890.74
2026-07-31T08:39:38,4.11,25631,3104.00,3283.00,3119.50,7.67,92.86,8.96,890.85
2026-07-31T08:56:16,4.12,25631,3116.00,3131.00,3117.00,7.25,93.35,9.22,890.93
2026-07-31T09:12:54,4.12,25631,3101.00,3390.00,3114.00,7.49,93.25,9.28,891.07
2026-07-31T09:29:32,4.11,25631,3110.00,3136.00,3123.00,7.84,92.67,9.87,891.38
2026-07-31T09:46:11,4.12,25631,3116.00,3293.00,3125.00,8.33,91.23,10.71,891.42
2026-07-31T10:02:49,4.12,25631,3112.00,3133.00,3122.50,8.35,90.36,10.52,891.61
2026-07-31T10:19:27,4.12,25631,3097.00,3306.00,3120.00,8.46,90.53,10.70,891.78
2026-07-31T10:36:05,4.12,25631,3113.00,3212.00,3119.00,8.59,91.24,11.13,891.83
2026-07-31T10:52:43,4.12,25631,3113.00,3307.00,3218.50,8.73,91.35,11.96,891.87
2026-07-31T11:09:21,4.12,25631,3099.00,3200.00,3121.50,8.94,86.82,12.33,891.95
2026-07-31T11:25:59,4.12,25631,3110.00,3131.00,3115.50,8.85,91.59,11.65,892.24
2026-07-31T11:42:38,4.12,25631,3117.00,3288.00,3125.50,8.59,92.02,11.39,892.36
2026-07-31T11:59:16,4.12,25631,3103.00,3301.00,3115.50,9.50,90.32,11.97,892.63
2026-07-31T12:15:54,4.12,25631,3109.00,3293.00,3182.50,9.34,89.73,11.99,892.76
2026-07-31T12:32:32,4.12,25631,3115.00,3303.00,3127.00,8.98,90.13,11.78,892.88
2026-07-31T12:49:10,4.12,25631,3110.00,3302.00,3279.50,8.74,92.41,11.57,892.95
2026-07-31T13:05:48,4.12,25631,3122.00,3312.00,3283.50,9.74,89.26,12.58,893.10
2026-07-31T13:22:26,4.12,25631,3111.00,3311.00,3284.00,10.15,89.52,13.32,893.15
2026-07-31T13:39:04,4.12,25631,3116.00,3305.00,3223.50,10.04,88.33,13.59,893.18
2026-07-31T13:55:43,4.12,25631,3126.00,3298.00,3211.00,9.52,89.80,13.09,893.36
2026-07-31T14:12:21,4.12,25631,3199.00,3308.00,3277.50,10.24,88.41,13.17,893.49
2026-07-31T14:28:59,4.12,25631,3137.00,3300.00,3202.50,10.02,87.47,12.95,893.55
2026-07-31T14:45:37,4.12,25631,3118.00,3319.00,3223.00,9.46,89.50,12.41,893.64
2026-07-31T15:02:15,4.12,25631,3101.00,3477.00,3198.50,9.57,89.70,11.97,893.76
2026-07-31T15:18:53,4.12,25631,3268.00,3310.00,3295.00,9.86,89.67,12.28,893.74
2026-07-31T15:35:31,4.11,25631,3272.00,3300.00,3291.00,9.95,90.10,12.14,893.74
2026-07-31T15:52:09,4.12,25631,3190.00,3237.00,3208.50,10.58,88.27,12.70,893.77
2026-07-31T16:08:47,4.12,25631,3191.00,3285.00,3276.00,10.52,86.55,12.78,893.67
2026-07-31T16:25:26,4.12,25631,3177.00,3283.00,3208.00,10.44,90.09,12.45,893.68
2026-07-31T16:42:04,4.12,25631,3197.00,3301.00,3238.50,10.02,90.71,12.21,893.77
2026-07-31T16:58:42,4.12,25631,3159.00,3290.00,3198.50,10.11,89.62,12.19,893.89
2026-07-31T17:15:20,4.12,25631,3196.00,3291.00,3277.00,10.53,90.22,12.38,893.89
2026-07-31T17:31:58,4.12,25631,3198.00,3213.00,3199.00,9.94,91.34,12.04,893.91
2026-07-31T17:48:36,3.90,25631,3207.00,3304.00,3293.00,9.36,93.98,11.09,894.02
2026-07-31T18:05:14,3.90,25631,3197.00,3253.00,3208.50,9.31,92.92,10.80,894.14
2026-07-31T18:21:52,3.89,25631,3163.00,3227.00,3187.50,9.08,93.07,10.53,894.19
2026-07-31T18:38:31,3.91,25631,3175.00,3209.00,3183.50,9.49,91.74,10.55,894.29
2026-07-31T18:55:09,3.90,25631,3178.00,3201.00,3190.50,9.50,90.96,10.62,894.34
2026-07-31T19:11:47,3.90,25631,3176.00,3207.00,3185.00,9.43,91.12,10.49,894.35
2026-07-31T19:28:24,3.90,25631,3184.00,3198.00,3191.50,9.29,90.99,10.20,894.41
2026-07-31T19:45:02,3.89,25631,3175.00,3194.00,3183.00,9.21,91.88,9.89,894.38
2026-07-31T20:01:40,3.89,25631,3163.00,3197.00,3189.00,9.05,90.91,9.58,894.58
2026-07-31T20:18:18,3.89,25631,3180.00,3189.00,3185.00,8.96,91.40,9.33,894.74
2026-07-31T20:34:55,3.90,25631,3171.00,3194.00,3181.00,8.84,91.42,9.10,894.82
2026-07-31T20:51:33,3.88,25631,3179.00,3191.00,3184.00,8.66,94.63,8.92,894.91
2026-07-31T21:08:10,3.89,25631,3176.00,3188.00,3184.00,8.48,95.07,8.76,894.96
2026-07-31T21:24:48,3.89,25631,3173.00,3188.00,3181.00,8.32,95.25,8.61,894.95
2026-07-31T21:41:26,3.89,25631,3180.00,3197.00,3187.50,8.26,95.39,8.49,894.96
2026-07-31T21:58:03,3.89,25631,3175.00,3192.00,3182.50,8.32,94.56,8.45,894.99
2026-07-31T22:14:41,3.89,25631,3173.00,3191.00,3184.00,8.35,93.97,8.41,895.02
2026-07-31T22:31:18,3.89,25631,3171.00,3190.00,3185.50,8.35,93.49,8.38,895.05
2026-07-31T22:47:56,3.89,25631,3174.00,3196.00,3186.50,8.39,93.40,8.37,895.08
2026-07-31T23:04:34,3.89,25631,3168.00,3196.00,3187.50,8.25,94.26,8.29,895.17
2026-07-31T23:21:11,3.89,25631,3176.00,3200.00,3191.00,8.21,94.61,8.24,895.18
2026-07-31T23:37:49,3.89,25631,3180.00,3195.00,3187.50,8.21,95.14,8.21,895.19
2026-07-31T23:54:27,3.89,25631,3180.00,3200.00,3190.00,8.09,94.78,8.16,895.18
2026-08-01T00:11:04,3.89,25631,3179.00,3210.00,3187.00,8.15,94.68,8.15,895.29
2026-08-01T00:27:42,3.89,25631,3173.00,3202.00,3182.00,8.26,94.23,8.18,895.33
2026-08-01T00:44:19,3.89,25631,3144.00,3184.00,3168.50,8.32,91.57,8.20,895.28
2026-08-01T01:00:57,3.89,25631,3172.00,3195.00,3184.00,8.33,90.71,8.21,895.23
2026-08-01T01:17:35,3.89,25631,3174.00,3191.00,3180.50,8.29,91.63,8.19,895.29
2026-08-01T01:34:12,3.89,25631,3173.00,3190.00,3183.50,8.31,91.78,8.21,895.27
2026-08-01T01:50:50,3.89,25631,3172.00,3189.00,3179.00,8.16,91.95,8.17,895.29
2026-08-01T02:07:27,3.88,25631,3182.00,3192.00,3187.50,8.25,90.89,8.16,895.31
2026-08-01T02:24:05,3.89,25631,3181.00,3197.00,3186.50,8.25,90.38,8.15,895.24
2026-08-01T02:40:43,3.89,25631,3173.00,3185.00,3182.00,8.15,91.06,8.09,895.25
2026-08-01T02:57:20,3.89,25631,3186.00,3192.00,3191.00,8.05,90.87,8.06,895.32
2026-08-01T03:13:58,3.89,25631,3187.00,3199.00,3193.00,8.15,89.46,8.04,895.31
2026-08-01T03:30:36,3.89,25631,3175.00,3199.00,3189.00,7.98,90.54,7.96,895.32
2026-08-01T03:47:13,3.88,25631,3179.00,3200.00,3189.50,8.02,89.93,7.93,895.29
2026-08-01T04:03:51,3.89,25631,3177.00,3196.00,3187.50,8.04,90.23,7.93,895.26
2026-08-01T04:20:28,3.89,25631,3178.00,3194.00,3188.00,7.95,90.35,7.90,895.29
2026-08-01T04:37:06,3.89,25631,3180.00,3194.00,3185.00,7.98,90.16,7.89,895.30
2026-08-01T04:53:44,3.89,25631,3167.00,3189.00,3179.00,7.95,89.89,7.88,895.23
2026-08-01T05:10:21,3.89,25631,3176.00,3198.00,3184.00,7.85,90.35,7.86,895.18
2026-08-01T05:26:59,3.89,25631,3176.00,3196.00,3184.00,7.83,90.97,7.84,895.22
2026-08-01T05:43:36,3.89,25631,3180.00,3194.00,3189.00,7.88,91.04,7.90,895.14
2026-08-01T06:00:14,3.89,25631,3184.00,3192.00,3188.50,7.94,91.02,8.00,895.13
2026-08-01T06:16:52,3.89,25631,3179.00,3194.00,3185.00,7.95,89.54,8.17,895.13
2026-08-01T06:33:30,3.89,25631,3180.00,3195.00,3189.00,8.05,89.60,8.34,895.10
2026-08-01T06:50:08,3.90,25631,3179.00,3197.00,3192.00,8.20,89.97,8.53,895.21
2026-08-01T07:06:46,3.90,25631,3186.00,3197.00,3192.00,8.26,88.99,8.82,895.23
2026-08-01T07:23:25,4.12,25631,3180.00,3196.00,3188.00,8.33,88.13,9.20,895.30
2026-08-01T07:40:03,4.12,25631,3178.00,3201.00,3190.00,8.45,89.43,9.51,895.36
2026-08-01T07:56:41,4.12,25631,3178.00,3201.00,3190.50,8.43,89.20,9.74,895.30
2026-08-01T08:13:19,4.12,25631,3186.00,3201.00,3194.00,8.60,89.23,9.92,895.33
2026-08-01T08:29:57,4.12,25631,3192.00,3207.00,3200.00,9.05,87.11,10.36,895.39
2026-08-01T08:46:36,4.12,25631,3187.00,3202.00,3197.00,8.77,86.79,10.62,895.34
2026-08-01T09:03:14,4.12,25631,3180.00,3208.00,3188.50,8.85,86.49,10.84,895.32
2026-08-01T09:19:52,4.12,25631,3183.00,3208.00,3194.50,8.97,85.91,11.11,895.43
2026-08-01T09:36:30,4.12,25631,3183.00,3206.00,3195.00,9.22,85.17,11.42,895.43
2026-08-01T09:53:08,4.12,25631,3195.00,3211.00,3201.50,9.52,84.95,12.00,895.41
2026-08-01T10:09:46,4.12,25631,3184.00,3224.00,3201.50,9.94,86.90,12.98,895.35
2026-08-01T10:26:24,4.12,25631,3192.00,3220.00,3208.50,10.29,83.23,14.08,895.28
2026-08-01T10:43:02,4.11,25631,3090.00,3216.00,3208.00,10.66,83.78,14.50,895.28
2026-08-01T10:59:41,4.12,25631,3209.00,3232.00,3218.50,10.04,89.62,14.26,895.19
2026-08-01T11:16:19,4.12,25631,3199.00,3220.00,3215.50,9.97,89.32,13.73,895.16
2026-08-01T11:32:57,4.12,25631,3187.00,3222.00,3211.00,9.73,89.68,13.17,895.24
2026-08-01T11:49:35,4.12,25631,3205.00,3218.00,3209.00,10.60,87.12,13.42,895.34
2026-08-01T12:06:13,4.12,25631,3200.00,3218.00,3208.00,10.37,85.77,13.66,895.43
2026-08-01T12:22:51,4.12,25631,3190.00,3209.00,3202.50,10.59,85.71,14.14,895.41
2026-08-01T12:39:29,4.12,25631,3197.00,3212.00,3206.00,11.91,81.23,15.40,895.39
2026-08-01T12:56:07,4.12,25631,3199.00,3214.00,3207.50,12.26,79.28,16.54,895.28
2026-08-01T13:12:45,4.12,25631,3195.00,3219.00,3206.50,11.65,81.10,16.19,895.31
2026-08-01T13:29:23,4.12,25631,3205.00,3223.00,3207.50,12.01,81.52,16.62,895.18
2026-08-01T13:46:01,4.12,25631,3195.00,3302.00,3234.00,12.95,77.24,16.82,895.17
2026-08-01T14:02:39,4.12,25631,3108.00,3375.00,3246.00,13.41,77.22,17.64,895.15
2026-08-01T14:19:17,4.13,25631,3204.00,3341.00,3222.00,12.33,79.01,17.14,894.99
2026-08-01T14:35:55,4.12,25631,3189.00,3404.00,3232.00,12.68,80.17,16.45,895.05
2026-08-01T14:52:33,4.12,25631,3091.00,3293.00,3208.50,12.65,79.25,16.42,895.17
2026-08-01T15:09:11,4.12,25631,3211.00,3304.00,3218.00,12.73,80.04,16.33,894.92
2026-08-01T15:25:49,4.12,25631,3195.00,3223.00,3206.50,13.75,76.41,17.35,894.75
2026-08-01T15:42:27,4.13,25631,3180.00,3272.00,3210.00,13.19,77.55,16.79,894.67
2026-08-01T15:59:04,4.13,25631,3198.00,3225.00,3208.50,13.28,76.55,16.60,894.46
2026-08-01T16:15:42,4.12,25631,3193.00,3238.00,3210.00,14.13,74.99,17.51,894.36
2026-08-01T16:32:20,4.13,25631,3188.00,3219.00,3204.00,13.38,76.92,17.46,894.24
2026-08-01T16:48:58,4.12,25631,3188.00,3244.00,3212.00,13.34,78.42,17.46,894.18
2026-08-01T17:05:36,4.13,25631,3190.00,3228.00,3204.00,13.67,77.58,17.38,894.08
2026-08-01T17:22:14,4.12,25631,3199.00,3313.00,3212.50,13.94,76.73,17.96,894.12
2026-08-01T17:38:52,4.13,25631,3219.00,3238.00,3224.50,13.74,74.48,17.74,893.67
2026-08-01T17:55:30,4.12,25631,3211.00,3237.00,3220.00,14.79,73.04,18.01,893.76
2026-08-01T18:12:08,4.13,25631,3206.00,3233.00,3214.50,14.65,72.37,17.88,893.64
2026-08-01T18:28:46,4.12,25631,3208.00,3266.00,3237.00,14.70,72.47,17.63,893.62
2026-08-01T18:45:24,4.13,25631,3212.00,3234.00,3227.00,15.00,71.95,18.04,893.57
2026-08-01T19:02:01,3.90,25631,3230.00,3250.00,3238.00,12.89,78.70,17.15,893.26
2026-08-01T19:18:39,3.91,25631,3221.00,3234.00,3224.50,11.86,81.02,15.38,893.20
2026-08-01T19:35:17,3.90,25631,3219.00,3230.00,3223.50,10.72,86.37,13.27,893.22
2026-08-01T19:51:55,3.90,25631,3212.00,3232.00,3220.50,10.56,87.64,12.21,893.23
2026-08-01T20:08:33,3.89,25631,3212.00,3225.00,3218.50,10.44,87.65,11.57,893.18
2026-08-01T20:25:10,3.89,25631,3198.00,3220.00,3212.50,10.31,88.94,11.13,893.22
2026-08-01T20:41:48,3.89,25631,3205.00,3218.00,3209.00,10.02,88.41,10.78,893.24
2026-08-01T20:58:25,3.89,25631,3207.00,3217.00,3212.50,9.91,90.81,10.42,893.28
2026-08-01T21:15:03,3.89,25631,3208.00,3220.00,3212.00,9.84,90.40,10.15,893.28
2026-08-01T21:31:40,3.89,25631,3194.00,3211.00,3204.00,9.73,90.20,9.91,893.13
2026-08-01T21:48:18,3.89,25631,3205.00,3215.00,3208.50,9.50,90.97,9.64,892.97
2026-08-01T22:04:55,3.89,25631,3199.00,3215.00,3209.50,9.47,91.47,9.47,892.88
2026-08-01T22:21:33,3.89,25631,3203.00,3215.00,3209.00,9.45,91.27,9.36,892.87
2026-08-01T22:38:11,3.89,25631,3205.00,3215.00,3211.00,9.31,91.50,9.30,892.79
2026-08-01T22:54:48,3.89,25631,3198.00,3214.00,3206.50,9.40,91.49,9.35,892.81
2026-08-01T23:11:26,3.89,25631,3207.00,3220.00,3211.00,9.50,90.27,9.42,892.86
2026-08-01T23:28:03,3.89,25631,3202.00,3215.00,3209.00,9.55,90.95,9.47,892.81
2026-08-01T23:44:41,3.89,25631,3196.00,3217.00,3205.50,9.62,90.14,9.49,892.73
2026-08-02T00:01:18,3.89,25631,3206.00,3220.00,3211.00,9.63,90.24,9.53,892.68
2026-08-02T00:17:56,3.89,25631,3195.00,3213.00,3201.50,9.46,90.39,9.44,892.60
2026-08-02T00:34:34,3.89,25631,3204.00,3214.00,3207.00,9.35,90.98,9.33,892.57
2026-08-02T00:51:11,3.89,25631,3202.00,3217.00,3207.50,9.26,91.05,9.21,892.45
2026-08-02T01:07:49,3.88,25631,3195.00,3210.00,3201.00,9.11,92.14,9.15,892.45
2026-08-02T01:24:26,3.89,25631,3197.00,3211.00,3207.00,8.98,92.13,9.02,892.41
2026-08-02T01:41:04,3.89,25631,3173.00,3209.00,3197.50,8.97,92.26,8.94,892.28
2026-08-02T01:57:41,3.89,25631,3201.00,3223.00,3214.50,8.80,92.81,8.75,892.19
2026-08-02T02:14:19,3.88,25631,3178.00,3209.00,3197.50,8.80,92.91,8.59,892.12
2026-08-02T02:30:57,3.89,25631,3194.00,3216.00,3205.50,8.43,93.49,8.20,891.95
2026-08-02T02:47:34,3.88,25631,3191.00,3207.00,3195.00,8.02,94.48,7.71,891.86
2026-08-02T03:04:12,3.88,25631,3173.00,3196.00,3190.50,8.35,92.55,7.72,891.87
2026-08-02T03:20:50,3.88,25631,3182.00,3197.00,3192.50,8.28,92.53,7.56,891.70
2026-08-02T03:37:27,3.89,25631,3184.00,3198.00,3190.50,8.05,93.25,7.35,891.64
2026-08-02T03:54:05,3.88,25631,3172.00,3180.00,3176.00,7.63,95.03,7.18,891.62
2026-08-02T04:10:42,3.88,25631,3165.00,3180.00,3174.50,7.90,95.44,7.47,891.48
2026-08-02T04:27:20,3.88,25631,3167.00,3184.00,3177.00,7.81,95.03,7.53,891.34
2026-08-02T04:43:58,3.88,25631,3161.00,3179.00,3174.00,7.77,95.17,7.54,891.19
2026-08-02T05:00:35,3.89,25631,3150.00,3163.00,3156.50,7.88,94.23,7.58,891.01
2026-08-02T05:17:13,3.88,25631,3160.00,3180.00,3167.00,7.91,94.03,7.72,891.06
2026-08-02T05:33:51,3.89,25631,3111.00,3164.00,3151.00,7.93,93.65,7.85,891.03
2026-08-02T05:50:29,3.89,25631,3132.00,3170.00,3156.00,8.01,93.20,8.08,890.99
2026-08-02T06:07:07,4.11,25631,3170.00,3187.00,3182.50,7.87,92.82,8.34,890.88
2026-08-02T06:23:45,3.90,25631,3171.00,3192.00,3182.50,8.08,92.78,8.81,890.85
2026-08-02T06:40:23,4.12,25631,3177.00,3196.00,3184.50,8.31,91.71,9.16,890.90
2026-08-02T06:57:01,4.12,25631,3182.00,3204.00,3196.50,8.42,93.03,10.12,890.79
2026-08-02T07:13:39,3.90,25631,3178.00,3202.00,3193.00,8.41,92.66,10.03,890.74
2026-08-02T07:30:18,4.12,25631,3198.00,3224.00,3209.50,8.94,91.79,10.39,890.72
2026-08-02T07:46:56,4.12,25631,3190.00,3222.00,3206.50,9.15,89.62,10.81,890.69
2026-08-02T08:03:34,4.12,25631,3088.00,3233.00,3224.00,8.97,90.37,10.79,890.63
2026-08-02T08:20:12,4.12,25631,3216.00,3228.00,3223.00,8.87,91.69,11.47,890.59
2026-08-02T08:36:50,4.12,25631,3066.00,3254.00,3166.00,9.60,89.52,13.47,890.77
2026-08-02T08:53:28,4.12,25631,3199.00,3247.00,3221.50,9.89,86.70,14.07,890.62
2026-08-02T09:10:07,4.12,25631,3101.00,3230.00,3199.00,11.80,81.57,18.23,890.91
2026-08-02T09:26:44,4.13,25631,3194.00,3394.00,3236.50,12.73,80.80,22.24,890.56
2026-08-02T09:43:22,4.13,25631,3189.00,3367.00,3240.50,14.45,74.44,25.65,890.43
2026-08-02T10:00:00,4.14,25631,3188.00,3380.00,3274.50,13.65,75.94,27.33,890.28
2026-08-02T10:16:38,4.14,25631,3144.00,3371.00,3276.50,14.59,73.40,27.29,890.33
2026-08-02T10:33:15,4.14,25631,3156.00,3305.00,3264.50,13.58,73.92,25.17,890.13
2026-08-02T10:49:53,4.13,25631,3219.00,3348.00,3280.00,14.77,74.45,23.97,890.39
2026-08-02T11:06:31,4.13,25631,3174.00,3329.00,3270.00,14.96,73.02,22.28,890.40
2026-08-02T11:23:09,4.13,25631,3225.00,3440.00,3319.00,14.27,76.88,20.94,890.31
2026-08-02T11:39:46,4.12,25631,3201.00,3646.00,3308.50,14.24,76.06,20.19,890.40
2026-08-02T11:56:24,4.13,25631,3204.00,3305.00,3262.00,14.79,74.22,20.27,890.57
2026-08-02T12:13:02,4.13,25631,3170.00,3324.00,3259.00,15.68,69.71,20.23,890.33
2026-08-02T12:29:40,4.13,25631,3198.00,3388.00,3265.00,16.19,70.12,20.33,890.37
2026-08-02T12:46:18,4.13,25631,3174.00,3294.00,3262.00,15.25,70.43,20.00,890.37
2026-08-02T13:02:56,4.12,25631,3165.00,3279.00,3268.00,15.06,70.18,19.76,890.36
2026-08-02T13:19:34,4.13,25631,3227.00,3632.00,3336.00,15.73,66.46,20.07,890.23
2026-08-02T13:36:11,4.13,25631,3175.00,3314.00,3254.00,16.52,66.23,20.62,890.33
2026-08-02T13:52:49,4.14,25631,3209.00,3370.00,3287.00,16.50,64.94,20.36,890.12
2026-08-02T14:09:27,4.13,25631,3212.00,3290.00,3250.50,18.77,58.65,21.87,890.24
2026-08-02T14:26:05,4.14,25631,3186.00,3290.00,3260.50,18.31,59.10,22.26,890.11
2026-08-02T14:42:42,4.14,25631,3223.00,3461.00,3252.50,17.80,59.12,22.09,890.07
2026-08-02T14:59:20,4.14,25631,3089.00,3246.00,3220.50,17.36,64.46,22.21,890.05
2026-08-02T15:15:58,4.13,25631,3196.00,3512.00,3250.00,19.18,59.59,22.75,890.00
2026-08-02T15:32:36,4.14,25631,3095.00,3409.00,3287.50,19.06,56.98,22.63,889.84
2026-08-02T15:49:13,4.14,25631,3106.00,3306.00,3235.00,18.80,59.36,22.54,889.91
2026-08-02T16:05:51,4.13,25631,3243.00,3286.00,3264.50,19.24,55.39,22.90,889.58
2026-08-02T16:22:29,4.14,25631,3197.00,3303.00,3244.00,19.08,54.75,22.53,889.60
2026-08-02T16:39:07,4.14,25631,3232.00,3520.00,3302.50,17.83,56.87,22.33,889.53
2026-08-02T16:55:44,4.14,25631,3230.00,3474.00,3247.00,19.06,52.91,22.11,889.40
2026-08-02T17:12:22,4.13,25631,3233.00,3373.00,3267.50,17.39,58.26,21.80,889.27
2026-08-02T17:29:00,4.13,25631,3151.00,3475.00,3252.50,17.04,60.83,21.44,889.23
2026-08-02T17:45:38,4.13,25631,3095.00,3482.00,3354.50,17.42,59.00,21.30,889.13
2026-08-02T18:02:15,4.13,25631,3262.00,3599.00,3291.00,17.56,58.95,20.97,888.97
2026-08-02T18:18:53,4.12,25631,3184.00,3421.00,3213.50,17.08,60.38,20.24,888.90
2026-08-02T18:35:31,4.13,25631,3285.00,3312.00,3296.50,16.67,60.40,19.87,888.82
2026-08-02T18:52:09,4.13,25631,3168.00,3307.00,3290.00,16.89,60.16,20.18,888.85
2026-08-02T19:08:47,4.02,25631,3279.00,3293.00,3286.50,15.02,66.68,19.98,888.96
2026-08-02T19:25:24,3.91,25631,3288.00,3309.00,3303.50,15.35,64.90,20.75,888.74
2026-08-02T19:42:02,3.91,25631,3077.00,3108.00,3087.00,13.06,71.72,16.44,888.68
2026-08-02T19:58:39,3.89,25631,3034.00,3078.00,3069.50,12.61,72.72,13.90,888.83
2026-08-02T20:15:17,3.89,25631,3052.00,3084.00,3070.50,11.87,75.94,12.56,888.94
2026-08-02T20:31:55,3.87,25631,3053.00,3085.00,3064.50,11.90,75.78,11.87,889.07
2026-08-02T20:48:32,3.89,25631,3050.00,3091.00,3066.50,11.54,77.04,11.31,889.13
2026-08-02T21:05:10,3.89,25631,3056.00,3074.00,3070.00,11.03,79.13,10.81,889.17
2026-08-02T21:21:47,3.89,25631,3039.00,3089.00,3070.00,11.03,79.58,10.48,889.10
2026-08-02T21:38:25,3.89,25631,3055.00,3078.00,3064.00,10.87,80.87,10.21,889.09
2026-08-02T21:55:02,3.89,25631,3049.00,3081.00,3070.00,10.48,82.38,9.92,889.06
2026-08-02T22:11:40,3.89,25631,3055.00,3078.00,3064.00,10.22,84.10,9.62,889.01
2026-08-02T22:28:17,3.89,25631,3049.00,3090.00,3063.50,9.97,85.29,9.39,889.05
2026-08-02T22:44:55,3.88,25631,3048.00,3086.00,3062.00,9.89,85.92,9.24,888.99
2026-08-02T23:01:32,3.89,25631,3065.00,3093.00,3083.50,9.90,86.43,9.09,888.92
2026-08-02T23:18:10,3.88,25631,3066.00,3097.00,3072.50,9.57,87.34,8.99,888.81
2026-08-02T23:34:47,3.88,25631,3058.00,3102.00,3086.00,9.72,86.22,8.88,888.72
2026-08-02T23:51:25,3.88,25631,3052.00,3091.00,3077.00,9.45,88.00,8.75,888.64
2026-08-03T00:08:03,3.89,25631,3078.00,3217.00,3087.50,9.29,88.13,8.60,888.63
2026-08-03T00:24:40,3.89,25631,3078.00,3096.00,3089.00,8.88,89.69,8.31,888.69
2026-08-03T00:41:18,3.87,25631,3064.00,3211.00,3095.50,8.85,90.15,8.14,888.60
2026-08-03T00:57:55,3.88,25631,3068.00,3217.00,3086.00,8.77,91.90,8.06,888.60
2026-08-03T01:14:33,3.88,25631,3085.00,3218.00,3093.50,8.49,91.77,7.92,888.53
2026-08-03T01:31:10,3.88,25631,3066.00,3222.00,3215.50,8.24,92.29,7.76,888.49
2026-08-03T01:47:48,3.88,25631,3057.00,3095.00,3077.50,8.28,92.28,7.59,888.42
2026-08-03T02:04:26,3.88,25631,3057.00,3262.00,3092.00,7.98,93.06,7.39,888.44
2026-08-03T02:21:03,3.88,25631,3071.00,3275.00,3176.00,7.98,94.34,7.33,888.37
2026-08-03T02:37:41,3.87,25631,3095.00,3287.00,3273.50,8.15,93.45,7.35,888.31
2026-08-03T02:54:18,3.89,25631,3282.00,3290.00,3286.50,7.93,93.16,7.26,888.18
2026-08-03T03:10:56,3.88,25631,3081.00,3287.00,3162.00,7.94,94.03,7.15,888.21
2026-08-03T03:27:34,3.87,25631,3105.00,3173.00,3159.50,7.73,93.71,7.07,888.17
2026-08-03T03:44:11,3.89,25631,3053.00,3172.00,3093.00,7.71,95.13,7.06,888.10
2026-08-03T04:00:49,3.87,25631,3061.00,3149.00,3097.50,7.90,95.08,7.17,887.98
2026-08-03T04:17:26,3.87,25631,3099.00,3153.00,3137.50,7.59,95.14,7.01,887.96
2026-08-03T04:34:04,3.88,25631,3071.00,3104.00,3091.50,7.85,95.84,7.09,888.07
2026-08-03T04:50:42,3.89,25631,3099.00,3137.00,3126.00,7.76,95.96,7.40,888.00
2026-08-03T05:07:19,3.88,25631,3106.00,3150.00,3135.50,8.05,96.12,7.76,887.99
2026-08-03T05:23:57,3.88,25631,3123.00,3149.00,3138.00,8.12,95.71,8.00,887.93
2026-08-03T05:40:34,3.87,25631,3131.00,3148.00,3138.00,8.21,95.49,8.16,887.88
2026-08-03T05:57:12,3.88,25631,3134.00,3151.00,3142.00,8.28,95.15,8.36,887.86
2026-08-03T06:13:50,3.89,25631,3134.00,3150.00,3142.00,8.29,95.10,8.49,887.79
2026-08-03T06:30:28,3.89,25631,3139.00,3153.00,3146.00,8.50,94.36,8.65,887.74
2026-08-03T06:47:06,3.89,25631,3126.00,3161.00,3144.00,8.71,93.28,8.97,887.75
2026-08-03T07:03:44,3.89,25631,3133.00,3152.00,3141.50,8.69,92.44,9.27,887.83
2026-08-03T07:20:22,3.90,25631,3141.00,3167.00,3157.50,8.85,92.95,9.56,887.88
2026-08-03T07:37:00,4.12,25631,3164.00,3179.00,3168.50,8.77,91.86,9.86,887.89
2026-08-03T07:53:38,4.12,25631,3172.00,3204.00,3183.50,9.14,89.90,10.73,888.03
2026-08-03T08:10:17,4.12,25631,3096.00,3312.00,3296.00,9.67,91.78,12.48,888.03
2026-08-03T08:26:55,4.12,25631,3058.00,3306.00,3107.00,10.12,89.25,12.84,887.97
2026-08-03T08:43:33,4.12,25631,3093.00,3119.00,3105.00,10.48,86.36,13.50,887.89
2026-08-03T09:00:11,4.12,25631,3078.00,3117.00,3110.00,10.94,85.47,14.63,887.91
2026-08-03T09:16:49,4.12,25631,3085.00,3290.00,3129.50,12.42,80.30,19.13,888.18
2026-08-03T09:33:27,4.13,25631,3094.00,3285.00,3270.50,13.26,74.70,24.60,887.85
2026-08-03T09:50:05,4.13,25631,3247.00,3262.00,3252.00,11.73,76.29,21.58,887.51
2026-08-03T10:06:42,4.12,25631,3076.00,3287.00,3251.00,11.46,81.15,17.94,887.77
2026-08-03T10:23:20,4.13,25631,3089.00,3321.00,3250.50,14.91,70.05,23.64,888.00
2026-08-03T10:39:58,4.13,25631,3240.00,3484.00,3365.00,12.83,76.77,20.83,887.68
2026-08-03T10:56:36,4.13,25631,3209.00,3333.00,3250.00,12.79,78.00,20.00,887.85
2026-08-03T11:13:14,4.13,25631,3223.00,3468.00,3327.00,14.56,70.94,21.58,887.60
2026-08-03T11:29:52,4.13,25631,3110.00,3358.00,3238.50,13.50,71.36,21.07,887.63
2026-08-03T11:46:29,4.14,25631,3100.00,3270.00,3231.50,13.31,72.49,20.36,887.47
2026-08-03T12:03:07,4.12,25631,3079.00,3302.00,3183.50,13.07,75.71,18.20,887.77
2026-08-03T12:19:45,4.13,25631,3084.00,3331.00,3313.00,14.93,67.96,19.13,887.48
2026-08-03T12:36:23,4.13,25631,3180.00,3429.00,3298.00,14.24,71.43,18.53,887.76
2026-08-03T12:53:01,4.13,25631,3121.00,3461.00,3286.50,14.91,66.09,19.34,887.53
2026-08-03T13:09:39,4.13,25631,3186.00,3249.00,3202.50,14.60,69.11,18.51,887.68
2026-08-03T13:26:17,4.13,25631,3158.00,3454.00,3211.50,15.27,65.63,18.93,887.58
2026-08-03T13:42:54,4.13,25631,3062.00,3442.00,3303.00,16.49,67.59,19.80,887.55
2026-08-03T13:59:32,4.13,25631,3174.00,3315.00,3249.00,16.43,65.10,20.22,887.38
2026-08-03T14:16:10,4.14,25631,3170.00,3425.00,3316.50,16.50,63.63,20.01,887.35
2026-08-03T14:32:48,4.13,25631,3073.00,3380.00,3199.00,17.10,61.65,20.11,887.26
2026-08-03T14:49:26,4.14,25631,3106.00,3404.00,3235.50,17.56,60.93,20.70,887.24
2026-08-03T15:06:04,4.13,25631,3236.00,3334.00,3277.50,16.78,61.50,20.68,887.19
2026-08-03T15:22:41,4.14,25631,3113.00,3307.00,3253.00,18.00,57.56,21.17,887.19
2026-08-03T15:39:19,4.14,25631,3068.00,3295.00,3208.50,17.25,60.11,21.38,887.05
2026-08-03T15:55:57,4.13,25631,3079.00,3289.00,3226.00,18.42,58.68,21.40,887.07
2026-08-03T16:12:35,4.14,25631,3195.00,3223.00,3211.00,18.18,59.48,21.57,886.97
2026-08-03T16:29:12,4.13,25631,3195.00,3299.00,3265.50,17.49,59.57,21.41,886.73
2026-08-03T16:45:50,4.13,25631,3201.00,3376.00,3253.50,18.09,59.13,21.22,886.82
2026-08-03T17:02:28,4.14,25631,3211.00,3377.00,3276.00,18.34,57.38,21.41,886.77
2026-08-03T17:19:06,4.13,25631,3213.00,3383.00,3249.00,17.96,56.09,21.54,886.73
2026-08-03T17:35:43,4.13,25631,3219.00,3509.00,3300.00,17.90,57.75,21.47,886.63
2026-08-03T17:52:21,4.14,25631,3215.00,3378.00,3252.50,17.39,59.52,21.38,886.65
2026-08-03T18:08:59,4.13,25631,3224.00,3480.00,3332.00,16.77,60.67,20.51,886.66
2026-08-03T18:25:37,4.13,25631,3202.00,3233.00,3215.50,16.29,62.87,19.80,886.68
2026-08-03T18:42:15,4.13,25631,3187.00,3484.00,3207.50,15.57,64.33,19.33,886.67
2026-08-03T18:58:52,4.01,25631,3183.00,3215.00,3201.00,15.40,64.02,19.25,886.65
2026-08-03T19:15:30,3.92,25631,3182.00,3212.00,3199.50,15.49,64.66,20.17,886.56
2026-08-03T19:32:08,3.91,25631,3142.00,3159.00,3156.00,13.68,69.76,17.67,886.33
2026-08-03T19:48:46,3.90,25631,3093.00,3117.00,3106.00,12.73,73.26,14.35,886.62
2026-08-03T20:05:23,3.89,25631,3104.00,3186.00,3118.50,12.24,77.14,12.89,886.79
2026-08-03T20:22:01,3.89,25631,3090.00,3204.00,3120.00,11.61,80.04,11.95,886.82
2026-08-03T20:38:38,3.89,25631,3115.00,3134.00,3121.00,11.23,81.54,11.27,886.87
2026-08-03T20:55:16,3.89,25631,3082.00,3196.00,3113.50,10.96,82.06,10.75,886.94
2026-08-03T21:11:53,3.89,25631,3108.00,3235.00,3117.50,11.21,81.20,10.55,886.97
2026-08-03T21:28:31,3.89,25631,3084.00,3118.00,3101.00,11.01,80.82,10.37,886.98
2026-08-03T21:45:08,3.89,25631,3067.00,3240.00,3087.50,11.15,80.91,10.29,887.08
2026-08-03T22:01:46,3.89,25631,3081.00,3131.00,3111.00,10.60,83.64,9.98,887.14
2026-08-03T22:18:23,3.89,25631,3100.00,3130.00,3111.00,10.46,84.19,9.86,887.18
2026-08-03T22:35:01,3.89,25631,3100.00,3122.00,3114.00,10.93,80.52,9.88,887.14
2026-08-03T22:51:38,3.89,25631,3094.00,3120.00,3114.00,10.80,81.32,9.87,887.10
2026-08-03T23:08:16,3.89,25631,3072.00,3132.00,3102.50,10.77,81.17,9.77,887.03
2026-08-03T23:24:54,3.89,25631,3094.00,3133.00,3116.50,10.90,81.55,9.88,886.99
2026-08-03T23:41:31,3.89,25631,3070.00,3123.00,3096.50,10.93,81.21,9.97,886.97
2026-08-03T23:58:09,3.88,25631,3076.00,3121.00,3106.50,10.66,82.24,9.86,886.94
2026-08-04T00:14:46,3.89,25631,3081.00,3215.00,3114.50,10.76,81.54,9.75,886.98
2026-08-04T00:31:24,3.89,25631,3105.00,3221.00,3113.50,10.80,81.93,9.77,886.99
2026-08-04T00:48:01,3.89,25631,3118.00,3225.00,3216.00,10.72,82.66,9.72,887.01
2026-08-04T01:04:39,3.89,25631,3198.00,3214.00,3209.00,9.77,86.27,9.34,887.01
2026-08-04T01:21:16,3.89,25631,3184.00,3214.00,3199.50,10.08,85.26,9.24,887.01
2026-08-04T01:37:54,3.87,25631,3205.00,3220.00,3216.00,10.12,85.04,9.24,886.99
2026-08-04T01:54:31,3.88,25631,3171.00,3217.00,3205.50,9.95,85.98,9.14,886.91
2026-08-04T02:11:09,3.89,25631,3186.00,3230.00,3209.50,10.01,85.76,9.10,886.95
2026-08-04T02:27:46,3.88,25631,3174.00,3271.00,3202.00,10.05,85.38,9.00,886.94
2026-08-04T02:44:24,3.88,25631,3161.00,3288.00,3258.00,10.07,85.02,8.91,886.95
2026-08-04T03:01:02,3.88,25631,3228.00,3261.00,3251.00,9.62,86.35,8.71,887.03
2026-08-04T03:17:39,3.88,25631,3245.00,3265.00,3257.50,9.50,87.10,8.63,887.09
2026-08-04T03:34:17,3.88,25631,3228.00,3245.00,3237.00,9.38,87.25,8.52,887.08
2026-08-04T03:50:54,3.88,25631,3220.00,3241.00,3234.50,8.79,89.42,8.24,887.02
2026-08-04T04:07:32,3.88,25631,3171.00,3248.00,3233.00,9.00,88.68,8.15,887.09
2026-08-04T04:24:09,3.88,25631,3187.00,3234.00,3198.50,8.74,89.60,7.99,887.21
2026-08-04T04:40:47,3.88,25631,3179.00,3224.00,3203.50,8.36,91.72,7.75,887.22
2026-08-04T04:57:25,3.88,25631,3208.00,3231.00,3222.50,8.61,90.51,7.81,887.07
2026-08-04T05:14:02,3.87,25631,3242.00,3256.00,3250.00,8.84,89.76,7.95,887.14
2026-08-04T05:30:40,3.88,25631,3236.00,3249.00,3243.00,8.48,91.40,7.84,887.17
2026-08-04T05:47:18,3.89,25631,3242.00,3254.00,3248.50,9.05,89.45,8.06,887.12
2026-08-04T06:03:56,3.89,25631,3234.00,3251.00,3243.00,8.76,89.97,8.15,887.22
2026-08-04T06:20:34,3.89,25631,3214.00,3249.00,3232.00,8.73,90.27,8.23,887.21
2026-08-04T06:37:12,3.90,25631,3162.00,3210.00,3176.00,9.21,89.28,8.51,887.27
2026-08-04T06:53:50,4.12,25631,3166.00,3197.00,3178.00,9.69,89.08,8.82,887.32
2026-08-04T07:10:28,4.12,25631,3094.00,3208.00,3184.50,10.11,88.63,9.92,887.87
2026-08-04T07:27:06,4.12,25631,3181.00,3202.00,3185.00,10.39,86.05,10.91,887.40
2026-08-04T07:43:44,4.12,25631,3183.00,3205.00,3195.00,11.06,86.14,13.49,887.60
2026-08-04T08:00:23,4.12,25631,3188.00,3201.00,3195.50,12.71,81.47,14.67,888.03
2026-08-04T08:17:00,4.13,25631,3213.00,3232.00,3220.50,12.31,81.37,21.08,887.53
2026-08-04T08:33:38,4.13,25631,3250.00,3270.00,3258.00,12.69,77.99,24.06,887.32
2026-08-04T08:50:16,4.13,25631,3237.00,3318.00,3309.50,14.74,75.95,25.19,887.49
2026-08-04T09:06:54,4.13,25631,3270.00,3323.00,3315.00,15.35,72.77,26.55,887.44
2026-08-04T09:23:32,4.13,25631,3102.00,3458.00,3260.00,15.73,69.92,26.99,887.46
2026-08-04T09:40:09,4.14,25631,3227.00,3494.00,3279.50,15.71,71.06,28.04,887.61
2026-08-04T09:56:47,4.14,25631,3102.00,3486.00,3256.50,16.19,69.39,28.49,887.52
2026-08-04T10:13:25,4.14,25631,3270.00,3451.00,3348.00,16.39,68.80,28.16,887.53
2026-08-04T10:30:02,4.14,25631,3099.00,3347.00,3294.00,15.61,70.92,25.90,887.65
2026-08-04T10:46:40,4.13,25631,3224.00,3344.00,3315.00,15.68,67.66,24.44,887.71
2026-08-04T11:03:18,4.13,25631,3185.00,3374.00,3308.50,16.74,63.99,23.46,887.79
2026-08-04T11:19:55,4.13,25631,3202.00,3334.00,3275.50,15.92,68.86,21.97,887.91
2026-08-04T11:36:33,4.14,25631,3169.00,3330.00,3206.50,15.92,69.97,21.52,887.96
2026-08-04T11:53:11,4.13,25631,3200.00,3348.00,3247.00,16.60,64.37,21.56,888.09
2026-08-04T12:09:49,4.13,25631,3233.00,3376.00,3314.50,17.38,67.96,21.79,888.07
2026-08-04T12:26:26,4.13,25631,3048.00,3322.00,3248.00,17.79,58.87,21.83,888.10
2026-08-04T12:43:04,4.13,25631,3076.00,3283.00,3222.00,18.51,60.11,22.03,888.09
2026-08-04T12:59:42,4.13,25631,3233.00,3307.00,3262.50,18.49,59.64,22.50,888.09
2026-08-04T13:16:20,4.14,25631,3181.00,3327.00,3274.50,19.41,58.51,22.76,888.18
2026-08-04T13:32:57,4.14,25631,3196.00,3349.00,3290.00,19.34,54.24,23.25,888.09
2026-08-04T13:49:35,4.14,25631,3278.00,3348.00,3304.50,19.06,52.48,23.27,888.08
2026-08-04T14:06:13,4.13,25631,3237.00,3381.00,3277.50,18.76,56.21,23.13,888.12
2026-08-04T14:22:51,4.13,25631,3211.00,3323.00,3301.50,18.67,58.64,22.74,888.27
2026-08-04T14:39:28,4.14,25631,3207.00,3314.00,3273.50,18.31,58.73,22.56,888.26
2026-08-04T14:56:06,4.13,25631,3192.00,3277.00,3241.50,18.82,59.20,22.55,888.33
2026-08-04T15:12:44,4.14,25631,3168.00,3292.00,3258.00,17.86,63.55,21.93,888.34
2026-08-04T15:29:21,4.14,25631,3213.00,3257.00,3246.00,17.83,64.96,21.59,888.30
2026-08-04T15:45:59,4.13,25631,3092.00,3260.00,3247.50,17.76,60.40,21.70,888.27
2026-08-04T16:02:37,4.13,25631,3236.00,3348.00,3260.00,19.89,53.08,22.68,888.26
2026-08-04T16:19:15,4.13,25631,3206.00,3288.00,3249.50,18.67,61.05,22.71,888.27
2026-08-04T16:35:52,4.14,25631,3208.00,3307.00,3277.50,18.42,59.86,22.90,888.17
2026-08-04T16:52:30,4.13,25631,3187.00,3313.00,3251.50,19.83,55.72,23.80,888.18
2026-08-04T17:09:08,4.14,25631,3194.00,3291.00,3221.50,19.18,58.48,23.35,888.22
2026-08-04T17:25:45,4.14,25631,3237.00,3264.00,3256.00,17.77,64.79,21.81,888.17
2026-08-04T17:42:23,4.12,25631,3196.00,3295.00,3269.50,18.55,61.62,21.50,888.23
2026-08-04T17:59:01,4.13,25631,3241.00,3281.00,3270.50,17.49,66.04,20.97,888.20
2026-08-04T18:15:39,4.13,25631,3232.00,3262.00,3244.50,17.01,67.88,20.01,888.21
2026-08-04T18:32:17,4.13,25631,3233.00,3251.00,3244.00,16.91,61.95,19.97,888.15
2026-08-04T18:48:54,4.02,25631,3211.00,3632.00,3226.50,16.34,63.51,19.35,888.04
2026-08-04T19:05:32,3.91,25631,3196.00,3224.00,3218.00,15.75,65.28,17.81,888.04
2026-08-04T19:22:10,3.91,25631,3204.00,3224.00,3213.00,15.35,67.63,16.58,888.03
2026-08-04T19:38:47,3.90,25631,3198.00,3224.00,3212.00,14.75,73.82,15.74,887.94
2026-08-04T19:55:25,3.90,25631,3191.00,3217.00,3197.50,14.71,69.71,15.14,888.02
2026-08-04T20:12:03,3.90,25631,3190.00,3370.00,3218.00,14.63,72.85,14.65,888.09
2026-08-04T20:28:40,3.89,25631,3187.00,3373.00,3214.00,14.34,73.08,14.25,888.16
2026-08-04T20:45:17,3.89,25631,3172.00,3567.00,3292.50,14.26,71.01,14.10,888.24
2026-08-04T21:01:55,3.89,25631,3206.00,3227.00,3220.00,14.37,71.08,13.97,888.24
2026-08-04T21:18:32,3.89,25631,3215.00,3436.00,3233.00,14.10,72.09,13.75,888.36
2026-08-04T21:35:10,3.89,25631,3439.00,3445.00,3442.50,13.90,73.87,13.56,888.40
2026-08-04T21:51:47,3.89,25631,3220.00,3439.00,3433.50,13.55,77.70,13.31,888.35
2026-08-04T22:08:24,3.89,25631,3206.00,3454.00,3231.50,13.57,77.63,13.12,888.36
2026-08-04T22:25:02,3.89,25631,3222.00,3233.00,3225.50,13.10,81.58,12.93,888.50
2026-08-04T22:41:39,3.89,25631,3215.00,3339.00,3227.50,13.33,80.06,12.93,888.66
2026-08-04T22:58:17,3.89,25631,3222.00,3335.00,3233.50,12.89,82.17,12.85,888.61
2026-08-04T23:14:54,3.90,25631,3210.00,3235.00,3223.50,12.76,82.40,12.61,888.78
2026-08-04T23:31:32,3.89,25631,3209.00,3332.00,3231.00,13.19,79.18,12.67,888.72
2026-08-04T23:48:09,3.89,25631,3222.00,3235.00,3227.00,13.03,80.88,12.75,888.75
2026-08-05T00:04:46,3.89,25631,3213.00,3238.00,3225.50,12.72,82.61,12.65,888.85
2026-08-05T00:21:24,3.89,25631,3214.00,3237.00,3218.50,12.69,81.72,12.50,888.91
2026-08-05T00:38:01,3.89,25631,3215.00,3346.00,3224.50,12.72,82.08,12.53,888.79
2026-08-05T00:54:39,3.89,25631,3213.00,3231.00,3221.00,12.89,80.51,12.53,888.86
2026-08-05T01:11:16,3.89,25631,3208.00,3235.00,3230.50,12.96,81.42,12.59,888.98
2026-08-05T01:27:54,3.89,25631,3213.00,3235.00,3225.00,12.37,82.44,12.36,888.80
2026-08-05T01:44:31,3.89,25631,3218.00,3234.00,3226.00,12.55,82.11,12.33,888.89
2026-08-05T02:01:09,3.89,25631,3216.00,3363.00,3227.00,12.71,81.10,12.36,888.80
2026-08-05T02:17:46,3.89,25631,3215.00,3233.00,3222.50,12.86,76.93,12.42,888.72
2026-08-05T02:34:24,3.87,25631,3067.00,3236.00,3220.00,12.97,74.54,12.48,888.13
2026-08-05T02:51:01,3.89,25631,3223.00,3239.00,3231.00,11.93,84.05,12.44,888.10
2026-08-05T03:07:38,3.90,25631,3223.00,3237.00,3228.00,11.62,86.99,11.88,888.30
2026-08-05T03:24:16,3.89,25631,3213.00,3232.00,3221.00,11.58,87.46,11.64,888.23
2026-08-05T03:40:53,3.89,25631,3218.00,3234.00,3227.00,11.27,89.04,11.39,888.15
2026-08-05T03:57:31,3.89,25631,3220.00,3240.00,3233.00,11.18,88.02,11.24,888.21
2026-08-05T04:14:08,3.89,25631,3217.00,3239.00,3225.00,11.24,88.16,11.18,888.13
2026-08-05T04:30:46,3.89,25631,3215.00,3231.00,3219.50,11.75,85.83,11.30,888.08
2026-08-05T04:47:23,3.89,25631,3220.00,3235.00,3226.50,11.66,86.05,11.41,888.04
2026-08-05T05:04:01,3.89,25631,3221.00,3238.00,3233.00,11.38,87.31,11.32,888.23
2026-08-05T05:20:38,3.89,25631,3216.00,3235.00,3222.50,11.42,87.21,11.24,888.28
2026-08-05T05:37:16,3.89,25631,3216.00,3232.00,3226.50,11.28,87.69,11.20,888.35
2026-08-05T05:53:53,3.89,25631,3214.00,3228.00,3220.50,11.57,85.75,11.33,888.38
2026-08-05T06:10:31,3.89,25631,3215.00,3230.00,3225.00,11.46,86.79,11.52,888.40
2026-08-05T06:27:09,3.90,25631,3216.00,3231.00,3221.50,11.65,87.24,11.73,888.47
2026-08-05T06:43:47,3.90,25631,3217.00,3225.00,3219.00,11.25,89.85,11.78,888.66
2026-08-05T07:00:25,3.88,25631,3191.00,3212.00,3199.50,11.28,90.65,11.90,888.60
2026-08-05T07:17:03,4.12,25631,3168.00,3196.00,3176.00,11.43,90.49,12.05,888.52
2026-08-05T07:33:41,4.12,25631,3174.00,3193.00,3187.50,12.08,86.57,12.71,888.57
2026-08-05T07:50:19,4.12,25631,3185.00,3211.00,3198.00,12.59,85.15,13.88,888.57
2026-08-05T08:06:57,4.12,25631,3194.00,3213.00,3199.50,12.72,89.69,14.92,888.58
2026-08-05T08:23:35,4.13,25631,3224.00,3350.00,3258.50,14.50,81.38,19.10,888.56
2026-08-05T08:40:13,4.13,25631,3206.00,3265.00,3236.50,14.74,80.50,20.99,888.70
2026-08-05T08:56:51,4.13,25631,3204.00,3284.00,3243.50,14.13,81.51,22.45,888.47
2026-08-05T09:13:29,4.13,25631,3185.00,3243.00,3216.50,13.55,81.07,19.87,888.68
2026-08-05T09:30:07,4.13,25631,3198.00,3261.00,3209.50,13.83,83.59,19.70,888.95
2026-08-05T09:46:45,4.13,25631,3267.00,3307.00,3292.00,15.65,77.75,24.61,888.97
2026-08-05T10:03:22,4.14,25631,3182.00,3362.00,3241.00,14.98,78.53,25.55,889.00
2026-08-05T10:20:00,4.13,25631,3223.00,3324.00,3287.50,15.12,75.55,23.61,889.13
2026-08-05T10:36:38,4.14,25631,3199.00,3272.00,3217.00,16.40,68.55,24.66,889.10
2026-08-05T10:53:15,4.14,25631,3209.00,3399.00,3301.00,17.70,64.36,25.61,889.15
2026-08-05T11:09:53,4.14,25631,3238.00,3313.00,3296.50,17.07,68.86,23.96,889.11
2026-08-05T11:26:31,4.14,25631,3228.00,3316.00,3251.00,15.92,66.37,22.58,889.21
2026-08-05T11:43:09,4.14,25631,3251.00,3495.00,3352.00,16.60,64.72,22.60,889.32
2026-08-05T11:59:46,4.14,25631,3131.00,3377.00,3240.50,17.53,63.03,23.14,889.38
2026-08-05T12:16:24,4.14,25631,3215.00,3334.00,3242.00,17.76,60.46,23.63,889.26
2026-08-05T12:33:02,4.14,25631,3166.00,3334.00,3244.50,16.98,55.82,22.75,889.41
2026-08-05T12:49:39,4.14,25631,3187.00,3376.00,3251.00,18.77,51.97,22.79,889.43
2026-08-05T13:06:17,4.13,25631,3211.00,3358.00,3242.50,18.22,56.68,22.95,889.58
2026-08-05T13:22:55,4.14,25631,3193.00,3331.00,3214.50,17.74,52.33,23.23,889.51
2026-08-05T13:39:32,4.14,25631,3237.00,3707.00,3308.50,19.17,48.03,23.30,889.65
2026-08-05T13:56:10,4.14,25631,3224.00,3352.00,3287.50,17.96,47.81,23.26,889.78
2026-08-05T14:12:48,4.13,25631,3181.00,3216.00,3206.00,17.65,51.21,24.41,889.67
2026-08-05T14:29:25,4.13,25631,3164.00,3340.00,3210.50,18.56,47.01,24.43,889.96
2026-08-05T14:46:03,4.14,25631,3166.00,3209.00,3188.00,17.31,53.12,23.33,889.85
2026-08-05T15:02:41,4.14,25631,3157.00,3296.00,3207.00,19.80,47.32,24.37,889.96
2026-08-05T15:19:18,4.13,25631,3188.00,3354.00,3283.50,19.48,49.15,24.18,889.87
2026-08-05T15:35:56,4.14,25631,3194.00,3212.00,3203.00,17.86,50.60,23.03,890.11
2026-08-05T15:52:34,4.14,25631,3205.00,3472.00,3357.00,18.09,49.70,23.65,890.03
2026-08-05T16:09:11,4.14,25631,3064.00,3367.00,3346.00,18.49,52.25,23.22,890.22
2026-08-05T16:25:49,4.14,25631,3131.00,3351.00,3248.50,18.93,50.45,23.53,890.06
2026-08-05T16:42:27,4.14,25631,3068.00,3138.00,3098.00,16.97,52.56,22.71,889.91
2026-08-05T16:59:05,4.13,25631,3090.00,3313.00,3295.50,15.67,59.31,19.57,890.23
2026-08-05T17:15:42,4.13,25631,3151.00,3340.00,3319.00,18.89,48.86,22.35,890.05
2026-08-05T17:32:20,4.13,25631,3257.00,3374.00,3330.00,18.48,49.19,22.25,890.16
2026-08-05T17:48:58,4.14,25631,3115.00,3311.00,3140.50,19.25,46.94,22.24,890.34
2026-08-05T18:05:36,4.14,25631,3204.00,3330.00,3254.50,17.91,51.58,22.24,890.38
2026-08-05T18:22:13,4.13,25631,3193.00,3381.00,3238.00,16.92,54.17,21.24,890.25
2026-08-05T18:38:51,4.14,25631,3131.00,3384.00,3289.50,16.43,56.74,20.59,890.31
2026-08-05T18:55:29,4.14,25631,3107.00,3352.00,3331.00,15.73,59.12,20.27,890.30
2026-08-05T19:12:07,3.92,25631,3071.00,3318.00,3127.50,15.85,58.93,20.73,890.19
2026-08-05T19:28:44,3.91,25631,3072.00,3159.00,3091.00,13.31,65.13,17.27,889.89
2026-08-05T19:45:22,3.90,25631,3077.00,3094.00,3087.50,12.79,67.16,14.31,890.04
2026-08-05T20:02:00,3.89,25631,3071.00,3097.00,3085.00,12.37,68.37,13.06,890.00
2026-08-05T20:18:37,3.89,25631,3070.00,3149.00,3094.00,12.28,67.35,12.37,890.14
2026-08-05T20:35:15,3.89,25631,3057.00,3093.00,3076.00,12.04,68.80,11.97,890.19
2026-08-05T20:51:52,3.89,25631,3051.00,3082.00,3071.00,11.70,70.01,11.41,890.28
2026-08-05T21:08:30,3.89,25631,3056.00,3088.00,3074.50,11.57,70.49,11.07,890.39
2026-08-05T21:25:07,3.89,25631,3053.00,3082.00,3066.00,11.34,71.72,10.70,890.37
2026-08-05T21:41:45,3.89,25631,3054.00,3073.00,3070.00,11.30,71.55,10.53,890.38
2026-08-05T21:58:22,3.89,25631,3049.00,3087.00,3067.50,11.18,72.02,10.31,890.43
2026-08-05T22:15:00,3.89,25631,3054.00,3081.00,3065.50,11.03,72.00,10.18,890.39
2026-08-05T22:31:37,3.89,25631,3050.00,3074.00,3067.00,11.13,71.88,10.16,890.41
2026-08-05T22:48:15,3.89,25631,3063.00,3090.00,3078.00,10.86,72.92,10.02,890.30
2026-08-05T23:04:52,3.89,25631,3043.00,3079.00,3061.50,10.55,74.16,9.85,890.32
2026-08-05T23:21:30,3.89,25631,3051.00,3073.00,3063.00,10.66,73.52,9.77,890.27
2026-08-05T23:38:07,3.89,25631,3059.00,3095.00,3083.50,11.20,71.11,10.02,890.34
2026-08-05T23:54:45,3.89,25631,3056.00,3094.00,3084.00,10.94,72.18,10.14,890.32
2026-08-06T00:11:22,3.89,25631,3061.00,3092.00,3066.50,10.83,72.03,10.24,890.33
2026-08-06T00:28:00,3.89,25631,3051.00,3088.00,3084.00,10.72,71.78,10.06,890.36
2026-08-06T00:44:38,3.89,25631,3042.00,3087.00,3074.50,10.45,72.72,9.79,890.24
2026-08-06T01:01:15,3.89,25631,3066.00,3086.00,3073.00,10.63,71.92,9.64,890.20
2026-08-06T01:17:53,3.88,25631,3052.00,3072.00,3067.50,10.39,72.24,9.55,890.19
2026-08-06T01:34:30,3.89,25631,3064.00,3077.00,3068.50,10.44,70.52,9.39,890.21
2026-08-06T01:51:08,3.88,25631,3057.00,3081.00,3072.50,10.17,73.14,9.27,890.25
2026-08-06T02:07:45,3.88,25631,3063.00,3088.00,3071.00,9.70,73.85,8.96,890.23
2026-08-06T02:24:23,3.89,25631,3056.00,3083.00,3065.50,9.56,73.95,8.75,890.18
2026-08-06T02:41:00,3.89,25631,3051.00,3073.00,3067.50,9.98,73.29,8.89,890.12
2026-08-06T02:57:38,3.89,25631,3061.00,3078.00,3065.50,9.90,72.79,8.93,890.04
2026-08-06T03:14:15,3.88,25631,3049.00,3072.00,3063.00,9.82,72.71,9.02,890.10
2026-08-06T03:30:53,3.89,25631,3048.00,3080.00,3065.50,9.76,73.17,9.07,890.15
2026-08-06T03:47:31,3.88,25631,3037.00,3084.00,3073.00,10.14,70.39,9.18,890.17
2026-08-06T04:04:08,3.88,25631,3057.00,3074.00,3068.00,9.86,70.54,9.13,890.06
2026-08-06T04:20:46,3.88,25631,3040.00,3075.00,3063.00,9.82,71.44,8.92,889.96
2026-08-06T04:37:23,3.88,25631,3057.00,3085.00,3075.50,9.59,70.85,8.79,889.89
2026-08-06T04:54:01,3.87,25631,3056.00,3082.00,3071.00,9.84,71.31,8.77,889.93
2026-08-06T05:10:38,3.88,25631,3051.00,3082.00,3069.50,9.42,72.88,8.70,889.85
2026-08-06T05:27:16,3.88,25631,3053.00,3081.00,3066.00,8.83,75.64,8.47,889.82
2026-08-06T05:43:54,3.89,25631,3052.00,3084.00,3071.50,9.22,77.02,8.58,889.88
2026-08-06T06:00:32,3.89,25631,3053.00,3078.00,3072.50,8.87,76.15,8.60,889.81
2026-08-06T06:17:10,4.00,25631,3062.00,3081.00,3068.50,9.45,76.62,9.11,889.82
2026-08-06T06:33:48,4.00,25631,3057.00,3083.00,3072.50,9.59,76.26,9.41,889.81
2026-08-06T06:50:26,4.12,25631,3059.00,3085.00,3074.00,10.12,74.10,10.03,889.87
2026-08-06T07:07:05,4.12,25631,3050.00,3084.00,3070.00,10.92,72.05,11.14,889.77
2026-08-06T07:23:43,4.12,25631,3062.00,3105.00,3087.00,9.66,77.48,11.14,889.84
2026-08-06T07:40:21,4.12,25631,3051.00,3087.00,3070.00,10.49,75.64,11.54,889.95
2026-08-06T07:56:59,4.12,25631,3060.00,3087.00,3080.50,10.24,77.49,11.64,889.92
2026-08-06T08:13:37,4.12,25631,3056.00,3102.00,3082.50,10.28,81.52,12.12,889.93
2026-08-06T08:30:15,4.12,25631,3076.00,3122.00,3086.00,11.17,77.70,14.30,890.12
2026-08-06T08:46:53,4.12,25631,3074.00,3115.00,3094.50,11.61,75.24,15.38,889.96
2026-08-06T09:03:31,4.12,25631,3072.00,3261.00,3095.50,12.00,70.89,16.42,889.98
2026-08-06T09:20:09,4.12,25631,3075.00,3121.00,3092.00,12.41,68.13,17.42,890.02
2026-08-06T09:36:47,4.12,25631,3077.00,3131.00,3112.00,13.20,65.40,17.89,889.95
2026-08-06T09:53:25,4.12,25631,3090.00,3396.00,3275.50,13.31,70.43,18.02,889.91
2026-08-06T10:10:03,4.12,25631,3088.00,3292.00,3179.00,13.41,68.68,19.00,889.94
2026-08-06T10:26:41,4.13,25631,3125.00,3477.00,3379.00,13.54,69.26,19.49,889.86
2026-08-06T10:43:19,4.13,25631,3066.00,3313.00,3104.50,13.50,69.52,20.40,889.77
2026-08-06T10:59:57,4.13,25631,3184.00,3322.00,3230.00,14.96,66.75,21.80,890.03
2026-08-06T11:16:34,4.14,25631,3117.00,3291.00,3152.50,14.64,63.65,20.84,889.99
2026-08-06T11:33:12,4.13,25631,3065.00,3305.00,3265.00,14.17,67.59,20.55,889.99
2026-08-06T11:49:50,4.13,25631,3109.00,3347.00,3286.00,14.96,61.16,20.71,890.08
2026-08-06T12:06:28,4.14,25631,3281.00,3348.00,3305.00,16.47,57.30,20.81,890.04
2026-08-06T12:23:06,4.13,25631,3102.00,3341.00,3289.50,16.87,56.79,21.36,890.15
2026-08-06T12:39:44,4.13,25631,3202.00,3715.00,3331.00,17.14,56.71,21.90,890.01
2026-08-06T12:56:21,4.14,25631,3076.00,3360.00,3127.50,17.45,54.38,21.93,890.17
2026-08-06T13:12:59,4.13,25631,3169.00,3370.00,3330.00,17.84,57.15,23.11,890.16
2026-08-06T13:29:37,4.13,25631,3103.00,3339.00,3242.50,18.31,52.42,23.64,890.15
2026-08-06T13:46:15,4.13,25631,3115.00,3342.00,3219.50,18.82,53.30,23.90,890.05
2026-08-06T14:02:52,4.14,25631,3120.00,3377.00,3299.00,18.63,52.18,24.12,889.97
2026-08-06T14:19:30,4.13,25631,3242.00,3440.00,3318.00,19.04,51.09,24.07,889.94
2026-08-06T14:36:08,4.14,25631,3082.00,3316.00,3253.00,19.01,53.42,24.01,890.10
2026-08-06T14:52:45,4.14,25631,3100.00,3296.00,3282.00,18.26,50.85,23.63,889.83
2026-08-06T15:09:23,4.14,25631,3104.00,3279.00,3156.50,18.36,51.92,23.27,890.04
2026-08-06T15:26:01,4.14,25631,3100.00,3270.00,3130.50,18.57,52.79,23.51,889.87
2026-08-06T15:42:38,4.13,25631,3080.00,3125.00,3105.00,16.13,57.56,20.88,889.84
2026-08-06T15:59:16,4.13,25631,3101.00,3296.00,3270.50,15.36,59.73,19.27,889.87
2026-08-06T16:15:54,4.12,25631,3113.00,3273.00,3245.00,15.51,58.30,18.97,889.90
2026-08-06T16:32:32,4.13,25631,3087.00,3344.00,3138.00,15.47,61.88,18.56,889.84
2026-08-06T16:49:10,4.13,25631,3088.00,3268.00,3129.50,15.08,60.49,18.48,889.83
2026-08-06T17:05:48,4.13,25631,3085.00,3108.00,3097.00,15.70,59.41,18.49,889.93
2026-08-06T17:22:25,4.12,25631,3100.00,3275.00,3247.00,15.25,59.25,18.35,889.85
2026-08-06T17:39:03,4.12,25631,3096.00,3213.00,3124.00,15.09,59.23,17.79,889.88
2026-08-06T17:55:41,4.12,25631,3079.00,3134.00,3093.00,14.61,61.03,17.03,889.86
2026-08-06T18:12:19,4.01,25631,3067.00,3095.00,3089.00,14.20,64.90,16.28,889.81
2026-08-06T18:28:57,3.90,25631,3074.00,3092.00,3083.50,13.50,66.50,15.30,889.77
2026-08-06T18:45:35,3.91,25631,3073.00,3245.00,3106.50,13.41,63.95,14.55,889.73
2026-08-06T19:02:13,3.91,25631,3061.00,3102.00,3082.00,12.99,66.19,14.09,889.64
2026-08-06T19:18:50,3.91,25631,3068.00,3092.00,3085.50,12.91,67.02,13.60,889.78
2026-08-06T19:35:28,3.91,25631,3064.00,3090.00,3076.50,12.73,66.84,13.21,889.77
2026-08-06T19:52:06,3.90,25631,3065.00,3092.00,3077.00,12.44,67.64,12.80,889.73
2026-08-06T20:08:43,3.90,25631,3061.00,3082.00,3066.00,12.18,69.16,12.33,889.75
2026-08-06T20:25:21,3.89,25631,3061.00,3085.00,3073.50,12.10,68.90,11.98,889.81
2026-08-06T20:41:58,3.88,25631,3064.00,3090.00,3073.00,11.93,69.59,11.68,889.80
2026-08-06T20:58:36,3.89,25631,3052.00,3082.00,3070.50,11.93,69.80,11.57,889.79
2026-08-06T21:15:13,3.89,25631,3049.00,3078.00,3070.50,11.65,70.74,11.34,889.80
2026-08-06T21:31:51,3.89,25631,3056.00,3080.00,3069.00,11.43,72.23,11.12,889.79
2026-08-06T21:48:28,3.89,25631,3057.00,3073.00,3066.50,11.38,72.57,10.96,889.79
2026-08-06T22:05:06,3.89,25631,3058.00,3087.00,3071.50,11.51,72.54,10.91,889.76
2026-08-06T22:21:43,3.89,25631,3045.00,3086.00,3071.00,11.07,73.82,10.70,889.71
2026-08-06T22:38:21,3.89,25631,3041.00,3093.00,3073.50,10.94,75.59,10.55,889.81
2026-08-06T22:54:58,3.89,25631,3062.00,3082.00,3071.00,11.00,75.16,10.48,889.78
2026-08-06T23:11:36,3.89,25631,3059.00,3088.00,3078.00,10.97,75.13,10.35,889.69
2026-08-06T23:28:13,3.89,25631,3059.00,3087.00,3078.00,10.66,76.70,10.08,889.65
2026-08-06T23:44:51,3.89,25631,3054.00,3090.00,3075.00,10.11,78.48,9.67,889.65
2026-08-07T00:01:28,3.89,25631,3038.00,3089.00,3064.00,9.91,80.15,9.39,889.68
2026-08-07T00:18:06,3.89,25631,3064.00,3091.00,3067.00,9.69,80.68,9.13,889.62
2026-08-07T00:34:43,3.89,25631,3066.00,3092.00,3074.00,9.70,80.58,9.06,889.64
2026-08-07T00:51:21,3.89,25631,3047.00,3091.00,3076.00,9.70,81.50,8.94,889.62
2026-08-07T01:07:58,3.89,25631,3051.00,3082.00,3064.50,9.63,81.19,8.81,889.68
2026-08-07T01:24:36,3.89,25631,3058.00,3088.00,3070.50,9.53,81.68,8.74,889.64
2026-08-07T01:41:14,3.89,25631,3051.00,3085.00,3065.50,9.15,83.58,8.47,889.53
2026-08-07T01:57:51,3.89,25631,3060.00,3085.00,3081.00,9.42,82.15,8.46,889.51
2026-08-07T02:14:29,3.89,25631,3056.00,3090.00,3075.50,9.35,82.76,8.42,889.47
2026-08-07T02:31:06,3.89,25631,3060.00,3087.00,3075.50,8.98,83.57,8.21,889.44
2026-08-07T02:47:44,3.89,25631,3058.00,3084.00,3075.50,8.90,84.49,8.08,889.42
2026-08-07T03:04:21,3.89,25631,3042.00,3090.00,3073.00,8.90,84.45,8.11,889.28
2026-08-07T03:20:59,3.89,25631,3065.00,3089.00,3077.50,8.88,84.66,8.10,889.21
2026-08-07T03:37:37,3.89,25631,3058.00,3087.00,3077.50,9.15,82.81,8.15,889.20
2026-08-07T03:54:14,3.81,25631,3069.00,3088.00,3078.00,9.24,82.83,8.05,889.24
2026-08-07T04:10:52,3.80,25631,3075.00,3084.00,3079.50,9.08,84.03,8.09,889.17
2026-08-07T04:27:29,3.88,25631,3066.00,3086.00,3080.00,9.04,84.28,8.01,889.12
2026-08-07T04:44:07,3.88,25631,3057.00,3091.00,3077.00,9.00,84.89,7.95,889.12
2026-08-07T05:00:45,3.89,25631,3074.00,3309.00,3254.50,8.60,86.67,7.83,889.09
2026-08-07T05:17:22,3.89,25631,3074.00,3317.00,3132.00,8.49,86.62,7.70,889.16
2026-08-07T05:34:00,3.89,25631,3080.00,3172.00,3155.50,8.46,87.21,7.69,889.22
2026-08-07T05:50:38,3.89,25631,3081.00,3281.00,3159.00,8.49,87.07,7.74,889.25
2026-08-07T06:07:16,3.88,25631,3067.00,3290.00,3160.50,8.80,85.71,7.99,889.27
2026-08-07T06:23:54,3.90,25631,3108.00,3290.00,3191.00,8.41,87.50,8.07,889.23
2026-08-07T06:40:32,3.89,25631,3074.00,3294.00,3255.50,8.71,85.51,8.19,889.31
2026-08-07T06:57:10,4.11,25631,3161.00,3299.00,3191.50,8.80,88.26,8.47,889.32
2026-08-07T07:13:48,4.11,25631,3093.00,3304.00,3224.50,8.96,85.78,8.72,889.39
2026-08-07T07:30:27,4.11,25631,3092.00,3216.00,3195.50,9.60,83.86,9.35,889.28
2026-08-07T07:47:05,4.12,25631,3177.00,3313.00,3307.00,10.02,82.62,9.89,889.31
2026-08-07T08:03:43,4.12,25631,3091.00,3292.00,3197.50,11.80,77.24,14.08,889.74
2026-08-07T08:20:21,4.12,25631,3078.00,3123.00,3114.00,13.27,74.09,20.68,889.37
2026-08-07T08:36:59,4.13,25631,3134.00,3645.00,3148.00,13.41,72.05,23.36,889.21
2026-08-07T08:53:37,4.13,25631,3105.00,3286.00,3136.50,13.88,70.42,24.81,889.13
2026-08-07T09:10:15,4.14,25631,3101.00,3283.00,3118.50,13.82,71.49,25.38,889.03
2026-08-07T09:26:52,4.14,25631,3117.00,3435.00,3243.50,14.74,67.59,26.38,889.01
2026-08-07T09:43:30,4.13,25631,3110.00,3329.00,3263.50,14.02,70.12,26.25,888.85
2026-08-07T10:00:08,4.14,25631,3118.00,3296.00,3246.00,14.48,67.36,25.72,888.95
2026-08-07T10:16:45,4.13,25631,3220.00,3351.00,3281.00,14.08,70.44,24.83,889.04
2026-08-07T10:33:23,4.14,25631,3125.00,3279.00,3248.50,14.85,65.78,24.56,889.02
2026-08-07T10:50:01,4.13,25631,3133.00,3379.00,3278.50,14.40,66.93,23.71,888.90
2026-08-07T11:06:39,4.14,25631,3137.00,3337.00,3278.00,14.96,66.11,22.14,889.09
2026-08-07T11:23:16,4.13,25631,3146.00,3375.00,3277.00,14.78,64.05,21.84,889.08
2026-08-07T11:39:54,4.13,25631,3235.00,3609.00,3288.00,14.24,66.93,20.92,888.97
2026-08-07T11:56:32,4.13,25631,3101.00,3336.00,3143.50,14.92,62.19,20.76,888.78
2026-08-07T12:13:10,4.13,25631,3173.00,3636.00,3297.00,17.12,59.97,21.64,888.80
2026-08-07T12:29:48,4.14,25631,3278.00,3388.00,3302.00,16.77,54.65,21.83,888.84
2026-08-07T12:46:25,4.14,25631,3252.00,3387.00,3328.00,16.49,56.42,22.99,888.66
2026-08-07T13:03:03,4.13,25631,3231.00,3360.00,3270.00,14.57,62.53,20.35,888.60
2026-08-07T13:19:41,4.13,25631,3109.00,3359.00,3259.00,17.15,56.11,21.43,888.74
2026-08-07T13:36:19,4.13,25631,3125.00,3273.00,3264.00,14.98,61.48,19.86,888.55
2026-08-07T13:52:57,4.13,25631,3131.00,3341.00,3256.00,14.85,63.67,19.02,888.55
2026-08-07T14:09:34,4.11,25631,3125.00,3260.00,3236.00,14.09,65.02,17.89,888.52
2026-08-07T14:26:12,4.12,25631,3111.00,3247.00,3219.00,13.86,63.70,17.39,888.43
2026-08-07T14:42:50,4.13,25631,3106.00,3272.00,3237.00,15.22,62.35,17.78,888.49
2026-08-07T14:59:28,4.13,25631,3087.00,3220.00,3111.00,15.78,57.34,19.07,888.40
2026-08-07T15:16:06,4.13,25631,3120.00,3252.00,3130.50,14.34,62.82,18.34,888.21
2026-08-07T15:32:44,4.13,25631,3088.00,3231.00,3206.00,15.46,62.16,18.80,888.31
2026-08-07T15:49:22,4.13,25631,3133.00,3379.00,3217.50,16.12,57.85,20.12,888.13
2026-08-07T16:06:00,4.13,25631,3096.00,3270.00,3132.50,15.98,60.94,19.46,887.95
2026-08-07T16:22:37,4.13,25631,3097.00,3347.00,3172.00,16.68,55.07,20.27,888.17
2026-08-07T16:39:15,4.13,25631,3119.00,3248.00,3142.50,16.36,57.09,19.62,887.90
2026-08-07T16:55:53,4.13,25631,3094.00,3209.00,3123.00,16.18,59.64,18.77,887.99
2026-08-07T17:12:31,4.13,25631,3187.00,3258.00,3224.00,18.32,50.47,20.25,887.67
2026-08-07T17:29:09,4.13,25631,3097.00,3133.00,3117.00,14.71,62.69,18.08,887.90
2026-08-07T17:45:47,4.12,25631,3082.00,3120.00,3107.50,14.26,65.53,16.79,887.94
2026-08-07T18:02:25,4.12,25631,3097.00,3193.00,3106.50,14.13,65.98,16.39,888.05
2026-08-07T18:19:03,4.13,25631,3083.00,3210.00,3195.50,15.44,61.10,17.70,888.01
2026-08-07T18:35:41,4.12,25631,3099.00,3492.00,3208.00,15.22,61.60,17.69,888.23
2026-08-07T18:52:18,3.90,25631,3120.00,3289.00,3206.00,14.79,63.74,18.77,887.57
2026-08-07T19:08:56,3.91,25631,3097.00,3114.00,3103.50,12.95,70.71,15.68,887.71
2026-08-07T19:25:34,3.91,25631,3085.00,3231.00,3095.50,12.52,70.46,14.14,887.78
2026-08-07T19:42:12,3.91,25631,3080.00,3100.00,3094.00,11.86,72.55,12.87,887.86
2026-08-07T19:58:50,3.89,25631,3073.00,3112.00,3089.50,11.39,73.55,11.91,887.93
2026-08-07T20:15:27,3.88,25631,3056.00,3113.00,3077.00,11.25,72.79,11.25,887.98
2026-08-07T20:32:05,3.89,25631,3062.00,3081.00,3072.50,10.94,74.04,10.78,888.03
2026-08-07T20:48:42,3.89,25631,3065.00,3101.00,3078.50,10.93,74.16,10.44,888.23
2026-08-07T21:05:20,3.89,25631,3068.00,3091.00,3082.50,10.76,74.82,10.29,888.29
2026-08-07T21:21:57,3.89,25631,3058.00,3085.00,3072.50,10.39,76.39,9.94,888.33
2026-08-07T21:38:35,3.89,25631,3064.00,3085.00,3078.00,10.39,76.86,9.74,888.34
2026-08-07T21:55:12,3.89,25631,3066.00,3085.00,3079.50,10.65,76.36,9.75,888.31
2026-08-07T22:11:50,3.89,25631,3052.00,3086.00,3078.50,10.50,77.19,9.74,888.27
2026-08-07T22:28:28,3.89,25631,3066.00,3088.00,3078.50,10.58,76.87,9.84,888.25
2026-08-07T22:45:05,3.88,25631,3060.00,3092.00,3075.00,10.12,78.25,9.65,888.16
2026-08-07T23:01:43,3.89,25631,3046.00,3092.00,3073.50,9.87,79.38,9.35,888.12
2026-08-07T23:18:20,3.89,25631,3065.00,3085.00,3070.00,9.79,79.99,9.13,888.14
2026-08-07T23:34:58,3.89,25631,3058.00,3077.00,3071.00,9.94,79.58,9.04,888.18
2026-08-07T23:51:35,3.89,25631,3049.00,3083.00,3068.00,10.24,78.57,9.06,888.21
2026-08-08T00:08:13,3.89,25631,3059.00,3085.00,3071.00,9.67,80.70,8.92,888.16
2026-08-08T00:24:51,3.89,25631,3057.00,3088.00,3067.50,9.43,81.83,8.71,888.12
2026-08-08T00:41:28,3.89,25631,3057.00,3079.00,3067.00,9.36,83.02,8.50,888.08
2026-08-08T00:58:06,3.89,25631,3055.00,3100.00,3071.50,9.79,81.99,8.69,887.93
2026-08-08T01:14:43,3.89,25631,3055.00,3075.00,3070.50,9.21,84.66,8.47,887.90
2026-08-08T01:31:21,3.88,25631,3064.00,3080.00,3074.00,9.08,84.31,8.33,887.93
2026-08-08T01:47:58,3.89,25631,3062.00,3128.00,3085.50,9.25,85.08,8.32,887.82
2026-08-08T02:04:36,3.89,25631,3039.00,3084.00,3073.00,8.83,86.68,8.16,887.74
2026-08-08T02:21:14,3.89,25631,3065.00,3184.00,3068.50,8.92,86.36,8.19,887.74
2026-08-08T02:37:51,3.89,25631,3055.00,3085.00,3070.50,8.77,86.04,8.01,887.77
2026-08-08T02:54:29,3.89,25631,3060.00,3096.00,3072.00,8.61,87.09,7.86,887.77
2026-08-08T03:11:06,3.89,25631,3055.00,3077.00,3069.00,8.69,87.86,7.83,887.74
2026-08-08T03:27:44,3.88,25631,3066.00,3103.00,3083.00,8.41,89.58,7.70,887.71
2026-08-08T03:44:22,3.88,25631,3073.00,3089.00,3082.00,7.93,91.14,7.44,887.71
2026-08-08T04:00:59,3.88,25631,3061.00,3089.00,3081.50,7.73,92.04,7.28,887.64
2026-08-08T04:17:37,3.87,25631,3067.00,3085.00,3080.50,8.36,90.70,7.40,887.68
2026-08-08T04:34:15,3.89,25631,3071.00,3100.00,3081.00,8.16,91.14,7.45,887.64
2026-08-08T04:50:52,3.88,25631,3084.00,3121.00,3103.50,8.04,91.64,7.33,887.62
2026-08-08T05:07:30,3.88,25631,3090.00,3133.00,3103.50,7.55,92.77,7.15,887.68
2026-08-08T05:24:07,3.88,25631,3092.00,3223.00,3120.50,7.62,93.31,7.16,887.64
2026-08-08T05:40:45,3.89,25631,3114.00,3221.00,3122.50,7.97,93.06,7.27,887.74
2026-08-08T05:57:23,3.89,25631,3118.00,3242.00,3130.50,7.95,93.77,7.36,887.74
2026-08-08T06:14:01,4.00,25631,3128.00,3252.00,3239.00,8.31,92.96,7.65,887.80
2026-08-08T06:30:39,3.89,25631,3090.00,3259.00,3130.50,8.41,93.15,7.92,887.79
2026-08-08T06:47:17,3.89,25631,3103.00,3134.00,3124.00,8.43,92.57,8.06,887.82
2026-08-08T07:03:56,4.11,25631,3108.00,3149.00,3129.00,8.63,92.84,8.32,887.90
2026-08-08T07:20:34,4.12,25631,3111.00,3262.00,3135.00,9.29,92.31,8.91,887.82
2026-08-08T07:37:12,4.11,25631,3127.00,3174.00,3162.50,9.59,90.72,9.68,887.85
2026-08-08T07:53:50,4.12,25631,3106.00,3138.00,3129.00,9.74,90.45,9.95,887.96
2026-08-08T08:10:29,4.12,25631,3120.00,3167.00,3140.00,11.75,83.17,16.64,888.22
2026-08-08T08:27:07,4.12,25631,3102.00,3377.00,3229.00,12.46,79.51,21.01,888.05
2026-08-08T08:43:44,4.13,25631,3098.00,3364.00,3120.00,12.31,79.00,22.35,887.86
2026-08-08T09:00:22,3.99,25631,3092.00,3276.00,3110.50,13.20,75.72,23.92,887.88
2026-08-08T09:17:00,4.14,25631,3081.00,3304.00,3117.50,12.83,79.03,23.70,888.05
2026-08-08T09:33:38,4.13,25631,3091.00,3411.00,3126.00,13.34,76.08,24.62,887.91
2026-08-08T09:50:16,4.14,25631,3238.00,3384.00,3284.00,12.58,78.87,24.43,887.71
2026-08-08T10:06:53,4.13,25631,3105.00,3402.00,3128.00,13.69,70.76,24.10,887.95
2026-08-08T10:23:31,4.13,25631,3073.00,3417.00,3208.00,13.76,75.43,23.88,887.91
2026-08-08T10:40:09,4.14,25631,3226.00,3667.00,3315.00,14.09,76.94,23.38,887.87
2026-08-08T10:56:47,4.14,25631,3095.00,3464.00,3326.50,14.12,76.06,22.64,887.95
2026-08-08T11:13:24,4.13,25631,3092.00,3364.00,3288.00,13.30,76.49,20.93,887.86
2026-08-08T11:30:02,4.13,25631,3270.00,3664.00,3325.00,13.54,72.45,20.72,888.04
2026-08-08T11:46:40,4.13,25631,3126.00,3350.00,3276.50,13.37,76.82,19.27,888.08
2026-08-08T12:03:18,4.13,25631,3092.00,3359.00,3125.00,13.57,73.17,18.17,888.18
2026-08-08T12:19:56,4.13,25631,3230.00,3479.00,3299.50,15.43,66.24,20.46,888.35
2026-08-08T12:36:34,4.13,25631,3183.00,3383.00,3293.50,14.75,65.79,20.59,887.90
2026-08-08T12:53:12,4.13,25631,3082.00,3347.00,3119.00,13.85,71.26,18.62,888.08
2026-08-08T13:09:49,4.12,25631,3072.00,3126.00,3108.00,13.20,70.97,17.14,888.22
2026-08-08T13:26:27,4.12,25631,3049.00,3229.00,3094.50,14.87,69.72,18.39,888.56
2026-08-08T13:43:05,4.12,25631,3089.00,3283.00,3110.00,14.36,70.04,19.00,888.40
2026-08-08T13:59:43,4.13,25631,3125.00,3281.00,3133.50,14.54,70.41,18.96,888.28
2026-08-08T14:16:21,4.13,25631,3117.00,3488.00,3209.00,14.89,68.61,19.16,888.29
2026-08-08T14:32:59,4.12,25631,3120.00,3351.00,3232.00,14.33,72.44,18.67,888.29
2026-08-08T14:49:37,4.13,25631,3078.00,3259.00,3113.00,14.08,73.30,17.49,888.28
2026-08-08T15:06:15,4.13,25631,3119.00,3270.00,3126.50,14.59,65.91,17.49,888.34
2026-08-08T15:22:53,4.12,25631,3115.00,3272.00,3255.50,14.17,73.33,17.35,888.25
2026-08-08T15:39:31,4.12,25631,3073.00,3270.00,3117.00,13.55,77.78,16.66,888.37
2026-08-08T15:56:09,4.13,25631,3086.00,3135.00,3096.00,13.98,75.39,17.13,888.37
2026-08-08T16:12:46,4.13,25631,3087.00,3251.00,3111.00,14.30,70.50,17.34,888.24
2026-08-08T16:29:24,4.13,25631,3065.00,3126.00,3087.50,13.36,72.91,16.43,888.19
2026-08-08T16:46:02,4.12,25631,3066.00,3098.00,3081.50,13.53,72.44,15.77,888.33
2026-08-08T17:02:40,4.12,25631,3064.00,3094.00,3077.50,13.43,73.47,15.68,888.37
2026-08-08T17:19:18,4.12,25631,3077.00,3118.00,3094.00,13.95,74.66,15.85,888.37
2026-08-08T17:35:56,4.12,25631,3069.00,3109.00,3080.00,12.88,77.27,14.96,888.44
2026-08-08T17:52:34,4.12,25631,3068.00,3107.00,3078.50,12.75,78.86,14.67,888.58
2026-08-08T18:09:12,4.12,25631,3071.00,3095.00,3076.00,13.43,74.62,14.97,888.66
2026-08-08T18:25:50,4.12,25631,3074.00,3097.00,3084.50,13.78,74.58,15.16,888.67
2026-08-08T18:42:29,3.90,25631,3064.00,3107.00,3087.50,12.40,78.47,14.39,888.63
2026-08-08T18:59:07,3.91,25631,3069.00,3111.00,3083.50,12.17,79.49,13.71,888.74
2026-08-08T19:15:44,4.05,25631,3056.00,3084.00,3070.00,11.97,79.69,13.16,888.88
2026-08-08T19:32:22,3.90,25631,3048.00,3075.00,3064.00,11.69,81.68,12.62,888.91
2026-08-08T19:49:00,3.90,25631,3047.00,3080.00,3063.00,11.57,81.93,12.29,888.98
2026-08-08T20:05:38,3.90,25631,3055.00,3082.00,3064.00,11.35,82.43,11.98,889.10
2026-08-08T20:22:15,3.90,25631,3051.00,3074.00,3063.00,11.17,83.06,11.57,889.20
2026-08-08T20:38:53,3.89,25631,3050.00,3091.00,3069.00,10.87,83.77,11.01,889.30
2026-08-08T20:55:30,3.89,25631,3041.00,3075.00,3059.50,10.55,85.25,10.42,889.42
2026-08-08T21:12:08,3.89,25631,3059.00,3090.00,3066.00,10.37,86.02,10.01,889.52
2026-08-08T21:28:45,3.89,25631,3055.00,3078.00,3068.50,10.32,86.57,9.77,889.60
2026-08-08T21:45:23,3.89,25631,3056.00,3074.00,3063.50,9.90,88.06,9.58,889.64
2026-08-08T22:02:01,3.89,25631,3045.00,3088.00,3066.00,9.93,87.61,9.40,889.72
2026-08-08T22:18:38,3.89,25631,3059.00,3082.00,3068.00,9.98,87.97,9.33,889.66
2026-08-08T22:35:16,3.89,25631,3057.00,3079.00,3064.00,10.02,88.33,9.24,889.69
2026-08-08T22:51:53,3.89,25631,3060.00,3081.00,3071.50,9.80,88.94,9.17,889.72
2026-08-08T23:08:31,3.89,25631,3072.00,3086.00,3080.00,9.40,90.75,8.95,889.82
2026-08-08T23:25:08,3.89,25631,3075.00,3087.00,3081.50,8.92,92.13,8.67,889.82
2026-08-08T23:41:46,3.89,25631,3053.00,3098.00,3075.00,8.83,92.50,8.50,889.87
2026-08-08T23:58:24,3.89,25631,3060.00,3085.00,3080.50,9.03,92.75,8.47,889.88
2026-08-09T00:15:01,3.89,25631,3072.00,3097.00,3082.00,9.05,92.13,8.51,889.81
2026-08-09T00:31:39,3.89,25631,3074.00,3085.00,3082.00,8.98,92.48,8.47,889.86
2026-08-09T00:48:16,3.89,25631,3071.00,3091.00,3081.00,8.74,93.15,8.39,889.85
2026-08-09T01:04:54,3.89,25631,3068.00,3309.00,3079.50,8.94,94.74,8.34,889.96
2026-08-09T01:21:32,3.89,25631,3069.00,3305.00,3082.00,8.96,94.92,8.58,890.00
2026-08-09T01:38:09,3.89,25631,3073.00,3308.00,3087.50,8.97,94.84,8.69,890.10
2026-08-09T01:54:47,3.89,25631,3074.00,3314.00,3196.50,9.14,94.31,8.88,890.06
2026-08-09T02:11:24,3.89,25631,3070.00,3313.00,3082.00,9.05,94.04,8.89,890.03
2026-08-09T02:28:02,3.89,25631,3060.00,3315.00,3082.50,9.08,94.44,8.85,890.00
2026-08-09T02:44:40,3.89,25631,3071.00,3325.00,3240.00,8.71,94.48,8.53,889.95
2026-08-09T03:01:17,3.88,25631,3078.00,3170.00,3150.50,8.63,95.14,8.33,890.04
2026-08-09T03:17:55,3.89,25631,3064.00,3187.00,3146.50,8.66,95.58,8.43,890.08
2026-08-09T03:34:32,3.89,25631,3098.00,3191.00,3145.50,8.83,95.67,8.58,890.08
2026-08-09T03:51:10,3.89,25631,3077.00,3167.00,3141.00,8.83,95.62,8.69,890.15
2026-08-09T04:07:47,3.89,25631,3081.00,3166.00,3146.50,8.81,95.18,8.74,890.20
2026-08-09T04:24:25,3.89,25631,3080.00,3156.00,3138.50,8.81,94.35,8.77,890.26
2026-08-09T04:41:03,3.89,25631,3077.00,3169.00,3149.00,8.61,94.52,8.69,890.28
2026-08-09T04:57:40,3.89,25631,3081.00,3179.00,3138.50,8.64,94.51,8.64,890.29
2026-08-09T05:14:18,3.88,25631,3067.00,3177.00,3149.50,8.59,94.18,8.62,890.26
2026-08-09T05:30:55,3.89,25631,3069.00,3163.00,3139.50,8.57,94.41,8.55,890.31
2026-08-09T05:47:33,3.89,25631,3068.00,3169.00,3093.50,8.63,94.44,8.61,890.36
2026-08-09T06:04:11,3.89,25631,3081.00,3170.00,3143.50,8.74,94.45,8.77,890.43
2026-08-09T06:20:49,3.89,25631,3080.00,3185.00,3128.00,8.97,94.01,9.08,890.51
2026-08-09T06:37:27,3.91,25631,3089.00,3182.00,3154.50,9.11,93.84,9.48,890.56
2026-08-09T06:54:05,4.12,25631,3075.00,3183.00,3090.50,9.14,93.38,9.88,890.55
2026-08-09T07:10:43,4.12,25631,3069.00,3092.00,3077.00,9.72,93.57,10.45,890.59
2026-08-09T07:27:21,4.12,25631,3079.00,3190.00,3087.00,9.56,93.67,10.97,890.57
2026-08-09T07:43:59,4.12,25631,3058.00,3103.00,3086.50,10.05,93.68,11.34,890.64
2026-08-09T08:00:38,4.12,25631,3069.00,3091.00,3081.50,9.95,92.80,11.49,890.67
2026-08-09T08:17:16,4.12,25631,3073.00,3100.00,3090.00,9.74,93.47,11.70,890.70
2026-08-09T08:33:54,4.12,25631,3082.00,3099.00,3089.50,10.42,91.44,12.13,890.75
2026-08-09T08:50:32,4.12,25631,3068.00,3105.00,3084.50,10.05,92.71,12.52,890.85
2026-08-09T09:07:10,4.12,25631,3062.00,3091.00,3080.00,10.48,91.08,12.83,890.90
2026-08-09T09:23:48,4.12,25631,3059.00,3095.00,3087.00,11.45,90.28,13.56,890.98
2026-08-09T09:40:26,4.12,25631,3079.00,3105.00,3087.50,11.82,88.15,14.01,891.01
2026-08-09T09:57:04,4.12,25631,3068.00,3100.00,3091.00,12.10,84.97,15.37,891.15
2026-08-09T10:13:42,4.12,25631,3078.00,3128.00,3107.50,13.03,84.42,16.63,891.09
2026-08-09T10:30:20,4.12,25631,3064.00,3095.00,3086.50,12.68,85.57,16.61,891.22
2026-08-09T10:46:58,4.13,25631,3085.00,3108.00,3093.00,13.54,83.42,17.18,891.29
2026-08-09T11:03:36,4.12,25631,3077.00,3103.00,3091.50,13.37,83.15,17.27,891.46
2026-08-09T11:20:14,4.12,25631,3073.00,3108.00,3091.00,13.34,81.38,17.33,891.40
2026-08-09T11:36:52,4.12,25631,3055.00,3199.00,3099.00,14.03,78.52,18.14,891.48
2026-08-09T11:53:30,4.13,25631,3106.00,3325.00,3143.50,15.65,74.10,20.98,891.59
2026-08-09T12:10:07,4.13,25631,3103.00,3300.00,3132.50,14.56,76.80,20.69,891.35
2026-08-09T12:26:45,4.13,25631,3113.00,3391.00,3282.50,15.20,71.01,20.87,891.39
2026-08-09T12:43:23,4.13,25631,3052.00,3378.00,3095.00,15.53,68.07,20.63,891.51
2026-08-09T13:00:01,4.12,25631,3094.00,3236.00,3114.50,15.18,69.15,20.61,891.48
2026-08-09T13:16:39,4.13,25631,3137.00,3301.00,3154.00,15.81,66.33,20.64,891.50
2026-08-09T13:33:16,4.13,25631,3068.00,3277.00,3104.00,15.97,68.28,20.45,891.57
2026-08-09T13:49:54,4.14,25631,3059.00,3114.00,3095.50,15.74,69.00,20.72,891.47
2026-08-09T14:06:32,4.14,25631,3133.00,3274.00,3146.50,15.61,67.62,21.22,891.45
2026-08-09T14:23:10,4.13,25631,3101.00,3273.00,3112.00,16.09,65.49,21.20,891.48
2026-08-09T14:39:48,4.13,25631,3065.00,3283.00,3116.50,15.53,67.12,21.06,891.36
2026-08-09T14:56:25,4.13,25631,3103.00,3374.00,3172.00,16.45,66.17,21.44,891.44
2026-08-09T15:13:03,4.14,25631,3078.00,3355.00,3227.00,17.57,59.41,23.14,891.22
2026-08-09T15:29:41,4.13,25631,3105.00,3367.00,3263.50,19.35,59.74,25.43,891.26
2026-08-09T15:46:19,4.14,25631,3233.00,3667.00,3303.00,18.14,60.89,23.11,891.10
2026-08-09T16:02:56,4.14,25631,3082.00,3279.00,3154.50,16.08,67.82,20.30,890.99
2026-08-09T16:19:34,4.13,25631,3075.00,3230.00,3090.50,15.00,72.28,18.22,891.07
2026-08-09T16:36:12,4.12,25631,3075.00,3120.00,3086.00,14.47,73.89,17.23,891.22
2026-08-09T16:52:50,4.12,25631,3094.00,3368.00,3256.00,15.54,70.16,18.62,891.55
2026-08-09T17:09:28,4.13,25631,3105.00,3129.00,3117.50,17.70,61.37,20.96,891.03
2026-08-09T17:26:06,4.12,25631,3087.00,3113.00,3095.00,15.20,70.60,18.50,891.12
2026-08-09T17:42:44,4.13,25631,3084.00,3107.00,3091.50,15.22,69.16,17.58,891.22
2026-08-09T17:59:22,4.12,25631,3073.00,3116.00,3098.00,15.55,71.28,17.45,891.27
2026-08-09T18:15:59,4.01,25631,3083.00,3096.00,3091.00,15.44,70.36,17.23,891.28
2026-08-09T18:32:37,3.91,25631,3078.00,3102.00,3089.50,14.72,73.43,16.69,891.20
2026-08-09T18:49:15,3.91,25631,3067.00,3097.00,3080.00,14.32,73.94,16.11,891.38
2026-08-09T19:05:53,4.13,25631,3096.00,3122.00,3108.50,16.16,66.62,18.50,891.40
2026-08-09T19:22:31,3.91,25631,3072.00,3119.00,3099.50,14.87,70.08,17.86,891.04
2026-08-09T19:39:08,3.90,25631,3074.00,3090.00,3085.00,13.33,75.17,14.93,891.27
2026-08-09T19:55:46,3.90,25631,3046.00,3078.00,3060.50,12.66,77.30,13.50,891.41
2026-08-09T20:12:24,3.89,25631,3063.00,3080.00,3072.50,12.27,78.40,12.61,891.54
2026-08-09T20:29:01,3.89,25631,3052.00,3072.00,3065.00,12.46,77.56,12.25,891.62
2026-08-09T20:45:39,3.89,25631,3054.00,3078.00,3066.00,12.58,77.63,11.98,891.74
2026-08-09T21:02:16,3.90,25631,3048.00,3072.00,3064.50,12.40,78.31,11.76,891.75
2026-08-09T21:18:53,3.89,25631,3056.00,3074.00,3067.00,11.93,79.98,11.53,891.85
2026-08-09T21:35:31,3.89,25631,3056.00,3076.00,3067.50,12.03,79.80,11.53,891.93
2026-08-09T21:52:08,3.89,25631,3053.00,3074.00,3065.00,11.85,80.33,11.46,891.93
2026-08-09T22:08:46,3.88,25631,3053.00,3080.00,3068.50,12.17,79.26,11.42,891.95
2026-08-09T22:25:23,3.89,25631,3041.00,3078.00,3064.50,12.06,79.81,11.29,892.00
2026-08-09T22:42:01,3.89,25631,3060.00,3077.00,3067.50,11.48,81.83,10.97,892.01
2026-08-09T22:58:38,3.89,25631,3060.00,3079.00,3066.00,11.86,80.54,10.93,892.07
2026-08-09T23:15:16,3.87,25631,3056.00,3073.00,3065.50,11.54,81.86,10.90,891.95
2026-08-09T23:31:53,3.89,25631,3049.00,3074.00,3064.50,11.80,81.06,10.90,892.00
2026-08-09T23:48:31,3.89,25631,3053.00,3076.00,3069.00,11.85,80.91,10.87,891.97
2026-08-10T00:05:08,3.89,25631,3056.00,3081.00,3066.00,11.86,81.44,10.90,891.99
2026-08-10T00:21:46,3.89,25631,3057.00,3081.00,3070.00,11.28,83.95,10.72,891.93
2026-08-10T00:38:23,3.89,25631,3046.00,3074.00,3065.50,11.39,83.19,10.56,892.02
2026-08-10T00:55:01,3.89,25631,3059.00,3077.00,3069.50,11.35,83.42,10.60,892.00
2026-08-10T01:11:38,3.89,25631,3046.00,3075.00,3063.00,11.34,83.43,10.48,892.01
2026-08-10T01:28:16,3.89,25631,3053.00,3080.00,3072.00,11.17,84.24,10.36,891.93
2026-08-10T01:44:53,3.89,25631,3052.00,3085.00,3066.50,10.75,86.00,10.12,891.93
2026-08-10T02:01:31,3.89,25631,3049.00,3073.00,3063.00,11.08,84.90,10.16,891.90
2026-08-10T02:18:09,3.88,25631,3055.00,3080.00,3067.00,10.93,85.42,10.09,891.81
2026-08-10T02:34:46,3.88,25631,3054.00,3081.00,3071.00,11.15,84.57,10.16,891.84
2026-08-10T02:51:24,3.89,25631,3057.00,3076.00,3067.50,11.01,85.33,10.11,891.89
2026-08-10T03:08:01,3.89,25631,3049.00,3074.00,3069.50,11.30,84.19,10.18,891.80
2026-08-10T03:24:39,3.89,25631,3056.00,3076.00,3069.50,11.10,83.79,10.16,891.74
2026-08-10T03:41:16,3.88,25631,3055.00,3083.00,3065.50,11.11,83.84,10.10,891.64
2026-08-10T03:57:54,3.88,25631,3061.00,3078.00,3064.50,11.20,83.84,10.16,891.66
2026-08-10T04:14:31,3.89,25631,3044.00,3074.00,3053.00,11.08,83.86,10.13,891.59
2026-08-10T04:31:09,3.89,25631,3052.00,3085.00,3074.00,11.03,83.78,10.07,891.63
2026-08-10T04:47:46,3.88,25631,3051.00,3075.00,3062.00,10.94,83.86,10.06,891.62
2026-08-10T05:04:24,3.89,25631,3045.00,3077.00,3064.50,10.94,83.98,10.01,891.65
2026-08-10T05:21:01,3.88,25631,3062.00,3094.00,3074.00,11.03,83.31,10.03,891.68
2026-08-10T05:37:39,3.89,25631,3055.00,3083.00,3065.00,10.94,84.10,10.08,891.72
2026-08-10T05:54:17,3.89,25631,3060.00,3085.00,3077.00,10.94,83.50,10.16,891.79
2026-08-10T06:10:55,3.87,25631,3066.00,3089.00,3081.00,10.84,83.88,10.22,891.83
2026-08-10T06:27:33,3.90,25631,3053.00,3178.00,3069.00,11.30,81.65,10.51,891.88
2026-08-10T06:44:11,3.91,25631,3049.00,3085.00,3076.50,12.04,79.29,11.03,891.94
2026-08-10T07:00:49,3.91,25631,3072.00,3096.00,3079.50,12.18,78.48,11.54,891.95
2026-08-10T07:17:27,4.12,25631,3060.00,3094.00,3079.00,12.95,75.45,12.59,891.99
2026-08-10T07:34:05,4.12,25631,3042.00,3097.00,3081.50,12.75,76.17,13.42,892.23
2026-08-10T07:50:43,4.12,25631,3071.00,3090.00,3083.00,13.24,73.45,13.30,891.98
2026-08-10T08:07:21,4.12,25631,3068.00,3092.00,3076.00,13.81,76.46,17.46,892.31
2026-08-10T08:23:59,4.13,25631,3093.00,3119.00,3101.50,14.09,71.43,21.75,891.93
2026-08-10T08:40:37,4.12,25631,3105.00,3128.00,3112.50,14.41,70.39,23.07,891.88
2026-08-10T08:57:15,4.13,25631,3095.00,3130.00,3116.00,14.87,70.25,24.28,891.88
2026-08-10T09:13:52,4.14,25631,3093.00,3135.00,3122.00,15.71,68.93,25.64,891.93
2026-08-10T09:30:30,4.14,25631,3092.00,3457.00,3134.00,16.26,74.52,27.26,891.92
2026-08-10T09:47:08,4.14,25631,3117.00,3346.00,3149.00,18.09,66.25,28.95,891.80
2026-08-10T10:03:45,4.14,25631,3114.00,3521.00,3322.50,18.57,65.14,29.52,891.67
2026-08-10T10:20:23,4.14,25631,3126.00,3422.00,3307.00,18.19,64.83,29.14,891.60
2026-08-10T10:37:00,4.14,25631,3115.00,3391.00,3241.50,18.39,66.33,27.95,891.61
2026-08-10T10:53:38,4.13,25631,3108.00,3360.00,3151.00,18.93,63.10,27.49,891.68
2026-08-10T11:10:16,4.14,25631,3105.00,3336.00,3288.50,18.29,63.42,25.60,891.56
2026-08-10T11:26:53,4.13,25631,3113.00,3356.00,3242.00,17.26,67.88,24.34,891.45
2026-08-10T11:43:31,4.13,25631,3172.00,3378.00,3326.50,18.15,65.50,23.98,891.55
2026-08-10T12:00:09,4.14,25631,3230.00,3599.00,3286.50,19.32,61.69,24.13,891.52
2026-08-10T12:16:46,4.14,25631,3177.00,3432.00,3395.00,20.38,57.28,24.36,891.40
2026-08-10T12:33:24,4.13,25631,3110.00,3293.00,3194.50,20.75,56.17,24.72,891.32
2026-08-10T12:50:02,4.14,25631,3269.00,3380.00,3298.50,20.61,56.10,24.95,891.21
2026-08-10T13:06:39,4.13,25631,3257.00,3644.00,3340.00,21.09,55.37,24.96,891.17
2026-08-10T13:23:17,4.14,25631,3262.00,3307.00,3279.00,20.67,56.01,25.13,891.08
2026-08-10T13:39:54,4.14,25631,3136.00,3601.00,3271.50,21.91,52.38,25.83,891.03
2026-08-10T13:56:32,4.14,25631,3140.00,3407.00,3312.00,22.48,50.56,26.69,890.84
2026-08-10T14:13:10,4.14,25631,3100.00,3675.00,3286.50,22.81,49.87,27.21,890.71
2026-08-10T14:29:47,4.14,25631,3103.00,3365.00,3271.00,22.46,47.33,27.48,890.67
2026-08-10T14:46:25,4.14,25631,3094.00,3321.00,3277.00,23.26,48.06,28.29,890.51
2026-08-10T15:03:02,4.14,25631,3123.00,3389.00,3235.50,21.72,45.69,28.40,890.41
2026-08-10T15:19:40,4.14,25631,3109.00,3375.00,3268.50,22.98,45.69,28.47,890.33
2026-08-10T15:36:17,4.14,25631,3090.00,3320.00,3167.50,22.84,44.10,28.60,890.22
2026-08-10T15:52:55,4.14,25631,3214.00,3358.00,3291.50,22.71,41.75,29.20,890.11
2026-08-10T16:09:32,4.14,25631,3094.00,3383.00,3118.50,20.47,50.27,26.57,889.65
2026-08-10T16:26:10,4.14,25631,3143.00,3273.00,3269.00,18.34,62.67,22.62,889.83
2026-08-10T16:42:48,4.13,25631,3098.00,3111.00,3105.50,16.81,65.28,20.26,890.00
2026-08-10T16:59:26,3.91,25631,3083.00,3237.00,3100.50,16.25,60.50,18.45,889.93
2026-08-10T17:16:03,3.92,25631,3171.00,3192.00,3183.00,16.64,58.42,17.50,889.90
2026-08-10T17:32:41,3.91,25631,3083.00,3193.00,3122.50,17.11,53.81,17.42,889.85
2026-08-10T17:49:19,3.91,25631,3113.00,3172.00,3129.50,17.43,53.45,17.36,889.85
2026-08-10T18:05:57,3.92,25631,3136.00,3208.00,3180.50,18.04,54.72,17.65,889.98
2026-08-10T18:22:35,4.13,25631,3111.00,3313.00,3125.50,19.66,53.26,19.59,890.15
2026-08-10T18:39:13,4.13,25631,3078.00,3113.00,3095.00,18.69,55.28,20.03,889.80
2026-08-10T18:55:51,3.92,25631,3089.00,3110.00,3098.00,19.49,54.19,21.06,889.62
2026-08-10T19:12:28,3.91,25631,3053.00,3085.00,3075.50,17.10,57.80,18.63,889.77
2026-08-10T19:29:06,3.90,25631,3053.00,3073.00,3066.00,16.47,62.08,17.47,889.72
2026-08-10T19:45:43,3.91,25631,3050.00,3076.00,3057.00,16.26,60.40,16.45,889.88
2026-08-10T20:02:21,3.91,25631,3048.00,3075.00,3054.00,16.11,60.55,15.97,889.93
2026-08-10T20:18:58,3.90,25631,3044.00,3077.00,3068.00,16.09,60.83,15.59,890.03
2026-08-10T20:35:35,3.90,25631,3034.00,3081.00,3064.00,16.53,59.88,15.68,890.17
2026-08-10T20:52:13,3.90,25631,3060.00,3079.00,3071.00,16.57,60.67,15.58,890.19
2026-08-10T21:08:50,3.90,25631,3059.00,3085.00,3074.00,16.34,62.53,15.66,890.22
2026-08-10T21:25:28,3.90,25631,3055.00,3088.00,3067.50,15.43,67.65,15.34,890.15
2026-08-10T21:42:05,3.90,25631,3065.00,3073.00,3070.00,15.27,67.30,14.97,890.31
2026-08-10T21:58:42,3.90,25631,3053.00,3076.00,3070.00,15.26,67.73,14.71,890.28
2026-08-10T22:15:20,3.89,25631,3057.00,3079.00,3068.00,14.95,68.81,14.42,890.16
2026-08-10T22:31:57,3.90,25631,3063.00,3083.00,3072.00,14.84,68.19,14.08,889.98
2026-08-10T22:48:34,3.89,25631,3057.00,3089.00,3069.50,14.52,69.36,13.70,890.02
2026-08-10T23:05:12,3.89,25631,3056.00,3084.00,3070.00,14.20,70.53,13.56,890.00
2026-08-10T23:21:49,3.89,25631,3071.00,3085.00,3077.00,13.65,71.11,13.17,889.92
2026-08-10T23:38:27,3.89,25631,3056.00,3078.00,3068.50,14.05,69.12,13.08,890.04
2026-08-10T23:55:04,3.89,25631,3062.00,3084.00,3073.50,14.40,68.37,13.28,889.91
2026-08-11T00:11:42,3.90,25631,3054.00,3080.00,3069.00,14.36,68.35,13.42,889.81
2026-08-11T00:28:19,3.89,25631,3061.00,3090.00,3079.50,14.30,68.89,13.46,889.75
2026-08-11T00:44:56,3.89,25631,3064.00,3087.00,3078.50,14.36,68.77,13.54,889.63
2026-08-11T01:01:34,3.89,25631,3044.00,3083.00,3066.00,14.05,68.42,13.30,889.54
2026-08-11T01:18:11,3.89,25631,3066.00,3079.00,3072.00,13.62,70.21,12.85,889.63
2026-08-11T01:34:49,3.89,25631,3072.00,3081.00,3078.00,13.64,69.70,12.57,889.54
2026-08-11T01:51:26,3.89,25631,3051.00,3077.00,3068.00,14.03,68.21,12.54,889.56
2026-08-11T02:08:03,3.89,25631,3059.00,3085.00,3076.50,14.10,68.55,12.93,889.44
2026-08-11T02:24:41,3.89,25631,3057.00,3082.00,3066.50,14.06,68.06,13.04,889.47
2026-08-11T02:41:18,3.89,25631,3067.00,3078.00,3072.00,14.23,66.62,13.17,889.44
2026-08-11T02:57:56,3.89,25631,3054.00,3086.00,3068.50,13.86,67.72,13.05,889.43
2026-08-11T03:14:33,3.89,25631,3056.00,3070.00,3066.00,13.78,68.11,12.94,889.49
2026-08-11T03:31:11,3.89,25631,3047.00,3078.00,3066.00,13.50,68.31,12.74,889.50
2026-08-11T03:47:48,3.89,25631,3064.00,3087.00,3077.00,13.69,67.86,12.72,889.49
2026-08-11T04:04:26,3.89,25631,3052.00,3083.00,3070.50,13.69,67.61,12.77,889.54
2026-08-11T04:21:03,3.89,25631,3070.00,3086.00,3080.50,13.58,68.32,12.73,889.45
2026-08-11T04:37:40,3.89,25631,3061.00,3079.00,3076.00,13.71,67.33,12.89,889.40
2026-08-11T04:54:18,3.89,25631,3056.00,3081.00,3070.50,13.47,67.54,12.70,889.46
2026-08-11T05:10:55,3.89,25631,3074.00,3087.00,3081.50,13.62,67.38,12.69,889.53
2026-08-11T05:27:33,3.89,25631,3059.00,3081.00,3074.00,13.61,66.96,12.86,889.48
2026-08-11T05:44:10,3.89,25631,3060.00,3087.00,3076.50,13.40,67.64,12.83,889.55
2026-08-11T06:00:48,3.90,25631,3058.00,3086.00,3071.50,13.38,68.14,12.82,889.55
2026-08-11T06:17:26,3.89,25631,3065.00,3097.00,3082.50,13.40,68.68,13.05,889.54
2026-08-11T06:34:04,3.91,25631,3068.00,3086.00,3076.50,13.48,68.70,13.42,889.64
2026-08-11T06:50:42,4.12,25631,3059.00,3087.00,3077.00,13.57,68.45,13.70,889.58
2026-08-11T07:07:20,4.12,25631,3061.00,3090.00,3078.50,13.75,68.36,13.80,889.65
2026-08-11T07:23:58,4.12,25631,3059.00,3087.00,3073.00,13.94,67.38,14.23,889.67
2026-08-11T07:40:36,4.12,25631,3054.00,3077.00,3071.00,14.17,67.54,15.07,889.78
2026-08-11T07:57:14,4.12,25631,3066.00,3089.00,3079.50,14.36,66.51,15.53,889.76
2026-08-11T08:13:52,4.12,25631,3060.00,3087.00,3075.50,14.14,68.92,15.84,889.83
2026-08-11T08:30:30,4.11,25631,3077.00,3094.00,3083.50,15.55,64.63,19.91,889.86
2026-08-11T08:47:08,4.12,25631,3062.00,3108.00,3093.00,15.35,66.40,20.07,890.08
2026-08-11T09:03:46,4.12,25631,3072.00,3097.00,3082.50,15.40,66.06,20.36,889.61
2026-08-11T09:20:23,4.13,25631,3067.00,3096.00,3076.00,15.42,67.04,19.99,889.73
2026-08-11T09:37:01,4.14,25631,3088.00,3113.00,3099.00,15.35,67.43,21.63,889.21
2026-08-11T09:53:39,4.12,25631,3074.00,3095.00,3086.50,14.72,67.78,19.24,889.15
2026-08-11T10:10:17,4.13,25631,3071.00,3105.00,3079.00,14.63,67.90,18.07,889.28
2026-08-11T10:26:55,4.12,25631,3077.00,3112.00,3087.50,16.08,65.43,20.58,889.44
2026-08-11T10:43:33,4.13,25631,3059.00,3108.00,3094.00,15.91,66.22,20.56,889.58
2026-08-11T11:00:11,4.14,25631,3099.00,3284.00,3130.50,17.83,58.87,23.09,889.34
2026-08-11T11:16:48,4.14,25631,3126.00,3389.00,3247.50,16.71,65.39,22.99,889.22
2026-08-11T11:33:26,4.13,25631,3107.00,3319.00,3232.00,17.77,61.37,22.61,889.32
2026-08-11T11:50:04,4.13,25631,3103.00,3365.00,3135.50,18.05,60.12,23.19,889.19
2026-08-11T12:06:42,4.14,25631,3094.00,3258.00,3130.50,19.04,54.64,23.41,889.02
2026-08-11T12:23:19,4.14,25631,3104.00,3267.00,3182.00,19.21,56.83,24.15,889.05
2026-08-11T12:39:57,4.14,25631,3129.00,3459.00,3271.00,20.20,54.79,25.33,889.05
2026-08-11T12:56:35,4.14,25631,3106.00,3311.00,3144.50,20.09,53.27,25.72,888.86
2026-08-11T13:13:12,4.13,25631,3077.00,3211.00,3098.00,17.54,58.80,23.32,888.73
2026-08-11T13:29:50,4.13,25631,3077.00,3340.00,3250.00,18.01,58.13,22.41,888.93
2026-08-11T13:46:28,4.13,25631,3087.00,3109.00,3091.50,17.97,57.65,22.29,888.84
2026-08-11T14:03:06,4.13,25631,3084.00,3105.00,3095.50,17.96,59.00,22.30,888.89
2026-08-11T14:19:43,4.13,25631,3206.00,3279.00,3258.00,17.71,58.90,21.61,888.57
2026-08-11T14:36:21,4.13,25631,3077.00,3099.00,3089.00,17.56,59.15,20.77,888.68
2026-08-11T14:52:59,4.13,25631,3078.00,3254.00,3108.50,17.67,60.17,20.90,888.64
2026-08-11T15:09:37,4.13,25631,3098.00,3273.00,3128.00,19.61,54.66,22.59,888.50
2026-08-11T15:26:14,4.14,25631,3066.00,3110.00,3093.00,18.32,57.79,21.72,888.45
2026-08-11T15:42:52,4.13,25631,3077.00,3118.00,3100.00,18.70,57.56,21.72,888.55
2026-08-11T15:59:30,4.14,25631,3075.00,3108.00,3099.00,18.74,54.43,21.61,888.35
2026-08-11T16:16:08,4.13,25631,3095.00,3138.00,3114.50,19.51,56.41,23.27,888.37
2026-08-11T16:32:45,4.14,25631,3099.00,3287.00,3279.00,19.70,52.62,23.26,888.16
2026-08-11T16:49:23,4.13,25631,3088.00,3120.00,3098.00,18.26,57.01,21.44,888.23
2026-08-11T17:06:01,4.14,25631,3093.00,3128.00,3117.50,19.20,52.43,22.12,888.26
2026-08-11T17:22:38,4.13,25631,3055.00,3272.00,3113.00,20.58,49.56,23.52,888.12
2026-08-11T17:39:16,4.13,25631,3080.00,3116.00,3088.00,18.42,56.20,21.47,887.95
2026-08-11T17:55:54,4.13,25631,3065.00,3100.00,3088.50,18.05,56.20,20.42,888.01
2026-08-11T18:12:32,4.13,25631,3086.00,3221.00,3102.50,18.67,56.97,20.57,888.06
2026-08-11T18:29:10,4.14,25631,3095.00,3133.00,3119.50,20.67,48.97,22.28,888.09
2026-08-11T18:45:47,4.02,25631,3100.00,3251.00,3186.50,18.63,53.12,21.95,887.73
2026-08-11T19:02:25,3.91,25631,3102.00,3129.00,3111.50,19.34,50.80,21.96,887.81
2026-08-11T19:19:03,3.91,25631,3066.00,3101.00,3080.50,16.97,57.07,19.70,887.65
2026-08-11T19:35:40,3.89,25631,3060.00,3099.00,3078.50,15.87,61.03,17.45,887.72
2026-08-11T19:52:18,3.90,25631,3074.00,3088.00,3085.00,15.68,61.72,16.23,887.79
2026-08-11T20:08:55,3.90,25631,3038.00,3091.00,3079.50,15.29,62.88,15.41,887.81
2026-08-11T20:25:32,3.89,25631,3080.00,3089.00,3083.50,15.23,63.00,14.77,887.91
2026-08-11T20:42:10,3.89,25631,3067.00,3087.00,3082.00,15.08,63.80,14.49,888.03
2026-08-11T20:58:47,3.87,25631,3069.00,3193.00,3089.00,14.79,64.88,14.19,888.10
2026-08-11T21:15:25,3.89,25631,3074.00,3185.00,3084.00,14.82,64.41,14.07,888.12
2026-08-11T21:32:02,3.89,25631,3076.00,3181.00,3085.00,14.45,64.50,13.90,888.12
2026-08-11T21:48:39,3.89,25631,3064.00,3099.00,3079.50,14.27,64.51,13.61,888.07
2026-08-11T22:05:17,3.89,25631,3056.00,3088.00,3077.00,14.45,62.29,13.53,888.12
2026-08-11T22:21:54,3.89,25631,3072.00,3180.00,3075.50,14.32,61.91,13.42,888.11
2026-08-11T22:38:32,3.89,25631,3077.00,3093.00,3085.00,14.06,63.10,13.18,888.14
2026-08-11T22:55:09,3.89,25631,3078.00,3204.00,3087.50,14.13,62.57,13.10,887.97
2026-08-11T23:11:46,3.89,25631,3065.00,3183.00,3086.50,14.09,62.42,13.15,888.01
2026-08-11T23:28:24,3.89,25631,3058.00,3085.00,3076.00,13.88,62.47,13.09,887.94
2026-08-11T23:45:01,3.89,25631,3070.00,3087.00,3076.50,13.88,61.53,13.01,887.96
2026-08-12T00:01:39,3.89,25631,3067.00,3227.00,3087.50,13.98,60.27,13.00,887.82
2026-08-12T00:18:16,3.89,25631,3066.00,3092.00,3080.50,13.78,60.83,12.98,887.89
2026-08-12T00:34:54,3.89,25631,3076.00,3101.00,3084.50,13.55,61.60,12.89,887.82
2026-08-12T00:51:31,3.89,25631,3026.00,3092.00,3074.50,13.30,62.45,12.66,887.83
2026-08-12T01:08:08,3.89,25631,3068.00,3087.00,3078.00,13.24,61.30,12.49,887.76
2026-08-12T01:24:46,3.89,25631,3067.00,3083.00,3073.50,13.48,59.35,12.57,887.75
2026-08-12T01:41:23,3.89,25631,3069.00,3094.00,3084.00,13.17,61.50,12.47,887.78
2026-08-12T01:58:01,3.89,25631,3061.00,3094.00,3082.00,13.02,62.64,12.16,887.79
2026-08-12T02:14:38,3.89,25631,3070.00,3097.00,3081.50,12.73,61.84,11.93,887.85
2026-08-12T02:31:16,3.89,25631,3069.00,3082.00,3079.00,12.82,61.54,11.90,887.95
2026-08-12T02:47:53,3.88,25631,3071.00,3089.00,3084.50,12.55,62.05,11.77,887.97
2026-08-12T03:04:31,3.89,25631,3062.00,3086.00,3070.00,12.58,61.63,11.75,887.84
2026-08-12T03:21:08,3.88,25631,3065.00,3236.00,3205.50,12.75,61.23,11.70,887.79
2026-08-12T03:37:46,3.89,25631,3069.00,3083.00,3075.50,12.21,63.20,11.55,887.57
2026-08-12T03:54:23,3.88,25631,3066.00,3081.00,3070.50,12.33,62.73,11.36,887.75
2026-08-12T04:11:00,3.88,25631,3073.00,3089.00,3080.00,12.03,64.52,11.20,887.78
2026-08-12T04:27:38,3.88,25631,3072.00,3088.00,3077.00,11.91,64.74,11.10,887.69
2026-08-12T04:44:15,3.89,25631,3060.00,3091.00,3071.00,11.66,65.27,10.94,887.66
2026-08-12T05:00:53,3.88,25631,3064.00,3082.00,3073.00,11.63,65.75,10.96,887.63
2026-08-12T05:17:30,3.89,25631,3062.00,3099.00,3079.50,11.42,66.59,10.84,887.63
2026-08-12T05:34:08,3.88,25631,3066.00,3081.00,3071.50,11.38,66.52,10.74,887.65
2026-08-12T05:50:46,3.89,25631,3065.00,3081.00,3075.50,11.52,65.99,10.94,887.61
2026-08-12T06:07:24,3.89,25631,3060.00,3090.00,3076.50,11.46,66.55,10.97,887.60
2026-08-12T06:24:01,3.90,25631,3070.00,3085.00,3077.00,11.51,66.80,11.03,887.50
2026-08-12T06:40:39,3.89,25631,3068.00,3092.00,3086.50,11.63,66.62,11.22,887.55
2026-08-12T06:57:17,3.89,25631,3077.00,3203.00,3083.50,11.90,64.59,11.42,887.62
2026-08-12T07:13:56,4.12,25631,3059.00,3276.00,3083.50,12.12,64.07,13.09,887.86
2026-08-12T07:30:34,4.12,25631,3079.00,3092.00,3086.50,12.27,64.02,12.71,887.71
2026-08-12T07:47:12,4.12,25631,3063.00,3089.00,3084.50,12.44,63.55,12.75,887.69
2026-08-12T08:03:50,4.12,25631,3067.00,3095.00,3080.00,13.34,62.01,15.02,888.23
2026-08-12T08:20:28,4.12,25631,3103.00,3119.00,3114.50,13.92,59.49,20.65,887.83
2026-08-12T08:37:06,4.13,25631,3105.00,3136.00,3122.00,14.44,56.80,22.46,887.75
2026-08-12T08:53:44,4.13,25631,3125.00,3135.00,3129.00,14.22,58.05,23.94,887.81
2026-08-12T09:10:21,4.13,25631,3115.00,3137.00,3127.50,14.61,58.39,24.76,887.70
2026-08-12T09:26:59,4.13,25631,3107.00,3127.00,3120.00,15.90,54.99,25.99,887.84
2026-08-12T09:43:37,4.13,25631,3081.00,3382.00,3137.00,15.78,56.16,26.50,887.77
2026-08-12T10:00:15,4.14,25631,3107.00,3134.00,3113.00,15.43,56.55,25.81,887.78
2026-08-12T10:16:52,4.13,25631,3091.00,3145.00,3108.50,16.15,54.14,25.97,887.67
2026-08-12T10:33:30,4.13,25631,3129.00,3341.00,3222.00,16.00,53.74,24.82,887.51
2026-08-12T10:50:08,4.13,25631,3260.00,3373.00,3299.00,17.71,49.74,25.24,887.64
2026-08-12T11:06:46,4.13,25631,3094.00,3304.00,3218.00,16.50,54.35,23.46,887.76
2026-08-12T11:23:23,4.13,25631,3103.00,3259.00,3131.00,16.78,52.77,22.56,887.61
2026-08-12T11:40:01,4.13,25631,3084.00,3354.00,3121.50,16.63,55.57,21.42,887.83
2026-08-12T11:56:39,4.14,25631,3119.00,3149.00,3126.50,17.15,53.09,21.89,887.84
2026-08-12T12:13:17,4.13,25631,3103.00,3371.00,3130.50,18.48,48.59,21.97,887.93
2026-08-12T12:29:55,4.13,25631,3110.00,3244.00,3116.00,18.82,47.25,22.54,887.87
2026-08-12T12:46:32,4.13,25631,3092.00,3214.00,3104.50,18.77,48.04,22.39,887.66
2026-08-12T13:03:10,4.13,25631,3087.00,3285.00,3110.00,19.82,45.46,23.22,887.81
2026-08-12T13:19:48,4.13,25631,3243.00,3647.00,3278.50,19.47,46.49,24.09,887.48
2026-08-12T13:36:25,4.14,25631,3219.00,3668.00,3323.50,20.35,46.14,24.36,887.50
2026-08-12T13:53:03,4.14,25631,3256.00,3317.00,3292.00,21.10,43.33,25.21,887.48
2026-08-12T14:09:41,4.14,25631,3116.00,3655.00,3303.00,20.76,43.71,25.47,887.73
2026-08-12T14:26:18,4.14,25631,3093.00,3308.00,3256.50,21.03,40.51,25.90,887.91
2026-08-12T14:42:56,4.14,25631,3107.00,3325.00,3274.00,22.65,38.48,26.17,887.84
2026-08-12T14:59:34,4.14,25631,3083.00,3284.00,3134.50,21.96,38.12,25.77,887.75
2026-08-12T15:16:11,4.13,25631,3218.00,3347.00,3283.50,21.83,41.70,25.48,887.74
2026-08-12T15:32:49,4.14,25631,3092.00,3272.00,3135.50,21.13,41.41,25.28,887.87
2026-08-12T15:49:27,4.14,25631,3060.00,3121.00,3110.00,22.37,38.58,25.16,887.96
2026-08-12T16:06:04,4.14,25631,3094.00,3306.00,3212.50,22.87,39.35,25.48,887.95
2026-08-12T16:22:42,4.14,25631,3078.00,3263.00,3103.50,21.66,40.76,24.05,887.86
2026-08-12T16:39:20,4.14,25631,3075.00,3110.00,3102.50,18.66,46.53,21.56,887.89
2026-08-12T16:55:57,4.13,25631,3098.00,3143.00,3118.00,21.71,41.20,22.73,888.13
2026-08-12T17:12:35,3.91,25631,3075.00,3101.00,3087.00,18.01,48.20,20.69,887.88
2026-08-12T17:29:13,4.13,25631,3070.00,3103.00,3089.00,19.06,45.64,20.03,888.22
2026-08-12T17:45:51,4.13,25631,3089.00,3107.00,3094.00,18.59,47.97,19.74,888.04
2026-08-12T18:02:29,4.13,25631,3088.00,3116.00,3104.50,19.93,46.02,20.25,888.09
2026-08-12T18:19:06,4.14,25631,3094.00,3282.00,3200.50,20.85,42.23,21.96,887.97
2026-08-12T18:35:44,4.14,25631,3104.00,3271.00,3128.00,20.12,43.56,22.49,887.93
2026-08-12T18:52:22,4.14,25631,3098.00,3260.00,3109.50,19.54,45.23,22.27,887.92
2026-08-12T19:09:00,3.92,25631,3080.00,3269.00,3127.00,19.18,46.61,22.17,888.02
2026-08-12T19:25:37,3.91,25631,3068.00,3088.00,3078.50,17.22,51.56,19.30,888.03
2026-08-12T19:42:15,3.91,25631,3078.00,3223.00,3096.50,16.22,52.95,17.27,888.21
2026-08-12T19:58:52,3.90,25631,3062.00,3083.00,3074.50,15.77,53.31,16.20,888.27
2026-08-12T20:15:30,3.90,25631,3056.00,3082.00,3067.00,15.53,53.70,15.48,888.37
2026-08-12T20:32:07,3.90,25631,3058.00,3097.00,3076.00,15.35,54.06,15.02,888.56
2026-08-12T20:48:44,3.90,25631,3050.00,3081.00,3062.00,15.44,53.21,14.75,888.71
2026-08-12T21:05:22,3.90,25631,3054.00,3069.00,3066.00,15.60,53.02,14.63,888.79
2026-08-12T21:21:59,3.89,25631,3050.00,3079.00,3063.00,15.57,52.76,14.54,888.83
2026-08-12T21:38:36,3.90,25631,3051.00,3077.00,3067.00,15.35,54.38,14.36,888.86
2026-08-12T21:55:14,3.89,25631,3053.00,3071.00,3061.50,15.09,54.94,14.14,888.91
2026-08-12T22:11:51,3.90,25631,3041.00,3076.00,3064.00,15.47,54.02,14.24,888.97
2026-08-12T22:28:29,3.89,25631,3042.00,3080.00,3065.50,15.92,52.82,14.55,888.96
2026-08-12T22:45:06,3.89,25631,2775.00,3072.00,3061.00,16.11,52.20,14.66,889.04
2026-08-12T23:01:44,3.90,25631,3048.00,3078.00,3066.00,15.75,53.30,14.63,889.07
2026-08-12T23:18:21,3.89,25631,3061.00,3076.00,3067.50,15.75,53.24,14.52,889.16
2026-08-12T23:34:58,3.89,25631,3051.00,3091.00,3068.00,15.35,54.44,14.35,889.22
2026-08-12T23:51:36,3.90,25631,3050.00,3076.00,3066.00,15.19,54.61,14.18,889.22
2026-08-13T00:08:13,3.89,25631,3051.00,3088.00,3069.00,15.47,53.95,14.37,889.31
2026-08-13T00:24:51,3.89,25631,3056.00,3077.00,3070.00,15.32,54.23,14.44,889.30
2026-08-13T00:41:28,3.89,25631,3063.00,3087.00,3075.50,15.23,54.78,14.33,889.32
2026-08-13T00:58:05,3.89,25631,3050.00,3077.00,3066.00,14.59,56.61,13.99,889.41
2026-08-13T01:14:43,3.89,25631,3050.00,3078.00,3068.00,14.45,57.70,13.76,889.42
2026-08-13T01:31:20,3.89,25631,3049.00,3078.00,3067.50,14.16,58.48,13.55,889.35
2026-08-13T01:47:58,3.89,25631,3059.00,3081.00,3070.50,13.76,59.80,13.39,889.44
2026-08-13T02:04:35,3.89,25631,3059.00,3083.00,3071.00,14.38,58.93,13.43,889.48
2026-08-13T02:21:13,3.89,25631,3030.00,3082.00,3065.50,14.06,59.92,13.15,889.50
2026-08-13T02:37:50,3.89,25631,3051.00,3079.00,3068.50,13.88,60.08,12.98,889.59
2026-08-13T02:54:27,3.89,25631,3058.00,3078.00,3072.00,14.13,59.01,13.11,889.63
2026-08-13T03:11:05,3.89,25631,3061.00,3084.00,3070.00,14.51,58.07,13.38,889.71
2026-08-13T03:27:42,3.87,25631,3062.00,3085.00,3070.50,14.08,59.54,13.12,889.71
2026-08-13T03:44:20,3.89,25631,3059.00,3091.00,3071.00,13.78,60.12,12.89,889.74
2026-08-13T04:00:57,3.89,25631,3058.00,3086.00,3077.50,14.09,58.99,12.90,889.81
2026-08-13T04:17:35,3.89,25631,3058.00,3076.00,3065.00,13.54,60.89,12.70,889.91
2026-08-13T04:34:12,3.89,25631,3055.00,3072.00,3060.00,13.68,60.32,12.60,890.03
2026-08-13T04:50:50,3.89,25631,3045.00,3085.00,3066.50,13.82,59.94,12.58,890.12
2026-08-13T05:07:27,3.89,25631,3055.00,3078.00,3063.00,13.74,59.32,12.58,890.16
2026-08-13T05:24:05,3.89,25631,3056.00,3082.00,3067.50,13.62,60.53,12.60,890.21
2026-08-13T05:40:42,3.89,25631,3044.00,3076.00,3063.00,13.46,60.72,12.52,890.30
2026-08-13T05:57:20,3.89,25631,3050.00,3078.00,3063.50,13.40,61.54,12.43,890.43
2026-08-13T06:13:58,4.01,25631,3059.00,3087.00,3067.50,13.55,60.96,12.63,890.52
2026-08-13T06:30:36,3.91,25631,3055.00,3083.00,3074.50,13.75,59.64,12.90,890.56
2026-08-13T06:47:14,3.89,25631,3054.00,3080.00,3072.00,13.86,59.40,13.16,890.68
2026-08-13T07:03:52,4.12,25631,3061.00,3082.00,3069.50,14.13,61.62,13.92,890.77
2026-08-13T07:20:30,4.12,25631,3061.00,3084.00,3068.50,13.83,60.41,14.37,890.94
2026-08-13T07:37:08,4.12,25631,3061.00,3094.00,3077.50,14.48,64.02,14.46,891.02
2026-08-13T07:53:46,4.12,25631,3052.00,3080.00,3077.00,14.91,63.91,14.68,891.06
2026-08-13T08:10:24,4.13,25631,3063.00,3091.00,3077.00,16.70,60.59,21.07,891.43
2026-08-13T08:27:02,4.13,25631,3094.00,3144.00,3121.50,17.91,58.63,25.84,891.30
2026-08-13T08:43:39,4.14,25631,3144.00,3284.00,3156.50,19.10,52.61,28.21,891.19
2026-08-13T09:00:17,4.14,25631,3125.00,3248.00,3144.00,20.06,52.37,29.99,891.23
2026-08-13T09:16:55,4.14,25631,3120.00,3153.00,3130.00,19.85,54.64,31.00,891.27
2026-08-13T09:33:32,4.14,25631,3149.00,3333.00,3278.00,20.23,54.06,31.63,891.19
2026-08-13T09:50:10,4.14,25631,3155.00,3324.00,3300.50,19.86,55.03,31.63,891.21
2026-08-13T10:06:47,4.14,25631,3145.00,3295.00,3153.00,20.09,52.53,31.55,891.18
2026-08-13T10:23:25,4.14,25631,3133.00,3328.00,3157.50,19.93,52.10,30.65,891.27
2026-08-13T10:40:02,4.14,25631,3116.00,3299.00,3140.00,20.42,52.63,29.48,891.25
2026-08-13T10:56:40,4.14,25631,3105.00,3314.00,3154.50,20.90,49.58,29.09,891.36
2026-08-13T11:13:18,4.14,25631,3107.00,3311.00,3142.50,19.52,55.93,26.91,891.33
2026-08-13T11:29:55,4.14,25631,3093.00,3337.00,3139.00,19.70,53.61,26.08,891.47
2026-08-13T11:46:33,4.14,25631,3146.00,3330.00,3300.50,20.14,52.87,26.32,891.61
2026-08-13T12:03:10,4.14,25631,3102.00,3344.00,3284.50,21.41,48.19,27.04,891.55
2026-08-13T12:19:48,4.14,25631,3194.00,3641.00,3296.00,22.21,46.24,27.29,891.57
2026-08-13T12:36:25,4.14,25631,3216.00,3284.00,3248.50,22.35,44.50,27.81,891.53
2026-08-13T12:53:03,4.14,25631,3090.00,3285.00,3139.00,20.34,49.32,25.91,891.39
2026-08-13T13:09:41,4.14,25631,3077.00,3268.00,3088.00,19.80,51.24,23.78,891.90
2026-08-13T13:26:18,4.14,25631,3120.00,3260.00,3190.00,23.38,41.68,26.66,891.88
2026-08-13T13:42:56,4.14,25631,3122.00,3316.00,3275.50,23.33,42.93,27.99,891.81
2026-08-13T13:59:33,4.14,25631,3120.00,3304.00,3262.50,22.91,37.58,28.57,891.54
2026-08-13T14:16:11,4.14,25631,3112.00,3299.00,3252.50,22.37,43.50,27.30,891.57
2026-08-13T14:32:49,4.14,25631,3113.00,3270.00,3131.00,20.59,47.10,24.89,891.66
2026-08-13T14:49:26,4.14,25631,3085.00,3261.00,3117.50,23.75,39.54,26.38,891.83
2026-08-13T15:06:04,4.14,25631,3113.00,3287.00,3267.50,23.38,40.61,27.16,891.62
2026-08-13T15:22:41,4.14,25631,3094.00,3276.00,3116.50,21.64,42.38,26.88,891.52
2026-08-13T15:39:19,4.14,25631,3129.00,3696.00,3297.00,22.21,43.98,26.81,891.65
2026-08-13T15:55:56,3.92,25631,3102.00,3123.00,3113.50,20.68,45.79,25.16,891.15
2026-08-13T16:12:34,3.91,25631,3085.00,3104.00,3091.50,18.90,49.44,21.66,891.37
2026-08-13T16:29:12,3.91,25631,3077.00,3104.00,3090.50,18.59,49.11,19.89,891.52
2026-08-13T16:45:50,4.13,25631,3065.00,3093.00,3080.00,19.04,50.20,19.69,891.75
2026-08-13T17:02:27,4.14,25631,3067.00,3117.00,3105.00,21.16,45.33,22.04,891.86
2026-08-13T17:19:05,4.14,25631,3111.00,3130.00,3121.50,22.40,44.20,24.15,891.70
2026-08-13T17:35:43,4.14,25631,3132.00,3316.00,3299.50,21.93,43.86,24.93,891.50
2026-08-13T17:52:20,3.91,25631,3116.00,3134.00,3127.00,21.79,41.88,24.18,891.34
2026-08-13T18:08:58,4.13,25631,3090.00,3113.00,3104.00,20.93,46.87,22.60,891.66
2026-08-13T18:25:36,4.14,25631,3113.00,3290.00,3239.00,20.82,42.19,23.17,891.57
2026-08-13T18:42:13,4.14,25631,3096.00,3119.00,3110.00,21.00,43.89,23.28,891.58
2026-08-13T18:58:51,4.14,25631,3111.00,3135.00,3118.00,20.62,42.37,23.26,891.50
2026-08-13T19:15:29,3.91,25631,3097.00,3119.00,3106.00,20.23,46.63,22.34,891.50
2026-08-13T19:32:06,3.91,25631,3083.00,3097.00,3092.00,18.01,51.05,19.60,891.75
2026-08-13T19:48:44,3.91,25631,3062.00,3084.00,3071.00,17.96,48.56,18.23,891.91
2026-08-13T20:05:21,3.90,25631,3066.00,3080.00,3073.50,16.94,52.27,17.22,891.94
2026-08-13T20:21:58,3.90,25631,3068.00,3084.00,3077.00,17.08,51.57,16.66,892.23
2026-08-13T20:38:36,3.90,25631,3068.00,3081.00,3077.50,17.15,52.04,16.45,892.43
2026-08-13T20:55:13,3.90,25631,3053.00,3081.00,3070.00,17.21,52.40,16.30,892.50
2026-08-13T21:11:50,3.90,25631,3065.00,3082.00,3075.50,16.97,53.41,16.11,892.48
2026-08-13T21:28:28,3.89,25631,3065.00,3081.00,3074.00,16.30,57.36,15.66,892.59
2026-08-13T21:45:05,3.89,25631,3055.00,3079.00,3071.00,15.74,59.70,15.23,892.66
2026-08-13T22:01:43,3.90,25631,3049.00,3081.00,3066.00,16.26,58.61,15.20,892.67
2026-08-13T22:18:20,3.90,25631,3060.00,3078.00,3070.50,15.49,60.60,14.88,892.72
2026-08-13T22:34:57,3.90,25631,3054.00,3081.00,3067.00,15.73,60.50,14.81,892.70
2026-08-13T22:51:35,3.90,25631,3054.00,3077.00,3063.50,15.61,61.10,14.65,892.72
2026-08-13T23:08:12,3.89,25631,3061.00,3073.00,3066.00,15.50,61.06,14.64,892.67
2026-08-13T23:24:49,3.90,25631,3059.00,3076.00,3070.00,15.65,61.21,14.57,892.64
2026-08-13T23:41:27,3.90,25631,3054.00,3079.00,3065.00,14.91,64.63,14.30,892.68
2026-08-13T23:58:04,3.89,25631,3049.00,3079.00,3066.50,15.09,63.58,14.06,892.87
2026-08-14T00:14:42,3.89,25631,3065.00,3082.00,3071.50,14.99,64.04,14.05,892.89
2026-08-14T00:31:19,3.89,25631,3058.00,3084.00,3073.00,14.93,64.10,13.92,893.03
2026-08-14T00:47:56,3.89,25631,3065.00,3085.00,3069.50,14.88,63.96,13.91,893.21
2026-08-14T01:04:34,3.89,25631,3059.00,3076.00,3070.50,14.92,63.68,13.80,893.27
2026-08-14T01:21:11,3.89,25631,3064.00,3082.00,3071.00,14.95,63.69,13.79,893.36
2026-08-14T01:37:49,3.89,25631,3062.00,3086.00,3074.50,14.85,63.97,13.71,893.42
2026-08-14T01:54:26,3.89,25631,3053.00,3085.00,3069.00,14.72,64.52,13.61,893.46
2026-08-14T02:11:04,3.88,25631,3061.00,3079.00,3067.00,14.50,65.43,13.49,893.50
2026-08-14T02:27:41,3.89,25631,3053.00,3092.00,3068.50,14.67,64.99,13.49,893.44
2026-08-14T02:44:18,3.89,25631,3065.00,3083.00,3074.00,14.27,66.16,13.32,893.45
2026-08-14T03:00:56,3.89,25631,3050.00,3075.00,3065.00,14.34,66.42,13.15,893.62
2026-08-14T03:17:33,3.89,25631,3058.00,3085.00,3067.00,14.41,65.64,13.18,893.62
2026-08-14T03:34:11,3.89,25631,3034.00,3075.00,3067.00,13.54,68.82,12.87,893.74
2026-08-14T03:50:48,3.87,25631,3059.00,3085.00,3073.00,13.85,67.77,12.78,893.74
2026-08-14T04:07:25,3.89,25631,3048.00,3085.00,3075.00,13.48,68.76,12.61,893.83
2026-08-14T04:24:03,3.89,25631,3036.00,3077.00,3074.00,13.74,67.66,12.58,893.84
2026-08-14T04:40:40,3.89,25631,3053.00,3081.00,3065.50,13.53,68.74,12.55,893.95
2026-08-14T04:57:18,3.89,25631,3045.00,3078.00,3067.00,13.48,69.07,12.36,893.93
2026-08-14T05:13:55,3.89,25631,3042.00,3075.00,3059.00,13.58,68.91,12.32,893.96
2026-08-14T05:30:33,3.89,25631,3061.00,3081.00,3069.00,13.38,69.32,12.34,893.97
2026-08-14T05:47:10,3.89,25631,3043.00,3080.00,3067.00,13.50,69.26,12.42,893.92
2026-08-14T06:03:48,3.89,25631,3066.00,3081.00,3075.00,13.55,68.99,12.52,893.96
2026-08-14T06:20:26,3.90,25631,3055.00,3083.00,3076.00,13.47,69.36,12.64,893.95
2026-08-14T06:37:04,3.90,25631,3047.00,3083.00,3073.00,13.51,70.01,12.75,894.00
2026-08-14T06:53:42,3.91,25631,3054.00,3077.00,3071.50,13.76,69.74,12.93,894.00
2026-08-14T07:10:20,3.89,25631,3058.00,3090.00,3068.50,14.10,68.40,13.25,894.12
2026-08-14T07:26:58,4.12,25631,3053.00,3096.00,3081.00,14.33,70.35,13.79,894.21
2026-08-14T07:43:36,4.12,25631,3069.00,3086.00,3080.50,14.61,69.41,14.00,894.28
2026-08-14T08:00:14,4.12,25631,3058.00,3080.00,3072.50,15.25,68.39,14.86,894.99
2026-08-14T08:16:52,4.13,25631,3080.00,3106.00,3093.00,17.31,62.14,23.24,894.66
2026-08-14T08:33:30,4.14,25631,3104.00,3139.00,3128.00,18.31,58.97,26.57,894.54
2026-08-14T08:50:07,4.14,25631,3094.00,3152.00,3136.00,18.64,55.91,28.58,894.54
2026-08-14T09:06:45,4.13,25631,3113.00,3156.00,3130.00,18.91,57.07,30.17,894.45
2026-08-14T09:23:22,4.14,25631,3131.00,3159.00,3139.00,19.59,54.94,30.99,894.42
2026-08-14T09:40:00,4.14,25631,3101.00,3317.00,3136.50,19.39,57.29,30.62,894.44
2026-08-14T09:56:37,4.14,25631,3119.00,3324.00,3129.50,20.21,51.66,31.09,894.40
2026-08-14T10:13:15,4.14,25631,3109.00,3318.00,3122.00,19.72,54.21,30.45,894.42
2026-08-14T10:29:53,4.14,25631,3102.00,3139.00,3115.00,20.03,51.78,29.43,894.45
2026-08-14T10:46:30,4.14,25631,3112.00,3139.00,3126.50,20.67,50.86,29.28,894.42
2026-08-14T11:03:08,4.14,25631,3073.00,3286.00,3130.00,19.61,54.92,27.20,894.41
2026-08-14T11:19:45,4.14,25631,3080.00,3322.00,3102.50,18.86,57.67,25.11,894.42
2026-08-14T11:36:23,4.14,25631,3079.00,3309.00,3119.50,18.74,55.58,24.45,894.37
2026-08-14T11:53:01,4.14,25631,3082.00,3376.00,3124.50,19.48,52.17,24.86,894.28
2026-08-14T12:09:38,4.13,25631,3058.00,3344.00,3121.50,21.41,47.47,25.13,894.33
2026-08-14T12:26:16,4.13,25631,3098.00,3322.00,3118.50,21.71,46.36,25.48,894.32
2026-08-14T12:42:54,4.12,25631,3082.00,3296.00,3111.50,20.75,45.99,24.96,894.14
2026-08-14T12:59:31,4.14,25631,3104.00,3344.00,3283.00,22.29,46.14,25.41,894.22
2026-08-14T13:16:09,4.14,25631,3112.00,3296.00,3269.50,21.37,45.60,25.70,894.02
2026-08-14T13:32:47,4.13,25631,3074.00,3295.00,3119.00,21.95,42.90,26.27,894.09
2026-08-14T13:49:24,4.14,25631,3104.00,3300.00,3268.50,22.92,44.71,26.57,894.20
2026-08-14T14:06:02,4.14,25631,3238.00,3307.00,3278.50,22.99,42.22,26.74,894.26
2026-08-14T14:22:39,4.14,25631,3065.00,3363.00,3119.00,22.47,46.43,27.32,894.18
2026-08-14T14:39:17,4.14,25631,3062.00,3288.00,3101.50,22.44,45.35,27.35,894.08
2026-08-14T14:55:54,4.14,25631,3101.00,3299.00,3191.00,22.40,44.21,27.12,893.99
2026-08-14T15:12:32,4.14,25631,3090.00,3113.00,3107.50,21.17,47.56,25.86,894.04
2026-08-14T15:29:10,4.14,25631,3091.00,3285.00,3105.50,23.02,46.09,26.36,894.02
2026-08-14T15:45:47,4.14,25631,3082.00,3228.00,3102.00,22.87,44.66,27.12,893.74
2026-08-14T16:02:25,4.14,25631,3097.00,3127.00,3116.00,22.46,42.15,27.46,893.74
2026-08-14T16:19:02,4.14,25631,3220.00,3349.00,3295.50,21.88,45.70,27.14,893.58
2026-08-14T16:35:40,4.14,25631,3092.00,3311.00,3279.00,22.57,43.25,26.60,893.38
2026-08-14T16:52:17,4.14,25631,3086.00,3157.00,3115.00,22.14,46.75,26.00,893.30
2026-08-14T17:08:55,4.14,25631,3090.00,3109.00,3102.50,20.89,48.51,24.57,893.32
2026-08-14T17:25:33,4.14,25631,3095.00,3297.00,3280.50,20.61,51.62,23.91,893.51
2026-08-14T17:42:10,4.14,25631,3084.00,3107.00,3096.00,20.85,52.84,23.94,893.37
2026-08-14T17:58:48,4.13,25631,3078.00,3103.00,3094.50,18.77,54.73,22.00,893.29
2026-08-14T18:15:26,4.14,25631,3072.00,3098.00,3088.00,19.17,56.49,21.36,893.37
2026-08-14T18:32:04,4.02,25631,3071.00,3095.00,3083.00,18.19,56.43,20.37,893.24
2026-08-14T18:48:42,3.91,25631,3066.00,3085.00,3079.00,17.62,57.45,19.02,893.12
2026-08-14T19:05:19,3.91,25631,3060.00,3104.00,3074.00,17.19,58.77,18.06,893.15
2026-08-14T19:21:57,3.91,25631,3065.00,3087.00,3073.00,17.22,57.20,17.55,893.17
2026-08-14T19:38:34,3.91,25631,3054.00,3081.00,3063.00,16.80,58.44,17.13,893.02
2026-08-14T19:55:12,3.91,25631,3056.00,3077.00,3064.50,16.43,61.39,16.53,893.08
2026-08-14T20:11:49,3.90,25631,3053.00,3073.00,3064.00,16.11,63.29,15.94,893.21
2026-08-14T20:28:27,3.90,25631,3047.00,3077.00,3068.50,15.85,64.34,15.46,893.23
2026-08-14T20:45:04,3.90,25631,3052.00,3068.00,3062.50,15.82,64.33,15.23,893.34
2026-08-14T21:01:41,3.90,25631,3051.00,3078.00,3065.50,15.60,65.29,15.02,893.46
2026-08-14T21:18:19,3.90,25631,3051.00,3068.00,3060.50,15.47,65.64,14.85,893.45
2026-08-14T21:34:56,3.90,25631,3056.00,3074.00,3066.00,15.20,63.73,14.58,893.37
2026-08-14T21:51:34,3.90,25631,3057.00,3075.00,3063.50,15.22,63.13,14.45,893.48
2026-08-14T22:08:11,3.89,25631,3042.00,3081.00,3067.50,15.03,63.27,14.18,893.49
2026-08-14T22:24:48,3.89,25631,3061.00,3081.00,3068.50,15.03,65.20,14.21,893.43
2026-08-14T22:41:26,3.88,25631,3050.00,3079.00,3066.50,14.61,64.96,13.96,893.39
2026-08-14T22:58:03,3.89,25631,3053.00,3077.00,3066.50,15.23,63.11,14.25,893.26
2026-08-14T23:14:41,3.89,25631,3059.00,3207.00,3080.00,14.79,61.95,14.19,893.22
2026-08-14T23:31:18,3.89,25631,3039.00,3074.00,3059.50,14.79,60.29,14.13,893.25
2026-08-14T23:47:55,3.90,25631,3054.00,3087.00,3074.00,14.79,59.38,14.32,893.12
2026-08-15T00:04:33,3.89,25631,3061.00,3090.00,3071.00,14.64,58.61,14.19,893.08
2026-08-15T00:21:10,3.89,25631,3064.00,3098.00,3077.50,14.54,58.29,14.07,893.04
2026-08-15T00:37:48,3.89,25631,3059.00,3084.00,3075.00,14.54,58.78,14.08,892.98
2026-08-15T00:54:25,3.89,25631,3063.00,3085.00,3074.50,14.48,57.34,13.95,893.04
2026-08-15T01:11:02,3.89,25631,3046.00,3079.00,3069.00,14.60,56.54,13.96,893.05
2026-08-15T01:27:40,3.89,25631,3046.00,3088.00,3073.00,14.34,57.56,13.82,893.08
2026-08-15T01:44:17,3.89,25631,3052.00,3070.00,3057.50,13.98,59.16,13.55,893.00
2026-08-15T02:00:55,3.89,25631,3048.00,3076.00,3068.50,13.98,58.67,13.42,893.04
2026-08-15T02:17:32,3.89,25631,3055.00,3090.00,3070.50,14.03,58.19,13.35,892.97
2026-08-15T02:34:10,3.89,25631,3049.00,3083.00,3068.00,13.85,59.40,13.35,892.79
2026-08-15T02:50:47,3.89,25631,3057.00,3079.00,3065.50,14.06,58.86,13.47,892.69
2026-08-15T03:07:24,3.89,25631,3061.00,3074.00,3067.50,14.10,59.17,13.47,892.64
2026-08-15T03:24:02,3.89,25631,3055.00,3080.00,3069.00,13.76,59.89,13.32,892.64
2026-08-15T03:40:39,3.89,25631,3048.00,3075.00,3065.00,13.68,59.75,13.26,892.67
2026-08-15T03:57:17,3.89,25631,3041.00,3072.00,3066.50,13.53,60.53,13.09,892.61
2026-08-15T04:13:54,3.89,25631,3030.00,3075.00,3066.00,13.85,59.49,13.07,892.64
2026-08-15T04:30:31,3.89,25631,3025.00,3082.00,3063.50,13.67,59.30,13.11,892.53
2026-08-15T04:47:09,3.89,25631,3054.00,3079.00,3062.00,13.57,59.44,12.99,892.56
2026-08-15T05:03:46,3.89,25631,3039.00,3079.00,3071.00,13.54,60.31,12.98,892.48
2026-08-15T05:20:24,3.89,25631,3038.00,3087.00,3065.00,13.23,60.39,12.82,892.32
2026-08-15T05:37:01,3.89,25631,3046.00,3078.00,3059.50,13.47,59.79,12.91,892.21
2026-08-15T05:53:39,3.89,25631,3057.00,3081.00,3067.50,13.36,60.46,12.99,892.14
2026-08-15T06:10:17,3.91,25631,3045.00,3081.00,3067.00,13.19,61.68,12.95,892.31
2026-08-15T06:26:55,3.90,25631,3051.00,3081.00,3061.50,13.43,60.98,13.23,892.35
2026-08-15T06:43:32,3.91,25631,3059.00,3086.00,3074.00,13.33,62.50,13.27,892.33
2026-08-15T07:00:10,3.90,25631,3051.00,3076.00,3068.50,13.47,60.55,13.41,892.49
2026-08-15T07:16:48,4.12,25631,3060.00,3096.00,3076.00,13.64,62.24,13.85,892.41
2026-08-15T07:33:26,4.12,25631,3071.00,3100.00,3091.50,13.54,64.03,14.33,892.32
2026-08-15T07:50:04,4.12,25631,3048.00,3096.00,3084.00,13.58,64.55,14.92,892.33
2026-08-15T08:06:42,4.12,25631,3046.00,3088.00,3065.00,13.90,63.16,15.28,892.34
2026-08-15T08:23:20,4.12,25631,3059.00,3095.00,3065.50,14.23,61.58,15.53,892.25
2026-08-15T08:39:58,4.12,25631,3040.00,3082.00,3061.00,14.14,66.62,15.75,892.26
2026-08-15T08:56:36,4.12,25631,3066.00,3091.00,3082.50,14.10,64.04,16.00,892.28
2026-08-15T09:13:14,4.12,25631,3068.00,3107.00,3083.50,15.68,55.92,17.90,892.36
2026-08-15T09:29:52,4.13,25631,3077.00,3112.00,3094.50,15.00,59.57,19.02,892.28
2026-08-15T09:46:30,4.13,25631,3075.00,3097.00,3088.00,14.61,55.53,18.21,892.23
2026-08-15T10:03:08,4.12,25631,3081.00,3114.00,3086.00,14.72,56.27,18.03,892.29
2026-08-15T10:19:46,4.13,25631,3065.00,3115.00,3099.50,15.63,55.76,18.26,892.14
2026-08-15T10:36:24,4.12,25631,3067.00,3095.00,3084.00,14.71,63.46,17.39,892.22
2026-08-15T10:53:02,4.12,25631,3065.00,3095.00,3079.00,14.09,66.11,17.04,892.24
2026-08-15T11:09:40,4.12,25631,3064.00,3105.00,3084.00,13.83,65.47,16.67,892.35
2026-08-15T11:26:18,4.12,25631,3062.00,3100.00,3075.50,14.51,63.01,16.83,892.43
2026-08-15T11:42:56,4.12,25631,3075.00,3100.00,3094.00,14.92,63.76,17.31,892.39
2026-08-15T11:59:34,4.13,25631,3049.00,3096.00,3075.50,14.72,63.47,17.73,892.40
2026-08-15T12:16:12,4.13,25631,3070.00,3102.00,3088.50,14.29,65.60,17.50,892.38
2026-08-15T12:32:49,4.13,25631,3038.00,3093.00,3089.50,14.08,69.89,17.48,892.46
2026-08-15T12:49:27,4.13,25631,3091.00,3111.00,3102.50,16.08,60.36,19.47,892.41
2026-08-15T13:06:05,4.13,25631,3071.00,3116.00,3100.00,15.67,64.75,19.82,892.33
2026-08-15T13:22:43,4.13,25631,3067.00,3102.00,3083.00,14.84,68.99,18.83,892.34
2026-08-15T13:39:21,4.13,25631,3081.00,3111.00,3094.50,14.56,68.63,18.96,892.14
2026-08-15T13:55:59,4.12,25631,3036.00,3099.00,3084.00,14.02,67.57,17.98,892.14
2026-08-15T14:12:37,4.11,25631,3053.00,3083.00,3080.50,12.88,75.17,16.20,892.27
2026-08-15T14:29:15,4.12,25631,3079.00,3091.00,3085.50,13.03,79.25,15.50,892.40
2026-08-15T14:45:53,4.12,25631,3063.00,3086.00,3078.50,12.45,80.91,14.91,892.51
2026-08-15T15:02:31,4.13,25631,3065.00,3089.00,3078.50,12.52,80.72,14.86,892.42
2026-08-15T15:19:09,4.12,25631,3066.00,3084.00,3080.50,12.37,80.89,14.50,892.41
2026-08-15T15:35:47,4.12,25631,3057.00,3081.00,3065.50,12.10,80.85,14.28,892.20
2026-08-15T15:52:25,4.12,25631,3059.00,3080.00,3068.50,12.38,81.30,14.27,892.10
2026-08-15T16:09:03,4.12,25631,3056.00,3082.00,3076.50,12.56,81.48,14.62,891.93
2026-08-15T16:25:41,4.12,25631,3052.00,3080.00,3065.00,12.38,79.89,14.43,891.85
2026-08-15T16:42:19,4.12,25631,3045.00,3103.00,3072.50,12.12,79.97,13.97,891.80
2026-08-15T16:58:57,4.12,25631,3061.00,3086.00,3080.00,12.68,77.85,14.65,891.83
2026-08-15T17:15:35,4.12,25631,3053.00,3100.00,3085.50,12.75,80.40,14.69,891.74
2026-08-15T17:32:13,4.12,25631,3071.00,3102.00,3085.50,12.75,80.53,14.49,891.69
2026-08-15T17:48:51,3.91,25631,3079.00,3095.00,3086.00,12.42,81.72,14.04,891.48
2026-08-15T18:05:29,3.91,25631,3065.00,3103.00,3082.50,12.10,81.67,13.54,891.44
2026-08-15T18:22:07,3.91,25631,3070.00,3088.00,3080.50,11.82,84.50,13.06,891.42
2026-08-15T18:38:45,3.91,25631,3068.00,3091.00,3075.00,11.83,84.82,12.75,891.42
2026-08-15T18:55:23,3.90,25631,3063.00,3093.00,3083.50,11.73,84.64,12.54,891.39
2026-08-15T19:12:01,3.91,25631,3073.00,3092.00,3081.50,11.86,85.27,12.50,891.30
2026-08-15T19:28:39,3.90,25631,3054.00,3088.00,3078.00,11.86,84.68,12.51,891.06
2026-08-15T19:45:16,3.90,25631,3068.00,3089.00,3076.50,11.54,85.79,12.13,891.04
2026-08-15T20:01:54,3.90,25631,3040.00,3085.00,3079.00,11.27,88.11,11.79,891.05
2026-08-15T20:18:31,3.90,25631,3063.00,3099.00,3089.00,11.21,88.93,11.58,891.11
2026-08-15T20:35:09,3.90,25631,3055.00,3093.00,3078.00,11.23,89.25,11.49,891.09
2026-08-15T20:51:46,3.90,25631,3069.00,3092.00,3080.50,11.03,90.93,11.31,891.12
2026-08-15T21:08:24,3.89,25631,3069.00,3089.00,3080.00,11.06,91.03,11.24,891.09
2026-08-15T21:25:01,3.90,25631,3067.00,3091.00,3081.50,11.00,91.72,11.19,890.97
2026-08-15T21:41:39,3.90,25631,3068.00,3086.00,3076.00,10.87,92.65,11.11,890.95
2026-08-15T21:58:16,3.89,25631,3081.00,3119.00,3087.50,10.86,93.09,11.07,890.93
2026-08-15T22:14:54,3.89,25631,3067.00,3116.00,3086.00,10.77,93.88,11.02,890.81
2026-08-15T22:31:31,3.88,25631,3069.00,3338.00,3085.00,10.90,94.07,11.01,890.76
2026-08-15T22:48:09,3.90,25631,3075.00,3094.00,3088.00,10.93,94.01,11.06,890.75
2026-08-15T23:04:46,3.89,25631,3061.00,3086.00,3077.00,10.99,94.13,11.10,890.73
2026-08-15T23:21:24,3.89,25631,3072.00,3088.00,3079.00,10.90,94.58,11.09,890.55
2026-08-15T23:38:01,3.89,25631,3045.00,3069.00,3056.00,10.93,94.85,11.06,890.50
2026-08-15T23:54:39,3.89,25631,3046.00,3071.00,3061.50,10.92,95.01,11.04,890.38
2026-08-16T00:11:16,3.89,25631,3051.00,3067.00,3057.50,10.97,94.89,11.04,890.39
2026-08-16T00:27:54,3.89,25631,3034.00,3066.00,3050.00,11.18,93.50,11.10,890.40
2026-08-16T00:44:31,3.89,25631,3042.00,3061.00,3056.50,10.94,94.67,11.08,890.42
2026-08-16T01:01:09,3.89,25631,3048.00,3075.00,3053.00,11.10,93.79,11.14,890.48
2026-08-16T01:17:46,3.90,25631,3042.00,3067.00,3058.00,10.99,94.56,11.13,890.34
2026-08-16T01:34:24,3.89,25631,3030.00,3091.00,3059.50,10.87,95.50,11.06,890.27
2026-08-16T01:51:01,3.89,25631,3043.00,3085.00,3058.00,10.87,95.86,11.03,890.33
2026-08-16T02:07:39,3.89,25631,3042.00,3069.00,3054.00,10.86,96.06,11.04,890.30
2026-08-16T02:24:16,3.89,25631,3038.00,3062.00,3049.50,10.86,96.18,11.05,890.20
2026-08-16T02:40:54,3.89,25631,3043.00,3061.00,3048.50,10.89,96.11,11.08,890.03
2026-08-16T02:57:31,3.89,25631,3040.00,3064.00,3048.50,10.79,95.90,10.96,890.05
2026-08-16T03:14:09,3.89,25631,3040.00,3062.00,3055.00,10.75,96.01,10.82,890.04
2026-08-16T03:30:46,3.89,25631,3042.00,3060.00,3048.50,10.69,95.97,10.65,890.00
2026-08-16T03:47:24,3.89,25631,3039.00,3067.00,3054.50,10.75,95.59,10.68,889.94
2026-08-16T04:04:01,3.89,25631,3048.00,3077.00,3056.00,10.72,95.62,10.73,889.91
2026-08-16T04:20:39,3.89,25631,3046.00,3068.00,3057.00,10.63,95.60,10.68,889.91
2026-08-16T04:37:16,3.89,25631,3041.00,3061.00,3053.50,10.69,95.28,10.65,889.86
2026-08-16T04:53:54,3.89,25631,3038.00,3061.00,3052.50,10.52,95.07,10.50,889.83
2026-08-16T05:10:31,3.89,25631,3040.00,3062.00,3049.00,10.65,92.20,10.28,889.74
2026-08-16T05:27:09,3.89,25631,3037.00,3118.00,3067.00,10.67,90.68,10.22,889.75
2026-08-16T05:43:46,3.89,25631,3041.00,3059.00,3051.00,10.76,89.25,10.28,889.82
2026-08-16T06:00:24,3.89,25631,3049.00,3068.00,3061.00,11.03,87.16,10.59,889.92
2026-08-16T06:17:02,3.89,25631,3042.00,3069.00,3064.00,11.17,88.00,10.95,889.89
2026-08-16T06:33:40,3.90,25631,3056.00,3074.00,3065.00,10.87,91.67,11.18,889.90
2026-08-16T06:50:18,3.90,25631,3038.00,3075.00,3062.50,10.70,93.04,11.26,889.92
2026-08-16T07:06:56,4.12,25631,3035.00,3069.00,3061.50,10.46,93.64,10.99,889.93
2026-08-16T07:23:34,4.12,25631,3040.00,3068.00,3062.00,10.46,93.38,10.87,890.08
2026-08-16T07:40:13,4.12,25631,3042.00,3063.00,3055.00,10.48,93.34,10.94,890.15
2026-08-16T07:56:51,4.12,25631,3051.00,3074.00,3068.00,10.83,92.19,11.75,890.24
2026-08-16T08:13:29,4.12,25631,3056.00,3090.00,3075.00,13.69,84.68,19.98,890.22
2026-08-16T08:30:07,4.12,25631,3076.00,3139.00,3095.50,13.11,85.32,20.16,890.19
2026-08-16T08:46:45,4.12,25631,3094.00,3110.00,3100.00,13.04,82.49,20.45,889.77
2026-08-16T09:03:22,4.13,25631,3095.00,3120.00,3113.00,13.99,80.32,21.81,890.27
2026-08-16T09:20:00,4.14,25631,3106.00,3300.00,3124.00,15.26,76.67,25.81,889.88
2026-08-16T09:36:38,4.13,25631,3114.00,3144.00,3126.00,14.24,75.00,25.42,889.51
2026-08-16T09:53:16,4.14,25631,3102.00,3231.00,3116.50,15.27,66.69,26.14,889.74
2026-08-16T10:09:53,4.13,25631,3090.00,3276.00,3107.50,15.30,72.27,25.44,889.77
2026-08-16T10:26:31,4.13,25631,3270.00,3297.00,3281.00,15.00,75.98,24.37,889.69
2026-08-16T10:43:09,4.13,25631,3081.00,3299.00,3272.50,15.71,70.60,24.12,889.68
2026-08-16T10:59:47,4.13,25631,3080.00,3267.00,3119.00,16.06,73.78,22.90,889.62
2026-08-16T11:16:25,4.12,25631,3215.00,3511.00,3266.00,14.41,76.48,20.45,889.68
2026-08-16T11:33:02,4.13,25631,3159.00,3309.00,3272.00,15.77,69.43,21.02,889.82
2026-08-16T11:49:40,4.13,25631,3056.00,3269.00,3197.00,15.13,72.11,20.16,890.06
2026-08-16T12:06:18,4.13,25631,3075.00,3295.00,3124.50,16.52,65.37,21.06,889.87
2026-08-16T12:22:56,4.13,25631,3074.00,3274.00,3108.00,15.67,63.37,20.42,889.80
2026-08-16T12:39:34,4.13,25631,3103.00,3282.00,3268.00,16.68,63.13,20.44,890.00
2026-08-16T12:56:11,4.13,25631,3129.00,3296.00,3277.50,16.73,59.23,20.80,889.93
2026-08-16T13:12:49,4.13,25631,3103.00,3269.00,3114.00,15.64,65.35,19.97,889.91
2026-08-16T13:29:27,4.12,25631,3083.00,3274.00,3106.00,15.91,62.92,19.41,890.03
2026-08-16T13:46:05,4.13,25631,3083.00,3269.00,3251.50,16.05,63.11,19.01,890.02
2026-08-16T14:02:43,4.13,25631,3065.00,3271.00,3254.50,16.52,61.12,19.50,890.01
2026-08-16T14:19:21,4.12,25631,3094.00,3270.00,3259.00,15.70,62.39,19.15,889.89
2026-08-16T14:35:59,4.13,25631,3247.00,3267.00,3256.50,15.67,62.82,18.77,889.88
2026-08-16T14:52:37,4.13,25631,3086.00,3266.00,3107.50,16.70,59.23,18.79,889.78
2026-08-16T15:09:14,4.13,25631,3065.00,3264.00,3250.00,17.39,57.82,19.90,890.04
2026-08-16T15:25:52,4.13,25631,3074.00,3117.00,3108.50,16.50,57.19,19.93,889.64
2026-08-16T15:42:30,4.13,25631,3090.00,3248.00,3100.00,15.03,64.17,18.38,889.87
2026-08-16T15:59:08,4.13,25631,3082.00,3225.00,3096.50,15.19,63.60,17.81,889.79
2026-08-16T16:15:46,4.12,25631,3055.00,3107.00,3096.00,15.15,62.43,17.72,889.87
2026-08-16T16:32:24,4.14,25631,3140.00,3405.00,3225.50,16.77,57.42,20.01,889.88
2026-08-16T16:49:02,4.13,25631,3073.00,3297.00,3111.00,16.15,63.02,20.41,889.69
2026-08-16T17:05:39,4.13,25631,3096.00,3314.00,3183.00,18.05,52.32,19.95,889.81
2026-08-16T17:22:17,4.13,25631,3242.00,3465.00,3314.50,16.83,57.08,20.50,889.66
2026-08-16T17:38:55,4.13,25631,3089.00,3114.00,3103.00,17.35,56.42,20.11,889.78
2026-08-16T17:55:33,4.13,25631,3108.00,3393.00,3148.00,16.80,56.59,19.70,889.59
2026-08-16T18:12:11,4.13,25631,3128.00,3297.00,3148.50,15.91,60.06,19.12,889.62
2026-08-16T18:28:49,4.13,25631,3091.00,3122.00,3111.00,15.88,61.63,18.82,889.65
2026-08-16T18:45:26,4.13,25631,3053.00,3116.00,3097.00,14.95,64.07,18.49,889.55
2026-08-16T19:02:04,3.90,25631,3097.00,3126.00,3108.50,14.27,66.24,17.50,889.58
2026-08-16T19:18:42,3.90,25631,3072.00,3097.00,3079.00,12.20,73.14,14.63,889.56
2026-08-16T19:35:20,3.89,25631,3059.00,3079.00,3074.50,11.86,74.17,12.75,889.65
2026-08-16T19:51:58,3.89,25631,3056.00,3081.00,3065.00,11.63,75.21,11.92,889.82
2026-08-16T20:08:35,3.89,25631,3040.00,3296.00,3070.50,11.63,75.11,11.45,889.83
2026-08-16T20:25:13,3.89,25631,3059.00,3076.00,3065.00,11.39,76.01,11.10,889.84
2026-08-16T20:41:50,3.89,25631,3055.00,3069.00,3066.00,11.39,75.67,10.82,889.89
2026-08-16T20:58:28,3.87,25631,3057.00,3079.00,3063.00,11.08,76.61,10.59,889.92
2026-08-16T21:15:05,3.89,25631,3046.00,3068.00,3060.50,10.92,77.24,10.28,889.92
2026-08-16T21:31:43,3.89,25631,3048.00,3073.00,3061.00,10.55,78.97,9.88,889.86
2026-08-16T21:48:20,3.88,25631,3049.00,3068.00,3059.00,10.08,80.72,9.53,889.83
2026-08-16T22:04:58,3.89,25631,3040.00,3071.00,3059.00,9.95,81.30,9.39,889.87
2026-08-16T22:21:35,3.88,25631,3047.00,3076.00,3057.50,9.86,81.88,9.15,889.91
2026-08-16T22:38:13,3.89,25631,3052.00,3068.00,3057.00,9.50,83.39,8.87,889.84
2026-08-16T22:54:50,3.88,25631,3042.00,3066.00,3057.00,9.52,83.71,8.78,889.89
2026-08-16T23:11:28,3.88,25631,3045.00,3072.00,3055.50,9.08,85.75,8.56,889.96
2026-08-16T23:28:06,3.89,25631,3040.00,3077.00,3060.50,9.29,84.89,8.50,889.98
2026-08-16T23:44:43,3.89,25631,3045.00,3061.00,3055.00,8.87,85.98,8.25,889.96
2026-08-17T00:01:21,3.87,25631,3038.00,3064.00,3054.50,8.24,89.73,7.82,890.00
2026-08-17T00:17:58,3.88,25631,3039.00,3070.00,3049.50,8.26,89.59,7.62,889.98
2026-08-17T00:34:36,3.88,25631,3032.00,3075.00,3060.00,8.52,88.27,7.63,890.02
2026-08-17T00:51:14,3.89,25631,3048.00,3072.00,3058.50,8.26,89.43,7.49,890.03
2026-08-17T01:07:51,3.88,25631,3041.00,3075.00,3051.00,7.80,91.72,7.25,890.05
2026-08-17T01:24:29,3.88,25631,3040.00,3072.00,3053.00,7.88,92.39,7.15,890.15
2026-08-17T01:41:06,3.88,25631,3044.00,3068.00,3058.00,7.55,93.47,6.92,890.05
2026-08-17T01:57:44,3.88,25631,3053.00,3069.00,3060.00,7.46,94.33,6.87,890.07
2026-08-17T02:14:22,3.88,25631,3053.00,3075.00,3061.50,7.35,94.22,6.94,889.92
2026-08-17T02:30:59,3.88,25631,3048.00,3074.00,3057.00,7.59,93.64,6.86,889.91
2026-08-17T02:47:37,3.88,25631,3052.00,3069.00,3060.00,7.39,93.17,6.69,890.01
2026-08-17T03:04:15,3.87,25631,3056.00,3069.00,3062.50,6.84,93.15,6.50,889.94
2026-08-17T03:20:52,3.88,25631,3048.00,3067.00,3062.50,6.98,94.74,6.39,889.92
2026-08-17T03:37:30,3.88,25631,3051.00,3113.00,3058.50,6.91,95.17,6.43,889.92
2026-08-17T03:54:08,3.88,25631,3049.00,3065.00,3057.00,7.15,95.44,6.42,889.93
2026-08-17T04:10:45,3.88,25631,3048.00,3065.00,3055.00,7.19,94.12,6.47,889.92
2026-08-17T04:27:23,3.88,25631,3045.00,3074.00,3059.00,7.35,93.50,6.44,889.97
2026-08-17T04:44:01,3.87,25631,3060.00,3117.00,3079.50,7.46,93.54,6.53,889.87
2026-08-17T05:00:38,3.87,25631,3081.00,3160.00,3116.00,7.43,91.84,6.64,889.88
2026-08-17T05:17:16,3.87,25631,3083.00,3121.00,3106.50,7.04,93.82,6.41,889.92
2026-08-17T05:33:54,3.87,25631,3063.00,3117.00,3100.00,7.00,94.20,6.36,889.89
2026-08-17T05:50:31,3.87,25631,3086.00,3112.00,3101.50,7.02,93.91,6.43,889.99
2026-08-17T06:07:09,3.88,25631,3080.00,3121.00,3106.00,7.05,94.68,6.50,890.10
2026-08-17T06:23:47,3.88,25631,3104.00,3112.00,3107.00,7.07,94.99,6.63,890.13
2026-08-17T06:40:25,3.89,25631,3100.00,3134.00,3120.00,7.15,93.62,6.72,890.10
2026-08-17T06:57:03,3.89,25631,3102.00,3120.00,3115.00,7.09,94.46,6.76,890.18
2026-08-17T07:13:42,4.11,25631,3107.00,3126.00,3116.50,7.23,92.78,6.99,890.16
2026-08-17T07:30:20,3.90,25631,3111.00,3132.00,3121.00,7.77,93.83,7.41,890.14
2026-08-17T07:46:58,4.12,25631,3113.00,3124.00,3120.00,8.36,93.94,7.78,890.17
2026-08-17T08:03:36,4.12,25631,3105.00,3122.00,3111.50,9.82,92.58,11.98,890.71
2026-08-17T08:20:14,4.12,25631,3131.00,3147.00,3137.50,11.58,84.10,17.65,890.59
2026-08-17T08:36:52,4.12,25631,3119.00,3168.00,3153.50,11.73,82.19,21.10,890.56
2026-08-17T08:53:30,4.13,25631,3085.00,3140.00,3121.00,12.26,79.87,22.89,890.63
2026-08-17T09:10:08,4.13,25631,3117.00,3153.00,3142.50,12.48,80.56,24.73,890.65
2026-08-17T09:26:46,4.14,25631,3116.00,3211.00,3132.50,13.99,75.09,25.48,890.61
2026-08-17T09:43:24,4.14,25631,3117.00,3172.00,3131.00,14.45,74.67,26.21,890.73
2026-08-17T10:00:01,4.14,25631,3103.00,3327.00,3125.00,14.68,72.96,25.92,890.67
2026-08-17T10:16:39,4.14,25631,3062.00,3318.00,3110.50,14.87,70.21,25.43,890.77
2026-08-17T10:33:17,4.14,25631,3125.00,3255.00,3137.50,15.87,66.96,24.69,890.82
2026-08-17T10:49:55,4.13,25631,3101.00,3324.00,3132.50,15.60,68.03,24.99,890.82
2026-08-17T11:06:32,4.13,25631,3095.00,3307.00,3156.50,15.49,70.18,23.32,890.82
2026-08-17T11:23:10,4.14,25631,3118.00,3149.00,3139.00,15.85,67.50,22.12,890.82
2026-08-17T11:39:48,4.13,25631,3120.00,3412.00,3156.00,14.74,72.00,21.02,890.83
2026-08-17T11:56:26,4.13,25631,3068.00,3123.00,3104.50,15.78,68.77,20.76,890.91
2026-08-17T12:13:03,4.13,25631,3067.00,3351.00,3267.50,17.74,61.82,21.29,890.91
2026-08-17T12:29:41,4.13,25631,3083.00,3314.00,3150.50,18.07,58.23,21.84,890.86
2026-08-17T12:46:19,4.14,25631,3087.00,3364.00,3115.00,19.79,54.12,22.57,890.74
2026-08-17T13:02:57,4.13,25631,3091.00,3296.00,3117.00,17.32,59.37,21.74,890.58
2026-08-17T13:19:34,4.13,25631,3029.00,3291.00,3231.50,18.62,56.65,21.28,890.86
2026-08-17T13:36:12,4.12,25631,3080.00,3133.00,3106.50,20.32,51.66,23.01,890.79
2026-08-17T13:52:50,4.14,25631,3071.00,3300.00,3098.50,19.86,53.09,23.52,890.70
2026-08-17T14:09:27,4.14,25631,3078.00,3294.00,3110.00,20.51,50.07,23.78,890.66
2026-08-17T14:26:05,4.14,25631,3091.00,3308.00,3096.50,20.53,52.35,24.22,890.55
2026-08-17T14:42:43,4.14,25631,3083.00,3277.00,3102.00,20.99,51.51,24.56,890.49
2026-08-17T14:59:20,4.14,25631,3092.00,3292.00,3115.50,21.37,49.85,24.61,890.35
2026-08-17T15:15:58,4.14,25631,3069.00,3263.00,3109.50,20.21,54.19,24.25,890.26
2026-08-17T15:32:36,4.14,25631,3081.00,3272.00,3098.00,20.28,54.75,24.17,890.13
2026-08-17T15:49:13,4.14,25631,3083.00,3121.00,3106.00,20.75,52.42,24.14,890.15
2026-08-17T16:05:51,4.14,25631,3102.00,3462.00,3123.00,21.11,51.58,24.77,890.19
2026-08-17T16:22:29,4.14,25631,3082.00,3271.00,3111.00,20.65,53.67,25.36,890.16
2026-08-17T16:39:06,4.14,25631,3106.00,3156.00,3114.00,20.14,54.36,25.01,889.97
2026-08-17T16:55:44,4.14,25631,3102.00,3315.00,3112.00,19.45,56.63,23.85,890.16
2026-08-17T17:12:22,4.14,25631,3104.00,3309.00,3290.00,20.12,58.13,23.40,890.37
2026-08-17T17:28:59,4.14,25631,3090.00,3390.00,3109.50,19.72,56.45,23.84,890.22
2026-08-17T17:45:37,4.02,25631,3072.00,3119.00,3086.00,17.45,64.55,21.36,890.06
2026-08-17T18:02:15,4.13,25631,3068.00,3124.00,3087.50,18.12,62.66,21.32,890.18
2026-08-17T18:18:52,4.01,25631,3074.00,3113.00,3085.00,17.69,64.59,20.88,889.97
2026-08-17T18:35:30,3.91,25631,3072.00,3117.00,3086.00,16.94,66.67,19.73,889.81
2026-08-17T18:52:08,3.91,25631,3051.00,3094.00,3066.00,15.88,70.47,18.04,889.97
2026-08-17T19:08:45,3.91,25631,3083.00,3109.00,3092.50,15.60,70.74,17.06,889.98
2026-08-17T19:25:23,3.91,25631,3056.00,3093.00,3071.50,15.33,73.25,16.41,890.02
2026-08-17T19:42:01,3.91,25631,3045.00,3090.00,3064.00,14.96,73.51,15.74,889.98
2026-08-17T19:58:38,3.90,25631,3052.00,3087.00,3071.00,14.44,75.49,14.80,890.00
2026-08-17T20:15:16,3.90,25631,3053.00,3077.00,3072.00,14.56,75.48,14.27,890.04
2026-08-17T20:31:53,3.90,25631,3081.00,3312.00,3094.00,14.20,76.88,13.87,890.05
2026-08-17T20:48:30,3.90,25631,3070.00,3086.00,3077.00,14.05,77.84,13.67,890.03
2026-08-17T21:05:08,3.90,25631,3051.00,3095.00,3073.00,13.74,79.27,13.45,889.91
2026-08-17T21:21:45,3.89,25631,3036.00,3088.00,3061.00,13.76,79.60,13.32,889.85
2026-08-17T21:38:23,3.90,25631,3073.00,3087.00,3079.00,13.62,79.80,13.10,889.77
2026-08-17T21:55:00,3.90,25631,3043.00,3084.00,3070.00,13.55,80.35,12.81,889.66
2026-08-17T22:11:38,3.89,25631,3048.00,3082.00,3070.50,13.33,81.05,12.56,889.66
2026-08-17T22:28:15,3.90,25631,3053.00,3077.00,3065.50,12.55,84.12,12.18,889.65
2026-08-17T22:44:53,3.89,25631,3047.00,3078.00,3071.00,12.34,84.95,11.92,889.60
2026-08-17T23:01:30,3.89,25631,3039.00,3077.00,3060.50,12.92,83.94,11.88,889.54
2026-08-17T23:18:08,3.89,25631,3065.00,3078.00,3069.50,12.54,85.32,11.75,889.57
2026-08-17T23:34:45,3.89,25631,3050.00,3072.00,3065.00,12.40,85.68,11.61,889.59
2026-08-17T23:51:23,3.89,25631,3053.00,3093.00,3067.00,12.40,85.87,11.52,889.58
2026-08-18T00:08:00,3.89,25631,3042.00,3076.00,3068.00,12.12,87.04,11.38,889.54
2026-08-18T00:24:38,3.89,25631,3035.00,3070.00,3062.50,11.69,88.39,11.14,889.48
2026-08-18T00:41:15,3.89,25631,3042.00,3074.00,3063.50,11.69,88.69,11.00,889.48
2026-08-18T00:57:53,3.89,25631,3058.00,3074.00,3064.50,11.52,88.77,10.90,889.43
2026-08-18T01:14:30,3.89,25631,3058.00,3070.00,3063.50,11.59,88.16,10.82,889.44
2026-08-18T01:31:08,3.89,25631,3056.00,3076.00,3065.50,11.32,89.19,10.62,889.39
2026-08-18T01:47:45,3.89,25631,3048.00,3070.00,3061.50,11.10,89.91,10.48,889.36
2026-08-18T02:04:23,3.89,25631,3053.00,3081.00,3061.50,10.76,90.74,10.28,889.29
2026-08-18T02:21:00,3.89,25631,3048.00,3074.00,3064.50,10.72,89.50,10.09,889.28
2026-08-18T02:37:38,3.89,25631,3058.00,3080.00,3065.50,11.50,86.25,10.32,889.29
2026-08-18T02:54:15,3.89,25631,3054.00,3074.00,3065.00,11.32,88.97,10.36,889.34
2026-08-18T03:10:53,3.89,25631,3046.00,3080.00,3064.00,11.38,89.44,10.36,889.32
2026-08-18T03:27:31,3.89,25631,3048.00,3066.00,3056.00,11.34,87.19,10.32,889.31
2026-08-18T03:44:08,3.89,25631,3036.00,3065.00,3059.00,11.08,90.58,10.17,889.38
2026-08-18T04:00:46,3.89,25631,3042.00,3065.00,3056.00,10.73,91.53,10.02,889.39
2026-08-18T04:17:23,3.89,25631,3045.00,3078.00,3058.00,10.32,91.84,9.82,889.40
2026-08-18T04:34:01,3.89,25631,3047.00,3082.00,3063.50,10.56,90.80,9.76,889.48
2026-08-18T04:50:38,3.89,25631,3033.00,3079.00,3072.50,10.59,91.74,9.77,889.51
2026-08-18T05:07:16,3.89,25631,3061.00,3113.00,3080.00,10.42,90.42,9.68,889.59
2026-08-18T05:23:53,3.88,25631,3077.00,3110.00,3090.50,10.28,91.89,9.64,889.66
2026-08-18T05:40:31,3.89,25631,3094.00,3113.00,3099.00,10.42,90.69,9.65,889.80
2026-08-18T05:57:09,3.89,25631,3091.00,3117.00,3105.00,10.31,91.64,9.63,889.86
2026-08-18T06:13:46,3.89,25631,3092.00,3115.00,3108.00,10.45,91.11,9.75,889.85
2026-08-18T06:30:24,3.89,25631,3111.00,3125.00,3119.50,10.50,86.68,9.83,889.79
2026-08-18T06:47:02,3.90,25631,3113.00,3128.00,3118.50,10.70,88.68,9.96,889.91
2026-08-18T07:03:40,3.91,25631,3110.00,3126.00,3120.00,10.66,88.39,10.11,889.98
2026-08-18T07:20:18,3.91,25631,3115.00,3138.00,3127.50,11.23,89.72,10.45,890.07
2026-08-18T07:36:56,4.12,25631,3115.00,3134.00,3124.50,11.42,88.66,11.06,890.06
2026-08-18T07:53:35,4.12,25631,3115.00,3135.00,3121.50,11.73,90.69,11.36,890.26
2026-08-18T08:10:13,4.12,25631,3105.00,3128.00,3119.50,14.12,84.39,19.02,890.37
2026-08-18T08:26:51,4.12,25631,3098.00,3153.00,3142.50,15.27,77.90,22.94,890.32
2026-08-18T08:43:28,4.14,25631,3101.00,3381.00,3126.00,15.92,78.10,25.26,890.25
2026-08-18T09:00:06,4.14,25631,3104.00,3362.00,3137.50,16.19,75.65,27.30,890.27
2026-08-18T09:16:44,4.14,25631,3098.00,3130.00,3117.50,16.39,75.00,28.40,890.25
2026-08-18T09:33:21,4.14,25631,3106.00,3329.00,3129.50,17.25,74.45,29.04,890.34
2026-08-18T09:49:59,4.14,25631,3111.00,3138.00,3126.50,17.50,69.89,28.97,890.35
2026-08-18T10:06:36,4.14,25631,3097.00,3277.00,3127.00,17.23,71.39,28.54,890.34
2026-08-18T10:23:14,4.14,25631,3083.00,3300.00,3126.50,16.64,72.45,26.77,890.39
2026-08-18T10:39:52,4.14,25631,3085.00,3313.00,3119.00,17.03,71.00,26.04,890.46
2026-08-18T10:56:29,4.14,25631,3093.00,3298.00,3104.00,17.16,70.29,25.79,890.44
2026-08-18T11:13:07,4.13,25631,3106.00,3264.00,3122.00,16.68,72.37,23.56,890.49
2026-08-18T11:29:45,4.14,25631,3088.00,3317.00,3103.50,16.87,70.80,22.93,890.58
2026-08-18T11:46:22,4.14,25631,3087.00,3285.00,3102.00,16.80,69.55,22.74,890.49
2026-08-18T12:03:00,4.13,25631,3083.00,3134.00,3097.50,18.69,62.81,23.02,890.51
2026-08-18T12:19:38,4.13,25631,3132.00,3343.00,3284.50,20.04,60.47,23.50,890.54
2026-08-18T12:36:16,4.14,25631,3083.00,3347.00,3132.00,19.73,62.18,23.32,890.53
2026-08-18T12:52:53,4.14,25631,3092.00,3391.00,3135.50,20.24,59.26,23.96,890.41
2026-08-18T13:09:31,4.14,25631,3083.00,3309.00,3102.00,20.51,58.56,23.95,890.39
2026-08-18T13:26:09,4.14,25631,3110.00,3362.00,3270.50,20.56,57.91,24.31,890.29
2026-08-18T13:42:46,4.14,25631,3082.00,3169.00,3100.00,20.55,55.83,24.55,890.22
2026-08-18T13:59:24,4.14,25631,3077.00,3454.00,3097.00,21.14,56.17,24.54,890.35
2026-08-18T14:16:02,4.14,25631,3107.00,3443.00,3263.50,21.30,54.61,24.77,890.28
2026-08-18T14:32:39,4.14,25631,3079.00,3294.00,3124.00,21.66,55.26,25.00,890.31
2026-08-18T14:49:17,4.14,25631,3241.00,3298.00,3260.00,22.35,53.03,25.35,890.22
2026-08-18T15:05:54,4.14,25631,3246.00,3284.00,3268.00,21.17,55.90,24.90,890.17
2026-08-18T15:22:32,4.14,25631,3089.00,3286.00,3117.50,21.74,52.58,24.68,890.18
2026-08-18T15:39:10,4.14,25631,3098.00,3276.00,3113.50,21.41,54.60,24.90,890.03
2026-08-18T15:55:47,4.14,25631,3099.00,3282.00,3132.00,22.48,49.43,24.92,890.00
2026-08-18T16:12:25,4.14,25631,3101.00,3293.00,3131.50,22.87,47.70,25.07,890.06
2026-08-18T16:29:03,4.14,25631,3095.00,3314.00,3133.00,22.54,50.20,25.11,890.07
2026-08-18T16:45:40,4.14,25631,3146.00,3318.00,3290.00,21.27,53.79,24.70,890.08
2026-08-18T17:02:18,4.14,25631,3091.00,3278.00,3133.50,21.93,51.85,24.69,890.00
2026-08-18T17:18:55,4.14,25631,3100.00,3296.00,3149.50,23.16,49.01,24.62,889.97
2026-08-18T17:35:33,4.13,25631,3100.00,3290.00,3126.00,20.93,54.20,23.96,889.91
2026-08-18T17:52:11,4.14,25631,3096.00,3299.00,3147.00,22.17,50.21,23.65,889.87
2026-08-18T18:08:48,4.14,25631,3098.00,3293.00,3144.50,22.88,48.42,23.56,889.92
2026-08-18T18:25:26,4.14,25631,3137.00,3296.00,3145.00,20.90,53.29,23.23,889.86
2026-08-18T18:42:04,4.14,25631,3093.00,3143.00,3099.00,20.49,53.51,22.98,889.91
2026-08-18T18:58:41,3.91,25631,3100.00,3148.00,3112.00,21.14,52.41,23.02,889.83
2026-08-18T19:15:19,3.91,25631,3070.00,3102.00,3088.00,18.01,62.96,20.49,889.71
2026-08-18T19:31:57,3.91,25631,3067.00,3080.00,3074.00,17.28,63.43,18.31,889.90
2026-08-18T19:48:34,3.90,25631,3066.00,3080.00,3072.50,16.78,65.11,17.13,889.97
2026-08-18T20:05:11,3.90,25631,3061.00,3081.00,3068.50,16.22,66.84,16.32,889.98
2026-08-18T20:21:49,3.89,25631,3043.00,3086.00,3076.00,16.47,65.59,15.90,890.06
2026-08-18T20:38:26,3.90,25631,3047.00,3081.00,3072.50,16.30,65.57,15.70,890.05
2026-08-18T20:55:03,3.90,25631,3054.00,3077.00,3064.00,16.60,63.95,15.61,890.08
2026-08-18T21:11:41,3.89,25631,3064.00,3090.00,3071.50,16.36,64.41,15.40,890.18
2026-08-18T21:28:18,3.90,25631,3048.00,3087.00,3072.00,16.06,65.48,15.13,890.18
2026-08-18T21:44:55,3.89,25631,3044.00,3082.00,3071.00,15.71,66.72,14.91,890.20
2026-08-18T22:01:33,3.89,25631,3058.00,3083.00,3072.50,15.60,66.89,14.70,890.20
2026-08-18T22:18:10,3.90,25631,3046.00,3080.00,3071.50,15.43,67.67,14.49,890.18
2026-08-18T22:34:47,3.89,25631,3053.00,3072.00,3067.00,15.60,67.20,14.49,890.12
2026-08-18T22:51:25,3.89,25631,3054.00,3077.00,3065.50,15.39,65.52,14.36,890.10
2026-08-18T23:08:02,3.89,25631,3045.00,3078.00,3059.50,15.20,67.22,14.22,890.03
2026-08-18T23:24:39,3.89,25631,3042.00,3083.00,3071.50,15.29,67.05,14.26,890.05
2026-08-18T23:41:17,3.89,25631,3055.00,3081.00,3075.50,15.32,67.21,14.20,890.05
2026-08-18T23:57:54,3.89,25631,3054.00,3085.00,3063.00,15.00,68.65,14.04,890.14
2026-08-19T00:14:32,3.90,25631,3058.00,3087.00,3070.00,14.96,69.03,13.93,890.20
2026-08-19T00:31:09,3.89,25631,3052.00,3077.00,3064.50,15.05,68.83,14.00,890.13
2026-08-19T00:47:46,3.89,25631,3048.00,3076.00,3068.00,14.91,69.70,13.83,890.15
2026-08-19T01:04:24,3.89,25631,3049.00,3080.00,3073.50,14.99,69.22,13.85,890.08
2026-08-19T01:21:01,3.89,25631,3059.00,3077.00,3066.00,14.68,69.47,13.73,890.03
2026-08-19T01:37:38,3.89,25631,3053.00,3082.00,3077.50,14.47,69.77,13.61,889.96
2026-08-19T01:54:16,3.89,25631,3052.00,3076.00,3063.00,14.27,69.92,13.49,889.93
2026-08-19T02:10:53,3.89,25631,3049.00,3082.00,3069.00,14.43,69.82,13.37,889.90
2026-08-19T02:27:31,3.89,25631,3056.00,3075.00,3065.00,14.40,70.01,13.34,889.90
2026-08-19T02:44:08,3.89,25631,3049.00,3072.00,3062.00,14.36,68.14,13.33,889.84
2026-08-19T03:00:45,3.89,25631,3039.00,3076.00,3060.50,14.32,68.34,13.34,889.71
2026-08-19T03:17:23,3.89,25631,3051.00,3094.00,3066.50,15.15,65.01,13.66,889.69
2026-08-19T03:34:00,3.89,25631,3034.00,3092.00,3070.50,15.03,65.03,13.83,889.56
2026-08-19T03:50:37,3.89,25631,3057.00,3072.00,3064.50,14.59,66.50,13.61,889.55
2026-08-19T04:07:15,3.89,25631,3058.00,3086.00,3067.00,14.84,64.74,13.58,889.46
2026-08-19T04:23:52,3.89,25631,3037.00,3078.00,3061.50,14.72,64.90,13.70,889.41
2026-08-19T04:40:29,3.89,25631,3051.00,3083.00,3073.50,14.77,64.19,13.71,889.46
2026-08-19T04:57:07,3.89,25631,3046.00,3100.00,3066.00,14.32,66.51,13.51,889.43
2026-08-19T05:13:44,3.89,25631,3055.00,3081.00,3071.00,14.27,66.29,13.28,889.46
2026-08-19T05:30:22,3.88,25631,3058.00,3091.00,3083.00,14.12,66.18,13.18,889.39
2026-08-19T05:46:59,3.89,25631,3029.00,3069.00,3051.50,13.86,67.11,13.09,889.44
2026-08-19T06:03:37,3.89,25631,3035.00,3074.00,3054.00,14.29,66.33,13.23,889.46
2026-08-19T06:20:14,3.89,25631,3039.00,3069.00,3056.00,14.27,66.07,13.40,889.52
2026-08-19T06:36:52,3.89,25631,3037.00,3075.00,3056.50,14.40,65.23,13.54,889.52
2026-08-19T06:53:30,3.90,25631,3041.00,3087.00,3060.00,14.88,65.12,13.86,889.64
2026-08-19T07:10:08,3.91,25631,3047.00,3068.00,3055.50,15.10,65.47,14.20,889.55
2026-08-19T07:26:46,3.91,25631,3076.00,3111.00,3096.50,15.18,63.59,14.30,889.66
2026-08-19T07:43:23,4.12,25631,3043.00,3076.00,3068.00,14.95,70.42,14.44,889.71
2026-08-19T08:00:01,4.12,25631,3056.00,3082.00,3069.00,15.54,63.32,17.36,890.04
2026-08-19T08:16:39,4.14,25631,3061.00,3080.00,3073.50,18.36,53.38,24.51,889.55
2026-08-19T08:33:17,4.14,25631,3097.00,3167.00,3130.50,19.51,60.29,27.25,889.60
2026-08-19T08:49:55,4.14,25631,3121.00,3158.00,3129.50,17.76,62.35,28.38,889.36
2026-08-19T09:06:32,4.14,25631,3105.00,3163.00,3120.00,20.01,60.72,30.05,889.47
2026-08-19T09:23:10,4.14,25631,3108.00,3287.00,3147.00,20.97,60.14,31.48,889.37
2026-08-19T09:39:47,4.14,25631,3113.00,3326.00,3121.50,20.96,58.59,32.19,889.16
2026-08-19T09:56:25,4.14,25631,3103.00,3168.00,3149.00,20.52,61.56,32.13,889.24
2026-08-19T10:13:02,4.14,25631,3110.00,3160.00,3124.50,21.16,58.47,31.73,889.30
2026-08-19T10:29:40,4.14,25631,3112.00,3284.00,3141.00,21.11,59.87,30.37,889.29
2026-08-19T10:46:17,4.14,25631,3108.00,3311.00,3134.50,21.38,56.16,30.42,889.32
2026-08-19T11:02:55,4.14,25631,3121.00,3340.00,3177.00,20.53,63.12,29.39,889.31
2026-08-19T11:19:32,4.14,25631,3108.00,3336.00,3143.00,20.38,61.62,26.84,889.27
2026-08-19T11:36:10,4.14,25631,3095.00,3169.00,3149.00,20.67,58.90,26.28,889.24
2026-08-19T11:52:47,4.14,25631,3102.00,3286.00,3173.50,20.80,59.82,26.34,889.19
2026-08-19T12:09:25,4.14,25631,3101.00,3144.00,3120.00,23.01,54.37,26.47,889.09
2026-08-19T12:26:03,4.14,25631,3133.00,3316.00,3154.00,23.49,52.80,26.66,888.95
2026-08-19T12:42:40,4.14,25631,3185.00,3310.00,3283.50,23.67,50.42,26.94,888.92
2026-08-19T12:59:18,4.14,25631,3095.00,3309.00,3268.50,22.68,55.24,26.55,888.87
2026-08-19T13:15:55,4.14,25631,3077.00,3141.00,3094.00,23.75,49.82,26.85,888.79
2026-08-19T13:32:33,4.14,25631,3086.00,3267.00,3115.50,23.87,45.61,27.24,888.69
2026-08-19T13:49:10,4.14,25631,3122.00,3297.00,3267.50,24.29,44.14,27.77,888.57
2026-08-19T14:05:48,4.14,25631,3070.00,3273.00,3129.50,24.67,44.29,27.88,888.50
2026-08-19T14:22:25,4.14,25631,3091.00,3357.00,3305.00,24.40,42.22,28.00,888.29
2026-08-19T14:39:03,4.14,25631,3101.00,3273.00,3112.50,25.25,42.15,28.16,888.18
2026-08-19T14:55:40,4.14,25631,3103.00,3328.00,3248.50,24.64,43.65,28.17,888.02
2026-08-19T15:12:18,4.14,25631,3239.00,3272.00,3262.50,24.02,46.92,27.53,887.72
2026-08-19T15:28:55,4.14,25631,3102.00,3259.00,3114.50,23.89,43.99,26.68,888.06
2026-08-19T15:45:33,4.14,25631,3071.00,3129.00,3119.00,25.39,42.99,27.51,887.81
2026-08-19T16:02:11,4.14,25631,3094.00,3269.00,3134.00,25.12,44.25,27.41,887.73
2026-08-19T16:18:48,4.14,25631,3119.00,3267.00,3140.00,23.85,45.40,27.45,887.58
2026-08-19T16:35:26,4.14,25631,3076.00,3310.00,3226.50,24.29,40.93,28.24,887.35
2026-08-19T16:52:03,4.14,25631,3123.00,3286.00,3153.50,25.27,43.14,28.22,887.20
2026-08-19T17:08:41,4.14,25631,3155.00,3296.00,3284.00,24.18,45.88,27.65,887.10
2026-08-19T17:25:18,4.14,25631,3134.00,3296.00,3276.00,25.24,43.81,27.37,887.25
2026-08-19T17:41:56,4.14,25631,3139.00,3325.00,3273.00,27.21,38.56,27.40,887.07
2026-08-19T17:58:33,4.14,25631,3162.00,3304.00,3293.50,24.80,43.74,27.15,887.02
2026-08-19T18:15:11,4.14,25631,3276.00,3335.00,3285.00,24.64,46.86,26.33,886.98
2026-08-19T18:31:48,4.02,25631,3115.00,3408.00,3187.50,22.88,47.11,26.25,886.79
2026-08-19T18:48:26,3.91,25631,3108.00,3253.00,3112.00,21.92,48.82,25.04,886.65
2026-08-19T19:05:03,3.91,25631,3078.00,3096.00,3087.50,20.09,52.12,22.34,886.65
2026-08-19T19:21:40,3.90,25631,3071.00,3089.00,3077.50,19.49,54.70,20.33,886.74
2026-08-19T19:38:18,3.90,25631,3062.00,3094.00,3072.00,19.22,55.50,19.40,886.81
2026-08-19T19:54:55,3.90,25631,3052.00,3104.00,3074.00,18.93,56.27,18.69,886.76
2026-08-19T20:11:32,3.90,25631,3060.00,3114.00,3074.50,18.87,57.18,18.34,886.86
2026-08-19T20:28:10,3.90,25631,3057.00,3076.00,3067.50,18.67,57.48,17.99,886.90
2026-08-19T20:44:47,3.91,25631,3066.00,3242.00,3075.50,18.49,57.07,17.78,886.90
2026-08-19T21:01:24,3.91,25631,3062.00,3083.00,3072.50,18.57,56.60,17.76,886.77
2026-08-19T21:18:01,3.90,25631,3051.00,3085.00,3071.50,18.32,57.26,17.48,886.72
2026-08-19T21:34:39,3.90,25631,3056.00,3079.00,3069.50,18.21,57.65,17.30,886.67
2026-08-19T21:51:16,3.90,25631,3065.00,3083.00,3075.50,17.97,58.26,17.17,886.52
2026-08-19T22:07:53,3.89,25631,3053.00,3085.00,3072.50,17.60,59.30,16.84,886.45
2026-08-19T22:24:30,3.90,25631,3059.00,3234.00,3071.50,17.59,59.13,16.72,886.33
2026-08-19T22:41:08,3.90,25631,3059.00,3074.00,3066.00,17.43,59.92,16.41,886.31
2026-08-19T22:57:45,3.90,25631,3069.00,3082.00,3074.00,17.08,61.05,16.18,886.33
2026-08-19T23:14:22,3.89,25631,3054.00,3233.00,3065.00,16.91,63.90,16.02,886.21
2026-08-19T23:31:00,3.89,25631,3059.00,3086.00,3064.50,16.80,63.08,15.90,886.14
2026-08-19T23:47:37,3.89,25631,3055.00,3080.00,3061.50,16.63,63.84,15.70,886.12
2026-08-20T00:04:14,3.90,25631,3053.00,3083.00,3071.00,16.74,63.86,15.75,886.05
2026-08-20T00:20:52,3.88,25631,3055.00,3220.00,3066.50,16.50,64.35,15.58,885.95
2026-08-20T00:37:29,3.89,25631,3047.00,3078.00,3067.00,16.60,65.70,15.46,885.86
2026-08-20T00:54:06,3.90,25631,3049.00,3071.00,3059.50,16.34,65.98,15.38,885.66
2026-08-20T01:10:44,3.89,25631,3056.00,3217.00,3068.50,16.38,66.48,15.31,885.56
2026-08-20T01:27:21,3.89,25631,3055.00,3076.00,3060.50,15.77,68.81,15.04,885.47
2026-08-20T01:43:58,3.89,25631,3044.00,3228.00,3059.50,15.85,68.08,14.90,885.43
2026-08-20T02:00:36,3.89,25631,3045.00,3068.00,3058.50,15.80,68.60,14.69,885.40
2026-08-20T02:17:13,3.89,25631,3046.00,3079.00,3065.50,15.42,70.49,14.52,885.28
2026-08-20T02:33:50,3.89,25631,3051.00,3090.00,3063.00,14.88,73.17,14.19,885.33
2026-08-20T02:50:28,3.89,25631,3045.00,3079.00,3059.50,14.87,72.57,14.09,885.29
2026-08-20T03:07:05,3.89,25631,3046.00,3061.00,3056.00,14.16,75.70,13.66,885.25
2026-08-20T03:23:42,3.89,25631,3046.00,3089.00,3067.00,14.37,75.70,13.63,885.22
2026-08-20T03:40:20,3.89,25631,3038.00,3098.00,3052.50,14.34,75.82,13.59,885.11
2026-08-20T03:56:57,3.89,25631,3040.00,3082.00,3065.00,14.75,74.24,13.68,885.02
2026-08-20T04:13:35,3.89,25631,3049.00,3084.00,3059.00,14.51,75.30,13.50,884.99
2026-08-20T04:30:12,3.89,25631,3038.00,3095.00,3063.00,14.57,75.46,13.67,884.94
2026-08-20T04:46:49,3.89,25631,3045.00,3067.00,3053.00,14.06,77.55,13.44,884.94
2026-08-20T05:03:27,3.89,25631,3050.00,3079.00,3064.50,13.71,79.43,13.11,884.91
2026-08-20T05:20:04,3.89,25631,3032.00,3066.00,3044.50,14.20,77.48,13.16,884.85
2026-08-20T05:36:42,3.89,25631,3042.00,3065.00,3048.00,13.89,80.77,13.05,884.92
2026-08-20T05:53:19,3.89,25631,3035.00,3091.00,3058.50,13.76,80.59,13.12,884.92
2026-08-20T06:09:57,3.90,25631,3043.00,3086.00,3071.00,13.96,80.34,13.28,885.10
2026-08-20T06:26:35,4.01,25631,3039.00,3093.00,3080.50,13.62,81.63,13.37,885.10
2026-08-20T06:43:13,4.12,25631,3064.00,3085.00,3083.00,14.19,79.57,13.95,885.29
2026-08-20T06:59:51,4.12,25631,3060.00,3091.00,3081.00,13.92,82.16,14.49,885.33
2026-08-20T07:16:29,4.12,25631,3047.00,3096.00,3072.50,14.43,79.42,14.46,885.39
2026-08-20T07:33:07,4.12,25631,3045.00,3091.00,3084.50,13.90,81.71,14.54,885.39
2026-08-20T07:49:45,4.12,25631,3072.00,3104.00,3088.00,14.37,80.90,15.30,885.44
2026-08-20T08:06:23,4.12,25631,3087.00,3102.00,3096.50,15.61,80.16,18.70,885.52
2026-08-20T08:23:01,4.13,25631,3095.00,3276.00,3113.00,15.36,76.65,20.37,885.44
2026-08-20T08:39:39,4.13,25631,3092.00,3247.00,3112.50,15.20,77.88,20.06,885.24
2026-08-20T08:56:17,4.13,25631,3063.00,3256.00,3095.50,15.03,78.51,18.85,885.42
2026-08-20T09:12:55,4.12,25631,3097.00,3256.00,3107.00,15.94,76.08,20.84,885.55
2026-08-20T09:29:32,4.13,25631,3103.00,3273.00,3113.50,15.98,74.05,21.16,885.45
2026-08-20T09:46:10,4.14,25631,3099.00,3260.00,3232.00,17.54,71.29,23.97,885.60
2026-08-20T10:02:48,4.13,25631,3071.00,3134.00,3104.00,18.00,67.66,25.77,885.61
2026-08-20T10:19:26,4.14,25631,3114.00,3267.00,3142.50,19.03,67.27,28.26,885.60
2026-08-20T10:36:03,4.14,25631,3099.00,3150.00,3123.00,18.67,66.36,28.00,885.48
2026-08-20T10:52:41,4.14,25631,3113.00,3285.00,3139.00,17.16,72.39,27.46,885.30
2026-08-20T11:09:18,4.14,25631,3129.00,3311.00,3298.00,17.52,67.40,24.99,885.40
2026-08-20T11:25:56,4.13,25631,3261.00,3301.00,3286.50,17.01,73.60,23.23,885.48
2026-08-20T11:42:34,4.14,25631,3089.00,3271.00,3203.00,17.74,68.41,23.28,885.65
2026-08-20T11:59:11,4.14,25631,3120.00,3303.00,3296.00,18.73,65.76,23.92,885.63
2026-08-20T12:15:49,4.13,25631,3262.00,3286.00,3275.50,17.56,70.55,22.54,885.53
2026-08-20T12:32:27,4.13,25631,3048.00,3269.00,3093.50,17.67,66.56,22.13,885.62
2026-08-20T12:49:05,4.13,25631,3066.00,3242.00,3108.00,17.11,72.07,22.31,885.75
2026-08-20T13:05:42,4.14,25631,3103.00,3322.00,3230.50,18.89,67.18,23.50,886.00
2026-08-20T13:22:20,4.14,25631,3070.00,3251.00,3095.50,16.89,68.63,22.74,885.54
2026-08-20T13:38:58,4.13,25631,3067.00,3267.00,3107.50,17.03,72.45,21.70,885.77
2026-08-20T13:55:36,4.14,25631,3070.00,3110.00,3098.00,17.49,67.25,21.80,885.63
2026-08-20T14:12:13,4.13,25631,3118.00,3279.00,3260.00,17.53,68.44,21.80,885.65
2026-08-20T14:28:51,4.14,25631,3061.00,3265.00,3106.00,17.62,64.94,21.88,885.63
2026-08-20T14:45:29,4.13,25631,3085.00,3260.00,3100.00,18.89,61.35,22.85,885.69
2026-08-20T15:02:07,4.13,25631,3086.00,3125.00,3112.00,16.60,64.84,21.70,885.61
2026-08-20T15:18:44,4.13,25631,3058.00,3111.00,3079.00,16.00,65.44,19.96,885.78
2026-08-20T15:35:22,4.13,25631,3066.00,3260.00,3182.50,16.29,66.61,19.83,885.81
2026-08-20T15:52:00,4.13,25631,3062.00,3107.00,3068.50,16.68,66.21,20.57,885.71
2026-08-20T16:08:38,4.13,25631,3058.00,3103.00,3071.50,15.74,66.56,19.89,885.54
2026-08-20T16:25:16,4.13,25631,3064.00,3100.00,3095.00,15.36,69.89,18.60,885.59
2026-08-20T16:41:54,4.13,25631,3062.00,3096.00,3077.50,15.05,69.34,17.80,885.73
2026-08-20T16:58:32,4.13,25631,3058.00,3100.00,3090.50,14.89,72.46,17.37,885.68
2026-08-20T17:15:10,4.12,25631,3072.00,3100.00,3088.50,15.20,72.20,17.39,885.75
2026-08-20T17:31:48,3.91,25631,3069.00,3095.00,3085.00,14.47,74.90,17.22,885.61
2026-08-20T17:48:25,3.91,25631,3066.00,3255.00,3094.50,14.44,74.67,16.83,885.62
2026-08-20T18:05:03,4.12,25631,3084.00,3242.00,3093.00,14.19,76.90,16.40,885.66
2026-08-20T18:21:41,4.12,25631,3060.00,3104.00,3099.00,15.29,73.97,17.07,885.59
2026-08-20T18:38:19,3.90,25631,3067.00,3093.00,3084.00,13.85,77.87,16.01,885.48
2026-08-20T18:54:57,3.90,25631,3064.00,3100.00,3082.00,13.04,80.87,14.83,885.59
2026-08-20T19:11:35,3.90,25631,3053.00,3091.00,3080.00,12.64,82.18,13.95,885.57
2026-08-20T19:28:12,3.89,25631,3049.00,3083.00,3079.50,12.51,80.46,13.32,885.55
2026-08-20T19:44:50,3.89,25631,3057.00,3074.00,3066.50,12.65,80.41,13.02,885.56
2026-08-20T20:01:27,3.89,25631,3064.00,3098.00,3067.50,12.45,81.64,12.81,885.60
2026-08-20T20:18:05,3.89,25631,3051.00,3071.00,3065.00,12.31,82.08,12.59,885.53
2026-08-20T20:34:42,3.89,25631,3049.00,3087.00,3063.00,12.27,81.80,12.38,885.65
2026-08-20T20:51:20,3.89,25631,3060.00,3082.00,3068.00,12.13,82.61,12.24,885.63
2026-08-20T21:07:57,3.89,25631,3061.00,3085.00,3067.00,11.91,84.13,12.06,885.52
2026-08-20T21:24:35,3.89,25631,3064.00,3244.00,3075.00,11.80,85.19,11.99,885.54
2026-08-20T21:41:12,3.89,25631,3048.00,3091.00,3081.50,11.65,86.32,11.87,885.38
2026-08-20T21:57:50,3.89,25631,3053.00,3088.00,3075.00,11.52,86.95,11.75,885.30
2026-08-20T22:14:27,3.89,25631,3051.00,3239.00,3086.00,11.41,87.57,11.68,885.20
2026-08-20T22:31:05,3.89,25631,3066.00,3239.00,3226.00,11.30,88.61,11.59,885.06
2026-08-20T22:47:42,3.89,25631,3059.00,3084.00,3074.50,11.34,88.58,11.47,885.03
2026-08-20T23:04:20,3.90,25631,3058.00,3256.00,3238.50,11.08,90.15,11.35,884.99
2026-08-20T23:20:57,3.89,25631,3224.00,3443.00,3256.50,10.97,90.67,11.23,884.94
2026-08-20T23:37:35,3.89,25631,3057.00,3087.00,3071.00,10.77,91.80,11.06,884.90
2026-08-20T23:54:12,3.89,25631,3065.00,3089.00,3078.00,10.70,91.48,10.90,884.92
2026-08-21T00:10:50,3.89,25631,3052.00,3084.00,3075.50,10.70,91.66,10.86,884.88
2026-08-21T00:27:27,3.89,25631,3068.00,3258.00,3072.00,10.58,91.43,10.68,884.84
2026-08-21T00:44:05,3.89,25631,3062.00,3079.00,3071.00,10.62,91.13,10.65,884.97
2026-08-21T01:00:42,3.89,25631,3070.00,3084.00,3076.50,10.50,91.99,10.64,884.93
2026-08-21T01:17:20,3.89,25631,3059.00,3088.00,3072.00,10.49,92.43,10.51,884.89
2026-08-21T01:33:57,3.89,25631,3037.00,3288.00,3072.00,10.38,93.35,10.45,884.87
2026-08-21T01:50:35,3.89,25631,3052.00,3065.00,3057.50,10.28,94.27,10.38,884.80
2026-08-21T02:07:12,3.89,25631,3049.00,3203.00,3063.00,10.24,94.68,10.34,884.78
2026-08-21T02:23:50,3.89,25631,3051.00,3212.00,3141.50,10.20,95.04,10.32,884.77
2026-08-21T02:40:28,3.88,25631,3092.00,3102.00,3099.50,10.20,95.56,10.29,884.81
2026-08-21T02:57:05,3.89,25631,3084.00,3100.00,3092.00,10.20,95.87,10.29,884.80
2026-08-21T03:13:43,3.89,25631,3071.00,3121.00,3088.50,10.21,96.08,10.30,884.80
2026-08-21T03:30:20,3.89,25631,3089.00,3116.00,3098.00,10.20,96.26,10.29,884.75
2026-08-21T03:46:58,3.88,25631,3089.00,3110.00,3106.00,10.17,96.33,10.29,884.78
2026-08-21T04:03:35,3.88,25631,3082.00,3104.00,3100.50,10.17,96.48,10.28,884.78
2026-08-21T04:20:13,3.89,25631,3081.00,3248.00,3104.00,10.15,96.55,10.27,884.81
2026-08-21T04:36:50,3.88,25631,3096.00,3250.00,3101.50,10.18,96.60,10.27,884.73
2026-08-21T04:53:28,3.88,25631,3249.00,3257.00,3252.00,10.17,96.71,10.27,884.66
2026-08-21T05:10:05,3.88,25631,3083.00,3256.00,3241.00,10.18,96.78,10.27,884.66
2026-08-21T05:26:43,3.88,25631,3085.00,3104.00,3094.00,10.22,96.79,10.28,884.68
2026-08-21T05:43:20,3.89,25631,3095.00,3108.00,3102.00,10.21,96.88,10.29,884.70
2026-08-21T05:59:58,3.89,25631,3088.00,3116.00,3103.00,10.24,96.94,10.33,884.70
2026-08-21T06:16:35,3.88,25631,3055.00,3219.00,3112.50,10.27,97.00,10.39,884.65
2026-08-21T06:33:13,3.89,25631,3187.00,3236.00,3215.50,10.25,96.99,10.46,884.71
2026-08-21T06:49:51,3.88,25631,3103.00,3376.00,3209.00,10.21,97.09,10.46,884.76
2026-08-21T07:06:28,3.89,25631,3077.00,3104.00,3091.00,10.28,97.10,10.53,884.89
2026-08-21T07:23:06,3.89,25631,3086.00,3236.00,3138.50,10.35,97.17,10.79,884.95
2026-08-21T07:39:44,3.90,25631,3062.00,3096.00,3087.00,10.31,97.19,10.85,884.98
2026-08-21T07:56:22,4.00,25631,3099.00,3112.00,3107.50,10.37,97.23,10.91,885.15
2026-08-21T08:13:00,3.89,25631,3083.00,3121.00,3093.00,10.37,97.29,10.98,885.19
2026-08-21T08:29:38,4.12,25631,3082.00,3096.00,3091.50,10.38,97.31,11.28,885.27
2026-08-21T08:46:16,4.12,25631,3092.00,3305.00,3286.00,10.50,97.34,11.41,885.30
2026-08-21T09:02:55,4.12,25631,3073.00,3110.00,3093.00,11.06,97.43,12.31,885.39
2026-08-21T09:19:33,4.12,25631,3081.00,3246.00,3227.50,10.67,97.35,12.69,885.34
2026-08-21T09:36:11,4.11,25631,3074.00,3105.00,3095.50,10.79,97.37,12.48,885.51
2026-08-21T09:52:49,4.12,25631,3078.00,3098.00,3085.00,10.70,97.31,12.31,885.48
2026-08-21T10:09:27,3.91,25631,3074.00,3097.00,3087.50,10.60,97.32,12.14,885.45
2026-08-21T10:26:05,4.12,25631,3066.00,3299.00,3092.50,10.67,97.33,11.80,885.50
2026-08-21T10:42:43,3.89,25631,3069.00,3273.00,3084.00,10.65,97.34,11.65,885.53
2026-08-21T10:59:21,4.12,25631,3147.00,3294.00,3280.50,10.80,97.43,12.13,885.66
2026-08-21T11:16:00,4.12,25631,3090.00,3292.00,3286.00,11.25,97.48,13.33,885.70
2026-08-21T11:32:38,4.12,25631,3075.00,3393.00,3264.00,11.52,97.42,13.48,885.88
2026-08-21T11:49:16,4.12,25631,3053.00,3276.00,3075.50,11.18,97.31,12.97,885.99
2026-08-21T12:05:54,4.12,25631,3068.00,3263.00,3081.00,11.23,97.33,12.91,886.39
2026-08-21T12:22:32,4.12,25631,3068.00,3273.00,3182.00,11.06,97.27,13.05,886.42
2026-08-21T12:39:10,4.12,25631,3065.00,3305.00,3175.50,10.92,96.90,13.75,886.39
2026-08-21T12:55:48,4.12,25631,3072.00,3276.00,3084.50,11.41,96.16,14.08,886.61
2026-08-21T13:12:26,4.12,25631,3078.00,3389.00,3341.50,11.13,95.97,14.09,886.77
2026-08-21T13:29:04,4.13,25631,3071.00,3337.00,3078.00,11.93,95.24,14.78,886.68
2026-08-21T13:45:42,4.12,25631,3092.00,3386.00,3239.50,12.96,90.35,16.77,886.90
2026-08-21T14:02:20,4.12,25631,3074.00,3123.00,3097.00,13.31,88.11,17.24,886.74
2026-08-21T14:18:58,4.12,25631,3097.00,3251.00,3116.00,11.55,93.04,15.07,886.78
2026-08-21T14:35:36,4.12,25631,3099.00,3257.00,3105.00,11.42,93.09,14.10,886.98
2026-08-21T14:52:14,4.12,25631,3059.00,3250.00,3096.50,11.82,93.30,13.99,886.95
2026-08-21T15:08:52,4.12,25631,3215.00,3260.00,3238.00,12.82,89.51,15.26,887.01
2026-08-21T15:25:30,4.12,25631,3202.00,3274.00,3226.50,11.69,91.78,14.51,886.86
2026-08-21T15:42:08,4.12,25631,3071.00,3202.00,3082.50,10.92,93.44,13.34,886.84
2026-08-21T15:58:46,4.12,25631,3078.00,3269.00,3094.00,10.48,95.23,12.31,886.85
2026-08-21T16:15:24,3.91,25631,3069.00,3174.00,3086.50,10.38,95.17,11.83,886.74
2026-08-21T16:32:03,4.00,25631,3155.00,3184.00,3168.50,10.52,94.75,11.51,886.76
2026-08-21T16:48:41,3.91,25631,3069.00,3174.00,3152.00,10.39,95.33,11.38,886.68
2026-08-21T17:05:19,3.90,25631,3122.00,3185.00,3170.50,10.46,95.44,11.34,886.60
2026-08-21T17:21:57,3.90,25631,3124.00,3245.00,3139.00,10.46,95.96,11.35,886.48
2026-08-21T17:38:35,3.89,25631,3109.00,3188.00,3126.50,10.29,96.32,11.17,886.36
2026-08-21T17:55:13,3.90,25631,3251.00,3268.00,3261.00,10.28,96.48,10.89,886.37
2026-08-21T18:11:51,3.90,25631,3108.00,3252.00,3142.50,10.32,96.77,10.83,886.40
2026-08-21T18:28:29,3.90,25631,3077.00,3158.00,3095.00,10.41,96.81,10.91,886.28
2026-08-21T18:45:07,3.89,25631,3167.00,3186.00,3179.00,10.37,96.90,10.74,886.22
2026-08-21T19:01:45,3.89,25631,3178.00,3188.00,3184.00,10.38,97.00,10.67,886.22
2026-08-21T19:18:22,3.89,25631,3178.00,3188.00,3181.50,10.31,97.04,10.55,886.28
2026-08-21T19:35:00,3.89,25631,3168.00,3181.00,3176.00,10.24,97.14,10.44,886.22
2026-08-21T19:51:37,3.87,25631,3180.00,3193.00,3186.00,10.21,97.18,10.35,886.24
2026-08-21T20:08:15,3.89,25631,3168.00,3188.00,3182.00,10.21,97.21,10.30,886.32
2026-08-21T20:24:52,3.89,25631,3177.00,3300.00,3272.50,10.17,97.27,10.26,886.27
2026-08-21T20:41:30,3.89,25631,3119.00,3181.00,3172.50,10.17,97.36,10.25,886.27
2026-08-21T20:58:08,3.89,25631,3184.00,3303.00,3266.00,10.18,97.39,10.24,886.23
2026-08-21T21:14:45,3.89,25631,3171.00,3305.00,3183.00,10.18,97.41,10.23,886.22
2026-08-21T21:31:23,3.89,25631,3012.00,3189.00,3181.50,10.21,97.47,10.23,886.25
2026-08-21T21:48:00,3.89,25631,3175.00,3189.00,3176.50,10.20,97.47,10.23,886.19
2026-08-21T22:04:38,3.89,25631,3081.00,3286.00,3216.50,10.12,97.54,10.22,886.10
2026-08-21T22:21:15,3.89,25631,3055.00,3269.00,3180.50,10.17,97.56,10.21,886.09
2026-08-21T22:37:53,3.87,25631,3066.00,3223.00,3164.50,10.17,97.63,10.20,886.12
2026-08-21T22:54:30,3.89,25631,3060.00,3500.00,3245.00,10.12,97.65,10.20,886.06
2026-08-21T23:11:08,3.89,25631,3044.00,3129.00,3065.00,10.15,97.68,10.19,886.11
2026-08-21T23:27:46,3.89,25631,3080.00,3370.00,3109.50,10.14,97.71,10.18,886.08
2026-08-21T23:44:23,3.89,25631,3073.00,3276.00,3130.50,10.11,97.72,10.17,886.08
2026-08-22T00:01:01,3.89,25631,3058.00,3472.00,3129.50,10.14,97.74,10.17,886.14
2026-08-22T00:17:38,3.89,25631,3052.00,3080.00,3070.50,10.08,97.81,10.16,886.16
2026-08-22T00:34:16,3.89,25631,3057.00,3155.00,3084.50,10.08,97.82,10.14,886.14
2026-08-22T00:50:53,3.89,25631,3023.00,3574.00,3124.00,10.07,97.80,10.12,886.05
2026-08-22T01:07:31,3.89,25631,3042.00,3370.00,3075.50,9.98,97.85,10.10,886.10
2026-08-22T01:24:08,3.89,25631,3067.00,3345.00,3087.00,9.98,97.87,10.05,886.16
2026-08-22T01:40:46,3.89,25631,3028.00,3179.00,3128.50,9.93,97.89,10.00,886.29
2026-08-22T01:57:24,3.89,25631,3162.00,3183.00,3173.00,9.84,97.88,9.95,886.17
2026-08-22T02:14:01,3.89,25631,3067.00,3500.00,3171.00,9.77,97.94,9.88,886.18
2026-08-22T02:30:39,3.89,25631,3060.00,3145.00,3089.00,9.67,97.96,9.79,886.19
2026-08-22T02:47:16,3.88,25631,3024.00,3076.00,3044.00,9.62,97.97,9.71,886.08
2026-08-22T03:03:54,3.89,25631,3037.00,3085.00,3070.00,9.60,98.01,9.67,886.10
2026-08-22T03:20:31,3.89,25631,3043.00,3083.00,3063.50,9.57,98.02,9.65,886.07
2026-08-22T03:37:09,3.89,25631,3052.00,3076.00,3066.50,9.55,98.03,9.62,886.03
2026-08-22T03:53:47,3.89,25631,3048.00,3078.00,3062.50,9.52,98.05,9.60,885.98
2026-08-22T04:10:24,3.88,25631,3056.00,3080.00,3067.50,9.53,98.10,9.58,886.06
2026-08-22T04:27:02,3.89,25631,3033.00,3151.00,3065.00,9.56,98.04,9.57,886.12
2026-08-22T04:43:40,3.89,25631,3044.00,3086.00,3068.00,9.55,98.07,9.59,886.19
2026-08-22T05:00:17,3.89,25631,3056.00,3092.00,3076.00,9.55,98.04,9.59,886.27
2026-08-22T05:16:55,3.89,25631,3042.00,3082.00,3063.50,9.52,98.02,9.58,886.36
2026-08-22T05:33:32,3.88,25631,3136.00,3410.00,3273.50,9.49,98.01,9.55,886.49
2026-08-22T05:50:10,3.89,25631,3065.00,3272.00,3086.50,9.49,98.02,9.53,886.71
2026-08-22T06:06:48,3.89,25631,3042.00,3087.00,3073.50,9.49,97.96,9.55,886.83
2026-08-22T06:23:25,3.89,25631,3082.00,3426.00,3101.00,9.45,97.94,9.54,886.98
2026-08-22T06:40:03,3.89,25631,3061.00,3421.00,3086.50,9.42,97.89,9.54,887.28
2026-08-22T06:56:40,3.89,25631,3081.00,3153.00,3100.00,9.45,97.91,9.57,887.44
2026-08-22T07:13:18,3.89,25631,3152.00,3166.00,3155.00,9.46,97.93,9.66,887.52
2026-08-22T07:29:56,3.89,25631,3102.00,3166.00,3148.50,9.47,97.91,9.75,887.85
2026-08-22T07:46:34,3.91,25631,3025.00,3123.00,3095.50,9.60,97.94,10.03,887.86
2026-08-22T08:03:12,4.12,25631,3052.00,3111.00,3095.00,9.89,97.95,10.51,887.91
2026-08-22T08:19:51,4.12,25631,3082.00,3104.00,3093.00,10.14,97.22,11.08,887.85
2026-08-22T08:36:29,4.12,25631,3042.00,3269.00,3172.50,10.39,95.51,11.81,887.78
2026-08-22T08:53:07,4.12,25631,3164.00,3282.00,3183.00,10.37,95.31,11.66,887.79
2026-08-22T09:09:45,4.00,25631,3273.00,3282.00,3277.00,10.29,95.49,11.23,887.90
2026-08-22T09:26:23,4.12,25631,3272.00,3279.00,3276.50,10.45,94.14,11.33,887.91
2026-08-22T09:43:02,4.12,25631,3261.00,3278.00,3270.50,10.31,94.92,11.15,888.07
2026-08-22T09:59:40,4.12,25631,3241.00,3278.00,3262.50,10.70,94.72,11.70,888.22
2026-08-22T10:16:18,4.12,25631,3205.00,3222.00,3214.50,10.75,93.40,12.09,888.19
2026-08-22T10:32:56,4.12,25631,3198.00,3238.00,3203.00,11.32,92.95,12.44,888.26
2026-08-22T10:49:34,4.12,25631,3183.00,3232.00,3201.50,11.00,91.38,12.36,888.31
2026-08-22T11:06:12,4.12,25631,3231.00,3301.00,3276.50,10.94,93.26,12.20,888.46
2026-08-22T11:22:51,4.12,25631,3156.00,3320.00,3205.00,10.59,94.00,11.77,888.51
2026-08-22T11:39:29,4.00,25631,3090.00,3126.00,3116.00,10.46,94.53,11.29,888.70
2026-08-22T11:56:07,4.12,25631,3026.00,3124.00,3089.50,10.94,93.46,11.94,888.77
2026-08-22T12:12:45,4.12,25631,3118.00,3442.00,3362.50,11.97,90.50,14.14,888.85
2026-08-22T12:29:23,4.12,25631,3256.00,3335.00,3319.50,12.55,91.37,15.41,888.76
2026-08-22T12:46:01,4.12,25631,3215.00,3317.00,3286.00,11.78,89.14,14.74,888.66
2026-08-22T13:02:39,4.12,25631,3187.00,3241.00,3230.50,12.00,89.90,14.65,888.58
2026-08-22T13:19:17,4.13,25631,3232.00,3253.00,3238.50,11.50,91.91,13.99,888.45
2026-08-22T13:35:56,4.12,25631,3238.00,3252.00,3243.00,11.38,92.96,13.50,888.50
2026-08-22T13:52:34,4.12,25631,3042.00,3098.00,3062.50,11.46,94.83,12.76,888.68
2026-08-22T14:09:12,4.12,25631,3054.00,3125.00,3108.50,11.31,93.38,13.01,888.71
2026-08-22T14:25:50,4.12,25631,3051.00,3231.00,3103.50,11.65,93.50,13.27,888.82
2026-08-22T14:42:28,4.12,25631,3061.00,3400.00,3280.00,11.34,93.02,13.03,888.71
2026-08-22T14:59:06,4.12,25631,3100.00,3439.00,3190.50,11.20,94.03,12.71,888.78
2026-08-22T15:15:44,4.12,25631,3033.00,3114.00,3103.50,11.15,94.67,12.53,888.79
2026-08-22T15:32:23,4.12,25631,3048.00,3426.00,3164.50,11.03,94.38,12.22,888.86
2026-08-22T15:49:01,4.12,25631,3046.00,3063.00,3058.00,11.03,94.88,12.04,888.92
2026-08-22T16:05:39,4.12,25631,3041.00,3068.00,3061.00,11.04,95.79,12.00,888.94
2026-08-22T16:22:17,4.12,25631,3096.00,3420.00,3413.00,10.99,94.72,12.12,888.89
2026-08-22T16:38:55,4.12,25631,3043.00,3065.00,3048.50,10.87,95.74,11.78,888.98
2026-08-22T16:55:33,4.12,25631,3030.00,3099.00,3041.50,11.07,94.18,12.12,888.97
2026-08-22T17:12:11,4.12,25631,3098.00,3447.00,3241.00,11.82,93.06,12.65,888.91
2026-08-22T17:28:50,3.89,25631,3111.00,3313.00,3122.50,11.30,93.43,12.29,888.86
2026-08-22T17:45:28,3.91,25631,3104.00,3135.00,3124.00,11.15,94.10,11.83,888.95
2026-08-22T18:02:05,3.89,25631,3108.00,3269.00,3145.50,11.00,94.42,11.59,888.99
2026-08-22T18:18:44,4.00,25631,3109.00,3318.00,3132.00,10.89,95.59,11.40,889.02
2026-08-22T18:35:22,3.90,25631,3108.00,3308.00,3128.00,10.83,96.18,11.24,888.99
2026-08-22T18:52:00,3.90,25631,3112.00,3297.00,3233.00,10.75,95.26,11.20,888.99
2026-08-22T19:08:37,3.90,25631,3113.00,3136.00,3127.50,10.87,93.13,11.18,888.96
2026-08-22T19:25:15,3.89,25631,3101.00,3121.00,3108.50,10.93,91.83,11.04,888.97
2026-08-22T19:41:53,3.88,25631,3202.00,3228.00,3213.00,10.72,91.70,10.78,889.07
2026-08-22T19:58:30,3.89,25631,3076.00,3225.00,3211.50,10.62,92.35,10.58,889.12
2026-08-22T20:15:08,3.90,25631,3099.00,3224.00,3160.00,10.73,91.58,10.48,889.23
2026-08-22T20:31:45,3.89,25631,3098.00,3230.00,3214.50,10.53,92.00,10.32,889.22
2026-08-22T20:48:23,3.89,25631,3121.00,3227.00,3219.00,10.81,89.53,10.30,889.10
2026-08-22T21:05:01,3.89,25631,3072.00,3241.00,3108.50,10.66,89.35,10.30,889.14
2026-08-22T21:21:38,3.89,25631,3088.00,3231.00,3098.50,10.69,89.32,10.28,889.07
2026-08-22T21:38:16,3.89,25631,3077.00,3123.00,3100.50,10.69,89.76,10.28,889.07
2026-08-22T21:54:53,3.89,25631,3081.00,3240.00,3099.00,10.80,89.11,10.27,889.08
2026-08-22T22:11:31,3.89,25631,3074.00,3118.00,3099.00,10.62,88.95,10.27,889.07
2026-08-22T22:28:09,3.88,25631,3079.00,3238.00,3093.00,10.70,89.69,10.32,889.01
2026-08-22T22:44:46,3.89,25631,3082.00,3232.00,3094.50,10.96,86.25,10.38,888.98
2026-08-22T23:01:24,3.90,25631,3076.00,3242.00,3089.00,11.10,85.82,10.50,888.92
2026-08-22T23:18:01,3.89,25631,3086.00,3242.00,3097.00,11.10,85.75,10.54,888.90
2026-08-22T23:34:39,3.89,25631,3099.00,3224.00,3212.00,11.28,83.45,10.61,888.93
2026-08-22T23:51:16,3.89,25631,3082.00,3233.00,3099.00,11.59,80.63,10.68,888.84
2026-08-23T00:07:54,3.89,25631,3081.00,3105.00,3100.00,11.55,80.52,10.67,888.74
2026-08-23T00:24:31,3.89,25631,3082.00,3229.00,3100.50,11.78,78.19,10.68,888.75
2026-08-23T00:41:09,3.89,25631,3088.00,3236.00,3107.50,12.00,76.37,10.79,888.82
2026-08-23T00:57:46,3.87,25631,3046.00,3241.00,3098.50,11.73,76.85,10.78,888.81
2026-08-23T01:14:24,3.89,25631,3082.00,3222.00,3212.50,11.66,76.55,10.72,888.84
2026-08-23T01:31:02,3.89,25631,3094.00,3110.00,3101.00,11.76,76.03,10.76,888.82
2026-08-23T01:47:39,3.89,25631,3082.00,3110.00,3099.00,11.72,75.75,10.76,888.62
2026-08-23T02:04:17,3.89,25631,3089.00,3251.00,3237.50,11.51,75.86,10.57,888.53
2026-08-23T02:20:54,3.89,25631,3080.00,3241.00,3106.50,11.69,74.50,10.56,888.57
2026-08-23T02:37:32,3.89,25631,3077.00,3253.00,3101.50,11.78,72.59,10.45,888.52
2026-08-23T02:54:09,3.89,25631,3100.00,3256.00,3252.50,11.65,73.16,10.53,888.48
2026-08-23T03:10:47,3.89,25631,3094.00,3263.00,3108.50,11.15,74.74,10.24,888.54
2026-08-23T03:27:24,3.87,25631,3093.00,3266.00,3106.00,11.76,72.48,10.52,888.52
2026-08-23T03:44:02,3.89,25631,3088.00,3273.00,3107.00,12.23,70.91,10.93,888.51
2026-08-23T04:00:39,3.89,25631,3097.00,3260.00,3185.00,11.93,72.63,11.08,888.47
2026-08-23T04:17:17,3.89,25631,3089.00,3262.00,3112.00,11.99,70.50,11.14,888.42
2026-08-23T04:33:55,3.89,25631,3089.00,3117.00,3103.00,12.14,70.00,11.20,888.32
2026-08-23T04:50:32,3.89,25631,3091.00,3257.00,3104.50,12.08,70.77,10.98,888.30
2026-08-23T05:07:10,3.89,25631,3093.00,3263.00,3115.50,11.82,70.28,10.68,888.17
2026-08-23T05:23:47,3.89,25631,3095.00,3243.00,3219.50,12.10,69.21,10.58,888.11
2026-08-23T05:40:25,3.89,25631,3068.00,3109.00,3099.50,12.08,70.00,10.57,888.13
2026-08-23T05:57:02,3.89,25631,3085.00,3249.00,3097.50,12.21,70.90,10.71,888.13
2026-08-23T06:13:40,3.89,25631,3079.00,3244.00,3100.50,12.27,72.40,10.88,888.08
2026-08-23T06:30:18,3.90,25631,3098.00,3242.00,3221.50,12.59,70.79,11.25,888.07
2026-08-23T06:46:56,4.00,25631,3083.00,3259.00,3112.00,12.44,72.41,11.57,888.02
2026-08-23T07:03:34,3.91,25631,3098.00,3234.00,3165.50,12.24,73.13,11.56,888.06
2026-08-23T07:20:12,4.12,25631,3235.00,3266.00,3252.00,12.76,72.43,11.97,888.01
2026-08-23T07:36:50,4.12,25631,3089.00,3269.00,3118.00,12.86,70.79,12.22,888.00
2026-08-23T07:53:29,4.12,25631,3113.00,3264.00,3255.00,13.24,70.96,13.23,888.41
2026-08-23T08:10:07,4.12,25631,3078.00,3259.00,3117.50,14.47,65.31,19.50,887.94
2026-08-23T08:26:45,4.13,25631,3096.00,3282.00,3276.00,14.54,64.29,19.53,887.87
2026-08-23T08:43:22,4.12,25631,3273.00,3284.00,3277.50,14.50,73.36,19.08,887.89
2026-08-23T09:00:00,4.12,25631,3208.00,3255.00,3224.00,14.88,69.75,18.77,887.82
2026-08-23T09:16:38,4.13,25631,3225.00,3242.00,3235.50,15.33,66.72,19.45,887.92
2026-08-23T09:33:16,4.13,25631,3230.00,3276.00,3263.00,16.53,63.94,24.63,887.62
2026-08-23T09:49:54,4.13,25631,3201.00,3361.00,3275.50,18.17,63.81,27.97,887.68
2026-08-23T10:06:32,4.12,25631,3185.00,3475.00,3340.50,18.07,68.10,29.13,887.54
2026-08-23T10:23:09,4.14,25631,3231.00,3277.00,3245.00,16.73,76.09,26.00,887.39
2026-08-23T10:39:47,4.13,25631,3173.00,3332.00,3186.50,15.68,74.65,24.12,887.33
2026-08-23T10:56:25,4.14,25631,3080.00,3288.00,3166.50,17.19,76.22,25.29,887.39
2026-08-23T11:13:02,4.14,25631,3153.00,3329.00,3189.50,17.59,77.60,24.41,887.02
2026-08-23T11:29:40,4.13,25631,3233.00,3334.00,3310.50,17.00,65.83,23.25,887.13
2026-08-23T11:46:18,4.14,25631,3121.00,3338.00,3278.00,17.90,76.39,23.52,887.18
2026-08-23T12:02:56,4.13,25631,3114.00,3310.00,3285.50,19.35,67.63,23.63,887.14
2026-08-23T12:19:33,4.13,25631,3130.00,3325.00,3256.50,21.11,62.86,23.93,887.10
2026-08-23T12:36:11,4.14,25631,3115.00,3275.00,3144.00,21.35,66.25,24.01,887.14
2026-08-23T12:52:49,4.13,25631,3129.00,3299.00,3278.00,21.10,65.01,24.04,887.09
2026-08-23T13:09:27,4.13,25631,3095.00,3231.00,3116.00,19.82,70.06,23.27,887.18
2026-08-23T13:26:04,4.14,25631,3099.00,3403.00,3261.00,20.32,68.06,23.85,886.91
2026-08-23T13:42:42,4.14,25631,3112.00,3281.00,3181.00,21.68,63.73,24.46,886.92
2026-08-23T13:59:20,4.14,25631,3115.00,3269.00,3234.00,21.00,64.99,24.49,886.89
2026-08-23T14:15:57,4.14,25631,3072.00,3263.00,3116.00,22.32,62.95,24.64,886.96
2026-08-23T14:32:35,4.14,25631,3106.00,3343.00,3247.00,20.55,60.17,23.98,886.73
2026-08-23T14:49:13,4.14,25631,3108.00,3352.00,3125.50,21.58,56.81,24.58,886.88
2026-08-23T15:05:50,4.14,25631,3105.00,3281.00,3176.00,21.72,54.58,24.81,886.80
2026-08-23T15:22:28,4.13,25631,3090.00,3264.00,3114.00,20.25,61.01,23.39,886.79
2026-08-23T15:39:06,4.14,25631,3237.00,3347.00,3336.50,20.42,61.55,23.79,886.88
2026-08-23T15:55:43,4.14,25631,3096.00,3126.00,3113.00,20.07,58.74,23.68,886.61
2026-08-23T16:12:21,4.14,25631,3111.00,3283.00,3134.50,21.37,48.51,24.11,886.60
2026-08-23T16:28:59,4.14,25631,3091.00,3115.00,3110.00,19.82,58.76,22.99,886.52
2026-08-23T16:45:37,4.13,25631,3114.00,3270.00,3237.50,20.79,55.98,23.05,886.51
2026-08-23T17:02:14,4.14,25631,3116.00,3152.00,3132.00,21.43,46.77,23.99,886.33
2026-08-23T17:18:52,4.11,25631,3115.00,3281.00,3252.50,20.32,53.29,22.93,886.08
2026-08-23T17:35:30,4.13,25631,3097.00,3118.00,3108.00,18.34,59.90,20.81,886.12
2026-08-23T17:52:08,4.13,25631,3100.00,3350.00,3121.50,19.28,55.63,21.23,885.99
2026-08-23T18:08:45,4.12,25631,3112.00,3133.00,3125.00,18.83,54.15,20.56,885.85
2026-08-23T18:25:23,3.91,25631,3087.00,3121.00,3097.50,17.88,57.03,19.28,885.83
2026-08-23T18:42:01,4.01,25631,3076.00,3104.00,3094.00,17.52,57.05,18.34,885.71
2026-08-23T18:58:39,3.91,25631,3081.00,3105.00,3090.00,17.08,58.35,17.60,885.72
2026-08-23T19:15:16,3.91,25631,3078.00,3099.00,3091.00,16.87,61.01,17.02,885.68
2026-08-23T19:31:54,3.91,25631,3073.00,3109.00,3093.00,16.52,60.60,16.47,885.69
2026-08-23T19:48:31,3.90,25631,3064.00,3094.00,3075.00,16.09,59.54,15.95,885.59
2026-08-23T20:05:09,3.91,25631,3068.00,3092.00,3077.50,15.94,58.50,15.51,885.59
2026-08-23T20:21:46,3.90,25631,3065.00,3084.00,3077.50,16.11,57.56,15.32,885.62
2026-08-23T20:38:24,3.90,25631,3066.00,3101.00,3083.00,16.02,59.03,15.09,885.54
2026-08-23T20:55:01,3.90,25631,3063.00,3082.00,3075.00,15.94,59.56,14.87,885.38
2026-08-23T21:11:38,3.90,25631,3061.00,3091.00,3081.00,16.28,57.86,14.84,885.41
2026-08-23T21:28:16,3.90,25631,3076.00,3096.00,3085.00,16.20,63.20,14.90,885.20
2026-08-23T21:44:53,3.88,25631,3077.00,3097.00,3082.00,15.58,61.39,14.65,885.06
2026-08-23T22:01:31,3.90,25631,3077.00,3094.00,3082.00,15.74,61.92,14.54,884.82
2026-08-23T22:18:08,3.90,25631,3066.00,3086.00,3078.50,15.20,62.83,14.27,884.70
2026-08-23T22:34:46,3.90,25631,3066.00,3093.00,3084.00,15.13,62.89,14.14,884.75
2026-08-23T22:51:23,3.90,25631,3071.00,3090.00,3086.00,14.84,66.02,13.97,884.93
2026-08-23T23:08:00,3.89,25631,3061.00,3089.00,3076.00,14.51,68.45,13.79,884.90
2026-08-23T23:24:38,3.90,25631,3074.00,3090.00,3083.00,14.78,69.51,13.74,885.09
2026-08-23T23:41:15,3.90,25631,3058.00,3084.00,3081.00,15.03,69.43,13.98,885.12
2026-08-23T23:57:53,3.90,25631,3067.00,3093.00,3081.00,14.59,70.02,14.10,885.29
2026-08-24T00:14:30,3.89,25631,3071.00,3093.00,3082.00,14.13,72.64,13.76,885.35
2026-08-24T00:31:08,3.89,25631,3074.00,3094.00,3079.00,14.23,74.09,13.76,885.29
2026-08-24T00:47:45,3.89,25631,3073.00,3095.00,3085.50,13.86,75.59,13.66,885.41
2026-08-24T01:04:23,3.90,25631,3081.00,3096.00,3086.50,13.57,77.65,13.53,885.53
2026-08-24T01:21:00,3.89,25631,3090.00,3645.00,3228.50,12.71,85.51,13.01,885.81
2026-08-24T01:37:38,3.89,25631,3231.00,3286.00,3270.50,12.07,91.04,12.53,885.90
2026-08-24T01:54:15,3.89,25631,3050.00,3105.00,3073.50,11.63,92.37,11.94,885.97
2026-08-24T02:10:53,3.89,25631,3042.00,3065.00,3048.50,11.41,90.84,11.57,885.88
2026-08-24T02:27:30,3.89,25631,3169.00,3257.00,3237.50,11.24,90.99,11.30,885.43
2026-08-24T02:44:08,3.89,25631,3191.00,3218.00,3210.50,11.23,85.85,10.94,885.59
2026-08-24T03:00:45,3.89,25631,3023.00,3098.00,3035.50,10.73,89.19,10.57,885.44
2026-08-24T03:17:23,3.89,25631,3020.00,3095.00,3037.50,11.04,85.38,10.45,885.46
2026-08-24T03:34:01,3.89,25631,3029.00,3042.00,3035.50,10.97,86.12,10.43,885.43
2026-08-24T03:50:38,3.89,25631,3026.00,3046.00,3032.00,10.83,84.97,10.16,885.41
2026-08-24T04:07:16,3.88,25631,3019.00,3039.00,3032.00,10.62,85.89,10.01,885.31
2026-08-24T04:23:53,3.89,25631,3033.00,3097.00,3080.00,10.67,88.67,10.00,885.51
2026-08-24T04:40:31,3.89,25631,3025.00,3097.00,3074.50,10.27,91.43,9.78,885.57
2026-08-24T04:57:08,3.89,25631,3015.00,3075.00,3030.50,9.90,91.73,9.55,885.41
2026-08-24T05:13:46,3.89,25631,3073.00,3236.00,3094.00,10.46,90.13,9.54,885.51
2026-08-24T05:30:24,3.89,25631,3030.00,3234.00,3082.00,10.08,91.58,9.45,885.40
2026-08-24T05:47:01,3.88,25631,3032.00,3233.00,3083.00,11.06,87.53,9.81,885.47
2026-08-24T06:03:39,3.89,25631,3095.00,3238.00,3234.50,10.77,89.93,10.04,885.67
2026-08-24T06:20:17,3.89,25631,3090.00,3243.00,3241.00,11.01,89.05,10.55,885.76
2026-08-24T06:36:55,4.12,25631,3238.00,3243.00,3240.00,11.10,88.73,10.93,885.79
2026-08-24T06:53:33,4.12,25631,3236.00,3244.00,3239.50,11.21,89.24,11.39,885.86
2026-08-24T07:10:11,4.12,25631,3236.00,3248.00,3241.00,11.99,87.73,12.83,885.99
2026-08-24T07:26:49,4.12,25631,3243.00,3249.00,3246.50,12.10,89.12,13.00,885.92
2026-08-24T07:43:27,4.12,25631,3250.00,3261.00,3255.50,12.69,86.61,14.03,885.89
2026-08-24T08:00:06,4.12,25631,3246.00,3265.00,3254.00,11.73,89.61,13.39,885.98
2026-08-24T08:16:44,4.12,25631,3251.00,3427.00,3395.50,12.12,89.60,13.32,886.09
2026-08-24T08:33:22,4.12,25631,3249.00,3282.00,3261.50,12.20,88.92,13.92,886.14
2026-08-24T08:50:00,4.12,25631,3235.00,3349.00,3256.50,12.45,90.02,14.73,886.21
2026-08-24T09:06:38,4.12,25631,3254.00,3267.00,3259.50,12.82,88.11,16.41,886.00
2026-08-24T09:23:16,4.12,25631,3250.00,3260.00,3253.50,12.58,89.27,15.69,886.08
2026-08-24T09:39:54,4.12,25631,3238.00,3251.00,3246.00,12.71,91.41,15.84,886.03
2026-08-24T09:56:32,4.12,25631,3265.00,3285.00,3271.50,14.32,86.26,18.49,886.12
2026-08-24T10:13:10,4.12,25631,3262.00,3292.00,3277.50,14.14,86.55,19.88,885.95
2026-08-24T10:29:48,4.13,25631,3276.00,3302.00,3284.00,13.65,86.48,19.69,886.26
2026-08-24T10:46:26,4.12,25631,3180.00,3334.00,3262.00,15.64,80.32,23.86,886.00
2026-08-24T11:03:03,4.13,25631,3170.00,3345.00,3235.00,13.82,80.17,21.30,885.86
2026-08-24T11:19:41,4.13,25631,3143.00,3330.00,3302.00,15.15,84.39,20.58,885.83
2026-08-24T11:36:19,4.13,25631,3204.00,3350.00,3297.00,14.99,85.08,20.08,885.92
2026-08-24T11:52:57,4.13,25631,3113.00,3363.00,3294.00,15.78,75.90,20.66,885.95
2026-08-24T12:09:35,4.14,25631,3199.00,3348.00,3311.50,16.04,74.88,20.71,885.75
2026-08-24T12:26:13,4.13,25631,3111.00,3331.00,3124.00,16.00,80.52,20.08,885.73
2026-08-24T12:42:51,4.13,25631,3103.00,3297.00,3131.50,16.18,73.26,19.80,885.87
2026-08-24T12:59:29,4.13,25631,3116.00,3306.00,3264.00,16.94,74.34,21.40,885.88
2026-08-24T13:16:06,4.14,25631,3104.00,3303.00,3279.50,18.44,73.65,22.55,885.71
2026-08-24T13:32:44,4.13,25631,3116.00,3293.00,3173.50,18.05,72.28,22.85,885.67
2026-08-24T13:49:22,4.14,25631,3089.00,3280.00,3117.50,16.45,73.76,21.18,885.76
2026-08-24T14:06:00,4.13,25631,3094.00,3224.00,3112.00,18.08,67.19,21.48,885.65
2026-08-24T14:22:37,4.13,25631,3091.00,3293.00,3262.50,14.82,79.13,19.11,885.42
2026-08-24T14:39:15,4.11,25631,3082.00,3334.00,3103.00,15.60,77.85,18.81,885.58
2026-08-24T14:55:53,4.13,25631,3091.00,3112.00,3105.00,15.81,72.87,18.88,885.21
2026-08-24T15:12:31,4.12,25631,3090.00,3268.00,3174.00,14.65,75.43,17.66,885.33
2026-08-24T15:29:09,4.12,25631,3095.00,3108.00,3101.00,16.04,65.34,17.72,885.33
2026-08-24T15:45:47,4.12,25631,3084.00,3125.00,3101.50,16.50,67.11,17.78,885.41
2026-08-24T16:02:25,4.11,25631,3086.00,3127.00,3108.50,18.74,61.60,20.33,885.41
2026-08-24T16:19:03,4.13,25631,3117.00,3296.00,3181.50,17.69,68.32,20.26,885.09
2026-08-24T16:35:41,4.13,25631,3092.00,3275.00,3109.50,16.30,68.57,19.56,884.92
2026-08-24T16:52:19,4.01,25631,3092.00,3113.00,3101.50,15.33,76.16,18.12,884.92
2026-08-24T17:08:56,4.12,25631,3085.00,3240.00,3093.50,14.64,80.70,16.90,884.94
2026-08-24T17:25:34,4.12,25631,3091.00,3114.00,3103.50,17.32,70.79,18.13,885.13
2026-08-24T17:42:12,4.12,25631,3080.00,3107.00,3099.00,15.53,70.71,17.58,884.85
2026-08-24T17:58:50,3.90,25631,3071.00,3091.00,3085.50,13.74,82.45,15.89,884.77
2026-08-24T18:15:28,4.01,25631,3063.00,3097.00,3082.00,14.10,75.54,15.17,884.78
2026-08-24T18:32:06,3.90,25631,3081.00,3099.00,3089.00,13.68,77.38,14.41,884.70
2026-08-24T18:48:44,3.90,25631,3102.00,3115.00,3106.00,16.55,68.53,16.02,884.67
2026-08-24T19:05:22,3.89,25631,3096.00,3117.00,3105.50,14.51,72.52,15.31,884.53
2026-08-24T19:22:00,3.89,25631,3086.00,3103.00,3092.00,13.16,79.12,13.79,884.67
2026-08-24T19:38:37,3.89,25631,3066.00,3083.00,3078.00,12.92,78.56,12.92,884.67
2026-08-24T19:55:14,3.89,25631,3071.00,3086.00,3081.50,12.59,80.17,12.36,884.66
2026-08-24T20:11:52,3.89,25631,3068.00,3087.00,3077.50,12.58,81.18,12.09,884.65
2026-08-24T20:28:29,3.89,25631,3064.00,3087.00,3080.00,12.73,81.38,11.99,884.66
2026-08-24T20:45:07,3.89,25631,3070.00,3087.00,3077.50,12.61,80.93,11.84,884.66
2026-08-24T21:01:44,3.89,25631,3075.00,3095.00,3081.50,12.52,82.85,11.77,884.60
2026-08-24T21:18:22,3.89,25631,3066.00,3084.00,3074.00,12.08,84.32,11.54,884.49
2026-08-24T21:34:59,3.89,25631,3057.00,3086.00,3074.00,12.16,86.70,11.40,884.47
2026-08-24T21:51:37,3.89,25631,3049.00,3082.00,3066.00,11.70,87.55,11.20,884.40
2026-08-24T22:08:14,3.89,25631,3063.00,3094.00,3083.00,11.30,89.27,10.90,884.25
2026-08-24T22:24:52,3.89,25631,3072.00,3093.00,3086.00,11.32,90.69,10.74,884.24
2026-08-24T22:41:30,3.89,25631,3069.00,3238.00,3226.00,10.90,91.39,10.54,884.18
2026-08-24T22:58:07,3.89,25631,3080.00,3244.00,3211.00,10.94,91.26,10.36,884.21
2026-08-24T23:14:45,3.89,25631,3107.00,3194.00,3155.00,10.55,92.93,10.17,884.08
2026-08-24T23:31:22,3.89,25631,3078.00,3227.00,3201.00,10.48,93.63,10.06,883.81
2026-08-24T23:48:00,3.88,25631,3138.00,3192.00,3182.50,10.75,94.66,10.29,883.80
2026-08-25T00:04:37,3.89,25631,3140.00,3192.00,3168.50,10.66,94.49,10.49,883.66
2026-08-25T00:21:15,3.89,25631,3130.00,3188.00,3161.50,10.83,95.09,10.52,883.59
2026-08-25T00:37:53,3.89,25631,3145.00,3199.00,3164.00,10.79,95.16,10.70,883.54
2026-08-25T00:54:30,3.88,25631,3152.00,3202.00,3188.00,10.65,95.34,10.66,883.51
2026-08-25T01:11:08,3.89,25631,3145.00,3207.00,3191.50,10.60,95.41,10.46,883.48
2026-08-25T01:27:45,3.88,25631,3145.00,3213.00,3198.50,10.52,95.68,10.34,883.47
2026-08-25T01:44:23,3.89,25631,3199.00,3222.00,3211.50,10.46,95.91,10.50,883.36
2026-08-25T02:01:00,3.89,25631,3203.00,3227.00,3219.00,10.05,95.95,10.17,883.22
2026-08-25T02:17:38,3.89,25631,3181.00,3330.00,3229.00,10.37,96.21,10.13,883.19
2026-08-25T02:34:15,3.88,25631,3207.00,3234.00,3226.50,10.28,96.31,10.30,883.09
2026-08-25T02:50:53,3.88,25631,3208.00,3238.00,3223.00,10.11,96.33,10.25,883.04
2026-08-25T03:07:31,3.88,25631,3225.00,3328.00,3324.00,9.95,96.37,10.01,882.97
2026-08-25T03:24:08,3.88,25631,3226.00,3328.00,3278.50,10.10,96.27,10.10,882.92
2026-08-25T03:40:46,3.88,25631,3230.00,3329.00,3325.00,10.21,96.38,10.23,882.89
2026-08-25T03:57:23,3.89,25631,3272.00,3332.00,3315.50,10.00,96.46,10.18,882.78
2026-08-25T04:14:01,3.88,25631,3320.00,3328.00,3324.50,9.73,96.45,9.96,882.78
2026-08-25T04:30:38,3.89,25631,3319.00,3328.00,3322.50,9.69,96.47,9.84,882.76
2026-08-25T04:47:16,3.89,25631,3317.00,3330.00,3323.50,9.77,96.30,9.83,882.70
2026-08-25T05:03:53,3.88,25631,3315.00,3334.00,3326.50,9.55,96.50,9.71,882.62
2026-08-25T05:20:31,3.88,25631,3215.00,3276.00,3251.50,9.45,96.60,9.64,882.58
2026-08-25T05:37:09,3.88,25631,3204.00,3281.00,3226.50,9.29,96.68,9.52,882.60
2026-08-25T05:53:46,3.88,25631,3192.00,3267.00,3205.50,9.21,96.82,9.40,882.60
2026-08-25T06:10:24,3.89,25631,3209.00,3233.00,3215.50,9.12,96.86,9.31,882.60
2026-08-25T06:27:01,3.88,25631,3206.00,3230.00,3223.50,9.15,96.85,9.27,882.64
2026-08-25T06:43:39,3.88,25631,3202.00,3216.00,3209.50,9.25,96.26,9.37,882.66
2026-08-25T07:00:17,3.89,25631,3202.00,3230.00,3209.00,9.35,96.37,9.52,882.70
2026-08-25T07:16:55,3.89,25631,3205.00,3223.00,3214.00,9.31,96.40,9.66,882.60
2026-08-25T07:33:33,3.89,25631,3207.00,3223.00,3214.50,9.55,93.44,9.87,882.59
2026-08-25T07:50:11,3.90,25631,3199.00,3218.00,3205.00,9.50,95.27,10.01,882.61
2026-08-25T08:06:49,4.12,25631,3198.00,3238.00,3217.00,9.40,95.94,10.16,882.63
2026-08-25T08:23:27,4.12,25631,3203.00,3289.00,3245.50,9.59,93.55,10.58,882.63
2026-08-25T08:40:05,4.12,25631,3115.00,3296.00,3137.50,9.63,94.04,10.95,882.63
2026-08-25T08:56:43,4.12,25631,3115.00,3374.00,3144.00,9.63,95.24,11.09,882.72
2026-08-25T09:13:21,4.12,25631,3138.00,3354.00,3330.00,9.73,93.84,11.41,882.72
2026-08-25T09:30:00,4.12,25631,3114.00,3335.00,3314.00,10.25,93.61,12.30,882.84
2026-08-25T09:46:38,4.12,25631,3128.00,3352.00,3346.50,10.48,90.83,13.07,882.78
2026-08-25T10:03:16,4.12,25631,3093.00,3214.00,3112.50,11.01,89.94,13.21,882.75
2026-08-25T10:19:54,4.12,25631,3122.00,3368.00,3344.00,10.22,90.66,12.65,882.71
2026-08-25T10:36:32,4.12,25631,3239.00,3251.00,3246.50,10.02,91.80,12.06,882.89
2026-08-25T10:53:10,4.12,25631,3247.00,3359.00,3308.50,11.21,90.21,14.04,882.88
2026-08-25T11:09:48,4.12,25631,3062.00,3339.00,3093.00,11.86,86.65,15.47,882.94
2026-08-25T11:26:26,4.13,25631,3082.00,3207.00,3108.50,12.59,83.06,17.27,882.79
2026-08-25T11:43:04,4.13,25631,3239.00,3290.00,3279.50,13.31,78.34,19.71,882.39
2026-08-25T11:59:42,4.12,25631,3088.00,3267.00,3255.00,12.18,85.15,17.54,882.55
2026-08-25T12:16:20,4.12,25631,3107.00,3272.00,3261.00,12.34,81.04,16.75,882.48
2026-08-25T12:32:58,4.12,25631,3084.00,3110.00,3092.50,12.08,81.20,15.70,882.74
2026-08-25T12:49:36,4.12,25631,3082.00,3764.00,3093.50,12.96,73.42,16.60,882.83
2026-08-25T13:06:14,4.12,25631,3238.00,3428.00,3260.00,13.64,75.51,17.57,882.78
2026-08-25T13:22:52,4.12,25631,3117.00,3408.00,3162.50,14.93,66.23,18.59,882.47
2026-08-25T13:39:30,4.11,25631,3088.00,3251.00,3101.50,12.33,82.30,16.09,882.45
2026-08-25T13:56:08,4.12,25631,3066.00,3099.00,3087.00,11.11,84.78,14.49,882.77
2026-08-25T14:12:46,4.12,25631,3066.00,3352.00,3182.00,11.91,78.97,15.76,882.72
2026-08-25T14:29:24,4.12,25631,3068.00,3224.00,3081.00,12.88,76.38,16.05,883.02
2026-08-25T14:46:02,4.12,25631,3064.00,3200.00,3084.00,11.70,79.96,15.19,882.69
2026-08-25T15:02:40,4.12,25631,3092.00,3214.00,3201.50,11.41,83.92,14.44,882.59
2026-08-25T15:19:18,4.12,25631,3088.00,3214.00,3157.50,10.76,86.20,13.13,882.70
2026-08-25T15:35:57,4.12,25631,3083.00,3214.00,3115.00,11.85,84.79,13.76,882.83
2026-08-25T15:52:35,4.11,25631,3049.00,3149.00,3133.00,12.08,81.43,14.38,882.73
2026-08-25T16:09:13,4.12,25631,3070.00,3322.00,3104.50,11.55,76.93,14.00,882.65
2026-08-25T16:25:51,4.12,25631,3152.00,3237.00,3221.50,11.45,81.44,13.36,882.69
2026-08-25T16:42:29,4.12,25631,3220.00,3233.00,3229.00,10.83,83.08,12.70,882.53
2026-08-25T16:59:07,3.91,25631,3217.00,3240.00,3221.50,10.72,85.60,12.03,882.58
2026-08-25T17:15:45,3.91,25631,3061.00,3209.00,3086.00,10.48,83.38,11.59,882.69
2026-08-25T17:32:23,3.90,25631,3101.00,3235.00,3217.00,10.69,83.69,11.64,882.67
2026-08-25T17:49:02,3.90,25631,3090.00,3104.00,3098.00,10.01,87.61,11.27,882.70
2026-08-25T18:05:39,3.89,25631,3084.00,3101.00,3090.00,9.94,87.78,10.79,882.74
2026-08-25T18:22:17,3.98,25631,3084.00,3244.00,3095.00,9.70,87.88,10.41,882.74
2026-08-25T18:38:55,3.90,25631,3225.00,3250.00,3238.00,9.43,89.72,10.15,882.72
2026-08-25T18:55:33,3.89,25631,3112.00,3243.00,3237.50,9.62,86.27,9.93,882.73
2026-08-25T19:12:11,3.89,25631,3060.00,3108.00,3078.50,9.19,90.63,9.67,882.74
2026-08-25T19:28:48,3.89,25631,3067.00,3087.00,3079.50,8.90,92.08,9.35,882.67
2026-08-25T19:45:26,3.89,25631,3061.00,3104.00,3068.50,8.74,93.28,9.11,882.72
2026-08-25T20:02:04,3.89,25631,3325.00,3339.00,3334.00,8.54,94.51,8.83,882.68
2026-08-25T20:18:41,3.89,25631,3253.00,3520.00,3414.50,8.48,95.05,8.69,882.57
2026-08-25T20:35:19,3.89,25631,3118.00,3261.00,3178.50,8.45,95.57,8.61,882.56
2026-08-25T20:51:57,3.90,25631,3078.00,3423.00,3226.50,8.43,95.78,8.56,882.48
2026-08-25T21:08:34,3.89,25631,3077.00,3235.00,3226.00,8.39,96.02,8.55,882.49
2026-08-25T21:25:12,3.89,25631,3030.00,3082.00,3062.50,8.36,96.24,8.52,882.55
2026-08-25T21:41:50,3.89,25631,3041.00,3062.00,3047.50,8.33,96.38,8.48,882.54
2026-08-25T21:58:27,3.89,25631,3043.00,3056.00,3051.50,8.26,96.51,8.45,882.45
2026-08-25T22:15:05,3.89,25631,3063.00,3089.00,3078.00,8.26,96.61,8.42,882.43
2026-08-25T22:31:43,3.89,25631,3055.00,3069.00,3060.50,8.09,96.66,8.35,882.34
2026-08-25T22:48:20,3.89,25631,3094.00,3328.00,3227.50,7.85,96.71,8.22,882.40
2026-08-25T23:04:58,3.89,25631,3064.00,3083.00,3076.00,7.80,96.85,8.06,882.47
2026-08-25T23:21:36,3.89,25631,3077.00,3240.00,3236.50,7.53,96.82,7.94,882.39
2026-08-25T23:38:13,3.89,25631,3048.00,3249.00,3126.00,7.23,96.81,7.71,882.40
2026-08-25T23:54:51,3.89,25631,3082.00,3260.00,3253.00,7.01,96.81,7.45,882.55
2026-08-26T00:11:29,3.89,25631,3049.00,3257.00,3250.00,6.87,96.81,7.23,882.41
2026-08-26T00:28:06,3.89,25631,3242.00,3253.00,3251.00,6.57,96.80,6.85,882.39
2026-08-26T00:44:44,3.89,25631,3049.00,3253.00,3248.00,6.64,96.89,6.61,882.38
2026-08-26T01:01:22,3.89,25631,3237.00,3256.00,3247.50,6.77,96.94,6.50,882.43
2026-08-26T01:17:59,3.89,25631,3247.00,3256.00,3252.50,6.60,96.80,6.43,882.52
2026-08-26T01:34:37,3.88,25631,3049.00,3249.00,3245.50,6.28,96.69,6.26,882.54
2026-08-26T01:51:15,3.88,25631,3243.00,3251.00,3247.00,6.44,96.76,6.32,882.70
2026-08-26T02:07:53,3.89,25631,3246.00,3251.00,3249.00,6.22,96.68,6.15,882.64
2026-08-26T02:24:30,3.88,25631,3045.00,3248.00,3239.50,6.12,96.68,5.98,882.63
2026-08-26T02:41:08,3.88,25631,3040.00,3245.00,3241.50,6.32,96.61,6.07,882.64
2026-08-26T02:57:46,3.88,25631,3054.00,3244.00,3061.50,6.37,96.44,6.15,882.67
2026-08-26T03:14:23,3.88,25631,3047.00,3072.00,3063.50,6.35,95.98,6.22,882.67
2026-08-26T03:31:01,3.88,25631,3049.00,3062.00,3057.50,6.32,95.75,6.23,882.68
2026-08-26T03:47:39,3.88,25631,3056.00,3242.00,3155.50,6.32,95.24,6.22,882.57
2026-08-26T04:04:17,3.88,25631,3058.00,3248.00,3234.50,6.26,95.24,6.19,882.57
2026-08-26T04:20:54,3.88,25631,3058.00,3246.00,3063.50,6.26,95.19,6.18,882.48
2026-08-26T04:37:32,3.88,25631,3044.00,3247.00,3242.50,6.23,95.43,6.16,882.49
2026-08-26T04:54:10,3.88,25631,3041.00,3246.00,3068.00,6.16,95.70,6.11,882.51
2026-08-26T05:10:47,3.87,25631,3038.00,3246.00,3062.50,6.05,95.83,6.02,882.59
2026-08-26T05:27:25,3.88,25631,3040.00,3245.00,3054.00,6.06,96.03,6.00,882.65
2026-08-26T05:44:03,3.88,25631,3046.00,3248.00,3063.50,6.05,96.32,5.89,882.70
2026-08-26T06:00:41,3.88,25631,3038.00,3240.00,3061.00,6.09,96.26,5.94,882.63
2026-08-26T06:17:19,3.88,25631,3050.00,3071.00,3058.00,6.04,95.58,5.89,882.69
2026-08-26T06:33:57,3.89,25631,3230.00,3241.00,3236.00,6.08,94.86,5.81,882.67
2026-08-26T06:50:35,3.88,25631,3043.00,3069.00,3053.50,6.25,94.27,5.96,882.86
2026-08-26T07:07:13,4.11,25631,3049.00,3244.00,3056.00,6.36,94.33,6.32,882.99
2026-08-26T07:23:52,4.11,25631,3038.00,3064.00,3051.50,6.49,93.47,6.57,883.10
2026-08-26T07:40:30,4.11,25631,3041.00,3246.00,3057.50,6.58,93.66,6.70,883.16
2026-08-26T07:57:08,4.11,25631,3051.00,3246.00,3059.50,6.85,94.57,7.03,883.34
2026-08-26T08:13:47,4.11,25631,3046.00,3255.00,3057.00,7.63,94.92,7.91,883.42
2026-08-26T08:30:25,4.11,25631,3044.00,3081.00,3062.50,7.80,94.50,8.70,883.38
2026-08-26T08:47:03,4.12,25631,3076.00,3250.00,3243.00,7.83,95.24,9.06,883.55
2026-08-26T09:03:42,4.12,25631,3081.00,3233.00,3226.50,8.18,94.43,9.70,883.58
2026-08-26T09:20:20,4.12,25631,3137.00,3270.00,3262.50,8.94,90.38,12.42,883.44
2026-08-26T09:36:58,4.12,25631,3246.00,3253.00,3251.00,7.71,94.10,10.51,883.61
2026-08-26T09:53:36,4.12,25631,3095.00,3255.00,3247.50,8.25,93.84,10.19,883.79
2026-08-26T10:10:15,4.12,25631,3254.00,3265.00,3258.00,8.74,90.87,10.69,883.95
2026-08-26T10:26:53,4.12,25631,3085.00,3269.00,3259.00,8.41,93.13,10.93,883.98
2026-08-26T10:43:31,4.12,25631,3117.00,3272.00,3264.50,8.45,92.14,10.85,884.16
2026-08-26T11:00:09,4.12,25631,3199.00,3281.00,3252.00,8.92,93.41,11.49,884.31
2026-08-26T11:16:47,4.12,25631,3209.00,3253.00,3233.00,9.89,91.87,12.33,884.43
2026-08-26T11:33:26,4.12,25631,3228.00,3274.00,3241.50,10.62,88.48,14.71,884.31
2026-08-26T11:50:04,4.12,25631,3096.00,3261.00,3246.50,9.93,88.28,13.10,884.63
2026-08-26T12:06:42,4.12,25631,3129.00,3282.00,3270.00,12.54,79.20,16.26,884.80
2026-08-26T12:23:20,4.12,25631,3194.00,3332.00,3314.00,10.12,87.32,14.34,884.54
2026-08-26T12:39:58,4.12,25631,3238.00,3335.00,3275.00,10.42,85.53,13.93,884.65
2026-08-26T12:56:36,4.12,25631,3198.00,3338.00,3295.50,10.70,89.24,14.28,884.91
2026-08-26T13:13:14,4.12,25631,3105.00,3316.00,3238.50,12.62,76.17,15.84,884.66
2026-08-26T13:29:52,4.12,25631,3164.00,3315.00,3213.00,11.24,80.43,14.90,884.83
2026-08-26T13:46:30,4.12,25631,3195.00,3273.00,3232.00,13.10,78.14,16.62,884.97
2026-08-26T14:03:08,4.12,25631,3118.00,3362.00,3224.00,13.59,70.32,17.97,884.58
2026-08-26T14:19:46,4.12,25631,3142.00,3329.00,3293.00,11.55,78.08,15.61,884.77
2026-08-26T14:36:24,4.11,25631,3076.00,3348.00,3299.00,11.52,77.08,15.07,884.95
2026-08-26T14:53:03,4.12,25631,3112.00,3339.00,3248.50,12.07,76.66,15.54,885.16
2026-08-26T15:09:41,4.12,25631,3108.00,3344.00,3122.50,14.93,68.08,18.82,885.03
2026-08-26T15:26:18,4.12,25631,3143.00,3355.00,3303.50,14.06,68.38,18.37,884.69
2026-08-26T15:42:57,4.12,25631,3083.00,3236.00,3111.00,11.83,78.43,15.84,884.89
2026-08-26T15:59:35,4.12,25631,3091.00,3289.00,3250.00,13.00,76.27,16.10,885.10
2026-08-26T16:16:13,4.12,25631,3099.00,3295.00,3111.50,13.38,74.16,16.74,884.89
2026-08-26T16:32:51,4.13,25631,3091.00,3348.00,3109.50,12.52,76.51,15.61,885.03
2026-08-26T16:49:29,4.12,25631,3107.00,3340.00,3113.00,12.55,73.44,15.23,885.00
2026-08-26T17:06:07,4.12,25631,3091.00,3270.00,3110.00,13.04,76.51,15.86,885.13
2026-08-26T17:22:45,4.13,25631,3116.00,3335.00,3262.50,14.63,69.86,17.70,884.94
2026-08-26T17:39:23,4.13,25631,3108.00,3378.00,3184.00,14.43,69.86,18.51,884.75
2026-08-26T17:56:01,4.12,25631,3105.00,3264.00,3127.50,14.19,69.28,17.66,884.76
2026-08-26T18:12:39,4.12,25631,3113.00,3382.00,3139.00,14.74,67.81,17.19,884.88
2026-08-26T18:29:17,3.90,25631,3084.00,3127.00,3109.50,11.86,74.63,15.00,884.75
2026-08-26T18:45:55,3.90,25631,3067.00,3100.00,3083.00,10.29,81.05,12.36,884.89
2026-08-26T19:02:32,3.89,25631,3056.00,3086.00,3075.50,9.39,84.13,10.68,884.89
2026-08-26T19:19:10,3.89,25631,3060.00,3084.00,3073.50,9.17,84.46,9.68,885.16
2026-08-26T19:35:48,3.89,25631,3065.00,3082.00,3076.00,9.19,85.17,9.24,885.26
2026-08-26T19:52:26,3.89,25631,3052.00,3080.00,3065.50,9.29,84.68,9.18,885.38
2026-08-26T20:09:03,3.89,25631,3051.00,3081.00,3067.00,9.34,84.67,9.15,885.48
2026-08-26T20:25:41,3.89,25631,3066.00,3081.00,3076.00,9.15,85.79,9.09,885.47
2026-08-26T20:42:19,3.89,25631,3064.00,3080.00,3073.00,9.03,86.37,8.97,885.42
2026-08-26T20:58:56,3.89,25631,3046.00,3082.00,3075.00,8.69,88.01,8.72,885.36
2026-08-26T21:15:34,3.89,25631,3053.00,3080.00,3068.50,8.69,88.10,8.65,885.29
2026-08-26T21:32:11,3.89,25631,3054.00,3083.00,3069.00,8.74,87.82,8.65,885.32
2026-08-26T21:48:49,3.89,25631,3058.00,3077.00,3071.50,8.76,88.24,8.64,885.40
2026-08-26T22:05:27,3.89,25631,3058.00,3082.00,3073.00,8.83,87.74,8.55,885.54
2026-08-26T22:22:04,3.88,25631,3062.00,3083.00,3072.00,8.42,89.33,8.35,885.63
2026-08-26T22:38:42,3.88,25631,3066.00,3087.00,3074.50,8.60,89.38,8.42,885.65
2026-08-26T22:55:20,3.89,25631,3071.00,3082.00,3077.50,8.73,86.04,8.48,885.62
2026-08-26T23:11:57,3.89,25631,3061.00,3245.00,3087.00,8.50,89.01,8.41,885.63
2026-08-26T23:28:35,3.88,25631,3064.00,3078.00,3070.00,8.11,90.63,8.21,885.63
2026-08-26T23:45:13,3.89,25631,3055.00,3079.00,3072.00,8.02,90.85,8.09,885.54
2026-08-27T00:01:50,3.88,25631,3058.00,3078.00,3070.50,7.93,91.09,7.98,885.50
2026-08-27T00:18:28,3.89,25631,3066.00,3077.00,3070.50,7.91,89.59,7.92,885.62
2026-08-27T00:35:06,3.88,25631,3066.00,3086.00,3074.50,8.15,90.28,8.02,885.55
2026-08-27T00:51:43,3.89,25631,3065.00,3078.00,3072.50,8.26,87.91,8.02,885.56
2026-08-27T01:08:21,3.88,25631,3058.00,3075.00,3068.00,8.09,87.07,7.94,885.51
2026-08-27T01:24:59,3.88,25631,3056.00,3077.00,3069.00,8.06,88.58,7.81,885.69
2026-08-27T01:41:36,3.88,25631,3055.00,3103.00,3067.50,7.77,88.64,7.54,885.88
2026-08-27T01:58:14,3.88,25631,3052.00,3094.00,3069.50,7.60,90.65,7.25,885.92
2026-08-27T02:14:52,3.88,25631,3049.00,3083.00,3068.00,7.19,91.70,6.83,885.80
2026-08-27T02:31:29,3.88,25631,3078.00,3247.00,3238.00,7.08,92.72,6.52,885.76
2026-08-27T02:48:07,3.87,25631,3242.00,3253.00,3245.00,6.95,94.16,6.45,885.83
2026-08-27T03:04:45,3.88,25631,3081.00,3251.00,3240.00,7.29,91.31,6.59,885.76
2026-08-27T03:21:23,3.87,25631,3093.00,3254.00,3195.50,7.18,90.60,6.44,885.65
2026-08-27T03:38:00,3.87,25631,3089.00,3235.00,3155.00,6.74,92.10,6.21,885.60
2026-08-27T03:54:38,3.88,25631,3180.00,3207.00,3195.00,6.91,91.61,6.09,885.48
2026-08-27T04:11:16,3.87,25631,3185.00,3235.00,3216.50,6.54,92.90,6.02,885.49
2026-08-27T04:27:54,3.87,25631,3092.00,3183.00,3120.50,6.67,92.41,5.90,885.41
2026-08-27T04:44:31,3.88,25631,3110.00,3189.00,3177.50,6.56,93.53,5.80,885.42
2026-08-27T05:01:09,3.88,25631,3094.00,3184.00,3112.50,7.20,90.33,6.01,885.41
2026-08-27T05:17:47,3.88,25631,3093.00,3209.00,3144.50,7.26,88.57,6.43,885.32
2026-08-27T05:34:24,3.88,25631,3083.00,3131.00,3117.00,7.40,88.18,6.78,885.24
2026-08-27T05:51:02,3.88,25631,3110.00,3213.00,3156.00,7.22,90.28,6.89,885.18
2026-08-27T06:07:40,3.88,25631,3093.00,3196.00,3119.50,6.90,92.10,6.88,885.12
2026-08-27T06:24:18,3.88,25631,3096.00,3202.00,3106.50,6.94,91.06,6.95,885.16
2026-08-27T06:40:56,3.89,25631,3065.00,3209.00,3197.00,7.00,90.58,7.09,885.15
2026-08-27T06:57:34,3.88,25631,3072.00,3215.00,3188.50,7.09,91.66,7.22,885.22
2026-08-27T07:14:12,3.89,25631,3213.00,3224.00,3218.50,7.23,90.69,7.37,885.20
2026-08-27T07:30:50,3.89,25631,3230.00,3240.00,3235.50,7.02,91.90,7.39,885.15
2026-08-27T07:47:28,3.89,25631,3191.00,3407.00,3231.00,7.07,91.38,7.46,885.08
2026-08-27T08:04:06,3.89,25631,3164.00,3182.00,3175.50,7.18,92.24,7.62,885.00
2026-08-27T08:20:45,4.12,25631,3041.00,3078.00,3067.00,7.22,89.85,8.00,885.00
2026-08-27T08:37:23,3.90,25631,3038.00,3075.00,3046.50,7.23,91.17,8.14,885.06
2026-08-27T08:54:01,4.11,25631,3051.00,3074.00,3060.00,7.11,93.30,8.11,884.96
2026-08-27T09:10:40,4.12,25631,3036.00,3080.00,3063.50,7.39,94.15,8.72,884.87
2026-08-27T09:27:18,4.12,25631,3033.00,3067.00,3040.50,7.19,94.16,8.82,884.85
2026-08-27T09:43:56,4.12,25631,3038.00,3077.00,3049.50,7.20,94.59,8.60,884.77
2026-08-27T10:00:34,4.12,25631,3040.00,3062.00,3047.50,7.08,95.06,8.45,884.72
2026-08-27T10:17:13,4.11,25631,3060.00,3078.00,3070.50,7.47,95.29,8.63,884.70
2026-08-27T10:33:51,4.11,25631,3047.00,3065.00,3057.50,7.29,94.66,8.94,884.65
2026-08-27T10:50:29,4.12,25631,3044.00,3065.00,3055.00,7.11,95.08,8.71,884.68
2026-08-27T11:07:08,3.90,25631,3044.00,3071.00,3055.50,7.02,95.40,8.46,884.68
2026-08-27T11:23:46,4.12,25631,3050.00,3255.00,3058.00,7.14,96.00,8.41,884.70
2026-08-27T11:40:24,4.11,25631,3055.00,3242.00,3211.50,7.02,95.74,8.43,884.68
2026-08-27T11:57:03,4.11,25631,3046.00,3215.00,3061.00,6.61,95.26,8.18,884.80
2026-08-27T12:13:41,4.11,25631,3058.00,3075.00,3061.00,7.16,95.33,8.44,884.98
2026-08-27T12:30:19,4.12,25631,3058.00,3217.00,3068.00,7.00,93.48,8.84,884.89
2026-08-27T12:46:58,4.11,25631,3064.00,3248.00,3095.50,7.00,93.20,8.81,884.73
2026-08-27T13:03:36,4.11,25631,3198.00,3346.00,3265.00,7.47,91.03,9.71,884.87
2026-08-27T13:20:14,4.12,25631,3113.00,3235.00,3224.00,7.53,91.73,9.92,884.79
2026-08-27T13:36:53,4.11,25631,3039.00,3195.00,3073.50,7.25,89.65,9.27,884.80
2026-08-27T13:53:31,4.12,25631,3200.00,3225.00,3208.50,7.32,91.47,9.24,884.74
2026-08-27T14:10:09,4.12,25631,3209.00,3230.00,3216.50,7.66,91.77,9.36,884.63
2026-08-27T14:26:47,4.11,25631,3205.00,3238.00,3225.00,7.87,90.99,9.56,884.58
2026-08-27T14:43:26,4.11,25631,3201.00,3233.00,3220.50,8.02,91.77,9.71,884.50
2026-08-27T15:00:04,4.11,25631,3209.00,3232.00,3217.00,7.88,89.48,9.79,884.40
2026-08-27T15:16:42,4.11,25631,3194.00,3217.00,3208.50,7.83,92.77,9.61,884.38
2026-08-27T15:33:21,4.11,25631,3029.00,3256.00,3066.50,7.47,94.48,9.36,884.29
2026-08-27T15:49:59,4.11,25631,3020.00,3055.00,3032.00,7.59,94.81,9.13,884.12
2026-08-27T16:06:37,4.11,25631,3017.00,3074.00,3031.50,7.64,94.88,9.12,884.11
2026-08-27T16:23:15,4.11,25631,3031.00,3048.00,3039.00,7.97,94.02,9.53,884.06
2026-08-27T16:39:54,4.12,25631,3036.00,3053.00,3041.50,8.21,93.64,9.87,883.99
2026-08-27T16:56:32,4.12,25631,3028.00,3055.00,3044.00,8.63,91.65,10.53,883.95
2026-08-27T17:13:10,4.12,25631,3037.00,3051.00,3043.00,8.49,92.72,10.62,883.84
2026-08-27T17:29:48,3.90,25631,3023.00,3048.00,3041.50,8.22,93.89,9.92,883.68
2026-08-27T17:46:26,3.91,25631,3054.00,3220.00,3074.50,7.84,93.74,9.25,883.56
2026-08-27T18:03:05,3.89,25631,3046.00,3064.00,3051.50,7.71,94.80,8.81,883.47
2026-08-27T18:19:43,4.12,25631,3043.00,3061.00,3053.50,7.80,94.55,8.78,883.43
2026-08-27T18:36:21,3.89,25631,3039.00,3055.00,3044.00,7.83,94.70,8.88,883.43
2026-08-27T18:52:59,3.89,25631,3043.00,3053.00,3045.00,7.60,94.92,8.55,883.41
2026-08-27T19:09:37,3.89,25631,3051.00,3071.00,3060.50,7.43,95.48,8.14,883.44
2026-08-27T19:26:15,3.89,25631,3043.00,3072.00,3060.00,7.18,96.09,7.71,883.40
2026-08-27T19:42:53,3.89,25631,3062.00,3078.00,3069.50,7.12,96.45,7.45,883.43
2026-08-27T19:59:31,3.89,25631,3058.00,3083.00,3072.50,7.09,96.69,7.31,883.37
2026-08-27T20:16:08,3.89,25631,3043.00,3060.00,3053.50,7.09,96.77,7.25,883.34
2026-08-27T20:32:46,3.89,25631,3044.00,3058.00,3053.50,7.09,96.94,7.22,883.34
2026-08-27T20:49:24,3.88,25631,3053.00,3071.00,3064.00,7.09,97.02,7.21,883.33
2026-08-27T21:06:02,3.89,25631,3062.00,3313.00,3100.00,7.07,97.08,7.17,883.31
2026-08-27T21:22:39,3.89,25631,3058.00,3307.00,3072.50,7.00,97.16,7.13,883.24
2026-08-27T21:39:17,3.89,25631,3060.00,3081.00,3067.00,7.04,97.20,7.09,883.10
2026-08-27T21:55:55,3.89,25631,3066.00,3314.00,3146.50,6.94,97.24,7.07,883.03
2026-08-27T22:12:32,3.89,25631,3073.00,3315.00,3088.00,6.85,97.30,7.01,882.94
2026-08-27T22:29:10,3.89,25631,3064.00,3280.00,3073.50,6.83,97.35,6.95,882.84
2026-08-27T22:45:48,3.89,25631,3063.00,3295.00,3080.50,6.84,97.41,6.95,882.72
2026-08-27T23:02:26,3.89,25631,3055.00,3093.00,3071.00,6.83,97.44,6.93,882.70
2026-08-27T23:19:03,3.89,25631,3066.00,3086.00,3078.00,6.85,97.52,6.93,882.64
2026-08-27T23:35:41,3.88,25631,3064.00,3085.00,3078.00,6.88,97.53,6.94,882.43
2026-08-27T23:52:19,3.88,25631,3076.00,3110.00,3104.00,6.79,97.50,6.96,882.40
2026-08-28T00:08:57,3.89,25631,3067.00,3303.00,3285.50,6.71,97.57,6.83,882.40
2026-08-28T00:25:34,3.88,25631,3060.00,3291.00,3089.50,6.69,97.62,6.79,882.33
2026-08-28T00:42:12,3.88,25631,3274.00,3337.00,3320.00,6.67,97.65,6.77,882.27
2026-08-28T00:58:50,3.89,25631,3057.00,3110.00,3090.50,6.77,97.61,6.77,882.25
2026-08-28T01:15:28,3.88,25631,3125.00,3298.00,3251.00,6.73,97.71,6.80,882.21
2026-08-28T01:32:05,3.88,25631,3074.00,3293.00,3227.00,6.73,97.71,6.80,882.15
2026-08-28T01:48:43,3.88,25631,3064.00,3339.00,3073.00,6.81,97.74,6.83,882.07
2026-08-28T02:05:21,3.88,25631,3053.00,3338.00,3071.50,6.84,97.79,6.88,882.04
2026-08-28T02:21:58,3.89,25631,3061.00,3317.00,3076.50,6.74,97.74,6.84,882.02
2026-08-28T02:38:36,3.88,25631,3066.00,3292.00,3287.00,6.70,97.78,6.80,882.06
2026-08-28T02:55:14,3.88,25631,3099.00,3310.00,3171.00,6.69,97.81,6.77,882.01
2026-08-28T03:11:52,3.88,25631,3086.00,3219.00,3167.50,6.74,97.82,6.76,881.97
2026-08-28T03:28:29,3.88,25631,3081.00,3305.00,3161.50,6.76,97.86,6.79,881.96
2026-08-28T03:45:07,3.88,25631,3082.00,3185.00,3161.50,6.71,97.90,6.78,881.94
2026-08-28T04:01:45,3.88,25631,3055.00,3096.00,3065.50,6.79,97.91,6.80,882.00
2026-08-28T04:18:23,3.88,25631,3065.00,3304.00,3241.00,6.77,97.91,6.82,881.93
2026-08-28T04:35:00,3.88,25631,3059.00,3311.00,3238.00,6.67,97.90,6.80,881.97
2026-08-28T04:51:38,3.89,25631,3049.00,3080.00,3066.00,6.69,97.90,6.75,881.91
2026-08-28T05:08:16,3.88,25631,3048.00,3071.00,3060.50,6.71,97.94,6.76,881.90
2026-08-28T05:24:54,3.88,25631,3058.00,3066.00,3060.50,6.80,97.96,6.81,881.95
2026-08-28T05:41:31,3.88,25631,3045.00,3072.00,3051.00,6.76,97.97,6.84,881.91
2026-08-28T05:58:09,3.88,25631,3058.00,3075.00,3063.50,6.66,97.98,6.81,881.87
2026-08-28T06:14:47,3.88,25631,3053.00,3071.00,3059.50,6.70,98.00,6.81,881.89
2026-08-28T06:31:25,3.89,25631,3058.00,3077.00,3066.00,6.80,98.03,6.96,881.97
2026-08-28T06:48:03,3.90,25631,3042.00,3064.00,3058.00,7.00,98.05,7.41,882.03
2026-08-28T07:04:41,4.11,25631,3059.00,3069.00,3061.00,7.28,98.08,7.98,882.05
2026-08-28T07:21:20,3.89,25631,3053.00,3074.00,3065.00,7.28,98.08,7.97,882.17
2026-08-28T07:37:58,3.89,25631,3054.00,3074.00,3058.50,7.25,98.07,7.96,882.16
2026-08-28T07:54:36,4.12,25631,3043.00,3085.00,3065.00,7.43,98.09,8.32,882.22
2026-08-28T08:11:15,4.12,25631,3075.00,3406.00,3111.00,7.87,98.12,9.37,882.33
2026-08-28T08:27:53,4.12,25631,3055.00,3318.00,3069.50,8.02,98.10,9.65,882.40
2026-08-28T08:44:31,4.12,25631,3068.00,3242.00,3136.00,7.87,98.12,9.67,882.44
2026-08-28T09:01:09,4.12,25631,3066.00,3308.00,3165.50,7.91,98.13,9.88,882.52
2026-08-28T09:17:48,4.12,25631,3065.00,3267.00,3080.00,7.93,98.13,9.78,882.47
2026-08-28T09:34:26,4.12,25631,3053.00,3108.00,3068.00,7.83,98.12,9.97,882.60
2026-08-28T09:51:04,4.12,25631,3017.00,3114.00,3049.50,8.56,98.16,11.29,882.69
2026-08-28T10:07:43,4.12,25631,3026.00,3177.00,3117.50,8.53,98.15,11.24,882.73
2026-08-28T10:24:21,4.12,25631,3016.00,3179.00,3069.00,9.04,98.13,12.19,882.80
2026-08-28T10:40:59,4.12,25631,3077.00,3364.00,3174.00,9.64,98.07,13.73,882.88
2026-08-28T10:57:37,4.12,25631,3056.00,3069.00,3064.00,9.66,97.40,13.65,883.00
2026-08-28T11:14:15,4.12,25631,3056.00,3069.00,3057.00,8.79,97.10,12.59,883.03
2026-08-28T11:30:53,4.12,25631,3058.00,3261.00,3070.50,10.42,96.93,15.16,883.24
2026-08-28T11:47:32,4.12,25631,3066.00,3287.00,3071.50,10.34,96.08,15.13,883.09
2026-08-28T12:04:10,4.12,25631,3050.00,3082.00,3053.50,9.07,96.94,12.77,882.97
2026-08-28T12:20:48,4.12,25631,3044.00,3209.00,3065.50,10.42,96.53,15.00,883.10
2026-08-28T12:37:26,4.12,25631,3046.00,3061.00,3050.00,8.98,96.64,12.47,883.21
2026-08-28T12:54:04,4.12,25631,3045.00,3076.00,3054.50,9.35,97.08,12.32,883.41
2026-08-28T13:10:42,4.12,25631,3036.00,3065.00,3052.00,9.82,95.77,12.79,883.32
2026-08-28T13:27:21,4.12,25631,3039.00,3056.00,3047.50,9.15,95.35,12.46,883.29
2026-08-28T13:43:59,4.12,25631,3032.00,3411.00,3058.50,9.04,96.74,11.42,883.41
2026-08-28T14:00:37,4.12,25631,3029.00,3077.00,3043.50,9.03,97.02,11.01,883.41
2026-08-28T14:17:15,4.12,25631,3033.00,3094.00,3039.50,9.31,97.08,11.08,883.41
2026-08-28T14:33:54,4.12,25631,3033.00,3103.00,3046.00,9.11,96.69,10.86,883.35
2026-08-28T14:50:32,4.12,25631,3031.00,3093.00,3049.50,9.47,96.93,11.32,883.40
2026-08-28T15:07:10,4.12,25631,3017.00,3047.00,3034.50,9.22,96.67,10.77,883.30
2026-08-28T15:23:48,4.00,25631,3033.00,3066.00,3045.00,9.25,96.81,10.63,883.29
2026-08-28T15:40:27,4.12,25631,3036.00,3065.00,3044.50,9.39,97.01,10.77,883.23
2026-08-28T15:57:05,3.90,25631,3036.00,3097.00,3070.00,9.31,96.16,10.91,883.01
2026-08-28T16:13:43,4.12,25631,3065.00,3317.00,3177.00,9.07,96.91,10.25,883.01
2026-08-28T16:30:21,3.90,25631,3091.00,3358.00,3294.00,8.84,96.89,9.88,882.99
2026-08-28T16:46:59,3.90,25631,3073.00,3091.00,3081.00,8.79,97.11,9.61,882.86
2026-08-28T17:03:38,4.12,25631,3069.00,3089.00,3077.00,9.04,96.86,9.87,882.73
2026-08-28T17:20:16,3.89,25631,3071.00,3085.00,3081.50,8.92,96.51,9.68,882.72
2026-08-28T17:36:54,4.12,25631,3074.00,3095.00,3082.00,8.97,96.68,9.65,882.73
2026-08-28T17:53:32,3.89,25631,3112.00,3637.00,3342.50,8.80,96.82,9.50,882.62
2026-08-28T18:10:10,3.99,25631,3063.00,3092.00,3085.00,8.77,97.17,9.33,882.57
2026-08-28T18:26:49,3.89,25631,3067.00,3116.00,3101.00,8.77,97.29,9.28,882.42
2026-08-28T18:43:26,3.89,25631,3064.00,3085.00,3077.50,8.70,97.40,9.13,882.33
2026-08-28T19:00:04,3.89,25631,3055.00,3345.00,3191.50,8.64,97.51,9.01,882.32
2026-08-28T19:16:42,3.89,25631,3047.00,3069.00,3063.50,8.64,97.56,8.90,882.32
2026-08-28T19:33:20,3.89,25631,3054.00,3083.00,3063.50,8.57,97.60,8.79,882.27
2026-08-28T19:49:57,3.89,25631,3062.00,3102.00,3067.00,8.49,97.66,8.71,882.36
2026-08-28T20:06:35,3.89,25631,3061.00,3079.00,3064.00,8.49,97.71,8.64,882.50
2026-08-28T20:23:13,3.89,25631,3052.00,3091.00,3075.50,8.46,97.79,8.59,882.51
2026-08-28T20:39:51,3.89,25631,3058.00,3086.00,3075.50,8.48,97.80,8.56,882.45
2026-08-28T20:56:28,3.89,25631,3061.00,3084.00,3069.00,8.43,97.86,8.54,882.48
2026-08-28T21:13:06,3.89,25631,3124.00,3215.00,3168.00,8.43,97.91,8.55,882.41
2026-08-28T21:29:44,3.89,25631,3157.00,3318.00,3211.00,8.48,97.93,8.53,882.26
2026-08-28T21:46:21,3.89,25631,3111.00,3316.00,3226.50,8.48,97.95,8.53,882.22
2026-08-28T22:02:59,3.89,25631,3088.00,3325.00,3314.50,8.46,97.99,8.53,882.22
2026-08-28T22:19:37,3.89,25631,3077.00,3337.00,3331.00,8.43,98.01,8.52,881.99
2026-08-28T22:36:14,3.89,25631,3073.00,3331.00,3081.50,8.41,98.01,8.49,881.92
2026-08-28T22:52:52,3.89,25631,3179.00,3297.00,3202.50,8.39,98.02,8.48,881.91
2026-08-28T23:09:30,3.89,25631,3207.00,3212.00,3210.00,8.39,98.06,8.47,881.80
2026-08-28T23:26:07,3.89,25631,3199.00,3207.00,3202.00,8.36,98.12,8.46,881.77
2026-08-28T23:42:45,3.89,25631,3196.00,3215.00,3208.00,8.36,98.12,8.44,881.64
2026-08-28T23:59:23,3.89,25631,3196.00,3207.00,3200.50,8.38,98.15,8.43,881.51
2026-08-29T00:16:01,3.89,25631,3062.00,3202.00,3146.00,8.35,98.15,8.42,881.40
2026-08-29T00:32:38,3.89,25631,3162.00,3220.00,3201.50,8.36,98.17,8.42,881.44
2026-08-29T00:49:16,3.89,25631,3144.00,3201.00,3166.50,8.32,98.17,8.40,881.33
2026-08-29T01:05:54,3.89,25631,3143.00,3165.00,3161.00,8.31,98.20,8.38,881.17
2026-08-29T01:22:31,3.89,25631,3145.00,3243.00,3190.50,8.31,98.19,8.36,881.08
2026-08-29T01:39:09,3.89,25631,3139.00,3199.00,3170.50,8.29,98.24,8.37,881.05
2026-08-29T01:55:47,3.89,25631,3140.00,3161.00,3153.00,8.28,98.26,8.36,880.87
2026-08-29T02:12:24,3.89,25631,3143.00,3168.00,3150.50,8.28,98.27,8.34,880.75
2026-08-29T02:29:02,3.88,25631,3122.00,3157.00,3142.00,8.28,98.26,8.34,880.58
2026-08-29T02:45:40,3.89,25631,3096.00,3128.00,3112.50,8.28,98.28,8.34,880.43
2026-08-29T03:02:18,3.89,25631,3131.00,3207.00,3145.00,8.26,98.31,8.33,880.32
2026-08-29T03:18:55,3.89,25631,3089.00,3135.00,3105.50,8.24,98.30,8.32,880.17
2026-08-29T03:35:33,3.89,25631,3050.00,3176.00,3107.00,8.22,98.30,8.29,880.09
2026-08-29T03:52:11,3.89,25631,3172.00,3209.00,3195.00,8.21,98.32,8.27,879.89
2026-08-29T04:08:48,3.89,25631,3191.00,3206.00,3200.00,8.15,98.33,8.25,879.79
2026-08-29T04:25:26,3.89,25631,3148.00,3172.00,3155.00,8.16,98.33,8.23,879.72
2026-08-29T04:42:04,3.88,25631,3138.00,3210.00,3147.50,8.14,98.35,8.22,879.61
2026-08-29T04:58:41,3.89,25631,3148.00,3332.00,3209.00,8.14,98.39,8.21,879.53
2026-08-29T05:15:19,3.89,25631,3094.00,3160.00,3141.50,8.14,98.38,8.20,879.38
2026-08-29T05:31:57,3.89,25631,3108.00,3305.00,3286.00,8.08,98.37,8.17,879.21
2026-08-29T05:48:34,3.89,25631,3218.00,3248.00,3230.50,8.05,98.35,8.13,879.18
2026-08-29T06:05:12,3.89,25631,3107.00,3276.00,3115.00,8.05,98.41,8.14,879.07
2026-08-29T06:21:50,3.88,25631,3105.00,3129.00,3118.00,8.04,98.41,8.14,879.07
2026-08-29T06:38:27,3.89,25631,3038.00,3131.00,3111.50,8.02,98.43,8.14,879.11
2026-08-29T06:55:05,3.89,25631,3110.00,3171.00,3154.50,8.11,98.42,8.25,879.11
2026-08-29T07:11:43,3.89,25631,3107.00,3316.00,3201.00,8.11,98.45,8.42,879.08
2026-08-29T07:28:21,3.89,25631,3115.00,3394.00,3330.00,8.11,98.46,8.50,878.99
2026-08-29T07:44:59,3.87,25631,3208.00,3220.00,3214.50,8.12,98.46,8.43,878.84
2026-08-29T08:01:37,3.89,25631,3176.00,3328.00,3309.00,8.15,98.45,8.50,878.81
2026-08-29T08:18:15,3.90,25631,3182.00,3410.00,3209.00,8.22,98.49,8.64,878.73
2026-08-29T08:34:53,3.89,25631,3157.00,3213.00,3194.00,8.20,98.49,8.69,878.68
2026-08-29T08:51:32,4.12,25631,3150.00,3219.00,3209.50,8.32,98.49,8.92,878.67
2026-08-29T09:08:10,4.11,25631,3165.00,3208.00,3195.00,8.38,98.50,9.38,878.64
2026-08-29T09:24:48,4.12,25631,3177.00,3249.00,3205.00,8.52,98.54,9.65,878.52
2026-08-29T09:41:27,4.12,25631,3147.00,3287.00,3171.00,8.69,98.52,9.65,878.55
2026-08-29T09:58:05,4.12,25631,3163.00,3286.00,3272.50,8.63,98.52,9.77,878.52
2026-08-29T10:14:43,4.12,25631,3172.00,3363.00,3271.50,8.94,98.56,10.15,878.66
2026-08-29T10:31:21,4.12,25631,3159.00,3188.00,3178.50,9.43,98.55,12.13,878.69
2026-08-29T10:48:00,4.12,25631,3100.00,3372.00,3344.00,10.14,98.50,13.57,878.49
2026-08-29T11:04:38,4.12,25631,3260.00,3394.00,3281.00,9.89,97.68,13.56,878.32
2026-08-29T11:21:16,4.12,25631,3055.00,3077.00,3068.50,9.40,96.80,11.73,878.36
2026-08-29T11:37:54,4.12,25631,3135.00,3307.00,3210.00,9.32,97.12,10.92,878.23
2026-08-29T11:54:32,4.12,25631,3230.00,3295.00,3262.00,9.14,97.62,10.42,878.23
2026-08-29T12:11:11,4.12,25631,3169.00,3330.00,3308.50,9.12,97.77,10.71,878.18
2026-08-29T12:27:49,4.12,25631,3208.00,3242.00,3230.00,9.25,97.80,10.68,878.15
2026-08-29T12:44:27,4.12,25631,3091.00,3290.00,3248.50,9.38,97.87,10.93,878.01
2026-08-29T13:01:05,4.12,25631,3204.00,3448.00,3325.00,9.39,97.70,11.23,877.93
2026-08-29T13:17:44,4.12,25631,3177.00,3382.00,3261.00,9.64,97.61,11.69,877.90
2026-08-29T13:34:22,4.12,25631,3191.00,3267.00,3241.00,9.55,97.62,11.20,877.84
2026-08-29T13:51:00,4.12,25631,3186.00,3306.00,3219.00,9.57,97.78,11.06,877.91
2026-08-29T14:07:38,4.12,25631,3241.00,3263.00,3255.00,9.91,97.88,11.63,877.81
2026-08-29T14:24:17,4.12,25631,3257.00,3287.00,3265.00,9.31,97.65,10.85,877.86
2026-08-29T14:40:55,4.12,25631,3254.00,3269.00,3261.50,9.73,97.33,10.98,877.78
2026-08-29T14:57:33,4.12,25631,3110.00,3142.00,3122.00,9.28,96.62,10.95,877.72
2026-08-29T15:14:11,3.91,25631,3067.00,3091.00,3081.00,8.84,95.99,10.21,877.67
2026-08-29T15:30:50,4.12,25631,3067.00,3083.00,3076.00,8.71,96.57,9.83,877.65
2026-08-29T15:47:28,4.11,25631,3085.00,3172.00,3098.00,8.71,97.04,9.85,877.62
2026-08-29T16:04:06,4.12,25631,3064.00,3095.00,3081.50,8.70,96.40,10.04,877.61
2026-08-29T16:20:45,4.11,25631,3054.00,3090.00,3071.50,8.41,95.86,9.84,877.43
2026-08-29T16:37:23,4.12,25631,3029.00,3346.00,3183.00,8.22,95.14,9.48,877.31
2026-08-29T16:54:01,3.90,25631,3072.00,3086.00,3078.00,7.91,95.31,8.82,877.34
2026-08-29T17:10:39,3.89,25631,3067.00,3098.00,3083.50,7.95,94.69,8.68,877.20
2026-08-29T17:27:18,3.90,25631,3155.00,3184.00,3173.50,7.84,95.01,8.41,877.18
2026-08-29T17:43:56,4.00,25631,3091.00,3190.00,3167.00,7.77,94.50,8.30,876.96
2026-08-29T18:00:34,3.89,25631,3069.00,3092.00,3086.00,7.76,95.13,8.16,876.90
2026-08-29T18:17:12,3.89,25631,3078.00,3088.00,3084.00,7.63,94.38,7.97,876.72
2026-08-29T18:33:50,3.89,25631,3073.00,3088.00,3079.00,7.47,95.55,7.76,876.68
2026-08-29T18:50:28,3.89,25631,3075.00,3091.00,3081.50,7.45,96.22,7.62,876.62
2026-08-29T19:07:06,3.89,25631,3075.00,3095.00,3089.00,7.46,96.66,7.53,876.50
2026-08-29T19:23:44,3.89,25631,3076.00,3090.00,3079.50,7.39,96.04,7.44,876.43
2026-08-29T19:40:22,3.89,25631,3071.00,3082.00,3077.00,7.32,96.17,7.30,876.47
2026-08-29T19:56:59,3.89,25631,3079.00,3085.00,3080.50,7.16,96.29,7.20,876.23
2026-08-29T20:13:37,3.89,25631,3003.00,3077.00,3066.50,7.29,94.24,7.10,876.18
2026-08-29T20:30:15,3.89,25631,3067.00,3085.00,3077.00,7.25,93.53,7.04,875.99
2026-08-29T20:46:53,3.89,25631,3059.00,3103.00,3077.00,7.23,94.32,7.02,876.05
2026-08-29T21:03:30,3.89,25631,3069.00,3195.00,3134.50,6.95,95.48,6.92,875.86
2026-08-29T21:20:08,3.89,25631,3112.00,3218.00,3181.50,6.88,95.91,6.83,875.77
2026-08-29T21:36:46,3.89,25631,3020.00,3096.00,3088.50,6.71,96.64,6.75,875.75
2026-08-29T21:53:24,3.89,25631,3072.00,3093.00,3086.00,6.60,96.77,6.64,875.48
2026-08-29T22:10:01,3.88,25631,3074.00,3086.00,3080.00,6.57,96.46,6.58,875.31
2026-08-29T22:26:39,3.89,25631,3062.00,3086.00,3074.50,6.71,95.32,6.57,875.36
2026-08-29T22:43:17,3.89,25631,3075.00,3183.00,3082.50,6.67,95.25,6.55,875.34
2026-08-29T22:59:55,3.88,25631,3151.00,3179.00,3164.00,6.64,95.05,6.49,875.01
2026-08-29T23:16:32,3.88,25631,3124.00,3148.00,3138.50,6.60,95.57,6.46,875.11
2026-08-29T23:33:10,3.89,25631,3107.00,3190.00,3134.00,6.66,95.24,6.48,874.96
2026-08-29T23:49:48,3.89,25631,3118.00,3215.00,3191.50,6.77,94.35,6.51,874.86
2026-08-30T00:06:26,3.89,25631,3204.00,3221.00,3215.00,6.66,95.06,6.47,874.96
2026-08-30T00:23:03,3.89,25631,3202.00,3220.00,3217.50,6.84,93.25,6.44,874.96
2026-08-30T00:39:41,3.89,25631,3213.00,3238.00,3217.50,7.29,87.90,6.41,874.93
2026-08-30T00:56:19,3.89,25631,3254.00,3266.00,3262.50,7.20,88.37,6.49,874.59
2026-08-30T01:12:57,3.88,25631,3253.00,3271.00,3261.00,7.07,87.70,6.51,874.11
2026-08-30T01:29:34,3.88,25631,3257.00,3271.00,3266.00,7.05,86.76,6.47,874.10
2026-08-30T01:46:12,3.88,25631,3280.00,3286.00,3283.00,6.67,89.83,6.35,874.09
2026-08-30T02:02:50,3.88,25631,3210.00,3309.00,3295.50,6.32,93.44,6.21,874.07
2026-08-30T02:19:28,3.89,25631,3093.00,3246.00,3227.50,6.15,93.52,6.01,873.69
2026-08-30T02:36:05,3.89,25631,3099.00,3123.00,3112.00,6.35,91.41,6.01,873.44
2026-08-30T02:52:43,3.89,25631,3189.00,3209.00,3200.50,5.98,96.31,5.98,873.49
2026-08-30T03:09:21,3.88,25631,3196.00,3207.00,3205.00,5.90,96.92,5.95,873.30
2026-08-30T03:25:59,3.89,25631,3171.00,3181.00,3177.00,5.87,97.12,5.90,873.46
2026-08-30T03:42:37,3.88,25631,3062.00,3199.00,3194.50,5.75,96.38,5.80,873.34
2026-08-30T03:59:14,3.88,25631,3041.00,3291.00,3057.50,5.83,90.23,5.59,873.27
2026-08-30T04:15:52,3.88,25631,3026.00,3048.00,3037.00,5.51,91.82,5.32,873.16
2026-08-30T04:32:30,3.88,25631,3020.00,3074.00,3047.50,5.26,92.97,5.10,872.98
2026-08-30T04:49:08,3.88,25631,3011.00,3083.00,3030.00,5.07,93.25,4.93,872.88
2026-08-30T05:05:45,3.87,25631,3022.00,3079.00,3032.00,4.85,94.39,4.79,872.64
2026-08-30T05:22:23,3.88,25631,3026.00,3074.00,3035.50,4.71,94.94,4.68,872.47
2026-08-30T05:39:01,3.87,25631,3036.00,3082.00,3068.50,4.64,95.47,4.63,872.44
2026-08-30T05:55:39,3.87,25631,3019.00,3057.00,3033.50,4.65,95.62,4.59,872.41
2026-08-30T06:12:17,3.87,25631,3016.00,3041.00,3035.00,4.67,95.31,4.59,872.32
2026-08-30T06:28:55,3.88,25631,3019.00,3043.00,3034.50,4.68,94.56,4.61,872.34
2026-08-30T06:45:32,3.87,25631,3011.00,3038.00,3028.00,4.77,94.36,4.63,872.56
2026-08-30T07:02:10,3.87,25631,3026.00,3052.00,3043.00,4.47,94.92,4.57,872.60
2026-08-30T07:18:48,3.88,25631,3014.00,3058.00,3045.00,4.42,94.59,4.50,872.40
2026-08-30T07:35:26,3.87,25631,3012.00,3055.00,3028.50,4.44,96.01,4.49,872.30
2026-08-30T07:52:04,3.88,25631,3027.00,3040.00,3031.50,4.68,96.42,4.71,872.19
2026-08-30T08:08:43,4.00,25631,3025.00,3077.00,3034.50,4.81,96.65,4.97,872.01
2026-08-30T08:25:21,3.89,25631,3024.00,3090.00,3072.50,4.96,96.73,5.23,871.85
2026-08-30T08:41:59,3.89,25631,3040.00,3085.00,3070.00,4.78,95.03,5.16,871.64
2026-08-30T08:58:37,3.89,25631,3025.00,3074.00,3063.50,4.75,95.57,5.10,871.68
2026-08-30T09:15:16,4.11,25631,3066.00,3094.00,3082.50,4.81,95.64,5.20,871.55
2026-08-30T09:31:54,4.11,25631,3036.00,3096.00,3083.00,5.05,94.43,5.52,871.39
2026-08-30T09:48:32,4.11,25631,3040.00,3281.00,3096.50,5.09,92.27,5.86,871.38
2026-08-30T10:05:11,4.11,25631,3048.00,3095.00,3081.50,5.25,93.85,6.01,871.24
2026-08-30T10:21:49,4.11,25631,3185.00,3216.00,3204.00,5.35,92.28,6.29,871.00
2026-08-30T10:38:28,4.11,25631,3253.00,3422.00,3281.00,5.26,94.42,6.28,870.94
2026-08-30T10:55:06,4.11,25631,3036.00,3094.00,3058.50,5.02,93.95,6.23,870.92
2026-08-30T11:11:45,4.11,25631,3049.00,3093.00,3071.00,5.05,95.22,6.13,870.88
2026-08-30T11:28:23,4.11,25631,3040.00,3086.00,3060.50,5.28,94.89,6.30,870.83
2026-08-30T11:45:01,4.11,25631,3045.00,3075.00,3069.00,5.35,94.59,6.54,870.79
2026-08-30T12:01:40,4.12,25631,3044.00,3098.00,3084.00,5.66,92.61,7.03,870.71
2026-08-30T12:18:18,4.11,25631,3042.00,3078.00,3068.50,5.30,93.36,6.70,870.70
2026-08-30T12:34:57,4.12,25631,3088.00,3118.00,3099.00,5.16,94.74,6.36,870.70
2026-08-30T12:51:35,4.11,25631,3061.00,3100.00,3081.50,5.50,92.91,6.68,870.71
2026-08-30T13:08:13,4.11,25631,3085.00,3288.00,3200.00,5.53,94.31,6.90,870.62
2026-08-30T13:24:52,4.11,25631,3082.00,3397.00,3277.50,5.56,93.13,7.14,870.54
2026-08-30T13:41:30,4.11,25631,3065.00,3116.00,3089.50,5.68,93.43,7.26,870.55
2026-08-30T13:58:09,4.11,25631,3249.00,3296.00,3275.00,5.58,93.52,7.46,870.40
2026-08-30T14:14:47,4.11,25631,3086.00,3423.00,3194.50,5.87,90.15,7.51,870.06
2026-08-30T14:31:25,4.11,25631,3019.00,3093.00,3084.00,5.23,92.06,6.77,870.18
2026-08-30T14:48:04,4.11,25631,3040.00,3069.00,3058.50,5.04,92.64,6.13,870.18
2026-08-30T15:04:42,4.11,25631,3050.00,3074.00,3065.00,5.19,93.40,6.12,870.07
2026-08-30T15:21:20,3.88,25631,3055.00,3078.00,3067.50,5.12,93.30,6.01,869.99
2026-08-30T15:37:59,4.11,25631,3055.00,3079.00,3066.50,5.38,94.15,6.11,869.83
2026-08-30T15:54:37,4.11,25631,3059.00,3074.00,3063.00,5.53,92.60,6.46,869.63
2026-08-30T16:11:16,4.11,25631,3051.00,3074.00,3063.50,5.43,92.66,6.41,869.48
2026-08-30T16:27:54,4.11,25631,3069.00,3263.00,3075.50,5.39,93.15,6.43,869.41
2026-08-30T16:44:32,4.11,25631,3039.00,3264.00,3065.50,5.40,92.30,6.16,869.52
2026-08-30T17:01:11,4.11,25631,3064.00,3267.00,3262.00,5.58,93.26,6.16,869.45
2026-08-30T17:17:49,3.89,25631,2832.00,3411.00,3187.00,5.50,93.32,6.04,869.35
2026-08-30T17:34:28,3.89,25631,3189.00,3290.00,3281.50,5.53,94.18,6.03,869.43
2026-08-30T17:51:06,3.89,25631,3212.00,3253.00,3233.00,5.35,93.51,5.69,869.37
2026-08-30T18:07:44,3.89,25631,3071.00,3214.00,3084.00,5.29,93.40,5.41,869.42
2026-08-30T18:24:22,3.88,25631,3053.00,3101.00,3065.00,5.33,93.35,5.27,869.62
2026-08-30T18:41:00,3.88,25631,3040.00,3069.00,3052.50,5.15,94.95,5.15,869.60
2026-08-30T18:57:38,3.88,25631,3016.00,3069.00,3045.50,5.22,94.07,5.08,869.51
2026-08-30T19:14:16,3.88,25631,3054.00,3077.00,3070.00,5.40,93.48,5.07,869.54
2026-08-30T19:30:53,3.88,25631,3032.00,3098.00,3055.50,5.32,93.67,5.01,869.51
2026-08-30T19:47:31,3.89,25631,3088.00,3225.00,3213.50,5.28,94.18,4.99,869.48
2026-08-30T20:04:09,3.88,25631,3091.00,3225.00,3221.50,5.51,92.96,5.03,869.53
2026-08-30T20:20:47,3.87,25631,3044.00,3076.00,3056.00,5.56,93.70,5.11,869.65
2026-08-30T20:37:25,3.88,25631,3042.00,3087.00,3054.00,5.54,93.85,5.17,869.72
2026-08-30T20:54:02,3.89,25631,3044.00,3068.00,3055.00,5.97,91.89,5.30,869.59
2026-08-30T21:10:40,3.88,25631,3050.00,3071.00,3058.00,5.77,93.84,5.40,869.25
2026-08-30T21:27:18,3.88,25631,3027.00,3074.00,3060.50,5.95,93.37,5.51,869.36
2026-08-30T21:43:56,3.87,25631,3065.00,3082.00,3071.00,6.11,94.47,5.65,869.38
2026-08-30T22:00:34,3.88,25631,3056.00,3074.00,3064.50,6.43,93.08,5.80,869.52
2026-08-30T22:17:12,3.88,25631,3183.00,3208.00,3201.50,6.57,92.39,5.97,869.64
2026-08-30T22:33:49,3.88,25631,3162.00,3189.00,3182.50,6.26,94.02,5.98,869.79
2026-08-30T22:50:27,3.88,25631,3168.00,3193.00,3179.50,6.43,93.76,5.96,869.66
2026-08-30T23:07:05,3.88,25631,3114.00,3190.00,3125.00,6.87,92.48,6.15,869.71
2026-08-30T23:23:43,3.88,25631,3144.00,3265.00,3236.50,6.97,92.87,6.35,869.86
2026-08-30T23:40:20,3.88,25631,3151.00,3254.00,3242.50,7.11,91.96,6.46,869.87
2026-08-30T23:56:58,3.88,25631,3127.00,3255.00,3188.00,6.95,92.54,6.48,869.86
2026-08-31T00:13:36,3.88,25631,3102.00,3335.00,3166.00,7.15,91.47,6.54,870.03
2026-08-31T00:30:14,3.87,25631,3156.00,3228.00,3162.50,7.08,91.14,6.54,870.16
2026-08-31T00:46:51,3.88,25631,3150.00,3267.00,3156.50,7.07,91.42,6.54,870.23
2026-08-31T01:03:29,3.88,25631,3147.00,3322.00,3169.00,6.57,93.57,6.37,870.34
2026-08-31T01:20:07,3.88,25631,3162.00,3305.00,3223.50,6.58,93.56,6.27,870.38
2026-08-31T01:36:45,3.88,25631,3152.00,3276.00,3271.00,6.35,94.64,6.17,870.51
2026-08-31T01:53:23,3.88,25631,3159.00,3296.00,3258.50,6.35,94.87,6.12,870.64
2026-08-31T02:10:00,3.88,25631,3053.00,3298.00,3162.50,6.36,94.24,6.04,870.57
2026-08-31T02:26:38,3.88,25631,3166.00,3298.00,3273.00,6.32,94.28,5.97,870.59
2026-08-31T02:43:16,3.88,25631,3164.00,3298.00,3269.00,6.53,93.97,6.07,870.44
2026-08-31T02:59:54,3.87,25631,3159.00,3301.00,3267.50,6.85,89.46,6.19,870.50
2026-08-31T03:16:31,3.88,25631,3170.00,3265.00,3259.50,6.67,91.46,6.20,870.56
2026-08-31T03:33:09,3.88,25631,3071.00,3294.00,3263.50,6.71,90.05,6.23,870.59
2026-08-31T03:49:47,3.88,25631,3059.00,3291.00,3260.00,7.04,89.02,6.35,870.65
2026-08-31T04:06:25,3.88,25631,3258.00,3292.00,3269.50,6.97,91.82,6.40,870.69
2026-08-31T04:23:02,3.88,25631,3151.00,3289.00,3260.50,6.80,92.12,6.34,870.75
2026-08-31T04:39:40,3.88,25631,3149.00,3300.00,3251.50,6.58,92.49,6.27,870.81
2026-08-31T04:56:18,3.87,25631,3126.00,3148.00,3139.00,6.58,92.53,6.26,870.90
2026-08-31T05:12:56,3.87,25631,3116.00,3140.00,3128.50,6.22,95.03,6.07,870.85
2026-08-31T05:29:33,3.87,25631,3131.00,3345.00,3157.00,5.93,96.17,5.97,871.02
2026-08-31T05:46:11,3.87,25631,3120.00,3147.00,3135.50,5.83,96.97,5.82,871.07
2026-08-31T06:02:49,3.87,25631,3114.00,3145.00,3134.50,6.22,97.21,5.80,871.16
2026-08-31T06:19:27,3.87,25631,3107.00,3356.00,3151.50,6.44,96.06,5.96,871.16
2026-08-31T06:36:05,3.88,25631,3116.00,3139.00,3130.50,6.79,95.45,6.36,871.41
2026-08-31T06:52:43,3.89,25631,3129.00,3149.00,3135.00,6.69,95.51,6.78,871.49
2026-08-31T07:09:21,4.11,25631,3124.00,3146.00,3137.00,6.29,96.32,6.91,871.76
2026-08-31T07:26:00,4.11,25631,3127.00,3139.00,3133.50,6.49,97.29,7.17,871.65
2026-08-31T07:42:38,4.12,25631,3116.00,3155.00,3132.50,6.61,97.24,7.55,871.78
2026-08-31T07:59:17,4.11,25631,3123.00,3149.00,3138.50,7.38,97.59,8.10,871.70
2026-08-31T08:15:55,4.11,25631,3134.00,3151.00,3140.50,7.30,96.81,8.33,871.79
2026-08-31T08:32:33,4.11,25631,3131.00,3156.00,3147.50,7.42,97.17,8.68,871.95
2026-08-31T08:49:11,4.11,25631,3124.00,3167.00,3138.00,7.35,96.78,9.28,871.99
2026-08-31T09:05:50,4.12,25631,3134.00,3163.00,3151.00,7.76,96.89,10.08,871.92
2026-08-31T09:22:28,4.12,25631,3140.00,3171.00,3153.00,8.15,96.47,10.32,872.12
2026-08-31T09:39:06,4.12,25631,3133.00,3164.00,3155.50,7.91,96.93,10.18,872.19
2026-08-31T09:55:44,4.12,25631,3125.00,3233.00,3152.50,7.46,96.07,10.11,872.34
2026-08-31T10:12:23,4.11,25631,3116.00,3246.00,3145.50,7.78,97.11,9.97,872.62
2026-08-31T10:29:01,4.12,25631,3086.00,3267.00,3169.00,7.90,97.31,10.45,872.72
2026-08-31T10:45:39,4.12,25631,3156.00,3305.00,3214.50,7.87,97.38,10.71,872.83
2026-08-31T11:02:18,4.12,25631,3083.00,3269.00,3179.50,7.97,97.18,10.82,873.09
2026-08-31T11:18:56,4.12,25631,3078.00,3338.00,3173.00,8.96,96.08,11.90,873.18
2026-08-31T11:35:34,4.12,25631,3075.00,3278.00,3167.00,9.21,95.61,12.86,873.35
2026-08-31T11:52:12,4.12,25631,3082.00,3232.00,3219.00,9.22,94.07,13.44,873.11
2026-08-31T12:08:50,4.12,25631,3177.00,3344.00,3247.50,10.39,96.06,13.89,873.24
2026-08-31T12:25:28,4.12,25631,3195.00,3259.00,3227.50,9.50,95.59,13.50,873.30
2026-08-31T12:42:07,4.12,25631,3082.00,3282.00,3227.50,9.97,95.38,13.51,873.57
2026-08-31T12:58:45,4.12,25631,3074.00,3279.00,3269.50,9.77,95.56,13.67,873.68
2026-08-31T13:15:23,4.12,25631,3258.00,3278.00,3266.00,9.89,96.54,13.95,873.80
2026-08-31T13:32:01,4.12,25631,3263.00,3268.00,3265.50,10.12,96.38,14.94,873.86
2026-08-31T13:48:39,4.12,25631,3257.00,3278.00,3271.00,11.23,92.09,14.88,873.75
2026-08-31T14:05:17,4.13,25631,3248.00,3261.00,3258.50,12.66,88.55,16.36,874.26
2026-08-31T14:21:55,4.12,25631,3236.00,3286.00,3269.50,14.27,82.47,18.21,873.99
2026-08-31T14:38:33,4.12,25631,3251.00,3302.00,3261.00,13.64,86.08,18.92,874.20
2026-08-31T14:55:11,4.12,25631,3239.00,3290.00,3263.50,12.52,89.44,18.03,873.98
2026-08-31T15:11:49,4.13,25631,3263.00,3297.00,3279.50,15.27,81.13,20.00,874.23
2026-08-31T15:28:27,4.13,25631,3160.00,3423.00,3221.50,14.33,84.38,20.09,874.30
2026-08-31T15:45:05,4.12,25631,3191.00,3310.00,3271.00,15.33,82.22,20.09,874.43
2026-08-31T16:01:43,4.13,25631,3222.00,3247.00,3240.50,16.01,78.86,21.03,874.22
2026-08-31T16:18:21,4.12,25631,3190.00,3296.00,3224.00,11.68,93.27,17.12,874.50
2026-08-31T16:34:59,4.12,25631,3146.00,3280.00,3228.50,11.86,92.03,15.76,874.54
2026-08-31T16:51:37,4.12,25631,3177.00,3228.00,3209.50,12.58,90.61,15.30,874.71
2026-08-31T17:08:15,4.13,25631,3209.00,3232.00,3221.00,12.95,89.13,16.86,874.73
2026-08-31T17:24:53,3.89,25631,3197.00,3335.00,3282.50,11.96,91.92,15.23,874.72
2026-08-31T17:41:31,4.00,25631,3156.00,3196.00,3185.50,11.36,94.35,13.62,874.83
2026-08-31T17:58:10,4.12,25631,3169.00,3207.00,3184.50,11.83,93.22,13.69,875.03
2026-08-31T18:14:48,4.01,25631,3170.00,3206.00,3190.50,12.34,89.66,13.98,875.08
2026-08-31T18:31:26,3.90,25631,3155.00,3209.00,3176.50,11.18,94.11,13.32,875.14
2026-08-31T18:48:04,3.90,25631,3153.00,3189.00,3169.50,10.96,95.08,12.37,875.21
2026-08-31T19:04:42,3.89,25631,3154.00,3202.00,3175.00,10.59,91.99,11.56,875.36
2026-08-31T19:21:20,3.89,25631,3207.00,3226.00,3216.50,10.22,93.94,10.78,875.56
2026-08-31T19:37:57,3.89,25631,3208.00,3220.00,3217.50,10.25,93.10,10.19,875.71
2026-08-31T19:54:35,3.89,25631,3209.00,3226.00,3218.00,10.02,94.30,9.81,875.93
2026-08-31T20:11:13,3.89,25631,3212.00,3225.00,3216.50,9.55,95.53,9.37,876.24
2026-08-31T20:27:50,3.89,25631,3213.00,3224.00,3214.00,9.34,96.33,9.18,876.39
2026-08-31T20:44:28,3.89,25631,3212.00,3227.00,3218.50,9.70,96.38,9.24,876.49
2026-08-31T21:01:05,3.89,25631,3215.00,3229.00,3222.50,9.63,95.81,9.16,876.45
2026-08-31T21:17:43,3.89,25631,3220.00,3230.00,3224.00,9.86,93.68,9.13,876.48
2026-08-31T21:34:21,3.88,25631,3224.00,3234.00,3227.50,10.17,90.01,9.03,876.56
2026-08-31T21:50:58,3.89,25631,3213.00,3309.00,3234.50,10.31,88.23,9.03,876.55
2026-08-31T22:07:36,3.88,25631,3223.00,3248.00,3237.50,10.11,88.47,8.99,876.67
2026-08-31T22:24:14,3.89,25631,3227.00,3374.00,3370.50,10.17,87.46,9.00,876.74
2026-08-31T22:40:51,3.89,25631,3217.00,3367.00,3353.50,9.83,87.39,8.94,876.71
2026-08-31T22:57:29,3.89,25631,3228.00,3359.00,3254.00,10.28,85.28,8.97,876.78
2026-08-31T23:14:07,3.89,25631,3222.00,3361.00,3276.00,9.91,85.78,8.91,876.91
2026-08-31T23:30:44,3.89,25631,3209.00,3373.00,3332.00,9.74,87.25,8.77,877.12
2026-08-31T23:47:22,3.88,25631,3227.00,3251.00,3231.00,10.28,84.71,8.97,877.31
2026-09-01T00:04:00,3.89,25631,3222.00,3335.00,3230.50,10.55,82.96,9.27,877.46
2026-09-01T00:20:37,3.88,25631,3207.00,3366.00,3242.50,10.02,85.47,9.10,877.50
2026-09-01T00:37:15,3.89,25631,3212.00,3235.00,3221.50,10.07,85.04,8.94,877.51
2026-09-01T00:53:53,3.89,25631,3222.00,3238.00,3231.50,10.11,84.61,8.97,877.55
2026-09-01T01:10:30,3.88,25631,3218.00,3225.00,3222.00,10.07,84.71,9.04,877.49
2026-09-01T01:27:08,3.88,25631,3210.00,3232.00,3224.50,9.90,85.98,8.93,877.41
2026-09-01T01:43:46,3.89,25631,3217.00,3237.00,3226.50,10.05,85.59,8.93,877.51
2026-09-01T02:00:23,3.88,25631,3221.00,3236.00,3227.00,10.24,85.17,9.09,877.52
2026-09-01T02:17:01,3.88,25631,3215.00,3236.00,3224.50,9.98,85.79,9.01,877.62
2026-09-01T02:33:39,3.89,25631,3215.00,3226.00,3220.00,9.98,86.16,8.91,877.75
2026-09-01T02:50:16,3.88,25631,3216.00,3233.00,3221.50,10.31,84.80,9.06,877.77
2026-09-01T03:06:54,3.88,25631,3183.00,3222.00,3218.50,9.80,86.16,8.80,877.99
2026-09-01T03:23:32,3.88,25631,3208.00,3224.00,3220.00,10.41,83.94,9.12,878.12
2026-09-01T03:40:09,3.88,25631,3217.00,3228.00,3220.50,10.49,83.30,9.43,878.10
2026-09-01T03:56:47,3.88,25631,3215.00,3233.00,3227.50,10.42,84.32,9.40,878.14
2026-09-01T04:13:24,3.88,25631,3194.00,3232.00,3224.00,10.17,84.72,9.12,878.28
2026-09-01T04:30:02,3.88,25631,3178.00,3334.00,3232.50,10.08,85.06,9.02,878.36
2026-09-01T04:46:40,3.88,25631,3153.00,3331.00,3319.00,10.12,84.67,8.92,878.36
2026-09-01T05:03:17,3.88,25631,3215.00,3328.00,3230.50,10.20,83.93,8.86,878.56
2026-09-01T05:19:55,3.88,25631,3228.00,3245.00,3239.00,10.25,83.88,9.06,878.63
2026-09-01T05:36:33,3.88,25631,3234.00,3246.00,3240.00,10.27,84.24,9.12,878.82
2026-09-01T05:53:10,3.88,25631,3232.00,3246.00,3239.00,10.60,82.60,9.23,878.89
2026-09-01T06:09:48,3.87,25631,3233.00,3243.00,3236.00,10.38,83.83,9.21,879.00
2026-09-01T06:26:26,3.88,25631,3233.00,3246.00,3237.50,10.18,84.58,9.16,879.16
2026-09-01T06:43:04,3.89,25631,3087.00,3255.00,3243.50,10.62,82.78,9.52,879.32
2026-09-01T06:59:42,4.00,25631,3236.00,3255.00,3244.50,11.35,80.46,10.32,879.42
2026-09-01T07:16:20,4.11,25631,3238.00,3251.00,3245.50,11.54,79.56,10.96,879.50
2026-09-01T07:32:58,4.12,25631,3243.00,3255.00,3250.00,11.96,78.84,11.61,879.65
2026-09-01T07:49:37,4.12,25631,3239.00,3269.00,3251.50,12.40,78.64,14.23,880.19
2026-09-01T08:06:15,4.12,25631,3230.00,3247.00,3239.50,13.21,74.24,18.97,879.85
2026-09-01T08:22:53,4.12,25631,3228.00,3272.00,3253.50,13.67,72.16,20.88,879.89
2026-09-01T08:39:30,4.12,25631,3300.00,3349.00,3333.50,13.68,73.02,21.93,879.98
2026-09-01T08:56:08,4.13,25631,3267.00,3362.00,3279.50,14.05,71.08,23.31,879.97
2026-09-01T09:12:46,4.13,25631,3098.00,3271.00,3261.50,14.38,73.88,24.22,880.10
2026-09-01T09:29:24,4.13,25631,3253.00,3277.00,3266.00,14.78,72.79,25.24,879.96
2026-09-01T09:46:02,4.13,25631,3140.00,3371.00,3189.00,14.72,70.69,24.62,880.00
2026-09-01T10:02:40,4.13,25631,3205.00,3311.00,3266.00,14.64,70.21,24.36,880.06
2026-09-01T10:19:17,4.13,25631,3122.00,3269.00,3207.00,14.54,74.62,23.62,880.24
2026-09-01T10:35:55,4.12,25631,3097.00,3156.00,3121.00,15.67,71.55,23.63,880.33
2026-09-01T10:52:33,4.13,25631,3121.00,3324.00,3170.50,15.49,74.44,23.45,880.30
2026-09-01T11:09:11,4.14,25631,3259.00,3739.00,3268.00,14.68,76.47,20.43,880.43
2026-09-01T11:25:49,4.12,25631,3255.00,3277.00,3265.50,15.37,76.26,19.56,880.74
2026-09-01T11:42:27,4.12,25631,3260.00,3436.00,3310.00,15.92,67.67,20.67,880.85
2026-09-01T11:59:05,4.12,25631,3127.00,3451.00,3309.00,16.34,76.20,20.58,880.82
2026-09-01T12:15:43,4.13,25631,3126.00,3354.00,3258.50,16.01,77.26,19.65,881.00
2026-09-01T12:32:21,4.12,25631,3278.00,3478.00,3336.50,15.58,77.29,18.83,881.52
2026-09-01T12:48:59,4.12,25631,3092.00,3127.00,3101.00,14.34,80.05,17.57,881.69
2026-09-01T13:05:37,4.13,25631,3107.00,3362.00,3286.50,18.63,67.56,19.95,882.04
2026-09-01T13:22:15,4.12,25631,3088.00,3263.00,3237.50,16.88,72.37,21.03,881.72
2026-09-01T13:38:52,4.12,25631,3100.00,3254.00,3111.00,15.63,78.78,18.60,881.61
2026-09-01T13:55:30,4.12,25631,3102.00,3388.00,3206.50,16.89,72.38,19.26,882.01
2026-09-01T14:12:08,4.13,25631,3092.00,3249.00,3112.00,17.53,66.71,20.62,881.69
2026-09-01T14:28:46,4.13,25631,3109.00,3269.00,3221.50,17.71,62.25,21.14,881.93
2026-09-01T14:45:24,4.13,25631,3065.00,3234.00,3091.00,16.77,62.76,20.00,882.15
2026-09-01T15:02:02,4.12,25631,3226.00,3415.00,3248.00,16.39,71.62,18.52,882.02
2026-09-01T15:18:40,4.13,25631,3111.00,3351.00,3235.50,18.80,63.28,20.92,882.25
2026-09-01T15:35:18,4.13,25631,3104.00,3273.00,3177.50,18.12,63.74,21.31,882.23
2026-09-01T15:51:56,4.14,25631,3129.00,3384.00,3259.00,20.56,59.43,22.43,882.31
2026-09-01T16:08:34,4.13,25631,3095.00,3357.00,3117.50,19.79,60.99,22.70,882.32
2026-09-01T16:25:11,4.14,25631,3096.00,3289.00,3133.50,20.89,56.75,22.98,882.39
2026-09-01T16:41:49,4.14,25631,3108.00,3296.00,3134.50,20.79,58.31,23.26,882.48
2026-09-01T16:58:27,4.14,25631,3081.00,3286.00,3140.50,20.73,59.28,22.62,882.49
2026-09-01T17:15:05,4.13,25631,3086.00,3217.00,3110.00,17.25,69.75,20.03,882.57
2026-09-01T17:31:43,4.12,25631,3074.00,3216.00,3120.50,17.00,64.83,18.76,882.83
2026-09-01T17:48:21,4.13,25631,3091.00,3234.00,3126.50,16.95,58.53,18.51,882.84
2026-09-01T18:04:59,4.02,25631,3084.00,3240.00,3125.00,17.69,57.46,18.86,883.11
2026-09-01T18:21:37,4.01,25631,3136.00,3254.00,3224.50,18.64,56.12,19.16,883.05
2026-09-01T18:38:15,3.91,25631,3124.00,3241.00,3231.50,17.83,61.48,18.42,882.96
2026-09-01T18:54:53,3.90,25631,3090.00,3225.00,3109.50,15.63,63.43,16.47,883.21
2026-09-01T19:11:30,3.90,25631,3063.00,3103.00,3082.50,14.14,69.00,14.86,883.41
2026-09-01T19:28:08,3.89,25631,3074.00,3221.00,3088.00,14.23,69.22,14.04,883.63
2026-09-01T19:44:45,3.89,25631,3024.00,3092.00,3073.50,14.34,68.28,13.61,883.82
2026-09-01T20:01:23,3.89,25631,3068.00,3091.00,3086.50,13.94,70.53,13.24,883.99
2026-09-01T20:18:01,3.90,25631,3038.00,3082.00,3071.50,13.65,71.97,13.02,884.13
2026-09-01T20:34:38,3.89,25631,3064.00,3091.00,3084.50,13.68,72.42,12.94,884.31
2026-09-01T20:51:16,3.89,25631,3071.00,3084.00,3078.00,13.53,72.37,12.78,884.44
2026-09-01T21:07:53,3.89,25631,3075.00,3081.00,3077.50,13.31,70.80,12.58,884.56
2026-09-01T21:24:31,3.89,25631,3032.00,3186.00,3077.00,14.05,68.00,12.76,884.61
2026-09-01T21:41:08,3.89,25631,3070.00,3093.00,3083.00,14.16,67.91,12.96,884.63
2026-09-01T21:57:46,3.89,25631,3069.00,3090.00,3081.50,14.14,67.07,13.08,884.74
2026-09-01T22:14:23,3.89,25631,3069.00,3089.00,3081.50,14.05,66.80,12.95,884.86
2026-09-01T22:31:01,3.89,25631,3070.00,3091.00,3083.00,13.62,69.18,12.95,884.91
2026-09-01T22:47:39,3.89,25631,3071.00,3091.00,3081.00,13.41,69.75,12.76,884.96
2026-09-01T23:04:16,3.89,25631,3071.00,3085.00,3081.00,13.41,69.62,12.64,885.10
2026-09-01T23:20:54,3.89,25631,3056.00,3085.00,3074.50,13.23,68.89,12.49,885.22
2026-09-01T23:37:31,3.89,25631,3067.00,3082.00,3079.50,13.20,69.70,12.42,885.19
2026-09-01T23:54:09,3.89,25631,3048.00,3085.00,3079.50,12.59,71.00,12.07,885.17
2026-09-02T00:10:46,3.89,25631,3064.00,3085.00,3079.00,12.37,70.94,11.77,885.21
2026-09-02T00:27:24,3.89,25631,3057.00,3080.00,3074.50,12.34,70.46,11.49,885.33
2026-09-02T00:44:02,3.89,25631,3065.00,3088.00,3077.50,12.48,69.35,11.35,885.51
2026-09-02T01:00:39,3.87,25631,3068.00,3086.00,3075.50,12.75,67.81,11.46,885.54
2026-09-02T01:17:17,3.89,25631,3067.00,3087.00,3077.50,12.46,69.25,11.45,885.63
2026-09-02T01:33:55,3.88,25631,3069.00,3099.00,3074.50,12.37,69.12,11.40,885.72
2026-09-02T01:50:32,3.89,25631,3064.00,3084.00,3074.50,12.23,69.41,11.34,885.80
2026-09-02T02:07:10,3.88,25631,3069.00,3276.00,3078.00,12.28,68.90,11.29,885.87
2026-09-02T02:23:47,3.88,25631,3066.00,3085.00,3074.50,12.34,68.56,11.41,885.83
2026-09-02T02:40:25,3.88,25631,3065.00,3081.00,3075.00,12.04,69.64,11.15,885.89
2026-09-02T02:57:03,3.89,25631,3060.00,3077.00,3069.50,12.17,69.69,11.17,886.00
2026-09-02T03:13:40,3.88,25631,3064.00,3078.00,3069.50,12.14,69.51,11.28,885.97
2026-09-02T03:30:18,3.88,25631,3068.00,3084.00,3076.00,12.49,68.17,11.44,886.17
2026-09-02T03:46:55,3.88,25631,3057.00,3086.00,3074.50,11.97,69.68,11.29,886.28
2026-09-02T04:03:33,3.88,25631,3062.00,3088.00,3075.00,11.93,69.78,11.11,886.55
2026-09-02T04:20:11,3.88,25631,3056.00,3077.00,3068.00,11.73,70.35,10.93,886.65
2026-09-02T04:36:48,3.88,25631,3062.00,3086.00,3072.00,11.46,70.84,10.70,886.72
2026-09-02T04:53:26,3.88,25631,3056.00,3083.00,3067.50,11.61,70.61,10.76,886.88
2026-09-02T05:10:04,3.89,25631,3052.00,3081.00,3062.00,11.39,71.13,10.60,887.02
2026-09-02T05:26:41,3.88,25631,3059.00,3086.00,3069.00,11.20,71.69,10.46,887.18
2026-09-02T05:43:19,3.88,25631,3053.00,3081.00,3068.00,11.23,71.78,10.39,887.31
2026-09-02T05:59:57,3.88,25631,3061.00,3090.00,3073.50,11.32,71.01,10.45,887.44
2026-09-02T06:16:34,3.89,25631,3065.00,3084.00,3074.50,11.15,71.77,10.46,887.62
2026-09-02T06:33:12,3.90,25631,3061.00,3081.00,3069.00,11.11,72.38,10.55,887.81
2026-09-02T06:49:50,4.12,25631,3064.00,3091.00,3070.50,11.17,72.10,10.87,887.86
2026-09-02T07:06:29,4.12,25631,3059.00,3090.00,3079.50,11.54,71.44,11.28,888.05
2026-09-02T07:23:07,4.12,25631,3074.00,3091.00,3080.00,11.93,69.68,11.88,888.10
2026-09-02T07:39:45,4.12,25631,3062.00,3092.00,3075.50,12.08,69.08,12.49,888.02
2026-09-02T07:56:23,4.12,25631,3074.00,3090.00,3084.00,12.76,67.43,15.13,888.18
2026-09-02T08:13:02,4.12,25631,3081.00,3272.00,3107.00,13.10,65.53,16.44,888.22
2026-09-02T08:29:40,4.12,25631,3090.00,3295.00,3112.00,13.47,64.49,19.22,888.40
2026-09-02T08:46:18,4.12,25631,3103.00,3300.00,3126.00,13.61,64.06,20.58,888.34
2026-09-02T09:02:55,4.12,25631,3110.00,3293.00,3124.50,13.75,64.48,20.97,888.49
2026-09-02T09:19:33,4.13,25631,3095.00,3253.00,3125.00,14.36,63.17,22.88,888.39
2026-09-02T09:36:11,4.13,25631,3107.00,3302.00,3246.00,14.13,63.68,20.81,888.50
2026-09-02T09:52:49,4.12,25631,3084.00,3264.00,3138.50,15.25,60.65,23.67,888.72
2026-09-02T10:09:27,4.13,25631,3123.00,3329.00,3277.00,15.42,58.97,23.92,888.44
2026-09-02T10:26:05,4.13,25631,3097.00,3264.00,3247.00,15.33,60.78,22.37,888.88
2026-09-02T10:42:43,4.13,25631,3135.00,3299.00,3262.00,15.10,62.21,22.88,888.93
2026-09-02T10:59:21,4.13,25631,3139.00,3285.00,3270.50,15.70,61.02,22.72,888.98
2026-09-02T11:15:59,4.13,25631,3231.00,3744.00,3275.00,16.15,59.95,21.53,888.93
2026-09-02T11:32:37,4.13,25631,3139.00,3332.00,3288.00,16.71,58.67,21.72,889.05
2026-09-02T11:49:15,4.13,25631,3253.00,3318.00,3281.50,15.91,59.36,20.70,888.95
2026-09-02T12:05:52,4.13,25631,3230.00,3308.00,3272.50,17.39,55.81,21.42,889.04
2026-09-02T12:22:30,4.13,25631,3104.00,3312.00,3270.00,17.49,58.28,21.36,889.07
2026-09-02T12:39:08,4.13,25631,3246.00,3273.00,3253.50,17.40,53.76,21.88,888.81
2026-09-02T12:55:46,4.13,25631,3229.00,3289.00,3255.00,18.52,52.99,22.00,888.95
2026-09-02T13:12:24,4.14,25631,3125.00,3310.00,3253.00,18.94,51.23,22.71,889.00
2026-09-02T13:29:02,4.14,25631,3146.00,3328.00,3240.00,18.93,48.61,22.68,888.75
2026-09-02T13:45:39,4.14,25631,3253.00,3302.00,3283.50,19.41,48.32,22.35,888.95
2026-09-02T14:02:17,4.13,25631,3234.00,3313.00,3290.50,18.11,50.39,22.06,888.69
2026-09-02T14:18:55,4.13,25631,3194.00,3350.00,3273.00,18.91,47.57,22.23,888.63
2026-09-02T14:35:33,4.13,25631,3233.00,3334.00,3249.00,18.73,48.59,22.11,888.73
2026-09-02T14:52:11,4.13,25631,3187.00,3238.00,3213.00,19.82,48.79,22.62,888.67
2026-09-02T15:08:49,4.14,25631,3093.00,3321.00,3240.50,19.70,44.63,23.01,888.54
2026-09-02T15:25:26,4.13,25631,3218.00,3270.00,3242.00,19.89,44.92,21.93,888.56
2026-09-02T15:42:04,4.13,25631,3257.00,3345.00,3298.00,20.07,44.74,22.35,888.50
2026-09-02T15:58:42,4.13,25631,3176.00,3300.00,3256.00,20.82,43.49,22.38,888.56
2026-09-02T16:15:20,4.13,25631,3214.00,3325.00,3233.50,20.86,44.51,22.44,888.56
2026-09-02T16:31:58,4.14,25631,3290.00,3299.00,3295.50,20.32,42.70,22.50,888.45
2026-09-02T16:48:36,4.13,25631,3230.00,3338.00,3300.00,20.59,43.60,22.16,888.49
2026-09-02T17:05:13,4.14,25631,3208.00,3306.00,3270.50,20.16,43.04,21.71,888.34
2026-09-02T17:21:51,4.13,25631,3111.00,3301.00,3122.00,20.24,42.81,21.78,888.41
2026-09-02T17:38:29,4.13,25631,3137.00,3308.00,3295.50,19.72,45.17,21.28,888.43
2026-09-02T17:55:07,3.90,25631,3279.00,3308.00,3301.00,19.15,48.00,20.18,888.40
2026-09-02T18:11:45,4.02,25631,3206.00,3239.00,3219.50,19.54,46.43,19.87,888.42
2026-09-02T18:28:23,3.91,25631,3211.00,3226.00,3219.50,17.29,48.94,18.48,888.33
2026-09-02T18:45:00,3.91,25631,3187.00,3212.00,3210.00,16.23,52.63,16.98,888.41
2026-09-02T19:01:38,3.90,25631,3082.00,3304.00,3187.00,14.79,57.27,15.47,888.56
2026-09-02T19:18:16,3.90,25631,3078.00,3280.00,3165.00,14.36,57.88,14.47,888.67
2026-09-02T19:34:53,3.90,25631,3080.00,3286.00,3088.50,14.40,57.76,13.89,888.80
2026-09-02T19:51:31,3.89,25631,3050.00,3199.00,3092.50,13.92,59.12,13.41,888.84
2026-09-02T20:08:08,3.89,25631,3063.00,3274.00,3139.00,13.64,59.84,13.01,888.93
2026-09-02T20:24:46,3.89,25631,3117.00,3276.00,3193.50,13.61,60.21,12.81,889.04
2026-09-02T20:41:23,3.89,25631,3049.00,3273.00,3159.50,13.82,59.60,12.81,889.06
2026-09-02T20:58:01,3.89,25631,3064.00,3080.00,3073.00,13.86,59.46,12.73,889.04
2026-09-02T21:14:38,3.89,25631,3072.00,3274.00,3085.00,13.54,60.65,12.56,889.05
2026-09-02T21:31:16,3.89,25631,3069.00,3282.00,3081.50,13.64,61.04,12.56,889.09
2026-09-02T21:47:53,3.89,25631,3066.00,3284.00,3079.00,13.43,61.74,12.41,889.14
2026-09-02T22:04:31,3.89,25631,3064.00,3279.00,3143.00,13.67,60.19,12.34,889.25
2026-09-02T22:21:09,3.89,25631,3065.00,3282.00,3118.50,13.64,59.49,12.31,889.42
2026-09-02T22:37:46,3.87,25631,3069.00,3280.00,3079.00,13.76,58.99,12.39,889.49
2026-09-02T22:54:24,3.89,25631,3094.00,3280.00,3162.00,13.79,58.81,12.37,889.54
2026-09-02T23:11:01,3.89,25631,3065.00,3274.00,3086.00,13.82,58.44,12.44,889.51
2026-09-02T23:27:39,3.89,25631,3088.00,3285.00,3225.50,13.74,58.88,12.51,889.57
2026-09-02T23:44:16,3.89,25631,3064.00,3273.00,3128.00,13.71,58.81,12.51,889.60
2026-09-03T00:00:54,3.89,25631,3112.00,3290.00,3268.00,13.54,59.39,12.53,889.55
2026-09-03T00:17:31,3.89,25631,3080.00,3277.00,3169.50,13.46,59.68,12.48,889.53
2026-09-03T00:34:09,3.89,25631,3061.00,3172.00,3148.50,13.58,59.22,12.51,889.58
2026-09-03T00:50:46,3.89,25631,3081.00,3279.00,3166.00,13.53,59.47,12.42,889.60
2026-09-03T01:07:24,3.89,25631,3070.00,3281.00,3137.50,13.58,59.24,12.44,889.63
2026-09-03T01:24:01,3.89,25631,3075.00,3275.00,3165.50,13.54,59.25,12.37,889.59
2026-09-03T01:40:39,3.89,25631,3115.00,3279.00,3179.50,13.57,59.45,12.41,889.64
2026-09-03T01:57:17,3.89,25631,3075.00,3287.00,3185.50,13.00,61.38,12.25,889.57
2026-09-03T02:13:54,3.89,25631,3070.00,3286.00,3156.50,13.00,61.51,12.07,889.61
2026-09-03T02:30:32,3.89,25631,3075.00,3293.00,3153.00,12.96,61.71,12.01,889.57
2026-09-03T02:47:09,3.89,25631,3063.00,3283.00,3154.50,13.24,60.60,11.94,889.60
2026-09-03T03:03:47,3.89,25631,3065.00,3290.00,3153.00,13.46,59.63,12.04,889.57
2026-09-03T03:20:24,3.89,25631,3058.00,3098.00,3070.00,13.00,61.09,11.96,889.41
2026-09-03T03:37:02,3.89,25631,3036.00,3080.00,3067.00,12.68,61.63,11.58,889.42
2026-09-03T03:53:39,3.89,25631,3064.00,3168.00,3073.50,12.58,62.03,11.53,889.38
2026-09-03T04:10:17,3.89,25631,3054.00,3081.00,3071.00,12.21,63.15,11.30,889.23
2026-09-03T04:26:55,3.89,25631,3057.00,3251.00,3069.00,12.76,61.36,11.27,889.34
2026-09-03T04:43:32,3.89,25631,3058.00,3080.00,3068.00,12.44,61.80,11.20,889.32
2026-09-03T05:00:10,3.89,25631,3053.00,3076.00,3064.00,12.28,62.42,11.18,889.36
2026-09-03T05:16:47,3.89,25631,3060.00,3150.00,3073.50,12.28,62.66,11.05,889.38
2026-09-03T05:33:25,3.88,25631,3061.00,3080.00,3068.00,11.94,63.42,10.91,889.39
2026-09-03T05:50:03,3.89,25631,3056.00,3264.00,3064.50,12.41,61.67,10.88,889.44
2026-09-03T06:06:40,3.89,25631,3061.00,3085.00,3072.50,12.41,61.43,11.04,889.43
2026-09-03T06:23:18,3.89,25631,3060.00,3264.00,3068.00,12.45,61.48,11.12,889.44
2026-09-03T06:39:56,3.89,25631,3065.00,3081.00,3072.50,12.33,61.86,11.23,889.49
2026-09-03T06:56:34,3.89,25631,3060.00,3090.00,3074.00,12.28,62.09,11.38,889.58
2026-09-03T07:13:12,3.90,25631,3077.00,3277.00,3090.50,12.59,62.39,11.53,889.61
2026-09-03T07:29:50,3.91,25631,3061.00,3095.00,3081.50,12.99,60.37,11.76,889.71
2026-09-03T07:46:28,4.12,25631,3065.00,3273.00,3088.50,13.38,58.54,13.33,889.96
2026-09-03T08:03:06,4.13,25631,3087.00,3287.00,3169.00,15.32,58.86,19.53,889.69
2026-09-03T08:19:44,4.13,25631,3160.00,3325.00,3311.50,15.33,60.59,21.21,889.73
2026-09-03T08:36:22,4.12,25631,3146.00,3330.00,3316.50,16.16,57.34,23.91,889.77
2026-09-03T08:53:00,4.14,25631,3261.00,3351.00,3318.00,17.60,54.86,26.50,889.57
2026-09-03T09:09:37,4.14,25631,3202.00,3330.00,3236.50,18.66,54.83,28.16,889.48
2026-09-03T09:26:15,4.14,25631,3228.00,3268.00,3244.50,18.73,52.94,29.07,889.36
2026-09-03T09:42:53,4.13,25631,3237.00,3367.00,3273.50,18.34,58.29,29.26,889.33
2026-09-03T09:59:30,4.14,25631,3237.00,3394.00,3310.00,18.08,60.06,29.06,889.33
2026-09-03T10:16:08,4.14,25631,3153.00,3620.00,3270.50,18.59,57.86,27.79,889.31
2026-09-03T10:32:46,4.13,25631,3152.00,3408.00,3311.50,18.89,56.08,27.06,889.22
2026-09-03T10:49:24,4.14,25631,3202.00,3411.00,3287.50,17.16,60.78,26.68,889.27
2026-09-03T11:06:01,4.13,25631,3204.00,3407.00,3285.00,17.21,61.16,24.26,889.17
2026-09-03T11:22:39,4.14,25631,3151.00,3375.00,3262.50,17.26,61.48,23.17,889.18
2026-09-03T11:39:17,4.13,25631,3160.00,3330.00,3277.00,17.21,58.69,22.70,889.16
2026-09-03T11:55:55,4.13,25631,3138.00,3388.00,3285.50,17.33,60.58,22.54,889.18
2026-09-03T12:12:33,4.13,25631,3237.00,3392.00,3296.50,19.27,58.00,22.86,889.13
2026-09-03T12:29:10,4.13,25631,3140.00,3613.00,3230.00,19.94,54.74,23.20,888.95
2026-09-03T12:45:48,4.13,25631,3251.00,3409.00,3320.00,19.41,54.75,23.21,889.00
2026-09-03T13:02:26,4.14,25631,3243.00,3359.00,3295.50,20.23,51.87,23.35,888.98
2026-09-03T13:19:04,4.13,25631,3185.00,3403.00,3272.00,21.26,45.85,23.60,889.05
2026-09-03T13:35:41,4.14,25631,3188.00,3332.00,3310.50,21.47,45.61,23.88,888.98
2026-09-03T13:52:19,4.14,25631,3136.00,3401.00,3265.50,21.38,46.30,24.07,888.76
2026-09-03T14:08:57,3.95,25631,3135.00,3303.00,3289.00,21.28,46.41,23.98,888.72
2026-09-03T14:25:35,4.13,25631,3170.00,3281.00,3212.50,21.69,43.76,24.26,888.68
2026-09-03T14:42:13,4.07,25631,3248.00,3278.00,3259.50,21.26,47.01,24.14,888.56
2026-09-03T14:58:50,4.08,25631,3084.00,3293.00,3227.50,21.00,45.66,23.71,888.52
2026-09-03T15:15:28,4.07,25631,3217.00,3282.00,3251.00,20.44,45.77,23.52,888.44
2026-09-03T15:32:06,4.06,25631,3123.00,3287.00,3272.50,20.68,42.27,23.36,888.28
2026-09-03T15:48:44,4.09,25631,3275.00,3298.00,3283.50,21.13,42.07,23.27,888.25
2026-09-03T16:05:21,4.08,25631,3254.00,3284.00,3277.00,20.88,42.43,23.08,888.16
2026-09-03T16:21:59,4.10,25631,3276.00,3287.00,3279.50,19.85,44.72,22.85,887.92
2026-09-03T16:38:37,4.11,25631,3266.00,3315.00,3292.00,20.51,41.78,22.72,887.89
2026-09-03T16:55:15,4.10,25631,3311.00,3322.00,3316.50,21.11,40.46,22.70,887.94
2026-09-03T17:11:53,4.10,25631,3305.00,3327.00,3310.50,21.07,41.14,22.64,887.84
2026-09-03T17:28:30,4.12,25631,3131.00,3312.00,3194.00,22.74,39.42,22.55,888.01
2026-09-03T17:45:08,4.12,25631,3306.00,3333.00,3317.50,21.99,41.87,22.31,887.81
2026-09-03T18:01:46,4.13,25631,3233.00,3322.00,3318.50,20.90,41.54,21.85,887.81
2026-09-03T18:18:24,4.02,25631,3182.00,3307.00,3290.50,19.94,43.99,21.12,887.75
2026-09-03T18:35:02,3.91,25631,3180.00,3228.00,3196.50,19.34,46.76,20.39,887.73
2026-09-03T18:51:40,3.91,25631,3176.00,3207.00,3190.50,16.83,51.20,18.30,887.61
2026-09-03T19:08:17,3.90,25631,3164.00,3192.00,3181.50,15.98,52.82,16.56,887.74
2026-09-03T19:24:55,3.90,25631,3180.00,3200.00,3194.00,15.73,53.51,15.60,887.81
2026-09-03T19:41:32,3.90,25631,3182.00,3197.00,3193.00,15.37,54.48,15.01,887.97
2026-09-03T19:58:10,3.87,25631,3188.00,3206.00,3194.50,15.42,54.14,14.62,888.01
2026-09-03T20:14:47,3.89,25631,3086.00,3315.00,3195.50,15.90,52.81,14.66,888.02
2026-09-03T20:31:24,3.89,25631,3171.00,3195.00,3190.00,15.55,53.76,14.49,888.05
2026-09-03T20:48:02,3.89,25631,3144.00,3198.00,3190.00,15.39,55.43,14.33,888.03
2026-09-03T21:04:39,3.89,25631,3082.00,3205.00,3189.00,14.54,57.71,13.88,888.01
2026-09-03T21:21:17,3.89,25631,3187.00,3197.00,3189.50,14.52,57.91,13.64,887.99
2026-09-03T21:37:54,3.89,25631,3090.00,3197.00,3178.50,14.67,59.98,13.48,888.08
2026-09-03T21:54:32,3.89,25631,3081.00,3201.00,3190.00,14.14,61.40,13.34,888.08
2026-09-03T22:11:10,3.89,25631,3082.00,3213.00,3192.50,14.19,61.75,13.23,888.16
2026-09-03T22:27:47,3.87,25631,3181.00,3197.00,3192.50,14.03,62.42,13.13,888.15
2026-09-03T22:44:25,3.89,25631,3106.00,3205.00,3192.50,13.89,62.97,12.95,888.13
2026-09-03T23:01:02,3.89,25631,3098.00,3207.00,3121.50,13.83,64.83,12.84,888.05
2026-09-03T23:17:40,3.89,25631,3099.00,3282.00,3132.00,13.55,65.82,12.62,888.02
2026-09-03T23:34:17,3.89,25631,3101.00,3286.00,3196.00,13.40,66.39,12.44,887.88
2026-09-03T23:50:55,3.89,25631,3066.00,3292.00,3194.50,13.21,67.65,12.23,887.90
2026-09-04T00:07:32,3.89,25631,3181.00,3206.00,3196.00,13.00,68.61,12.08,887.87
2026-09-04T00:24:10,3.89,25631,3093.00,3273.00,3185.50,13.06,68.79,12.03,887.84
2026-09-04T00:40:48,3.89,25631,3137.00,3283.00,3267.50,13.38,67.94,12.18,887.82
2026-09-04T00:57:25,3.89,25631,3078.00,3274.00,3107.50,13.06,68.24,12.16,887.73
2026-09-04T01:14:03,3.89,25631,3107.00,3270.00,3121.00,12.61,69.72,11.76,887.67
2026-09-04T01:30:40,3.89,25631,3100.00,3274.00,3267.50,12.23,71.88,11.37,887.67
2026-09-04T01:47:18,3.89,25631,3257.00,3263.00,3261.50,12.23,71.07,11.36,887.70
2026-09-04T02:03:55,3.89,25631,3101.00,3280.00,3271.00,12.14,71.67,11.24,887.60
2026-09-04T02:20:33,3.89,25631,3056.00,3276.00,3267.50,12.31,72.61,11.23,887.62
2026-09-04T02:37:11,3.89,25631,3255.00,3266.00,3261.50,12.41,71.58,11.32,887.53
2026-09-04T02:53:48,3.89,25631,3264.00,3279.00,3272.00,12.03,73.42,11.18,887.46
2026-09-04T03:10:26,3.88,25631,3087.00,3262.00,3259.00,11.61,74.35,10.95,887.46
2026-09-04T03:27:04,3.89,25631,3087.00,3267.00,3263.50,11.50,75.03,10.88,887.47
2026-09-04T03:43:41,3.89,25631,3258.00,3266.00,3264.00,11.70,73.48,10.92,887.46
2026-09-04T04:00:19,3.88,25631,3095.00,3264.00,3260.00,11.51,74.97,10.81,887.45
2026-09-04T04:16:56,3.89,25631,3247.00,3262.00,3256.50,12.51,70.94,11.12,887.48
2026-09-04T04:33:34,3.89,25631,3091.00,3262.00,3255.50,12.20,72.57,11.21,887.40
2026-09-04T04:50:11,3.88,25631,3101.00,3263.00,3248.00,11.89,73.48,11.02,887.37
2026-09-04T05:06:49,3.89,25631,3090.00,3250.00,3247.00,11.52,75.03,10.69,887.40
2026-09-04T05:23:27,3.88,25631,3094.00,3252.00,3245.50,11.51,74.96,10.50,887.38
2026-09-04T05:40:04,3.88,25631,3232.00,3257.00,3246.00,11.38,75.66,10.41,887.27
2026-09-04T05:56:42,3.89,25631,3068.00,3251.00,3234.50,11.59,75.03,10.47,887.17
2026-09-04T06:13:19,3.88,25631,3240.00,3251.00,3246.00,11.25,76.04,10.44,887.12
2026-09-04T06:29:57,3.89,25631,3086.00,3259.00,3248.50,10.84,77.09,10.35,887.08
2026-09-04T06:46:35,3.89,25631,3058.00,3092.00,3086.00,10.96,77.27,10.54,887.11
2026-09-04T07:03:13,4.00,25631,3090.00,3244.00,3238.00,11.57,76.11,10.93,887.12
2026-09-04T07:19:51,4.12,25631,3107.00,3248.00,3238.50,11.79,76.51,11.53,887.10
2026-09-04T07:36:30,4.12,25631,3098.00,3258.00,3251.00,11.80,76.50,12.21,887.15
2026-09-04T07:53:08,4.12,25631,3114.00,3247.00,3243.50,12.61,77.56,14.40,887.44
2026-09-04T08:09:46,4.12,25631,3107.00,3260.00,3256.50,11.83,77.28,15.06,887.00
2026-09-04T08:26:24,4.12,25631,3086.00,3280.00,3269.50,12.66,77.47,15.87,887.17
2026-09-04T08:43:02,4.12,25631,3288.00,3303.00,3296.50,12.85,77.15,17.58,886.99
2026-09-04T08:59:40,4.12,25631,3304.00,3318.00,3306.50,12.69,80.10,18.28,886.98
2026-09-04T09:16:18,4.13,25631,3153.00,3313.00,3265.00,13.21,77.98,17.68,887.10
2026-09-04T09:32:56,4.13,25631,3226.00,3558.00,3305.00,15.70,65.79,22.76,887.06
2026-09-04T09:49:34,4.13,25631,3187.00,3325.00,3299.50,16.02,68.24,25.30,886.81
2026-09-04T10:06:12,4.13,25631,3310.00,3367.00,3318.00,14.92,69.17,23.90,886.67
2026-09-04T10:22:50,4.13,25631,3254.00,3364.00,3307.50,15.87,64.36,23.38,886.92
2026-09-04T10:39:27,4.13,25631,3206.00,3331.00,3245.00,15.65,66.02,24.34,886.69
2026-09-04T10:56:05,4.13,25631,3189.00,3324.00,3227.50,14.72,66.14,23.29,886.52
2026-09-04T11:12:43,4.13,25631,3216.00,3327.00,3283.50,14.89,72.19,21.36,886.50
2026-09-04T11:29:21,4.13,25631,3127.00,3614.00,3307.00,14.54,73.16,20.74,886.58
2026-09-04T11:45:59,4.12,25631,3214.00,3289.00,3276.50,14.41,73.27,20.15,886.58
2026-09-04T12:02:37,4.13,25631,3214.00,3326.00,3270.50,15.90,67.78,20.97,886.39
2026-09-04T12:19:15,4.13,25631,3159.00,3346.00,3248.00,16.08,65.84,20.42,886.35
2026-09-04T12:35:53,4.13,25631,3241.00,3366.00,3270.50,16.33,65.82,20.74,886.35
2026-09-04T12:52:30,4.13,25631,3210.00,3415.00,3286.50,16.16,66.43,20.36,886.37
2026-09-04T13:09:08,4.13,25631,3182.00,3299.00,3278.50,17.12,63.77,20.57,886.25
2026-09-04T13:25:46,4.13,25631,3208.00,3348.00,3296.50,18.01,64.95,20.97,886.27
2026-09-04T13:42:24,4.14,25631,3195.00,3339.00,3272.00,17.98,63.74,21.06,886.21
2026-09-04T13:59:02,4.14,25631,3204.00,3331.00,3267.50,18.09,65.04,21.11,886.17
2026-09-04T14:15:40,4.13,25631,3166.00,3284.00,3202.50,17.29,65.85,21.10,886.07
2026-09-04T14:32:18,4.13,25631,3232.00,3332.00,3274.00,16.45,68.97,20.68,885.93
2026-09-04T14:48:56,4.13,25631,3191.00,3262.00,3242.50,16.84,65.56,20.60,885.93
2026-09-04T15:05:33,4.13,25631,3159.00,3252.00,3196.00,18.34,62.24,20.92,886.06
2026-09-04T15:22:11,4.14,25631,3196.00,3315.00,3234.50,19.07,63.38,21.15,885.97
2026-09-04T15:38:49,4.14,25631,3120.00,3346.00,3247.00,19.67,58.79,21.38,885.95
2026-09-04T15:55:27,4.14,25631,3186.00,3300.00,3268.50,19.93,55.84,21.44,885.85
2026-09-04T16:12:05,4.14,25631,3162.00,3314.00,3295.00,18.76,62.94,21.23,885.85
2026-09-04T16:28:43,4.13,25631,3161.00,3299.00,3241.50,17.46,68.70,20.70,885.94
2026-09-04T16:45:21,4.13,25631,3181.00,3355.00,3283.50,16.53,68.20,20.03,885.85
2026-09-04T17:01:59,4.13,25631,3267.00,3321.00,3290.50,16.30,68.97,19.43,885.80
2026-09-04T17:18:36,4.13,25631,3236.00,3320.00,3301.50,17.94,64.74,19.34,885.77
2026-09-04T17:35:14,4.13,25631,3183.00,3316.00,3254.50,16.87,66.40,18.89,885.75
2026-09-04T17:51:52,4.02,25631,3247.00,3385.00,3268.50,18.67,62.56,18.84,885.90
2026-09-04T18:08:30,4.02,25631,3241.00,3314.00,3296.00,18.31,65.59,18.68,885.88
2026-09-04T18:25:08,3.91,25631,3199.00,3362.00,3283.50,16.19,68.20,17.58,885.66
2026-09-04T18:41:46,3.89,25631,3175.00,3203.00,3186.50,13.59,77.19,15.36,885.79
2026-09-04T18:58:24,3.89,25631,3141.00,3202.00,3193.50,12.21,81.40,13.59,885.90
2026-09-04T19:15:01,3.89,25631,3270.00,3280.00,3274.50,11.72,84.62,12.39,886.06
2026-09-04T19:31:39,3.89,25631,3087.00,3279.00,3182.50,11.36,82.89,11.62,886.12
2026-09-04T19:48:17,3.89,25631,3074.00,3265.00,3175.00,11.14,83.98,11.04,886.23
2026-09-04T20:04:54,3.89,25631,3242.00,3257.00,3250.00,11.15,83.41,10.66,886.25
2026-09-04T20:21:32,3.89,25631,3077.00,3250.00,3106.50,10.83,84.68,10.39,886.35
2026-09-04T20:38:09,3.89,25631,3077.00,3243.00,3092.00,11.20,83.00,10.31,886.38
2026-09-04T20:54:47,3.89,25631,3078.00,3237.00,3231.00,10.53,85.48,10.04,886.31
2026-09-04T21:11:25,3.88,25631,3097.00,3234.00,3228.50,10.56,85.78,9.85,886.26
2026-09-04T21:28:02,3.89,25631,3070.00,3228.00,3217.00,10.59,85.34,9.78,886.23
2026-09-04T21:44:40,3.89,25631,3083.00,3224.00,3219.50,10.32,86.82,9.58,886.24
2026-09-04T22:01:17,3.89,25631,3082.00,3226.00,3219.50,10.02,87.71,9.41,886.23
2026-09-04T22:17:55,3.89,25631,3065.00,3222.00,3092.50,10.10,88.66,9.27,886.25
2026-09-04T22:34:33,3.89,25631,3079.00,3113.00,3097.00,10.10,88.33,9.24,886.26
2026-09-04T22:51:10,3.88,25631,3083.00,3227.00,3223.00,10.01,87.88,9.17,886.25
2026-09-04T23:07:48,3.88,25631,3068.00,3110.00,3093.50,9.63,89.31,8.98,886.21
2026-09-04T23:24:26,3.88,25631,3065.00,3227.00,3099.50,9.10,91.81,8.66,886.28
2026-09-04T23:41:03,3.88,25631,3077.00,3227.00,3101.00,9.28,91.31,8.61,886.18
2026-09-04T23:57:41,3.88,25631,3071.00,3237.00,3097.00,9.49,91.03,8.62,886.21
2026-09-05T00:14:19,3.88,25631,3068.00,3250.00,3110.00,9.86,89.03,8.82,886.13
2026-09-05T00:30:56,3.88,25631,3068.00,3242.00,3101.00,9.42,90.39,8.71,886.14
2026-09-05T00:47:34,3.88,25631,3069.00,3094.00,3084.00,9.45,91.58,8.64,886.10
2026-09-05T01:04:12,3.88,25631,3078.00,3101.00,3089.00,9.01,92.27,8.52,886.06
2026-09-05T01:20:49,3.88,25631,3066.00,3090.00,3077.00,8.53,92.91,8.22,886.07
2026-09-05T01:37:27,3.89,25631,3067.00,3081.00,3076.00,8.57,94.10,8.03,886.08
2026-09-05T01:54:05,3.88,25631,3062.00,3092.00,3073.50,8.74,94.26,8.05,886.17
2026-09-05T02:10:42,3.88,25631,3074.00,3088.00,3083.50,8.33,94.16,7.91,886.13
2026-09-05T02:27:20,3.87,25631,3063.00,3088.00,3083.00,8.77,94.96,7.91,886.24
2026-09-05T02:43:57,3.88,25631,3081.00,3097.00,3090.00,8.57,93.93,7.94,886.25
2026-09-05T03:00:35,3.87,25631,3080.00,3098.00,3087.50,8.12,94.45,7.67,886.21
2026-09-05T03:17:13,3.88,25631,3088.00,3105.00,3101.00,8.11,95.18,7.64,886.40
2026-09-05T03:33:50,3.88,25631,3090.00,3110.00,3097.50,7.97,95.40,7.62,886.51
2026-09-05T03:50:28,3.88,25631,3085.00,3099.00,3091.50,7.85,95.61,7.39,886.57
2026-09-05T04:07:06,3.88,25631,3083.00,3097.00,3090.50,7.88,95.93,7.34,886.57
2026-09-05T04:23:44,3.87,25631,3067.00,3092.00,3081.00,7.64,95.95,7.20,886.55
2026-09-05T04:40:21,3.87,25631,3055.00,3093.00,3070.00,7.83,96.18,7.11,886.64
2026-09-05T04:56:59,3.88,25631,3057.00,3194.00,3091.00,7.98,96.32,7.17,886.60
2026-09-05T05:13:37,3.87,25631,3102.00,3213.00,3203.50,7.32,96.13,7.11,886.63
2026-09-05T05:30:14,3.87,25631,3205.00,3219.00,3209.00,7.35,96.30,7.20,886.72
2026-09-05T05:46:52,3.87,25631,3199.00,3209.00,3204.00,7.30,96.44,7.30,886.77
2026-09-05T06:03:30,3.87,25631,3186.00,3201.00,3198.00,7.39,96.58,7.38,886.69
2026-09-05T06:20:07,3.87,25631,3200.00,3212.00,3209.00,7.35,96.61,7.50,886.80
2026-09-05T06:36:45,3.87,25631,3102.00,3216.00,3207.00,7.26,96.69,7.54,886.89
2026-09-05T06:53:23,3.88,25631,3073.00,3337.00,3331.00,7.33,96.82,7.69,887.09
2026-09-05T07:10:01,3.89,25631,3216.00,3238.00,3230.50,7.29,96.88,7.85,887.20
2026-09-05T07:26:39,4.00,25631,3229.00,3264.00,3240.50,7.42,96.95,8.20,887.32
2026-09-05T07:43:17,3.89,25631,3201.00,3264.00,3258.50,7.45,96.97,8.46,887.35
2026-09-05T07:59:55,4.11,25631,3198.00,3209.00,3204.00,7.45,96.98,8.60,887.51
2026-09-05T08:16:34,4.00,25631,3197.00,3209.00,3204.00,7.87,97.15,8.80,887.67
2026-09-05T08:33:12,4.11,25631,3201.00,3217.00,3209.00,8.21,97.16,9.21,887.69
2026-09-05T08:49:50,4.12,25631,3203.00,3216.00,3209.00,8.02,97.12,9.46,887.77
2026-09-05T09:06:28,4.12,25631,3050.00,3221.00,3208.50,8.46,97.22,10.02,887.86
2026-09-05T09:23:06,4.12,25631,3039.00,3255.00,3239.50,8.14,96.99,9.76,887.87
2026-09-05T09:39:45,4.12,25631,3043.00,3234.00,3077.50,7.94,96.85,9.74,888.03
2026-09-05T09:56:23,4.12,25631,3047.00,3251.00,3055.50,8.71,97.02,10.30,888.13
2026-09-05T10:13:01,4.12,25631,3059.00,3249.00,3222.00,8.43,96.46,10.42,888.13
2026-09-05T10:29:40,4.12,25631,3196.00,3286.00,3209.50,8.42,96.28,10.46,888.19
2026-09-05T10:46:18,4.12,25631,3188.00,3212.00,3205.50,8.84,95.66,10.96,888.25
2026-09-05T11:02:56,4.12,25631,3177.00,3304.00,3199.00,8.71,94.60,11.28,888.27
2026-09-05T11:19:34,4.12,25631,3195.00,3224.00,3216.50,9.34,94.98,11.63,888.49
2026-09-05T11:36:13,4.12,25631,3199.00,3215.00,3212.00,9.10,94.05,11.63,888.51
2026-09-05T11:52:51,4.12,25631,3166.00,3200.00,3181.00,10.02,90.62,12.77,888.61
2026-09-05T12:09:29,4.12,25631,3148.00,3273.00,3196.50,11.06,87.64,14.58,888.63
2026-09-05T12:26:07,4.12,25631,3113.00,3357.00,3243.00,10.66,88.64,14.90,888.72
2026-09-05T12:42:45,4.12,25631,3086.00,3132.00,3112.50,12.37,82.05,16.70,888.84
2026-09-05T12:59:23,4.12,25631,3095.00,3261.00,3242.50,11.31,86.40,16.99,888.79
2026-09-05T13:16:01,4.12,25631,3106.00,3289.00,3228.50,10.70,86.65,16.16,888.92
2026-09-05T13:32:39,4.12,25631,3122.00,3287.00,3249.50,10.79,87.16,15.31,888.96
2026-09-05T13:49:18,4.13,25631,3097.00,3257.00,3118.00,10.08,89.83,14.25,889.04
2026-09-05T14:05:56,4.12,25631,3088.00,3256.00,3105.00,10.37,87.54,13.74,889.26
2026-09-05T14:22:34,4.12,25631,3097.00,3242.00,3119.00,10.49,88.39,14.00,889.44
2026-09-05T14:39:12,4.12,25631,3095.00,3247.00,3105.00,10.01,89.24,14.30,889.49
2026-09-05T14:55:50,4.12,25631,3083.00,3255.00,3231.00,9.87,90.37,14.08,889.64
2026-09-05T15:12:28,4.12,25631,3107.00,3336.00,3251.00,11.13,85.13,14.71,889.60
2026-09-05T15:29:06,4.12,25631,3088.00,3294.00,3096.50,10.08,88.46,13.62,889.57
2026-09-05T15:45:44,4.11,25631,3091.00,3263.00,3220.50,10.41,88.75,13.58,889.97
2026-09-05T16:02:23,4.12,25631,3105.00,3322.00,3213.00,10.25,87.66,14.18,889.82
2026-09-05T16:19:01,4.12,25631,3092.00,3262.00,3111.50,12.24,80.50,15.25,890.22
2026-09-05T16:35:39,4.12,25631,3108.00,3257.00,3126.00,13.13,76.48,16.10,890.24
2026-09-05T16:52:17,4.12,25631,3120.00,3344.00,3224.00,11.79,81.96,15.79,890.21
2026-09-05T17:08:55,4.13,25631,3219.00,3339.00,3240.00,11.36,79.81,15.90,890.11
2026-09-05T17:25:33,4.12,25631,3107.00,3305.00,3285.00,10.63,83.22,14.11,890.40
2026-09-05T17:42:11,4.12,25631,3087.00,3112.00,3105.00,11.21,81.45,13.60,890.63
2026-09-05T17:58:49,4.12,25631,3114.00,3303.00,3218.50,11.10,80.89,14.12,890.62
2026-09-05T18:15:27,3.90,25631,3254.00,3299.00,3276.00,10.29,83.23,13.42,890.50
2026-09-05T18:32:05,3.89,25631,3066.00,3284.00,3085.50,8.74,88.59,11.15,890.54
2026-09-05T18:48:44,3.89,25631,3060.00,3101.00,3068.50,8.24,89.76,9.50,890.67
2026-09-05T19:05:21,3.89,25631,3064.00,3103.00,3088.00,8.04,90.68,8.63,890.99
2026-09-05T19:21:59,3.89,25631,3053.00,3087.00,3069.50,8.01,90.43,8.26,891.17
2026-09-05T19:38:37,3.88,25631,3071.00,3224.00,3091.00,7.88,90.38,7.97,891.21
2026-09-05T19:55:14,3.88,25631,3066.00,3094.00,3085.50,7.84,90.41,7.65,891.45
2026-09-05T20:11:52,3.88,25631,3059.00,3097.00,3084.50,7.80,90.52,7.52,891.48
2026-09-05T20:28:30,3.88,25631,3075.00,3095.00,3087.00,7.77,90.30,7.34,891.58
2026-09-05T20:45:08,3.88,25631,3066.00,3101.00,3080.00,7.84,90.34,7.39,891.86
2026-09-05T21:01:45,3.88,25631,3030.00,3104.00,3090.00,7.71,90.98,7.42,891.93
2026-09-05T21:18:23,3.88,25631,3066.00,3104.00,3087.50,7.71,91.14,7.42,891.96
2026-09-05T21:35:01,3.88,25631,3070.00,3101.00,3085.50,7.59,91.15,7.27,891.93
2026-09-05T21:51:38,3.87,25631,3076.00,3097.00,3084.50,7.39,91.78,7.03,891.94
2026-09-05T22:08:16,3.87,25631,3073.00,3219.00,3085.50,7.50,92.14,7.03,891.94
2026-09-05T22:24:54,3.88,25631,3066.00,3094.00,3086.00,7.53,91.74,7.07,891.89
2026-09-05T22:41:32,3.88,25631,3066.00,3224.00,3085.50,7.56,92.03,7.11,891.86
2026-09-05T22:58:09,3.88,25631,3069.00,3100.00,3080.50,7.43,92.37,7.05,891.75
2026-09-05T23:14:47,3.87,25631,3014.00,3103.00,3092.50,7.47,92.70,7.06,891.89
2026-09-05T23:31:25,3.88,25631,3063.00,3227.00,3089.00,7.45,92.79,7.07,891.90
2026-09-05T23:48:02,3.87,25631,3079.00,3230.00,3090.50,7.47,92.98,7.15,891.85
2026-09-06T00:04:40,3.88,25631,3059.00,3091.00,3071.00,7.45,92.97,7.27,892.13
2026-09-06T00:21:18,3.87,25631,3078.00,3098.00,3091.00,7.30,93.97,7.23,892.37
2026-09-06T00:37:55,3.88,25631,3072.00,3098.00,3091.00,7.18,94.02,6.96,892.32
2026-09-06T00:54:33,3.87,25631,3069.00,3238.00,3082.00,7.02,94.73,6.71,892.36
2026-09-06T01:11:11,3.87,25631,3080.00,3095.00,3084.50,7.08,94.45,6.67,892.39
2026-09-06T01:27:49,3.87,25631,3082.00,3276.00,3087.50,6.84,95.02,6.54,892.63
2026-09-06T01:44:26,3.88,25631,3069.00,3127.00,3087.50,6.71,95.25,6.47,892.68
2026-09-06T02:01:04,3.87,25631,3080.00,3097.00,3085.00,6.90,95.74,6.59,892.80
2026-09-06T02:17:42,3.84,25631,3082.00,3251.00,3091.00,6.92,95.56,6.64,892.78
2026-09-06T02:34:19,3.85,25631,3080.00,3125.00,3090.00,6.90,95.47,6.66,892.86
2026-09-06T02:50:57,3.85,25631,3081.00,3090.00,3086.00,6.80,95.54,6.55,892.97
2026-09-06T03:07:35,3.85,25631,3077.00,3098.00,3083.50,6.84,95.45,6.55,892.94
2026-09-06T03:24:13,3.85,25631,3074.00,3231.00,3085.50,6.85,95.08,6.51,892.92
2026-09-06T03:40:50,3.85,25631,3078.00,3090.00,3083.50,6.74,95.26,6.52,892.77
2026-09-06T03:57:28,3.85,25631,3060.00,3116.00,3084.00,6.71,95.06,6.35,892.89
2026-09-06T04:14:06,3.85,25631,3056.00,3091.00,3081.00,6.47,95.05,6.15,893.12
2026-09-06T04:30:43,3.85,25631,3071.00,3100.00,3086.50,6.14,95.30,5.90,893.18
2026-09-06T04:47:21,3.85,25631,3066.00,3103.00,3085.50,6.37,95.83,5.79,893.34
2026-09-06T05:03:59,3.85,25631,3078.00,3105.00,3086.50,6.35,95.83,5.78,893.52
2026-09-06T05:20:37,3.85,25631,3071.00,3098.00,3088.00,6.57,95.74,6.02,893.61
2026-09-06T05:37:14,3.85,25631,3069.00,3098.00,3080.00,6.46,95.72,5.97,893.58
2026-09-06T05:53:52,3.85,25631,3077.00,3102.00,3085.00,6.28,95.66,5.96,893.59
2026-09-06T06:10:30,3.85,25631,3081.00,3115.00,3094.50,6.28,95.62,5.89,893.62
2026-09-06T06:27:08,3.87,25631,3073.00,3096.00,3091.50,6.52,95.59,6.05,893.70
2026-09-06T06:43:46,3.87,25631,3082.00,3103.00,3093.00,6.52,95.63,6.30,893.62
2026-09-06T07:00:24,3.98,25631,3093.00,3109.00,3098.50,6.73,94.79,6.60,893.64
2026-09-06T07:17:02,4.11,25631,3094.00,3113.00,3104.00,6.92,93.85,6.88,893.66
2026-09-06T07:33:41,4.10,25631,3091.00,3110.00,3099.50,7.00,93.56,7.04,893.78
2026-09-06T07:50:19,4.11,25631,3087.00,3110.00,3100.00,7.32,93.13,7.50,893.73
2026-09-06T08:06:57,4.11,25631,3103.00,3120.00,3111.00,8.04,91.09,8.83,894.33
2026-09-06T08:23:36,4.11,25631,3130.00,3357.00,3164.00,8.80,90.98,10.96,893.99
2026-09-06T08:40:14,4.12,25631,3087.00,3108.00,3098.00,8.91,91.63,11.81,894.01
2026-09-06T08:56:52,4.12,25631,3097.00,3199.00,3108.50,8.98,92.32,12.09,893.84
2026-09-06T09:13:30,4.12,25631,3090.00,3245.00,3097.00,8.92,91.98,11.41,893.90
2026-09-06T09:30:08,4.12,25631,3079.00,3114.00,3101.50,8.35,91.39,10.88,893.82
2026-09-06T09:46:47,4.12,25631,3083.00,3248.00,3109.50,9.25,91.37,11.33,894.05
2026-09-06T10:03:25,4.12,25631,3082.00,3130.00,3100.50,9.63,87.92,12.43,894.16
2026-09-06T10:20:03,4.12,25631,3116.00,3254.00,3135.50,11.15,85.00,15.06,894.20
2026-09-06T10:36:41,4.12,25631,3150.00,3324.00,3302.50,11.75,81.18,18.52,894.11
2026-09-06T10:53:19,4.13,25631,3217.00,3325.00,3279.00,11.91,78.16,18.71,893.91
2026-09-06T11:09:57,4.12,25631,3100.00,3246.00,3112.00,10.92,82.64,16.06,894.22
2026-09-06T11:26:35,4.12,25631,3093.00,3290.00,3245.00,10.55,85.40,15.26,894.03
2026-09-06T11:43:13,4.12,25631,3084.00,3337.00,3233.00,10.97,85.31,15.28,894.33
2026-09-06T11:59:51,4.12,25631,3077.00,3309.00,3190.00,10.70,85.99,15.34,894.22
2026-09-06T12:16:29,4.12,25631,3097.00,3308.00,3217.00,10.66,84.68,15.21,894.45
2026-09-06T12:33:08,4.12,25631,3225.00,3299.00,3281.00,10.39,86.36,14.43,894.49
2026-09-06T12:49:46,4.12,25631,3263.00,3305.00,3289.00,10.99,85.11,14.54,894.32
2026-09-06T13:06:24,4.12,25631,3105.00,3305.00,3293.50,10.66,86.63,13.93,894.43
2026-09-06T13:23:02,4.12,25631,3074.00,3284.00,3094.00,9.91,88.47,13.03,894.55
2026-09-06T13:39:40,4.12,25631,3086.00,3292.00,3260.50,9.70,89.48,12.28,894.44
2026-09-06T13:56:18,4.12,25631,3101.00,3279.00,3241.00,10.05,89.79,12.28,894.56
2026-09-06T14:12:57,4.12,25631,3081.00,3291.00,3104.50,9.60,91.88,11.88,894.61
2026-09-06T14:29:35,4.12,25631,3084.00,3291.00,3255.00,10.12,89.80,12.13,894.66
2026-09-06T14:46:13,4.00,25631,3067.00,3279.00,3113.50,9.76,88.71,12.05,894.58
2026-09-06T15:02:51,4.00,25631,3081.00,3274.00,3185.00,9.72,90.38,11.73,894.50
2026-09-06T15:19:30,4.12,25631,3066.00,3261.00,3108.50,9.29,91.97,11.14,894.36
2026-09-06T15:36:08,4.12,25631,3067.00,3285.00,3114.00,9.46,91.64,11.28,894.38
2026-09-06T15:52:46,3.89,25631,3068.00,3279.00,3090.50,9.36,90.49,10.99,894.31
2026-09-06T16:09:24,3.90,25631,3062.00,3110.00,3083.00,9.21,92.76,10.45,894.51
2026-09-06T16:26:02,3.89,25631,3060.00,3109.00,3080.00,9.15,93.09,10.03,894.31
2026-09-06T16:42:40,3.91,25631,3089.00,3229.00,3104.50,8.84,94.53,9.76,894.34
2026-09-06T16:59:18,3.90,25631,3095.00,3224.00,3103.50,8.91,94.76,9.71,894.10
2026-09-06T17:15:56,3.90,25631,3074.00,3110.00,3102.00,8.83,93.24,9.57,893.97
2026-09-06T17:32:34,3.90,25631,3068.00,3110.00,3100.00,8.87,93.32,9.41,893.95
2026-09-06T17:49:12,3.89,25631,3089.00,3113.00,3100.00,9.01,91.66,9.37,893.94
2026-09-06T18:05:50,3.89,25631,3095.00,3116.00,3101.00,8.79,92.34,9.26,894.02
2026-09-06T18:22:28,3.89,25631,3079.00,3110.00,3096.50,8.71,92.93,9.16,893.90
2026-09-06T18:39:06,3.89,25631,3088.00,3108.00,3101.00,8.60,93.27,9.04,893.68
2026-09-06T18:55:44,3.89,25631,3060.00,3105.00,3097.00,8.48,93.15,8.85,893.56
2026-09-06T19:12:21,3.89,25631,3086.00,3109.00,3096.50,8.39,93.27,8.68,893.75
2026-09-06T19:28:59,3.89,25631,3062.00,3106.00,3098.00,8.33,92.88,8.58,893.81
2026-09-06T19:45:37,3.89,25631,3081.00,3107.00,3096.00,8.31,92.84,8.49,893.99
2026-09-06T20:02:14,3.90,25631,3087.00,3218.00,3095.00,8.25,93.52,8.43,894.14
2026-09-06T20:18:52,3.89,25631,3075.00,3103.00,3094.00,8.16,94.01,8.37,893.88
2026-09-06T20:35:30,3.89,25631,3088.00,3129.00,3101.00,8.06,94.51,8.29,893.72
2026-09-06T20:52:07,3.89,25631,3086.00,3102.00,3097.00,7.99,94.59,8.18,893.87
2026-09-06T21:08:45,3.89,25631,3062.00,3101.00,3083.00,8.04,94.33,8.15,893.69
2026-09-06T21:25:23,3.89,25631,3047.00,3101.00,3089.00,7.95,94.37,8.12,893.59
2026-09-06T21:42:00,3.89,25631,3082.00,3224.00,3118.00,7.95,94.42,8.08,893.31
2026-09-06T21:58:38,3.89,25631,3087.00,3233.00,3113.00,7.98,94.21,8.08,893.19
2026-09-06T22:15:16,3.89,25631,3075.00,3101.00,3094.50,8.01,93.78,8.07,892.90
2026-09-06T22:31:53,3.89,25631,3061.00,3097.00,3081.50,8.12,93.15,8.14,892.99
2026-09-06T22:48:31,3.89,25631,3082.00,3102.00,3090.00,8.20,92.92,8.20,892.79
2026-09-06T23:05:09,3.89,25631,3071.00,3097.00,3090.00,7.99,93.21,8.13,892.81
2026-09-06T23:21:46,3.89,25631,3176.00,3276.00,3242.50,8.39,91.69,8.16,892.62
2026-09-06T23:38:24,3.89,25631,3185.00,3225.00,3208.00,8.29,92.12,8.30,892.56
2026-09-06T23:55:02,3.89,25631,3068.00,3191.00,3089.50,8.26,92.17,8.28,892.46
2026-09-07T00:11:39,3.89,25631,3091.00,3262.00,3228.50,8.09,93.71,8.17,892.00
2026-09-07T00:28:17,3.89,25631,3122.00,3256.00,3219.50,8.14,93.77,8.13,891.93
2026-09-07T00:44:55,3.89,25631,3093.00,3244.00,3214.50,8.02,94.39,8.10,891.72
2026-09-07T01:01:32,3.89,25631,3185.00,3268.00,3242.50,8.02,94.70,8.07,891.30
2026-09-07T01:18:10,3.89,25631,3098.00,3326.00,3323.50,8.04,95.42,8.06,890.92
2026-09-07T01:34:48,3.88,25631,3326.00,3345.00,3341.00,8.14,95.87,8.09,890.84
2026-09-07T01:51:25,3.89,25631,3089.00,3264.00,3260.50,8.26,95.56,8.18,890.73
2026-09-07T02:08:03,3.88,25631,3051.00,3065.00,3056.00,8.32,95.21,8.23,890.32
2026-09-07T02:24:41,3.89,25631,3034.00,3056.00,3044.00,8.20,95.90,8.22,890.11
2026-09-07T02:41:18,3.88,25631,3027.00,3054.00,3041.50,8.29,96.28,8.26,890.02
2026-09-07T02:57:56,3.88,25631,3055.00,3081.00,3066.50,8.15,96.41,8.26,889.48
2026-09-07T03:14:34,3.89,25631,3294.00,3306.00,3301.00,7.97,96.61,8.15,889.03
2026-09-07T03:31:12,3.87,25631,3300.00,3330.00,3315.50,8.04,96.82,8.10,888.84
2026-09-07T03:47:49,3.89,25631,3273.00,3302.00,3292.00,8.09,96.99,8.09,888.38
2026-09-07T04:04:27,3.86,25631,3252.00,3345.00,3321.50,8.18,97.02,8.21,888.03
2026-09-07T04:21:05,3.86,25631,3061.00,3175.00,3133.50,8.16,97.10,8.25,888.11
2026-09-07T04:37:42,3.88,25631,3164.00,3344.00,3250.00,8.18,97.20,8.23,887.58
2026-09-07T04:54:20,3.87,25631,3313.00,3387.00,3338.00,8.29,97.30,8.30,887.50
2026-09-07T05:10:58,3.87,25631,3176.00,3353.00,3316.50,8.42,97.34,8.38,887.17
2026-09-07T05:27:35,3.86,25631,3314.00,3371.00,3343.50,8.56,97.40,8.51,886.71
2026-09-07T05:44:13,3.88,25631,3090.00,3376.00,3287.50,8.53,97.45,8.56,886.62
2026-09-07T06:00:50,3.88,25631,3149.00,3389.00,3282.00,8.59,97.49,8.59,886.67
2026-09-07T06:17:28,3.86,25631,3135.00,3170.00,3149.00,8.70,97.53,8.69,886.92
2026-09-07T06:34:06,3.87,25631,3144.00,3163.00,3153.00,8.79,97.51,8.79,887.24
2026-09-07T06:50:44,3.87,25631,3144.00,3152.00,3149.00,8.67,97.29,8.80,887.02
2026-09-07T07:07:22,3.88,25631,3202.00,3233.00,3226.00,8.67,97.28,8.96,886.95
2026-09-07T07:23:59,3.87,25631,3085.00,3247.00,3235.00,8.61,97.30,8.95,887.11
2026-09-07T07:40:37,3.87,25631,3072.00,3110.00,3096.50,8.49,97.31,8.84,886.59
2026-09-07T07:57:15,3.87,25631,2494.00,3780.00,3296.00,8.36,97.38,8.71,886.20
2026-09-07T08:13:53,3.85,25631,3079.00,3335.00,3119.00,8.22,97.49,8.52,886.09
2026-09-07T08:30:31,3.87,25631,3043.00,3272.00,3150.50,8.25,97.47,8.48,886.23
2026-09-07T08:47:09,4.10,25631,3162.00,3175.00,3166.50,8.35,97.40,8.70,885.25
2026-09-07T09:03:48,3.87,25631,3010.00,3110.00,3058.00,8.36,97.38,8.70,885.81
2026-09-07T09:20:26,3.88,25631,3135.00,3167.00,3149.50,8.42,97.44,8.80,886.04
2026-09-07T09:37:04,4.10,25631,3205.00,3227.00,3221.00,8.60,97.09,9.12,885.94
2026-09-07T09:53:42,4.11,25631,3211.00,3232.00,3218.50,8.54,97.06,9.32,886.11
2026-09-07T10:10:21,4.12,25631,3115.00,3195.00,3178.00,8.64,96.92,9.47,886.30
2026-09-07T10:26:59,4.11,25631,3124.00,3198.00,3172.50,8.71,97.07,9.87,886.31
2026-09-07T10:43:37,4.11,25631,3070.00,3241.00,3132.50,8.97,97.11,10.31,886.51
2026-09-07T11:00:15,4.12,25631,3098.00,3252.00,3202.00,9.29,96.09,10.95,885.94
2026-09-07T11:16:53,4.12,25631,3059.00,3181.00,3077.50,9.42,96.15,11.21,886.06
2026-09-07T11:33:32,4.12,25631,3072.00,3188.00,3116.00,9.66,93.97,12.14,886.20
2026-09-07T11:50:10,4.12,25631,3226.00,3463.00,3269.50,10.34,91.03,13.53,886.03
2026-09-07T12:06:48,4.12,25631,3224.00,3368.00,3256.00,11.11,88.63,14.55,886.11
2026-09-07T12:23:26,4.12,25631,3274.00,3536.00,3366.00,10.66,85.52,14.13,885.81
2026-09-07T12:40:04,4.12,25631,3224.00,3529.00,3362.00,10.67,91.24,14.23,885.64
2026-09-07T12:56:42,4.12,25631,3196.00,3490.00,3217.00,10.53,92.19,14.30,885.79
2026-09-07T13:13:20,4.12,25631,3182.00,3381.00,3237.00,10.90,87.43,14.22,885.82
2026-09-07T13:29:59,4.12,25631,3098.00,3210.00,3166.00,13.03,70.16,17.54,886.05
2026-09-07T13:46:37,4.12,25631,3234.00,3436.00,3260.50,10.79,81.42,14.92,885.82
2026-09-07T14:03:15,4.12,25631,3142.00,3353.00,3267.00,12.69,84.56,15.40,886.26
2026-09-07T14:19:53,4.12,25631,3209.00,3399.00,3239.00,11.58,84.62,15.20,885.90
2026-09-07T14:36:31,4.12,25631,3133.00,3333.00,3209.00,11.04,79.27,14.38,885.90
2026-09-07T14:53:09,4.12,25631,3111.00,3194.00,3146.00,9.94,87.31,12.76,885.66
2026-09-07T15:09:47,4.12,25631,3148.00,3217.00,3202.00,9.47,88.68,11.81,885.77
2026-09-07T15:26:25,4.12,25631,3083.00,3283.00,3256.50,10.32,80.12,12.98,885.84
2026-09-07T15:43:04,4.12,25631,3071.00,3166.00,3129.50,8.92,83.72,11.91,885.86
2026-09-07T15:59:42,4.12,25631,3092.00,3139.00,3113.50,8.96,78.00,11.66,885.71
2026-09-07T16:16:20,4.11,25631,3062.00,3081.00,3073.00,8.36,81.18,10.47,885.96
2026-09-07T16:32:58,4.12,25631,3086.00,3258.00,3222.50,9.89,75.32,12.34,886.08
2026-09-07T16:49:37,4.12,25631,3155.00,3177.00,3165.50,10.11,70.09,12.60,885.78
2026-09-07T17:06:15,3.90,25631,3147.00,3170.00,3159.50,7.93,86.05,10.29,885.89
2026-09-07T17:22:53,3.89,25631,3127.00,3273.00,3266.00,7.05,88.34,8.76,885.98
2026-09-07T17:39:31,3.87,25631,3134.00,3400.00,3288.00,6.70,89.95,7.83,885.92
2026-09-07T17:56:09,3.88,25631,3152.00,3163.00,3159.00,6.33,92.20,7.20,885.85
2026-09-07T18:12:47,3.89,25631,3147.00,3158.00,3153.00,6.12,92.35,6.68,885.90
2026-09-07T18:29:25,3.89,25631,3011.00,3087.00,3022.50,6.32,88.98,6.47,885.91
2026-09-07T18:46:03,3.89,25631,3017.00,3053.00,3032.50,5.93,92.75,6.20,885.94
2026-09-07T19:02:40,3.88,25631,3029.00,3305.00,3114.00,5.70,92.32,5.97,885.91
2026-09-07T19:19:18,3.89,25631,3033.00,3067.00,3041.00,5.78,92.27,5.69,886.02
2026-09-07T19:35:56,3.89,25631,3025.00,3046.00,3038.00,5.73,91.14,5.59,886.05
2026-09-07T19:52:34,3.89,25631,3027.00,3046.00,3039.00,5.49,92.98,5.50,886.09
2026-09-07T20:09:12,3.89,25631,3029.00,3048.00,3039.00,5.35,93.71,5.37,886.18
2026-09-07T20:25:49,3.89,25631,3041.00,3062.00,3052.00,5.18,94.28,5.24,886.09
2026-09-07T20:42:27,3.88,25631,3031.00,3063.00,3046.00,5.07,94.16,5.04,886.24
2026-09-07T20:59:05,3.88,25631,3035.00,3068.00,3049.00,5.07,94.16,4.89,886.27
2026-09-07T21:15:43,3.88,25631,3040.00,3056.00,3048.00,5.09,94.11,4.92,886.41
2026-09-07T21:32:21,3.88,25631,3033.00,3061.00,3046.50,5.01,94.84,4.95,886.28
2026-09-07T21:48:58,3.88,25631,3043.00,3072.00,3062.00,5.08,91.60,4.89,886.46
2026-09-07T22:05:36,3.86,25631,3024.00,3068.00,3047.00,5.22,92.61,4.96,886.43
2026-09-07T22:22:14,3.87,25631,3040.00,3064.00,3059.00,4.92,94.82,4.89,886.59
2026-09-07T22:38:52,3.87,25631,3025.00,3065.00,3057.00,4.88,95.42,4.80,886.58
2026-09-07T22:55:30,3.87,25631,3050.00,3077.00,3059.00,4.80,95.59,4.69,886.60
2026-09-07T23:12:07,3.87,25631,3057.00,3065.00,3060.50,4.96,94.60,4.75,886.72
2026-09-07T23:28:45,3.87,25631,3041.00,3071.00,3062.50,4.89,95.57,4.85,886.82
2026-09-07T23:45:23,3.87,25631,3046.00,3075.00,3063.50,5.04,94.47,4.90,886.90
2026-09-08T00:02:01,3.87,25631,3036.00,3073.00,3065.00,4.99,94.62,4.91,887.00
2026-09-08T00:18:39,3.87,25631,3041.00,3066.00,3063.50,4.89,95.32,4.90,886.87
2026-09-08T00:35:16,3.87,25631,3054.00,3079.00,3069.00,4.88,95.52,4.91,886.95
2026-09-08T00:51:54,3.87,25631,3048.00,3079.00,3069.00,5.02,94.27,4.89,887.06
2026-09-08T01:08:32,3.87,25631,3033.00,3069.00,3053.00,4.80,95.50,4.86,887.15
2026-09-08T01:25:10,3.88,25631,3031.00,3063.00,3049.00,4.84,95.59,4.86,887.17
2026-09-08T01:41:48,3.87,25631,3043.00,3065.00,3052.00,4.89,95.40,4.86,887.23
2026-09-08T01:58:25,3.87,25631,3036.00,3062.00,3048.50,4.84,95.40,4.82,887.20
2026-09-08T02:15:03,3.87,25631,3036.00,3063.00,3049.00,4.87,95.52,4.82,887.21
2026-09-08T02:31:41,3.87,25631,3029.00,3047.00,3036.00,4.82,95.75,4.81,887.21
2026-09-08T02:48:19,3.87,25631,3034.00,3056.00,3043.50,4.88,95.15,4.82,887.25
2026-09-08T03:04:57,3.87,25631,3022.00,3047.00,3039.00,4.88,95.17,4.81,887.33
2026-09-08T03:21:34,3.87,25631,3031.00,3061.00,3042.50,4.89,94.52,4.77,887.37
2026-09-08T03:38:12,3.87,25631,3029.00,3051.00,3038.50,4.81,94.30,4.51,887.32
2026-09-08T03:54:50,3.88,25631,3036.00,3052.00,3044.00,4.75,95.07,4.52,887.31
2026-09-08T04:11:28,3.87,25631,3025.00,3050.00,3044.00,4.70,95.67,4.46,887.28
2026-09-08T04:28:06,3.87,25631,3032.00,3050.00,3039.50,4.73,95.42,4.57,887.33
2026-09-08T04:44:43,3.87,25631,3032.00,3050.00,3042.00,4.77,95.65,4.58,887.40
2026-09-08T05:01:21,3.87,25631,3037.00,3055.00,3041.00,4.74,95.91,4.61,887.41
2026-09-08T05:17:59,3.87,25631,3036.00,3060.00,3049.50,4.71,96.21,4.65,887.46
2026-09-08T05:34:37,3.88,25631,3032.00,3054.00,3044.00,4.87,95.35,4.65,887.48
2026-09-08T05:51:15,3.87,25631,3031.00,3049.00,3046.00,4.75,95.02,4.63,887.48
2026-09-08T06:07:53,3.87,25631,3032.00,3055.00,3042.50,4.85,95.10,4.64,887.39
2026-09-08T06:24:30,3.87,25631,3026.00,3066.00,3047.00,4.91,95.19,4.74,887.51
2026-09-08T06:41:08,3.87,25631,3042.00,3057.00,3049.50,4.89,95.69,4.87,887.68
2026-09-08T06:57:46,3.87,25631,3041.00,3061.00,3046.50,5.02,94.66,4.98,887.61
2026-09-08T07:14:24,3.88,25631,3040.00,3056.00,3049.50,5.30,93.94,5.25,887.53
2026-09-08T07:31:02,3.87,25631,3038.00,3055.00,3049.00,5.38,92.90,5.51,887.66
2026-09-08T07:47:41,3.89,25631,3033.00,3057.00,3042.00,5.66,92.84,5.97,887.62
2026-09-08T08:04:19,4.11,25631,3026.00,3055.00,3047.00,6.16,92.68,6.86,887.69
2026-09-08T08:20:57,4.12,25631,3035.00,3071.00,3050.50,6.37,91.26,7.74,887.63
2026-09-08T08:37:36,4.12,25631,3043.00,3172.00,3053.00,6.04,92.70,8.10,887.66
2026-09-08T08:54:14,4.11,25631,3032.00,3069.00,3049.00,6.12,93.05,8.30,887.72
2026-09-08T09:10:52,4.11,25631,3035.00,3308.00,3045.00,6.49,92.26,8.91,887.72
2026-09-08T09:27:31,4.12,25631,3039.00,3381.00,3054.00,6.92,89.50,9.55,887.71
2026-09-08T09:44:09,4.12,25631,3038.00,3175.00,3051.50,7.02,91.55,9.63,887.83
2026-09-08T10:00:47,4.11,25631,3049.00,3249.00,3166.50,6.98,89.55,10.38,887.71
2026-09-08T10:17:25,4.12,25631,3046.00,3270.00,3056.50,7.15,92.11,10.09,887.74
2026-09-08T10:34:04,4.12,25631,3040.00,3056.00,3047.50,8.21,87.39,10.94,887.70
2026-09-08T10:50:42,4.12,25631,3066.00,3277.00,3272.00,8.22,84.76,10.84,887.64
2026-09-08T11:07:20,4.12,25631,3040.00,3263.00,3050.50,7.49,87.19,10.08,887.66
2026-09-08T11:23:58,4.12,25631,3036.00,3079.00,3053.00,7.97,90.13,10.07,887.77
2026-09-08T11:40:37,4.12,25631,3043.00,3268.00,3261.50,7.99,87.89,10.39,887.76
2026-09-08T11:57:15,4.12,25631,3049.00,3265.00,3254.00,8.20,83.50,10.68,887.84
2026-09-08T12:13:53,4.12,25631,3039.00,3260.00,3066.00,8.57,85.07,11.11,887.79
2026-09-08T12:30:31,4.12,25631,3055.00,3273.00,3263.50,8.45,88.43,11.54,887.69
2026-09-08T12:47:10,4.12,25631,3049.00,3282.00,3095.00,8.70,86.66,11.85,887.59
2026-09-08T13:03:48,4.12,25631,3209.00,3283.00,3268.50,8.56,83.95,11.70,887.53
2026-09-08T13:20:26,4.10,25631,3051.00,3210.00,3175.50,8.88,81.02,12.32,887.38
2026-09-08T13:37:04,4.12,25631,3030.00,3278.00,3247.50,9.17,86.69,12.18,887.43
2026-09-08T13:53:43,4.12,25631,3143.00,3212.00,3194.00,8.92,84.86,12.11,887.31
2026-09-08T14:10:21,4.12,25631,3074.00,3246.00,3176.00,9.10,82.64,12.39,887.30
2026-09-08T14:26:59,4.12,25631,3051.00,3263.00,3185.50,9.21,84.33,12.26,887.06
2026-09-08T14:43:37,4.12,25631,3025.00,3272.00,3080.00,9.18,80.43,12.00,887.13
2026-09-08T15:00:15,4.12,25631,3059.00,3086.00,3069.50,9.62,82.37,12.23,887.15
2026-09-08T15:16:54,4.12,25631,3043.00,3285.00,3108.50,9.18,85.90,12.17,886.82
2026-09-08T15:33:32,4.12,25631,3100.00,3281.00,3264.00,8.87,88.53,11.87,886.83
2026-09-08T15:50:10,4.12,25631,3053.00,3101.00,3080.00,9.55,79.31,11.96,886.70
2026-09-08T16:06:48,4.12,25631,3065.00,3264.00,3072.00,9.32,86.67,12.00,886.49
2026-09-08T16:23:27,4.12,25631,3045.00,3197.00,3074.00,8.45,88.30,11.09,886.39
2026-09-08T16:40:05,4.12,25631,3040.00,3072.00,3062.00,8.84,87.67,10.93,886.24
2026-09-08T16:56:43,4.00,25631,3034.00,3085.00,3056.50,8.29,89.85,10.37,886.21
2026-09-08T17:13:22,4.00,25631,3040.00,3201.00,3064.50,8.41,89.14,10.21,886.19
2026-09-08T17:30:00,3.89,25631,3049.00,3077.00,3064.50,8.31,87.06,10.12,886.11
2026-09-08T17:46:38,3.89,25631,3033.00,3060.00,3048.00,7.78,91.60,9.63,885.99
2026-09-08T18:03:16,3.90,25631,3031.00,3079.00,3052.00,7.55,89.77,8.88,885.99
2026-09-08T18:19:54,3.89,25631,3026.00,3058.00,3039.00,7.23,91.52,8.17,886.00
2026-09-08T18:36:32,3.87,25631,3028.00,3061.00,3051.50,7.01,91.35,7.75,885.90
2026-09-08T18:53:10,3.89,25631,3032.00,3064.00,3045.50,6.91,90.99,7.42,885.84
2026-09-08T19:09:47,3.89,25631,3020.00,3048.00,3037.50,6.87,90.93,7.19,885.80
2026-09-08T19:26:25,3.89,25631,3022.00,3050.00,3037.50,6.71,91.76,6.97,885.77
2026-09-08T19:43:03,3.89,25631,3021.00,3044.00,3032.50,6.63,92.17,6.79,885.70
2026-09-08T19:59:41,3.89,25631,3020.00,3068.00,3039.50,6.42,92.21,6.61,885.62
2026-09-08T20:16:18,3.89,25631,3018.00,3035.00,3028.50,6.33,91.91,6.28,885.54
2026-09-08T20:32:56,3.89,25631,3030.00,3209.00,3036.50,5.94,91.94,5.82,885.42
2026-09-08T20:49:34,3.89,25631,3031.00,3191.00,3175.00,6.08,90.50,5.62,885.34
2026-09-08T21:06:12,3.89,25631,3022.00,3204.00,3030.00,6.28,89.68,5.57,885.26
2026-09-08T21:22:49,3.89,25631,3023.00,3198.00,3041.50,6.01,92.91,5.65,885.27
2026-09-08T21:39:27,3.88,25631,3023.00,3204.00,3043.00,6.02,94.64,5.75,885.23
2026-09-08T21:56:05,3.89,25631,3026.00,3210.00,3034.50,6.06,95.08,5.89,885.20
2026-09-08T22:12:43,3.88,25631,3019.00,3048.00,3029.50,6.02,94.72,5.92,885.12
2026-09-08T22:29:21,3.88,25631,3021.00,3201.00,3041.50,6.09,94.20,5.95,885.10
2026-09-08T22:45:58,3.88,25631,3028.00,3197.00,3042.00,6.09,94.15,5.95,885.06
2026-09-08T23:02:36,3.88,25631,3030.00,3204.00,3122.00,5.98,94.60,5.91,884.96
2026-09-08T23:19:14,3.88,25631,3023.00,3200.00,3035.50,5.97,94.23,5.92,884.87
2026-09-08T23:35:52,3.88,25631,3030.00,3209.00,3041.00,5.87,94.17,5.89,884.90
2026-09-08T23:52:29,3.88,25631,3029.00,3214.00,3040.50,5.94,93.98,5.88,884.87
2026-09-09T00:09:07,3.89,25631,3044.00,3253.00,3250.50,5.85,94.64,5.88,884.90
2026-09-09T00:25:45,3.88,25631,3035.00,3237.00,3045.00,5.84,95.38,5.88,884.96
2026-09-09T00:42:23,3.88,25631,3036.00,3140.00,3127.50,5.93,95.28,5.92,884.99
2026-09-09T00:59:00,3.88,25631,3032.00,3145.00,3133.00,5.87,95.57,5.89,885.13
2026-09-09T01:15:38,3.88,25631,3121.00,3136.00,3126.00,5.79,95.99,5.84,885.15
2026-09-09T01:32:16,3.87,25631,3120.00,3130.00,3126.00,6.11,93.92,5.95,885.17
2026-09-09T01:48:54,3.88,25631,3117.00,3132.00,3128.50,6.19,92.72,6.02,885.30
2026-09-09T02:05:31,3.88,25631,3039.00,3133.00,3128.50,6.18,91.90,5.99,885.43
2026-09-09T02:22:09,3.88,25631,3107.00,3139.00,3130.50,6.06,92.17,5.86,885.47
2026-09-09T02:38:47,3.87,25631,3075.00,3145.00,3117.50,6.09,92.43,5.79,885.60
2026-09-09T02:55:25,3.88,25631,3068.00,3244.00,3081.00,6.12,91.47,5.73,885.71
2026-09-09T03:12:03,3.88,25631,3093.00,3248.00,3131.00,6.01,91.54,5.68,885.75
2026-09-09T03:28:40,3.88,25631,3027.00,3251.00,3100.00,6.16,89.78,5.60,885.95
2026-09-09T03:45:18,3.88,25631,3001.00,3118.00,3072.00,6.05,90.73,5.55,886.19
2026-09-09T04:01:56,3.88,25631,3057.00,3141.00,3093.00,6.46,88.19,5.78,886.32
2026-09-09T04:18:34,3.88,25631,3000.00,3030.00,3021.00,6.54,86.82,5.87,886.36
2026-09-09T04:35:11,3.88,25631,3001.00,3036.00,3013.00,6.60,86.95,5.98,886.64
2026-09-09T04:51:49,3.88,25631,2996.00,3039.00,3024.00,6.81,86.84,6.21,886.80
2026-09-09T05:08:27,3.88,25631,2988.00,3038.00,3004.50,6.71,86.71,6.27,886.89
2026-09-09T05:25:05,3.88,25631,2954.00,2977.00,2964.00,6.47,88.78,6.16,886.96
2026-09-09T05:41:43,3.88,25631,2978.00,3027.00,2997.50,6.66,86.60,5.96,887.07
2026-09-09T05:58:20,3.85,25631,2989.00,3040.00,3016.00,6.54,86.87,5.87,887.26
2026-09-09T06:14:58,3.87,25631,3088.00,3621.00,3227.50,6.66,86.79,5.98,887.36
2026-09-09T06:31:36,3.88,25631,3080.00,3131.00,3104.50,6.73,85.73,6.09,887.68
2026-09-09T06:48:14,3.89,25631,3108.00,3146.00,3132.00,7.11,84.08,6.55,887.91
2026-09-09T07:04:52,3.89,25631,3134.00,3146.00,3140.00,7.05,85.02,6.77,888.30
2026-09-09T07:21:30,4.11,25631,3133.00,3162.00,3148.50,7.12,85.24,6.93,888.50
2026-09-09T07:38:09,4.10,25631,3106.00,3254.00,3229.00,7.40,82.89,7.44,888.61
2026-09-09T07:54:47,4.11,25631,3097.00,3270.00,3107.00,7.66,83.70,8.00,889.02
2026-09-09T08:11:25,4.11,25631,3129.00,3145.00,3134.00,7.88,80.65,8.61,889.19
2026-09-09T08:28:04,4.11,25631,3124.00,3141.00,3135.00,8.43,80.77,9.27,889.49
2026-09-09T08:44:42,4.12,25631,3130.00,3147.00,3140.00,9.31,81.95,11.57,889.70
2026-09-09T09:01:20,4.12,25631,3153.00,3181.00,3173.00,10.84,74.71,18.27,890.02
2026-09-09T09:17:58,4.12,25631,3142.00,3158.00,3152.50,9.74,74.82,15.30,889.69
2026-09-09T09:34:36,4.12,25631,3095.00,3264.00,3171.50,10.67,71.31,17.70,889.79
2026-09-09T09:51:14,4.12,25631,3090.00,3273.00,3257.00,10.70,70.71,19.26,889.87
2026-09-09T10:07:52,4.12,25631,3205.00,3480.00,3246.00,10.50,70.92,18.25,890.21
2026-09-09T10:24:30,4.12,25631,3181.00,3264.00,3241.50,11.50,67.57,18.26,890.37
2026-09-09T10:41:08,4.12,25631,3196.00,3249.00,3238.50,11.20,66.07,18.06,890.38
2026-09-09T10:57:46,4.12,25631,3223.00,3244.00,3234.00,11.14,64.02,16.40,890.61
2026-09-09T11:14:24,4.12,25631,3218.00,3738.00,3379.00,11.18,64.74,16.02,890.47
2026-09-09T11:31:02,4.12,25631,3175.00,3261.00,3250.00,12.04,61.93,16.50,890.95
2026-09-09T11:47:40,4.12,25631,3208.00,3250.00,3237.00,11.23,62.89,16.56,890.78
2026-09-09T12:04:18,4.12,25631,3112.00,3251.00,3155.50,12.26,62.02,16.59,891.41
2026-09-09T12:20:57,4.12,25631,3162.00,3260.00,3253.50,13.85,54.78,17.01,891.14
2026-09-09T12:37:35,4.12,25631,3203.00,3261.00,3256.00,13.59,59.01,17.42,891.88
2026-09-09T12:54:13,4.12,25631,3169.00,3328.00,3178.00,12.81,57.19,17.55,891.81
2026-09-09T13:10:51,4.13,25631,3128.00,3253.00,3235.00,14.74,55.78,18.32,891.85
2026-09-09T13:27:29,4.12,25631,3179.00,3456.00,3230.00,14.38,53.35,18.37,891.49
2026-09-09T13:44:07,4.12,25631,3140.00,3254.00,3214.50,14.32,55.48,18.09,891.87
2026-09-09T14:00:45,4.12,25631,3106.00,3252.00,3183.50,13.16,56.63,17.42,891.59
2026-09-09T14:17:23,4.13,25631,3177.00,3477.00,3225.00,13.86,53.72,17.62,891.47
2026-09-09T14:34:01,4.12,25631,3120.00,3175.00,3146.50,14.92,51.40,17.82,891.61
2026-09-09T14:50:39,4.13,25631,3081.00,3241.00,3217.00,16.60,45.87,18.83,891.74
2026-09-09T15:07:16,4.12,25631,3179.00,3224.00,3205.50,14.61,51.33,18.29,891.39
2026-09-09T15:23:54,4.13,25631,3206.00,3229.00,3222.50,14.50,52.69,16.96,891.54
2026-09-09T15:40:32,4.11,25631,3186.00,3223.00,3204.50,12.62,57.58,15.44,891.71
2026-09-09T15:57:11,4.12,25631,3140.00,3226.00,3190.50,14.10,54.60,16.44,891.43
2026-09-09T16:13:49,4.12,25631,3177.00,3235.00,3215.00,13.69,54.37,16.04,891.54
2026-09-09T16:30:27,4.12,25631,3137.00,3224.00,3160.00,13.31,55.66,15.16,891.52
2026-09-09T16:47:05,4.12,25631,3084.00,3255.00,3238.50,14.45,52.62,16.27,891.55
2026-09-09T17:03:43,4.12,25631,3148.00,3248.00,3173.00,12.14,58.57,14.83,891.34
2026-09-09T17:20:21,4.13,25631,3154.00,3285.00,3239.00,13.71,54.10,15.41,891.42
2026-09-09T17:36:59,4.11,25631,3075.00,3252.00,3225.50,13.51,55.52,15.23,891.39
2026-09-09T17:53:37,4.00,25631,3095.00,3253.00,3232.50,13.31,56.10,14.90,891.20
2026-09-09T18:10:15,3.91,25631,3174.00,3240.00,3229.00,12.89,56.90,14.05,890.98
2026-09-09T18:26:53,3.89,25631,3052.00,3241.00,3120.50,13.21,57.04,13.72,891.03
2026-09-09T18:43:31,3.89,25631,3214.00,3228.00,3224.00,10.93,59.23,11.67,890.90
2026-09-09T19:00:09,3.89,25631,3120.00,3246.00,3228.00,10.07,64.36,10.34,891.03
2026-09-09T19:16:47,3.89,25631,3083.00,3226.00,3165.50,9.80,64.75,9.52,891.02
2026-09-09T19:33:24,3.89,25631,3056.00,3111.00,3075.50,9.77,63.40,8.98,891.01
2026-09-09T19:50:02,3.89,25631,3058.00,3091.00,3067.00,9.76,63.68,8.69,890.93
2026-09-09T20:06:40,3.88,25631,3058.00,3124.00,3100.50,9.79,62.56,8.85,890.97
2026-09-09T20:23:17,3.88,25631,3069.00,3107.00,3092.00,9.72,63.33,8.62,890.90
2026-09-09T20:39:55,3.88,25631,3095.00,3115.00,3106.00,9.62,63.04,8.41,890.84
2026-09-09T20:56:32,3.88,25631,3059.00,3106.00,3086.00,9.36,63.23,8.26,890.78
2026-09-09T21:13:10,3.89,25631,3003.00,3209.00,3090.50,9.89,61.16,8.42,890.75
2026-09-09T21:29:48,3.89,25631,3056.00,3108.00,3080.50,9.21,64.15,8.23,890.58
2026-09-09T21:46:25,3.89,25631,3085.00,3117.00,3101.00,9.42,63.26,8.09,890.40
2026-09-09T22:03:03,3.88,25631,3060.00,3106.00,3087.50,9.25,63.27,8.01,890.43
2026-09-09T22:19:41,3.89,25631,3002.00,3099.00,3079.50,9.56,62.40,8.01,890.35
2026-09-09T22:36:18,3.89,25631,3053.00,3107.00,3098.00,9.56,62.32,8.04,890.36
2026-09-09T22:52:56,3.88,25631,3098.00,3219.00,3108.50,9.11,63.85,7.91,890.32
2026-09-09T23:09:34,3.88,25631,3096.00,3109.00,3105.00,9.18,64.07,7.92,890.21
2026-09-09T23:26:11,3.89,25631,3092.00,3116.00,3105.00,9.24,63.66,7.97,890.18
2026-09-09T23:42:49,3.88,25631,3058.00,3107.00,3091.50,8.60,66.30,7.69,890.05
2026-09-09T23:59:27,3.88,25631,3087.00,3109.00,3104.00,8.49,67.30,7.51,890.04
2026-09-10T00:16:04,3.87,25631,3058.00,3217.00,3098.00,8.81,66.50,7.54,889.91
2026-09-10T00:32:42,3.87,25631,3090.00,3113.00,3104.00,8.28,68.14,7.34,889.80
2026-09-10T00:49:20,3.89,25631,3081.00,3111.00,3099.00,8.88,65.97,7.57,889.73
2026-09-10T01:05:58,3.88,25631,3209.00,3216.00,3214.00,8.60,67.39,7.49,889.71
2026-09-10T01:22:35,3.88,25631,3072.00,3219.00,3102.50,8.35,68.97,7.32,889.60
2026-09-10T01:39:13,3.88,25631,3089.00,3109.00,3102.00,8.24,69.20,7.28,889.52
2026-09-10T01:55:51,3.88,25631,3060.00,3111.00,3103.00,8.24,69.24,7.14,889.48
2026-09-10T02:12:28,3.88,25631,3086.00,3120.00,3101.00,8.50,68.62,7.30,889.40
2026-09-10T02:29:06,3.88,25631,3049.00,3208.00,3102.50,8.33,70.09,7.14,889.31
2026-09-10T02:45:44,3.88,25631,3079.00,3104.00,3092.50,8.71,69.09,7.35,889.12
2026-09-10T03:02:21,3.88,25631,3082.00,3217.00,3101.00,8.64,69.56,7.42,889.10
2026-09-10T03:18:59,3.88,25631,3079.00,3110.00,3094.00,8.31,70.24,7.35,888.93
2026-09-10T03:35:37,3.88,25631,3058.00,3114.00,3089.50,8.46,70.29,7.34,888.74
2026-09-10T03:52:15,3.88,25631,3072.00,3204.00,3104.50,8.41,70.46,7.31,888.66
2026-09-10T04:08:52,3.88,25631,3062.00,3113.00,3098.00,8.36,70.97,7.27,888.59
2026-09-10T04:25:30,3.88,25631,3076.00,3114.00,3096.00,8.76,69.17,7.35,888.57
2026-09-10T04:42:08,3.88,25631,3091.00,3125.00,3110.50,9.04,68.31,7.57,888.43
2026-09-10T04:58:45,3.88,25631,3092.00,3123.00,3102.00,9.05,68.54,7.70,888.35
2026-09-10T05:15:23,3.88,25631,3064.00,3124.00,3099.50,8.87,69.33,7.78,888.29
2026-09-10T05:32:01,3.88,25631,3033.00,3111.00,3098.50,8.45,70.75,7.46,888.24
2026-09-10T05:48:38,3.87,25631,3058.00,3109.00,3097.00,8.31,72.50,7.30,888.21
2026-09-10T06:05:16,3.88,25631,3086.00,3113.00,3100.50,8.38,72.11,7.30,888.16
2026-09-10T06:21:54,3.88,25631,3096.00,3113.00,3104.00,8.48,71.62,7.39,888.13
2026-09-10T06:38:32,3.87,25631,3085.00,3111.00,3099.50,8.04,73.35,7.19,888.09
2026-09-10T06:55:10,3.88,25631,3089.00,3113.00,3101.50,8.08,72.80,7.20,888.08
2026-09-10T07:11:48,3.89,25631,3058.00,3127.00,3102.00,8.60,71.29,7.53,888.02
2026-09-10T07:28:26,4.12,25631,3098.00,3115.00,3104.00,8.81,71.81,8.02,887.92
2026-09-10T07:45:04,4.12,25631,3094.00,3120.00,3105.00,9.60,68.08,12.79,888.19
2026-09-10T08:01:42,4.12,25631,3079.00,3129.00,3109.50,10.04,65.68,11.81,888.21
2026-09-10T08:18:20,4.12,25631,3130.00,3260.00,3142.00,10.99,63.42,16.61,887.97
2026-09-10T08:34:59,4.12,25631,3116.00,3166.00,3142.00,11.34,63.53,19.20,887.87
2026-09-10T08:51:36,4.12,25631,3122.00,3285.00,3157.00,11.15,65.42,19.92,887.72
2026-09-10T09:08:14,4.12,25631,3153.00,3283.00,3168.50,11.06,64.46,20.56,887.66
2026-09-10T09:24:52,4.12,25631,3131.00,3267.00,3164.00,11.10,64.21,20.26,887.55
2026-09-10T09:41:30,4.12,25631,3160.00,3369.00,3279.50,11.30,65.11,20.26,887.59
2026-09-10T09:58:08,4.12,25631,3239.00,3260.00,3251.50,13.02,61.48,20.81,887.84
2026-09-10T10:14:46,4.12,25631,3067.00,3345.00,3247.00,13.61,57.08,21.09,887.58
2026-09-10T10:31:24,4.13,25631,3152.00,3194.00,3180.00,12.83,58.31,20.54,887.50
2026-09-10T10:48:02,4.13,25631,3160.00,3214.00,3199.00,13.40,60.06,20.30,887.67
2026-09-10T11:04:40,4.13,25631,3151.00,3257.00,3176.00,13.06,59.63,18.53,887.41
2026-09-10T11:21:18,4.12,25631,3152.00,3258.00,3192.50,13.46,53.59,17.93,887.48
2026-09-10T11:37:56,4.12,25631,3134.00,3251.00,3189.00,13.86,53.60,18.20,887.41
2026-09-10T11:54:34,4.13,25631,3153.00,3265.00,3190.00,14.44,52.21,18.59,887.42
2026-09-10T12:11:12,4.13,25631,3099.00,3285.00,3266.50,14.30,51.52,18.72,887.19
2026-09-10T12:27:50,4.12,25631,3071.00,3285.00,3274.00,14.14,52.89,18.48,887.27
2026-09-10T12:44:28,4.12,25631,3134.00,3284.00,3175.00,14.19,52.08,18.48,887.22
2026-09-10T13:01:06,4.13,25631,3163.00,3337.00,3219.50,15.67,44.99,19.11,887.18
2026-09-10T13:17:44,4.13,25631,3140.00,3274.00,3181.00,15.91,44.67,19.11,887.04
2026-09-10T13:34:22,4.13,25631,3133.00,3216.00,3151.00,16.04,47.77,19.45,886.92
2026-09-10T13:51:00,4.13,25631,3110.00,3253.00,3155.50,15.87,49.39,19.50,887.03
2026-09-10T14:07:38,4.12,25631,3164.00,3293.00,3271.00,16.80,40.90,19.83,886.75
2026-09-10T14:24:16,4.13,25631,3123.00,3234.00,3230.50,17.42,45.41,19.82,886.84
2026-09-10T14:40:54,4.13,25631,3083.00,3255.00,3203.50,15.77,52.72,19.83,886.66
2026-09-10T14:57:32,4.13,25631,3044.00,3243.00,3201.50,16.52,49.74,19.49,886.58
2026-09-10T15:14:10,4.13,25631,3168.00,3275.00,3214.00,17.47,47.05,20.08,886.38
2026-09-10T15:30:48,4.13,25631,3086.00,3233.00,3149.50,17.59,46.64,19.92,886.27
2026-09-10T15:47:25,4.12,25631,3125.00,3253.00,3167.50,17.25,49.79,19.70,886.34
2026-09-10T16:04:03,4.13,25631,3145.00,3230.00,3212.50,17.71,46.65,19.72,886.09
2026-09-10T16:20:41,4.12,25631,3140.00,3247.00,3155.50,18.09,45.22,19.76,885.93
2026-09-10T16:37:19,4.13,25631,3121.00,3182.00,3144.00,17.19,48.20,19.42,885.80
2026-09-10T16:53:57,4.13,25631,3127.00,3170.00,3154.50,18.17,44.48,19.39,885.71
2026-09-10T17:10:35,4.13,25631,3115.00,3257.00,3163.00,18.60,46.80,19.13,885.64
2026-09-10T17:27:13,4.13,25631,3145.00,3248.00,3223.00,17.93,44.54,18.98,885.53
2026-09-10T17:43:51,4.01,25631,3128.00,3171.00,3154.50,17.23,44.16,18.28,885.49
2026-09-10T18:00:29,4.02,25631,3160.00,3187.00,3170.50,17.69,43.15,17.79,885.43
2026-09-10T18:17:07,3.91,25631,3121.00,3158.00,3144.50,15.95,47.09,17.10,885.48
2026-09-10T18:33:45,3.90,25631,3111.00,3149.00,3130.00,14.81,45.12,15.34,885.35
2026-09-10T18:50:23,3.89,25631,3035.00,3108.00,3091.00,12.51,49.74,13.31,885.45
2026-09-10T19:07:00,3.89,25631,3061.00,3096.00,3077.00,12.20,51.50,12.15,885.52
2026-09-10T19:23:38,3.89,25631,3074.00,3129.00,3083.50,12.54,50.08,11.74,885.48
2026-09-10T19:40:16,3.89,25631,3028.00,3078.00,3032.50,11.94,52.28,11.09,885.54
2026-09-10T19:56:53,3.89,25631,3086.00,3122.00,3110.50,12.06,52.14,10.82,885.67
2026-09-10T20:13:31,3.89,25631,3066.00,3138.00,3109.50,12.03,53.62,10.74,885.69
2026-09-10T20:30:08,3.89,25631,3072.00,3133.00,3111.00,11.96,54.17,10.72,885.79
2026-09-10T20:46:46,3.88,25631,3059.00,3130.00,3106.50,11.70,54.46,10.60,885.79
2026-09-10T21:03:24,3.89,25631,3072.00,3123.00,3094.00,11.78,55.17,10.51,885.74
2026-09-10T21:20:01,3.89,25631,3059.00,3117.00,3093.00,11.65,54.37,10.40,885.72
2026-09-10T21:36:39,3.89,25631,3071.00,3166.00,3125.00,11.89,54.96,10.42,885.72
2026-09-10T21:53:17,3.89,25631,3060.00,3121.00,3100.50,11.46,56.84,10.41,885.74
2026-09-10T22:09:54,3.88,25631,3069.00,3116.00,3090.50,10.90,58.93,10.09,885.71
2026-09-10T22:26:32,3.89,25631,3024.00,3111.00,3077.00,10.66,60.67,9.90,885.67
2026-09-10T22:43:10,3.89,25631,3026.00,3114.00,3077.00,10.87,60.32,9.87,885.62
2026-09-10T22:59:47,3.89,25631,3096.00,3121.00,3110.50,10.38,61.88,9.70,885.50
2026-09-10T23:16:25,3.88,25631,3094.00,3118.00,3107.50,11.03,60.92,9.73,885.52
2026-09-10T23:33:03,3.88,25631,3074.00,3138.00,3107.00,10.96,63.16,9.68,885.52
2026-09-10T23:49:40,3.89,25631,3081.00,3111.00,3094.00,10.93,61.96,9.66,885.45
2026-09-11T00:06:18,3.88,25631,3076.00,3136.00,3116.00,10.65,63.04,9.40,885.23
2026-09-11T00:22:56,3.88,25631,3059.00,3125.00,3091.50,10.55,60.19,9.43,885.17
2026-09-11T00:39:33,3.88,25631,3071.00,3136.00,3120.50,10.52,63.47,9.30,885.15
2026-09-11T00:56:11,3.88,25631,3067.00,3236.00,3110.50,10.32,63.72,9.10,885.06
2026-09-11T01:12:48,3.88,25631,3059.00,3119.00,3095.00,10.53,62.96,9.18,885.00
2026-09-11T01:29:26,3.88,25631,3105.00,3130.00,3118.50,10.25,63.58,9.08,884.94
2026-09-11T01:46:04,3.88,25631,3081.00,3126.00,3099.00,10.11,63.63,8.82,884.95
2026-09-11T02:02:41,3.88,25631,3098.00,3127.00,3108.50,10.08,64.29,8.81,884.81
2026-09-11T02:19:19,3.88,25631,3072.00,3132.00,3108.00,10.07,64.62,8.84,884.74
2026-09-11T02:35:57,3.88,25631,3069.00,3113.00,3084.00,9.69,64.84,8.80,884.61
2026-09-11T02:52:34,3.88,25631,3086.00,3113.00,3101.00,9.86,64.53,8.63,884.45
2026-09-11T03:09:12,3.88,25631,3089.00,3132.00,3118.50,9.94,64.17,8.71,884.28
2026-09-11T03:25:49,3.88,25631,3066.00,3141.00,3106.00,9.94,64.72,8.69,884.31
2026-09-11T03:42:27,3.87,25631,3070.00,3117.00,3101.50,10.12,64.07,8.76,884.31
2026-09-11T03:59:05,3.88,25631,3079.00,3131.00,3088.50,10.08,63.86,8.76,884.27
2026-09-11T04:15:42,3.89,25631,3070.00,3138.00,3112.00,9.67,65.67,8.74,884.17
2026-09-11T04:32:20,3.87,25631,3064.00,3214.00,3123.00,9.63,66.37,8.57,884.14
2026-09-11T04:48:58,3.88,25631,3056.00,3123.00,3090.50,8.88,68.47,8.20,884.12
2026-09-11T05:05:35,3.87,25631,3049.00,3106.00,3092.50,9.28,66.04,8.15,883.91
2026-09-11T05:22:13,3.88,25631,3059.00,3230.00,3091.00,9.43,68.64,8.20,883.72
2026-09-11T05:38:51,3.88,25631,3069.00,3107.00,3085.50,9.25,67.89,8.22,883.66
2026-09-11T05:55:28,3.88,25631,3064.00,3117.00,3099.50,9.28,68.17,8.20,883.64
2026-09-11T06:12:06,3.87,25631,3065.00,3125.00,3108.50,9.70,66.72,8.34,883.62
2026-09-11T06:28:44,3.88,25631,3061.00,3126.00,3092.00,9.86,66.58,8.56,883.52
2026-09-11T06:45:22,3.88,25631,3058.00,3129.00,3080.00,9.46,67.87,8.58,883.58
2026-09-11T07:02:00,3.89,25631,3059.00,3120.00,3103.50,9.52,66.47,8.72,883.63
2026-09-11T07:18:38,3.90,25631,3072.00,3119.00,3111.00,9.82,66.13,8.95,883.65
2026-09-11T07:35:16,4.12,25631,3070.00,3137.00,3123.50,10.58,67.15,9.43,883.57
2026-09-11T07:51:54,4.12,25631,3050.00,3214.00,3130.50,11.79,62.82,12.81,883.40
2026-09-11T08:08:32,4.12,25631,3144.00,3173.00,3155.00,12.49,61.78,15.33,883.85
2026-09-11T08:25:10,4.12,25631,3147.00,3166.00,3160.00,14.22,58.25,19.08,883.71
2026-09-11T08:41:48,4.12,25631,3156.00,3181.00,3172.50,14.74,58.75,21.69,883.61
2026-09-11T08:58:26,4.13,25631,3134.00,3258.00,3166.00,15.18,56.21,23.33,883.52
2026-09-11T09:15:04,4.13,25631,3181.00,3238.00,3196.50,16.18,54.78,25.33,883.48
2026-09-11T09:31:42,4.13,25631,3148.00,3340.00,3185.50,13.54,62.98,21.79,883.29
2026-09-11T09:48:20,4.13,25631,3105.00,3175.00,3164.00,15.26,56.20,23.73,883.44
2026-09-11T10:04:57,4.13,25631,3144.00,3272.00,3162.50,15.05,54.50,23.99,883.24
2026-09-11T10:21:35,4.13,25631,3147.00,3226.00,3168.50,15.26,58.42,23.14,883.33
2026-09-11T10:38:13,4.13,25631,3130.00,3251.00,3201.50,14.74,60.44,22.80,883.29
2026-09-11T10:54:51,4.12,25631,3150.00,3236.00,3195.50,13.89,63.65,20.93,883.30
2026-09-11T11:11:29,4.13,25631,3123.00,3176.00,3141.00,13.98,59.62,19.27,883.38
2026-09-11T11:28:07,4.13,25631,3159.00,3268.00,3187.00,14.02,63.57,19.17,883.37
2026-09-11T11:44:45,4.13,25631,3160.00,3505.00,3195.50,14.03,63.60,19.30,883.39
2026-09-11T12:01:23,4.13,25631,3167.00,3240.00,3211.00,14.82,59.10,19.32,883.44
2026-09-11T12:18:01,4.12,25631,3146.00,3240.00,3185.00,14.88,61.47,19.21,883.28
2026-09-11T12:34:39,4.13,25631,3130.00,3267.00,3213.00,16.04,56.70,19.53,883.29
2026-09-11T12:51:16,4.12,25631,3122.00,3329.00,3155.50,14.75,61.23,19.51,883.21
2026-09-11T13:07:54,4.12,25631,3131.00,3230.00,3176.00,16.66,55.42,19.71,883.27
2026-09-11T13:24:32,4.13,25631,3115.00,3231.00,3160.00,17.36,56.82,20.19,883.28
2026-09-11T13:41:10,4.12,25631,3175.00,3605.00,3234.50,18.24,55.48,20.57,883.32
2026-09-11T13:57:48,4.13,25631,3152.00,3351.00,3214.00,18.45,52.51,20.69,883.16
2026-09-11T14:14:26,4.13,25631,3121.00,3207.00,3162.50,17.39,55.66,20.48,883.18
2026-09-11T14:31:04,4.13,25631,3121.00,3245.00,3150.00,17.63,56.13,20.76,883.06
2026-09-11T14:47:42,4.13,25631,3142.00,3186.00,3168.50,19.11,53.63,21.23,883.17
2026-09-11T15:04:20,4.13,25631,3061.00,3128.00,3112.50,19.67,51.91,21.44,883.24
2026-09-11T15:20:57,4.13,25631,3135.00,3212.00,3143.50,18.80,50.79,21.49,882.99
2026-09-11T15:37:35,4.13,25631,3126.00,3201.00,3164.00,19.79,50.95,21.25,883.12
2026-09-11T15:54:13,4.13,25631,3128.00,3254.00,3178.00,17.56,56.50,20.75,883.03
2026-09-11T16:10:51,4.13,25631,3162.00,3683.00,3232.50,16.92,57.02,20.18,883.00
2026-09-11T16:27:29,4.13,25631,3110.00,3234.00,3159.50,18.70,52.71,19.94,883.02
2026-09-11T16:44:07,4.13,25631,3154.00,3420.00,3255.00,17.86,53.77,20.04,882.90
2026-09-11T17:00:45,4.12,25631,3145.00,3242.00,3159.50,17.01,56.24,19.43,882.87
2026-09-11T17:17:23,4.13,25631,3121.00,3185.00,3142.50,16.81,59.23,18.83,882.89
2026-09-11T17:34:00,4.12,25631,3140.00,3168.00,3153.50,17.47,56.11,18.53,882.96
2026-09-11T17:50:38,4.01,25631,3137.00,3157.00,3152.00,16.95,57.24,18.08,882.92
2026-09-11T18:07:16,3.91,25631,3128.00,3162.00,3142.50,16.08,59.78,17.45,882.89
2026-09-11T18:23:54,3.90,25631,3096.00,3144.00,3126.00,14.60,63.00,16.31,882.91
2026-09-11T18:40:32,3.89,25631,3074.00,3143.00,3096.00,13.10,67.28,14.24,882.98
2026-09-11T18:57:10,3.89,25631,3077.00,3120.00,3092.00,12.49,69.52,12.92,883.12
2026-09-11T19:13:47,3.89,25631,3064.00,3087.00,3081.50,12.24,69.50,12.08,883.27
2026-09-11T19:30:25,3.89,25631,3067.00,3100.00,3081.00,11.79,70.82,11.50,883.37
2026-09-11T19:47:02,3.89,25631,3058.00,3134.00,3087.00,12.27,69.11,11.37,883.54
2026-09-11T20:03:40,3.89,25631,3051.00,3105.00,3072.50,11.63,71.08,11.10,883.53
2026-09-11T20:20:17,3.89,25631,3072.00,3129.00,3112.00,11.79,70.82,10.94,883.73
2026-09-11T20:36:55,3.89,25631,3078.00,3129.00,3111.00,11.57,72.35,10.83,883.81
2026-09-11T20:53:33,3.89,25631,3077.00,3134.00,3120.00,11.51,73.27,10.72,883.88
2026-09-11T21:10:10,3.89,25631,3077.00,3122.00,3108.50,10.92,75.62,10.40,883.95
2026-09-11T21:26:48,3.89,25631,3062.00,3135.00,3114.00,10.93,76.47,10.26,884.08
2026-09-11T21:43:25,3.89,25631,3066.00,3128.00,3112.00,10.99,76.27,10.19,884.07
2026-09-11T22:00:03,3.88,25631,3068.00,3116.00,3091.50,10.89,76.37,10.13,884.02
2026-09-11T22:16:41,3.89,25631,3078.00,3133.00,3101.50,11.10,75.21,10.25,884.05
2026-09-11T22:33:18,3.89,25631,3094.00,3123.00,3108.50,10.79,76.71,10.14,884.20
2026-09-11T22:49:56,3.89,25631,3102.00,3126.00,3111.50,10.90,76.06,10.10,884.17
2026-09-11T23:06:34,3.89,25631,3108.00,3127.00,3120.50,10.59,76.94,10.01,884.17
2026-09-11T23:23:11,3.89,25631,3065.00,3116.00,3108.00,10.75,76.78,10.00,884.27
2026-09-11T23:39:49,3.89,25631,3065.00,3118.00,3109.00,10.45,78.12,9.84,884.28
2026-09-11T23:56:26,3.89,25631,3077.00,3116.00,3105.00,10.34,78.76,9.74,884.40
2026-09-12T00:13:04,3.88,25631,3098.00,3130.00,3109.50,10.60,77.74,9.81,884.49
2026-09-12T00:29:42,3.88,25631,3079.00,3122.00,3109.00,10.24,78.66,9.67,884.48
2026-09-12T00:46:19,3.89,25631,3079.00,3116.00,3108.00,10.32,78.42,9.74,884.51
2026-09-12T01:02:57,3.89,25631,3077.00,3126.00,3108.00,10.35,77.75,9.69,884.57
2026-09-12T01:19:34,3.88,25631,3056.00,3208.00,3104.50,9.98,79.42,9.55,884.64
2026-09-12T01:36:12,3.88,25631,3098.00,3120.00,3114.50,9.98,79.30,9.48,884.64
2026-09-12T01:52:50,3.89,25631,3062.00,3102.00,3076.50,9.98,79.85,9.39,884.73
2026-09-12T02:09:27,3.88,25631,3060.00,3112.00,3101.50,9.70,80.80,9.30,884.70
2026-09-12T02:26:05,3.88,25631,3079.00,3121.00,3106.00,9.76,79.79,9.29,884.69
2026-09-12T02:42:43,3.89,25631,3100.00,3126.00,3104.00,9.50,81.17,9.08,884.74
2026-09-12T02:59:20,3.88,25631,3088.00,3108.00,3102.00,9.31,82.71,8.84,884.75
2026-09-12T03:15:58,3.88,25631,3072.00,3112.00,3102.00,9.18,83.37,8.73,884.83
2026-09-12T03:32:35,3.88,25631,3052.00,3112.00,3102.50,8.67,85.51,8.44,884.98
2026-09-12T03:49:13,3.87,25631,3048.00,3103.00,3061.50,8.64,85.55,8.38,884.99
2026-09-12T04:05:51,3.88,25631,3069.00,3115.00,3099.00,9.03,84.29,8.39,884.98
2026-09-12T04:22:28,3.88,25631,3094.00,3108.00,3101.50,9.04,83.60,8.40,885.03
2026-09-12T04:39:06,3.88,25631,3081.00,3117.00,3101.00,8.96,83.25,8.34,885.06
2026-09-12T04:55:44,3.87,25631,3056.00,3107.00,3086.50,9.11,82.70,8.45,885.01
2026-09-12T05:12:21,3.88,25631,3071.00,3113.00,3091.00,8.87,84.41,8.43,885.16
2026-09-12T05:28:59,3.88,25631,3083.00,3116.00,3093.00,8.52,85.83,8.14,885.42
2026-09-12T05:45:37,3.88,25631,3084.00,3107.00,3096.50,8.49,85.56,8.10,885.41
2026-09-12T06:02:14,3.87,25631,3074.00,3104.00,3093.50,8.43,86.54,7.97,885.47
2026-09-12T06:18:52,3.88,25631,3091.00,3106.00,3100.50,8.36,86.55,7.86,885.52
2026-09-12T06:35:30,3.87,25631,3081.00,3097.00,3091.50,7.94,88.25,7.58,885.63
2026-09-12T06:52:08,3.89,25631,3079.00,3118.00,3093.00,7.74,88.02,7.38,885.71
2026-09-12T07:08:46,3.89,25631,3090.00,3119.00,3102.00,7.59,89.66,7.32,885.74
2026-09-12T07:25:24,4.11,25631,3074.00,3107.00,3090.00,7.83,89.04,7.72,885.87
2026-09-12T07:42:02,4.11,25631,3073.00,3098.00,3086.00,8.53,87.68,10.10,886.23
2026-09-12T07:58:41,4.12,25631,3079.00,3175.00,3109.00,9.34,84.10,9.57,886.25
2026-09-12T08:15:19,4.12,25631,3082.00,3218.00,3115.00,10.27,78.76,14.15,886.26
2026-09-12T08:31:57,4.12,25631,3096.00,3263.00,3147.00,10.83,77.17,16.89,885.96
2026-09-12T08:48:35,4.12,25631,3098.00,3273.00,3141.00,11.76,75.19,19.42,886.24
2026-09-12T09:05:13,4.12,25631,3142.00,3295.00,3182.00,11.58,76.55,19.08,886.34
2026-09-12T09:21:51,4.12,25631,3156.00,3185.00,3174.50,11.91,75.60,21.60,886.39
2026-09-12T09:38:29,4.13,25631,3163.00,3345.00,3239.50,12.91,72.53,22.37,886.31
2026-09-12T09:55:07,4.12,25631,3142.00,3176.00,3156.00,11.79,76.43,21.24,886.22
2026-09-12T10:11:45,4.12,25631,3156.00,3347.00,3169.00,11.99,74.89,19.98,886.25
2026-09-12T10:28:23,4.13,25631,3127.00,3244.00,3204.50,12.55,75.29,20.16,886.58
2026-09-12T10:45:01,4.12,25631,3115.00,3570.00,3184.00,11.34,76.60,19.58,886.62
2026-09-12T11:01:39,4.13,25631,3184.00,3403.00,3229.50,11.57,79.49,17.93,886.64
2026-09-12T11:18:17,4.12,25631,3118.00,3204.00,3142.00,11.04,80.19,16.71,886.78
2026-09-12T11:34:55,4.12,25631,3144.00,3349.00,3190.00,10.93,80.08,17.02,886.86
2026-09-12T11:51:33,4.12,25631,3160.00,3611.00,3238.50,11.10,81.16,16.42,887.15
2026-09-12T12:08:11,4.12,25631,3158.00,3349.00,3200.50,11.86,79.13,16.79,887.05
2026-09-12T12:24:49,4.12,25631,3109.00,3207.00,3127.50,11.04,82.91,15.73,887.06
2026-09-12T12:41:27,4.12,25631,3231.00,3317.00,3279.00,11.07,83.19,14.91,887.13
2026-09-12T12:58:05,4.12,25631,3094.00,3236.00,3162.50,11.87,81.89,15.48,887.19
2026-09-12T13:14:43,4.12,25631,3096.00,3297.00,3240.50,12.37,78.41,16.20,887.12
2026-09-12T13:31:21,4.12,25631,3080.00,3198.00,3139.00,11.69,80.79,16.21,886.97
2026-09-12T13:47:59,4.12,25631,3125.00,3611.00,3139.00,10.86,82.94,15.33,886.95
2026-09-12T14:04:37,4.12,25631,3078.00,3193.00,3131.00,10.94,81.90,14.44,887.17
2026-09-12T14:21:15,4.12,25631,3077.00,3259.00,3123.50,10.83,84.50,14.11,887.06
2026-09-12T14:37:54,4.12,25631,3104.00,3169.00,3129.50,11.20,80.99,14.86,887.14
2026-09-12T14:54:32,4.12,25631,3108.00,3166.00,3130.00,10.48,83.82,14.58,887.14
2026-09-12T15:11:10,4.12,25631,3111.00,3217.00,3143.50,10.86,82.83,14.63,887.18
2026-09-12T15:27:48,4.12,25631,3165.00,3329.00,3271.00,10.96,82.67,14.26,887.13
2026-09-12T15:44:26,4.13,25631,3105.00,3139.00,3120.50,10.35,84.41,13.30,887.19
2026-09-12T16:01:04,4.12,25631,3094.00,3136.00,3113.00,10.05,86.11,12.57,887.30
2026-09-12T16:17:43,4.12,25631,3104.00,3143.00,3124.00,10.02,86.42,12.38,887.14
2026-09-12T16:34:21,4.12,25631,3105.00,3260.00,3137.00,9.89,87.64,12.13,887.08
2026-09-12T16:50:59,4.01,25631,3146.00,3277.00,3232.00,9.50,88.26,11.55,887.18
2026-09-12T17:07:37,3.88,25631,3119.00,3248.00,3131.50,9.36,88.43,11.00,887.24
2026-09-12T17:24:15,3.89,25631,3107.00,3135.00,3122.50,9.10,89.76,10.32,887.30
2026-09-12T17:40:53,3.89,25631,3090.00,3128.00,3109.50,9.18,89.95,10.10,887.16
2026-09-12T17:57:31,3.89,25631,3104.00,3258.00,3141.00,9.08,89.88,10.05,887.06
2026-09-12T18:14:09,3.89,25631,3083.00,3122.00,3108.50,8.91,90.72,9.93,887.24
2026-09-12T18:30:47,3.89,25631,3071.00,3110.00,3103.50,8.98,91.05,9.68,887.19
2026-09-12T18:47:25,3.89,25631,3084.00,3117.00,3098.50,8.87,90.75,9.43,887.25
2026-09-12T19:04:02,3.89,25631,3082.00,3107.00,3097.50,8.50,92.05,9.05,887.31
2026-09-12T19:20:40,3.89,25631,3088.00,3104.00,3095.00,8.35,93.28,8.57,887.51
2026-09-12T19:37:18,3.89,25631,3054.00,3095.00,3085.00,8.11,93.16,8.37,887.65
2026-09-12T19:53:56,3.89,25631,3075.00,3105.00,3095.50,8.15,93.44,8.35,887.83
2026-09-12T20:10:33,3.89,25631,3051.00,3103.00,3091.50,8.29,93.69,8.37,887.92
2026-09-12T20:27:11,3.89,25631,3068.00,3106.00,3095.00,8.24,94.03,8.44,888.17
2026-09-12T20:43:49,3.89,25631,3069.00,3109.00,3093.00,8.21,93.70,8.47,888.28
2026-09-12T21:00:26,3.89,25631,3052.00,3106.00,3093.50,8.04,94.13,8.38,888.20
2026-09-12T21:17:04,3.89,25631,3050.00,3101.00,3072.00,7.90,94.72,8.18,888.26
2026-09-12T21:33:42,3.89,25631,3077.00,3100.00,3092.00,7.87,95.10,8.02,888.30
2026-09-12T21:50:19,3.89,25631,3086.00,3102.00,3096.50,7.83,95.30,8.04,888.46
2026-09-12T22:06:57,3.89,25631,3052.00,3101.00,3088.00,7.83,95.48,8.08,888.60
2026-09-12T22:23:35,3.89,25631,3056.00,3099.00,3082.50,7.83,95.58,8.06,888.65
2026-09-12T22:40:12,3.89,25631,3052.00,3097.00,3089.50,7.95,95.69,8.13,888.73
2026-09-12T22:56:50,3.89,25631,3052.00,3100.00,3091.00,7.94,95.54,8.19,888.66
2026-09-12T23:13:28,3.89,25631,3055.00,3113.00,3086.50,7.67,95.55,8.11,888.73
2026-09-12T23:30:05,3.89,25631,3061.00,3098.00,3088.00,7.80,95.90,8.06,888.74
2026-09-12T23:46:43,3.89,25631,3046.00,3103.00,3072.50,7.80,95.97,8.02,888.74
2026-09-13T00:03:21,3.88,25631,3055.00,3100.00,3070.00,7.74,95.98,7.97,888.97
2026-09-13T00:19:58,3.89,25631,3065.00,3099.00,3072.50,7.64,96.02,7.75,888.92
2026-09-13T00:36:36,3.88,25631,3062.00,3100.00,3084.50,7.08,95.73,7.21,888.74
2026-09-13T00:53:14,3.89,25631,3045.00,3109.00,3088.00,7.09,95.94,7.01,888.90
2026-09-13T01:09:52,3.88,25631,3062.00,3101.00,3089.00,7.29,96.18,7.16,888.90
2026-09-13T01:26:29,3.89,25631,3058.00,3100.00,3092.00,7.28,96.29,7.31,888.95
2026-09-13T01:43:07,3.89,25631,3084.00,3101.00,3091.00,7.22,96.42,7.36,889.05
2026-09-13T01:59:45,3.88,25631,3063.00,3100.00,3089.00,7.28,96.55,7.42,889.22
2026-09-13T02:16:22,3.88,25631,3076.00,3104.00,3089.00,7.11,96.57,7.38,889.29
2026-09-13T02:33:00,3.88,25631,3082.00,3103.00,3089.50,6.94,96.60,7.27,889.28
2026-09-13T02:49:38,3.88,25631,3072.00,3100.00,3088.50,6.83,96.69,7.08,889.30
2026-09-13T03:06:15,3.88,25631,3078.00,3110.00,3083.00,6.66,96.76,6.67,889.38
2026-09-13T03:22:53,3.88,25631,3072.00,3110.00,3088.00,6.67,96.86,6.32,889.60
2026-09-13T03:39:31,3.88,25631,3078.00,3122.00,3107.00,6.21,96.83,6.15,889.69
2026-09-13T03:56:09,3.88,25631,3065.00,3115.00,3105.50,6.08,96.91,5.89,889.76
2026-09-13T04:12:46,3.88,25631,3081.00,3124.00,3102.00,6.30,97.00,6.18,889.77
2026-09-13T04:29:24,3.88,25631,3071.00,3120.00,3099.00,5.94,96.94,6.01,889.81
2026-09-13T04:46:02,3.88,25631,3049.00,3206.00,3088.00,6.43,97.11,6.18,890.00
2026-09-13T05:02:40,3.88,25631,3036.00,3109.00,3080.00,6.52,97.13,6.44,890.02
2026-09-13T05:19:17,3.88,25631,3049.00,3101.00,3070.50,6.49,97.14,6.55,890.05
2026-09-13T05:35:55,3.88,25631,3078.00,3119.00,3091.00,6.46,97.19,6.58,890.09
2026-09-13T05:52:33,3.88,25631,3050.00,3103.00,3072.00,6.50,97.22,6.59,890.04
2026-09-13T06:09:10,3.88,25631,3060.00,3098.00,3073.00,6.32,97.21,6.56,890.02
2026-09-13T06:25:48,3.88,25631,3064.00,3119.00,3071.50,6.22,97.22,6.50,890.11
2026-09-13T06:42:26,3.87,25631,3066.00,3116.00,3073.50,6.26,97.29,6.53,890.25
2026-09-13T06:59:04,3.88,25631,3070.00,3116.00,3077.00,6.23,97.29,6.60,890.47
2026-09-13T07:15:42,3.88,25631,3069.00,3121.00,3096.00,6.35,97.37,6.80,890.59
2026-09-13T07:32:20,3.89,25631,3079.00,3110.00,3086.00,6.23,97.38,6.88,890.59
2026-09-13T07:48:58,3.90,25631,3071.00,3090.00,3082.50,6.43,97.42,7.14,890.75
2026-09-13T08:05:36,4.11,25631,3085.00,3123.00,3090.50,6.60,97.44,7.50,890.84
2026-09-13T08:22:15,4.11,25631,3083.00,3135.00,3106.50,6.21,97.38,7.66,890.78
2026-09-13T08:38:53,4.12,25631,3082.00,3142.00,3102.00,7.09,97.51,8.91,890.85
2026-09-13T08:55:31,4.11,25631,3075.00,3137.00,3116.50,6.95,97.52,9.29,890.84
2026-09-13T09:12:10,4.12,25631,3103.00,3136.00,3115.50,7.60,97.55,9.78,890.94
2026-09-13T09:28:48,4.12,25631,3083.00,3128.00,3115.00,7.57,97.47,10.73,890.92
2026-09-13T09:45:26,4.12,25631,3059.00,3124.00,3083.50,7.47,97.20,11.16,890.89
2026-09-13T10:02:04,4.12,25631,3056.00,3122.00,3107.50,7.94,96.87,11.21,891.06
2026-09-13T10:18:43,4.12,25631,3062.00,3127.00,3106.00,8.63,95.54,11.81,891.09
2026-09-13T10:35:21,4.12,25631,3087.00,3134.00,3114.00,9.42,91.48,13.44,891.00
2026-09-13T10:51:59,4.12,25631,3112.00,3145.00,3126.50,9.03,91.64,13.87,891.04
2026-09-13T11:08:37,4.12,25631,3108.00,3141.00,3126.50,9.39,90.09,13.86,891.13
2026-09-13T11:25:15,4.12,25631,3068.00,3184.00,3122.00,10.73,85.40,15.15,891.04
2026-09-13T11:41:53,4.12,25631,3099.00,3147.00,3139.50,11.46,85.03,16.19,891.05
2026-09-13T11:58:31,4.12,25631,3099.00,3250.00,3223.50,11.45,84.43,16.04,890.92
2026-09-13T12:15:09,4.12,25631,3152.00,3185.00,3161.50,14.01,77.79,16.76,890.94
2026-09-13T12:31:47,4.12,25631,3151.00,3217.00,3179.00,14.44,73.78,17.48,890.91
2026-09-13T12:48:25,4.12,25631,3139.00,3263.00,3199.50,13.47,73.72,17.95,890.76
2026-09-13T13:05:03,4.13,25631,3121.00,3322.00,3152.00,15.49,70.38,18.29,890.76
2026-09-13T13:21:41,4.12,25631,3105.00,3226.00,3175.50,16.32,61.06,18.63,890.71
2026-09-13T13:38:19,4.13,25631,3142.00,3247.00,3171.00,16.67,60.39,18.87,890.59
2026-09-13T13:54:57,4.13,25631,3134.00,3257.00,3153.00,17.04,61.63,19.25,890.69
2026-09-13T14:11:35,4.13,25631,3103.00,3212.00,3159.50,15.95,65.21,19.24,890.65
2026-09-13T14:28:13,4.13,25631,3132.00,3186.00,3166.50,17.73,58.33,19.51,890.67
2026-09-13T14:44:51,4.13,25631,3110.00,3143.00,3127.00,16.88,60.63,19.63,890.65
2026-09-13T15:01:29,4.13,25631,3109.00,3350.00,3184.00,16.08,61.34,19.50,890.35
2026-09-13T15:18:07,4.13,25631,3098.00,3138.00,3120.50,16.18,59.75,19.07,890.62
2026-09-13T15:34:45,4.13,25631,3120.00,3136.00,3126.00,16.63,58.94,18.96,890.62
2026-09-13T15:51:23,4.12,25631,3135.00,3191.00,3160.00,17.29,57.30,19.24,890.70
2026-09-13T16:08:01,4.13,25631,3134.00,3168.00,3146.50,17.63,56.45,19.27,890.65
2026-09-13T16:24:39,4.13,25631,3144.00,3170.00,3156.00,17.46,55.15,19.08,890.69
2026-09-13T16:41:17,4.13,25631,3132.00,3242.00,3164.00,17.98,56.74,19.06,890.64
2026-09-13T16:57:55,4.13,25631,3163.00,3216.00,3169.00,17.00,55.35,18.41,890.60
2026-09-13T17:14:33,4.13,25631,3157.00,3293.00,3214.50,14.96,63.33,17.94,890.50
2026-09-13T17:31:11,4.12,25631,3143.00,3183.00,3169.00,15.26,63.81,17.07,890.57
2026-09-13T17:47:49,4.01,25631,3156.00,3181.00,3163.00,15.36,61.61,16.49,890.57
2026-09-13T18:04:27,3.91,25631,3113.00,3283.00,3142.50,14.01,63.12,15.92,890.52
2026-09-13T18:21:05,3.90,25631,3107.00,3143.00,3128.50,13.28,66.14,14.76,890.55
2026-09-13T18:37:42,3.89,25631,3096.00,3241.00,3137.50,11.61,69.90,12.74,890.54
2026-09-13T18:54:20,3.89,25631,3095.00,3229.00,3115.00,11.25,72.46,11.59,890.60
2026-09-13T19:10:58,3.89,25631,3084.00,3120.00,3114.00,11.01,71.16,10.91,890.74
2026-09-13T19:27:36,3.89,25631,3060.00,3115.00,3093.50,10.55,72.14,10.20,890.73
2026-09-13T19:44:13,3.89,25631,3097.00,3124.00,3113.50,10.29,70.92,9.81,890.93
2026-09-13T20:00:51,3.89,25631,3026.00,3218.00,3113.50,10.73,68.32,9.96,890.83
2026-09-13T20:17:28,3.89,25631,3079.00,3120.00,3102.50,10.55,66.50,9.93,890.94
2026-09-13T20:34:06,3.89,25631,3026.00,3215.00,3099.50,10.73,65.48,9.96,890.97
2026-09-13T20:50:44,3.89,25631,3112.00,3134.00,3121.00,10.29,66.86,9.58,890.95
2026-09-13T21:07:21,3.89,25631,3075.00,3211.00,3124.50,10.31,65.39,9.31,890.96
2026-09-13T21:23:59,3.88,25631,3025.00,3112.00,3095.00,10.25,64.12,9.20,890.95
2026-09-13T21:40:36,3.89,25631,3092.00,3127.00,3112.00,9.94,65.80,8.96,890.93
2026-09-13T21:57:14,3.89,25631,3095.00,3127.00,3113.50,9.93,67.10,8.85,890.92
2026-09-13T22:13:52,3.89,25631,3003.00,3118.00,3097.50,9.69,66.02,8.70,890.86
2026-09-13T22:30:29,3.88,25631,3105.00,3225.00,3137.00,9.59,68.98,8.55,890.89
2026-09-13T22:47:07,3.88,25631,3026.00,3218.00,3103.00,9.32,70.21,8.41,890.85
2026-09-13T23:03:45,3.88,25631,3022.00,3211.00,3210.00,9.19,70.02,8.24,890.96
2026-09-13T23:20:22,3.88,25631,3015.00,3094.00,3031.00,9.53,68.77,8.22,890.99
2026-09-13T23:37:00,3.88,25631,3016.00,3116.00,3087.50,9.79,66.90,8.38,890.95
2026-09-13T23:53:38,3.89,25631,3087.00,3117.00,3106.50,9.83,66.29,8.56,891.02
2026-09-14T00:10:15,3.88,25631,3051.00,3220.00,3126.00,9.32,68.03,8.40,891.00
2026-09-14T00:26:53,3.88,25631,3065.00,3216.00,3114.00,9.07,66.59,8.11,891.03
2026-09-14T00:43:30,3.88,25631,3106.00,3129.00,3114.50,9.43,64.28,8.14,891.04
2026-09-14T01:00:08,3.88,25631,3098.00,3126.00,3107.50,8.94,65.75,8.06,891.03
2026-09-14T01:16:46,3.88,25631,3076.00,3118.00,3104.50,9.04,64.30,7.96,891.11
2026-09-14T01:33:23,3.88,25631,3043.00,3209.00,3116.50,9.04,64.65,7.94,891.19
2026-09-14T01:50:01,3.88,25631,3053.00,3214.00,3118.50,9.07,64.69,7.92,891.26
2026-09-14T02:06:39,3.88,25631,3048.00,3221.00,3111.50,9.03,64.35,7.88,891.25
2026-09-14T02:23:16,3.88,25631,3093.00,3123.00,3108.00,9.26,62.77,7.92,891.24
2026-09-14T02:39:54,3.88,25631,3102.00,3133.00,3124.50,8.74,64.36,7.79,891.19
2026-09-14T02:56:32,3.88,25631,3089.00,3215.00,3114.50,8.76,63.49,7.63,891.20
2026-09-14T03:13:09,3.88,25631,3115.00,3213.00,3122.50,9.04,62.74,7.67,891.23
2026-09-14T03:29:47,3.87,25631,3099.00,3217.00,3114.50,8.36,65.11,7.44,891.22
2026-09-14T03:46:25,3.88,25631,3103.00,3124.00,3120.50,8.67,64.73,7.35,891.24
2026-09-14T04:03:02,3.88,25631,3050.00,3116.00,3106.00,8.36,64.57,7.22,891.39
2026-09-14T04:19:40,3.87,25631,3100.00,3137.00,3113.50,8.41,63.31,7.20,891.40
2026-09-14T04:36:18,3.87,25631,3061.00,3216.00,3107.00,8.54,62.72,7.30,891.48
2026-09-14T04:52:55,3.86,25631,3100.00,3127.00,3112.50,8.31,62.93,7.21,891.60
2026-09-14T05:09:33,3.86,25631,3081.00,3216.00,3212.00,8.08,62.92,7.10,891.56
2026-09-14T05:26:11,3.86,25631,3053.00,3215.00,3093.50,8.42,61.53,7.12,891.55
2026-09-14T05:42:49,3.86,25631,3064.00,3215.00,3097.00,7.97,62.87,7.01,891.50
2026-09-14T05:59:26,3.87,25631,3049.00,3133.00,3116.50,8.66,60.31,7.10,891.58
2026-09-14T06:16:04,3.87,25631,3061.00,3136.00,3122.50,8.50,60.73,7.16,891.66
2026-09-14T06:32:42,3.88,25631,3063.00,3122.00,3112.00,8.33,61.64,7.18,891.72
2026-09-14T06:49:20,3.88,25631,3078.00,3218.00,3114.50,8.36,61.74,7.30,891.71
2026-09-14T07:05:58,3.87,25631,3059.00,3218.00,3095.00,8.24,62.05,7.43,891.75
2026-09-14T07:22:36,3.89,25631,3085.00,3121.00,3108.00,8.57,60.32,7.59,891.85
2026-09-14T07:39:14,4.12,25631,3091.00,3131.00,3112.00,9.29,59.48,10.18,892.26
2026-09-14T07:55:52,4.12,25631,3124.00,3144.00,3139.00,10.02,58.80,9.92,892.05
2026-09-14T08:12:30,4.12,25631,3133.00,3155.00,3144.50,11.35,57.29,14.72,892.17
2026-09-14T08:29:09,4.12,25631,3129.00,3163.00,3150.50,12.20,59.81,17.75,892.15
2026-09-14T08:45:46,4.12,25631,3160.00,3183.00,3170.50,13.53,52.70,20.71,892.04
2026-09-14T09:02:24,4.13,25631,3121.00,3185.00,3159.00,13.69,61.75,22.29,892.04
2026-09-14T09:19:02,4.13,25631,3158.00,3294.00,3192.50,14.09,61.78,23.38,891.93
2026-09-14T09:35:40,4.13,25631,3152.00,3189.00,3180.00,13.79,55.20,23.46,891.84
2026-09-14T09:52:18,4.13,25631,3147.00,3251.00,3179.00,13.11,57.21,22.39,891.92
2026-09-14T10:08:56,4.13,25631,3151.00,3198.00,3178.50,12.16,65.96,20.70,892.08
2026-09-14T10:25:34,4.13,25631,3117.00,3265.00,3225.50,12.14,64.39,20.10,892.08
2026-09-14T10:42:12,4.13,25631,3117.00,3188.00,3154.00,11.10,69.27,19.45,892.05
2026-09-14T10:58:50,4.12,25631,3097.00,3243.00,3191.50,11.50,68.39,17.59,892.22
2026-09-14T11:15:28,4.13,25631,3057.00,3257.00,3218.00,11.41,70.33,16.74,892.28
2026-09-14T11:32:06,4.12,25631,3117.00,3210.00,3163.00,12.20,69.75,17.02,892.30
2026-09-14T11:48:44,4.13,25631,3078.00,3288.00,3177.00,12.54,73.08,17.57,892.23
2026-09-14T12:05:22,4.13,25631,3088.00,3230.00,3147.00,14.27,68.21,18.00,892.23
2026-09-14T12:22:00,4.12,25631,3148.00,3219.00,3177.00,15.03,64.49,18.51,892.12
2026-09-14T12:38:38,4.12,25631,3146.00,3264.00,3198.00,14.45,61.32,18.90,892.30
2026-09-14T12:55:16,4.12,25631,3154.00,3230.00,3165.00,15.35,65.37,19.27,892.27
2026-09-14T13:11:54,4.14,25631,3168.00,3293.00,3239.00,15.81,62.57,19.46,892.29
2026-09-14T13:28:31,4.13,25631,3120.00,3228.00,3195.00,15.22,63.25,19.58,892.26
2026-09-14T13:45:09,4.13,25631,3121.00,3221.00,3159.50,15.74,63.56,19.71,892.12
2026-09-14T14:01:47,4.13,25631,3105.00,3220.00,3180.00,15.54,65.62,19.31,892.34
2026-09-14T14:18:25,4.13,25631,3042.00,3240.00,3150.50,14.67,67.08,18.48,892.32
2026-09-14T14:35:03,4.13,25631,3094.00,3133.00,3115.00,16.77,59.77,19.18,892.37
2026-09-14T14:51:41,4.13,25631,3187.00,3236.00,3204.50,16.00,62.75,19.45,892.24
2026-09-14T15:08:19,4.12,25631,3078.00,3204.00,3111.50,16.84,61.22,19.36,892.25
2026-09-14T15:24:57,4.13,25631,3094.00,3142.00,3117.00,15.91,63.08,19.30,892.23
2026-09-14T15:41:35,4.12,25631,3106.00,3149.00,3129.50,16.55,61.71,19.13,892.33
2026-09-14T15:58:13,4.12,25631,3081.00,3268.00,3236.00,17.97,57.75,19.23,892.30
2026-09-14T16:14:51,4.12,25631,3120.00,3173.00,3157.00,16.87,60.88,19.24,892.20
2026-09-14T16:31:29,4.12,25631,3094.00,3183.00,3166.00,17.04,60.04,18.87,892.13
2026-09-14T16:48:07,4.13,25631,3152.00,3193.00,3172.00,16.42,62.84,18.78,892.23
2026-09-14T17:04:45,4.12,25631,3119.00,3320.00,3269.00,14.40,67.85,18.10,891.89
2026-09-14T17:21:23,4.12,25631,3107.00,3153.00,3138.00,13.58,71.10,16.83,892.14
2026-09-14T17:38:01,4.12,25631,3131.00,3176.00,3150.50,14.91,67.67,16.54,892.15
2026-09-14T17:54:39,3.87,25631,3140.00,3150.00,3144.00,13.02,71.09,15.16,892.01
2026-09-14T18:11:17,3.90,25631,3107.00,3131.00,3127.00,11.08,80.25,13.21,892.09
2026-09-14T18:27:55,3.89,25631,3044.00,3137.00,3117.00,10.99,80.00,12.17,892.05
2026-09-14T18:44:33,3.89,25631,3106.00,3121.00,3114.00,9.52,82.89,10.77,892.04
2026-09-14T19:01:10,3.89,25631,3018.00,3217.00,3092.00,9.00,85.60,9.64,892.01
2026-09-14T19:17:48,3.89,25631,3027.00,3106.00,3072.00,8.59,86.79,8.88,892.02
2026-09-14T19:34:25,3.89,25631,3029.00,3115.00,3101.00,8.50,87.98,8.43,892.04
2026-09-14T19:51:03,3.89,25631,3028.00,0.00,3090.50,8.22,87.61,8.12,892.13
2026-09-14T20:07:41,3.89,25631,3020.00,3096.00,3091.00,8.41,89.53,7.91,892.09
2026-09-14T20:24:18,3.89,25631,3027.00,3107.00,3090.00,8.39,88.73,7.84,892.07
2026-09-14T20:40:56,3.89,25631,3081.00,3105.00,3099.50,7.91,89.30,7.57,892.00
2026-09-14T20:57:34,3.89,25631,3085.00,3103.00,3098.00,8.04,88.85,7.45,892.07
2026-09-14T21:14:12,3.89,25631,3084.00,3123.00,3097.50,7.76,89.82,7.33,891.91
2026-09-14T21:30:49,3.88,25631,3084.00,3116.00,3103.00,7.84,89.46,7.26,891.78
2026-09-14T21:47:27,3.88,25631,3095.00,3117.00,3106.00,7.73,89.76,7.20,891.66
2026-09-14T22:04:05,3.89,25631,3093.00,3122.00,3104.50,7.59,90.13,7.06,891.71
2026-09-14T22:20:42,3.88,25631,3100.00,3127.00,3109.00,7.64,90.46,6.97,891.68
2026-09-14T22:37:20,3.89,25631,3104.00,3129.00,3113.50,7.40,91.22,6.82,891.56
2026-09-14T22:53:58,3.89,25631,3098.00,3123.00,3112.50,7.33,92.59,6.70,891.50
2026-09-14T23:10:36,3.88,25631,3106.00,3125.00,3114.00,7.29,91.48,6.70,891.41
2026-09-14T23:27:13,3.88,25631,3098.00,3129.00,3117.50,7.33,91.77,6.74,891.47
2026-09-14T23:43:51,3.88,25631,3110.00,3136.00,3120.00,7.16,91.73,6.67,891.43
2026-09-15T00:00:29,3.88,25631,3045.00,3208.00,3064.00,7.00,92.89,6.48,891.45
2026-09-15T00:17:06,3.88,25631,3045.00,3113.00,3082.00,6.66,92.84,6.32,891.36
2026-09-15T00:33:44,3.88,25631,3057.00,3095.00,3082.50,6.71,93.87,6.26,891.32
2026-09-15T00:50:22,3.88,25631,3061.00,3217.00,3080.50,6.70,94.46,6.11,891.32
2026-09-15T01:07:00,3.88,25631,3035.00,3218.00,3135.00,6.63,94.73,6.02,891.22
2026-09-15T01:23:37,3.88,25631,3072.00,3164.00,3089.50,6.43,94.93,6.05,891.14
2026-09-15T01:40:15,3.88,25631,3075.00,3102.00,3088.00,6.40,95.11,5.94,891.16
2026-09-15T01:56:53,3.88,25631,3086.00,3114.00,3100.00,6.32,95.30,5.84,891.23
2026-09-15T02:13:31,3.88,25631,3095.00,3113.00,3105.50,6.22,95.42,5.68,891.17
2026-09-15T02:30:08,3.88,25631,3094.00,3114.00,3107.50,6.18,95.59,5.61,891.21
2026-09-15T02:46:46,3.88,25631,3104.00,3117.00,3109.00,5.94,95.63,5.68,891.16
2026-09-15T03:03:24,3.87,25631,3111.00,3125.00,3117.00,6.19,95.82,5.67,891.12
2026-09-15T03:20:02,3.88,25631,3110.00,3124.00,3115.00,6.35,95.93,5.86,891.12
2026-09-15T03:36:39,3.88,25631,3107.00,3123.00,3114.50,6.18,95.74,5.82,891.10
2026-09-15T03:53:17,3.88,25631,3105.00,3119.00,3111.00,6.43,95.83,5.81,891.21
2026-09-15T04:09:55,3.88,25631,3109.00,3131.00,3122.00,6.42,95.26,5.96,891.28
2026-09-15T04:26:33,3.87,25631,3100.00,3132.00,3119.00,6.19,95.28,5.88,891.21
2026-09-15T04:43:10,3.88,25631,3123.00,3240.00,3133.50,6.58,94.79,5.94,891.26
2026-09-15T04:59:48,3.88,25631,3086.00,3246.00,3127.00,6.52,93.65,5.92,891.19
2026-09-15T05:16:26,3.87,25631,3082.00,3127.00,3118.50,6.12,94.29,5.70,891.12
2026-09-15T05:33:04,3.88,25631,3060.00,3139.00,3074.50,6.19,94.55,5.62,891.14
2026-09-15T05:49:41,3.87,25631,3065.00,3116.00,3101.50,6.35,94.36,5.60,891.18
2026-09-15T06:06:19,3.87,25631,3056.00,3114.00,3077.50,6.66,92.64,5.69,891.13
2026-09-15T06:22:57,3.85,25631,3066.00,3088.00,3081.50,6.32,92.91,5.69,891.10
2026-09-15T06:39:35,3.88,25631,3062.00,3113.00,3075.00,6.57,92.88,5.74,891.16
2026-09-15T06:56:13,3.87,25631,3068.00,3089.00,3077.50,6.69,91.57,5.99,891.13
2026-09-15T07:12:51,3.88,25631,3069.00,3084.00,3078.50,6.87,91.37,6.25,891.14
2026-09-15T07:29:29,4.11,25631,3069.00,3097.00,3081.50,7.32,90.18,6.56,891.15
2026-09-15T07:46:08,4.11,25631,3088.00,3292.00,3192.00,8.22,85.70,8.71,890.94
2026-09-15T08:02:46,4.11,25631,3085.00,3117.00,3093.00,8.83,86.64,10.49,891.23
2026-09-15T08:19:24,4.12,25631,3151.00,3312.00,3188.00,11.30,81.15,15.05,891.13
2026-09-15T08:36:02,4.12,25631,3074.00,3404.00,3302.50,11.62,76.99,17.52,891.06
2026-09-15T08:52:40,4.12,25631,3166.00,3456.00,3336.00,12.27,74.72,19.83,891.02
2026-09-15T09:09:18,4.12,25631,3264.00,3376.00,3325.50,11.13,77.60,20.01,890.95
2026-09-15T09:25:56,4.12,25631,3111.00,3273.00,3140.50,12.91,74.75,21.92,891.15
2026-09-15T09:42:34,4.12,25631,3085.00,3271.00,3264.50,13.02,71.63,22.80,890.87
2026-09-15T09:59:12,4.13,25631,3202.00,3268.00,3256.50,12.33,76.43,22.13,890.72
2026-09-15T10:15:50,4.13,25631,3178.00,3248.00,3191.50,12.61,76.26,22.60,890.85
2026-09-15T10:32:28,4.13,25631,3166.00,3208.00,3187.50,13.68,72.56,22.17,890.57
2026-09-15T10:49:06,4.13,25631,3145.00,3215.00,3179.00,11.90,79.90,19.48,890.61
2026-09-15T11:05:44,4.13,25631,3109.00,3631.00,3183.50,11.91,78.00,18.13,890.74
2026-09-15T11:22:22,4.12,25631,3192.00,3267.00,3213.50,12.06,76.87,17.68,890.90
2026-09-15T11:39:00,4.12,25631,3148.00,3186.00,3174.00,11.90,77.61,17.47,890.79
2026-09-15T11:55:38,4.12,25631,3159.00,3208.00,3184.50,12.95,72.31,17.79,890.75
2026-09-15T12:12:16,4.13,25631,3128.00,3251.00,3210.00,13.71,70.05,17.97,890.56
2026-09-15T12:28:54,4.12,25631,3076.00,3254.00,3162.00,14.57,68.70,18.13,890.66
2026-09-15T12:45:32,4.12,25631,3175.00,3362.00,3201.50,13.90,71.66,18.56,890.61
2026-09-15T13:02:10,4.13,25631,3117.00,3264.00,3188.00,16.11,61.04,18.93,890.57
2026-09-15T13:18:48,4.13,25631,3130.00,3330.00,3180.00,15.61,63.79,19.02,890.56
2026-09-15T13:35:25,4.13,25631,3110.00,3314.00,3161.00,16.63,60.37,19.23,890.50
2026-09-15T13:52:03,4.13,25631,3118.00,3284.00,3177.50,16.25,59.67,19.30,890.48
2026-09-15T14:08:41,4.13,25631,3108.00,3282.00,3210.00,17.07,58.81,19.48,890.52
2026-09-15T14:25:19,4.13,25631,3150.00,3301.00,3180.00,15.40,62.89,19.70,890.19
2026-09-15T14:41:57,4.13,25631,3071.00,3205.00,3115.00,15.63,63.87,19.10,890.36
2026-09-15T14:58:35,4.12,25631,3123.00,3260.00,3197.50,15.61,62.82,19.21,890.26
2026-09-15T15:15:13,4.13,25631,3095.00,3213.00,3158.00,16.55,58.66,19.75,890.08
2026-09-15T15:31:51,4.12,25631,3083.00,3139.00,3112.00,16.95,60.42,19.57,890.00
2026-09-15T15:48:29,4.13,25631,3094.00,3194.00,3140.00,16.89,58.16,19.40,889.90
2026-09-15T16:05:07,4.13,25631,3136.00,3183.00,3146.50,18.15,56.52,19.67,889.86
2026-09-15T16:21:45,4.13,25631,3146.00,3170.00,3155.50,17.62,59.12,19.50,889.89
2026-09-15T16:38:23,4.13,25631,3148.00,3187.00,3162.50,18.17,56.57,19.59,889.77
2026-09-15T16:55:00,4.12,25631,3143.00,3169.00,3155.00,16.28,62.40,18.82,889.77
2026-09-15T17:11:38,4.12,25631,3117.00,3161.00,3144.00,15.85,61.95,18.19,889.64
2026-09-15T17:28:16,4.13,25631,3149.00,3172.00,3162.50,17.31,56.73,18.02,889.57
2026-09-15T17:44:54,4.01,25631,3107.00,3157.00,3146.00,14.59,66.11,16.43,889.46
2026-09-15T18:01:32,3.90,25631,3117.00,3147.00,3139.50,15.02,62.87,15.72,889.44
2026-09-15T18:18:10,3.89,25631,3080.00,3139.00,3124.00,11.62,73.19,13.51,889.39
2026-09-15T18:34:48,3.89,25631,3070.00,3125.00,3099.00,10.75,74.68,11.88,889.54
2026-09-15T18:51:26,3.87,25631,3078.00,3124.00,3112.50,10.63,73.87,10.99,889.57
2026-09-15T19:08:04,3.89,25631,3068.00,3112.00,3093.00,10.65,73.70,10.55,889.63
2026-09-15T19:24:41,3.89,25631,3093.00,3220.00,3109.00,10.45,74.46,10.39,889.62
2026-09-15T19:41:19,3.89,25631,3009.00,3105.00,3069.00,10.07,75.64,9.79,889.58
2026-09-15T19:57:56,3.89,25631,3022.00,3218.00,3101.50,10.46,74.27,9.54,889.63
2026-09-15T20:14:34,3.89,25631,3029.00,3218.00,3148.50,9.98,75.49,9.36,889.63
2026-09-15T20:31:12,3.88,25631,3032.00,3216.00,3210.50,9.50,78.24,9.07,889.61
2026-09-15T20:47:49,3.88,25631,3035.00,3215.00,3090.00,9.93,77.15,9.04,889.55
2026-09-15T21:04:27,3.88,25631,3081.00,3219.00,3107.00,9.80,79.10,8.98,889.48
2026-09-15T21:21:04,3.88,25631,3082.00,3111.00,3089.50,9.22,81.75,8.73,889.49
2026-09-15T21:37:42,3.88,25631,3051.00,3208.00,3200.50,9.15,81.04,8.58,889.45
2026-09-15T21:54:20,3.88,25631,3016.00,3104.00,3082.50,9.83,78.57,8.69,889.35
2026-09-15T22:10:57,3.88,25631,3081.00,3107.00,3092.00,9.46,80.20,8.69,889.32
2026-09-15T22:27:35,3.87,25631,3038.00,3207.00,3096.50,9.10,81.26,8.52,889.29
2026-09-15T22:44:13,3.88,25631,3061.00,3116.00,3098.00,9.50,80.47,8.55,889.23
2026-09-15T23:00:50,3.88,25631,3062.00,3118.00,3091.00,9.22,81.43,8.55,889.14
2026-09-15T23:17:28,3.88,25631,3078.00,3117.00,3104.00,9.50,81.57,8.55,889.25
2026-09-15T23:34:06,3.88,25631,3075.00,3130.00,3103.50,9.25,82.90,8.44,889.24
2026-09-15T23:50:43,3.88,25631,3065.00,3109.00,3101.00,8.73,84.64,8.24,889.31
2026-09-16T00:07:21,3.88,25631,3084.00,3116.00,3100.50,8.94,84.71,8.32,889.26
2026-09-16T00:23:59,3.88,25631,3074.00,3109.00,3103.50,9.00,83.58,8.32,889.49
2026-09-16T00:40:36,3.88,25631,3056.00,3104.00,3087.00,8.57,84.86,8.15,889.43
2026-09-16T00:57:14,3.88,25631,3093.00,3108.00,3100.00,8.96,83.82,8.13,889.33
2026-09-16T01:13:52,3.88,25631,3084.00,3108.00,3100.00,8.61,84.84,7.95,889.33
2026-09-16T01:30:29,3.88,25631,3087.00,3107.00,3094.50,8.24,86.59,7.63,889.30
2026-09-16T01:47:07,3.87,25631,3096.00,3121.00,3107.00,8.35,85.80,7.52,889.24
2026-09-16T02:03:45,3.88,25631,3086.00,3116.00,3105.00,8.24,88.79,7.45,889.21
2026-09-16T02:20:22,3.87,25631,3062.00,3112.00,3106.50,7.91,88.63,7.25,889.14
2026-09-16T02:37:00,3.88,25631,3070.00,3120.00,3108.00,8.31,87.70,7.32,889.19
2026-09-16T02:53:38,3.87,25631,3065.00,3106.00,3092.00,8.22,88.61,7.28,889.17
2026-09-16T03:10:15,3.87,25631,3093.00,3117.00,3107.50,7.67,89.71,7.06,889.07
2026-09-16T03:26:53,3.87,25631,3057.00,3120.00,3100.50,7.66,89.59,6.94,889.15
2026-09-16T03:43:31,3.88,25631,3060.00,3197.00,3089.50,7.36,90.77,6.83,889.17
2026-09-16T04:00:08,3.87,25631,3068.00,3123.00,3092.00,7.46,91.11,6.77,889.20
2026-09-16T04:16:46,3.87,25631,3067.00,3183.00,3098.00,7.63,90.26,6.81,889.30
2026-09-16T04:33:24,3.87,25631,3081.00,3117.00,3105.50,7.73,89.90,6.85,889.35
2026-09-16T04:50:02,3.88,25631,3103.00,3130.00,3120.50,7.56,90.20,6.76,889.28
2026-09-16T05:06:39,3.87,25631,3102.00,3146.00,3119.50,7.63,90.87,6.72,889.25
2026-09-16T05:23:17,3.87,25631,3107.00,3147.00,3112.50,7.50,90.79,6.70,889.24
2026-09-16T05:39:55,3.87,25631,3103.00,3127.00,3119.00,7.32,91.83,6.61,889.25
2026-09-16T05:56:32,3.87,25631,3102.00,3133.00,3122.00,7.29,92.07,6.58,889.27
2026-09-16T06:13:10,3.87,25631,3109.00,3123.00,3113.00,7.53,91.17,6.57,889.29
2026-09-16T06:29:48,3.87,25631,3104.00,3127.00,3119.50,7.64,91.10,6.68,889.38
2026-09-16T06:46:26,3.88,25631,3097.00,3124.00,3106.50,7.36,92.36,6.70,889.31
2026-09-16T07:03:04,3.87,25631,3105.00,3138.00,3125.00,7.40,91.87,6.80,889.35
2026-09-16T07:19:42,3.88,25631,3077.00,3248.00,3136.50,7.46,92.47,6.98,889.37
2026-09-16T07:36:20,4.12,25631,3124.00,3250.00,3190.50,8.21,90.51,8.14,889.64
2026-09-16T07:52:58,4.11,25631,3249.00,3266.00,3259.50,8.49,88.17,8.48,889.39
2026-09-16T08:09:37,4.12,25631,3181.00,3291.00,3265.00,10.11,87.20,12.62,889.77
2026-09-16T08:26:15,4.12,25631,3286.00,3312.00,3305.00,11.36,80.27,17.15,889.78
2026-09-16T08:42:53,4.13,25631,3307.00,3316.00,3314.00,12.88,75.55,19.93,889.54
2026-09-16T08:59:31,4.13,25631,3157.00,3311.00,3295.50,13.65,73.47,21.01,889.61
2026-09-16T09:16:09,4.13,25631,3152.00,3269.00,3254.50,13.94,72.13,22.71,889.52
2026-09-16T09:32:47,4.12,25631,3235.00,3269.00,3262.00,14.51,70.67,23.39,889.50
2026-09-16T09:49:24,4.13,25631,3174.00,3281.00,3220.50,13.86,73.14,23.87,889.41
2026-09-16T10:06:02,4.13,25631,3179.00,3233.00,3193.50,14.24,71.28,23.36,889.50
2026-09-16T10:22:40,4.13,25631,3109.00,3312.00,3177.00,12.59,79.10,22.96,889.51
2026-09-16T10:39:18,4.13,25631,3171.00,3215.00,3184.00,13.64,72.91,22.72,889.21
2026-09-16T10:55:56,4.12,25631,3137.00,3244.00,3189.00,13.03,76.94,19.77,889.45
2026-09-16T11:12:34,4.13,25631,3170.00,3297.00,3198.50,12.41,76.74,18.09,889.34
2026-09-16T11:29:12,4.13,25631,3145.00,3227.00,3175.50,12.91,77.97,18.18,889.65
2026-09-16T11:45:50,4.12,25631,3134.00,3207.00,3171.00,13.11,74.85,18.35,889.61
2026-09-16T12:02:28,4.11,25631,3121.00,3169.00,3144.50,13.28,75.28,18.16,889.66
2026-09-16T12:19:06,4.12,25631,3188.00,3759.00,3238.50,14.81,69.28,18.65,889.66
2026-09-16T12:35:44,4.13,25631,3131.00,3260.00,3204.00,13.83,73.28,18.57,889.65
2026-09-16T12:52:22,4.13,25631,3181.00,3299.00,3222.00,15.00,69.04,18.89,889.62
2026-09-16T13:09:00,4.13,25631,3111.00,3187.00,3132.00,15.03,67.76,18.80,889.63
2026-09-16T13:25:38,4.13,25631,3147.00,3248.00,3198.50,14.78,66.61,18.62,889.67
2026-09-16T13:42:16,4.13,25631,3117.00,3164.00,3150.00,14.65,67.20,18.55,889.49
2026-09-16T13:58:54,4.13,25631,3108.00,3184.00,3149.00,15.23,65.75,19.00,889.48
2026-09-16T14:15:31,4.12,25631,3100.00,3217.00,3129.50,13.95,69.34,17.75,889.52
2026-09-16T14:32:09,4.13,25631,3112.00,3194.00,3154.50,15.44,63.71,19.15,889.43
2026-09-16T14:48:47,4.12,25631,3096.00,3279.00,3156.50,13.78,68.63,17.54,889.34
2026-09-16T15:05:25,4.13,25631,3145.00,3223.00,3211.00,14.57,63.45,18.34,889.27
2026-09-16T15:22:03,4.13,25631,3098.00,3220.00,3121.00,16.32,59.35,18.94,889.32
2026-09-16T15:38:41,4.13,25631,3112.00,3171.00,3128.00,16.57,60.58,18.98,889.24
2026-09-16T15:55:19,4.12,25631,3149.00,3195.00,3177.50,14.36,67.21,17.60,889.11
2026-09-16T16:11:57,4.12,25631,3096.00,3129.00,3115.50,14.05,70.12,17.30,889.17
2026-09-16T16:28:35,4.12,25631,3188.00,3241.00,3221.50,14.16,70.43,16.99,889.15
2026-09-16T16:45:13,4.00,25631,3103.00,3220.00,3157.50,12.93,73.69,15.97,889.10
2026-09-16T17:01:51,4.00,25631,3095.00,3120.00,3106.50,12.23,77.58,14.56,889.08
2026-09-16T17:18:29,3.89,25631,3091.00,3116.00,3101.50,11.94,76.73,13.61,889.09
2026-09-16T17:35:07,4.02,25631,3088.00,3111.00,3099.00,11.70,76.95,12.89,889.10
2026-09-16T17:51:45,3.90,25631,3081.00,3109.00,3096.50,11.54,78.62,12.39,889.02
2026-09-16T18:08:23,3.89,25631,3074.00,3105.00,3084.50,11.32,77.83,12.00,888.87
2026-09-16T18:25:01,3.89,25631,3094.00,3126.00,3108.00,11.27,77.72,11.67,888.82
2026-09-16T18:41:39,3.89,25631,3083.00,3212.00,3103.50,11.14,77.96,11.28,888.75
2026-09-16T18:58:16,3.89,25631,3048.00,3221.00,3096.00,10.80,80.07,10.85,888.72
2026-09-16T19:14:54,3.89,25631,3106.00,3227.00,3220.00,10.70,80.73,10.56,888.72
2026-09-16T19:31:32,3.89,25631,3034.00,3224.00,3213.00,10.49,81.50,10.35,888.61
2026-09-16T19:48:09,3.89,25631,3101.00,3118.00,3111.00,10.27,82.70,10.18,888.56
2026-09-16T20:04:47,3.89,25631,3077.00,3209.00,3104.50,10.02,84.13,9.92,888.65
2026-09-16T20:21:24,3.89,25631,3072.00,3223.00,3092.00,9.70,85.39,9.60,888.65
2026-09-16T20:38:02,3.89,25631,3091.00,3114.00,3102.00,9.39,86.63,9.27,888.55
2026-09-16T20:54:40,3.89,25631,3075.00,3217.00,3094.50,9.29,87.28,9.03,888.67
2026-09-16T21:11:17,3.89,25631,3034.00,3207.00,3085.50,9.24,87.76,8.90,888.57
2026-09-16T21:27:55,3.89,25631,3059.00,3211.00,3101.00,9.31,87.70,8.87,888.41
2026-09-16T21:44:33,3.89,25631,3074.00,3095.00,3087.00,9.26,86.61,8.81,888.43
2026-09-16T22:01:10,3.88,25631,3019.00,3204.00,3197.00,8.97,87.52,8.69,888.38
2026-09-16T22:17:48,3.89,25631,3077.00,3218.00,3207.00,8.70,88.12,8.42,888.27
2026-09-16T22:34:26,3.88,25631,3063.00,3105.00,3092.50,8.56,87.52,8.15,888.24
2026-09-16T22:51:04,3.89,25631,3063.00,3188.00,3091.50,8.71,86.29,8.00,888.20
2026-09-16T23:07:41,3.89,25631,3048.00,3229.00,3093.00,8.48,86.51,7.96,888.12
2026-09-16T23:24:19,3.88,25631,3050.00,3103.00,3090.00,8.09,84.48,7.70,888.11
2026-09-16T23:40:57,3.88,25631,3048.00,3216.00,3086.00,7.87,84.28,7.43,888.11
2026-09-16T23:57:35,3.88,25631,3042.00,3222.00,3095.50,7.99,82.80,7.40,888.01
2026-09-17T00:14:12,3.88,25631,3052.00,3096.00,3088.00,7.93,82.66,7.26,887.94
2026-09-17T00:30:50,3.88,25631,3041.00,3100.00,3085.00,7.91,82.88,7.12,887.90
2026-09-17T00:47:28,3.88,25631,3053.00,3107.00,3082.50,7.62,85.53,6.95,887.93
2026-09-17T01:04:06,3.89,25631,3032.00,3094.00,3087.00,7.45,87.05,6.87,887.90
2026-09-17T01:20:43,3.88,25631,3048.00,3193.00,3077.00,7.45,87.91,6.87,887.99
2026-09-17T01:37:21,3.88,25631,3084.00,3227.00,3098.50,7.39,86.79,6.94,888.05
2026-09-17T01:53:59,3.89,25631,3051.00,3110.00,3097.00,7.22,86.79,6.83,887.97
2026-09-17T02:10:37,3.88,25631,3115.00,3232.00,3222.50,7.07,87.46,6.66,887.89
2026-09-17T02:27:14,3.88,25631,3081.00,3104.00,3089.00,6.97,87.99,6.65,887.85
2026-09-17T02:43:52,3.88,25631,3058.00,3205.00,3172.50,6.84,87.17,6.57,887.88
2026-09-17T03:00:30,3.88,25631,3066.00,3207.00,3093.00,6.84,87.45,6.49,887.74
2026-09-17T03:17:08,3.88,25631,3084.00,3197.00,3096.50,6.91,87.24,6.60,887.65
2026-09-17T03:33:45,3.87,25631,3053.00,3100.00,3085.50,6.58,89.13,6.54,887.66
2026-09-17T03:50:23,3.88,25631,3074.00,3101.00,3086.00,6.36,90.18,6.26,887.84
2026-09-17T04:07:01,3.88,25631,3052.00,3206.00,3101.50,6.66,88.67,6.38,887.94
2026-09-17T04:23:39,3.88,25631,3071.00,3101.00,3080.00,6.61,89.18,6.55,887.85
2026-09-17T04:40:16,3.88,25631,3045.00,3222.00,3205.00,6.70,88.37,6.64,887.96
2026-09-17T04:56:54,3.88,25631,3048.00,3211.00,3081.00,6.70,87.89,6.66,888.02
2026-09-17T05:13:32,3.88,25631,3122.00,3250.00,3233.00,6.53,89.20,6.62,888.06
2026-09-17T05:30:10,3.88,25631,3059.00,3211.00,3086.50,6.61,88.60,6.60,888.16
2026-09-17T05:46:47,3.88,25631,3060.00,3211.00,3079.00,6.69,87.74,6.59,887.93
2026-09-17T06:03:25,3.88,25631,3082.00,3219.00,3208.00,6.70,87.60,6.61,887.99
2026-09-17T06:20:03,3.88,25631,3040.00,3220.00,3085.00,6.47,89.34,6.45,887.90
2026-09-17T06:36:41,3.87,25631,3076.00,3209.00,3099.50,6.36,89.48,6.26,887.73
2026-09-17T06:53:18,3.87,25631,3045.00,3211.00,3201.50,6.57,88.38,6.33,887.84
2026-09-17T07:09:56,3.89,25631,3083.00,3251.00,3227.50,6.30,90.80,6.47,888.01
2026-09-17T07:26:34,3.89,25631,3211.00,3233.00,3218.50,6.26,91.82,6.62,887.92
2026-09-17T07:43:13,4.11,25631,3050.00,3224.00,3204.00,6.30,92.51,6.79,888.11
2026-09-17T07:59:51,3.88,25631,3092.00,3223.00,3203.00,6.69,91.33,7.26,888.06
2026-09-17T08:16:29,4.11,25631,3173.00,3220.00,3201.00,6.71,91.16,7.53,888.04
2026-09-17T08:33:08,4.11,25631,3081.00,3219.00,3150.50,7.14,89.66,8.17,888.20
2026-09-17T08:49:46,4.12,25631,3090.00,3235.00,3221.50,7.69,88.19,9.70,888.16
2026-09-17T09:06:24,4.11,25631,3231.00,3292.00,3259.50,7.23,88.97,9.34,888.10
2026-09-17T09:23:03,4.12,25631,3096.00,3241.00,3177.00,7.83,86.68,9.75,887.98
2026-09-17T09:39:41,4.12,25631,3087.00,3188.00,3119.50,7.95,85.70,9.88,888.13
2026-09-17T09:56:19,4.12,25631,3087.00,3237.00,3129.00,7.94,86.04,9.98,888.20
2026-09-17T10:12:57,4.12,25631,3125.00,3257.00,3160.00,8.16,85.17,10.26,888.21
2026-09-17T10:29:36,4.12,25631,3182.00,3279.00,3257.50,8.57,83.39,10.88,888.32
2026-09-17T10:46:14,4.12,25631,3134.00,3263.00,3238.50,8.66,83.29,11.10,888.12
2026-09-17T11:02:52,4.12,25631,3108.00,3213.00,3125.50,8.32,85.51,11.15,888.21
2026-09-17T11:19:30,4.12,25631,3099.00,3211.00,3127.00,8.29,86.04,10.92,888.29
2026-09-17T11:36:09,4.11,25631,3183.00,3229.00,3215.50,8.14,87.60,10.65,888.38
2026-09-17T11:52:47,4.12,25631,3110.00,3222.00,3128.50,8.52,85.32,11.21,888.34
2026-09-17T12:09:25,4.12,25631,3092.00,3187.00,3123.00,8.49,86.33,10.98,888.53
2026-09-17T12:26:03,4.12,25631,3053.00,3275.00,3217.00,11.17,78.42,14.30,888.44
2026-09-17T12:42:41,4.12,25631,3048.00,3376.00,3143.50,10.15,79.15,13.89,888.07
2026-09-17T12:59:19,4.12,25631,3148.00,3266.00,3200.50,11.21,76.68,15.03,887.97
2026-09-17T13:15:57,4.12,25631,3170.00,3423.00,3222.50,9.57,80.33,14.26,887.72
2026-09-17T13:32:36,4.12,25631,3113.00,3179.00,3133.50,9.50,82.69,12.70,887.81
2026-09-17T13:49:14,4.12,25631,3097.00,3177.00,3107.00,9.45,83.45,12.42,887.72
2026-09-17T14:05:52,4.12,25631,3123.00,3168.00,3139.00,11.36,75.21,14.40,887.60
2026-09-17T14:22:30,4.12,25631,3116.00,3209.00,3182.00,9.86,83.21,13.18,887.44
2026-09-17T14:39:08,4.12,25631,3096.00,3221.00,3129.50,9.36,85.14,12.04,887.46
2026-09-17T14:55:46,4.12,25631,3100.00,3212.00,3193.50,9.31,84.19,11.63,887.44
2026-09-17T15:12:25,4.12,25631,3077.00,3211.00,3101.00,9.12,85.01,11.26,887.58
2026-09-17T15:29:03,4.12,25631,3105.00,3213.00,3122.50,9.94,81.47,12.02,887.75
2026-09-17T15:45:41,4.12,25631,3121.00,3209.00,3151.50,10.89,75.64,14.06,887.33
2026-09-17T16:02:19,4.00,25631,3115.00,3227.00,3154.00,11.30,70.67,14.24,887.09
2026-09-17T16:18:57,4.12,25631,3083.00,3134.00,3124.00,9.67,80.36,12.08,887.22
2026-09-17T16:35:35,3.90,25631,3090.00,3221.00,3113.00,9.52,79.97,11.31,887.10
2026-09-17T16:52:14,4.12,25631,3100.00,3138.00,3123.00,11.21,75.55,13.05,887.21
2026-09-17T17:08:52,3.91,25631,3116.00,3152.00,3137.00,11.41,73.82,13.36,886.86
2026-09-17T17:25:30,4.12,25631,3104.00,3138.00,3123.50,10.11,79.58,11.99,886.91
2026-09-17T17:42:08,4.00,25631,3126.00,3150.00,3135.50,10.20,77.85,11.67,886.70
2026-09-17T17:58:46,3.90,25631,3114.00,3230.00,3136.00,9.32,78.94,10.64,886.56
2026-09-17T18:15:24,3.89,25631,3062.00,3225.00,3216.50,8.61,81.07,9.45,886.39
2026-09-17T18:32:02,3.89,25631,3010.00,3218.00,3164.00,8.24,82.15,8.63,886.22
2026-09-17T18:48:40,3.88,25631,3207.00,3215.00,3210.50,7.98,82.35,8.03,886.03
2026-09-17T19:05:17,3.89,25631,3085.00,3216.00,3106.00,8.11,79.02,7.77,885.92
2026-09-17T19:21:55,3.89,25631,3006.00,3215.00,3147.00,8.28,77.07,7.70,885.77
2026-09-17T19:38:33,3.89,25631,3087.00,3215.00,3209.00,8.61,76.48,7.81,885.65
2026-09-17T19:55:10,3.89,25631,3123.00,3223.00,3215.00,8.31,77.92,7.73,885.67
2026-09-17T20:11:48,3.89,25631,3209.00,3222.00,3215.00,8.41,78.09,7.72,885.57
2026-09-17T20:28:26,3.89,25631,3205.00,3217.00,3210.50,8.53,77.56,7.95,885.48
2026-09-17T20:45:03,3.89,25631,3072.00,3231.00,3215.00,8.43,78.26,7.97,885.41
2026-09-17T21:01:41,3.88,25631,3214.00,3222.00,3218.50,8.18,79.41,7.85,885.26
2026-09-17T21:18:19,3.88,25631,3081.00,3219.00,3212.00,7.87,81.81,7.61,885.16
2026-09-17T21:34:56,3.88,25631,3103.00,3221.00,3217.00,7.52,83.57,7.36,885.00
2026-09-17T21:51:34,3.89,25631,3212.00,3218.00,3215.00,7.50,84.53,7.19,884.82
2026-09-17T22:08:12,3.88,25631,3212.00,3221.00,3216.00,7.56,84.75,7.21,884.85
2026-09-17T22:24:50,3.88,25631,3035.00,3220.00,3215.00,7.49,84.95,7.19,884.85
2026-09-17T22:41:27,3.88,25631,3093.00,3221.00,3208.50,7.25,85.90,6.97,884.68
2026-09-17T22:58:05,3.88,25631,3091.00,3217.00,3213.00,7.19,85.88,6.85,884.67
2026-09-17T23:14:43,3.88,25631,3180.00,3621.00,3211.00,7.57,84.00,7.18,884.71
2026-09-17T23:31:21,3.88,25631,3210.00,3235.00,3222.00,7.46,84.34,7.26,884.61
2026-09-17T23:47:58,3.88,25631,3113.00,3220.00,3213.00,7.35,84.52,7.18,884.56
2026-09-18T00:04:36,3.87,25631,3195.00,3242.00,3214.50,7.28,85.16,7.11,884.59
2026-09-18T00:21:14,3.88,25631,3207.00,3221.00,3216.00,7.28,85.07,7.10,884.42
2026-09-18T00:37:51,3.88,25631,3099.00,3221.00,3213.00,7.19,85.57,7.05,884.24
2026-09-18T00:54:29,3.88,25631,3210.00,3231.00,3217.50,7.09,86.13,7.01,883.93
2026-09-18T01:11:07,3.88,25631,3213.00,3221.00,3218.00,7.09,86.21,7.00,884.13
2026-09-18T01:27:44,3.88,25631,3211.00,3230.00,3220.50,7.05,86.49,6.96,884.18
2026-09-18T01:44:22,3.88,25631,3215.00,3224.00,3218.50,6.92,86.87,6.82,884.24
2026-09-18T02:01:00,3.88,25631,3084.00,3233.00,3216.00,6.92,87.36,6.79,884.29
2026-09-18T02:17:38,3.88,25631,3214.00,3223.00,3218.00,6.70,88.45,6.70,884.08
2026-09-18T02:34:15,3.88,25631,3213.00,3231.00,3218.00,6.73,88.12,6.60,884.04
2026-09-18T02:50:53,3.88,25631,3215.00,3239.00,3226.50,6.83,87.78,6.64,884.08
2026-09-18T03:07:31,3.88,25631,3207.00,3228.00,3217.50,7.09,86.14,6.81,884.01
2026-09-18T03:24:08,3.87,25631,3214.00,3247.00,3233.00,6.97,86.55,6.92,883.94
2026-09-18T03:40:46,3.88,25631,3090.00,3244.00,3126.00,6.92,87.47,6.87,884.15
2026-09-18T03:57:24,3.87,25631,3121.00,3140.00,3133.50,6.64,89.29,6.62,884.07
2026-09-18T04:14:02,3.87,25631,3209.00,3222.00,3216.00,6.53,89.52,6.40,884.22
2026-09-18T04:30:39,3.87,25631,3083.00,3219.00,3213.50,6.50,88.65,6.33,884.17
2026-09-18T04:47:17,3.88,25631,3147.00,3159.00,3154.50,6.29,90.62,6.23,884.01
2026-09-18T05:03:55,3.87,25631,3085.00,3109.00,3098.50,6.06,92.04,6.14,884.13
2026-09-18T05:20:32,3.87,25631,3098.00,3122.00,3103.00,5.95,92.18,5.99,883.96
2026-09-18T05:37:10,3.87,25631,3099.00,3120.00,3112.50,5.90,92.04,5.91,883.75
2026-09-18T05:53:48,3.87,25631,3103.00,3140.00,3125.50,5.83,92.75,5.84,883.80
2026-09-18T06:10:26,3.87,25631,3110.00,3157.00,3131.00,5.74,93.24,5.80,883.68
2026-09-18T06:27:03,3.87,25631,3091.00,3113.00,3103.00,5.78,92.79,5.74,883.67
2026-09-18T06:43:41,3.87,25631,3106.00,3127.00,3120.00,5.87,92.47,5.77,883.81
2026-09-18T07:00:19,3.87,25631,3083.00,3121.00,3116.50,5.73,94.09,5.79,883.67
2026-09-18T07:16:57,3.87,25631,3121.00,3143.00,3136.50,5.70,94.40,5.83,883.74
2026-09-18T07:33:35,3.88,25631,3144.00,3319.00,3150.00,5.77,94.25,5.93,883.74
2026-09-18T07:50:13,3.88,25631,3147.00,3309.00,3157.50,6.09,94.23,6.44,883.75
2026-09-18T08:06:51,3.89,25631,3181.00,3311.00,3186.50,6.04,93.62,6.55,883.66
2026-09-18T08:23:29,3.89,25631,3186.00,3305.00,3192.00,6.09,94.13,6.64,883.80
2026-09-18T08:40:07,4.09,25631,3055.00,3178.00,3100.50,6.04,94.73,6.57,884.06
2026-09-18T08:56:45,3.90,25631,3046.00,3067.00,3056.50,6.29,95.02,6.95,884.06
2026-09-18T09:13:24,4.11,25631,3049.00,3113.00,3078.00,6.22,94.56,7.05,884.25
2026-09-18T09:30:02,4.11,25631,3054.00,3078.00,3061.00,6.81,94.12,7.77,884.30
2026-09-18T09:46:40,4.11,25631,3070.00,3139.00,3094.00,6.97,91.41,8.18,884.25
2026-09-18T10:03:19,4.11,25631,3055.00,3211.00,3100.00,6.71,94.72,7.97,884.17
2026-09-18T10:19:57,3.89,25631,3051.00,3198.00,3193.00,6.77,94.99,8.11,884.22
2026-09-18T10:36:35,4.11,25631,3061.00,3303.00,3249.00,6.54,95.68,8.10,884.25
2026-09-18T10:53:14,4.11,25631,3056.00,3191.00,3178.50,6.67,95.71,8.09,884.27
2026-09-18T11:09:52,4.11,25631,3050.00,3186.00,3183.00,6.56,95.70,7.91,884.48
2026-09-18T11:26:30,4.12,25631,3061.00,3168.00,3155.00,7.14,94.92,8.78,884.42
2026-09-18T11:43:09,4.12,25631,3145.00,3162.00,3157.50,8.21,90.54,9.79,884.62
2026-09-18T11:59:47,4.11,25631,3132.00,3166.00,3155.00,8.06,89.24,10.07,884.42
2026-09-18T12:16:25,4.12,25631,3166.00,3263.00,3177.00,8.45,90.16,11.32,884.34
2026-09-18T12:33:03,4.12,25631,3162.00,3189.00,3178.00,7.73,92.28,10.12,884.41
2026-09-18T12:49:42,4.11,25631,3145.00,3197.00,3180.00,7.20,93.16,8.98,884.63
2026-09-18T13:06:20,4.11,25631,3057.00,3307.00,3222.00,7.66,93.08,8.96,884.66
2026-09-18T13:22:58,4.11,25631,3187.00,3199.00,3195.00,7.70,92.86,8.87,884.79
2026-09-18T13:39:37,4.12,25631,3157.00,3183.00,3179.00,8.21,93.03,9.63,884.76
2026-09-18T13:56:15,4.12,25631,3145.00,3174.00,3161.00,7.90,91.53,9.77,884.54
2026-09-18T14:12:53,3.91,25631,3131.00,3170.00,3150.50,7.64,93.12,8.94,884.51
2026-09-18T14:29:31,4.00,25631,3152.00,3173.00,3163.50,7.77,93.10,8.73,884.46
2026-09-18T14:46:10,4.03,25631,3111.00,3206.00,3196.00,7.60,92.90,8.51,884.41
2026-09-18T15:02:48,4.12,25631,3054.00,3118.00,3104.50,7.32,94.63,8.29,884.32
2026-09-18T15:19:26,4.11,25631,3068.00,3298.00,3288.00,7.45,94.10,8.34,884.22
2026-09-18T15:36:05,4.11,25631,3275.00,3309.00,3299.50,7.59,93.51,8.77,884.11
2026-09-18T15:52:43,4.12,25631,3058.00,3266.00,3175.50,7.85,94.05,9.12,884.02
2026-09-18T16:09:21,4.12,25631,3052.00,3199.00,3061.50,7.97,92.37,9.03,883.96
2026-09-18T16:26:00,3.89,25631,3052.00,3188.00,3168.50,7.98,93.18,8.84,883.93
2026-09-18T16:42:38,4.12,25631,3051.00,3163.00,3064.50,7.84,92.09,8.77,883.73
2026-09-18T16:59:16,4.12,25631,3130.00,3160.00,3144.00,7.83,93.86,8.82,883.57
2026-09-18T17:15:54,4.12,25631,3135.00,3171.00,3147.50,7.49,94.89,8.56,883.58
2026-09-18T17:32:33,3.89,25631,3132.00,3146.00,3142.50,7.38,95.26,8.21,883.49
2026-09-18T17:49:11,3.89,25631,3124.00,3144.00,3136.50,7.35,95.14,7.89,883.53
2026-09-18T18:05:48,3.89,25631,3097.00,3165.00,3133.50,7.12,95.77,7.62,883.48
2026-09-18T18:22:26,3.89,25631,3083.00,3233.00,3228.00,7.19,96.16,7.45,883.62
2026-09-18T18:39:04,3.89,25631,3030.00,3059.00,3046.50,7.11,96.27,7.29,883.51
2026-09-18T18:55:42,3.89,25631,3119.00,3272.00,3142.00,6.95,96.41,7.07,883.54
2026-09-18T19:12:19,3.89,25631,3058.00,3241.00,3229.00,6.88,96.49,7.01,883.55
2026-09-18T19:28:57,3.89,25631,3051.00,3223.00,3060.00,6.92,96.54,6.92,883.58
2026-09-18T19:45:35,3.89,25631,3214.00,3288.00,3240.00,6.81,95.73,6.74,883.43
2026-09-18T20:02:13,3.89,25631,3047.00,3288.00,3176.50,6.74,96.08,6.70,883.51
2026-09-18T20:18:50,3.89,25631,3157.00,3186.00,3171.00,6.74,96.33,6.73,883.51
2026-09-18T20:35:28,3.88,25631,3055.00,3289.00,3164.00,6.40,96.37,6.61,883.52
2026-09-18T20:52:06,3.89,25631,3046.00,3189.00,3180.50,6.40,96.44,6.39,883.58
2026-09-18T21:08:44,3.88,25631,3049.00,3183.00,3061.50,6.06,96.37,6.06,883.39
2026-09-18T21:25:21,3.89,25631,3046.00,3174.00,3056.00,6.15,96.44,5.97,883.37
2026-09-18T21:41:59,3.88,25631,3048.00,3189.00,3178.50,6.11,96.52,6.00,883.21
2026-09-18T21:58:37,3.88,25631,3050.00,3197.00,3122.00,5.90,96.57,5.77,883.06
2026-09-18T22:15:15,3.89,25631,3037.00,3182.00,3044.00,5.75,96.47,5.41,882.75
2026-09-18T22:31:52,3.88,25631,3048.00,3181.00,3058.00,5.91,96.33,5.65,882.68
2026-09-18T22:48:30,3.88,25631,3043.00,3186.00,3116.50,5.77,96.30,5.66,882.61
2026-09-18T23:05:08,3.88,25631,3041.00,3177.00,3052.00,5.74,96.07,5.61,882.44
2026-09-18T23:21:46,3.88,25631,3040.00,3170.00,3052.00,5.74,95.72,5.59,882.14
2026-09-18T23:38:24,3.88,25631,3046.00,3066.00,3055.50,5.77,95.72,5.59,882.68
2026-09-18T23:55:01,3.88,25631,3142.00,3292.00,3237.50,5.40,87.53,5.34,882.28
2026-09-19T00:11:39,3.88,25631,3048.00,3291.00,3276.00,5.09,87.56,4.88,882.34
2026-09-19T00:28:17,3.88,25631,3041.00,3249.00,3240.00,4.84,89.34,4.62,881.88
2026-09-19T00:44:55,3.88,25631,3164.00,3189.00,3180.00,5.01,87.30,4.47,881.85
2026-09-19T01:01:32,3.88,25631,3023.00,3247.00,3048.00,4.46,88.34,4.42,881.77
2026-09-19T01:18:10,3.88,25631,3053.00,3293.00,3096.50,4.75,88.31,4.30,881.94
2026-09-19T01:34:48,3.88,25631,3101.00,3137.00,3114.50,4.73,85.17,4.24,882.00
2026-09-19T01:51:26,3.88,25631,3052.00,3093.00,3075.00,4.68,86.16,4.19,881.97
2026-09-19T02:08:04,3.88,25631,3029.00,3248.00,3098.00,4.36,88.69,4.08,882.02
2026-09-19T02:24:42,3.87,25631,3013.00,3040.00,3031.50,4.29,88.89,3.97,881.74
2026-09-19T02:41:19,3.87,25631,3093.00,3246.00,3103.50,3.88,90.88,3.82,881.67
2026-09-19T02:57:57,3.88,25631,3035.00,3062.00,3051.50,3.63,92.08,3.61,880.81
2026-09-19T03:14:35,3.87,25631,3043.00,3287.00,3146.00,3.64,89.12,3.43,881.35
2026-09-19T03:31:13,3.87,25631,3034.00,3050.00,3045.50,3.27,93.10,3.25,881.40
2026-09-19T03:47:51,3.87,25631,3026.00,3153.00,3051.50,3.30,93.43,3.19,881.45
2026-09-19T04:04:29,3.87,25631,3040.00,3056.00,3050.00,3.26,93.34,3.19,881.56
2026-09-19T04:21:06,3.87,25631,3026.00,3059.00,3048.50,3.23,93.11,3.14,881.52
2026-09-19T04:37:44,3.87,25631,3039.00,3165.00,3046.50,3.27,92.92,3.05,881.63
2026-09-19T04:54:22,3.87,25631,3035.00,3164.00,3050.50,3.30,92.30,3.05,881.79
2026-09-19T05:11:00,3.87,25631,3034.00,3059.00,3042.50,3.43,92.29,3.08,881.77
2026-09-19T05:27:38,3.87,25631,3043.00,3054.00,3048.00,3.11,93.07,2.96,881.68
2026-09-19T05:44:16,3.87,25631,3038.00,3051.00,3045.00,2.89,92.86,2.63,881.46
2026-09-19T06:00:54,3.87,25631,3032.00,3048.00,3039.50,2.98,91.30,2.28,881.39
2026-09-19T06:17:31,3.87,25631,3035.00,3054.00,3046.00,2.89,92.13,2.19,881.32
2026-09-19T06:34:09,3.87,25631,3037.00,3054.00,3048.50,2.73,92.89,2.09,881.28
2026-09-19T06:50:48,3.88,25631,3034.00,3056.00,3041.50,2.85,92.41,2.16,881.29
2026-09-19T07:07:26,3.87,25631,3029.00,3131.00,3048.00,3.24,90.62,2.58,881.20
2026-09-19T07:24:04,4.11,25631,3040.00,3151.00,3143.00,3.68,89.27,3.03,881.26
2026-09-19T07:40:43,4.11,25631,3033.00,3060.00,3041.50,3.70,88.92,3.50,881.16
2026-09-19T07:57:21,4.11,25631,3045.00,3066.00,3057.00,4.52,84.52,5.83,881.24
2026-09-19T08:14:00,4.11,25631,3057.00,3189.00,3068.00,5.61,80.30,8.64,881.26
2026-09-19T08:30:38,4.12,25631,3162.00,3209.00,3187.00,7.05,83.35,12.38,881.11
2026-09-19T08:47:16,4.12,25631,3175.00,3208.00,3197.50,8.14,80.39,14.59,881.05
2026-09-19T09:03:54,4.12,25631,3217.00,3231.00,3225.50,7.71,77.49,15.26,880.69
2026-09-19T09:20:33,4.12,25631,3198.00,3254.00,3215.50,7.81,77.20,17.11,880.86
2026-09-19T09:37:11,4.12,25631,3188.00,3285.00,3213.00,9.60,76.91,19.22,880.72
2026-09-19T09:53:49,4.12,25631,3190.00,3379.00,3261.00,9.00,81.23,18.50,880.61
2026-09-19T10:10:27,4.12,25631,3184.00,3352.00,3264.50,9.45,79.74,17.70,880.82
2026-09-19T10:27:05,4.12,25631,3143.00,3271.00,3184.50,7.95,76.89,15.73,880.78
2026-09-19T10:43:43,4.12,25631,3201.00,3615.00,3233.00,7.60,79.17,15.05,880.75
2026-09-19T11:00:21,4.12,25631,3180.00,3210.00,3192.50,6.29,79.85,11.52,880.62
2026-09-19T11:16:59,4.12,25631,3189.00,3212.00,3195.50,6.04,83.47,9.82,880.58
2026-09-19T11:33:38,4.11,25631,3192.00,3209.00,3195.00,6.23,83.80,9.44,880.68
2026-09-19T11:50:16,4.12,25631,3179.00,3207.00,3192.00,5.85,85.99,8.79,880.85
2026-09-19T12:06:54,4.12,25631,3205.00,3226.00,3215.00,6.77,83.94,11.07,880.59
2026-09-19T12:23:33,4.12,25631,3198.00,3225.00,3218.00,6.26,86.75,9.63,880.64
2026-09-19T12:40:11,4.12,25631,3196.00,3229.00,3218.00,6.69,82.62,10.01,880.35
2026-09-19T12:56:49,4.12,25631,3201.00,3219.00,3213.00,6.04,86.93,8.74,880.40
2026-09-19T13:13:28,4.11,25631,3210.00,3224.00,3220.00,5.85,86.52,7.82,880.41
2026-09-19T13:30:06,4.11,25631,3213.00,3221.00,3216.50,5.74,85.76,7.45,880.29
2026-09-19T13:46:45,4.11,25631,3204.00,3219.00,3212.50,5.94,85.29,7.50,880.40
2026-09-19T14:03:23,4.11,25631,3208.00,3221.00,3214.00,5.85,84.04,7.47,880.31
2026-09-19T14:20:01,4.00,25631,3209.00,3222.00,3216.50,5.88,84.11,7.29,880.25
2026-09-19T14:36:40,3.89,25631,3210.00,3217.00,3212.00,5.64,85.61,6.81,880.20
2026-09-19T14:53:18,4.00,25631,3188.00,3200.00,3193.50,5.44,88.98,6.44,880.06
2026-09-19T15:09:56,3.88,25631,3146.00,3191.00,3182.50,5.19,90.75,6.15,880.04
2026-09-19T15:26:35,4.11,25631,3165.00,3194.00,3185.00,5.18,91.11,5.99,880.00
2026-09-19T15:43:13,4.11,25631,3171.00,3192.00,3183.00,5.28,91.49,6.30,879.74
2026-09-19T15:59:51,3.89,25631,3184.00,3207.00,3194.50,4.87,92.39,6.04,879.54
2026-09-19T16:16:29,3.89,25631,2967.00,3690.00,3246.00,4.56,94.74,5.31,879.89
2026-09-19T16:33:07,3.89,25631,3091.00,3271.00,3141.00,4.33,95.24,5.05,880.05
2026-09-19T16:49:46,4.11,25631,3061.00,3271.00,3088.00,4.30,93.18,5.22,879.99
2026-09-19T17:06:24,4.11,25631,3117.00,3208.00,3148.00,5.07,88.45,5.92,879.94
2026-09-19T17:23:02,3.89,25631,3071.00,3140.00,3092.50,4.06,89.44,4.75,879.86
2026-09-19T17:39:41,3.88,25631,3115.00,3131.00,3123.00,3.75,89.62,4.21,879.78
2026-09-19T17:56:19,3.89,25631,3104.00,3119.00,3113.50,4.01,88.45,4.02,879.84
2026-09-19T18:12:57,3.88,25631,3091.00,3116.00,3102.50,3.91,90.87,3.99,879.73
2026-09-19T18:29:35,3.88,25631,3120.00,3136.00,3130.00,3.92,90.14,3.89,879.79
2026-09-19T18:46:12,3.88,25631,3101.00,3176.00,3117.50,3.61,92.14,3.70,879.63
2026-09-19T19:02:50,3.88,25631,3164.00,3193.00,3177.00,3.77,93.20,3.69,879.71
2026-09-19T19:19:28,3.88,25631,3164.00,3343.00,3286.00,3.84,93.65,3.73,879.72
2026-09-19T19:36:06,3.88,25631,3054.00,3101.00,3064.50,3.79,94.14,3.75,879.86
2026-09-19T19:52:44,3.88,25631,3018.00,3060.00,3033.00,3.66,94.80,3.70,879.80
2026-09-19T20:09:21,3.87,25631,3047.00,3067.00,3051.50,3.54,95.32,3.65,879.91
2026-09-19T20:25:59,3.89,25631,3049.00,3057.00,3050.50,3.50,95.69,3.60,880.12
2026-09-19T20:42:37,3.87,25631,3056.00,3313.00,3072.00,3.43,95.94,3.55,880.28
2026-09-19T20:59:15,3.87,25631,3062.00,3107.00,3076.00,3.39,96.17,3.50,880.43
2026-09-19T21:15:53,3.88,25631,3014.00,3052.00,3029.50,2.77,95.99,3.29,880.55
2026-09-19T21:32:31,3.87,25631,3043.00,3059.00,3051.00,2.67,94.51,2.90,880.64
2026-09-19T21:49:09,3.88,25631,3051.00,3294.00,3058.00,2.78,94.20,2.76,880.82
2026-09-19T22:05:46,3.87,25631,3045.00,3066.00,3055.50,2.95,94.83,2.88,880.92
2026-09-19T22:22:24,3.87,25631,3046.00,3238.00,3060.00,2.91,95.13,2.88,880.90
2026-09-19T22:39:02,3.88,25631,3049.00,3263.00,3054.50,2.94,95.40,2.90,880.98
2026-09-19T22:55:40,3.87,25631,3055.00,3231.00,3100.00,2.98,95.90,2.97,881.19
2026-09-19T23:12:18,3.87,25631,3050.00,3261.00,3065.00,3.06,96.23,3.05,881.30
2026-09-19T23:28:56,3.87,25631,3046.00,3244.00,3062.00,3.09,96.42,3.11,881.44
2026-09-19T23:45:33,3.87,25631,3161.00,3277.00,3246.50,3.27,96.56,3.19,881.54
2026-09-20T00:02:11,3.88,25631,3055.00,3189.00,3060.50,3.39,96.53,3.29,881.71
2026-09-20T00:18:49,3.88,25631,3044.00,3056.00,3052.50,3.41,96.11,3.39,881.79
2026-09-20T00:35:27,3.88,25631,3153.00,3279.00,3167.50,3.33,96.41,3.36,881.93
2026-09-20T00:52:05,3.87,25631,3038.00,3059.00,3049.50,3.30,96.52,3.34,881.86
2026-09-20T01:08:43,3.88,25631,3050.00,3167.00,3083.00,3.36,96.63,3.36,882.00
2026-09-20T01:25:20,3.88,25631,3038.00,3176.00,3056.50,3.37,96.71,3.41,882.05
2026-09-20T01:41:58,3.87,25631,3043.00,3053.00,3047.00,3.39,96.78,3.43,882.15
2026-09-20T01:58:36,3.88,25631,3047.00,3174.00,3056.50,3.41,96.86,3.44,882.20
2026-09-20T02:15:14,3.87,25631,3043.00,3052.00,3048.50,3.43,96.87,3.43,882.28
2026-09-20T02:31:52,3.87,25631,3040.00,3062.00,3048.50,3.40,96.86,3.46,882.19
2026-09-20T02:48:30,3.87,25631,3045.00,3054.00,3050.00,3.39,96.89,3.45,882.38
2026-09-20T03:05:08,3.87,25631,3046.00,3060.00,3054.50,3.36,96.90,3.39,882.34
2026-09-20T03:21:46,3.87,25631,3044.00,3059.00,3052.50,3.37,96.92,3.30,882.25
2026-09-20T03:38:23,3.87,25631,3035.00,3056.00,3041.50,3.44,96.08,3.17,882.17
2026-09-20T03:55:01,3.87,25631,3039.00,3050.00,3045.50,3.68,91.02,2.97,881.95
2026-09-20T04:11:39,3.87,25631,3035.00,3049.00,3044.00,3.46,93.40,2.98,881.83
2026-09-20T04:28:17,3.87,25631,3032.00,3051.00,3039.50,3.59,93.05,3.10,881.79
2026-09-20T04:44:55,3.87,25631,3039.00,3058.00,3047.00,3.39,94.80,3.16,881.77
2026-09-20T05:01:33,3.87,25631,3038.00,3056.00,3045.00,3.36,95.01,3.21,881.66
2026-09-20T05:18:10,3.87,25631,3035.00,3048.00,3040.50,3.34,95.20,3.18,881.75
2026-09-20T05:34:48,3.87,25631,3033.00,3043.00,3038.50,3.11,95.00,2.89,881.59
2026-09-20T05:51:26,3.87,25631,3041.00,3054.00,3051.00,3.15,95.28,2.88,881.51
2026-09-20T06:08:04,3.87,25631,3026.00,3046.00,3040.50,3.23,94.22,2.69,881.58
2026-09-20T06:24:42,3.87,25631,3040.00,3053.00,3046.00,3.24,94.35,2.79,881.59
2026-09-20T06:41:20,3.87,25631,3037.00,3056.00,3047.00,3.26,95.18,2.98,881.37
2026-09-20T06:57:57,3.87,25631,3031.00,3055.00,3045.00,3.36,94.98,3.18,881.52
2026-09-20T07:14:36,3.88,25631,3041.00,3055.00,3048.00,3.39,93.73,3.42,881.22
2026-09-20T07:31:14,3.88,25631,3033.00,3058.00,3046.00,3.40,93.62,3.45,881.32
2026-09-20T07:47:52,3.89,25631,3033.00,3165.00,3053.50,3.77,90.05,3.67,881.43
2026-09-20T08:04:30,3.88,25631,3031.00,3153.00,3051.50,4.13,91.67,4.22,881.28
2026-09-20T08:21:09,4.06,25631,3039.00,3163.00,3158.00,4.16,91.75,4.27,881.14
2026-09-20T08:37:47,3.91,25631,3150.00,3168.00,3157.00,4.19,89.73,4.35,881.16
2026-09-20T08:54:25,4.09,25631,3146.00,3167.00,3154.00,4.12,90.55,4.30,881.13
2026-09-20T09:11:04,3.89,25631,3162.00,3177.00,3166.50,4.02,92.26,4.24,881.07
2026-09-20T09:27:42,3.89,25631,3165.00,3175.00,3170.00,4.10,91.50,4.32,880.84
2026-09-20T09:44:21,4.11,25631,3168.00,3181.00,3174.50,4.28,91.21,4.63,880.75
2026-09-20T10:00:59,4.11,25631,3177.00,3197.00,3186.00,4.64,91.34,5.14,880.65
2026-09-20T10:17:37,4.11,25631,3187.00,3196.00,3192.50,4.54,89.46,5.32,880.51
2026-09-20T10:34:16,4.11,25631,3186.00,3198.00,3193.50,4.99,88.03,5.58,880.39
2026-09-20T10:50:54,4.11,25631,3178.00,3187.00,3183.50,4.85,88.74,5.55,880.32
2026-09-20T11:07:33,4.11,25631,3183.00,3198.00,3190.50,4.64,91.73,5.58,880.33
2026-09-20T11:24:11,4.11,25631,3183.00,3202.00,3194.00,4.50,91.51,5.62,880.14
2026-09-20T11:40:50,4.11,25631,3118.00,3199.00,3195.00,4.22,92.23,5.11,880.13
2026-09-20T11:57:28,4.11,25631,3158.00,3191.00,3170.50,4.44,92.93,5.19,880.07
2026-09-20T12:14:06,4.11,25631,3168.00,3211.00,3185.50,4.43,91.03,5.49,879.98
2026-09-20T12:30:45,4.11,25631,3146.00,3198.00,3151.00,4.10,92.07,5.08,880.00
2026-09-20T12:47:23,3.89,25631,3153.00,3181.00,3164.00,3.78,94.40,4.74,879.95
2026-09-20T13:04:02,4.11,25631,3145.00,3176.00,3164.00,3.51,94.26,4.48,879.87
2026-09-20T13:20:40,4.11,25631,3156.00,3223.00,3175.00,3.77,93.79,4.70,879.94
2026-09-20T13:37:19,4.12,25631,3120.00,3190.00,3171.50,4.30,91.17,5.82,879.96
2026-09-20T13:53:57,4.11,25631,3198.00,3272.00,3241.50,5.94,86.61,8.27,879.77
2026-09-20T14:10:36,4.11,25631,3117.00,3386.00,3213.50,5.05,88.42,7.38,879.49
2026-09-20T14:27:14,4.11,25631,3101.00,3233.00,3114.00,4.92,89.55,7.54,879.52
2026-09-20T14:43:52,4.11,25631,3105.00,3339.00,3124.50,4.30,92.56,6.58,879.49
2026-09-20T15:00:31,4.11,25631,3096.00,3311.00,3107.50,4.06,95.07,5.71,879.48
2026-09-20T15:17:09,4.11,25631,3088.00,3255.00,3116.50,3.82,95.74,5.00,879.66
2026-09-20T15:33:48,3.89,25631,3087.00,3258.00,3219.00,3.49,96.06,4.36,879.76
2026-09-20T15:50:26,3.89,25631,2339.00,3255.00,3176.00,3.41,96.34,4.05,879.76
2026-09-20T16:07:04,3.89,25631,3082.00,3412.00,3230.00,3.15,96.43,3.83,879.78
2026-09-20T16:23:42,3.89,25631,3037.00,3065.00,3053.00,3.15,96.63,3.74,879.87
2026-09-20T16:40:21,3.89,25631,3036.00,3231.00,3082.00,3.09,96.71,3.61,879.97
2026-09-20T16:56:59,3.89,25631,3069.00,3092.00,3086.00,3.06,96.78,3.67,880.03
2026-09-20T17:13:38,4.11,25631,3065.00,3089.00,3075.00,3.02,96.77,3.70,880.08
2026-09-20T17:30:16,3.89,25631,3067.00,3214.00,3083.00,3.06,96.72,3.75,880.15
2026-09-20T17:46:55,4.06,25631,3031.00,3081.00,3049.00,2.96,96.20,3.60,880.22
2026-09-20T18:03:33,3.89,25631,3034.00,3050.00,3045.00,3.20,95.68,3.60,880.34
2026-09-20T18:20:11,3.89,25631,3029.00,3076.00,3049.50,3.03,95.51,3.43,880.31
2026-09-20T18:36:50,3.89,25631,3032.00,3073.00,3058.50,2.77,96.03,3.19,880.27
2026-09-20T18:53:27,3.89,25631,3067.00,3214.00,3203.00,2.54,96.33,2.86,880.38
2026-09-20T19:10:05,3.89,25631,3046.00,3068.00,3058.50,2.40,96.54,2.63,880.54
2026-09-20T19:26:44,3.88,25631,3205.00,3223.00,3213.00,2.36,96.66,2.49,880.84
2026-09-20T19:43:21,3.89,25631,3218.00,3227.00,3223.00,2.36,96.47,2.42,880.97
2026-09-20T19:59:59,3.88,25631,3222.00,3231.00,3225.50,2.47,94.32,2.33,881.16
2026-09-20T20:16:37,3.88,25631,3214.00,3227.00,3223.50,2.78,89.11,2.27,881.28
2026-09-20T20:33:15,3.88,25631,3220.00,3228.00,3224.00,2.70,91.05,2.28,881.33
2026-09-20T20:49:53,3.88,25631,3222.00,3228.00,3225.50,2.41,93.93,2.30,881.35
2026-09-20T21:06:31,3.88,25631,3212.00,3225.00,3219.50,2.34,94.58,2.29,881.44
2026-09-20T21:23:09,3.89,25631,3053.00,3233.00,3168.00,2.19,95.87,2.27,881.50
2026-09-20T21:39:47,3.89,25631,3057.00,3230.00,3064.50,2.15,96.26,2.21,881.66
2026-09-20T21:56:25,3.88,25631,3054.00,3085.00,3069.00,2.13,96.53,2.20,881.83
2026-09-20T22:13:03,3.87,25631,3029.00,3078.00,3053.00,2.09,96.67,2.16,881.90
2026-09-20T22:29:40,3.88,25631,3049.00,3226.00,3064.50,2.05,96.70,2.10,882.00
2026-09-20T22:46:18,3.87,25631,3033.00,3073.00,3047.50,2.05,96.06,2.05,882.14
2026-09-20T23:02:56,3.88,25631,3035.00,3061.00,3046.50,2.09,96.23,2.06,882.21
2026-09-20T23:19:34,3.88,25631,3029.00,3054.00,3044.00,2.03,95.60,2.01,882.11
2026-09-20T23:36:12,3.88,25631,3022.00,3045.00,3037.50,2.02,93.92,1.81,882.24
2026-09-20T23:52:50,3.88,25631,3026.00,3058.00,3045.50,1.81,94.55,1.64,882.34
2026-09-21T00:09:28,3.88,25631,3032.00,3067.00,3050.50,1.68,94.58,1.51,882.31
2026-09-21T00:26:06,3.88,25631,3048.00,3209.00,3068.00,1.78,94.03,1.30,882.36
2026-09-21T00:42:44,3.87,25631,3035.00,3052.00,3045.00,1.72,94.87,1.50,882.49
2026-09-21T00:59:22,3.88,25631,3044.00,3067.00,3049.50,1.58,95.21,1.53,882.55
2026-09-21T01:16:00,3.87,25631,3045.00,3070.00,3054.50,1.54,95.92,1.52,882.71
2026-09-21T01:32:38,3.88,25631,3060.00,3208.00,3074.50,1.62,96.29,1.58,882.83
2026-09-21T01:49:15,3.87,25631,3042.00,3053.00,3046.00,1.60,96.55,1.63,882.83
2026-09-21T02:05:53,3.87,25631,3035.00,3052.00,3044.50,1.19,96.70,1.40,882.79
2026-09-21T02:22:31,3.87,25631,3038.00,3055.00,3046.00,1.26,96.87,1.31,882.75
2026-09-21T02:39:10,3.88,25631,3036.00,3056.00,3045.50,1.19,96.91,1.22,882.71
2026-09-21T02:55:48,3.87,25631,3036.00,3051.00,3041.50,1.06,97.04,0.96,882.78
2026-09-21T03:12:25,3.87,25631,3022.00,3045.00,3041.00,1.22,97.11,1.05,882.92
2026-09-21T03:29:03,3.87,25631,3038.00,3052.00,3045.00,1.24,97.12,1.18,882.93
2026-09-21T03:45:41,3.87,25631,3035.00,3054.00,3042.50,1.39,97.24,1.31,883.06
2026-09-21T04:02:19,3.87,25631,3043.00,3214.00,3045.00,1.22,97.20,1.34,883.05
2026-09-21T04:18:57,3.87,25631,3045.00,3063.00,3049.50,1.05,97.25,1.19,883.08
2026-09-21T04:35:35,3.87,25631,3055.00,3072.00,3062.50,0.75,97.24,0.96,883.00
2026-09-21T04:52:13,3.87,25631,3053.00,3068.00,3059.00,0.57,97.28,0.77,882.89
2026-09-21T05:08:51,3.87,25631,3056.00,3080.00,3061.50,0.65,97.41,0.71,882.95
2026-09-21T05:25:29,3.87,25631,3062.00,3072.00,3065.00,0.47,97.39,0.58,882.95
2026-09-21T05:42:07,3.87,25631,3061.00,3069.00,3066.00,0.60,97.48,0.57,883.04
2026-09-21T05:58:45,3.87,25631,3064.00,3074.00,3070.50,0.37,97.42,0.49,883.02
2026-09-21T06:15:23,3.87,25631,3035.00,3069.00,3043.00,0.10,97.42,0.29,883.04
2026-09-21T06:32:01,3.87,25631,3068.00,3079.00,3072.00,0.09,97.50,0.18,883.13
2026-09-21T06:48:39,3.87,25631,3067.00,3075.00,3069.00,0.07,97.51,0.16,883.19
2026-09-21T07:05:17,3.87,25631,3076.00,3082.00,3079.00,0.19,97.59,0.25,883.17
2026-09-21T07:21:55,3.97,25631,3082.00,3090.00,3085.00,0.43,97.63,0.65,883.27
2026-09-21T07:38:33,3.87,25631,3080.00,3090.00,3084.50,0.56,97.64,0.81,883.35
2026-09-21T07:55:12,3.87,25631,3094.00,3102.00,3098.50,0.53,97.65,0.86,883.42
2026-09-21T08:11:51,3.88,25631,3094.00,3101.00,3097.00,0.53,97.63,1.05,883.60
2026-09-21T08:28:29,3.88,25631,3091.00,3107.00,3097.00,0.57,97.65,1.05,883.66
2026-09-21T08:45:08,3.87,25631,3050.00,3112.00,3104.00,0.36,97.62,0.96,883.65
2026-09-21T09:01:46,3.87,25631,3052.00,3097.00,3065.00,0.23,97.60,0.79,883.91
2026-09-21T09:18:25,3.87,25631,3121.00,3248.00,3147.50,0.40,97.67,1.08,884.05
2026-09-21T09:35:03,4.10,25631,3118.00,3156.00,3137.50,0.36,97.66,1.31,884.12
2026-09-21T09:51:42,4.11,25631,3114.00,3128.00,3121.50,0.64,97.71,1.70,884.31
2026-09-21T10:08:21,4.11,25631,3123.00,3131.00,3126.00,1.10,97.66,2.40,884.44
2026-09-21T10:24:59,4.11,25631,3029.00,3238.00,3108.50,1.32,97.51,2.87,884.40
2026-09-21T10:41:38,4.11,25631,3155.00,3191.00,3171.00,1.26,97.21,2.46,884.61
2026-09-21T10:58:16,4.11,25631,3078.00,3088.00,3080.50,1.19,97.17,2.75,884.64
2026-09-21T11:14:55,4.11,25631,3081.00,3088.00,3082.00,1.22,96.89,2.74,884.70
2026-09-21T11:31:33,4.11,25631,3074.00,3082.00,3077.00,1.64,96.73,2.98,884.80
2026-09-21T11:48:12,4.11,25631,3067.00,3079.00,3075.50,1.99,96.42,3.49,884.92
2026-09-21T12:04:50,4.11,25631,3066.00,3075.00,3068.00,1.97,95.97,3.53,884.98
2026-09-21T12:21:29,4.11,25631,3073.00,3099.00,3081.50,2.37,95.49,4.62,885.14
2026-09-21T12:38:07,4.11,25631,3071.00,3091.00,3079.50,2.81,93.37,5.85,884.96
2026-09-21T12:54:46,4.11,25631,3072.00,3384.00,3242.00,2.53,95.35,4.55,885.00
2026-09-21T13:11:24,4.11,25631,3047.00,3081.00,3069.00,2.18,95.21,3.98,885.14
2026-09-21T13:28:03,4.11,25631,3061.00,3082.00,3073.50,2.37,95.60,3.93,885.16
2026-09-21T13:44:41,4.11,25631,3058.00,3099.00,3073.00,2.43,94.88,4.15,885.16
2026-09-21T14:01:20,4.11,25631,3082.00,3306.00,3099.50,2.67,93.97,4.49,885.17
2026-09-21T14:17:58,4.11,25631,3124.00,3300.00,3286.50,2.48,93.58,4.39,885.14
2026-09-21T14:34:37,3.88,25631,3222.00,3274.00,3238.00,2.15,94.58,3.81,885.22
2026-09-21T14:51:15,3.88,25631,3039.00,3077.00,3058.00,1.78,95.79,2.96,885.34
2026-09-21T15:07:53,3.88,25631,3039.00,3062.00,3055.00,1.40,96.00,2.34,885.31
2026-09-21T15:24:32,3.88,25631,3056.00,3077.00,3066.00,1.47,96.40,2.03,885.33
2026-09-21T15:41:10,3.89,25631,3045.00,3304.00,3136.00,1.33,96.61,1.82,885.40
2026-09-21T15:57:48,3.89,25631,3064.00,3070.00,3066.50,0.78,96.73,1.32,885.48
2026-09-21T16:14:27,3.89,25631,3048.00,3124.00,3091.50,0.43,96.88,1.00,885.68
2026-09-21T16:31:05,3.88,25631,3062.00,3089.00,3078.50,0.36,97.05,0.80,885.65
2026-09-21T16:47:44,3.89,25631,3098.00,3111.00,3104.50,0.86,97.28,1.25,885.53
2026-09-21T17:04:22,3.89,25631,3085.00,3095.00,3089.50,1.32,96.46,1.47,885.57
2026-09-21T17:21:01,3.89,25631,2994.00,3175.00,3087.50,1.41,95.92,1.71,885.57
2026-09-21T17:37:40,3.88,25631,3045.00,3097.00,3067.00,1.46,95.57,1.73,885.57
2026-09-21T17:54:18,3.88,25631,3071.00,3118.00,3096.00,1.36,95.00,1.40,885.55
2026-09-21T18:10:57,3.88,25631,3057.00,3076.00,3068.50,1.26,95.57,1.32,885.55
2026-09-21T18:27:35,3.88,25631,3070.00,3078.00,3073.00,1.13,95.60,1.11,885.49
2026-09-21T18:44:13,3.88,25631,3066.00,3072.00,3069.00,1.23,95.78,1.06,885.56
2026-09-21T19:00:51,3.87,25631,3062.00,3072.00,3070.00,1.24,96.09,0.95,885.70
2026-09-21T19:17:29,3.87,25631,3058.00,3068.00,3065.00,1.17,96.20,0.87,885.73
2026-09-21T19:34:07,3.88,25631,3062.00,3068.00,3064.00,1.29,95.99,0.99,885.81
2026-09-21T19:50:45,3.88,25631,3060.00,3069.00,3062.50,1.15,96.13,0.91,885.84
2026-09-21T20:07:23,3.88,25631,3061.00,3071.00,3066.00,1.33,95.88,1.01,885.85
2026-09-21T20:24:01,3.87,25631,3056.00,3066.00,3062.00,1.32,95.84,1.08,885.97
2026-09-21T20:40:39,3.87,25631,3053.00,3062.00,3057.00,1.03,95.93,0.79,886.05
2026-09-21T20:57:17,3.87,25631,3059.00,3066.00,3061.50,1.10,95.95,0.81,885.99
2026-09-21T21:13:55,3.87,25631,3054.00,3064.00,3058.00,0.72,95.93,0.53,885.99
2026-09-21T21:30:32,3.87,25631,3056.00,3066.00,3061.00,1.33,96.45,0.72,886.06
2026-09-21T21:47:10,3.87,25631,3055.00,3068.00,3060.00,1.26,96.22,0.91,886.02
2026-09-21T22:03:48,3.87,25631,3054.00,3063.00,3058.00,1.36,95.97,0.85,885.99
2026-09-21T22:20:26,3.87,25631,3053.00,3062.00,3060.00,1.34,95.68,0.95,885.97
2026-09-21T22:37:04,3.87,25631,3054.00,3064.00,3060.00,1.22,95.77,0.86,886.05
2026-09-21T22:53:42,3.87,25631,3051.00,3063.00,3059.00,1.23,95.83,0.82,886.17
2026-09-21T23:10:20,3.87,25631,3058.00,3064.00,3061.00,1.34,95.91,1.02,886.26
2026-09-21T23:26:58,3.87,25631,3054.00,3066.00,3064.00,1.33,95.75,1.09,886.14
2026-09-21T23:43:36,3.87,25631,3058.00,3066.00,3061.00,1.44,95.95,1.17,886.15
2026-09-22T00:00:14,3.87,25631,3047.00,3066.00,3060.50,1.37,96.18,1.17,886.18
2026-09-22T00:16:52,3.87,25631,3053.00,3063.00,3060.00,1.37,96.04,1.17,886.16
2026-09-22T00:33:30,3.87,25631,3051.00,3061.00,3056.50,1.41,96.03,1.15,886.15
2026-09-22T00:50:08,3.87,25631,3051.00,3061.00,3056.00,1.43,96.18,1.15,886.17
2026-09-22T01:06:46,3.87,25631,3055.00,3066.00,3058.00,1.51,95.97,1.25,886.21
2026-09-22T01:23:24,3.87,25631,3052.00,3065.00,3058.00,1.48,96.03,1.27,886.23
2026-09-22T01:40:02,3.87,25631,3056.00,3066.00,3061.00,1.50,96.33,1.30,886.28
2026-09-22T01:56:39,3.87,25631,3039.00,3052.00,3047.00,1.46,96.37,1.33,886.32
2026-09-22T02:13:17,3.87,25631,3043.00,3054.00,3047.00,1.34,96.02,1.28,886.25
2026-09-22T02:29:55,3.87,25631,3043.00,3058.00,3053.00,1.24,96.33,1.20,886.24
2026-09-22T02:46:33,3.87,25631,3051.00,3063.00,3057.50,1.22,96.48,1.16,886.16
2026-09-22T03:03:11,3.87,25631,3052.00,3059.00,3057.00,1.13,96.59,1.12,886.06
2026-09-22T03:19:49,3.87,25631,3048.00,3060.00,3053.00,1.19,96.63,1.09,886.03
2026-09-22T03:36:27,3.87,25631,3046.00,3061.00,3055.00,1.23,96.44,1.09,886.00
2026-09-22T03:53:05,3.87,25631,3050.00,3061.00,3056.00,1.10,96.23,1.01,885.90
2026-09-22T04:09:43,3.87,25631,3050.00,3055.00,3052.00,1.12,96.39,0.89,885.89
2026-09-22T04:26:21,3.87,25631,3049.00,3062.00,3053.50,1.19,96.15,0.83,885.79
2026-09-22T04:42:59,3.87,25631,3049.00,3057.00,3052.50,1.22,96.15,0.89,885.81
2026-09-22T04:59:37,3.87,25631,3051.00,3061.00,3056.00,1.06,96.02,0.81,885.72
2026-09-22T05:16:15,3.87,25631,3052.00,3058.00,3053.50,1.27,96.37,0.88,885.78
2026-09-22T05:32:53,3.87,25631,3048.00,3059.00,3056.00,1.50,95.12,1.06,885.88
2026-09-22T05:49:30,3.87,25631,3051.00,3060.00,3055.50,1.51,94.55,1.16,885.92
2026-09-22T06:06:08,3.87,25631,3049.00,3060.00,3053.50,1.67,93.44,1.24,885.79
2026-09-22T06:22:46,3.87,25631,3051.00,3065.00,3058.50,1.62,93.02,1.21,885.75
2026-09-22T06:39:24,3.87,25631,3049.00,3064.00,3054.50,1.91,92.40,1.39,885.75
2026-09-22T06:56:02,3.87,25631,3040.00,3059.00,3051.50,1.77,92.61,1.46,885.77
2026-09-22T07:12:40,3.87,25631,3048.00,3056.00,3054.00,1.72,94.20,1.53,885.84
2026-09-22T07:29:18,3.87,25631,3039.00,3051.00,3042.50,1.71,93.85,1.59,885.90
2026-09-22T07:45:57,3.88,25631,3048.00,3055.00,3051.00,1.78,93.88,1.78,885.92
2026-09-22T08:02:35,4.11,25631,3049.00,3071.00,3057.50,2.01,93.34,2.22,885.95
2026-09-22T08:19:14,4.11,25631,3058.00,3066.00,3063.00,2.16,94.16,2.55,885.92
2026-09-22T08:35:52,4.11,25631,3059.00,3070.00,3065.00,2.64,92.36,3.00,885.88
2026-09-22T08:52:31,4.11,25631,3082.00,3096.00,3089.50,4.08,89.86,7.48,885.75
2026-09-22T09:09:09,4.11,25631,3072.00,3082.00,3076.00,3.97,92.15,7.11,885.89
2026-09-22T09:25:48,4.11,25631,3062.00,3100.00,3079.00,3.85,91.88,6.35,885.94
2026-09-22T09:42:26,4.12,25631,3086.00,3113.00,3100.00,4.15,86.30,6.57,885.87
2026-09-22T09:59:05,4.11,25631,3099.00,3312.00,3134.50,6.02,83.54,9.21,885.86
2026-09-22T10:15:43,4.11,25631,3246.00,3259.00,3249.50,5.70,84.89,9.11,885.69
2026-09-22T10:32:21,4.12,25631,3225.00,3251.00,3244.50,5.67,88.23,8.95,885.62
2026-09-22T10:49:00,4.11,25631,3212.00,3327.00,3230.00,5.08,88.35,8.36,885.56
2026-09-22T11:05:38,4.11,25631,3204.00,3330.00,3292.50,5.33,86.40,8.50,885.51
2026-09-22T11:22:16,4.11,25631,3201.00,3226.00,3220.00,5.20,88.39,8.31,885.49
2026-09-22T11:38:55,4.12,25631,3205.00,3261.00,3242.50,5.51,86.07,8.73,885.42
2026-09-22T11:55:33,4.12,25631,3187.00,3336.00,3236.50,6.88,78.95,11.27,885.39
2026-09-22T12:12:11,4.12,25631,3111.00,3263.00,3227.00,5.35,80.57,9.61,885.13
2026-09-22T12:28:50,4.11,25631,3135.00,3273.00,3257.50,7.01,81.49,11.69,885.18
2026-09-22T12:45:28,4.12,25631,3218.00,3309.00,3269.50,7.38,76.54,13.24,884.98
2026-09-22T13:02:06,4.12,25631,3116.00,3146.00,3136.00,6.60,80.36,12.12,884.87
2026-09-22T13:18:44,4.12,25631,3114.00,3131.00,3125.00,5.91,80.03,10.32,884.73
2026-09-22T13:35:23,4.12,25631,3123.00,3134.00,3128.00,6.53,76.77,10.12,884.58
2026-09-22T13:52:01,4.12,25631,3124.00,3146.00,3136.00,6.46,79.98,9.96,884.30
2026-09-22T14:08:39,4.12,25631,3120.00,3286.00,3137.50,8.16,79.94,11.77,884.25
2026-09-22T14:25:18,4.12,25631,3075.00,3268.00,3130.00,9.47,71.76,12.48,884.32
2026-09-22T14:41:56,4.12,25631,3106.00,3142.00,3131.00,11.11,62.62,15.13,884.11
2026-09-22T14:58:34,4.12,25631,3108.00,3133.00,3125.50,7.18,72.44,12.44,883.60
2026-09-22T15:15:12,4.12,25631,3108.00,3128.00,3121.00,9.50,72.37,13.13,883.68
2026-09-22T15:31:50,4.12,25631,3118.00,3129.00,3124.00,7.39,82.92,12.41,883.44
2026-09-22T15:48:28,4.12,25631,3118.00,3135.00,3127.00,6.80,77.73,10.60,883.39
2026-09-22T16:05:07,4.12,25631,3116.00,3132.00,3119.50,6.67,78.26,9.58,883.32
2026-09-22T16:21:45,4.00,25631,3118.00,3129.00,3122.50,8.54,74.34,10.01,883.27
2026-09-22T16:38:23,4.12,25631,3113.00,3133.00,3121.50,8.73,64.56,10.05,883.09
2026-09-22T16:55:02,3.88,25631,3115.00,3129.00,3124.00,6.74,75.96,8.70,882.88
2026-09-22T17:11:40,3.90,25631,3105.00,3123.00,3114.00,6.43,72.68,7.88,882.85
2026-09-22T17:28:18,4.12,25631,3099.00,3124.00,3112.50,7.20,73.19,8.08,882.80
2026-09-22T17:44:56,3.90,25631,3117.00,3137.00,3128.50,7.36,72.00,8.89,882.53
2026-09-22T18:01:35,3.90,25631,3103.00,3136.00,3122.50,7.55,73.55,8.32,882.54
2026-09-22T18:18:13,3.88,25631,3119.00,3132.00,3124.50,7.18,70.11,7.67,882.30
2026-09-22T18:34:51,3.89,25631,3110.00,3122.00,3115.00,5.09,76.59,5.92,882.28
2026-09-22T18:51:29,3.88,25631,3101.00,3114.00,3106.50,4.53,79.23,4.95,882.29
2026-09-22T19:08:07,3.87,25631,3100.00,3114.00,3107.00,4.42,79.96,4.52,882.24
2026-09-22T19:24:45,3.88,25631,3090.00,3108.00,3101.50,4.53,80.08,4.37,882.09
2026-09-22T19:41:23,3.87,25631,3086.00,3102.00,3096.00,4.40,80.42,4.20,882.04
2026-09-22T19:58:00,3.88,25631,3087.00,3106.00,3096.00,4.43,79.55,4.16,882.04
2026-09-22T20:14:38,3.88,25631,3094.00,3111.00,3104.00,4.50,79.59,4.11,881.96
2026-09-22T20:31:16,3.88,25631,3089.00,3112.00,3100.00,4.30,80.80,3.87,881.90
2026-09-22T20:47:54,3.88,25631,3094.00,3104.00,3098.00,4.28,80.42,3.79,881.85
2026-09-22T21:04:31,3.88,25631,3092.00,3103.00,3098.00,4.23,80.47,3.73,881.76
2026-09-22T21:21:10,3.87,25631,3093.00,3108.00,3103.00,4.03,81.55,3.59,881.71
2026-09-22T21:37:47,3.87,25631,3091.00,3107.00,3098.50,3.91,82.14,3.37,881.52
2026-09-22T21:54:25,3.87,25631,3093.00,3103.00,3097.00,3.61,83.33,3.06,881.48
2026-09-22T22:11:03,3.87,25631,3091.00,3104.00,3095.50,3.79,82.01,3.07,881.44
2026-09-22T22:27:41,3.87,25631,3090.00,3108.00,3102.00,3.64,82.94,3.05,881.32
2026-09-22T22:44:19,3.87,25631,3092.00,3102.00,3098.00,3.94,81.27,3.21,881.20
2026-09-22T23:00:57,3.87,25631,3086.00,3103.00,3096.50,4.10,80.54,3.36,881.15
2026-09-22T23:17:35,3.87,25631,3085.00,3107.00,3099.50,4.10,80.80,3.37,880.92
2026-09-22T23:34:12,3.87,25631,3096.00,3117.00,3105.50,3.68,82.29,3.09,880.83
2026-09-22T23:50:50,3.87,25631,3092.00,3108.00,3100.50,3.57,82.71,2.96,880.73
2026-09-23T00:07:28,3.87,25631,3092.00,3106.00,3096.00,3.44,83.33,2.81,880.72
2026-09-23T00:24:06,3.87,25631,3095.00,3111.00,3105.50,3.63,82.65,2.86,880.60
2026-09-23T00:40:44,3.87,25631,3097.00,3106.00,3101.50,3.74,81.53,2.88,880.53
2026-09-23T00:57:22,3.87,25631,3085.00,3114.00,3098.00,3.53,82.15,2.87,880.51
2026-09-23T01:14:00,3.87,25631,3094.00,3103.00,3097.00,3.56,82.46,2.78,880.37
2026-09-23T01:30:37,3.87,25631,3088.00,3110.00,3097.50,3.61,82.06,2.81,880.32
2026-09-23T01:47:15,3.87,25631,3090.00,3103.00,3095.00,3.39,82.89,2.74,880.28
2026-09-23T02:03:53,3.87,25631,3095.00,3104.00,3099.00,3.23,83.07,2.54,880.29
2026-09-23T02:20:31,3.87,25631,3092.00,3103.00,3100.00,3.40,81.84,2.53,880.14
2026-09-23T02:37:09,3.85,25631,3089.00,3107.00,3097.50,3.24,82.23,2.45,879.98
2026-09-23T02:53:47,3.87,25631,3097.00,3106.00,3100.50,2.87,83.21,2.20,879.89
2026-09-23T03:10:25,3.87,25631,3095.00,3113.00,3101.00,3.49,80.78,2.14,879.81
2026-09-23T03:27:03,3.87,25631,3094.00,3108.00,3098.50,3.01,82.39,2.11,879.62
2026-09-23T03:43:40,3.87,25631,3092.00,3104.00,3099.00,2.71,83.71,1.89,879.61
2026-09-23T04:00:18,3.87,25631,3093.00,3102.00,3098.50,2.89,82.75,1.95,879.52
2026-09-23T04:16:56,3.87,25631,3091.00,3106.00,3097.50,2.91,82.64,1.88,879.53
2026-09-23T04:33:34,3.87,25631,3090.00,3105.00,3098.50,2.78,82.88,1.80,879.50
2026-09-23T04:50:12,3.87,25631,3090.00,3104.00,3096.00,3.02,82.01,1.95,879.61
2026-09-23T05:06:50,3.87,25631,3094.00,3104.00,3097.00,3.01,81.85,1.95,879.62
2026-09-23T05:23:28,3.87,25631,3089.00,3103.00,3096.50,3.08,81.02,1.86,879.60
2026-09-23T05:40:06,3.87,25631,3097.00,3107.00,3101.50,3.01,80.51,1.83,879.63
2026-09-23T05:56:43,3.87,25631,3093.00,3104.00,3098.00,3.11,80.45,2.06,879.55
2026-09-23T06:13:21,3.87,25631,3093.00,3108.00,3101.00,3.01,81.07,2.11,879.44
2026-09-23T06:29:59,3.87,25631,3100.00,3107.00,3101.50,2.82,81.09,1.82,879.44
2026-09-23T06:46:37,3.87,25631,3098.00,3113.00,3104.00,2.60,81.66,1.68,879.42
2026-09-23T07:03:15,3.87,25631,3089.00,3107.00,3097.00,2.70,81.44,1.67,879.42
2026-09-23T07:19:54,3.99,25631,3093.00,3101.00,3099.00,2.70,80.96,1.72,879.48
2026-09-23T07:36:33,4.11,25631,3089.00,3106.00,3100.50,3.08,79.22,2.12,879.45
2026-09-23T07:53:11,4.11,25631,3101.00,3112.00,3106.00,3.24,79.04,2.56,879.52
2026-09-23T08:09:50,4.11,25631,3104.00,3113.00,3108.00,4.40,74.64,5.15,879.70
2026-09-23T08:26:28,4.12,25631,3121.00,3125.00,3123.00,5.05,72.61,7.41,879.57
2026-09-23T08:43:07,4.11,25631,3135.00,3148.00,3145.50,5.97,68.02,10.52,879.66
2026-09-23T08:59:45,4.12,25631,3138.00,3155.00,3144.00,6.09,68.89,12.56,879.53
2026-09-23T09:16:23,4.12,25631,3130.00,3152.00,3142.00,6.40,67.92,14.36,879.45
2026-09-23T09:33:01,4.12,25631,3120.00,3151.00,3139.50,6.81,65.61,14.73,879.51
2026-09-23T09:49:40,4.12,25631,3136.00,3230.00,3148.50,7.29,65.45,14.84,879.52
2026-09-23T10:06:18,4.12,25631,3119.00,3280.00,3200.50,7.23,65.13,15.17,879.27
2026-09-23T10:22:56,4.12,25631,3110.00,3274.00,3267.50,7.16,64.90,15.22,879.36
2026-09-23T10:39:34,4.12,25631,3107.00,3275.00,3176.50,7.32,65.82,14.41,879.30
2026-09-23T10:56:13,4.12,25631,3124.00,3291.00,3254.50,7.33,67.88,13.06,879.49
2026-09-23T11:12:51,4.12,25631,3134.00,3303.00,3276.00,7.91,77.89,12.85,879.56
2026-09-23T11:29:29,4.12,25631,3158.00,3288.00,3277.00,8.29,76.40,13.57,879.62
2026-09-23T11:46:07,4.12,25631,3119.00,3291.00,3271.00,8.56,73.57,13.94,879.67
2026-09-23T12:02:45,4.12,25631,3085.00,3308.00,3271.00,8.90,69.69,14.31,879.79
2026-09-23T12:19:23,4.12,25631,3071.00,3300.00,3152.50,9.39,68.75,15.07,879.88
2026-09-23T12:36:02,4.12,25631,3127.00,3298.00,3254.00,9.69,71.40,15.36,879.96
2026-09-23T12:52:40,4.12,25631,3137.00,3300.00,3268.50,11.46,61.95,16.12,879.81
2026-09-23T13:09:18,4.12,25631,3241.00,3265.00,3257.00,11.54,63.40,15.83,879.62
2026-09-23T13:25:56,4.12,25631,3119.00,3288.00,3228.50,11.72,61.81,16.22,879.87
2026-09-23T13:42:34,4.12,25631,3236.00,3285.00,3263.00,11.20,65.11,16.06,880.02
2026-09-23T13:59:12,4.12,25631,3230.00,3237.00,3233.00,7.53,73.47,12.64,880.00
2026-09-23T14:15:50,4.12,25631,3217.00,3227.00,3221.50,7.18,77.06,11.14,880.09
2026-09-23T14:32:29,4.11,25631,3216.00,3226.00,3221.00,7.45,73.81,10.01,880.30
2026-09-23T14:49:07,4.12,25631,3211.00,3225.00,3216.00,7.46,77.62,10.58,880.41
2026-09-23T15:05:45,4.00,25631,3212.00,3224.00,3218.00,7.90,73.52,10.56,880.37
2026-09-23T15:22:23,4.00,25631,3208.00,3221.00,3213.00,7.05,75.45,9.35,880.56
2026-09-23T15:39:02,3.87,25631,3207.00,3217.00,3214.00,5.78,78.23,8.10,880.74
2026-09-23T15:55:40,3.87,25631,3208.00,3228.00,3215.50,4.64,75.41,6.74,880.97
2026-09-23T16:12:18,3.90,25631,3207.00,3212.00,3210.00,4.99,75.61,6.24,881.07
2026-09-23T16:28:57,4.00,25631,3205.00,3209.00,3208.00,6.06,75.93,6.58,881.15
2026-09-23T16:45:35,3.89,25631,3208.00,3215.00,3213.00,5.58,73.20,6.11,881.15
2026-09-23T17:02:13,3.88,25631,3204.00,3211.00,3209.50,5.07,76.79,5.72,881.33
2026-09-23T17:18:52,3.89,25631,3207.00,3216.00,3209.00,4.82,75.75,5.19,881.43
2026-09-23T17:35:30,3.89,25631,3204.00,3210.00,3207.50,4.26,77.79,4.44,881.60
2026-09-23T17:52:08,3.89,25631,3198.00,3210.00,3204.00,4.26,78.03,4.11,881.67
2026-09-23T18:08:46,3.95,25631,3171.00,3196.00,3187.50,4.25,80.64,3.93,881.79
2026-09-23T18:25:24,3.88,25631,3168.00,3212.00,3194.50,3.77,84.64,3.64,881.89
2026-09-23T18:42:02,3.89,25631,3169.00,3221.00,3188.50,4.10,85.64,3.47,882.03
2026-09-23T18:58:40,3.88,25631,3087.00,3264.00,3249.00,4.19,87.19,3.43,882.19
2026-09-23T19:15:18,3.88,25631,3254.00,3262.00,3256.00,4.05,88.05,3.46,882.31
2026-09-23T19:31:56,3.89,25631,3235.00,3262.00,3250.50,4.13,88.28,3.54,882.51
2026-09-23T19:48:34,3.88,25631,3208.00,3234.00,3224.50,4.02,88.74,3.49,882.69
2026-09-23T20:05:11,3.87,25631,3216.00,3249.00,3239.50,3.84,89.76,3.46,882.79
2026-09-23T20:21:49,3.88,25631,3195.00,3212.00,3202.50,3.50,90.73,3.09,882.94
2026-09-23T20:38:27,3.88,25631,3169.00,3189.00,3182.00,3.32,91.36,2.76,883.03
2026-09-23T20:55:05,3.88,25631,3176.00,3193.00,3188.00,3.15,92.12,2.48,883.12
2026-09-23T21:11:43,3.87,25631,3174.00,3191.00,3179.50,3.06,92.55,2.36,883.23
2026-09-23T21:28:21,3.88,25631,3169.00,3184.00,3178.50,3.39,91.49,2.52,883.31
2026-09-23T21:44:59,3.87,25631,3167.00,3182.00,3177.50,3.23,91.91,2.51,883.45
2026-09-23T22:01:37,3.87,25631,3180.00,3188.00,3183.00,2.96,92.31,2.38,883.50
2026-09-23T22:18:14,3.87,25631,3061.00,3178.00,3097.00,2.84,93.67,2.16,883.60
2026-09-23T22:34:52,3.88,25631,3090.00,3183.00,3176.50,3.13,93.32,2.18,883.70
2026-09-23T22:51:30,3.87,25631,3057.00,3190.00,3104.50,3.13,92.65,2.26,883.75
2026-09-23T23:08:08,3.87,25631,3095.00,3308.00,3182.00,2.99,93.29,2.25,883.86
2026-09-23T23:24:46,3.88,25631,3070.00,3299.00,3103.00,2.94,94.16,2.26,884.02
2026-09-23T23:41:24,3.87,25631,3092.00,3278.00,3254.50,2.57,94.45,2.21,884.05
2026-09-23T23:58:02,3.87,25631,3096.00,3218.00,3103.50,2.30,94.86,1.87,884.17
2026-09-24T00:14:40,3.87,25631,3058.00,3113.00,3094.50,2.80,94.80,2.09,884.23
2026-09-24T00:31:18,3.87,25631,3088.00,3105.00,3095.00,2.65,93.29,2.02,884.27
2026-09-24T00:47:56,3.87,25631,3091.00,3200.00,3167.00,2.54,94.22,1.84,884.44
2026-09-24T01:04:33,3.87,25631,3087.00,3191.00,3143.00,2.18,95.06,1.83,884.38
2026-09-24T01:21:11,3.87,25631,3078.00,3176.00,3102.50,2.06,95.41,1.72,884.40
2026-09-24T01:37:49,3.87,25631,3087.00,3181.00,3102.00,2.18,95.42,1.59,884.41
2026-09-24T01:54:27,3.87,25631,3087.00,3173.00,3108.00,2.37,95.28,1.73,884.63
2026-09-24T02:11:05,3.87,25631,3016.00,3171.00,3101.00,1.95,95.27,1.53,884.63
2026-09-24T02:27:43,3.87,25631,3009.00,3170.00,3105.00,2.13,95.57,1.45,884.87
2026-09-24T02:44:21,3.87,25631,3097.00,3113.00,3103.50,2.36,95.60,1.89,884.96
2026-09-24T03:00:59,3.87,25631,3085.00,3114.00,3101.00,2.19,95.45,1.92,884.97
2026-09-24T03:17:37,3.87,25631,3058.00,3177.00,3102.50,1.82,95.12,1.52,884.94
2026-09-24T03:34:15,3.87,25631,3088.00,3205.00,3104.50,1.81,95.62,1.38,885.10
2026-09-24T03:50:53,3.87,25631,3094.00,3108.00,3099.50,1.99,95.87,1.38,885.10
2026-09-24T04:07:30,3.87,25631,3094.00,3236.00,3164.50,1.88,95.81,1.35,885.27
2026-09-24T04:24:08,3.87,25631,3104.00,3230.00,3106.50,1.94,96.09,1.65,885.22
2026-09-24T04:40:46,3.87,25631,3091.00,3261.00,3112.00,1.77,96.09,1.51,885.36
2026-09-24T04:57:24,3.87,25631,3104.00,3259.00,3247.00,2.03,96.06,1.65,885.42
2026-09-24T05:14:02,3.87,25631,3098.00,3257.00,3234.50,1.86,95.99,1.66,885.48
2026-09-24T05:30:40,3.87,25631,3094.00,3258.00,3253.50,1.75,96.17,1.60,885.70
2026-09-24T05:47:18,3.87,25631,3097.00,3250.00,3150.00,1.79,96.30,1.66,885.84
2026-09-24T06:03:56,3.87,25631,3102.00,3192.00,3182.00,1.72,96.31,1.47,885.70
2026-09-24T06:20:33,3.87,25631,3019.00,3185.00,3174.00,1.46,95.75,1.21,885.86
2026-09-24T06:37:12,3.87,25631,3019.00,3168.00,3150.50,1.46,95.95,1.00,886.02
2026-09-24T06:53:50,3.87,25631,3133.00,3185.00,3175.00,1.47,95.69,1.03,885.96
2026-09-24T07:10:28,4.11,25631,3096.00,3185.00,3180.00,1.81,94.81,1.45,886.00
2026-09-24T07:27:07,4.11,25631,3117.00,3166.00,3130.00,2.02,94.20,2.00,886.10
2026-09-24T07:43:45,4.11,25631,3092.00,3143.00,3123.50,2.12,93.29,2.26,886.09
2026-09-24T08:00:24,4.11,25631,3097.00,3121.00,3113.00,2.43,91.94,2.70,886.21
2026-09-24T08:17:02,3.88,25631,3101.00,3246.00,3118.00,2.68,90.00,2.84,886.32
2026-09-24T08:33:40,3.99,25631,3095.00,3108.00,3099.00,2.87,88.38,3.15,886.47
2026-09-24T08:50:19,4.11,25631,3098.00,3113.00,3105.00,2.88,90.23,3.62,886.58
2026-09-24T09:06:57,4.11,25631,3096.00,3126.00,3113.50,3.03,86.48,4.60,886.52
2026-09-24T09:23:36,4.11,25631,3102.00,3121.00,3114.50,2.92,85.37,4.41,886.69
2026-09-24T09:40:14,4.11,25631,3104.00,3120.00,3111.50,3.89,78.38,5.79,886.64
2026-09-24T09:56:53,4.11,25631,3115.00,3129.00,3121.00,5.07,78.52,8.38,886.90
2026-09-24T10:13:31,4.11,25631,3143.00,3205.00,3173.00,5.13,77.63,9.39,886.59
